ticker,current_price,decision,target_price,stop_loss,scores
RELIANCE.NS,1275.9000244140625,InvestmentDecision.AVOID,0,0,"{'fundamental_score': 4.7, 'technical_score': 0, 'confidence': 0}"
HDFCBANK.NS,810.2999877929688,InvestmentDecision.AVOID,0,0,"{'fundamental_score': 2.7, 'technical_score': 0, 'confidence': 0}"
BHARTIARTL.NS,1888.0999755859375,InvestmentDecision.AVOID,0,0,"{'fundamental_score': 3.1, 'technical_score': 0, 'confidence': 0}"
TCS.NS,2057.5,InvestmentDecision.AVOID,0,0,"{'fundamental_score': 7.7, 'technical_score': 0, 'confidence': 0}"
ICICIBANK.NS,1380.5999755859375,InvestmentDecision.AVOID,0,0,"{'fundamental_score': 3.1, 'technical_score': 0, 'confidence': 0}"
INFY.NS,1069.300048828125,InvestmentDecision.AVOID,0,0,"{'fundamental_score': 6.0, 'technical_score': 0, 'confidence': 0}"
BAJFINANCE.NS,1010.4000244140625,InvestmentDecision.AVOID,0,0,"{'fundamental_score': 5.9, 'technical_score': 0, 'confidence': 0}"
HINDUNILVR.NS,2135.800048828125,InvestmentDecision.AVOID,0,0,"{'fundamental_score': 3.5, 'technical_score': 0, 'confidence': 0}"
LICI.NS,427.8999938964844,InvestmentDecision.AVOID,0,0,"{'fundamental_score': 6.3, 'technical_score': 0, 'confidence': 0}"
LT.NS,3892.10009765625,InvestmentDecision.AVOID,0,0,"{'fundamental_score': 4.6, 'technical_score': 0, 'confidence': 0}"
ITC.NS,280.6499938964844,InvestmentDecision.AVOID,0,0,"{'fundamental_score': 7.8, 'technical_score': 0, 'confidence': 0}"
MARUTI.NS,13951.0,InvestmentDecision.AVOID,0,0,"{'fundamental_score': 5.5, 'technical_score': 0, 'confidence': 0}"
M&M.NS,3102.5,InvestmentDecision.AVOID,0,0,"{'fundamental_score': 5.4, 'technical_score': 0, 'confidence': 0}"
HCLTECH.NS,1145.5999755859375,InvestmentDecision.AVOID,0,0,"{'fundamental_score': 5.5, 'technical_score': 0, 'confidence': 0}"
KOTAKBANK.NS,370.1000061035156,InvestmentDecision.AVOID,0,0,"{'fundamental_score': 4.7, 'technical_score': 0, 'confidence': 0}"
SUNPHARMA.NS,1888.199951171875,InvestmentDecision.AVOID,0,0,"{'fundamental_score': 6.7, 'technical_score': 0, 'confidence': 0}"
AXISBANK.NS,1309.5,InvestmentDecision.AVOID,0,0,"{'fundamental_score': 2.7, 'technical_score': 0, 'confidence': 0}"
ULTRACEMCO.NS,11353.0,InvestmentDecision.AVOID,0,0,"{'fundamental_score': 5.5, 'technical_score': 0, 'confidence': 0}"
BAJAJFINSV.NS,1854.9000244140625,InvestmentDecision.AVOID,0,0,"{'fundamental_score': 5.2, 'technical_score': 0, 'confidence': 0}"
TITAN.NS,4571.39990234375,InvestmentDecision.AVOID,0,0,"{'fundamental_score': 4.5, 'technical_score': 0, 'confidence': 0}"
HAL.NS,4364.7001953125,InvestmentDecision.AVOID,0,0,"{'fundamental_score': 8.7, 'technical_score': 0, 'confidence': 0}"
ADANIPORTS.NS,1791.699951171875,InvestmentDecision.AVOID,0,0,"{'fundamental_score': 5.55, 'technical_score': 0, 'confidence': 0}"
ETERNAL.NS,286.70001220703125,InvestmentDecision.AVOID,0,0,"{'fundamental_score': 5.5, 'technical_score': 0, 'confidence': 0}"
BEL.NS,407.6000061035156,InvestmentDecision.AVOID,0,0,"{'fundamental_score': 8.7, 'technical_score': 0, 'confidence': 0}"
ADANIENT.NS,3046.89990234375,InvestmentDecision.AVOID,0,0,"{'fundamental_score': 5.6, 'technical_score': 0, 'confidence': 0}"
DMART.NS,4038.60009765625,InvestmentDecision.AVOID,0,0,"{'fundamental_score': 5.500000000000001, 'technical_score': 0, 'confidence': 0}"
JSWSTEEL.NS,1219.5,InvestmentDecision.AVOID,0,0,"{'fundamental_score': 5.199999999999999, 'technical_score': 0, 'confidence': 0}"
ADANIPOWER.NS,216.47999572753906,InvestmentDecision.AVOID,0,0,"{'fundamental_score': 8.25, 'technical_score': 0, 'confidence': 0}"
WIPRO.NS,172.72000122070312,InvestmentDecision.AVOID,0,0,"{'fundamental_score': 3.5, 'technical_score': 0, 'confidence': 0}"
ASIANPAINT.NS,2665.89990234375,InvestmentDecision.AVOID,0,0,"{'fundamental_score': 5.5, 'technical_score': 0, 'confidence': 0}"
BAJAJ-AUTO.NS,10164.0,InvestmentDecision.AVOID,0,0,"{'fundamental_score': 7.050000000000001, 'technical_score': 0, 'confidence': 0}"
NESTLEIND.NS,1450.5,InvestmentDecision.AVOID,0,0,"{'fundamental_score': 6.7, 'technical_score': 0, 'confidence': 0}"
INDIGO.NS,5124.0,InvestmentDecision.AVOID,0,0,"{'fundamental_score': 6.0, 'technical_score': 0, 'confidence': 0}"
TATASTEEL.NS,188.1999969482422,InvestmentDecision.AVOID,0,0,"{'fundamental_score': 5.05, 'technical_score': 0, 'confidence': 0}"
TMPV.NS,332.04998779296875,InvestmentDecision.AVOID,0,0,"{'fundamental_score': 5.3500000000000005, 'technical_score': 0, 'confidence': 0}"
HINDZINC.NS,530.2999877929688,InvestmentDecision.AVOID,0,0,"{'fundamental_score': 8.7, 'technical_score': 0, 'confidence': 0}"
JIOFIN.NS,229.99000549316406,InvestmentDecision.AVOID,0,0,"{'fundamental_score': 5.800000000000001, 'technical_score': 0, 'confidence': 0}"
HYUNDAI.NS,1916.9000244140625,InvestmentDecision.AVOID,0,0,"{'fundamental_score': 6.3, 'technical_score': 0, 'confidence': 0}"
GRASIM.NS,3134.800048828125,InvestmentDecision.AVOID,0,0,"{'fundamental_score': 0.6, 'technical_score': 0, 'confidence': 0}"
SBILIFE.NS,1789.0,InvestmentDecision.AVOID,0,0,"{'fundamental_score': 5.500000000000001, 'technical_score': 0, 'confidence': 0}"
VEDL.NS,272.29998779296875,InvestmentDecision.AVOID,0,0,"{'fundamental_score': 4.0, 'technical_score': 0, 'confidence': 0}"
DLF.NS,634.0,InvestmentDecision.AVOID,0,0,"{'fundamental_score': 7.2, 'technical_score': 0, 'confidence': 0}"
EICHERMOT.NS,7418.5,InvestmentDecision.AVOID,0,0,"{'fundamental_score': 4.0, 'technical_score': 0, 'confidence': 0}"
TRENT.NS,2924.0,InvestmentDecision.AVOID,0,0,"{'fundamental_score': 6.3, 'technical_score': 0, 'confidence': 0}"
HINDALCO.NS,971.6500244140625,InvestmentDecision.AVOID,0,0,"{'fundamental_score': 5.25, 'technical_score': 0, 'confidence': 0}"
DIVISLAB.NS,6755.0,InvestmentDecision.AVOID,0,0,"{'fundamental_score': 3.5, 'technical_score': 0, 'confidence': 0}"
HDFCLIFE.NS,555.7000122070312,InvestmentDecision.AVOID,0,0,"{'fundamental_score': 5.1000000000000005, 'technical_score': 0, 'confidence': 0}"
IRFC.NS,87.5,InvestmentDecision.AVOID,0,0,"{'fundamental_score': 5.5, 'technical_score': 0, 'confidence': 0}"
ADANIGREEN.NS,1504.5999755859375,InvestmentDecision.AVOID,0,0,"{'fundamental_score': 4.1, 'technical_score': 0, 'confidence': 0}"
VBL.NS,474.54998779296875,InvestmentDecision.AVOID,0,0,"{'fundamental_score': 6.800000000000001, 'technical_score': 0, 'confidence': 0}"
TVSMOTOR.NS,3639.699951171875,InvestmentDecision.AVOID,0,0,"{'fundamental_score': 4.800000000000001, 'technical_score': 0, 'confidence': 0}"
PIDILITIND.NS,1570.4000244140625,InvestmentDecision.AVOID,0,0,"{'fundamental_score': 8.4, 'technical_score': 0, 'confidence': 0}"
TECHM.NS,1428.800048828125,InvestmentDecision.AVOID,0,0,"{'fundamental_score': 6.1, 'technical_score': 0, 'confidence': 0}"
BAJAJHLDNG.NS,10336.0,InvestmentDecision.AVOID,0,0,"{'fundamental_score': 7.000000000000001, 'technical_score': 0, 'confidence': 0}"
BRITANNIA.NS,5315.5,InvestmentDecision.AVOID,0,0,"{'fundamental_score': 7.199999999999999, 'technical_score': 0, 'confidence': 0}"
AMBUJACEM.NS,421.1000061035156,InvestmentDecision.AVOID,0,0,"{'fundamental_score': 4.7, 'technical_score': 0, 'confidence': 0}"
CHOLAFIN.NS,1769.4000244140625,InvestmentDecision.AVOID,0,0,"{'fundamental_score': 6.300000000000001, 'technical_score': 0, 'confidence': 0}"
SHRIRAMFIN.NS,1014.4000244140625,InvestmentDecision.AVOID,0,0,"{'fundamental_score': 5.9, 'technical_score': 0, 'confidence': 0}"
PNB.NS,100.94999694824219,InvestmentDecision.AVOID,0,0,"{'fundamental_score': 7.000000000000001, 'technical_score': 0, 'confidence': 0}"
PFC.NS,403.6000061035156,InvestmentDecision.AVOID,0,0,"{'fundamental_score': 6.300000000000001, 'technical_score': 0, 'confidence': 0}"
SOLARINDS.NS,17971.0,InvestmentDecision.AVOID,0,0,"{'fundamental_score': 8.4, 'technical_score': 0, 'confidence': 0}"
MUTHOOTFIN.NS,3083.300048828125,InvestmentDecision.AVOID,0,0,"{'fundamental_score': 6.300000000000001, 'technical_score': 0, 'confidence': 0}"
TATAPOWER.NS,372.1000061035156,InvestmentDecision.AVOID,0,0,"{'fundamental_score': 4.2, 'technical_score': 0, 'confidence': 0}"
CIPLA.NS,1431.800048828125,InvestmentDecision.AVOID,0,0,"{'fundamental_score': 6.1, 'technical_score': 0, 'confidence': 0}"
TORNTPHARM.NS,4866.39990234375,InvestmentDecision.AVOID,0,0,"{'fundamental_score': 7.45, 'technical_score': 0, 'confidence': 0}"
GODREJCP.NS,1075.199951171875,InvestmentDecision.AVOID,0,0,"{'fundamental_score': 6.800000000000001, 'technical_score': 0, 'confidence': 0}"
LODHA.NS,1115.0999755859375,InvestmentDecision.AVOID,0,0,"{'fundamental_score': 8.2, 'technical_score': 0, 'confidence': 0}"
HDFCAMC.NS,2659.199951171875,InvestmentDecision.AVOID,0,0,"{'fundamental_score': 7.8, 'technical_score': 0, 'confidence': 0}"
GAIL.NS,169.24000549316406,InvestmentDecision.AVOID,0,0,"{'fundamental_score': 4.7, 'technical_score': 0, 'confidence': 0}"
CANBK.NS,121.1500015258789,InvestmentDecision.AVOID,0,0,"{'fundamental_score': 7.4, 'technical_score': 0, 'confidence': 0}"
MAXHEALTH.NS,1084.800048828125,InvestmentDecision.AVOID,0,0,"{'fundamental_score': 7.4, 'technical_score': 0, 'confidence': 0}"
ENRIN.NS,3358.699951171875,InvestmentDecision.AVOID,0,0,"{'fundamental_score': 7.6, 'technical_score': 0, 'confidence': 0}"
SIEMENS.NS,3446.10009765625,InvestmentDecision.AVOID,0,0,"{'fundamental_score': 6.7, 'technical_score': 0, 'confidence': 0}"
MAZDOCK.NS,2450.699951171875,InvestmentDecision.AVOID,0,0,"{'fundamental_score': 8.7, 'technical_score': 0, 'confidence': 0}"
BOSCHLTD.NS,41610.0,InvestmentDecision.AVOID,0,0,"{'fundamental_score': 7.199999999999999, 'technical_score': 0, 'confidence': 0}"
ABB.NS,6771.5,InvestmentDecision.AVOID,0,0,"{'fundamental_score': 8.2, 'technical_score': 0, 'confidence': 0}"
MOTHERSON.NS,140.64999389648438,InvestmentDecision.AVOID,0,0,"{'fundamental_score': 5.1000000000000005, 'technical_score': 0, 'confidence': 0}"
CUMMINSIND.NS,5498.5,InvestmentDecision.AVOID,0,0,"{'fundamental_score': 8.7, 'technical_score': 0, 'confidence': 0}"
TATACONSUM.NS,1089.800048828125,InvestmentDecision.AVOID,0,0,"{'fundamental_score': 4.7, 'technical_score': 0, 'confidence': 0}"
POLYCAB.NS,9234.0,InvestmentDecision.AVOID,0,0,"{'fundamental_score': 7.2, 'technical_score': 0, 'confidence': 0}"
CGPOWER.NS,908.0999755859375,InvestmentDecision.AVOID,0,0,"{'fundamental_score': 5.5, 'technical_score': 0, 'confidence': 0}"
UNIONBANK.NS,154.38999938964844,InvestmentDecision.AVOID,0,0,"{'fundamental_score': 7.4, 'technical_score': 0, 'confidence': 0}"
ADANIENSOL.NS,1655.5,InvestmentDecision.AVOID,0,0,"{'fundamental_score': 4.2, 'technical_score': 0, 'confidence': 0}"
APOLLOHOSP.NS,8753.5,InvestmentDecision.AVOID,0,0,"{'fundamental_score': 3.55, 'technical_score': 0, 'confidence': 0}"
INDHOTEL.NS,722.9000244140625,InvestmentDecision.AVOID,0,0,"{'fundamental_score': 7.4, 'technical_score': 0, 'confidence': 0}"
HEROMOTOCO.NS,4892.7998046875,InvestmentDecision.AVOID,0,0,"{'fundamental_score': 7.199999999999999, 'technical_score': 0, 'confidence': 0}"
DRREDDY.NS,1349.0,InvestmentDecision.AVOID,0,0,"{'fundamental_score': 6.6, 'technical_score': 0, 'confidence': 0}"
SHREECEM.NS,25910.0,InvestmentDecision.AVOID,0,0,"{'fundamental_score': 7.6, 'technical_score': 0, 'confidence': 0}"
JINDALSTEL.NS,1021.5,InvestmentDecision.AVOID,0,0,"{'fundamental_score': 4.7, 'technical_score': 0, 'confidence': 0}"
IDBI.NS,80.52999877929688,InvestmentDecision.AVOID,0,0,"{'fundamental_score': 7.000000000000001, 'technical_score': 0, 'confidence': 0}"
SWIGGY.NS,261.4100036621094,InvestmentDecision.AVOID,0,0,"{'fundamental_score': 4.300000000000001, 'technical_score': 0, 'confidence': 0}"
BSE.NS,3739.10009765625,InvestmentDecision.AVOID,0,0,"{'fundamental_score': 7.8, 'technical_score': 0, 'confidence': 0}"
MANKIND.NS,2491.199951171875,InvestmentDecision.AVOID,0,0,"{'fundamental_score': 7.1, 'technical_score': 0, 'confidence': 0}"
INDIANB.NS,772.4000244140625,InvestmentDecision.AVOID,0,0,"{'fundamental_score': 7.4, 'technical_score': 0, 'confidence': 0}"
INDUSTOWER.NS,388.54998779296875,InvestmentDecision.AVOID,0,0,"{'fundamental_score': 8.25, 'technical_score': 0, 'confidence': 0}"
UNITDSPR.NS,1408.800048828125,InvestmentDecision.AVOID,0,0,"{'fundamental_score': 7.199999999999999, 'technical_score': 0, 'confidence': 0}"
GMRAIRPORT.NS,111.01000213623047,InvestmentDecision.AVOID,0,0,"{'fundamental_score': 6.7, 'technical_score': 0, 'confidence': 0}"
RECLTD.NS,348.75,InvestmentDecision.AVOID,0,0,"{'fundamental_score': 6.300000000000001, 'technical_score': 0, 'confidence': 0}"
ZYDUSLIFE.NS,1148.0,InvestmentDecision.AVOID,0,0,"{'fundamental_score': 8.7, 'technical_score': 0, 'confidence': 0}"
ICICIGI.NS,1804.199951171875,InvestmentDecision.AVOID,0,0,"{'fundamental_score': 5.9, 'technical_score': 0, 'confidence': 0}"
DIXON.NS,12934.0,InvestmentDecision.AVOID,0,0,"{'fundamental_score': 7.2, 'technical_score': 0, 'confidence': 0}"
IDEA.NS,13.930000305175781,InvestmentDecision.AVOID,0,0,"{'fundamental_score': 8.2, 'technical_score': 0, 'confidence': 0}"
HAVELLS.NS,1207.800048828125,InvestmentDecision.AVOID,0,0,"{'fundamental_score': 7.2, 'technical_score': 0, 'confidence': 0}"
MARICO.NS,840.0999755859375,InvestmentDecision.AVOID,0,0,"{'fundamental_score': 7.199999999999999, 'technical_score': 0, 'confidence': 0}"
HINDPETRO.NS,386.8500061035156,InvestmentDecision.AVOID,0,0,"{'fundamental_score': 5.8500000000000005, 'technical_score': 0, 'confidence': 0}"
WAAREEENER.NS,2823.300048828125,InvestmentDecision.AVOID,0,0,"{'fundamental_score': 8.1, 'technical_score': 0, 'confidence': 0}"
BAJAJHFL.NS,85.98999786376953,InvestmentDecision.AVOID,0,0,"{'fundamental_score': 5.5, 'technical_score': 0, 'confidence': 0}"
DABUR.NS,436.54998779296875,InvestmentDecision.AVOID,0,0,"{'fundamental_score': 6.800000000000001, 'technical_score': 0, 'confidence': 0}"
LUPIN.NS,2459.0,InvestmentDecision.AVOID,0,0,"{'fundamental_score': 4.0, 'technical_score': 0, 'confidence': 0}"
JSWENERGY.NS,536.9500122070312,InvestmentDecision.AVOID,0,0,"{'fundamental_score': 3.2, 'technical_score': 0, 'confidence': 0}"
ICICIPRULI.NS,480.04998779296875,InvestmentDecision.AVOID,0,0,"{'fundamental_score': 5.500000000000001, 'technical_score': 0, 'confidence': 0}"
PERSISTENT.NS,4769.5,InvestmentDecision.AVOID,0,0,"{'fundamental_score': 8.1, 'technical_score': 0, 'confidence': 0}"
BHARTIHEXA.NS,1519.9000244140625,InvestmentDecision.AVOID,0,0,"{'fundamental_score': 8.25, 'technical_score': 0, 'confidence': 0}"
NAUKRI.NS,1179.0,InvestmentDecision.AVOID,0,0,"{'fundamental_score': 6.2, 'technical_score': 0, 'confidence': 0}"
SRF.NS,2709.5,InvestmentDecision.AVOID,0,0,"{'fundamental_score': 6.2, 'technical_score': 0, 'confidence': 0}"
POWERINDIA.NS,31755.0,InvestmentDecision.AVOID,0,0,"{'fundamental_score': 8.1, 'technical_score': 0, 'confidence': 0}"
NTPCGREEN.NS,92.69999694824219,InvestmentDecision.AVOID,0,0,"{'fundamental_score': 4.7, 'technical_score': 0, 'confidence': 0}"
NHPC.NS,78.80999755859375,InvestmentDecision.AVOID,0,0,"{'fundamental_score': 6.300000000000001, 'technical_score': 0, 'confidence': 0}"
POLICYBZR.NS,1562.5,InvestmentDecision.AVOID,0,0,"{'fundamental_score': 5.1000000000000005, 'technical_score': 0, 'confidence': 0}"
SBICARD.NS,585.0999755859375,InvestmentDecision.AVOID,0,0,"{'fundamental_score': 5.5, 'technical_score': 0, 'confidence': 0}"
ASHOKLEY.NS,156.22000122070312,InvestmentDecision.AVOID,0,0,"{'fundamental_score': 5.7, 'technical_score': 0, 'confidence': 0}"
SUZLON.NS,53.130001068115234,InvestmentDecision.AVOID,0,0,"{'fundamental_score': 8.7, 'technical_score': 0, 'confidence': 0}"
ABCAPITAL.NS,385.75,InvestmentDecision.AVOID,0,0,"{'fundamental_score': 3.6000000000000005, 'technical_score': 0, 'confidence': 0}"
PAYTM.NS,1223.4000244140625,InvestmentDecision.AVOID,0,0,"{'fundamental_score': 4.7, 'technical_score': 0, 'confidence': 0}"
IOB.NS,33.470001220703125,InvestmentDecision.AVOID,0,0,"{'fundamental_score': 7.4, 'technical_score': 0, 'confidence': 0}"
OFSS.NS,11002.0,InvestmentDecision.AVOID,0,0,"{'fundamental_score': 8.7, 'technical_score': 0, 'confidence': 0}"
GVT&D.NS,4466.7001953125,InvestmentDecision.AVOID,0,0,"{'fundamental_score': 8.7, 'technical_score': 0, 'confidence': 0}"
RVNL.NS,224.72999572753906,InvestmentDecision.AVOID,0,0,"{'fundamental_score': 4.7, 'technical_score': 0, 'confidence': 0}"
PRESTIGE.NS,1635.300048828125,InvestmentDecision.AVOID,0,0,"{'fundamental_score': 3.8000000000000003, 'technical_score': 0, 'confidence': 0}"
LLOYDSME.NS,1725.800048828125,InvestmentDecision.AVOID,0,0,"{'fundamental_score': 7.8, 'technical_score': 0, 'confidence': 0}"
UNOMINDA.NS,1131.9000244140625,InvestmentDecision.AVOID,0,0,"{'fundamental_score': 6.3, 'technical_score': 0, 'confidence': 0}"
FORTIS.NS,943.75,InvestmentDecision.AVOID,0,0,"{'fundamental_score': 5.7, 'technical_score': 0, 'confidence': 0}"
NYKAA.NS,317.95001220703125,InvestmentDecision.AVOID,0,0,"{'fundamental_score': 5.050000000000001, 'technical_score': 0, 'confidence': 0}"
OIL.NS,430.3500061035156,InvestmentDecision.AVOID,0,0,"{'fundamental_score': 6.550000000000001, 'technical_score': 0, 'confidence': 0}"
ATGL.NS,698.6500244140625,InvestmentDecision.AVOID,0,0,"{'fundamental_score': 5.75, 'technical_score': 0, 'confidence': 0}"
COROMANDEL.NS,2009.0,InvestmentDecision.AVOID,0,0,"{'fundamental_score': 6.7, 'technical_score': 0, 'confidence': 0}"
GICRE.NS,356.1499938964844,InvestmentDecision.AVOID,0,0,"{'fundamental_score': 6.6000000000000005, 'technical_score': 0, 'confidence': 0}"
YESBANK.NS,23.420000076293945,InvestmentDecision.AVOID,0,0,"{'fundamental_score': 5.800000000000001, 'technical_score': 0, 'confidence': 0}"
VMM.NS,115.91000366210938,InvestmentDecision.AVOID,0,0,"{'fundamental_score': 5.500000000000001, 'technical_score': 0, 'confidence': 0}"
TORNTPOWER.NS,1401.0,InvestmentDecision.AVOID,0,0,"{'fundamental_score': 5.75, 'technical_score': 0, 'confidence': 0}"
AUROPHARMA.NS,1557.4000244140625,InvestmentDecision.AVOID,0,0,"{'fundamental_score': 2.5, 'technical_score': 0, 'confidence': 0}"
NMDC.NS,83.73999786376953,InvestmentDecision.AVOID,0,0,"{'fundamental_score': 8.7, 'technical_score': 0, 'confidence': 0}"
ALKEM.NS,5606.0,InvestmentDecision.AVOID,0,0,"{'fundamental_score': 7.9, 'technical_score': 0, 'confidence': 0}"
BERGEPAINT.NS,498.1000061035156,InvestmentDecision.AVOID,0,0,"{'fundamental_score': 6.7, 'technical_score': 0, 'confidence': 0}"
MRF.NS,132940.0,InvestmentDecision.AVOID,0,0,"{'fundamental_score': 5.5, 'technical_score': 0, 'confidence': 0}"
PATANJALI.NS,409.29998779296875,InvestmentDecision.AVOID,0,0,"{'fundamental_score': 5.500000000000001, 'technical_score': 0, 'confidence': 0}"
GODREJPROP.NS,1979.5,InvestmentDecision.AVOID,0,0,"{'fundamental_score': 6.75, 'technical_score': 0, 'confidence': 0}"
HDBFS.NS,726.9000244140625,InvestmentDecision.AVOID,0,0,"{'fundamental_score': 5.5, 'technical_score': 0, 'confidence': 0}"
LTF.NS,314.29998779296875,InvestmentDecision.AVOID,0,0,"{'fundamental_score': 5.1000000000000005, 'technical_score': 0, 'confidence': 0}"
JSWINFRA.NS,314.25,InvestmentDecision.AVOID,0,0,"{'fundamental_score': 7.25, 'technical_score': 0, 'confidence': 0}"
SCHAEFFLER.NS,4101.2001953125,InvestmentDecision.AVOID,0,0,"{'fundamental_score': 6.800000000000001, 'technical_score': 0, 'confidence': 0}"
INDUSINDBK.NS,994.6500244140625,InvestmentDecision.AVOID,0,0,"{'fundamental_score': 4.300000000000001, 'technical_score': 0, 'confidence': 0}"
JSL.NS,695.75,InvestmentDecision.AVOID,0,0,"{'fundamental_score': 6.7, 'technical_score': 0, 'confidence': 0}"
AUBANK.NS,1038.800048828125,InvestmentDecision.AVOID,0,0,"{'fundamental_score': 7.4, 'technical_score': 0, 'confidence': 0}"
COLPAL.NS,2020.0999755859375,InvestmentDecision.AVOID,0,0,"{'fundamental_score': 7.8, 'technical_score': 0, 'confidence': 0}"
OBEROIRLTY.NS,1870.0999755859375,InvestmentDecision.AVOID,0,0,"{'fundamental_score': 7.7, 'technical_score': 0, 'confidence': 0}"
BHARATFORG.NS,2100.5,InvestmentDecision.AVOID,0,0,"{'fundamental_score': 4.65, 'technical_score': 0, 'confidence': 0}"
FACT.NS,845.9500122070312,InvestmentDecision.AVOID,0,0,"{'fundamental_score': 5.2, 'technical_score': 0, 'confidence': 0}"
COFORGE.NS,1445.9000244140625,InvestmentDecision.AVOID,0,0,"{'fundamental_score': 7.2, 'technical_score': 0, 'confidence': 0}"
PHOENIXLTD.NS,2022.5,InvestmentDecision.AVOID,0,0,"{'fundamental_score': 7.2, 'technical_score': 0, 'confidence': 0}"
BANKINDIA.NS,135.1199951171875,InvestmentDecision.AVOID,0,0,"{'fundamental_score': 7.000000000000001, 'technical_score': 0, 'confidence': 0}"
TIINDIA.NS,2899.39990234375,InvestmentDecision.AVOID,0,0,"{'fundamental_score': 6.7, 'technical_score': 0, 'confidence': 0}"
IRCTC.NS,498.5,InvestmentDecision.AVOID,0,0,"{'fundamental_score': 7.8, 'technical_score': 0, 'confidence': 0}"
BDL.NS,1337.4000244140625,InvestmentDecision.AVOID,0,0,"{'fundamental_score': 6.9, 'technical_score': 0, 'confidence': 0}"
UPL.NS,581.7000122070312,InvestmentDecision.AVOID,0,0,"{'fundamental_score': 4.25, 'technical_score': 0, 'confidence': 0}"
IDFCFIRSTB.NS,77.81999969482422,InvestmentDecision.AVOID,0,0,"{'fundamental_score': 7.4, 'technical_score': 0, 'confidence': 0}"
PIIND.NS,2572.300048828125,InvestmentDecision.AVOID,0,0,"{'fundamental_score': 7.7, 'technical_score': 0, 'confidence': 0}"
MOTILALOFS.NS,909.5999755859375,InvestmentDecision.AVOID,0,0,"{'fundamental_score': 5.9, 'technical_score': 0, 'confidence': 0}"
GLENMARK.NS,2223.699951171875,InvestmentDecision.AVOID,0,0,"{'fundamental_score': 6.2, 'technical_score': 0, 'confidence': 0}"
MFSL.NS,1559.0999755859375,InvestmentDecision.AVOID,0,0,"{'fundamental_score': 4.300000000000001, 'technical_score': 0, 'confidence': 0}"
SAIL.NS,162.02000427246094,InvestmentDecision.AVOID,0,0,"{'fundamental_score': 4.25, 'technical_score': 0, 'confidence': 0}"
FEDERALBNK.NS,326.54998779296875,InvestmentDecision.AVOID,0,0,"{'fundamental_score': 6.6000000000000005, 'technical_score': 0, 'confidence': 0}"
NAM-INDIA.NS,1168.0,InvestmentDecision.AVOID,0,0,"{'fundamental_score': 7.8, 'technical_score': 0, 'confidence': 0}"
MPHASIS.NS,2241.89990234375,InvestmentDecision.AVOID,0,0,"{'fundamental_score': 7.2, 'technical_score': 0, 'confidence': 0}"
KALYANKJIL.NS,374.1499938964844,InvestmentDecision.AVOID,0,0,"{'fundamental_score': 5.8500000000000005, 'technical_score': 0, 'confidence': 0}"
LINDEINDIA.NS,6935.5,InvestmentDecision.AVOID,0,0,"{'fundamental_score': 7.7, 'technical_score': 0, 'confidence': 0}"
SUNDARMFIN.NS,4653.5,InvestmentDecision.AVOID,0,0,"{'fundamental_score': 5.5, 'technical_score': 0, 'confidence': 0}"
SUPREMEIND.NS,3179.39990234375,InvestmentDecision.AVOID,0,0,"{'fundamental_score': 6.7, 'technical_score': 0, 'confidence': 0}"
BIOCON.NS,397.04998779296875,InvestmentDecision.AVOID,0,0,"{'fundamental_score': 4.7, 'technical_score': 0, 'confidence': 0}"
TATACOMM.NS,1886.199951171875,InvestmentDecision.AVOID,0,0,"{'fundamental_score': 5.7, 'technical_score': 0, 'confidence': 0}"
LAURUSLABS.NS,1469.199951171875,InvestmentDecision.AVOID,0,0,"{'fundamental_score': 7.6, 'technical_score': 0, 'confidence': 0}"
AIIL.NS,501.1000061035156,InvestmentDecision.AVOID,0,0,"{'fundamental_score': 7.000000000000001, 'technical_score': 0, 'confidence': 0}"
GODFRYPHLP.NS,2082.5,InvestmentDecision.AVOID,0,0,"{'fundamental_score': 7.8, 'technical_score': 0, 'confidence': 0}"
JKCEMENT.NS,5332.0,InvestmentDecision.AVOID,0,0,"{'fundamental_score': 6.25, 'technical_score': 0, 'confidence': 0}"
UBL.NS,1325.199951171875,InvestmentDecision.AVOID,0,0,"{'fundamental_score': 5.1000000000000005, 'technical_score': 0, 'confidence': 0}"
APLAPOLLO.NS,1809.5999755859375,InvestmentDecision.AVOID,0,0,"{'fundamental_score': 7.2, 'technical_score': 0, 'confidence': 0}"
PAGEIND.NS,41415.0,InvestmentDecision.AVOID,0,0,"{'fundamental_score': 7.199999999999999, 'technical_score': 0, 'confidence': 0}"
GLAXO.NS,2410.800048828125,InvestmentDecision.AVOID,0,0,"{'fundamental_score': 8.7, 'technical_score': 0, 'confidence': 0}"
BALKRISIND.NS,2167.300048828125,InvestmentDecision.AVOID,0,0,"{'fundamental_score': 6.800000000000001, 'technical_score': 0, 'confidence': 0}"
ITCHOTELS.NS,177.6300048828125,InvestmentDecision.AVOID,0,0,"{'fundamental_score': 5.800000000000001, 'technical_score': 0, 'confidence': 0}"
COCHINSHIP.NS,1404.0999755859375,InvestmentDecision.AVOID,0,0,"{'fundamental_score': 7.1, 'technical_score': 0, 'confidence': 0}"
PREMIERENE.NS,1043.9000244140625,InvestmentDecision.AVOID,0,0,"{'fundamental_score': 8.25, 'technical_score': 0, 'confidence': 0}"
HEXT.NS,522.25,InvestmentDecision.AVOID,0,0,"{'fundamental_score': 7.2, 'technical_score': 0, 'confidence': 0}"
LTTS.NS,3141.10009765625,InvestmentDecision.AVOID,0,0,"{'fundamental_score': 7.2, 'technical_score': 0, 'confidence': 0}"
VOLTAS.NS,1253.5999755859375,InvestmentDecision.AVOID,0,0,"{'fundamental_score': 4.300000000000001, 'technical_score': 0, 'confidence': 0}"
360ONE.NS,1091.699951171875,InvestmentDecision.AVOID,0,0,"{'fundamental_score': 5.5, 'technical_score': 0, 'confidence': 0}"
MAHABANK.NS,80.5999984741211,InvestmentDecision.AVOID,0,0,"{'fundamental_score': 7.8, 'technical_score': 0, 'confidence': 0}"
PGHH.NS,8899.5,InvestmentDecision.AVOID,0,0,"{'fundamental_score': 6.1, 'technical_score': 0, 'confidence': 0}"
PETRONET.NS,271.6000061035156,InvestmentDecision.AVOID,0,0,"{'fundamental_score': 6.3, 'technical_score': 0, 'confidence': 0}"
IREDA.NS,121.16999816894531,InvestmentDecision.AVOID,0,0,"{'fundamental_score': 5.9, 'technical_score': 0, 'confidence': 0}"
ANTHEM.NS,748.4500122070312,InvestmentDecision.AVOID,0,0,"{'fundamental_score': 8.7, 'technical_score': 0, 'confidence': 0}"
CONCOR.NS,451.3999938964844,InvestmentDecision.AVOID,0,0,"{'fundamental_score': 6.6, 'technical_score': 0, 'confidence': 0}"
M&MFIN.NS,331.6499938964844,InvestmentDecision.AVOID,0,0,"{'fundamental_score': 4.0, 'technical_score': 0, 'confidence': 0}"
NATIONALUM.NS,349.75,InvestmentDecision.AVOID,0,0,"{'fundamental_score': 8.7, 'technical_score': 0, 'confidence': 0}"
DALBHARAT.NS,1718.4000244140625,InvestmentDecision.AVOID,0,0,"{'fundamental_score': 4.7, 'technical_score': 0, 'confidence': 0}"
JUBLFOOD.NS,429.20001220703125,InvestmentDecision.AVOID,0,0,"{'fundamental_score': 5.9, 'technical_score': 0, 'confidence': 0}"
ESCORTS.NS,2919.800048828125,InvestmentDecision.AVOID,0,0,"{'fundamental_score': 7.7, 'technical_score': 0, 'confidence': 0}"
RADICO.NS,4077.60009765625,InvestmentDecision.AVOID,0,0,"{'fundamental_score': 5.9, 'technical_score': 0, 'confidence': 0}"
KAYNES.NS,3210.699951171875,InvestmentDecision.AVOID,0,0,"{'fundamental_score': 5.7, 'technical_score': 0, 'confidence': 0}"
FLUOROCHEM.NS,3849.39990234375,InvestmentDecision.AVOID,0,0,"{'fundamental_score': 4.7, 'technical_score': 0, 'confidence': 0}"
ENDURANCE.NS,2669.699951171875,InvestmentDecision.AVOID,0,0,"{'fundamental_score': 5.9, 'technical_score': 0, 'confidence': 0}"
KEI.NS,5030.5,InvestmentDecision.AVOID,0,0,"{'fundamental_score': 6.2, 'technical_score': 0, 'confidence': 0}"
ASTRAL.NS,1336.0,InvestmentDecision.AVOID,0,0,"{'fundamental_score': 6.2, 'technical_score': 0, 'confidence': 0}"
THERMAX.NS,4602.5,InvestmentDecision.AVOID,0,0,"{'fundamental_score': 6.2, 'technical_score': 0, 'confidence': 0}"
UCOBANK.NS,26.110000610351562,InvestmentDecision.AVOID,0,0,"{'fundamental_score': 5.800000000000001, 'technical_score': 0, 'confidence': 0}"
BLUESTARCO.NS,1574.800048828125,InvestmentDecision.AVOID,0,0,"{'fundamental_score': 6.7, 'technical_score': 0, 'confidence': 0}"
NH.NS,1978.5999755859375,InvestmentDecision.AVOID,0,0,"{'fundamental_score': 6.3, 'technical_score': 0, 'confidence': 0}"
TATAINVEST.NS,663.1500244140625,InvestmentDecision.AVOID,0,0,"{'fundamental_score': 5.800000000000001, 'technical_score': 0, 'confidence': 0}"
GODREJIND.NS,1216.4000244140625,InvestmentDecision.AVOID,0,0,"{'fundamental_score': 4.2, 'technical_score': 0, 'confidence': 0}"
POONAWALLA.NS,457.95001220703125,InvestmentDecision.AVOID,0,0,"{'fundamental_score': 4.300000000000001, 'technical_score': 0, 'confidence': 0}"
CRISIL.NS,3871.800048828125,InvestmentDecision.AVOID,0,0,"{'fundamental_score': 7.4, 'technical_score': 0, 'confidence': 0}"
KPRMILL.NS,1107.0999755859375,InvestmentDecision.AVOID,0,0,"{'fundamental_score': 6.800000000000001, 'technical_score': 0, 'confidence': 0}"
CHOLAHLDNG.NS,1663.0999755859375,InvestmentDecision.AVOID,0,0,"{'fundamental_score': 4.800000000000001, 'technical_score': 0, 'confidence': 0}"
3MINDIA.NS,34255.0,InvestmentDecision.AVOID,0,0,"{'fundamental_score': 7.2, 'technical_score': 0, 'confidence': 0}"
IPCALAB.NS,1762.4000244140625,InvestmentDecision.AVOID,0,0,"{'fundamental_score': 6.2, 'technical_score': 0, 'confidence': 0}"
APARINDS.NS,13443.0,InvestmentDecision.AVOID,0,0,"{'fundamental_score': 7.2, 'technical_score': 0, 'confidence': 0}"
SJVN.NS,70.13999938964844,InvestmentDecision.AVOID,0,0,"{'fundamental_score': 4.1, 'technical_score': 0, 'confidence': 0}"
MEDANTA.NS,1305.0,InvestmentDecision.AVOID,0,0,"{'fundamental_score': 7.6, 'technical_score': 0, 'confidence': 0}"
ACC.NS,1335.0999755859375,InvestmentDecision.AVOID,0,0,"{'fundamental_score': 5.7, 'technical_score': 0, 'confidence': 0}"
TATAELXSI.NS,3623.60009765625,InvestmentDecision.AVOID,0,0,"{'fundamental_score': 8.4, 'technical_score': 0, 'confidence': 0}"
NLCINDIA.NS,294.25,InvestmentDecision.AVOID,0,0,"{'fundamental_score': 7.75, 'technical_score': 0, 'confidence': 0}"
AWL.NS,181.44000244140625,InvestmentDecision.AVOID,0,0,"{'fundamental_score': 5.1000000000000005, 'technical_score': 0, 'confidence': 0}"
CENTRALBK.NS,31.25,InvestmentDecision.AVOID,0,0,"{'fundamental_score': 6.6000000000000005, 'technical_score': 0, 'confidence': 0}"
KPITTECH.NS,554.5999755859375,InvestmentDecision.AVOID,0,0,"{'fundamental_score': 7.2, 'technical_score': 0, 'confidence': 0}"
CDSL.NS,1311.4000244140625,InvestmentDecision.AVOID,0,0,"{'fundamental_score': 7.8, 'technical_score': 0, 'confidence': 0}"
DELHIVERY.NS,501.79998779296875,InvestmentDecision.AVOID,0,0,"{'fundamental_score': 4.7, 'technical_score': 0, 'confidence': 0}"
ASTERDM.NS,779.5999755859375,InvestmentDecision.AVOID,0,0,"{'fundamental_score': 5.7, 'technical_score': 0, 'confidence': 0}"
EXIDEIND.NS,421.3500061035156,InvestmentDecision.AVOID,0,0,"{'fundamental_score': 4.300000000000001, 'technical_score': 0, 'confidence': 0}"
GODIGIT.NS,302.79998779296875,InvestmentDecision.AVOID,0,0,"{'fundamental_score': 5.1000000000000005, 'technical_score': 0, 'confidence': 0}"
HONAUT.NS,38045.0,InvestmentDecision.AVOID,0,0,"{'fundamental_score': 6.2, 'technical_score': 0, 'confidence': 0}"
AJANTPHARM.NS,3278.800048828125,InvestmentDecision.AVOID,0,0,"{'fundamental_score': 8.7, 'technical_score': 0, 'confidence': 0}"
METROBRAND.NS,1050.699951171875,InvestmentDecision.AVOID,0,0,"{'fundamental_score': 6.75, 'technical_score': 0, 'confidence': 0}"
AIAENG.NS,4667.0,InvestmentDecision.AVOID,0,0,"{'fundamental_score': 8.2, 'technical_score': 0, 'confidence': 0}"
COHANCE.NS,430.79998779296875,InvestmentDecision.AVOID,0,0,"{'fundamental_score': 4.7, 'technical_score': 0, 'confidence': 0}"
LICHSGFIN.NS,530.5999755859375,InvestmentDecision.AVOID,0,0,"{'fundamental_score': 5.5, 'technical_score': 0, 'confidence': 0}"
GILLETTE.NS,7708.0,InvestmentDecision.AVOID,0,0,"{'fundamental_score': 7.8, 'technical_score': 0, 'confidence': 0}"
GLAND.NS,2495.800048828125,InvestmentDecision.AVOID,0,0,"{'fundamental_score': 6.9, 'technical_score': 0, 'confidence': 0}"
APOLLOTYRE.NS,439.54998779296875,InvestmentDecision.AVOID,0,0,"{'fundamental_score': 4.300000000000001, 'technical_score': 0, 'confidence': 0}"
NIACL.NS,179.47000122070312,InvestmentDecision.AVOID,0,0,"{'fundamental_score': 4.300000000000001, 'technical_score': 0, 'confidence': 0}"
NBCC.NS,94.77999877929688,InvestmentDecision.AVOID,0,0,"{'fundamental_score': 7.2, 'technical_score': 0, 'confidence': 0}"
ITI.NS,284.8999938964844,InvestmentDecision.AVOID,0,0,"{'fundamental_score': 7.6, 'technical_score': 0, 'confidence': 0}"
HINDCOPPER.NS,487.25,InvestmentDecision.AVOID,0,0,"{'fundamental_score': 8.7, 'technical_score': 0, 'confidence': 0}"
GRSE.NS,2619.60009765625,InvestmentDecision.AVOID,0,0,"{'fundamental_score': 7.2, 'technical_score': 0, 'confidence': 0}"
MSUMI.NS,40.75,InvestmentDecision.AVOID,0,0,"{'fundamental_score': 6.3, 'technical_score': 0, 'confidence': 0}"
GUJGASLTD.NS,286.8500061035156,InvestmentDecision.AVOID,0,0,"{'fundamental_score': 5.3, 'technical_score': 0, 'confidence': 0}"
IGL.NS,150.1199951171875,InvestmentDecision.AVOID,0,0,"{'fundamental_score': 6.2, 'technical_score': 0, 'confidence': 0}"
SONACOMS.NS,662.0499877929688,InvestmentDecision.AVOID,0,0,"{'fundamental_score': 6.0, 'technical_score': 0, 'confidence': 0}"
AEGISVOPAK.NS,276.6099853515625,InvestmentDecision.AVOID,0,0,"{'fundamental_score': 6.15, 'technical_score': 0, 'confidence': 0}"
KIMS.NS,805.9500122070312,InvestmentDecision.AVOID,0,0,"{'fundamental_score': 4.2, 'technical_score': 0, 'confidence': 0}"
TATATECH.NS,703.0,InvestmentDecision.AVOID,0,0,"{'fundamental_score': 6.2, 'technical_score': 0, 'confidence': 0}"
IKS.NS,1831.9000244140625,InvestmentDecision.AVOID,0,0,"{'fundamental_score': 8.7, 'technical_score': 0, 'confidence': 0}"
STARHEALTH.NS,584.2000122070312,InvestmentDecision.AVOID,0,0,"{'fundamental_score': 5.9, 'technical_score': 0, 'confidence': 0}"
JBCHEPHARM.NS,2435.800048828125,InvestmentDecision.AVOID,0,0,"{'fundamental_score': 8.4, 'technical_score': 0, 'confidence': 0}"
TVSHLTD.NS,13972.0,InvestmentDecision.AVOID,0,0,"{'fundamental_score': 4.800000000000001, 'technical_score': 0, 'confidence': 0}"
IRB.NS,19.969999313354492,InvestmentDecision.AVOID,0,0,"{'fundamental_score': 5.15, 'technical_score': 0, 'confidence': 0}"
SUMICHEM.NS,467.1000061035156,InvestmentDecision.AVOID,0,0,"{'fundamental_score': 7.9, 'technical_score': 0, 'confidence': 0}"
AFFLE.NS,1457.699951171875,InvestmentDecision.AVOID,0,0,"{'fundamental_score': 7.4, 'technical_score': 0, 'confidence': 0}"
AEGISLOG.NS,1245.4000244140625,InvestmentDecision.AVOID,0,0,"{'fundamental_score': 5.9, 'technical_score': 0, 'confidence': 0}"
NAVINFLUOR.NS,7363.0,InvestmentDecision.AVOID,0,0,"{'fundamental_score': 8.7, 'technical_score': 0, 'confidence': 0}"
SYNGENE.NS,411.6000061035156,InvestmentDecision.AVOID,0,0,"{'fundamental_score': 4.7, 'technical_score': 0, 'confidence': 0}"
BANDHANBNK.NS,196.0399932861328,InvestmentDecision.AVOID,0,0,"{'fundamental_score': 5.200000000000001, 'technical_score': 0, 'confidence': 0}"
EMCURE.NS,1809.300048828125,InvestmentDecision.AVOID,0,0,"{'fundamental_score': 7.2, 'technical_score': 0, 'confidence': 0}"
LALPATHLAB.NS,1653.5,InvestmentDecision.AVOID,0,0,"{'fundamental_score': 8.7, 'technical_score': 0, 'confidence': 0}"
AMBER.NS,7424.0,InvestmentDecision.AVOID,0,0,"{'fundamental_score': 4.300000000000001, 'technical_score': 0, 'confidence': 0}"
PPLPHARMA.NS,168.11000061035156,InvestmentDecision.AVOID,0,0,"{'fundamental_score': 4.25, 'technical_score': 0, 'confidence': 0}"
ZFCVINDIA.NS,2343.699951171875,InvestmentDecision.AVOID,0,0,"{'fundamental_score': 6.4, 'technical_score': 0, 'confidence': 0}"
NUVAMA.NS,1848.0999755859375,InvestmentDecision.AVOID,0,0,"{'fundamental_score': 6.300000000000001, 'technical_score': 0, 'confidence': 0}"
MRPL.NS,147.94000244140625,InvestmentDecision.AVOID,0,0,"{'fundamental_score': 4.6000000000000005, 'technical_score': 0, 'confidence': 0}"
RAMCOCEM.NS,908.5999755859375,InvestmentDecision.AVOID,0,0,"{'fundamental_score': 4.7, 'technical_score': 0, 'confidence': 0}"
SHYAMMETL.NS,928.3499755859375,InvestmentDecision.AVOID,0,0,"{'fundamental_score': 4.7, 'technical_score': 0, 'confidence': 0}"
FSL.NS,237.19000244140625,InvestmentDecision.AVOID,0,0,"{'fundamental_score': 6.25, 'technical_score': 0, 'confidence': 0}"
EMAMILTD.NS,406.95001220703125,InvestmentDecision.AVOID,0,0,"{'fundamental_score': 7.8, 'technical_score': 0, 'confidence': 0}"
DEEPAKNTR.NS,1571.300048828125,InvestmentDecision.AVOID,0,0,"{'fundamental_score': 5.7, 'technical_score': 0, 'confidence': 0}"
INOXWIND.NS,82.72000122070312,InvestmentDecision.AVOID,0,0,"{'fundamental_score': 4.7, 'technical_score': 0, 'confidence': 0}"
EIHOTEL.NS,321.70001220703125,InvestmentDecision.AVOID,0,0,"{'fundamental_score': 7.000000000000001, 'technical_score': 0, 'confidence': 0}"
WOCKPHARMA.NS,1824.5,InvestmentDecision.AVOID,0,0,"{'fundamental_score': 4.7, 'technical_score': 0, 'confidence': 0}"
PTCIL.NS,16998.0,InvestmentDecision.AVOID,0,0,"{'fundamental_score': 5.9, 'technical_score': 0, 'confidence': 0}"
PFIZER.NS,4532.10009765625,InvestmentDecision.AVOID,0,0,"{'fundamental_score': 8.2, 'technical_score': 0, 'confidence': 0}"
ANANDRATHI.NS,2059.800048828125,InvestmentDecision.AVOID,0,0,"{'fundamental_score': 7.8, 'technical_score': 0, 'confidence': 0}"
KIOCL.NS,374.1499938964844,InvestmentDecision.AVOID,0,0,"{'fundamental_score': 4.7, 'technical_score': 0, 'confidence': 0}"
MANAPPURAM.NS,332.54998779296875,InvestmentDecision.AVOID,0,0,"{'fundamental_score': 4.300000000000001, 'technical_score': 0, 'confidence': 0}"
PNBHOUSING.NS,1072.199951171875,InvestmentDecision.AVOID,0,0,"{'fundamental_score': 5.5, 'technical_score': 0, 'confidence': 0}"
BRIGADE.NS,502.75,InvestmentDecision.AVOID,0,0,"{'fundamental_score': 5.25, 'technical_score': 0, 'confidence': 0}"
ABSLAMC.NS,1124.5,InvestmentDecision.AVOID,0,0,"{'fundamental_score': 7.8, 'technical_score': 0, 'confidence': 0}"
TIMKEN.NS,3202.699951171875,InvestmentDecision.AVOID,0,0,"{'fundamental_score': 6.2, 'technical_score': 0, 'confidence': 0}"
HSCL.NS,640.8499755859375,InvestmentDecision.AVOID,0,0,"{'fundamental_score': 7.9, 'technical_score': 0, 'confidence': 0}"
FORCEMOT.NS,17864.0,InvestmentDecision.AVOID,0,0,"{'fundamental_score': 7.199999999999999, 'technical_score': 0, 'confidence': 0}"
WELCORP.NS,1529.199951171875,InvestmentDecision.AVOID,0,0,"{'fundamental_score': 7.2, 'technical_score': 0, 'confidence': 0}"
ANGELONE.NS,331.20001220703125,InvestmentDecision.AVOID,0,0,"{'fundamental_score': 6.5, 'technical_score': 0, 'confidence': 0}"
TATACHEM.NS,710.4000244140625,InvestmentDecision.AVOID,0,0,"{'fundamental_score': 4.7, 'technical_score': 0, 'confidence': 0}"
ASAHIINDIA.NS,876.4500122070312,InvestmentDecision.AVOID,0,0,"{'fundamental_score': 4.65, 'technical_score': 0, 'confidence': 0}"
ASTRAZEN.NS,8141.0,InvestmentDecision.AVOID,0,0,"{'fundamental_score': 7.2, 'technical_score': 0, 'confidence': 0}"
ERIS.NS,1416.0,InvestmentDecision.AVOID,0,0,"{'fundamental_score': 8.25, 'technical_score': 0, 'confidence': 0}"
CESC.NS,163.77999877929688,InvestmentDecision.AVOID,0,0,"{'fundamental_score': 4.7, 'technical_score': 0, 'confidence': 0}"
HBLENGINE.NS,757.0499877929688,InvestmentDecision.AVOID,0,0,"{'fundamental_score': 8.7, 'technical_score': 0, 'confidence': 0}"
SUNTV.NS,496.6000061035156,InvestmentDecision.AVOID,0,0,"{'fundamental_score': 7.2, 'technical_score': 0, 'confidence': 0}"
KARURVYSYA.NS,294.6499938964844,InvestmentDecision.AVOID,0,0,"{'fundamental_score': 7.8, 'technical_score': 0, 'confidence': 0}"
SAGILITY.NS,40.380001068115234,InvestmentDecision.AVOID,0,0,"{'fundamental_score': 6.6, 'technical_score': 0, 'confidence': 0}"
JYOTICNC.NS,753.6500244140625,InvestmentDecision.AVOID,0,0,"{'fundamental_score': 8.4, 'technical_score': 0, 'confidence': 0}"
KEC.NS,486.95001220703125,InvestmentDecision.AVOID,0,0,"{'fundamental_score': 5.25, 'technical_score': 0, 'confidence': 0}"
AADHARHFC.NS,525.2000122070312,InvestmentDecision.AVOID,0,0,"{'fundamental_score': 5.9, 'technical_score': 0, 'confidence': 0}"
IIFL.NS,517.7999877929688,InvestmentDecision.AVOID,0,0,"{'fundamental_score': 5.5, 'technical_score': 0, 'confidence': 0}"
REDINGTON.NS,268.6000061035156,InvestmentDecision.AVOID,0,0,"{'fundamental_score': 6.2, 'technical_score': 0, 'confidence': 0}"
HATSUN.NS,902.3499755859375,InvestmentDecision.AVOID,0,0,"{'fundamental_score': 5.8500000000000005, 'technical_score': 0, 'confidence': 0}"
CREDITACC.NS,1536.699951171875,InvestmentDecision.AVOID,0,0,"{'fundamental_score': 5.1000000000000005, 'technical_score': 0, 'confidence': 0}"
URBANCO.NS,132.82000732421875,InvestmentDecision.AVOID,0,0,"{'fundamental_score': 4.7, 'technical_score': 0, 'confidence': 0}"
JSWHL.NS,11314.0,InvestmentDecision.AVOID,0,0,"{'fundamental_score': 8.2, 'technical_score': 0, 'confidence': 0}"
PSB.NS,24.100000381469727,InvestmentDecision.AVOID,0,0,"{'fundamental_score': 6.6000000000000005, 'technical_score': 0, 'confidence': 0}"
ONESOURCE.NS,1612.0,InvestmentDecision.AVOID,0,0,"{'fundamental_score': 4.7, 'technical_score': 0, 'confidence': 0}"
KPIL.NS,1332.4000244140625,InvestmentDecision.AVOID,0,0,"{'fundamental_score': 6.2, 'technical_score': 0, 'confidence': 0}"
ATHERENERG.NS,1200.0,InvestmentDecision.AVOID,0,0,"{'fundamental_score': 4.300000000000001, 'technical_score': 0, 'confidence': 0}"
SUNDRMFAST.NS,933.9500122070312,InvestmentDecision.AVOID,0,0,"{'fundamental_score': 5.500000000000001, 'technical_score': 0, 'confidence': 0}"
ABREL.NS,1352.4000244140625,InvestmentDecision.AVOID,0,0,"{'fundamental_score': 3.2, 'technical_score': 0, 'confidence': 0}"
OLAELEC.NS,40.9900016784668,InvestmentDecision.AVOID,0,0,"{'fundamental_score': 1.05, 'technical_score': 0, 'confidence': 0}"
CHALET.NS,799.9000244140625,InvestmentDecision.AVOID,0,0,"{'fundamental_score': 7.3500000000000005, 'technical_score': 0, 'confidence': 0}"
CHAMBLFERT.NS,451.0,InvestmentDecision.AVOID,0,0,"{'fundamental_score': 7.2, 'technical_score': 0, 'confidence': 0}"
ANANTRAJ.NS,544.75,InvestmentDecision.AVOID,0,0,"{'fundamental_score': 7.2, 'technical_score': 0, 'confidence': 0}"
ECLERX.NS,1477.300048828125,InvestmentDecision.AVOID,0,0,"{'fundamental_score': 8.4, 'technical_score': 0, 'confidence': 0}"
CASTROLIND.NS,183.30999755859375,InvestmentDecision.AVOID,0,0,"{'fundamental_score': 7.1000000000000005, 'technical_score': 0, 'confidence': 0}"
SCHNEIDER.NS,1496.5999755859375,InvestmentDecision.AVOID,0,0,"{'fundamental_score': 6.75, 'technical_score': 0, 'confidence': 0}"
POLYMED.NS,1614.300048828125,InvestmentDecision.AVOID,0,0,"{'fundamental_score': 6.9, 'technical_score': 0, 'confidence': 0}"
DCMSHRIRAM.NS,1040.5999755859375,InvestmentDecision.AVOID,0,0,"{'fundamental_score': 5.7, 'technical_score': 0, 'confidence': 0}"
BASF.NS,3456.800048828125,InvestmentDecision.AVOID,0,0,"{'fundamental_score': 5.7, 'technical_score': 0, 'confidence': 0}"
KANSAINER.NS,204.02999877929688,InvestmentDecision.AVOID,0,0,"{'fundamental_score': 4.7, 'technical_score': 0, 'confidence': 0}"
DEVYANI.NS,112.7300033569336,InvestmentDecision.AVOID,0,0,"{'fundamental_score': 2.8000000000000003, 'technical_score': 0, 'confidence': 0}"
NEULANDLAB.NS,18889.0,InvestmentDecision.AVOID,0,0,"{'fundamental_score': 6.7, 'technical_score': 0, 'confidence': 0}"
CROMPTON.NS,258.8999938964844,InvestmentDecision.AVOID,0,0,"{'fundamental_score': 4.300000000000001, 'technical_score': 0, 'confidence': 0}"
EIDPARRY.NS,722.0,InvestmentDecision.AVOID,0,0,"{'fundamental_score': 5.7, 'technical_score': 0, 'confidence': 0}"
CAMS.NS,749.7999877929688,InvestmentDecision.AVOID,0,0,"{'fundamental_score': 8.7, 'technical_score': 0, 'confidence': 0}"
KFINTECH.NS,847.9500122070312,InvestmentDecision.AVOID,0,0,"{'fundamental_score': 8.7, 'technical_score': 0, 'confidence': 0}"
RPOWER.NS,24.6299991607666,InvestmentDecision.AVOID,0,0,"{'fundamental_score': 4.25, 'technical_score': 0, 'confidence': 0}"
BIKAJI.NS,643.9500122070312,InvestmentDecision.AVOID,0,0,"{'fundamental_score': 5.9, 'technical_score': 0, 'confidence': 0}"
KAJARIACER.NS,1193.4000244140625,InvestmentDecision.AVOID,0,0,"{'fundamental_score': 6.7, 'technical_score': 0, 'confidence': 0}"
ATUL.NS,6306.5,InvestmentDecision.AVOID,0,0,"{'fundamental_score': 5.7, 'technical_score': 0, 'confidence': 0}"
SARDAEN.NS,491.75,InvestmentDecision.AVOID,0,0,"{'fundamental_score': 8.2, 'technical_score': 0, 'confidence': 0}"
APLLTD.NS,811.2999877929688,InvestmentDecision.AVOID,0,0,"{'fundamental_score': 6.2, 'technical_score': 0, 'confidence': 0}"
DEEPAKFERT.NS,1521.0,InvestmentDecision.AVOID,0,0,"{'fundamental_score': 5.25, 'technical_score': 0, 'confidence': 0}"
FIRSTCRY.NS,206.64999389648438,InvestmentDecision.AVOID,0,0,"{'fundamental_score': 4.300000000000001, 'technical_score': 0, 'confidence': 0}"
JSWCEMENT.NS,134.42999267578125,InvestmentDecision.AVOID,0,0,"{'fundamental_score': 4.25, 'technical_score': 0, 'confidence': 0}"
SAILIFE.NS,1208.300048828125,InvestmentDecision.AVOID,0,0,"{'fundamental_score': 7.9, 'technical_score': 0, 'confidence': 0}"
CGCL.NS,237.05999755859375,InvestmentDecision.AVOID,0,0,"{'fundamental_score': 5.9, 'technical_score': 0, 'confidence': 0}"
ARE&M.NS,835.0999755859375,InvestmentDecision.AVOID,0,0,"{'fundamental_score': 5.7, 'technical_score': 0, 'confidence': 0}"
GRINDWELL.NS,2018.0,InvestmentDecision.AVOID,0,0,"{'fundamental_score': 7.6, 'technical_score': 0, 'confidence': 0}"
VINATIORGA.NS,1307.0,InvestmentDecision.AVOID,0,0,"{'fundamental_score': 7.7, 'technical_score': 0, 'confidence': 0}"
SKFINDIA.NS,1587.300048828125,InvestmentDecision.AVOID,0,0,"{'fundamental_score': 6.2, 'technical_score': 0, 'confidence': 0}"
MAHSCOOTER.NS,12889.0,InvestmentDecision.AVOID,0,0,"{'fundamental_score': 5.800000000000001, 'technical_score': 0, 'confidence': 0}"
JUBLPHARMA.NS,970.75,InvestmentDecision.AVOID,0,0,"{'fundamental_score': 4.25, 'technical_score': 0, 'confidence': 0}"
ZENSARTECH.NS,451.1000061035156,InvestmentDecision.AVOID,0,0,"{'fundamental_score': 6.7, 'technical_score': 0, 'confidence': 0}"
FIVESTAR.NS,538.0,InvestmentDecision.AVOID,0,0,"{'fundamental_score': 6.5, 'technical_score': 0, 'confidence': 0}"
TRITURBINE.NS,613.0999755859375,InvestmentDecision.AVOID,0,0,"{'fundamental_score': 8.4, 'technical_score': 0, 'confidence': 0}"
CARBORUNIV.NS,1080.5,InvestmentDecision.AVOID,0,0,"{'fundamental_score': 4.7, 'technical_score': 0, 'confidence': 0}"
RBLBANK.NS,359.79998779296875,InvestmentDecision.AVOID,0,0,"{'fundamental_score': 5.9, 'technical_score': 0, 'confidence': 0}"
RATNAMANI.NS,2590.5,InvestmentDecision.AVOID,0,0,"{'fundamental_score': 6.2, 'technical_score': 0, 'confidence': 0}"
PGEL.NS,562.7000122070312,InvestmentDecision.AVOID,0,0,"{'fundamental_score': 4.7, 'technical_score': 0, 'confidence': 0}"
VENTIVE.NS,613.9000244140625,InvestmentDecision.AVOID,0,0,"{'fundamental_score': 5.500000000000001, 'technical_score': 0, 'confidence': 0}"
NAVA.NS,591.9000244140625,InvestmentDecision.AVOID,0,0,"{'fundamental_score': 7.2, 'technical_score': 0, 'confidence': 0}"
CUB.NS,220.0800018310547,InvestmentDecision.AVOID,0,0,"{'fundamental_score': 7.000000000000001, 'technical_score': 0, 'confidence': 0}"
CENTURYPLY.NS,770.25,InvestmentDecision.AVOID,0,0,"{'fundamental_score': 5.25, 'technical_score': 0, 'confidence': 0}"
BEML.NS,1776.199951171875,InvestmentDecision.AVOID,0,0,"{'fundamental_score': 4.7, 'technical_score': 0, 'confidence': 0}"
MANYAVAR.NS,387.75,InvestmentDecision.AVOID,0,0,"{'fundamental_score': 7.8, 'technical_score': 0, 'confidence': 0}"
ABLBL.NS,93.52999877929688,InvestmentDecision.AVOID,0,0,"{'fundamental_score': 4.0, 'technical_score': 0, 'confidence': 0}"
NETWEB.NS,4171.39990234375,InvestmentDecision.AVOID,0,0,"{'fundamental_score': 7.2, 'technical_score': 0, 'confidence': 0}"
TBOTEK.NS,1481.4000244140625,InvestmentDecision.AVOID,0,0,"{'fundamental_score': 5.9, 'technical_score': 0, 'confidence': 0}"
CONCORDBIO.NS,1259.800048828125,InvestmentDecision.AVOID,0,0,"{'fundamental_score': 7.7, 'technical_score': 0, 'confidence': 0}"
TRAVELFOOD.NS,1297.199951171875,InvestmentDecision.AVOID,0,0,"{'fundamental_score': 7.8, 'technical_score': 0, 'confidence': 0}"
CPPLUS.NS,3554.60009765625,InvestmentDecision.AVOID,0,0,"{'fundamental_score': 7.2, 'technical_score': 0, 'confidence': 0}"
UTIAMC.NS,971.5,InvestmentDecision.AVOID,0,0,"{'fundamental_score': 6.6000000000000005, 'technical_score': 0, 'confidence': 0}"
SOBHA.NS,1451.199951171875,InvestmentDecision.AVOID,0,0,"{'fundamental_score': 4.7, 'technical_score': 0, 'confidence': 0}"
LMW.NS,15795.0,InvestmentDecision.AVOID,0,0,"{'fundamental_score': 4.7, 'technical_score': 0, 'confidence': 0}"
ACMESOLAR.NS,365.25,InvestmentDecision.AVOID,0,0,"{'fundamental_score': 5.7, 'technical_score': 0, 'confidence': 0}"
IRCON.NS,129.0,InvestmentDecision.AVOID,0,0,"{'fundamental_score': 5.25, 'technical_score': 0, 'confidence': 0}"
GABRIEL.NS,1231.0,InvestmentDecision.AVOID,0,0,"{'fundamental_score': 6.3, 'technical_score': 0, 'confidence': 0}"
GMDCLTD.NS,583.5499877929688,InvestmentDecision.AVOID,0,0,"{'fundamental_score': 7.000000000000001, 'technical_score': 0, 'confidence': 0}"
CRAFTSMAN.NS,9181.5,InvestmentDecision.AVOID,0,0,"{'fundamental_score': 4.6000000000000005, 'technical_score': 0, 'confidence': 0}"
ELGIEQUIP.NS,575.5499877929688,InvestmentDecision.AVOID,0,0,"{'fundamental_score': 7.2, 'technical_score': 0, 'confidence': 0}"
NATCOPHARM.NS,966.2999877929688,InvestmentDecision.AVOID,0,0,"{'fundamental_score': 8.2, 'technical_score': 0, 'confidence': 0}"
CHOICEIN.NS,769.0999755859375,InvestmentDecision.AVOID,0,0,"{'fundamental_score': 7.4, 'technical_score': 0, 'confidence': 0}"
VGUARD.NS,302.70001220703125,InvestmentDecision.AVOID,0,0,"{'fundamental_score': 6.2, 'technical_score': 0, 'confidence': 0}"
APTUS.NS,277.8999938964844,InvestmentDecision.AVOID,0,0,"{'fundamental_score': 6.300000000000001, 'technical_score': 0, 'confidence': 0}"
SIGNATURE.NS,769.5499877929688,InvestmentDecision.AVOID,0,0,"{'fundamental_score': 7.2, 'technical_score': 0, 'confidence': 0}"
CIEINDIA.NS,451.1000061035156,InvestmentDecision.AVOID,0,0,"{'fundamental_score': 5.9, 'technical_score': 0, 'confidence': 0}"
TECHNOE.NS,1045.4000244140625,InvestmentDecision.AVOID,0,0,"{'fundamental_score': 6.6, 'technical_score': 0, 'confidence': 0}"
WHIRLPOOL.NS,780.2000122070312,InvestmentDecision.AVOID,0,0,"{'fundamental_score': 4.300000000000001, 'technical_score': 0, 'confidence': 0}"
JMFINANCIL.NS,124.94000244140625,InvestmentDecision.AVOID,0,0,"{'fundamental_score': 5.700000000000001, 'technical_score': 0, 'confidence': 0}"
GPIL.NS,246.60000610351562,InvestmentDecision.AVOID,0,0,"{'fundamental_score': 7.1, 'technical_score': 0, 'confidence': 0}"
AFCONS.NS,301.45001220703125,InvestmentDecision.AVOID,0,0,"{'fundamental_score': 4.25, 'technical_score': 0, 'confidence': 0}"
ABDL.NS,674.7999877929688,InvestmentDecision.AVOID,0,0,"{'fundamental_score': 5.050000000000001, 'technical_score': 0, 'confidence': 0}"
CAPLIPOINT.NS,2528.39990234375,InvestmentDecision.AVOID,0,0,"{'fundamental_score': 8.7, 'technical_score': 0, 'confidence': 0}"
DATAPATTNS.NS,4290.2998046875,InvestmentDecision.AVOID,0,0,"{'fundamental_score': 8.2, 'technical_score': 0, 'confidence': 0}"
IGIL.NS,337.75,InvestmentDecision.AVOID,0,0,"{'fundamental_score': 8.2, 'technical_score': 0, 'confidence': 0}"
DOMS.NS,2247.89990234375,InvestmentDecision.AVOID,0,0,"{'fundamental_score': 7.2, 'technical_score': 0, 'confidence': 0}"
LTFOODS.NS,380.29998779296875,InvestmentDecision.AVOID,0,0,"{'fundamental_score': 5.500000000000001, 'technical_score': 0, 'confidence': 0}"
KIRLOSBROS.NS,1853.9000244140625,InvestmentDecision.AVOID,0,0,"{'fundamental_score': 6.7, 'technical_score': 0, 'confidence': 0}"
AGARWALEYE.NS,477.8500061035156,InvestmentDecision.AVOID,0,0,"{'fundamental_score': 4.25, 'technical_score': 0, 'confidence': 0}"
JBMA.NS,661.3499755859375,InvestmentDecision.AVOID,0,0,"{'fundamental_score': 4.4, 'technical_score': 0, 'confidence': 0}"
RRKABEL.NS,2188.5,InvestmentDecision.AVOID,0,0,"{'fundamental_score': 7.2, 'technical_score': 0, 'confidence': 0}"
GALLANTT.NS,651.5499877929688,InvestmentDecision.AVOID,0,0,"{'fundamental_score': 6.7, 'technical_score': 0, 'confidence': 0}"
IFCI.NS,73.9000015258789,InvestmentDecision.AVOID,0,0,"{'fundamental_score': 5.9, 'technical_score': 0, 'confidence': 0}"
NIVABUPA.NS,84.93000030517578,InvestmentDecision.AVOID,0,0,"{'fundamental_score': 5.1000000000000005, 'technical_score': 0, 'confidence': 0}"
INDIAMART.NS,1902.4000244140625,InvestmentDecision.AVOID,0,0,"{'fundamental_score': 8.7, 'technical_score': 0, 'confidence': 0}"
GESHIP.NS,1375.0999755859375,InvestmentDecision.AVOID,0,0,"{'fundamental_score': 8.7, 'technical_score': 0, 'confidence': 0}"
PARADEEP.NS,139.8699951171875,InvestmentDecision.AVOID,0,0,"{'fundamental_score': 6.3, 'technical_score': 0, 'confidence': 0}"
CEATLTD.NS,3858.60009765625,InvestmentDecision.AVOID,0,0,"{'fundamental_score': 5.050000000000001, 'technical_score': 0, 'confidence': 0}"
TRIDENT.NS,25.139999389648438,InvestmentDecision.AVOID,0,0,"{'fundamental_score': 4.300000000000001, 'technical_score': 0, 'confidence': 0}"
RAINBOW.NS,1431.0999755859375,InvestmentDecision.AVOID,0,0,"{'fundamental_score': 7.45, 'technical_score': 0, 'confidence': 0}"
INTELLECT.NS,749.7999877929688,InvestmentDecision.AVOID,0,0,"{'fundamental_score': 5.7, 'technical_score': 0, 'confidence': 0}"
SYRMA.NS,1366.199951171875,InvestmentDecision.AVOID,0,0,"{'fundamental_score': 6.2, 'technical_score': 0, 'confidence': 0}"
FINEORG.NS,4878.0,InvestmentDecision.AVOID,0,0,"{'fundamental_score': 7.9, 'technical_score': 0, 'confidence': 0}"
NUVOCO.NS,309.75,InvestmentDecision.AVOID,0,0,"{'fundamental_score': 4.7, 'technical_score': 0, 'confidence': 0}"
BATAINDIA.NS,669.0,InvestmentDecision.AVOID,0,0,"{'fundamental_score': 3.8500000000000005, 'technical_score': 0, 'confidence': 0}"
SWANCORP.NS,315.45001220703125,InvestmentDecision.AVOID,0,0,"{'fundamental_score': 4.7, 'technical_score': 0, 'confidence': 0}"
KIRLOSENG.NS,2277.0,InvestmentDecision.AVOID,0,0,"{'fundamental_score': 5.2, 'technical_score': 0, 'confidence': 0}"
BLS.NS,242.6999969482422,InvestmentDecision.AVOID,0,0,"{'fundamental_score': 8.7, 'technical_score': 0, 'confidence': 0}"
AARTIIND.NS,465.5,InvestmentDecision.AVOID,0,0,"{'fundamental_score': 4.25, 'technical_score': 0, 'confidence': 0}"
THELEELA.NS,480.6000061035156,InvestmentDecision.AVOID,0,0,"{'fundamental_score': 5.800000000000001, 'technical_score': 0, 'confidence': 0}"
SPLPETRO.NS,725.0,InvestmentDecision.AVOID,0,0,"{'fundamental_score': 6.2, 'technical_score': 0, 'confidence': 0}"
BLUEDART.NS,4789.39990234375,InvestmentDecision.AVOID,0,0,"{'fundamental_score': 6.2, 'technical_score': 0, 'confidence': 0}"
ZYDUSWELL.NS,559.9000244140625,InvestmentDecision.AVOID,0,0,"{'fundamental_score': 3.8500000000000005, 'technical_score': 0, 'confidence': 0}"
KSB.NS,927.5999755859375,InvestmentDecision.AVOID,0,0,"{'fundamental_score': 6.7, 'technical_score': 0, 'confidence': 0}"
PCBL.NS,297.0,InvestmentDecision.AVOID,0,0,"{'fundamental_score': 3.8000000000000003, 'technical_score': 0, 'confidence': 0}"
JWL.NS,248.89999389648438,InvestmentDecision.AVOID,0,0,"{'fundamental_score': 4.7, 'technical_score': 0, 'confidence': 0}"
CEMPRO.NS,1490.0,InvestmentDecision.AVOID,0,0,"{'fundamental_score': 7.2, 'technical_score': 0, 'confidence': 0}"
ZENTEC.NS,1818.5999755859375,InvestmentDecision.AVOID,0,0,"{'fundamental_score': 7.2, 'technical_score': 0, 'confidence': 0}"
GODREJAGRO.NS,553.4500122070312,InvestmentDecision.AVOID,0,0,"{'fundamental_score': 5.8500000000000005, 'technical_score': 0, 'confidence': 0}"
IEX.NS,116.80999755859375,InvestmentDecision.AVOID,0,0,"{'fundamental_score': 7.8, 'technical_score': 0, 'confidence': 0}"
BBTC.NS,1498.0999755859375,InvestmentDecision.AVOID,0,0,"{'fundamental_score': 6.3, 'technical_score': 0, 'confidence': 0}"
CYIENT.NS,834.8499755859375,InvestmentDecision.AVOID,0,0,"{'fundamental_score': 4.7, 'technical_score': 0, 'confidence': 0}"
INDGN.NS,493.70001220703125,InvestmentDecision.AVOID,0,0,"{'fundamental_score': 6.2, 'technical_score': 0, 'confidence': 0}"
AAVAS.NS,1499.800048828125,InvestmentDecision.AVOID,0,0,"{'fundamental_score': 5.5, 'technical_score': 0, 'confidence': 0}"
MINDACORP.NS,683.3499755859375,InvestmentDecision.AVOID,0,0,"{'fundamental_score': 5.050000000000001, 'technical_score': 0, 'confidence': 0}"
BELRISE.NS,225.74000549316406,InvestmentDecision.AVOID,0,0,"{'fundamental_score': 5.500000000000001, 'technical_score': 0, 'confidence': 0}"
CELLO.NS,358.0,InvestmentDecision.AVOID,0,0,"{'fundamental_score': 6.4, 'technical_score': 0, 'confidence': 0}"
JPPOWER.NS,16.899999618530273,InvestmentDecision.AVOID,0,0,"{'fundamental_score': 4.7, 'technical_score': 0, 'confidence': 0}"
TARIL.NS,322.29998779296875,InvestmentDecision.AVOID,0,0,"{'fundamental_score': 7.2, 'technical_score': 0, 'confidence': 0}"
NEWGEN.NS,465.6499938964844,InvestmentDecision.AVOID,0,0,"{'fundamental_score': 8.7, 'technical_score': 0, 'confidence': 0}"
ANURAS.NS,1259.699951171875,InvestmentDecision.AVOID,0,0,"{'fundamental_score': 4.7, 'technical_score': 0, 'confidence': 0}"
GRANULES.NS,859.5499877929688,InvestmentDecision.AVOID,0,0,"{'fundamental_score': 6.2, 'technical_score': 0, 'confidence': 0}"
GRAVITA.NS,1727.9000244140625,InvestmentDecision.AVOID,0,0,"{'fundamental_score': 6.7, 'technical_score': 0, 'confidence': 0}"
HOMEFIRST.NS,1199.800048828125,InvestmentDecision.AVOID,0,0,"{'fundamental_score': 5.9, 'technical_score': 0, 'confidence': 0}"
MGL.NS,1093.9000244140625,InvestmentDecision.AVOID,0,0,"{'fundamental_score': 6.2, 'technical_score': 0, 'confidence': 0}"
USHAMART.NS,489.6499938964844,InvestmentDecision.AVOID,0,0,"{'fundamental_score': 7.6, 'technical_score': 0, 'confidence': 0}"
LEMONTREE.NS,116.93000030517578,InvestmentDecision.AVOID,0,0,"{'fundamental_score': 6.250000000000001, 'technical_score': 0, 'confidence': 0}"
TEGA.NS,1641.5,InvestmentDecision.AVOID,0,0,"{'fundamental_score': 4.7, 'technical_score': 0, 'confidence': 0}"
VTL.NS,623.9500122070312,InvestmentDecision.AVOID,0,0,"{'fundamental_score': 4.300000000000001, 'technical_score': 0, 'confidence': 0}"
NCC.NS,143.91000366210938,InvestmentDecision.AVOID,0,0,"{'fundamental_score': 5.7, 'technical_score': 0, 'confidence': 0}"
FINCABLES.NS,1028.9000244140625,InvestmentDecision.AVOID,0,0,"{'fundamental_score': 6.2, 'technical_score': 0, 'confidence': 0}"
ACE.NS,968.7000122070312,InvestmentDecision.AVOID,0,0,"{'fundamental_score': 8.1, 'technical_score': 0, 'confidence': 0}"
ELECON.NS,498.04998779296875,InvestmentDecision.AVOID,0,0,"{'fundamental_score': 7.6, 'technical_score': 0, 'confidence': 0}"
EMBDL.NS,63.220001220703125,InvestmentDecision.AVOID,0,0,"{'fundamental_score': 4.25, 'technical_score': 0, 'confidence': 0}"
JINDALSAW.NS,259.6499938964844,InvestmentDecision.AVOID,0,0,"{'fundamental_score': 4.7, 'technical_score': 0, 'confidence': 0}"
WELSPUNLIV.NS,162.92999267578125,InvestmentDecision.AVOID,0,0,"{'fundamental_score': 4.300000000000001, 'technical_score': 0, 'confidence': 0}"
NSLNISP.NS,42.599998474121094,InvestmentDecision.AVOID,0,0,"{'fundamental_score': 4.7, 'technical_score': 0, 'confidence': 0}"
ACUTAAS.NS,3454.5,InvestmentDecision.AVOID,0,0,"{'fundamental_score': 8.7, 'technical_score': 0, 'confidence': 0}"
RITES.NS,223.1300048828125,InvestmentDecision.AVOID,0,0,"{'fundamental_score': 7.9, 'technical_score': 0, 'confidence': 0}"
CCL.NS,1181.199951171875,InvestmentDecision.AVOID,0,0,"{'fundamental_score': 5.8500000000000005, 'technical_score': 0, 'confidence': 0}"
FINPIPE.NS,165.02999877929688,InvestmentDecision.AVOID,0,0,"{'fundamental_score': 6.6, 'technical_score': 0, 'confidence': 0}"
SAMMAANCAP.NS,163.13999938964844,InvestmentDecision.AVOID,0,0,"{'fundamental_score': 2.8000000000000003, 'technical_score': 0, 'confidence': 0}"
INGERRAND.NS,4360.2998046875,InvestmentDecision.AVOID,0,0,"{'fundamental_score': 8.7, 'technical_score': 0, 'confidence': 0}"
INDIACEM.NS,371.45001220703125,InvestmentDecision.AVOID,0,0,"{'fundamental_score': 4.7, 'technical_score': 0, 'confidence': 0}"
BLUEJET.NS,562.7000122070312,InvestmentDecision.AVOID,0,0,"{'fundamental_score': 8.7, 'technical_score': 0, 'confidence': 0}"
CARTRADE.NS,2775.89990234375,InvestmentDecision.AVOID,0,0,"{'fundamental_score': 6.6000000000000005, 'technical_score': 0, 'confidence': 0}"
CHENNPETRO.NS,1109.9000244140625,InvestmentDecision.AVOID,0,0,"{'fundamental_score': 6.3, 'technical_score': 0, 'confidence': 0}"
TSFINV.NS,466.6499938964844,InvestmentDecision.AVOID,0,0,"{'fundamental_score': 6.6000000000000005, 'technical_score': 0, 'confidence': 0}"
SBFC.NS,90.79000091552734,InvestmentDecision.AVOID,0,0,"{'fundamental_score': 5.5, 'technical_score': 0, 'confidence': 0}"
RAILTEL.NS,298.6499938964844,InvestmentDecision.AVOID,0,0,"{'fundamental_score': 6.7, 'technical_score': 0, 'confidence': 0}"
CLEAN.NS,767.9000244140625,InvestmentDecision.AVOID,0,0,"{'fundamental_score': 8.2, 'technical_score': 0, 'confidence': 0}"
TITAGARH.NS,817.0499877929688,InvestmentDecision.AVOID,0,0,"{'fundamental_score': 4.7, 'technical_score': 0, 'confidence': 0}"
JYOTHYLAB.NS,189.1199951171875,InvestmentDecision.AVOID,0,0,"{'fundamental_score': 6.3, 'technical_score': 0, 'confidence': 0}"
SHRIPISTON.NS,4116.7998046875,InvestmentDecision.AVOID,0,0,"{'fundamental_score': 5.9, 'technical_score': 0, 'confidence': 0}"
ALIVUS.NS,1130.0999755859375,InvestmentDecision.AVOID,0,0,"{'fundamental_score': 8.7, 'technical_score': 0, 'confidence': 0}"
ENGINERSIN.NS,235.08999633789062,InvestmentDecision.AVOID,0,0,"{'fundamental_score': 8.4, 'technical_score': 0, 'confidence': 0}"
J&KBANK.NS,165.9600067138672,InvestmentDecision.AVOID,0,0,"{'fundamental_score': 7.4, 'technical_score': 0, 'confidence': 0}"
OLECTRA.NS,1394.699951171875,InvestmentDecision.AVOID,0,0,"{'fundamental_score': 6.7, 'technical_score': 0, 'confidence': 0}"
GRINFRA.NS,877.8499755859375,InvestmentDecision.AVOID,0,0,"{'fundamental_score': 5.25, 'technical_score': 0, 'confidence': 0}"
JUBLINGREA.NS,680.7999877929688,InvestmentDecision.AVOID,0,0,"{'fundamental_score': 5.7, 'technical_score': 0, 'confidence': 0}"
SANOFI.NS,3381.60009765625,InvestmentDecision.AVOID,0,0,"{'fundamental_score': 7.9, 'technical_score': 0, 'confidence': 0}"
SANOFICONR.NS,4539.2998046875,InvestmentDecision.AVOID,0,0,"{'fundamental_score': 8.2, 'technical_score': 0, 'confidence': 0}"
EUREKAFORB.NS,441.20001220703125,InvestmentDecision.AVOID,0,0,"{'fundamental_score': 4.300000000000001, 'technical_score': 0, 'confidence': 0}"
WAAREERTL.NS,977.9000244140625,InvestmentDecision.AVOID,0,0,"{'fundamental_score': 6.7, 'technical_score': 0, 'confidence': 0}"
RELAXO.NS,384.79998779296875,InvestmentDecision.AVOID,0,0,"{'fundamental_score': 4.300000000000001, 'technical_score': 0, 'confidence': 0}"
PRUDENT.NS,2916.89990234375,InvestmentDecision.AVOID,0,0,"{'fundamental_score': 7.5, 'technical_score': 0, 'confidence': 0}"
VIKRAMSOLR.NS,183.69000244140625,InvestmentDecision.AVOID,0,0,"{'fundamental_score': 7.2, 'technical_score': 0, 'confidence': 0}"
TTML.NS,40.33000183105469,InvestmentDecision.AVOID,0,0,"{'fundamental_score': 6.7, 'technical_score': 0, 'confidence': 0}"
CANFINHOME.NS,892.2999877929688,InvestmentDecision.AVOID,0,0,"{'fundamental_score': 6.300000000000001, 'technical_score': 0, 'confidence': 0}"
BSOFT.NS,272.20001220703125,InvestmentDecision.AVOID,0,0,"{'fundamental_score': 6.2, 'technical_score': 0, 'confidence': 0}"
GRAPHITE.NS,579.3499755859375,InvestmentDecision.AVOID,0,0,"{'fundamental_score': 4.7, 'technical_score': 0, 'confidence': 0}"
JKTYRE.NS,397.04998779296875,InvestmentDecision.AVOID,0,0,"{'fundamental_score': 5.050000000000001, 'technical_score': 0, 'confidence': 0}"
BLACKBUCK.NS,559.25,InvestmentDecision.AVOID,0,0,"{'fundamental_score': 7.7, 'technical_score': 0, 'confidence': 0}"
ZEEL.NS,99.55999755859375,InvestmentDecision.AVOID,0,0,"{'fundamental_score': 4.7, 'technical_score': 0, 'confidence': 0}"
SAFARI.NS,1600.5,InvestmentDecision.AVOID,0,0,"{'fundamental_score': 5.9, 'technical_score': 0, 'confidence': 0}"
INOXINDIA.NS,1875.9000244140625,InvestmentDecision.AVOID,0,0,"{'fundamental_score': 8.4, 'technical_score': 0, 'confidence': 0}"
HFCL.NS,214.74000549316406,InvestmentDecision.AVOID,0,0,"{'fundamental_score': 4.7, 'technical_score': 0, 'confidence': 0}"
PVRINOX.NS,976.25,InvestmentDecision.AVOID,0,0,"{'fundamental_score': 4.25, 'technical_score': 0, 'confidence': 0}"
SCI.NS,277.6000061035156,InvestmentDecision.AVOID,0,0,"{'fundamental_score': 6.7, 'technical_score': 0, 'confidence': 0}"
JKLAKSHMI.NS,567.0,InvestmentDecision.AVOID,0,0,"{'fundamental_score': 5.25, 'technical_score': 0, 'confidence': 0}"
VIJAYA.NS,1326.0,InvestmentDecision.AVOID,0,0,"{'fundamental_score': 8.7, 'technical_score': 0, 'confidence': 0}"
PRIVISCL.NS,3547.60009765625,InvestmentDecision.AVOID,0,0,"{'fundamental_score': 7.65, 'technical_score': 0, 'confidence': 0}"
SONATSOFTW.NS,274.54998779296875,InvestmentDecision.AVOID,0,0,"{'fundamental_score': 7.2, 'technical_score': 0, 'confidence': 0}"
AETHER.NS,1413.4000244140625,InvestmentDecision.AVOID,0,0,"{'fundamental_score': 7.2, 'technical_score': 0, 'confidence': 0}"
AZAD.NS,2229.39990234375,InvestmentDecision.AVOID,0,0,"{'fundamental_score': 7.2, 'technical_score': 0, 'confidence': 0}"
EDELWEISS.NS,117.22000122070312,InvestmentDecision.AVOID,0,0,"{'fundamental_score': 3.6000000000000005, 'technical_score': 0, 'confidence': 0}"
NAZARA.NS,295.54998779296875,InvestmentDecision.AVOID,0,0,"{'fundamental_score': 4.7, 'technical_score': 0, 'confidence': 0}"
METROPOLIS.NS,549.3499755859375,InvestmentDecision.AVOID,0,0,"{'fundamental_score': 6.2, 'technical_score': 0, 'confidence': 0}"
IXIGO.NS,200.4199981689453,InvestmentDecision.AVOID,0,0,"{'fundamental_score': 4.300000000000001, 'technical_score': 0, 'confidence': 0}"
BALRAMCHIN.NS,560.8499755859375,InvestmentDecision.AVOID,0,0,"{'fundamental_score': 4.65, 'technical_score': 0, 'confidence': 0}"
VESUVIUS.NS,456.8500061035156,InvestmentDecision.AVOID,0,0,"{'fundamental_score': 7.6, 'technical_score': 0, 'confidence': 0}"
WESTLIFE.NS,503.70001220703125,InvestmentDecision.AVOID,0,0,"{'fundamental_score': 2.8000000000000003, 'technical_score': 0, 'confidence': 0}"
RKFORGE.NS,565.0,InvestmentDecision.AVOID,0,0,"{'fundamental_score': 4.25, 'technical_score': 0, 'confidence': 0}"
STARCEMENT.NS,202.41000366210938,InvestmentDecision.AVOID,0,0,"{'fundamental_score': 6.2, 'technical_score': 0, 'confidence': 0}"
GENUSPOWER.NS,301.6000061035156,InvestmentDecision.AVOID,0,0,"{'fundamental_score': 7.199999999999999, 'technical_score': 0, 'confidence': 0}"
RELINFRA.NS,69.93000030517578,InvestmentDecision.AVOID,0,0,"{'fundamental_score': 8.1, 'technical_score': 0, 'confidence': 0}"
HEG.NS,526.6500244140625,InvestmentDecision.AVOID,0,0,"{'fundamental_score': 5.6, 'technical_score': 0, 'confidence': 0}"
PGHL.NS,6262.5,InvestmentDecision.AVOID,0,0,"{'fundamental_score': 8.7, 'technical_score': 0, 'confidence': 0}"
ALKYLAMINE.NS,1853.5999755859375,InvestmentDecision.AVOID,0,0,"{'fundamental_score': 6.7, 'technical_score': 0, 'confidence': 0}"
TEJASNET.NS,535.4000244140625,InvestmentDecision.AVOID,0,0,"{'fundamental_score': 3.8000000000000003, 'technical_score': 0, 'confidence': 0}"
SHAILY.NS,2793.89990234375,InvestmentDecision.AVOID,0,0,"{'fundamental_score': 8.4, 'technical_score': 0, 'confidence': 0}"
TIMETECHNO.NS,174.17999267578125,InvestmentDecision.AVOID,0,0,"{'fundamental_score': 5.500000000000001, 'technical_score': 0, 'confidence': 0}"
BANCOINDIA.NS,659.5999755859375,InvestmentDecision.AVOID,0,0,"{'fundamental_score': 7.199999999999999, 'technical_score': 0, 'confidence': 0}"
AVANTIFEED.NS,910.5999755859375,InvestmentDecision.AVOID,0,0,"{'fundamental_score': 6.3, 'technical_score': 0, 'confidence': 0}"
IIFLCAPS.NS,338.20001220703125,InvestmentDecision.AVOID,0,0,"{'fundamental_score': 7.3500000000000005, 'technical_score': 0, 'confidence': 0}"
ASKAUTOLTD.NS,465.5,InvestmentDecision.AVOID,0,0,"{'fundamental_score': 5.8500000000000005, 'technical_score': 0, 'confidence': 0}"
MEDPLUS.NS,816.2000122070312,InvestmentDecision.AVOID,0,0,"{'fundamental_score': 5.25, 'technical_score': 0, 'confidence': 0}"
SHAKTIPUMP.NS,566.6500244140625,InvestmentDecision.AVOID,0,0,"{'fundamental_score': 6.7, 'technical_score': 0, 'confidence': 0}"
ABFRL.NS,58.310001373291016,InvestmentDecision.AVOID,0,0,"{'fundamental_score': 3.8500000000000005, 'technical_score': 0, 'confidence': 0}"
MMTC.NS,63.43000030517578,InvestmentDecision.AVOID,0,0,"{'fundamental_score': 8.7, 'technical_score': 0, 'confidence': 0}"
SUDARSCHEM.NS,914.4500122070312,InvestmentDecision.AVOID,0,0,"{'fundamental_score': 4.25, 'technical_score': 0, 'confidence': 0}"
RHIM.NS,390.3500061035156,InvestmentDecision.AVOID,0,0,"{'fundamental_score': 4.7, 'technical_score': 0, 'confidence': 0}"
JLHL.NS,1443.5,InvestmentDecision.AVOID,0,0,"{'fundamental_score': 7.1, 'technical_score': 0, 'confidence': 0}"
INDIASHLTR.NS,775.75,InvestmentDecision.AVOID,0,0,"{'fundamental_score': 5.9, 'technical_score': 0, 'confidence': 0}"
ASTRAMICRO.NS,1809.300048828125,InvestmentDecision.AVOID,0,0,"{'fundamental_score': 7.9, 'technical_score': 0, 'confidence': 0}"
TDPOWERSYS.NS,1080.0,InvestmentDecision.AVOID,0,0,"{'fundamental_score': 8.1, 'technical_score': 0, 'confidence': 0}"
KPIGREEN.NS,396.6499938964844,InvestmentDecision.AVOID,0,0,"{'fundamental_score': 6.4, 'technical_score': 0, 'confidence': 0}"
TRANSRAILL.NS,487.29998779296875,InvestmentDecision.AVOID,0,0,"{'fundamental_score': 7.2, 'technical_score': 0, 'confidence': 0}"
BIRLACORPN.NS,936.4000244140625,InvestmentDecision.AVOID,0,0,"{'fundamental_score': 4.7, 'technical_score': 0, 'confidence': 0}"
SAPPHIRE.NS,183.5800018310547,InvestmentDecision.AVOID,0,0,"{'fundamental_score': 3.4000000000000004, 'technical_score': 0, 'confidence': 0}"
MAPMYINDIA.NS,931.4500122070312,InvestmentDecision.AVOID,0,0,"{'fundamental_score': 8.2, 'technical_score': 0, 'confidence': 0}"
UJJIVANSFB.NS,59.630001068115234,InvestmentDecision.AVOID,0,0,"{'fundamental_score': 6.300000000000001, 'technical_score': 0, 'confidence': 0}"
HCG.NS,634.5,InvestmentDecision.AVOID,0,0,"{'fundamental_score': 3.8000000000000003, 'technical_score': 0, 'confidence': 0}"
NESCO.NS,1096.5999755859375,InvestmentDecision.AVOID,0,0,"{'fundamental_score': 7.7, 'technical_score': 0, 'confidence': 0}"
HAPPYFORGE.NS,1520.800048828125,InvestmentDecision.AVOID,0,0,"{'fundamental_score': 8.2, 'technical_score': 0, 'confidence': 0}"
HONASA.NS,467.6000061035156,InvestmentDecision.AVOID,0,0,"{'fundamental_score': 5.9, 'technical_score': 0, 'confidence': 0}"
KRBL.NS,359.79998779296875,InvestmentDecision.AVOID,0,0,"{'fundamental_score': 5.1000000000000005, 'technical_score': 0, 'confidence': 0}"
VARROC.NS,636.75,InvestmentDecision.AVOID,0,0,"{'fundamental_score': 5.050000000000001, 'technical_score': 0, 'confidence': 0}"
SANSERA.NS,3096.699951171875,InvestmentDecision.AVOID,0,0,"{'fundamental_score': 5.1000000000000005, 'technical_score': 0, 'confidence': 0}"
LATENTVIEW.NS,292.79998779296875,InvestmentDecision.AVOID,0,0,"{'fundamental_score': 7.7, 'technical_score': 0, 'confidence': 0}"
BLUESTONE.NS,566.2000122070312,InvestmentDecision.AVOID,0,0,"{'fundamental_score': 3.4000000000000004, 'technical_score': 0, 'confidence': 0}"
WABAG.NS,2081.39990234375,InvestmentDecision.AVOID,0,0,"{'fundamental_score': 6.7, 'technical_score': 0, 'confidence': 0}"
LLOYDSENT.NS,71.33000183105469,InvestmentDecision.AVOID,0,0,"{'fundamental_score': 6.9, 'technical_score': 0, 'confidence': 0}"
TI.NS,441.0,InvestmentDecision.AVOID,0,0,"{'fundamental_score': 3.8500000000000005, 'technical_score': 0, 'confidence': 0}"
ALOKINDS.NS,12.399999618530273,InvestmentDecision.AVOID,0,0,"{'fundamental_score': 5.9, 'technical_score': 0, 'confidence': 0}"
SANDUMA.NS,199.91000366210938,InvestmentDecision.AVOID,0,0,"{'fundamental_score': 8.1, 'technical_score': 0, 'confidence': 0}"
TTKPRESTIG.NS,612.0499877929688,InvestmentDecision.AVOID,0,0,"{'fundamental_score': 5.9, 'technical_score': 0, 'confidence': 0}"
DBREALTY.NS,109.72000122070312,InvestmentDecision.AVOID,0,0,"{'fundamental_score': 4.7, 'technical_score': 0, 'confidence': 0}"
MARKSANS.NS,263.45001220703125,InvestmentDecision.AVOID,0,0,"{'fundamental_score': 7.6, 'technical_score': 0, 'confidence': 0}"
TCI.NS,931.4500122070312,InvestmentDecision.AVOID,0,0,"{'fundamental_score': 7.2, 'technical_score': 0, 'confidence': 0}"
BBOX.NS,931.7000122070312,InvestmentDecision.AVOID,0,0,"{'fundamental_score': 6.75, 'technical_score': 0, 'confidence': 0}"
POWERMECH.NS,2562.60009765625,InvestmentDecision.AVOID,0,0,"{'fundamental_score': 6.7, 'technical_score': 0, 'confidence': 0}"
SOUTHBANK.NS,43.70000076293945,InvestmentDecision.AVOID,0,0,"{'fundamental_score': 7.000000000000001, 'technical_score': 0, 'confidence': 0}"
LOTUSDEV.NS,139.3000030517578,InvestmentDecision.AVOID,0,0,"{'fundamental_score': 8.2, 'technical_score': 0, 'confidence': 0}"
JAIBALAJI.NS,66.27999877929688,InvestmentDecision.AVOID,0,0,"{'fundamental_score': 4.7, 'technical_score': 0, 'confidence': 0}"
SAREGAMA.NS,447.20001220703125,InvestmentDecision.AVOID,0,0,"{'fundamental_score': 7.7, 'technical_score': 0, 'confidence': 0}"
JSLL.NS,563.4500122070312,InvestmentDecision.AVOID,0,0,"{'fundamental_score': 8.7, 'technical_score': 0, 'confidence': 0}"
PCJEWELLER.NS,9.619999885559082,InvestmentDecision.AVOID,0,0,"{'fundamental_score': 6.6000000000000005, 'technical_score': 0, 'confidence': 0}"
LUMAXTECH.NS,1448.199951171875,InvestmentDecision.AVOID,0,0,"{'fundamental_score': 5.8500000000000005, 'technical_score': 0, 'confidence': 0}"
TANLA.NS,527.0999755859375,InvestmentDecision.AVOID,0,0,"{'fundamental_score': 7.2, 'technical_score': 0, 'confidence': 0}"
MANORAMA.NS,1510.800048828125,InvestmentDecision.AVOID,0,0,"{'fundamental_score': 7.050000000000001, 'technical_score': 0, 'confidence': 0}"
ARVIND.NS,525.5,InvestmentDecision.AVOID,0,0,"{'fundamental_score': 5.1000000000000005, 'technical_score': 0, 'confidence': 0}"
APOLLO.NS,393.3999938964844,InvestmentDecision.AVOID,0,0,"{'fundamental_score': 6.6, 'technical_score': 0, 'confidence': 0}"
PNGJL.NS,573.5,InvestmentDecision.AVOID,0,0,"{'fundamental_score': 5.8500000000000005, 'technical_score': 0, 'confidence': 0}"
MAHSEAMLES.NS,583.0,InvestmentDecision.AVOID,0,0,"{'fundamental_score': 6.9, 'technical_score': 0, 'confidence': 0}"
HAPPSTMNDS.NS,344.3500061035156,InvestmentDecision.AVOID,0,0,"{'fundamental_score': 5.75, 'technical_score': 0, 'confidence': 0}"
CAMPUS.NS,229.88999938964844,InvestmentDecision.AVOID,0,0,"{'fundamental_score': 6.3, 'technical_score': 0, 'confidence': 0}"
RELIGARE.NS,266.1000061035156,InvestmentDecision.AVOID,0,0,"{'fundamental_score': 4.300000000000001, 'technical_score': 0, 'confidence': 0}"
GMRP&UI.NS,97.73999786376953,InvestmentDecision.AVOID,0,0,"{'fundamental_score': 4.800000000000001, 'technical_score': 0, 'confidence': 0}"
BECTORFOOD.NS,167.16000366210938,InvestmentDecision.AVOID,0,0,"{'fundamental_score': 5.1000000000000005, 'technical_score': 0, 'confidence': 0}"
RCF.NS,130.2100067138672,InvestmentDecision.AVOID,0,0,"{'fundamental_score': 4.25, 'technical_score': 0, 'confidence': 0}"
ESABINDIA.NS,5662.0,InvestmentDecision.AVOID,0,0,"{'fundamental_score': 8.1, 'technical_score': 0, 'confidence': 0}"
VOLTAMP.NS,9390.0,InvestmentDecision.AVOID,0,0,"{'fundamental_score': 8.1, 'technical_score': 0, 'confidence': 0}"
STAR.NS,1080.800048828125,InvestmentDecision.AVOID,0,0,"{'fundamental_score': 6.75, 'technical_score': 0, 'confidence': 0}"
GALAXYSURF.NS,1991.5,InvestmentDecision.AVOID,0,0,"{'fundamental_score': 5.7, 'technical_score': 0, 'confidence': 0}"
MAHLIFE.NS,359.04998779296875,InvestmentDecision.AVOID,0,0,"{'fundamental_score': 7.2, 'technical_score': 0, 'confidence': 0}"
GPPL.NS,150.27000427246094,InvestmentDecision.AVOID,0,0,"{'fundamental_score': 8.7, 'technical_score': 0, 'confidence': 0}"
SHARDACROP.NS,884.0,InvestmentDecision.AVOID,0,0,"{'fundamental_score': 8.1, 'technical_score': 0, 'confidence': 0}"
OSWALPUMPS.NS,406.20001220703125,InvestmentDecision.AVOID,0,0,"{'fundamental_score': 8.7, 'technical_score': 0, 'confidence': 0}"
DODLA.NS,1120.4000244140625,InvestmentDecision.AVOID,0,0,"{'fundamental_score': 5.9, 'technical_score': 0, 'confidence': 0}"
NETWORK18.NS,30.959999084472656,InvestmentDecision.AVOID,0,0,"{'fundamental_score': 4.25, 'technical_score': 0, 'confidence': 0}"
DIACABS.NS,231.3300018310547,InvestmentDecision.AVOID,0,0,"{'fundamental_score': 6.7, 'technical_score': 0, 'confidence': 0}"
GRWRHITECH.NS,6821.5,InvestmentDecision.AVOID,0,0,"{'fundamental_score': 7.4, 'technical_score': 0, 'confidence': 0}"
CERA.NS,6323.5,InvestmentDecision.AVOID,0,0,"{'fundamental_score': 6.2, 'technical_score': 0, 'confidence': 0}"
KIRLPNU.NS,1745.199951171875,InvestmentDecision.AVOID,0,0,"{'fundamental_score': 8.1, 'technical_score': 0, 'confidence': 0}"
BORORENEW.NS,594.5999755859375,InvestmentDecision.AVOID,0,0,"{'fundamental_score': 5.7, 'technical_score': 0, 'confidence': 0}"
KALPATARU.NS,286.5,InvestmentDecision.AVOID,0,0,"{'fundamental_score': 3.2, 'technical_score': 0, 'confidence': 0}"
TRIVENI.NS,449.1000061035156,InvestmentDecision.AVOID,0,0,"{'fundamental_score': 3.8500000000000005, 'technical_score': 0, 'confidence': 0}"
GSFC.NS,159.2899932861328,InvestmentDecision.AVOID,0,0,"{'fundamental_score': 4.7, 'technical_score': 0, 'confidence': 0}"
GARFIBRES.NS,702.2999877929688,InvestmentDecision.AVOID,0,0,"{'fundamental_score': 6.800000000000001, 'technical_score': 0, 'confidence': 0}"
ACI.NS,520.1500244140625,InvestmentDecision.AVOID,0,0,"{'fundamental_score': 4.7, 'technical_score': 0, 'confidence': 0}"
SHILPAMED.NS,595.3499755859375,InvestmentDecision.AVOID,0,0,"{'fundamental_score': 6.9, 'technical_score': 0, 'confidence': 0}"
DBL.NS,418.8500061035156,InvestmentDecision.AVOID,0,0,"{'fundamental_score': 7.199999999999999, 'technical_score': 0, 'confidence': 0}"
MAXESTATES.NS,431.70001220703125,InvestmentDecision.AVOID,0,0,"{'fundamental_score': 4.25, 'technical_score': 0, 'confidence': 0}"
THOMASCOOK.NS,101.98999786376953,InvestmentDecision.AVOID,0,0,"{'fundamental_score': 5.1000000000000005, 'technical_score': 0, 'confidence': 0}"
AARTIPHARM.NS,686.25,InvestmentDecision.AVOID,0,0,"{'fundamental_score': 4.7, 'technical_score': 0, 'confidence': 0}"
GNFC.NS,497.70001220703125,InvestmentDecision.AVOID,0,0,"{'fundamental_score': 5.7, 'technical_score': 0, 'confidence': 0}"
THANGAMAYL.NS,6806.0,InvestmentDecision.AVOID,0,0,"{'fundamental_score': 5.8500000000000005, 'technical_score': 0, 'confidence': 0}"
PRSMJOHNSN.NS,111.01000213623047,InvestmentDecision.AVOID,0,0,"{'fundamental_score': 6.25, 'technical_score': 0, 'confidence': 0}"
RUSTOMJEE.NS,412.6000061035156,InvestmentDecision.AVOID,0,0,"{'fundamental_score': 4.25, 'technical_score': 0, 'confidence': 0}"
AKUMS.NS,647.3499755859375,InvestmentDecision.AVOID,0,0,"{'fundamental_score': 4.7, 'technical_score': 0, 'confidence': 0}"
AJAXENGG.NS,517.5999755859375,InvestmentDecision.AVOID,0,0,"{'fundamental_score': 6.7, 'technical_score': 0, 'confidence': 0}"
ETHOSLTD.NS,2451.800048828125,InvestmentDecision.AVOID,0,0,"{'fundamental_score': 4.300000000000001, 'technical_score': 0, 'confidence': 0}"
PNCINFRA.NS,238.17999267578125,InvestmentDecision.AVOID,0,0,"{'fundamental_score': 6.95, 'technical_score': 0, 'confidence': 0}"
FDC.NS,423.3999938964844,InvestmentDecision.AVOID,0,0,"{'fundamental_score': 6.6, 'technical_score': 0, 'confidence': 0}"
LLOYDSENGG.NS,81.7300033569336,InvestmentDecision.AVOID,0,0,"{'fundamental_score': 7.6, 'technical_score': 0, 'confidence': 0}"
REDTAPE.NS,133.11000061035156,InvestmentDecision.AVOID,0,0,"{'fundamental_score': 5.8500000000000005, 'technical_score': 0, 'confidence': 0}"
TMB.NS,750.9000244140625,InvestmentDecision.AVOID,0,0,"{'fundamental_score': 7.000000000000001, 'technical_score': 0, 'confidence': 0}"
TIPSMUSIC.NS,668.4500122070312,InvestmentDecision.AVOID,0,0,"{'fundamental_score': 8.7, 'technical_score': 0, 'confidence': 0}"
EPIGRAL.NS,987.7000122070312,InvestmentDecision.AVOID,0,0,"{'fundamental_score': 7.6, 'technical_score': 0, 'confidence': 0}"
INOXGREEN.NS,195.83999633789062,InvestmentDecision.AVOID,0,0,"{'fundamental_score': 6.2, 'technical_score': 0, 'confidence': 0}"
SFL.NS,739.4000244140625,InvestmentDecision.AVOID,0,0,"{'fundamental_score': 4.300000000000001, 'technical_score': 0, 'confidence': 0}"
V2RETAIL.NS,225.50999450683594,InvestmentDecision.AVOID,0,0,"{'fundamental_score': 5.4, 'technical_score': 0, 'confidence': 0}"
MASTEK.NS,1606.0999755859375,InvestmentDecision.AVOID,0,0,"{'fundamental_score': 6.2, 'technical_score': 0, 'confidence': 0}"
BALUFORGE.NS,439.79998779296875,InvestmentDecision.AVOID,0,0,"{'fundamental_score': 8.7, 'technical_score': 0, 'confidence': 0}"
MOIL.NS,269.0,InvestmentDecision.AVOID,0,0,"{'fundamental_score': 7.2, 'technical_score': 0, 'confidence': 0}"
GANESHHOU.NS,822.75,InvestmentDecision.AVOID,0,0,"{'fundamental_score': 7.7, 'technical_score': 0, 'confidence': 0}"
RTNINDIA.NS,31.979999542236328,InvestmentDecision.AVOID,0,0,"{'fundamental_score': 5.0, 'technical_score': 0, 'confidence': 0}"
PFOCUS.NS,233.7899932861328,InvestmentDecision.AVOID,0,0,"{'fundamental_score': 4.7, 'technical_score': 0, 'confidence': 0}"
WELENT.NS,600.9000244140625,InvestmentDecision.AVOID,0,0,"{'fundamental_score': 5.75, 'technical_score': 0, 'confidence': 0}"
RAYMONDLSL.NS,734.5,InvestmentDecision.AVOID,0,0,"{'fundamental_score': 4.300000000000001, 'technical_score': 0, 'confidence': 0}"
ISGEC.NS,894.1500244140625,InvestmentDecision.AVOID,0,0,"{'fundamental_score': 4.7, 'technical_score': 0, 'confidence': 0}"
PRAJIND.NS,355.1499938964844,InvestmentDecision.AVOID,0,0,"{'fundamental_score': 4.7, 'technical_score': 0, 'confidence': 0}"
RATEGAIN.NS,916.8499755859375,InvestmentDecision.AVOID,0,0,"{'fundamental_score': 5.7, 'technical_score': 0, 'confidence': 0}"
MIDHANI.NS,408.70001220703125,InvestmentDecision.AVOID,0,0,"{'fundamental_score': 4.7, 'technical_score': 0, 'confidence': 0}"
KTKBANK.NS,262.8500061035156,InvestmentDecision.AVOID,0,0,"{'fundamental_score': 6.6000000000000005, 'technical_score': 0, 'confidence': 0}"
YATHARTH.NS,804.5499877929688,InvestmentDecision.AVOID,0,0,"{'fundamental_score': 6.6, 'technical_score': 0, 'confidence': 0}"
CSBBANK.NS,350.75,InvestmentDecision.AVOID,0,0,"{'fundamental_score': 7.000000000000001, 'technical_score': 0, 'confidence': 0}"
EPL.NS,233.85000610351562,InvestmentDecision.AVOID,0,0,"{'fundamental_score': 5.9, 'technical_score': 0, 'confidence': 0}"
AURIONPRO.NS,817.5,InvestmentDecision.AVOID,0,0,"{'fundamental_score': 7.1, 'technical_score': 0, 'confidence': 0}"
JUSTDIAL.NS,540.5,InvestmentDecision.AVOID,0,0,"{'fundamental_score': 7.2, 'technical_score': 0, 'confidence': 0}"
MHRIL.NS,232.00999450683594,InvestmentDecision.AVOID,0,0,"{'fundamental_score': 2.8000000000000003, 'technical_score': 0, 'confidence': 0}"
THYROCARE.NS,521.7000122070312,InvestmentDecision.AVOID,0,0,"{'fundamental_score': 8.7, 'technical_score': 0, 'confidence': 0}"
ARVINDFASN.NS,460.5,InvestmentDecision.AVOID,0,0,"{'fundamental_score': 5.0, 'technical_score': 0, 'confidence': 0}"
EQUITASBNK.NS,76.81999969482422,InvestmentDecision.AVOID,0,0,"{'fundamental_score': 3.8500000000000005, 'technical_score': 0, 'confidence': 0}"
ELLEN.NS,254.3000030517578,InvestmentDecision.AVOID,0,0,"{'fundamental_score': 7.7, 'technical_score': 0, 'confidence': 0}"
CMSINFO.NS,263.8500061035156,InvestmentDecision.AVOID,0,0,"{'fundamental_score': 5.5, 'technical_score': 0, 'confidence': 0}"
PGIL.NS,1951.699951171875,InvestmentDecision.AVOID,0,0,"{'fundamental_score': 5.8500000000000005, 'technical_score': 0, 'confidence': 0}"
DHANUKA.NS,1036.5999755859375,InvestmentDecision.AVOID,0,0,"{'fundamental_score': 8.1, 'technical_score': 0, 'confidence': 0}"
SYMPHONY.NS,693.9000244140625,InvestmentDecision.AVOID,0,0,"{'fundamental_score': 4.300000000000001, 'technical_score': 0, 'confidence': 0}"
QPOWER.NS,1099.699951171875,InvestmentDecision.AVOID,0,0,"{'fundamental_score': 8.1, 'technical_score': 0, 'confidence': 0}"
CUPID.NS,196.97999572753906,InvestmentDecision.AVOID,0,0,"{'fundamental_score': 7.8, 'technical_score': 0, 'confidence': 0}"
AHLUCONT.NS,820.4000244140625,InvestmentDecision.AVOID,0,0,"{'fundamental_score': 6.2, 'technical_score': 0, 'confidence': 0}"
IFBIND.NS,1257.699951171875,InvestmentDecision.AVOID,0,0,"{'fundamental_score': 5.9, 'technical_score': 0, 'confidence': 0}"
BAJAJELEC.NS,320.95001220703125,InvestmentDecision.AVOID,0,0,"{'fundamental_score': 5.45, 'technical_score': 0, 'confidence': 0}"
JKPAPER.NS,354.3999938964844,InvestmentDecision.AVOID,0,0,"{'fundamental_score': 4.7, 'technical_score': 0, 'confidence': 0}"
PRICOLLTD.NS,608.7999877929688,InvestmentDecision.AVOID,0,0,"{'fundamental_score': 6.3, 'technical_score': 0, 'confidence': 0}"
AVALON.NS,1631.199951171875,InvestmentDecision.AVOID,0,0,"{'fundamental_score': 6.7, 'technical_score': 0, 'confidence': 0}"
SURYAROSNI.NS,254.14999389648438,InvestmentDecision.AVOID,0,0,"{'fundamental_score': 5.7, 'technical_score': 0, 'confidence': 0}"
HNDFDS.NS,532.5,InvestmentDecision.AVOID,0,0,"{'fundamental_score': 5.75, 'technical_score': 0, 'confidence': 0}"
PURVA.NS,214.85000610351562,InvestmentDecision.AVOID,0,0,"{'fundamental_score': 3.2, 'technical_score': 0, 'confidence': 0}"
AVL.NS,642.4000244140625,InvestmentDecision.AVOID,0,0,"{'fundamental_score': 5.8500000000000005, 'technical_score': 0, 'confidence': 0}"
RTNPOWER.NS,8.789999961853027,InvestmentDecision.AVOID,0,0,"{'fundamental_score': 4.25, 'technical_score': 0, 'confidence': 0}"
RENUKA.NS,22.559999465942383,InvestmentDecision.AVOID,0,0,"{'fundamental_score': 5.9, 'technical_score': 0, 'confidence': 0}"
GREENLAM.NS,249.9499969482422,InvestmentDecision.AVOID,0,0,"{'fundamental_score': 3.8500000000000005, 'technical_score': 0, 'confidence': 0}"
SUPRAJIT.NS,492.0,InvestmentDecision.AVOID,0,0,"{'fundamental_score': 5.050000000000001, 'technical_score': 0, 'confidence': 0}"
JAYNECOIND.NS,85.91000366210938,InvestmentDecision.AVOID,0,0,"{'fundamental_score': 6.25, 'technical_score': 0, 'confidence': 0}"
VMART.NS,784.9500122070312,InvestmentDecision.AVOID,0,0,"{'fundamental_score': 4.6000000000000005, 'technical_score': 0, 'confidence': 0}"
IONEXCHANG.NS,397.0,InvestmentDecision.AVOID,0,0,"{'fundamental_score': 5.7, 'technical_score': 0, 'confidence': 0}"
SUNTECK.NS,312.1499938964844,InvestmentDecision.AVOID,0,0,"{'fundamental_score': 6.2, 'technical_score': 0, 'confidence': 0}"
JUNIPER.NS,194.25999450683594,InvestmentDecision.AVOID,0,0,"{'fundamental_score': 5.200000000000001, 'technical_score': 0, 'confidence': 0}"
HGINFRA.NS,549.75,InvestmentDecision.AVOID,0,0,"{'fundamental_score': 4.2, 'technical_score': 0, 'confidence': 0}"
ICRA.NS,5223.5,InvestmentDecision.AVOID,0,0,"{'fundamental_score': 7.4, 'technical_score': 0, 'confidence': 0}"
SUBROS.NS,793.7999877929688,InvestmentDecision.AVOID,0,0,"{'fundamental_score': 5.500000000000001, 'technical_score': 0, 'confidence': 0}"
AXISCADES.NS,1536.5,InvestmentDecision.AVOID,0,0,"{'fundamental_score': 5.25, 'technical_score': 0, 'confidence': 0}"
RALLIS.NS,223.11000061035156,InvestmentDecision.AVOID,0,0,"{'fundamental_score': 5.7, 'technical_score': 0, 'confidence': 0}"
GOKEX.NS,808.6500244140625,InvestmentDecision.AVOID,0,0,"{'fundamental_score': 3.8500000000000005, 'technical_score': 0, 'confidence': 0}"
MTARTECH.NS,6826.5,InvestmentDecision.AVOID,0,0,"{'fundamental_score': 6.2, 'technical_score': 0, 'confidence': 0}"
GULFOILLUB.NS,1039.4000244140625,InvestmentDecision.AVOID,0,0,"{'fundamental_score': 7.2, 'technical_score': 0, 'confidence': 0}"
CHEMPLASTS.NS,198.07000732421875,InvestmentDecision.AVOID,0,0,"{'fundamental_score': 3.8000000000000003, 'technical_score': 0, 'confidence': 0}"
ASHAPURMIN.NS,627.3499755859375,InvestmentDecision.AVOID,0,0,"{'fundamental_score': 6.75, 'technical_score': 0, 'confidence': 0}"
SWSOLAR.NS,232.41000366210938,InvestmentDecision.AVOID,0,0,"{'fundamental_score': 3.2, 'technical_score': 0, 'confidence': 0}"
SHARDAMOTR.NS,859.6500244140625,InvestmentDecision.AVOID,0,0,"{'fundamental_score': 6.3, 'technical_score': 0, 'confidence': 0}"
PICCADIL.NS,643.5499877929688,InvestmentDecision.AVOID,0,0,"{'fundamental_score': 6.35, 'technical_score': 0, 'confidence': 0}"
INDIAGLYCO.NS,1037.949951171875,InvestmentDecision.AVOID,0,0,"{'fundamental_score': 5.25, 'technical_score': 0, 'confidence': 0}"
MANINFRA.NS,100.5199966430664,InvestmentDecision.AVOID,0,0,"{'fundamental_score': 7.2, 'technical_score': 0, 'confidence': 0}"
VIPIND.NS,300.29998779296875,InvestmentDecision.AVOID,0,0,"{'fundamental_score': 2.8000000000000003, 'technical_score': 0, 'confidence': 0}"
ELECTCAST.NS,74.69000244140625,InvestmentDecision.AVOID,0,0,"{'fundamental_score': 4.7, 'technical_score': 0, 'confidence': 0}"
TIIL.NS,2514.800048828125,InvestmentDecision.AVOID,0,0,"{'fundamental_score': 6.7, 'technical_score': 0, 'confidence': 0}"
PILANIINVS.NS,4307.7001953125,InvestmentDecision.AVOID,0,0,"{'fundamental_score': 4.300000000000001, 'technical_score': 0, 'confidence': 0}"
SMARTWORKS.NS,452.75,InvestmentDecision.AVOID,0,0,"{'fundamental_score': 3.2, 'technical_score': 0, 'confidence': 0}"
IMFA.NS,1344.0,InvestmentDecision.AVOID,0,0,"{'fundamental_score': 7.9, 'technical_score': 0, 'confidence': 0}"
SUPRIYA.NS,861.7000122070312,InvestmentDecision.AVOID,0,0,"{'fundamental_score': 8.7, 'technical_score': 0, 'confidence': 0}"
PARAS.NS,1276.4000244140625,InvestmentDecision.AVOID,0,0,"{'fundamental_score': 7.7, 'technical_score': 0, 'confidence': 0}"
GHCL.NS,421.54998779296875,InvestmentDecision.AVOID,0,0,"{'fundamental_score': 7.4, 'technical_score': 0, 'confidence': 0}"
EMUDHRA.NS,432.29998779296875,InvestmentDecision.AVOID,0,0,"{'fundamental_score': 7.4, 'technical_score': 0, 'confidence': 0}"
MASFIN.NS,313.79998779296875,InvestmentDecision.AVOID,0,0,"{'fundamental_score': 5.5, 'technical_score': 0, 'confidence': 0}"
TEXRAIL.NS,111.5199966430664,InvestmentDecision.AVOID,0,0,"{'fundamental_score': 4.7, 'technical_score': 0, 'confidence': 0}"
SKIPPER.NS,532.5999755859375,InvestmentDecision.AVOID,0,0,"{'fundamental_score': 6.25, 'technical_score': 0, 'confidence': 0}"
RAJESHEXPO.NS,93.19999694824219,InvestmentDecision.AVOID,0,0,"{'fundamental_score': 4.300000000000001, 'technical_score': 0, 'confidence': 0}"
STLTECH.NS,528.1500244140625,InvestmentDecision.AVOID,0,0,"{'fundamental_score': 4.25, 'technical_score': 0, 'confidence': 0}"
SENCO.NS,331.75,InvestmentDecision.AVOID,0,0,"{'fundamental_score': 5.4, 'technical_score': 0, 'confidence': 0}"
FISCHER.NS,37.130001068115234,InvestmentDecision.AVOID,0,0,"{'fundamental_score': 4.7, 'technical_score': 0, 'confidence': 0}"
KSCL.NS,865.6500244140625,InvestmentDecision.AVOID,0,0,"{'fundamental_score': 8.7, 'technical_score': 0, 'confidence': 0}"
ICIL.NS,411.20001220703125,InvestmentDecision.AVOID,0,0,"{'fundamental_score': 3.8500000000000005, 'technical_score': 0, 'confidence': 0}"
SHOPERSTOP.NS,346.04998779296875,InvestmentDecision.AVOID,0,0,"{'fundamental_score': 2.8000000000000003, 'technical_score': 0, 'confidence': 0}"
INDIGOPNTS.NS,1050.300048828125,InvestmentDecision.AVOID,0,0,"{'fundamental_score': 6.2, 'technical_score': 0, 'confidence': 0}"
FIEMIND.NS,2180.699951171875,InvestmentDecision.AVOID,0,0,"{'fundamental_score': 6.3, 'technical_score': 0, 'confidence': 0}"
TVSSCS.NS,134.8699951171875,InvestmentDecision.AVOID,0,0,"{'fundamental_score': 3.8000000000000003, 'technical_score': 0, 'confidence': 0}"
RESPONIND.NS,203.05999755859375,InvestmentDecision.AVOID,0,0,"{'fundamental_score': 5.7, 'technical_score': 0, 'confidence': 0}"
BANSALWIRE.NS,330.20001220703125,InvestmentDecision.AVOID,0,0,"{'fundamental_score': 5.7, 'technical_score': 0, 'confidence': 0}"
LXCHEM.NS,150.58999633789062,InvestmentDecision.AVOID,0,0,"{'fundamental_score': 4.7, 'technical_score': 0, 'confidence': 0}"
CRIZAC.NS,195.11000061035156,InvestmentDecision.AVOID,0,0,"{'fundamental_score': 7.8, 'technical_score': 0, 'confidence': 0}"
AGI.NS,683.1500244140625,InvestmentDecision.AVOID,0,0,"{'fundamental_score': 6.800000000000001, 'technical_score': 0, 'confidence': 0}"
KNRCON.NS,127.27999877929688,InvestmentDecision.AVOID,0,0,"{'fundamental_score': 6.9, 'technical_score': 0, 'confidence': 0}"
UNIMECH.NS,1163.9000244140625,InvestmentDecision.AVOID,0,0,"{'fundamental_score': 7.2, 'technical_score': 0, 'confidence': 0}"
GMMPFAUDLR.NS,759.75,InvestmentDecision.AVOID,0,0,"{'fundamental_score': 4.25, 'technical_score': 0, 'confidence': 0}"
ASHOKA.NS,125.9800033569336,InvestmentDecision.AVOID,0,0,"{'fundamental_score': 8.7, 'technical_score': 0, 'confidence': 0}"
DYNAMATECH.NS,10551.0,InvestmentDecision.AVOID,0,0,"{'fundamental_score': 3.8500000000000005, 'technical_score': 0, 'confidence': 0}"
E2E.NS,378.79998779296875,InvestmentDecision.AVOID,0,0,"{'fundamental_score': 4.7, 'technical_score': 0, 'confidence': 0}"
GOKULAGRO.NS,206.61000061035156,InvestmentDecision.AVOID,0,0,"{'fundamental_score': 6.3, 'technical_score': 0, 'confidence': 0}"
FEDFINA.NS,148.97999572753906,InvestmentDecision.AVOID,0,0,"{'fundamental_score': 5.5, 'technical_score': 0, 'confidence': 0}"
OPTIEMUS.NS,538.2999877929688,InvestmentDecision.AVOID,0,0,"{'fundamental_score': 4.7, 'technical_score': 0, 'confidence': 0}"
KINGFA.NS,4983.5,InvestmentDecision.AVOID,0,0,"{'fundamental_score': 6.7, 'technical_score': 0, 'confidence': 0}"
KRN.NS,1205.0999755859375,InvestmentDecision.AVOID,0,0,"{'fundamental_score': 7.1, 'technical_score': 0, 'confidence': 0}"
DATAMATICS.NS,848.1500244140625,InvestmentDecision.AVOID,0,0,"{'fundamental_score': 6.2, 'technical_score': 0, 'confidence': 0}"
WEBELSOLAR.NS,97.20999908447266,InvestmentDecision.AVOID,0,0,"{'fundamental_score': 8.7, 'technical_score': 0, 'confidence': 0}"
EMIL.NS,130.0500030517578,InvestmentDecision.AVOID,0,0,"{'fundamental_score': 3.4000000000000004, 'technical_score': 0, 'confidence': 0}"
PTC.NS,168.4199981689453,InvestmentDecision.AVOID,0,0,"{'fundamental_score': 5.7, 'technical_score': 0, 'confidence': 0}"
ROUTE.NS,533.5499877929688,InvestmentDecision.AVOID,0,0,"{'fundamental_score': 5.7, 'technical_score': 0, 'confidence': 0}"
ITDC.NS,723.4000244140625,InvestmentDecision.AVOID,0,0,"{'fundamental_score': 7.5, 'technical_score': 0, 'confidence': 0}"
RSYSTEMS.NS,234.9499969482422,InvestmentDecision.AVOID,0,0,"{'fundamental_score': 6.7, 'technical_score': 0, 'confidence': 0}"
ZAGGLE.NS,201.69000244140625,InvestmentDecision.AVOID,0,0,"{'fundamental_score': 5.7, 'technical_score': 0, 'confidence': 0}"
GAEL.NS,159.3000030517578,InvestmentDecision.AVOID,0,0,"{'fundamental_score': 5.1000000000000005, 'technical_score': 0, 'confidence': 0}"
ORIANA.NS,1464.5,InvestmentDecision.AVOID,0,0,"{'fundamental_score': 6.7, 'technical_score': 0, 'confidence': 0}"
SIS.NS,430.04998779296875,InvestmentDecision.AVOID,0,0,"{'fundamental_score': 4.25, 'technical_score': 0, 'confidence': 0}"
PDSL.NS,346.04998779296875,InvestmentDecision.AVOID,0,0,"{'fundamental_score': 5.25, 'technical_score': 0, 'confidence': 0}"
SMLMAH.NS,3876.39990234375,InvestmentDecision.AVOID,0,0,"{'fundamental_score': 5.8500000000000005, 'technical_score': 0, 'confidence': 0}"
HCC.NS,22.799999237060547,InvestmentDecision.AVOID,0,0,"{'fundamental_score': 3.1, 'technical_score': 0, 'confidence': 0}"
VRLLOG.NS,231.41000366210938,InvestmentDecision.AVOID,0,0,"{'fundamental_score': 6.3, 'technical_score': 0, 'confidence': 0}"
ENTERO.NS,1172.4000244140625,InvestmentDecision.AVOID,0,0,"{'fundamental_score': 4.7, 'technical_score': 0, 'confidence': 0}"
SUNFLAG.NS,327.3999938964844,InvestmentDecision.AVOID,0,0,"{'fundamental_score': 4.7, 'technical_score': 0, 'confidence': 0}"
SWARAJENG.NS,3743.89990234375,InvestmentDecision.AVOID,0,0,"{'fundamental_score': 6.3, 'technical_score': 0, 'confidence': 0}"
JSFB.NS,441.20001220703125,InvestmentDecision.AVOID,0,0,"{'fundamental_score': 4.300000000000001, 'technical_score': 0, 'confidence': 0}"
JKIL.NS,483.95001220703125,InvestmentDecision.AVOID,0,0,"{'fundamental_score': 6.2, 'technical_score': 0, 'confidence': 0}"
CARERATING.NS,1610.0999755859375,InvestmentDecision.AVOID,0,0,"{'fundamental_score': 7.8, 'technical_score': 0, 'confidence': 0}"
ANUP.NS,2135.300048828125,InvestmentDecision.AVOID,0,0,"{'fundamental_score': 7.6, 'technical_score': 0, 'confidence': 0}"
GREAVESCOT.NS,224.57000732421875,InvestmentDecision.AVOID,0,0,"{'fundamental_score': 6.7, 'technical_score': 0, 'confidence': 0}"
SUVEN.NS,317.1000061035156,InvestmentDecision.AVOID,0,0,"{'fundamental_score': 4.7, 'technical_score': 0, 'confidence': 0}"
LGBBROSLTD.NS,1537.5,InvestmentDecision.AVOID,0,0,"{'fundamental_score': 5.9, 'technical_score': 0, 'confidence': 0}"
SKYGOLD.NS,585.5,InvestmentDecision.AVOID,0,0,"{'fundamental_score': 5.8500000000000005, 'technical_score': 0, 'confidence': 0}"
REFEX.NS,334.6000061035156,InvestmentDecision.AVOID,0,0,"{'fundamental_score': 5.9, 'technical_score': 0, 'confidence': 0}"
TARC.NS,124.2699966430664,InvestmentDecision.AVOID,0,0,"{'fundamental_score': 3.2, 'technical_score': 0, 'confidence': 0}"
NIITMTS.NS,244.35000610351562,InvestmentDecision.AVOID,0,0,"{'fundamental_score': 6.800000000000001, 'technical_score': 0, 'confidence': 0}"
DBCORP.NS,197.55999755859375,InvestmentDecision.AVOID,0,0,"{'fundamental_score': 7.1, 'technical_score': 0, 'confidence': 0}"
INNOVACAP.NS,982.8499755859375,InvestmentDecision.AVOID,0,0,"{'fundamental_score': 6.2, 'technical_score': 0, 'confidence': 0}"
BALAMINES.NS,2196.699951171875,InvestmentDecision.AVOID,0,0,"{'fundamental_score': 4.7, 'technical_score': 0, 'confidence': 0}"
NACLIND.NS,221.72999572753906,InvestmentDecision.AVOID,0,0,"{'fundamental_score': 4.7, 'technical_score': 0, 'confidence': 0}"
DCBBANK.NS,180.0,InvestmentDecision.AVOID,0,0,"{'fundamental_score': 6.6000000000000005, 'technical_score': 0, 'confidence': 0}"
SJS.NS,2216.5,InvestmentDecision.AVOID,0,0,"{'fundamental_score': 7.5, 'technical_score': 0, 'confidence': 0}"
BOSCH-HCIL.NS,1339.4000244140625,InvestmentDecision.AVOID,0,0,"{'fundamental_score': 4.300000000000001, 'technical_score': 0, 'confidence': 0}"
NFL.NS,72.66000366210938,InvestmentDecision.AVOID,0,0,"{'fundamental_score': 3.8000000000000003, 'technical_score': 0, 'confidence': 0}"
SPARC.NS,269.9800109863281,InvestmentDecision.AVOID,0,0,"{'fundamental_score': 8.7, 'technical_score': 0, 'confidence': 0}"
INDIQUBE.NS,168.41000366210938,InvestmentDecision.AVOID,0,0,"{'fundamental_score': 3.2, 'technical_score': 0, 'confidence': 0}"
BANARISUG.NS,3476.0,InvestmentDecision.AVOID,0,0,"{'fundamental_score': 4.300000000000001, 'technical_score': 0, 'confidence': 0}"
SHREEJISPG.NS,501.1000061035156,InvestmentDecision.AVOID,0,0,"{'fundamental_score': 8.7, 'technical_score': 0, 'confidence': 0}"
VSTTILLERS.NS,4432.89990234375,InvestmentDecision.AVOID,0,0,"{'fundamental_score': 5.7, 'technical_score': 0, 'confidence': 0}"
INDRAMEDCO.NS,370.5,InvestmentDecision.AVOID,0,0,"{'fundamental_score': 8.1, 'technical_score': 0, 'confidence': 0}"
VSTIND.NS,265.6499938964844,InvestmentDecision.AVOID,0,0,"{'fundamental_score': 7.8, 'technical_score': 0, 'confidence': 0}"
RAIN.NS,198.72000122070312,InvestmentDecision.AVOID,0,0,"{'fundamental_score': 5.8, 'technical_score': 0, 'confidence': 0}"
SAMHI.NS,167.77000427246094,InvestmentDecision.AVOID,0,0,"{'fundamental_score': 7.3500000000000005, 'technical_score': 0, 'confidence': 0}"
HEIDELBERG.NS,159.02000427246094,InvestmentDecision.AVOID,0,0,"{'fundamental_score': 5.7, 'technical_score': 0, 'confidence': 0}"
CEIGALL.NS,366.1499938964844,InvestmentDecision.AVOID,0,0,"{'fundamental_score': 6.25, 'technical_score': 0, 'confidence': 0}"
SGMART.NS,669.0,InvestmentDecision.AVOID,0,0,"{'fundamental_score': 4.7, 'technical_score': 0, 'confidence': 0}"
HERITGFOOD.NS,327.79998779296875,InvestmentDecision.AVOID,0,0,"{'fundamental_score': 5.500000000000001, 'technical_score': 0, 'confidence': 0}"
STYRENIX.NS,2204.5,InvestmentDecision.AVOID,0,0,"{'fundamental_score': 6.2, 'technical_score': 0, 'confidence': 0}"
ORIENTCEM.NS,134.10000610351562,InvestmentDecision.AVOID,0,0,"{'fundamental_score': 7.6, 'technical_score': 0, 'confidence': 0}"
AARTIDRUGS.NS,387.1000061035156,InvestmentDecision.AVOID,0,0,"{'fundamental_score': 6.2, 'technical_score': 0, 'confidence': 0}"
ORIENTELEC.NS,168.6999969482422,InvestmentDecision.AVOID,0,0,"{'fundamental_score': 5.500000000000001, 'technical_score': 0, 'confidence': 0}"
GUJTHEM.NS,366.3999938964844,InvestmentDecision.AVOID,0,0,"{'fundamental_score': 7.75, 'technical_score': 0, 'confidence': 0}"
GOPAL.NS,268.1000061035156,InvestmentDecision.AVOID,0,0,"{'fundamental_score': 5.9, 'technical_score': 0, 'confidence': 0}"
BHARATRAS.NS,1309.5999755859375,InvestmentDecision.AVOID,0,0,"{'fundamental_score': 6.2, 'technical_score': 0, 'confidence': 0}"
RBA.NS,72.38999938964844,InvestmentDecision.AVOID,0,0,"{'fundamental_score': 2.8000000000000003, 'technical_score': 0, 'confidence': 0}"
LUMAXIND.NS,5246.5,InvestmentDecision.AVOID,0,0,"{'fundamental_score': 5.4, 'technical_score': 0, 'confidence': 0}"
ZOTA.NS,1412.699951171875,InvestmentDecision.AVOID,0,0,"{'fundamental_score': 4.7, 'technical_score': 0, 'confidence': 0}"
AVANTEL.NS,182.1999969482422,InvestmentDecision.AVOID,0,0,"{'fundamental_score': 4.7, 'technical_score': 0, 'confidence': 0}"
EIEL.NS,225.00999450683594,InvestmentDecision.AVOID,0,0,"{'fundamental_score': 7.9, 'technical_score': 0, 'confidence': 0}"
HUBTOWN.NS,202.05999755859375,InvestmentDecision.AVOID,0,0,"{'fundamental_score': 6.2, 'technical_score': 0, 'confidence': 0}"
KITEX.NS,151.30999755859375,InvestmentDecision.AVOID,0,0,"{'fundamental_score': 3.8500000000000005, 'technical_score': 0, 'confidence': 0}"
RAYMONDREL.NS,665.6500244140625,InvestmentDecision.AVOID,0,0,"{'fundamental_score': 6.75, 'technical_score': 0, 'confidence': 0}"
SANATHAN.NS,443.5,InvestmentDecision.AVOID,0,0,"{'fundamental_score': 3.8500000000000005, 'technical_score': 0, 'confidence': 0}"
NORTHARC.NS,296.3500061035156,InvestmentDecision.AVOID,0,0,"{'fundamental_score': 5.1000000000000005, 'technical_score': 0, 'confidence': 0}"
JAMNAAUTO.NS,132.35000610351562,InvestmentDecision.AVOID,0,0,"{'fundamental_score': 6.3, 'technical_score': 0, 'confidence': 0}"
GUJALKALI.NS,582.2000122070312,InvestmentDecision.AVOID,0,0,"{'fundamental_score': 8.2, 'technical_score': 0, 'confidence': 0}"
DCAL.NS,191.27000427246094,InvestmentDecision.AVOID,0,0,"{'fundamental_score': 4.7, 'technical_score': 0, 'confidence': 0}"
AWFIS.NS,298.20001220703125,InvestmentDecision.AVOID,0,0,"{'fundamental_score': 4.7, 'technical_score': 0, 'confidence': 0}"
MOSCHIP.NS,231.2899932861328,InvestmentDecision.AVOID,0,0,"{'fundamental_score': 5.7, 'technical_score': 0, 'confidence': 0}"
RAMKY.NS,385.54998779296875,InvestmentDecision.AVOID,0,0,"{'fundamental_score': 7.1, 'technical_score': 0, 'confidence': 0}"
GOLDIAM.NS,425.04998779296875,InvestmentDecision.AVOID,0,0,"{'fundamental_score': 7.5, 'technical_score': 0, 'confidence': 0}"
JTEKTINDIA.NS,140.16000366210938,InvestmentDecision.AVOID,0,0,"{'fundamental_score': 4.300000000000001, 'technical_score': 0, 'confidence': 0}"
HEMIPROP.NS,135.75999450683594,InvestmentDecision.AVOID,0,0,"{'fundamental_score': 4.7, 'technical_score': 0, 'confidence': 0}"
63MOONS.NS,666.8499755859375,InvestmentDecision.AVOID,0,0,"{'fundamental_score': 4.7, 'technical_score': 0, 'confidence': 0}"
KIRLOSIND.NS,4006.199951171875,InvestmentDecision.AVOID,0,0,"{'fundamental_score': 4.7, 'technical_score': 0, 'confidence': 0}"
SHANTIGEAR.NS,440.20001220703125,InvestmentDecision.AVOID,0,0,"{'fundamental_score': 8.1, 'technical_score': 0, 'confidence': 0}"
SINDHUTRAD.NS,25.219999313354492,InvestmentDecision.AVOID,0,0,"{'fundamental_score': 4.7, 'technical_score': 0, 'confidence': 0}"
BOROLTD.NS,227.30999755859375,InvestmentDecision.AVOID,0,0,"{'fundamental_score': 4.300000000000001, 'technical_score': 0, 'confidence': 0}"
MARATHON.NS,396.8500061035156,InvestmentDecision.AVOID,0,0,"{'fundamental_score': 7.2, 'technical_score': 0, 'confidence': 0}"
CAMLINFINE.NS,129.0500030517578,InvestmentDecision.AVOID,0,0,"{'fundamental_score': 4.25, 'technical_score': 0, 'confidence': 0}"
UFLEX.NS,428.1499938964844,InvestmentDecision.AVOID,0,0,"{'fundamental_score': 3.4000000000000004, 'technical_score': 0, 'confidence': 0}"
VAIBHAVGBL.NS,242.77000427246094,InvestmentDecision.AVOID,0,0,"{'fundamental_score': 5.9, 'technical_score': 0, 'confidence': 0}"
UEL.NS,127.94000244140625,InvestmentDecision.AVOID,0,0,"{'fundamental_score': 6.7, 'technical_score': 0, 'confidence': 0}"
RPGLIFE.NS,2428.300048828125,InvestmentDecision.AVOID,0,0,"{'fundamental_score': 8.4, 'technical_score': 0, 'confidence': 0}"
RAYMOND.NS,595.5499877929688,InvestmentDecision.AVOID,0,0,"{'fundamental_score': 6.2, 'technical_score': 0, 'confidence': 0}"
ORCHPHARMA.NS,1002.25,InvestmentDecision.AVOID,0,0,"{'fundamental_score': 6.7, 'technical_score': 0, 'confidence': 0}"
LUXIND.NS,1229.0999755859375,InvestmentDecision.AVOID,0,0,"{'fundamental_score': 4.300000000000001, 'technical_score': 0, 'confidence': 0}"
MPSLTD.NS,1948.9000244140625,InvestmentDecision.AVOID,0,0,"{'fundamental_score': 8.7, 'technical_score': 0, 'confidence': 0}"
MCLOUD.NS,29.31999969482422,InvestmentDecision.AVOID,0,0,"{'fundamental_score': 8.4, 'technical_score': 0, 'confidence': 0}"
AJMERA.NS,125.0999984741211,InvestmentDecision.AVOID,0,0,"{'fundamental_score': 6.6, 'technical_score': 0, 'confidence': 0}"
GOODLUCK.NS,1453.5999755859375,InvestmentDecision.AVOID,0,0,"{'fundamental_score': 5.75, 'technical_score': 0, 'confidence': 0}"
VADILALIND.NS,6284.0,InvestmentDecision.AVOID,0,0,"{'fundamental_score': 6.3, 'technical_score': 0, 'confidence': 0}"
EBGNG.NS,640.2999877929688,InvestmentDecision.AVOID,0,0,"{'fundamental_score': 6.75, 'technical_score': 0, 'confidence': 0}"
QUESS.NS,290.5,InvestmentDecision.AVOID,0,0,"{'fundamental_score': 7.2, 'technical_score': 0, 'confidence': 0}"
WONDERLA.NS,464.70001220703125,InvestmentDecision.AVOID,0,0,"{'fundamental_score': 5.500000000000001, 'technical_score': 0, 'confidence': 0}"
GREENPLY.NS,313.95001220703125,InvestmentDecision.AVOID,0,0,"{'fundamental_score': 5.25, 'technical_score': 0, 'confidence': 0}"
NEOGEN.NS,1950.9000244140625,InvestmentDecision.AVOID,0,0,"{'fundamental_score': 3.2, 'technical_score': 0, 'confidence': 0}"
INTERARCH.NS,1789.0,InvestmentDecision.AVOID,0,0,"{'fundamental_score': 6.7, 'technical_score': 0, 'confidence': 0}"
PRECWIRE.NS,374.8999938964844,InvestmentDecision.AVOID,0,0,"{'fundamental_score': 7.2, 'technical_score': 0, 'confidence': 0}"
KOLTEPATIL.NS,356.6000061035156,InvestmentDecision.AVOID,0,0,"{'fundamental_score': 4.25, 'technical_score': 0, 'confidence': 0}"
JINDWORLD.NS,28.520000457763672,InvestmentDecision.AVOID,0,0,"{'fundamental_score': 3.8500000000000005, 'technical_score': 0, 'confidence': 0}"
MBAPL.NS,118.05000305175781,InvestmentDecision.AVOID,0,0,"{'fundamental_score': 5.7, 'technical_score': 0, 'confidence': 0}"
MEDIASSIST.NS,354.25,InvestmentDecision.AVOID,0,0,"{'fundamental_score': 6.2, 'technical_score': 0, 'confidence': 0}"
NPST.NS,1571.800048828125,InvestmentDecision.AVOID,0,0,"{'fundamental_score': 8.2, 'technical_score': 0, 'confidence': 0}"
CENTUM.NS,3513.300048828125,InvestmentDecision.AVOID,0,0,"{'fundamental_score': 7.2, 'technical_score': 0, 'confidence': 0}"
HARSHA.NS,416.3500061035156,InvestmentDecision.AVOID,0,0,"{'fundamental_score': 5.7, 'technical_score': 0, 'confidence': 0}"
GOCOLORS.NS,331.54998779296875,InvestmentDecision.AVOID,0,0,"{'fundamental_score': 3.8500000000000005, 'technical_score': 0, 'confidence': 0}"
NSIL.NS,5308.0,InvestmentDecision.AVOID,0,0,"{'fundamental_score': 5.800000000000001, 'technical_score': 0, 'confidence': 0}"
INDOSTAR.NS,252.9499969482422,InvestmentDecision.AVOID,0,0,"{'fundamental_score': 3.4000000000000004, 'technical_score': 0, 'confidence': 0}"
KSL.NS,893.4000244140625,InvestmentDecision.AVOID,0,0,"{'fundamental_score': 6.7, 'technical_score': 0, 'confidence': 0}"
ROLEXRINGS.NS,137.9199981689453,InvestmentDecision.AVOID,0,0,"{'fundamental_score': 7.1, 'technical_score': 0, 'confidence': 0}"
ADVENZYMES.NS,318.6000061035156,InvestmentDecision.AVOID,0,0,"{'fundamental_score': 7.2, 'technical_score': 0, 'confidence': 0}"
SHAREINDIA.NS,177.72000122070312,InvestmentDecision.AVOID,0,0,"{'fundamental_score': 7.000000000000001, 'technical_score': 0, 'confidence': 0}"
POCL.NS,1461.5999755859375,InvestmentDecision.AVOID,0,0,"{'fundamental_score': 7.2, 'technical_score': 0, 'confidence': 0}"
GUFICBIO.NS,380.04998779296875,InvestmentDecision.AVOID,0,0,"{'fundamental_score': 5.25, 'technical_score': 0, 'confidence': 0}"
UNICHEMLAB.NS,572.7000122070312,InvestmentDecision.AVOID,0,0,"{'fundamental_score': 5.7, 'technical_score': 0, 'confidence': 0}"
MSTCLTD.NS,655.75,InvestmentDecision.AVOID,0,0,"{'fundamental_score': 8.7, 'technical_score': 0, 'confidence': 0}"
ROSSARI.NS,504.8999938964844,InvestmentDecision.AVOID,0,0,"{'fundamental_score': 5.7, 'technical_score': 0, 'confidence': 0}"
JUBLCPL.NS,2087.5,InvestmentDecision.AVOID,0,0,"{'fundamental_score': 7.2, 'technical_score': 0, 'confidence': 0}"
CYIENTDLM.NS,521.0999755859375,InvestmentDecision.AVOID,0,0,"{'fundamental_score': 4.7, 'technical_score': 0, 'confidence': 0}"
SUNCLAY.NS,1315.800048828125,InvestmentDecision.AVOID,0,0,"{'fundamental_score': 7.199999999999999, 'technical_score': 0, 'confidence': 0}"
RPEL.NS,1289.0999755859375,InvestmentDecision.AVOID,0,0,"{'fundamental_score': 8.7, 'technical_score': 0, 'confidence': 0}"
BALMLAWRIE.NS,174.6999969482422,InvestmentDecision.AVOID,0,0,"{'fundamental_score': 6.2, 'technical_score': 0, 'confidence': 0}"
ARTEMISMED.NS,268.0,InvestmentDecision.AVOID,0,0,"{'fundamental_score': 5.7, 'technical_score': 0, 'confidence': 0}"
PRINCEPIPE.NS,261.3999938964844,InvestmentDecision.AVOID,0,0,"{'fundamental_score': 4.7, 'technical_score': 0, 'confidence': 0}"
JISLJALEQS.NS,31.889999389648438,InvestmentDecision.AVOID,0,0,"{'fundamental_score': 4.25, 'technical_score': 0, 'confidence': 0}"
PITTIENG.NS,924.2000122070312,InvestmentDecision.AVOID,0,0,"{'fundamental_score': 5.75, 'technical_score': 0, 'confidence': 0}"
FOSECOIND.NS,5138.5,InvestmentDecision.AVOID,0,0,"{'fundamental_score': 7.6, 'technical_score': 0, 'confidence': 0}"
DPABHUSHAN.NS,1076.050048828125,InvestmentDecision.AVOID,0,0,"{'fundamental_score': 6.3, 'technical_score': 0, 'confidence': 0}"
SSWL.NS,237.47000122070312,InvestmentDecision.AVOID,0,0,"{'fundamental_score': 5.1000000000000005, 'technical_score': 0, 'confidence': 0}"
BHAGCHEM.NS,291.1000061035156,InvestmentDecision.AVOID,0,0,"{'fundamental_score': 4.7, 'technical_score': 0, 'confidence': 0}"
BAJAJCON.NS,613.9000244140625,InvestmentDecision.AVOID,0,0,"{'fundamental_score': 7.5, 'technical_score': 0, 'confidence': 0}"
NAVNETEDUL.NS,147.4199981689453,InvestmentDecision.AVOID,0,0,"{'fundamental_score': 8.7, 'technical_score': 0, 'confidence': 0}"
INDOTHAI.NS,216.10000610351562,InvestmentDecision.AVOID,0,0,"{'fundamental_score': 7.8, 'technical_score': 0, 'confidence': 0}"
GREENPANEL.NS,188.75999450683594,InvestmentDecision.AVOID,0,0,"{'fundamental_score': 4.7, 'technical_score': 0, 'confidence': 0}"
BBL.NS,2641.39990234375,InvestmentDecision.AVOID,0,0,"{'fundamental_score': 4.7, 'technical_score': 0, 'confidence': 0}"
PROTEAN.NS,574.0999755859375,InvestmentDecision.AVOID,0,0,"{'fundamental_score': 5.7, 'technical_score': 0, 'confidence': 0}"
VISHNU.NS,586.5999755859375,InvestmentDecision.AVOID,0,0,"{'fundamental_score': 6.2, 'technical_score': 0, 'confidence': 0}"
SAMBHV.NS,114.37999725341797,InvestmentDecision.AVOID,0,0,"{'fundamental_score': 7.2, 'technical_score': 0, 'confidence': 0}"
BOMDYEING.NS,123.91000366210938,InvestmentDecision.AVOID,0,0,"{'fundamental_score': 4.300000000000001, 'technical_score': 0, 'confidence': 0}"
SWANDEF.NS,2231.89990234375,InvestmentDecision.AVOID,0,0,"{'fundamental_score': 3.2, 'technical_score': 0, 'confidence': 0}"
PARAGMILK.NS,224.66000366210938,InvestmentDecision.AVOID,0,0,"{'fundamental_score': 5.1000000000000005, 'technical_score': 0, 'confidence': 0}"
SENORES.NS,1409.800048828125,InvestmentDecision.AVOID,0,0,"{'fundamental_score': 7.7, 'technical_score': 0, 'confidence': 0}"
HLEGLAS.NS,402.79998779296875,InvestmentDecision.AVOID,0,0,"{'fundamental_score': 5.25, 'technical_score': 0, 'confidence': 0}"
HIKAL.NS,228.77999877929688,InvestmentDecision.AVOID,0,0,"{'fundamental_score': 6.7, 'technical_score': 0, 'confidence': 0}"
FLAIR.NS,258.25,InvestmentDecision.AVOID,0,0,"{'fundamental_score': 6.2, 'technical_score': 0, 'confidence': 0}"
KIRIINDUS.NS,379.54998779296875,InvestmentDecision.AVOID,0,0,"{'fundamental_score': 8.7, 'technical_score': 0, 'confidence': 0}"
KKCL.NS,489.6000061035156,InvestmentDecision.AVOID,0,0,"{'fundamental_score': 5.500000000000001, 'technical_score': 0, 'confidence': 0}"
MAHLOG.NS,382.5,InvestmentDecision.AVOID,0,0,"{'fundamental_score': 4.7, 'technical_score': 0, 'confidence': 0}"
EPACK.NS,227.22000122070312,InvestmentDecision.AVOID,0,0,"{'fundamental_score': 3.8500000000000005, 'technical_score': 0, 'confidence': 0}"
ARKADE.NS,125.8499984741211,InvestmentDecision.AVOID,0,0,"{'fundamental_score': 5.5, 'technical_score': 0, 'confidence': 0}"
PSPPROJECT.NS,1039.300048828125,InvestmentDecision.AVOID,0,0,"{'fundamental_score': 6.7, 'technical_score': 0, 'confidence': 0}"
STYLAMIND.NS,3060.199951171875,InvestmentDecision.AVOID,0,0,"{'fundamental_score': 7.199999999999999, 'technical_score': 0, 'confidence': 0}"
KRISHANA.NS,128.75,InvestmentDecision.AVOID,0,0,"{'fundamental_score': 6.3, 'technical_score': 0, 'confidence': 0}"
PARKHOTELS.NS,124.20999908447266,InvestmentDecision.AVOID,0,0,"{'fundamental_score': 4.300000000000001, 'technical_score': 0, 'confidence': 0}"
GATEWAY.NS,58.029998779296875,InvestmentDecision.AVOID,0,0,"{'fundamental_score': 5.7, 'technical_score': 0, 'confidence': 0}"
PRABHA.NS,150.7100067138672,InvestmentDecision.AVOID,0,0,"{'fundamental_score': 4.300000000000001, 'technical_score': 0, 'confidence': 0}"
IMAGICAA.NS,45.40999984741211,InvestmentDecision.AVOID,0,0,"{'fundamental_score': 4.7, 'technical_score': 0, 'confidence': 0}"
JASH.NS,495.25,InvestmentDecision.AVOID,0,0,"{'fundamental_score': 6.7, 'technical_score': 0, 'confidence': 0}"
GLOBUSSPR.NS,888.1500244140625,InvestmentDecision.AVOID,0,0,"{'fundamental_score': 4.300000000000001, 'technical_score': 0, 'confidence': 0}"
PAISALO.NS,70.41999816894531,InvestmentDecision.AVOID,0,0,"{'fundamental_score': 5.5, 'technical_score': 0, 'confidence': 0}"
DDEVPLSTIK.NS,273.8999938964844,InvestmentDecision.AVOID,0,0,"{'fundamental_score': 7.2, 'technical_score': 0, 'confidence': 0}"
PATELENG.NS,31.639999389648438,InvestmentDecision.AVOID,0,0,"{'fundamental_score': 4.7, 'technical_score': 0, 'confidence': 0}"
PENIND.NS,164.77000427246094,InvestmentDecision.AVOID,0,0,"{'fundamental_score': 5.75, 'technical_score': 0, 'confidence': 0}"
WSTCSTPAPR.NS,541.9500122070312,InvestmentDecision.AVOID,0,0,"{'fundamental_score': 4.7, 'technical_score': 0, 'confidence': 0}"
GANECOS.NS,1077.949951171875,InvestmentDecision.AVOID,0,0,"{'fundamental_score': 4.300000000000001, 'technical_score': 0, 'confidence': 0}"
KDDL.NS,3057.199951171875,InvestmentDecision.AVOID,0,0,"{'fundamental_score': 4.300000000000001, 'technical_score': 0, 'confidence': 0}"
MAITHANALL.NS,993.0,InvestmentDecision.AVOID,0,0,"{'fundamental_score': 7.2, 'technical_score': 0, 'confidence': 0}"
POLYPLEX.NS,1019.1500244140625,InvestmentDecision.AVOID,0,0,"{'fundamental_score': 4.7, 'technical_score': 0, 'confidence': 0}"
DEEPINDS.NS,449.6000061035156,InvestmentDecision.AVOID,0,0,"{'fundamental_score': 6.6000000000000005, 'technical_score': 0, 'confidence': 0}"
SAGCEM.NS,173.75,InvestmentDecision.AVOID,0,0,"{'fundamental_score': 4.25, 'technical_score': 0, 'confidence': 0}"
SIYSIL.NS,611.5499877929688,InvestmentDecision.AVOID,0,0,"{'fundamental_score': 5.9, 'technical_score': 0, 'confidence': 0}"
HPL.NS,338.45001220703125,InvestmentDecision.AVOID,0,0,"{'fundamental_score': 5.25, 'technical_score': 0, 'confidence': 0}"
EASEMYTRIP.NS,6.849999904632568,InvestmentDecision.AVOID,0,0,"{'fundamental_score': 4.300000000000001, 'technical_score': 0, 'confidence': 0}"
ASHIANA.NS,372.3999938964844,InvestmentDecision.AVOID,0,0,"{'fundamental_score': 6.2, 'technical_score': 0, 'confidence': 0}"
TCPLPACK.NS,2923.89990234375,InvestmentDecision.AVOID,0,0,"{'fundamental_score': 5.050000000000001, 'technical_score': 0, 'confidence': 0}"
BRIGHOTEL.NS,62.84000015258789,InvestmentDecision.AVOID,0,0,"{'fundamental_score': 5.1000000000000005, 'technical_score': 0, 'confidence': 0}"
SANDHAR.NS,665.4000244140625,InvestmentDecision.AVOID,0,0,"{'fundamental_score': 5.45, 'technical_score': 0, 'confidence': 0}"
SHK.NS,129.0,InvestmentDecision.AVOID,0,0,"{'fundamental_score': 4.25, 'technical_score': 0, 'confidence': 0}"
TFCILTD.NS,75.33999633789062,InvestmentDecision.AVOID,0,0,"{'fundamental_score': 6.15, 'technical_score': 0, 'confidence': 0}"
RAMRAT.NS,412.75,InvestmentDecision.AVOID,0,0,"{'fundamental_score': 6.3, 'technical_score': 0, 'confidence': 0}"
SUNDROP.NS,634.0999755859375,InvestmentDecision.AVOID,0,0,"{'fundamental_score': 4.300000000000001, 'technical_score': 0, 'confidence': 0}"
EFCIL.NS,188.7100067138672,InvestmentDecision.AVOID,0,0,"{'fundamental_score': 7.2, 'technical_score': 0, 'confidence': 0}"
ORISSAMINE.NS,3779.5,InvestmentDecision.AVOID,0,0,"{'fundamental_score': 6.7, 'technical_score': 0, 'confidence': 0}"
VEEDOL.NS,1434.800048828125,InvestmentDecision.AVOID,0,0,"{'fundamental_score': 7.2, 'technical_score': 0, 'confidence': 0}"
TEAMLEASE.NS,1380.199951171875,InvestmentDecision.AVOID,0,0,"{'fundamental_score': 6.2, 'technical_score': 0, 'confidence': 0}"
AGIIL.NS,333.1000061035156,InvestmentDecision.AVOID,0,0,"{'fundamental_score': 8.7, 'technical_score': 0, 'confidence': 0}"
NOCIL.NS,173.6199951171875,InvestmentDecision.AVOID,0,0,"{'fundamental_score': 4.7, 'technical_score': 0, 'confidence': 0}"
EMSLIMITED.NS,410.04998779296875,InvestmentDecision.AVOID,0,0,"{'fundamental_score': 5.6, 'technical_score': 0, 'confidence': 0}"
PREMEXPLN.NS,685.4000244140625,InvestmentDecision.AVOID,0,0,"{'fundamental_score': 6.7, 'technical_score': 0, 'confidence': 0}"
MANINDS.NS,549.4500122070312,InvestmentDecision.AVOID,0,0,"{'fundamental_score': 5.7, 'technical_score': 0, 'confidence': 0}"
TIRUMALCHM.NS,167.52000427246094,InvestmentDecision.AVOID,0,0,"{'fundamental_score': 3.8000000000000003, 'technical_score': 0, 'confidence': 0}"
SANGHVIMOV.NS,441.25,InvestmentDecision.AVOID,0,0,"{'fundamental_score': 7.45, 'technical_score': 0, 'confidence': 0}"
FMGOETZE.NS,440.6499938964844,InvestmentDecision.AVOID,0,0,"{'fundamental_score': 5.500000000000001, 'technical_score': 0, 'confidence': 0}"
SBCL.NS,695.7999877929688,InvestmentDecision.AVOID,0,0,"{'fundamental_score': 8.4, 'technical_score': 0, 'confidence': 0}"
FCL.NS,36.38999938964844,InvestmentDecision.AVOID,0,0,"{'fundamental_score': 7.1, 'technical_score': 0, 'confidence': 0}"
VIMTALABS.NS,537.9500122070312,InvestmentDecision.AVOID,0,0,"{'fundamental_score': 8.7, 'technical_score': 0, 'confidence': 0}"
MUTHOOTMF.NS,206.38999938964844,InvestmentDecision.AVOID,0,0,"{'fundamental_score': 4.0, 'technical_score': 0, 'confidence': 0}"
MARINE.NS,247.64999389648438,InvestmentDecision.AVOID,0,0,"{'fundamental_score': 6.2, 'technical_score': 0, 'confidence': 0}"
ARVSMART.NS,599.4000244140625,InvestmentDecision.AVOID,0,0,"{'fundamental_score': 6.95, 'technical_score': 0, 'confidence': 0}"
DALMIASUG.NS,354.75,InvestmentDecision.AVOID,0,0,"{'fundamental_score': 3.8500000000000005, 'technical_score': 0, 'confidence': 0}"
KPEL.NS,322.04998779296875,InvestmentDecision.AVOID,0,0,"{'fundamental_score': 7.199999999999999, 'technical_score': 0, 'confidence': 0}"
GIPCL.NS,157.3300018310547,InvestmentDecision.AVOID,0,0,"{'fundamental_score': 7.75, 'technical_score': 0, 'confidence': 0}"
ALPEXSOLAR.NS,775.2999877929688,InvestmentDecision.AVOID,0,0,"{'fundamental_score': 6.7, 'technical_score': 0, 'confidence': 0}"
PRAKASH.NS,126.30999755859375,InvestmentDecision.AVOID,0,0,"{'fundamental_score': 5.7, 'technical_score': 0, 'confidence': 0}"
RPSGVENT.NS,915.25,InvestmentDecision.AVOID,0,0,"{'fundamental_score': 3.2, 'technical_score': 0, 'confidence': 0}"
BCG.NS,9.479999542236328,InvestmentDecision.AVOID,0,0,"{'fundamental_score': 6.6, 'technical_score': 0, 'confidence': 0}"
TATVA.NS,1182.0,InvestmentDecision.AVOID,0,0,"{'fundamental_score': 4.7, 'technical_score': 0, 'confidence': 0}"
IOLCP.NS,167.11000061035156,InvestmentDecision.AVOID,0,0,"{'fundamental_score': 4.7, 'technical_score': 0, 'confidence': 0}"
BAJAJHIND.NS,17.270000457763672,InvestmentDecision.AVOID,0,0,"{'fundamental_score': 3.8500000000000005, 'technical_score': 0, 'confidence': 0}"
BFUTILITIE.NS,545.4000244140625,InvestmentDecision.AVOID,0,0,"{'fundamental_score': 7.45, 'technical_score': 0, 'confidence': 0}"
RAMCOIND.NS,344.3500061035156,InvestmentDecision.AVOID,0,0,"{'fundamental_score': 5.9, 'technical_score': 0, 'confidence': 0}"
TVSSRICHAK.NS,4108.2998046875,InvestmentDecision.AVOID,0,0,"{'fundamental_score': 3.8500000000000005, 'technical_score': 0, 'confidence': 0}"
POKARNA.NS,992.7999877929688,InvestmentDecision.AVOID,0,0,"{'fundamental_score': 6.15, 'technical_score': 0, 'confidence': 0}"
JTLIND.NS,77.61000061035156,InvestmentDecision.AVOID,0,0,"{'fundamental_score': 4.7, 'technical_score': 0, 'confidence': 0}"
EVEREADY.NS,352.6499938964844,InvestmentDecision.AVOID,0,0,"{'fundamental_score': 7.2, 'technical_score': 0, 'confidence': 0}"
CARRARO.NS,524.5,InvestmentDecision.AVOID,0,0,"{'fundamental_score': 6.3, 'technical_score': 0, 'confidence': 0}"
NRBBEARING.NS,424.95001220703125,InvestmentDecision.AVOID,0,0,"{'fundamental_score': 5.9, 'technical_score': 0, 'confidence': 0}"
HONDAPOWER.NS,2074.10009765625,InvestmentDecision.AVOID,0,0,"{'fundamental_score': 4.7, 'technical_score': 0, 'confidence': 0}"
SAKSOFT.NS,167.30999755859375,InvestmentDecision.AVOID,0,0,"{'fundamental_score': 8.1, 'technical_score': 0, 'confidence': 0}"
MOREPENLAB.NS,58.959999084472656,InvestmentDecision.AVOID,0,0,"{'fundamental_score': 4.7, 'technical_score': 0, 'confidence': 0}"
HIRECT.NS,1025.199951171875,InvestmentDecision.AVOID,0,0,"{'fundamental_score': 6.3, 'technical_score': 0, 'confidence': 0}"
VENUSPIPES.NS,1733.0999755859375,InvestmentDecision.AVOID,0,0,"{'fundamental_score': 6.7, 'technical_score': 0, 'confidence': 0}"
SOTL.NS,551.2000122070312,InvestmentDecision.AVOID,0,0,"{'fundamental_score': 5.7, 'technical_score': 0, 'confidence': 0}"
ALLCARGO.NS,7.900000095367432,InvestmentDecision.AVOID,0,0,"{'fundamental_score': 3.8000000000000003, 'technical_score': 0, 'confidence': 0}"
MTNL.NS,28.190000534057617,InvestmentDecision.AVOID,0,0,"{'fundamental_score': 6.7, 'technical_score': 0, 'confidence': 0}"
RELTD.NS,179.83999633789062,InvestmentDecision.AVOID,0,0,"{'fundamental_score': 6.6, 'technical_score': 0, 'confidence': 0}"
ALEMBICLTD.NS,87.87000274658203,InvestmentDecision.AVOID,0,0,"{'fundamental_score': 7.7, 'technical_score': 0, 'confidence': 0}"
DIGITIDE.NS,101.61000061035156,InvestmentDecision.AVOID,0,0,"{'fundamental_score': 4.25, 'technical_score': 0, 'confidence': 0}"
UTKARSHBNK.NS,14.010000228881836,InvestmentDecision.AVOID,0,0,"{'fundamental_score': 4.300000000000001, 'technical_score': 0, 'confidence': 0}"
NUCLEUS.NS,751.0999755859375,InvestmentDecision.AVOID,0,0,"{'fundamental_score': 7.1, 'technical_score': 0, 'confidence': 0}"
SERVOTECH.NS,95.87999725341797,InvestmentDecision.AVOID,0,0,"{'fundamental_score': 5.25, 'technical_score': 0, 'confidence': 0}"
AUTOAXLES.NS,1750.5,InvestmentDecision.AVOID,0,0,"{'fundamental_score': 5.9, 'technical_score': 0, 'confidence': 0}"
HMT.NS,64.37000274658203,InvestmentDecision.AVOID,0,0,"{'fundamental_score': 6.7, 'technical_score': 0, 'confidence': 0}"
LAOPALA.NS,176.61000061035156,InvestmentDecision.AVOID,0,0,"{'fundamental_score': 6.6000000000000005, 'technical_score': 0, 'confidence': 0}"
DCXINDIA.NS,193.9199981689453,InvestmentDecision.AVOID,0,0,"{'fundamental_score': 4.7, 'technical_score': 0, 'confidence': 0}"
HINDWAREAP.NS,238.5500030517578,InvestmentDecision.AVOID,0,0,"{'fundamental_score': 3.4000000000000004, 'technical_score': 0, 'confidence': 0}"
INDOCO.NS,248.13999938964844,InvestmentDecision.AVOID,0,0,"{'fundamental_score': 3.8000000000000003, 'technical_score': 0, 'confidence': 0}"
WINDMACHIN.NS,306.79998779296875,InvestmentDecision.AVOID,0,0,"{'fundamental_score': 4.7, 'technical_score': 0, 'confidence': 0}"
TAJGVK.NS,350.20001220703125,InvestmentDecision.AVOID,0,0,"{'fundamental_score': 7.8, 'technical_score': 0, 'confidence': 0}"
NITCO.NS,106.76000213623047,InvestmentDecision.AVOID,0,0,"{'fundamental_score': 5.25, 'technical_score': 0, 'confidence': 0}"
SIRCA.NS,397.20001220703125,InvestmentDecision.AVOID,0,0,"{'fundamental_score': 7.6, 'technical_score': 0, 'confidence': 0}"
VIKRAN.NS,72.6500015258789,InvestmentDecision.AVOID,0,0,"{'fundamental_score': 5.7, 'technical_score': 0, 'confidence': 0}"
KALAMANDIR.NS,100.04000091552734,InvestmentDecision.AVOID,0,0,"{'fundamental_score': 5.1000000000000005, 'technical_score': 0, 'confidence': 0}"
VSSL.NS,269.6499938964844,InvestmentDecision.AVOID,0,0,"{'fundamental_score': 5.7, 'technical_score': 0, 'confidence': 0}"
KRSNAA.NS,544.7999877929688,InvestmentDecision.AVOID,0,0,"{'fundamental_score': 6.15, 'technical_score': 0, 'confidence': 0}"
SDBL.NS,66.48999786376953,InvestmentDecision.AVOID,0,0,"{'fundamental_score': 4.300000000000001, 'technical_score': 0, 'confidence': 0}"
