Ticker,Signal,Current_Price,Trend_Assessment,RSI,MACD,MA20,MA50,MA200,ATR,ATR_Percent,Buy_Range_Low,Buy_Range_High,Stop_Loss,Target,RR_Ratio,Risk_Context,Confidence,Rules_Passed,Rules_Failed
RELIANCE.NS,HOLD,1248.0,downtrend,33.77,-17.41,1272.33,1292.4,1366.44,18.76,1.5,,,1219.85,1285.53,1.33,LOW,40,0,3
HDFCBANK.NS,HOLD,737.25,downtrend,64.99,0.9,714.0,731.19,810.98,12.43,1.69,,,718.6,762.11,1.33,LOW,40,1,2
BHARTIARTL.NS,HOLD,1833.2,weak_trend,43.38,-18.8,1845.54,1900.16,1897.34,28.75,1.57,,,1790.07,1890.7,1.33,LOW,40,0,3
TCS.NS,HOLD,2089.6,downtrend,19.73,-52.18,2236.41,2295.51,2494.51,59.63,2.85,,,2000.16,2208.86,1.33,NORMAL,40,0,3
ICICIBANK.NS,HOLD,1340.0,downtrend,14.95,-21.39,1390.85,1412.78,1345.67,17.44,1.3,,,1313.84,1374.89,1.33,LOW,40,0,3
SBIN.NS,HOLD,994.1,downtrend,38.55,-13.93,1009.11,1032.17,1032.16,15.03,1.51,,,971.56,1024.16,1.33,LOW,40,0,3
INFY.NS,HOLD,1020.5,downtrend,21.67,-24.93,1079.84,1109.55,1254.99,25.89,2.54,,,981.66,1072.29,1.33,NORMAL,40,0,3
BAJFINANCE.NS,HOLD,1043.2,downtrend,48.34,-12.79,1042.46,1067.78,973.45,19.52,1.87,,,1013.92,1082.24,1.33,LOW,40,2,1
HINDUNILVR.NS,HOLD,1950.0,weak_trend,47.1,-27.56,1958.92,2035.94,2180.15,26.85,1.38,,,1909.72,2003.7,1.33,LOW,40,0,3
LICI.NS,HOLD,407.5,weak_trend,41.73,-3.19,407.85,413.03,407.41,7.51,1.84,,,396.24,422.51,1.33,LOW,40,0,3
LT.NS,HOLD,3929.9,downtrend,45.5,-34.19,3939.13,3959.36,3954.85,60.31,1.53,,,3839.44,4050.51,1.33,LOW,40,0,3
ITC.NS,HOLD,270.15,downtrend,61.66,-1.82,263.54,273.1,299.41,4.19,1.55,,,263.86,278.54,1.33,LOW,40,1,2
MARUTI.NS,HOLD,12230.0,downtrend,26.9,-355.71,12626.65,13299.56,13929.08,189.21,1.55,,,11946.18,12608.43,1.33,LOW,40,0,3
M&M.NS,HOLD,3035.0,downtrend,27.5,-72.19,3144.28,3266.23,3267.13,50.57,1.67,,,2959.14,3136.14,1.33,LOW,40,1,2
HCLTECH.NS,HOLD,1256.7,weak_trend,36.54,-11.1,1271.84,1296.0,1333.38,36.39,2.9,,,1202.11,1329.49,1.33,NORMAL,40,0,3
KOTAKBANK.NS,HOLD,413.25,weak_trend,40.98,2.7,418.29,402.41,399.5,6.07,1.47,,,404.14,425.39,1.33,LOW,40,0,3
SUNPHARMA.NS,HOLD,1865.0,weak_trend,38.19,-17.97,1882.7,1917.52,1802.12,27.95,1.5,,,1823.07,1920.9,1.33,LOW,40,0,3
AXISBANK.NS,HOLD,1243.2,downtrend,40.25,-3.02,1252.85,1247.94,1286.19,19.14,1.54,,,1214.5,1281.47,1.33,LOW,40,0,3
ULTRACEMCO.NS,HOLD,11155.0,weak_trend,46.47,-150.9,11136.25,11502.32,11533.26,191.5,1.72,,,10867.75,11538.0,1.33,LOW,40,0,3
BAJAJFINSV.NS,HOLD,1846.5,downtrend,22.34,-37.87,1922.66,1956.71,1890.94,31.34,1.7,,,1799.49,1909.19,1.33,LOW,40,1,2
TITAN.NS,HOLD,4880.0,weak_trend,37.33,-27.67,4984.82,4948.2,4380.41,75.43,1.55,,,4766.86,5030.86,1.33,LOW,40,1,2
NTPC.NS,HOLD,326.0,downtrend,41.83,-2.46,329.21,335.35,354.4,4.36,1.34,,,319.46,334.72,1.33,LOW,40,1,2
HAL.NS,HOLD,4836.0,weak_trend,54.42,-4.71,4842.93,4797.96,4384.86,113.86,2.35,,,4665.2,5063.73,1.33,NORMAL,40,0,3
ADANIPORTS.NS,HOLD,1807.3,weak_trend,65.6,22.72,1730.72,1726.93,1620.65,37.59,2.08,,,1750.92,1882.47,1.33,NORMAL,40,2,1
ONGC.NS,HOLD,236.9,downtrend,53.55,-0.48,234.37,237.84,254.75,4.07,1.72,,,230.8,245.03,1.33,LOW,40,1,2
ETERNAL.NS,HOLD,342.65,weak_trend,70.12,5.25,326.06,315.74,275.32,6.81,1.99,,,332.43,356.27,1.33,LOW,40,1,2
BEL.NS,HOLD,396.05,downtrend,39.74,-3.24,402.62,402.94,417.36,7.47,1.89,,,384.84,410.99,1.33,LOW,40,0,3
ADANIENT.NS,HOLD,2993.2,weak_trend,58.24,-8.91,2987.67,3023.11,2560.51,74.06,2.47,,,2882.1,3141.33,1.33,NORMAL,40,2,1
DMART.NS,HOLD,3834.8,downtrend,59.8,-37.87,3762.64,3885.12,4005.42,61.7,1.61,,,3742.25,3958.2,1.33,LOW,40,1,2
JSWSTEEL.NS,HOLD,1297.8,downtrend,47.72,-6.03,1290.82,1284.09,1229.2,24.2,1.86,,,1261.5,1346.2,1.33,LOW,40,1,2
ADANIPOWER.NS,HOLD,204.8,weak_trend,44.92,-0.9,207.48,208.87,187.17,4.7,2.29,,,197.75,214.2,1.33,NORMAL,40,0,3
WIPRO.NS,HOLD,164.9,downtrend,26.82,-3.82,171.54,177.17,200.4,3.19,1.93,,,160.12,171.27,1.33,LOW,40,0,3
POWERGRID.NS,HOLD,270.2,downtrend,57.06,-1.15,266.37,272.77,283.86,4.23,1.57,,,263.85,278.66,1.33,LOW,40,1,2
ASIANPAINT.NS,HOLD,2455.0,weak_trend,32.78,-54.4,2502.42,2622.5,2557.37,35.16,1.43,,,2402.25,2525.33,1.33,LOW,40,0,3
BAJAJ-AUTO.NS,HOLD,11400.0,weak_trend,28.04,-51.29,11741.9,11553.01,10098.79,167.14,1.47,,,11149.29,11734.29,1.33,LOW,40,0,3
COALINDIA.NS,HOLD,424.55,weak_trend,57.29,3.67,415.93,410.96,421.97,7.91,1.86,,,412.68,440.37,1.33,LOW,40,2,1
NESTLEIND.NS,HOLD,1387.2,weak_trend,40.66,-23.33,1403.03,1451.61,1355.8,25.59,1.84,,,1348.82,1438.37,1.33,LOW,40,0,3
INDIGO.NS,HOLD,5028.5,weak_trend,53.74,-59.13,4987.95,5141.96,4825.12,96.18,1.91,,,4884.23,5220.86,1.33,LOW,40,2,1
IOC.NS,HOLD,138.15,downtrend,51.05,-0.41,136.18,138.2,147.18,2.19,1.58,,,134.87,142.52,1.33,LOW,40,1,2
TATASTEEL.NS,HOLD,190.82,downtrend,59.07,-0.03,185.43,186.12,191.48,4.53,2.38,,,184.02,199.89,1.33,NORMAL,40,2,1
TMPV.NS,HOLD,300.5,weak_trend,37.39,-6.29,306.74,322.4,344.63,7.4,2.46,,,289.39,315.31,1.33,NORMAL,40,0,3
HINDZINC.NS,HOLD,595.45,weak_trend,52.86,2.19,590.65,573.16,581.88,14.6,2.45,,,573.55,624.65,1.33,NORMAL,40,1,2
JIOFIN.NS,HOLD,232.15,weak_trend,38.97,-3.59,232.93,241.32,250.19,3.4,1.46,,,227.05,238.94,1.33,LOW,40,0,3
HYUNDAI.NS,HOLD,2095.0,weak_trend,42.42,-9.03,2179.27,2142.79,2049.23,51.27,2.45,,,2018.09,2197.54,1.33,NORMAL,40,0,3
GRASIM.NS,HOLD,3188.5,weak_trend,35.44,-23.46,3258.29,3227.96,2963.86,48.83,1.53,,,3115.26,3286.16,1.33,LOW,40,0,3
SBILIFE.NS,HOLD,1760.0,downtrend,55.74,-11.32,1726.44,1790.22,1886.75,39.47,2.24,,,1700.79,1838.94,1.33,NORMAL,40,1,2
VEDL.NS,HOLD,271.0,downtrend,50.45,-2.74,268.8,268.95,466.39,6.67,2.46,,,261.0,284.34,1.33,NORMAL,40,2,1
DLF.NS,HOLD,675.0,weak_trend,47.27,-2.08,661.99,660.59,621.65,15.11,2.24,,,652.33,705.22,1.33,NORMAL,40,1,2
EICHERMOT.NS,HOLD,7470.0,weak_trend,33.82,-106.89,7669.85,7785.31,7351.86,98.93,1.32,,,7321.61,7667.86,1.33,LOW,40,0,3
TRENT.NS,HOLD,2774.0,weak_trend,44.18,-38.7,2818.45,2905.46,2888.63,54.76,1.97,,,2691.85,2883.53,1.33,LOW,40,1,2
HINDALCO.NS,HOLD,1003.8,downtrend,48.15,-9.55,999.86,1003.86,974.94,20.41,2.03,,,973.19,1044.61,1.33,NORMAL,40,2,1
DIVISLAB.NS,HOLD,9624.0,weak_trend,61.51,239.22,9320.1,8587.6,6943.5,193.39,2.01,,,9333.91,10010.79,1.33,NORMAL,40,1,2
HDFCLIFE.NS,HOLD,561.5,downtrend,60.42,2.68,539.7,544.85,624.39,14.91,2.66,,,539.13,591.32,1.33,NORMAL,40,1,2
IRFC.NS,HOLD,81.0,weak_trend,41.97,-1.61,81.63,85.34,99.61,1.39,1.71,,,78.92,83.78,1.33,LOW,40,0,3
ADANIGREEN.NS,HOLD,1300.9,weak_trend,53.77,-11.18,1289.96,1343.94,1196.4,31.01,2.38,,,1254.39,1362.91,1.33,NORMAL,40,2,1
VBL.NS,HOLD,436.15,weak_trend,81.12,-1.76,413.98,432.23,465.94,8.19,1.88,,,423.87,452.52,1.33,LOW,40,0,3
TVSMOTOR.NS,HOLD,4135.0,weak_trend,41.6,-24.56,4168.26,4182.71,3743.13,81.08,1.96,,,4013.38,4297.16,1.33,LOW,40,0,3
PIDILITIND.NS,HOLD,1588.1,weak_trend,38.65,-18.11,1594.34,1619.14,1491.28,28.49,1.79,,,1545.36,1645.09,1.33,LOW,40,0,3
BPCL.NS,HOLD,315.75,weak_trend,45.11,-0.88,311.58,314.67,323.34,6.56,2.08,,,305.9,328.88,1.33,NORMAL,40,0,3
TECHM.NS,HOLD,1557.0,weak_trend,41.33,-10.34,1572.39,1593.03,1491.49,39.15,2.51,,,1498.28,1635.3,1.33,NORMAL,40,0,3
BAJAJHLDNG.NS,HOLD,11449.0,weak_trend,59.74,32.98,11136.58,11089.17,10531.73,197.82,1.73,,,11152.27,11844.64,1.33,LOW,40,2,1
BRITANNIA.NS,HOLD,4929.0,downtrend,30.06,-103.55,5067.77,5288.27,5505.81,74.89,1.52,,,4816.66,5078.79,1.33,LOW,40,0,3
AMBUJACEM.NS,HOLD,392.75,weak_trend,35.87,-7.66,395.85,414.32,458.09,6.74,1.72,,,382.64,406.23,1.33,LOW,40,0,3
TATACAP.NS,HOLD,350.05,weak_trend,32.45,-5.08,360.79,360.83,340.16,8.01,2.29,,,338.03,366.08,1.33,NORMAL,40,1,2
BANKBARODA.NS,HOLD,236.87,weak_trend,43.61,-2.61,237.06,242.36,265.95,3.57,1.51,,,231.51,244.02,1.33,LOW,40,0,3
CHOLAFIN.NS,HOLD,1774.0,weak_trend,35.83,-20.67,1819.74,1833.05,1684.31,40.31,2.27,,,1713.54,1854.61,1.33,NORMAL,40,0,3
SHRIRAMFIN.NS,HOLD,1010.8,weak_trend,36.81,-21.35,1033.58,1065.6,1000.86,21.31,2.11,,,978.83,1053.43,1.33,NORMAL,40,0,3
TMCV.NS,HOLD,450.2,downtrend,43.12,-3.66,448.75,446.13,426.34,11.79,2.62,,,432.52,473.78,1.33,NORMAL,40,2,1
PNB.NS,HOLD,118.3,weak_trend,57.91,0.77,116.33,114.75,112.34,2.04,1.72,,,115.24,122.38,1.33,LOW,40,2,1
PFC.NS,HOLD,346.0,downtrend,50.62,-7.68,348.58,374.59,392.68,5.67,1.64,,,337.49,357.34,1.33,LOW,40,2,1
SOLARINDS.NS,HOLD,19730.0,weak_trend,36.36,-110.89,20640.4,19680.55,16119.26,778.57,3.95,,,18562.14,21287.14,1.33,NORMAL,40,1,2
MUTHOOTFIN.NS,HOLD,2856.5,weak_trend,42.69,-41.98,2875.24,2937.5,3319.17,60.75,2.13,,,2765.38,2978.0,1.33,NORMAL,40,0,3
TATAPOWER.NS,HOLD,369.0,downtrend,53.84,-0.95,363.35,372.17,385.55,6.99,1.89,,,358.52,382.98,1.33,LOW,40,1,2
CIPLA.NS,HOLD,1383.0,weak_trend,45.79,-12.47,1387.43,1420.23,1375.01,20.86,1.51,,,1351.71,1424.71,1.33,LOW,40,0,3
TORNTPHARM.NS,HOLD,4985.0,weak_trend,55.82,-1.24,4939.38,4946.8,4407.51,94.5,1.9,,,4843.25,5174.0,1.33,LOW,40,2,1
GODREJCP.NS,HOLD,879.75,weak_trend,49.86,-22.52,879.59,958.01,1062.36,15.17,1.72,,,857.0,910.09,1.33,LOW,40,0,3
LODHA.NS,HOLD,1162.5,weak_trend,38.25,-20.67,1169.84,1202.12,1016.28,39.86,3.43,,,1102.71,1242.21,1.33,NORMAL,40,0,3
HDFCAMC.NS,HOLD,2448.3,weak_trend,38.58,-37.22,2463.99,2525.52,2566.22,40.51,1.65,,,2387.53,2529.33,1.33,LOW,40,0,3
GAIL.NS,HOLD,172.95,weak_trend,44.5,-0.29,173.27,173.48,164.7,2.55,1.48,,,169.12,178.06,1.33,LOW,40,0,3
CANBK.NS,HOLD,126.0,downtrend,50.87,-1.03,124.89,126.89,134.03,1.89,1.5,,,123.16,129.79,1.33,LOW,40,2,1
MAXHEALTH.NS,HOLD,1059.9,weak_trend,74.51,6.36,1025.13,1045.12,1034.19,19.47,1.84,,,1030.69,1098.84,1.33,LOW,40,1,2
ENRIN.NS,HOLD,3214.4,weak_trend,55.07,-42.89,3169.1,3303.03,3080.06,97.27,3.03,,,3068.49,3408.94,1.33,NORMAL,40,2,1
SIEMENS.NS,HOLD,3886.0,weak_trend,38.16,-17.83,3939.3,3885.43,3486.1,93.26,2.4,,,3746.11,4072.51,1.33,NORMAL,40,0,3
MAZDOCK.NS,HOLD,2211.5,downtrend,20.43,-74.71,2375.6,2419.92,2437.61,63.44,2.87,,,2116.34,2338.39,1.33,NORMAL,40,0,3
BOSCHLTD.NS,HOLD,47955.0,weak_trend,54.54,511.08,48108.75,45454.58,38541.23,1039.64,2.17,,,46395.54,50034.29,1.33,NORMAL,40,0,3
ABB.NS,HOLD,7120.0,weak_trend,33.93,-82.69,7316.0,7419.02,6464.59,146.68,2.06,,,6899.98,7413.36,1.33,NORMAL,40,0,3
MOTHERSON.NS,HOLD,164.4,weak_trend,55.67,0.22,163.27,159.82,134.9,3.51,2.14,,,159.13,171.42,1.33,NORMAL,40,1,2
CUMMINSIND.NS,HOLD,5010.0,weak_trend,46.57,-73.95,5064.8,5275.68,4972.73,121.71,2.43,,,4827.43,5253.43,1.33,NORMAL,40,0,3
TATACONSUM.NS,HOLD,994.3,weak_trend,39.6,-17.98,1008.92,1052.99,1113.14,16.1,1.62,,,970.15,1026.5,1.33,LOW,40,0,3
LGEINDIA.NS,HOLD,1694.2,uptrend,56.41,12.22,1661.23,1615.46,1546.05,37.18,2.19,,,1638.43,1768.56,1.33,NORMAL,40,3,0
POLYCAB.NS,HOLD,8417.0,weak_trend,35.15,-190.99,8512.88,8867.16,8362.33,169.39,2.01,,,8162.91,8755.79,1.33,NORMAL,40,0,3
CGPOWER.NS,HOLD,895.0,weak_trend,50.0,1.37,895.0,885.22,791.2,24.55,2.74,,,858.17,944.11,1.33,NORMAL,40,0,3
UNIONBANK.NS,HOLD,180.0,weak_trend,31.09,-1.03,181.98,179.83,170.43,3.65,2.03,,,174.53,187.29,1.33,NORMAL,40,0,3
ADANIENSOL.NS,HOLD,1380.0,weak_trend,49.04,-44.3,1411.39,1546.54,1282.4,36.67,2.66,,,1324.99,1453.34,1.33,NORMAL,40,0,3
APOLLOHOSP.NS,HOLD,9069.0,uptrend,65.45,33.27,8821.48,8832.96,7990.34,147.43,1.63,,,8847.86,9363.86,1.33,LOW,40,3,0
INDHOTEL.NS,HOLD,743.7,weak_trend,56.88,2.93,724.25,728.17,686.29,13.53,1.82,,,723.41,770.75,1.33,LOW,40,2,1
HEROMOTOCO.NS,HOLD,5394.0,weak_trend,55.39,-32.23,5340.27,5406.1,5264.89,95.29,1.77,,,5251.07,5584.57,1.33,LOW,40,2,1
DRREDDY.NS,HOLD,1211.2,downtrend,69.41,3.76,1166.13,1174.24,1243.01,22.69,1.87,,,1177.17,1256.57,1.33,LOW,40,1,2
SHREECEM.NS,HOLD,22500.0,weak_trend,30.52,-679.65,22976.25,24724.0,25280.68,448.57,1.99,,,21827.14,23397.14,1.33,LOW,40,0,3
JINDALSTEL.NS,HOLD,1175.3,uptrend,57.27,4.42,1143.65,1112.18,1133.32,29.81,2.54,,,1130.59,1234.91,1.33,NORMAL,40,3,0
IDBI.NS,HOLD,83.39,downtrend,24.49,-0.93,86.2,85.21,87.59,3.16,3.79,,,78.65,89.71,1.33,NORMAL,40,0,3
SWIGGY.NS,HOLD,278.5,downtrend,58.53,0.03,276.79,277.52,294.33,8.41,3.02,,,265.89,295.31,1.33,NORMAL,40,1,2
BSE.NS,HOLD,3270.7,downtrend,47.72,-50.84,3304.35,3418.04,3306.02,100.74,3.08,,,3119.59,3472.19,1.33,NORMAL,40,0,3
MANKIND.NS,HOLD,2465.0,weak_trend,60.55,-1.16,2343.23,2417.46,2288.09,53.47,2.17,,,2384.79,2571.94,1.33,NORMAL,40,2,1
INDIANB.NS,HOLD,842.0,downtrend,10.41,-7.92,861.24,860.07,850.88,15.51,1.84,,,818.73,873.02,1.33,LOW,40,0,3
INDUSTOWER.NS,HOLD,384.8,downtrend,58.72,0.78,379.11,378.24,401.87,7.89,2.05,,,372.97,400.58,1.33,NORMAL,40,1,2
UNITDSPR.NS,HOLD,1441.0,weak_trend,39.44,-24.19,1432.72,1472.66,1365.83,27.81,1.93,,,1399.28,1496.63,1.33,LOW,40,2,1
GMRAIRPORT.NS,HOLD,99.14,downtrend,55.51,-0.96,96.7,101.84,100.06,2.42,2.44,,,95.51,103.98,1.33,NORMAL,40,1,2
RECLTD.NS,HOLD,311.5,weak_trend,47.03,-6.77,314.21,335.35,341.84,4.59,1.47,,,304.61,320.69,1.33,LOW,40,1,2
ZYDUSLIFE.NS,HOLD,1170.1,weak_trend,57.08,4.91,1145.37,1135.62,1005.15,26.74,2.29,,,1129.99,1223.59,1.33,NORMAL,40,2,1
ICICIGI.NS,HOLD,1500.6,weak_trend,46.26,-34.7,1499.56,1580.78,1771.88,29.79,1.99,,,1455.91,1560.19,1.33,LOW,40,0,3
GROWW.NS,HOLD,188.63,weak_trend,47.44,-1.55,192.99,195.62,183.29,5.06,2.68,,,181.04,198.75,1.33,NORMAL,40,0,3
DIXON.NS,HOLD,13200.0,weak_trend,24.25,-287.8,13826.48,14060.03,12085.02,373.63,2.83,,,12639.56,13947.26,1.33,NORMAL,40,0,3
IDEA.NS,HOLD,14.52,weak_trend,50.51,0.04,14.65,13.95,12.2,0.47,3.21,,,13.82,15.45,1.33,NORMAL,40,0,3
HAVELLS.NS,HOLD,1096.5,downtrend,25.3,-37.92,1145.8,1212.47,1268.75,23.8,2.17,,,1060.8,1144.1,1.33,NORMAL,40,0,3
MARICO.NS,HOLD,832.3,weak_trend,51.76,-5.58,817.66,841.3,794.34,15.51,1.86,,,809.04,863.31,1.33,LOW,40,2,1
HINDPETRO.NS,HOLD,360.0,weak_trend,48.57,-2.86,356.67,366.54,382.62,7.64,2.12,,,348.55,375.27,1.33,NORMAL,40,0,3
WAAREEENER.NS,HOLD,2512.0,downtrend,43.94,-44.98,2567.81,2647.72,2896.73,61.66,2.45,,,2419.52,2635.31,1.33,NORMAL,40,0,3
BAJAJHFL.NS,HOLD,83.52,downtrend,52.65,-0.31,83.76,84.77,87.09,1.63,1.95,,,81.08,86.78,1.33,LOW,40,1,2
DABUR.NS,HOLD,387.4,downtrend,56.65,-3.57,381.86,401.35,446.84,7.14,1.84,,,376.7,401.67,1.33,LOW,40,1,2
LUPIN.NS,HOLD,2102.8,weak_trend,44.67,-38.18,2114.87,2248.63,2248.76,38.01,1.81,,,2045.78,2178.83,1.33,LOW,40,0,3
JSWENERGY.NS,HOLD,521.0,weak_trend,39.29,-7.89,525.66,543.18,523.32,10.42,2.0,,,505.37,541.84,1.33,NORMAL,40,0,3
ICICIPRULI.NS,HOLD,484.5,weak_trend,44.69,-4.54,485.41,498.29,555.31,13.94,2.88,,,463.59,512.38,1.33,NORMAL,40,0,3
PERSISTENT.NS,HOLD,5240.0,downtrend,23.37,-40.24,5541.77,5476.52,5362.97,130.61,2.49,,,5044.09,5501.21,1.33,NORMAL,40,0,3
BHARTIHEXA.NS,HOLD,1525.2,downtrend,53.98,-10.82,1526.5,1564.18,1569.13,34.21,2.24,,,1473.89,1593.61,1.33,NORMAL,40,1,2
NAUKRI.NS,HOLD,1297.0,weak_trend,37.82,-2.14,1298.92,1280.44,1143.37,36.26,2.8,,,1242.6,1369.53,1.33,NORMAL,40,1,2
SRF.NS,HOLD,2550.0,weak_trend,39.12,-22.46,2539.65,2609.55,2697.64,44.96,1.76,,,2482.55,2639.93,1.33,LOW,40,0,3
BHEL.NS,HOLD,423.1,weak_trend,45.41,2.21,428.4,420.18,343.79,12.13,2.87,,,404.9,447.36,1.33,NORMAL,40,0,3
POWERINDIA.NS,HOLD,31150.0,weak_trend,44.31,-485.41,31868.5,32633.69,28330.76,883.93,2.84,,,29824.11,32917.86,1.33,NORMAL,40,0,3
NTPCGREEN.NS,HOLD,95.42,weak_trend,73.44,0.15,89.13,90.9,95.31,1.69,1.77,,,92.88,98.8,1.33,LOW,40,2,1
NHPC.NS,HOLD,76.74,downtrend,52.15,-0.21,76.13,77.2,77.37,1.2,1.56,,,74.95,79.13,1.33,LOW,40,1,2
POLICYBZR.NS,HOLD,1886.3,weak_trend,51.57,19.37,1813.98,1720.59,1650.17,64.24,3.41,,,1789.94,2014.79,1.33,NORMAL,40,2,1
SBICARD.NS,HOLD,635.0,downtrend,39.67,-2.68,646.86,647.07,693.43,16.48,2.59,,,610.29,667.95,1.33,NORMAL,40,0,3
ASHOKLEY.NS,HOLD,162.89,downtrend,37.45,-2.52,166.27,166.91,170.0,3.73,2.29,,,157.3,170.35,1.33,NORMAL,40,0,3
SUZLON.NS,HOLD,42.39,downtrend,21.65,-1.41,44.64,47.21,49.57,1.11,2.62,,,40.72,44.61,1.33,NORMAL,40,1,2
ABCAPITAL.NS,HOLD,402.45,weak_trend,50.27,-1.39,398.83,402.96,364.2,8.9,2.21,,,389.09,420.26,1.33,NORMAL,40,2,1
PAYTM.NS,HOLD,1775.0,weak_trend,63.0,66.9,1728.39,1570.01,1263.81,62.51,3.52,,,1681.24,1900.01,1.33,NORMAL,40,1,2
IOB.NS,HOLD,32.13,downtrend,32.92,-0.37,32.66,33.38,34.24,0.5,1.55,,,31.38,33.12,1.33,LOW,40,0,3
OFSS.NS,HOLD,10849.0,weak_trend,24.75,-148.97,11761.15,11623.44,9096.23,341.14,3.14,,,10337.29,11531.29,1.33,NORMAL,40,0,3
LENSKART.NS,HOLD,686.7,weak_trend,56.06,18.31,678.7,623.75,524.19,19.34,2.82,,,657.69,725.39,1.33,NORMAL,40,1,2
GVT&D.NS,HOLD,4417.0,weak_trend,52.2,6.69,4411.35,4336.6,4043.65,154.04,3.49,,,4185.94,4725.09,1.33,NORMAL,40,1,2
RVNL.NS,HOLD,211.77,downtrend,52.97,-3.26,208.07,218.78,270.42,5.29,2.5,,,203.83,222.36,1.33,NORMAL,40,1,2
PRESTIGE.NS,HOLD,1490.0,weak_trend,29.86,-37.16,1527.48,1583.24,1486.57,43.28,2.9,,,1425.08,1576.56,1.33,NORMAL,40,0,3
LLOYDSME.NS,HOLD,1890.9,uptrend,58.71,-9.4,1814.57,1897.49,1578.22,37.9,2.0,,,1834.05,1966.7,1.33,NORMAL,40,3,0
UNOMINDA.NS,HOLD,1223.1,weak_trend,42.21,-3.14,1235.4,1223.64,1164.94,32.25,2.64,,,1174.72,1287.6,1.33,NORMAL,40,0,3
FORTIS.NS,HOLD,894.0,weak_trend,38.27,-9.31,900.97,920.6,911.82,15.67,1.75,,,870.5,925.34,1.33,LOW,40,0,3
NYKAA.NS,HOLD,340.85,weak_trend,55.68,0.95,337.08,332.71,282.69,7.7,2.26,,,329.29,356.26,1.33,NORMAL,40,1,2
OIL.NS,HOLD,470.0,weak_trend,34.4,1.25,484.96,468.41,457.31,11.69,2.49,,,452.46,493.39,1.33,NORMAL,40,0,3
ATGL.NS,HOLD,625.25,weak_trend,53.35,-6.44,614.0,643.25,615.03,19.84,3.17,,,595.49,664.93,1.33,NORMAL,40,2,1
COROMANDEL.NS,HOLD,1956.0,downtrend,54.49,-11.99,1940.59,2001.64,2066.02,40.09,2.05,,,1895.87,2036.17,1.33,NORMAL,40,2,1
GICRE.NS,HOLD,344.15,weak_trend,50.81,-0.16,344.71,344.37,358.87,9.16,2.66,,,330.41,362.47,1.33,NORMAL,40,0,3
YESBANK.NS,HOLD,23.24,weak_trend,59.83,0.12,22.75,22.82,21.88,0.51,2.19,,,22.48,24.26,1.33,NORMAL,40,2,1
VMM.NS,HOLD,106.0,weak_trend,44.39,-1.39,104.46,107.1,117.48,2.11,1.99,,,102.83,110.23,1.33,LOW,40,1,2
TORNTPOWER.NS,HOLD,1259.4,weak_trend,40.79,-11.05,1268.09,1317.92,1405.1,32.87,2.61,,,1210.09,1325.14,1.33,NORMAL,40,0,3
AUROPHARMA.NS,HOLD,1721.5,uptrend,64.68,22.68,1678.1,1629.04,1405.97,35.71,2.07,,,1667.94,1792.91,1.33,NORMAL,40,3,0
NMDC.NS,HOLD,82.0,downtrend,42.05,-1.3,83.38,84.17,83.56,1.59,1.94,,,79.61,85.19,1.33,LOW,40,0,3
ALKEM.NS,HOLD,5417.5,downtrend,63.85,-13.12,5251.85,5430.26,5472.99,117.68,2.17,,,5240.98,5652.86,1.33,NORMAL,40,1,2
BERGEPAINT.NS,HOLD,459.75,downtrend,28.34,-15.77,471.44,500.57,488.98,10.36,2.25,,,444.21,480.47,1.33,NORMAL,40,0,3
MRF.NS,HOLD,124580.0,downtrend,14.19,-2018.96,128483.0,131146.12,135078.47,1661.07,1.33,,,122088.39,127902.14,1.33,LOW,40,0,3
PATANJALI.NS,HOLD,409.45,weak_trend,82.93,10.32,354.91,350.83,445.96,11.08,2.71,,,392.83,431.61,1.33,NORMAL,40,0,3
GODREJPROP.NS,HOLD,1707.6,downtrend,15.04,-89.0,1844.86,1976.44,1837.41,54.36,3.18,,,1626.06,1816.31,1.33,NORMAL,40,0,3
HDBFS.NS,HOLD,670.8,weak_trend,38.68,-3.04,679.08,686.93,693.13,14.18,2.11,,,649.53,699.16,1.33,NORMAL,40,0,3
LTF.NS,HOLD,310.0,weak_trend,44.02,-2.0,310.04,311.74,292.36,7.35,2.37,,,298.97,324.71,1.33,NORMAL,40,1,2
JSWINFRA.NS,HOLD,363.6,weak_trend,68.62,5.3,339.75,335.8,290.09,11.68,3.21,,,346.09,386.95,1.33,NORMAL,40,2,1
SCHAEFFLER.NS,HOLD,4085.7,weak_trend,59.7,7.67,3999.24,4053.9,3990.48,106.34,2.6,,,3926.19,4298.39,1.33,NORMAL,40,2,1
INDUSINDBK.NS,HOLD,959.3,weak_trend,29.99,-13.32,982.23,1003.84,922.24,16.66,1.74,,,934.3,992.63,1.33,LOW,40,1,2
JSL.NS,HOLD,758.55,weak_trend,55.87,6.54,738.7,731.24,745.18,22.8,3.01,,,724.34,804.16,1.33,NORMAL,40,2,1
AUBANK.NS,HOLD,1053.0,weak_trend,44.18,-7.76,1059.73,1058.78,1004.71,20.64,1.96,,,1022.05,1094.27,1.33,LOW,40,1,2
COLPAL.NS,HOLD,1886.7,downtrend,55.94,-15.29,1844.64,1947.58,2031.07,39.16,2.08,,,1827.95,1965.03,1.33,NORMAL,40,1,2
OBEROIRLTY.NS,HOLD,1850.0,weak_trend,43.73,-11.52,1815.42,1831.99,1677.9,49.94,2.7,,,1775.1,1949.87,1.33,NORMAL,40,1,2
BHARATFORG.NS,HOLD,2004.0,weak_trend,53.4,-27.7,1981.07,2073.22,1841.11,48.43,2.42,,,1931.36,2100.86,1.33,NORMAL,40,2,1
FACT.NS,HOLD,796.7,weak_trend,48.52,-9.51,793.1,810.32,838.38,21.45,2.69,,,764.52,839.61,1.33,NORMAL,40,0,3
COFORGE.NS,HOLD,1782.4,weak_trend,26.13,-5.43,1881.63,1782.99,1516.21,60.56,3.4,,,1691.55,1903.53,1.33,NORMAL,40,0,3
PHOENIXLTD.NS,HOLD,1993.2,uptrend,56.0,1.13,1903.26,1935.23,1813.96,43.92,2.2,,,1927.32,2081.04,1.33,NORMAL,40,3,0
BANKINDIA.NS,HOLD,139.65,downtrend,33.08,-1.16,140.97,141.78,144.58,2.51,1.8,,,135.88,144.67,1.33,LOW,40,0,3
TIINDIA.NS,HOLD,2578.6,downtrend,30.16,-65.96,2665.09,2763.4,2750.07,61.49,2.38,,,2486.36,2701.59,1.33,NORMAL,40,0,3
IRCTC.NS,HOLD,463.8,weak_trend,41.52,-6.94,470.47,487.66,549.75,8.06,1.74,,,451.71,479.92,1.33,LOW,40,1,2
BDL.NS,HOLD,1161.0,downtrend,28.22,-38.22,1216.99,1267.57,1324.07,33.23,2.86,,,1111.15,1227.47,1.33,NORMAL,40,0,3
UPL.NS,HOLD,553.15,downtrend,33.65,-5.48,569.51,580.74,642.44,11.44,2.07,,,535.99,576.04,1.33,NORMAL,40,1,2
IDFCFIRSTB.NS,HOLD,87.9,weak_trend,52.1,0.48,85.82,84.8,77.42,1.46,1.66,,,85.71,90.82,1.33,LOW,40,2,1
PIIND.NS,HOLD,2386.0,weak_trend,46.77,-50.09,2366.84,2530.98,2872.31,61.47,2.58,,,2293.79,2508.94,1.33,NORMAL,40,0,3
MOTILALOFS.NS,HOLD,1042.5,weak_trend,56.2,12.21,1020.64,959.25,853.76,28.0,2.69,,,1000.5,1098.5,1.33,NORMAL,40,2,1
GLENMARK.NS,HOLD,2475.0,weak_trend,52.92,27.55,2446.15,2340.04,2193.88,50.85,2.05,,,2398.73,2576.7,1.33,NORMAL,40,2,1
MFSL.NS,HOLD,1562.9,downtrend,54.01,0.7,1523.21,1531.08,1626.72,40.64,2.6,,,1501.95,1644.17,1.33,NORMAL,40,1,2
SAIL.NS,HOLD,185.44,weak_trend,36.77,-0.68,185.45,176.67,167.65,5.25,2.83,,,177.56,195.94,1.33,NORMAL,40,1,2
FEDERALBNK.NS,HOLD,331.3,weak_trend,27.76,-4.79,342.13,349.17,302.18,5.63,1.7,,,322.86,342.56,1.33,LOW,40,0,3
NAM-INDIA.NS,HOLD,1165.0,weak_trend,50.02,-9.53,1169.03,1176.3,1021.11,28.89,2.48,,,1121.66,1222.79,1.33,NORMAL,40,0,3
MPHASIS.NS,HOLD,2259.0,downtrend,22.9,-37.12,2361.15,2393.33,2372.31,59.66,2.64,,,2169.51,2378.31,1.33,NORMAL,40,0,3
KALYANKJIL.NS,HOLD,584.25,weak_trend,50.68,-0.19,594.61,594.46,455.87,15.88,2.72,,,560.43,616.02,1.33,NORMAL,40,0,3
LINDEINDIA.NS,HOLD,6286.0,weak_trend,43.15,-114.96,6302.93,6615.36,6723.33,127.21,2.02,,,6095.18,6540.43,1.33,NORMAL,40,0,3
SUNDARMFIN.NS,HOLD,4654.9,weak_trend,57.41,36.51,4659.79,4581.18,4765.39,113.94,2.45,,,4483.99,4882.79,1.33,NORMAL,40,0,3
SUPREMEIND.NS,HOLD,3497.1,weak_trend,49.38,-17.37,3489.43,3494.68,3552.44,88.63,2.53,,,3364.16,3674.36,1.33,NORMAL,40,0,3
BIOCON.NS,HOLD,395.0,weak_trend,44.65,-6.97,394.8,413.53,395.17,9.15,2.32,,,381.28,413.29,1.33,NORMAL,40,0,3
TATACOMM.NS,HOLD,1700.6,weak_trend,50.69,-1.54,1740.03,1743.49,1700.79,48.6,2.86,,,1627.7,1797.8,1.33,NORMAL,40,0,3
LAURUSLABS.NS,HOLD,2034.0,weak_trend,71.15,51.32,1932.65,1829.39,1333.12,48.84,2.4,,,1960.74,2131.69,1.33,NORMAL,40,1,2
AIIL.NS,HOLD,561.45,weak_trend,65.21,1.57,535.76,548.56,519.87,18.22,3.24,,,534.12,597.89,1.33,NORMAL,40,2,1
GODFRYPHLP.NS,HOLD,2003.0,weak_trend,43.56,-37.67,2007.49,2087.07,2169.14,40.43,2.02,,,1942.36,2083.86,1.33,NORMAL,40,0,3
JKCEMENT.NS,HOLD,5085.0,downtrend,52.75,-62.63,5008.8,5270.93,5403.03,135.96,2.67,,,4881.05,5356.93,1.33,NORMAL,40,2,1
UBL.NS,HOLD,1242.3,downtrend,40.35,-31.51,1267.3,1337.38,1440.95,29.92,2.41,,,1197.42,1302.14,1.33,NORMAL,40,0,3
APLAPOLLO.NS,HOLD,2195.0,weak_trend,54.22,33.25,2188.06,2049.1,1968.08,61.67,2.81,,,2102.49,2318.34,1.33,NORMAL,40,1,2
PAGEIND.NS,HOLD,37340.0,weak_trend,60.08,-193.25,35797.75,37382.42,36121.91,870.71,2.33,,,36033.93,39081.43,1.33,NORMAL,40,2,1
GLAXO.NS,HOLD,2876.9,weak_trend,40.83,13.38,2913.41,2770.79,2466.44,76.49,2.66,,,2762.16,3029.89,1.33,NORMAL,40,1,2
BALKRISIND.NS,HOLD,2199.6,downtrend,34.57,-32.72,2242.17,2273.64,2277.62,55.11,2.51,,,2116.93,2309.83,1.33,NORMAL,40,0,3
ITCHOTELS.NS,HOLD,161.23,downtrend,51.97,-1.83,157.73,162.61,168.48,3.21,1.99,,,156.42,167.65,1.33,LOW,40,1,2
COCHINSHIP.NS,HOLD,1370.0,downtrend,36.38,-30.94,1443.98,1448.26,1493.78,47.1,3.44,,,1299.35,1464.21,1.33,NORMAL,40,0,3
PREMIERENE.NS,HOLD,915.0,downtrend,26.87,-31.38,965.61,1007.14,934.06,23.98,2.62,,,879.03,962.96,1.33,NORMAL,40,0,3
HEXT.NS,HOLD,500.0,downtrend,33.45,-10.99,523.94,547.04,551.04,13.05,2.61,,,480.43,526.09,1.33,NORMAL,40,0,3
LTTS.NS,HOLD,3231.3,downtrend,18.07,-61.4,3409.48,3476.33,3576.1,70.29,2.18,,,3125.86,3371.89,1.33,NORMAL,40,0,3
VOLTAS.NS,HOLD,1130.0,weak_trend,39.05,-33.1,1157.41,1239.85,1336.53,27.01,2.39,,,1089.48,1184.03,1.33,NORMAL,40,0,3
HUDCO.NS,HOLD,177.92,weak_trend,44.07,-4.09,176.28,186.78,195.37,3.82,2.15,,,172.19,185.56,1.33,NORMAL,40,1,2
360ONE.NS,HOLD,1108.0,weak_trend,37.47,-22.72,1115.77,1139.38,1105.4,26.74,2.41,,,1067.89,1161.49,1.33,NORMAL,40,1,2
MAHABANK.NS,HOLD,84.11,downtrend,42.1,0.15,83.39,81.47,73.88,2.18,2.59,,,80.84,88.47,1.33,NORMAL,40,1,2
PGHH.NS,HOLD,7193.5,downtrend,21.92,-234.26,7637.51,8143.5,9932.01,152.04,2.11,,,6965.45,7497.57,1.33,NORMAL,40,1,2
PETRONET.NS,HOLD,285.85,weak_trend,45.89,-0.13,288.28,284.07,279.01,5.65,1.98,,,277.38,297.14,1.33,LOW,40,0,3
IREDA.NS,HOLD,111.0,weak_trend,46.62,-1.59,112.14,115.82,124.09,2.1,1.89,,,107.85,115.2,1.33,LOW,40,0,3
ANTHEM.NS,HOLD,881.9,weak_trend,28.69,8.19,925.91,870.99,745.1,29.81,3.38,,,837.18,941.52,1.33,NORMAL,40,0,3
CONCOR.NS,HOLD,464.65,downtrend,28.84,-8.2,497.37,504.29,491.09,11.86,2.55,,,446.86,488.37,1.33,NORMAL,40,0,3
M&MFIN.NS,HOLD,348.6,weak_trend,25.6,-6.97,362.0,372.79,338.64,9.15,2.62,,,334.88,366.89,1.33,NORMAL,40,0,3
NATIONALUM.NS,HOLD,363.45,downtrend,42.63,-6.15,367.33,368.98,368.25,9.96,2.74,,,348.5,383.38,1.33,NORMAL,40,1,2
DALBHARAT.NS,HOLD,1744.0,weak_trend,45.12,-21.98,1757.5,1807.32,1891.86,47.9,2.75,,,1672.15,1839.8,1.33,NORMAL,40,0,3
JUBLFOOD.NS,HOLD,483.3,weak_trend,50.23,1.46,482.58,473.13,478.98,11.42,2.36,,,466.17,506.14,1.33,NORMAL,40,2,1
ESCORTS.NS,HOLD,2796.9,downtrend,25.6,-61.61,2918.73,2994.05,3161.18,54.69,1.96,,,2714.86,2906.29,1.33,LOW,40,1,2
RADICO.NS,HOLD,4601.9,uptrend,52.23,6.93,4475.54,4447.78,3498.01,103.88,2.26,,,4446.08,4809.66,1.33,NORMAL,40,3,0
KAYNES.NS,HOLD,3458.0,downtrend,48.4,-51.64,3581.32,3615.84,3663.08,128.34,3.71,,,3265.5,3714.67,1.33,NORMAL,40,0,3
FLUOROCHEM.NS,HOLD,4476.4,weak_trend,38.75,-13.43,4640.91,4579.45,3776.45,152.51,3.41,,,4247.63,4781.43,1.33,NORMAL,40,0,3
ENDURANCE.NS,HOLD,2669.6,weak_trend,40.86,-46.69,2751.05,2817.93,2586.66,70.15,2.63,,,2564.38,2809.9,1.33,NORMAL,40,0,3
KEI.NS,HOLD,4722.5,downtrend,24.8,-206.67,4875.89,5150.38,4827.79,144.54,3.06,,,4505.7,5011.57,1.33,NORMAL,40,1,2
ASTRAL.NS,HOLD,1394.8,downtrend,28.98,-26.56,1454.37,1463.86,1503.64,29.45,2.11,,,1350.63,1453.7,1.33,NORMAL,40,0,3
THERMAX.NS,HOLD,3464.9,downtrend,23.47,-147.35,3673.91,4011.03,3774.91,99.71,2.88,,,3315.33,3664.33,1.33,NORMAL,40,1,2
PWL.NS,HOLD,136.11,weak_trend,67.08,3.04,127.39,126.56,116.13,5.58,4.1,,,127.75,147.26,1.33,ELEVATED,40,2,1
UCOBANK.NS,HOLD,24.04,weak_trend,37.6,-0.51,24.26,25.42,26.48,0.38,1.59,,,23.47,24.8,1.33,LOW,40,0,3
BLUESTARCO.NS,HOLD,1532.6,downtrend,55.85,0.41,1504.25,1557.96,1697.6,47.38,3.09,,,1461.53,1627.36,1.33,NORMAL,40,1,2
NH.NS,HOLD,1919.3,weak_trend,54.82,0.38,1896.81,1911.88,1853.68,46.72,2.43,,,1849.22,2012.74,1.33,NORMAL,40,2,1
TATAINVEST.NS,HOLD,674.3,weak_trend,57.54,9.42,656.55,659.86,662.74,29.99,4.45,,,629.32,734.28,1.33,ELEVATED,40,2,1
GODREJIND.NS,HOLD,1106.0,weak_trend,34.27,-29.39,1132.88,1223.85,1072.56,29.75,2.69,,,1061.37,1165.5,1.33,NORMAL,40,0,3
POONAWALLA.NS,HOLD,478.85,uptrend,56.6,-1.79,459.16,471.04,441.54,13.88,2.9,,,458.04,506.6,1.33,NORMAL,40,3,0
CRISIL.NS,HOLD,4605.8,weak_trend,41.15,16.52,4679.99,4530.78,4300.97,120.85,2.62,,,4424.52,4847.5,1.33,NORMAL,40,0,3
KPRMILL.NS,HOLD,1136.7,weak_trend,43.34,1.25,1138.98,1111.02,987.84,35.56,3.13,,,1083.36,1207.81,1.33,NORMAL,40,0,3
CHOLAHLDNG.NS,HOLD,1472.4,downtrend,39.49,-18.76,1504.88,1538.61,1621.72,37.39,2.54,,,1416.31,1547.19,1.33,NORMAL,40,1,2
3MINDIA.NS,HOLD,34615.0,weak_trend,64.33,-78.82,33282.75,34402.62,33494.39,913.57,2.64,,,33244.64,36442.14,1.33,NORMAL,40,2,1
IPCALAB.NS,HOLD,1962.6,weak_trend,51.65,31.91,1968.72,1870.88,1614.38,45.51,2.32,,,1894.33,2053.63,1.33,NORMAL,40,0,3
PIRAMALFIN.NS,HOLD,2226.5,weak_trend,49.23,19.66,2249.39,2162.54,1920.42,63.05,2.83,,,2131.93,2352.6,1.33,NORMAL,40,0,3
APARINDS.NS,HOLD,17876.0,weak_trend,52.08,469.05,17628.33,16312.02,12373.05,805.81,4.51,,,16667.29,19487.62,1.33,ELEVATED,40,2,1
SJVN.NS,HOLD,63.25,downtrend,38.95,-0.84,64.94,66.41,71.41,1.36,2.14,,,61.22,65.96,1.33,NORMAL,40,0,3
MEDANTA.NS,HOLD,1496.1,weak_trend,56.51,16.84,1459.31,1424.78,1227.97,50.16,3.35,,,1420.85,1596.43,1.33,NORMAL,40,2,1
ACC.NS,HOLD,1251.4,weak_trend,42.62,-19.49,1260.73,1312.07,1451.28,21.86,1.75,,,1218.6,1295.13,1.33,LOW,40,0,3
TATAELXSI.NS,HOLD,3212.0,downtrend,18.93,-108.12,3450.47,3571.42,4267.85,79.7,2.48,,,3092.45,3371.4,1.33,NORMAL,40,0,3
NLCINDIA.NS,HOLD,267.1,weak_trend,40.96,-4.21,268.03,279.68,283.69,6.32,2.37,,,257.62,279.75,1.33,NORMAL,40,0,3
AWL.NS,HOLD,186.18,downtrend,39.89,-2.06,188.01,190.21,197.32,3.73,2.01,,,180.58,193.65,1.33,NORMAL,40,0,3
CENTRALBK.NS,HOLD,31.63,downtrend,62.5,0.07,30.81,31.09,33.84,0.54,1.69,,,30.83,32.7,1.33,LOW,40,1,2
KPITTECH.NS,HOLD,527.0,downtrend,21.41,-16.4,562.86,581.17,772.86,13.23,2.51,,,507.16,553.45,1.33,NORMAL,40,0,3
CDSL.NS,HOLD,1351.1,weak_trend,42.42,-4.46,1372.04,1360.64,1319.35,35.16,2.6,,,1298.36,1421.41,1.33,NORMAL,40,0,3
DELHIVERY.NS,HOLD,435.0,downtrend,28.75,-8.83,445.64,458.79,445.03,9.8,2.25,,,420.29,454.61,1.33,NORMAL,40,1,2
ASTERDM.NS,HOLD,760.05,weak_trend,37.49,-10.05,763.71,792.4,705.72,16.92,2.23,,,734.67,793.89,1.33,NORMAL,40,0,3
EXIDEIND.NS,HOLD,425.95,weak_trend,51.94,-5.03,425.1,443.66,374.23,11.11,2.61,,,409.29,448.16,1.33,NORMAL,40,2,1
GODIGIT.NS,HOLD,245.0,downtrend,37.39,-5.42,253.51,260.23,306.71,7.63,3.11,,,233.56,260.26,1.33,NORMAL,40,0,3
HONAUT.NS,HOLD,34275.0,weak_trend,43.54,-694.96,35022.5,36714.87,33738.63,929.64,2.71,,,32880.54,36134.29,1.33,NORMAL,40,0,3
AJANTPHARM.NS,HOLD,3568.1,weak_trend,55.43,5.69,3530.1,3515.21,3061.24,77.27,2.17,,,3452.19,3722.64,1.33,NORMAL,40,1,2
METROBRAND.NS,HOLD,911.1,weak_trend,49.32,-6.77,932.62,964.77,1021.45,21.23,2.33,,,879.26,953.56,1.33,NORMAL,40,0,3
AIAENG.NS,HOLD,3970.0,downtrend,40.51,-129.82,4105.96,4380.69,4114.97,116.27,2.93,,,3795.59,4202.54,1.33,NORMAL,40,0,3
COHANCE.NS,HOLD,461.45,weak_trend,50.29,0.72,448.75,444.28,417.51,17.16,3.72,,,435.71,495.77,1.33,NORMAL,40,2,1
LICHSGFIN.NS,HOLD,572.5,weak_trend,58.58,11.18,551.69,527.51,524.36,17.28,3.02,,,546.59,607.05,1.33,NORMAL,40,2,1
GILLETTE.NS,HOLD,7094.0,downtrend,37.27,-110.46,7295.9,7488.8,7796.98,127.93,1.8,,,6902.11,7349.86,1.33,LOW,40,1,2
GLAND.NS,HOLD,2910.2,weak_trend,50.21,41.14,2917.05,2753.09,2111.22,86.24,2.96,,,2780.85,3082.67,1.33,NORMAL,40,0,3
APOLLOTYRE.NS,HOLD,405.7,downtrend,29.26,-7.76,421.62,429.55,440.75,10.39,2.56,,,390.12,426.47,1.33,NORMAL,40,0,3
NIACL.NS,HOLD,191.16,weak_trend,48.16,0.61,196.42,185.12,162.42,13.35,6.98,,,171.13,217.86,1.33,ELEVATED,40,0,3
NBCC.NS,HOLD,83.99,weak_trend,39.95,-2.04,84.31,89.22,96.11,1.74,2.07,,,81.38,87.47,1.33,NORMAL,40,1,2
ITI.NS,HOLD,257.2,downtrend,30.9,-6.18,264.23,273.87,286.21,5.65,2.2,,,248.73,268.49,1.33,NORMAL,40,1,2
HINDCOPPER.NS,HOLD,513.0,downtrend,48.52,-6.68,513.38,516.04,523.08,14.91,2.91,,,490.64,542.81,1.33,NORMAL,40,0,3
GRSE.NS,HOLD,2380.6,downtrend,37.0,-56.41,2458.5,2537.89,2541.07,64.34,2.7,,,2284.1,2509.27,1.33,NORMAL,40,0,3
MSUMI.NS,HOLD,34.98,downtrend,29.7,-0.94,36.34,38.62,40.41,0.81,2.31,,,33.77,36.6,1.33,NORMAL,40,1,2
IGL.NS,HOLD,147.09,downtrend,44.72,-1.04,150.42,151.24,163.02,3.1,2.1,,,142.45,153.28,1.33,NORMAL,40,0,3
SONACOMS.NS,HOLD,833.0,uptrend,59.91,6.38,799.02,783.65,604.51,20.85,2.5,,,801.73,874.69,1.33,NORMAL,40,3,0
AEGISVOPAK.NS,HOLD,302.8,weak_trend,60.47,8.48,291.64,285.72,234.09,13.16,4.35,,,283.06,329.12,1.33,ELEVATED,40,2,1
KIMS.NS,HOLD,798.05,weak_trend,65.41,2.38,772.61,787.26,718.99,18.94,2.37,,,769.64,835.94,1.33,NORMAL,40,2,1
TATATECH.NS,HOLD,716.45,weak_trend,18.97,-20.58,775.92,782.69,670.33,23.69,3.31,,,680.92,763.83,1.33,NORMAL,40,0,3
PINELABS.NS,HOLD,188.3,weak_trend,67.04,8.79,178.3,164.37,181.69,12.17,6.46,,,170.05,212.64,1.33,ELEVATED,40,2,1
IKS.NS,HOLD,1937.8,weak_trend,73.74,15.16,1774.14,1797.13,1652.16,57.63,2.97,,,1851.36,2053.06,1.33,NORMAL,40,2,1
STARHEALTH.NS,HOLD,549.2,weak_trend,44.94,-8.19,560.49,575.17,513.96,16.1,2.93,,,525.06,581.39,1.33,NORMAL,40,1,2
TVSHLTD.NS,HOLD,12591.0,downtrend,41.83,-346.75,13085.5,13873.32,14044.48,412.5,3.28,,,11972.25,13416.0,1.33,NORMAL,40,0,3
IRB.NS,HOLD,18.03,downtrend,26.02,-0.33,19.1,19.37,20.54,0.54,2.98,,,17.23,19.1,1.33,NORMAL,40,1,2
SUMICHEM.NS,HOLD,464.2,weak_trend,26.04,-17.22,483.0,513.92,456.89,13.0,2.8,,,444.71,490.19,1.33,NORMAL,40,1,2
AFFLE.NS,HOLD,1584.3,weak_trend,61.1,-10.91,1581.67,1608.82,1541.62,47.11,2.97,,,1513.64,1678.51,1.33,NORMAL,40,2,1
AEGISLOG.NS,HOLD,1404.5,weak_trend,60.99,33.04,1326.97,1328.33,908.19,66.34,4.72,,,1305.0,1537.17,1.33,ELEVATED,40,2,1
NAVINFLUOR.NS,HOLD,8457.5,weak_trend,42.39,53.69,8533.58,8188.92,6958.5,214.71,2.54,,,8135.43,8886.93,1.33,NORMAL,40,1,2
SYNGENE.NS,HOLD,381.85,downtrend,34.85,-6.91,389.03,399.08,459.82,9.61,2.52,,,367.43,401.08,1.33,NORMAL,40,0,3
BANDHANBNK.NS,HOLD,191.38,weak_trend,85.92,2.36,171.83,174.78,174.37,5.54,2.9,,,183.06,202.47,1.33,NORMAL,40,2,1
EMCURE.NS,HOLD,1981.7,weak_trend,66.66,24.91,1928.01,1915.32,1672.46,61.09,3.08,,,1890.06,2103.89,1.33,NORMAL,40,2,1
LALPATHLAB.NS,HOLD,1924.3,downtrend,49.79,9.37,1913.61,1878.93,1575.62,52.8,2.74,,,1845.1,2029.9,1.33,NORMAL,40,1,2
AMBER.NS,HOLD,7064.5,downtrend,34.75,-101.24,7289.68,7350.1,7247.12,149.5,2.12,,,6840.25,7363.5,1.33,NORMAL,40,0,3
PPLPHARMA.NS,HOLD,210.74,weak_trend,46.55,0.83,212.87,205.14,173.48,7.17,3.4,,,199.98,225.08,1.33,NORMAL,40,0,3
ZFCVINDIA.NS,HOLD,2357.2,downtrend,30.5,-44.92,2493.04,2503.95,2452.21,62.52,2.65,,,2263.42,2482.24,1.33,NORMAL,40,1,2
NUVAMA.NS,HOLD,1688.2,weak_trend,27.79,-22.82,1756.46,1767.23,1515.8,51.26,3.04,,,1611.3,1790.73,1.33,NORMAL,40,0,3
MRPL.NS,HOLD,166.32,weak_trend,38.74,-1.59,171.53,171.67,166.29,7.13,4.29,,,155.62,180.59,1.33,ELEVATED,40,0,3
RAMCOCEM.NS,HOLD,885.05,downtrend,61.76,-7.66,878.15,902.4,971.07,19.03,2.15,,,856.51,923.1,1.33,NORMAL,40,1,2
SHYAMMETL.NS,HOLD,1105.8,weak_trend,59.37,17.77,1078.73,1039.87,910.18,29.24,2.64,,,1061.94,1164.29,1.33,NORMAL,40,2,1
FSL.NS,HOLD,267.85,weak_trend,51.83,-0.24,265.09,273.46,264.45,9.14,3.41,,,254.14,286.14,1.33,NORMAL,40,2,1
EMAMILTD.NS,HOLD,391.45,downtrend,65.81,-2.89,372.92,392.22,436.39,11.99,3.06,,,373.47,415.42,1.33,NORMAL,40,2,1
DEEPAKNTR.NS,HOLD,1635.8,weak_trend,34.82,-31.96,1657.56,1695.06,1628.1,40.76,2.49,,,1574.66,1717.31,1.33,NORMAL,40,0,3
INOXWIND.NS,HOLD,75.02,downtrend,53.49,0.24,74.53,75.55,92.74,2.19,2.92,,,71.74,79.4,1.33,NORMAL,40,2,1
EIHOTEL.NS,HOLD,301.15,downtrend,57.37,-0.16,294.39,307.47,320.96,8.56,2.84,,,288.31,318.26,1.33,NORMAL,40,1,2
WOCKPHARMA.NS,HOLD,2329.7,weak_trend,72.63,69.49,2091.18,1981.75,1636.38,98.03,4.21,,,2182.66,2525.76,1.33,ELEVATED,40,2,1
PTCIL.NS,HOLD,22355.0,weak_trend,35.45,549.32,22759.8,20397.68,18130.06,751.07,3.36,,,21228.39,23857.14,1.33,NORMAL,40,0,3
PFIZER.NS,HOLD,4025.5,downtrend,8.16,-197.95,4305.14,4603.6,4668.14,91.18,2.27,,,3888.73,4207.86,1.33,NORMAL,40,0,3
ANANDRATHI.NS,HOLD,2169.2,weak_trend,42.36,12.18,2203.09,2147.66,1789.85,42.75,1.97,,,2105.07,2254.7,1.33,LOW,40,1,2
KIOCL.NS,HOLD,349.35,downtrend,30.62,-10.95,363.18,371.86,370.42,10.5,3.01,,,333.59,370.36,1.33,NORMAL,40,0,3
MANAPPURAM.NS,HOLD,320.4,weak_trend,33.14,-7.91,329.19,344.46,308.44,8.82,2.75,,,307.17,338.04,1.33,NORMAL,40,0,3
PNBHOUSING.NS,HOLD,1138.5,weak_trend,48.63,-1.75,1152.49,1130.88,982.46,32.0,2.81,,,1090.5,1202.5,1.33,NORMAL,40,0,3
BRIGADE.NS,HOLD,616.45,weak_trend,19.7,-0.3,646.46,608.94,569.89,23.56,3.82,,,581.11,663.56,1.33,NORMAL,40,0,3
ABSLAMC.NS,HOLD,1026.6,weak_trend,46.91,2.31,1054.7,1034.47,958.11,41.91,4.08,,,963.73,1110.43,1.33,ELEVATED,40,0,3
TIMKEN.NS,HOLD,3287.9,uptrend,60.91,1.98,3182.61,3182.36,3285.54,108.76,3.31,,,3124.76,3505.41,1.33,NORMAL,40,3,0
HSCL.NS,HOLD,667.75,weak_trend,52.99,-10.87,665.81,715.71,578.56,15.38,2.3,,,644.69,698.5,1.33,NORMAL,40,2,1
FORCEMOT.NS,HOLD,17352.0,downtrend,48.54,-121.7,17520.83,17782.98,19544.81,394.71,2.27,,,16759.94,18141.42,1.33,NORMAL,40,0,3
WELCORP.NS,HOLD,2796.8,weak_trend,57.41,159.78,2583.26,2132.07,1317.2,135.84,4.86,,,2593.05,3068.47,1.33,ELEVATED,40,1,2
ANGELONE.NS,HOLD,300.0,weak_trend,61.65,-0.08,295.39,298.5,285.75,8.98,2.99,,,286.53,317.96,1.33,NORMAL,40,2,1
TATACHEM.NS,HOLD,669.9,downtrend,54.29,10.92,655.71,662.96,701.49,40.23,6.01,,,609.55,750.36,1.33,ELEVATED,40,1,2
ASAHIINDIA.NS,HOLD,971.3,weak_trend,54.67,8.79,959.53,928.53,905.8,21.64,2.23,,,938.84,1014.58,1.33,NORMAL,40,2,1
ASTRAZEN.NS,HOLD,6706.0,weak_trend,30.31,-220.25,6837.12,7454.82,8230.72,127.68,1.9,,,6514.48,6961.36,1.33,LOW,40,0,3
ERIS.NS,HOLD,1269.9,downtrend,40.45,-16.58,1313.57,1355.09,1393.3,33.29,2.62,,,1219.97,1336.47,1.33,NORMAL,40,0,3
CESC.NS,HOLD,142.56,weak_trend,34.85,-3.32,145.35,153.04,158.0,3.31,2.32,,,137.6,149.18,1.33,NORMAL,40,0,3
HBLENGINE.NS,HOLD,764.35,weak_trend,77.49,15.77,711.04,708.15,758.03,28.13,3.68,,,722.16,820.61,1.33,NORMAL,40,1,2
SUNTV.NS,HOLD,490.2,downtrend,59.4,-0.35,465.6,477.2,533.93,16.55,3.38,,,465.37,523.31,1.33,NORMAL,40,2,1
KARURVYSYA.NS,HOLD,324.45,weak_trend,27.25,-2.99,337.65,335.77,298.41,8.51,2.62,,,311.68,341.48,1.33,NORMAL,40,0,3
SAGILITY.NS,HOLD,45.99,downtrend,44.02,0.47,45.72,44.0,44.06,1.02,2.21,,,44.46,48.02,1.33,NORMAL,40,1,2
JYOTICNC.NS,HOLD,1100.8,weak_trend,61.19,41.4,1016.96,918.27,824.42,43.38,3.94,,,1035.73,1187.56,1.33,NORMAL,40,2,1
KEC.NS,HOLD,402.4,weak_trend,47.99,-10.85,406.89,437.29,542.19,12.85,3.19,,,383.12,428.1,1.33,NORMAL,40,0,3
AADHARHFC.NS,HOLD,454.55,weak_trend,36.0,-7.39,467.12,484.31,483.02,12.99,2.86,,,435.07,480.52,1.33,NORMAL,40,0,3
IIFL.NS,HOLD,633.3,downtrend,46.42,-3.17,621.36,615.06,538.27,23.05,3.64,,,598.72,679.4,1.33,NORMAL,40,2,1
REDINGTON.NS,HOLD,400.75,weak_trend,63.51,16.42,380.91,344.3,268.92,15.35,3.83,,,377.72,431.45,1.33,NORMAL,40,2,1
HATSUN.NS,HOLD,1155.7,weak_trend,49.34,36.32,1182.9,1035.2,953.68,58.89,5.1,,,1067.36,1273.49,1.33,ELEVATED,40,0,3
CREDITACC.NS,HOLD,1349.6,weak_trend,29.43,-28.39,1401.77,1477.0,1349.44,34.62,2.57,,,1297.67,1418.84,1.33,NORMAL,40,0,3
URBANCO.NS,HOLD,172.73,downtrend,45.46,4.55,169.68,152.72,133.01,7.36,4.26,,,161.68,187.46,1.33,ELEVATED,40,1,2
JSWHL.NS,HOLD,11333.0,downtrend,46.92,-102.39,11427.65,11429.4,14239.73,380.07,3.35,,,10762.89,12093.14,1.33,NORMAL,40,0,3
PSB.NS,HOLD,22.1,downtrend,30.13,-0.38,22.59,23.28,24.58,0.37,1.67,,,21.55,22.84,1.33,LOW,40,0,3
ONESOURCE.NS,HOLD,1596.7,weak_trend,54.08,7.96,1564.88,1584.93,1582.68,56.61,3.55,,,1511.79,1709.91,1.33,NORMAL,40,2,1
KPIL.NS,HOLD,1411.8,downtrend,48.92,12.42,1411.1,1365.01,1239.8,38.93,2.76,,,1353.41,1489.66,1.33,NORMAL,40,1,2
ATHERENERG.NS,HOLD,1499.4,weak_trend,36.34,22.7,1607.69,1471.56,990.55,61.66,4.11,,,1406.9,1622.73,1.33,ELEVATED,40,1,2
SUNDRMFAST.NS,HOLD,1185.4,weak_trend,47.43,15.39,1220.18,1138.04,942.03,42.39,3.58,,,1121.82,1270.17,1.33,NORMAL,40,0,3
ABREL.NS,HOLD,1206.4,downtrend,16.82,-45.1,1309.85,1369.02,1372.21,36.41,3.02,,,1151.78,1279.23,1.33,NORMAL,40,1,2
OLAELEC.NS,HOLD,41.87,uptrend,68.8,-0.08,38.36,38.52,35.95,1.58,3.78,,,39.5,45.04,1.33,NORMAL,40,3,0
CHALET.NS,HOLD,884.05,downtrend,48.0,1.26,881.35,857.72,821.48,23.62,2.67,,,848.61,931.3,1.33,NORMAL,40,1,2
CHAMBLFERT.NS,HOLD,419.6,downtrend,52.26,-4.1,416.72,429.92,441.72,6.5,1.55,,,409.85,432.6,1.33,LOW,40,1,2
ANANTRAJ.NS,HOLD,631.8,weak_trend,51.24,-0.05,606.92,610.94,543.1,18.38,2.91,,,604.23,668.56,1.33,NORMAL,40,2,1
ECLERX.NS,HOLD,1924.2,weak_trend,43.48,18.23,1933.93,1891.96,1782.75,63.04,3.28,,,1829.65,2050.27,1.33,NORMAL,40,0,3
CASTROLIND.NS,HOLD,193.23,uptrend,63.81,2.31,189.17,185.71,178.6,3.14,1.63,,,188.51,199.52,1.33,LOW,40,3,0
SCHNEIDER.NS,HOLD,1243.4,uptrend,58.41,-11.28,1208.76,1270.92,1068.71,40.91,3.29,,,1182.04,1325.21,1.33,NORMAL,40,3,0
POLYMED.NS,HOLD,1726.6,weak_trend,41.43,-4.25,1728.63,1725.16,1571.21,42.7,2.47,,,1662.55,1812.0,1.33,NORMAL,40,0,3
DCMSHRIRAM.NS,HOLD,980.0,downtrend,27.16,-12.86,1004.67,1019.83,1093.08,17.59,1.79,,,953.62,1015.17,1.33,LOW,40,0,3
BASF.NS,HOLD,3580.4,downtrend,28.42,-69.9,3710.36,3804.05,3647.33,93.06,2.6,,,3440.8,3766.53,1.33,NORMAL,40,0,3
TENNIND.NS,HOLD,518.6,downtrend,51.7,-6.93,520.02,538.6,552.25,14.19,2.74,,,497.32,546.97,1.33,NORMAL,40,2,1
KANSAINER.NS,HOLD,182.58,downtrend,17.79,-5.03,189.75,197.81,204.77,3.74,2.05,,,176.96,190.07,1.33,NORMAL,40,0,3
DEVYANI.NS,HOLD,140.11,weak_trend,54.89,1.65,139.23,132.61,122.88,3.9,2.78,,,134.26,147.91,1.33,NORMAL,40,1,2
NEULANDLAB.NS,HOLD,22490.0,weak_trend,45.81,138.26,23027.55,21814.43,16823.46,742.86,3.3,,,21375.71,23975.71,1.33,NORMAL,40,0,3
CROMPTON.NS,HOLD,223.43,weak_trend,45.04,-5.77,229.23,243.28,252.97,4.55,2.04,,,216.61,232.53,1.33,NORMAL,40,0,3
EIDPARRY.NS,HOLD,701.4,downtrend,9.91,-23.67,746.87,768.8,831.24,17.18,2.45,,,675.63,735.76,1.33,NORMAL,40,0,3
CAMS.NS,HOLD,723.9,weak_trend,37.96,-13.93,728.39,755.05,736.64,16.43,2.27,,,699.25,756.76,1.33,NORMAL,40,0,3
KFINTECH.NS,HOLD,911.95,downtrend,44.62,-8.89,918.11,926.87,932.15,20.48,2.25,,,881.24,952.9,1.33,NORMAL,40,0,3
RPOWER.NS,HOLD,21.03,downtrend,31.34,-0.56,21.66,22.78,26.62,0.58,2.78,,,20.15,22.2,1.33,NORMAL,40,0,3
BIKAJI.NS,HOLD,591.1,downtrend,51.26,-12.9,576.69,606.71,649.15,18.91,3.2,,,562.73,628.93,1.33,NORMAL,40,2,1
KAJARIACER.NS,HOLD,1216.4,weak_trend,39.74,-3.0,1219.32,1214.6,1085.49,26.7,2.19,,,1176.35,1269.8,1.33,NORMAL,40,0,3
ATUL.NS,HOLD,6118.0,downtrend,32.34,-112.61,6288.23,6465.8,6411.52,121.25,1.98,,,5936.12,6360.5,1.33,LOW,40,0,3
SARDAEN.NS,HOLD,505.95,weak_trend,56.24,-0.85,509.91,507.67,519.53,16.46,3.25,,,481.25,538.88,1.33,NORMAL,40,0,3
APLLTD.NS,HOLD,844.4,weak_trend,73.11,6.53,823.69,819.55,772.85,23.18,2.75,,,809.63,890.76,1.33,NORMAL,40,1,2
DEEPAKFERT.NS,HOLD,1386.2,uptrend,55.76,-31.57,1362.26,1463.75,1284.66,37.52,2.71,,,1329.92,1461.24,1.33,NORMAL,40,3,0
FIRSTCRY.NS,HOLD,180.41,downtrend,52.69,-6.28,175.36,195.12,231.18,6.97,3.87,,,169.95,194.36,1.33,NORMAL,40,1,2
JSWCEMENT.NS,HOLD,118.18,downtrend,28.75,-2.99,120.75,127.47,124.32,2.09,1.77,,,115.05,122.36,1.33,LOW,40,2,1
SAILIFE.NS,HOLD,1609.6,weak_trend,55.24,41.87,1570.26,1449.67,1130.29,49.16,3.05,,,1535.86,1707.91,1.33,NORMAL,40,1,2
CGCL.NS,HOLD,268.6,downtrend,47.47,6.44,264.48,247.1,202.52,9.5,3.54,,,254.36,287.59,1.33,NORMAL,40,1,2
ARE&M.NS,HOLD,812.85,downtrend,27.0,-28.11,837.22,884.56,852.67,16.4,2.02,,,788.24,845.66,1.33,NORMAL,40,1,2
GRINDWELL.NS,HOLD,1977.6,weak_trend,50.42,-30.97,1937.18,2031.27,1771.5,53.84,2.72,,,1896.85,2085.27,1.33,NORMAL,40,2,1
VINATIORGA.NS,HOLD,1222.8,downtrend,31.47,-24.74,1281.65,1300.71,1380.05,31.51,2.58,,,1175.54,1285.82,1.33,NORMAL,40,1,2
SKFINDIA.NS,HOLD,1519.8,downtrend,43.88,-8.14,1537.94,1533.62,1621.94,37.21,2.45,,,1463.99,1594.21,1.33,NORMAL,40,0,3
MAHSCOOTER.NS,HOLD,13269.0,weak_trend,46.76,28.0,13280.1,13148.54,12895.62,316.54,2.39,,,12794.18,13902.09,1.33,NORMAL,40,0,3
JUBLPHARMA.NS,HOLD,1058.0,weak_trend,79.5,36.44,979.83,952.91,953.1,36.4,3.44,,,1003.41,1130.79,1.33,NORMAL,40,1,2
ZENSARTECH.NS,HOLD,430.75,downtrend,29.47,-12.43,447.14,479.41,539.12,14.72,3.42,,,408.67,460.19,1.33,NORMAL,40,1,2
FIVESTAR.NS,HOLD,549.7,uptrend,55.83,1.29,535.18,539.09,486.92,18.32,3.33,,,522.22,586.34,1.33,NORMAL,40,3,0
TRITURBINE.NS,HOLD,562.1,weak_trend,46.56,-9.49,566.07,587.97,561.29,17.41,3.1,,,535.98,596.92,1.33,NORMAL,40,0,3
CARBORUNIV.NS,HOLD,1264.5,weak_trend,74.28,20.53,1109.39,1103.12,965.41,50.71,4.01,,,1188.44,1365.91,1.33,ELEVATED,40,2,1
RBLBANK.NS,HOLD,428.0,weak_trend,62.41,8.44,405.34,388.56,340.39,9.99,2.33,,,413.01,447.99,1.33,NORMAL,40,2,1
RATNAMANI.NS,HOLD,2800.8,weak_trend,58.53,73.32,2731.32,2535.07,2438.59,110.53,3.95,,,2635.01,3021.86,1.33,NORMAL,40,1,2
PGEL.NS,HOLD,521.15,downtrend,32.86,-17.17,548.84,582.04,554.58,13.6,2.61,,,500.76,548.34,1.33,NORMAL,40,0,3
VENTIVE.NS,HOLD,578.35,weak_trend,49.71,-7.44,576.53,594.41,653.75,15.6,2.7,,,554.95,609.55,1.33,NORMAL,40,0,3
NAVA.NS,HOLD,553.65,weak_trend,47.84,-3.96,555.93,562.49,582.24,13.48,2.44,,,533.43,580.61,1.33,NORMAL,40,0,3
CUB.NS,HOLD,225.34,weak_trend,38.44,2.24,230.45,222.24,205.81,7.9,3.51,,,213.49,241.14,1.33,NORMAL,40,0,3
CENTURYPLY.NS,HOLD,711.9,downtrend,32.48,-13.95,731.45,756.48,760.85,17.63,2.48,,,685.45,747.16,1.33,NORMAL,40,0,3
BEML.NS,HOLD,2095.4,weak_trend,52.94,47.46,2025.68,1899.93,1769.47,79.67,3.8,,,1975.9,2254.74,1.33,NORMAL,40,2,1
MANYAVAR.NS,HOLD,531.15,weak_trend,38.03,8.1,553.95,502.97,457.13,20.35,3.83,,,500.62,571.86,1.33,NORMAL,40,0,3
ABLBL.NS,HOLD,79.81,downtrend,29.23,-2.16,83.51,88.35,101.26,1.75,2.19,,,77.18,83.31,1.33,NORMAL,40,1,2
NETWEB.NS,HOLD,4736.0,weak_trend,29.48,-81.52,4969.69,4846.03,3992.07,177.89,3.76,,,4469.16,5091.79,1.33,NORMAL,40,0,3
TBOTEK.NS,HOLD,1704.5,weak_trend,50.69,15.21,1695.34,1623.91,1429.45,51.69,3.03,,,1626.96,1807.89,1.33,NORMAL,40,1,2
CONCORDBIO.NS,HOLD,1560.3,weak_trend,63.83,23.39,1479.99,1438.07,1262.39,51.96,3.33,,,1482.35,1664.23,1.33,NORMAL,40,2,1
TRAVELFOOD.NS,HOLD,1214.5,downtrend,37.86,-21.52,1261.72,1294.07,1228.48,32.41,2.67,,,1165.88,1279.32,1.33,NORMAL,40,0,3
CPPLUS.NS,HOLD,3831.9,weak_trend,53.13,9.34,3669.63,3586.88,2532.9,163.09,4.26,,,3587.27,4158.07,1.33,ELEVATED,40,1,2
UTIAMC.NS,HOLD,909.95,downtrend,62.27,3.5,897.67,902.68,950.4,18.56,2.04,,,882.11,947.06,1.33,NORMAL,40,1,2
SOBHA.NS,HOLD,1243.8,weak_trend,45.62,-24.92,1233.51,1306.78,1377.63,31.09,2.5,,,1197.17,1305.97,1.33,NORMAL,40,0,3
LMW.NS,HOLD,17126.0,weak_trend,32.14,-228.13,18223.25,17669.76,15560.65,645.07,3.77,,,16158.39,18416.14,1.33,NORMAL,40,0,3
ACMESOLAR.NS,HOLD,452.3,weak_trend,70.52,16.14,414.35,391.56,304.06,20.09,4.44,,,422.17,492.48,1.33,ELEVATED,40,1,2
IRCON.NS,HOLD,110.13,downtrend,25.34,-3.95,114.2,121.44,138.92,2.69,2.44,,,106.1,115.51,1.33,NORMAL,40,1,2
GABRIEL.NS,HOLD,1428.1,uptrend,58.96,-6.42,1360.49,1405.71,1115.88,60.04,4.2,,,1338.04,1548.19,1.33,ELEVATED,40,3,0
GMDCLTD.NS,HOLD,556.7,downtrend,50.22,-3.75,553.95,560.51,583.35,13.34,2.4,,,536.68,583.39,1.33,NORMAL,40,1,2
CRAFTSMAN.NS,HOLD,10904.0,weak_trend,44.33,99.42,11225.42,10532.66,8603.41,464.14,4.26,,,10207.79,11832.29,1.33,ELEVATED,40,0,3
ELGIEQUIP.NS,HOLD,614.7,weak_trend,41.86,-0.05,618.66,603.6,540.41,18.13,2.95,,,587.51,650.95,1.33,NORMAL,40,0,3
NATCOPHARM.NS,HOLD,837.6,weak_trend,49.61,-17.35,829.25,880.16,942.8,17.49,2.09,,,811.37,872.58,1.33,NORMAL,40,1,2
CHOICEIN.NS,HOLD,751.85,weak_trend,45.09,-9.28,761.11,790.83,743.25,20.19,2.69,,,721.56,792.24,1.33,NORMAL,40,0,3
VGUARD.NS,HOLD,316.4,downtrend,23.4,-1.28,330.11,321.57,318.87,7.95,2.51,,,304.48,332.29,1.33,NORMAL,40,0,3
APTUS.NS,HOLD,251.33,downtrend,42.52,-4.85,250.0,261.46,258.23,7.31,2.91,,,240.36,265.96,1.33,NORMAL,40,1,2
SIGNATURE.NS,HOLD,768.75,weak_trend,51.65,-9.15,772.72,791.47,868.83,25.86,3.36,,,729.95,820.48,1.33,NORMAL,40,0,3
CIEINDIA.NS,HOLD,384.2,downtrend,50.29,-5.43,385.2,406.01,434.42,8.81,2.29,,,370.99,401.81,1.33,NORMAL,40,2,1
TECHNOE.NS,HOLD,1012.05,downtrend,62.16,3.79,981.43,989.39,1066.95,29.86,2.95,,,967.25,1071.78,1.33,NORMAL,40,1,2
WHIRLPOOL.NS,HOLD,865.25,uptrend,61.53,-7.05,782.44,781.47,835.21,27.8,3.21,,,823.54,920.86,1.33,NORMAL,40,3,0
JMFINANCIL.NS,HOLD,127.51,downtrend,34.2,-0.62,127.21,126.42,129.09,3.2,2.51,,,122.7,133.92,1.33,NORMAL,40,0,3
GPIL.NS,HOLD,234.68,downtrend,44.27,-2.59,241.05,242.2,261.33,6.55,2.79,,,224.86,247.78,1.33,NORMAL,40,0,3
AFCONS.NS,HOLD,258.3,downtrend,26.99,-6.4,272.9,276.7,313.42,15.7,6.08,,,234.74,289.71,1.33,ELEVATED,40,0,3
ABDL.NS,HOLD,656.4,weak_trend,71.86,10.52,624.62,619.91,557.58,19.76,3.01,,,626.76,695.91,1.33,NORMAL,40,2,1
CAPLIPOINT.NS,HOLD,2793.8,weak_trend,46.41,42.83,2701.77,2610.27,2093.2,93.71,3.35,,,2653.24,2981.21,1.33,NORMAL,40,1,2
DATAPATTNS.NS,HOLD,4422.4,weak_trend,43.88,-29.63,4594.16,4530.47,3707.62,189.44,4.28,,,4138.25,4801.27,1.33,ELEVATED,40,0,3
IGIL.NS,HOLD,331.65,downtrend,55.47,-3.93,324.15,336.57,334.84,9.0,2.71,,,318.16,349.64,1.33,NORMAL,40,1,2
DOMS.NS,HOLD,2141.5,downtrend,37.5,-32.04,2166.22,2211.14,2312.05,41.54,1.94,,,2079.19,2224.59,1.33,LOW,40,0,3
LTFOODS.NS,HOLD,430.0,weak_trend,43.01,0.07,435.77,419.39,398.84,12.05,2.8,,,411.92,454.1,1.33,NORMAL,40,0,3
KIRLOSBROS.NS,HOLD,1794.3,weak_trend,37.21,-30.67,1825.76,1869.32,1706.13,46.74,2.61,,,1724.19,1887.79,1.33,NORMAL,40,0,3
AGARWALEYE.NS,HOLD,494.8,weak_trend,31.13,-2.27,505.94,502.59,472.46,14.25,2.88,,,473.42,523.31,1.33,NORMAL,40,0,3
JBMA.NS,HOLD,601.8,downtrend,37.21,-12.41,613.05,636.47,617.03,14.8,2.46,,,579.59,631.41,1.33,NORMAL,40,1,2
RRKABEL.NS,HOLD,2476.7,weak_trend,37.87,-66.1,2537.89,2611.2,1917.74,81.58,3.29,,,2354.33,2639.86,1.33,NORMAL,40,0,3
GALLANTT.NS,HOLD,556.45,weak_trend,41.85,-11.35,553.44,575.57,621.22,19.07,3.43,,,527.84,594.6,1.33,NORMAL,40,0,3
IFCI.NS,HOLD,79.49,weak_trend,31.41,-1.7,85.79,79.86,66.23,5.43,6.83,,,71.35,90.35,1.33,ELEVATED,40,0,3
NIVABUPA.NS,HOLD,80.23,weak_trend,47.01,-0.85,80.57,83.32,79.67,1.66,2.08,,,77.73,83.56,1.33,NORMAL,40,0,3
INDIAMART.NS,HOLD,1652.4,downtrend,38.22,-33.7,1695.66,1751.96,1975.01,44.03,2.66,,,1586.36,1740.46,1.33,NORMAL,40,0,3
GESHIP.NS,HOLD,1483.8,weak_trend,79.62,31.95,1388.08,1363.16,1339.43,31.91,2.15,,,1435.94,1547.61,1.33,NORMAL,40,1,2
PARADEEP.NS,HOLD,154.26,weak_trend,53.57,1.05,155.79,149.38,134.84,4.56,2.95,,,147.43,163.37,1.33,NORMAL,40,0,3
CEATLTD.NS,HOLD,3432.2,downtrend,65.01,-29.5,3367.39,3476.97,3533.77,69.91,2.04,,,3327.34,3572.01,1.33,NORMAL,40,1,2
TRIDENT.NS,HOLD,23.42,downtrend,37.44,-0.38,23.66,24.36,24.98,0.42,1.79,,,22.79,24.26,1.33,LOW,40,1,2
RAINBOW.NS,HOLD,1406.5,weak_trend,42.54,-8.81,1445.22,1474.91,1329.49,36.95,2.63,,,1351.08,1480.4,1.33,NORMAL,40,0,3
INTELLECT.NS,HOLD,668.05,downtrend,45.36,-12.17,674.14,700.13,751.93,18.75,2.81,,,639.93,705.54,1.33,NORMAL,40,1,2
SYRMA.NS,HOLD,1719.4,weak_trend,72.01,66.82,1570.53,1476.64,1079.04,81.72,4.75,,,1596.82,1882.84,1.33,ELEVATED,40,1,2
FINEORG.NS,HOLD,5096.5,weak_trend,43.95,11.38,5182.11,5078.21,4671.1,107.79,2.11,,,4934.82,5312.07,1.33,NORMAL,40,0,3
NUVOCO.NS,HOLD,344.75,weak_trend,53.98,0.29,330.61,337.06,327.71,10.6,3.07,,,328.86,365.94,1.33,NORMAL,40,2,1
BATAINDIA.NS,HOLD,637.2,downtrend,19.73,-13.61,656.9,674.19,721.96,12.01,1.89,,,619.18,661.23,1.33,LOW,40,0,3
SWANCORP.NS,HOLD,300.05,downtrend,65.0,-0.57,291.71,301.33,350.68,11.63,3.88,,,282.6,323.31,1.33,NORMAL,40,1,2
KIRLOSENG.NS,HOLD,2219.5,weak_trend,46.34,1.88,2159.24,2160.92,1717.02,94.59,4.26,,,2077.61,2408.69,1.33,ELEVATED,40,1,2
BLS.NS,HOLD,230.07,weak_trend,32.38,-5.28,233.78,243.34,266.95,5.78,2.51,,,221.4,241.63,1.33,NORMAL,40,0,3
AARTIIND.NS,HOLD,491.35,weak_trend,45.79,-5.68,499.65,502.98,450.42,14.84,3.02,,,469.09,521.04,1.33,NORMAL,40,0,3
THELEELA.NS,HOLD,544.95,weak_trend,39.8,3.01,547.41,520.88,453.83,17.63,3.23,,,518.51,580.21,1.33,NORMAL,40,0,3
EMMVEE.NS,HOLD,333.1,uptrend,54.92,2.62,329.49,326.53,267.02,13.03,3.91,,,313.56,359.15,1.33,NORMAL,40,3,0
SPLPETRO.NS,HOLD,882.2,weak_trend,79.44,37.35,791.78,745.0,688.26,34.59,3.92,,,830.32,951.37,1.33,NORMAL,40,1,2
BLUEDART.NS,HOLD,4799.5,downtrend,16.46,-65.8,4920.27,5005.32,5186.23,72.34,1.51,,,4691.0,4944.17,1.33,LOW,40,0,3
ZYDUSWELL.NS,HOLD,531.0,weak_trend,47.13,-0.28,540.78,540.47,484.97,18.96,3.57,,,502.56,568.92,1.33,NORMAL,40,0,3
KSB.NS,HOLD,823.2,weak_trend,53.58,-3.2,804.38,821.92,814.23,21.95,2.67,,,790.28,867.09,1.33,NORMAL,40,2,1
PCBL.NS,HOLD,345.45,weak_trend,70.1,5.7,326.95,323.73,295.44,12.0,3.47,,,327.45,369.45,1.33,NORMAL,40,1,2
JWL.NS,HOLD,233.16,downtrend,37.67,-5.48,237.94,247.34,275.18,5.82,2.5,,,224.43,244.8,1.33,NORMAL,40,1,2
CEMPRO.NS,HOLD,1311.2,weak_trend,52.71,-4.9,1263.92,1323.39,952.64,45.74,3.49,,,1242.59,1402.69,1.33,NORMAL,40,2,1
ZENTEC.NS,HOLD,1672.3,weak_trend,26.67,-37.5,1746.37,1768.85,1579.88,51.78,3.1,,,1594.63,1775.86,1.33,NORMAL,40,0,3
JAINREC.NS,HOLD,302.95,downtrend,64.64,-4.57,283.59,303.8,380.06,10.6,3.5,,,287.05,324.15,1.33,NORMAL,40,2,1
GODREJAGRO.NS,HOLD,670.05,weak_trend,54.66,17.3,654.94,602.48,575.49,21.01,3.14,,,638.53,712.08,1.33,NORMAL,40,1,2
IEX.NS,HOLD,113.16,downtrend,31.57,-2.68,116.48,122.28,124.89,2.21,1.96,,,109.84,117.59,1.33,LOW,40,0,3
BBTC.NS,HOLD,1450.2,weak_trend,42.86,-8.83,1476.61,1479.41,1588.01,41.39,2.85,,,1388.11,1532.99,1.33,NORMAL,40,0,3
CYIENT.NS,HOLD,1072.2,weak_trend,37.92,29.11,1088.98,957.61,961.9,34.11,3.18,,,1021.04,1140.41,1.33,NORMAL,40,0,3
INDGN.NS,HOLD,598.4,downtrend,48.85,8.32,589.85,559.13,512.23,14.74,2.46,,,576.29,627.88,1.33,NORMAL,40,1,2
AAVAS.NS,HOLD,1285.8,weak_trend,45.86,-14.52,1284.54,1351.7,1363.5,29.38,2.28,,,1241.73,1344.56,1.33,NORMAL,40,0,3
MINDACORP.NS,HOLD,689.05,weak_trend,42.14,-6.51,696.57,703.28,607.87,15.93,2.31,,,665.16,720.91,1.33,NORMAL,40,0,3
BELRISE.NS,HOLD,249.78,weak_trend,66.67,1.92,232.83,235.45,207.58,5.93,2.37,,,240.89,261.63,1.33,NORMAL,40,2,1
CELLO.NS,HOLD,324.1,downtrend,29.99,-9.33,336.4,350.23,416.7,7.81,2.41,,,312.38,339.72,1.33,NORMAL,40,0,3
JPPOWER.NS,HOLD,16.04,weak_trend,48.7,-0.33,16.19,16.95,17.04,0.56,3.47,,,15.21,17.15,1.33,NORMAL,40,0,3
TARIL.NS,HOLD,289.0,downtrend,36.43,-5.77,292.46,297.58,298.09,7.51,2.6,,,277.74,304.01,1.33,NORMAL,40,0,3
NEWGEN.NS,HOLD,504.15,downtrend,39.37,-8.87,512.15,527.95,543.41,13.69,2.72,,,483.62,531.53,1.33,NORMAL,40,0,3
ANURAS.NS,HOLD,1193.4,downtrend,38.69,-13.8,1219.67,1225.02,1276.86,34.27,2.87,,,1141.99,1261.95,1.33,NORMAL,40,0,3
GRANULES.NS,HOLD,860.25,weak_trend,51.48,5.13,864.37,856.81,712.03,28.63,3.33,,,817.31,917.51,1.33,NORMAL,40,0,3
GRAVITA.NS,HOLD,1561.1,downtrend,18.75,-49.32,1679.81,1727.42,1664.31,42.8,2.74,,,1496.9,1646.7,1.33,NORMAL,40,1,2
HOMEFIRST.NS,HOLD,1205.8,weak_trend,50.88,6.25,1202.38,1197.52,1131.14,41.34,3.43,,,1143.8,1288.47,1.33,NORMAL,40,2,1
MGL.NS,HOLD,1092.8,uptrend,57.42,-5.41,1082.61,1091.8,1081.07,22.78,2.08,,,1058.63,1138.36,1.33,NORMAL,40,3,0
USHAMART.NS,HOLD,535.05,uptrend,59.88,6.35,502.87,500.43,459.08,15.43,2.88,,,511.91,565.91,1.33,NORMAL,40,3,0
LEMONTREE.NS,HOLD,107.92,downtrend,60.62,-0.7,105.84,108.45,119.95,2.03,1.88,,,104.87,111.98,1.33,LOW,40,1,2
TEGA.NS,HOLD,2078.8,weak_trend,84.12,105.04,1733.94,1666.01,1725.7,101.59,4.89,,,1926.41,2281.98,1.33,ELEVATED,40,1,2
VTL.NS,HOLD,561.45,weak_trend,40.92,-10.25,576.08,591.7,551.07,16.3,2.9,,,537.0,594.05,1.33,NORMAL,40,0,3
NCC.NS,HOLD,136.05,downtrend,28.12,-2.4,142.71,141.52,147.61,4.08,3.0,,,129.93,144.2,1.33,NORMAL,40,0,3
FINCABLES.NS,HOLD,1470.2,weak_trend,71.27,66.31,1335.6,1198.42,979.38,69.26,4.71,,,1366.3,1608.73,1.33,ELEVATED,40,1,2
ACE.NS,HOLD,1253.9,weak_trend,79.36,34.04,1150.79,1112.45,952.81,40.67,3.24,,,1192.89,1335.24,1.33,NORMAL,40,1,2
ELECON.NS,HOLD,466.6,uptrend,64.09,-1.69,422.41,430.71,455.63,13.51,2.9,,,446.33,493.63,1.33,NORMAL,40,3,0
EMBDL.NS,HOLD,61.22,uptrend,56.89,-1.03,58.03,60.74,59.96,2.51,4.11,,,57.45,66.25,1.33,ELEVATED,40,3,0
JINDALSAW.NS,HOLD,292.6,weak_trend,39.37,1.65,302.84,282.02,225.15,10.89,3.72,,,276.27,314.38,1.33,NORMAL,40,0,3
WELSPUNLIV.NS,HOLD,223.77,weak_trend,73.6,9.94,206.75,183.53,147.13,7.51,3.36,,,212.5,238.79,1.33,NORMAL,40,2,1
NSLNISP.NS,HOLD,43.95,weak_trend,41.58,-0.26,44.29,43.26,42.39,1.4,3.18,,,41.85,46.75,1.33,NORMAL,40,0,3
ACUTAAS.NS,HOLD,3265.2,weak_trend,53.3,17.52,3275.44,3296.23,2641.74,126.28,3.87,,,3075.78,3517.76,1.33,NORMAL,40,2,1
RITES.NS,HOLD,204.05,downtrend,34.71,-3.07,208.64,213.44,211.85,4.25,2.08,,,197.68,212.54,1.33,NORMAL,40,1,2
CCL.NS,HOLD,1043.2,downtrend,29.6,-18.24,1085.74,1121.32,1072.09,27.51,2.64,,,1001.94,1098.21,1.33,NORMAL,40,1,2
FINPIPE.NS,HOLD,154.16,weak_trend,43.57,-1.51,154.28,157.85,167.84,3.22,2.09,,,149.34,160.59,1.33,NORMAL,40,1,2
SAMMAANCAP.NS,HOLD,144.48,downtrend,32.77,-3.36,147.72,154.48,153.08,3.81,2.64,,,138.76,152.11,1.33,NORMAL,40,0,3
INGERRAND.NS,HOLD,4228.4,weak_trend,15.88,-106.56,4558.58,4501.97,4032.11,129.01,3.05,,,4034.89,4486.41,1.33,NORMAL,40,1,2
INDIACEM.NS,HOLD,340.05,weak_trend,34.54,-9.06,352.23,374.21,399.37,8.56,2.52,,,327.21,357.16,1.33,NORMAL,40,0,3
BLUEJET.NS,HOLD,585.75,uptrend,54.41,-0.82,574.72,583.46,488.31,15.67,2.68,,,562.24,617.1,1.33,NORMAL,40,3,0
CARTRADE.NS,HOLD,3001.8,weak_trend,50.54,12.3,3011.61,2905.92,2376.2,124.61,4.15,,,2814.89,3251.01,1.33,ELEVATED,40,0,3
CHENNPETRO.NS,HOLD,1388.6,weak_trend,44.92,17.62,1446.67,1345.89,1044.74,73.19,5.27,,,1278.81,1534.99,1.33,ELEVATED,40,0,3
TSFINV.NS,HOLD,462.05,weak_trend,86.08,9.75,428.04,433.47,415.77,13.75,2.98,,,441.42,489.55,1.33,NORMAL,40,1,2
SBFC.NS,HOLD,91.21,downtrend,21.28,-1.03,96.61,94.52,94.6,2.37,2.6,,,87.65,95.96,1.33,NORMAL,40,0,3
CANHLIFE.NS,HOLD,151.63,weak_trend,44.09,0.48,153.61,151.31,144.31,4.85,3.2,,,144.36,161.33,1.33,NORMAL,40,0,3
RAILTEL.NS,HOLD,268.75,weak_trend,47.6,-5.4,266.49,278.82,308.09,6.89,2.56,,,258.41,282.54,1.33,NORMAL,40,0,3
CLEAN.NS,HOLD,836.6,downtrend,45.74,7.47,835.15,800.41,790.47,23.79,2.84,,,800.91,884.19,1.33,NORMAL,40,1,2
TITAGARH.NS,HOLD,842.05,weak_trend,49.69,-2.05,842.24,839.66,796.04,29.53,3.51,,,797.76,901.1,1.33,NORMAL,40,0,3
JYOTHYLAB.NS,HOLD,194.11,downtrend,33.79,-2.71,197.96,201.77,223.86,3.97,2.05,,,188.15,202.05,1.33,NORMAL,40,0,3
SHRIPISTON.NS,HOLD,4489.8,downtrend,46.14,5.03,4482.26,4439.59,3591.86,123.85,2.76,,,4304.02,4737.5,1.33,NORMAL,40,1,2
ALIVUS.NS,HOLD,1383.1,weak_trend,44.44,17.89,1388.28,1310.91,1069.57,49.36,3.57,,,1309.06,1481.81,1.33,NORMAL,40,0,3
ENGINERSIN.NS,HOLD,303.7,uptrend,67.04,10.44,271.12,248.49,222.33,10.55,3.47,,,287.88,324.79,1.33,NORMAL,40,3,0
J&KBANK.NS,HOLD,149.25,weak_trend,47.72,-1.9,147.3,155.7,133.06,3.34,2.24,,,144.24,155.92,1.33,NORMAL,40,1,2
OLECTRA.NS,HOLD,1275.9,uptrend,57.79,-24.69,1227.49,1295.71,1209.5,35.6,2.79,,,1222.51,1347.09,1.33,NORMAL,40,3,0
GRINFRA.NS,HOLD,825.65,downtrend,30.57,-16.9,853.21,872.74,916.05,26.44,3.2,,,786.0,878.52,1.33,NORMAL,40,0,3
JUBLINGREA.NS,HOLD,640.95,downtrend,26.71,-21.61,660.52,704.54,667.5,19.08,2.98,,,612.33,679.11,1.33,NORMAL,40,1,2
SANOFI.NS,HOLD,3052.4,downtrend,22.36,-49.64,3117.83,3244.1,3521.99,39.33,1.29,,,2993.41,3131.06,1.33,LOW,40,1,2
SANOFICONR.NS,HOLD,4005.4,weak_trend,31.55,-94.76,4089.92,4334.8,4405.55,107.64,2.69,,,3843.94,4220.69,1.33,NORMAL,40,0,3
EUREKAFORB.NS,HOLD,378.45,downtrend,6.28,-14.45,404.64,428.41,486.76,11.42,3.02,,,361.31,401.3,1.33,NORMAL,40,0,3
WAAREERTL.NS,HOLD,848.0,downtrend,50.04,-19.48,839.82,888.41,928.37,19.96,2.35,,,818.06,887.92,1.33,NORMAL,40,2,1
RELAXO.NS,HOLD,298.3,downtrend,18.05,-20.82,324.89,368.1,348.46,10.68,3.58,,,282.28,319.66,1.33,NORMAL,40,0,3
PRUDENT.NS,HOLD,3352.7,weak_trend,51.55,26.63,3372.71,3267.3,2778.36,125.8,3.75,,,3164.0,3604.3,1.33,NORMAL,40,0,3
VIKRAMSOLR.NS,HOLD,163.34,downtrend,33.16,-2.71,166.95,172.34,199.42,3.69,2.26,,,157.8,170.73,1.33,NORMAL,40,0,3
TTML.NS,HOLD,35.63,downtrend,32.65,-0.8,36.7,38.12,42.08,1.04,2.91,,,34.08,37.7,1.33,NORMAL,40,0,3
CANFINHOME.NS,HOLD,757.95,downtrend,18.71,-14.34,787.22,809.71,855.21,15.88,2.09,,,734.14,789.7,1.33,NORMAL,40,0,3
BSOFT.NS,HOLD,281.1,weak_trend,36.81,-4.84,285.58,296.47,347.84,7.29,2.59,,,270.17,295.68,1.33,NORMAL,40,0,3
GRAPHITE.NS,HOLD,821.0,weak_trend,66.05,31.71,773.07,723.0,665.77,40.26,4.9,,,760.6,901.53,1.33,ELEVATED,40,2,1
JKTYRE.NS,HOLD,355.35,weak_trend,35.58,-9.27,360.42,379.38,425.92,7.06,1.99,,,344.75,369.48,1.33,LOW,40,1,2
BLACKBUCK.NS,HOLD,616.05,weak_trend,62.07,11.13,601.05,583.42,584.68,23.57,3.83,,,580.69,663.19,1.33,NORMAL,40,2,1
ZEEL.NS,HOLD,77.28,downtrend,17.68,-5.28,84.48,94.29,90.07,2.92,3.77,,,72.91,83.11,1.33,NORMAL,40,0,3
SAFARI.NS,HOLD,1491.6,downtrend,48.63,-6.83,1515.49,1529.56,1703.27,43.7,2.93,,,1426.05,1579.0,1.33,NORMAL,40,0,3
INOXINDIA.NS,HOLD,2168.9,downtrend,49.53,25.71,2151.32,2031.47,1536.41,98.38,4.54,,,2021.33,2365.66,1.33,ELEVATED,40,1,2
HFCL.NS,HOLD,217.37,weak_trend,48.43,-2.24,230.5,220.22,138.56,10.42,4.79,,,201.75,238.2,1.33,ELEVATED,40,0,3
RUBICON.NS,HOLD,1674.8,weak_trend,38.7,7.89,1786.53,1674.61,1100.44,66.71,3.98,,,1574.73,1808.23,1.33,NORMAL,40,1,2
PVRINOX.NS,HOLD,1317.5,weak_trend,57.42,39.12,1245.24,1180.49,1045.97,51.94,3.94,,,1239.59,1421.39,1.33,NORMAL,40,2,1
SCI.NS,HOLD,279.05,weak_trend,33.84,-3.64,284.06,286.23,268.89,6.8,2.44,,,268.86,292.64,1.33,NORMAL,40,0,3
JKLAKSHMI.NS,HOLD,511.2,weak_trend,47.94,-9.41,514.76,543.76,633.36,11.78,2.3,,,493.53,534.76,1.33,NORMAL,40,0,3
VIJAYA.NS,HOLD,1570.7,uptrend,60.88,24.21,1499.26,1443.11,1185.71,56.57,3.6,,,1485.84,1683.84,1.33,NORMAL,40,3,0
PRIVISCL.NS,HOLD,3483.8,uptrend,61.81,-1.47,3455.21,3532.3,3203.47,103.5,2.97,,,3328.55,3690.8,1.33,NORMAL,40,3,0
SONATSOFTW.NS,HOLD,282.0,weak_trend,48.71,-5.79,280.52,299.71,286.27,10.36,3.68,,,266.45,302.73,1.33,NORMAL,40,0,3
AETHER.NS,HOLD,1648.2,downtrend,48.96,11.45,1645.48,1591.52,1211.01,51.19,3.11,,,1571.42,1750.57,1.33,NORMAL,40,1,2
AZAD.NS,HOLD,2713.2,weak_trend,46.83,18.77,2779.62,2630.65,2020.24,110.08,4.06,,,2548.08,2933.36,1.33,ELEVATED,40,0,3
EDELWEISS.NS,HOLD,142.03,uptrend,60.26,4.03,131.78,124.03,115.0,6.22,4.38,,,132.7,154.47,1.33,ELEVATED,40,3,0
NAZARA.NS,HOLD,372.7,weak_trend,55.57,5.13,367.45,348.06,288.78,10.9,2.92,,,356.36,394.49,1.33,NORMAL,40,1,2
METROPOLIS.NS,HOLD,585.5,weak_trend,46.95,5.2,586.49,575.25,513.94,15.14,2.59,,,562.79,615.78,1.33,NORMAL,40,0,3
IXIGO.NS,HOLD,163.9,downtrend,52.45,-3.44,162.63,176.2,189.52,5.9,3.6,,,155.05,175.7,1.33,NORMAL,40,2,1
BALRAMCHIN.NS,HOLD,676.4,weak_trend,38.52,4.1,682.6,655.12,531.98,22.03,3.26,,,643.36,720.45,1.33,NORMAL,40,0,3
VESUVIUS.NS,HOLD,396.1,downtrend,29.54,-10.56,410.62,432.97,467.71,10.03,2.53,,,381.06,416.16,1.33,NORMAL,40,1,2
WESTLIFE.NS,HOLD,598.7,weak_trend,74.28,6.29,557.68,546.34,502.06,22.69,3.79,,,564.66,644.09,1.33,NORMAL,40,2,1
RKFORGE.NS,HOLD,710.2,weak_trend,44.48,2.18,717.3,693.63,582.72,24.06,3.39,,,674.11,758.31,1.33,NORMAL,40,0,3
STARCEMENT.NS,HOLD,189.23,downtrend,55.91,-1.55,189.96,196.69,210.8,5.06,2.68,,,181.64,199.36,1.33,NORMAL,40,1,2
GENUSPOWER.NS,HOLD,308.35,weak_trend,19.51,-4.43,323.6,319.2,295.89,9.7,3.15,,,293.8,327.75,1.33,NORMAL,40,0,3
RELINFRA.NS,HOLD,47.06,downtrend,16.85,-3.98,54.61,60.85,90.07,1.28,2.71,,,45.15,49.61,1.33,NORMAL,40,0,3
HEG.NS,HOLD,237.3,downtrend,10.54,-114.96,409.4,565.36,559.22,47.69,20.1,,,165.76,332.69,1.33,ELEVATED,40,0,3
PGHL.NS,HOLD,5452.0,downtrend,22.8,-131.52,5561.9,5968.32,5554.79,108.75,1.99,,,5288.88,5669.5,1.33,LOW,40,2,1
ALKYLAMINE.NS,HOLD,1883.0,weak_trend,34.12,-24.39,1929.22,1909.86,1664.11,62.28,3.31,,,1789.58,2007.56,1.33,NORMAL,40,0,3
TEJASNET.NS,HOLD,521.55,weak_trend,36.84,-4.95,547.07,530.74,472.44,23.96,4.59,,,485.61,569.47,1.33,ELEVATED,40,0,3
SHAILY.NS,HOLD,3211.0,weak_trend,46.87,-10.24,3255.92,3193.29,2579.76,116.9,3.64,,,3035.65,3444.8,1.33,NORMAL,40,0,3
TIMETECHNO.NS,HOLD,181.96,weak_trend,39.07,-3.13,182.22,192.65,182.55,4.45,2.44,,,175.29,190.85,1.33,NORMAL,40,1,2
BANCOINDIA.NS,HOLD,611.75,downtrend,51.49,-5.63,610.13,621.61,620.87,14.34,2.34,,,590.24,640.43,1.33,NORMAL,40,1,2
AVANTIFEED.NS,HOLD,767.2,downtrend,42.38,-27.95,797.18,864.11,1038.03,23.91,3.12,,,731.33,815.02,1.33,NORMAL,40,0,3
IIFLCAPS.NS,HOLD,353.05,weak_trend,74.12,2.49,339.61,337.56,328.49,4.36,1.24,,,346.5,361.78,1.33,LOW,40,2,1
ASKAUTOLTD.NS,HOLD,651.25,weak_trend,56.85,12.68,629.88,599.24,483.35,23.55,3.62,,,615.93,698.34,1.33,NORMAL,40,2,1
MEDPLUS.NS,HOLD,662.0,downtrend,50.83,-9.29,664.14,687.51,805.68,14.9,2.25,,,639.65,691.8,1.33,NORMAL,40,1,2
SHAKTIPUMP.NS,HOLD,476.8,downtrend,51.99,-8.98,477.57,501.69,559.46,15.82,3.32,,,453.07,508.44,1.33,NORMAL,40,1,2
ABFRL.NS,HOLD,49.09,weak_trend,43.25,-1.64,50.96,54.98,62.93,1.42,2.89,,,46.96,51.92,1.33,NORMAL,40,0,3
MMTC.NS,HOLD,60.47,downtrend,38.59,-0.99,61.83,62.75,63.31,1.48,2.45,,,58.25,63.43,1.33,NORMAL,40,0,3
SUDARSCHEM.NS,HOLD,1236.9,weak_trend,48.05,23.01,1240.1,1150.55,959.96,44.96,3.63,,,1169.46,1326.81,1.33,NORMAL,40,0,3
RHIM.NS,HOLD,388.85,downtrend,69.13,-1.17,370.63,383.46,401.58,10.01,2.57,,,373.83,408.88,1.33,NORMAL,40,2,1
JLHL.NS,HOLD,274.05,weak_trend,17.82,-7.9,284.33,303.82,273.48,7.28,2.66,,,263.13,288.61,1.33,NORMAL,40,0,3
INDIASHLTR.NS,HOLD,667.15,downtrend,56.49,-5.47,662.04,695.9,751.72,18.81,2.82,,,638.93,704.78,1.33,NORMAL,40,1,2
ASTRAMICRO.NS,HOLD,1602.1,weak_trend,43.04,-25.05,1666.0,1713.62,1281.9,58.35,3.64,,,1514.57,1718.8,1.33,NORMAL,40,0,3
TDPOWERSYS.NS,HOLD,765.5,weak_trend,56.45,14.28,751.66,685.57,531.71,37.91,4.95,,,708.64,841.31,1.33,ELEVATED,40,1,2
KPIGREEN.NS,HOLD,350.05,weak_trend,71.76,-3.38,301.16,336.86,395.24,12.37,3.53,,,331.5,374.78,1.33,NORMAL,40,1,2
TRANSRAILL.NS,HOLD,488.9,weak_trend,76.2,-3.33,427.86,457.49,506.79,15.92,3.26,,,465.02,520.74,1.33,NORMAL,40,1,2
BIRLACORPN.NS,HOLD,839.95,weak_trend,35.46,-20.31,846.5,889.32,954.2,21.92,2.61,,,807.07,883.79,1.33,NORMAL,40,0,3
SAPPHIRE.NS,HOLD,231.48,weak_trend,53.33,2.85,229.76,218.05,200.12,7.55,3.26,,,220.16,246.58,1.33,NORMAL,40,1,2
MAPMYINDIA.NS,HOLD,906.8,downtrend,29.99,-28.84,943.01,1015.19,1092.82,27.62,3.05,,,865.37,962.04,1.33,NORMAL,40,0,3
UJJIVANSFB.NS,HOLD,66.01,weak_trend,62.44,-0.84,65.35,68.11,60.12,1.72,2.61,,,63.42,69.46,1.33,NORMAL,40,2,1
HCG.NS,HOLD,712.7,weak_trend,53.51,1.31,699.58,695.48,633.56,21.75,3.05,,,680.07,756.21,1.33,NORMAL,40,2,1
NESCO.NS,HOLD,1078.5,weak_trend,57.55,8.28,1072.61,1059.73,1127.64,34.19,3.17,,,1027.22,1146.87,1.33,NORMAL,40,0,3
HAPPYFORGE.NS,HOLD,2099.8,weak_trend,26.88,12.2,2219.89,2013.17,1462.39,75.69,3.6,,,1986.27,2251.17,1.33,NORMAL,40,0,3
HONASA.NS,HOLD,484.9,weak_trend,56.9,1.81,472.93,467.56,365.47,15.09,3.11,,,462.27,515.07,1.33,NORMAL,40,2,1
KRBL.NS,HOLD,404.85,weak_trend,39.91,-0.14,411.9,387.54,360.11,13.43,3.32,,,384.71,431.71,1.33,NORMAL,40,1,2
VARROC.NS,HOLD,836.5,weak_trend,49.4,17.86,848.83,785.06,621.83,35.68,4.27,,,782.98,907.86,1.33,ELEVATED,40,0,3
SANSERA.NS,HOLD,4621.4,weak_trend,79.39,182.05,4050.23,3769.62,2693.82,176.94,3.83,,,4356.0,4975.27,1.33,NORMAL,40,2,1
LATENTVIEW.NS,HOLD,253.4,weak_trend,30.5,-8.3,260.69,281.55,331.26,6.16,2.43,,,244.16,265.72,1.33,NORMAL,40,0,3
BLUESTONE.NS,HOLD,855.5,weak_trend,55.99,18.21,845.52,813.48,573.87,55.07,6.44,,,772.89,965.64,1.33,ELEVATED,40,2,1
WABAG.NS,HOLD,2048.7,weak_trend,52.84,21.23,2085.95,2027.79,1575.72,87.45,4.27,,,1917.52,2223.6,1.33,ELEVATED,40,0,3
LLOYDSENT.NS,HOLD,74.15,uptrend,56.46,-1.41,70.81,75.7,65.76,2.45,3.31,,,70.47,79.06,1.33,NORMAL,40,3,0
TI.NS,HOLD,601.5,uptrend,68.58,12.32,546.95,520.36,461.06,21.37,3.55,,,569.44,644.24,1.33,NORMAL,40,3,0
ALOKINDS.NS,HOLD,7.64,downtrend,52.88,-0.89,7.73,10.2,13.06,0.33,4.32,,,7.14,8.3,1.33,ELEVATED,40,1,2
SANDUMA.NS,HOLD,188.06,downtrend,37.99,-4.92,193.15,198.83,209.27,5.16,2.75,,,180.32,198.39,1.33,NORMAL,40,0,3
TTKPRESTIG.NS,HOLD,525.8,downtrend,17.86,-19.6,553.69,596.91,558.81,15.05,2.86,,,503.22,555.9,1.33,NORMAL,40,0,3
DBREALTY.NS,HOLD,101.48,weak_trend,45.72,-2.95,100.12,107.17,111.02,3.27,3.23,,,96.57,108.03,1.33,NORMAL,40,0,3
MARKSANS.NS,HOLD,347.6,weak_trend,59.25,7.57,328.47,301.89,224.47,13.35,3.84,,,327.57,374.31,1.33,NORMAL,40,2,1
TCI.NS,HOLD,829.75,downtrend,31.9,-22.02,855.15,893.94,958.97,24.72,2.98,,,792.67,879.19,1.33,NORMAL,40,1,2
BBOX.NS,HOLD,809.85,weak_trend,63.98,9.32,764.62,768.57,695.09,40.62,5.02,,,748.92,891.09,1.33,ELEVATED,40,2,1
POWERMECH.NS,HOLD,2453.5,weak_trend,54.66,-24.19,2418.6,2491.28,2365.61,78.7,3.21,,,2335.45,2610.91,1.33,NORMAL,40,2,1
ORKLAINDIA.NS,HOLD,557.45,downtrend,34.88,-0.66,586.18,572.74,596.89,14.83,2.66,,,535.21,587.1,1.33,NORMAL,40,1,2
SOUTHBANK.NS,HOLD,47.08,weak_trend,45.71,0.03,46.08,46.0,42.02,1.16,2.46,,,45.34,49.4,1.33,NORMAL,40,2,1
LOTUSDEV.NS,HOLD,224.46,weak_trend,88.45,11.0,200.99,185.28,152.87,9.53,4.25,,,210.16,243.53,1.33,ELEVATED,40,1,2
JAIBALAJI.NS,HOLD,66.78,downtrend,38.12,-0.67,67.32,65.48,67.87,2.76,4.13,,,62.65,72.29,1.33,ELEVATED,40,0,3
SAREGAMA.NS,HOLD,507.0,weak_trend,58.5,-1.46,494.27,507.38,408.82,17.48,3.45,,,480.79,541.95,1.33,NORMAL,40,2,1
JSLL.NS,HOLD,524.3,downtrend,63.08,-4.19,505.04,528.52,616.72,16.35,3.12,,,499.78,557.0,1.33,NORMAL,40,1,2
PCJEWELLER.NS,HOLD,14.47,weak_trend,75.29,0.81,12.49,10.88,9.81,0.96,6.67,,,13.02,16.4,1.33,ELEVATED,40,2,1
LUMAXTECH.NS,HOLD,2044.9,weak_trend,55.22,52.94,2003.71,1838.72,1649.31,79.36,3.88,,,1925.85,2203.63,1.33,NORMAL,40,2,1
TANLA.NS,HOLD,500.4,weak_trend,41.08,-18.39,510.32,557.11,510.52,13.42,2.68,,,480.27,527.24,1.33,NORMAL,40,0,3
MANORAMA.NS,HOLD,1929.4,weak_trend,46.44,34.38,1963.25,1806.38,1500.32,66.16,3.43,,,1830.16,2061.72,1.33,NORMAL,40,0,3
ARVIND.NS,HOLD,548.25,weak_trend,44.64,0.47,555.72,541.59,432.24,22.54,4.11,,,514.45,593.32,1.33,ELEVATED,40,0,3
APOLLO.NS,HOLD,404.6,weak_trend,56.63,0.38,394.71,392.45,316.41,18.49,4.57,,,376.86,441.59,1.33,ELEVATED,40,1,2
PNGJL.NS,HOLD,605.0,weak_trend,58.25,-2.21,604.1,619.81,592.51,16.5,2.73,,,580.24,638.01,1.33,NORMAL,40,1,2
MAHSEAMLES.NS,HOLD,702.75,weak_trend,62.8,23.49,687.75,627.07,587.91,28.87,4.11,,,659.45,760.49,1.33,ELEVATED,40,1,2
HAPPSTMNDS.NS,HOLD,317.7,downtrend,16.34,-20.36,346.89,378.16,385.64,8.85,2.78,,,304.43,335.39,1.33,NORMAL,40,0,3
CAMPUS.NS,HOLD,211.05,downtrend,9.52,-3.21,217.21,220.02,239.5,3.89,1.84,,,205.22,218.83,1.33,LOW,40,0,3
RELIGARE.NS,HOLD,251.77,downtrend,49.83,2.14,250.41,246.85,238.07,6.58,2.61,,,241.91,264.92,1.33,NORMAL,40,1,2
GMRP&UI.NS,HOLD,98.13,downtrend,62.45,-0.36,93.43,95.81,103.87,3.88,3.95,,,92.31,105.89,1.33,NORMAL,40,2,1
BECTORFOOD.NS,HOLD,219.3,weak_trend,42.49,-2.34,229.21,226.97,207.88,9.32,4.25,,,205.31,237.95,1.33,ELEVATED,40,0,3
WEWORK.NS,HOLD,668.5,weak_trend,59.6,-5.32,673.53,696.11,601.48,18.38,2.75,,,640.93,705.26,1.33,NORMAL,40,1,2
RCF.NS,HOLD,109.63,weak_trend,35.34,-3.1,111.44,118.62,125.88,2.42,2.21,,,106.0,114.47,1.33,NORMAL,40,0,3
ESABINDIA.NS,HOLD,5604.5,downtrend,22.08,-101.93,5893.85,5872.99,5831.21,128.68,2.3,,,5411.48,5861.86,1.33,NORMAL,40,0,3
VOLTAMP.NS,HOLD,10799.0,weak_trend,43.33,91.71,10958.48,10325.6,9190.14,363.36,3.36,,,10253.96,11525.71,1.33,NORMAL,40,0,3
STAR.NS,HOLD,1223.3,weak_trend,75.11,51.91,1139.46,1061.76,998.09,51.85,4.24,,,1145.53,1327.0,1.33,ELEVATED,40,1,2
GALAXYSURF.NS,HOLD,2222.0,weak_trend,49.92,7.83,2226.0,2135.94,1923.39,89.64,4.03,,,2087.55,2401.27,1.33,ELEVATED,40,0,3
MAHLIFE.NS,HOLD,356.6,weak_trend,45.42,-4.06,360.19,373.0,357.7,11.84,3.32,,,338.84,380.29,1.33,NORMAL,40,0,3
GPPL.NS,HOLD,164.12,downtrend,46.85,2.11,162.55,154.76,158.25,3.77,2.3,,,158.46,171.67,1.33,NORMAL,40,1,2
SHARDACROP.NS,HOLD,758.05,weak_trend,42.95,-14.18,767.28,798.57,922.94,16.6,2.19,,,733.15,791.25,1.33,NORMAL,40,0,3
OSWALPUMPS.NS,HOLD,284.25,downtrend,54.56,-9.47,281.29,310.17,378.4,10.26,3.61,,,268.86,304.77,1.33,NORMAL,40,2,1
DODLA.NS,HOLD,1048.6,downtrend,44.7,-7.17,1074.88,1073.33,1110.67,30.65,2.92,,,1002.62,1109.9,1.33,NORMAL,40,0,3
NETWORK18.NS,HOLD,27.14,weak_trend,45.79,-0.63,27.24,28.53,33.53,0.73,2.7,,,26.04,28.6,1.33,NORMAL,40,0,3
DIACABS.NS,HOLD,377.85,weak_trend,72.13,12.57,355.23,337.22,203.45,18.02,4.77,,,350.82,413.89,1.33,ELEVATED,40,1,2
GRWRHITECH.NS,HOLD,6537.5,weak_trend,35.26,-152.41,6844.52,6975.38,5122.0,267.14,4.09,,,6136.79,7071.79,1.33,ELEVATED,40,1,2
CERA.NS,HOLD,5520.0,weak_trend,38.31,-92.15,5644.73,5875.15,5462.64,104.57,1.89,,,5363.14,5729.14,1.33,LOW,40,0,3
KIRLPNU.NS,HOLD,711.95,weak_trend,35.49,-13.76,724.64,746.94,682.6,21.49,3.02,,,679.72,754.93,1.33,NORMAL,40,0,3
BORORENEW.NS,HOLD,475.0,weak_trend,40.07,-20.27,488.2,535.18,518.39,15.9,3.35,,,451.14,506.81,1.33,NORMAL,40,0,3
KALPATARU.NS,HOLD,272.55,weak_trend,46.34,-3.74,270.2,277.3,312.95,8.76,3.21,,,259.41,290.06,1.33,NORMAL,40,1,2
TRIVENI.NS,HOLD,242.35,downtrend,17.04,-13.58,263.76,279.32,357.36,9.51,3.92,,,228.09,261.36,1.33,NORMAL,40,0,3
GSFC.NS,HOLD,155.34,downtrend,46.43,-0.7,154.11,154.47,161.04,3.41,2.2,,,150.22,162.17,1.33,NORMAL,40,0,3
GARFIBRES.NS,HOLD,787.15,weak_trend,45.47,4.13,804.11,783.27,691.36,25.89,3.29,,,748.32,838.92,1.33,NORMAL,40,0,3
ACI.NS,HOLD,474.6,weak_trend,39.25,-11.88,479.34,510.05,542.92,15.41,3.25,,,451.49,505.41,1.33,NORMAL,40,0,3
SHILPAMED.NS,HOLD,1037.7,weak_trend,61.85,58.23,958.66,814.84,507.43,46.44,4.48,,,968.04,1130.59,1.33,ELEVATED,40,2,1
DBL.NS,HOLD,413.55,downtrend,60.37,0.66,404.32,415.32,436.75,13.73,3.32,,,392.95,441.01,1.33,NORMAL,40,1,2
MAXESTATES.NS,HOLD,603.2,weak_trend,91.97,31.71,556.05,479.83,429.49,22.54,3.74,,,569.4,648.27,1.33,NORMAL,40,1,2
THOMASCOOK.NS,HOLD,105.12,downtrend,47.39,-0.45,107.16,105.27,109.03,3.44,3.27,,,99.97,111.99,1.33,NORMAL,40,0,3
SUDEEPPHRM.NS,HOLD,1199.6,weak_trend,38.86,20.79,1209.89,1071.4,770.8,61.04,5.09,,,1108.04,1321.69,1.33,ELEVATED,40,0,3
AARTIPHARM.NS,HOLD,940.1,uptrend,64.3,19.13,844.57,790.63,726.82,39.56,4.21,,,880.76,1019.21,1.33,ELEVATED,40,3,0
GNFC.NS,HOLD,623.05,uptrend,69.76,13.95,570.22,542.3,481.94,20.11,3.23,,,592.88,663.28,1.33,NORMAL,40,3,0
THANGAMAYL.NS,HOLD,5317.0,weak_trend,50.65,-117.29,5194.23,5540.03,4460.73,177.89,3.35,,,5050.16,5672.79,1.33,NORMAL,40,2,1
PRSMJOHNSN.NS,HOLD,116.43,downtrend,66.2,1.58,113.19,110.44,121.6,2.62,2.25,,,112.51,121.66,1.33,NORMAL,40,1,2
RUSTOMJEE.NS,HOLD,365.75,weak_trend,38.7,-6.92,361.27,378.6,423.08,10.78,2.95,,,349.58,387.31,1.33,NORMAL,40,0,3
AKUMS.NS,HOLD,823.3,uptrend,61.26,19.89,774.08,734.44,563.77,28.27,3.43,,,780.89,879.84,1.33,NORMAL,40,3,0
AJAXENGG.NS,HOLD,569.15,weak_trend,43.94,-2.31,577.07,577.01,544.67,18.11,3.18,,,541.98,605.37,1.33,NORMAL,40,0,3
ETHOSLTD.NS,HOLD,2660.2,weak_trend,32.66,-42.33,2739.51,2738.38,2567.52,99.69,3.75,,,2510.67,2859.57,1.33,NORMAL,40,1,2
PNCINFRA.NS,HOLD,139.17,downtrend,14.64,-19.25,167.1,203.54,214.32,8.47,6.08,,,126.47,156.11,1.33,ELEVATED,40,0,3
FDC.NS,HOLD,349.95,downtrend,56.93,-2.28,346.31,367.74,378.53,9.64,2.76,,,335.49,369.24,1.33,NORMAL,40,1,2
LLOYDSENGG.NS,HOLD,91.52,uptrend,65.3,-0.6,83.7,87.8,66.3,3.03,3.31,,,86.98,97.58,1.33,NORMAL,40,3,0
REDTAPE.NS,HOLD,121.1,downtrend,56.49,-1.72,119.11,124.42,124.44,5.13,4.24,,,113.4,131.36,1.33,ELEVATED,40,1,2
TMB.NS,HOLD,921.4,downtrend,44.39,7.08,909.21,874.33,701.65,24.79,2.69,,,884.21,970.99,1.33,NORMAL,40,2,1
TIPSMUSIC.NS,HOLD,670.5,uptrend,68.77,1.36,653.49,662.9,604.34,16.71,2.49,,,645.43,703.93,1.33,NORMAL,40,3,0
ATLANTAELE.NS,HOLD,1656.3,weak_trend,25.37,-20.78,1769.11,1700.41,1392.89,67.82,4.09,,,1554.57,1791.94,1.33,ELEVATED,40,0,3
EPIGRAL.NS,HOLD,1093.6,downtrend,19.31,-15.06,1166.05,1137.57,1114.86,37.81,3.46,,,1036.88,1169.23,1.33,NORMAL,40,0,3
INOXGREEN.NS,HOLD,174.81,downtrend,56.75,-1.32,172.59,178.79,178.68,6.09,3.48,,,165.68,186.99,1.33,NORMAL,40,2,1
SFL.NS,HOLD,643.1,weak_trend,49.38,-8.89,659.07,696.0,616.0,24.35,3.79,,,606.57,691.8,1.33,NORMAL,40,0,3
V2RETAIL.NS,HOLD,215.63,weak_trend,45.11,-2.06,217.15,219.03,214.75,5.49,2.55,,,207.39,226.61,1.33,NORMAL,40,0,3
MASTEK.NS,HOLD,1573.3,downtrend,15.33,-40.97,1671.41,1727.25,1738.13,50.43,3.21,,,1497.66,1674.16,1.33,NORMAL,40,0,3
BALUFORGE.NS,HOLD,506.25,weak_trend,28.9,-7.37,551.2,509.1,491.3,21.57,4.26,,,473.9,549.38,1.33,ELEVATED,40,0,3
MOIL.NS,HOLD,248.7,weak_trend,47.67,-5.51,247.9,261.97,297.3,5.8,2.33,,,240.01,260.29,1.33,NORMAL,40,0,3
GANESHHOU.NS,HOLD,746.1,weak_trend,42.76,-13.74,762.9,784.43,731.53,20.93,2.81,,,714.71,787.96,1.33,NORMAL,40,0,3
RTNINDIA.NS,HOLD,27.45,downtrend,50.27,-0.93,28.02,29.96,33.44,1.01,3.7,,,25.93,29.48,1.33,NORMAL,40,1,2
PFOCUS.NS,HOLD,337.15,weak_trend,73.45,15.2,314.26,298.9,269.4,15.2,4.51,,,314.35,367.55,1.33,ELEVATED,40,2,1
WELENT.NS,HOLD,774.0,weak_trend,51.53,37.11,761.73,665.15,544.21,35.76,4.62,,,720.36,845.52,1.33,ELEVATED,40,1,2
RAYMONDLSL.NS,HOLD,677.45,downtrend,58.5,-13.51,668.98,703.57,820.54,32.29,4.77,,,629.01,742.04,1.33,ELEVATED,40,2,1
ISGEC.NS,HOLD,867.85,weak_trend,71.32,9.67,788.65,800.88,878.18,27.32,3.15,,,826.88,922.48,1.33,NORMAL,40,1,2
PRAJIND.NS,HOLD,320.15,downtrend,28.78,-5.5,329.32,328.59,332.56,7.93,2.48,,,308.26,336.0,1.33,NORMAL,40,0,3
RATEGAIN.NS,HOLD,851.8,weak_trend,44.14,-18.36,873.8,910.04,719.22,25.84,3.03,,,813.04,903.48,1.33,NORMAL,40,0,3
MIDHANI.NS,HOLD,416.2,weak_trend,50.17,-1.68,424.62,417.72,379.56,19.84,4.77,,,386.44,455.88,1.33,ELEVATED,40,0,3
KTKBANK.NS,HOLD,343.05,weak_trend,57.22,4.43,325.04,307.53,247.9,9.3,2.71,,,329.1,361.65,1.33,NORMAL,40,2,1
YATHARTH.NS,HOLD,1162.2,weak_trend,80.76,59.27,1014.69,920.61,778.9,43.11,3.71,,,1097.54,1248.41,1.33,NORMAL,40,1,2
CSBBANK.NS,HOLD,336.4,downtrend,57.21,0.22,325.63,330.52,377.5,12.15,3.61,,,318.17,360.7,1.33,NORMAL,40,1,2
EPL.NS,HOLD,239.1,weak_trend,38.93,-2.05,243.03,241.25,222.38,6.88,2.88,,,228.78,252.86,1.33,NORMAL,40,0,3
AURIONPRO.NS,HOLD,689.4,downtrend,51.94,-9.76,685.34,723.61,855.96,20.8,3.02,,,658.19,731.01,1.33,NORMAL,40,1,2
JUSTDIAL.NS,HOLD,693.55,weak_trend,47.87,0.15,682.88,695.21,620.64,18.9,2.73,,,665.19,731.36,1.33,NORMAL,40,1,2
MHRIL.NS,HOLD,201.39,weak_trend,39.05,-5.25,202.27,214.66,251.96,5.67,2.81,,,192.89,212.73,1.33,NORMAL,40,0,3
THYROCARE.NS,HOLD,573.75,weak_trend,47.09,-4.82,569.12,580.0,476.61,14.32,2.5,,,552.27,602.39,1.33,NORMAL,40,1,2
ARVINDFASN.NS,HOLD,425.45,downtrend,32.1,-7.1,440.64,448.29,455.65,12.84,3.02,,,406.19,451.14,1.33,NORMAL,40,1,2
EQUITASBNK.NS,HOLD,72.27,weak_trend,46.82,-0.64,73.05,74.94,68.95,1.97,2.72,,,69.32,76.21,1.33,NORMAL,40,0,3
ELLEN.NS,HOLD,371.3,weak_trend,63.5,15.86,348.4,318.3,280.36,21.79,5.87,,,338.62,414.88,1.33,ELEVATED,40,1,2
CMSINFO.NS,HOLD,234.12,weak_trend,38.29,-5.58,234.19,251.25,290.47,6.82,2.91,,,223.89,247.76,1.33,NORMAL,40,0,3
PGIL.NS,HOLD,1300.8,uptrend,64.15,17.34,1172.75,1134.39,890.33,61.42,4.72,,,1208.67,1423.64,1.33,ELEVATED,40,3,0
DHANUKA.NS,HOLD,982.65,weak_trend,40.98,-8.56,983.81,999.61,1059.62,24.4,2.48,,,946.04,1031.46,1.33,NORMAL,40,1,2
SYMPHONY.NS,HOLD,592.6,downtrend,56.74,-8.76,588.88,627.67,747.92,20.25,3.42,,,562.22,633.1,1.33,NORMAL,40,1,2
QPOWER.NS,HOLD,1555.6,weak_trend,61.3,54.11,1461.98,1302.23,1048.59,75.53,4.86,,,1442.3,1706.67,1.33,ELEVATED,40,1,2
CUPID.NS,HOLD,273.85,weak_trend,46.25,0.54,276.15,261.27,149.76,12.43,4.54,,,255.2,298.71,1.33,ELEVATED,40,1,2
AHLUCONT.NS,HOLD,580.6,weak_trend,42.85,-37.33,596.92,713.92,807.28,17.93,3.09,,,553.7,616.47,1.33,NORMAL,40,0,3
IFBIND.NS,HOLD,1258.7,weak_trend,38.99,-31.59,1282.28,1332.33,1257.35,37.94,3.01,,,1201.8,1334.57,1.33,NORMAL,40,1,2
BAJAJELEC.NS,HOLD,329.4,downtrend,45.2,-4.21,330.77,339.39,368.86,8.14,2.47,,,317.19,345.69,1.33,NORMAL,40,0,3
JKPAPER.NS,HOLD,415.25,weak_trend,52.74,8.14,410.04,394.44,360.18,14.48,3.49,,,393.53,444.21,1.33,NORMAL,40,1,2
PRICOLLTD.NS,HOLD,763.65,weak_trend,48.46,3.11,764.43,738.64,626.29,21.39,2.8,,,731.57,806.43,1.33,NORMAL,40,0,3
AVALON.NS,HOLD,2445.6,weak_trend,60.36,98.72,2302.6,2060.96,1392.36,142.74,5.84,,,2231.5,2731.07,1.33,ELEVATED,40,2,1
SURYAROSNI.NS,HOLD,214.64,weak_trend,45.05,-3.86,215.02,225.01,237.39,4.61,2.15,,,207.73,223.86,1.33,NORMAL,40,0,3
HNDFDS.NS,HOLD,621.1,weak_trend,49.23,2.7,624.58,604.01,534.1,17.43,2.81,,,594.96,655.96,1.33,NORMAL,40,0,3
PURVA.NS,HOLD,216.82,downtrend,54.36,-0.35,214.84,215.5,218.27,8.89,4.1,,,203.48,234.61,1.33,ELEVATED,40,1,2
UTLSOLAR.NS,HOLD,446.1,weak_trend,55.97,1.78,434.22,417.73,291.47,18.6,4.17,,,418.2,483.3,1.33,ELEVATED,40,1,2
AVL.NS,HOLD,624.4,weak_trend,61.88,5.32,612.21,615.6,544.57,17.59,2.82,,,598.01,659.59,1.33,NORMAL,40,2,1
RTNPOWER.NS,HOLD,7.11,weak_trend,41.56,-0.27,7.28,7.98,8.78,0.18,2.48,,,6.85,7.46,1.33,NORMAL,40,0,3
RENUKA.NS,HOLD,23.04,downtrend,38.84,-0.16,23.97,23.23,24.51,0.99,4.28,,,21.56,25.01,1.33,ELEVATED,40,0,3
GREENLAM.NS,HOLD,227.83,downtrend,30.41,-5.54,236.58,246.26,240.34,6.27,2.75,,,218.42,240.37,1.33,NORMAL,40,0,3
SUPRAJIT.NS,HOLD,485.05,weak_trend,43.43,-4.51,490.46,499.12,455.69,17.22,3.55,,,459.22,519.49,1.33,NORMAL,40,0,3
JAYNECOIND.NS,HOLD,91.36,weak_trend,33.82,-0.95,92.59,91.54,87.76,3.24,3.55,,,86.49,97.85,1.33,NORMAL,40,0,3
VMART.NS,HOLD,786.6,weak_trend,24.09,-4.56,817.0,800.28,687.48,22.55,2.87,,,752.77,831.7,1.33,NORMAL,40,0,3
IONEXCHANG.NS,HOLD,430.1,weak_trend,67.83,11.53,415.1,405.4,382.2,20.47,4.76,,,399.4,471.04,1.33,ELEVATED,40,2,1
SUNTECK.NS,HOLD,290.1,weak_trend,44.62,-3.59,291.84,297.94,336.73,7.76,2.68,,,278.46,305.62,1.33,NORMAL,40,0,3
JUNIPER.NS,HOLD,221.77,weak_trend,54.56,4.35,218.13,206.1,214.6,7.58,3.42,,,210.4,236.93,1.33,NORMAL,40,1,2
HGINFRA.NS,HOLD,450.7,downtrend,31.91,-18.17,474.27,509.87,583.06,11.68,2.59,,,433.18,474.06,1.33,NORMAL,40,0,3
ICRA.NS,HOLD,4533.3,downtrend,15.86,-116.29,4756.22,4906.43,5325.86,101.19,2.23,,,4381.52,4735.67,1.33,NORMAL,40,0,3
SUBROS.NS,HOLD,731.5,downtrend,59.02,-8.78,708.38,749.03,769.05,20.49,2.8,,,700.76,772.48,1.33,NORMAL,40,2,1
AXISCADES.NS,HOLD,1940.2,uptrend,64.73,65.22,1771.35,1648.66,1605.29,88.59,4.57,,,1807.31,2117.39,1.33,ELEVATED,40,3,0
CRAMC.NS,HOLD,230.35,downtrend,24.35,-7.1,242.78,253.06,256.13,6.15,2.67,,,221.13,242.65,1.33,NORMAL,40,1,2
RALLIS.NS,HOLD,202.62,downtrend,26.27,-3.08,205.15,212.81,241.47,3.89,1.92,,,196.78,210.41,1.33,LOW,40,1,2
GOKEX.NS,HOLD,710.25,downtrend,33.69,-22.56,757.2,786.42,728.78,26.6,3.75,,,670.35,763.45,1.33,NORMAL,40,0,3
MTARTECH.NS,HOLD,7286.5,weak_trend,58.13,69.83,7157.5,6726.18,5279.17,325.04,4.46,,,6798.95,7936.57,1.33,ELEVATED,40,1,2
GULFOILLUB.NS,HOLD,1098.7,weak_trend,55.01,-6.47,1075.87,1079.19,1021.43,28.61,2.6,,,1055.78,1155.93,1.33,NORMAL,40,2,1
CHEMPLASTS.NS,HOLD,199.4,weak_trend,72.11,0.87,176.36,184.45,228.7,10.51,5.27,,,183.63,220.42,1.33,ELEVATED,40,0,3
ASHAPURMIN.NS,HOLD,532.85,weak_trend,42.97,-22.52,541.91,612.5,645.53,18.68,3.51,,,504.83,570.21,1.33,NORMAL,40,0,3
SWSOLAR.NS,HOLD,180.76,weak_trend,39.38,-6.02,183.34,196.21,201.24,6.26,3.46,,,171.37,193.29,1.33,NORMAL,40,0,3
SHARDAMOTR.NS,HOLD,971.85,weak_trend,79.89,25.72,900.81,878.82,857.93,32.93,3.39,,,922.46,1037.71,1.33,NORMAL,40,2,1
PICCADIL.NS,HOLD,621.6,weak_trend,51.05,-19.3,612.17,679.07,606.6,18.68,3.01,,,593.58,658.96,1.33,NORMAL,40,2,1
INDIAGLYCO.NS,HOLD,257.7,downtrend,53.16,-193.93,448.65,860.22,938.48,15.26,5.92,,,234.81,288.21,1.33,ELEVATED,40,2,1
MANINFRA.NS,HOLD,124.75,weak_trend,50.54,3.15,124.69,113.03,111.28,3.55,2.85,,,119.42,131.86,1.33,NORMAL,40,1,2
VIPIND.NS,HOLD,298.9,downtrend,41.08,-2.29,303.5,303.44,327.9,9.91,3.32,,,284.03,318.72,1.33,NORMAL,40,0,3
ELECTCAST.NS,HOLD,74.22,downtrend,20.0,-0.69,78.6,74.7,75.19,2.38,3.21,,,70.65,78.98,1.33,NORMAL,40,0,3
TIIL.NS,HOLD,3019.9,weak_trend,28.47,1.01,3171.08,2955.7,2486.39,127.76,4.23,,,2828.26,3275.41,1.33,ELEVATED,40,1,2
PILANIINVS.NS,HOLD,4041.8,downtrend,30.37,-88.93,4217.22,4305.05,4557.7,108.52,2.68,,,3879.02,4258.84,1.33,NORMAL,40,0,3
SMARTWORKS.NS,HOLD,541.05,weak_trend,54.68,7.52,535.46,509.12,460.27,18.65,3.45,,,513.07,578.35,1.33,NORMAL,40,1,2
IMFA.NS,HOLD,1266.1,weak_trend,46.62,-33.92,1281.35,1357.36,1354.56,36.29,2.87,,,1211.66,1338.69,1.33,NORMAL,40,0,3
SUPRIYA.NS,HOLD,1000.9,weak_trend,77.46,30.22,881.37,856.38,767.98,37.38,3.73,,,944.84,1075.65,1.33,NORMAL,40,2,1
PARAS.NS,HOLD,1381.2,weak_trend,46.23,-0.53,1414.93,1353.68,941.16,66.22,4.79,,,1281.87,1513.64,1.33,ELEVATED,40,0,3
GHCL.NS,HOLD,424.0,downtrend,27.9,-4.17,428.68,433.46,467.32,7.16,1.69,,,413.25,438.33,1.33,LOW,40,0,3
SAATVIKGL.NS,HOLD,447.6,weak_trend,61.46,1.75,417.22,425.49,421.23,15.48,3.46,,,424.39,478.55,1.33,NORMAL,40,2,1
EMUDHRA.NS,HOLD,637.8,weak_trend,69.42,32.94,560.33,525.38,497.01,37.15,5.82,,,582.07,712.1,1.33,ELEVATED,40,2,1
MASFIN.NS,HOLD,284.5,downtrend,39.18,-3.87,293.33,302.27,311.83,7.56,2.66,,,273.16,299.61,1.33,NORMAL,40,0,3
TEXRAIL.NS,HOLD,124.75,uptrend,65.1,2.36,114.28,110.78,110.98,4.97,3.98,,,117.3,134.68,1.33,NORMAL,40,3,0
SKIPPER.NS,HOLD,567.5,weak_trend,55.27,2.5,559.43,546.52,464.97,26.71,4.71,,,527.43,620.93,1.33,ELEVATED,40,1,2
RAJESHEXPO.NS,HOLD,68.53,downtrend,3.55,-3.17,76.53,81.1,119.85,3.67,5.36,,,63.02,75.87,1.33,ELEVATED,40,0,3
STLTECH.NS,HOLD,867.1,weak_trend,71.22,50.31,799.09,677.6,385.27,45.43,5.24,,,798.96,957.95,1.33,ELEVATED,40,1,2
SENCO.NS,HOLD,342.25,weak_trend,45.76,-5.64,349.06,364.77,334.84,10.55,3.08,,,326.43,363.34,1.33,NORMAL,40,1,2
FISCHER.NS,HOLD,35.03,downtrend,38.62,-0.97,35.0,36.87,38.01,1.64,4.67,,,32.58,38.3,1.33,ELEVATED,40,1,2
STYL.NS,HOLD,359.8,weak_trend,33.15,-6.69,378.15,381.35,294.67,16.06,4.46,,,335.71,391.91,1.33,ELEVATED,40,0,3
KSCL.NS,HOLD,710.7,weak_trend,34.57,-21.46,728.41,769.87,859.11,17.0,2.39,,,685.21,744.69,1.33,NORMAL,40,0,3
ICIL.NS,HOLD,476.55,uptrend,66.01,7.51,443.76,423.8,327.37,20.31,4.26,,,446.09,517.16,1.33,ELEVATED,40,3,0
SHOPERSTOP.NS,HOLD,391.1,weak_trend,49.81,-0.24,386.63,397.45,361.19,20.27,5.18,,,360.7,431.64,1.33,ELEVATED,40,1,2
INDIGOPNTS.NS,HOLD,1140.0,weak_trend,41.95,-1.24,1129.91,1114.63,1016.67,35.28,3.09,,,1087.08,1210.56,1.33,NORMAL,40,1,2
FIEMIND.NS,HOLD,1924.5,downtrend,35.02,-82.88,2001.12,2201.52,2189.25,49.86,2.59,,,1849.71,2024.21,1.33,NORMAL,40,0,3
TVSSCS.NS,HOLD,132.48,weak_trend,55.68,0.68,129.22,130.55,118.52,4.47,3.38,,,125.77,141.42,1.33,NORMAL,40,2,1
RESPONIND.NS,HOLD,162.24,downtrend,58.22,-0.59,158.69,166.01,174.06,10.61,6.54,,,146.33,183.45,1.33,ELEVATED,40,1,2
BANSALWIRE.NS,HOLD,315.9,weak_trend,47.1,-1.65,313.69,317.44,299.87,10.0,3.17,,,300.89,335.91,1.33,NORMAL,40,2,1
LXCHEM.NS,HOLD,188.44,uptrend,59.67,1.9,174.27,176.89,154.31,7.53,3.99,,,177.15,203.49,1.33,NORMAL,40,3,0
CRIZAC.NS,HOLD,176.5,downtrend,65.39,-0.4,173.3,179.82,213.87,7.04,3.99,,,165.94,190.58,1.33,NORMAL,40,1,2
AGI.NS,HOLD,837.2,weak_trend,68.13,22.62,762.89,726.05,645.92,33.69,4.02,,,786.67,904.57,1.33,ELEVATED,40,2,1
CAPILLARY.NS,HOLD,545.55,uptrend,68.67,2.41,484.44,502.45,544.93,22.94,4.2,,,511.14,591.43,1.33,ELEVATED,40,3,0
KNRCON.NS,HOLD,121.77,downtrend,54.22,-1.17,121.83,125.22,131.91,4.75,3.9,,,114.64,131.27,1.33,NORMAL,40,1,2
UNIMECH.NS,HOLD,1716.1,weak_trend,70.59,67.67,1561.83,1440.07,1077.91,86.61,5.05,,,1586.18,1889.33,1.33,ELEVATED,40,1,2
GMMPFAUDLR.NS,HOLD,1432.6,weak_trend,82.24,120.98,1257.31,1052.36,944.75,68.52,4.78,,,1329.82,1569.64,1.33,ELEVATED,40,1,2
ASHOKA.NS,HOLD,112.8,weak_trend,36.05,-1.46,114.12,116.75,132.47,2.67,2.37,,,108.79,118.14,1.33,NORMAL,40,0,3
DYNAMATECH.NS,HOLD,12561.0,weak_trend,76.64,294.45,11848.6,11265.3,10320.73,449.14,3.58,,,11887.29,13459.29,1.33,NORMAL,40,2,1
E2E.NS,HOLD,635.15,weak_trend,61.51,6.9,609.02,580.46,359.38,27.48,4.33,,,593.93,690.11,1.33,ELEVATED,40,2,1
GOKULAGRO.NS,HOLD,225.81,weak_trend,37.09,-3.02,229.64,228.21,204.47,6.35,2.81,,,216.29,238.51,1.33,NORMAL,40,0,3
FEDFINA.NS,HOLD,153.42,weak_trend,44.26,-0.7,156.93,154.97,148.97,5.44,3.55,,,145.26,164.3,1.33,NORMAL,40,1,2
OPTIEMUS.NS,HOLD,828.35,weak_trend,84.47,32.82,594.65,590.43,471.69,40.53,4.89,,,767.56,909.4,1.33,ELEVATED,40,2,1
KINGFA.NS,HOLD,6240.5,weak_trend,62.62,98.87,6003.03,5668.27,4841.91,214.05,3.43,,,5919.43,6668.6,1.33,NORMAL,40,1,2
KRN.NS,HOLD,1412.6,weak_trend,41.26,-2.0,1527.01,1402.92,1081.65,65.41,4.63,,,1314.48,1543.43,1.33,ELEVATED,40,0,3
DATAMATICS.NS,HOLD,789.85,uptrend,56.23,-9.64,766.47,806.73,769.17,30.08,3.81,,,744.73,850.01,1.33,NORMAL,40,3,0
WEBELSOLAR.NS,HOLD,73.93,weak_trend,41.61,-3.37,74.58,85.13,87.24,2.85,3.86,,,69.65,79.63,1.33,NORMAL,40,0,3
EMIL.NS,HOLD,191.32,weak_trend,62.41,5.81,183.85,168.08,122.05,9.65,5.05,,,176.84,210.63,1.33,ELEVATED,40,2,1
PTC.NS,HOLD,157.08,weak_trend,57.08,-0.68,154.78,157.05,155.76,2.49,1.58,,,153.35,162.05,1.33,LOW,40,2,1
ROUTE.NS,HOLD,473.25,downtrend,35.36,-12.19,492.82,516.23,539.27,15.76,3.33,,,449.6,504.78,1.33,NORMAL,40,1,2
ITDC.NS,HOLD,702.65,weak_trend,66.51,2.0,657.21,688.12,586.04,31.34,4.46,,,655.65,765.32,1.33,ELEVATED,40,2,1
RSYSTEMS.NS,HOLD,239.6,downtrend,29.08,-1.75,245.21,247.88,289.28,7.74,3.23,,,227.98,255.09,1.33,NORMAL,40,1,2
ZAGGLE.NS,HOLD,179.86,weak_trend,46.37,-3.62,182.6,192.77,239.1,6.15,3.42,,,170.63,192.16,1.33,NORMAL,40,0,3
GAEL.NS,HOLD,163.19,weak_trend,39.51,-2.65,164.88,165.46,149.95,5.18,3.18,,,155.41,173.56,1.33,NORMAL,40,1,2
ORIANA.NS,HOLD,308.3,downtrend,7.53,-274.17,654.51,1084.99,1680.01,92.74,30.08,,,169.19,493.78,1.33,ELEVATED,40,1,2
SIS.NS,HOLD,421.45,weak_trend,35.03,-1.25,424.75,427.1,369.11,11.04,2.62,,,404.9,443.52,1.33,NORMAL,40,0,3
PDSL.NS,HOLD,361.4,weak_trend,57.56,-2.0,353.99,359.54,328.82,10.73,2.97,,,345.31,382.85,1.33,NORMAL,40,2,1
SMLMAH.NS,HOLD,6794.0,weak_trend,67.59,363.6,6084.05,5379.02,4339.86,316.0,4.65,,,6320.0,7426.0,1.33,ELEVATED,40,2,1
HCC.NS,HOLD,22.17,weak_trend,40.94,-0.15,22.83,21.96,20.64,0.83,3.76,,,20.92,23.84,1.33,NORMAL,40,0,3
VRLLOG.NS,HOLD,291.75,weak_trend,39.48,1.83,292.77,281.04,261.03,5.49,1.88,,,283.51,302.74,1.33,LOW,40,0,3
ENTERO.NS,HOLD,1842.5,weak_trend,53.79,81.01,1794.87,1504.72,1233.31,83.32,4.52,,,1717.52,2009.14,1.33,ELEVATED,40,1,2
SUNFLAG.NS,HOLD,390.55,weak_trend,72.31,2.44,344.24,353.16,304.61,12.34,3.16,,,372.04,415.23,1.33,NORMAL,40,2,1
SWARAJENG.NS,HOLD,3559.3,downtrend,50.52,-9.24,3569.56,3591.17,3607.11,66.6,1.87,,,3459.4,3692.5,1.33,LOW,40,1,2
JSFB.NS,HOLD,546.6,uptrend,58.94,-3.76,529.54,543.38,451.4,22.66,4.15,,,512.61,591.92,1.33,ELEVATED,40,3,0
JKIL.NS,HOLD,479.6,weak_trend,46.31,-3.11,481.88,486.98,508.65,10.59,2.21,,,463.71,500.79,1.33,NORMAL,40,0,3
CARERATING.NS,HOLD,1639.6,weak_trend,35.83,-14.96,1677.19,1688.77,1624.85,45.97,2.8,,,1570.64,1731.54,1.33,NORMAL,40,0,3
MIDWESTLTD.NS,HOLD,993.4,weak_trend,35.49,-42.35,1036.72,1131.19,1297.29,40.11,4.04,,,933.23,1073.63,1.33,ELEVATED,40,0,3
ANUP.NS,HOLD,1698.4,weak_trend,33.93,-63.23,1720.97,1880.35,1940.09,52.53,3.09,,,1619.61,1803.46,1.33,NORMAL,40,1,2
GREAVESCOT.NS,HOLD,206.01,uptrend,66.76,-1.01,194.49,207.04,181.32,6.12,2.97,,,196.84,218.24,1.33,NORMAL,40,3,0
SUVEN.NS,HOLD,341.85,weak_trend,29.38,-2.47,359.44,342.38,234.78,14.59,4.27,,,319.97,371.02,1.33,ELEVATED,40,0,3
LGBBROSLTD.NS,HOLD,1734.5,weak_trend,57.99,30.39,1715.33,1618.43,1681.51,35.31,2.04,,,1681.54,1805.11,1.33,NORMAL,40,1,2
SKYGOLD.NS,HOLD,794.1,weak_trend,64.99,11.33,799.61,752.52,494.93,33.87,4.26,,,743.3,861.84,1.33,ELEVATED,40,1,2
REFEX.NS,HOLD,286.65,weak_trend,55.21,-3.33,278.03,293.08,271.18,9.43,3.29,,,272.5,305.51,1.33,NORMAL,40,2,1
TARC.NS,HOLD,129.65,downtrend,60.76,1.44,126.7,126.88,137.04,5.37,4.14,,,121.6,140.38,1.33,ELEVATED,40,1,2
NIITMTS.NS,HOLD,220.27,downtrend,47.18,-3.39,224.67,231.13,290.75,7.67,3.48,,,208.77,235.6,1.33,NORMAL,40,0,3
DBCORP.NS,HOLD,182.22,downtrend,26.58,-5.6,191.59,202.16,212.96,4.23,2.32,,,175.87,190.68,1.33,NORMAL,40,0,3
INNOVACAP.NS,HOLD,1297.6,weak_trend,78.25,48.86,1147.22,1057.11,844.51,52.01,4.01,,,1219.58,1401.63,1.33,ELEVATED,40,2,1
BALAMINES.NS,HOLD,2271.2,weak_trend,41.47,-20.33,2314.82,2235.83,1614.48,101.99,4.49,,,2118.22,2475.17,1.33,ELEVATED,40,0,3
NACLIND.NS,HOLD,139.23,downtrend,14.54,-9.52,158.45,174.42,165.73,6.49,4.66,,,129.5,152.2,1.33,ELEVATED,40,1,2
DCBBANK.NS,HOLD,223.69,weak_trend,52.74,5.09,221.85,203.22,186.27,5.99,2.68,,,214.7,235.68,1.33,NORMAL,40,1,2
SJS.NS,HOLD,2334.1,weak_trend,43.83,-23.25,2366.0,2387.08,1971.57,80.09,3.43,,,2213.97,2494.27,1.33,NORMAL,40,0,3
BOSCH-HCIL.NS,HOLD,1769.8,downtrend,49.04,20.59,1728.63,1608.82,1428.59,61.69,3.49,,,1677.26,1893.19,1.33,NORMAL,40,1,2
NFL.NS,HOLD,67.84,downtrend,36.82,-0.89,68.41,69.65,74.9,1.1,1.62,,,66.2,70.03,1.33,LOW,40,1,2
SPARC.NS,HOLD,205.65,uptrend,53.12,-2.12,197.98,204.76,172.22,7.09,3.45,,,195.01,219.84,1.33,NORMAL,40,3,0
INDIQUBE.NS,HOLD,192.46,weak_trend,49.16,1.92,196.08,186.04,176.42,9.2,4.78,,,178.66,210.86,1.33,ELEVATED,40,0,3
BANARISUG.NS,HOLD,3342.8,downtrend,16.55,-98.32,3609.54,3572.55,3579.33,111.05,3.32,,,3176.23,3564.89,1.33,NORMAL,40,0,3
SHREEJISPG.NS,HOLD,723.75,weak_trend,74.61,20.58,684.79,655.05,465.56,23.46,3.24,,,688.55,770.68,1.33,NORMAL,40,1,2
SHILCTECH.NS,HOLD,4147.6,weak_trend,55.75,-23.0,4083.25,4190.08,4092.04,137.92,3.33,,,3940.72,4423.44,1.33,NORMAL,40,2,1
VSTTILLERS.NS,HOLD,4425.0,weak_trend,72.23,-20.62,4173.92,4332.36,4989.05,111.77,2.53,,,4257.35,4648.53,1.33,NORMAL,40,0,3
INDRAMEDCO.NS,HOLD,374.6,downtrend,69.62,0.2,356.47,362.96,390.03,9.6,2.56,,,360.2,393.81,1.33,NORMAL,40,2,1
PACEDIGITK.NS,HOLD,169.39,downtrend,54.31,-5.23,162.87,179.35,181.21,6.08,3.59,,,160.27,181.55,1.33,NORMAL,40,1,2
VSTIND.NS,HOLD,208.8,downtrend,51.82,-2.74,206.98,215.54,229.61,3.73,1.79,,,203.2,216.26,1.33,LOW,40,2,1
RAIN.NS,HOLD,221.86,weak_trend,57.21,1.37,209.46,213.12,165.31,8.94,4.03,,,208.45,239.74,1.33,ELEVATED,40,2,1
SAMHI.NS,HOLD,160.01,downtrend,59.01,-0.79,156.53,163.77,165.38,7.59,4.75,,,148.62,175.2,1.33,ELEVATED,40,1,2
HEIDELBERG.NS,HOLD,141.58,downtrend,30.55,-2.54,148.74,149.9,152.58,3.47,2.45,,,136.38,148.52,1.33,NORMAL,40,0,3
CEIGALL.NS,HOLD,388.85,weak_trend,76.18,12.44,367.36,344.72,316.47,13.77,3.54,,,368.2,416.39,1.33,NORMAL,40,1,2
SGMART.NS,HOLD,731.45,weak_trend,28.17,-10.84,770.81,745.48,551.09,30.21,4.13,,,686.13,791.87,1.33,ELEVATED,40,0,3
HERITGFOOD.NS,HOLD,424.05,weak_trend,70.56,15.16,393.09,367.19,360.6,16.81,3.97,,,398.83,457.68,1.33,NORMAL,40,1,2
STYRENIX.NS,HOLD,2130.1,weak_trend,66.06,-18.69,2066.01,2196.1,2094.17,57.19,2.68,,,2044.31,2244.49,1.33,NORMAL,40,2,1
ORIENTCEM.NS,HOLD,124.89,weak_trend,38.95,-2.29,126.31,131.55,143.6,2.8,2.24,,,120.68,130.5,1.33,NORMAL,40,0,3
AARTIDRUGS.NS,HOLD,436.25,uptrend,56.88,4.07,426.04,420.48,386.85,14.27,3.27,,,414.84,464.79,1.33,NORMAL,40,3,0
ORIENTELEC.NS,HOLD,168.08,downtrend,19.69,-3.61,174.52,177.61,176.32,4.41,2.62,,,161.47,176.89,1.33,NORMAL,40,1,2
GUJTHEM.NS,HOLD,410.75,weak_trend,45.21,7.13,420.86,387.28,361.75,21.53,5.24,,,378.45,453.81,1.33,ELEVATED,40,0,3
GOPAL.NS,HOLD,262.45,downtrend,46.64,-4.38,264.07,268.25,286.7,6.96,2.65,,,252.01,276.36,1.33,NORMAL,40,1,2
BHARATRAS.NS,HOLD,1134.0,weak_trend,37.43,-39.31,1176.17,1257.8,1537.31,37.28,3.29,,,1078.09,1208.55,1.33,NORMAL,40,0,3
RBA.NS,HOLD,94.86,weak_trend,42.36,0.51,97.19,89.54,72.01,3.33,3.51,,,89.87,101.51,1.33,NORMAL,40,0,3
LUMAXIND.NS,HOLD,5788.0,weak_trend,24.93,-13.51,6017.55,5730.13,5436.96,191.86,3.31,,,5500.21,6171.71,1.33,NORMAL,40,0,3
ZOTA.NS,HOLD,1390.6,weak_trend,83.78,33.63,1132.86,1186.23,1280.05,55.04,3.96,,,1308.04,1500.68,1.33,NORMAL,40,1,2
AVANTEL.NS,HOLD,146.17,downtrend,35.77,-4.15,153.18,159.01,155.88,5.56,3.8,,,137.84,157.28,1.33,NORMAL,40,0,3
EIEL.NS,HOLD,203.32,weak_trend,57.25,-0.78,200.07,207.17,193.79,7.71,3.79,,,191.75,218.75,1.33,NORMAL,40,2,1
HUBTOWN.NS,HOLD,177.35,downtrend,28.1,-3.36,181.52,186.5,206.47,6.19,3.49,,,168.07,189.73,1.33,NORMAL,40,0,3
KITEX.NS,HOLD,121.33,weak_trend,46.62,-3.84,123.5,132.79,159.38,3.82,3.15,,,115.59,128.98,1.33,NORMAL,40,0,3
RAYMONDREL.NS,HOLD,671.45,weak_trend,81.5,5.3,568.4,607.53,529.27,31.85,4.74,,,623.67,735.16,1.33,ELEVATED,40,2,1
SANATHAN.NS,HOLD,506.35,weak_trend,73.76,6.01,464.01,467.31,435.84,21.2,4.19,,,474.56,548.74,1.33,ELEVATED,40,2,1
NORTHARC.NS,HOLD,313.8,weak_trend,57.71,5.38,304.86,296.03,272.21,10.15,3.23,,,298.58,334.09,1.33,NORMAL,40,2,1
JAMNAAUTO.NS,HOLD,129.55,uptrend,63.86,0.86,125.16,127.25,125.73,5.09,3.93,,,121.91,139.74,1.33,NORMAL,40,3,0
GUJALKALI.NS,HOLD,633.0,weak_trend,21.53,-9.01,677.54,663.55,585.84,21.89,3.46,,,600.17,676.78,1.33,NORMAL,40,0,3
DCAL.NS,HOLD,173.33,weak_trend,44.34,-2.99,171.5,179.59,191.41,5.99,3.45,,,164.35,185.3,1.33,NORMAL,40,0,3
AWFIS.NS,HOLD,269.05,downtrend,55.6,0.21,264.9,271.29,333.09,13.89,5.16,,,248.21,296.84,1.33,ELEVATED,40,1,2
MOSCHIP.NS,HOLD,207.32,weak_trend,42.11,-1.65,210.78,213.23,202.23,6.18,2.98,,,198.04,219.69,1.33,NORMAL,40,0,3
RAMKY.NS,HOLD,325.15,weak_trend,30.06,-14.94,334.04,364.06,446.22,9.45,2.91,,,310.97,344.06,1.33,NORMAL,40,0,3
GOLDIAM.NS,HOLD,332.6,weak_trend,42.38,-8.01,334.13,350.03,299.72,10.16,3.05,,,317.36,352.91,1.33,NORMAL,40,0,3
JTEKTINDIA.NS,HOLD,119.99,weak_trend,44.23,-3.33,120.76,128.72,133.99,2.86,2.38,,,115.71,125.7,1.33,NORMAL,40,1,2
HEMIPROP.NS,HOLD,120.91,weak_trend,35.25,-3.22,123.34,130.06,134.47,2.82,2.33,,,116.68,126.55,1.33,NORMAL,40,0,3
63MOONS.NS,HOLD,852.95,weak_trend,50.75,18.79,847.41,814.02,693.18,46.58,5.46,,,783.08,946.11,1.33,ELEVATED,40,1,2
KIRLOSIND.NS,HOLD,3681.0,weak_trend,46.71,-11.32,3723.4,3759.32,3339.7,128.46,3.49,,,3488.31,3937.91,1.33,NORMAL,40,0,3
SHANTIGEAR.NS,HOLD,668.05,weak_trend,65.81,53.43,642.09,511.94,464.77,42.39,6.34,,,604.47,752.82,1.33,ELEVATED,40,1,2
SINDHUTRAD.NS,HOLD,23.96,weak_trend,50.8,-0.16,24.39,24.44,23.65,1.03,4.28,,,22.42,26.01,1.33,ELEVATED,40,0,3
BOROLTD.NS,HOLD,267.5,weak_trend,65.09,4.14,253.65,246.88,247.99,9.64,3.6,,,253.05,286.77,1.33,NORMAL,40,2,1
MARATHON.NS,HOLD,419.4,downtrend,41.91,4.24,427.35,400.39,446.36,15.38,3.67,,,396.33,450.16,1.33,NORMAL,40,0,3
CAMLINFINE.NS,HOLD,98.69,weak_trend,41.32,-3.89,101.21,112.04,129.26,3.77,3.82,,,93.04,106.22,1.33,NORMAL,40,1,2
UFLEX.NS,HOLD,670.45,downtrend,43.74,21.97,661.07,572.03,471.58,24.24,3.62,,,634.09,718.94,1.33,NORMAL,40,1,2
VAIBHAVGBL.NS,HOLD,209.49,weak_trend,38.81,-6.05,214.79,232.96,225.83,5.78,2.76,,,200.82,221.04,1.33,NORMAL,40,0,3
UEL.NS,HOLD,191.86,weak_trend,33.36,0.2,206.72,191.04,158.39,12.47,6.5,,,173.16,216.8,1.33,ELEVATED,40,0,3
RPGLIFE.NS,HOLD,3025.4,weak_trend,71.91,47.44,2717.44,2749.29,2295.07,145.24,4.8,,,2807.54,3315.89,1.33,ELEVATED,40,2,1
RAYMOND.NS,HOLD,1114.65,weak_trend,82.8,116.43,861.73,714.13,520.84,83.8,7.52,,,988.94,1282.26,1.33,ELEVATED,40,1,2
ORCHPHARMA.NS,HOLD,1102.05,weak_trend,75.56,19.63,989.75,1003.3,794.55,47.49,4.31,,,1030.82,1197.03,1.33,ELEVATED,40,1,2
LUXIND.NS,HOLD,1186.5,weak_trend,52.29,-17.91,1140.22,1198.11,1167.56,48.01,4.05,,,1114.49,1282.51,1.33,ELEVATED,40,2,1
MPSLTD.NS,HOLD,2691.2,weak_trend,54.18,-7.73,2646.14,2666.63,1993.07,100.79,3.75,,,2540.01,2892.79,1.33,NORMAL,40,1,2
MCLOUD.NS,HOLD,25.41,downtrend,26.87,-0.79,25.98,27.63,26.18,0.61,2.39,,,24.5,26.62,1.33,NORMAL,40,1,2
TRUALT.NS,HOLD,438.9,uptrend,58.69,-5.98,423.4,437.81,432.39,15.29,3.48,,,415.97,469.47,1.33,NORMAL,40,3,0
AJMERA.NS,HOLD,120.63,downtrend,67.96,-0.28,116.13,119.4,133.97,3.95,3.27,,,114.71,128.53,1.33,NORMAL,40,1,2
GOODLUCK.NS,HOLD,537.1,weak_trend,88.34,15.12,495.89,489.21,423.81,20.01,3.73,,,507.08,577.12,1.33,NORMAL,40,2,1
VADILALIND.NS,HOLD,7492.0,weak_trend,46.26,31.18,7411.2,7247.23,5529.36,263.54,3.52,,,7096.7,8019.07,1.33,NORMAL,40,1,2
EBGNG.NS,HOLD,715.15,weak_trend,70.39,28.42,656.02,600.35,444.17,36.31,5.08,,,660.69,787.76,1.33,ELEVATED,40,2,1
QUESS.NS,HOLD,359.0,downtrend,45.68,5.55,357.3,334.51,240.06,16.06,4.47,,,334.91,391.11,1.33,ELEVATED,40,1,2
WONDERLA.NS,HOLD,510.75,weak_trend,37.12,3.74,523.48,497.1,502.49,14.46,2.83,,,489.06,539.67,1.33,NORMAL,40,0,3
GREENPLY.NS,HOLD,298.4,uptrend,54.01,0.59,292.0,293.01,259.7,9.79,3.28,,,283.71,317.99,1.33,NORMAL,40,3,0
NEOGEN.NS,HOLD,2392.1,weak_trend,68.61,64.89,2282.22,2192.42,1673.59,113.16,4.73,,,2222.35,2618.43,1.33,ELEVATED,40,2,1
INTERARCH.NS,HOLD,1693.1,weak_trend,48.25,-8.62,1704.89,1737.13,1897.14,47.39,2.8,,,1622.02,1787.87,1.33,NORMAL,40,0,3
PRECWIRE.NS,HOLD,498.85,weak_trend,53.54,11.51,472.65,430.9,354.41,21.71,4.35,,,466.28,542.27,1.33,ELEVATED,40,2,1
KOLTEPATIL.NS,HOLD,440.05,downtrend,44.3,-1.61,439.06,432.35,381.46,15.56,3.54,,,416.71,471.17,1.33,NORMAL,40,1,2
JINDWORLD.NS,HOLD,52.2,weak_trend,58.61,3.22,49.17,41.62,30.56,4.18,8.01,,,45.92,60.57,1.33,ELEVATED,40,1,2
MBAPL.NS,HOLD,167.51,weak_trend,57.36,1.25,162.04,160.04,113.93,5.96,3.56,,,158.57,179.44,1.33,NORMAL,40,2,1
ARSSBL.NS,HOLD,510.8,weak_trend,47.44,-4.11,504.15,509.79,542.25,15.26,2.99,,,487.9,541.33,1.33,NORMAL,40,1,2
MEDIASSIST.NS,HOLD,334.6,weak_trend,45.03,-4.58,327.95,341.57,371.04,11.18,3.34,,,317.83,356.96,1.33,NORMAL,40,1,2
NPST.NS,HOLD,1844.7,weak_trend,60.33,61.06,1733.63,1629.54,1381.51,91.78,4.98,,,1707.03,2028.26,1.33,ELEVATED,40,2,1
CENTUM.NS,HOLD,4826.1,weak_trend,77.84,286.71,4085.28,3788.83,3066.24,243.51,5.05,,,4460.83,5313.13,1.33,ELEVATED,40,2,1
HARSHA.NS,HOLD,464.5,weak_trend,56.44,6.55,449.13,430.54,395.88,15.9,3.42,,,440.66,496.29,1.33,NORMAL,40,2,1
GOCOLORS.NS,HOLD,317.55,downtrend,46.09,-6.48,319.99,327.95,344.29,10.32,3.25,,,302.07,338.19,1.33,NORMAL,40,0,3
NSIL.NS,HOLD,5624.0,downtrend,48.14,-23.75,5611.48,5576.56,5758.48,120.29,2.14,,,5443.57,5864.57,1.33,NORMAL,40,1,2
GKENERGY.NS,HOLD,127.14,weak_trend,44.74,-1.64,128.33,129.96,128.32,4.18,3.29,,,120.87,135.5,1.33,NORMAL,40,0,3
INDOSTAR.NS,HOLD,227.26,downtrend,27.62,-5.84,245.12,250.64,231.74,8.54,3.76,,,214.45,244.33,1.33,NORMAL,40,0,3
KSL.NS,HOLD,998.25,uptrend,59.12,22.95,937.48,899.16,790.89,43.6,4.37,,,932.85,1085.45,1.33,ELEVATED,40,3,0
ROLEXRINGS.NS,HOLD,183.58,weak_trend,62.97,1.72,174.4,165.19,142.05,6.38,3.48,,,174.01,196.34,1.33,NORMAL,40,2,1
ADVENZYMES.NS,HOLD,297.0,downtrend,51.3,-3.41,294.72,304.51,313.19,7.83,2.63,,,285.26,312.65,1.33,NORMAL,40,1,2
SHAREINDIA.NS,HOLD,219.98,weak_trend,84.05,13.5,191.04,182.08,153.49,11.72,5.33,,,202.4,243.42,1.33,ELEVATED,40,1,2
POCL.NS,HOLD,487.4,downtrend,56.85,-7.46,471.92,496.69,508.35,16.73,3.43,,,462.3,520.87,1.33,NORMAL,40,1,2
GUFICBIO.NS,HOLD,437.45,downtrend,49.04,6.04,428.69,413.68,343.51,15.66,3.58,,,413.96,468.76,1.33,NORMAL,40,1,2
UNICHEMLAB.NS,HOLD,573.2,uptrend,58.17,3.72,546.75,538.91,430.46,25.95,4.53,,,534.27,625.11,1.33,ELEVATED,40,3,0
MSTCLTD.NS,HOLD,752.25,weak_trend,54.03,16.95,730.57,665.33,528.63,34.72,4.62,,,700.17,821.7,1.33,ELEVATED,40,1,2
ROSSARI.NS,HOLD,454.8,weak_trend,47.93,-14.1,457.36,487.63,506.83,11.41,2.51,,,437.68,477.63,1.33,NORMAL,40,1,2
JUBLCPL.NS,HOLD,2202.4,downtrend,48.87,0.57,2154.09,2059.01,1964.87,99.09,4.5,,,2053.77,2400.57,1.33,ELEVATED,40,2,1
CYIENTDLM.NS,HOLD,963.5,weak_trend,65.82,50.09,888.74,767.6,486.33,54.81,5.69,,,881.28,1073.13,1.33,ELEVATED,40,1,2
SUNCLAY.NS,HOLD,1253.9,downtrend,33.06,-8.77,1278.36,1285.49,1311.0,34.02,2.71,,,1202.87,1321.94,1.33,NORMAL,40,0,3
RPEL.NS,HOLD,1711.7,weak_trend,40.77,42.92,1727.99,1516.77,1031.99,110.76,6.47,,,1545.56,1933.21,1.33,ELEVATED,40,0,3
BALMLAWRIE.NS,HOLD,167.43,downtrend,37.48,-1.46,169.31,170.45,171.16,2.97,1.77,,,162.98,173.36,1.33,LOW,40,0,3
ARTEMISMED.NS,HOLD,332.7,weak_trend,56.96,6.46,333.39,314.65,267.41,14.82,4.45,,,310.47,362.34,1.33,ELEVATED,40,0,3
PRINCEPIPE.NS,HOLD,265.75,weak_trend,29.03,-4.34,276.45,273.94,259.84,8.75,3.29,,,252.63,283.25,1.33,NORMAL,40,0,3
JISLJALEQS.NS,HOLD,28.9,weak_trend,53.15,0.07,29.66,29.48,33.19,1.6,5.53,,,26.5,32.09,1.33,ELEVATED,40,0,3
PITTIENG.NS,HOLD,1167.1,weak_trend,62.31,27.48,1128.96,1038.07,912.06,49.47,4.24,,,1092.89,1266.04,1.33,ELEVATED,40,1,2
FOSECOIND.NS,HOLD,6555.0,weak_trend,56.76,250.34,6359.57,5739.93,5097.58,300.43,4.58,,,6104.36,7155.86,1.33,ELEVATED,40,2,1
DPABHUSHAN.NS,HOLD,1455.9,weak_trend,62.66,5.85,1405.8,1416.77,1210.36,55.63,3.82,,,1372.46,1567.16,1.33,NORMAL,40,2,1
SSWL.NS,HOLD,371.95,weak_trend,55.76,14.57,351.73,319.95,236.54,18.79,5.05,,,343.77,409.53,1.33,ELEVATED,40,1,2
BHAGCHEM.NS,HOLD,247.0,weak_trend,25.41,-8.86,261.04,271.58,242.58,7.3,2.96,,,236.05,261.6,1.33,NORMAL,40,1,2
BAJAJCON.NS,HOLD,505.85,weak_trend,48.32,0.16,503.17,512.98,447.91,16.78,3.32,,,480.68,539.41,1.33,NORMAL,40,1,2
NAVNETEDUL.NS,HOLD,123.75,downtrend,24.9,-2.88,129.31,134.17,140.18,3.22,2.6,,,118.92,130.19,1.33,NORMAL,40,0,3
INDOTHAI.NS,HOLD,30.77,weak_trend,35.36,-16.36,38.94,98.93,226.6,2.25,7.31,,,27.39,35.27,1.33,ELEVATED,40,0,3
GREENPANEL.NS,HOLD,169.08,downtrend,65.31,-1.96,159.43,173.86,198.9,6.45,3.81,,,159.41,181.97,1.33,NORMAL,40,1,2
BBL.NS,HOLD,2231.1,weak_trend,36.99,-47.76,2257.23,2366.74,2562.11,56.27,2.52,,,2146.69,2343.64,1.33,NORMAL,40,0,3
PROTEAN.NS,HOLD,636.2,weak_trend,85.09,8.92,519.53,549.54,587.76,26.66,4.19,,,596.21,689.51,1.33,ELEVATED,40,2,1
VISHNU.NS,HOLD,723.95,weak_trend,60.21,21.84,697.6,648.55,575.3,25.66,3.54,,,685.46,775.27,1.33,NORMAL,40,1,2
SAMBHV.NS,HOLD,158.22,weak_trend,76.08,6.97,133.88,126.18,109.01,7.2,4.55,,,147.42,172.61,1.33,ELEVATED,40,1,2
BOMDYEING.NS,HOLD,111.52,weak_trend,45.49,-1.73,112.14,115.72,119.0,2.87,2.58,,,107.21,117.27,1.33,NORMAL,40,0,3
SWANDEF.NS,HOLD,2776.2,weak_trend,76.53,88.39,2576.17,2482.5,2004.58,124.31,4.48,,,2589.73,3024.83,1.33,ELEVATED,40,2,1
PARAGMILK.NS,HOLD,268.9,uptrend,58.83,10.53,258.37,235.69,234.61,14.32,5.32,,,247.43,297.53,1.33,ELEVATED,40,3,0
SENORES.NS,HOLD,1383.4,weak_trend,41.5,-15.21,1440.14,1429.99,1060.71,51.42,3.72,,,1306.27,1486.24,1.33,NORMAL,40,0,3
HLEGLAS.NS,HOLD,446.85,weak_trend,82.09,25.45,373.08,381.27,366.67,28.94,6.48,,,403.45,504.72,1.33,ELEVATED,40,2,1
HIKAL.NS,HOLD,232.43,weak_trend,46.22,2.95,223.04,220.72,206.47,14.02,6.03,,,211.4,260.47,1.33,ELEVATED,40,1,2
FLAIR.NS,HOLD,240.79,weak_trend,38.95,-3.38,241.01,247.61,287.65,8.48,3.52,,,228.07,257.75,1.33,NORMAL,40,0,3
KIRIINDUS.NS,HOLD,572.75,downtrend,48.58,20.72,537.83,471.73,450.51,30.45,5.32,,,527.07,633.65,1.33,ELEVATED,40,1,2
KKCL.NS,HOLD,477.55,downtrend,35.04,-7.29,497.79,507.2,481.5,13.71,2.87,,,456.99,504.96,1.33,NORMAL,40,0,3
MAHLOG.NS,HOLD,416.55,uptrend,62.57,0.43,397.1,401.92,371.5,10.74,2.58,,,400.45,438.02,1.33,NORMAL,40,3,0
EPACK.NS,HOLD,184.82,weak_trend,41.96,-7.49,185.58,208.45,238.14,4.98,2.7,,,177.35,194.79,1.33,NORMAL,40,0,3
ARKADE.NS,HOLD,127.73,weak_trend,57.47,-1.53,122.58,130.23,122.85,4.23,3.31,,,121.39,136.19,1.33,NORMAL,40,2,1
PSPPROJECT.NS,HOLD,832.55,weak_trend,38.07,-28.13,852.89,923.85,840.58,26.93,3.23,,,792.16,886.41,1.33,NORMAL,40,1,2
STYLAMIND.NS,HOLD,3355.6,uptrend,57.02,-48.34,3330.86,3436.96,2720.8,113.58,3.38,,,3185.23,3582.76,1.33,NORMAL,40,3,0
KRISHANA.NS,HOLD,188.15,weak_trend,52.62,0.64,185.01,179.96,131.86,6.6,3.51,,,178.25,201.34,1.33,NORMAL,40,1,2
PARKHOTELS.NS,HOLD,106.29,downtrend,32.68,-2.63,109.62,115.84,120.3,2.85,2.68,,,102.01,111.99,1.33,NORMAL,40,1,2
GATEWAY.NS,HOLD,52.67,downtrend,28.87,-0.64,53.3,54.77,55.82,1.1,2.08,,,51.02,54.87,1.33,NORMAL,40,1,2
PRABHA.NS,HOLD,234.8,weak_trend,57.77,11.72,230.02,190.2,170.21,14.7,6.26,,,212.74,264.21,1.33,ELEVATED,40,1,2
IMAGICAA.NS,HOLD,52.84,weak_trend,43.66,0.47,54.08,50.37,47.16,2.56,4.85,,,48.99,57.97,1.33,ELEVATED,40,0,3
JASH.NS,HOLD,588.95,weak_trend,83.31,20.12,507.66,501.32,439.75,24.84,4.22,,,551.69,638.63,1.33,ELEVATED,40,1,2
GLOBUSSPR.NS,HOLD,829.1,downtrend,24.27,-18.38,863.24,878.88,917.17,21.96,2.65,,,796.16,873.03,1.33,NORMAL,40,0,3
PAISALO.NS,HOLD,90.39,weak_trend,84.05,5.77,79.61,73.96,51.33,3.78,4.18,,,84.72,97.95,1.33,ELEVATED,40,1,2
DDEVPLSTIK.NS,HOLD,262.6,weak_trend,39.55,-4.88,264.34,273.45,265.48,6.59,2.51,,,252.72,275.77,1.33,NORMAL,40,0,3
PATELENG.NS,HOLD,27.27,downtrend,51.78,-0.54,26.94,27.93,28.2,0.79,2.9,,,26.08,28.85,1.33,NORMAL,40,2,1
PENIND.NS,HOLD,183.31,uptrend,68.33,3.14,171.24,165.9,166.64,6.0,3.27,,,174.31,195.31,1.33,NORMAL,40,3,0
WSTCSTPAPR.NS,HOLD,747.25,weak_trend,73.6,38.35,688.06,624.1,495.19,29.97,4.01,,,702.29,807.19,1.33,ELEVATED,40,1,2
GANECOS.NS,HOLD,1036.6,weak_trend,56.81,-14.52,1013.85,1083.04,938.83,42.47,4.1,,,972.89,1121.54,1.33,ELEVATED,40,2,1
KDDL.NS,HOLD,4251.9,weak_trend,71.82,72.23,3913.79,3712.55,2809.38,127.47,3.0,,,4060.7,4506.83,1.33,NORMAL,40,2,1
MAITHANALL.NS,HOLD,1009.9,weak_trend,45.99,2.51,1020.0,993.11,984.52,42.65,4.22,,,945.92,1095.21,1.33,ELEVATED,40,0,3
POLYPLEX.NS,HOLD,1117.1,weak_trend,30.83,-14.63,1139.87,1140.72,943.49,33.03,2.96,,,1067.56,1183.15,1.33,NORMAL,40,0,3
DEEPINDS.NS,HOLD,772.9,weak_trend,55.79,27.13,742.71,655.61,488.45,35.59,4.6,,,719.52,844.08,1.33,ELEVATED,40,1,2
SAGCEM.NS,HOLD,152.68,weak_trend,42.67,-4.32,154.0,165.81,181.76,4.96,3.25,,,145.24,162.6,1.33,NORMAL,40,0,3
SIYSIL.NS,HOLD,540.55,weak_trend,42.77,-18.07,543.13,589.59,574.55,16.25,3.01,,,516.17,573.05,1.33,NORMAL,40,0,3
EUROPRATIK.NS,HOLD,220.15,downtrend,3.38,-14.52,247.13,276.38,267.14,10.25,4.66,,,204.77,240.65,1.33,ELEVATED,40,1,2
HPL.NS,HOLD,280.55,downtrend,24.45,-10.2,293.02,314.59,340.79,8.0,2.85,,,268.55,296.55,1.33,NORMAL,40,1,2
EASEMYTRIP.NS,HOLD,5.87,weak_trend,43.75,-0.13,5.92,6.28,7.15,0.16,2.7,,,5.63,6.19,1.33,NORMAL,40,0,3
ASHIANA.NS,HOLD,391.05,weak_trend,60.9,2.87,360.0,369.55,338.46,14.83,3.79,,,368.81,420.7,1.33,NORMAL,40,2,1
TCPLPACK.NS,HOLD,4003.0,weak_trend,50.12,48.04,3881.34,3668.98,2948.21,165.83,4.14,,,3754.26,4334.66,1.33,ELEVATED,40,2,1
BRIGHOTEL.NS,HOLD,57.05,weak_trend,33.22,-0.91,57.39,59.23,62.54,1.13,1.98,,,55.36,59.3,1.33,LOW,40,0,3
SANDHAR.NS,HOLD,591.75,weak_trend,33.16,-12.69,616.88,622.02,573.44,16.88,2.85,,,566.43,625.5,1.33,NORMAL,40,0,3
SHK.NS,HOLD,144.45,downtrend,41.64,-4.13,144.1,151.66,146.83,5.44,3.77,,,136.29,155.33,1.33,NORMAL,40,1,2
TFCILTD.NS,HOLD,141.55,downtrend,34.33,4.78,141.36,121.54,83.14,4.01,2.83,,,135.54,149.56,1.33,NORMAL,40,2,1
RAMRAT.NS,HOLD,558.65,weak_trend,57.2,17.55,547.8,488.51,386.41,25.56,4.57,,,520.31,609.76,1.33,ELEVATED,40,1,2
SUNDROP.NS,HOLD,744.3,weak_trend,85.1,14.34,669.86,664.97,658.4,23.15,3.11,,,709.57,790.6,1.33,NORMAL,40,1,2
EFCIL.NS,HOLD,183.08,downtrend,24.89,-3.56,189.17,189.77,215.59,5.95,3.25,,,174.16,194.98,1.33,NORMAL,40,0,3
ORISSAMINE.NS,HOLD,3841.2,downtrend,20.5,-142.15,4102.46,4199.12,4189.22,120.54,3.14,,,3660.4,4082.27,1.33,NORMAL,40,0,3
VEEDOL.NS,HOLD,1365.8,downtrend,21.84,-28.13,1430.94,1445.29,1432.18,25.71,1.88,,,1327.24,1417.21,1.33,LOW,40,1,2
TEAMLEASE.NS,HOLD,1196.0,downtrend,33.37,-17.33,1244.89,1265.42,1342.67,32.9,2.75,,,1146.65,1261.8,1.33,NORMAL,40,0,3
AGIIL.NS,HOLD,268.8,weak_trend,42.34,-8.07,275.74,293.82,312.89,12.42,4.62,,,250.18,293.63,1.33,ELEVATED,40,1,2
NOCIL.NS,HOLD,206.3,weak_trend,77.38,7.72,182.34,171.77,160.78,8.69,4.21,,,193.26,223.68,1.33,ELEVATED,40,2,1
EMSLIMITED.NS,HOLD,366.35,weak_trend,35.33,-5.9,375.45,387.95,360.05,10.95,2.99,,,349.92,388.25,1.33,NORMAL,40,0,3
PREMEXPLN.NS,HOLD,675.15,weak_trend,61.51,1.63,667.66,663.79,580.61,7.57,1.12,,,663.8,690.28,1.33,LOW,40,2,1
MANINDS.NS,HOLD,986.7,weak_trend,71.32,59.88,819.49,676.06,512.54,60.61,6.14,,,895.78,1107.92,1.33,ELEVATED,40,2,1
TIRUMALCHM.NS,HOLD,165.22,downtrend,65.26,-0.69,157.82,161.97,187.28,5.47,3.31,,,157.02,176.16,1.33,NORMAL,40,2,1
SANGHVIMOV.NS,HOLD,441.75,weak_trend,44.41,-7.58,436.79,452.41,356.7,16.56,3.75,,,416.91,474.86,1.33,NORMAL,40,1,2
FMGOETZE.NS,HOLD,453.55,weak_trend,25.25,2.02,473.38,434.67,387.2,18.48,4.07,,,425.83,490.51,1.33,ELEVATED,40,0,3
SBCL.NS,HOLD,1156.0,weak_trend,50.01,41.35,1092.56,962.02,647.93,63.88,5.53,,,1060.18,1283.76,1.33,ELEVATED,40,1,2
FCL.NS,HOLD,56.81,weak_trend,67.89,2.82,54.08,46.81,32.61,3.44,6.05,,,51.65,63.69,1.33,ELEVATED,40,1,2
VIMTALABS.NS,HOLD,610.7,weak_trend,30.43,-3.68,626.2,617.65,531.21,20.0,3.27,,,580.71,650.69,1.33,NORMAL,40,0,3
MUTHOOTMF.NS,HOLD,189.19,downtrend,21.6,-7.03,196.66,216.23,191.17,5.99,3.16,,,180.21,201.16,1.33,NORMAL,40,0,3
MARINE.NS,HOLD,425.8,downtrend,48.59,12.49,408.25,352.15,248.5,26.19,6.15,,,386.52,478.18,1.33,ELEVATED,40,2,1
ARVSMART.NS,HOLD,634.05,downtrend,48.76,-14.61,612.28,621.14,588.1,25.55,4.03,,,595.73,685.14,1.33,ELEVATED,40,2,1
DALMIASUG.NS,HOLD,407.75,weak_trend,28.54,-11.45,430.51,417.36,346.76,17.47,4.28,,,381.55,442.69,1.33,ELEVATED,40,0,3
KPEL.NS,HOLD,228.8,weak_trend,41.4,-12.15,230.6,265.37,310.89,9.84,4.3,,,214.04,248.48,1.33,ELEVATED,40,0,3
GIPCL.NS,HOLD,191.64,weak_trend,33.26,2.99,194.89,176.35,153.72,6.14,3.2,,,182.43,203.92,1.33,NORMAL,40,0,3
ALPEXSOLAR.NS,HOLD,846.0,downtrend,43.92,7.76,889.52,854.26,869.16,40.17,4.75,,,785.74,926.35,1.33,ELEVATED,40,1,2
PRAKASH.NS,HOLD,119.79,downtrend,44.83,-1.93,121.97,123.74,130.92,3.6,3.0,,,114.4,126.98,1.33,NORMAL,40,0,3
RPSGVENT.NS,HOLD,851.75,weak_trend,54.24,-9.53,840.96,878.44,825.67,29.74,3.49,,,807.15,911.22,1.33,NORMAL,40,2,1
BCG.NS,HOLD,9.59,weak_trend,58.31,0.1,9.61,9.51,9.95,0.52,5.47,,,8.8,10.64,1.33,ELEVATED,40,0,3
TATVA.NS,HOLD,1778.1,uptrend,66.86,31.05,1661.46,1674.23,1350.0,79.86,4.49,,,1658.31,1937.82,1.33,ELEVATED,40,3,0
IOLCP.NS,HOLD,206.6,weak_trend,55.84,7.64,198.75,174.64,116.0,12.58,6.09,,,187.72,231.77,1.33,ELEVATED,40,1,2
BAJAJHIND.NS,HOLD,20.52,weak_trend,36.91,-0.02,21.12,19.53,18.23,0.87,4.24,,,19.21,22.26,1.33,ELEVATED,40,0,3
BFUTILITIE.NS,HOLD,530.5,weak_trend,44.23,-3.13,526.47,547.9,553.95,22.45,4.23,,,496.82,575.41,1.33,ELEVATED,40,0,3
RAMCOIND.NS,HOLD,325.95,weak_trend,52.36,-3.77,324.45,336.18,306.21,9.45,2.9,,,311.77,344.86,1.33,NORMAL,40,2,1
TVSSRICHAK.NS,HOLD,4651.0,weak_trend,30.9,3.72,5085.13,4563.89,4091.42,201.42,4.33,,,4348.86,5053.85,1.33,ELEVATED,40,0,3
EPACKPEB.NS,HOLD,253.95,uptrend,65.76,1.39,232.92,239.61,220.28,11.45,4.51,,,236.77,276.85,1.33,ELEVATED,40,3,0
POKARNA.NS,HOLD,741.05,downtrend,24.28,-43.86,793.62,880.65,886.86,33.91,4.58,,,690.18,808.88,1.33,ELEVATED,40,0,3
JTLIND.NS,HOLD,91.31,weak_trend,53.74,2.22,88.4,80.73,70.38,4.07,4.45,,,85.21,99.45,1.33,ELEVATED,40,2,1
EVEREADY.NS,HOLD,328.5,weak_trend,54.43,-4.13,336.31,345.08,329.14,14.07,4.28,,,307.4,356.64,1.33,ELEVATED,40,0,3
CARRARO.NS,HOLD,554.6,weak_trend,59.33,1.79,536.04,529.87,526.16,16.59,2.99,,,529.72,587.77,1.33,NORMAL,40,2,1
NRBBEARING.NS,HOLD,541.05,weak_trend,71.08,16.98,488.11,461.54,346.4,24.28,4.49,,,504.63,589.61,1.33,ELEVATED,40,2,1
HONDAPOWER.NS,HOLD,1931.7,downtrend,39.16,-38.61,1976.93,2040.65,2139.33,44.94,2.33,,,1864.3,2021.57,1.33,NORMAL,40,0,3
SAKSOFT.NS,HOLD,147.79,weak_trend,40.73,-4.71,149.3,160.64,157.47,4.55,3.08,,,140.97,156.88,1.33,NORMAL,40,0,3
MOREPENLAB.NS,HOLD,122.35,weak_trend,55.61,8.63,113.97,89.13,54.55,7.17,5.86,,,111.59,136.69,1.33,ELEVATED,40,1,2
HIRECT.NS,HOLD,1239.9,weak_trend,53.9,-3.26,1234.06,1263.18,948.14,50.14,4.04,,,1164.7,1340.17,1.33,ELEVATED,40,2,1
VENUSPIPES.NS,HOLD,2235.5,weak_trend,83.26,155.29,1901.23,1737.84,1384.59,120.14,5.37,,,2055.3,2475.77,1.33,ELEVATED,40,1,2
SOTL.NS,HOLD,715.6,downtrend,43.86,9.68,710.82,677.69,473.59,35.86,5.01,,,661.81,787.31,1.33,ELEVATED,40,1,2
ALLCARGO.NS,HOLD,11.38,weak_trend,33.13,0.09,11.95,10.43,9.52,0.55,4.87,,,10.55,12.49,1.33,ELEVATED,40,0,3
MTNL.NS,HOLD,24.36,downtrend,24.75,-0.87,25.25,26.46,29.69,0.66,2.7,,,23.37,25.68,1.33,NORMAL,40,0,3
RELTD.NS,HOLD,149.36,downtrend,47.0,-4.01,153.4,162.85,149.86,6.75,4.52,,,139.23,162.87,1.33,ELEVATED,40,0,3
ALEMBICLTD.NS,HOLD,106.04,downtrend,43.06,2.66,104.03,94.54,90.27,4.3,4.05,,,99.59,114.64,1.33,ELEVATED,40,1,2
DIGITIDE.NS,HOLD,81.13,downtrend,15.59,-4.34,90.92,96.51,100.36,3.56,4.38,,,75.8,88.24,1.33,ELEVATED,40,1,2
UTKARSHBNK.NS,HOLD,14.07,weak_trend,41.05,-0.15,14.62,14.5,13.98,0.71,5.04,,,13.01,15.49,1.33,ELEVATED,40,0,3
NUCLEUS.NS,HOLD,685.0,downtrend,3.35,-11.52,713.96,719.36,787.11,13.29,1.94,,,665.06,711.59,1.33,LOW,40,0,3
SERVOTECH.NS,HOLD,71.67,downtrend,15.87,-3.41,76.64,83.47,83.83,2.37,3.3,,,68.12,76.4,1.33,NORMAL,40,0,3
AUTOAXLES.NS,HOLD,1682.0,weak_trend,37.99,-21.22,1691.11,1752.05,1785.25,39.84,2.37,,,1622.24,1761.69,1.33,NORMAL,40,0,3
HMT.NS,HOLD,63.73,weak_trend,39.54,0.12,64.47,62.29,57.16,2.67,4.2,,,59.72,69.08,1.33,ELEVATED,40,0,3
LAOPALA.NS,HOLD,163.06,weak_trend,37.76,-4.53,166.02,175.73,180.92,4.35,2.67,,,156.53,171.77,1.33,NORMAL,40,0,3
DCXINDIA.NS,HOLD,164.73,downtrend,41.33,-3.83,168.4,174.93,182.98,5.22,3.17,,,156.89,175.18,1.33,NORMAL,40,0,3
HINDWAREAP.NS,HOLD,177.02,weak_trend,37.89,-7.28,180.34,199.14,224.27,5.85,3.31,,,168.24,188.72,1.33,NORMAL,40,1,2
JAYKAY.NS,HOLD,212.76,weak_trend,73.0,8.4,166.12,160.19,166.19,12.03,5.66,,,194.71,236.83,1.33,ELEVATED,40,2,1
INDOCO.NS,HOLD,251.16,weak_trend,41.77,4.84,252.68,237.76,221.6,16.33,6.5,,,226.67,283.82,1.33,ELEVATED,40,0,3
WINDMACHIN.NS,HOLD,295.4,weak_trend,33.5,-1.8,302.36,299.56,280.15,10.38,3.51,,,279.83,316.16,1.33,NORMAL,40,0,3
SOLARWORLD.NS,HOLD,138.52,weak_trend,32.25,-6.65,142.35,162.43,199.89,5.76,4.16,,,129.88,150.04,1.33,ELEVATED,40,0,3
TAJGVK.NS,HOLD,329.9,weak_trend,38.97,-4.15,333.39,346.02,346.42,9.24,2.8,,,316.04,348.39,1.33,NORMAL,40,0,3
NITCO.NS,HOLD,92.38,weak_trend,41.78,-2.03,92.49,97.32,92.25,3.28,3.55,,,87.46,98.94,1.33,NORMAL,40,0,3
SIRCA.NS,HOLD,414.4,downtrend,26.01,-6.29,424.7,423.73,435.67,9.91,2.39,,,399.53,434.22,1.33,NORMAL,40,0,3
VIKRAN.NS,HOLD,56.14,weak_trend,42.94,-2.23,57.65,64.02,73.08,1.61,2.87,,,53.73,59.36,1.33,NORMAL,40,1,2
KALAMANDIR.NS,HOLD,79.99,downtrend,31.2,-2.51,82.85,85.6,105.02,2.21,2.77,,,76.67,84.42,1.33,NORMAL,40,1,2
VSSL.NS,HOLD,413.6,weak_trend,77.45,19.56,380.25,345.27,283.81,19.05,4.61,,,385.03,451.7,1.33,ELEVATED,40,1,2
KRSNAA.NS,HOLD,560.05,downtrend,55.43,-0.4,551.76,550.32,602.75,19.52,3.49,,,530.76,599.1,1.33,NORMAL,40,1,2
SDBL.NS,HOLD,67.89,downtrend,30.37,-1.35,70.65,71.77,81.74,2.08,3.06,,,64.77,72.05,1.33,NORMAL,40,0,3
CARYSIL.NS,HOLD,1085.1,weak_trend,34.92,-18.34,1128.36,1154.2,996.05,38.52,3.55,,,1027.33,1162.13,1.33,NORMAL,40,0,3
TCIEXP.NS,HOLD,505.6,downtrend,33.9,-16.01,524.01,544.2,534.32,16.65,3.29,,,480.63,538.89,1.33,NORMAL,40,0,3
KCP.NS,HOLD,157.05,downtrend,32.02,-1.27,163.24,161.57,164.47,4.53,2.89,,,150.25,166.12,1.33,NORMAL,40,0,3
BEPL.NS,HOLD,130.49,weak_trend,51.09,1.85,127.46,123.41,97.78,4.97,3.81,,,123.03,140.44,1.33,NORMAL,40,1,2
KMEW.NS,HOLD,2996.6,downtrend,40.28,51.65,2929.35,2716.25,2062.15,136.71,4.56,,,2791.53,3270.03,1.33,ELEVATED,40,1,2
XPROINDIA.NS,HOLD,1223.5,weak_trend,42.73,0.69,1248.1,1241.12,1108.61,52.86,4.32,,,1144.21,1329.21,1.33,ELEVATED,40,0,3
HATHWAY.NS,HOLD,10.1,downtrend,43.33,-0.17,10.25,10.56,10.97,0.2,1.93,,,9.81,10.49,1.33,LOW,40,0,3
REPCOHOME.NS,HOLD,355.85,downtrend,52.99,-3.47,354.96,367.03,384.78,9.21,2.59,,,342.03,374.27,1.33,NORMAL,40,1,2
ADFFOODS.NS,HOLD,268.05,weak_trend,50.44,-2.31,268.58,274.64,243.04,9.71,3.62,,,253.48,287.47,1.33,NORMAL,40,1,2
UNIVCABLES.NS,HOLD,1508.8,weak_trend,37.28,-16.76,1536.25,1488.25,1042.88,73.16,4.85,,,1399.06,1655.11,1.33,ELEVATED,40,0,3
PANACEABIO.NS,HOLD,381.75,weak_trend,46.17,-10.52,384.54,413.38,403.3,14.05,3.68,,,360.68,409.85,1.33,NORMAL,40,0,3
GRMOVER.NS,HOLD,81.54,downtrend,38.73,-2.24,84.74,87.97,133.68,3.15,3.86,,,76.82,87.84,1.33,NORMAL,40,0,3
DIAMONDYD.NS,HOLD,1088.0,downtrend,16.08,-19.81,1127.84,1149.47,1090.03,30.98,2.85,,,1041.53,1149.97,1.33,NORMAL,40,0,3
CAPACITE.NS,HOLD,198.25,weak_trend,39.37,-5.67,201.57,210.39,230.95,6.58,3.32,,,188.38,211.41,1.33,NORMAL,40,0,3
ROSSTECH.NS,HOLD,1449.8,weak_trend,83.06,91.89,1234.83,1114.86,888.17,79.53,5.49,,,1330.51,1608.85,1.33,ELEVATED,40,1,2
FILATEX.NS,HOLD,108.72,weak_trend,83.43,6.46,83.79,80.18,55.31,6.27,5.76,,,99.32,121.25,1.33,ELEVATED,40,2,1
JINDALPOLY.NS,HOLD,715.2,weak_trend,57.38,19.86,691.17,661.59,636.13,33.36,4.66,,,665.16,781.92,1.33,ELEVATED,40,2,1
SMSPHARMA.NS,HOLD,482.95,weak_trend,73.64,24.76,412.15,387.6,373.2,29.35,6.08,,,438.92,541.65,1.33,ELEVATED,40,1,2
MONARCH.NS,HOLD,363.45,weak_trend,32.1,-3.58,372.75,376.94,321.78,9.98,2.75,,,348.48,383.41,1.33,NORMAL,40,0,3
TASTYBITE.NS,HOLD,10180.0,weak_trend,54.08,75.42,9992.83,9658.98,8117.99,286.93,2.82,,,9749.61,10753.86,1.33,NORMAL,40,2,1
AEROFLEX.NS,HOLD,520.8,weak_trend,44.03,6.79,534.86,482.15,338.98,27.06,5.2,,,480.21,574.91,1.33,ELEVATED,40,0,3
HGS.NS,HOLD,378.5,weak_trend,36.6,-6.38,384.41,401.2,404.08,9.61,2.54,,,364.08,397.73,1.33,NORMAL,40,1,2
JAICORPLTD.NS,HOLD,96.73,weak_trend,42.9,-1.83,96.34,99.83,110.33,2.49,2.58,,,92.99,101.72,1.33,NORMAL,40,1,2
MOLDTKPAC.NS,HOLD,679.95,downtrend,43.63,-8.73,679.6,683.94,618.51,17.86,2.63,,,653.16,715.67,1.33,NORMAL,40,2,1
COSMOFIRST.NS,HOLD,867.2,weak_trend,22.34,-12.25,901.59,901.18,749.66,23.89,2.75,,,831.37,914.98,1.33,NORMAL,40,0,3
PFS.NS,HOLD,26.72,weak_trend,45.86,-0.44,26.95,27.95,30.27,0.85,3.19,,,25.44,28.42,1.33,NORMAL,40,0,3
MBEL.NS,HOLD,261.0,weak_trend,31.43,-6.14,261.69,277.5,308.93,8.46,3.24,,,248.32,277.91,1.33,NORMAL,40,0,3
BAJEL.NS,HOLD,174.06,downtrend,34.36,-3.92,180.82,182.47,175.17,5.73,3.29,,,165.46,185.53,1.33,NORMAL,40,0,3
INSECTICID.NS,HOLD,608.9,weak_trend,48.08,-3.89,603.79,619.23,653.64,20.21,3.32,,,578.58,649.33,1.33,NORMAL,40,0,3
SHALBY.NS,HOLD,145.67,downtrend,39.07,-4.73,146.47,154.55,164.42,5.92,4.06,,,136.79,157.51,1.33,ELEVATED,40,1,2
NDRAUTO.NS,HOLD,763.15,downtrend,64.54,-10.85,719.27,771.97,769.51,22.54,2.95,,,729.34,808.23,1.33,NORMAL,40,1,2
FINOPB.NS,HOLD,132.68,downtrend,24.95,-4.01,138.14,150.55,169.86,4.15,3.13,,,126.46,140.97,1.33,NORMAL,40,1,2
ORIENTHOT.NS,HOLD,143.58,weak_trend,54.86,2.18,140.61,135.86,112.72,3.57,2.49,,,138.22,150.72,1.33,NORMAL,40,2,1
STYLEBAAZA.NS,HOLD,378.05,weak_trend,41.76,3.98,391.15,354.07,324.43,16.24,4.3,,,353.69,410.54,1.33,ELEVATED,40,1,2
SCILAL.NS,HOLD,38.2,weak_trend,40.25,-0.58,38.61,39.72,43.22,1.24,3.24,,,36.35,40.67,1.33,NORMAL,40,1,2
NILKAMAL.NS,HOLD,1880.2,weak_trend,30.19,1.53,2015.9,1868.87,1446.86,79.51,4.23,,,1760.94,2039.21,1.33,ELEVATED,40,0,3
LANDMARK.NS,HOLD,506.4,weak_trend,55.41,-2.74,497.34,515.73,442.24,21.18,4.18,,,474.63,548.76,1.33,ELEVATED,40,2,1
EIHAHOTELS.NS,HOLD,296.85,weak_trend,43.19,-1.42,296.06,301.65,317.34,8.52,2.87,,,284.07,313.89,1.33,NORMAL,40,0,3
IPL.NS,HOLD,133.52,weak_trend,40.34,-2.09,135.99,141.51,154.21,4.0,3.0,,,127.51,141.53,1.33,NORMAL,40,0,3
SUMMITSEC.NS,HOLD,1403.7,weak_trend,47.84,-15.04,1413.35,1451.44,1609.28,35.36,2.52,,,1350.66,1474.41,1.33,NORMAL,40,0,3
SEAMECLTD.NS,HOLD,1752.7,weak_trend,52.68,37.48,1730.72,1589.45,1413.57,60.87,3.47,,,1661.39,1874.44,1.33,NORMAL,40,1,2
MAYURUNIQ.NS,HOLD,722.9,weak_trend,48.15,-5.85,740.32,756.73,639.54,27.58,3.81,,,681.53,778.06,1.33,NORMAL,40,0,3
RML.NS,HOLD,1356.7,weak_trend,70.39,52.25,1276.32,1184.85,928.39,80.17,5.91,,,1236.44,1517.04,1.33,ELEVATED,40,1,2
YATRA.NS,HOLD,108.74,downtrend,42.53,-1.45,110.4,110.56,122.16,4.18,3.84,,,102.48,117.09,1.33,NORMAL,40,0,3
STEELCAS.NS,HOLD,359.7,uptrend,67.85,0.37,328.42,328.46,270.34,16.14,4.49,,,335.49,391.99,1.33,ELEVATED,40,3,0
GENESYS.NS,HOLD,281.62,downtrend,68.3,14.75,263.98,242.15,293.18,23.84,8.46,,,245.87,329.29,1.33,ELEVATED,40,1,2
GVPIL.NS,HOLD,686.3,weak_trend,56.68,-10.94,650.29,706.59,588.14,26.05,3.8,,,647.22,738.4,1.33,NORMAL,40,2,1
SOLARA.NS,HOLD,722.9,weak_trend,68.49,41.22,692.38,601.62,543.47,40.24,5.57,,,662.54,803.39,1.33,ELEVATED,40,1,2
KICL.NS,HOLD,5000.0,weak_trend,38.19,-93.4,5067.35,5265.04,4979.77,137.18,2.74,,,4794.23,5274.36,1.33,NORMAL,40,0,3
SPECTRUM.NS,HOLD,3241.6,weak_trend,83.77,264.28,2707.01,2452.2,1653.73,165.22,5.1,,,2993.77,3572.04,1.33,ELEVATED,40,1,2
SULA.NS,HOLD,137.76,downtrend,29.62,-4.01,141.4,148.84,166.73,3.93,2.85,,,131.87,145.61,1.33,NORMAL,40,0,3
SIMPLEXINF.NS,HOLD,256.4,weak_trend,39.87,-0.56,258.31,251.49,234.43,11.44,4.46,,,239.24,279.29,1.33,ELEVATED,40,1,2
SGFIN.NS,HOLD,622.15,weak_trend,20.28,-14.18,658.25,669.66,527.11,20.41,3.28,,,591.53,662.97,1.33,NORMAL,40,0,3
CANTABIL.NS,HOLD,238.55,weak_trend,53.76,0.05,240.75,240.57,249.25,5.73,2.4,,,229.95,250.02,1.33,NORMAL,40,1,2
SYSTMTXC.NS,HOLD,77.5,weak_trend,93.52,4.42,66.22,62.34,78.57,2.19,2.83,,,74.21,81.89,1.33,NORMAL,40,0,3
DELTACORP.NS,HOLD,68.65,weak_trend,85.47,0.53,57.47,60.06,64.02,2.61,3.8,,,64.74,73.87,1.33,NORMAL,40,2,1
STUDDS.NS,HOLD,415.75,weak_trend,42.57,-6.42,423.75,433.71,475.79,14.09,3.39,,,394.62,443.92,1.33,NORMAL,40,0,3
SASKEN.NS,HOLD,1780.6,weak_trend,37.61,-46.55,1812.49,1860.32,1603.74,73.29,4.12,,,1670.66,1927.19,1.33,ELEVATED,40,0,3
SANGAMIND.NS,HOLD,570.85,weak_trend,50.8,-3.51,578.25,592.88,508.31,17.26,3.02,,,544.96,605.37,1.33,NORMAL,40,0,3
RANEHOLDIN.NS,HOLD,1591.9,weak_trend,40.78,-14.6,1631.63,1669.25,1384.81,52.35,3.29,,,1513.38,1696.6,1.33,NORMAL,40,0,3
HINDOILEXP.NS,HOLD,173.58,weak_trend,37.77,3.35,178.58,166.88,156.23,7.23,4.17,,,162.73,188.04,1.33,ELEVATED,40,0,3
STOVEKRAFT.NS,HOLD,829.1,downtrend,47.21,8.54,828.24,797.85,629.44,23.97,2.89,,,793.14,877.04,1.33,NORMAL,40,1,2
GEOJITFSL.NS,HOLD,81.98,downtrend,47.17,0.22,81.24,79.84,71.48,2.82,3.44,,,77.74,87.63,1.33,NORMAL,40,1,2
IDEAFORGE.NS,HOLD,720.45,weak_trend,36.25,-23.7,754.82,809.51,642.52,28.51,3.96,,,677.68,777.48,1.33,NORMAL,40,1,2
RPTECH.NS,HOLD,898.7,weak_trend,65.46,7.8,819.21,822.51,552.0,40.27,4.48,,,838.3,979.24,1.33,ELEVATED,40,2,1
ACCELYA.NS,HOLD,1124.6,weak_trend,43.99,-3.72,1124.39,1135.26,1172.68,12.31,1.09,,,1106.13,1149.23,1.33,LOW,40,0,3
VENKEYS.NS,HOLD,1692.2,weak_trend,53.08,30.66,1670.77,1580.31,1478.38,60.04,3.55,,,1602.13,1812.29,1.33,NORMAL,40,1,2
TIL.NS,HOLD,259.09,weak_trend,60.07,4.9,247.15,239.21,223.41,11.19,4.32,,,242.3,281.47,1.33,ELEVATED,40,2,1
YASHO.NS,HOLD,4144.7,weak_trend,53.44,-0.47,4090.6,3942.73,2313.64,203.49,4.91,,,3839.47,4551.67,1.33,ELEVATED,40,2,1
WEL.NS,HOLD,76.93,downtrend,51.25,-10.96,82.92,106.7,117.67,3.93,5.1,,,71.04,84.78,1.33,ELEVATED,40,1,2
DOLLAR.NS,HOLD,274.45,downtrend,62.96,1.16,268.49,267.63,283.54,8.74,3.19,,,261.34,291.94,1.33,NORMAL,40,1,2
INDIANHUME.NS,HOLD,366.25,weak_trend,37.28,-4.79,375.53,381.82,354.57,15.42,4.21,,,343.12,397.09,1.33,ELEVATED,40,1,2
DREDGECORP.NS,HOLD,1017.5,downtrend,32.39,-25.55,1043.02,1067.52,1019.57,33.39,3.28,,,967.41,1084.29,1.33,NORMAL,40,0,3
MOL.NS,HOLD,61.63,weak_trend,31.04,0.43,62.91,59.16,54.27,2.59,4.21,,,57.74,66.82,1.33,ELEVATED,40,0,3
DCW.NS,HOLD,50.02,uptrend,65.04,0.36,46.32,45.96,47.9,1.83,3.65,,,47.28,53.67,1.33,NORMAL,40,3,0
UGROCAP.NS,HOLD,84.29,weak_trend,45.8,-2.02,84.68,90.28,112.86,2.4,2.85,,,80.68,89.1,1.33,NORMAL,40,0,3
THEJO.NS,HOLD,2173.5,weak_trend,62.44,31.09,2142.33,2075.04,1795.75,69.1,3.18,,,2069.85,2311.7,1.33,NORMAL,40,1,2
HITECH.NS,HOLD,75.86,downtrend,52.74,-1.6,76.33,80.44,84.81,2.12,2.8,,,72.67,80.11,1.33,NORMAL,40,1,2
MANGLMCEM.NS,HOLD,1033.3,weak_trend,34.86,6.42,1047.1,991.94,875.62,32.44,3.14,,,984.65,1098.17,1.33,NORMAL,40,0,3
AMRUTANJAN.NS,HOLD,510.05,downtrend,56.49,-3.18,498.51,508.37,559.49,11.17,2.19,,,493.29,532.4,1.33,NORMAL,40,1,2
SHRINGARMS.NS,HOLD,210.22,downtrend,34.17,-3.7,215.11,221.48,216.48,5.44,2.59,,,202.06,221.11,1.33,NORMAL,40,1,2
WHEELS.NS,HOLD,2240.3,weak_trend,75.05,178.23,1962.03,1649.59,1253.22,161.01,7.19,,,1998.79,2562.31,1.33,ELEVATED,40,1,2
APCOTEXIND.NS,HOLD,609.8,weak_trend,32.1,-1.38,614.61,606.89,460.76,20.63,3.38,,,578.85,651.06,1.33,NORMAL,40,0,3
GMBREW.NS,HOLD,968.3,weak_trend,70.19,13.74,917.26,905.93,962.5,22.11,2.28,,,935.13,1012.52,1.33,NORMAL,40,2,1
VERANDA.NS,HOLD,231.5,weak_trend,38.66,-4.68,232.9,238.83,208.57,8.34,3.6,,,218.99,248.18,1.33,NORMAL,40,1,2
PIXTRANS.NS,HOLD,1758.7,weak_trend,39.94,-18.25,1760.55,1789.71,1570.32,40.26,2.29,,,1698.31,1839.21,1.33,NORMAL,40,1,2
MOBIKWIK.NS,HOLD,202.93,downtrend,61.1,2.14,197.95,201.59,204.67,10.46,5.16,,,187.24,223.86,1.33,ELEVATED,40,1,2
UNIPARTS.NS,HOLD,861.2,weak_trend,41.26,13.17,875.67,804.08,589.9,34.29,3.98,,,809.76,929.79,1.33,NORMAL,40,0,3
WAAREEINDO.NS,HOLD,255.7,weak_trend,34.96,-12.02,261.85,297.53,386.98,11.37,4.45,,,238.64,278.44,1.33,ELEVATED,40,0,3
RAJRATAN.NS,HOLD,483.2,weak_trend,46.65,-10.42,485.06,497.83,449.84,23.4,4.84,,,448.1,530.0,1.33,ELEVATED,40,1,2
EXICOM.NS,HOLD,168.09,weak_trend,51.48,0.63,169.7,163.49,129.88,9.84,5.85,,,153.34,187.76,1.33,ELEVATED,40,0,3
INDNIPPON.NS,HOLD,1260.7,weak_trend,64.27,38.4,1200.35,1172.41,909.09,88.41,7.01,,,1128.08,1437.53,1.33,ELEVATED,40,1,2
VINCOFE.NS,HOLD,183.79,weak_trend,57.22,4.03,175.73,162.72,150.42,8.0,4.35,,,171.79,199.79,1.33,ELEVATED,40,1,2
MUKANDLTD.NS,HOLD,157.11,weak_trend,79.53,1.77,137.92,138.03,131.73,5.48,3.49,,,148.89,168.07,1.33,NORMAL,40,2,1
SOMANYCERA.NS,HOLD,596.3,weak_trend,63.65,14.62,566.45,532.03,460.49,18.28,3.07,,,568.88,632.86,1.33,NORMAL,40,2,1
DYCL.NS,HOLD,476.9,downtrend,29.64,2.68,471.83,442.6,351.42,24.52,5.14,,,440.11,525.95,1.33,ELEVATED,40,1,2
NELCO.NS,HOLD,1020.75,uptrend,64.5,14.53,956.35,955.21,762.02,43.13,4.23,,,956.05,1107.01,1.33,ELEVATED,40,3,0
DIVGIITTS.NS,HOLD,1177.1,downtrend,41.75,-0.1,1173.44,1108.78,812.99,63.19,5.37,,,1082.31,1303.49,1.33,ELEVATED,40,1,2
MSPL.NS,HOLD,35.57,downtrend,51.6,-0.36,34.53,34.97,35.67,1.24,3.47,,,33.72,38.04,1.33,NORMAL,40,2,1
KERNEX.NS,HOLD,1731.0,weak_trend,52.13,-65.01,1732.03,1985.12,1531.26,76.72,4.43,,,1615.92,1884.44,1.33,ELEVATED,40,1,2
NITINSPIN.NS,HOLD,617.8,weak_trend,40.9,7.73,630.27,587.42,457.73,19.65,3.18,,,588.32,657.11,1.33,NORMAL,40,0,3
BGRENERGY.NS,HOLD,260.6,downtrend,59.33,-0.24,247.93,260.4,304.15,13.18,5.06,,,240.83,286.96,1.33,ELEVATED,40,1,2
WINDLAS.NS,HOLD,1077.45,weak_trend,39.27,36.41,1093.94,977.53,842.56,41.39,3.84,,,1015.37,1160.22,1.33,NORMAL,40,0,3
RAMCOSYS.NS,HOLD,598.0,weak_trend,53.58,-7.72,585.03,618.52,538.63,21.08,3.53,,,566.38,640.16,1.33,NORMAL,40,2,1
SPAL.NS,HOLD,989.5,weak_trend,33.93,-4.02,1016.34,998.27,835.63,36.39,3.68,,,934.92,1062.27,1.33,NORMAL,40,0,3
GTLINFRA.NS,HOLD,1.14,weak_trend,45.45,-0.02,1.16,1.2,1.22,0.03,2.76,,,1.09,1.2,1.33,NORMAL,40,0,3
NIBE.NS,HOLD,1346.9,uptrend,50.71,-27.16,1325.01,1403.44,1242.26,56.33,4.18,,,1262.4,1459.56,1.33,ELEVATED,40,3,0
SPIC.NS,HOLD,67.0,downtrend,37.1,-0.06,67.08,66.02,68.0,1.71,2.55,,,64.43,70.42,1.33,NORMAL,40,0,3
LAXMIDENTL.NS,HOLD,195.09,weak_trend,41.35,-2.37,197.73,205.49,212.74,5.12,2.63,,,187.41,205.33,1.33,NORMAL,40,1,2
ASALCBR.NS,HOLD,657.9,downtrend,32.11,-22.41,684.72,729.45,818.33,20.14,3.06,,,627.68,698.19,1.33,NORMAL,40,0,3
SPANDANA.NS,HOLD,232.18,weak_trend,43.89,-5.74,234.41,250.3,249.39,5.77,2.48,,,223.53,243.71,1.33,NORMAL,40,0,3
PANAMAPET.NS,HOLD,480.7,downtrend,48.41,-0.45,477.71,475.37,350.83,18.28,3.8,,,453.28,517.26,1.33,NORMAL,40,1,2
INDOTECH.NS,HOLD,3286.8,weak_trend,23.41,-76.3,3534.04,3555.84,2361.09,133.86,4.07,,,3086.01,3554.52,1.33,ELEVATED,40,0,3
ALLTIME.NS,HOLD,205.36,weak_trend,54.85,-1.97,207.99,215.71,232.29,8.67,4.22,,,192.36,222.7,1.33,ELEVATED,40,0,3
VIDHIING.NS,HOLD,359.85,uptrend,58.79,6.73,347.17,328.92,312.81,14.38,4.0,,,338.28,388.61,1.33,NORMAL,40,3,0
RHETAN.NS,HOLD,16.79,downtrend,30.37,-1.7,22.08,25.17,26.16,1.23,7.33,,,14.95,19.25,1.33,ELEVATED,40,0,3
WENDT.NS,HOLD,8678.5,weak_trend,60.39,160.37,8467.98,8192.9,7430.41,343.61,3.96,,,8163.09,9365.71,1.33,NORMAL,40,2,1
UNITECH.NS,HOLD,4.17,downtrend,61.62,0.03,4.07,4.14,4.75,0.24,5.84,,,3.8,4.66,1.33,ELEVATED,40,1,2
RMDRIP.NS,HOLD,23.61,downtrend,69.25,1.12,22.16,19.84,30.84,1.01,4.28,,,22.1,25.63,1.33,ELEVATED,40,1,2
MOTISONS.NS,HOLD,18.89,weak_trend,74.86,0.71,16.63,15.55,14.13,1.13,5.96,,,17.2,21.14,1.33,ELEVATED,40,2,1
DEEDEV.NS,HOLD,711.15,weak_trend,63.03,9.73,650.13,652.67,452.14,32.12,4.52,,,662.97,775.38,1.33,ELEVATED,40,2,1
SEPC.NS,HOLD,5.22,weak_trend,40.26,-0.18,5.32,5.72,7.22,0.14,2.78,,,5.0,5.51,1.33,NORMAL,40,0,3
ADOR.NS,HOLD,1598.0,weak_trend,27.29,9.03,1618.48,1548.63,1173.66,53.12,3.32,,,1518.32,1704.24,1.33,NORMAL,40,0,3
GARUDA.NS,HOLD,184.48,weak_trend,65.16,0.11,178.4,178.58,177.17,6.76,3.66,,,174.35,197.99,1.33,NORMAL,40,2,1
VINDHYATEL.NS,HOLD,2864.6,weak_trend,58.06,103.45,2721.72,2407.7,1709.35,136.44,4.76,,,2659.94,3137.49,1.33,ELEVATED,40,1,2
PRECAM.NS,HOLD,122.11,downtrend,50.02,-3.96,120.08,130.79,142.47,4.06,3.32,,,116.02,130.22,1.33,NORMAL,40,2,1
ASTEC.NS,HOLD,757.45,weak_trend,66.17,36.76,658.56,641.36,667.96,56.69,7.48,,,672.41,870.84,1.33,ELEVATED,40,2,1
BETA.NS,HOLD,2187.8,uptrend,54.13,-49.2,2150.03,2277.77,1683.63,97.22,4.44,,,2041.97,2382.24,1.33,ELEVATED,40,3,0
FUSION.NS,HOLD,184.2,downtrend,25.36,-5.06,192.36,202.32,184.32,6.13,3.33,,,175.0,196.46,1.33,NORMAL,40,0,3
TALBROAUTO.NS,HOLD,466.9,weak_trend,70.83,13.9,427.95,418.57,329.95,18.87,4.04,,,438.6,504.64,1.33,ELEVATED,40,1,2
IFGLEXPOR.NS,HOLD,197.16,weak_trend,39.91,-3.98,204.66,208.95,187.8,8.72,4.42,,,184.07,214.61,1.33,ELEVATED,40,0,3
BLSE.NS,HOLD,322.45,downtrend,49.19,3.32,319.26,307.56,220.22,10.5,3.26,,,306.7,343.44,1.33,NORMAL,40,2,1
BFINVEST.NS,HOLD,446.7,weak_trend,29.34,-3.51,447.75,456.18,415.22,11.73,2.63,,,429.11,470.16,1.33,NORMAL,40,1,2
NAVKARCORP.NS,HOLD,87.94,downtrend,23.31,-2.9,93.03,97.9,97.91,3.01,3.42,,,83.43,93.96,1.33,NORMAL,40,1,2
SPMLINFRA.NS,HOLD,168.58,downtrend,42.68,-5.37,173.96,186.53,187.28,5.69,3.37,,,160.05,179.96,1.33,NORMAL,40,0,3
JYOTISTRUC.NS,HOLD,9.33,downtrend,41.45,-0.4,9.7,10.49,11.09,0.41,4.43,,,8.71,10.16,1.33,ELEVATED,40,0,3
JGCHEM.NS,HOLD,621.55,weak_trend,52.66,8.74,603.8,570.45,425.29,29.97,4.82,,,576.6,681.48,1.33,ELEVATED,40,1,2
GOCLCORP.NS,HOLD,392.75,weak_trend,49.01,8.18,397.24,385.82,314.9,14.36,3.66,,,371.21,421.47,1.33,NORMAL,40,0,3
HUHTAMAKI.NS,HOLD,250.0,weak_trend,43.39,-5.53,253.67,270.07,205.09,10.03,4.01,,,234.95,270.06,1.33,ELEVATED,40,0,3
QUICKHEAL.NS,HOLD,151.57,downtrend,67.15,1.25,147.21,150.17,180.51,8.58,5.66,,,138.69,168.74,1.33,ELEVATED,40,1,2
PNBGILTS.NS,HOLD,76.33,weak_trend,49.05,-0.67,77.05,79.13,77.49,3.12,4.09,,,71.65,82.58,1.33,ELEVATED,40,0,3
JINDRILL.NS,HOLD,606.8,weak_trend,38.3,-7.9,626.29,615.0,558.44,30.18,4.97,,,561.53,667.16,1.33,ELEVATED,40,0,3
DLINKINDIA.NS,HOLD,426.1,weak_trend,27.47,-5.3,435.12,439.29,423.98,9.68,2.27,,,411.58,445.46,1.33,NORMAL,40,0,3
BLISSGVS.NS,HOLD,699.2,weak_trend,61.61,35.41,669.82,568.28,349.69,35.88,5.13,,,645.39,770.95,1.33,ELEVATED,40,1,2
SANSTAR.NS,HOLD,111.15,weak_trend,57.63,0.71,110.62,110.55,100.13,3.62,3.26,,,105.72,118.4,1.33,NORMAL,40,2,1
EXPLEOSOL.NS,HOLD,872.45,weak_trend,39.48,9.9,881.63,835.1,772.01,24.16,2.77,,,836.21,920.76,1.33,NORMAL,40,0,3
SESHAPAPER.NS,HOLD,247.95,weak_trend,70.74,4.75,240.19,233.67,240.36,8.21,3.31,,,235.63,264.38,1.33,NORMAL,40,1,2
DEN.NS,HOLD,26.84,downtrend,31.93,-0.35,27.25,27.39,28.27,0.6,2.24,,,25.94,28.04,1.33,NORMAL,40,0,3
TTKHLTCARE.NS,HOLD,1051.2,weak_trend,41.4,-8.28,1104.12,1080.96,958.41,48.28,4.59,,,978.78,1147.76,1.33,ELEVATED,40,0,3
DAMCAPITAL.NS,HOLD,140.39,downtrend,36.93,-2.63,142.08,147.96,159.23,3.43,2.44,,,135.25,147.25,1.33,NORMAL,40,0,3
ARMANFIN.NS,HOLD,1968.9,weak_trend,47.04,-0.72,1986.45,1974.54,1687.68,68.95,3.5,,,1865.48,2106.8,1.33,NORMAL,40,0,3
ARIHANTSUP.NS,HOLD,239.95,weak_trend,44.74,-5.8,235.47,248.93,264.35,11.14,4.64,,,223.24,262.23,1.33,ELEVATED,40,0,3
SATIN.NS,HOLD,225.3,weak_trend,63.41,-2.18,220.0,232.2,192.66,6.43,2.85,,,215.65,238.16,1.33,NORMAL,40,2,1
RAMASTEEL.NS,HOLD,4.66,downtrend,68.15,0.02,4.17,4.27,5.96,0.17,3.6,,,4.41,5.0,1.33,NORMAL,40,2,1
DOLPHIN.NS,HOLD,723.55,weak_trend,67.53,42.15,655.33,539.32,442.65,47.36,6.55,,,652.51,818.27,1.33,ELEVATED,40,2,1
RAJOOENG.NS,HOLD,55.25,downtrend,68.17,0.95,52.47,51.88,57.94,2.93,5.3,,,50.86,61.1,1.33,ELEVATED,40,1,2
STANLEY.NS,HOLD,137.43,weak_trend,49.91,-1.6,136.73,143.57,159.92,3.05,2.22,,,132.85,143.54,1.33,NORMAL,40,0,3
MUFIN.NS,HOLD,133.11,weak_trend,35.92,-0.6,134.61,133.48,120.49,3.42,2.57,,,127.98,139.95,1.33,NORMAL,40,1,2
JNKINDIA.NS,HOLD,418.4,weak_trend,48.83,-8.71,427.5,441.99,344.64,17.54,4.19,,,392.09,453.48,1.33,ELEVATED,40,0,3
TARSONS.NS,HOLD,335.45,weak_trend,49.42,-0.13,324.87,323.01,244.43,14.95,4.46,,,313.03,365.34,1.33,ELEVATED,40,1,2
HIMATSEIDE.NS,HOLD,67.87,weak_trend,43.51,-2.59,67.75,73.69,88.35,2.25,3.31,,,64.5,72.36,1.33,NORMAL,40,1,2
SOLEX.NS,HOLD,735.2,downtrend,51.76,-36.47,710.39,818.81,1058.65,34.62,4.71,,,683.27,804.43,1.33,ELEVATED,40,2,1
MMFL.NS,HOLD,614.65,weak_trend,40.82,0.84,626.45,603.47,478.41,25.1,4.08,,,576.99,664.86,1.33,ELEVATED,40,0,3
UDS.NS,HOLD,205.27,weak_trend,35.36,-4.34,212.78,208.69,177.26,11.54,5.62,,,187.97,228.34,1.33,ELEVATED,40,0,3
SYNCOMF.NS,HOLD,20.01,downtrend,41.56,0.86,19.67,16.43,14.25,1.21,6.03,,,18.2,22.42,1.33,ELEVATED,40,1,2
IGARASHI.NS,HOLD,431.8,weak_trend,59.8,-2.75,421.37,439.76,401.74,15.77,3.65,,,408.14,463.34,1.33,NORMAL,40,2,1
TINNARUBR.NS,HOLD,1007.25,weak_trend,48.19,-7.83,1012.91,1052.02,828.67,45.06,4.47,,,939.66,1097.37,1.33,ELEVATED,40,0,3
GREENPOWER.NS,HOLD,9.08,weak_trend,45.6,-0.15,9.2,9.57,10.43,0.32,3.58,,,8.59,9.73,1.33,NORMAL,40,0,3
PUNJABCHEM.NS,HOLD,1064.9,downtrend,37.64,-13.43,1085.84,1113.0,1089.04,30.2,2.84,,,1019.6,1125.3,1.33,NORMAL,40,0,3
SURAKSHA.NS,HOLD,355.35,weak_trend,61.56,11.9,337.21,298.57,280.49,14.31,4.03,,,333.88,383.98,1.33,ELEVATED,40,1,2
AIMTRON.NS,HOLD,1813.6,weak_trend,64.62,46.43,1676.41,1589.67,1125.42,90.49,4.99,,,1677.87,1994.57,1.33,ELEVATED,40,2,1
APOLLOPIPE.NS,HOLD,522.45,weak_trend,21.49,-11.15,573.03,548.02,436.41,20.05,3.84,,,492.37,562.56,1.33,NORMAL,40,0,3
SHANTIGOLD.NS,HOLD,288.07,weak_trend,70.96,5.91,253.74,239.79,214.08,14.49,5.03,,,266.33,317.05,1.33,ELEVATED,40,2,1
MASTERTR.NS,HOLD,88.14,weak_trend,61.99,1.36,87.05,84.16,87.71,5.35,6.07,,,80.11,98.84,1.33,ELEVATED,40,1,2
IKIO.NS,HOLD,207.89,weak_trend,49.76,1.71,211.36,206.75,168.86,11.69,5.62,,,190.36,231.27,1.33,ELEVATED,40,0,3
AWHCL.NS,HOLD,387.95,downtrend,56.91,-7.32,371.59,396.85,460.27,16.96,4.37,,,362.51,421.87,1.33,ELEVATED,40,2,1
STALLION.NS,HOLD,224.26,weak_trend,59.91,-0.54,217.28,232.26,185.66,9.75,4.35,,,209.63,243.76,1.33,ELEVATED,40,2,1
LGHL.NS,HOLD,176.62,downtrend,50.88,-2.48,179.29,189.69,242.76,11.92,6.75,,,158.73,200.47,1.33,ELEVATED,40,1,2
ECOSMOBLTY.NS,HOLD,109.11,downtrend,29.63,-2.83,111.27,119.02,143.91,3.3,3.02,,,104.17,115.7,1.33,NORMAL,40,1,2
JAGRAN.NS,HOLD,63.41,uptrend,69.26,0.11,61.85,62.32,60.25,1.09,1.72,,,61.77,65.59,1.33,LOW,40,3,0
RUPA.NS,HOLD,140.63,weak_trend,48.01,-3.31,139.19,149.2,147.33,3.2,2.28,,,135.83,147.03,1.33,NORMAL,40,1,2
VINYAS.NS,HOLD,1599.3,weak_trend,55.76,23.25,1533.39,1420.01,1197.92,70.39,4.4,,,1493.71,1740.09,1.33,ELEVATED,40,2,1
OMAXE.NS,HOLD,123.13,weak_trend,46.36,3.59,123.39,104.79,84.18,6.74,5.47,,,113.02,136.61,1.33,ELEVATED,40,0,3
SHRIRAMPPS.NS,HOLD,72.69,weak_trend,40.07,-2.22,73.68,79.26,81.29,2.09,2.87,,,69.56,76.86,1.33,NORMAL,40,0,3
IVALUE.NS,HOLD,233.07,weak_trend,47.29,-11.13,234.19,263.11,254.24,10.03,4.31,,,218.02,253.14,1.33,ELEVATED,40,1,2
HESTERBIO.NS,HOLD,2241.8,weak_trend,54.83,-41.5,2258.36,2370.15,1846.68,112.99,5.04,,,2072.32,2467.77,1.33,ELEVATED,40,0,3
FINKURVE.NS,HOLD,70.12,downtrend,49.74,0.52,71.55,68.1,73.76,4.83,6.89,,,62.87,79.79,1.33,ELEVATED,40,0,3
QUADFUTURE.NS,HOLD,526.55,weak_trend,81.86,35.48,463.07,408.52,345.16,29.94,5.69,,,481.65,586.42,1.33,ELEVATED,40,1,2
HMAAGRO.NS,HOLD,23.61,weak_trend,72.26,0.6,21.59,21.63,24.27,1.21,5.11,,,21.8,26.02,1.33,ELEVATED,40,0,3
JAGSNPHARM.NS,HOLD,225.63,weak_trend,24.95,-1.26,232.69,229.24,201.58,7.19,3.19,,,214.84,240.02,1.33,NORMAL,40,0,3
PLATIND.NS,HOLD,216.58,downtrend,27.18,-2.55,223.84,223.6,226.86,6.43,2.97,,,206.93,229.45,1.33,NORMAL,40,0,3
ORIENTTECH.NS,HOLD,238.06,weak_trend,49.35,-3.49,238.44,250.76,282.93,9.61,4.04,,,223.64,257.28,1.33,ELEVATED,40,0,3
EKC.NS,HOLD,113.66,uptrend,64.17,-1.38,103.54,107.52,111.87,3.64,3.2,,,108.2,120.94,1.33,NORMAL,40,3,0
ANDHRAPAP.NS,HOLD,71.19,weak_trend,63.47,2.86,68.48,63.83,64.03,4.98,7.0,,,63.71,81.16,1.33,ELEVATED,40,2,1
SALASAR.NS,HOLD,4.94,weak_trend,42.71,-0.25,5.21,5.64,7.06,0.2,4.12,,,4.63,5.35,1.33,ELEVATED,40,0,3
ESAFSFB.NS,HOLD,40.69,weak_trend,42.07,-0.31,40.87,40.11,30.66,1.49,3.66,,,38.45,43.67,1.33,NORMAL,40,1,2
CONFIPET.NS,HOLD,89.12,uptrend,57.87,2.9,85.29,80.14,56.49,4.58,5.14,,,82.25,98.27,1.33,ELEVATED,40,3,0
SMCGLOBAL.NS,HOLD,87.14,weak_trend,65.32,1.06,82.3,80.78,74.15,4.14,4.76,,,80.92,95.43,1.33,ELEVATED,40,2,1
CENTRUM.NS,HOLD,21.21,downtrend,34.34,-0.55,22.26,23.35,24.64,0.86,4.04,,,19.93,22.92,1.33,ELEVATED,40,1,2
DOLATALGO.NS,HOLD,68.72,downtrend,43.82,-1.0,69.94,70.11,76.01,2.03,2.95,,,65.68,72.78,1.33,NORMAL,40,0,3
ROTO.NS,HOLD,63.13,weak_trend,47.98,-0.8,63.84,65.59,62.21,2.39,3.79,,,59.54,67.91,1.33,NORMAL,40,0,3
NIITLTD.NS,HOLD,91.67,weak_trend,38.39,-1.94,94.75,95.18,82.38,3.41,3.72,,,86.56,98.49,1.33,NORMAL,40,0,3
GPTINFRA.NS,HOLD,116.29,weak_trend,65.81,0.54,112.91,115.03,113.31,3.43,2.95,,,111.14,123.16,1.33,NORMAL,40,2,1
SURYODAY.NS,HOLD,149.3,weak_trend,40.43,-3.39,150.25,159.86,149.9,3.5,2.34,,,144.05,156.3,1.33,NORMAL,40,0,3
BIRLANU.NS,HOLD,1407.3,downtrend,46.43,-20.4,1422.2,1434.46,1455.9,48.59,3.45,,,1334.41,1504.49,1.33,NORMAL,40,0,3
RISHABH.NS,HOLD,738.95,weak_trend,50.81,18.06,760.51,696.66,517.92,40.51,5.48,,,678.19,819.96,1.33,ELEVATED,40,0,3
PAUSHAKLTD.NS,HOLD,687.2,weak_trend,21.47,-3.98,743.05,697.43,543.21,30.9,4.5,,,640.86,748.99,1.33,ELEVATED,40,0,3
ASIANENE.NS,HOLD,489.7,weak_trend,39.99,11.86,504.21,444.64,338.36,29.6,6.04,,,445.31,548.89,1.33,ELEVATED,40,0,3
GANDHAR.NS,HOLD,268.4,weak_trend,50.93,6.2,265.67,250.71,174.92,9.78,3.64,,,253.74,287.95,1.33,NORMAL,40,1,2
EXCELINDUS.NS,HOLD,963.3,weak_trend,23.73,-13.06,983.81,988.54,933.25,24.68,2.56,,,926.29,1012.65,1.33,NORMAL,40,0,3
BAJAJHCARE.NS,HOLD,352.7,weak_trend,70.84,3.09,329.54,330.8,337.3,10.77,3.05,,,336.55,374.23,1.33,NORMAL,40,2,1
ALICON.NS,HOLD,739.05,uptrend,66.11,9.46,701.67,698.0,706.63,31.5,4.26,,,691.79,802.06,1.33,ELEVATED,40,3,0
DCMSRIND.NS,HOLD,38.01,downtrend,2.88,-1.97,42.42,43.17,48.27,1.8,4.73,,,35.31,41.61,1.33,ELEVATED,40,0,3
CLSEL.NS,HOLD,296.25,downtrend,48.33,1.31,296.18,286.83,269.73,10.41,3.52,,,280.63,317.08,1.33,NORMAL,40,1,2
RAJRILTD.NS,HOLD,20.17,downtrend,9.35,-0.47,21.67,21.63,21.6,0.65,3.24,,,19.19,21.48,1.33,NORMAL,40,1,2
INDORAMA.NS,HOLD,100.0,weak_trend,76.83,10.26,80.97,66.01,47.22,8.65,8.65,,,87.03,117.29,1.33,ELEVATED,40,1,2
PARACABLES.NS,HOLD,62.29,weak_trend,43.97,-0.75,63.55,64.07,50.15,2.75,4.42,,,58.16,67.8,1.33,ELEVATED,40,0,3
VPRPL.NS,HOLD,32.83,downtrend,41.11,0.19,34.33,32.11,39.83,2.38,7.24,,,29.27,37.58,1.33,ELEVATED,40,0,3
SALZERELEC.NS,HOLD,549.05,downtrend,57.45,-5.27,547.14,564.85,613.27,17.59,3.2,,,522.66,584.24,1.33,NORMAL,40,1,2
MANAKCOAT.NS,HOLD,131.99,weak_trend,67.31,2.8,125.58,123.43,117.88,5.59,4.24,,,123.6,143.17,1.33,ELEVATED,40,2,1
SIGACHI.NS,HOLD,31.34,weak_trend,46.84,0.36,33.02,29.44,24.93,2.49,7.94,,,27.61,36.31,1.33,ELEVATED,40,0,3
INFOBEAN.NS,HOLD,151.81,downtrend,35.52,-2.5,155.73,159.98,172.59,4.3,2.83,,,145.36,160.41,1.33,NORMAL,40,0,3
ALLDIGI.NS,HOLD,780.25,downtrend,38.59,-6.69,798.75,806.45,789.4,18.29,2.34,,,752.82,816.82,1.33,NORMAL,40,0,3
BLKASHYAP.NS,HOLD,53.97,weak_trend,38.18,-0.68,54.86,54.54,52.69,2.65,4.9,,,50.0,59.26,1.33,ELEVATED,40,0,3
SPORTKING.NS,HOLD,211.26,weak_trend,37.65,-1.14,216.71,211.14,149.75,9.65,4.57,,,196.78,230.57,1.33,ELEVATED,40,0,3
GODAVARIB.NS,HOLD,239.43,weak_trend,44.23,-2.68,238.79,250.64,277.91,9.03,3.77,,,225.89,257.48,1.33,NORMAL,40,0,3
JARO.NS,HOLD,462.5,downtrend,54.52,1.48,458.01,461.13,476.53,15.27,3.3,,,439.59,493.04,1.33,NORMAL,40,1,2
SURAJEST.NS,HOLD,220.41,weak_trend,67.3,2.48,187.62,195.67,214.5,11.45,5.19,,,203.24,243.3,1.33,ELEVATED,40,2,1
CIFL.NS,HOLD,21.34,downtrend,62.14,-0.09,20.32,20.75,26.84,1.2,5.64,,,19.53,23.75,1.33,ELEVATED,40,2,1
UNIECOM.NS,HOLD,83.26,downtrend,44.91,-0.83,84.78,85.54,95.65,3.34,4.02,,,78.24,89.95,1.33,ELEVATED,40,0,3
MONTECARLO.NS,HOLD,527.6,downtrend,36.7,3.12,531.6,518.41,545.18,13.21,2.5,,,507.78,554.03,1.33,NORMAL,40,0,3
MADRASFERT.NS,HOLD,61.47,downtrend,30.32,-1.4,63.67,65.45,68.77,1.74,2.83,,,58.86,64.95,1.33,NORMAL,40,0,3
HARIOMPIPE.NS,HOLD,357.2,downtrend,51.99,-2.25,355.3,369.77,365.34,12.01,3.36,,,339.19,381.21,1.33,NORMAL,40,2,1
DECCANCE.NS,HOLD,560.45,downtrend,45.28,0.19,568.84,563.0,631.46,18.58,3.32,,,532.58,597.61,1.33,NORMAL,40,1,2
SHANKARA.NS,HOLD,143.39,weak_trend,36.42,0.72,147.41,143.92,121.75,2.55,1.78,,,139.56,148.5,1.33,LOW,40,0,3
GNA.NS,HOLD,596.65,uptrend,69.91,8.18,547.5,542.45,428.78,24.73,4.15,,,559.55,646.11,1.33,ELEVATED,40,3,0
RIIL.NS,HOLD,719.95,downtrend,37.45,-12.81,728.73,742.64,754.04,17.74,2.46,,,693.35,755.42,1.33,NORMAL,40,1,2
VMARCIND.NS,HOLD,338.4,downtrend,54.11,-11.05,341.82,329.3,700.12,24.01,7.1,,,302.38,386.42,1.33,ELEVATED,40,1,2
SUMEETINDS.NS,HOLD,11.05,weak_trend,45.26,-1.67,11.04,16.99,25.58,0.45,4.11,,,10.37,11.96,1.33,ELEVATED,40,0,3
IMPAL.NS,HOLD,1059.5,weak_trend,40.29,-7.5,1096.48,1095.92,1040.63,44.8,4.23,,,992.3,1149.1,1.33,ELEVATED,40,1,2
IGPL.NS,HOLD,588.95,uptrend,59.48,18.8,552.03,502.37,422.22,25.33,4.3,,,550.95,639.61,1.33,ELEVATED,40,3,0
TAC.NS,HOLD,494.2,weak_trend,72.81,12.01,451.89,469.06,516.53,22.68,4.59,,,460.18,539.56,1.33,ELEVATED,40,0,3
RGL.NS,HOLD,170.48,weak_trend,72.28,8.45,149.36,133.03,116.98,9.12,5.35,,,156.81,188.71,1.33,ELEVATED,40,2,1
BSHSL.NS,HOLD,85.57,downtrend,38.46,-0.86,88.69,88.17,92.52,4.98,5.81,,,78.11,95.52,1.33,ELEVATED,40,0,3
SHREDIGCEM.NS,HOLD,68.8,downtrend,35.06,-1.26,70.39,71.19,73.22,2.2,3.2,,,65.49,73.21,1.33,NORMAL,40,0,3
SIGNPOST.NS,HOLD,273.9,weak_trend,68.21,0.07,261.86,275.91,253.86,15.12,5.52,,,251.22,304.14,1.33,ELEVATED,40,2,1
BALAJITELE.NS,HOLD,94.18,downtrend,56.3,0.81,92.94,90.34,94.23,4.03,4.28,,,88.13,102.25,1.33,ELEVATED,40,1,2
HITECHGEAR.NS,HOLD,560.95,downtrend,46.86,-6.05,558.85,566.36,618.36,23.79,4.24,,,525.26,608.54,1.33,ELEVATED,40,0,3
ATULAUTO.NS,HOLD,457.75,weak_trend,49.58,-10.45,455.84,482.61,461.69,10.81,2.36,,,441.53,479.38,1.33,NORMAL,40,0,3
AGARIND.NS,HOLD,408.65,downtrend,32.56,-19.24,431.0,469.63,524.08,13.63,3.34,,,388.2,435.91,1.33,NORMAL,40,1,2
YUKEN.NS,HOLD,1138.9,weak_trend,78.15,70.63,1048.74,893.61,783.38,63.03,5.53,,,1044.35,1264.96,1.33,ELEVATED,40,1,2
DIFFNKG.NS,HOLD,439.3,weak_trend,30.1,7.15,444.68,415.65,333.6,22.67,5.16,,,405.3,484.64,1.33,ELEVATED,40,0,3
ONEPOINT.NS,HOLD,68.41,weak_trend,83.33,1.72,57.62,56.93,54.32,3.25,4.74,,,63.54,74.9,1.33,ELEVATED,40,2,1
CAPITALSFB.NS,HOLD,284.6,uptrend,51.84,-1.83,279.47,288.2,268.62,8.26,2.9,,,272.2,301.13,1.33,NORMAL,40,3,0
ASIANTILES.NS,HOLD,51.16,downtrend,61.03,0.15,49.98,50.54,61.45,1.71,3.34,,,48.59,54.58,1.33,NORMAL,40,1,2
RICOAUTO.NS,HOLD,129.23,weak_trend,53.96,-1.09,129.66,133.79,124.88,4.54,3.51,,,122.43,138.3,1.33,NORMAL,40,1,2
AURUM.NS,HOLD,223.19,weak_trend,46.57,-1.42,224.4,226.27,194.52,5.78,2.59,,,214.52,234.76,1.33,NORMAL,40,0,3
ADVENTHTL.NS,HOLD,130.36,weak_trend,40.79,-3.26,132.07,138.98,165.72,4.56,3.5,,,123.52,139.47,1.33,NORMAL,40,0,3
BUTTERFLY.NS,HOLD,566.0,downtrend,25.94,-24.42,601.0,661.09,644.68,20.5,3.62,,,535.25,607.0,1.33,NORMAL,40,0,3
FAZE3Q.NS,HOLD,438.05,downtrend,29.75,-22.01,473.62,510.5,485.95,19.45,4.44,,,408.87,476.96,1.33,ELEVATED,40,0,3
MICEL.NS,HOLD,34.71,downtrend,23.77,-0.95,36.47,36.71,39.67,0.52,1.5,,,33.93,35.75,1.33,LOW,40,0,3
BHARATWIRE.NS,HOLD,170.1,weak_trend,32.79,-5.44,175.16,187.18,191.08,6.02,3.54,,,161.06,182.15,1.33,NORMAL,40,0,3
VASCONEQ.NS,HOLD,32.99,downtrend,67.54,0.03,30.47,31.56,36.43,1.29,3.91,,,31.06,35.57,1.33,NORMAL,40,2,1
WALCHANNAG.NS,HOLD,212.63,uptrend,54.73,-5.92,209.25,222.83,207.67,9.18,4.32,,,198.85,231.0,1.33,ELEVATED,40,3,0
TEXINFRA.NS,HOLD,123.47,uptrend,61.45,1.47,115.12,113.13,102.76,4.96,4.01,,,116.03,133.38,1.33,ELEVATED,40,3,0
WCIL.NS,HOLD,97.33,weak_trend,80.13,2.24,88.2,88.73,101.06,3.5,3.6,,,92.08,104.34,1.33,NORMAL,40,0,3
HERANBA.NS,HOLD,171.49,downtrend,44.03,-1.61,170.81,173.15,197.39,5.48,3.2,,,163.26,182.46,1.33,NORMAL,40,0,3
BOROSCI.NS,HOLD,117.74,downtrend,9.32,-4.67,124.78,136.09,127.37,4.9,4.16,,,110.4,127.53,1.33,ELEVATED,40,1,2
GPTHEALTH.NS,HOLD,161.5,weak_trend,69.1,2.26,158.5,157.71,141.15,5.57,3.45,,,153.14,172.65,1.33,NORMAL,40,2,1
IRMENERGY.NS,HOLD,272.9,weak_trend,38.79,-2.54,276.89,275.29,260.26,7.68,2.82,,,261.38,288.27,1.33,NORMAL,40,0,3
SHREEPUSHK.NS,HOLD,495.8,weak_trend,58.64,21.22,488.46,436.13,375.74,26.03,5.25,,,456.75,547.87,1.33,ELEVATED,40,1,2
MEIL.NS,HOLD,274.25,downtrend,45.87,-3.08,281.67,281.78,296.05,11.16,4.07,,,257.5,296.58,1.33,ELEVATED,40,0,3
GTPL.NS,HOLD,56.07,weak_trend,51.06,0.09,55.48,55.76,66.18,1.78,3.17,,,53.4,59.63,1.33,NORMAL,40,0,3
ROHLTD.NS,HOLD,309.75,downtrend,63.88,-0.25,302.28,307.34,337.92,9.68,3.13,,,295.23,329.11,1.33,NORMAL,40,2,1
VHL.NS,HOLD,3383.8,downtrend,21.78,-34.94,3475.32,3471.65,3420.53,98.73,2.92,,,3235.71,3581.26,1.33,NORMAL,40,0,3
DSSL.NS,HOLD,1030.4,downtrend,52.69,-33.25,1036.59,1134.22,1118.45,45.74,4.44,,,961.8,1121.87,1.33,ELEVATED,40,1,2
TBZ.NS,HOLD,692.45,weak_trend,84.77,90.37,500.77,359.97,208.65,38.93,5.62,,,634.05,770.31,1.33,ELEVATED,40,1,2
BAJAJINDEF.NS,HOLD,221.9,downtrend,51.2,-1.92,221.89,224.94,263.63,7.03,3.17,,,211.36,235.96,1.33,NORMAL,40,2,1
STLNETWORK.NS,HOLD,49.7,weak_trend,100.0,5.26,34.92,29.0,24.95,2.06,4.14,,,46.61,53.81,1.33,ELEVATED,40,1,2
WEALTH.NS,HOLD,840.45,weak_trend,47.36,-13.88,841.88,887.89,913.54,24.27,2.89,,,804.05,888.99,1.33,NORMAL,40,0,3
CONTROLPR.NS,HOLD,584.55,weak_trend,43.35,-0.28,593.28,591.42,629.16,15.8,2.7,,,560.86,616.14,1.33,NORMAL,40,0,3
JINDALPHOT.NS,HOLD,1084.8,downtrend,63.7,14.46,1050.73,1059.44,1187.23,40.88,3.77,,,1023.48,1166.56,1.33,NORMAL,40,1,2
ELECTHERM.NS,HOLD,904.65,weak_trend,13.19,-29.19,964.34,999.97,874.77,31.24,3.45,,,857.8,967.12,1.33,NORMAL,40,0,3
ABINFRA.NS,HOLD,12.57,weak_trend,70.25,0.19,11.54,11.11,14.67,0.6,4.77,,,11.67,13.77,1.33,ELEVATED,40,0,3
SRM.NS,HOLD,422.45,downtrend,14.32,-15.89,442.43,475.36,476.66,13.61,3.22,,,402.03,449.67,1.33,NORMAL,40,0,3
VILAS.NS,HOLD,403.85,weak_trend,63.73,6.65,356.22,357.81,378.91,18.65,4.62,,,375.87,441.16,1.33,ELEVATED,40,2,1
KROSS.NS,HOLD,278.56,weak_trend,81.76,13.94,227.93,213.15,196.43,13.22,4.75,,,258.73,305.0,1.33,ELEVATED,40,2,1
AMNPLST.NS,HOLD,169.0,weak_trend,38.95,-5.08,171.45,184.79,178.63,8.5,5.03,,,156.25,185.99,1.33,ELEVATED,40,0,3
ZUARI.NS,HOLD,224.09,weak_trend,48.8,-1.77,224.17,226.25,239.83,5.83,2.6,,,215.34,235.76,1.33,NORMAL,40,0,3
STEELXIND.NS,HOLD,12.01,uptrend,58.25,0.12,11.34,11.25,10.0,0.74,6.14,,,10.9,13.49,1.33,ELEVATED,40,3,0
ICEMAKE.NS,HOLD,699.45,weak_trend,34.73,-19.77,716.83,766.23,771.05,21.65,3.1,,,666.97,742.75,1.33,NORMAL,40,0,3
KELLTONTEC.NS,HOLD,13.76,weak_trend,41.84,-0.11,13.87,13.98,15.83,0.53,3.84,,,12.97,14.82,1.33,NORMAL,40,0,3
RACLGEAR.NS,HOLD,1689.6,weak_trend,59.27,80.42,1650.19,1488.66,1299.07,114.91,6.8,,,1517.24,1919.41,1.33,ELEVATED,40,1,2
BLUSPRING.NS,HOLD,132.59,downtrend,48.62,1.44,129.05,120.66,83.18,8.3,6.26,,,120.13,149.2,1.33,ELEVATED,40,2,1
PASHUPATI.NS,HOLD,80.39,weak_trend,32.03,-1.22,81.46,84.02,87.88,4.2,5.22,,,74.09,88.79,1.33,ELEVATED,40,1,2
MANALIPETC.NS,HOLD,87.69,downtrend,47.42,3.27,83.36,73.7,61.16,4.5,5.13,,,80.94,96.69,1.33,ELEVATED,40,1,2
DVL.NS,HOLD,292.2,weak_trend,54.7,4.16,285.64,269.04,250.99,8.93,3.06,,,278.8,310.06,1.33,NORMAL,40,1,2
KRISHNADEF.NS,HOLD,1032.9,downtrend,54.54,-20.33,1035.97,1118.59,1054.07,40.74,3.94,,,971.8,1114.37,1.33,NORMAL,40,1,2
BCLIND.NS,HOLD,34.14,weak_trend,34.74,-0.72,34.7,35.44,32.56,1.13,3.3,,,32.45,36.39,1.33,NORMAL,40,1,2
DPSCLTD.NS,HOLD,7.09,downtrend,36.89,-0.05,7.17,7.25,8.51,0.28,3.94,,,6.67,7.65,1.33,NORMAL,40,0,3
NELCAST.NS,HOLD,106.98,downtrend,28.46,-3.63,112.51,118.82,121.5,3.96,3.7,,,101.03,114.91,1.33,NORMAL,40,0,3
EIMCOELECO.NS,HOLD,2297.8,weak_trend,59.59,62.23,2247.64,2047.38,1722.65,84.36,3.67,,,2171.26,2466.51,1.33,NORMAL,40,1,2
OAL.NS,HOLD,558.35,weak_trend,69.12,38.48,510.81,422.48,325.88,32.65,5.85,,,509.37,623.65,1.33,ELEVATED,40,1,2
STERTOOLS.NS,HOLD,221.96,downtrend,52.61,-1.95,217.33,227.07,232.25,6.48,2.92,,,212.23,234.93,1.33,NORMAL,40,1,2
GRPLTD.NS,HOLD,2001.2,downtrend,49.16,3.67,1995.27,1987.24,1845.16,65.71,3.28,,,1902.63,2132.63,1.33,NORMAL,40,1,2
GEMAROMA.NS,HOLD,154.94,downtrend,36.7,-5.93,161.0,172.99,170.3,6.8,4.39,,,144.74,168.54,1.33,ELEVATED,40,0,3
EXCELSOFT.NS,HOLD,80.94,downtrend,67.2,2.0,75.44,75.8,81.73,4.48,5.54,,,74.21,89.91,1.33,ELEVATED,40,1,2
PROSTARM.NS,HOLD,138.08,downtrend,60.15,-0.97,132.62,132.77,145.95,5.54,4.01,,,129.77,149.16,1.33,ELEVATED,40,2,1
IZMO.NS,HOLD,931.15,weak_trend,52.79,-0.96,904.24,955.55,831.28,38.64,4.15,,,873.19,1008.44,1.33,ELEVATED,40,2,1
ANTELOPUS.NS,HOLD,1161.2,weak_trend,61.3,76.65,1028.03,907.29,690.59,95.16,8.19,,,1018.46,1351.51,1.33,ELEVATED,40,2,1
MATRIMONY.NS,HOLD,544.95,weak_trend,62.81,12.02,523.89,493.47,463.59,18.18,3.34,,,517.68,581.31,1.33,NORMAL,40,2,1
SWELECTES.NS,HOLD,581.85,downtrend,52.25,-12.16,572.72,603.91,597.73,21.25,3.65,,,549.97,624.36,1.33,NORMAL,40,1,2
PDMJEPAPER.NS,HOLD,98.27,weak_trend,56.21,2.04,96.68,93.26,86.05,6.0,6.1,,,89.27,110.27,1.33,ELEVATED,40,1,2
AYMSYNTEX.NS,HOLD,292.8,downtrend,40.21,6.53,288.88,265.49,213.72,17.92,6.12,,,265.92,328.64,1.33,ELEVATED,40,1,2
OMINFRAL.NS,HOLD,78.34,downtrend,33.39,-1.63,80.93,84.39,87.38,3.32,4.24,,,73.36,84.98,1.33,ELEVATED,40,1,2
RNBDENIMS.NS,HOLD,9.13,downtrend,21.72,-0.09,9.75,9.3,24.54,0.61,6.68,,,8.22,10.35,1.33,ELEVATED,40,0,3
5PAISA.NS,HOLD,318.15,downtrend,26.45,-13.47,333.68,357.34,335.52,10.73,3.37,,,302.06,339.61,1.33,NORMAL,40,0,3
PENINLAND.NS,HOLD,17.38,downtrend,60.82,0.08,15.98,16.09,18.28,1.12,6.44,,,15.7,19.62,1.33,ELEVATED,40,2,1
BIL.NS,HOLD,1034.95,weak_trend,68.86,57.29,970.43,861.93,777.84,66.94,6.47,,,934.55,1168.82,1.33,ELEVATED,40,2,1
MAMATA.NS,HOLD,423.35,uptrend,62.07,-0.01,406.4,405.86,400.62,15.73,3.72,,,399.76,454.81,1.33,NORMAL,40,3,0
AFSL.NS,HOLD,204.56,downtrend,30.02,-0.57,203.71,203.06,202.09,3.42,1.67,,,199.44,211.39,1.33,LOW,40,1,2
ESTER.NS,HOLD,88.32,downtrend,25.72,-1.59,90.34,91.35,93.76,2.69,3.04,,,84.29,93.69,1.33,NORMAL,40,0,3
TNPL.NS,HOLD,144.37,weak_trend,40.34,0.52,146.71,144.89,139.83,5.48,3.8,,,136.14,155.34,1.33,NORMAL,40,0,3
GANESHCP.NS,HOLD,164.48,weak_trend,43.48,-0.49,167.97,167.07,187.95,5.74,3.49,,,155.87,175.96,1.33,NORMAL,40,0,3
AVTNPL.NS,HOLD,96.88,uptrend,60.47,2.98,89.66,80.95,69.61,3.94,4.07,,,90.97,104.76,1.33,ELEVATED,40,3,0
KOKUYOCMLN.NS,HOLD,76.35,downtrend,40.46,-1.53,78.21,81.5,84.71,1.97,2.58,,,73.39,80.29,1.33,NORMAL,40,1,2
MAXIND.NS,HOLD,149.82,downtrend,52.52,-2.21,148.27,158.13,161.49,6.61,4.41,,,139.9,163.05,1.33,ELEVATED,40,1,2
ANDHRSUGAR.NS,HOLD,95.2,weak_trend,28.43,0.12,95.81,92.47,82.06,2.93,3.07,,,90.81,101.05,1.33,NORMAL,40,0,3
CREST.NS,HOLD,366.0,weak_trend,50.56,-0.62,363.6,367.64,363.19,15.41,4.21,,,342.88,396.82,1.33,ELEVATED,40,2,1
LINCOLN.NS,HOLD,603.55,weak_trend,43.86,-2.27,613.22,603.51,585.24,17.28,2.86,,,577.64,638.1,1.33,NORMAL,40,0,3
THEMISMED.NS,HOLD,121.97,weak_trend,46.77,1.76,124.99,115.64,100.04,6.63,5.43,,,112.03,135.22,1.33,ELEVATED,40,0,3
CENTENKA.NS,HOLD,580.55,downtrend,33.78,-0.15,571.9,573.23,477.29,18.53,3.19,,,552.76,617.6,1.33,NORMAL,40,1,2
ARIHANTCAP.NS,HOLD,94.06,weak_trend,81.31,2.94,80.2,77.57,75.84,3.73,3.96,,,88.47,101.51,1.33,NORMAL,40,2,1
DHANBANK.NS,HOLD,30.01,weak_trend,35.18,-0.85,30.83,32.22,28.8,0.85,2.85,,,28.73,31.72,1.33,NORMAL,40,0,3
UNIENTER.NS,HOLD,91.09,weak_trend,37.92,-1.39,92.41,95.32,106.53,2.66,2.92,,,87.1,96.41,1.33,NORMAL,40,0,3
SCODATUBES.NS,HOLD,137.74,downtrend,54.77,-1.18,129.99,135.69,140.12,5.44,3.95,,,129.58,148.61,1.33,NORMAL,40,2,1
INDOFARM.NS,HOLD,144.03,downtrend,60.01,-1.05,138.19,146.25,149.75,6.28,4.36,,,134.61,156.59,1.33,ELEVATED,40,2,1
SBC.NS,HOLD,48.78,weak_trend,79.51,2.0,46.32,43.1,35.78,1.38,2.82,,,46.72,51.53,1.33,NORMAL,40,1,2
GGBL.NS,HOLD,224.7,weak_trend,48.77,-7.34,217.11,237.44,282.65,7.81,3.48,,,212.98,240.32,1.33,NORMAL,40,0,3
CEWATER.NS,HOLD,274.4,downtrend,55.47,-0.27,271.15,277.86,324.78,12.18,4.44,,,256.13,298.76,1.33,ELEVATED,40,1,2
RADHIKAJWE.NS,HOLD,71.92,weak_trend,50.52,0.52,76.42,71.35,66.2,6.81,9.47,,,61.7,85.54,1.33,ELEVATED,40,0,3
GKWLIMITED.NS,HOLD,1605.0,downtrend,51.73,-9.52,1578.29,1615.07,1665.91,49.95,3.11,,,1530.07,1704.9,1.33,NORMAL,40,1,2
NDTV.NS,HOLD,71.11,downtrend,51.62,-1.05,72.06,74.84,80.12,2.53,3.56,,,67.31,76.18,1.33,NORMAL,40,2,1
INNOVANA.NS,HOLD,299.1,downtrend,44.2,-4.37,305.68,318.29,358.75,16.12,5.39,,,274.92,331.34,1.33,ELEVATED,40,1,2
KHAICHEM.NS,HOLD,50.13,downtrend,23.6,-1.02,52.81,52.11,58.22,1.95,3.9,,,47.2,54.04,1.33,NORMAL,40,1,2
FAIRCHEMOR.NS,HOLD,626.65,weak_trend,30.82,-18.26,645.82,699.71,638.26,23.74,3.79,,,591.04,674.14,1.33,NORMAL,40,0,3
AEROENTER.NS,HOLD,126.51,weak_trend,39.64,-2.9,135.27,130.14,101.23,9.35,7.39,,,112.49,145.2,1.33,ELEVATED,40,0,3
INDOAMIN.NS,HOLD,137.07,weak_trend,79.34,1.92,125.24,126.02,119.94,5.13,3.74,,,129.37,147.33,1.33,NORMAL,40,2,1
DHARMAJ.NS,HOLD,299.1,weak_trend,90.99,4.1,272.79,269.11,256.58,8.08,2.7,,,286.99,315.25,1.33,NORMAL,40,2,1
BHARATSE.NS,HOLD,220.05,weak_trend,55.37,-2.55,217.41,222.89,189.95,8.97,4.08,,,206.6,237.99,1.33,ELEVATED,40,2,1
GALAPREC.NS,HOLD,1164.2,weak_trend,75.56,3.17,1035.34,1068.43,892.61,43.14,3.71,,,1099.5,1250.47,1.33,NORMAL,40,2,1
OSWALGREEN.NS,HOLD,20.2,downtrend,54.83,-0.34,20.04,20.77,25.37,0.73,3.59,,,19.11,21.65,1.33,NORMAL,40,1,2
DENTALKART.NS,HOLD,413.8,downtrend,56.81,1.2,404.14,405.94,446.75,17.13,4.14,,,388.11,448.06,1.33,ELEVATED,40,2,1
DENTA.NS,HOLD,274.8,downtrend,56.56,-5.95,276.92,302.89,286.61,10.58,3.85,,,258.93,295.97,1.33,NORMAL,40,1,2
SAHANA.NS,HOLD,863.05,downtrend,33.2,-2.51,896.08,851.03,878.92,32.59,3.78,,,814.17,928.22,1.33,NORMAL,40,0,3
LEMERITE.NS,HOLD,19.88,downtrend,40.19,-0.95,20.33,21.6,61.73,1.12,5.62,,,18.21,22.11,1.33,ELEVATED,40,0,3
SRHHYPOLTD.NS,HOLD,587.5,weak_trend,67.6,23.33,519.77,499.44,486.3,30.9,5.26,,,541.15,649.3,1.33,ELEVATED,40,2,1
GANDHITUBE.NS,HOLD,995.05,weak_trend,74.16,17.28,907.49,889.76,827.02,32.06,3.22,,,946.96,1059.16,1.33,NORMAL,40,2,1
CNL.NS,HOLD,1146.1,weak_trend,35.84,-6.22,1166.8,1113.24,785.42,56.53,4.93,,,1061.31,1259.15,1.33,ELEVATED,40,0,3
FABTECH.NS,HOLD,148.64,downtrend,54.78,-0.24,147.51,148.01,160.61,3.41,2.29,,,143.53,155.46,1.33,NORMAL,40,1,2
UTTAMSUGAR.NS,HOLD,266.35,weak_trend,31.77,-4.94,277.43,265.72,239.79,11.99,4.5,,,248.37,290.33,1.33,ELEVATED,40,0,3
XCHANGING.NS,HOLD,61.79,weak_trend,52.76,-0.26,62.1,62.92,64.94,2.29,3.71,,,58.35,66.38,1.33,NORMAL,40,0,3
KRISHIVAL.NS,HOLD,417.35,weak_trend,59.76,4.56,413.81,401.75,370.42,6.14,1.47,,,408.14,429.63,1.33,LOW,40,1,2
JPOLYINVST.NS,HOLD,978.95,weak_trend,33.95,-10.81,991.15,1016.89,1068.91,23.07,2.36,,,944.35,1025.09,1.33,NORMAL,40,0,3
OSWALAGRO.NS,HOLD,34.96,weak_trend,37.82,-0.91,35.7,37.3,45.42,1.46,4.17,,,32.77,37.88,1.33,ELEVATED,40,0,3
MVGJL.NS,HOLD,221.29,weak_trend,74.39,14.3,193.13,173.29,166.4,16.63,7.51,,,196.35,254.55,1.33,ELEVATED,40,1,2
KODYTECH.NS,HOLD,1533.0,downtrend,48.54,29.8,1489.56,1411.3,1000.45,60.44,3.94,,,1442.34,1653.89,1.33,NORMAL,40,1,2
ADSL.NS,HOLD,97.78,weak_trend,33.72,-3.53,101.0,108.18,119.11,3.24,3.31,,,92.92,104.25,1.33,NORMAL,40,0,3
HEXATRADEX.NS,HOLD,158.95,downtrend,54.9,-0.15,158.01,158.43,161.15,4.82,3.04,,,151.71,168.6,1.33,NORMAL,40,1,2
SARTELE.NS,HOLD,83.05,weak_trend,41.6,-7.82,85.6,102.39,161.28,4.99,6.01,,,75.56,93.04,1.33,ELEVATED,40,0,3
GULPOLY.NS,HOLD,174.22,weak_trend,26.62,-5.05,179.55,186.56,170.04,4.34,2.49,,,167.71,182.9,1.33,NORMAL,40,0,3
SILVERTUC.NS,HOLD,152.99,weak_trend,34.31,-8.83,161.05,182.59,215.49,8.26,5.4,,,140.59,169.52,1.33,ELEVATED,40,0,3
JAYBARMARU.NS,HOLD,116.1,weak_trend,37.77,-6.06,117.91,134.84,114.68,5.04,4.34,,,108.55,126.17,1.33,ELEVATED,40,1,2
KUANTUM.NS,HOLD,82.87,weak_trend,69.11,1.61,76.14,76.37,79.2,3.93,4.74,,,76.97,90.73,1.33,ELEVATED,40,2,1
TNPETRO.NS,HOLD,128.98,downtrend,40.36,4.55,127.47,111.79,96.67,7.75,6.01,,,117.35,144.48,1.33,ELEVATED,40,1,2
GICHSGFIN.NS,HOLD,139.48,weak_trend,40.9,-1.38,139.07,143.14,150.46,2.94,2.11,,,135.07,145.36,1.33,NORMAL,40,0,3
PRIMESECU.NS,HOLD,296.35,weak_trend,56.81,2.92,285.94,283.12,281.87,10.67,3.6,,,280.35,317.69,1.33,NORMAL,40,2,1
KARNIKA.NS,HOLD,120.9,downtrend,63.7,0.84,117.9,117.08,122.59,3.58,2.96,,,115.54,128.05,1.33,NORMAL,40,1,2
IFBAGRO.NS,HOLD,864.8,weak_trend,37.78,-25.54,890.6,950.21,1010.0,28.11,3.25,,,822.64,921.01,1.33,NORMAL,40,0,3
BIRLAMONEY.NS,HOLD,120.34,downtrend,29.45,-2.9,123.49,128.53,133.51,3.77,3.13,,,114.68,127.88,1.33,NORMAL,40,1,2
APS.NS,HOLD,235.7,weak_trend,34.54,-6.73,242.61,255.46,316.67,8.4,3.57,,,223.09,252.51,1.33,NORMAL,40,0,3
PVSL.NS,HOLD,98.71,downtrend,37.62,-2.2,101.47,105.97,103.79,4.07,4.12,,,92.6,106.85,1.33,ELEVATED,40,1,2
NCLIND.NS,HOLD,176.22,downtrend,60.0,-0.09,174.93,176.32,180.64,4.04,2.3,,,170.15,184.31,1.33,NORMAL,40,1,2
BASILIC.NS,HOLD,172.5,downtrend,26.25,-4.94,185.61,191.42,230.51,7.89,4.57,,,160.67,188.28,1.33,ELEVATED,40,0,3
COOLCAPS.NS,HOLD,24.95,downtrend,65.22,1.17,23.92,22.15,33.81,1.81,7.24,,,22.24,28.56,1.33,ELEVATED,40,2,1
ELIN.NS,HOLD,89.95,downtrend,37.62,-2.83,94.34,98.61,121.64,3.2,3.56,,,85.15,96.35,1.33,NORMAL,40,0,3
SKMEGGPROD.NS,HOLD,229.75,weak_trend,26.22,-9.42,245.31,260.31,214.91,8.23,3.58,,,217.4,246.22,1.33,NORMAL,40,0,3
REMUS.NS,HOLD,977.25,uptrend,63.92,29.16,913.29,848.31,738.17,44.14,4.52,,,911.04,1065.53,1.33,ELEVATED,40,3,0
VAKRANGEE.NS,HOLD,5.35,downtrend,28.87,-0.18,5.57,5.79,6.47,0.17,3.1,,,5.1,5.68,1.33,NORMAL,40,0,3
ZUARIIND.NS,HOLD,278.9,weak_trend,55.49,1.01,270.66,265.76,266.02,9.69,3.47,,,264.37,298.27,1.33,NORMAL,40,2,1
SAURASHCEM.NS,HOLD,53.86,downtrend,34.93,-1.37,54.91,57.88,63.67,1.81,3.36,,,51.15,57.48,1.33,NORMAL,40,0,3
EVERESTIND.NS,HOLD,445.65,weak_trend,60.51,-6.17,421.82,452.31,424.36,16.08,3.61,,,421.53,477.81,1.33,NORMAL,40,2,1
LIKHITHA.NS,HOLD,229.21,weak_trend,71.16,2.19,214.2,220.17,201.17,14.27,6.23,,,207.81,257.75,1.33,ELEVATED,40,2,1
REGAAL.NS,HOLD,94.56,uptrend,58.86,0.21,87.06,86.28,77.39,4.62,4.89,,,87.63,103.8,1.33,ELEVATED,40,3,0
UFBL.NS,HOLD,722.1,weak_trend,48.68,-8.77,714.08,731.24,436.88,36.39,5.04,,,667.51,794.89,1.33,ELEVATED,40,1,2
TVSELECT.NS,HOLD,391.8,downtrend,22.71,-16.38,414.7,453.26,441.85,13.75,3.51,,,371.17,419.31,1.33,NORMAL,40,1,2
ABCOTS.NS,HOLD,203.57,downtrend,41.03,-0.2,207.45,204.94,304.67,10.39,5.11,,,187.98,224.36,1.33,ELEVATED,40,0,3
MACPOWER.NS,HOLD,2059.5,weak_trend,57.09,75.35,1925.26,1732.14,1201.76,138.94,6.75,,,1851.09,2337.38,1.33,ELEVATED,40,2,1
BESTAGRO.NS,HOLD,18.59,downtrend,29.65,0.09,18.58,18.08,18.6,0.88,4.72,,,17.27,20.35,1.33,ELEVATED,40,0,3
TEMBO.NS,HOLD,59.31,weak_trend,65.44,-0.12,57.18,57.59,57.82,2.13,3.59,,,56.12,63.57,1.33,NORMAL,40,2,1
VALIANTORG.NS,HOLD,420.8,weak_trend,89.32,32.79,354.31,314.3,276.65,23.9,5.68,,,384.95,468.6,1.33,ELEVATED,40,1,2
KABRAEXTRU.NS,HOLD,732.85,weak_trend,71.61,46.81,642.65,528.54,308.25,45.66,6.23,,,664.36,824.16,1.33,ELEVATED,40,2,1
ARROWGREEN.NS,HOLD,900.0,weak_trend,74.0,46.48,808.6,757.35,565.62,47.38,5.26,,,828.93,994.76,1.33,ELEVATED,40,2,1
DISHTV.NS,HOLD,2.46,weak_trend,40.96,-0.07,2.58,2.73,3.15,0.11,4.41,,,2.3,2.68,1.33,ELEVATED,40,1,2
CCCL.NS,HOLD,13.26,downtrend,22.22,-0.46,14.12,15.06,16.1,0.49,3.68,,,12.53,14.24,1.33,NORMAL,40,1,2
TVTODAY.NS,HOLD,107.7,weak_trend,39.1,-1.84,109.71,113.48,118.21,3.38,3.14,,,102.63,114.46,1.33,NORMAL,40,1,2
KOTHARIPET.NS,HOLD,136.81,weak_trend,57.57,-0.09,134.78,136.56,125.88,6.47,4.73,,,127.1,149.75,1.33,ELEVATED,40,2,1
CHEMFAB.NS,HOLD,351.6,downtrend,48.16,-2.49,362.74,367.06,389.57,20.17,5.74,,,321.35,391.94,1.33,ELEVATED,40,1,2
SANDESH.NS,HOLD,1027.0,weak_trend,40.08,-0.36,1035.09,1027.32,1006.58,29.99,2.92,,,982.01,1086.99,1.33,NORMAL,40,0,3
DHAMPURSUG.NS,HOLD,168.39,downtrend,41.9,-0.89,166.51,160.12,138.3,7.6,4.51,,,157.0,183.58,1.33,ELEVATED,40,1,2
ANUHPHR.NS,HOLD,93.39,weak_trend,68.53,3.66,89.05,82.34,77.94,5.41,5.79,,,85.27,104.21,1.33,ELEVATED,40,2,1
BLAL.NS,HOLD,165.33,downtrend,62.5,-1.51,162.96,169.25,183.99,3.52,2.13,,,160.05,172.37,1.33,NORMAL,40,1,2
MAHASTEEL.NS,HOLD,1156.8,weak_trend,32.06,9.06,1263.62,1093.33,910.48,83.21,7.19,,,1031.99,1323.21,1.33,ELEVATED,40,0,3
SVLL.NS,HOLD,861.3,weak_trend,72.07,19.76,806.78,774.85,663.2,29.65,3.44,,,816.82,920.61,1.33,NORMAL,40,2,1
VIVIANA.NS,HOLD,724.55,downtrend,41.97,-2.06,741.81,725.41,751.95,44.14,6.09,,,658.34,812.83,1.33,ELEVATED,40,0,3
SUYOG.NS,HOLD,671.55,downtrend,29.77,-35.42,692.32,774.61,718.78,26.46,3.94,,,631.86,724.47,1.33,NORMAL,40,1,2
MUNJALAU.NS,HOLD,107.27,weak_trend,39.56,-1.23,109.36,107.59,88.89,3.69,3.44,,,101.73,114.65,1.33,NORMAL,40,0,3
AVADHSUGAR.NS,HOLD,730.8,weak_trend,22.79,4.0,785.19,690.01,483.19,31.24,4.28,,,683.94,793.29,1.33,ELEVATED,40,0,3
NGLFINE.NS,HOLD,2830.4,weak_trend,57.15,-69.11,2771.11,3030.68,2423.64,139.3,4.92,,,2621.45,3109.0,1.33,ELEVATED,40,2,1
SNOWMAN.NS,HOLD,35.18,downtrend,36.36,-0.69,36.04,37.11,38.22,1.03,2.92,,,33.64,37.23,1.33,NORMAL,40,1,2
DHUNINV.NS,HOLD,1001.75,weak_trend,46.37,4.8,1009.53,962.91,951.95,31.89,3.18,,,953.92,1065.53,1.33,NORMAL,40,0,3
JITFINFRA.NS,HOLD,280.45,downtrend,24.36,-11.03,297.43,323.04,309.54,11.2,3.99,,,263.64,302.86,1.33,NORMAL,40,1,2
KRYSTAL.NS,HOLD,643.65,downtrend,45.62,4.69,643.36,624.85,589.99,27.58,4.28,,,602.29,698.8,1.33,ELEVATED,40,1,2
ORICONENT.NS,HOLD,53.84,weak_trend,49.38,-0.28,53.3,54.29,60.24,2.38,4.42,,,50.27,58.6,1.33,ELEVATED,40,0,3
STEL.NS,HOLD,640.6,uptrend,61.13,15.71,620.68,588.7,516.3,24.52,3.83,,,603.82,689.64,1.33,NORMAL,40,3,0
SGIL.NS,HOLD,668.5,weak_trend,74.28,10.35,601.98,593.08,547.14,25.21,3.77,,,630.69,718.91,1.33,NORMAL,40,2,1
WANBURY.NS,HOLD,233.1,weak_trend,41.03,-11.03,239.69,268.55,255.54,9.9,4.25,,,218.26,252.89,1.33,ELEVATED,40,1,2
CHEMCON.NS,HOLD,228.66,weak_trend,74.34,8.35,210.79,196.0,178.76,9.9,4.33,,,213.82,248.45,1.33,ELEVATED,40,1,2
VLSFINANCE.NS,HOLD,241.15,weak_trend,47.46,-3.04,241.54,249.29,252.2,6.29,2.61,,,231.71,253.74,1.33,NORMAL,40,0,3
BHAGERIA.NS,HOLD,351.75,weak_trend,68.87,31.07,299.48,245.64,189.48,20.03,5.69,,,321.71,391.81,1.33,ELEVATED,40,2,1
ASAL.NS,HOLD,452.0,downtrend,16.83,-12.52,464.87,491.59,479.73,12.22,2.7,,,433.67,476.44,1.33,NORMAL,40,0,3
ARFIN.NS,HOLD,91.3,weak_trend,53.33,0.77,87.8,86.87,83.19,4.58,5.02,,,84.43,100.46,1.33,ELEVATED,40,2,1
SARLAPOLY.NS,HOLD,100.03,downtrend,42.89,-0.54,99.91,100.1,90.75,3.06,3.06,,,95.43,106.16,1.33,NORMAL,40,1,2
COFFEEDAY.NS,HOLD,31.0,downtrend,48.78,-0.01,30.98,30.84,30.53,1.72,5.55,,,28.42,34.44,1.33,ELEVATED,40,1,2
BIGBLOC.NS,HOLD,39.97,weak_trend,41.29,-1.2,40.96,43.86,52.42,1.66,4.15,,,37.48,43.29,1.33,ELEVATED,40,1,2
OWAIS.NS,HOLD,75.6,downtrend,29.39,-1.93,77.79,84.39,154.34,2.46,3.25,,,71.91,80.52,1.33,NORMAL,40,1,2
ZTECH.NS,HOLD,429.55,downtrend,27.83,-25.29,453.64,495.91,558.97,26.08,6.07,,,390.43,481.71,1.33,ELEVATED,40,1,2
AMBIKCO.NS,HOLD,1582.7,weak_trend,45.02,-15.09,1577.94,1624.05,1453.66,30.05,1.9,,,1537.62,1642.8,1.33,LOW,40,1,2
UNITEDPOLY.NS,HOLD,45.94,weak_trend,89.03,2.9,41.82,35.63,31.04,2.47,5.37,,,42.24,50.87,1.33,ELEVATED,40,1,2
VHLTD.NS,HOLD,126.49,downtrend,66.79,1.33,120.99,124.26,134.44,5.37,4.24,,,118.44,137.23,1.33,ELEVATED,40,1,2
ADVANCE.NS,HOLD,119.37,weak_trend,51.18,-1.53,115.29,117.45,114.34,4.67,3.91,,,112.37,128.7,1.33,NORMAL,40,2,1
INDOBORAX.NS,HOLD,462.55,weak_trend,25.26,1.37,489.77,452.99,311.05,20.51,4.43,,,431.78,503.57,1.33,ELEVATED,40,0,3
RATNAVEER.NS,HOLD,331.4,weak_trend,67.64,19.88,301.66,248.23,181.43,20.59,6.21,,,300.52,372.58,1.33,ELEVATED,40,2,1
SAKAR.NS,HOLD,1162.65,weak_trend,67.8,66.73,1075.98,962.21,679.8,71.31,6.13,,,1055.68,1305.27,1.33,ELEVATED,40,2,1
ELDEHSG.NS,HOLD,779.75,weak_trend,48.7,-0.61,776.92,775.11,827.4,20.71,2.66,,,748.69,821.17,1.33,NORMAL,40,0,3
NINSYS.NS,HOLD,710.3,weak_trend,49.07,-9.19,711.15,755.91,557.24,16.89,2.38,,,684.96,744.09,1.33,NORMAL,40,0,3
MALLCOM.NS,HOLD,975.35,weak_trend,41.5,-9.33,971.53,989.54,1058.51,32.68,3.35,,,926.34,1040.7,1.33,NORMAL,40,0,3
BODALCHEM.NS,HOLD,199.53,weak_trend,74.22,26.79,162.28,107.63,70.61,11.38,5.7,,,182.46,222.29,1.33,ELEVATED,40,1,2
MUKKA.NS,HOLD,27.1,weak_trend,44.85,0.54,28.76,26.04,23.89,2.1,7.76,,,23.95,31.3,1.33,ELEVATED,40,0,3
TECHLABS.NS,HOLD,115.95,downtrend,49.31,-0.05,121.19,123.24,192.22,7.41,6.39,,,104.84,130.76,1.33,ELEVATED,40,1,2
MUFTI.NS,HOLD,73.2,downtrend,51.7,-1.14,73.63,77.12,82.62,2.35,3.2,,,69.68,77.89,1.33,NORMAL,40,1,2
KAMATHOTEL.NS,HOLD,240.35,weak_trend,65.79,8.15,226.98,200.22,192.57,10.26,4.27,,,224.97,260.86,1.33,ELEVATED,40,2,1
SATIA.NS,HOLD,67.24,weak_trend,74.98,2.2,63.71,61.51,61.88,3.27,4.86,,,62.33,73.78,1.33,ELEVATED,40,1,2
DWARKESH.NS,HOLD,41.86,weak_trend,18.55,-1.54,45.81,44.73,41.68,1.84,4.4,,,39.1,45.54,1.33,ELEVATED,40,0,3
KECL.NS,HOLD,120.24,weak_trend,39.47,-3.16,124.47,130.86,109.83,5.7,4.74,,,111.69,131.64,1.33,ELEVATED,40,0,3
NAHARSPING.NS,HOLD,277.45,weak_trend,38.35,-4.67,281.1,288.31,238.27,12.27,4.42,,,259.05,301.99,1.33,ELEVATED,40,0,3
KAMDHENU.NS,HOLD,40.77,uptrend,68.02,1.68,38.51,35.85,26.89,2.07,5.09,,,37.66,44.92,1.33,ELEVATED,40,3,0
RITCO.NS,HOLD,289.75,weak_trend,41.2,-3.45,302.32,299.9,255.96,14.05,4.85,,,268.67,317.86,1.33,ELEVATED,40,1,2
APEX.NS,HOLD,362.5,downtrend,42.98,-7.94,366.63,378.1,378.23,11.25,3.1,,,345.62,385.01,1.33,NORMAL,40,0,3
KOPRAN.NS,HOLD,279.42,weak_trend,77.96,20.33,241.77,211.76,165.96,15.77,5.64,,,255.76,310.96,1.33,ELEVATED,40,1,2
MAGADSUGAR.NS,HOLD,509.2,weak_trend,33.84,-12.48,544.46,535.09,478.98,21.5,4.22,,,476.94,552.21,1.33,ELEVATED,40,0,3
ATL.NS,HOLD,25.93,weak_trend,60.77,-0.0,25.01,24.45,24.82,1.09,4.19,,,24.3,28.1,1.33,ELEVATED,40,2,1
PATELRMART.NS,HOLD,210.33,weak_trend,32.89,-5.0,214.62,220.33,202.65,5.73,2.72,,,201.74,221.79,1.33,NORMAL,40,0,3
20MICRONS.NS,HOLD,219.21,weak_trend,51.25,2.35,214.25,205.65,186.86,8.53,3.89,,,206.41,236.27,1.33,NORMAL,40,1,2
RUBYMILLS.NS,HOLD,490.2,uptrend,69.14,21.9,436.01,405.75,282.06,39.79,8.12,,,430.51,569.78,1.33,ELEVATED,40,3,0
GHCLTEXTIL.NS,HOLD,134.61,downtrend,45.37,1.65,131.34,123.74,93.33,5.64,4.19,,,126.14,145.9,1.33,ELEVATED,40,1,2
ESFL.NS,HOLD,123.2,downtrend,58.13,0.6,120.78,122.46,134.81,4.92,4.0,,,115.81,133.05,1.33,NORMAL,40,1,2
PROZONER.NS,HOLD,52.19,weak_trend,72.44,2.38,49.33,45.31,49.91,2.68,5.13,,,48.18,57.54,1.33,ELEVATED,40,1,2
STCINDIA.NS,HOLD,111.98,downtrend,44.14,-1.88,113.72,116.86,118.47,2.28,2.03,,,108.56,116.54,1.33,NORMAL,40,0,3
TREL.NS,HOLD,27.78,weak_trend,53.79,0.4,27.24,26.15,25.86,1.8,6.46,,,25.09,31.37,1.33,ELEVATED,40,2,1
LINC.NS,HOLD,93.85,weak_trend,48.35,-1.24,93.93,97.22,102.46,3.65,3.89,,,88.37,101.15,1.33,NORMAL,40,0,3
MVKAGRO.NS,HOLD,209.5,downtrend,48.61,-4.91,234.63,272.11,482.74,15.46,7.38,,,186.31,240.41,1.33,ELEVATED,40,0,3
KSOLVES.NS,HOLD,259.05,downtrend,37.31,-5.76,263.34,273.19,281.85,8.31,3.21,,,246.58,275.68,1.33,NORMAL,40,0,3
LAXMIINDIA.NS,HOLD,126.12,weak_trend,50.25,-0.68,126.81,127.18,112.47,6.4,5.07,,,116.53,138.91,1.33,ELEVATED,40,0,3
GEECEE.NS,HOLD,377.95,weak_trend,58.38,3.36,367.62,360.68,321.13,15.52,4.11,,,354.68,408.98,1.33,ELEVATED,40,2,1
RUSHIL.NS,HOLD,16.78,downtrend,57.34,-0.06,16.17,16.72,17.64,0.92,5.49,,,15.4,18.62,1.33,ELEVATED,40,1,2
NBIFIN.NS,HOLD,1948.9,downtrend,41.31,-22.66,1978.66,2062.95,2005.17,57.83,2.97,,,1862.16,2064.56,1.33,NORMAL,40,1,2
HLVLTD.NS,HOLD,6.59,downtrend,55.23,-0.06,6.49,6.8,7.9,0.29,4.48,,,6.15,7.18,1.33,ELEVATED,40,1,2
THEINVEST.NS,HOLD,94.06,downtrend,36.71,-0.61,95.79,96.93,102.53,3.59,3.82,,,88.67,101.24,1.33,NORMAL,40,1,2
PVP.NS,HOLD,68.61,weak_trend,56.28,4.7,63.88,46.0,34.05,3.85,5.61,,,62.84,76.3,1.33,ELEVATED,40,1,2
PPL.NS,HOLD,272.25,weak_trend,64.66,2.47,268.48,265.47,230.66,11.98,4.4,,,254.28,296.21,1.33,ELEVATED,40,1,2
RSWM.NS,HOLD,225.28,weak_trend,56.04,4.93,214.22,211.16,172.84,10.99,4.88,,,208.8,247.26,1.33,ELEVATED,40,2,1
DMCC.NS,HOLD,296.3,uptrend,50.5,0.15,285.99,281.77,256.31,11.33,3.82,,,279.31,318.95,1.33,NORMAL,40,3,0
SHIVALIK.NS,HOLD,431.65,weak_trend,74.59,34.33,353.18,293.37,282.66,30.92,7.16,,,385.26,493.5,1.33,ELEVATED,40,1,2
RKSWAMY.NS,HOLD,92.45,downtrend,50.76,-1.99,91.58,96.59,97.52,3.86,4.17,,,86.67,100.16,1.33,ELEVATED,40,2,1
NAHARPOLY.NS,HOLD,228.81,downtrend,33.86,-5.38,236.21,246.9,243.93,8.81,3.85,,,215.59,246.44,1.33,NORMAL,40,0,3
VENUSREM.NS,HOLD,1643.7,uptrend,52.81,-16.42,1617.98,1642.53,1184.45,79.11,4.81,,,1525.04,1801.91,1.33,ELEVATED,40,3,0
SUBEXLTD.NS,HOLD,22.08,weak_trend,69.86,1.27,19.11,16.11,11.73,1.48,6.72,,,19.85,25.05,1.33,ELEVATED,40,2,1
SARVESHWAR.NS,HOLD,3.66,weak_trend,60.0,0.06,3.66,3.52,3.78,0.2,5.6,,,3.35,4.07,1.33,ELEVATED,40,0,3
REPRO.NS,HOLD,301.35,weak_trend,32.59,-9.44,309.59,335.6,378.52,12.97,4.3,,,281.89,327.29,1.33,ELEVATED,40,0,3
ZEEMEDIA.NS,HOLD,7.51,downtrend,31.01,-0.26,7.84,8.02,8.27,0.33,4.39,,,7.02,8.17,1.33,ELEVATED,40,0,3
SEJALLTD.NS,HOLD,699.6,downtrend,54.5,-3.06,668.55,696.58,704.55,32.55,4.65,,,650.77,764.7,1.33,ELEVATED,40,1,2
GLOSTERLTD.NS,HOLD,578.0,weak_trend,45.57,-13.3,589.51,627.32,611.79,20.28,3.51,,,547.58,618.56,1.33,NORMAL,40,0,3
MINDTECK.NS,HOLD,159.65,weak_trend,33.23,-6.05,163.61,177.69,196.63,6.07,3.8,,,150.54,171.8,1.33,NORMAL,40,0,3
AHCL.NS,HOLD,29.68,weak_trend,97.7,3.11,19.17,16.55,14.3,2.04,6.87,,,26.62,33.76,1.33,ELEVATED,40,2,1
NRAIL.NS,HOLD,657.9,weak_trend,76.85,37.08,587.05,527.62,469.41,47.36,7.2,,,586.86,752.61,1.33,ELEVATED,40,1,2
HARDWYN.NS,HOLD,9.22,downtrend,55.1,-0.38,9.09,10.14,13.64,0.34,3.66,,,8.71,9.89,1.33,NORMAL,40,1,2
DREAMFOLKS.NS,HOLD,63.91,downtrend,41.01,-1.02,65.96,67.22,79.67,2.34,3.66,,,60.4,68.59,1.33,NORMAL,40,0,3
CELLECOR.NS,HOLD,30.0,downtrend,27.69,-0.74,31.51,32.35,31.93,1.15,3.82,,,28.28,32.29,1.33,NORMAL,40,0,3
ONWARDTEC.NS,HOLD,294.0,weak_trend,59.42,1.09,286.0,286.94,270.0,11.37,3.87,,,276.94,316.74,1.33,NORMAL,40,2,1
SHREERAMA.NS,HOLD,45.79,weak_trend,54.34,0.56,44.0,42.31,48.8,2.52,5.51,,,42.0,50.84,1.33,ELEVATED,40,0,3
ACL.NS,HOLD,42.58,weak_trend,38.16,-0.95,43.18,45.69,54.37,1.43,3.37,,,40.43,45.45,1.33,NORMAL,40,0,3
JAYAGROGN.NS,HOLD,237.12,weak_trend,54.2,2.71,233.8,226.05,202.37,13.82,5.83,,,216.39,264.77,1.33,ELEVATED,40,1,2
ACCENTMIC.NS,HOLD,670.35,weak_trend,65.1,29.89,647.63,581.91,439.73,29.57,4.41,,,625.99,729.49,1.33,ELEVATED,40,1,2
APTECHT.NS,HOLD,92.06,weak_trend,52.92,-0.43,89.98,92.09,91.63,3.08,3.35,,,87.44,98.23,1.33,NORMAL,40,2,1
MANBA.NS,HOLD,139.19,weak_trend,77.25,1.38,131.72,132.99,125.47,5.47,3.93,,,130.99,150.13,1.33,NORMAL,40,2,1
MAANALU.NS,HOLD,103.93,downtrend,10.47,-4.27,111.98,116.65,134.74,4.79,4.61,,,96.74,113.51,1.33,ELEVATED,40,1,2
EMKAY.NS,HOLD,270.6,weak_trend,60.87,3.2,254.03,246.25,246.49,12.56,4.64,,,251.76,295.72,1.33,ELEVATED,40,2,1
URJA.NS,HOLD,9.05,weak_trend,44.9,-0.09,9.06,9.27,10.0,0.25,2.82,,,8.67,9.56,1.33,NORMAL,40,0,3
IRIS.NS,HOLD,234.87,downtrend,35.13,-2.98,246.22,246.09,256.38,11.02,4.69,,,218.33,256.92,1.33,ELEVATED,40,0,3
VISAKAIND.NS,HOLD,96.08,weak_trend,60.86,1.26,91.49,89.58,72.12,3.49,3.63,,,90.85,103.06,1.33,NORMAL,40,2,1
MODIS.NS,HOLD,356.35,weak_trend,31.55,-9.59,367.4,383.09,345.97,12.11,3.4,,,338.18,380.58,1.33,NORMAL,40,0,3
MMP.NS,HOLD,464.8,weak_trend,70.25,29.62,435.37,366.81,281.8,31.12,6.69,,,418.13,527.03,1.33,ELEVATED,40,1,2
HINDCOMPOS.NS,HOLD,389.1,weak_trend,48.47,-8.67,387.19,407.2,417.15,15.21,3.91,,,366.29,419.52,1.33,NORMAL,40,1,2
PARSVNATH.NS,HOLD,1.93,weak_trend,100.0,0.06,1.65,1.71,5.68,0.03,1.67,,,1.88,1.99,1.33,LOW,40,0,3
ENIL.NS,HOLD,100.17,downtrend,58.69,-0.38,99.62,101.5,107.25,2.84,2.84,,,95.91,105.85,1.33,NORMAL,40,1,2
PAKKA.NS,HOLD,77.15,downtrend,61.88,-0.1,76.69,76.03,87.0,3.0,3.89,,,72.65,83.16,1.33,NORMAL,40,1,2
GFLLIMITED.NS,HOLD,56.74,weak_trend,43.98,1.05,57.21,52.32,49.53,3.03,5.34,,,52.2,62.8,1.33,ELEVATED,40,0,3
MENONBE.NS,HOLD,301.25,downtrend,46.92,13.29,300.8,260.18,162.14,19.59,6.5,,,271.87,340.43,1.33,ELEVATED,40,1,2
CSLFINANCE.NS,HOLD,216.95,downtrend,32.26,-0.06,224.7,215.63,235.36,8.39,3.87,,,204.36,233.74,1.33,NORMAL,40,0,3
GCSL.NS,HOLD,642.7,weak_trend,79.36,28.41,591.83,544.85,411.97,21.83,3.4,,,609.95,686.36,1.33,NORMAL,40,1,2
CHEVIOT.NS,HOLD,1176.7,weak_trend,56.03,6.69,1168.14,1152.99,1078.41,33.13,2.82,,,1127.01,1242.96,1.33,NORMAL,40,1,2
SCHAND.NS,HOLD,137.86,downtrend,57.13,-1.26,135.48,140.02,150.44,4.72,3.43,,,130.77,147.31,1.33,NORMAL,40,2,1
KILITCH.NS,HOLD,221.62,weak_trend,91.77,7.73,185.62,182.84,170.48,8.1,3.66,,,209.47,237.82,1.33,NORMAL,40,2,1
KRITI.NS,HOLD,63.19,downtrend,58.1,-1.32,61.46,64.98,74.76,3.27,5.18,,,58.28,69.74,1.33,ELEVATED,40,2,1
DBEIL.NS,HOLD,6.8,downtrend,61.62,-0.0,6.8,7.03,8.27,0.52,7.67,,,6.02,7.84,1.33,ELEVATED,40,1,2
INDSWFTLAB.NS,HOLD,405.05,weak_trend,61.4,22.34,376.37,310.52,182.27,23.21,5.73,,,370.23,451.48,1.33,ELEVATED,40,1,2
VERTOZ.NS,HOLD,36.84,downtrend,38.41,-0.12,38.1,36.92,47.36,1.94,5.28,,,33.92,40.73,1.33,ELEVATED,40,0,3
FOODSIN.NS,HOLD,53.41,downtrend,42.63,-0.3,54.59,54.57,58.87,2.66,4.99,,,49.41,58.74,1.33,ELEVATED,40,1,2
SICALLOG.NS,HOLD,94.36,weak_trend,32.94,-2.94,99.17,102.47,84.18,5.11,5.42,,,86.69,104.59,1.33,ELEVATED,40,1,2
MWL.NS,HOLD,44.63,weak_trend,73.03,0.88,39.97,39.5,32.93,3.14,7.04,,,39.92,50.91,1.33,ELEVATED,40,2,1
ASIANHOTNR.NS,HOLD,390.45,weak_trend,53.59,15.66,376.0,332.72,310.97,22.68,5.81,,,356.43,435.81,1.33,ELEVATED,40,1,2
GANESHBE.NS,HOLD,131.08,weak_trend,59.84,2.64,124.82,119.04,95.91,6.63,5.06,,,121.14,144.33,1.33,ELEVATED,40,2,1
IGCL.NS,HOLD,63.55,downtrend,14.78,-1.99,69.77,71.79,68.35,2.95,4.65,,,59.12,69.46,1.33,ELEVATED,40,0,3
BORANA.NS,HOLD,295.5,downtrend,46.2,-5.5,307.61,316.94,329.16,12.41,4.2,,,276.89,320.31,1.33,ELEVATED,40,1,2
TIRUPATI.NS,HOLD,307.0,weak_trend,31.11,-13.8,310.75,349.95,495.97,3.21,1.05,,,302.18,313.43,1.33,LOW,40,1,2
SHALPAINTS.NS,HOLD,79.09,weak_trend,53.23,0.35,81.54,77.8,60.72,4.05,5.12,,,73.02,87.19,1.33,ELEVATED,40,0,3
SBGLP.NS,HOLD,24.31,weak_trend,49.13,-0.29,23.33,24.25,27.64,2.59,10.67,,,20.42,29.5,1.33,ELEVATED,40,1,2
TOLINS.NS,HOLD,91.58,weak_trend,48.55,-2.2,91.06,96.85,108.96,2.61,2.85,,,87.66,96.81,1.33,NORMAL,40,0,3
ONMOBILE.NS,HOLD,52.09,downtrend,63.17,-1.66,49.62,57.48,54.66,1.97,3.78,,,49.14,56.03,1.33,NORMAL,40,1,2
GLOTTIS.NS,HOLD,58.1,downtrend,33.75,-1.88,60.14,64.03,58.77,2.04,3.51,,,55.04,62.18,1.33,NORMAL,40,1,2
IRISDOREME.NS,HOLD,66.26,weak_trend,68.89,2.53,61.11,56.06,40.41,3.51,5.3,,,60.99,73.28,1.33,ELEVATED,40,2,1
NILASPACES.NS,HOLD,11.81,downtrend,40.64,-0.1,12.33,12.31,13.4,0.59,5.02,,,10.92,13.0,1.33,ELEVATED,40,0,3
GIRIRAJ.NS,HOLD,74.45,downtrend,49.47,-1.15,81.52,80.23,144.71,5.39,7.24,,,66.36,85.24,1.33,ELEVATED,40,0,3
SILINV.NS,HOLD,452.8,weak_trend,38.82,-2.21,464.37,445.27,445.17,21.07,4.65,,,421.2,494.94,1.33,ELEVATED,40,1,2
SPECIALITY.NS,HOLD,152.45,uptrend,69.94,2.23,140.37,139.3,115.36,6.16,4.04,,,143.22,164.76,1.33,ELEVATED,40,3,0
GPECO.NS,HOLD,401.7,weak_trend,49.81,-1.65,407.25,408.38,393.74,17.1,4.26,,,376.05,435.9,1.33,ELEVATED,40,0,3
OCCLLTD.NS,HOLD,155.17,weak_trend,36.37,-0.76,158.84,155.56,114.42,6.63,4.27,,,145.23,168.43,1.33,ELEVATED,40,0,3
MOS.NS,HOLD,7.3,weak_trend,39.8,-1.15,7.33,9.72,15.27,0.48,6.6,,,6.58,8.26,1.33,ELEVATED,40,1,2
SUTLEJTEX.NS,HOLD,38.95,weak_trend,51.36,0.01,39.25,38.68,34.67,1.96,5.03,,,36.01,42.87,1.33,ELEVATED,40,0,3
RPPINFRA.NS,HOLD,55.05,downtrend,48.96,-1.05,55.96,58.54,73.38,3.21,5.83,,,50.24,61.47,1.33,ELEVATED,40,0,3
PYRAMID.NS,HOLD,159.33,downtrend,59.15,-1.91,155.8,164.27,160.68,5.03,3.16,,,151.78,169.39,1.33,NORMAL,40,1,2
PRIMO.NS,HOLD,22.92,weak_trend,61.86,-0.03,21.57,22.59,22.35,1.49,6.51,,,20.68,25.91,1.33,ELEVATED,40,2,1
FOCUS.NS,HOLD,60.1,downtrend,28.43,-2.49,62.8,67.47,73.93,2.05,3.41,,,57.02,64.2,1.33,NORMAL,40,1,2
SJLOGISTIC.NS,HOLD,321.9,weak_trend,62.15,-3.16,319.72,321.65,324.43,8.4,2.61,,,309.3,338.7,1.33,NORMAL,40,0,3
TARACHAND.NS,HOLD,45.97,weak_trend,32.01,-0.88,47.44,50.25,60.0,1.52,3.31,,,43.69,49.02,1.33,NORMAL,40,1,2
CONSOFINVT.NS,HOLD,302.5,weak_trend,74.91,7.4,289.83,285.26,228.64,13.07,4.32,,,282.89,328.64,1.33,ELEVATED,40,1,2
KRONOX.NS,HOLD,187.39,downtrend,48.18,2.32,179.22,168.5,141.03,9.55,5.1,,,173.07,206.49,1.33,ELEVATED,40,1,2
RADIANTCMS.NS,HOLD,35.54,downtrend,42.35,-0.06,36.98,35.68,38.76,1.95,5.49,,,32.61,39.44,1.33,ELEVATED,40,0,3
BAHETI.NS,HOLD,761.25,weak_trend,27.07,-7.68,811.16,775.53,645.84,31.27,4.11,,,714.34,823.79,1.33,ELEVATED,40,0,3
HMVL.NS,HOLD,78.57,weak_trend,30.32,-2.83,83.1,89.38,75.47,3.7,4.71,,,73.01,85.98,1.33,ELEVATED,40,1,2
KAYA.NS,HOLD,327.2,weak_trend,47.32,4.21,335.73,309.18,301.72,17.4,5.32,,,301.09,362.01,1.33,ELEVATED,40,0,3
ESSARSHPNG.NS,HOLD,16.38,weak_trend,46.05,-0.58,16.36,18.04,23.51,0.79,4.82,,,15.2,17.96,1.33,ELEVATED,40,1,2
INTLCONV.NS,HOLD,80.99,uptrend,55.56,0.27,77.88,76.23,78.46,2.89,3.57,,,76.65,86.77,1.33,NORMAL,40,3,0
EMAMIPAP.NS,HOLD,115.6,weak_trend,59.31,1.55,114.73,109.93,86.9,5.74,4.97,,,106.98,127.09,1.33,ELEVATED,40,1,2
ZODIAC.NS,HOLD,227.44,weak_trend,33.57,-6.01,232.57,244.13,270.08,8.77,3.86,,,214.28,244.99,1.33,NORMAL,40,0,3
EIFFL.NS,HOLD,261.25,weak_trend,32.47,-6.25,275.61,286.43,261.25,5.73,2.19,,,252.66,272.71,1.33,NORMAL,40,0,3
DIGISPICE.NS,HOLD,16.5,weak_trend,43.72,-0.26,16.73,17.35,19.53,0.83,5.0,,,15.26,18.15,1.33,ELEVATED,40,0,3
SURAJLTD.NS,HOLD,197.01,weak_trend,41.3,-3.74,201.96,212.17,230.09,7.07,3.59,,,186.4,211.16,1.33,NORMAL,40,0,3
MBLINFRA.NS,HOLD,21.72,downtrend,34.89,-0.64,22.92,24.02,26.25,1.3,6.0,,,19.77,24.32,1.33,ELEVATED,40,1,2
COMSYN.NS,HOLD,299.3,downtrend,47.38,10.08,297.41,259.33,184.01,14.46,4.83,,,277.61,328.22,1.33,ELEVATED,40,2,1
PRECOT.NS,HOLD,646.9,weak_trend,31.72,-19.24,677.79,738.39,595.03,29.5,4.56,,,602.65,705.9,1.33,ELEVATED,40,1,2
VINSYS.NS,HOLD,587.65,weak_trend,36.13,3.72,593.28,569.07,407.93,10.21,1.74,,,572.33,608.07,1.33,LOW,40,1,2
TPLPLASTEH.NS,HOLD,67.15,weak_trend,32.58,-2.44,67.94,73.51,67.6,2.31,3.44,,,63.69,71.77,1.33,NORMAL,40,0,3
ALLETEC.NS,HOLD,129.1,downtrend,53.78,-0.88,127.15,130.09,159.14,7.42,5.75,,,117.97,143.94,1.33,ELEVATED,40,1,2
RBZJEWEL.NS,HOLD,178.05,downtrend,41.01,5.91,171.84,155.63,139.94,10.89,6.12,,,161.72,199.83,1.33,ELEVATED,40,1,2
HILINFRA.NS,HOLD,43.56,weak_trend,43.02,-0.47,43.66,44.65,50.05,1.92,4.4,,,40.68,47.4,1.33,ELEVATED,40,0,3
RAMAPHO.NS,HOLD,123.21,weak_trend,48.18,-0.91,122.27,123.57,133.9,3.6,2.92,,,117.81,130.41,1.33,NORMAL,40,1,2
ORIENTPPR.NS,HOLD,16.9,downtrend,47.73,-0.09,17.32,17.45,18.57,0.73,4.32,,,15.8,18.36,1.33,ELEVATED,40,0,3
GVKPIL.NS,HOLD,2.53,weak_trend,97.96,0.05,2.22,2.32,2.78,0.04,1.72,,,2.46,2.62,1.33,LOW,40,0,3
LIBERTSHOE.NS,HOLD,235.48,downtrend,51.06,-6.33,230.0,245.19,252.43,8.63,3.67,,,222.53,252.75,1.33,NORMAL,40,2,1
KNAGRI.NS,HOLD,211.63,weak_trend,51.38,-2.25,203.83,207.2,195.07,11.01,5.2,,,195.11,233.65,1.33,ELEVATED,40,2,1
ANNAPURNA.NS,HOLD,130.68,downtrend,25.9,-3.55,139.14,140.93,162.73,5.44,4.16,,,122.52,141.56,1.33,ELEVATED,40,0,3
BELLACASA.NS,HOLD,284.12,weak_trend,77.4,9.43,252.48,243.27,277.86,12.86,4.53,,,264.83,309.84,1.33,ELEVATED,40,2,1
BMWVENTLTD.NS,HOLD,51.2,downtrend,33.42,-1.59,53.86,56.22,57.76,2.24,4.37,,,47.84,55.68,1.33,ELEVATED,40,1,2
PARIN.NS,HOLD,701.2,weak_trend,45.76,-3.32,708.33,712.18,667.55,31.26,4.46,,,654.31,763.72,1.33,ELEVATED,40,1,2
KAPSTON.NS,HOLD,585.9,weak_trend,54.25,15.88,568.9,527.65,383.3,21.8,3.72,,,553.2,629.5,1.33,NORMAL,40,1,2
ADVANIHOTR.NS,HOLD,47.57,downtrend,34.31,-0.73,48.76,50.06,52.59,1.39,2.91,,,45.49,50.34,1.33,NORMAL,40,0,3
DBOL.NS,HOLD,115.63,weak_trend,26.44,-1.53,121.12,116.29,104.46,4.68,4.04,,,108.62,124.98,1.33,ELEVATED,40,0,3
TRACXN.NS,HOLD,32.95,weak_trend,68.56,0.66,30.59,30.08,32.89,1.36,4.12,,,30.91,35.67,1.33,ELEVATED,40,2,1
MUNJALSHOW.NS,HOLD,133.44,uptrend,63.01,-0.56,128.64,131.75,125.17,3.79,2.84,,,127.75,141.02,1.33,NORMAL,40,3,0
SREEL.NS,HOLD,293.89,weak_trend,58.28,12.16,288.36,252.67,213.65,22.51,7.66,,,260.13,338.9,1.33,ELEVATED,40,1,2
ORBTEXP.NS,HOLD,228.36,weak_trend,31.85,-2.57,234.9,237.29,194.77,10.02,4.39,,,213.33,248.4,1.33,ELEVATED,40,1,2
MAZDA.NS,HOLD,254.85,weak_trend,48.58,4.54,256.75,237.78,215.14,14.82,5.81,,,232.62,284.48,1.33,ELEVATED,40,1,2
GUJAPOLLO.NS,HOLD,336.95,weak_trend,45.57,-2.94,341.0,347.07,384.5,14.72,4.37,,,314.86,366.4,1.33,ELEVATED,40,0,3
TRANSWORLD.NS,HOLD,166.7,weak_trend,50.76,-0.71,169.22,165.75,164.05,2.75,1.65,,,162.57,172.21,1.33,LOW,40,1,2
PTL.NS,HOLD,38.18,weak_trend,49.21,-0.18,38.35,38.87,38.3,0.63,1.65,,,37.23,39.44,1.33,LOW,40,0,3
DPEL.NS,HOLD,640.15,weak_trend,75.89,19.83,609.73,583.64,440.12,16.55,2.59,,,615.32,673.26,1.33,NORMAL,40,1,2
EFFWA.NS,HOLD,365.7,weak_trend,57.09,3.12,352.12,358.97,276.65,16.54,4.52,,,340.9,398.77,1.33,ELEVATED,40,2,1
MEGATHERM.NS,HOLD,263.05,weak_trend,71.75,13.17,237.43,220.42,221.85,16.54,6.29,,,238.25,296.12,1.33,ELEVATED,40,1,2
AVONMORE.NS,HOLD,13.48,weak_trend,53.33,0.15,13.45,12.19,13.08,0.79,5.88,,,12.29,15.06,1.33,ELEVATED,40,2,1
WSI.NS,HOLD,58.13,downtrend,42.47,-0.84,59.58,60.28,70.56,3.3,5.68,,,53.17,64.74,1.33,ELEVATED,40,0,3
SUPREMEPWR.NS,HOLD,205.35,weak_trend,43.28,-3.18,218.24,213.43,204.76,10.43,5.08,,,189.7,226.21,1.33,ELEVATED,40,0,3
SUKHJITS.NS,HOLD,162.58,downtrend,65.07,0.23,160.26,160.68,170.16,4.58,2.82,,,155.71,171.75,1.33,NORMAL,40,1,2
MGEL.NS,HOLD,15.49,uptrend,65.18,0.17,15.22,15.3,13.93,1.02,6.58,,,13.96,17.53,1.33,ELEVATED,40,3,0
CGRAPHICS.NS,HOLD,135.15,downtrend,30.24,-2.39,143.84,141.45,155.78,5.17,3.82,,,127.4,145.49,1.33,NORMAL,40,1,2
DONEAR.NS,HOLD,83.13,downtrend,35.26,-0.83,84.75,84.98,88.78,2.72,3.27,,,79.05,88.57,1.33,NORMAL,40,0,3
TERASOFT.NS,HOLD,230.8,downtrend,23.16,-28.11,263.3,330.34,370.47,15.92,6.9,,,206.93,262.63,1.33,ELEVATED,40,2,1
MODISONLTD.NS,HOLD,472.8,downtrend,38.32,24.75,469.44,375.17,231.19,29.7,6.28,,,428.24,532.21,1.33,ELEVATED,40,1,2
VINYLINDIA.NS,HOLD,221.54,weak_trend,45.93,-5.25,224.91,235.59,232.76,7.69,3.47,,,210.0,236.92,1.33,NORMAL,40,0,3
DICIND.NS,HOLD,665.65,weak_trend,77.1,22.07,609.99,564.64,526.05,27.6,4.15,,,624.26,720.84,1.33,ELEVATED,40,1,2
CPEDU.NS,HOLD,179.52,downtrend,42.55,-5.31,183.63,193.81,203.19,7.85,4.37,,,167.75,195.21,1.33,ELEVATED,40,0,3
EUROBOND.NS,HOLD,152.22,downtrend,54.38,-1.71,150.78,156.84,168.44,6.98,4.58,,,141.75,166.18,1.33,ELEVATED,40,2,1
MIRZAINT.NS,HOLD,29.35,downtrend,31.28,-0.87,30.45,32.44,33.53,1.08,3.67,,,27.74,31.5,1.33,NORMAL,40,1,2
ATMASTCO.NS,HOLD,121.6,downtrend,24.34,-6.02,133.76,144.1,150.78,5.82,4.78,,,112.87,133.24,1.33,ELEVATED,40,1,2
CLEDUCATE.NS,HOLD,56.31,downtrend,37.77,-1.11,59.44,59.09,58.15,3.18,5.65,,,51.54,62.67,1.33,ELEVATED,40,0,3
PAVNAIND.NS,HOLD,15.5,weak_trend,35.46,-0.66,16.18,17.22,19.18,1.34,8.64,,,13.49,18.18,1.33,ELEVATED,40,0,3
SOFTTECH.NS,HOLD,491.85,weak_trend,74.68,22.25,451.82,431.93,366.03,24.99,5.08,,,454.36,541.84,1.33,ELEVATED,40,1,2
NAHARINDUS.NS,HOLD,131.86,weak_trend,36.4,0.97,133.84,126.33,111.74,5.5,4.17,,,123.6,142.87,1.33,ELEVATED,40,0,3
CYBERTECH.NS,HOLD,137.33,weak_trend,74.87,1.57,134.34,134.26,130.3,4.34,3.16,,,130.82,146.01,1.33,NORMAL,40,1,2
MEDICAMEQ.NS,HOLD,319.95,weak_trend,72.55,21.33,295.86,260.97,286.87,24.29,7.59,,,283.52,368.52,1.33,ELEVATED,40,1,2
PANACHE.NS,HOLD,519.75,weak_trend,46.95,5.51,522.11,490.08,378.36,11.0,2.12,,,503.26,541.74,1.33,NORMAL,40,0,3
HCL-INSYS.NS,HOLD,10.93,weak_trend,78.42,-0.12,10.34,10.99,12.17,0.34,3.08,,,10.43,11.6,1.33,NORMAL,40,0,3
ABSMARINE.NS,HOLD,302.25,weak_trend,54.37,11.0,302.77,257.99,219.73,23.11,7.65,,,267.58,348.47,1.33,ELEVATED,40,0,3
KOTHARIPRO.NS,HOLD,69.64,uptrend,58.79,-0.75,66.18,67.38,69.2,3.09,4.43,,,65.01,75.81,1.33,ELEVATED,40,3,0
HTMEDIA.NS,HOLD,24.86,weak_trend,41.28,-0.56,25.27,25.86,23.24,1.37,5.52,,,22.8,27.6,1.33,ELEVATED,40,0,3
VRAJ.NS,HOLD,127.9,weak_trend,62.17,0.84,124.75,125.81,124.13,4.13,3.23,,,121.71,136.15,1.33,NORMAL,40,2,1
UGARSUGAR.NS,HOLD,57.22,downtrend,47.04,1.64,54.11,49.03,42.17,3.55,6.2,,,51.9,64.31,1.33,ELEVATED,40,1,2
XTGLOBAL.NS,HOLD,29.93,downtrend,32.68,-0.17,30.32,30.27,30.96,1.65,5.52,,,27.45,33.23,1.33,ELEVATED,40,0,3
SINCLAIR.NS,HOLD,82.04,weak_trend,50.43,1.27,81.06,76.99,77.13,3.14,3.83,,,77.33,88.32,1.33,NORMAL,40,1,2
DAVANGERE.NS,HOLD,2.2,downtrend,56.56,-0.16,2.07,2.71,3.63,0.14,6.59,,,1.98,2.49,1.33,ELEVATED,40,1,2
HIGREEN.NS,HOLD,107.75,downtrend,22.72,-5.57,120.58,129.72,135.4,4.67,4.34,,,100.74,117.1,1.33,ELEVATED,40,1,2
MOLDTECH.NS,HOLD,199.88,weak_trend,45.41,4.38,200.53,177.59,142.99,11.25,5.63,,,183.01,222.38,1.33,ELEVATED,40,0,3
PREMIERPOL.NS,HOLD,96.72,weak_trend,56.01,0.74,88.1,81.79,60.79,5.38,5.56,,,88.65,107.48,1.33,ELEVATED,40,2,1
ARIES.NS,HOLD,466.95,weak_trend,35.56,13.48,478.0,413.18,356.81,25.13,5.38,,,429.26,517.21,1.33,ELEVATED,40,0,3
NDL.NS,HOLD,2.76,weak_trend,44.93,0.04,2.86,2.59,2.66,0.15,5.31,,,2.54,3.05,1.33,ELEVATED,40,0,3
SIGMA.NS,HOLD,46.04,weak_trend,45.31,0.22,46.05,44.89,44.6,1.86,4.05,,,43.25,49.77,1.33,ELEVATED,40,0,3
SAHAJSOLAR.NS,HOLD,89.85,downtrend,22.34,-4.59,96.09,106.83,132.77,3.69,4.11,,,84.31,97.24,1.33,ELEVATED,40,2,1
NAHARCAP.NS,HOLD,252.3,weak_trend,43.93,-1.09,255.13,254.33,246.13,8.53,3.38,,,239.5,269.37,1.33,NORMAL,40,0,3
SPENCERS.NS,HOLD,29.44,downtrend,59.2,-0.69,28.76,30.99,34.47,1.23,4.18,,,27.59,31.9,1.33,ELEVATED,40,1,2
POLYSIL.NS,HOLD,56.8,downtrend,42.91,-3.82,67.36,81.82,163.7,4.07,7.17,,,50.69,64.94,1.33,ELEVATED,40,0,3
ORIENTCER.NS,HOLD,47.7,weak_trend,70.72,1.12,45.37,43.27,41.43,2.21,4.63,,,44.39,52.12,1.33,ELEVATED,40,1,2
PLASTIBLEN.NS,HOLD,187.5,weak_trend,48.72,-0.79,188.05,189.85,165.32,6.88,3.67,,,177.18,201.26,1.33,NORMAL,40,0,3
BIRLACABLE.NS,HOLD,361.9,weak_trend,50.81,28.35,359.99,286.76,187.36,25.6,7.07,,,323.51,413.09,1.33,ELEVATED,40,1,2
LORDSCHLO.NS,HOLD,137.38,weak_trend,43.67,-0.7,137.86,140.16,141.53,5.83,4.25,,,128.63,149.05,1.33,ELEVATED,40,0,3
AMANTA.NS,HOLD,189.21,weak_trend,53.11,2.86,192.23,178.51,135.53,4.41,2.33,,,182.6,198.03,1.33,NORMAL,40,0,3
GSLSU.NS,HOLD,32.43,weak_trend,75.95,-0.04,28.05,28.82,60.27,1.67,5.16,,,29.92,35.78,1.33,ELEVATED,40,0,3
THOMASCOTT.NS,HOLD,235.15,downtrend,14.46,-15.16,250.86,283.86,294.17,10.73,4.56,,,219.05,256.61,1.33,ELEVATED,40,1,2
KANPRPLA.NS,HOLD,257.05,weak_trend,50.25,4.3,257.07,239.16,201.27,16.92,6.58,,,231.66,290.9,1.33,ELEVATED,40,0,3
NRL.NS,HOLD,166.26,weak_trend,88.74,10.33,133.78,120.51,75.33,7.49,4.5,,,155.03,181.23,1.33,ELEVATED,40,1,2
MCLEODRUSS.NS,HOLD,47.2,downtrend,52.04,-1.16,45.58,48.6,50.18,2.0,4.23,,,44.2,51.2,1.33,ELEVATED,40,1,2
MUTHOOTCAP.NS,HOLD,227.71,weak_trend,35.53,-3.32,236.03,238.17,227.06,9.79,4.3,,,213.02,247.3,1.33,ELEVATED,40,0,3
PANSARI.NS,HOLD,277.0,downtrend,33.06,-10.0,291.82,316.54,300.89,15.45,5.58,,,253.82,307.91,1.33,ELEVATED,40,0,3
MONEYBOXX.NS,HOLD,54.96,weak_trend,47.54,-0.87,52.33,56.09,63.33,5.03,9.16,,,47.41,65.03,1.33,ELEVATED,40,0,3
SOUTHWEST.NS,HOLD,194.64,downtrend,42.0,-7.3,207.69,220.05,216.25,11.13,5.72,,,177.94,216.91,1.33,ELEVATED,40,0,3
ALBERTDAVD.NS,HOLD,878.55,weak_trend,53.18,10.91,860.52,798.16,729.91,22.79,2.59,,,844.37,924.13,1.33,NORMAL,40,1,2
SRD.NS,HOLD,40.88,downtrend,64.53,0.24,39.54,39.03,46.91,1.41,3.45,,,38.77,43.7,1.33,NORMAL,40,2,1
SRGHFL.NS,HOLD,158.1,downtrend,23.06,-35.19,198.05,250.71,270.56,16.9,10.69,,,132.74,191.91,1.33,ELEVATED,40,0,3
RAMANEWS.NS,HOLD,31.81,weak_trend,53.17,0.02,31.8,31.25,31.24,1.71,5.38,,,29.24,35.23,1.33,ELEVATED,40,1,2
KRITINUT.NS,HOLD,80.21,weak_trend,36.8,-0.97,82.92,82.13,78.26,2.83,3.52,,,75.97,85.86,1.33,NORMAL,40,0,3
CHEMBONDCH.NS,HOLD,259.5,weak_trend,48.75,1.98,262.92,255.93,187.28,15.44,5.95,,,236.34,290.38,1.33,ELEVATED,40,0,3
TIRUPATIFL.NS,HOLD,78.34,weak_trend,72.13,1.15,69.44,70.04,49.1,3.29,4.2,,,73.4,84.93,1.33,ELEVATED,40,2,1
PCCL.NS,HOLD,453.05,weak_trend,71.42,30.28,425.23,346.65,268.28,20.59,4.54,,,422.17,494.22,1.33,ELEVATED,40,1,2
RBMINFRA.NS,HOLD,270.9,downtrend,57.19,6.44,266.16,262.9,334.88,23.71,8.75,,,235.33,318.32,1.33,ELEVATED,40,1,2
VALIANTLAB.NS,HOLD,121.24,weak_trend,68.81,10.03,113.96,89.62,71.88,7.35,6.06,,,110.22,135.94,1.33,ELEVATED,40,1,2
EMAMIREAL.NS,HOLD,69.58,downtrend,53.61,-1.38,68.28,72.96,76.72,3.09,4.44,,,64.95,75.75,1.33,ELEVATED,40,2,1
MANAKSIA.NS,HOLD,66.8,weak_trend,65.77,1.87,63.34,59.8,59.62,4.07,6.09,,,60.7,74.93,1.33,ELEVATED,40,1,2
NOVAAGRI.NS,HOLD,23.11,weak_trend,42.81,-0.33,23.35,23.61,28.5,0.84,3.66,,,21.84,24.8,1.33,NORMAL,40,0,3
SWARAJ.NS,HOLD,307.15,weak_trend,30.47,-17.85,334.04,352.69,293.12,14.19,4.62,,,285.87,335.53,1.33,ELEVATED,40,0,3
MANORG.NS,HOLD,458.15,downtrend,40.14,-8.48,478.96,488.16,480.83,21.4,4.67,,,426.06,500.94,1.33,ELEVATED,40,0,3
REMSONSIND.NS,HOLD,99.87,uptrend,59.35,2.74,95.22,87.99,98.63,5.29,5.29,,,91.94,110.44,1.33,ELEVATED,40,3,0
TIGERLOGS.NS,HOLD,26.87,downtrend,30.38,-0.69,27.68,28.47,32.12,1.28,4.77,,,24.95,29.43,1.33,ELEVATED,40,1,2
GLOBECIVIL.NS,HOLD,44.18,downtrend,37.8,-0.17,44.98,42.93,46.96,2.48,5.6,,,40.47,49.13,1.33,ELEVATED,40,0,3
KHADIM.NS,HOLD,122.94,weak_trend,61.08,5.71,119.56,105.54,120.74,2.95,2.4,,,118.52,128.83,1.33,NORMAL,40,1,2
PASUPTAC.NS,HOLD,79.82,weak_trend,80.72,3.31,67.91,63.32,55.88,3.44,4.32,,,74.65,86.71,1.33,ELEVATED,40,2,1
ASHIMASYN.NS,HOLD,15.81,downtrend,18.35,-0.49,17.12,17.4,16.37,0.76,4.83,,,14.67,17.34,1.33,ELEVATED,40,0,3
BANSWRAS.NS,HOLD,111.28,weak_trend,32.08,-2.4,113.94,119.84,116.9,4.2,3.77,,,104.99,119.67,1.33,NORMAL,40,1,2
FILATFASH.NS,HOLD,0.18,weak_trend,50.0,-0.0,0.18,0.18,0.23,0.01,6.35,,,0.16,0.2,1.33,ELEVATED,40,0,3
S&SPOWER.NS,HOLD,318.05,downtrend,47.94,-1.14,332.0,324.95,331.31,20.15,6.34,,,287.82,358.35,1.33,ELEVATED,40,0,3
HPAL.NS,HOLD,35.65,weak_trend,53.79,0.23,35.37,34.61,36.35,1.77,4.96,,,33.0,39.18,1.33,ELEVATED,40,0,3
RUBFILA.NS,HOLD,66.04,downtrend,54.64,-0.52,65.69,67.66,68.68,3.06,4.64,,,61.44,72.17,1.33,ELEVATED,40,1,2
GENUSPAPER.NS,HOLD,11.34,downtrend,42.29,-0.18,11.99,11.93,12.33,0.76,6.7,,,10.2,12.86,1.33,ELEVATED,40,0,3
DENORA.NS,HOLD,795.65,weak_trend,43.23,-11.59,805.7,838.42,750.37,29.0,3.64,,,752.15,853.65,1.33,NORMAL,40,1,2
ORIENTBELL.NS,HOLD,391.5,weak_trend,35.76,8.22,398.21,359.48,312.63,15.35,3.92,,,368.47,422.2,1.33,NORMAL,40,0,3
RHL.NS,HOLD,173.1,downtrend,50.61,1.41,170.34,170.39,181.69,7.09,4.1,,,162.47,187.28,1.33,ELEVATED,40,1,2
TICL.NS,HOLD,5.83,downtrend,12.62,-1.06,7.36,8.79,18.9,0.4,6.82,,,5.23,6.63,1.33,ELEVATED,40,1,2
SPCENET.NS,HOLD,3.39,downtrend,61.6,-0.05,3.31,3.45,4.36,0.18,5.23,,,3.12,3.74,1.33,ELEVATED,40,1,2
JKIPL.NS,HOLD,100.25,weak_trend,38.2,-0.57,100.44,99.13,87.38,4.45,4.44,,,93.57,109.16,1.33,ELEVATED,40,0,3
BEDMUTHA.NS,HOLD,104.89,downtrend,43.64,-1.62,106.24,108.82,113.47,5.0,4.77,,,97.38,114.9,1.33,ELEVATED,40,1,2
INFOLLION.NS,HOLD,152.15,downtrend,40.64,-1.75,156.15,159.2,253.37,5.25,3.45,,,144.27,162.66,1.33,NORMAL,40,0,3
WELINV.NS,HOLD,2457.0,weak_trend,78.83,98.92,2288.82,2049.34,1614.31,55.97,2.28,,,2373.04,2568.94,1.33,NORMAL,40,1,2
NILAINFRA.NS,HOLD,6.82,downtrend,56.98,-0.11,6.69,7.03,7.93,0.31,4.49,,,6.36,7.43,1.33,ELEVATED,40,1,2
UNIDT.NS,HOLD,235.24,uptrend,58.51,0.13,223.67,224.77,206.56,14.1,5.99,,,214.09,263.44,1.33,ELEVATED,40,3,0
VISHNUINFR.NS,HOLD,150.5,downtrend,38.9,-1.21,154.74,155.68,162.03,4.88,3.25,,,143.17,160.27,1.33,NORMAL,40,0,3
AVPINFRA.NS,HOLD,57.4,downtrend,47.6,-1.28,58.36,61.26,86.04,2.14,3.72,,,54.2,61.67,1.33,NORMAL,40,1,2
DEVX.NS,HOLD,35.0,downtrend,64.03,0.07,33.79,34.02,37.7,1.62,4.62,,,32.57,38.24,1.33,ELEVATED,40,1,2
AARON.NS,HOLD,122.6,downtrend,41.86,-2.94,127.18,130.59,140.37,7.67,6.26,,,111.09,137.95,1.33,ELEVATED,40,0,3
GICL.NS,HOLD,23.33,downtrend,40.46,0.46,24.09,21.4,34.58,1.37,5.88,,,21.27,26.07,1.33,ELEVATED,40,1,2
GOKUL.NS,HOLD,40.42,weak_trend,44.35,-0.28,41.59,40.63,39.83,1.78,4.41,,,37.75,43.98,1.33,ELEVATED,40,0,3
GOACARBON.NS,HOLD,402.35,weak_trend,56.31,5.02,389.06,377.94,377.12,25.37,6.31,,,364.29,453.09,1.33,ELEVATED,40,1,2
RUCHIRA.NS,HOLD,105.77,downtrend,62.52,0.75,104.23,104.02,109.43,3.69,3.49,,,100.23,113.15,1.33,NORMAL,40,1,2
SHIVAUM.NS,HOLD,513.2,weak_trend,89.49,15.64,462.87,441.18,355.62,18.33,3.57,,,485.71,549.85,1.33,NORMAL,40,1,2
PHANTOMFX.NS,HOLD,91.65,downtrend,23.19,-12.45,108.79,137.95,186.65,6.99,7.62,,,81.17,105.62,1.33,ELEVATED,40,0,3
MANAKSTEEL.NS,HOLD,106.62,downtrend,46.86,5.37,105.5,89.57,70.55,5.88,5.51,,,97.81,118.37,1.33,ELEVATED,40,1,2
AARTISURF.NS,HOLD,530.95,weak_trend,51.77,0.61,525.53,505.11,419.06,25.29,4.76,,,493.01,581.53,1.33,ELEVATED,40,1,2
SAKUMA.NS,HOLD,1.67,downtrend,59.46,-0.02,1.61,1.62,1.83,0.07,4.11,,,1.57,1.81,1.33,ELEVATED,40,2,1
ASMS.NS,HOLD,6.47,downtrend,10.98,-0.13,6.89,7.02,8.71,0.22,3.37,,,6.14,6.91,1.33,NORMAL,40,1,2
VIKASLIFE.NS,HOLD,1.28,weak_trend,45.45,-0.01,1.26,1.26,1.48,0.03,2.68,,,1.23,1.35,1.33,NORMAL,40,0,3
BBTCL.NS,HOLD,231.3,weak_trend,58.14,0.91,229.16,226.66,201.75,9.3,4.02,,,217.35,249.9,1.33,ELEVATED,40,2,1
MAHEPC.NS,HOLD,100.45,downtrend,37.72,-1.8,102.31,105.73,115.67,2.76,2.75,,,96.31,105.97,1.33,NORMAL,40,0,3
GOLDKART.NS,HOLD,107.1,weak_trend,100.0,1.65,101.58,105.46,187.29,0.51,0.47,,,106.34,108.11,1.33,LOW,40,0,3
DYNPRO.NS,HOLD,234.58,weak_trend,46.81,-1.29,231.01,237.28,234.19,7.22,3.08,,,223.76,249.01,1.33,NORMAL,40,1,2
IL&FSENGG.NS,HOLD,42.0,weak_trend,78.87,1.84,37.8,35.3,28.78,1.92,4.58,,,39.11,45.85,1.33,ELEVATED,40,1,2
INFINIUM.NS,HOLD,266.9,weak_trend,53.47,8.59,267.76,237.21,219.27,12.62,4.73,,,247.96,292.15,1.33,ELEVATED,40,0,3
FCSSOFT.NS,HOLD,1.36,downtrend,27.78,-0.02,1.43,1.47,1.6,0.03,2.31,,,1.31,1.42,1.33,NORMAL,40,1,2
ZIMLAB.NS,HOLD,133.56,downtrend,49.47,4.11,130.86,122.0,94.36,7.97,5.96,,,121.61,149.49,1.33,ELEVATED,40,1,2
APCL.NS,HOLD,95.93,downtrend,37.8,-1.84,98.86,101.44,115.45,3.97,4.14,,,89.97,103.87,1.33,ELEVATED,40,0,3
SUMIT.NS,HOLD,49.91,downtrend,41.67,-0.45,50.25,51.73,50.14,2.97,5.94,,,45.46,55.84,1.33,ELEVATED,40,0,3
SHREEKARNI.NS,HOLD,387.9,weak_trend,47.33,-2.29,380.52,384.68,422.18,14.19,3.66,,,366.62,416.28,1.33,NORMAL,40,0,3
ROSSELLIND.NS,HOLD,52.03,downtrend,22.88,-1.29,55.91,56.98,52.09,2.11,4.05,,,48.87,56.25,1.33,ELEVATED,40,0,3
BCONCEPTS.NS,HOLD,153.06,downtrend,35.83,-4.93,159.58,170.81,230.3,8.55,5.58,,,140.24,170.15,1.33,ELEVATED,40,0,3
VARDMNPOLY.NS,HOLD,5.91,weak_trend,47.76,-0.09,5.9,6.06,6.65,0.22,3.75,,,5.58,6.35,1.33,NORMAL,40,0,3
INM.NS,HOLD,143.0,downtrend,40.8,-3.19,154.5,164.33,183.81,6.32,4.42,,,133.52,155.64,1.33,ELEVATED,40,1,2
SYSTANGO.NS,HOLD,221.1,downtrend,37.76,0.81,224.58,219.83,250.41,8.46,3.83,,,208.4,238.03,1.33,NORMAL,40,0,3
OILCOUNTUB.NS,HOLD,69.5,weak_trend,55.67,1.89,64.03,60.31,55.47,1.31,1.88,,,67.54,72.11,1.33,LOW,40,2,1
VGL.NS,HOLD,70.63,weak_trend,78.82,2.68,61.18,60.69,64.15,4.74,6.71,,,63.52,80.11,1.33,ELEVATED,40,2,1
3IINFOLTD.NS,HOLD,25.74,weak_trend,83.76,0.69,23.61,23.41,17.94,0.91,3.55,,,24.37,27.57,1.33,NORMAL,40,1,2
IITL.NS,HOLD,140.39,downtrend,34.08,-0.99,148.63,144.19,145.62,8.83,6.29,,,127.14,158.06,1.33,ELEVATED,40,0,3
DCI.NS,HOLD,268.6,downtrend,18.63,-21.11,313.8,323.92,283.03,19.77,7.36,,,238.95,308.14,1.33,ELEVATED,40,0,3
INSPIRISYS.NS,HOLD,91.69,downtrend,53.25,-1.83,87.86,93.35,93.46,4.67,5.1,,,84.68,101.04,1.33,ELEVATED,40,1,2
WTICAB.NS,HOLD,98.0,downtrend,27.83,-2.57,103.6,110.51,112.46,4.11,4.19,,,91.84,106.21,1.33,ELEVATED,40,0,3
SHIVAMAUTO.NS,HOLD,18.21,downtrend,52.41,0.21,17.33,17.21,19.12,1.2,6.57,,,16.42,20.6,1.33,ELEVATED,40,1,2
GINNIFILA.NS,HOLD,42.95,weak_trend,45.04,-0.86,42.74,44.9,42.26,1.61,3.75,,,40.53,46.17,1.33,NORMAL,40,1,2
PROV.NS,HOLD,1940.0,uptrend,54.15,20.65,1834.65,1784.6,1447.97,82.4,4.25,,,1816.39,2104.81,1.33,ELEVATED,40,3,0
MEDICO.NS,HOLD,32.65,downtrend,27.49,-2.39,37.94,41.33,43.69,2.26,6.91,,,29.27,37.16,1.33,ELEVATED,40,1,2
BALAJEE.NS,HOLD,25.68,weak_trend,42.02,-0.46,25.65,26.69,30.75,1.05,4.08,,,24.11,27.78,1.33,ELEVATED,40,0,3
RCOM.NS,HOLD,0.93,weak_trend,64.58,0.03,0.89,0.85,0.95,0.04,4.53,,,0.87,1.01,1.33,ELEVATED,40,0,3
BROOKS.NS,HOLD,61.0,downtrend,42.31,-0.9,63.94,63.08,66.31,4.1,6.73,,,54.84,69.21,1.33,ELEVATED,40,1,2
NDGL.NS,HOLD,2579.0,downtrend,22.71,-43.06,2716.5,2743.27,2664.33,100.24,3.89,,,2428.64,2779.49,1.33,NORMAL,40,0,3
LOKESHMACH.NS,HOLD,359.25,downtrend,49.49,3.31,344.35,338.8,251.17,18.03,5.02,,,332.21,395.3,1.33,ELEVATED,40,2,1
NECLIFE.NS,HOLD,11.06,downtrend,22.39,-0.12,11.76,11.12,12.91,0.45,4.09,,,10.38,11.97,1.33,ELEVATED,40,0,3
EXXARO.NS,HOLD,6.27,downtrend,13.56,-0.04,6.48,6.33,6.9,0.23,3.65,,,5.93,6.73,1.33,NORMAL,40,0,3
BPL.NS,HOLD,45.09,downtrend,12.98,-1.65,47.87,50.72,54.14,1.71,3.8,,,42.52,48.52,1.33,NORMAL,40,0,3
TRF.NS,HOLD,216.31,downtrend,33.77,-4.11,223.3,228.96,251.28,8.42,3.89,,,203.69,233.14,1.33,NORMAL,40,0,3
HALEOSLABS.NS,HOLD,1510.7,weak_trend,57.31,3.19,1480.45,1497.24,1399.75,54.93,3.64,,,1428.31,1620.56,1.33,NORMAL,40,2,1
HARRMALAYA.NS,HOLD,178.03,downtrend,21.48,-6.68,186.7,201.89,191.44,5.68,3.19,,,169.51,189.39,1.33,NORMAL,40,1,2
MANCREDIT.NS,HOLD,225.17,weak_trend,42.8,-1.97,225.1,228.28,192.58,7.26,3.22,,,214.28,239.69,1.33,NORMAL,40,1,2
ASAHISONG.NS,HOLD,382.9,weak_trend,55.92,5.21,370.65,355.14,268.04,16.35,4.27,,,358.37,415.61,1.33,ELEVATED,40,1,2
GLOBAL.NS,HOLD,134.45,weak_trend,80.61,6.34,122.55,111.34,100.6,6.18,4.6,,,125.17,146.82,1.33,ELEVATED,40,2,1
URAVIDEF.NS,HOLD,104.15,downtrend,6.44,-1.57,112.24,111.55,139.0,2.57,2.47,,,100.29,109.29,1.33,NORMAL,40,0,3
RACE.NS,HOLD,122.91,weak_trend,80.45,1.74,101.1,104.28,115.95,7.34,5.97,,,111.9,137.59,1.33,ELEVATED,40,2,1
EFACTOR.NS,HOLD,151.05,downtrend,18.93,-7.26,171.7,176.46,220.56,8.74,5.79,,,137.94,168.53,1.33,ELEVATED,40,1,2
KANORICHEM.NS,HOLD,182.24,weak_trend,70.46,7.77,168.28,158.29,103.25,9.83,5.4,,,167.49,201.91,1.33,ELEVATED,40,2,1
MARKOLINES.NS,HOLD,169.9,weak_trend,46.1,-1.11,171.68,173.63,162.04,5.79,3.41,,,161.21,181.49,1.33,NORMAL,40,0,3
ALANKIT.NS,HOLD,8.04,downtrend,50.82,-0.06,7.94,7.99,8.78,0.38,4.67,,,7.48,8.79,1.33,ELEVATED,40,1,2
GEEKAYWIRE.NS,HOLD,33.25,weak_trend,62.85,2.19,29.22,25.36,25.85,2.38,7.15,,,29.68,38.0,1.33,ELEVATED,40,2,1
SKP.NS,HOLD,163.9,weak_trend,65.22,1.68,158.44,158.58,160.56,8.36,5.1,,,151.35,180.63,1.33,ELEVATED,40,2,1
CMNL.NS,HOLD,113.45,weak_trend,39.07,1.16,116.06,108.17,110.95,4.48,3.95,,,106.73,122.41,1.33,NORMAL,40,1,2
VLEGOV.NS,HOLD,10.42,weak_trend,50.0,-0.08,10.44,10.52,13.74,0.6,5.75,,,9.52,11.62,1.33,ELEVATED,40,1,2
DPWIRES.NS,HOLD,161.94,downtrend,59.02,-2.64,152.66,160.58,172.42,5.07,3.13,,,154.34,172.07,1.33,NORMAL,40,2,1
MASON.NS,HOLD,111.0,downtrend,40.9,-2.28,114.73,118.42,145.49,4.56,4.11,,,104.16,120.11,1.33,ELEVATED,40,0,3
VIKASECO.NS,HOLD,1.04,downtrend,14.29,-0.02,1.07,1.09,1.33,0.02,2.2,,,1.01,1.09,1.33,NORMAL,40,1,2
BHAGYANGR.NS,HOLD,444.65,weak_trend,70.59,14.51,407.22,395.48,269.13,22.03,4.95,,,411.61,488.7,1.33,ELEVATED,40,1,2
KCPSUGIND.NS,HOLD,29.56,weak_trend,30.93,-0.42,30.99,30.06,25.51,1.37,4.64,,,27.5,32.3,1.33,ELEVATED,40,0,3
MAWANASUG.NS,HOLD,133.07,weak_trend,30.89,-0.31,137.54,126.62,99.44,5.66,4.26,,,124.58,144.39,1.33,ELEVATED,40,0,3
APOLSINHOT.NS,HOLD,1214.0,weak_trend,48.66,0.07,1214.23,1213.89,1205.46,28.59,2.36,,,1171.11,1271.18,1.33,NORMAL,40,0,3
BYKE.NS,HOLD,30.35,downtrend,32.83,-0.57,31.15,32.18,39.4,1.44,4.73,,,28.2,33.22,1.33,ELEVATED,40,1,2
SSDL.NS,HOLD,65.62,uptrend,65.69,1.68,59.68,57.6,62.57,4.34,6.61,,,59.11,74.3,1.33,ELEVATED,40,3,0
VARDHACRLC.NS,HOLD,44.48,weak_trend,63.24,0.32,43.74,43.22,38.92,1.47,3.31,,,42.27,47.43,1.33,NORMAL,40,2,1
SHRADHA.NS,HOLD,30.45,downtrend,42.05,-0.66,31.22,32.86,35.13,1.91,6.28,,,27.58,34.28,1.33,ELEVATED,40,0,3
MANOMAY.NS,HOLD,224.48,weak_trend,49.96,3.0,227.79,216.38,208.59,9.3,4.14,,,210.53,243.08,1.33,ELEVATED,40,0,3
LYKALABS.NS,HOLD,87.1,weak_trend,79.5,3.84,79.96,72.3,67.71,1.66,1.91,,,84.6,90.43,1.33,LOW,40,1,2
AVG.NS,HOLD,167.05,weak_trend,47.01,-5.42,171.37,188.17,169.17,7.81,4.67,,,155.34,182.67,1.33,ELEVATED,40,0,3
AFFORDABLE.NS,HOLD,174.65,downtrend,69.6,-0.61,163.83,175.58,178.97,8.37,4.79,,,162.1,191.38,1.33,ELEVATED,40,2,1
NIPPOBATRY.NS,HOLD,329.6,downtrend,59.48,-0.78,320.71,322.99,345.0,9.65,2.93,,,315.13,348.89,1.33,NORMAL,40,2,1
ATLANTAA.NS,HOLD,35.83,downtrend,25.36,-0.82,37.54,37.99,40.54,1.73,4.83,,,33.24,39.29,1.33,ELEVATED,40,0,3
FROG.NS,HOLD,267.1,weak_trend,53.62,15.08,261.68,228.16,174.72,22.13,8.28,,,233.91,311.36,1.33,ELEVATED,40,1,2
ALMONDZ.NS,HOLD,19.55,weak_trend,60.82,0.94,18.26,15.65,15.11,1.28,6.56,,,17.63,22.11,1.33,ELEVATED,40,1,2
SINTERCOM.NS,HOLD,78.75,downtrend,53.23,-0.92,78.5,80.83,83.84,5.51,6.99,,,70.49,89.77,1.33,ELEVATED,40,1,2
GOLDTECH.NS,HOLD,44.08,downtrend,35.32,-2.39,46.0,50.68,46.22,1.72,3.9,,,41.5,47.52,1.33,NORMAL,40,0,3
PPAP.NS,HOLD,244.2,weak_trend,39.4,-9.74,247.76,271.99,230.04,9.53,3.9,,,229.9,263.27,1.33,NORMAL,40,0,3
HITECHCORP.NS,HOLD,334.0,downtrend,47.93,0.82,333.11,327.25,221.38,8.76,2.62,,,320.86,351.53,1.33,NORMAL,40,1,2
NATHBIOGEN.NS,HOLD,148.02,weak_trend,43.13,-1.69,150.11,153.95,154.74,4.47,3.02,,,141.32,156.96,1.33,NORMAL,40,1,2
VMSTMT.NS,HOLD,45.92,downtrend,51.49,0.37,46.26,46.3,46.98,1.74,3.79,,,43.31,49.4,1.33,NORMAL,40,1,2
SHERA.NS,HOLD,181.65,weak_trend,55.13,2.88,182.08,174.9,145.79,9.05,4.98,,,168.08,199.74,1.33,ELEVATED,40,0,3
DIAMINESQ.NS,HOLD,249.38,downtrend,55.48,2.34,249.77,247.82,250.41,7.98,3.2,,,237.42,265.33,1.33,NORMAL,40,1,2
VIPCLOTHNG.NS,HOLD,21.72,downtrend,69.45,0.09,20.68,20.99,23.94,1.06,4.87,,,20.13,23.84,1.33,ELEVATED,40,1,2
TREJHARA.NS,HOLD,135.22,downtrend,34.42,-4.47,142.5,147.26,170.14,6.58,4.87,,,125.35,148.38,1.33,ELEVATED,40,0,3
AXITA.NS,HOLD,8.0,weak_trend,66.72,0.11,7.96,7.6,8.45,0.11,1.34,,,7.84,8.21,1.33,LOW,40,0,3
AUTOIND.NS,HOLD,87.79,weak_trend,41.77,-1.72,84.59,88.38,78.23,4.03,4.59,,,81.74,95.85,1.33,ELEVATED,40,1,2
SAAKSHI.NS,HOLD,380.75,weak_trend,81.0,21.0,333.55,309.61,237.56,17.61,4.63,,,354.33,415.97,1.33,ELEVATED,40,1,2
AFIL.NS,HOLD,8.22,downtrend,18.72,-0.3,8.97,9.26,8.29,0.43,5.18,,,7.58,9.07,1.33,ELEVATED,40,1,2
JAINAM.NS,HOLD,197.0,downtrend,34.48,-7.95,217.97,229.79,230.02,8.09,4.11,,,184.87,213.18,1.33,ELEVATED,40,0,3
A2ZINFRA.NS,HOLD,14.79,downtrend,27.95,-0.17,15.57,15.01,15.2,0.71,4.81,,,13.72,16.21,1.33,ELEVATED,40,0,3
SHEMAROO.NS,HOLD,123.79,downtrend,43.93,-1.55,122.82,123.34,110.1,4.83,3.9,,,116.55,133.45,1.33,NORMAL,40,2,1
RVHL.NS,HOLD,39.48,downtrend,51.76,-0.72,39.57,42.28,43.59,1.93,4.89,,,36.58,43.34,1.33,ELEVATED,40,1,2
SOMATEX.NS,HOLD,82.35,weak_trend,37.92,-2.56,83.59,90.82,103.39,4.31,5.23,,,75.89,90.96,1.33,ELEVATED,40,0,3
PRAMARA.NS,HOLD,93.1,weak_trend,33.9,-8.05,97.62,112.64,248.75,5.68,6.1,,,84.58,104.46,1.33,ELEVATED,40,0,3
NAGAFERT.NS,HOLD,1.77,downtrend,0.0,-0.15,1.95,2.27,3.68,0.02,1.13,,,1.74,1.81,1.33,LOW,40,1,2
GRETEX.NS,HOLD,225.0,downtrend,18.18,-16.06,241.25,274.68,253.58,4.46,1.98,,,218.3,233.93,1.33,LOW,40,1,2
SUPREME.NS,HOLD,31.97,downtrend,19.54,-2.54,35.37,40.43,52.58,2.26,7.06,,,28.58,36.49,1.33,ELEVATED,40,1,2
PRIZOR.NS,HOLD,1128.55,weak_trend,45.82,39.43,1148.46,985.39,617.6,26.51,2.35,,,1088.78,1181.57,1.33,NORMAL,40,0,3
OMFREIGHT.NS,HOLD,92.26,uptrend,60.67,-0.7,88.62,90.85,87.51,4.08,4.42,,,86.15,100.41,1.33,ELEVATED,40,3,0
PILITA.NS,HOLD,7.43,downtrend,30.0,-0.22,7.81,8.25,8.51,0.42,5.65,,,6.8,8.27,1.33,ELEVATED,40,0,3
UNIHEALTH.NS,HOLD,626.85,weak_trend,18.5,-18.12,700.07,725.03,483.9,24.3,3.88,,,590.41,675.44,1.33,NORMAL,40,1,2
BAFNAPH.NS,HOLD,336.5,weak_trend,68.41,16.36,306.32,274.27,173.65,6.26,1.86,,,327.1,349.03,1.33,LOW,40,2,1
KRISHCA.NS,HOLD,192.35,weak_trend,75.91,1.49,161.6,164.86,175.13,5.97,3.1,,,183.39,204.29,1.33,NORMAL,40,2,1
GLOBALVECT.NS,HOLD,137.46,weak_trend,40.78,-5.06,137.9,148.85,168.06,5.91,4.3,,,128.59,149.28,1.33,ELEVATED,40,0,3
GOYALSALT.NS,HOLD,108.9,downtrend,56.03,-0.83,104.56,108.56,123.72,2.21,2.03,,,105.58,113.33,1.33,NORMAL,40,2,1
SUNDRMBRAK.NS,HOLD,676.55,downtrend,13.63,-27.68,726.07,773.22,683.78,23.88,3.53,,,640.73,724.31,1.33,NORMAL,40,1,2
CINELINE.NS,HOLD,90.01,weak_trend,54.92,1.02,90.62,86.66,83.86,5.06,5.63,,,82.42,100.14,1.33,ELEVATED,40,0,3
KCEIL.NS,HOLD,80.45,weak_trend,49.78,-1.31,78.6,82.92,109.85,3.47,4.32,,,75.24,87.4,1.33,ELEVATED,40,0,3
AIRAN.NS,HOLD,16.78,weak_trend,64.71,0.42,16.06,15.5,16.28,1.19,7.07,,,15.0,19.15,1.33,ELEVATED,40,2,1
DJML.NS,HOLD,72.7,downtrend,50.97,-5.17,75.8,94.57,90.51,4.71,6.48,,,65.63,82.12,1.33,ELEVATED,40,1,2
STARTECK.NS,HOLD,253.85,downtrend,55.64,-2.99,246.84,255.14,262.72,17.73,6.98,,,227.26,289.3,1.33,ELEVATED,40,1,2
DELPHIFX.NS,HOLD,5.63,downtrend,38.5,-0.37,5.86,6.43,10.81,0.38,6.69,,,5.07,6.38,1.33,ELEVATED,40,0,3
MODIRUBBER.NS,HOLD,121.51,downtrend,46.89,-1.28,126.34,124.93,124.31,7.05,5.8,,,110.93,135.61,1.33,ELEVATED,40,0,3
ELGIRUBCO.NS,HOLD,59.35,weak_trend,50.63,0.22,59.39,59.17,49.3,3.1,5.22,,,54.7,65.55,1.33,ELEVATED,40,1,2
SHREYANIND.NS,HOLD,129.1,downtrend,54.83,-0.67,128.98,132.86,149.37,5.51,4.27,,,120.84,140.12,1.33,ELEVATED,40,2,1
SAHYADRI.NS,HOLD,369.6,weak_trend,53.93,6.02,369.0,342.05,278.72,20.3,5.49,,,339.14,410.21,1.33,ELEVATED,40,1,2
OSIAHYPER.NS,HOLD,2.2,downtrend,11.11,-0.13,2.4,2.65,6.85,0.12,5.58,,,2.02,2.45,1.33,ELEVATED,40,0,3
PODDARMENT.NS,HOLD,281.8,weak_trend,61.74,8.47,270.07,258.88,247.52,20.03,7.11,,,251.76,321.86,1.33,ELEVATED,40,2,1
UFO.NS,HOLD,60.64,downtrend,14.5,-1.6,63.32,65.6,71.45,1.95,3.22,,,57.71,64.54,1.33,NORMAL,40,1,2
DCMNVL.NS,HOLD,179.43,weak_trend,46.11,1.64,181.5,168.37,143.95,7.77,4.33,,,167.77,194.97,1.33,ELEVATED,40,1,2
UCAL.NS,HOLD,143.56,weak_trend,42.66,1.87,145.98,133.41,112.74,6.75,4.7,,,133.43,157.07,1.33,ELEVATED,40,0,3
UYFINCORP.NS,HOLD,19.51,weak_trend,53.12,-0.03,19.58,19.4,15.44,0.8,4.12,,,18.31,21.12,1.33,ELEVATED,40,0,3
YASHOPTICS.NS,HOLD,134.65,uptrend,65.45,4.25,123.51,118.0,119.31,5.64,4.19,,,126.19,145.93,1.33,ELEVATED,40,3,0
GSMFOILS.NS,HOLD,77.6,downtrend,14.82,-15.07,99.1,143.08,191.46,5.22,6.72,,,69.77,88.04,1.33,ELEVATED,40,2,1
INDOUS.NS,HOLD,78.1,weak_trend,49.81,-1.15,78.98,81.89,103.55,4.39,5.62,,,71.52,86.88,1.33,ELEVATED,40,0,3
VSTL.NS,HOLD,113.48,downtrend,49.49,0.69,115.67,112.07,118.28,4.52,3.99,,,106.7,122.53,1.33,NORMAL,40,0,3
JAYSREETEA.NS,HOLD,89.55,weak_trend,18.48,-1.12,94.44,90.68,86.58,3.2,3.57,,,84.75,95.95,1.33,NORMAL,40,0,3
UNIVPHOTO.NS,HOLD,577.05,weak_trend,72.89,35.95,524.56,487.36,383.18,31.74,5.5,,,529.44,640.53,1.33,ELEVATED,40,1,2
UNIVASTU.NS,HOLD,145.71,weak_trend,29.03,-0.84,155.74,147.59,90.55,7.59,5.21,,,134.32,160.89,1.33,ELEVATED,40,0,3
KOTYARK.NS,HOLD,32.05,weak_trend,49.29,-1.02,32.33,34.59,31.13,1.54,4.82,,,29.73,35.14,1.33,ELEVATED,40,0,3
ZEELEARN.NS,HOLD,6.84,weak_trend,41.38,-0.27,7.02,7.67,6.82,0.51,7.5,,,6.07,7.87,1.33,ELEVATED,40,0,3
TRANSTEEL.NS,HOLD,86.65,downtrend,67.43,-2.59,81.13,96.75,126.68,4.35,5.02,,,80.13,95.35,1.33,ELEVATED,40,1,2
NDLVENTURE.NS,HOLD,124.06,weak_trend,52.36,-0.16,122.48,123.89,115.28,5.91,4.77,,,115.19,135.88,1.33,ELEVATED,40,2,1
CCHHL.NS,HOLD,13.42,weak_trend,72.32,0.1,12.73,12.7,13.34,0.57,4.26,,,12.56,14.56,1.33,ELEVATED,40,2,1
MEGASTAR.NS,HOLD,277.6,downtrend,27.63,-10.92,292.74,312.99,281.8,15.09,5.44,,,254.96,307.79,1.33,ELEVATED,40,0,3
SURANAT&P.NS,HOLD,16.04,downtrend,50.2,-0.21,16.17,16.86,18.13,0.55,3.41,,,15.22,17.13,1.33,NORMAL,40,2,1
TAKE.NS,HOLD,15.86,downtrend,64.93,-0.91,15.93,19.25,32.47,0.9,5.67,,,14.51,17.66,1.33,ELEVATED,40,1,2
RVTH.NS,HOLD,641.15,downtrend,35.68,-16.86,716.39,717.8,678.44,41.83,6.52,,,578.41,724.8,1.33,ELEVATED,40,0,3
TTL.NS,HOLD,7.26,downtrend,63.49,0.21,6.83,6.5,7.73,0.47,6.44,,,6.56,8.2,1.33,ELEVATED,40,2,1
RADIOCITY.NS,HOLD,6.04,downtrend,39.06,-0.13,6.25,6.44,6.21,0.32,5.37,,,5.55,6.69,1.33,ELEVATED,40,1,2
PRITIKAUTO.NS,HOLD,16.33,uptrend,50.13,-0.5,15.79,16.99,14.68,0.69,4.22,,,15.3,17.71,1.33,ELEVATED,40,3,0
VIRINCHI.NS,HOLD,14.03,weak_trend,34.62,-0.33,14.38,15.01,17.8,0.61,4.37,,,13.11,15.26,1.33,ELEVATED,40,0,3
CHAVDA.NS,HOLD,70.0,downtrend,16.05,-17.13,102.28,118.6,107.05,7.41,10.59,,,58.88,84.83,1.33,ELEVATED,40,1,2
DUGLOBAL.NS,HOLD,19.0,downtrend,30.36,-1.45,23.78,25.15,32.44,1.35,7.11,,,16.97,21.7,1.33,ELEVATED,40,1,2
RBS.NS,HOLD,83.8,downtrend,36.94,-1.52,86.89,86.16,88.8,3.41,4.07,,,78.68,90.62,1.33,ELEVATED,40,0,3
MADHAVBAUG.NS,HOLD,171.5,downtrend,63.51,-3.48,162.65,178.57,209.52,4.42,2.58,,,164.87,180.34,1.33,NORMAL,40,1,2
SCPL.NS,HOLD,650.0,weak_trend,55.39,5.3,645.15,621.48,429.24,28.97,4.46,,,606.55,707.94,1.33,ELEVATED,40,1,2
KDL.NS,HOLD,64.05,downtrend,22.61,-7.33,87.61,97.2,130.83,5.12,7.99,,,56.37,74.29,1.33,ELEVATED,40,0,3
PRATHAM.NS,HOLD,125.1,downtrend,55.78,0.79,120.85,119.41,129.31,2.91,2.33,,,120.73,130.92,1.33,NORMAL,40,2,1
REPL.NS,HOLD,58.23,downtrend,22.84,-1.63,61.07,63.17,80.27,2.86,4.91,,,53.94,63.95,1.33,ELEVATED,40,0,3
IPSL.NS,HOLD,215.0,weak_trend,100.0,-1.14,214.25,218.89,241.31,0.37,0.17,,,214.44,215.74,1.33,LOW,40,0,3
KAMOPAINTS.NS,HOLD,4.27,downtrend,40.21,-0.07,4.4,4.49,5.14,0.22,5.14,,,3.94,4.71,1.33,ELEVATED,40,0,3
TCL.NS,HOLD,130.1,weak_trend,54.23,1.16,125.22,124.42,103.28,10.16,7.81,,,114.86,150.42,1.33,ELEVATED,40,2,1
SUPREMEINF.NS,HOLD,81.0,downtrend,42.67,-1.23,83.48,84.86,81.03,4.48,5.53,,,74.28,89.96,1.33,ELEVATED,40,0,3
STARPAPER.NS,HOLD,156.27,weak_trend,54.4,2.87,155.88,149.94,143.69,7.47,4.78,,,145.07,171.2,1.33,ELEVATED,40,1,2
NURECA.NS,HOLD,335.6,downtrend,49.48,5.47,330.77,322.54,281.39,17.3,5.15,,,309.65,370.2,1.33,ELEVATED,40,1,2
FELIX.NS,HOLD,204.3,weak_trend,60.77,5.8,201.88,190.57,186.95,12.24,5.99,,,185.94,228.78,1.33,ELEVATED,40,1,2
IVC.NS,HOLD,7.83,weak_trend,16.49,-0.05,8.44,7.96,7.35,0.39,4.95,,,7.25,8.6,1.33,ELEVATED,40,0,3
ANLON.NS,HOLD,769.95,uptrend,68.44,31.97,683.35,655.08,519.71,35.94,4.67,,,716.05,841.82,1.33,ELEVATED,40,3,0
ESCONET.NS,HOLD,216.2,weak_trend,40.43,9.51,222.65,180.84,139.94,16.91,7.82,,,190.84,250.01,1.33,ELEVATED,40,0,3
KOTARISUG.NS,HOLD,27.35,weak_trend,32.79,-0.56,29.38,27.88,26.33,1.56,5.71,,,25.01,30.47,1.33,ELEVATED,40,0,3
DUCOL.NS,HOLD,124.0,weak_trend,59.8,4.71,118.37,111.59,122.87,6.4,5.16,,,114.41,136.79,1.33,ELEVATED,40,2,1
SADHNANIQ.NS,HOLD,2.75,downtrend,52.78,-0.02,2.8,2.84,3.32,0.08,3.01,,,2.63,2.92,1.33,NORMAL,40,2,1
GILLANDERS.NS,HOLD,104.91,downtrend,49.63,2.36,104.28,96.06,93.67,5.13,4.89,,,97.21,115.17,1.33,ELEVATED,40,1,2
COASTCORP.NS,HOLD,38.04,weak_trend,32.86,-1.45,39.38,43.3,47.59,1.78,4.67,,,35.37,41.59,1.33,ELEVATED,40,0,3
AHLEAST.NS,HOLD,136.36,downtrend,51.9,-1.54,136.47,140.53,147.76,3.44,2.52,,,131.2,143.24,1.33,NORMAL,40,1,2
SAKHTISUG.NS,HOLD,18.23,weak_trend,24.02,-0.22,19.5,18.62,17.71,0.88,4.82,,,16.91,19.99,1.33,ELEVATED,40,0,3
ZODIACLOTH.NS,HOLD,69.71,downtrend,24.07,-1.46,71.22,74.38,77.65,2.01,2.88,,,66.7,73.73,1.33,NORMAL,40,2,1
KMSUGAR.NS,HOLD,29.5,weak_trend,29.71,-0.38,30.23,29.7,27.46,1.2,4.07,,,27.7,31.9,1.33,ELEVATED,40,0,3
DRCSYSTEMS.NS,HOLD,12.67,downtrend,33.92,-0.18,12.97,13.11,14.85,0.68,5.33,,,11.66,14.02,1.33,ELEVATED,40,0,3
OMAXAUTO.NS,HOLD,209.94,uptrend,68.34,-0.83,181.82,193.68,157.4,9.88,4.71,,,195.11,229.71,1.33,ELEVATED,40,3,0
INTENTECH.NS,HOLD,83.69,downtrend,60.8,-0.82,80.33,83.22,98.53,3.92,4.69,,,77.8,91.54,1.33,ELEVATED,40,2,1
COMMITTED.NS,HOLD,322.8,weak_trend,28.31,-3.83,341.7,341.78,269.65,10.88,3.37,,,306.48,344.56,1.33,NORMAL,40,1,2
PIGL.NS,HOLD,99.92,downtrend,51.25,-1.19,100.57,104.93,110.24,4.83,4.83,,,92.68,109.58,1.33,ELEVATED,40,1,2
KALYANIFRG.NS,HOLD,957.6,weak_trend,33.39,56.82,978.25,768.94,647.75,55.89,5.84,,,873.77,1069.37,1.33,ELEVATED,40,0,3
MKPL.NS,HOLD,4.04,downtrend,53.23,-0.05,4.03,4.14,4.96,0.18,4.51,,,3.77,4.4,1.33,ELEVATED,40,1,2
ARIHANTACA.NS,HOLD,500.0,weak_trend,64.61,6.92,489.68,477.04,470.05,3.71,0.74,,,494.44,507.42,1.33,LOW,40,2,1
PONNIERODE.NS,HOLD,375.25,downtrend,39.57,-0.66,375.01,354.62,301.65,16.25,4.33,,,350.88,407.74,1.33,ELEVATED,40,2,1
MURUDCERA.NS,HOLD,29.06,downtrend,42.95,-0.49,29.56,30.27,31.97,1.42,4.9,,,26.92,31.91,1.33,ELEVATED,40,0,3
CPCAP.NS,HOLD,152.95,weak_trend,82.96,8.44,133.2,123.27,105.34,8.21,5.37,,,140.63,169.38,1.33,ELEVATED,40,1,2
AERONEU.NS,HOLD,67.2,downtrend,20.93,-4.6,73.47,80.68,79.7,4.23,6.29,,,60.86,75.65,1.33,ELEVATED,40,0,3
GENCON.NS,HOLD,39.31,downtrend,30.51,-0.55,42.35,40.9,43.11,2.44,6.21,,,35.65,44.19,1.33,ELEVATED,40,0,3
SALSTEEL.NS,HOLD,85.02,weak_trend,55.26,3.11,78.58,69.21,53.73,4.65,5.47,,,78.04,94.32,1.33,ELEVATED,40,1,2
NIRAJ.NS,HOLD,27.99,weak_trend,38.32,-0.22,28.32,28.63,30.37,1.4,4.99,,,25.89,30.78,1.33,ELEVATED,40,0,3
ATALREAL.NS,HOLD,14.36,downtrend,20.5,-4.78,20.81,28.27,26.96,1.77,12.35,,,11.7,17.91,1.33,ELEVATED,40,0,3
SPCL.NS,HOLD,67.6,weak_trend,73.47,0.67,63.72,64.93,76.73,2.26,3.35,,,64.2,72.13,1.33,NORMAL,40,0,3
SHIVATEX.NS,HOLD,172.0,weak_trend,36.22,1.62,176.59,166.02,161.61,9.53,5.54,,,157.7,191.06,1.33,ELEVATED,40,0,3
CHEMBOND.NS,HOLD,193.68,weak_trend,59.01,4.6,190.68,181.35,162.72,17.25,8.9,,,167.81,228.17,1.33,ELEVATED,40,1,2
SHAH.NS,HOLD,3.25,downtrend,28.38,-0.16,3.45,3.83,4.63,0.15,4.55,,,3.03,3.55,1.33,ELEVATED,40,1,2
NAVKARURB.NS,HOLD,0.93,downtrend,60.11,-0.02,0.89,0.97,1.07,0.05,5.2,,,0.86,1.03,1.33,ELEVATED,40,2,1
CORDSCABLE.NS,HOLD,369.65,weak_trend,68.12,31.74,334.81,265.14,204.02,34.99,9.47,,,317.16,439.64,1.33,ELEVATED,40,1,2
ABAN.NS,HOLD,14.02,downtrend,33.73,-0.56,14.68,15.93,18.8,0.48,3.39,,,13.31,14.97,1.33,NORMAL,40,0,3
WORTHPERI.NS,HOLD,149.21,weak_trend,39.6,-0.8,151.28,149.75,138.12,6.29,4.22,,,139.77,161.79,1.33,ELEVATED,40,0,3
DEVIT.NS,HOLD,23.24,downtrend,25.41,-0.7,23.99,25.48,28.81,1.01,4.36,,,21.72,25.27,1.33,ELEVATED,40,0,3
TRIGYN.NS,HOLD,56.14,downtrend,39.88,-0.38,57.48,55.85,56.82,3.03,5.4,,,51.59,62.21,1.33,ELEVATED,40,0,3
KCK.NS,HOLD,13.0,downtrend,28.05,-0.45,14.62,15.71,18.25,0.7,5.38,,,11.95,14.4,1.33,ELEVATED,40,0,3
BALAXI.NS,HOLD,22.94,downtrend,32.95,-0.13,23.45,23.7,24.16,1.61,7.02,,,20.52,26.16,1.33,ELEVATED,40,1,2
MHLXMIRU.NS,HOLD,156.97,downtrend,30.05,-3.64,165.3,162.1,175.58,6.79,4.33,,,146.78,170.55,1.33,ELEVATED,40,1,2
FIDEL.NS,HOLD,175.25,weak_trend,70.5,6.63,149.79,146.94,144.07,7.93,4.52,,,163.36,191.11,1.33,ELEVATED,40,2,1
SPECTSTM.NS,HOLD,56.55,downtrend,42.02,-1.09,58.99,61.5,68.74,1.03,1.82,,,55.01,58.61,1.33,LOW,40,0,3
UNITEDTEA.NS,HOLD,428.0,downtrend,24.01,-8.13,438.49,454.47,485.19,11.35,2.65,,,410.98,450.69,1.33,NORMAL,40,0,3
PKTEA.NS,HOLD,988.15,weak_trend,65.55,59.08,919.62,795.41,783.43,101.76,10.3,,,835.51,1191.67,1.33,ELEVATED,40,1,2
BASML.NS,HOLD,25.04,weak_trend,50.35,-0.33,24.69,25.62,24.41,0.95,3.79,,,23.62,26.94,1.33,NORMAL,40,2,1
KRITIKA.NS,HOLD,5.0,downtrend,18.03,-0.13,5.3,5.5,6.11,0.22,4.34,,,4.67,5.43,1.33,ELEVATED,40,0,3
DHARAN.NS,HOLD,0.14,weak_trend,100.0,-0.0,0.14,0.15,0.17,0.01,6.63,,,0.13,0.16,1.33,ELEVATED,40,0,3
AMJLAND.NS,HOLD,37.97,downtrend,34.71,-0.34,38.31,38.31,40.67,1.51,3.98,,,35.7,41.0,1.33,NORMAL,40,1,2
INDOWIND.NS,HOLD,8.94,downtrend,47.83,-0.04,9.03,9.07,10.47,0.32,3.53,,,8.47,9.57,1.33,NORMAL,40,0,3
NEPHROCARE.NS,HOLD,98.45,weak_trend,51.55,3.05,94.62,82.15,84.82,6.4,6.5,,,88.86,111.24,1.33,ELEVATED,40,1,2
TEAMGTY.NS,HOLD,239.95,downtrend,44.41,2.23,238.97,230.47,252.89,8.55,3.56,,,227.12,257.05,1.33,NORMAL,40,0,3
MARALOVER.NS,HOLD,61.11,weak_trend,63.83,1.17,59.31,56.96,49.57,4.62,7.55,,,54.19,70.34,1.33,ELEVATED,40,1,2
VETO.NS,HOLD,145.57,weak_trend,74.38,4.26,128.9,125.32,114.06,5.57,3.83,,,137.21,156.71,1.33,NORMAL,40,2,1
PRITIKA.NS,HOLD,63.0,downtrend,47.93,0.65,63.18,61.68,63.99,1.52,2.41,,,60.72,66.04,1.33,NORMAL,40,0,3
GRCL.NS,HOLD,546.0,weak_trend,36.25,3.89,571.12,561.48,468.7,16.79,3.08,,,520.81,579.59,1.33,NORMAL,40,1,2
PLAZACABLE.NS,HOLD,62.84,weak_trend,50.62,2.79,60.12,52.36,44.32,3.24,5.15,,,57.98,69.32,1.33,ELEVATED,40,1,2
AKIKO.NS,HOLD,438.0,weak_trend,82.12,16.98,416.86,374.6,275.97,13.43,3.07,,,417.85,464.86,1.33,NORMAL,40,1,2
GOLDSTAR.NS,HOLD,9.7,weak_trend,78.46,0.49,8.12,7.6,7.14,0.44,4.57,,,9.04,10.59,1.33,ELEVATED,40,2,1
SETCO.NS,HOLD,17.04,weak_trend,43.6,-0.13,17.28,17.54,13.23,0.8,4.7,,,15.84,18.64,1.33,ELEVATED,40,0,3
LOTUSEYE.NS,HOLD,115.24,downtrend,69.01,-0.07,111.71,115.47,116.29,3.7,3.21,,,109.69,122.64,1.33,NORMAL,40,1,2
RANASUG.NS,HOLD,14.06,weak_trend,18.5,0.09,14.78,13.65,12.64,0.4,2.88,,,13.45,14.87,1.33,NORMAL,40,0,3
WINSOL.NS,HOLD,111.7,weak_trend,47.01,-0.78,111.92,112.7,127.33,5.04,4.51,,,104.14,121.78,1.33,ELEVATED,40,1,2
RAJTV.NS,HOLD,9.77,downtrend,66.49,-0.32,8.87,10.1,24.58,0.48,4.89,,,9.05,10.73,1.33,ELEVATED,40,2,1
AKSHARCHEM.NS,HOLD,389.95,weak_trend,42.28,19.19,403.97,324.94,241.52,24.86,6.37,,,352.67,439.66,1.33,ELEVATED,40,0,3
ANIKINDS.NS,HOLD,44.98,downtrend,49.96,-0.09,44.59,43.62,45.1,2.42,5.38,,,41.35,49.82,1.33,ELEVATED,40,0,3
IBULLSLTD.NS,HOLD,29.12,weak_trend,68.02,0.64,26.97,27.71,19.53,1.37,4.72,,,27.06,31.87,1.33,ELEVATED,40,2,1
EMMIL.NS,HOLD,127.65,downtrend,55.14,-0.91,120.94,122.42,143.66,5.63,4.41,,,119.21,138.91,1.33,ELEVATED,40,2,1
AAREYDRUGS.NS,HOLD,102.63,weak_trend,77.85,4.83,95.86,86.31,77.76,4.21,4.1,,,96.31,111.05,1.33,ELEVATED,40,2,1
NATCAPSUQ.NS,HOLD,172.67,weak_trend,14.92,-0.57,193.52,168.46,163.16,8.37,4.84,,,160.12,189.4,1.33,ELEVATED,40,0,3
PRAXIS.NS,HOLD,4.28,weak_trend,44.0,-0.42,4.51,5.7,7.27,0.23,5.44,,,3.93,4.75,1.33,ELEVATED,40,0,3
KAVDEFENCE.NS,HOLD,82.35,weak_trend,75.17,5.13,67.18,61.48,64.37,7.33,8.9,,,71.36,97.0,1.33,ELEVATED,40,1,2
DGCONTENT.NS,HOLD,24.9,weak_trend,49.47,-0.13,24.34,24.66,27.28,1.13,4.52,,,23.21,27.15,1.33,ELEVATED,40,0,3
SADBHAV.NS,HOLD,7.71,downtrend,42.08,-0.21,7.98,8.28,8.84,0.32,4.09,,,7.24,8.34,1.33,ELEVATED,40,0,3
ASPINWALL.NS,HOLD,255.55,weak_trend,45.97,0.97,256.23,249.32,229.9,10.59,4.14,,,239.67,276.73,1.33,ELEVATED,40,1,2
DRONE.NS,HOLD,33.5,weak_trend,40.62,-1.13,33.93,36.9,46.93,1.2,3.58,,,31.7,35.9,1.33,NORMAL,40,0,3
GULFPETRO.NS,HOLD,66.38,downtrend,48.69,0.89,64.88,58.17,40.09,3.19,4.81,,,61.59,72.76,1.33,ELEVATED,40,1,2
PROPEQUITY.NS,HOLD,192.0,downtrend,31.25,-7.14,206.57,215.67,205.07,4.58,2.39,,,185.13,201.16,1.33,NORMAL,40,0,3
JMA.NS,HOLD,89.89,weak_trend,45.49,0.28,91.62,88.48,83.24,4.27,4.75,,,83.49,98.43,1.33,ELEVATED,40,0,3
NECCLTD.NS,HOLD,19.54,weak_trend,79.07,0.88,18.44,16.54,15.97,1.02,5.24,,,18.0,21.59,1.33,ELEVATED,40,1,2
NITIRAJ.NS,HOLD,228.34,weak_trend,69.83,6.29,220.27,214.79,200.23,13.03,5.71,,,208.79,254.4,1.33,ELEVATED,40,2,1
ALUWIND.NS,HOLD,52.4,downtrend,63.73,0.52,48.39,48.72,55.69,2.37,4.53,,,48.84,57.14,1.33,ELEVATED,40,2,1
EQUIPPP.NS,HOLD,22.63,weak_trend,47.94,0.12,23.23,23.26,19.77,1.2,5.32,,,20.82,25.04,1.33,ELEVATED,40,0,3
LLOYDS.NS,HOLD,62.0,downtrend,64.62,-1.28,58.54,64.22,68.84,1.78,2.86,,,59.34,65.55,1.33,NORMAL,40,1,2
RHFL.NS,HOLD,1.69,downtrend,33.33,-0.04,1.8,1.85,2.29,0.07,4.1,,,1.59,1.83,1.33,ELEVATED,40,1,2
INCREDIBLE.NS,HOLD,32.08,weak_trend,50.0,-0.05,32.57,32.8,34.86,1.75,5.47,,,29.45,35.59,1.33,ELEVATED,40,0,3
TIPSFILMS.NS,HOLD,314.75,downtrend,28.25,-8.79,327.32,347.06,362.83,11.36,3.61,,,297.7,337.48,1.33,NORMAL,40,0,3
ARCHIDPLY.NS,HOLD,109.77,weak_trend,60.18,2.61,103.83,95.05,85.53,3.75,3.42,,,104.14,117.27,1.33,NORMAL,40,1,2
MADHUSUDAN.NS,HOLD,225.55,weak_trend,43.04,1.3,230.98,231.07,171.84,8.31,3.69,,,213.08,242.18,1.33,NORMAL,40,0,3
CENTEXT.NS,HOLD,18.79,downtrend,31.96,-0.6,20.38,20.59,20.58,1.11,5.89,,,17.13,21.0,1.33,ELEVATED,40,0,3
EMMBI.NS,HOLD,88.71,weak_trend,46.27,0.71,89.07,87.03,88.18,3.87,4.36,,,82.9,96.45,1.33,ELEVATED,40,0,3
KEYFINSERV.NS,HOLD,244.05,downtrend,38.25,-3.55,247.34,253.69,271.22,10.95,4.49,,,227.62,265.96,1.33,ELEVATED,40,0,3
ESSENTIA.NS,HOLD,1.03,weak_trend,47.62,-0.04,1.05,1.14,1.36,0.04,3.54,,,0.98,1.1,1.33,NORMAL,40,0,3
TAINWALCHM.NS,HOLD,214.31,weak_trend,57.72,1.73,211.35,208.53,193.93,8.99,4.19,,,200.83,232.29,1.33,ELEVATED,40,2,1
ENFUSE.NS,HOLD,150.0,downtrend,39.98,-3.84,155.11,160.75,184.65,4.08,2.72,,,143.88,158.16,1.33,NORMAL,40,0,3
ARVEE.NS,HOLD,242.18,weak_trend,73.59,12.5,183.15,170.74,170.14,18.45,7.62,,,214.5,279.08,1.33,ELEVATED,40,2,1
SIKKO.NS,HOLD,6.12,weak_trend,78.18,0.23,5.55,5.32,4.73,0.36,5.91,,,5.58,6.84,1.33,ELEVATED,40,2,1
DENEERS.NS,HOLD,175.45,weak_trend,55.89,-1.65,170.24,177.08,173.74,6.77,3.86,,,165.29,189.0,1.33,NORMAL,40,2,1
PRLIND.NS,HOLD,47.9,downtrend,61.81,0.43,42.68,43.64,56.81,3.21,6.7,,,43.08,54.32,1.33,ELEVATED,40,1,2
ALPA.NS,HOLD,60.39,downtrend,37.2,-1.16,61.74,64.48,67.81,2.95,4.89,,,55.96,66.3,1.33,ELEVATED,40,1,2
KESORAMIND.NS,HOLD,11.57,weak_trend,57.83,0.04,11.57,11.8,10.76,0.41,3.59,,,10.95,12.4,1.33,NORMAL,40,0,3
DTIL.NS,HOLD,141.22,weak_trend,38.07,-0.65,149.72,140.02,139.7,5.93,4.2,,,132.33,153.08,1.33,ELEVATED,40,0,3
AVROIND.NS,HOLD,7.13,downtrend,16.42,-0.41,8.32,8.66,11.05,0.52,7.27,,,6.35,8.17,1.33,ELEVATED,40,0,3
PURVFLEXI.NS,HOLD,48.0,weak_trend,49.32,-0.54,46.65,47.5,57.81,1.35,2.81,,,45.98,50.69,1.33,NORMAL,40,0,3
BEWLTD.NS,HOLD,72.9,weak_trend,93.26,1.64,51.31,53.78,80.3,3.28,4.5,,,67.98,79.46,1.33,ELEVATED,40,1,2
IEML.NS,HOLD,46.35,downtrend,67.72,0.42,42.31,41.97,63.67,2.33,5.03,,,42.85,51.01,1.33,ELEVATED,40,1,2
BRNL.NS,HOLD,16.66,downtrend,39.63,-0.28,16.84,17.26,19.43,0.63,3.8,,,15.71,17.93,1.33,NORMAL,40,1,2
TUNWAL.NS,HOLD,25.65,downtrend,58.69,-0.17,25.2,25.79,29.81,0.74,2.89,,,24.54,27.13,1.33,NORMAL,40,2,1
MANAKALUCO.NS,HOLD,35.96,weak_trend,39.73,-0.67,37.26,37.41,34.57,1.59,4.43,,,33.57,39.15,1.33,ELEVATED,40,0,3
DCM.NS,HOLD,75.34,weak_trend,36.12,-1.85,77.05,82.61,83.68,2.61,3.46,,,71.43,80.55,1.33,NORMAL,40,0,3
CPS.NS,HOLD,1150.0,weak_trend,50.0,22.13,1168.65,1097.34,1064.48,32.61,2.84,,,1101.09,1215.21,1.33,NORMAL,40,1,2
AARTECH.NS,HOLD,50.7,weak_trend,55.03,0.7,50.18,48.84,46.92,2.05,4.05,,,47.62,54.81,1.33,ELEVATED,40,1,2
SHRITECH.NS,HOLD,61.1,downtrend,65.35,0.08,60.12,60.21,61.65,0.54,0.88,,,60.29,62.18,1.33,LOW,40,2,1
LAL.NS,HOLD,8.57,weak_trend,39.09,-0.03,8.87,8.71,8.07,0.51,5.99,,,7.8,9.6,1.33,ELEVATED,40,0,3
SONAMLTD.NS,HOLD,68.02,weak_trend,43.63,1.82,70.16,62.18,52.31,3.93,5.78,,,62.12,75.88,1.33,ELEVATED,40,0,3
VISHWARAJ.NS,HOLD,5.35,downtrend,20.41,-0.11,5.64,5.53,5.77,0.18,3.36,,,5.08,5.71,1.33,NORMAL,40,0,3
VIVIMEDLAB.NS,HOLD,5.36,downtrend,2.88,-0.12,6.24,5.68,7.34,0.16,3.04,,,5.12,5.69,1.33,NORMAL,40,0,3
PRAENG.NS,HOLD,21.38,downtrend,28.47,0.28,22.44,21.04,22.13,1.48,6.94,,,19.15,24.35,1.33,ELEVATED,40,0,3
INDTERRAIN.NS,HOLD,29.37,weak_trend,44.5,-0.4,29.62,30.07,31.85,1.58,5.36,,,27.01,32.52,1.33,ELEVATED,40,0,3
KORE.NS,HOLD,172.3,weak_trend,81.67,7.63,144.22,155.66,137.68,11.85,6.88,,,154.53,195.99,1.33,ELEVATED,40,1,2
LANCORHOL.NS,HOLD,34.97,weak_trend,51.68,1.28,35.3,30.22,25.87,2.74,7.84,,,30.86,40.45,1.33,ELEVATED,40,0,3
AARVI.NS,HOLD,136.48,weak_trend,35.41,-2.97,141.62,148.62,133.74,3.71,2.72,,,130.92,143.9,1.33,NORMAL,40,0,3
VASWANI.NS,HOLD,45.68,weak_trend,39.53,-1.13,46.68,49.41,54.6,2.65,5.8,,,41.71,50.98,1.33,ELEVATED,40,1,2
SUPERHOUSE.NS,HOLD,168.47,weak_trend,50.15,0.58,170.57,165.97,155.04,8.8,5.23,,,155.27,186.08,1.33,ELEVATED,40,0,3
RSSOFTWARE.NS,HOLD,32.39,weak_trend,75.5,-0.02,30.21,31.01,36.04,1.23,3.78,,,30.55,34.84,1.33,NORMAL,40,0,3
DYNAMIC.NS,HOLD,147.65,uptrend,61.21,0.22,141.15,141.88,133.86,10.74,7.28,,,131.54,169.14,1.33,ELEVATED,40,3,0
CORALFINAC.NS,HOLD,31.9,downtrend,45.4,-0.27,32.7,32.81,33.77,1.41,4.41,,,29.79,34.71,1.33,ELEVATED,40,0,3
CANARYS.NS,HOLD,31.95,weak_trend,72.53,1.5,25.46,23.0,23.17,1.71,5.35,,,29.38,35.37,1.33,ELEVATED,40,2,1
IVP.NS,HOLD,227.96,weak_trend,70.04,11.1,211.97,184.57,155.93,8.97,3.94,,,214.5,245.9,1.33,NORMAL,40,1,2
BSL.NS,HOLD,124.24,downtrend,55.34,-0.21,122.19,123.41,130.24,4.93,3.97,,,116.85,134.09,1.33,NORMAL,40,1,2
QMSMEDI.NS,HOLD,195.1,weak_trend,79.42,13.76,163.56,137.65,100.87,8.61,4.41,,,182.18,212.33,1.33,ELEVATED,40,2,1
EMKAYTOOLS.NS,HOLD,95.0,weak_trend,58.29,0.42,94.57,93.08,101.03,3.76,3.96,,,89.36,102.52,1.33,NORMAL,40,0,3
RUCHINFRA.NS,HOLD,5.25,downtrend,25.77,-0.18,5.52,5.71,5.99,0.31,5.82,,,4.79,5.86,1.33,ELEVATED,40,0,3
TBI.NS,HOLD,74.0,weak_trend,52.77,3.35,74.74,67.44,70.55,6.43,8.69,,,64.35,86.86,1.33,ELEVATED,40,0,3
CROWN.NS,HOLD,122.53,uptrend,65.25,2.44,112.25,111.32,120.29,6.5,5.3,,,112.78,135.53,1.33,ELEVATED,40,3,0
GAYAPROJ.NS,HOLD,24.17,weak_trend,59.98,0.82,23.48,21.81,17.43,1.33,5.51,,,22.17,26.84,1.33,ELEVATED,40,1,2
ENSER.NS,HOLD,15.25,weak_trend,49.62,0.03,14.94,14.53,14.6,0.87,5.71,,,13.94,16.99,1.33,ELEVATED,40,2,1
WEIZMANIND.NS,HOLD,71.57,weak_trend,38.62,-1.26,72.87,75.67,82.6,2.49,3.47,,,67.84,76.54,1.33,NORMAL,40,0,3
SOMICONVEY.NS,HOLD,91.51,downtrend,53.26,-0.15,92.09,93.49,104.69,4.6,5.03,,,84.61,100.71,1.33,ELEVATED,40,1,2
MAITREYA.NS,HOLD,116.6,downtrend,40.69,-1.78,117.49,119.29,169.47,6.54,5.61,,,106.79,129.68,1.33,ELEVATED,40,0,3
USK.NS,HOLD,19.85,downtrend,29.28,-0.45,20.69,21.46,22.78,0.98,4.96,,,18.37,21.82,1.33,ELEVATED,40,1,2
MAHESHWARI.NS,HOLD,72.83,weak_trend,52.77,-0.31,71.58,72.49,57.17,2.46,3.38,,,69.14,77.75,1.33,NORMAL,40,2,1
VR.NS,HOLD,100.5,downtrend,46.65,-5.51,107.06,119.03,138.07,1.64,1.63,,,98.05,103.77,1.33,LOW,40,1,2
MODTHREAD.NS,HOLD,45.92,downtrend,24.4,-1.18,51.75,50.59,46.53,2.65,5.77,,,41.94,51.22,1.33,ELEVATED,40,1,2
RKEC.NS,HOLD,19.04,downtrend,26.01,-1.43,20.14,23.3,35.34,1.3,6.85,,,17.08,21.65,1.33,ELEVATED,40,1,2
DUCON.NS,HOLD,1.6,weak_trend,34.86,-0.29,1.75,2.41,3.12,0.15,9.42,,,1.37,1.9,1.33,ELEVATED,40,0,3
SIGIND.NS,HOLD,71.8,weak_trend,52.19,1.63,69.87,62.77,52.3,3.51,4.89,,,66.54,78.82,1.33,ELEVATED,40,2,1
DOLLEX.NS,HOLD,37.75,weak_trend,55.93,1.2,36.72,33.35,33.33,2.38,6.3,,,34.18,42.51,1.33,ELEVATED,40,2,1
IBLFL.NS,HOLD,61.0,weak_trend,50.0,0.09,60.75,60.97,56.54,1.07,1.76,,,59.39,63.14,1.33,LOW,40,1,2
HINDCON.NS,HOLD,25.21,weak_trend,60.22,0.48,23.86,22.89,22.63,1.29,5.13,,,23.27,27.8,1.33,ELEVATED,40,2,1
XELPMOC.NS,HOLD,74.03,downtrend,21.53,-1.91,77.13,79.42,102.78,3.26,4.4,,,69.15,80.54,1.33,ELEVATED,40,0,3
TEXMOPIPES.NS,HOLD,59.63,weak_trend,72.3,3.97,54.22,48.08,46.12,4.43,7.42,,,52.99,68.48,1.33,ELEVATED,40,1,2
WOMANCART.NS,HOLD,102.5,downtrend,38.0,-1.26,107.04,104.36,157.43,5.88,5.74,,,93.68,114.26,1.33,ELEVATED,40,1,2
KHFM.NS,HOLD,43.45,weak_trend,47.99,-1.28,44.57,46.49,57.66,1.95,4.5,,,40.52,47.36,1.33,ELEVATED,40,1,2
UMIYA-MRO.NS,HOLD,95.1,weak_trend,45.97,1.39,97.06,92.55,87.27,5.18,5.45,,,87.33,105.46,1.33,ELEVATED,40,0,3
MAGNUM.NS,HOLD,19.0,weak_trend,50.0,-0.05,19.03,19.22,20.51,0.92,4.85,,,17.62,20.84,1.33,ELEVATED,40,0,3
SHREEOSFM.NS,HOLD,51.8,downtrend,37.14,-2.13,55.08,57.39,68.65,2.54,4.9,,,47.99,56.88,1.33,ELEVATED,40,1,2
ISFT.NS,HOLD,107.63,weak_trend,72.17,3.67,88.01,83.38,81.46,6.63,6.16,,,97.69,120.88,1.33,ELEVATED,40,2,1
AIROLAM.NS,HOLD,90.79,weak_trend,59.99,0.06,87.28,88.09,89.91,4.17,4.59,,,84.54,99.12,1.33,ELEVATED,40,2,1
MUKTAARTS.NS,HOLD,57.89,weak_trend,50.93,-0.02,57.3,56.6,56.75,3.0,5.18,,,53.39,63.89,1.33,ELEVATED,40,2,1
GLOBALPET.NS,HOLD,160.0,weak_trend,55.52,1.8,161.22,158.57,133.02,4.27,2.67,,,153.59,168.55,1.33,NORMAL,40,0,3
USASEEDS.NS,HOLD,90.0,downtrend,40.44,-0.41,92.08,89.53,108.83,2.57,2.86,,,86.14,95.15,1.33,NORMAL,40,0,3
INDIANCARD.NS,HOLD,208.64,downtrend,48.94,-1.66,211.8,216.25,216.88,9.02,4.32,,,195.11,226.68,1.33,ELEVATED,40,1,2
MDL.NS,HOLD,60.0,downtrend,0.0,-0.3,61.14,61.92,60.26,0.15,0.24,,,59.78,60.29,1.33,LOW,40,1,2
ALPHAGEO.NS,HOLD,292.5,weak_trend,32.23,3.4,303.1,273.64,224.65,13.0,4.44,,,273.01,318.49,1.33,ELEVATED,40,0,3
GVPTECH.NS,HOLD,7.55,weak_trend,35.51,0.04,7.67,7.13,7.11,0.46,6.05,,,6.86,8.46,1.33,ELEVATED,40,0,3
BHARATGEAR.NS,HOLD,101.42,weak_trend,36.16,-1.82,101.7,107.88,109.34,2.1,2.07,,,98.27,105.61,1.33,NORMAL,40,0,3
KREBSBIO.NS,HOLD,57.54,weak_trend,58.84,0.36,56.93,55.37,59.22,3.91,6.8,,,51.68,65.36,1.33,ELEVATED,40,0,3
INDBANK.NS,HOLD,26.14,downtrend,29.04,-1.6,28.03,30.74,33.39,1.17,4.48,,,24.38,28.48,1.33,ELEVATED,40,0,3
RPPL.NS,HOLD,20.46,weak_trend,35.48,-0.75,21.8,22.41,18.73,1.12,5.46,,,18.79,22.69,1.33,ELEVATED,40,0,3
UMAEXPORTS.NS,HOLD,20.41,downtrend,12.93,-0.75,22.97,21.79,26.71,0.49,2.4,,,19.68,21.39,1.33,NORMAL,40,0,3
SHEETAL.NS,HOLD,354.95,weak_trend,73.04,8.7,347.47,326.76,260.77,6.72,1.89,,,344.87,368.39,1.33,LOW,40,1,2
SADHAV.NS,HOLD,105.0,downtrend,35.55,-2.23,110.71,114.27,110.13,4.34,4.13,,,98.49,113.68,1.33,ELEVATED,40,0,3
HECPROJECT.NS,HOLD,115.42,weak_trend,48.96,-2.14,118.28,124.92,122.56,6.48,5.61,,,105.7,128.38,1.33,ELEVATED,40,0,3
HPIL.NS,HOLD,116.49,downtrend,36.12,-2.03,121.42,124.3,127.93,4.56,3.92,,,109.64,125.62,1.33,NORMAL,40,1,2
SLONE.NS,HOLD,169.65,downtrend,45.78,4.73,173.89,150.89,184.1,8.79,5.18,,,156.47,187.22,1.33,ELEVATED,40,0,3
GANGESSECU.NS,HOLD,115.63,downtrend,44.62,-1.18,116.8,117.6,123.35,4.11,3.56,,,109.46,123.85,1.33,NORMAL,40,0,3
SURANASOL.NS,HOLD,25.86,weak_trend,48.84,-0.12,25.74,26.01,25.53,0.88,3.41,,,24.54,27.62,1.33,NORMAL,40,1,2
QUESTLAB.NS,HOLD,75.1,downtrend,34.11,-3.77,82.05,87.49,102.98,3.91,5.21,,,69.23,82.92,1.33,ELEVATED,40,0,3
INVENTURE.NS,HOLD,0.9,downtrend,40.0,-0.01,0.92,0.91,1.01,0.02,2.54,,,0.87,0.95,1.33,NORMAL,40,1,2
STEELCITY.NS,HOLD,84.82,weak_trend,48.17,1.12,85.24,81.59,81.21,3.27,3.86,,,79.91,91.37,1.33,NORMAL,40,0,3
BTML.NS,HOLD,7.15,downtrend,10.59,-0.2,7.87,7.6,7.17,0.55,7.69,,,6.33,8.25,1.33,ELEVATED,40,1,2
ZEAL.NS,HOLD,76.0,weak_trend,60.89,3.5,72.33,66.68,72.92,6.22,8.19,,,66.66,88.45,1.33,ELEVATED,40,1,2
VEEKAYEM.NS,HOLD,102.25,weak_trend,38.46,-3.38,104.31,114.08,132.4,6.1,5.96,,,93.11,114.44,1.33,ELEVATED,40,0,3
COMPUSOFT.NS,HOLD,13.35,downtrend,61.39,0.05,13.14,13.08,13.7,0.47,3.54,,,12.64,14.29,1.33,NORMAL,40,1,2
SHYAMCENT.NS,HOLD,5.02,weak_trend,50.0,-0.01,4.97,5.08,5.33,0.2,3.93,,,4.72,5.41,1.33,NORMAL,40,0,3
LAGNAM.NS,HOLD,75.0,downtrend,50.29,-1.53,74.11,79.92,75.68,3.54,4.72,,,69.68,82.09,1.33,ELEVATED,40,1,2
SAMBHAAV.NS,HOLD,5.98,weak_trend,49.32,-0.07,5.97,6.19,7.05,0.44,7.38,,,5.32,6.86,1.33,ELEVATED,40,0,3
SILGO.NS,HOLD,70.43,downtrend,47.62,-0.36,71.32,71.4,74.14,2.75,3.91,,,66.3,75.93,1.33,NORMAL,40,0,3
MASTER.NS,HOLD,400.0,weak_trend,18.43,-13.41,420.28,446.6,359.39,5.89,1.47,,,391.17,411.77,1.33,LOW,40,0,3
MAL.NS,HOLD,43.55,weak_trend,71.3,3.03,39.14,34.77,39.24,2.52,5.78,,,39.77,48.59,1.33,ELEVATED,40,1,2
SMLT.NS,HOLD,60.61,downtrend,33.82,-2.01,63.24,66.35,72.19,3.57,5.88,,,55.26,67.74,1.33,ELEVATED,40,0,3
AUSOMENT.NS,HOLD,147.63,weak_trend,25.24,1.25,151.36,143.75,123.52,6.87,4.65,,,137.33,161.37,1.33,ELEVATED,40,0,3
GTL.NS,HOLD,7.03,downtrend,40.91,-0.09,7.16,7.28,7.42,0.23,3.25,,,6.69,7.49,1.33,NORMAL,40,0,3
VISAMAN.NS,HOLD,33.4,downtrend,0.0,-15.75,56.52,86.64,111.56,2.52,7.56,,,29.61,38.45,1.33,ELEVATED,40,0,3
GREENCHEF.NS,HOLD,74.35,weak_trend,68.85,5.21,66.74,56.71,52.85,4.06,5.46,,,68.26,82.47,1.33,ELEVATED,40,2,1
BAIDFIN.NS,HOLD,10.55,weak_trend,55.97,0.19,10.53,10.11,10.55,0.89,8.43,,,9.22,12.33,1.33,ELEVATED,40,1,2
SMARTLINK.NS,HOLD,218.48,weak_trend,53.53,1.43,218.44,217.33,158.31,10.19,4.67,,,203.19,238.87,1.33,ELEVATED,40,1,2
MAHAPEXLTD.NS,HOLD,53.0,downtrend,45.27,0.28,54.73,51.6,65.5,3.5,6.6,,,47.76,59.99,1.33,ELEVATED,40,0,3
SADBHIN.NS,HOLD,2.59,downtrend,50.82,-0.02,2.56,2.56,2.99,0.11,4.38,,,2.42,2.82,1.33,ELEVATED,40,1,2
SEMAC.NS,HOLD,265.65,weak_trend,32.23,-7.56,280.17,297.72,292.85,11.9,4.48,,,247.8,289.45,1.33,ELEVATED,40,1,2
SOTAC.NS,HOLD,90.05,weak_trend,100.0,-0.54,89.86,91.31,107.29,0.01,0.02,,,90.03,90.08,1.33,LOW,40,0,3
VITAL.NS,HOLD,55.66,weak_trend,53.9,0.6,54.83,52.02,53.23,3.25,5.83,,,50.79,62.15,1.33,ELEVATED,40,1,2
TRU.NS,HOLD,4.23,downtrend,57.43,-0.06,4.13,4.39,5.98,0.26,6.13,,,3.84,4.75,1.33,ELEVATED,40,1,2
JOCIL.NS,HOLD,148.71,weak_trend,51.3,-0.03,148.79,145.66,135.36,11.03,7.42,,,132.16,170.78,1.33,ELEVATED,40,0,3
URBAN.NS,HOLD,117.05,downtrend,42.12,-4.82,124.62,133.02,137.69,4.27,3.65,,,110.64,125.59,1.33,NORMAL,40,0,3
SYLVANPLY.NS,HOLD,52.0,downtrend,41.32,-0.23,53.91,52.98,53.86,0.55,1.06,,,51.17,53.1,1.33,LOW,40,0,3
TRUST.NS,HOLD,26.5,downtrend,18.72,-0.56,28.86,28.13,35.97,1.64,6.17,,,24.05,29.77,1.33,ELEVATED,40,0,3
MCL.NS,HOLD,60.75,downtrend,62.08,-0.02,57.61,56.55,61.75,2.95,4.85,,,56.33,66.64,1.33,ELEVATED,40,2,1
WIPL.NS,HOLD,160.91,weak_trend,48.5,-0.74,164.8,165.74,156.03,5.02,3.12,,,153.38,170.95,1.33,NORMAL,40,1,2
BALPHARMA.NS,HOLD,108.28,weak_trend,70.38,5.7,96.1,90.4,79.07,8.84,8.16,,,95.02,125.96,1.33,ELEVATED,40,1,2
VIPULLTD.NS,HOLD,11.09,downtrend,2.4,-0.7,13.4,13.58,11.71,0.31,2.83,,,10.62,11.72,1.33,NORMAL,40,1,2
SALONA.NS,HOLD,270.65,weak_trend,57.88,1.91,264.47,258.01,263.32,12.76,4.71,,,251.52,296.16,1.33,ELEVATED,40,2,1
LAMBODHARA.NS,HOLD,119.93,weak_trend,36.77,-1.11,131.26,121.38,111.57,6.7,5.59,,,109.88,133.33,1.33,ELEVATED,40,0,3
LOVABLE.NS,HOLD,71.38,weak_trend,45.84,-0.48,71.38,72.08,73.46,2.42,3.39,,,67.75,76.22,1.33,NORMAL,40,0,3
ISHANCH.NS,HOLD,49.87,downtrend,66.67,0.5,45.99,48.48,57.13,3.1,6.21,,,45.23,56.06,1.33,ELEVATED,40,1,2
SHIGAN.NS,HOLD,62.0,downtrend,29.13,-1.1,67.87,65.39,62.89,1.96,3.17,,,59.05,65.93,1.33,NORMAL,40,0,3
SURANI.NS,HOLD,96.05,weak_trend,39.0,-0.63,96.6,97.57,92.69,4.66,4.85,,,89.06,105.37,1.33,ELEVATED,40,1,2
HDIL.NS,HOLD,1.47,weak_trend,39.13,-0.03,1.49,1.56,2.0,0.06,3.84,,,1.39,1.58,1.33,NORMAL,40,0,3
LOYALTEX.NS,HOLD,231.23,uptrend,63.35,0.25,214.4,212.25,213.05,12.64,5.47,,,212.27,256.51,1.33,ELEVATED,40,3,0
RAJSREESUG.NS,HOLD,32.0,downtrend,19.45,-0.69,34.2,33.26,32.19,1.46,4.56,,,29.81,34.92,1.33,ELEVATED,40,0,3
OSWALSEEDS.NS,HOLD,13.57,weak_trend,61.74,0.6,13.25,11.96,12.56,1.29,9.52,,,11.63,16.15,1.33,ELEVATED,40,1,2
BAGFILMS.NS,HOLD,4.34,weak_trend,50.91,-0.04,4.43,4.44,5.06,0.25,5.69,,,3.97,4.83,1.33,ELEVATED,40,0,3
SHAHALLOYS.NS,HOLD,91.45,weak_trend,20.13,2.24,96.76,81.23,70.79,5.65,6.17,,,82.98,102.74,1.33,ELEVATED,40,0,3
SECMARK.NS,HOLD,141.03,weak_trend,48.43,2.22,142.82,132.81,121.58,12.02,8.53,,,122.99,165.08,1.33,ELEVATED,40,0,3
ZENITHEXPO.NS,HOLD,197.0,downtrend,41.8,-2.88,203.87,205.59,205.95,5.7,2.89,,,188.45,208.39,1.33,NORMAL,40,0,3
CUBEXTUB.NS,HOLD,125.82,weak_trend,90.95,5.95,81.93,80.14,92.43,6.18,4.91,,,116.56,138.17,1.33,ELEVATED,40,2,1
LATTEYS.NS,HOLD,20.35,downtrend,40.04,-0.25,21.13,20.92,21.63,1.09,5.36,,,18.71,22.53,1.33,ELEVATED,40,1,2
DELAPLEX.NS,HOLD,90.0,downtrend,37.17,-0.62,99.34,94.89,108.08,5.84,6.48,,,81.25,101.67,1.33,ELEVATED,40,0,3
SAMPANN.NS,HOLD,24.34,downtrend,50.11,-0.55,24.68,26.01,28.75,1.15,4.73,,,22.61,26.64,1.33,ELEVATED,40,1,2
ARTNIRMAN.NS,HOLD,40.01,weak_trend,48.09,-0.17,40.1,40.33,41.74,1.67,4.17,,,37.51,43.35,1.33,ELEVATED,40,0,3
SSFL.NS,HOLD,280.2,weak_trend,59.6,12.45,279.85,261.39,173.97,14.78,5.28,,,258.03,309.76,1.33,ELEVATED,40,1,2
GENSOL.NS,HOLD,16.77,weak_trend,40.0,-0.26,17.12,17.56,22.03,0.77,4.57,,,15.62,18.3,1.33,ELEVATED,40,0,3
TARMAT.NS,HOLD,54.73,weak_trend,21.5,-0.11,59.23,55.09,53.37,2.98,5.45,,,50.25,60.7,1.33,ELEVATED,40,0,3
SIDDHIKA.NS,HOLD,219.0,weak_trend,52.66,0.79,222.17,217.09,210.55,6.41,2.93,,,209.39,231.81,1.33,NORMAL,40,0,3
FIBERWEB.NS,HOLD,26.48,downtrend,56.41,-0.42,26.24,28.04,33.48,1.22,4.62,,,24.65,28.93,1.33,ELEVATED,40,1,2
SCML.NS,HOLD,77.0,downtrend,30.53,-1.45,80.25,81.17,111.35,3.34,4.34,,,71.99,83.68,1.33,ELEVATED,40,0,3
OMFURN.NS,HOLD,53.95,weak_trend,43.05,-1.18,55.5,57.56,60.39,1.64,3.05,,,51.49,57.24,1.33,NORMAL,40,0,3
NEWJAISA.NS,HOLD,17.15,downtrend,39.77,0.19,17.64,16.74,20.03,0.66,3.85,,,16.16,18.47,1.33,NORMAL,40,1,2
DCG.NS,HOLD,74.1,downtrend,49.61,5.07,72.25,61.23,61.13,7.49,10.1,,,62.87,89.07,1.33,ELEVATED,40,1,2
RAJMET.NS,HOLD,3.12,downtrend,51.11,-0.04,3.16,3.25,3.75,0.1,3.25,,,2.97,3.32,1.33,NORMAL,40,1,2
MAXPOSURE.NS,HOLD,37.05,weak_trend,74.03,1.77,32.71,32.95,37.05,2.42,6.53,,,33.42,41.89,1.33,ELEVATED,40,1,2
PAR.NS,HOLD,131.92,weak_trend,28.38,5.95,136.42,114.34,98.02,8.33,6.31,,,119.43,148.57,1.33,ELEVATED,40,0,3
BEARDSELL.NS,HOLD,24.75,weak_trend,42.69,-0.49,24.8,25.84,26.85,1.14,4.62,,,23.04,27.04,1.33,ELEVATED,40,0,3
RELIABLE.NS,HOLD,145.7,weak_trend,62.95,0.09,138.85,141.24,140.98,6.32,4.34,,,136.22,158.34,1.33,ELEVATED,40,2,1
AKSHOPTFBR.NS,HOLD,6.98,weak_trend,44.58,0.14,7.7,6.87,6.15,0.48,6.91,,,6.26,7.94,1.33,ELEVATED,40,1,2
MOKSH.NS,HOLD,10.13,weak_trend,49.51,-0.14,10.17,10.46,12.11,0.45,4.46,,,9.45,11.03,1.33,ELEVATED,40,0,3
BEACON.NS,HOLD,87.15,downtrend,50.88,-1.1,82.7,86.72,87.46,3.34,3.84,,,82.14,93.84,1.33,NORMAL,40,1,2
CRAYONS.NS,HOLD,24.5,weak_trend,39.73,-0.71,24.73,25.85,32.94,0.8,3.27,,,23.3,26.1,1.33,NORMAL,40,0,3
DTL.NS,HOLD,124.15,weak_trend,44.31,1.79,129.07,124.1,123.95,2.86,2.3,,,119.86,129.86,1.33,NORMAL,40,1,2
GROBTEA.NS,HOLD,919.35,downtrend,34.33,-7.27,957.14,933.43,928.68,29.45,3.2,,,875.17,978.25,1.33,NORMAL,40,0,3
REGENCERAM.NS,HOLD,34.89,downtrend,49.06,-0.45,34.15,34.54,41.39,3.3,9.47,,,29.93,41.5,1.33,ELEVATED,40,1,2
SURYALAXMI.NS,HOLD,58.82,weak_trend,41.76,-0.24,58.41,58.22,57.52,2.62,4.45,,,54.89,64.06,1.33,ELEVATED,40,1,2
MAHICKRA.NS,HOLD,297.0,weak_trend,54.87,8.65,300.46,280.32,222.14,7.4,2.49,,,285.91,311.79,1.33,NORMAL,40,0,3
RELCHEMQ.NS,HOLD,117.71,downtrend,52.32,-0.1,115.02,119.51,123.97,6.23,5.29,,,108.37,130.17,1.33,ELEVATED,40,1,2
KOHINOOR.NS,HOLD,31.75,weak_trend,41.3,0.43,31.84,28.35,25.92,1.68,5.29,,,29.23,35.11,1.33,ELEVATED,40,1,2
HILTON.NS,HOLD,16.73,downtrend,18.87,-0.96,18.09,19.86,23.68,0.71,4.27,,,15.66,18.16,1.33,ELEVATED,40,0,3
PALASHSECU.NS,HOLD,85.69,downtrend,39.41,-0.92,88.43,88.87,94.75,2.95,3.44,,,81.27,91.59,1.33,NORMAL,40,1,2
TOTAL.NS,HOLD,71.5,weak_trend,56.11,1.98,71.73,63.8,60.78,3.79,5.3,,,65.81,79.09,1.33,ELEVATED,40,0,3
ASCOM.NS,HOLD,207.9,downtrend,1.75,-6.8,218.22,235.02,215.61,1.03,0.49,,,206.36,209.95,1.33,LOW,40,0,3
OLIL.NS,HOLD,434.6,weak_trend,59.3,5.52,423.52,419.52,370.85,19.74,4.54,,,405.0,474.07,1.33,ELEVATED,40,2,1
VAISHALI.NS,HOLD,8.45,weak_trend,56.57,0.14,8.42,8.12,7.67,0.58,6.82,,,7.59,9.6,1.33,ELEVATED,40,2,1
SIL.NS,HOLD,17.13,weak_trend,28.7,-0.61,18.11,17.9,15.74,0.94,5.46,,,15.73,19.0,1.33,ELEVATED,40,1,2
OBCL.NS,HOLD,60.27,weak_trend,78.18,1.07,56.3,54.59,55.19,2.06,3.42,,,57.18,64.39,1.33,NORMAL,40,2,1
ROCKINGDCE.NS,HOLD,217.0,weak_trend,39.73,5.63,228.64,200.59,198.29,15.39,7.09,,,193.91,247.79,1.33,ELEVATED,40,0,3
TOKYOPLAST.NS,HOLD,79.4,downtrend,55.67,-0.29,76.97,78.6,87.86,3.49,4.39,,,74.17,86.38,1.33,ELEVATED,40,2,1
REFRACTORY.NS,HOLD,36.55,weak_trend,82.74,1.9,28.14,27.11,37.39,1.29,3.52,,,34.62,39.12,1.33,NORMAL,40,1,2
DIGIDRIVE.NS,HOLD,17.9,downtrend,54.18,-0.04,17.63,17.76,20.87,0.71,3.99,,,16.83,19.33,1.33,NORMAL,40,1,2
BHANDARI.NS,HOLD,2.95,downtrend,45.45,0.0,2.99,2.94,3.25,0.07,2.37,,,2.85,3.09,1.33,NORMAL,40,0,3
ODIGMA.NS,HOLD,21.1,downtrend,17.89,-0.47,22.18,22.49,25.66,0.97,4.58,,,19.65,23.03,1.33,ELEVATED,40,1,2
KAKATCEM.NS,HOLD,107.97,downtrend,39.67,-1.53,110.67,113.56,115.75,3.63,3.36,,,102.52,115.24,1.33,NORMAL,40,0,3
KLL.NS,HOLD,41.9,weak_trend,87.69,3.16,26.42,25.78,36.86,2.66,6.34,,,37.91,47.21,1.33,ELEVATED,40,2,1
MITCON.NS,HOLD,82.62,uptrend,67.36,0.84,79.43,77.58,71.46,4.47,5.41,,,75.91,91.56,1.33,ELEVATED,40,3,0
TOUCHWOOD.NS,HOLD,61.85,downtrend,65.76,-0.53,60.93,63.73,76.66,2.94,4.76,,,57.44,67.74,1.33,ELEVATED,40,1,2
AAATECH.NS,HOLD,93.56,downtrend,52.87,-0.24,91.27,91.22,95.66,3.71,3.96,,,88.0,100.97,1.33,NORMAL,40,2,1
SPLIL.NS,HOLD,30.19,downtrend,41.2,-0.35,31.09,31.24,30.83,1.42,4.71,,,28.06,33.03,1.33,ELEVATED,40,0,3
HOLMARC.NS,HOLD,120.0,weak_trend,66.88,2.94,108.09,107.39,98.65,4.19,3.49,,,113.72,128.38,1.33,NORMAL,40,2,1
HOACFOODS.NS,HOLD,825.3,weak_trend,23.33,2.67,898.85,815.29,537.3,19.79,2.4,,,795.62,864.87,1.33,NORMAL,40,0,3
ZENITHSTL.NS,HOLD,5.34,downtrend,49.13,-0.03,5.61,5.56,5.87,0.45,8.36,,,4.67,6.23,1.33,ELEVATED,40,0,3
NAMAN.NS,HOLD,44.1,weak_trend,72.78,-0.34,39.78,42.14,51.93,0.69,1.57,,,43.06,45.49,1.33,LOW,40,1,2
PIONEEREMB.NS,HOLD,22.24,downtrend,59.95,-0.15,21.52,22.46,25.07,1.16,5.22,,,20.5,24.56,1.33,ELEVATED,40,1,2
ZENITHDRUG.NS,HOLD,48.95,uptrend,66.07,0.08,43.92,45.29,45.72,2.89,5.9,,,44.62,54.72,1.33,ELEVATED,40,3,0
GLOBE.NS,HOLD,2.24,weak_trend,71.43,0.03,1.93,2.01,2.39,0.13,5.8,,,2.05,2.5,1.33,ELEVATED,40,1,2
DHRUV.NS,HOLD,21.07,downtrend,33.09,-0.84,22.61,23.88,31.71,1.4,6.66,,,18.97,23.88,1.33,ELEVATED,40,1,2
SONUINFRA.NS,HOLD,45.0,weak_trend,58.79,1.95,44.26,41.6,56.19,2.85,6.33,,,40.73,50.69,1.33,ELEVATED,40,0,3
SELMC.NS,HOLD,26.41,downtrend,43.93,-0.25,27.74,27.79,29.65,1.06,4.0,,,24.83,28.52,1.33,NORMAL,40,0,3
MAGSON.NS,HOLD,180.0,weak_trend,48.53,-1.15,182.19,182.86,159.42,4.38,2.43,,,173.43,188.76,1.33,NORMAL,40,1,2
CAPTRUST.NS,HOLD,19.35,downtrend,46.41,0.05,19.21,18.42,14.46,0.85,4.41,,,18.07,21.06,1.33,ELEVATED,40,1,2
ATAM.NS,HOLD,59.24,downtrend,59.88,-0.19,56.16,60.18,68.1,3.92,6.61,,,53.36,67.08,1.33,ELEVATED,40,1,2
PARAGON.NS,HOLD,53.2,weak_trend,57.9,1.24,52.28,50.33,45.7,3.67,6.89,,,47.7,60.54,1.33,ELEVATED,40,1,2
LPDC.NS,HOLD,6.66,weak_trend,49.41,-0.04,6.51,6.59,6.67,0.42,6.3,,,6.03,7.5,1.33,ELEVATED,40,0,3
ROXHITECH.NS,HOLD,46.65,weak_trend,51.3,-0.87,45.75,45.98,37.85,1.44,3.08,,,44.49,49.52,1.33,NORMAL,40,1,2
DIGJAMLMTD.NS,HOLD,53.99,weak_trend,55.76,2.38,56.06,51.06,47.58,4.09,7.58,,,47.85,62.17,1.33,ELEVATED,40,0,3
NIRMAN.NS,HOLD,27.1,weak_trend,32.14,-1.62,27.88,32.59,47.57,1.06,3.91,,,25.51,29.22,1.33,NORMAL,40,0,3
PATINTLOG.NS,HOLD,14.42,weak_trend,71.45,0.17,13.32,13.69,12.63,0.7,4.83,,,13.38,15.81,1.33,ELEVATED,40,1,2
GOYALALUM.NS,HOLD,5.92,downtrend,37.19,-0.13,6.12,6.34,6.82,0.34,5.8,,,5.4,6.61,1.33,ELEVATED,40,1,2
MANGALAM.NS,HOLD,32.32,weak_trend,55.95,0.98,32.19,29.51,30.51,2.33,7.21,,,28.82,36.98,1.33,ELEVATED,40,1,2
IL&FSTRANS.NS,HOLD,1.83,downtrend,20.0,-0.07,2.05,2.08,2.37,0.12,6.56,,,1.65,2.07,1.33,ELEVATED,40,1,2
ACCURACY.NS,HOLD,4.3,downtrend,51.82,-0.06,4.4,4.65,5.05,0.22,5.18,,,3.97,4.75,1.33,ELEVATED,40,2,1
PRUDMOULI.NS,HOLD,13.8,downtrend,29.78,-0.21,15.74,14.47,16.49,0.95,6.87,,,12.38,15.7,1.33,ELEVATED,40,0,3
DIGIKORE.NS,HOLD,37.5,downtrend,39.92,-0.92,38.38,40.72,61.25,2.76,7.35,,,33.36,43.01,1.33,ELEVATED,40,0,3
AMDIND.NS,HOLD,57.58,weak_trend,48.76,2.28,59.84,53.54,46.88,4.79,8.31,,,50.4,67.15,1.33,ELEVATED,40,0,3
SILKFLEX.NS,HOLD,286.35,weak_trend,54.6,16.17,273.6,232.62,169.1,13.47,4.71,,,266.14,313.3,1.33,ELEVATED,40,1,2
BVCL.NS,HOLD,42.12,downtrend,43.8,-0.23,42.49,41.86,42.28,1.85,4.4,,,39.34,45.82,1.33,ELEVATED,40,0,3
CINEVISTA.NS,HOLD,14.1,weak_trend,42.42,-0.13,14.24,14.62,15.32,0.94,6.64,,,12.7,15.97,1.33,ELEVATED,40,1,2
MOTOGENFIN.NS,HOLD,26.09,weak_trend,41.94,-0.31,26.91,26.74,24.76,2.16,8.29,,,22.84,30.42,1.33,ELEVATED,40,0,3
HISARMETAL.NS,HOLD,156.13,weak_trend,42.78,0.92,156.98,152.74,154.47,6.5,4.17,,,146.37,169.14,1.33,ELEVATED,40,0,3
JHS.NS,HOLD,8.47,downtrend,66.31,0.09,8.28,8.1,8.83,0.53,6.26,,,7.68,9.53,1.33,ELEVATED,40,1,2
PRITI.NS,HOLD,33.17,weak_trend,49.43,-0.65,33.45,35.25,43.78,1.57,4.75,,,30.81,36.32,1.33,ELEVATED,40,0,3
ENERGYDEV.NS,HOLD,14.71,downtrend,34.01,-0.48,15.19,16.1,16.88,0.67,4.57,,,13.7,16.05,1.33,ELEVATED,40,0,3
AAKASH.NS,HOLD,9.13,weak_trend,60.84,0.05,8.82,8.87,8.75,0.44,4.8,,,8.47,10.01,1.33,ELEVATED,40,2,1
KANDARP.NS,HOLD,74.4,downtrend,24.7,-7.27,84.12,93.27,126.73,5.06,6.81,,,66.8,84.53,1.33,ELEVATED,40,0,3
EFORCE.NS,HOLD,19.1,downtrend,36.26,-0.57,19.64,20.68,25.52,0.9,4.71,,,17.75,20.9,1.33,ELEVATED,40,0,3
FONEBOX.NS,HOLD,152.1,weak_trend,85.98,13.37,114.8,98.93,83.96,6.13,4.03,,,142.9,164.36,1.33,ELEVATED,40,2,1
ORCHASP.NS,HOLD,1.37,weak_trend,47.62,-0.02,1.41,1.49,2.09,0.12,8.65,,,1.19,1.61,1.33,ELEVATED,40,0,3
SONAMAC.NS,HOLD,31.5,downtrend,46.77,-0.46,32.92,33.76,37.49,1.48,4.68,,,29.29,34.45,1.33,ELEVATED,40,0,3
TGL.NS,HOLD,14.7,downtrend,0.0,-0.87,16.46,18.38,34.83,0.31,2.14,,,14.23,15.33,1.33,NORMAL,40,1,2
CLSL.NS,HOLD,70.0,weak_trend,2.48,-1.37,81.51,74.93,53.44,1.92,2.74,,,67.12,73.84,1.33,NORMAL,40,0,3
AISL.NS,HOLD,56.0,downtrend,46.76,-0.43,56.04,56.9,63.87,2.37,4.23,,,52.44,60.74,1.33,ELEVATED,40,0,3
PRAKASHSTL.NS,HOLD,3.72,downtrend,53.76,-0.06,3.76,3.89,4.35,0.2,5.26,,,3.43,4.11,1.33,ELEVATED,40,1,2
CURAA.NS,HOLD,72.0,weak_trend,59.24,0.16,72.93,73.04,90.32,5.44,7.56,,,63.84,82.88,1.33,ELEVATED,40,0,3
SUNDARAM.NS,HOLD,1.17,downtrend,25.0,-0.02,1.2,1.22,1.42,0.04,3.24,,,1.11,1.25,1.33,NORMAL,40,0,3
DBSTOCKBRO.NS,HOLD,30.0,weak_trend,47.98,-0.6,28.92,31.73,28.73,1.27,4.23,,,28.1,32.54,1.33,ELEVATED,40,1,2
MHHL.NS,HOLD,32.0,downtrend,52.86,-0.6,31.77,34.11,37.03,1.2,3.74,,,30.21,34.39,1.33,NORMAL,40,1,2
KONSTELEC.NS,HOLD,61.9,downtrend,48.87,0.11,61.88,61.57,47.44,2.61,4.22,,,57.98,67.12,1.33,ELEVATED,40,1,2
SANGANI.NS,HOLD,51.1,weak_trend,40.0,-0.08,52.64,49.64,48.59,2.2,4.31,,,47.8,55.5,1.33,ELEVATED,40,0,3
VIAZ.NS,HOLD,79.0,weak_trend,99.15,2.71,73.72,68.02,64.88,1.73,2.18,,,76.41,82.45,1.33,NORMAL,40,2,1
ALKALI.NS,HOLD,101.63,weak_trend,74.93,6.61,77.96,73.39,72.24,8.41,8.28,,,89.01,118.46,1.33,ELEVATED,40,2,1
PARTYCRUS.NS,HOLD,98.9,uptrend,65.34,3.58,89.16,87.1,87.88,6.96,7.03,,,88.46,112.81,1.33,ELEVATED,40,3,0
BAWEJA.NS,HOLD,25.9,downtrend,50.55,-0.29,24.29,25.46,30.54,1.08,4.15,,,24.29,28.05,1.33,ELEVATED,40,2,1
AKI.NS,HOLD,6.74,weak_trend,51.72,0.43,5.99,4.97,5.35,0.48,7.08,,,6.02,7.69,1.33,ELEVATED,40,1,2
AJOONI.NS,HOLD,3.28,downtrend,23.46,-0.15,3.51,3.75,4.09,0.16,4.94,,,3.04,3.6,1.33,ELEVATED,40,0,3
ANMOL.NS,HOLD,13.85,weak_trend,66.46,1.1,12.78,11.22,11.77,1.6,11.58,,,11.44,17.06,1.33,ELEVATED,40,2,1
BANKA.NS,HOLD,76.5,weak_trend,48.79,-1.37,78.42,82.85,73.98,4.17,5.45,,,70.24,84.84,1.33,ELEVATED,40,0,3
NAGREEKEXP.NS,HOLD,24.21,downtrend,64.53,-0.15,22.12,22.58,24.81,1.59,6.56,,,21.83,27.39,1.33,ELEVATED,40,2,1
DELTAMAGNT.NS,HOLD,56.57,downtrend,45.35,-0.73,56.67,57.51,60.79,2.7,4.77,,,52.53,61.96,1.33,ELEVATED,40,0,3
MEGAFLEX.NS,HOLD,99.0,downtrend,57.87,-0.36,95.88,97.75,120.64,1.85,1.87,,,96.23,102.69,1.33,LOW,40,1,2
HGM.NS,HOLD,42.64,downtrend,34.53,-0.77,47.61,47.82,55.09,3.48,8.15,,,37.43,49.59,1.33,ELEVATED,40,0,3
CEREBRAINT.NS,HOLD,2.76,downtrend,68.18,-0.0,2.74,2.81,4.25,0.06,2.04,,,2.68,2.87,1.33,NORMAL,40,1,2
CTE.NS,HOLD,43.95,weak_trend,52.87,0.42,42.73,39.49,34.27,2.48,5.65,,,40.23,48.91,1.33,ELEVATED,40,1,2
SUVIDHAA.NS,HOLD,2.19,downtrend,55.96,-0.05,2.25,2.39,2.85,0.23,10.53,,,1.84,2.65,1.33,ELEVATED,40,1,2
ORIENTLTD.NS,HOLD,80.19,weak_trend,44.99,0.4,81.83,79.83,69.65,3.86,4.81,,,74.4,87.91,1.33,ELEVATED,40,1,2
ARISTO.NS,HOLD,105.85,weak_trend,61.73,1.05,105.9,107.68,102.88,1.14,1.07,,,104.15,108.12,1.33,LOW,40,2,1
SRIVASAVI.NS,HOLD,81.55,uptrend,64.01,-0.99,74.98,80.82,60.28,3.0,3.68,,,77.04,87.56,1.33,NORMAL,40,3,0
NARMADA.NS,HOLD,13.34,weak_trend,46.05,-0.4,13.89,15.15,15.8,0.74,5.53,,,12.23,14.82,1.33,ELEVATED,40,1,2
ONDOOR.NS,HOLD,268.0,weak_trend,37.4,2.38,287.47,263.05,179.28,17.07,6.37,,,242.39,302.14,1.33,ELEVATED,40,0,3
PULZ.NS,HOLD,20.45,downtrend,35.63,-0.49,22.77,23.33,25.63,0.94,4.61,,,19.04,22.34,1.33,ELEVATED,40,1,2
TFL.NS,HOLD,11.77,downtrend,38.49,0.06,12.02,11.54,12.73,0.54,4.6,,,10.96,12.85,1.33,ELEVATED,40,0,3
AGRITECH.NS,HOLD,97.83,weak_trend,38.55,-2.06,99.73,104.88,119.33,4.14,4.23,,,91.63,106.1,1.33,ELEVATED,40,0,3
ARABIAN.NS,HOLD,88.5,weak_trend,54.29,1.49,84.95,80.28,72.67,2.6,2.94,,,84.6,93.7,1.33,NORMAL,40,2,1
BLBLIMITED.NS,HOLD,17.33,uptrend,55.99,0.08,16.36,16.09,15.87,0.88,5.07,,,16.01,19.09,1.33,ELEVATED,40,3,0
BLUECOAST.NS,HOLD,20.82,downtrend,42.86,-1.01,22.06,24.04,27.24,1.51,7.24,,,18.56,23.83,1.33,ELEVATED,40,0,3
BANARBEADS.NS,HOLD,113.28,weak_trend,48.07,-0.49,112.54,113.9,113.97,4.73,4.17,,,106.19,122.74,1.33,ELEVATED,40,0,3
AGROPHOS.NS,HOLD,24.25,weak_trend,45.81,-0.91,24.58,26.75,31.87,1.76,7.27,,,21.61,27.77,1.33,ELEVATED,40,0,3
DAMODARIND.NS,HOLD,29.49,uptrend,56.06,0.09,28.39,28.4,28.26,1.14,3.88,,,27.78,31.78,1.33,NORMAL,40,3,0
K2INFRA.NS,HOLD,42.7,downtrend,21.71,-2.46,47.03,51.21,56.07,2.25,5.26,,,39.33,47.19,1.33,ELEVATED,40,1,2
NOIDATOLL.NS,HOLD,3.93,weak_trend,39.02,-0.08,4.06,4.22,4.22,0.16,4.09,,,3.69,4.25,1.33,ELEVATED,40,1,2
3PLAND.NS,HOLD,30.91,downtrend,32.5,-0.27,31.67,31.84,33.44,1.62,5.23,,,28.49,34.14,1.33,ELEVATED,40,0,3
AMEYA.NS,HOLD,161.9,weak_trend,96.73,11.3,122.67,114.54,105.85,5.77,3.56,,,153.24,173.44,1.33,NORMAL,40,2,1
SECURKLOUD.NS,HOLD,16.61,weak_trend,34.71,-0.32,17.11,17.72,21.03,0.85,5.1,,,15.34,18.3,1.33,ELEVATED,40,0,3
ROML.NS,HOLD,41.87,downtrend,46.5,-0.61,42.06,43.49,45.07,1.33,3.17,,,39.88,44.52,1.33,NORMAL,40,0,3
PARASPETRO.NS,HOLD,2.08,downtrend,40.0,-0.04,2.15,2.24,2.15,0.09,4.29,,,1.95,2.26,1.33,ELEVATED,40,0,3
MARCO.NS,HOLD,29.35,downtrend,28.57,-0.89,31.26,31.7,34.11,1.46,4.96,,,27.16,32.26,1.33,ELEVATED,40,0,3
AHLADA.NS,HOLD,39.15,downtrend,57.19,-0.05,37.01,37.62,42.86,2.59,6.6,,,35.27,44.32,1.33,ELEVATED,40,2,1
HOMESFY.NS,HOLD,116.0,weak_trend,100.0,0.14,112.24,116.18,133.35,0.34,0.29,,,115.5,116.67,1.33,LOW,40,0,3
TPHQ.NS,HOLD,0.52,downtrend,33.33,0.0,0.53,0.49,0.54,0.02,4.67,,,0.48,0.57,1.33,ELEVATED,40,1,2
ATLASCYCLE.NS,HOLD,100.46,weak_trend,54.13,-1.1,95.86,96.96,96.2,6.67,6.64,,,90.46,113.8,1.33,ELEVATED,40,2,1
SHEKHAWATI.NS,HOLD,24.85,weak_trend,97.51,1.92,18.56,16.42,15.3,1.18,4.73,,,23.09,27.2,1.33,ELEVATED,40,1,2
ORIENTALTL.NS,HOLD,4.96,weak_trend,48.94,-0.05,5.05,5.15,6.42,0.23,4.72,,,4.61,5.43,1.33,ELEVATED,40,1,2
FMNL.NS,HOLD,8.1,downtrend,31.22,-0.27,9.54,9.37,9.2,0.6,7.44,,,7.2,9.31,1.33,ELEVATED,40,1,2
SAIFL.NS,HOLD,4.25,downtrend,26.92,-0.19,4.61,4.88,8.16,0.19,4.37,,,3.97,4.62,1.33,ELEVATED,40,0,3
SYNOPTICS.NS,HOLD,44.9,weak_trend,42.95,-4.56,49.18,61.88,58.72,1.23,2.74,,,43.05,47.36,1.33,NORMAL,40,0,3
NORBTEAEXP.NS,HOLD,65.55,downtrend,40.38,-0.6,66.48,66.89,77.68,3.42,5.22,,,60.42,72.39,1.33,ELEVATED,40,0,3
BANG.NS,HOLD,31.78,downtrend,39.6,0.25,33.87,31.4,37.26,1.86,5.86,,,28.99,35.5,1.33,ELEVATED,40,0,3
BIRDYS.NS,HOLD,85.45,weak_trend,45.4,-0.77,86.27,87.8,109.99,0.89,1.04,,,84.12,87.22,1.33,LOW,40,0,3
FLEXITUFF.NS,HOLD,2.73,downtrend,67.01,-0.17,2.38,3.25,7.34,0.11,3.85,,,2.57,2.94,1.33,NORMAL,40,1,2
LRRPL.NS,HOLD,95.55,uptrend,69.01,1.63,89.54,88.23,79.08,2.32,2.43,,,92.07,100.19,1.33,NORMAL,40,3,0
ANSALAPI.NS,HOLD,3.79,weak_trend,86.3,0.1,3.42,3.32,3.41,0.08,2.07,,,3.67,3.95,1.33,NORMAL,40,2,1
GATECH.NS,HOLD,0.76,weak_trend,27.91,-0.02,0.85,0.74,0.56,0.04,4.61,,,0.71,0.83,1.33,ELEVATED,40,0,3
BALKRISHNA.NS,HOLD,16.15,downtrend,43.59,-0.29,16.73,17.23,17.52,0.77,4.74,,,15.0,17.68,1.33,ELEVATED,40,0,3
SWASTIK.NS,HOLD,17.75,downtrend,31.09,-0.6,18.45,18.78,19.88,0.5,2.8,,,17.01,18.74,1.33,NORMAL,40,0,3
NIBL.NS,HOLD,33.52,weak_trend,64.47,0.0,31.25,32.9,31.28,2.03,6.07,,,30.47,37.59,1.33,ELEVATED,40,2,1
JAIPURKURT.NS,HOLD,24.95,weak_trend,36.74,-0.57,25.48,26.54,30.38,1.24,4.96,,,23.09,27.42,1.33,ELEVATED,40,0,3
VERTEXPLUS.NS,HOLD,69.35,weak_trend,100.0,5.45,60.77,52.82,77.53,1.83,2.64,,,66.61,73.01,1.33,NORMAL,40,0,3
CELEBRITY.NS,HOLD,6.65,weak_trend,45.45,-0.05,6.74,6.89,7.64,0.32,4.84,,,6.17,7.29,1.33,ELEVATED,40,1,2
GRAPHISAD.NS,HOLD,24.5,downtrend,38.81,-0.64,25.69,27.03,34.57,1.08,4.42,,,22.88,26.66,1.33,ELEVATED,40,0,3
RILINFRA.NS,HOLD,33.05,weak_trend,37.24,-1.07,33.89,36.36,35.75,1.79,5.42,,,30.36,36.64,1.33,ELEVATED,40,0,3
DURLAX.NS,HOLD,60.05,weak_trend,43.68,0.02,62.89,58.68,49.69,4.27,7.11,,,53.65,68.59,1.33,ELEVATED,40,0,3
JETFREIGHT.NS,HOLD,21.67,weak_trend,55.64,-0.19,20.99,22.06,19.84,1.37,6.3,,,19.62,24.4,1.33,ELEVATED,40,2,1
SERVICE.NS,HOLD,66.35,weak_trend,25.16,0.59,68.63,64.3,53.57,1.58,2.38,,,63.98,69.51,1.33,NORMAL,40,0,3
GSS.NS,HOLD,10.51,weak_trend,35.93,-0.55,10.94,12.1,13.62,0.65,6.17,,,9.54,11.81,1.33,ELEVATED,40,0,3
BIOFILCHEM.NS,HOLD,32.29,weak_trend,51.45,0.1,32.87,32.58,33.19,1.82,5.63,,,29.56,35.93,1.33,ELEVATED,40,0,3
DHANLAXMI.NS,HOLD,25.3,downtrend,57.66,-0.18,24.37,24.83,27.73,0.73,2.88,,,24.21,26.76,1.33,NORMAL,40,1,2
ARCHIES.NS,HOLD,12.93,weak_trend,49.77,-0.28,12.83,13.47,14.97,0.62,4.83,,,11.99,14.18,1.33,ELEVATED,40,0,3
GAYAHWS.NS,HOLD,1.88,downtrend,35.71,-0.02,1.92,1.93,2.27,0.1,5.28,,,1.73,2.08,1.33,ELEVATED,40,0,3
DANGEE.NS,HOLD,2.7,downtrend,12.5,-0.06,2.8,2.89,3.19,0.13,4.95,,,2.5,2.97,1.33,ELEVATED,40,0,3
KARMAENG.NS,HOLD,40.18,downtrend,64.15,0.41,38.53,38.68,43.06,2.42,6.02,,,36.55,45.02,1.33,ELEVATED,40,1,2
TNTELE.NS,HOLD,9.06,downtrend,52.24,0.0,8.95,9.01,9.28,0.49,5.46,,,8.32,10.05,1.33,ELEVATED,40,2,1
MALUPAPER.NS,HOLD,31.99,weak_trend,54.97,0.01,32.55,32.33,32.61,1.75,5.45,,,29.37,35.48,1.33,ELEVATED,40,0,3
BLUEPEBBLE.NS,HOLD,75.0,downtrend,58.05,1.89,73.99,71.89,104.08,4.45,5.93,,,68.33,83.89,1.33,ELEVATED,40,1,2
RKDL.NS,HOLD,18.49,downtrend,55.22,-0.05,18.41,18.75,20.11,0.67,3.6,,,17.49,19.82,1.33,NORMAL,40,1,2
ICDSLTD.NS,HOLD,59.58,weak_trend,50.59,4.09,57.45,47.31,44.47,5.05,8.47,,,52.01,69.67,1.33,ELEVATED,40,1,2
PALREDTEC.NS,HOLD,46.73,weak_trend,36.36,-1.5,51.52,50.41,43.42,3.13,6.69,,,42.04,52.98,1.33,ELEVATED,40,0,3
AGSTRA.NS,HOLD,2.19,weak_trend,71.43,-0.0,1.98,2.05,2.91,0.09,4.21,,,2.05,2.37,1.33,ELEVATED,40,1,2
MANUGRAPH.NS,HOLD,23.52,weak_trend,94.96,1.22,15.97,15.52,14.99,1.57,6.66,,,21.17,26.65,1.33,ELEVATED,40,2,1
LFIC.NS,HOLD,136.14,weak_trend,53.28,-0.89,134.57,136.82,140.48,9.42,6.92,,,122.01,154.97,1.33,ELEVATED,40,0,3
GOLDENTOBC.NS,HOLD,23.5,downtrend,39.67,-0.23,24.52,24.71,27.14,1.24,5.28,,,21.64,25.98,1.33,ELEVATED,40,0,3
PRESSTONIC.NS,HOLD,39.85,downtrend,66.58,1.16,33.26,30.88,40.31,2.4,6.03,,,36.24,44.66,1.33,ELEVATED,40,2,1
CADSYS.NS,HOLD,46.05,weak_trend,45.35,-1.85,46.61,52.32,54.46,0.32,0.69,,,45.57,46.69,1.33,LOW,40,0,3
VINNY.NS,HOLD,0.92,downtrend,7.69,-0.03,0.99,1.03,1.12,0.03,3.65,,,0.87,0.99,1.33,NORMAL,40,0,3
SHIVAMILLS.NS,HOLD,59.92,weak_trend,45.65,-0.23,61.15,61.13,59.42,3.04,5.07,,,55.37,65.99,1.33,ELEVATED,40,0,3
UWCSL.NS,HOLD,122.45,weak_trend,100.0,5.68,114.72,105.23,102.12,1.32,1.08,,,120.47,125.09,1.33,LOW,40,1,2
LEXUS.NS,HOLD,12.5,downtrend,31.38,-0.34,13.29,14.04,21.4,0.89,7.1,,,11.17,14.27,1.33,ELEVATED,40,1,2
BABAFP.NS,HOLD,23.7,downtrend,56.29,-0.09,22.88,23.43,25.98,1.67,7.05,,,21.19,27.04,1.33,ELEVATED,40,2,1
HBSL.NS,HOLD,55.68,downtrend,58.7,0.09,53.39,53.01,58.13,2.3,4.12,,,52.24,60.27,1.33,ELEVATED,40,2,1
BMETRICS.NS,HOLD,34.9,weak_trend,46.7,-0.41,34.14,35.49,38.24,1.88,5.38,,,32.08,38.65,1.33,ELEVATED,40,0,3
ADROITINFO.NS,HOLD,13.53,weak_trend,94.72,0.57,10.94,10.22,9.72,0.83,6.13,,,12.28,15.19,1.33,ELEVATED,40,2,1
AUROIMPEX.NS,HOLD,39.0,weak_trend,80.15,2.72,28.96,27.0,30.75,1.4,3.6,,,36.89,41.81,1.33,NORMAL,40,1,2
TARAPUR.NS,HOLD,12.16,weak_trend,30.43,-0.72,12.95,14.64,22.06,0.84,6.9,,,10.9,13.84,1.33,ELEVATED,40,0,3
RCDL.NS,HOLD,15.5,downtrend,56.98,-1.99,15.1,21.52,22.75,0.85,5.46,,,14.23,17.19,1.33,ELEVATED,40,2,1
SEL.NS,HOLD,353.75,weak_trend,69.94,21.23,332.47,292.15,217.15,17.79,5.03,,,327.06,389.34,1.33,ELEVATED,40,2,1
JAKHARIA.NS,HOLD,59.5,downtrend,0.0,-0.25,60.23,60.39,60.47,0.07,0.12,,,59.39,59.64,1.33,LOW,40,0,3
LCCINFOTEC.NS,HOLD,3.84,downtrend,55.21,-0.09,3.53,3.86,4.53,0.29,7.63,,,3.4,4.43,1.33,ELEVATED,40,1,2
MCON.NS,HOLD,41.0,downtrend,42.72,-1.11,42.12,43.46,48.95,1.22,2.97,,,39.17,43.44,1.33,NORMAL,40,0,3
ASTRON.NS,HOLD,2.97,weak_trend,49.28,-0.12,3.0,3.39,4.22,0.17,5.7,,,2.72,3.31,1.33,ELEVATED,40,0,3
KHAITANLTD.NS,HOLD,153.14,weak_trend,40.49,1.81,154.27,145.74,120.66,9.78,6.38,,,138.48,172.69,1.33,ELEVATED,40,0,3
AROGRANITE.NS,HOLD,24.23,downtrend,46.22,-0.45,24.09,24.73,26.33,1.31,5.39,,,22.27,26.84,1.33,ELEVATED,40,0,3
SIMBHALS.NS,HOLD,6.31,downtrend,0.0,-0.31,7.51,7.29,8.27,0.16,2.55,,,6.07,6.63,1.33,NORMAL,40,0,3
HYBRIDFIN.NS,HOLD,16.79,downtrend,53.97,-0.27,16.77,17.44,18.68,0.65,3.87,,,15.82,18.09,1.33,NORMAL,40,2,1
VISHWAS.NS,HOLD,38.5,downtrend,0.86,-0.73,42.26,42.16,43.49,0.6,1.55,,,37.61,39.69,1.33,LOW,40,1,2
QUICKTOUCH.NS,HOLD,16.25,downtrend,54.78,-0.52,16.54,19.18,27.88,0.71,4.35,,,15.19,17.66,1.33,ELEVATED,40,2,1
21STCENMGM.NS,HOLD,39.92,weak_trend,71.46,-0.31,39.18,40.07,37.52,1.0,2.52,,,38.41,41.93,1.33,NORMAL,40,2,1
DKEGL.NS,HOLD,69.95,downtrend,57.39,0.57,68.26,67.51,70.87,3.04,4.34,,,65.39,76.03,1.33,ELEVATED,40,1,2
DNAMEDIA.NS,HOLD,2.5,weak_trend,48.15,-0.05,2.54,2.66,3.13,0.23,9.34,,,2.15,2.97,1.33,ELEVATED,40,1,2
LASA.NS,HOLD,5.89,downtrend,1.05,-0.31,6.49,6.93,7.93,0.11,1.92,,,5.72,6.12,1.33,LOW,40,0,3
PENTAGON.NS,HOLD,95.0,weak_trend,75.59,9.86,79.39,63.56,64.62,6.34,6.68,,,85.49,107.69,1.33,ELEVATED,40,1,2
RULKA.NS,HOLD,105.2,weak_trend,48.14,-0.34,107.77,108.45,100.93,4.79,4.55,,,98.02,114.77,1.33,ELEVATED,40,0,3
UCL.NS,HOLD,221.4,weak_trend,0.0,-2.84,241.61,228.83,133.48,2.03,0.91,,,218.36,225.45,1.33,LOW,40,1,2
SUPERSPIN.NS,HOLD,7.57,weak_trend,64.92,0.33,6.95,6.28,6.21,0.42,5.5,,,6.95,8.4,1.33,ELEVATED,40,2,1
COUNCODOS.NS,HOLD,6.38,weak_trend,35.19,-0.03,6.53,6.46,5.47,0.29,4.6,,,5.94,6.97,1.33,ELEVATED,40,0,3
WEWIN.NS,HOLD,46.76,downtrend,67.45,-0.48,43.29,44.91,47.59,2.22,4.75,,,43.43,51.21,1.33,ELEVATED,40,2,1
MADHUCON.NS,HOLD,4.14,downtrend,22.29,-0.31,4.53,4.97,5.27,0.31,7.49,,,3.67,4.76,1.33,ELEVATED,40,0,3
AGNI.NS,HOLD,15.35,weak_trend,43.69,-0.16,15.68,16.28,18.79,0.46,3.0,,,14.66,16.27,1.33,NORMAL,40,0,3
MASKINVEST.NS,HOLD,146.67,downtrend,50.76,-1.39,146.12,148.51,147.65,8.42,5.74,,,134.03,163.52,1.33,ELEVATED,40,1,2
ITALIANE.NS,HOLD,31.2,downtrend,45.79,-0.61,31.86,32.05,33.88,0.8,2.58,,,29.99,32.81,1.33,NORMAL,40,0,3
ARSHIYA.NS,HOLD,0.71,weak_trend,50.0,-0.05,0.75,0.87,1.17,0.04,5.94,,,0.65,0.79,1.33,ELEVATED,40,0,3
MOXSH.NS,HOLD,94.0,downtrend,31.25,-3.67,98.18,102.83,108.96,3.12,3.32,,,89.32,100.24,1.33,NORMAL,40,1,2
SEYAIND.NS,HOLD,13.9,weak_trend,80.9,0.27,12.62,12.55,13.87,0.43,3.08,,,13.26,14.76,1.33,NORMAL,40,2,1
PEARLPOLY.NS,HOLD,19.7,weak_trend,93.2,0.55,16.1,16.52,18.63,0.76,3.88,,,18.55,21.23,1.33,NORMAL,40,2,1
SVPGLOB.NS,HOLD,3.35,downtrend,32.91,-0.11,3.53,3.71,3.58,0.22,6.48,,,3.02,3.78,1.33,ELEVATED,40,1,2
MILTON.NS,HOLD,36.2,downtrend,48.6,-0.31,36.99,36.68,41.18,1.04,2.88,,,34.64,38.29,1.33,NORMAL,40,0,3
SAGARDEEP.NS,HOLD,24.36,downtrend,59.09,-0.08,23.73,24.06,24.61,0.73,3.01,,,23.26,25.83,1.33,NORMAL,40,2,1
PROLIFE.NS,HOLD,79.0,weak_trend,81.09,0.09,78.91,78.3,69.47,0.91,1.16,,,77.63,80.83,1.33,LOW,40,1,2
GANGAFORGE.NS,HOLD,1.55,downtrend,18.75,-0.11,1.64,1.87,2.6,0.07,4.61,,,1.44,1.69,1.33,ELEVATED,40,1,2
NGIL.NS,HOLD,39.78,weak_trend,48.56,-0.55,37.69,38.94,33.89,2.48,6.23,,,36.06,44.73,1.33,ELEVATED,40,1,2
UMA.NS,HOLD,17.5,downtrend,49.52,0.28,17.56,16.21,18.14,0.41,2.37,,,16.88,18.33,1.33,NORMAL,40,0,3
ADL.NS,HOLD,69.87,downtrend,29.5,-0.63,72.34,71.89,72.24,4.34,6.22,,,63.35,78.56,1.33,ELEVATED,40,1,2
ABMINTLLTD.NS,HOLD,47.06,weak_trend,8.3,-1.01,53.54,50.28,44.82,0.79,1.68,,,45.87,48.65,1.33,LOW,40,1,2
AKASH.NS,HOLD,24.76,weak_trend,44.91,-0.25,24.8,25.66,26.0,0.97,3.91,,,23.31,26.69,1.33,NORMAL,40,0,3
AATMAJ.NS,HOLD,19.9,downtrend,65.71,0.22,18.79,18.71,20.23,0.51,2.58,,,19.13,20.93,1.33,NORMAL,40,2,1
HRHNEXT.NS,HOLD,24.0,downtrend,46.7,-0.45,25.23,26.15,27.73,1.02,4.26,,,22.47,26.04,1.33,ELEVATED,40,0,3
PRECISION.NS,HOLD,6.8,downtrend,50.82,-0.25,6.7,7.29,8.62,0.33,4.78,,,6.31,7.45,1.33,ELEVATED,40,1,2
DEEM.NS,HOLD,42.95,downtrend,64.82,-0.48,41.43,44.95,43.6,1.41,3.28,,,40.83,45.77,1.33,NORMAL,40,1,2
AMBICAAGAR.NS,HOLD,25.45,downtrend,42.57,0.01,25.25,24.95,24.49,1.21,4.75,,,23.64,27.87,1.33,ELEVATED,40,1,2
MOHITIND.NS,HOLD,23.5,downtrend,47.41,-0.18,23.7,23.8,24.34,1.44,6.12,,,21.34,26.37,1.33,ELEVATED,40,1,2
JFLLIFE.NS,HOLD,9.95,downtrend,52.94,-0.28,10.28,11.34,10.58,0.2,2.01,,,9.65,10.35,1.33,NORMAL,40,2,1
KONTOR.NS,HOLD,51.6,weak_trend,39.95,-1.41,53.71,56.74,65.0,2.14,4.15,,,48.39,55.88,1.33,ELEVATED,40,0,3
VIJIFIN.NS,HOLD,15.91,downtrend,49.54,0.75,15.61,12.76,5.78,0.35,2.22,,,15.38,16.62,1.33,NORMAL,40,1,2
SIGNORIA.NS,HOLD,145.0,weak_trend,0.0,-2.43,156.35,153.79,98.43,1.0,0.69,,,143.5,147.0,1.33,LOW,40,0,3
AKSHAR.NS,HOLD,0.41,downtrend,40.0,-0.0,0.41,0.41,0.45,0.02,3.66,,,0.39,0.44,1.33,NORMAL,40,0,3
KEEPLEARN.NS,HOLD,1.84,downtrend,39.29,-0.02,1.89,1.89,2.04,0.14,7.73,,,1.63,2.12,1.33,ELEVATED,40,0,3
RADIOWALLA.NS,HOLD,27.75,weak_trend,32.61,-0.18,27.19,27.1,37.82,0.83,2.99,,,26.51,29.41,1.33,NORMAL,40,1,2
PNC.NS,HOLD,17.33,downtrend,60.73,-0.4,16.69,18.16,21.54,1.07,6.2,,,15.72,19.48,1.33,ELEVATED,40,1,2
NEXTMEDIA.NS,HOLD,3.79,downtrend,36.0,-0.05,3.98,3.92,4.62,0.18,4.64,,,3.53,4.14,1.33,ELEVATED,40,0,3
WALPAR.NS,HOLD,25.4,downtrend,55.74,-1.94,24.3,30.28,37.27,0.59,2.32,,,24.52,26.58,1.33,NORMAL,40,1,2
ASHOKAMET.NS,HOLD,15.54,uptrend,60.93,0.28,14.55,14.25,14.88,1.39,8.92,,,13.46,18.31,1.33,ELEVATED,40,3,0
BOHRAIND.NS,HOLD,13.64,downtrend,67.3,-0.17,12.99,13.71,16.64,1.0,7.36,,,12.13,15.65,1.33,ELEVATED,40,1,2
TIMESCAN.NS,HOLD,41.4,downtrend,66.67,0.1,39.69,40.26,43.67,0.41,0.98,,,40.79,42.21,1.33,LOW,40,1,2
NKIND.NS,HOLD,56.78,weak_trend,49.26,-0.87,57.63,59.76,63.51,4.38,7.71,,,50.21,65.54,1.33,ELEVATED,40,0,3
AKG.NS,HOLD,9.97,downtrend,61.59,0.23,9.87,9.56,11.28,0.66,6.6,,,8.98,11.29,1.33,ELEVATED,40,1,2
AGARWALFT.NS,HOLD,28.65,downtrend,50.35,-2.03,28.21,33.85,34.31,0.64,2.24,,,27.69,29.94,1.33,NORMAL,40,2,1
LAXMICOT.NS,HOLD,13.4,downtrend,58.1,-0.21,13.12,13.83,15.09,0.92,6.89,,,12.01,15.25,1.33,ELEVATED,40,1,2
SITINET.NS,HOLD,0.28,weak_trend,40.0,-0.0,0.28,0.29,0.34,0.01,4.59,,,0.26,0.31,1.33,ELEVATED,40,1,2
MEDIORG.NS,HOLD,23.0,downtrend,35.68,-0.65,24.31,24.69,24.78,0.68,2.93,,,21.99,24.35,1.33,NORMAL,40,0,3
MADHAV.NS,HOLD,34.57,downtrend,46.49,-0.11,35.12,35.0,36.88,1.73,4.99,,,31.98,38.02,1.33,ELEVATED,40,0,3
TRIDHYA.NS,HOLD,7.05,weak_trend,46.94,-0.45,7.38,8.67,10.86,0.28,4.0,,,6.63,7.61,1.33,NORMAL,40,0,3
MONOPHARMA.NS,HOLD,8.2,downtrend,25.81,-0.17,8.75,9.01,11.61,0.16,1.92,,,7.96,8.51,1.33,LOW,40,0,3
SGL.NS,HOLD,8.93,downtrend,21.93,-0.21,9.84,9.89,11.13,0.65,7.31,,,7.95,10.24,1.33,ELEVATED,40,1,2
KRIDHANINF.NS,HOLD,1.84,downtrend,22.5,-0.1,1.96,2.18,2.93,0.09,5.12,,,1.7,2.03,1.33,ELEVATED,40,1,2
KANANIIND.NS,HOLD,1.42,downtrend,21.05,-0.02,1.48,1.49,1.55,0.07,4.83,,,1.32,1.56,1.33,ELEVATED,40,0,3
KSR.NS,HOLD,39.28,weak_trend,69.07,3.16,36.69,32.06,30.73,2.76,7.03,,,35.14,44.8,1.33,ELEVATED,40,2,1
KKVAPOW.NS,HOLD,344.0,downtrend,26.56,-20.46,363.07,423.93,567.98,3.66,1.06,,,338.51,351.31,1.33,LOW,40,1,2
NEUEON.NS,HOLD,13.06,weak_trend,71.81,-0.6,11.94,14.01,14.66,0.62,4.74,,,12.13,14.3,1.33,ELEVATED,40,0,3
VINEETLAB.NS,HOLD,34.82,downtrend,32.75,-0.63,36.97,37.59,34.92,1.82,5.22,,,32.09,38.46,1.33,ELEVATED,40,0,3
SATIPOLY.NS,HOLD,34.4,downtrend,40.07,-1.85,37.89,40.42,42.48,1.07,3.11,,,32.79,36.54,1.33,NORMAL,40,1,2
TAPIFRUIT.NS,HOLD,44.25,downtrend,0.0,-1.48,48.0,49.32,56.67,0.34,0.77,,,43.74,44.93,1.33,LOW,40,0,3
WILLAMAGOR.NS,HOLD,22.78,downtrend,35.05,-0.39,24.1,24.95,26.96,1.51,6.65,,,20.51,25.81,1.33,ELEVATED,40,1,2
TECILCHEM.NS,HOLD,9.5,weak_trend,43.39,0.02,9.53,9.44,12.74,0.75,7.86,,,8.38,10.99,1.33,ELEVATED,40,0,3
MEP.NS,HOLD,0.64,downtrend,15.38,-0.0,0.68,0.63,1.04,0.01,2.34,,,0.62,0.67,1.33,NORMAL,40,0,3
KHANDSE.NS,HOLD,18.0,weak_trend,53.3,0.09,17.6,17.43,18.0,1.19,6.61,,,16.22,20.38,1.33,ELEVATED,40,2,1
NAGREEKCAP.NS,HOLD,30.2,weak_trend,84.22,1.56,25.08,23.88,26.17,1.92,6.35,,,27.32,34.03,1.33,ELEVATED,40,2,1
KAUSHALYA.NS,HOLD,862.4,weak_trend,47.65,-11.9,857.57,888.71,876.32,33.05,3.83,,,812.82,928.51,1.33,NORMAL,40,1,2
INFOMEDIA.NS,HOLD,5.48,downtrend,59.43,0.02,5.31,5.36,5.64,0.47,8.59,,,4.77,6.42,1.33,ELEVATED,40,1,2
BILVYAPAR.NS,HOLD,4.29,downtrend,69.7,0.03,4.1,4.09,5.45,0.23,5.26,,,3.95,4.74,1.33,ELEVATED,40,1,2
VILINBIO.NS,HOLD,52.3,weak_trend,56.85,2.97,53.54,46.86,38.94,2.02,3.86,,,49.27,56.34,1.33,NORMAL,40,0,3
MITTAL.NS,HOLD,0.74,downtrend,41.46,-0.03,0.81,0.87,0.97,0.07,8.88,,,0.64,0.87,1.33,ELEVATED,40,0,3
AGUL.NS,HOLD,45.75,weak_trend,48.39,-1.9,46.18,52.48,63.14,0.49,1.08,,,45.01,46.74,1.33,LOW,40,0,3
SKIL.NS,HOLD,0.93,weak_trend,100.0,0.01,0.87,0.89,1.01,0.01,1.23,,,0.91,0.95,1.33,LOW,40,0,3
CELLPOINT.NS,HOLD,14.65,downtrend,43.97,-0.49,15.28,16.41,16.01,0.71,4.85,,,13.58,16.07,1.33,ELEVATED,40,1,2
ROLLT.NS,HOLD,6.41,weak_trend,92.75,0.69,4.85,3.64,2.21,0.32,4.91,,,5.94,7.04,1.33,ELEVATED,40,1,2
TGBHOTELS.NS,HOLD,9.43,weak_trend,44.25,0.04,9.57,9.35,9.27,0.6,6.36,,,8.53,10.63,1.33,ELEVATED,40,1,2
ASPIRE.NS,HOLD,13.3,weak_trend,47.89,-0.25,13.14,13.81,14.71,0.53,4.0,,,12.5,14.36,1.33,NORMAL,40,1,2
SHRENIK.NS,HOLD,0.28,weak_trend,50.0,-0.01,0.29,0.31,0.38,0.02,5.36,,,0.26,0.31,1.33,ELEVATED,40,0,3
VSCL.NS,HOLD,20.25,weak_trend,34.82,-1.01,21.26,23.94,23.48,0.45,2.2,,,19.58,21.14,1.33,NORMAL,40,0,3
TREEHOUSE.NS,HOLD,5.93,downtrend,42.96,-0.09,6.09,6.18,7.37,0.41,6.9,,,5.32,6.75,1.33,ELEVATED,40,0,3
LIBAS.NS,HOLD,12.09,weak_trend,70.18,0.56,11.05,10.43,10.93,0.81,6.69,,,10.88,13.71,1.33,ELEVATED,40,2,1
FLFL.NS,HOLD,1.13,downtrend,34.37,-0.02,1.18,1.21,1.34,0.08,7.27,,,1.01,1.29,1.33,ELEVATED,40,0,3
YUDIZ.NS,HOLD,23.0,downtrend,40.34,-0.53,23.93,24.36,26.93,0.96,4.16,,,21.56,24.91,1.33,ELEVATED,40,0,3
MICROPRO.NS,HOLD,17.45,downtrend,35.9,-0.28,18.68,18.88,19.31,0.49,2.78,,,16.72,18.42,1.33,NORMAL,40,0,3
CONTI.NS,HOLD,10.2,downtrend,34.48,-0.28,11.01,11.06,15.0,0.22,2.21,,,9.86,10.65,1.33,NORMAL,40,0,3
HAVISHA.NS,HOLD,1.38,weak_trend,46.15,0.0,1.34,1.33,1.49,0.07,4.71,,,1.28,1.51,1.33,ELEVATED,40,0,3
GFSTEELS.NS,HOLD,29.44,weak_trend,100.0,3.37,19.47,16.53,13.32,1.03,3.5,,,27.89,31.5,1.33,NORMAL,40,1,2
MFML.NS,HOLD,18.22,weak_trend,46.49,-0.08,18.68,18.87,22.61,1.34,7.33,,,16.22,20.89,1.33,ELEVATED,40,1,2
MORARJEE.NS,HOLD,8.33,weak_trend,0.0,-0.5,9.21,10.4,8.3,0.1,1.17,,,8.18,8.53,1.33,LOW,40,0,3
KSHITIJPOL.NS,HOLD,4.83,weak_trend,90.78,0.38,3.59,3.14,3.2,0.21,4.45,,,4.51,5.26,1.33,ELEVATED,40,2,1
EASTSILK.NS,HOLD,68.51,uptrend,61.69,1.22,62.55,60.0,63.75,3.87,5.64,,,62.71,76.24,1.33,ELEVATED,40,3,0
AILIMITED.NS,HOLD,15.6,downtrend,13.07,-2.12,19.0,25.75,33.96,0.62,3.98,,,14.67,16.84,1.33,NORMAL,40,0,3
SPRL.NS,HOLD,114.65,weak_trend,100.0,2.04,103.12,100.84,113.54,0.94,0.82,,,113.24,116.53,1.33,LOW,40,1,2
MANDEEP.NS,HOLD,18.4,downtrend,58.0,-0.17,17.7,18.68,20.16,0.23,1.26,,,18.05,18.86,1.33,LOW,40,1,2
CYBERMEDIA.NS,HOLD,20.67,weak_trend,52.47,0.8,21.53,18.28,16.55,2.23,10.78,,,17.33,25.13,1.33,ELEVATED,40,0,3
MANAV.NS,HOLD,40.75,weak_trend,100.0,2.65,38.67,31.94,35.54,0.26,0.64,,,40.36,41.27,1.33,LOW,40,1,2
SUPREMEENG.NS,HOLD,3.79,weak_trend,100.0,0.34,3.2,2.58,1.52,0.06,1.62,,,3.7,3.91,1.33,LOW,40,1,2
TVVISION.NS,HOLD,2.91,weak_trend,36.67,-0.34,3.08,3.83,5.5,0.18,6.16,,,2.64,3.27,1.33,ELEVATED,40,1,2
NIDAN.NS,HOLD,13.7,weak_trend,55.97,-0.01,13.53,13.42,15.15,0.81,5.94,,,12.48,15.33,1.33,ELEVATED,40,0,3
ANKITMETAL.NS,HOLD,1.82,weak_trend,64.86,0.04,1.71,1.61,1.62,0.04,2.12,,,1.76,1.9,1.33,NORMAL,40,2,1
SANGINITA.NS,HOLD,75.39,weak_trend,100.0,4.53,62.79,60.53,31.05,1.38,1.83,,,73.32,78.15,1.33,LOW,40,1,2
GUJRAFFIA.NS,HOLD,39.75,downtrend,40.76,-0.22,40.61,40.44,42.06,1.89,4.74,,,36.92,43.52,1.33,ELEVATED,40,1,2
CALSOFT.NS,HOLD,40.02,downtrend,42.73,2.74,38.39,29.61,19.95,2.39,5.96,,,36.44,44.79,1.33,ELEVATED,40,1,2
GTECJAINX.NS,HOLD,28.07,weak_trend,46.85,-0.35,28.17,28.62,23.87,2.08,7.41,,,24.95,32.23,1.33,ELEVATED,40,0,3
ACEINTEG.NS,HOLD,17.43,downtrend,51.66,-0.2,17.53,18.35,19.46,1.13,6.48,,,15.74,19.69,1.33,ELEVATED,40,1,2
RETAIL.NS,HOLD,17.25,weak_trend,49.69,-0.04,17.27,17.29,20.63,1.35,7.85,,,15.22,19.96,1.33,ELEVATED,40,0,3
FEL.NS,HOLD,0.36,downtrend,0.0,-0.01,0.38,0.38,0.42,0.01,3.77,,,0.34,0.39,1.33,NORMAL,40,0,3
YCCL.NS,HOLD,8.25,downtrend,25.86,-0.33,8.93,9.37,10.39,0.4,4.85,,,7.65,9.05,1.33,ELEVATED,40,0,3
CMRSL.NS,HOLD,70.85,weak_trend,52.6,0.66,72.1,67.16,67.69,1.87,2.64,,,68.04,74.59,1.33,NORMAL,40,0,3
SANWARIA.NS,HOLD,0.19,weak_trend,50.0,-0.0,0.19,0.2,0.23,0.01,7.14,,,0.17,0.22,1.33,ELEVATED,40,0,3
VCL.NS,HOLD,1.52,downtrend,36.59,-0.02,1.73,1.53,1.68,0.1,6.86,,,1.36,1.73,1.33,ELEVATED,40,0,3
INSPIRE.NS,HOLD,9.0,weak_trend,74.36,0.11,8.71,8.83,10.01,0.21,2.38,,,8.68,9.43,1.33,NORMAL,40,0,3
VIVIDHA.NS,HOLD,0.52,downtrend,60.0,-0.0,0.51,0.52,0.56,0.03,5.63,,,0.48,0.58,1.33,ELEVATED,40,1,2
DHTL.NS,HOLD,27.0,downtrend,23.83,-1.55,31.5,33.38,46.35,0.95,3.52,,,25.57,28.9,1.33,NORMAL,40,1,2
HEADSUP.NS,HOLD,6.77,downtrend,48.4,-0.01,6.88,6.87,7.53,0.53,7.82,,,5.98,7.83,1.33,ELEVATED,40,0,3
BLUECHIP.NS,HOLD,2.02,downtrend,0.0,0.01,2.09,1.96,2.37,0.01,0.42,,,2.01,2.04,1.33,LOW,40,0,3
SHANTHALA.NS,HOLD,15.6,downtrend,14.29,-0.54,16.28,17.49,25.26,0.21,1.37,,,15.28,16.03,1.33,LOW,40,1,2
MAKS.NS,HOLD,14.35,downtrend,55.88,-0.46,14.43,16.02,24.52,0.42,2.94,,,13.72,15.19,1.33,NORMAL,40,1,2
MARINETRAN.NS,HOLD,13.85,downtrend,0.0,-0.45,15.49,15.34,17.24,0.16,1.16,,,13.61,14.17,1.33,LOW,40,0,3
NIRAJISPAT.NS,HOLD,274.8,weak_trend,7.05,5.82,318.99,251.15,229.36,13.87,5.05,,,254.0,302.54,1.33,ELEVATED,40,1,2
SUNREST.NS,HOLD,38.45,downtrend,48.24,-0.08,38.05,37.59,37.86,0.96,2.49,,,37.01,40.36,1.33,NORMAL,40,1,2
QFIL.NS,HOLD,58.0,weak_trend,0.0,-0.34,61.4,61.52,54.19,0.43,0.74,,,57.36,58.86,1.33,LOW,40,1,2
TIJARIA.NS,HOLD,6.53,weak_trend,41.73,0.3,7.45,6.02,5.03,0.64,9.78,,,5.57,7.81,1.33,ELEVATED,40,0,3
RADAAN.NS,HOLD,3.13,uptrend,65.82,-0.03,2.93,2.99,3.1,0.2,6.25,,,2.84,3.52,1.33,ELEVATED,40,3,0
UNIINFO.NS,HOLD,11.4,weak_trend,48.8,-0.07,11.22,11.73,12.97,0.51,4.51,,,10.63,12.43,1.33,ELEVATED,40,0,3
ISHAN.NS,HOLD,0.5,weak_trend,50.0,-0.0,0.52,0.49,0.63,0.01,1.43,,,0.49,0.51,1.33,LOW,40,0,3
JIWANRAM.NS,HOLD,4.4,downtrend,52.38,-0.19,4.29,4.69,5.31,0.13,2.84,,,4.21,4.65,1.33,NORMAL,40,2,1
VERITAAS.NS,HOLD,24.25,downtrend,12.5,-2.22,28.55,32.19,46.15,0.85,3.49,,,22.98,25.94,1.33,NORMAL,40,0,3
UNIVAFOODS.NS,HOLD,9.48,weak_trend,100.0,0.14,9.19,9.04,9.75,0.03,0.34,,,9.43,9.54,1.33,LOW,40,0,3
EDUCOMP.NS,HOLD,0.86,downtrend,16.67,-0.01,0.89,0.9,0.99,0.01,1.66,,,0.84,0.89,1.33,LOW,40,0,3
SHUBHLAXMI.NS,HOLD,19.2,downtrend,60.0,-0.29,18.6,19.26,25.96,0.41,2.12,,,18.59,20.01,1.33,NORMAL,40,2,1
ONELIFECAP.NS,HOLD,35.09,uptrend,69.89,0.32,32.62,34.05,23.52,2.16,6.16,,,31.85,39.41,1.33,ELEVATED,40,3,0
WINNY.NS,HOLD,32.45,downtrend,66.29,-0.19,31.1,32.15,47.01,0.32,0.99,,,31.97,33.09,1.33,LOW,40,1,2
GLFL.NS,HOLD,5.09,downtrend,29.79,-0.16,5.42,5.51,5.68,0.31,6.19,,,4.62,5.72,1.33,ELEVATED,40,0,3
TCIFINANCE.NS,HOLD,15.19,weak_trend,49.79,-0.05,15.17,15.18,16.82,0.85,5.61,,,13.91,16.89,1.33,ELEVATED,40,0,3
GSTL.NS,HOLD,12.05,downtrend,56.19,-0.7,11.79,14.27,20.27,0.64,5.28,,,11.1,13.32,1.33,ELEVATED,40,1,2
IMPEXFERRO.NS,HOLD,5.91,weak_trend,100.0,0.57,4.97,3.79,2.33,0.1,1.76,,,5.75,6.12,1.33,LOW,40,1,2
SAROJA.NS,HOLD,40.9,weak_trend,63.83,1.6,40.26,34.86,34.27,0.65,1.58,,,39.93,42.19,1.33,LOW,40,1,2
COMPINFO.NS,HOLD,1.1,downtrend,54.29,-0.01,1.08,1.11,1.3,0.08,7.08,,,0.98,1.26,1.33,ELEVATED,40,1,2
ANTGRAPHIC.NS,HOLD,0.73,downtrend,43.75,-0.01,0.73,0.74,0.83,0.03,4.11,,,0.69,0.79,1.33,ELEVATED,40,0,3
QUADPRO.NS,HOLD,3.7,weak_trend,100.0,0.28,2.82,2.57,2.31,0.09,2.51,,,3.56,3.89,1.33,NORMAL,40,2,1
PLADAINFO.NS,HOLD,13.05,weak_trend,100.0,0.74,11.47,10.75,11.94,0.24,1.81,,,12.7,13.52,1.33,LOW,40,1,2
SHYAMTEL.NS,HOLD,11.14,downtrend,50.35,-0.87,11.74,13.92,14.09,0.81,7.25,,,9.93,12.75,1.33,ELEVATED,40,1,2
CREATIVEYE.NS,HOLD,6.19,downtrend,51.67,-0.07,5.97,6.08,6.57,0.51,8.26,,,5.42,7.21,1.33,ELEVATED,40,2,1
ARENTERP.NS,HOLD,34.98,downtrend,51.11,-0.85,34.67,37.17,39.77,2.58,7.38,,,31.11,40.14,1.33,ELEVATED,40,1,2
MTEDUCARE.NS,HOLD,1.66,downtrend,47.27,-0.04,1.77,1.84,1.69,0.12,7.27,,,1.48,1.9,1.33,ELEVATED,40,0,3
UMESLTD.NS,HOLD,4.6,downtrend,43.07,-0.3,4.86,5.32,5.35,0.42,9.19,,,3.97,5.45,1.33,ELEVATED,40,0,3
GLOBALE.NS,HOLD,11.34,downtrend,49.5,0.0,11.29,11.1,11.81,0.68,5.98,,,10.32,12.7,1.33,ELEVATED,40,0,3
EUROTEXIND.NS,HOLD,11.65,downtrend,16.18,-0.54,13.14,13.24,14.49,0.4,3.4,,,11.06,12.44,1.33,NORMAL,40,1,2
INDIFRA.NS,HOLD,12.85,weak_trend,50.0,0.08,12.61,12.15,13.39,0.09,0.67,,,12.72,13.02,1.33,LOW,40,1,2
AMIABLE.NS,HOLD,70.0,downtrend,0.0,0.31,71.21,70.35,73.52,2.03,2.9,,,66.96,74.06,1.33,NORMAL,40,0,3
SHANTI.NS,HOLD,5.7,downtrend,34.22,-0.18,6.18,6.47,7.03,0.48,8.5,,,4.97,6.67,1.33,ELEVATED,40,0,3
DCMFINSERV.NS,HOLD,5.01,downtrend,44.05,-0.07,5.17,5.22,5.2,0.38,7.51,,,4.45,5.76,1.33,ELEVATED,40,0,3
RITEZONE.NS,HOLD,19.4,weak_trend,54.74,0.34,20.02,19.79,20.05,0.56,2.91,,,18.55,20.53,1.33,NORMAL,40,0,3
PREMIER.NS,HOLD,2.85,downtrend,54.64,-0.0,2.79,2.81,2.92,0.21,7.44,,,2.53,3.27,1.33,ELEVATED,40,2,1
ORTINGLOBE.NS,HOLD,15.1,downtrend,47.86,0.0,15.72,15.46,15.31,0.94,6.23,,,13.69,16.98,1.33,ELEVATED,40,0,3
SABAR.NS,HOLD,9.5,weak_trend,100.0,0.62,9.06,7.41,5.84,0.03,0.34,,,9.45,9.56,1.33,LOW,40,1,2
FALCONTECH.NS,HOLD,13.0,downtrend,57.65,0.16,12.63,12.15,13.53,0.52,4.04,,,12.21,14.05,1.33,ELEVATED,40,2,1
CBAZAAR.NS,HOLD,5.0,weak_trend,85.71,-0.1,4.64,5.29,4.71,0.07,1.36,,,4.9,5.14,1.33,LOW,40,2,1
ACCORD.NS,HOLD,188.45,weak_trend,0.0,-1.55,191.42,196.7,89.08,0.71,0.38,,,187.39,189.86,1.33,LOW,40,0,3
SMVD.NS,HOLD,14.6,weak_trend,0.0,-0.15,16.43,15.58,11.56,0.17,1.17,,,14.34,14.94,1.33,LOW,40,1,2
SETUINFRA.NS,HOLD,0.57,weak_trend,58.33,0.04,0.57,0.49,0.47,0.02,4.26,,,0.53,0.62,1.33,ELEVATED,40,0,3
JALAN.NS,HOLD,1.65,downtrend,16.67,-0.03,1.79,1.75,2.35,0.03,1.52,,,1.61,1.7,1.33,LOW,40,1,2
CMICABLES.NS,HOLD,2.75,weak_trend,92.31,0.01,2.57,2.69,3.66,0.04,1.27,,,2.7,2.82,1.33,LOW,40,0,3
LAKPRE.NS,HOLD,5.05,weak_trend,52.08,0.05,5.12,4.96,5.15,0.39,7.79,,,4.46,5.84,1.33,ELEVATED,40,0,3
BGLOBAL.NS,HOLD,3.13,downtrend,44.44,-0.02,3.15,3.17,3.15,0.05,1.48,,,3.06,3.22,1.33,LOW,40,0,3
ORTEL.NS,HOLD,1.74,weak_trend,0.0,-0.06,1.84,1.92,1.68,0.01,0.86,,,1.72,1.77,1.33,LOW,40,0,3
QUINTEGRA.NS,HOLD,1.12,downtrend,0.0,-0.04,1.17,1.28,1.33,0.02,1.91,,,1.09,1.16,1.33,LOW,40,1,2
RAJVIR.NS,HOLD,5.21,downtrend,0.0,-0.11,5.3,5.61,7.25,0.01,0.15,,,5.2,5.23,1.33,LOW,40,1,2
VASA.NS,HOLD,3.55,downtrend,0.0,-0.2,3.78,4.15,4.6,0.04,1.01,,,3.5,3.62,1.33,LOW,40,1,2
AHLWEST.NS,HOLD,530.0,weak_trend,48.43,-0.94,528.02,541.61,364.35,26.77,5.05,,,489.84,583.54,1.33,ELEVATED,40,2,1
BURNPUR.NS,HOLD,15.77,weak_trend,33.79,-1.54,17.59,23.25,30.56,1.12,7.09,,,14.09,18.01,1.33,ELEVATED,40,0,3
CLCIND.NS,HOLD,45.3,downtrend,28.54,-1.01,47.48,50.84,78.25,0.54,1.19,,,44.49,46.37,1.33,LOW,40,0,3
DSKULKARNI.NS,HOLD,23.16,weak_trend,100.0,2.05,20.41,16.1,14.19,0.29,1.27,,,22.72,23.75,1.33,LOW,40,1,2
MBECL.NS,HOLD,438.69,weak_trend,100.0,86.85,275.66,149.5,86.43,15.8,3.6,,,414.99,470.29,1.33,NORMAL,40,1,2
MCX.NS,HOLD,3374.0,weak_trend,65.23,60.07,3283.06,3026.7,2720.4,101.04,2.99,,,3222.44,3576.09,1.33,NORMAL,40,2,1
