Ticker,Signal,Current_Price,Trend_Percent,Momentum_Percent,Volatility_Percent,Buy_Range_Low,Buy_Range_High,Stop_Loss,Target,RR_Ratio,Risk_Context,Confidence
RELIANCE.NS,SELL,1247.6,-3.82,-4.21,1.08,,,1289.77,1142.17,2.5,LOW,100
HDFCBANK.NS,HOLD,715.7,-2.98,1.28,1.2,,,694.67,743.74,1.33,LOW,80
BHARTIARTL.NS,SELL,1839.0,-3.43,-1.61,1.49,,,1898.29,1690.79,2.5,LOW,80
TCS.NS,SELL,2186.8,-4.88,-5.75,1.61,,,2302.53,1897.48,2.5,LOW,100
ICICIBANK.NS,SELL,1355.9,-4.34,-5.18,1.01,,,1397.67,1251.47,2.5,LOW,100
SBIN.NS,SELL,988.5,-4.5,-3.41,1.22,,,1024.73,897.93,2.5,LOW,100
INFY.NS,SELL,1057.8,-5.01,-6.41,1.95,,,1114.94,914.94,2.5,LOW,100
BAJFINANCE.NS,SELL,1014.1,-4.95,-3.33,0.95,,,1051.39,920.89,2.5,LOW,100
HINDUNILVR.NS,HOLD,1961.5,-4.54,-0.68,0.89,,,1918.85,2018.37,1.33,LOW,80
LICI.NS,SELL,400.65,-3.65,-3.9,1.27,,,414.92,364.97,2.5,LOW,100
LT.NS,SELL,3855.4,-2.6,-3.01,0.94,,,3974.31,3558.11,2.5,LOW,100
ITC.NS,HOLD,265.6,-3.08,0.99,1.57,,,257.61,276.25,1.33,LOW,80
MARUTI.NS,SELL,12358.0,-7.83,-3.88,1.27,,,12826.43,11186.93,2.5,LOW,100
M&M.NS,SELL,3111.5,-4.92,-1.22,1.09,,,3244.81,2778.21,2.5,LOW,80
HCLTECH.NS,SELL,1246.4,-3.23,-5.5,1.82,,,1318.9,1065.15,2.5,LOW,100
KOTAKBANK.NS,HOLD,414.25,3.66,-1.64,1.29,,,404.93,426.67,1.33,LOW,80
SUNPHARMA.NS,SELL,1858.8,-3.48,-3.77,1.21,,,1923.41,1697.26,2.5,LOW,100
AXISBANK.NS,HOLD,1251.2,-0.25,-0.22,1.39,,,1213.08,1302.03,1.33,LOW,60
ULTRACEMCO.NS,SELL,10786.0,-6.55,-5.33,1.12,,,11152.0,9871.0,2.5,LOW,100
BAJAJFINSV.NS,SELL,1843.6,-5.93,-7.45,1.12,,,1917.26,1659.46,2.5,LOW,100
TITAN.NS,SELL,4866.0,-1.07,-4.1,0.89,,,5013.16,4498.11,2.5,LOW,100
NTPC.NS,HOLD,329.75,-2.08,-0.35,0.82,,,322.96,338.81,1.33,LOW,80
HAL.NS,HOLD,4760.8,0.03,-0.4,1.54,,,4598.67,4976.97,1.33,LOW,60
ADANIPORTS.NS,HOLD,1733.3,0.09,5.21,2.25,,,1668.84,1819.24,1.33,LOW,80
ONGC.NS,SELL,233.15,-2.39,-1.41,0.99,,,241.14,213.16,2.5,LOW,80
ETERNAL.NS,HOLD,324.2,4.12,-0.95,1.1,,,312.99,339.14,1.33,LOW,80
BEL.NS,SELL,394.7,-2.33,-3.4,1.6,,,410.36,355.56,2.5,LOW,100
ADANIENT.NS,HOLD,2928.8,-3.56,0.96,2.91,,,2788.23,3116.23,1.33,LOW,80
DMART.NS,HOLD,3749.9,-3.87,-0.35,1.07,,,3650.13,3882.93,1.33,LOW,80
JSWSTEEL.NS,SELL,1247.1,-2.64,-4.66,1.44,,,1295.41,1126.31,2.5,LOW,100
ADANIPOWER.NS,SELL,204.1,-2.77,-2.01,2.43,,,215.92,174.54,2.5,LOW,100
WIPRO.NS,SELL,167.08,-6.08,-4.92,1.42,,,174.81,147.76,2.5,LOW,100
POWERGRID.NS,HOLD,265.05,-3.39,-0.66,1.2,,,259.09,273.0,1.33,LOW,80
ASIANPAINT.NS,SELL,2434.3,-7.94,-3.69,1.19,,,2531.37,2191.62,2.5,LOW,100
BAJAJ-AUTO.NS,HOLD,11531.0,0.86,-4.94,1.29,,,11199.71,11972.71,1.33,LOW,80
COALINDIA.NS,BUY,419.95,2.2,1.24,1.25,411.55,428.35,403.34,461.48,2.5,LOW,80
NESTLEIND.NS,SELL,1377.1,-5.53,-3.36,1.34,,,1434.37,1233.92,2.5,LOW,100
INDIGO.NS,SELL,4828.5,-6.5,-3.81,1.48,,,5053.64,4265.64,2.5,LOW,100
IOC.NS,SELL,134.42,-2.77,-2.45,1.17,,,139.4,121.97,2.5,LOW,100
TATASTEEL.NS,HOLD,184.75,-0.78,0.3,1.21,,,177.9,193.89,1.33,LOW,60
TMPV.NS,SELL,306.85,-5.6,-1.65,1.13,,,320.61,272.46,2.5,LOW,80
HINDZINC.NS,HOLD,570.85,0.47,-2.91,2.48,,,547.12,602.49,1.33,LOW,80
JIOFIN.NS,SELL,229.04,-5.32,-3.32,1.14,,,237.46,208.0,2.5,LOW,100
HYUNDAI.NS,BUY,2223.9,4.39,3.34,1.42,2179.42,2268.38,2110.36,2507.76,2.5,LOW,100
GRASIM.NS,SELL,3190.5,-0.99,-3.17,1.2,,,3308.11,2896.46,2.5,LOW,80
SBILIFE.NS,HOLD,1744.0,-3.01,1.69,1.61,,,1691.6,1813.87,1.33,LOW,80
VEDL.NS,SELL,256.6,-4.64,-5.14,2.01,,,270.24,222.51,2.5,LOW,100
DLF.NS,SELL,641.95,-2.82,-4.92,1.69,,,678.01,551.81,2.5,LOW,100
EICHERMOT.NS,SELL,7518.0,-3.07,-5.48,1.07,,,7815.86,6773.36,2.5,LOW,100
TRENT.NS,SELL,2800.0,-3.95,-1.83,1.17,,,2909.94,2525.14,2.5,LOW,80
HINDALCO.NS,SELL,986.0,-1.54,-2.35,1.53,,,1026.81,883.96,2.5,LOW,100
DIVISLAB.NS,HOLD,9329.5,11.13,0.86,1.8,,,9005.02,9762.14,1.33,LOW,80
HDFCLIFE.NS,BUY,555.55,1.84,4.13,2.06,544.44,566.66,528.19,623.96,2.5,LOW,100
IRFC.NS,SELL,79.1,-8.16,-4.1,0.87,,,81.92,72.06,2.5,LOW,100
ADANIGREEN.NS,HOLD,1271.6,-6.77,-0.92,2.38,,,1213.56,1348.99,1.33,LOW,80
VBL.NS,HOLD,416.0,-4.8,0.24,1.73,,,402.51,433.99,1.33,LOW,80
TVSMOTOR.NS,SELL,4112.8,-0.69,-2.08,1.25,,,4320.26,3594.16,2.5,LOW,80
PIDILITIND.NS,SELL,1540.6,-4.78,-5.96,1.56,,,1602.43,1386.03,2.5,LOW,100
BPCL.NS,SELL,304.4,-3.13,-4.76,1.26,,,319.15,267.52,2.5,LOW,100
TECHM.NS,SELL,1558.4,-1.55,-4.86,1.55,,,1646.0,1339.4,2.5,LOW,100
BAJAJHLDNG.NS,SELL,11027.0,-0.58,-1.24,1.46,,,11436.86,10002.36,2.5,LOW,60
BRITANNIA.NS,SELL,5013.0,-5.6,-2.28,1.04,,,5182.86,4588.36,2.5,LOW,100
AMBUJACEM.NS,SELL,383.6,-8.4,-4.74,1.19,,,395.63,353.53,2.5,LOW,100
TATACAP.NS,SELL,343.45,-5.06,-7.64,1.3,,,358.34,306.22,2.5,LOW,100
BANKBARODA.NS,SELL,233.6,-4.07,-2.84,1.06,,,241.66,213.44,2.5,LOW,100
CHOLAFIN.NS,SELL,1760.8,-3.98,-3.57,1.19,,,1847.4,1544.3,2.5,LOW,100
SHRIRAMFIN.NS,SELL,990.0,-7.26,-5.19,1.72,,,1047.07,847.32,2.5,LOW,100
TMCV.NS,SELL,428.75,-3.46,-6.86,1.54,,,453.88,365.93,2.5,LOW,100
PNB.NS,BUY,117.58,3.31,1.08,0.98,115.23,119.93,113.14,128.67,2.5,LOW,80
ICICIAMC.NS,HOLD,3060.0,-1.49,2.68,1.53,,,2962.81,3189.59,1.33,LOW,100
PFC.NS,HOLD,346.55,-8.54,0.3,1.63,,,335.49,361.3,1.33,LOW,80
SOLARINDS.NS,SELL,18940.0,-3.33,-11.91,3.54,,,20432.29,15209.29,2.5,LOW,100
MUTHOOTFIN.NS,SELL,2752.5,-7.18,-5.25,2.45,,,2919.77,2334.32,2.5,LOW,100
TATAPOWER.NS,HOLD,363.9,-2.4,-0.49,1.4,,,353.53,377.72,1.33,LOW,80
CIPLA.NS,SELL,1370.7,-3.81,-2.98,0.91,,,1409.67,1273.27,2.5,LOW,100
TORNTPHARM.NS,SELL,4824.5,-2.5,-1.65,1.28,,,5023.57,4326.82,2.5,LOW,80
GODREJCP.NS,SELL,874.3,-10.54,-3.39,1.13,,,907.44,791.44,2.5,LOW,100
LODHA.NS,SELL,1106.9,-8.1,-8.39,2.5,,,1197.41,880.61,2.5,LOW,100
HDFCAMC.NS,SELL,2401.6,-6.0,-4.91,1.67,,,2505.99,2140.64,2.5,LOW,100
GAIL.NS,HOLD,172.33,-0.63,-0.39,1.33,,,167.7,178.5,1.33,LOW,60
CANBK.NS,SELL,123.07,-3.21,-2.17,0.83,,,127.31,112.48,2.5,LOW,100
MAXHEALTH.NS,HOLD,1033.0,-1.95,-0.87,1.74,,,999.28,1077.96,1.33,LOW,80
ENRIN.NS,SELL,3054.6,-8.24,-2.07,1.63,,,3223.3,2632.85,2.5,LOW,100
SIEMENS.NS,SELL,3774.6,-1.93,-6.08,1.73,,,3949.21,3338.06,2.5,LOW,100
MAZDOCK.NS,SELL,2219.8,-8.67,-9.73,1.5,,,2343.57,1910.37,2.5,LOW,100
BOSCHLTD.NS,HOLD,47805.0,6.62,-1.53,1.59,,,46026.43,50176.43,1.33,LOW,80
ABB.NS,SELL,7107.5,-3.66,-4.57,1.43,,,7425.71,6311.96,2.5,LOW,100
MOTHERSON.NS,HOLD,162.13,2.47,0.08,1.58,,,155.8,170.57,1.33,LOW,80
CUMMINSIND.NS,SELL,5020.0,-6.0,-1.67,1.64,,,5258.86,4422.86,2.5,LOW,80
TATACONSUM.NS,HOLD,1010.3,-5.0,-0.17,0.97,,,987.15,1041.17,1.33,LOW,80
LGEINDIA.NS,HOLD,1664.1,3.86,-0.09,1.24,,,1607.86,1739.09,1.33,LOW,80
POLYCAB.NS,SELL,8201.0,-8.7,-7.81,2.16,,,8688.36,6982.61,2.5,LOW,100
CGPOWER.NS,HOLD,872.15,-1.75,-0.64,2.18,,,836.14,920.16,1.33,LOW,80
UNIONBANK.NS,SELL,177.39,-0.97,-6.14,1.3,,,186.05,155.73,2.5,LOW,80
ADANIENSOL.NS,SELL,1356.1,-13.77,-2.9,2.81,,,1455.46,1107.71,2.5,LOW,100
APOLLOHOSP.NS,HOLD,8763.5,-0.74,0.1,1.06,,,8564.96,9028.21,1.33,LOW,60
INDHOTEL.NS,HOLD,722.25,-0.88,-0.75,1.51,,,698.54,753.86,1.33,LOW,60
HEROMOTOCO.NS,HOLD,5313.5,-0.79,0.25,1.65,,,5120.86,5570.36,1.33,LOW,60
DRREDDY.NS,HOLD,1171.3,-0.7,1.28,1.14,,,1141.51,1211.01,1.33,LOW,60
SHREECEM.NS,SELL,21870.0,-13.21,-6.9,1.43,,,22867.86,19375.36,2.5,LOW,100
JINDALSTEL.NS,HOLD,1125.7,2.35,-2.96,1.56,,,1076.82,1190.87,1.33,LOW,100
IDBI.NS,SELL,82.31,-3.58,-10.5,3.52,,,89.18,65.15,2.5,LOW,100
SWIGGY.NS,HOLD,276.2,-0.19,2.56,1.5,,,264.15,292.27,1.33,LOW,80
BSE.NS,HOLD,3275.0,-5.62,3.38,2.18,,,3102.31,3505.26,1.33,LOW,100
MANKIND.NS,SELL,2281.5,-6.1,-4.6,1.32,,,2382.19,2029.79,2.5,LOW,100
INDIANB.NS,SELL,846.55,-1.44,-3.67,1.09,,,885.41,749.39,2.5,LOW,100
INDUSTOWER.NS,BUY,381.5,0.61,1.75,1.92,373.87,389.13,363.9,425.5,2.5,LOW,60
UNITDSPR.NS,SELL,1383.4,-5.93,-5.86,1.06,,,1442.09,1236.69,2.5,LOW,100
GMRAIRPORT.NS,SELL,94.98,-7.77,-1.95,2.01,,,100.03,82.37,2.5,LOW,80
RECLTD.NS,SELL,311.85,-7.99,-1.45,1.24,,,324.21,280.94,2.5,LOW,80
ZYDUSLIFE.NS,HOLD,1133.7,-0.11,-1.78,1.84,,,1090.93,1190.73,1.33,LOW,60
ICICIGI.NS,SELL,1480.6,-8.15,-3.67,1.13,,,1540.23,1331.53,2.5,LOW,100
GROWW.NS,HOLD,190.26,-3.48,0.01,1.8,,,182.94,200.03,1.33,LOW,80
DIXON.NS,SELL,13374.0,-5.13,-7.41,1.41,,,14095.0,11571.5,2.5,LOW,100
IDEA.NS,HOLD,14.29,2.57,-1.31,2.81,,,13.54,15.29,1.33,LOW,80
HAVELLS.NS,SELL,1087.6,-10.81,-8.83,1.23,,,1143.47,947.92,2.5,LOW,100
MARICO.NS,HOLD,820.7,-2.93,0.09,1.39,,,794.53,855.59,1.33,LOW,80
HINDPETRO.NS,SELL,352.7,-4.07,-2.39,1.26,,,367.96,314.54,2.5,LOW,100
WAAREEENER.NS,SELL,2501.0,-6.52,-2.98,1.29,,,2613.95,2218.64,2.5,LOW,100
BAJAJHFL.NS,HOLD,82.95,-2.51,0.0,0.85,,,80.85,85.75,1.33,LOW,80
DABUR.NS,HOLD,383.5,-5.24,0.74,0.98,,,374.07,396.08,1.33,LOW,80
LUPIN.NS,SELL,2084.6,-8.8,-3.28,0.81,,,2154.9,1908.85,2.5,LOW,100
JSWENERGY.NS,SELL,512.05,-6.19,-5.09,1.68,,,536.41,451.16,2.5,LOW,100
ICICIPRULI.NS,SELL,491.45,-1.86,-1.61,2.32,,,522.29,414.36,2.5,LOW,80
PERSISTENT.NS,HOLD,5460.5,0.11,-3.47,1.95,,,5225.75,5773.5,1.33,LOW,80
BHARTIHEXA.NS,SELL,1471.3,-6.28,-2.67,1.35,,,1549.27,1276.37,2.5,LOW,100
NAUKRI.NS,HOLD,1272.5,0.09,-6.16,1.49,,,1214.19,1350.24,1.33,LOW,80
SRF.NS,SELL,2539.0,-3.51,-2.29,1.09,,,2631.44,2307.89,2.5,LOW,100
BHEL.NS,HOLD,425.15,1.69,-1.54,2.15,,,406.58,449.91,1.33,LOW,80
POWERINDIA.NS,SELL,30810.0,-5.83,-4.32,1.58,,,32503.57,26576.07,2.5,LOW,100
MEESHO.NS,HOLD,208.94,5.6,-0.38,1.36,,,198.35,223.06,1.33,LOW,80
NTPCGREEN.NS,HOLD,87.98,-3.38,-0.85,0.83,,,86.12,90.46,1.33,LOW,80
NHPC.NS,SELL,75.52,-2.46,-1.22,0.94,,,78.22,68.77,2.5,LOW,80
POLICYBZR.NS,HOLD,1771.2,4.26,-4.36,2.1,,,1683.05,1888.73,1.33,LOW,100
SBICARD.NS,HOLD,636.4,-1.13,0.63,2.16,,,605.69,677.34,1.33,LOW,80
ASHOKLEY.NS,SELL,158.55,-4.78,-6.38,1.48,,,166.72,138.12,2.5,LOW,100
SUZLON.NS,SELL,42.6,-11.27,-7.45,1.3,,,44.85,36.98,2.5,LOW,100
ABCAPITAL.NS,SELL,386.7,-4.02,-2.61,1.7,,,404.53,342.13,2.5,LOW,100
PAYTM.NS,BUY,1764.8,15.6,9.01,2.86,1729.5,1800.1,1630.33,2100.98,2.5,LOW,100
IOB.NS,SELL,32.2,-4.01,-3.1,0.94,,,33.37,29.28,2.5,LOW,100
OFSS.NS,SELL,11510.0,-1.11,-5.56,1.56,,,12160.57,9883.57,2.5,LOW,100
LENSKART.NS,BUY,689.6,13.19,3.09,1.33,675.81,703.39,655.13,775.78,2.5,LOW,100
GVT&D.NS,SELL,4303.1,-1.14,-1.35,3.1,,,4627.87,3491.17,2.5,LOW,80
RVNL.NS,SELL,198.94,-9.74,-3.43,1.42,,,207.95,176.43,2.5,LOW,100
PRESTIGE.NS,SELL,1448.5,-9.6,-10.32,2.18,,,1555.97,1179.82,2.5,LOW,100
LLOYDSME.NS,SELL,1827.7,-3.62,-1.14,1.22,,,1904.9,1634.7,2.5,LOW,80
UNOMINDA.NS,SELL,1209.0,-0.59,-2.18,1.74,,,1269.76,1057.11,2.5,LOW,80
FORTIS.NS,SELL,892.0,-3.99,-2.51,1.06,,,924.77,810.07,2.5,LOW,100
NYKAA.NS,SELL,325.55,-1.93,-3.51,1.78,,,341.19,286.44,2.5,LOW,100
OIL.NS,HOLD,478.5,2.85,-2.15,1.32,,,459.31,504.09,1.33,LOW,100
ATGL.NS,SELL,588.0,-9.79,-4.38,1.01,,,615.96,518.11,2.5,LOW,100
COROMANDEL.NS,HOLD,1931.2,-4.06,0.43,1.27,,,1874.44,2006.89,1.33,LOW,80
GICRE.NS,HOLD,342.7,-0.67,0.34,1.65,,,330.16,359.41,1.33,LOW,60
YESBANK.NS,BUY,23.14,1.16,2.66,1.8,22.68,23.6,22.01,25.98,2.5,LOW,100
VMM.NS,SELL,101.24,-6.6,-6.75,2.8,,,106.42,88.28,2.5,LOW,100
TORNTPOWER.NS,HOLD,1289.0,-3.5,3.21,1.41,,,1237.17,1358.1,1.33,LOW,100
AUROPHARMA.NS,BUY,1680.0,4.07,1.93,1.6,1646.4,1713.6,1597.77,1885.57,2.5,LOW,80
NMDC.NS,SELL,81.09,-4.07,-3.68,1.66,,,84.67,72.14,2.5,LOW,100
ALKEM.NS,SELL,5246.5,-4.15,-1.56,1.0,,,5430.29,4787.04,2.5,LOW,80
BERGEPAINT.NS,SELL,448.8,-10.85,-8.04,0.85,,,470.64,394.19,2.5,LOW,100
MRF.NS,SELL,125600.0,-4.65,-3.76,0.87,,,129832.14,115019.64,2.5,LOW,100
PATANJALI.NS,BUY,357.0,1.8,4.11,1.91,349.86,364.14,342.67,392.82,2.5,LOW,100
GODREJPROP.NS,SELL,1686.1,-16.41,-14.44,2.19,,,1817.39,1357.89,2.5,LOW,100
HDBFS.NS,SELL,683.85,-1.27,-1.38,1.06,,,710.71,616.69,2.5,LOW,80
LTF.NS,SELL,299.15,-4.41,-4.36,1.61,,,315.71,257.74,2.5,LOW,100
JSWINFRA.NS,SELL,328.85,-1.71,-1.57,1.65,,,347.05,283.35,2.5,LOW,80
SCHAEFFLER.NS,SELL,3955.6,-2.53,-1.11,0.63,,,4096.04,3604.49,2.5,LOW,80
INDUSINDBK.NS,SELL,962.4,-4.51,-4.22,1.4,,,1005.29,855.19,2.5,LOW,100
JSL.NS,HOLD,733.5,0.89,-0.07,2.24,,,699.32,779.08,1.33,LOW,60
AUBANK.NS,SELL,1038.0,-2.01,-4.44,1.21,,,1082.34,927.14,2.5,LOW,100
COLPAL.NS,HOLD,1860.3,-5.22,-0.06,1.38,,,1802.91,1936.81,1.33,LOW,80
OBEROIRLTY.NS,SELL,1729.4,-5.94,-9.07,1.51,,,1819.2,1504.9,2.5,LOW,100
BHARATFORG.NS,SELL,1928.0,-7.49,-2.68,1.82,,,2032.83,1665.93,2.5,LOW,100
FACT.NS,SELL,758.85,-7.45,-7.6,3.01,,,804.54,644.62,2.5,LOW,100
COFORGE.NS,HOLD,1783.0,1.31,-9.58,2.2,,,1696.86,1897.86,1.33,LOW,100
PHOENIXLTD.NS,SELL,1884.0,-3.68,-1.75,1.29,,,1968.5,1672.76,2.5,LOW,80
BANKINDIA.NS,SELL,138.9,-2.35,-4.21,1.0,,,144.49,124.93,2.5,LOW,100
TIINDIA.NS,SELL,2583.2,-7.59,-5.03,1.25,,,2718.83,2244.13,2.5,LOW,100
IRCTC.NS,SELL,457.25,-6.89,-3.25,0.82,,,469.57,426.45,2.5,LOW,100
BDL.NS,SELL,1147.9,-10.29,-8.44,1.72,,,1215.0,980.15,2.5,LOW,100
UPL.NS,SELL,555.25,-4.81,-4.01,1.24,,,575.41,504.86,2.5,LOW,100
IDFCFIRSTB.NS,HOLD,85.81,1.82,-1.93,1.31,,,83.48,88.91,1.33,LOW,80
PIIND.NS,SELL,2274.2,-10.93,-4.96,1.49,,,2382.87,2002.52,2.5,LOW,100
MOTILALOFS.NS,HOLD,998.8,4.44,-1.38,1.76,,,956.55,1055.14,1.33,LOW,80
GLENMARK.NS,HOLD,2402.9,3.28,-2.28,1.3,,,2320.32,2513.0,1.33,LOW,100
MFSL.NS,HOLD,1543.9,0.46,2.58,2.13,,,1480.85,1627.97,1.33,LOW,80
SAIL.NS,SELL,173.76,-1.09,-11.8,2.5,,,184.7,146.41,2.5,LOW,100
FEDERALBNK.NS,SELL,339.45,-2.76,-1.49,1.43,,,351.92,308.27,2.5,LOW,80
NAM-INDIA.NS,SELL,1115.3,-5.49,-4.26,1.48,,,1179.47,954.87,2.5,LOW,100
MPHASIS.NS,SELL,2303.6,-3.89,-7.11,1.67,,,2445.04,1949.99,2.5,LOW,100
KALYANKJIL.NS,HOLD,588.95,0.47,0.23,2.14,,,556.14,632.69,1.33,LOW,60
LINDEINDIA.NS,SELL,6091.0,-9.17,-4.42,0.96,,,6330.21,5492.96,2.5,LOW,100
SUNDARMFIN.NS,BUY,4640.2,1.64,2.21,1.2,4547.4,4733.0,4441.33,5137.38,2.5,LOW,100
SUPREMEIND.NS,SELL,3318.1,-4.56,-6.02,1.53,,,3488.67,2891.67,2.5,LOW,100
BIOCON.NS,SELL,379.1,-8.92,-5.7,1.23,,,396.46,335.71,2.5,LOW,100
TATACOMM.NS,BUY,1785.4,1.69,4.41,1.6,1749.69,1821.11,1698.57,2002.47,2.5,LOW,100
LAURUSLABS.NS,BUY,1950.1,9.19,4.62,2.03,1911.1,1989.1,1840.8,2223.35,2.5,LOW,100
AIIL.NS,HOLD,533.25,-2.17,2.74,2.75,,,502.94,573.66,1.33,LOW,100
GODFRYPHLP.NS,SELL,1944.6,-7.11,-3.99,1.25,,,2023.09,1748.39,2.5,LOW,100
JKCEMENT.NS,HOLD,4935.0,-6.88,-0.89,1.48,,,4737.21,5198.71,1.33,LOW,80
UBL.NS,SELL,1220.0,-9.35,-4.88,0.89,,,1278.09,1074.79,2.5,LOW,100
APLAPOLLO.NS,HOLD,2138.5,6.38,-2.86,1.72,,,2051.67,2254.27,1.33,LOW,100
PAGEIND.NS,SELL,34570.0,-8.7,-3.1,1.2,,,36092.14,30764.64,2.5,LOW,100
GLAXO.NS,HOLD,2842.8,4.86,-6.8,2.38,,,2725.27,2999.5,1.33,LOW,100
BALKRISIND.NS,SELL,2163.3,-4.63,-7.12,1.29,,,2282.13,1866.23,2.5,LOW,100
ITCHOTELS.NS,SELL,154.45,-6.23,-3.62,1.0,,,160.45,139.45,2.5,LOW,100
COCHINSHIP.NS,SELL,1319.2,-9.1,-11.27,2.58,,,1409.06,1094.56,2.5,LOW,100
PREMIERENE.NS,SELL,891.6,-12.83,-11.55,1.73,,,938.21,775.06,2.5,LOW,100
HEXT.NS,SELL,526.6,-4.48,-3.13,2.01,,,555.57,454.17,2.5,LOW,100
LTTS.NS,SELL,3373.5,-2.8,-6.51,1.16,,,3545.29,2944.04,2.5,LOW,100
VOLTAS.NS,SELL,1136.4,-9.64,-3.53,1.52,,,1183.86,1017.76,2.5,LOW,100
HUDCO.NS,SELL,169.92,-10.75,-4.85,1.01,,,179.33,146.39,2.5,LOW,100
360ONE.NS,SELL,1051.5,-7.83,-10.99,1.46,,,1110.3,904.5,2.5,LOW,100
MAHABANK.NS,HOLD,81.23,-0.16,-5.9,2.16,,,77.6,86.07,1.33,LOW,80
PGHH.NS,SELL,7701.5,-7.36,-2.28,0.96,,,7978.58,7008.79,2.5,LOW,100
PETRONET.NS,HOLD,282.95,0.08,-5.87,1.25,,,274.07,294.79,1.33,LOW,80
IREDA.NS,SELL,109.4,-6.28,-2.54,1.45,,,113.09,100.17,2.5,LOW,100
ANTHEM.NS,HOLD,918.6,7.88,-0.64,2.02,,,871.69,981.15,1.33,LOW,80
CONCOR.NS,SELL,491.95,-2.58,-3.32,1.79,,,511.01,444.29,2.5,LOW,100
M&MFIN.NS,SELL,344.75,-7.05,-8.32,1.43,,,364.49,295.39,2.5,LOW,100
NATIONALUM.NS,SELL,356.35,-3.5,-4.72,1.94,,,377.81,302.69,2.5,LOW,100
DALBHARAT.NS,SELL,1686.9,-6.83,-6.63,1.84,,,1788.43,1433.08,2.5,LOW,100
JUBLFOOD.NS,HOLD,483.25,3.2,0.07,1.44,,,467.53,504.21,1.33,LOW,80
ESCORTS.NS,SELL,2828.3,-5.97,-5.57,1.25,,,2961.76,2494.66,2.5,LOW,100
RADICO.NS,HOLD,4404.8,-0.15,-3.38,1.27,,,4258.21,4600.26,1.33,LOW,80
KAYNES.NS,SELL,3536.5,-1.67,-1.3,2.58,,,3798.19,2882.29,2.5,LOW,80
FLUOROCHEM.NS,HOLD,4537.7,0.93,-3.32,1.69,,,4294.29,4862.24,1.33,LOW,80
ENDURANCE.NS,SELL,2662.8,-5.38,-7.26,1.36,,,2816.06,2279.66,2.5,LOW,100
KEI.NS,SELL,4537.5,-12.55,-14.82,2.9,,,4922.37,3575.32,2.5,LOW,100
ASTRAL.NS,SELL,1385.3,-4.81,-6.84,1.02,,,1452.91,1216.26,2.5,LOW,100
THERMAX.NS,SELL,3548.1,-13.4,-4.98,1.33,,,3754.13,3033.03,2.5,LOW,100
PWL.NS,BUY,127.91,0.66,6.06,3.02,125.35,130.47,117.71,153.42,2.5,LOW,80
UCOBANK.NS,SELL,23.71,-7.62,-2.79,1.13,,,24.65,21.37,2.5,LOW,100
BLUESTARCO.NS,HOLD,1543.3,-2.02,3.51,2.24,,,1471.49,1639.04,1.33,LOW,100
NH.NS,SELL,1878.9,-2.29,-2.28,1.5,,,1966.16,1660.76,2.5,LOW,100
TATAINVEST.NS,BUY,674.7,2.44,5.76,2.91,661.21,688.19,627.85,791.83,2.5,LOW,100
GODREJIND.NS,HOLD,1140.3,-8.58,0.13,1.72,,,1088.64,1209.19,1.33,LOW,80
POONAWALLA.NS,SELL,432.6,-8.18,-6.99,1.31,,,453.35,380.73,2.5,LOW,100
CRISIL.NS,HOLD,4557.5,1.86,-5.63,1.5,,,4367.88,4810.33,1.33,LOW,100
KPRMILL.NS,HOLD,1113.8,0.41,-5.42,1.89,,,1058.64,1187.34,1.33,LOW,80
CHOLAHLDNG.NS,HOLD,1481.1,-4.97,-0.3,1.06,,,1418.47,1564.6,1.33,LOW,80
3MINDIA.NS,SELL,32170.0,-6.86,-3.45,1.58,,,33575.0,28657.5,2.5,LOW,100
IPCALAB.NS,HOLD,1960.0,5.74,0.18,0.82,,,1894.76,2046.99,1.33,LOW,80
PIRAMALFIN.NS,HOLD,2205.0,2.49,-0.95,1.7,,,2104.14,2339.49,1.33,LOW,80
APARINDS.NS,BUY,17344.0,9.35,3.52,2.51,16997.12,17690.88,15982.84,20746.91,2.5,LOW,100
SJVN.NS,HOLD,63.95,-4.57,0.05,0.99,,,61.98,66.58,1.33,LOW,80
MEDANTA.NS,HOLD,1424.6,1.21,-3.72,2.16,,,1341.24,1535.74,1.33,LOW,100
ACC.NS,SELL,1235.4,-6.85,-2.9,1.06,,,1277.51,1130.11,2.5,LOW,100
TATAELXSI.NS,SELL,3381.3,-6.24,-5.55,1.36,,,3546.8,2967.55,2.5,LOW,100
NLCINDIA.NS,SELL,258.1,-8.79,-6.11,1.2,,,271.79,223.87,2.5,LOW,100
AWL.NS,SELL,183.55,-3.65,-4.03,1.45,,,191.37,164.01,2.5,LOW,100
CENTRALBK.NS,SELL,30.2,-3.1,-1.85,0.75,,,31.11,27.93,2.5,LOW,80
KPITTECH.NS,SELL,557.2,-4.44,-4.51,1.59,,,583.36,491.79,2.5,LOW,100
CDSL.NS,SELL,1348.7,-1.11,-1.21,1.88,,,1414.54,1184.09,2.5,LOW,80
DELHIVERY.NS,SELL,426.2,-8.6,-6.29,1.75,,,447.49,372.97,2.5,LOW,100
ASTERDM.NS,HOLD,761.2,-4.63,0.45,1.83,,,735.81,795.05,1.33,LOW,80
EXIDEIND.NS,SELL,418.15,-5.58,-1.15,1.3,,,438.31,367.76,2.5,LOW,80
GODIGIT.NS,SELL,253.95,-4.64,-1.72,1.39,,,267.33,220.5,2.5,LOW,80
HONAUT.NS,SELL,33940.0,-8.56,-4.48,1.34,,,35677.14,29597.14,2.5,LOW,100
AJANTPHARM.NS,HOLD,3513.8,0.77,-2.45,1.25,,,3375.82,3697.77,1.33,LOW,80
METROBRAND.NS,HOLD,950.7,-2.9,3.91,1.44,,,916.85,995.84,1.33,LOW,100
AIAENG.NS,SELL,3938.4,-11.83,-7.15,1.55,,,4154.88,3397.2,2.5,LOW,100
COHANCE.NS,SELL,430.5,-2.86,-6.07,2.36,,,458.89,359.52,2.5,LOW,100
LICHSGFIN.NS,BUY,548.8,4.5,1.39,1.72,537.82,559.78,516.39,629.82,2.5,LOW,80
GILLETTE.NS,HOLD,7315.0,-3.19,-0.42,0.87,,,7147.21,7538.71,1.33,LOW,80
GLAND.NS,HOLD,2890.9,6.5,-0.58,1.44,,,2757.32,3069.0,1.33,LOW,80
APOLLOTYRE.NS,SELL,408.8,-5.4,-5.84,1.44,,,427.61,361.76,2.5,LOW,100
NIACL.NS,BUY,197.67,7.12,1.2,5.72,193.72,201.62,167.22,273.8,2.5,LOW,80
NBCC.NS,SELL,82.08,-9.29,-5.11,1.17,,,85.25,74.16,2.5,LOW,100
ITI.NS,SELL,255.65,-7.84,-4.8,0.9,,,266.21,229.26,2.5,LOW,100
HINDCOPPER.NS,SELL,484.6,-5.91,-6.18,2.73,,,514.54,409.74,2.5,LOW,100
GRSE.NS,SELL,2345.0,-8.85,-7.32,1.05,,,2457.97,2062.57,2.5,LOW,100
MSUMI.NS,SELL,35.62,-8.7,-2.68,1.47,,,37.19,31.71,2.5,LOW,100
IGL.NS,HOLD,148.72,-1.88,0.53,1.73,,,143.93,155.11,1.33,LOW,80
SONACOMS.NS,HOLD,780.15,1.02,-2.48,1.6,,,748.76,822.0,1.33,LOW,100
AEGISVOPAK.NS,BUY,310.7,9.42,8.31,2.24,304.49,316.91,284.54,376.09,2.5,LOW,100
KIMS.NS,HOLD,768.15,-2.79,1.67,1.22,,,739.2,806.75,1.33,LOW,80
TATATECH.NS,SELL,756.05,-3.68,-6.09,1.58,,,804.71,634.39,2.5,LOW,100
PINELABS.NS,BUY,187.06,15.98,19.53,4.68,183.32,190.8,165.71,240.42,2.5,LOW,100
IKS.NS,HOLD,1739.3,-3.68,-0.09,1.48,,,1660.45,1844.43,1.33,LOW,80
STARHEALTH.NS,SELL,551.45,-5.05,-1.6,1.53,,,581.88,475.38,2.5,LOW,80
TVSHLTD.NS,SELL,12808.0,-8.56,-3.39,1.66,,,13566.57,10911.57,2.5,LOW,100
IRB.NS,SELL,18.93,-3.11,-3.76,1.73,,,20.03,16.18,2.5,LOW,100
SUMICHEM.NS,SELL,454.85,-12.42,-9.96,1.41,,,481.09,389.26,2.5,LOW,100
AFFLE.NS,HOLD,1539.9,-3.68,1.45,2.06,,,1471.17,1631.54,1.33,LOW,80
AEGISLOG.NS,BUY,1373.5,4.39,6.7,3.18,1346.03,1400.97,1254.87,1670.07,2.5,LOW,100
NAVINFLUOR.NS,HOLD,8219.5,1.22,-5.49,1.63,,,7900.75,8644.5,1.33,LOW,100
SYNGENE.NS,SELL,378.1,-6.33,-5.96,1.34,,,393.94,338.51,2.5,LOW,100
BANDHANBNK.NS,HOLD,172.3,-2.66,4.91,1.54,,,164.93,182.13,1.33,LOW,100
EMCURE.NS,HOLD,1899.5,-0.01,2.61,1.48,,,1823.65,2000.64,1.33,LOW,80
LALPATHLAB.NS,HOLD,1926.8,3.66,0.56,1.03,,,1846.98,2033.23,1.33,LOW,80
AMBER.NS,SELL,7033.0,-5.1,-5.15,1.44,,,7352.57,6234.07,2.5,LOW,100
PPLPHARMA.NS,HOLD,203.81,1.65,-4.4,2.28,,,193.09,218.1,1.33,LOW,100
ZFCVINDIA.NS,SELL,2450.0,-1.67,-3.34,1.44,,,2585.0,2112.5,2.5,LOW,100
NUVAMA.NS,SELL,1703.8,-4.93,-4.55,1.8,,,1825.86,1398.66,2.5,LOW,100
MRPL.NS,SELL,163.68,-4.42,-6.99,2.34,,,178.77,125.95,2.5,LOW,100
RAMCOCEM.NS,SELL,860.3,-5.3,-2.19,1.65,,,903.84,751.46,2.5,LOW,100
SHYAMMETL.NS,HOLD,1078.2,4.88,0.02,1.84,,,1026.97,1146.5,1.33,LOW,80
FSL.NS,HOLD,273.25,0.14,3.0,3.57,,,258.07,293.49,1.33,LOW,80
EMAMILTD.NS,HOLD,387.1,-2.11,5.13,2.19,,,369.02,411.21,1.33,LOW,100
DEEPAKNTR.NS,SELL,1601.6,-5.73,-7.64,1.61,,,1692.16,1375.21,2.5,LOW,100
INOXWIND.NS,HOLD,74.07,-2.35,0.09,1.69,,,70.71,78.54,1.33,LOW,80
EIHOTEL.NS,HOLD,298.4,-3.6,2.63,2.11,,,285.24,315.94,1.33,LOW,100
WOCKPHARMA.NS,BUY,2043.4,4.6,4.76,3.12,2002.53,2084.27,1868.49,2480.69,2.5,LOW,100
PTCIL.NS,BUY,22590.0,14.96,2.15,3.47,22138.2,23041.8,20479.57,27866.07,2.5,LOW,100
PFIZER.NS,SELL,4012.0,-13.91,-14.01,1.84,,,4200.76,3540.11,2.5,LOW,100
ANANDRATHI.NS,HOLD,2210.0,3.67,0.26,0.89,,,2148.32,2292.24,1.33,LOW,80
KIOCL.NS,SELL,335.9,-10.39,-11.73,1.88,,,357.73,281.33,2.5,LOW,100
MANAPPURAM.NS,SELL,316.75,-8.32,-7.11,2.05,,,336.02,268.57,2.5,LOW,100
PNBHOUSING.NS,SELL,1112.0,-0.99,-3.19,1.6,,,1176.97,949.57,2.5,LOW,80
BRIGADE.NS,HOLD,633.05,5.15,-1.09,3.56,,,586.23,695.47,1.33,LOW,80
ABSLAMC.NS,BUY,1067.3,2.39,4.43,2.22,1045.95,1088.65,985.66,1271.41,2.5,LOW,100
TIMKEN.NS,BUY,3232.4,1.57,3.44,2.01,3167.75,3297.05,3047.29,3695.19,2.5,LOW,100
HSCL.NS,HOLD,653.9,-8.6,-0.86,2.67,,,627.27,689.41,1.33,LOW,80
FORCEMOT.NS,HOLD,17529.0,-1.72,-0.12,1.53,,,16884.16,18388.78,1.33,LOW,80
WELCORP.NS,HOLD,2497.0,22.06,-5.47,5.06,,,2299.8,2759.93,1.33,LOW,100
ANGELONE.NS,HOLD,296.0,-2.19,6.0,2.11,,,281.39,315.49,1.33,LOW,100
TATACHEM.NS,BUY,737.35,11.01,14.97,4.68,722.6,752.1,680.56,879.31,2.5,LOW,100
ASAHIINDIA.NS,HOLD,952.9,3.59,0.29,1.23,,,920.53,996.06,1.33,LOW,80
ASTRAZEN.NS,SELL,6699.0,-12.47,-3.63,0.89,,,6946.64,6079.89,2.5,LOW,100
ERIS.NS,HOLD,1307.3,-4.6,1.43,1.13,,,1258.99,1371.71,1.33,LOW,80
CESC.NS,SELL,142.3,-7.84,-2.83,1.23,,,149.66,123.9,2.5,LOW,100
HBLENGINE.NS,BUY,745.55,5.36,12.18,2.28,730.64,760.46,694.69,872.7,2.5,LOW,100
SUNTV.NS,HOLD,468.65,-2.28,1.75,1.76,,,448.6,495.38,1.33,LOW,80
KARURVYSYA.NS,HOLD,334.65,0.21,-4.39,1.51,,,323.22,349.89,1.33,LOW,80
SAGILITY.NS,HOLD,44.79,2.49,-4.29,1.58,,,43.19,46.92,1.33,LOW,100
JYOTICNC.NS,HOLD,994.55,12.2,0.55,2.85,,,932.33,1077.51,1.33,LOW,80
KEC.NS,SELL,402.3,-10.22,-3.53,1.92,,,427.84,338.46,2.5,LOW,100
AADHARHFC.NS,SELL,466.1,-5.33,-2.17,1.68,,,491.15,403.47,2.5,LOW,100
IIFL.NS,SELL,595.6,-2.19,-5.95,2.84,,,648.91,462.31,2.5,LOW,100
REDINGTON.NS,BUY,398.7,19.09,7.05,2.35,390.73,406.67,369.89,470.74,2.5,LOW,100
HATSUN.NS,BUY,1219.6,19.86,5.07,3.12,1195.21,1243.99,1107.49,1499.89,2.5,LOW,100
CREDITACC.NS,HOLD,1384.1,-7.47,1.51,1.73,,,1317.56,1472.81,1.33,LOW,80
URBANCO.NS,HOLD,164.33,9.85,-7.4,3.35,,,152.87,179.61,1.33,LOW,100
JSWHL.NS,SELL,11030.0,-3.6,-8.29,2.08,,,11917.43,8811.43,2.5,LOW,100
PSB.NS,SELL,22.05,-6.11,-4.34,0.9,,,22.87,20.0,2.5,LOW,100
ONESOURCE.NS,HOLD,1589.2,-0.04,2.9,1.61,,,1509.02,1696.1,1.33,LOW,80
KPIL.NS,HOLD,1398.5,3.4,-0.17,1.26,,,1342.94,1472.59,1.33,LOW,80
ATHERENERG.NS,HOLD,1557.0,7.8,-5.0,3.23,,,1461.83,1683.9,1.33,LOW,100
SUNDRMFAST.NS,BUY,1234.0,12.12,2.5,1.71,1209.32,1258.68,1146.22,1453.45,2.5,LOW,100
ABREL.NS,SELL,1247.3,-10.26,-8.08,2.08,,,1322.27,1059.87,2.5,LOW,100
OLAELEC.NS,SELL,36.58,-5.4,-2.38,2.83,,,40.0,28.02,2.5,LOW,100
CHALET.NS,SELL,842.0,-1.43,-6.12,1.34,,,890.81,719.99,2.5,LOW,100
CHAMBLFERT.NS,HOLD,414.15,-4.51,0.45,0.85,,,403.51,428.34,1.33,LOW,80
ANANTRAJ.NS,SELL,588.85,-3.19,-6.28,2.01,,,629.96,486.06,2.5,LOW,100
ECLERX.NS,HOLD,1990.7,6.65,-0.69,1.78,,,1876.31,2143.21,1.33,LOW,80
CASTROLIND.NS,BUY,189.92,3.29,2.1,0.7,186.12,193.72,184.99,202.24,2.5,LOW,100
SCHNEIDER.NS,HOLD,1195.6,-7.62,0.61,2.23,,,1130.49,1282.41,1.33,LOW,80
POLYMED.NS,HOLD,1730.0,0.68,-1.5,1.52,,,1638.73,1851.69,1.33,LOW,60
DCMSHRIRAM.NS,SELL,988.3,-3.64,-4.09,1.25,,,1036.69,867.34,2.5,LOW,100
BASF.NS,SELL,3604.8,-5.12,-5.41,1.35,,,3771.79,3187.34,2.5,LOW,100
TENNIND.NS,SELL,508.3,-6.38,-1.43,1.34,,,535.36,440.66,2.5,LOW,80
KANSAINER.NS,SELL,184.89,-7.66,-4.11,1.25,,,193.27,163.94,2.5,LOW,100
DEVYANI.NS,HOLD,137.65,6.16,-0.3,1.75,,,131.68,145.61,1.33,LOW,80
NEULANDLAB.NS,HOLD,22750.0,6.34,-1.19,2.13,,,21736.54,24101.29,1.33,LOW,80
CROMPTON.NS,SELL,224.74,-8.81,-1.31,1.48,,,236.03,196.53,2.5,LOW,80
EIDPARRY.NS,SELL,705.1,-9.01,-9.4,1.52,,,747.32,599.55,2.5,LOW,100
CAMS.NS,SELL,714.6,-6.08,-3.67,1.59,,,756.62,609.55,2.5,LOW,100
KFINTECH.NS,SELL,899.6,-2.78,-3.16,1.43,,,941.96,793.69,2.5,LOW,100
RPOWER.NS,SELL,21.08,-8.65,-4.31,1.77,,,22.23,18.19,2.5,LOW,100
BIKAJI.NS,SELL,552.4,-10.5,-11.71,1.54,,,586.61,466.88,2.5,LOW,100
KAJARIACER.NS,HOLD,1217.0,-0.4,-0.98,1.38,,,1169.84,1279.89,1.33,LOW,60
ATUL.NS,SELL,6139.5,-5.11,-3.95,1.28,,,6420.0,5438.25,2.5,LOW,100
SARDAEN.NS,HOLD,507.85,0.29,1.79,2.05,,,483.05,540.91,1.33,LOW,60
APLLTD.NS,HOLD,835.5,2.18,0.07,1.46,,,796.42,887.61,1.33,LOW,80
DEEPAKFERT.NS,SELL,1339.8,-9.77,-6.14,1.85,,,1416.36,1148.41,2.5,LOW,100
FIRSTCRY.NS,SELL,167.88,-15.32,-6.04,1.75,,,182.38,131.62,2.5,LOW,100
JSWCEMENT.NS,SELL,116.27,-9.97,-5.76,0.89,,,120.17,106.52,2.5,LOW,100
SAILIFE.NS,HOLD,1554.2,9.7,-2.07,2.42,,,1468.21,1668.86,1.33,LOW,100
CGCL.NS,BUY,260.55,6.19,3.92,3.24,255.34,265.76,236.56,320.52,2.5,LOW,100
ARE&M.NS,SELL,789.0,-11.69,-9.44,1.02,,,827.08,693.8,2.5,LOW,100
GRINDWELL.NS,SELL,1853.2,-9.38,-8.39,1.58,,,1959.19,1588.24,2.5,LOW,100
VINATIORGA.NS,SELL,1252.3,-4.38,-4.15,1.23,,,1313.62,1099.01,2.5,LOW,100
SKFINDIA.NS,HOLD,1542.5,0.41,0.12,0.96,,,1494.4,1606.63,1.33,LOW,60
MAHSCOOTER.NS,SELL,13145.0,-0.8,-3.87,1.36,,,13860.86,11355.36,2.5,LOW,80
JUBLPHARMA.NS,BUY,1017.1,7.68,12.06,1.62,996.76,1037.44,954.93,1172.53,2.5,LOW,100
ZENSARTECH.NS,SELL,439.85,-9.39,-5.5,1.85,,,473.44,355.87,2.5,LOW,100
FIVESTAR.NS,HOLD,536.35,-0.68,-0.33,2.1,,,511.46,569.54,1.33,LOW,60
TRITURBINE.NS,SELL,546.15,-8.33,-5.21,1.6,,,582.19,456.04,2.5,LOW,100
CARBORUNIV.NS,SELL,1074.2,-1.82,-2.39,2.66,,,1155.96,869.81,2.5,LOW,100
RBLBANK.NS,BUY,406.6,6.05,6.86,1.61,398.47,414.73,388.91,450.83,2.5,LOW,100
RATNAMANI.NS,BUY,2707.7,7.74,2.19,3.77,2653.55,2761.85,2455.36,3338.56,2.5,LOW,100
PGEL.NS,SELL,529.25,-9.95,-4.45,1.51,,,557.41,458.86,2.5,LOW,100
VENTIVE.NS,SELL,563.8,-5.98,-4.97,1.53,,,597.13,480.48,2.5,LOW,100
NAVA.NS,SELL,548.0,-3.49,-3.54,1.27,,,578.98,470.55,2.5,LOW,100
CUB.NS,HOLD,232.38,4.9,-0.84,2.06,,,219.32,249.79,1.33,LOW,80
CENTURYPLY.NS,SELL,721.85,-5.47,-3.42,1.38,,,751.32,648.18,2.5,LOW,100
BEML.NS,HOLD,2022.5,7.14,-0.49,2.19,,,1907.15,2176.3,1.33,LOW,80
MANYAVAR.NS,BUY,569.6,16.8,4.47,1.86,558.21,580.99,527.25,675.47,2.5,LOW,100
ABLBL.NS,HOLD,83.11,-7.3,-0.46,1.35,,,80.12,87.1,1.33,LOW,80
NETWEB.NS,SELL,4586.5,-4.43,-10.24,3.14,,,4986.83,3585.68,2.5,LOW,100
TBOTEK.NS,HOLD,1660.0,3.51,-3.62,1.77,,,1577.0,1770.67,1.33,LOW,100
CONCORDBIO.NS,BUY,1471.7,3.8,1.86,2.03,1442.27,1501.13,1374.84,1713.84,2.5,LOW,80
TRAVELFOOD.NS,SELL,1222.0,-6.16,-3.05,1.5,,,1307.42,1008.45,2.5,LOW,100
CPPLUS.NS,SELL,3479.6,-3.12,-6.64,2.67,,,3813.21,2645.56,2.5,LOW,100
UTIAMC.NS,HOLD,896.15,-1.28,1.79,1.01,,,872.88,927.17,1.33,LOW,80
SOBHA.NS,SELL,1188.7,-10.93,-3.37,1.23,,,1252.23,1029.88,2.5,LOW,100
LMW.NS,HOLD,18010.0,3.09,-5.09,1.86,,,17003.82,19351.57,1.33,LOW,100
ACMESOLAR.NS,BUY,406.2,5.23,1.07,2.1,398.08,414.32,374.08,486.5,2.5,LOW,80
IRCON.NS,SELL,107.67,-12.51,-8.7,1.02,,,113.13,94.03,2.5,LOW,100
GABRIEL.NS,SELL,1287.7,-7.63,-9.72,2.17,,,1398.83,1009.88,2.5,LOW,100
GMDCLTD.NS,SELL,550.9,-3.77,-2.64,1.48,,,579.06,480.51,2.5,LOW,100
CRAFTSMAN.NS,HOLD,10920.0,6.34,-2.49,2.21,,,10254.59,11807.21,1.33,LOW,100
ELGIEQUIP.NS,HOLD,597.65,-0.22,-4.97,2.13,,,568.23,636.87,1.33,LOW,80
NATCOPHARM.NS,SELL,810.75,-9.39,-3.85,0.69,,,847.06,719.96,2.5,LOW,100
CHOICEIN.NS,SELL,726.2,-8.93,-6.26,1.21,,,757.48,648.0,2.5,LOW,100
VGUARD.NS,HOLD,329.8,3.24,-3.34,1.31,,,316.35,347.73,1.33,LOW,100
APTUS.NS,SELL,239.76,-10.03,-5.37,1.39,,,252.61,207.63,2.5,LOW,100
SIGNATURE.NS,SELL,753.6,-5.44,-2.12,1.49,,,804.5,626.35,2.5,LOW,100
CIEINDIA.NS,HOLD,383.5,-7.25,-0.39,0.76,,,372.56,398.09,1.33,LOW,80
TECHNOE.NS,HOLD,983.5,-1.1,1.46,1.71,,,942.07,1038.74,1.33,LOW,80
WHIRLPOOL.NS,SELL,727.15,-7.12,-9.13,2.64,,,766.55,628.65,2.5,LOW,100
JMFINANCIL.NS,SELL,121.95,-3.41,-4.91,1.73,,,129.27,103.64,2.5,LOW,100
GPIL.NS,HOLD,237.1,-2.8,-0.96,1.49,,,226.85,250.76,1.33,LOW,80
AFCONS.NS,SELL,248.6,-10.92,-15.64,2.24,,,277.24,177.01,2.5,LOW,100
ABDL.NS,BUY,647.45,4.77,6.24,1.79,634.5,660.4,611.2,738.08,2.5,LOW,100
CAPLIPOINT.NS,HOLD,2607.0,0.35,-3.84,2.91,,,2444.14,2824.14,1.33,LOW,80
DATAPATTNS.NS,SELL,4403.6,-2.25,-2.5,3.5,,,4767.01,3495.06,2.5,LOW,100
IGIL.NS,SELL,313.6,-7.32,-4.16,1.25,,,331.43,269.03,2.5,LOW,100
DOMS.NS,SELL,2094.2,-6.17,-6.05,0.81,,,2175.04,1892.11,2.5,LOW,100
LTFOODS.NS,HOLD,422.05,1.35,-4.61,2.39,,,403.12,447.29,1.33,LOW,100
KIRLOSBROS.NS,SELL,1743.4,-7.48,-8.25,1.36,,,1822.89,1544.69,2.5,LOW,100
AGARWALEYE.NS,SELL,497.9,-0.73,-2.12,0.9,,,526.41,426.63,2.5,LOW,80
JBMA.NS,SELL,592.6,-7.92,-5.67,2.43,,,625.71,509.82,2.5,LOW,100
RRKABEL.NS,SELL,2425.0,-6.47,-15.5,2.79,,,2629.67,1913.32,2.5,LOW,100
GALLANTT.NS,SELL,535.85,-9.98,-5.54,1.32,,,573.64,441.39,2.5,LOW,100
IFCI.NS,SELL,76.63,-3.95,-20.1,4.91,,,89.57,44.27,2.5,LOW,100
NIVABUPA.NS,HOLD,79.98,-4.8,-0.93,1.02,,,77.26,83.61,1.33,LOW,80
INDIAMART.NS,SELL,1685.7,-5.52,-4.46,1.33,,,1762.0,1494.95,2.5,LOW,100
GESHIP.NS,BUY,1407.9,3.75,4.01,1.45,1379.74,1436.06,1344.56,1566.26,2.5,LOW,100
PARADEEP.NS,HOLD,149.0,1.16,-5.98,2.6,,,140.63,160.16,1.33,LOW,100
CEATLTD.NS,HOLD,3366.2,-3.92,1.54,1.06,,,3271.58,3492.36,1.33,LOW,80
TRIDENT.NS,SELL,23.1,-6.0,-3.99,0.53,,,23.81,21.32,2.5,LOW,100
RAINBOW.NS,BUY,1485.0,0.54,4.97,1.16,1455.3,1514.7,1413.37,1664.07,2.5,LOW,80
INTELLECT.NS,SELL,657.85,-7.47,-5.3,1.28,,,694.36,566.56,2.5,LOW,100
SYRMA.NS,BUY,1626.9,12.28,13.45,3.75,1594.36,1659.44,1488.2,1973.65,2.5,LOW,100
FINEORG.NS,HOLD,5163.0,2.14,-2.27,1.19,,,4990.31,5393.26,1.33,LOW,100
NUVOCO.NS,SELL,315.9,-6.31,-3.73,1.94,,,336.67,263.97,2.5,LOW,100
BATAINDIA.NS,SELL,634.15,-6.19,-5.41,0.7,,,654.69,582.79,2.5,LOW,100
SWANCORP.NS,HOLD,291.3,-3.96,2.07,1.95,,,275.48,312.39,1.33,LOW,100
KIRLOSENG.NS,HOLD,2132.0,-2.69,-0.29,2.81,,,1990.82,2320.24,1.33,LOW,80
BLS.NS,SELL,229.0,-6.16,-2.43,2.6,,,239.99,201.53,2.5,LOW,100
AARTIIND.NS,SELL,481.85,-3.99,-8.01,2.1,,,511.4,407.98,2.5,LOW,100
THELEELA.NS,HOLD,530.2,2.6,-7.85,2.19,,,502.54,567.09,1.33,LOW,100
EMMVEE.NS,SELL,319.8,-2.4,-1.51,2.02,,,341.21,266.26,2.5,LOW,80
SPLPETRO.NS,BUY,809.4,10.86,12.65,2.72,793.21,825.59,749.78,958.45,2.5,LOW,100
BLUEDART.NS,SELL,4845.4,-3.3,-1.6,1.11,,,5026.53,4392.58,2.5,LOW,80
ZYDUSWELL.NS,HOLD,548.3,0.5,3.69,1.89,,,524.04,580.65,1.33,LOW,80
KSB.NS,SELL,775.55,-6.98,-3.75,1.49,,,820.46,663.26,2.5,LOW,100
PCBL.NS,BUY,324.0,0.99,2.76,1.83,317.52,330.48,303.7,374.75,2.5,LOW,80
JWL.NS,SELL,231.37,-7.5,-4.53,1.04,,,244.04,199.68,2.5,LOW,100
CEMPRO.NS,SELL,1256.5,-6.74,-3.12,2.06,,,1353.53,1013.93,2.5,LOW,100
ZENTEC.NS,SELL,1675.0,-5.97,-8.42,1.76,,,1788.21,1391.96,2.5,LOW,100
JAINREC.NS,SELL,276.7,-10.16,-1.11,2.0,,,296.91,226.18,2.5,LOW,80
GODREJAGRO.NS,HOLD,650.9,10.4,-0.53,2.84,,,614.08,699.99,1.33,LOW,80
IEX.NS,SELL,113.64,-7.35,-4.62,1.0,,,117.97,102.82,2.5,LOW,100
BBTC.NS,SELL,1415.0,-4.73,-5.85,3.44,,,1511.79,1173.04,2.5,LOW,100
CYIENT.NS,HOLD,1081.4,16.12,-7.14,3.18,,,1012.14,1173.75,1.33,LOW,100
INDGN.NS,HOLD,580.85,5.91,-4.06,1.61,,,555.81,614.24,1.33,LOW,100
AAVAS.NS,HOLD,1287.5,-6.7,2.09,1.19,,,1230.04,1364.11,1.33,LOW,100
MINDACORP.NS,SELL,678.3,-3.61,-4.79,1.36,,,713.61,590.01,2.5,LOW,100
BELRISE.NS,HOLD,230.93,-1.77,0.09,1.18,,,222.3,242.44,1.33,LOW,80
CELLO.NS,SELL,328.0,-7.54,-6.12,0.94,,,343.35,289.62,2.5,LOW,100
JPPOWER.NS,SELL,15.5,-8.92,-3.97,1.25,,,16.38,13.3,2.5,LOW,100
TARIL.NS,SELL,277.8,-8.56,-8.01,1.94,,,294.15,236.93,2.5,LOW,100
NEWGEN.NS,SELL,491.45,-7.34,-7.63,2.71,,,530.03,395.0,2.5,LOW,100
ANURAS.NS,SELL,1182.1,-4.3,-6.17,1.16,,,1235.14,1049.49,2.5,LOW,100
GRANULES.NS,BUY,862.95,0.52,3.08,1.77,845.69,880.21,805.21,1007.31,2.5,LOW,80
GRAVITA.NS,SELL,1624.2,-7.32,-7.14,1.35,,,1713.19,1401.74,2.5,LOW,100
HOMEFIRST.NS,SELL,1175.1,-1.88,-1.8,1.32,,,1243.91,1003.06,2.5,LOW,80
MGL.NS,HOLD,1071.0,-2.12,0.16,1.5,,,1036.81,1116.59,1.33,LOW,80
USHAMART.NS,SELL,491.75,-1.29,-1.96,1.67,,,519.06,423.46,2.5,LOW,80
LEMONTREE.NS,SELL,103.78,-5.12,-2.26,0.86,,,107.97,93.29,2.5,LOW,100
TEGA.NS,BUY,1840.0,12.84,16.13,3.34,1803.2,1876.8,1683.33,2231.68,2.5,LOW,100
VTL.NS,SELL,562.1,-6.22,-6.67,2.05,,,601.96,462.45,2.5,LOW,100
NCC.NS,SELL,134.97,-4.91,-8.33,2.28,,,143.79,112.91,2.5,LOW,100
FINCABLES.NS,BUY,1393.4,19.46,10.25,3.5,1365.53,1421.27,1246.55,1760.52,2.5,LOW,100
SKFINDUS.NS,HOLD,2907.2,4.21,-1.55,2.14,,,2740.1,3130.0,1.33,LOW,80
ACE.NS,BUY,1174.7,7.9,7.88,1.76,1151.21,1198.19,1093.84,1376.86,2.5,LOW,100
ELECON.NS,SELL,411.95,-5.92,-1.12,2.13,,,436.1,351.58,2.5,LOW,80
EMBDL.NS,SELL,54.04,-12.44,-12.94,1.64,,,58.02,44.09,2.5,LOW,100
JINDALSAW.NS,HOLD,290.45,3.75,-6.56,3.37,,,273.16,313.5,1.33,LOW,100
WELSPUNLIV.NS,BUY,208.89,17.53,5.28,1.88,204.71,213.07,193.83,246.54,2.5,LOW,100
NSLNISP.NS,SELL,41.46,-4.14,-9.1,3.6,,,45.37,31.67,2.5,LOW,100
ACUTAAS.NS,HOLD,3309.5,-0.24,4.71,3.02,,,3126.4,3553.63,1.33,LOW,80
RITES.NS,SELL,207.26,-5.15,-5.12,0.85,,,214.5,189.16,2.5,LOW,100
CCL.NS,SELL,1065.7,-6.24,-1.88,1.7,,,1128.7,908.21,2.5,LOW,80
FINPIPE.NS,SELL,152.27,-4.18,-1.81,1.19,,,158.82,135.89,2.5,LOW,80
SAMMAANCAP.NS,SELL,142.65,-8.63,-7.19,1.64,,,151.43,120.7,2.5,LOW,100
INGERRAND.NS,SELL,4246.9,-6.11,-13.04,2.02,,,4537.13,3521.33,2.5,LOW,100
INDIACEM.NS,SELL,349.7,-7.58,-2.82,1.62,,,367.66,304.81,2.5,LOW,100
BLUEJET.NS,HOLD,574.05,-1.97,-0.65,1.36,,,551.41,604.24,1.33,LOW,80
CARTRADE.NS,HOLD,2928.6,1.53,-1.4,2.78,,,2743.99,3174.74,1.33,LOW,80
CHENNPETRO.NS,HOLD,1425.0,7.72,-1.04,3.16,,,1314.44,1572.41,1.33,LOW,80
TSFINV.NS,BUY,445.0,1.87,10.39,1.69,436.1,453.9,420.69,505.77,2.5,LOW,100
SBFC.NS,HOLD,93.94,-0.39,-4.94,2.57,,,87.98,101.88,1.33,LOW,80
CANHLIFE.NS,HOLD,153.4,2.02,-0.51,1.54,,,144.43,165.35,1.33,LOW,80
RAILTEL.NS,SELL,258.45,-8.55,-4.82,1.37,,,270.86,227.43,2.5,LOW,100
CLEAN.NS,BUY,830.8,5.05,1.44,1.67,814.18,847.42,782.35,951.91,2.5,LOW,80
TITAGARH.NS,HOLD,834.7,-0.86,0.09,1.98,,,788.7,896.03,1.33,LOW,60
JYOTHYLAB.NS,SELL,194.08,-4.1,-3.96,1.4,,,204.27,168.61,2.5,LOW,100
SHRIPISTON.NS,HOLD,4380.0,-0.48,-4.97,1.75,,,4178.4,4648.8,1.33,LOW,80
ALIVUS.NS,HOLD,1377.1,7.86,-1.68,1.94,,,1293.79,1488.18,1.33,LOW,80
ENGINERSIN.NS,HOLD,264.85,7.99,-4.25,2.43,,,249.64,285.12,1.33,LOW,100
J&KBANK.NS,HOLD,148.33,-6.76,2.69,1.52,,,142.87,155.61,1.33,LOW,100
OLECTRA.NS,SELL,1180.0,-10.5,-5.4,1.36,,,1249.57,1006.07,2.5,LOW,100
GRINFRA.NS,SELL,818.35,-7.11,-7.27,1.27,,,866.41,698.21,2.5,LOW,100
JUBLINGREA.NS,SELL,631.0,-11.68,-8.98,1.52,,,669.03,535.93,2.5,LOW,100
SANOFI.NS,SELL,3096.9,-5.57,-1.84,1.19,,,3197.99,2844.19,2.5,LOW,80
SANOFICONR.NS,SELL,4019.8,-8.44,-2.85,1.12,,,4242.21,3463.76,2.5,LOW,100
EUREKAFORB.NS,SELL,393.6,-9.76,-6.94,1.63,,,418.44,331.51,2.5,LOW,100
WAAREERTL.NS,SELL,810.35,-10.89,-6.19,1.01,,,845.87,721.55,2.5,LOW,100
RELAXO.NS,SELL,314.25,-18.05,-12.18,1.45,,,337.03,257.3,2.5,LOW,100
PRUDENT.NS,HOLD,3326.2,3.67,-9.48,3.26,,,3027.71,3724.19,1.33,LOW,100
VIKRAMSOLR.NS,SELL,163.12,-6.74,-4.97,1.23,,,171.39,142.43,2.5,LOW,100
TTML.NS,SELL,35.3,-8.6,-7.11,1.97,,,37.56,29.65,2.5,LOW,100
CANFINHOME.NS,SELL,777.0,-6.25,-2.3,1.34,,,811.24,691.41,2.5,LOW,100
BSOFT.NS,SELL,284.4,-4.32,-3.02,1.91,,,301.74,241.06,2.5,LOW,100
GRAPHITE.NS,BUY,813.6,15.66,11.97,3.97,797.33,829.87,733.73,1013.28,2.5,LOW,100
JKTYRE.NS,SELL,347.9,-9.5,-6.01,1.09,,,361.69,313.42,2.5,LOW,100
BLACKBUCK.NS,BUY,615.6,6.6,6.08,2.6,603.29,627.91,575.55,715.72,2.5,LOW,100
ZEEL.NS,SELL,78.37,-18.31,-12.44,2.44,,,86.29,58.58,2.5,LOW,100
SAFARI.NS,HOLD,1516.5,-1.84,0.36,1.29,,,1452.07,1602.4,1.33,LOW,80
INOXINDIA.NS,HOLD,2001.4,-0.34,-7.59,4.48,,,1807.28,2260.23,1.33,LOW,80
HFCL.NS,SELL,213.79,-3.04,-3.01,3.48,,,237.12,155.47,2.5,LOW,100
RUBICON.NS,HOLD,1793.9,9.5,-1.55,2.79,,,1684.04,1940.39,1.33,LOW,80
PVRINOX.NS,BUY,1261.3,9.25,1.11,2.89,1236.07,1286.53,1164.39,1503.59,2.5,LOW,80
SCI.NS,SELL,268.85,-6.21,-8.54,1.55,,,285.41,227.46,2.5,LOW,100
JKLAKSHMI.NS,SELL,507.25,-7.87,-4.45,1.18,,,529.82,450.82,2.5,LOW,100
VIJAYA.NS,HOLD,1460.2,2.52,-2.45,1.61,,,1388.2,1556.2,1.33,LOW,100
PRIVISCL.NS,HOLD,3489.3,-1.71,0.44,1.53,,,3341.65,3686.17,1.33,LOW,80
SONATSOFTW.NS,SELL,280.2,-6.93,-1.34,2.65,,,302.85,223.58,2.5,LOW,80
AETHER.NS,HOLD,1623.8,3.34,-3.56,1.97,,,1536.0,1740.87,1.33,LOW,100
AZAD.NS,HOLD,2607.8,0.23,-5.75,2.13,,,2447.01,2822.19,1.33,LOW,80
EDELWEISS.NS,BUY,127.64,4.47,2.28,2.82,125.09,130.19,115.3,158.5,2.5,LOW,100
NAZARA.NS,HOLD,350.6,3.45,-5.93,1.92,,,333.34,373.61,1.33,LOW,100
METROPOLIS.NS,HOLD,583.0,1.97,0.11,1.64,,,559.24,614.68,1.33,LOW,80
IXIGO.NS,HOLD,159.22,-11.83,1.79,1.87,,,150.89,170.32,1.33,LOW,80
BALRAMCHIN.NS,HOLD,682.75,5.27,-3.07,2.98,,,634.46,747.14,1.33,LOW,100
VESUVIUS.NS,SELL,402.8,-8.59,-3.18,1.43,,,422.55,353.42,2.5,LOW,100
WESTLIFE.NS,HOLD,551.55,2.76,-3.44,2.04,,,517.36,597.14,1.33,LOW,100
RKFORGE.NS,HOLD,705.3,3.92,-2.86,2.2,,,666.38,757.19,1.33,LOW,100
STARCEMENT.NS,HOLD,188.29,-5.16,1.91,1.83,,,179.09,200.56,1.33,LOW,80
GENUSPOWER.NS,SELL,302.35,-5.59,-10.06,2.98,,,326.88,241.03,2.5,LOW,100
RELINFRA.NS,SELL,50.51,-20.17,-14.95,1.53,,,53.96,41.89,2.5,LOW,100
HEG.NS,SELL,225.8,-62.2,-68.04,14.07,,,332.16,-40.09,2.5,NORMAL,100
PGHL.NS,SELL,5455.0,-10.93,-5.43,1.1,,,5701.0,4840.0,2.5,LOW,100
ALKYLAMINE.NS,SELL,1850.5,-3.19,-7.65,2.7,,,1983.8,1517.25,2.5,LOW,100
TEJASNET.NS,SELL,516.85,-3.11,-8.92,3.45,,,572.71,377.19,2.5,LOW,100
SHAILY.NS,SELL,3098.3,-1.57,-2.25,1.79,,,3314.48,2557.86,2.5,LOW,100
TIMETECHNO.NS,SELL,176.52,-8.57,-6.0,1.24,,,186.21,152.3,2.5,LOW,100
BANCOINDIA.NS,SELL,593.4,-5.44,-2.04,1.3,,,620.6,525.41,2.5,LOW,100
AVANTIFEED.NS,SELL,773.2,-11.94,-2.85,2.22,,,823.94,646.34,2.5,LOW,100
IIFLCAPS.NS,HOLD,337.3,0.13,0.1,0.59,,,330.9,345.84,1.33,LOW,60
ASKAUTOLTD.NS,HOLD,619.5,6.04,-2.01,2.39,,,585.66,664.61,1.33,LOW,100
MEDPLUS.NS,HOLD,665.8,-5.35,0.89,1.74,,,640.91,698.99,1.33,LOW,80
SHAKTIPUMP.NS,SELL,460.15,-9.64,-2.55,2.24,,,489.5,386.77,2.5,LOW,100
ABFRL.NS,HOLD,50.31,-9.82,-0.2,1.73,,,47.96,53.44,1.33,LOW,80
MMTC.NS,SELL,60.13,-4.92,-3.51,1.93,,,63.08,52.74,2.5,LOW,100
SUDARSCHEM.NS,HOLD,1209.1,7.77,-2.55,2.17,,,1136.21,1306.29,1.33,LOW,100
RHIM.NS,HOLD,366.3,-5.25,-0.48,1.04,,,354.31,382.28,1.33,LOW,80
AEQUS.NS,SELL,225.93,-5.73,-8.62,1.27,,,243.11,182.98,2.5,LOW,100
JLHL.NS,SELL,276.0,-9.79,-6.63,1.37,,,295.86,226.34,2.5,LOW,100
INDIASHLTR.NS,HOLD,671.0,-5.34,6.69,2.04,,,642.37,709.17,1.33,LOW,100
ASTRAMICRO.NS,SELL,1611.7,-6.7,-1.69,2.14,,,1725.08,1328.26,2.5,LOW,80
TDPOWERSYS.NS,HOLD,718.0,7.04,-0.63,3.76,,,659.79,795.61,1.33,LOW,80
KPIGREEN.NS,SELL,278.3,-19.96,-9.58,1.72,,,293.56,240.16,2.5,LOW,100
TRANSRAILL.NS,SELL,407.5,-12.05,-4.14,1.32,,,429.08,353.55,2.5,LOW,100
BIRLACORPN.NS,SELL,803.95,-10.74,-8.74,1.13,,,845.14,700.97,2.5,LOW,100
SAPPHIRE.NS,HOLD,231.79,9.6,-1.12,2.03,,,217.17,251.28,1.33,LOW,80
MAPMYINDIA.NS,SELL,887.1,-14.49,-11.25,2.17,,,951.29,726.64,2.5,LOW,100
UJJIVANSFB.NS,SELL,64.21,-5.48,-7.09,1.96,,,69.01,52.2,2.5,LOW,100
HCG.NS,HOLD,688.0,-0.28,-6.18,2.3,,,649.0,740.0,1.33,LOW,80
NESCO.NS,BUY,1080.9,1.91,3.84,1.83,1059.28,1102.52,1015.46,1244.51,2.5,LOW,100
HAPPYFORGE.NS,HOLD,2146.0,8.86,-6.47,2.62,,,1995.85,2346.2,1.33,LOW,100
HONASA.NS,HOLD,466.0,-0.2,-1.58,1.62,,,442.19,497.75,1.33,LOW,60
KRBL.NS,HOLD,394.5,2.2,-6.57,3.07,,,370.83,426.06,1.33,LOW,100
VARROC.NS,BUY,851.15,11.12,3.24,2.63,834.13,868.17,774.13,1043.7,2.5,LOW,100
SANSERA.NS,BUY,3964.9,8.35,4.15,2.64,3885.6,4044.2,3641.25,4774.02,2.5,LOW,100
LATENTVIEW.NS,SELL,253.15,-11.79,-7.12,1.53,,,266.89,218.79,2.5,LOW,100
BLUESTONE.NS,BUY,843.05,7.13,3.65,2.69,826.19,859.91,766.64,1034.07,2.5,LOW,100
WABAG.NS,BUY,2086.0,2.58,3.72,3.38,2044.28,2127.72,1908.03,2530.93,2.5,LOW,100
LLOYDSENT.NS,SELL,67.94,-11.21,-4.77,1.68,,,72.49,56.56,2.5,LOW,100
TI.NS,HOLD,538.6,6.45,-1.11,1.96,,,510.28,576.36,1.33,LOW,80
ALOKINDS.NS,SELL,7.13,-33.54,-7.76,4.09,,,8.3,4.2,2.5,LOW,100
SANDUMA.NS,SELL,183.12,-8.5,-7.46,1.87,,,193.68,156.73,2.5,LOW,100
TTKPRESTIG.NS,SELL,543.15,-11.19,-6.96,1.46,,,574.21,465.51,2.5,LOW,100
DBREALTY.NS,SELL,96.26,-11.85,-6.37,1.43,,,102.99,79.44,2.5,LOW,100
MARKSANS.NS,HOLD,319.2,7.97,-4.0,2.07,,,298.89,346.28,1.33,LOW,100
TCI.NS,SELL,837.2,-7.82,-3.55,0.96,,,887.79,710.74,2.5,LOW,100
BBOX.NS,HOLD,759.1,-2.42,4.67,3.51,,,706.25,829.56,1.33,LOW,100
POWERMECH.NS,SELL,2330.0,-7.52,-7.53,2.04,,,2492.7,1923.25,2.5,LOW,100
ORKLAINDIA.NS,HOLD,581.35,1.23,-1.62,1.69,,,559.73,610.18,1.33,LOW,80
SOUTHBANK.NS,HOLD,45.96,0.1,0.48,1.49,,,44.21,48.3,1.33,LOW,60
LOTUSDEV.NS,BUY,216.99,20.91,17.69,2.48,212.65,221.33,197.53,265.64,2.5,LOW,100
JAIBALAJI.NS,SELL,63.73,-2.76,-9.53,2.62,,,68.93,50.72,2.5,LOW,100
SAREGAMA.NS,HOLD,498.15,-1.27,3.8,2.14,,,469.67,536.13,1.33,LOW,100
JSLL.NS,SELL,497.75,-8.03,-1.13,1.74,,,530.56,415.71,2.5,LOW,80
PCJEWELLER.NS,BUY,12.54,18.07,19.2,5.88,12.29,12.79,10.76,16.99,2.5,LOW,100
LUMAXTECH.NS,HOLD,1990.1,11.79,0.18,2.1,,,1873.28,2145.86,1.33,LOW,80
CORONA.NS,BUY,2149.9,2.26,4.66,1.93,2106.9,2192.9,2006.97,2507.22,2.5,LOW,100
TANLA.NS,SELL,495.0,-12.09,-6.22,1.9,,,524.63,420.93,2.5,LOW,100
MANORAMA.NS,BUY,1937.3,9.86,5.67,2.94,1898.55,1976.05,1789.46,2306.9,2.5,LOW,100
ARVIND.NS,HOLD,550.65,2.06,-0.37,2.04,,,515.5,597.52,1.33,LOW,80
APOLLO.NS,SELL,376.45,-4.39,-1.77,2.69,,,406.96,300.18,2.5,LOW,80
PNGJL.NS,HOLD,604.7,-2.25,2.13,1.41,,,578.28,639.93,1.33,LOW,100
MAHSEAMLES.NS,BUY,711.45,15.7,6.98,2.46,697.22,725.68,656.89,847.85,2.5,LOW,100
HAPPSTMNDS.NS,SELL,326.3,-15.14,-8.05,3.48,,,353.39,258.59,2.5,LOW,100
CAMPUS.NS,SELL,210.34,-4.98,-4.77,1.05,,,219.11,188.41,2.5,LOW,100
RELIGARE.NS,HOLD,247.4,-0.66,1.89,1.76,,,235.35,263.47,1.33,LOW,60
GMRP&UI.NS,HOLD,92.24,-4.45,2.14,1.94,,,86.58,99.79,1.33,LOW,100
BECTORFOOD.NS,HOLD,220.69,-0.4,-3.06,2.55,,,206.35,239.81,1.33,LOW,80
WEWORK.NS,HOLD,680.45,-2.96,2.93,1.21,,,647.33,724.61,1.33,LOW,100
RCF.NS,SELL,109.52,-10.58,-4.36,1.85,,,114.9,96.06,2.5,LOW,100
ESABINDIA.NS,SELL,5650.5,-3.71,-6.43,1.14,,,5916.93,4984.43,2.5,LOW,100
VOLTAMP.NS,HOLD,10642.0,5.19,-2.44,2.77,,,10012.8,11480.93,1.33,LOW,100
STAR.NS,BUY,1204.5,14.79,14.32,2.89,1180.41,1228.59,1104.73,1453.93,2.5,LOW,100
GALAXYSURF.NS,HOLD,2222.2,5.34,-1.48,2.3,,,2094.91,2391.91,1.33,LOW,80
MAHLIFE.NS,SELL,349.3,-6.72,-2.14,1.37,,,369.87,297.87,2.5,LOW,100
GPPL.NS,HOLD,162.48,6.38,-0.08,1.32,,,156.05,171.06,1.33,LOW,80
SHARDACROP.NS,SELL,747.0,-8.43,-5.24,1.81,,,784.99,652.04,2.5,LOW,100
OSWALPUMPS.NS,SELL,274.25,-15.8,-5.87,1.88,,,292.81,227.86,2.5,LOW,100
DODLA.NS,SELL,1060.9,-1.78,-1.82,1.4,,,1123.33,904.83,2.5,LOW,80
NETWORK18.NS,SELL,26.71,-7.62,-3.05,2.3,,,28.47,22.31,2.5,LOW,100
DIACABS.NS,BUY,383.0,19.48,12.45,2.69,375.34,390.66,350.93,463.18,2.5,LOW,100
GRWRHITECH.NS,SELL,6474.0,-7.79,-9.13,1.74,,,6937.24,5315.9,2.5,LOW,100
CERA.NS,HOLD,5620.0,-5.34,-0.75,1.18,,,5464.64,5827.14,1.33,LOW,80
KIRLPNU.NS,SELL,696.0,-9.28,-2.6,1.74,,,739.39,587.52,2.5,LOW,100
BORORENEW.NS,SELL,452.4,-18.13,-8.74,1.94,,,483.3,375.15,2.5,LOW,100
KALPATARU.NS,SELL,260.25,-6.84,-6.42,2.0,,,273.74,226.54,2.5,LOW,100
TRIVENI.NS,SELL,236.5,-22.5,-20.0,2.77,,,258.7,181.0,2.5,LOW,100
GSFC.NS,SELL,152.4,-1.49,-2.81,1.1,,,158.75,136.51,2.5,LOW,100
GARFIBRES.NS,HOLD,799.5,3.36,-1.64,2.37,,,758.53,854.12,1.33,LOW,80
ACI.NS,SELL,464.15,-10.4,-4.39,1.88,,,496.89,382.31,2.5,LOW,100
SHILPAMED.NS,HOLD,953.45,21.92,-0.22,3.14,,,882.82,1047.62,1.33,LOW,80
DBL.NS,HOLD,407.85,-2.26,0.72,1.36,,,390.1,431.51,1.33,LOW,80
MAXESTATES.NS,BUY,578.15,24.46,14.94,3.15,566.59,589.71,524.33,712.7,2.5,LOW,100
THOMASCOOK.NS,SELL,103.0,-1.76,-2.56,3.25,,,109.77,86.06,2.5,LOW,100
SUDEEPPHRM.NS,HOLD,1099.2,6.7,-10.7,3.22,,,997.87,1234.3,1.33,LOW,100
AARTIPHARM.NS,HOLD,825.05,6.87,-4.41,2.5,,,778.57,887.02,1.33,LOW,100
GNFC.NS,BUY,594.25,11.71,6.81,2.69,582.37,606.13,559.59,680.9,2.5,LOW,100
THANGAMAYL.NS,SELL,4847.0,-14.68,-7.46,1.8,,,5180.29,4013.79,2.5,LOW,100
PRSMJOHNSN.NS,BUY,114.26,3.84,2.75,1.74,111.97,116.55,109.73,125.58,2.5,LOW,100
RUSTOMJEE.NS,SELL,341.2,-11.61,-9.27,1.42,,,361.7,289.95,2.5,LOW,100
AKUMS.NS,HOLD,764.15,5.41,-2.1,1.8,,,726.31,814.6,1.33,LOW,100
AJAXENGG.NS,HOLD,570.0,-1.25,-0.69,1.44,,,542.02,607.31,1.33,LOW,80
ETHOSLTD.NS,SELL,2659.6,-2.43,-8.25,1.64,,,2816.39,2267.64,2.5,LOW,100
PNCINFRA.NS,SELL,135.49,-36.67,-25.1,4.51,,,153.83,89.63,2.5,LOW,100
FDC.NS,HOLD,350.75,-6.88,5.14,1.43,,,336.5,369.75,1.33,LOW,100
LLOYDSENGG.NS,SELL,80.76,-8.33,-2.43,1.94,,,86.25,67.04,2.5,LOW,100
REDTAPE.NS,HOLD,118.95,-5.46,-0.03,1.99,,,111.32,129.12,1.33,LOW,80
TMB.NS,HOLD,897.85,4.0,-0.97,2.46,,,857.11,952.16,1.33,LOW,80
TIPSMUSIC.NS,HOLD,659.2,-1.24,2.44,1.16,,,633.67,693.24,1.33,LOW,100
ATLANTAELE.NS,SELL,1642.9,-3.48,-9.91,3.74,,,1798.04,1255.04,2.5,LOW,100
EPIGRAL.NS,SELL,1090.0,-3.19,-9.42,2.65,,,1168.76,893.11,2.5,LOW,100
INOXGREEN.NS,HOLD,173.25,-4.57,3.82,2.16,,,162.49,187.59,1.33,LOW,100
SFL.NS,HOLD,673.3,-5.32,4.43,1.65,,,640.66,716.82,1.33,LOW,100
V2RETAIL.NS,SELL,211.42,-3.98,-5.06,1.14,,,222.22,184.43,2.5,LOW,100
MASTEK.NS,SELL,1631.5,-6.01,-7.46,4.81,,,1803.37,1201.83,2.5,LOW,100
BALUFORGE.NS,SELL,489.25,-3.03,-14.22,4.31,,,544.83,350.3,2.5,LOW,100
MOIL.NS,SELL,240.75,-9.09,-3.98,1.93,,,252.52,211.31,2.5,LOW,100
GANESHHOU.NS,SELL,745.4,-6.53,-4.06,1.77,,,794.45,622.76,2.5,LOW,100
RTNINDIA.NS,SELL,26.8,-12.31,-9.43,1.87,,,28.52,22.49,2.5,LOW,100
PFOCUS.NS,BUY,334.35,14.89,19.26,2.49,327.66,341.04,307.85,400.6,2.5,LOW,100
WELENT.NS,BUY,772.5,19.88,9.49,3.48,757.05,787.95,700.94,951.39,2.5,LOW,100
RAYMONDLSL.NS,HOLD,662.1,-6.77,2.2,2.2,,,610.37,731.07,1.33,LOW,100
ISGEC.NS,SELL,766.55,-5.87,-1.41,1.76,,,811.31,654.66,2.5,LOW,80
PRAJIND.NS,SELL,313.75,-5.35,-6.2,2.12,,,330.89,270.91,2.5,LOW,100
RATEGAIN.NS,SELL,860.95,-6.7,-8.18,2.22,,,925.69,699.11,2.5,LOW,100
MIDHANI.NS,SELL,406.15,-2.96,-1.99,4.11,,,444.66,309.86,2.5,LOW,80
KTKBANK.NS,HOLD,317.1,4.56,-5.21,1.47,,,303.48,335.25,1.33,LOW,100
YATHARTH.NS,BUY,1036.9,17.06,3.49,2.49,1016.16,1057.64,951.84,1249.54,2.5,LOW,100
CSBBANK.NS,SELL,317.35,-4.81,-6.37,2.69,,,340.47,259.55,2.5,LOW,100
EPL.NS,SELL,232.85,-3.48,-1.46,3.12,,,252.18,184.52,2.5,LOW,80
AURIONPRO.NS,HOLD,696.1,-6.65,0.2,1.78,,,662.75,740.56,1.33,LOW,80
JUSTDIAL.NS,SELL,668.75,-3.67,-4.17,2.62,,,714.75,553.75,2.5,LOW,100
MHRIL.NS,SELL,193.85,-10.65,-6.76,1.09,,,203.81,168.95,2.5,LOW,100
THYROCARE.NS,SELL,554.7,-3.49,-8.24,2.17,,,588.54,470.09,2.5,LOW,100
ARVINDFASN.NS,SELL,419.55,-7.39,-7.28,1.91,,,447.78,348.98,2.5,LOW,100
EQUITASBNK.NS,HOLD,73.15,-3.4,-0.41,1.32,,,70.7,76.42,1.33,LOW,80
ELLEN.NS,BUY,372.0,19.14,12.57,3.68,364.56,379.44,333.76,467.59,2.5,LOW,100
CMSINFO.NS,SELL,233.82,-8.04,-5.17,1.7,,,249.45,194.75,2.5,LOW,100
PGIL.NS,HOLD,1159.6,4.29,-1.23,2.91,,,1076.02,1271.04,1.33,LOW,80
DHANUKA.NS,HOLD,976.8,-3.08,0.07,1.22,,,942.46,1022.59,1.33,LOW,80
SYMPHONY.NS,HOLD,573.0,-10.66,-0.24,2.03,,,547.62,606.84,1.33,LOW,80
QPOWER.NS,BUY,1494.0,17.34,2.64,3.67,1464.12,1523.88,1339.91,1879.21,2.5,LOW,100
CUPID.NS,HOLD,278.45,8.18,-0.54,1.45,,,265.96,295.11,1.33,LOW,80
AHLUCONT.NS,SELL,562.15,-24.67,-8.22,2.01,,,601.02,464.97,2.5,LOW,100
IFBIND.NS,SELL,1232.0,-8.39,-4.94,1.27,,,1303.43,1053.43,2.5,LOW,100
BAJAJELEC.NS,HOLD,325.15,-4.27,0.48,1.66,,,312.13,342.51,1.33,LOW,80
PARKHOSPS.NS,HOLD,277.8,-1.74,-0.96,1.45,,,265.06,294.79,1.33,LOW,80
JKPAPER.NS,BUY,425.0,9.66,5.97,2.18,416.5,433.5,391.38,509.05,2.5,LOW,100
PRICOLLTD.NS,HOLD,755.95,4.41,-1.54,1.73,,,718.57,805.79,1.33,LOW,80
AVALON.NS,BUY,2256.0,13.45,3.03,3.23,2210.88,2301.12,1991.44,2917.39,2.5,LOW,100
SURYAROSNI.NS,SELL,208.64,-9.06,-4.65,1.02,,,219.35,181.86,2.5,LOW,100
HNDFDS.NS,HOLD,611.75,2.69,-7.06,2.11,,,582.06,651.34,1.33,LOW,100
PURVA.NS,SELL,209.64,-3.43,-1.55,2.95,,,224.91,171.47,2.5,LOW,80
UTLSOLAR.NS,SELL,409.75,-1.01,-4.38,2.75,,,447.06,316.46,2.5,LOW,100
AVL.NS,BUY,629.0,2.14,4.76,1.58,616.42,641.58,590.57,725.07,2.5,LOW,100
RTNPOWER.NS,SELL,7.02,-14.03,-5.01,1.68,,,7.49,5.84,2.5,LOW,100
RENUKA.NS,SELL,22.91,-1.31,-5.6,2.65,,,25.08,17.48,2.5,LOW,100
GREENLAM.NS,SELL,234.5,-6.06,-5.41,1.56,,,247.3,202.51,2.5,LOW,100
SUPRAJIT.NS,SELL,486.65,-2.65,-3.91,1.5,,,516.29,412.55,2.5,LOW,100
JAYNECOIND.NS,SELL,88.48,-3.44,-10.34,3.16,,,95.54,70.83,2.5,LOW,100
VMART.NS,HOLD,791.7,-0.48,-6.58,1.75,,,753.42,842.74,1.33,LOW,80
IONEXCHANG.NS,BUY,428.8,5.55,12.22,2.68,420.22,437.38,391.42,522.25,2.5,LOW,100
SUNTECK.NS,SELL,281.9,-7.17,-6.89,1.7,,,297.16,243.74,2.5,LOW,100
JUNIPER.NS,HOLD,216.92,6.27,-0.35,2.0,,,205.9,231.61,1.33,LOW,80
WAKEFIT.NS,HOLD,145.3,6.24,-2.9,2.39,,,136.17,157.48,1.33,LOW,100
HGINFRA.NS,SELL,462.45,-11.42,-4.03,1.3,,,482.56,412.16,2.5,LOW,100
ICRA.NS,SELL,4588.5,-7.82,-6.67,1.65,,,4854.2,3924.25,2.5,LOW,100
SUBROS.NS,SELL,686.05,-9.82,-3.86,1.46,,,719.08,603.46,2.5,LOW,100
AXISCADES.NS,BUY,1761.2,9.12,5.39,3.05,1725.98,1796.42,1597.46,2170.56,2.5,LOW,100
CRAMC.NS,SELL,232.6,-9.08,-8.91,1.75,,,243.85,204.48,2.5,LOW,100
RALLIS.NS,SELL,201.2,-6.83,-2.88,0.7,,,209.8,179.69,2.5,LOW,100
GOKEX.NS,SELL,724.25,-9.45,-7.21,1.7,,,770.84,607.77,2.5,LOW,100
MTARTECH.NS,HOLD,6998.0,4.77,0.74,3.18,,,6529.89,7622.14,1.33,LOW,80
GULFOILLUB.NS,SELL,1066.1,-0.61,-3.28,1.18,,,1123.2,923.34,2.5,LOW,80
CHEMPLASTS.NS,SELL,167.37,-10.1,-1.75,2.41,,,182.58,129.35,2.5,LOW,80
ASHAPURMIN.NS,SELL,518.0,-17.39,-5.47,1.88,,,555.48,424.3,2.5,LOW,100
SWSOLAR.NS,SELL,178.09,-12.31,-4.98,1.59,,,189.9,148.57,2.5,LOW,100
SHARDAMOTR.NS,BUY,946.35,6.76,7.19,1.74,927.42,965.28,889.71,1087.94,2.5,LOW,100
PICCADIL.NS,SELL,601.95,-12.82,-5.06,1.53,,,638.53,510.5,2.5,LOW,100
INDIAGLYCO.NS,HOLD,252.0,-73.28,6.69,18.22,,,122.81,424.26,1.33,NORMAL,80
MANINFRA.NS,HOLD,124.62,12.92,0.05,2.08,,,118.09,133.33,1.33,LOW,80
VIPIND.NS,HOLD,304.3,0.22,-1.95,1.95,,,290.98,322.06,1.33,LOW,60
ELECTCAST.NS,SELL,74.01,-1.01,-13.22,2.18,,,80.06,58.87,2.5,LOW,100
TIIL.NS,HOLD,3073.8,7.01,-6.33,2.64,,,2881.36,3330.39,1.33,LOW,100
PILANIINVS.NS,SELL,4061.8,-6.44,-6.7,1.48,,,4276.9,3524.05,2.5,LOW,100
SMARTWORKS.NS,HOLD,520.5,3.7,-0.94,1.88,,,498.93,549.26,1.33,LOW,80
IMFA.NS,SELL,1268.0,-7.68,-3.76,1.92,,,1354.63,1051.43,2.5,LOW,100
SUPRIYA.NS,BUY,887.8,4.73,5.67,2.42,870.04,905.56,824.15,1046.94,2.5,LOW,100
PARAS.NS,HOLD,1354.2,1.44,-4.17,2.92,,,1251.84,1490.69,1.33,LOW,100
GHCL.NS,SELL,419.65,-3.5,-4.15,0.76,,,434.64,382.19,2.5,LOW,100
SAATVIKGL.NS,SELL,407.4,-4.7,-3.38,2.11,,,434.56,339.49,2.5,LOW,100
EMUDHRA.NS,BUY,634.25,24.53,21.47,5.14,621.56,646.94,577.87,775.2,2.5,LOW,100
MASFIN.NS,SELL,288.6,-5.82,-5.24,1.7,,,306.14,244.76,2.5,LOW,100
TEXRAIL.NS,HOLD,110.69,0.01,-1.98,2.29,,,104.03,119.57,1.33,LOW,60
SKIPPER.NS,SELL,530.25,-2.86,-1.27,2.95,,,580.92,403.58,2.5,LOW,80
RAJESHEXPO.NS,HOLD,76.1,-8.83,0.52,2.1,,,71.07,82.81,1.33,LOW,80
STLTECH.NS,BUY,839.0,29.25,17.45,3.84,822.22,855.78,742.44,1080.39,2.5,LOW,100
SENCO.NS,SELL,338.7,-7.65,-2.84,2.44,,,359.21,287.43,2.5,LOW,100
FISCHER.NS,SELL,33.73,-9.91,-8.27,2.43,,,36.78,26.11,2.5,LOW,100
STYL.NS,SELL,367.9,-3.67,-4.89,2.62,,,403.45,279.02,2.5,LOW,100
KSCL.NS,SELL,703.65,-10.34,-4.75,1.45,,,737.15,619.9,2.5,LOW,100
ICIL.NS,HOLD,430.7,2.84,-0.63,3.18,,,397.28,475.26,1.33,LOW,80
SHOPERSTOP.NS,BUY,418.0,5.84,9.64,2.52,409.64,426.36,378.36,517.09,2.5,LOW,100
INDIGOPNTS.NS,SELL,1089.7,-1.37,-5.08,2.04,,,1168.63,892.37,2.5,LOW,100
FIEMIND.NS,SELL,1945.0,-12.85,-6.75,1.72,,,2047.67,1688.32,2.5,LOW,100
TVSSCS.NS,HOLD,128.33,-2.25,3.17,2.97,,,121.68,137.2,1.33,LOW,100
RESPONIND.NS,HOLD,163.15,-3.35,8.43,4.08,,,148.61,182.54,1.33,LOW,100
BANSALWIRE.NS,SELL,312.6,-1.87,-2.24,1.37,,,328.55,272.73,2.5,LOW,100
LXCHEM.NS,BUY,181.6,3.66,7.11,3.23,177.97,185.23,165.97,220.68,2.5,LOW,100
CRIZAC.NS,HOLD,175.91,-3.3,6.42,2.47,,,164.42,191.22,1.33,LOW,100
AGI.NS,HOLD,725.1,0.67,-6.57,2.9,,,679.46,785.96,1.33,LOW,80
CAPILLARY.NS,SELL,446.45,-10.86,-7.0,1.66,,,477.23,369.5,2.5,LOW,100
KNRCON.NS,HOLD,122.71,-2.4,5.03,2.07,,,115.57,132.23,1.33,LOW,100
UNIMECH.NS,BUY,1584.2,13.57,9.11,2.76,1552.52,1615.88,1454.93,1907.38,2.5,LOW,100
GMMPFAUDLR.NS,BUY,1348.9,39.79,29.4,3.36,1321.92,1375.88,1231.21,1643.13,2.5,LOW,100
ASHOKA.NS,SELL,108.93,-8.25,-10.53,2.05,,,116.04,91.16,2.5,LOW,100
DYNAMATECH.NS,BUY,12046.0,8.6,5.44,1.81,11805.08,12286.92,11244.0,14051.0,2.5,LOW,100
E2E.NS,HOLD,597.0,6.86,-1.88,2.06,,,553.34,655.21,1.33,LOW,80
GOKULAGRO.NS,SELL,220.13,-2.87,-9.82,1.84,,,235.4,181.95,2.5,LOW,100
FEDFINA.NS,SELL,151.22,-2.55,-3.19,1.76,,,161.81,124.75,2.5,LOW,100
OPTIEMUS.NS,BUY,611.15,5.15,7.03,2.99,598.93,623.37,562.97,731.6,2.5,LOW,100
KINGFA.NS,HOLD,5902.5,5.61,-0.5,2.22,,,5608.88,6294.0,1.33,LOW,80
KRN.NS,HOLD,1417.5,2.07,-5.87,2.97,,,1305.45,1566.9,1.33,LOW,100
DATAMATICS.NS,HOLD,759.95,-7.13,-0.8,1.57,,,717.07,817.12,1.33,LOW,80
WEBELSOLAR.NS,SELL,71.71,-18.3,-2.59,2.31,,,77.71,56.72,2.5,LOW,100
EMIL.NS,BUY,185.65,15.87,2.79,2.55,181.94,189.36,167.92,229.97,2.5,LOW,100
PTC.NS,SELL,153.24,-2.19,-1.42,1.29,,,159.1,138.59,2.5,LOW,80
ROUTE.NS,SELL,485.9,-7.29,-2.76,1.49,,,509.42,427.1,2.5,LOW,100
ITDC.NS,HOLD,659.0,-5.09,2.65,2.34,,,614.36,718.52,1.33,LOW,100
RSYSTEMS.NS,SELL,240.83,-2.78,-1.82,1.75,,,257.82,198.36,2.5,LOW,80
ZAGGLE.NS,SELL,178.34,-8.91,-3.25,2.41,,,189.73,149.87,2.5,LOW,100
GAEL.NS,SELL,160.25,-2.74,-6.18,2.49,,,170.72,134.07,2.5,LOW,100
ORIANA.NS,HOLD,1270.75,-6.14,2.65,2.72,,,1201.25,1363.41,1.33,LOW,100
SIS.NS,SELL,422.55,-1.45,-1.42,1.08,,,443.66,369.76,2.5,LOW,80
PDSL.NS,SELL,337.55,-6.23,-8.3,1.73,,,359.04,283.84,2.5,LOW,100
SMLMAH.NS,BUY,6111.0,17.9,6.72,4.05,5988.78,6233.22,5455.21,7750.46,2.5,LOW,100
HCC.NS,SELL,21.61,-2.17,-6.57,3.2,,,23.46,16.99,2.5,LOW,100
VRLLOG.NS,HOLD,288.55,5.79,-4.82,1.33,,,277.72,302.99,1.33,LOW,100
ENTERO.NS,HOLD,1677.8,15.89,-7.05,3.45,,,1552.9,1844.33,1.33,LOW,100
SUNFLAG.NS,HOLD,341.7,-2.74,0.9,1.82,,,325.33,363.53,1.33,LOW,80
SWARAJENG.NS,HOLD,3536.4,-2.21,-0.92,0.78,,,3441.35,3663.13,1.33,LOW,80
JSFB.NS,SELL,521.85,-2.9,-1.5,2.62,,,564.54,415.12,2.5,LOW,80
JKIL.NS,SELL,474.3,-3.76,-3.23,0.84,,,494.66,423.41,2.5,LOW,100
CARERATING.NS,SELL,1646.8,-2.44,-3.41,1.75,,,1744.1,1403.55,2.5,LOW,100
MIDWESTLTD.NS,SELL,959.0,-17.99,-9.38,1.75,,,1043.93,746.68,2.5,LOW,100
ANUP.NS,SELL,1640.0,-15.86,-8.56,1.41,,,1746.23,1374.43,2.5,LOW,100
GREAVESCOT.NS,SELL,187.57,-11.8,-3.41,1.28,,,197.59,162.53,2.5,LOW,100
SUVEN.NS,HOLD,342.7,0.26,-12.59,4.08,,,315.93,378.4,1.33,LOW,80
LGBBROSLTD.NS,BUY,1722.3,7.65,1.32,1.36,1687.85,1756.75,1650.9,1900.8,2.5,LOW,80
SKYGOLD.NS,BUY,796.75,8.31,5.8,2.82,780.81,812.69,726.54,972.29,2.5,LOW,100
REFEX.NS,SELL,273.95,-7.76,-1.9,1.93,,,291.3,230.58,2.5,LOW,80
TARC.NS,BUY,131.18,4.06,10.76,2.19,128.56,133.8,120.58,157.68,2.5,LOW,100
NIITMTS.NS,SELL,223.0,-4.65,-1.81,1.72,,,239.48,181.79,2.5,LOW,80
DBCORP.NS,SELL,187.21,-8.03,-3.63,1.12,,,195.81,165.7,2.5,LOW,100
INNOVACAP.NS,BUY,1155.8,11.28,2.7,2.01,1132.68,1178.92,1053.69,1411.09,2.5,LOW,100
NEPHROPLUS.NS,BUY,738.4,7.48,7.08,2.08,723.63,753.17,682.71,877.63,2.5,LOW,100
BALAMINES.NS,SELL,2153.0,-4.46,-9.92,3.6,,,2373.67,1601.32,2.5,LOW,100
NACLIND.NS,SELL,151.77,-16.35,-8.82,2.0,,,163.5,122.45,2.5,LOW,100
DCBBANK.NS,HOLD,221.72,10.76,-0.28,2.57,,,211.86,234.87,1.33,LOW,80
SJS.NS,SELL,2291.8,-3.13,-7.91,1.57,,,2435.83,1931.73,2.5,LOW,100
BOSCH-HCIL.NS,HOLD,1678.0,6.76,-3.22,2.16,,,1576.9,1812.8,1.33,LOW,100
NFL.NS,SELL,66.89,-4.63,-2.96,0.91,,,69.07,61.44,2.5,LOW,100
SPARC.NS,SELL,191.0,-9.54,-4.3,2.48,,,207.04,150.9,2.5,LOW,100
INDIQUBE.NS,BUY,198.63,7.9,4.51,1.48,194.66,202.6,183.57,236.28,2.5,LOW,100
BANARISUG.NS,SELL,3325.9,-7.16,-14.97,4.7,,,3611.08,2612.94,2.5,LOW,100
SHREEJISPG.NS,BUY,686.75,7.29,6.74,2.14,673.01,700.49,639.42,805.07,2.5,LOW,100
SHILCTECH.NS,HOLD,4140.0,-1.98,2.43,1.58,,,3959.82,4380.24,1.33,LOW,100
VSTTILLERS.NS,SELL,4022.6,-7.56,-3.06,1.02,,,4183.43,3620.54,2.5,LOW,100
INDRAMEDCO.NS,HOLD,362.2,-1.68,1.23,1.25,,,350.25,378.14,1.33,LOW,80
PACEDIGITK.NS,SELL,153.21,-16.37,-7.83,1.63,,,163.53,127.42,2.5,LOW,100
VSTIND.NS,SELL,203.42,-6.74,-2.18,0.56,,,208.68,190.28,2.5,LOW,100
RAIN.NS,SELL,198.78,-6.35,-3.76,3.26,,,216.59,154.24,2.5,LOW,100
SAMHI.NS,HOLD,160.17,-3.23,4.65,2.01,,,152.12,170.9,1.33,LOW,100
HEIDELBERG.NS,SELL,141.29,-6.3,-6.38,1.22,,,147.28,126.31,2.5,LOW,100
CEIGALL.NS,BUY,385.95,12.45,11.2,1.36,378.23,393.67,361.44,447.22,2.5,LOW,100
SGMART.NS,SELL,714.25,-3.0,-14.47,2.26,,,783.61,540.86,2.5,LOW,100
HERITGFOOD.NS,BUY,407.05,13.29,7.47,3.21,398.91,415.19,372.02,494.62,2.5,LOW,100
STYRENIX.NS,HOLD,2086.7,-5.93,4.22,1.72,,,1993.67,2210.74,1.33,LOW,100
ORIENTCEM.NS,SELL,122.52,-7.89,-4.4,1.34,,,128.52,107.52,2.5,LOW,100
AARTIDRUGS.NS,BUY,431.2,3.21,3.21,1.67,422.58,439.82,401.99,504.24,2.5,LOW,100
ORIENTELEC.NS,SELL,169.36,-4.95,-5.82,1.56,,,179.46,144.1,2.5,LOW,100
GUJTHEM.NS,HOLD,415.1,8.45,-1.15,3.35,,,381.42,460.01,1.33,LOW,80
GOPAL.NS,SELL,252.85,-6.08,-6.46,1.77,,,265.52,221.17,2.5,LOW,100
BHARATRAS.NS,SELL,1159.7,-9.3,-3.58,1.25,,,1231.21,980.92,2.5,LOW,100
RBA.NS,HOLD,95.3,9.24,-2.51,2.39,,,89.92,102.48,1.33,LOW,100
LUMAXIND.NS,HOLD,5726.5,1.29,-8.13,2.37,,,5340.52,6241.14,1.33,LOW,100
ZOTA.NS,HOLD,1128.3,-7.12,7.07,2.19,,,1072.01,1203.36,1.33,LOW,100
AVANTEL.NS,SELL,145.06,-10.72,-7.49,2.05,,,155.24,119.62,2.5,LOW,100
EIEL.NS,HOLD,198.75,-5.53,3.32,2.28,,,187.88,213.24,1.33,LOW,100
HUBTOWN.NS,SELL,176.4,-7.04,-2.18,3.24,,,189.03,144.82,2.5,LOW,100
KITEX.NS,SELL,119.76,-13.05,-5.86,1.81,,,127.78,99.72,2.5,LOW,100
RAYMONDREL.NS,HOLD,580.65,-5.67,8.18,2.94,,,539.19,635.94,1.33,LOW,100
SANATHAN.NS,HOLD,453.8,-2.14,3.08,2.37,,,423.52,494.17,1.33,LOW,100
NORTHARC.NS,BUY,303.75,2.41,1.35,2.84,297.68,309.82,280.77,361.2,2.5,LOW,80
JAMNAAUTO.NS,HOLD,128.4,-0.78,6.25,2.25,,,122.12,136.78,1.33,LOW,80
GUJALKALI.NS,HOLD,679.75,0.33,-5.96,1.82,,,640.92,731.52,1.33,LOW,80
DCAL.NS,SELL,162.55,-10.99,-10.6,1.56,,,175.12,131.14,2.5,LOW,100
AWFIS.NS,HOLD,267.85,-2.03,4.42,4.65,,,247.7,294.72,1.33,LOW,100
MOSCHIP.NS,HOLD,211.79,-1.89,-0.83,2.51,,,200.9,226.3,1.33,LOW,80
RAMKY.NS,SELL,319.85,-14.79,-8.98,1.77,,,343.22,261.42,2.5,LOW,100
GOLDIAM.NS,SELL,325.4,-7.77,-4.96,0.95,,,345.86,274.24,2.5,LOW,100
JTEKTINDIA.NS,SELL,118.86,-9.68,-5.46,1.25,,,124.48,104.8,2.5,LOW,100
HEMIPROP.NS,SELL,118.84,-10.0,-6.54,1.07,,,124.29,105.22,2.5,LOW,100
63MOONS.NS,BUY,880.2,10.85,13.76,2.89,862.6,897.8,795.56,1091.8,2.5,LOW,100
KIRLOSIND.NS,HOLD,3789.1,-0.25,1.3,1.9,,,3617.08,4018.46,1.33,LOW,60
SHANTIGEAR.NS,BUY,681.1,41.33,28.35,6.79,667.48,694.72,601.93,879.03,2.5,LOW,100
SINDHUTRAD.NS,SELL,23.3,-5.36,-6.73,2.84,,,25.39,18.07,2.5,LOW,100
BOROLTD.NS,BUY,253.28,3.37,1.34,2.61,248.21,258.35,231.97,306.56,2.5,LOW,80
MARATHON.NS,HOLD,415.7,4.36,0.64,5.26,,,386.36,454.81,1.33,LOW,80
CAMLINFINE.NS,SELL,101.23,-11.44,-1.03,1.56,,,107.79,84.84,2.5,LOW,80
UFLEX.NS,HOLD,663.6,20.57,-5.44,3.14,,,617.52,725.04,1.33,LOW,100
VAIBHAVGBL.NS,SELL,210.36,-11.46,-3.99,1.31,,,221.91,181.49,2.5,LOW,100
UEL.NS,HOLD,198.27,8.93,-5.01,5.51,,,180.1,222.5,1.33,LOW,100
RPGLIFE.NS,BUY,2787.0,1.59,7.59,1.88,2731.26,2842.74,2555.03,3366.93,2.5,LOW,100
RAYMOND.NS,BUY,985.0,47.66,55.04,6.26,965.3,1004.7,857.95,1302.63,2.5,LOW,100
ORCHPHARMA.NS,HOLD,984.95,-1.96,3.91,2.9,,,921.79,1069.16,1.33,LOW,100
LUXIND.NS,SELL,1042.9,-14.42,-13.82,1.51,,,1112.64,868.54,2.5,LOW,100
MPSLTD.NS,HOLD,2621.9,1.18,-1.16,2.47,,,2486.95,2801.83,1.33,LOW,80
MCLOUD.NS,SELL,25.42,-9.61,-4.69,1.58,,,27.05,21.35,2.5,LOW,100
TRUALT.NS,SELL,423.6,-3.64,-1.06,1.4,,,451.68,353.4,2.5,LOW,80
AJMERA.NS,HOLD,114.97,-5.29,-0.78,1.22,,,109.0,122.93,1.33,LOW,80
GOODLUCK.NS,BUY,514.05,4.84,8.28,3.13,503.77,524.33,470.74,622.34,2.5,LOW,100
VADILALIND.NS,HOLD,7214.5,1.32,-5.43,2.19,,,6796.04,7772.45,1.33,LOW,100
EBGNG.NS,BUY,662.7,11.87,6.53,3.78,649.45,675.95,588.63,847.88,2.5,LOW,100
QUESS.NS,HOLD,351.05,7.43,-7.5,3.02,,,322.55,389.05,1.33,LOW,100
WONDERLA.NS,HOLD,518.0,5.37,-3.58,2.08,,,493.54,550.61,1.33,LOW,100
GREENPLY.NS,HOLD,294.5,-0.53,1.48,2.26,,,278.72,315.54,1.33,LOW,60
NEOGEN.NS,BUY,2448.3,13.61,11.23,2.77,2399.33,2497.27,2236.81,2977.01,2.5,LOW,100
INTERARCH.NS,SELL,1687.9,-3.55,-1.28,1.28,,,1790.16,1432.25,2.5,LOW,80
PRECWIRE.NS,HOLD,441.85,5.25,-11.15,5.36,,,404.23,492.01,1.33,LOW,100
KOLTEPATIL.NS,HOLD,431.9,1.25,-2.02,1.88,,,408.55,463.03,1.33,LOW,100
JINDWORLD.NS,BUY,49.61,24.23,3.03,7.09,48.62,50.6,40.23,73.05,2.5,LOW,100
MBAPL.NS,BUY,165.34,5.12,2.01,1.9,162.03,168.65,153.63,194.61,2.5,LOW,100
ARSSBL.NS,SELL,496.85,-3.88,-2.25,1.75,,,523.38,430.53,2.5,LOW,100
MEDIASSIST.NS,SELL,320.7,-7.11,-4.54,1.73,,,341.56,268.55,2.5,LOW,100
NPST.NS,BUY,1850.9,15.03,9.52,3.26,1813.88,1887.92,1668.94,2305.79,2.5,LOW,100
CENTUM.NS,BUY,4354.6,18.38,27.32,4.65,4267.51,4441.69,3923.63,5432.03,2.5,LOW,100
HARSHA.NS,HOLD,435.8,2.2,-4.41,2.12,,,412.46,466.92,1.33,LOW,100
GOCOLORS.NS,SELL,308.7,-6.94,-5.84,2.47,,,329.76,256.04,2.5,LOW,100
NSIL.NS,SELL,5410.0,-2.71,-5.14,1.17,,,5654.57,4798.57,2.5,LOW,100
GKENERGY.NS,SELL,118.79,-9.5,-8.31,2.32,,,126.98,98.32,2.5,LOW,100
INDOSTAR.NS,SELL,229.33,-9.54,-12.16,2.25,,,247.31,184.39,2.5,LOW,100
KSL.NS,BUY,979.7,9.55,8.86,3.36,960.11,999.29,883.73,1219.63,2.5,LOW,100
ROLEXRINGS.NS,HOLD,170.18,5.67,-5.76,2.16,,,160.2,183.49,1.33,LOW,100
ADVENZYMES.NS,SELL,289.95,-6.1,-1.41,1.28,,,305.52,251.02,2.5,LOW,80
SHAREINDIA.NS,BUY,204.37,14.76,21.66,2.91,200.28,208.46,185.53,251.47,2.5,LOW,100
POCL.NS,SELL,463.85,-9.52,-6.41,2.21,,,498.64,376.89,2.5,LOW,100
GUFICBIO.NS,BUY,424.55,4.04,1.97,1.99,416.06,433.04,392.64,504.32,2.5,LOW,80
UNICHEMLAB.NS,SELL,538.65,-1.41,-3.18,2.54,,,594.82,398.22,2.5,LOW,100
MSTCLTD.NS,HOLD,716.7,7.99,-1.76,2.99,,,660.41,791.76,1.33,LOW,80
ROSSARI.NS,SELL,441.5,-11.16,-7.35,1.55,,,465.16,382.34,2.5,LOW,100
JUBLCPL.NS,HOLD,2072.4,0.79,-6.73,3.14,,,1909.85,2289.13,1.33,LOW,80
CYIENTDLM.NS,BUY,896.65,22.95,4.9,3.8,878.72,914.58,791.14,1160.42,2.5,LOW,100
SUNCLAY.NS,SELL,1256.0,-3.17,-3.14,1.33,,,1341.36,1042.61,2.5,LOW,100
RPEL.NS,HOLD,1667.5,13.62,-3.45,5.22,,,1489.06,1905.41,1.33,LOW,100
BALMLAWRIE.NS,SELL,162.65,-4.99,-5.34,0.98,,,169.08,146.59,2.5,LOW,100
ARTEMISMED.NS,BUY,336.25,9.07,4.85,2.34,329.52,342.98,306.74,410.02,2.5,LOW,100
PRINCEPIPE.NS,SELL,259.0,-5.4,-10.91,1.86,,,275.84,216.89,2.5,LOW,100
JISLJALEQS.NS,HOLD,29.31,-1.38,3.64,3.09,,,27.29,32.01,1.33,LOW,100
PITTIENG.NS,BUY,1130.0,11.33,2.36,2.77,1107.4,1152.6,1034.75,1368.12,2.5,LOW,100
FOSECOIND.NS,BUY,6953.0,23.96,12.45,3.4,6813.94,7092.06,6329.79,8511.04,2.5,LOW,100
DPABHUSHAN.NS,SELL,1339.8,-3.42,-5.38,2.35,,,1430.5,1113.05,2.5,LOW,100
SSWL.NS,HOLD,352.6,13.92,0.83,4.72,,,323.86,390.91,1.33,LOW,80
BHAGCHEM.NS,SELL,247.05,-10.74,-12.0,1.47,,,263.47,206.0,2.5,LOW,100
BAJAJCON.NS,HOLD,502.6,-4.9,6.02,2.63,,,471.99,543.41,1.33,LOW,100
NAVNETEDUL.NS,SELL,125.29,-8.5,-6.92,0.95,,,130.84,111.42,2.5,LOW,100
INDOTHAI.NS,SELL,35.9,-70.27,-13.69,4.57,,,40.83,23.57,2.5,LOW,100
GREENPANEL.NS,HOLD,160.24,-9.76,0.09,2.2,,,151.87,171.4,1.33,LOW,80
BBL.NS,SELL,2181.0,-10.27,-7.72,1.37,,,2298.23,1887.93,2.5,LOW,100
PROTEAN.NS,SELL,492.4,-10.88,-3.43,1.74,,,524.14,413.06,2.5,LOW,100
VISHNU.NS,BUY,702.0,10.96,7.64,2.27,687.96,716.04,648.51,835.73,2.5,LOW,100
SAMBHV.NS,BUY,129.0,4.83,1.63,2.5,126.42,131.58,118.6,155.01,2.5,LOW,80
BOMDYEING.NS,SELL,107.68,-7.95,-4.87,1.8,,,113.67,92.71,2.5,LOW,100
SWANDEF.NS,BUY,2700.0,11.24,10.29,1.97,2646.0,2754.0,2445.0,3337.5,2.5,LOW,100
PARAGMILK.NS,BUY,272.75,16.98,7.3,3.75,267.3,278.2,245.44,341.02,2.5,LOW,100
SENORES.NS,SELL,1412.0,-1.64,-2.59,1.88,,,1514.31,1156.21,2.5,LOW,100
HLEGLAS.NS,BUY,422.0,10.96,34.14,3.66,413.56,430.44,383.36,518.61,2.5,LOW,100
HIKAL.NS,HOLD,225.43,1.65,-6.06,5.8,,,201.71,257.05,1.33,LOW,100
FLAIR.NS,SELL,236.34,-5.45,-4.37,0.99,,,249.62,203.14,2.5,LOW,100
KIRIINDUS.NS,BUY,536.7,17.39,2.49,4.72,525.97,547.43,469.15,705.58,2.5,LOW,100
KKCL.NS,SELL,490.0,-3.6,-1.93,1.7,,,519.75,415.62,2.5,LOW,80
MAHLOG.NS,HOLD,389.1,-2.76,-0.6,1.17,,,372.49,411.24,1.33,LOW,80
EPACK.NS,SELL,178.31,-17.05,-5.01,1.24,,,189.03,151.51,2.5,LOW,100
ARKADE.NS,HOLD,120.29,-8.69,-0.36,2.41,,,113.88,128.83,1.33,LOW,80
PSPPROJECT.NS,SELL,820.05,-14.3,-6.46,1.15,,,874.64,683.59,2.5,LOW,100
STYLAMIND.NS,SELL,3246.0,-5.2,-6.31,2.05,,,3472.43,2679.93,2.5,LOW,100
KRISHANA.NS,HOLD,182.99,4.36,-2.7,2.01,,,173.97,195.02,1.33,LOW,100
PARKHOTELS.NS,SELL,107.28,-9.95,-4.15,1.24,,,113.29,92.27,2.5,LOW,100
GATEWAY.NS,HOLD,52.97,-4.31,0.21,1.25,,,51.2,55.33,1.33,LOW,80
PRABHA.NS,BUY,223.69,22.86,3.43,3.29,219.22,228.16,192.83,300.84,2.5,LOW,100
IMAGICAA.NS,HOLD,51.36,2.86,-5.85,5.12,,,47.49,56.52,1.33,LOW,100
JASH.NS,BUY,511.55,2.73,10.1,2.76,501.32,521.78,473.32,607.13,2.5,LOW,100
GLOBUSSPR.NS,SELL,838.7,-6.4,-8.57,1.69,,,883.49,726.74,2.5,LOW,100
PAISALO.NS,BUY,88.11,21.68,25.52,2.68,86.35,89.87,80.99,105.92,2.5,LOW,100
DDEVPLSTIK.NS,SELL,254.4,-8.49,-8.74,1.45,,,268.29,219.67,2.5,LOW,100
PATELENG.NS,SELL,25.99,-8.89,-6.38,1.28,,,27.51,22.19,2.5,LOW,100
PENIND.NS,BUY,169.11,2.21,2.08,2.28,165.73,172.49,156.96,199.48,2.5,LOW,100
WSTCSTPAPR.NS,BUY,730.15,20.42,11.14,3.02,715.55,744.75,668.63,883.95,2.5,LOW,100
GANECOS.NS,SELL,988.7,-9.73,-2.9,1.98,,,1067.94,790.6,2.5,LOW,100
KDDL.NS,HOLD,3885.4,7.22,0.41,1.87,,,3712.69,4115.67,1.33,LOW,80
MAITHANALL.NS,BUY,1021.55,2.24,5.02,2.31,1001.12,1041.98,926.61,1258.91,2.5,LOW,100
POLYPLEX.NS,SELL,1093.3,-3.69,-7.95,1.64,,,1156.84,934.44,2.5,LOW,100
DEEPINDS.NS,BUY,750.6,21.0,12.87,3.92,735.59,765.61,678.66,930.44,2.5,LOW,100
SAGCEM.NS,SELL,147.05,-12.89,-7.87,1.41,,,157.98,119.71,2.5,LOW,100
SIYSIL.NS,SELL,517.45,-14.2,-8.18,2.34,,,549.52,437.27,2.5,LOW,100
EUROPRATIK.NS,SELL,235.85,-17.18,-9.31,1.62,,,254.89,188.24,2.5,LOW,100
HPL.NS,SELL,279.7,-13.43,-6.7,1.24,,,295.72,239.65,2.5,LOW,100
EASEMYTRIP.NS,SELL,5.81,-9.18,-3.01,1.2,,,6.11,5.06,2.5,LOW,100
ASHIANA.NS,SELL,352.95,-5.09,-3.8,1.45,,,369.64,311.24,2.5,LOW,100
TCPLPACK.NS,HOLD,3910.9,9.79,0.07,2.98,,,3672.4,4228.9,1.33,LOW,80
BRIGHOTEL.NS,SELL,56.61,-5.32,-3.97,1.02,,,59.1,50.4,2.5,LOW,100
SANDHAR.NS,SELL,586.75,-6.4,-6.82,1.72,,,625.63,489.54,2.5,LOW,100
SHK.NS,SELL,139.91,-7.1,-5.7,1.9,,,149.61,115.66,2.5,LOW,100
TFCILTD.NS,HOLD,139.81,22.55,-0.89,2.4,,,133.42,148.32,1.33,LOW,80
RAMRAT.NS,HOLD,543.9,14.58,-4.61,4.02,,,496.75,606.76,1.33,LOW,100
SUNDROP.NS,HOLD,659.8,0.26,-0.05,0.92,,,636.33,691.09,1.33,LOW,60
EFCIL.NS,SELL,177.85,-7.06,-11.67,2.4,,,191.78,143.03,2.5,LOW,100
ORISSAMINE.NS,SELL,3879.4,-7.21,-10.08,1.38,,,4139.19,3229.94,2.5,LOW,100
VEEDOL.NS,SELL,1387.1,-4.35,-5.81,1.27,,,1453.09,1222.14,2.5,LOW,100
TEAMLEASE.NS,SELL,1232.9,-4.32,-3.94,1.04,,,1303.54,1056.29,2.5,LOW,100
AGIIL.NS,SELL,267.0,-11.77,-6.68,1.79,,,291.18,206.55,2.5,LOW,100
NOCIL.NS,BUY,188.0,10.9,9.43,2.53,184.24,191.76,172.99,225.53,2.5,LOW,100
EMSLIMITED.NS,SELL,362.75,-8.75,-3.2,2.28,,,389.79,295.16,2.5,LOW,100
PREMEXPLN.NS,HOLD,668.05,0.28,0.79,0.75,,,651.82,689.69,1.33,LOW,60
MANINDS.NS,BUY,825.0,28.87,8.16,4.34,808.5,841.5,718.18,1092.05,2.5,LOW,100
TIRUMALCHM.NS,SELL,155.73,-4.26,-2.56,2.4,,,166.0,130.06,2.5,LOW,100
SANGHVIMOV.NS,SELL,416.3,-8.0,-8.1,2.06,,,452.26,326.39,2.5,LOW,100
FMGOETZE.NS,HOLD,448.85,4.93,-15.17,4.1,,,411.29,498.93,1.33,LOW,100
SBCL.NS,BUY,1091.6,19.23,4.17,3.61,1069.77,1113.43,960.77,1418.67,2.5,LOW,100
FCL.NS,BUY,53.47,18.2,10.57,4.24,52.4,54.54,47.05,69.53,2.5,LOW,100
VIMTALABS.NS,SELL,604.4,-0.84,-6.07,1.91,,,652.4,484.4,2.5,LOW,80
MUTHOOTMF.NS,SELL,188.55,-14.65,-7.21,2.3,,,202.04,154.81,2.5,LOW,100
MARINE.NS,HOLD,376.05,11.73,-12.79,3.88,,,339.3,425.06,1.33,LOW,100
ARVSMART.NS,SELL,559.9,-10.17,-15.87,2.08,,,605.52,445.85,2.5,LOW,100
DALMIASUG.NS,SELL,391.4,-5.65,-15.11,2.21,,,431.96,290.01,2.5,LOW,100
KPEL.NS,SELL,211.0,-22.86,-12.41,1.71,,,229.16,165.6,2.5,LOW,100
GIPCL.NS,HOLD,188.8,8.81,-6.42,2.95,,,178.81,202.12,1.33,LOW,100
ALPEXSOLAR.NS,BUY,906.35,7.54,8.98,3.8,888.22,924.48,826.55,1105.85,2.5,LOW,100
PRAKASH.NS,SELL,118.01,-5.07,-3.11,1.4,,,124.45,101.9,2.5,LOW,100
RPSGVENT.NS,SELL,828.0,-6.55,-2.4,1.55,,,880.53,696.68,2.5,LOW,100
BCG.NS,BUY,9.9,4.24,10.99,3.02,9.7,10.1,9.06,12.0,2.5,LOW,100
TATVA.NS,BUY,1705.0,3.76,6.95,2.54,1670.9,1739.1,1563.21,2059.48,2.5,LOW,100
IOLCP.NS,HOLD,195.95,13.96,-0.24,4.23,,,177.51,220.53,1.33,LOW,80
BAJAJHIND.NS,HOLD,19.59,1.42,-11.28,3.2,,,18.2,21.44,1.33,LOW,100
BFUTILITIE.NS,HOLD,527.1,-5.35,4.81,2.7,,,487.85,579.44,1.33,LOW,100
RAMCOIND.NS,SELL,320.8,-6.03,-2.21,1.69,,,339.12,275.0,2.5,LOW,100
TVSSRICHAK.NS,HOLD,4818.5,7.18,-10.54,3.43,,,4476.26,5274.82,1.33,LOW,100
EPACKPEB.NS,SELL,221.3,-8.43,-2.64,2.84,,,241.44,170.94,2.5,LOW,100
POKARNA.NS,SELL,753.25,-17.48,-10.54,1.95,,,819.6,587.37,2.5,LOW,100
JTLIND.NS,HOLD,86.92,8.92,-2.93,3.56,,,80.6,95.35,1.33,LOW,100
EVEREADY.NS,HOLD,337.25,-2.84,3.74,2.82,,,315.9,365.71,1.33,LOW,100
CARRARO.NS,SELL,517.8,-2.66,-3.3,1.58,,,554.46,426.15,2.5,LOW,100
NRBBEARING.NS,BUY,470.4,3.81,4.29,3.08,460.99,479.81,429.41,572.86,2.5,LOW,100
HONDAPOWER.NS,SELL,1912.0,-7.15,-5.25,0.92,,,2010.4,1666.0,2.5,LOW,100
SAKSOFT.NS,SELL,142.62,-13.16,-7.52,1.6,,,152.03,119.09,2.5,LOW,100
MOREPENLAB.NS,BUY,119.22,41.1,1.51,4.38,116.84,121.6,102.75,160.41,2.5,LOW,80
HIRECT.NS,SELL,1204.0,-3.02,-1.46,2.01,,,1293.47,980.32,2.5,LOW,80
VENUSPIPES.NS,BUY,2037.0,20.17,26.82,4.84,1996.26,2077.74,1843.47,2520.81,2.5,LOW,100
SOTL.NS,HOLD,689.3,4.16,-10.64,3.6,,,622.81,777.95,1.33,LOW,100
ALLCARGO.NS,HOLD,11.23,10.99,-8.48,5.65,,,10.31,12.45,1.33,LOW,100
MTNL.NS,SELL,23.82,-11.67,-9.88,1.46,,,25.26,20.23,2.5,LOW,100
RELTD.NS,SELL,147.88,-10.76,-3.91,2.39,,,161.01,115.05,2.5,LOW,100
ALEMBICLTD.NS,BUY,102.92,10.75,2.78,3.17,100.86,104.98,92.37,129.29,2.5,LOW,100
DIGITIDE.NS,SELL,84.38,-14.74,-13.02,2.06,,,91.89,65.62,2.5,LOW,100
UTKARSHBNK.NS,SELL,14.07,-3.35,-4.74,2.94,,,15.53,10.42,2.5,LOW,100
NUCLEUS.NS,SELL,688.5,-5.25,-7.51,0.98,,,717.63,615.68,2.5,LOW,100
SERVOTECH.NS,SELL,73.2,-15.7,-8.26,1.49,,,77.6,62.2,2.5,LOW,100
AUTOAXLES.NS,SELL,1680.9,-4.51,-2.76,1.16,,,1765.83,1468.58,2.5,LOW,100
HMT.NS,HOLD,61.75,-1.06,0.88,3.17,,,56.91,68.21,1.33,LOW,80
LAOPALA.NS,SELL,156.42,-11.63,-8.82,1.63,,,164.33,136.66,2.5,LOW,100
DCXINDIA.NS,SELL,164.01,-8.19,-5.48,1.65,,,174.4,138.02,2.5,LOW,100
HINDWAREAP.NS,SELL,176.02,-15.7,-5.86,1.43,,,187.88,146.38,2.5,LOW,100
JAYKAY.NS,SELL,157.56,-1.57,-2.72,4.21,,,177.21,108.44,2.5,LOW,100
INDOCO.NS,HOLD,253.0,6.35,-7.51,5.19,,,224.0,291.66,1.33,LOW,100
WINDMACHIN.NS,HOLD,301.5,0.23,-1.16,1.46,,,285.02,323.48,1.33,LOW,60
SOLARWORLD.NS,SELL,137.89,-18.77,-3.46,2.52,,,148.48,111.41,2.5,LOW,100
TAJGVK.NS,HOLD,332.0,-5.03,-0.49,1.98,,,316.69,352.41,1.33,LOW,80
NITCO.NS,SELL,87.48,-12.23,-6.93,2.28,,,94.07,71.01,2.5,LOW,100
SIRCA.NS,SELL,403.1,-4.25,-7.32,1.33,,,423.87,351.17,2.5,LOW,100
VIKRAN.NS,SELL,56.11,-15.11,-2.99,1.94,,,59.61,47.37,2.5,LOW,100
KALAMANDIR.NS,SELL,77.69,-11.11,-9.29,1.51,,,81.41,68.38,2.5,LOW,100
VSSL.NS,BUY,407.35,22.03,12.5,2.91,399.2,415.5,367.72,506.42,2.5,LOW,100
KRSNAA.NS,HOLD,553.25,0.14,-0.07,1.81,,,526.2,589.32,1.33,LOW,60
SDBL.NS,SELL,67.36,-5.92,-5.26,1.54,,,72.2,55.27,2.5,LOW,100
CARYSIL.NS,HOLD,1120.4,-3.81,0.21,1.38,,,1060.9,1199.73,1.33,LOW,80
TCIEXP.NS,SELL,492.65,-10.42,-10.03,1.83,,,528.88,402.08,2.5,LOW,100
KCP.NS,SELL,159.5,-1.99,-4.44,3.09,,,169.68,134.06,2.5,LOW,100
BEPL.NS,HOLD,128.26,5.59,-1.14,3.05,,,120.34,138.82,1.33,LOW,80
KMEW.NS,HOLD,2822.7,5.56,-10.4,3.24,,,2611.1,3104.83,1.33,LOW,100
XPROINDIA.NS,HOLD,1261.8,-0.22,11.09,3.79,,,1165.61,1390.06,1.33,LOW,80
HATHWAY.NS,SELL,10.01,-6.05,-2.44,1.13,,,10.47,8.86,2.5,LOW,100
REPCOHOME.NS,SELL,346.4,-7.99,-4.52,1.47,,,365.14,299.56,2.5,LOW,100
ADFFOODS.NS,HOLD,271.5,-2.9,1.42,1.77,,,257.36,290.36,1.33,LOW,80
UNIVCABLES.NS,HOLD,1456.9,0.53,-11.41,3.01,,,1338.12,1615.27,1.33,LOW,80
PANACEABIO.NS,SELL,373.85,-13.12,-2.22,2.06,,,402.46,302.31,2.5,LOW,100
GRMOVER.NS,SELL,82.19,-7.96,-4.46,1.63,,,88.1,67.42,2.5,LOW,100
DIAMONDYD.NS,SELL,1103.2,-5.04,-3.83,0.79,,,1164.86,949.06,2.5,LOW,100
CAPACITE.NS,SELL,189.5,-11.34,-7.57,2.8,,,203.98,153.3,2.5,LOW,100
ROSSTECH.NS,BUY,1387.3,29.43,22.1,3.02,1359.55,1415.05,1268.77,1683.62,2.5,LOW,100
FILATEX.NS,BUY,90.59,17.3,18.49,4.8,88.78,92.4,80.82,115.02,2.5,LOW,100
JINDALPOLY.NS,BUY,721.25,9.86,3.86,3.34,706.82,735.68,666.26,858.73,2.5,LOW,100
SMSPHARMA.NS,BUY,413.7,8.22,10.57,4.08,405.43,421.97,361.99,542.99,2.5,LOW,100
MONARCH.NS,SELL,368.05,-1.82,-3.3,1.32,,,390.26,312.51,2.5,LOW,100
TASTYBITE.NS,HOLD,9997.0,5.16,-1.4,1.78,,,9497.34,10663.21,1.33,LOW,80
AEROFLEX.NS,HOLD,503.95,6.94,-6.81,4.37,,,459.39,563.36,1.33,LOW,100
HGS.NS,SELL,383.55,-6.68,-2.58,0.88,,,403.78,332.98,2.5,LOW,100
JAICORPLTD.NS,SELL,92.87,-9.28,-5.83,1.24,,,97.49,81.31,2.5,LOW,100
MOLDTKPAC.NS,SELL,665.5,-2.9,-5.76,1.77,,,702.56,572.86,2.5,LOW,100
COSMOFIRST.NS,SELL,878.4,-1.73,-7.5,1.65,,,932.67,742.72,2.5,LOW,100
PFS.NS,SELL,26.46,-7.17,-2.07,1.23,,,28.03,22.53,2.5,LOW,100
MBEL.NS,SELL,249.35,-12.3,-5.94,1.2,,,266.63,206.15,2.5,LOW,100
BAJEL.NS,SELL,174.1,-5.36,-6.48,2.73,,,188.54,138.01,2.5,LOW,100
KSHINTL.NS,BUY,1068.0,11.07,12.93,3.77,1046.64,1089.36,962.48,1331.8,2.5,LOW,100
INSECTICID.NS,SELL,599.4,-4.2,-1.87,2.2,,,646.58,481.45,2.5,LOW,80
SHALBY.NS,SELL,137.0,-13.24,-10.84,1.52,,,146.19,114.03,2.5,LOW,100
NDRAUTO.NS,SELL,698.0,-11.18,-5.11,1.8,,,741.81,588.48,2.5,LOW,100
FINOPB.NS,SELL,136.46,-10.48,-2.09,1.65,,,146.05,112.47,2.5,LOW,100
ORIENTHOT.NS,BUY,140.69,4.53,1.47,3.56,137.88,143.5,133.33,159.09,2.5,LOW,80
STYLEBAAZA.NS,HOLD,380.05,9.41,-3.75,2.37,,,358.46,408.84,1.33,LOW,100
SCILAL.NS,SELL,38.17,-4.91,-1.95,1.1,,,40.06,33.45,2.5,LOW,80
NILKAMAL.NS,HOLD,1921.8,6.11,-5.52,3.14,,,1806.96,2074.91,1.33,LOW,100
LANDMARK.NS,SELL,487.85,-4.31,-5.72,2.62,,,526.11,392.21,2.5,LOW,100
EIHAHOTELS.NS,SELL,292.25,-4.15,-2.94,1.82,,,310.0,247.87,2.5,LOW,100
IPL.NS,HOLD,137.18,-4.46,0.53,1.45,,,131.57,144.66,1.33,LOW,80
SUMMITSEC.NS,SELL,1389.0,-5.36,-2.64,1.07,,,1464.84,1199.39,2.5,LOW,100
SEAMECLTD.NS,BUY,1727.3,11.19,3.13,1.97,1692.75,1761.85,1608.37,2024.62,2.5,LOW,100
MAYURUNIQ.NS,HOLD,763.3,-0.39,4.74,1.78,,,722.21,818.09,1.33,LOW,80
RML.NS,BUY,1305.9,11.22,16.89,4.32,1279.78,1332.02,1186.87,1603.47,2.5,LOW,100
YATRA.NS,SELL,103.0,-7.17,-9.77,2.92,,,112.35,79.63,2.5,LOW,100
STEELCAS.NS,SELL,301.3,-7.47,-11.34,2.08,,,330.72,227.75,2.5,LOW,100
GENESYS.NS,BUY,288.31,17.02,29.5,7.83,282.54,294.08,242.53,402.77,2.5,LOW,100
GVPIL.NS,HOLD,626.35,-13.2,-0.92,2.24,,,591.97,672.19,1.33,LOW,80
SOLARA.NS,BUY,738.85,26.17,15.38,4.64,724.07,753.63,664.94,923.64,2.5,LOW,100
KICL.NS,SELL,4825.0,-9.58,-6.83,1.37,,,5096.29,4146.79,2.5,LOW,100
SPECTRUM.NS,BUY,3067.5,33.49,44.66,3.74,3006.15,3128.85,2764.89,3824.04,2.5,LOW,100
SULA.NS,SELL,136.33,-9.13,-8.11,1.44,,,144.58,115.7,2.5,LOW,100
SIMPLEXINF.NS,HOLD,255.3,0.95,-5.03,3.25,,,234.88,282.53,1.33,LOW,80
SGFIN.NS,SELL,613.75,-8.39,-9.02,1.34,,,651.87,518.45,2.5,LOW,100
CANTABIL.NS,HOLD,242.3,-0.05,-0.05,2.01,,,232.21,255.75,1.33,LOW,60
SYSTMTXC.NS,BUY,72.67,18.69,25.9,2.35,71.22,74.12,68.19,83.87,2.5,LOW,100
DELTACORP.NS,SELL,55.6,-7.95,-2.37,1.61,,,58.83,47.51,2.5,LOW,100
STUDDS.NS,SELL,405.0,-7.55,-8.23,0.87,,,426.87,350.32,2.5,LOW,100
SASKEN.NS,SELL,1731.5,-8.6,-8.84,1.94,,,1885.87,1345.57,2.5,LOW,100
SANGAMIND.NS,SELL,569.55,-3.97,-5.11,1.64,,,605.56,479.51,2.5,LOW,100
RANEHOLDIN.NS,HOLD,1647.8,-1.93,0.76,1.4,,,1569.92,1751.64,1.33,LOW,80
HINDOILEXP.NS,BUY,180.17,9.77,6.61,3.4,176.57,183.77,161.96,225.7,2.5,LOW,100
STOVEKRAFT.NS,HOLD,829.9,4.89,-1.86,2.67,,,784.68,890.2,1.33,LOW,80
GEOJITFSL.NS,SELL,78.08,-1.84,-6.29,1.38,,,83.25,65.16,2.5,LOW,100
IDEAFORGE.NS,SELL,720.15,-12.94,-8.1,1.64,,,772.13,590.2,2.5,LOW,100
RPTECH.NS,HOLD,811.65,-0.6,0.69,3.31,,,758.96,881.91,1.33,LOW,60
ACCELYA.NS,HOLD,1124.0,-0.85,-0.73,0.41,,,1100.04,1155.94,1.33,LOW,60
VENKEYS.NS,BUY,1677.7,7.79,2.34,2.86,1644.15,1711.25,1546.18,2006.5,2.5,LOW,100
TIL.NS,BUY,250.0,6.57,8.38,2.51,245.0,255.0,230.52,298.7,2.5,LOW,100
YASHO.NS,HOLD,4087.7,6.29,-1.01,3.12,,,3782.5,4494.63,1.33,LOW,80
WEL.NS,SELL,69.74,-36.6,-22.36,8.39,,,93.53,10.26,2.5,LOW,100
DOLLAR.NS,SELL,265.1,-0.66,-1.43,1.47,,,281.62,223.8,2.5,LOW,60
INDIANHUME.NS,SELL,356.6,-6.56,-6.38,2.47,,,384.32,287.3,2.5,LOW,100
DREDGECORP.NS,SELL,991.1,-7.49,-7.95,2.17,,,1062.84,811.74,2.5,LOW,100
MOL.NS,HOLD,60.33,5.74,-5.65,2.95,,,55.45,66.83,1.33,LOW,100
DCW.NS,SELL,44.63,-3.4,-3.61,2.56,,,48.37,35.28,2.5,LOW,100
UGROCAP.NS,SELL,83.28,-9.02,-1.93,1.19,,,87.63,72.4,2.5,LOW,80
THEJO.NS,BUY,2194.4,7.91,5.67,1.61,2150.51,2238.29,2064.93,2518.08,2.5,LOW,100
HITECH.NS,SELL,73.8,-9.37,-1.8,2.58,,,78.55,61.92,2.5,LOW,80
MANGLMCEM.NS,HOLD,1001.7,2.14,-6.54,2.88,,,942.8,1080.24,1.33,LOW,100
AMRUTANJAN.NS,SELL,490.45,-4.5,-3.14,1.78,,,518.46,420.43,2.5,LOW,100
SHRINGARMS.NS,SELL,213.15,-4.65,-1.31,1.24,,,223.99,186.05,2.5,LOW,80
WHEELS.NS,BUY,2104.0,34.56,36.46,5.95,2061.92,2146.08,1816.99,2821.54,2.5,LOW,100
APCOTEXIND.NS,HOLD,592.75,-0.14,-8.29,2.4,,,556.85,640.61,1.33,LOW,80
GMBREW.NS,BUY,930.9,2.77,6.12,1.22,912.28,949.52,892.41,1027.11,2.5,LOW,100
VERANDA.NS,SELL,215.0,-10.55,-13.76,3.03,,,232.93,170.17,2.5,LOW,100
PIXTRANS.NS,SELL,1737.5,-3.45,-4.46,1.73,,,1833.2,1498.25,2.5,LOW,100
MOBIKWIK.NS,BUY,204.5,0.71,7.29,2.39,200.41,208.59,186.09,250.53,2.5,LOW,80
UNIPARTS.NS,HOLD,876.0,12.02,-2.79,2.48,,,823.74,945.68,1.33,LOW,100
WAAREEINDO.NS,SELL,248.0,-21.41,-7.7,1.54,,,269.04,195.41,2.5,LOW,100
RAJRATAN.NS,SELL,464.45,-6.97,-6.49,1.99,,,505.46,361.93,2.5,LOW,100
EXICOM.NS,HOLD,163.27,-0.31,-1.72,3.41,,,148.87,182.46,1.33,LOW,60
INDNIPPON.NS,BUY,1285.0,10.43,19.86,4.56,1259.3,1310.7,1127.43,1678.93,2.5,LOW,100
VINCOFE.NS,HOLD,176.33,9.16,0.44,3.31,,,163.44,193.52,1.33,LOW,80
MUKANDLTD.NS,SELL,134.76,-1.51,-1.91,1.42,,,142.98,114.21,2.5,LOW,80
SOMANYCERA.NS,HOLD,566.9,7.94,0.67,2.12,,,543.46,598.16,1.33,LOW,80
DYCL.NS,HOLD,446.2,2.82,-16.68,4.86,,,401.3,506.07,1.33,LOW,100
NELCO.NS,HOLD,940.5,-0.3,1.75,2.36,,,882.06,1018.41,1.33,LOW,60
DIVGIITTS.NS,HOLD,1125.4,3.96,-4.9,2.9,,,1021.87,1263.44,1.33,LOW,100
MSPL.NS,SELL,33.58,-5.95,-5.36,2.54,,,36.45,26.39,2.5,LOW,100
KERNEX.NS,HOLD,1730.5,-14.68,-0.34,3.67,,,1592.54,1914.44,1.33,LOW,80
NITINSPIN.NS,HOLD,628.7,8.63,0.14,2.44,,,597.69,670.05,1.33,LOW,80
BGRENERGY.NS,HOLD,243.45,-8.16,4.43,4.45,,,222.85,270.92,1.33,LOW,100
WINDLAS.NS,HOLD,1123.85,17.53,-0.29,2.54,,,1057.23,1212.67,1.33,LOW,80
RAMCOSYS.NS,SELL,565.95,-13.58,-1.62,2.76,,,611.15,452.95,2.5,LOW,80
SPAL.NS,SELL,992.9,-2.14,-2.51,2.85,,,1086.67,758.47,2.5,LOW,100
GTLINFRA.NS,SELL,1.14,-6.3,-1.72,1.38,,,1.2,0.99,2.5,LOW,80
NIBE.NS,SELL,1254.0,-12.33,-7.52,2.41,,,1337.97,1044.07,2.5,LOW,100
SPIC.NS,HOLD,67.96,0.16,-1.31,1.39,,,65.36,71.42,1.33,LOW,60
LAXMIDENTL.NS,HOLD,198.89,-4.5,3.08,1.43,,,190.11,210.6,1.33,LOW,100
ASALCBR.NS,SELL,653.9,-12.68,-6.42,1.31,,,693.76,554.26,2.5,LOW,100
SPANDANA.NS,SELL,227.86,-12.4,-5.43,1.59,,,240.83,195.45,2.5,LOW,100
PANAMAPET.NS,SELL,459.4,-2.42,-5.19,2.26,,,496.68,366.2,2.5,LOW,100
INDOTECH.NS,SELL,3422.0,-3.19,-7.32,2.38,,,3708.99,2704.52,2.5,LOW,100
ALLTIME.NS,HOLD,209.87,-4.19,4.62,2.24,,,195.46,229.09,1.33,LOW,100
VIDHIING.NS,HOLD,339.9,5.37,-4.13,2.79,,,319.07,367.68,1.33,LOW,100
RHETAN.NS,HOLD,20.59,-21.06,7.69,6.52,,,18.22,23.75,1.33,LOW,100
WENDT.NS,BUY,8711.5,7.94,6.62,2.22,8537.27,8885.73,8052.57,10358.82,2.5,LOW,100
UNITECH.NS,BUY,4.31,3.23,16.17,3.71,4.22,4.4,3.86,5.45,2.5,LOW,100
RMDRIP.NS,BUY,23.0,18.5,7.83,2.91,22.54,23.46,21.18,27.56,2.5,LOW,100
MOTISONS.NS,BUY,17.99,18.18,17.05,3.58,17.63,18.35,15.99,23.0,2.5,LOW,100
DEEDEV.NS,HOLD,644.3,-1.61,4.12,3.46,,,590.48,716.06,1.33,LOW,100
SEPC.NS,SELL,5.19,-11.94,-4.6,1.73,,,5.6,4.17,2.5,LOW,100
ADOR.NS,HOLD,1564.2,3.39,-8.27,2.87,,,1460.59,1702.34,1.33,LOW,100
GARUDA.NS,SELL,175.77,-1.55,-2.27,2.14,,,190.06,140.06,2.5,LOW,100
VINDHYATEL.NS,HOLD,2648.4,13.91,-3.24,2.97,,,2436.24,2931.29,1.33,LOW,100
PRECAM.NS,SELL,114.19,-14.82,-7.28,1.09,,,123.76,90.26,2.5,LOW,100
ASTEC.NS,BUY,754.65,18.64,34.18,6.56,739.56,769.74,659.71,992.01,2.5,LOW,100
BETA.NS,SELL,2079.5,-9.23,-7.98,2.45,,,2298.37,1532.32,2.5,LOW,100
FUSION.NS,SELL,181.74,-12.07,-6.04,2.48,,,195.11,148.32,2.5,LOW,100
TALBROAUTO.NS,BUY,439.8,6.68,7.2,2.12,431.0,448.6,407.72,519.99,2.5,LOW,100
IFGLEXPOR.NS,SELL,201.34,-5.15,-4.29,2.52,,,220.9,152.43,2.5,LOW,100
BLSE.NS,HOLD,315.8,4.1,-2.27,1.43,,,302.02,334.17,1.33,LOW,100
BFINVEST.NS,SELL,438.25,-4.73,-3.25,1.56,,,467.61,364.84,2.5,LOW,100
NAVKARCORP.NS,SELL,87.48,-12.4,-8.37,1.79,,,92.81,74.15,2.5,LOW,100
SPMLINFRA.NS,SELL,170.76,-9.92,-5.92,1.94,,,183.16,139.76,2.5,LOW,100
JYOTISTRUC.NS,SELL,9.09,-15.06,-7.15,1.95,,,9.87,7.14,2.5,LOW,100
JGCHEM.NS,HOLD,593.4,7.42,-5.25,4.04,,,539.31,665.52,1.33,LOW,100
GOCLCORP.NS,BUY,450.55,10.2,16.32,2.21,441.54,459.56,418.79,529.94,2.5,LOW,100
HUHTAMAKI.NS,SELL,244.0,-8.04,-7.19,2.52,,,265.84,189.41,2.5,LOW,100
QUICKHEAL.NS,BUY,154.46,1.66,12.56,3.04,151.37,157.55,138.46,194.46,2.5,LOW,100
PNBGILTS.NS,HOLD,78.7,-4.09,0.65,2.21,,,73.52,85.6,1.33,LOW,80
JINDRILL.NS,SELL,586.4,-4.53,-5.33,3.52,,,648.84,430.31,2.5,LOW,100
DLINKINDIA.NS,SELL,422.75,-5.44,-3.06,2.19,,,443.66,370.46,2.5,LOW,100
BLISSGVS.NS,BUY,690.0,26.77,11.88,3.39,676.2,703.8,618.0,870.0,2.5,LOW,100
SANSTAR.NS,BUY,113.1,2.39,5.35,1.7,110.84,115.36,104.95,133.46,2.5,LOW,100
EXPLEOSOL.NS,HOLD,894.55,9.28,0.42,1.78,,,852.65,950.42,1.33,LOW,80
SESHAPAPER.NS,BUY,250.1,8.21,7.56,1.64,245.1,255.1,232.93,293.03,2.5,LOW,100
DEN.NS,SELL,26.44,-4.62,-6.47,1.13,,,28.02,22.49,2.5,LOW,100
TTKHLTCARE.NS,SELL,1045.1,-1.67,-9.88,2.97,,,1161.8,753.35,2.5,LOW,100
DAMCAPITAL.NS,SELL,138.0,-8.0,-2.44,1.33,,,145.84,118.39,2.5,LOW,100
ARMANFIN.NS,SELL,1943.1,-0.66,-1.9,2.23,,,2089.34,1577.49,2.5,LOW,60
ARIHANTSUP.NS,SELL,224.0,-11.34,-11.01,2.42,,,246.03,168.93,2.5,LOW,100
SATIN.NS,SELL,221.33,-6.56,-1.2,1.46,,,236.45,183.54,2.5,LOW,80
RAMASTEEL.NS,SELL,4.08,-5.37,-5.77,3.08,,,4.33,3.46,2.5,LOW,100
DOLPHIN.NS,BUY,667.45,34.33,14.44,3.56,654.1,680.8,582.38,880.13,2.5,LOW,100
RAJOOENG.NS,BUY,52.9,2.67,6.98,2.29,51.84,53.96,47.36,66.75,2.5,LOW,100
STANLEY.NS,HOLD,136.65,-5.9,-0.59,1.04,,,132.07,142.76,1.33,LOW,80
MUFIN.NS,SELL,132.15,-0.68,-1.86,1.18,,,138.68,115.84,2.5,LOW,60
JNKINDIA.NS,SELL,413.9,-8.32,-3.91,1.68,,,447.96,328.76,2.5,LOW,100
TARSONS.NS,SELL,309.7,-3.21,-6.62,2.44,,,336.8,241.95,2.5,LOW,100
HIMATSEIDE.NS,SELL,64.76,-15.03,-7.03,1.53,,,68.15,56.3,2.5,LOW,100
SOLEX.NS,SELL,663.45,-23.04,-10.26,1.82,,,726.36,506.16,2.5,LOW,100
MMFL.NS,HOLD,618.7,4.69,-4.83,3.13,,,575.07,676.88,1.33,LOW,100
UDS.NS,SELL,188.39,-9.33,-16.17,3.24,,,208.83,137.28,2.5,LOW,100
SYNCOMF.NS,HOLD,18.9,18.0,-11.52,4.29,,,16.89,21.58,1.33,LOW,100
IGARASHI.NS,HOLD,431.55,-2.77,3.99,1.82,,,409.71,460.66,1.33,LOW,100
TINNARUBR.NS,SELL,1001.95,-4.27,-1.47,2.17,,,1095.04,769.22,2.5,LOW,80
GREENPOWER.NS,SELL,9.05,-6.39,-1.2,1.49,,,9.72,7.36,2.5,LOW,80
PUNJABCHEM.NS,SELL,1072.3,-4.15,-4.13,1.79,,,1148.41,882.01,2.5,LOW,100
SURAKSHA.NS,HOLD,326.45,12.43,-4.21,2.56,,,310.18,348.15,1.33,LOW,100
AIMTRON.NS,BUY,1656.35,7.79,1.26,2.78,1623.22,1689.48,1529.05,1974.6,2.5,LOW,80
APOLLOPIPE.NS,SELL,523.45,-3.78,-14.17,3.31,,,570.4,406.07,2.5,LOW,100
SHANTIGOLD.NS,HOLD,245.11,4.22,0.74,3.61,,,228.38,267.42,1.33,LOW,80
MASTERTR.NS,BUY,87.7,3.56,8.47,3.42,85.95,89.45,77.67,112.76,2.5,LOW,100
IKIO.NS,HOLD,206.0,-0.49,-0.07,4.33,,,186.2,232.4,1.33,LOW,60
AWHCL.NS,SELL,350.55,-13.45,-6.01,1.44,,,370.73,300.1,2.5,LOW,100
STALLION.NS,HOLD,218.0,-4.91,5.01,2.97,,,202.99,238.01,1.33,LOW,100
LGHL.NS,HOLD,185.21,-4.47,3.21,3.06,,,169.02,206.79,1.33,LOW,100
ECOSMOBLTY.NS,SELL,107.46,-10.99,-6.69,1.27,,,115.28,87.92,2.5,LOW,100
JAGRAN.NS,HOLD,61.6,-1.46,0.85,0.69,,,60.2,63.47,1.33,LOW,80
RUPA.NS,SELL,132.21,-13.21,-7.07,1.31,,,138.63,116.16,2.5,LOW,100
VINYAS.NS,HOLD,1477.1,5.14,-6.14,4.02,,,1354.76,1640.21,1.33,LOW,100
OMAXE.NS,HOLD,118.58,16.28,-10.62,5.57,,,103.85,138.22,1.33,LOW,100
SHRIRAMPPS.NS,SELL,71.16,-12.72,-7.62,1.44,,,75.59,60.07,2.5,LOW,100
IVALUE.NS,SELL,229.52,-15.3,-3.72,2.5,,,250.7,176.57,2.5,LOW,100
HESTERBIO.NS,SELL,2219.9,-6.34,-1.73,2.94,,,2431.39,1691.19,2.5,LOW,80
FINKURVE.NS,BUY,73.16,8.73,7.97,4.14,71.7,74.62,62.08,100.86,2.5,LOW,100
QUADFUTURE.NS,BUY,510.8,27.72,20.02,5.82,500.58,521.02,456.99,645.32,2.5,LOW,100
HMAAGRO.NS,BUY,23.4,8.97,11.85,3.99,22.93,23.87,21.58,27.95,2.5,LOW,100
JAGSNPHARM.NS,SELL,225.99,-1.21,-4.11,1.39,,,240.77,189.05,2.5,LOW,100
PLATIND.NS,SELL,215.9,-4.11,-5.22,2.06,,,233.54,171.8,2.5,LOW,100
ORIENTTECH.NS,HOLD,236.92,-6.61,0.24,1.94,,,222.76,255.8,1.33,LOW,80
EKC.NS,SELL,100.37,-8.24,-5.53,1.24,,,105.02,88.75,2.5,LOW,100
ANDHRAPAP.NS,BUY,72.95,16.82,20.48,3.59,71.49,74.41,64.03,95.25,2.5,LOW,100
SALASAR.NS,SELL,4.93,-14.11,-2.95,2.75,,,5.48,3.56,2.5,LOW,100
ESAFSFB.NS,SELL,38.5,-2.65,-7.18,2.07,,,41.64,30.64,2.5,LOW,100
CONFIPET.NS,BUY,86.38,10.15,7.52,3.48,84.65,88.11,77.76,107.93,2.5,LOW,100
SMCGLOBAL.NS,BUY,81.28,1.85,2.05,1.87,79.65,82.91,74.72,97.68,2.5,LOW,100
CENTRUM.NS,SELL,21.61,-8.89,-5.92,1.38,,,23.26,17.48,2.5,LOW,100
DOLATALGO.NS,SELL,67.71,-4.06,-5.98,1.71,,,71.82,57.43,2.5,LOW,100
ROTO.NS,HOLD,64.44,-3.28,2.53,1.82,,,60.44,69.77,1.33,LOW,100
NIITLTD.NS,SELL,87.22,-8.86,-10.61,2.69,,,94.24,69.68,2.5,LOW,100
GPTINFRA.NS,HOLD,110.62,-4.63,-0.04,1.26,,,104.7,118.51,1.33,LOW,80
SURYODAY.NS,SELL,146.34,-10.48,-3.6,2.09,,,154.09,126.98,2.5,LOW,100
BIRLANU.NS,SELL,1384.6,-2.69,-3.88,1.66,,,1481.56,1142.21,2.5,LOW,100
RISHABH.NS,BUY,794.1,15.72,6.45,3.58,778.22,809.98,707.66,1010.19,2.5,LOW,100
PAUSHAKLTD.NS,HOLD,712.0,4.95,-11.18,3.19,,,650.63,793.83,1.33,LOW,100
ASIANENE.NS,HOLD,484.5,12.75,-3.64,3.75,,,437.81,546.75,1.33,LOW,100
GANDHAR.NS,HOLD,263.7,8.89,0.73,1.59,,,250.58,281.19,1.33,LOW,80
EXCELINDUS.NS,SELL,950.4,-4.35,-6.41,3.77,,,1004.79,814.44,2.5,LOW,100
BAJAJHCARE.NS,HOLD,328.55,-1.09,0.31,1.85,,,312.17,350.38,1.33,LOW,80
ALICON.NS,BUY,696.2,0.66,4.61,2.36,682.28,710.12,636.21,846.18,2.5,LOW,80
DCMSRIND.NS,SELL,38.72,-10.81,-19.97,3.51,,,43.46,26.87,2.5,LOW,100
CLSEL.NS,HOLD,295.4,2.38,-1.75,3.16,,,277.14,319.74,1.33,LOW,80
RAJRILTD.NS,SELL,21.15,-2.94,-9.11,1.36,,,22.54,17.67,2.5,LOW,100
INDORAMA.NS,BUY,88.8,43.43,28.94,4.19,87.02,90.58,74.36,124.91,2.5,LOW,100
PARACABLES.NS,SELL,61.53,-4.47,-4.31,2.78,,,67.95,45.48,2.5,LOW,100
VPRPL.NS,HOLD,32.66,4.14,-7.08,3.8,,,28.91,37.67,1.33,LOW,100
SALZERELEC.NS,HOLD,555.8,-2.59,3.72,1.68,,,528.28,592.49,1.33,LOW,100
MANAKCOAT.NS,BUY,128.75,5.19,5.16,1.97,126.17,131.32,117.78,156.18,2.5,LOW,100
SIGACHI.NS,HOLD,30.25,5.31,-7.01,5.48,,,26.65,35.05,1.33,LOW,100
INFOBEAN.NS,SELL,149.98,-6.93,-7.12,2.15,,,165.66,110.78,2.5,LOW,100
ALLDIGI.NS,SELL,789.0,-2.06,-3.01,0.99,,,822.38,705.55,2.5,LOW,100
BLKASHYAP.NS,SELL,52.18,-5.11,-6.29,3.02,,,58.97,35.22,2.5,LOW,100
SPORTKING.NS,SELL,201.58,-3.17,-10.7,2.9,,,221.63,151.45,2.5,LOW,100
GODAVARIB.NS,SELL,242.79,-3.87,-1.0,1.91,,,262.72,192.96,2.5,LOW,80
JARO.NS,BUY,477.1,2.2,5.31,2.01,467.56,486.64,448.46,548.69,2.5,LOW,100
SURAJEST.NS,SELL,172.5,-11.82,-9.93,2.25,,,187.75,134.38,2.5,LOW,100
CIFL.NS,SELL,20.0,-4.42,-1.86,1.58,,,21.7,15.74,2.5,LOW,80
UNIECOM.NS,SELL,81.27,-5.4,-5.31,1.79,,,87.11,66.68,2.5,LOW,100
MONTECARLO.NS,HOLD,555.2,3.39,-1.64,1.62,,,532.53,585.43,1.33,LOW,80
MADRASFERT.NS,SELL,61.34,-7.31,-6.05,2.01,,,65.35,51.33,2.5,LOW,100
HARIOMPIPE.NS,HOLD,353.1,-5.79,2.26,1.66,,,335.43,376.66,1.33,LOW,100
DECCANCE.NS,HOLD,567.9,0.71,-0.91,1.16,,,539.66,605.56,1.33,LOW,60
SHANKARA.NS,BUY,149.38,5.26,2.22,0.53,146.39,152.37,144.78,160.88,2.5,LOW,100
GNA.NS,HOLD,541.75,1.33,0.35,1.84,,,511.3,582.35,1.33,LOW,80
RIIL.NS,SELL,700.0,-6.78,-6.63,1.84,,,732.61,618.48,2.5,LOW,100
VMARCIND.NS,HOLD,332.45,3.5,-11.58,4.46,,,296.36,380.57,1.33,LOW,100
SUMEETINDS.NS,SELL,9.34,-51.29,-17.64,2.48,,,10.31,6.92,2.5,LOW,100
IMPAL.NS,HOLD,1077.1,-2.31,0.42,2.24,,,1011.98,1163.93,1.33,LOW,80
IGPL.NS,BUY,551.55,14.06,3.13,3.06,540.52,562.58,504.03,670.35,2.5,LOW,100
TAC.NS,BUY,464.75,0.79,11.54,2.45,455.45,474.05,427.11,558.86,2.5,LOW,80
RGL.NS,BUY,156.68,22.05,14.4,5.31,153.55,159.81,138.29,202.66,2.5,LOW,100
BSHSL.NS,SELL,85.8,-2.77,-4.65,1.58,,,93.9,65.55,2.5,LOW,100
SHREDIGCEM.NS,SELL,66.9,-6.9,-9.59,2.54,,,73.65,50.03,2.5,LOW,100
SIGNPOST.NS,HOLD,262.45,-6.53,4.22,3.12,,,241.08,290.94,1.33,LOW,100
BALAJITELE.NS,BUY,97.7,8.35,7.26,2.39,95.75,99.65,90.63,115.38,2.5,LOW,100
HITECHGEAR.NS,SELL,540.8,-6.6,-4.05,1.93,,,586.19,427.34,2.5,LOW,100
ATULAUTO.NS,SELL,440.85,-9.36,-6.77,0.94,,,463.32,384.68,2.5,LOW,100
AGARIND.NS,SELL,408.1,-16.42,-10.93,1.68,,,439.72,329.05,2.5,LOW,100
YUKEN.NS,BUY,1118.0,31.36,13.03,3.18,1095.64,1140.36,1008.05,1392.88,2.5,LOW,100
DIFFNKG.NS,HOLD,437.7,6.49,-8.34,4.65,,,394.69,495.05,1.33,LOW,100
ONEPOINT.NS,BUY,59.48,5.69,8.66,1.89,58.29,60.67,54.7,71.43,2.5,LOW,100
CAPITALSFB.NS,SELL,276.55,-4.43,-2.76,1.08,,,292.47,236.75,2.5,LOW,100
ASIANTILES.NS,HOLD,49.76,-1.04,-0.99,1.81,,,47.3,53.04,1.33,LOW,80
RICOAUTO.NS,HOLD,127.11,-4.96,0.49,2.04,,,120.32,136.17,1.33,LOW,80
AURUM.NS,SELL,221.22,-2.5,-4.34,1.56,,,235.78,184.83,2.5,LOW,100
ADVENTHTL.NS,SELL,128.33,-8.99,-6.25,2.53,,,137.52,105.34,2.5,LOW,100
BUTTERFLY.NS,SELL,580.0,-14.48,-5.58,1.26,,,618.31,484.23,2.5,LOW,100
FAZE3Q.NS,SELL,449.95,-14.68,-7.7,1.66,,,480.75,372.95,2.5,LOW,100
MICEL.NS,SELL,34.3,-7.46,-13.84,2.52,,,36.42,28.99,2.5,LOW,100
BHARATWIRE.NS,SELL,171.56,-10.63,-1.5,1.84,,,185.09,137.74,2.5,LOW,80
VASCONEQ.NS,SELL,29.88,-5.83,-1.65,1.67,,,31.75,25.2,2.5,LOW,80
WALCHANNAG.NS,SELL,203.79,-10.19,-1.14,2.58,,,221.55,159.4,2.5,LOW,80
TEXINFRA.NS,BUY,114.98,1.98,3.51,1.82,112.68,117.28,107.74,133.09,2.5,LOW,100
WCIL.NS,BUY,93.01,4.83,10.36,1.64,91.15,94.87,87.52,106.73,2.5,LOW,100
HERANBA.NS,SELL,165.8,-5.14,-3.93,2.47,,,176.83,138.24,2.5,LOW,100
BOROSCI.NS,SELL,119.55,-14.76,-8.96,1.88,,,129.47,94.76,2.5,LOW,100
GPTHEALTH.NS,BUY,164.0,4.62,8.16,1.33,160.72,167.28,154.74,187.15,2.5,LOW,100
IRMENERGY.NS,SELL,268.15,-2.17,-3.86,1.63,,,286.73,221.71,2.5,LOW,100
SHREEPUSHK.NS,BUY,509.8,18.98,8.92,3.12,499.6,520.0,455.37,645.87,2.5,LOW,100
MEIL.NS,SELL,275.1,-3.36,-3.46,2.8,,,296.71,221.06,2.5,LOW,100
GTPL.NS,HOLD,56.61,-2.73,0.78,2.34,,,53.08,61.31,1.33,LOW,80
ROHLTD.NS,HOLD,296.25,-4.25,-0.03,1.23,,,283.27,313.55,1.33,LOW,80
VHL.NS,SELL,3355.3,-3.64,-6.02,1.73,,,3606.76,2726.66,2.5,LOW,100
DSSL.NS,SELL,1018.0,-12.72,-2.24,2.03,,,1102.26,807.36,2.5,LOW,100
TBZ.NS,BUY,574.85,82.77,57.8,7.22,563.35,586.35,491.44,783.38,2.5,LOW,100
BAJAJINDEF.NS,HOLD,219.23,-3.4,-0.73,1.99,,,208.37,233.71,1.33,LOW,80
STLNETWORK.NS,BUY,40.91,49.79,48.76,2.73,40.09,41.73,37.43,49.61,2.5,LOW,100
WEALTH.NS,HOLD,842.9,-6.37,-0.32,1.19,,,810.89,885.58,1.33,LOW,80
CONTROLPR.NS,HOLD,602.8,0.87,0.84,1.94,,,576.93,637.29,1.33,LOW,60
JINDALPHOT.NS,BUY,1110.2,4.1,9.7,2.34,1088.0,1132.4,1027.4,1317.2,2.5,LOW,100
ELECTHERM.NS,SELL,940.0,-8.13,-5.11,1.95,,,999.74,790.64,2.5,LOW,100
ABINFRA.NS,HOLD,11.2,2.46,-2.1,3.96,,,10.33,12.37,1.33,LOW,100
SRM.NS,SELL,427.15,-11.44,-6.8,2.0,,,461.5,341.27,2.5,LOW,100
VILAS.NS,SELL,328.9,-8.65,-8.12,2.05,,,351.2,273.15,2.5,LOW,100
KROSS.NS,BUY,236.61,14.64,14.02,2.7,231.88,241.34,217.4,284.64,2.5,LOW,100
AMNPLST.NS,SELL,164.99,-12.71,-8.66,1.54,,,178.15,132.1,2.5,LOW,100
ZUARI.NS,SELL,213.46,-6.32,-7.76,1.97,,,227.19,179.14,2.5,LOW,100
STEELXIND.NS,HOLD,11.38,0.38,7.77,2.42,,,10.48,12.58,1.33,LOW,80
ICEMAKE.NS,SELL,675.95,-13.01,-9.79,1.5,,,722.05,560.7,2.5,LOW,100
KELLTONTEC.NS,SELL,13.48,-4.76,-3.58,2.99,,,14.97,9.76,2.5,LOW,100
RACLGEAR.NS,BUY,1880.1,31.06,22.25,3.36,1842.5,1917.7,1677.31,2387.06,2.5,LOW,100
BLUSPRING.NS,HOLD,124.61,4.32,-5.91,4.86,,,112.19,141.18,1.33,LOW,100
PASHUPATI.NS,SELL,81.39,-4.33,-2.34,0.99,,,87.17,66.94,2.5,LOW,100
MANALIPETC.NS,HOLD,82.25,13.66,-8.34,4.31,,,73.97,93.29,1.33,LOW,100
DVL.NS,BUY,279.3,6.53,2.32,2.39,273.71,284.89,255.7,338.29,2.5,LOW,100
KRISHNADEF.NS,HOLD,1005.5,-12.92,0.07,3.18,,,941.85,1090.37,1.33,LOW,80
BCLIND.NS,SELL,33.09,-8.04,-9.61,1.86,,,35.27,27.63,2.5,LOW,100
DPSCLTD.NS,HOLD,7.15,-1.94,-0.56,1.69,,,6.65,7.82,1.33,LOW,80
NELCAST.NS,SELL,107.25,-12.14,-9.23,1.71,,,115.64,86.28,2.5,LOW,100
EIMCOELECO.NS,BUY,2275.0,14.16,3.63,1.78,2229.5,2320.5,2114.74,2675.64,2.5,LOW,100
OAL.NS,BUY,506.55,26.66,13.5,5.47,496.42,516.68,436.31,682.16,2.5,LOW,100
STERTOOLS.NS,SELL,210.28,-8.35,-1.2,1.32,,,222.59,179.51,2.5,LOW,80
GRPLTD.NS,HOLD,1966.8,-0.39,0.07,2.42,,,1860.64,2108.34,1.33,LOW,60
GEMAROMA.NS,SELL,156.12,-12.27,-6.34,1.48,,,168.66,124.77,2.5,LOW,100
EXCELSOFT.NS,BUY,80.0,5.79,14.91,2.9,78.4,81.6,73.01,97.49,2.5,LOW,100
PROSTARM.NS,SELL,129.56,-2.42,-1.64,2.46,,,140.85,101.34,2.5,LOW,80
IZMO.NS,HOLD,927.95,-4.14,11.4,3.07,,,855.14,1025.03,1.33,LOW,100
ANTELOPUS.NS,BUY,1155.95,30.57,14.08,6.33,1132.83,1179.07,959.44,1647.22,2.5,LOW,100
MATRIMONY.NS,BUY,538.95,12.27,3.9,2.61,528.17,549.73,504.06,626.16,2.5,LOW,100
SWELECTES.NS,SELL,550.9,-9.75,-5.72,1.26,,,590.38,452.2,2.5,LOW,100
PDMJEPAPER.NS,BUY,101.66,11.61,6.77,3.28,99.63,103.69,89.25,132.69,2.5,LOW,100
AYMSYNTEX.NS,HOLD,271.85,5.13,-3.07,3.94,,,240.89,313.14,1.33,LOW,100
OMINFRAL.NS,SELL,79.89,-6.87,-2.24,1.29,,,86.54,63.26,2.5,LOW,100
RNBDENIMS.NS,SELL,9.29,-1.16,-14.22,4.24,,,10.52,6.22,2.5,LOW,100
VIDYAWIRES.NS,SELL,85.56,-5.62,-3.33,1.96,,,91.93,69.64,2.5,LOW,100
5PAISA.NS,SELL,316.65,-12.88,-5.91,1.65,,,340.66,256.61,2.5,LOW,100
PENINLAND.NS,SELL,15.2,-6.89,-1.17,3.39,,,16.86,11.04,2.5,LOW,80
BIL.NS,BUY,1040.9,25.92,22.14,4.56,1020.08,1061.72,915.69,1353.94,2.5,LOW,100
MAMATA.NS,SELL,393.6,-2.44,-2.05,1.71,,,420.06,327.44,2.5,LOW,100
AFSL.NS,SELL,201.5,-0.74,-5.0,1.63,,,213.26,172.1,2.5,LOW,80
ESTER.NS,SELL,87.25,-4.96,-5.86,1.33,,,93.18,72.41,2.5,LOW,100
TNPL.NS,BUY,147.0,1.92,3.62,2.37,144.06,149.94,135.8,175.01,2.5,LOW,100
GANESHCP.NS,HOLD,167.29,-1.17,-0.54,2.19,,,156.4,181.81,1.33,LOW,80
AVTNPL.NS,HOLD,85.68,9.84,-6.93,2.8,,,78.91,94.71,1.33,LOW,100
KOKUYOCMLN.NS,SELL,76.97,-6.92,-2.0,1.92,,,81.19,66.43,2.5,LOW,80
MAXIND.NS,SELL,140.42,-11.96,-6.88,1.91,,,150.56,115.08,2.5,LOW,100
ANDHRSUGAR.NS,HOLD,93.37,1.07,-3.23,2.11,,,87.78,100.82,1.33,LOW,100
CREST.NS,SELL,355.2,-3.46,-2.44,1.45,,,382.9,285.95,2.5,LOW,100
LINCOLN.NS,HOLD,599.95,-0.68,-0.84,1.43,,,575.61,632.4,1.33,LOW,60
THEMISMED.NS,HOLD,120.86,5.22,-3.13,4.5,,,110.71,134.39,1.33,LOW,100
CENTENKA.NS,HOLD,565.5,-0.13,3.93,3.01,,,533.21,608.55,1.33,LOW,80
ARIHANTCAP.NS,BUY,80.98,5.66,4.15,2.17,79.36,82.6,75.56,94.53,2.5,LOW,100
DHANBANK.NS,SELL,29.3,-10.54,-8.58,1.71,,,31.21,24.52,2.5,LOW,100
UNIENTER.NS,SELL,91.98,-5.28,-1.64,1.51,,,98.45,75.82,2.5,LOW,80
SCODATUBES.NS,SELL,127.31,-7.85,-2.29,1.99,,,137.44,101.99,2.5,LOW,100
INDOFARM.NS,HOLD,135.9,-7.96,1.01,2.75,,,127.12,147.61,1.33,LOW,80
SBC.NS,BUY,48.11,13.33,12.38,1.79,47.15,49.07,45.39,54.9,2.5,LOW,100
GGBL.NS,SELL,206.65,-15.22,-8.88,2.44,,,226.33,157.45,2.5,LOW,100
CEWATER.NS,SELL,257.5,-8.72,-2.98,2.74,,,278.64,204.64,2.5,LOW,100
RADHIKAJWE.NS,SELL,68.12,-3.7,-4.49,6.17,,,81.51,34.64,2.5,LOW,100
GKWLIMITED.NS,HOLD,1600.0,-2.19,4.94,1.98,,,1522.76,1702.99,1.33,LOW,100
NDTV.NS,SELL,70.66,-7.25,-2.13,1.82,,,75.71,58.04,2.5,LOW,100
INNOVANA.NS,SELL,299.0,-6.66,-1.76,2.65,,,336.12,206.2,2.5,LOW,80
KHAICHEM.NS,SELL,50.03,-4.03,-9.94,2.64,,,54.26,39.46,2.5,LOW,100
FAIRCHEMOR.NS,SELL,613.45,-13.33,-9.12,1.72,,,647.63,528.0,2.5,LOW,100
AEROENTER.NS,SELL,122.43,-5.75,-14.3,5.45,,,143.09,70.78,2.5,LOW,100
INDOAMIN.NS,HOLD,123.69,-1.83,2.7,1.69,,,117.69,131.69,1.33,LOW,100
DHARMAJ.NS,HOLD,270.05,1.29,0.02,1.27,,,262.67,279.89,1.33,LOW,80
BHARATSE.NS,HOLD,212.91,-5.45,-0.37,2.55,,,199.43,230.88,1.33,LOW,80
GALAPREC.NS,SELL,1009.1,-6.24,-1.67,2.1,,,1082.64,825.24,2.5,LOW,80
OSWALGREEN.NS,SELL,19.34,-8.08,-5.24,1.54,,,20.62,16.15,2.5,LOW,100
DENTALKART.NS,SELL,386.35,-3.75,-5.48,1.84,,,416.36,311.31,2.5,LOW,100
DENTA.NS,HOLD,277.7,-10.09,3.6,1.61,,,261.71,299.01,1.33,LOW,100
SAHANA.NS,HOLD,899.0,5.4,-2.28,1.99,,,855.98,956.36,1.33,LOW,100
LEMERITE.NS,SELL,18.23,-17.25,-14.17,3.08,,,20.68,12.1,2.5,LOW,100
SRHHYPOLTD.NS,BUY,516.0,4.44,2.88,2.51,505.68,526.32,476.41,614.98,2.5,LOW,100
GANDHITUBE.NS,HOLD,896.45,1.98,-0.5,0.98,,,868.75,933.39,1.33,LOW,80
CNL.NS,HOLD,1075.9,-0.34,-15.92,2.68,,,985.13,1196.93,1.33,LOW,80
FABTECH.NS,HOLD,147.34,-1.31,-0.18,0.69,,,141.25,155.46,1.33,LOW,80
UTTAMSUGAR.NS,SELL,254.5,-2.88,-13.34,4.44,,,284.4,179.75,2.5,LOW,100
XCHANGING.NS,HOLD,62.5,-0.7,3.63,1.68,,,59.68,66.26,1.33,LOW,80
KRISHIVAL.NS,BUY,418.95,4.69,1.95,3.66,410.57,427.33,405.19,453.36,2.5,LOW,80
JPOLYINVST.NS,SELL,977.3,-5.08,-1.32,2.34,,,1059.01,773.01,2.5,LOW,80
OSWALAGRO.NS,SELL,34.48,-9.03,-6.53,1.97,,,37.27,27.5,2.5,LOW,100
MVGJL.NS,BUY,218.5,30.95,34.57,5.26,214.13,222.87,186.17,299.33,2.5,LOW,100
KODYTECH.NS,HOLD,1411.0,3.45,-0.57,2.16,,,1319.68,1532.76,1.33,LOW,80
ADSL.NS,SELL,96.82,-12.32,-6.85,1.21,,,103.39,80.41,2.5,LOW,100
HEXATRADEX.NS,HOLD,157.9,-0.39,-1.61,1.19,,,152.23,165.46,1.33,LOW,60
SARTELE.NS,SELL,77.7,-28.59,-16.85,2.35,,,86.15,56.57,2.5,LOW,100
GULPOLY.NS,SELL,169.83,-9.51,-8.83,1.02,,,178.74,147.55,2.5,LOW,100
SILVERTUC.NS,SELL,152.86,-18.14,-10.67,2.03,,,170.25,109.4,2.5,LOW,100
JAYBARMARU.NS,SELL,111.4,-21.85,-9.02,2.07,,,121.07,87.23,2.5,LOW,100
KUANTUM.NS,BUY,77.0,1.87,6.77,2.07,75.46,78.54,70.81,92.47,2.5,LOW,100
TNPETRO.NS,HOLD,128.6,17.79,-5.57,3.75,,,114.44,147.48,1.33,LOW,100
GICHSGFIN.NS,SELL,135.87,-5.88,-6.82,1.35,,,142.95,118.18,2.5,LOW,100
PRIMESECU.NS,HOLD,289.05,2.75,0.73,1.76,,,273.11,310.31,1.33,LOW,80
KARNIKA.NS,BUY,116.65,0.61,1.39,1.91,114.32,118.98,108.99,135.79,2.5,LOW,60
IFBAGRO.NS,SELL,859.6,-10.44,-4.4,1.42,,,920.14,708.24,2.5,LOW,100
BIRLAMONEY.NS,SELL,119.43,-9.68,-5.78,1.06,,,127.4,99.52,2.5,LOW,100
APS.NS,SELL,233.35,-11.28,-6.81,3.17,,,253.06,184.06,2.5,LOW,100
PVSL.NS,SELL,99.47,-5.61,-4.08,2.01,,,109.04,75.55,2.5,LOW,100
NCLIND.NS,HOLD,173.1,-2.27,0.77,1.34,,,165.96,182.62,1.33,LOW,80
BASILIC.NS,HOLD,187.45,-3.81,0.54,4.41,,,176.45,202.12,1.33,LOW,80
COOLCAPS.NS,BUY,24.9,13.7,25.44,2.73,24.4,25.4,22.04,32.04,2.5,LOW,100
ELIN.NS,SELL,87.41,-12.29,-12.7,2.36,,,95.91,66.15,2.5,LOW,100
SKMEGGPROD.NS,SELL,234.6,-13.81,-10.07,2.3,,,254.82,184.04,2.5,LOW,100
REMUS.NS,HOLD,884.8,7.68,-4.35,2.89,,,836.09,949.74,1.33,LOW,100
VAKRANGEE.NS,SELL,5.28,-10.05,-8.97,1.18,,,5.62,4.44,2.5,LOW,100
ZUARIIND.NS,SELL,258.6,-2.39,-4.47,2.54,,,277.65,210.98,2.5,LOW,100
SAURASHCEM.NS,SELL,52.5,-9.54,-5.47,1.84,,,56.15,43.38,2.5,LOW,100
EVERESTIND.NS,SELL,399.65,-13.28,-7.36,1.78,,,432.79,316.79,2.5,LOW,100
LIKHITHA.NS,HOLD,223.53,0.42,7.74,2.42,,,207.2,245.3,1.33,LOW,80
REGAAL.NS,SELL,80.09,-6.31,-8.6,1.66,,,87.47,61.64,2.5,LOW,100
UFBL.NS,SELL,711.7,-3.03,-2.19,3.34,,,795.61,501.91,2.5,LOW,100
TVSELECT.NS,SELL,405.35,-12.99,-5.37,1.31,,,433.16,335.81,2.5,LOW,100
ABCOTS.NS,HOLD,212.0,3.28,-1.27,2.7,,,197.32,231.57,1.33,LOW,80
MACPOWER.NS,BUY,1981.8,19.65,3.77,3.11,1942.16,2021.44,1777.6,2492.3,2.5,LOW,100
BESTAGRO.NS,BUY,18.49,4.45,7.75,3.54,18.12,18.86,16.48,23.5,2.5,LOW,100
TEMBO.NS,HOLD,56.36,-1.8,0.59,1.95,,,53.23,60.53,1.33,LOW,80
VALIANTORG.NS,BUY,408.45,36.43,40.53,3.25,400.28,416.62,370.31,503.81,2.5,LOW,100
KABRAEXTRU.NS,BUY,640.0,28.36,13.31,4.6,627.2,652.8,557.98,845.05,2.5,LOW,100
ARROWGREEN.NS,BUY,905.05,23.38,23.98,3.09,886.95,923.15,831.92,1087.88,2.5,LOW,100
DISHTV.NS,SELL,2.63,-5.68,-4.01,2.31,,,2.82,2.16,2.5,LOW,100
CCCL.NS,SELL,13.77,-10.54,-5.3,1.08,,,14.62,11.63,2.5,LOW,100
TVTODAY.NS,SELL,106.02,-7.44,-4.61,1.52,,,113.16,88.18,2.5,LOW,100
KOTHARIPET.NS,HOLD,132.39,-2.8,0.99,3.23,,,122.18,146.01,1.33,LOW,80
CHEMFAB.NS,SELL,352.0,-4.45,-1.87,2.59,,,392.28,251.3,2.5,LOW,80
SANDESH.NS,HOLD,1035.0,1.45,-2.3,1.39,,,980.92,1107.1,1.33,LOW,100
DHAMPURSUG.NS,SELL,151.1,-4.71,-14.66,2.84,,,166.23,113.26,2.5,LOW,100
ANUHPHR.NS,BUY,95.75,18.02,20.17,4.18,93.83,97.67,85.02,122.59,2.5,LOW,100
BLAL.NS,SELL,161.7,-6.04,-2.58,0.57,,,167.93,146.13,2.5,LOW,100
MAHASTEEL.NS,HOLD,1215.0,15.46,-11.51,3.07,,,1078.25,1397.33,1.33,LOW,100
SVLL.NS,HOLD,807.4,6.62,-1.0,1.28,,,770.36,856.79,1.33,LOW,80
VIVIANA.NS,BUY,739.15,0.83,1.59,3.23,724.37,753.93,661.32,933.72,2.5,LOW,60
SUYOG.NS,SELL,661.25,-17.42,-10.11,1.93,,,721.0,511.87,2.5,LOW,100
MUNJALAU.NS,SELL,104.63,-2.44,-9.38,2.02,,,113.33,82.87,2.5,LOW,100
AVADHSUGAR.NS,HOLD,726.95,10.64,-15.01,3.55,,,666.19,807.96,1.33,LOW,100
NGLFINE.NS,HOLD,2676.5,-12.97,1.02,3.4,,,2460.92,2963.94,1.33,LOW,80
SNOWMAN.NS,SELL,34.74,-6.81,-6.86,1.13,,,36.84,29.49,2.5,LOW,100
DHUNINV.NS,HOLD,975.3,1.81,-1.35,4.43,,,898.9,1077.16,1.33,LOW,80
JITFINFRA.NS,SELL,283.95,-13.92,-8.8,1.8,,,306.58,227.38,2.5,LOW,100
KRYSTAL.NS,BUY,681.75,9.73,3.24,3.16,668.12,695.38,626.47,819.96,2.5,LOW,100
ORICONENT.NS,SELL,51.79,-5.44,-5.2,2.05,,,56.41,40.24,2.5,LOW,100
STEL.NS,HOLD,621.3,7.59,-6.03,2.59,,,574.34,683.91,1.33,LOW,100
SGIL.NS,HOLD,592.25,0.31,-1.78,1.43,,,559.9,635.39,1.33,LOW,60
WANBURY.NS,SELL,227.6,-18.28,-10.43,2.5,,,245.89,181.89,2.5,LOW,100
CHEMCON.NS,BUY,215.0,12.1,7.87,2.23,210.7,219.3,198.12,257.2,2.5,LOW,100
VLSFINANCE.NS,HOLD,241.79,-4.22,-0.56,1.18,,,233.38,253.01,1.33,LOW,80
BHAGERIA.NS,BUY,318.85,38.6,27.19,3.86,312.47,325.23,282.33,410.15,2.5,LOW,100
ASAL.NS,SELL,449.55,-9.59,-7.56,1.28,,,477.95,378.55,2.5,LOW,100
ARFIN.NS,SELL,83.59,-3.54,-6.17,3.0,,,91.32,64.27,2.5,LOW,100
SARLAPOLY.NS,SELL,96.5,-3.84,-3.51,1.6,,,102.89,80.53,2.5,LOW,100
COFFEEDAY.NS,HOLD,30.44,-1.72,2.11,3.58,,,27.75,34.03,1.33,LOW,100
BIGBLOC.NS,SELL,39.98,-10.6,-3.31,1.57,,,42.99,32.44,2.5,LOW,100
GKSL.NS,BUY,177.75,22.46,9.42,1.81,174.19,181.31,162.78,215.16,2.5,LOW,100
OWAIS.NS,SELL,75.1,-14.58,-5.53,3.63,,,80.3,62.1,2.5,LOW,100
ZTECH.NS,SELL,425.25,-17.74,-11.42,1.98,,,468.04,318.27,2.5,LOW,100
AMBIKCO.NS,SELL,1569.5,-6.59,-4.28,0.96,,,1632.09,1413.04,2.5,LOW,100
UNITEDPOLY.NS,BUY,43.41,27.86,15.48,2.46,42.54,44.28,38.8,54.93,2.5,LOW,100
VHLTD.NS,BUY,129.0,3.65,11.41,2.59,126.42,131.58,120.48,150.3,2.5,LOW,100
ADVANCE.NS,SELL,111.76,-4.66,-3.84,1.96,,,120.9,88.92,2.5,LOW,100
INDOBORAX.NS,HOLD,473.05,5.45,-6.54,4.19,,,437.58,520.34,1.33,LOW,100
RATNAVEER.NS,BUY,313.2,33.75,9.45,4.24,306.94,319.46,276.57,404.77,2.5,LOW,100
SAKAR.NS,BUY,1129.65,21.95,16.97,4.47,1107.06,1152.24,993.89,1469.06,2.5,LOW,100
ELDEHSG.NS,SELL,769.0,-0.89,-2.05,1.35,,,819.5,642.75,2.5,LOW,80
NINSYS.NS,HOLD,707.55,-9.0,-0.9,0.77,,,678.03,746.91,1.33,LOW,80
MALLCOM.NS,SELL,950.0,-5.17,-2.46,2.61,,,1038.8,728.0,2.5,LOW,100
BODALCHEM.NS,BUY,182.13,92.65,25.22,6.43,178.49,185.77,153.58,253.5,2.5,LOW,100
MUKKA.NS,HOLD,28.06,9.12,-2.3,4.2,,,24.82,32.38,1.33,LOW,100
TECHLABS.NS,HOLD,124.75,-1.4,7.17,3.15,,,113.77,139.39,1.33,LOW,100
MUFTI.NS,SELL,71.33,-8.5,-2.11,1.44,,,76.12,59.34,2.5,LOW,100
KAMATHOTEL.NS,HOLD,215.62,11.16,-4.21,4.24,,,196.65,240.92,1.33,LOW,100
SATIA.NS,BUY,68.05,12.81,19.64,2.66,66.69,69.41,62.5,81.94,2.5,LOW,100
DWARKESH.NS,SELL,40.91,-8.72,-16.75,4.87,,,45.99,28.21,2.5,LOW,100
KECL.NS,SELL,119.25,-8.3,-8.45,2.21,,,131.31,89.11,2.5,LOW,100
NAHARSPING.NS,SELL,276.85,-3.62,-4.03,2.43,,,300.33,218.14,2.5,LOW,100
KAMDHENU.NS,BUY,39.3,11.82,7.44,1.94,38.51,40.09,35.44,48.96,2.5,LOW,100
RITCO.NS,HOLD,300.05,1.38,-2.41,2.71,,,281.56,324.71,1.33,LOW,100
APEX.NS,SELL,351.25,-8.38,-6.95,1.76,,,375.96,289.48,2.5,LOW,100
KOPRAN.NS,BUY,266.9,30.69,21.98,3.14,261.56,272.24,234.72,347.36,2.5,LOW,100
MAGADSUGAR.NS,SELL,499.3,-6.32,-16.08,3.28,,,553.64,363.44,2.5,LOW,100
ATL.NS,SELL,24.1,-0.7,-6.88,3.8,,,26.73,17.54,2.5,LOW,80
PATELRMART.NS,SELL,204.95,-7.65,-7.09,1.45,,,217.88,172.63,2.5,LOW,100
20MICRONS.NS,HOLD,206.96,1.78,-5.08,2.78,,,192.17,226.68,1.33,LOW,100
RUBYMILLS.NS,BUY,455.7,14.84,15.47,3.46,446.59,464.81,396.23,604.38,2.5,LOW,100
GHCLTEXTIL.NS,HOLD,123.55,1.65,-11.34,2.84,,,114.64,135.43,1.33,LOW,100
ESFL.NS,SELL,120.55,-0.51,-2.31,2.19,,,129.96,97.03,2.5,LOW,80
PROZONER.NS,BUY,52.67,18.8,17.25,2.83,51.62,53.72,47.3,66.08,2.5,LOW,100
STCINDIA.NS,SELL,111.31,-5.69,-4.28,1.48,,,116.92,97.27,2.5,LOW,100
TREL.NS,BUY,28.4,9.98,5.46,2.89,27.83,28.97,25.37,35.96,2.5,LOW,100
LINC.NS,SELL,92.0,-6.9,-1.25,1.54,,,98.48,75.81,2.5,LOW,80
MVKAGRO.NS,HOLD,284.85,-1.5,46.45,4.86,,,265.1,311.19,1.33,LOW,100
KSOLVES.NS,SELL,254.8,-8.09,-9.42,1.8,,,273.37,208.37,2.5,LOW,100
LAXMIINDIA.NS,SELL,123.5,-1.75,-2.79,2.5,,,137.42,88.71,2.5,LOW,100
GEECEE.NS,HOLD,370.0,3.71,0.56,1.84,,,351.1,395.2,1.33,LOW,80
RUSHIL.NS,SELL,14.18,-14.63,-12.41,2.4,,,15.52,10.84,2.5,LOW,100
NBIFIN.NS,HOLD,1958.0,-5.92,-0.15,1.08,,,1865.84,2080.89,1.33,LOW,80
HLVLTD.NS,HOLD,6.66,-3.47,5.71,2.34,,,6.29,7.15,1.33,LOW,100
THEINVEST.NS,HOLD,95.49,-1.73,1.24,1.4,,,89.99,102.83,1.33,LOW,80
PVP.NS,HOLD,57.66,35.4,-6.71,5.47,,,51.15,66.34,1.33,LOW,100
PPL.NS,BUY,270.5,1.95,4.38,2.02,265.09,275.91,251.54,317.89,2.5,LOW,100
RSWM.NS,BUY,212.5,1.7,2.69,2.63,208.25,216.75,194.81,256.74,2.5,LOW,100
DMCC.NS,SELL,260.6,-6.54,-9.14,2.89,,,285.61,198.06,2.5,LOW,100
SHIVALIK.NS,BUY,378.1,36.52,16.03,5.77,370.54,385.66,324.95,510.98,2.5,LOW,100
RKSWAMY.NS,HOLD,90.16,-7.76,-0.46,1.65,,,85.03,97.0,1.33,LOW,80
NAHARPOLY.NS,SELL,225.26,-9.7,-9.4,1.62,,,242.76,181.52,2.5,LOW,100
VENUSREM.NS,SELL,1549.0,-6.66,-6.89,2.43,,,1715.19,1133.54,2.5,LOW,100
SUBEXLTD.NS,BUY,20.43,33.23,14.26,4.3,20.02,20.84,17.92,26.71,2.5,LOW,100
SARVESHWAR.NS,BUY,3.75,7.16,11.61,5.12,3.67,3.83,3.35,4.75,2.5,LOW,100
REPRO.NS,SELL,297.0,-13.73,-2.97,2.41,,,323.38,231.05,2.5,LOW,100
ZEEMEDIA.NS,SELL,7.4,-8.96,-14.45,2.13,,,8.29,5.16,2.5,LOW,100
SEJALLTD.NS,HOLD,681.7,-2.76,1.32,3.09,,,638.08,739.86,1.33,LOW,80
GLOSTERLTD.NS,SELL,580.0,-8.69,-1.94,1.27,,,615.83,490.43,2.5,LOW,80
MINDTECK.NS,SELL,158.29,-14.09,-8.69,1.48,,,172.07,123.84,2.5,LOW,100
AHCL.NS,BUY,20.92,34.12,34.1,3.7,20.5,21.34,18.8,26.21,2.5,LOW,100
NRAIL.NS,BUY,628.8,24.87,26.8,5.09,616.22,641.38,555.52,812.0,2.5,LOW,100
HARDWYN.NS,HOLD,9.1,-17.84,0.66,3.29,,,8.58,9.79,1.33,LOW,80
DREAMFOLKS.NS,SELL,65.28,-3.56,-1.67,2.11,,,69.93,53.67,2.5,LOW,80
CELLECOR.NS,SELL,30.65,-8.34,-5.55,2.62,,,33.52,23.47,2.5,LOW,100
ONWARDTEC.NS,SELL,279.75,-2.27,-3.45,1.27,,,297.65,235.0,2.5,LOW,100
SHREERAMA.NS,BUY,44.09,4.77,6.06,3.38,43.21,44.97,38.48,58.13,2.5,LOW,100
ACL.NS,SELL,41.9,-9.87,-4.16,0.99,,,44.49,35.42,2.5,LOW,100
JAYAGROGN.NS,HOLD,231.8,3.67,-0.49,3.22,,,210.91,259.66,1.33,LOW,80
ACCENTMIC.NS,BUY,686.55,22.27,15.07,2.55,672.82,700.28,639.52,804.12,2.5,LOW,100
APTECHT.NS,SELL,87.4,-6.04,-4.39,1.05,,,93.48,72.19,2.5,LOW,100
MANBA.NS,HOLD,132.87,-0.32,2.76,1.14,,,127.76,139.68,1.33,LOW,80
MAANALU.NS,SELL,104.45,-11.93,-14.85,1.83,,,114.8,78.57,2.5,LOW,100
EMKAY.NS,SELL,245.0,-0.66,-4.74,2.43,,,267.85,187.89,2.5,LOW,80
URJA.NS,SELL,8.88,-4.73,-1.66,0.84,,,9.31,7.81,2.5,LOW,80
IRIS.NS,SELL,237.93,-4.14,-4.43,2.57,,,261.17,179.82,2.5,LOW,100
VISAKAIND.NS,HOLD,88.45,0.29,0.69,1.7,,,83.52,95.03,1.33,LOW,60
MODIS.NS,SELL,352.5,-7.94,-7.02,2.26,,,373.62,299.7,2.5,LOW,100
MMP.NS,BUY,463.85,34.55,18.49,5.02,454.57,473.13,405.82,608.92,2.5,LOW,100
HINDCOMPOS.NS,SELL,380.0,-9.04,-6.75,0.9,,,405.61,315.96,2.5,LOW,100
PARSVNATH.NS,BUY,1.81,2.26,23.13,1.59,1.77,1.85,1.75,1.96,2.5,LOW,100
ENIL.NS,HOLD,101.14,-2.98,-0.81,1.77,,,95.4,108.8,1.33,LOW,80
PAKKA.NS,BUY,77.47,2.45,1.03,3.04,75.92,79.02,70.65,94.51,2.5,LOW,80
GFLLIMITED.NS,BUY,55.05,8.14,1.62,4.02,53.95,56.15,48.75,70.81,2.5,LOW,80
MENONBE.NS,BUY,297.0,22.94,3.48,4.03,291.06,302.94,258.35,393.63,2.5,LOW,100
CSLFINANCE.NS,HOLD,216.19,0.72,-4.8,2.22,,,203.19,233.52,1.33,LOW,80
GCSL.NS,BUY,600.6,12.93,6.7,2.49,588.59,612.61,566.14,686.74,2.5,LOW,100
CHEVIOT.NS,BUY,1165.2,1.92,2.72,1.88,1141.9,1188.5,1098.43,1332.13,2.5,LOW,100
SCHAND.NS,SELL,134.6,-5.09,-2.29,1.58,,,143.09,113.39,2.5,LOW,100
KILITCH.NS,BUY,186.25,3.14,6.65,2.48,182.53,189.97,171.19,223.89,2.5,LOW,100
KRITI.NS,HOLD,61.94,-6.22,2.58,1.55,,,57.4,67.99,1.33,LOW,100
DBEIL.NS,BUY,7.31,1.94,16.59,4.66,7.16,7.46,6.35,9.71,2.5,LOW,100
INDSWFTLAB.NS,BUY,379.35,28.41,3.41,4.23,371.76,386.94,335.18,489.76,2.5,LOW,100
VERTOZ.NS,HOLD,37.14,0.03,-2.8,2.44,,,33.87,41.49,1.33,LOW,80
FOODSIN.NS,SELL,53.99,-3.15,-1.78,2.29,,,59.36,40.57,2.5,LOW,80
SICALLOG.NS,SELL,93.0,-8.88,-5.84,3.36,,,104.17,65.07,2.5,LOW,100
MWL.NS,BUY,40.12,3.22,5.8,2.11,39.32,40.92,34.75,53.56,2.5,LOW,100
ASIANHOTNR.NS,BUY,387.25,19.53,5.69,4.04,379.5,395.0,333.94,520.54,2.5,LOW,100
GANESHBE.NS,BUY,124.8,8.03,8.33,3.27,122.3,127.3,110.12,161.5,2.5,LOW,100
IGCL.NS,SELL,65.7,-9.32,-8.72,1.75,,,70.62,53.39,2.5,LOW,100
BORANA.NS,SELL,304.4,-4.12,-1.54,2.26,,,331.54,236.54,2.5,LOW,80
TIRUPATI.NS,SELL,308.0,-18.32,-5.23,1.94,,,318.71,281.21,2.5,LOW,100
SHALPAINTS.NS,HOLD,81.0,8.96,0.2,3.1,,,75.33,88.56,1.33,LOW,80
SBGLP.NS,BUY,25.78,5.1,7.28,5.6,25.26,26.3,21.25,37.11,2.5,LOW,100
TOLINS.NS,SELL,87.6,-10.59,-4.72,0.96,,,92.45,75.48,2.5,LOW,100
ONMOBILE.NS,HOLD,51.55,-14.29,2.06,2.17,,,49.44,54.36,1.33,LOW,100
GLOTTIS.NS,SELL,58.0,-10.83,-7.95,1.78,,,62.14,47.66,2.5,LOW,100
IRISDOREME.NS,HOLD,58.93,9.79,0.77,2.48,,,55.39,63.65,1.33,LOW,80
NILASPACES.NS,BUY,12.91,4.5,3.2,2.29,12.65,13.17,11.67,16.02,2.5,LOW,100
GIRIRAJ.NS,BUY,88.7,1.93,1.66,4.64,86.93,90.47,78.52,114.15,2.5,LOW,80
SILINV.NS,HOLD,447.85,1.42,-8.37,2.46,,,415.77,490.63,1.33,LOW,100
SPECIALITY.NS,SELL,136.0,-0.56,-2.25,2.8,,,148.83,103.93,2.5,LOW,80
GPECO.NS,SELL,398.8,-3.12,-1.29,3.0,,,434.74,308.96,2.5,LOW,80
OCCLLTD.NS,HOLD,154.65,1.07,-5.33,1.89,,,145.73,166.54,1.33,LOW,100
MOS.NS,SELL,5.7,-47.65,-40.63,4.04,,,6.63,3.38,2.5,LOW,100
SUTLEJTEX.NS,HOLD,39.15,1.57,-2.3,1.74,,,36.3,42.95,1.33,LOW,100
RPPINFRA.NS,SELL,54.26,-9.13,-2.45,4.71,,,60.78,37.96,2.5,LOW,100
PYRAMID.NS,SELL,154.09,-6.74,-2.45,1.25,,,163.87,129.63,2.5,LOW,100
PRIMO.NS,HOLD,21.49,-5.61,1.08,3.36,,,19.61,23.99,1.33,LOW,80
FOCUS.NS,SELL,60.4,-13.78,-8.12,1.57,,,65.3,48.15,2.5,LOW,100
SJLOGISTIC.NS,SELL,312.9,-3.48,-4.66,2.2,,,333.49,261.42,2.5,LOW,100
TARACHAND.NS,SELL,47.14,-8.49,-1.55,1.11,,,50.18,39.55,2.5,LOW,80
CONSOFINVT.NS,BUY,302.5,8.16,14.99,3.12,296.45,308.55,277.25,365.62,2.5,LOW,100
KRONOX.NS,HOLD,176.75,6.77,-2.17,6.81,,,160.86,197.94,1.33,LOW,100
RADIANTCMS.NS,BUY,37.12,4.23,1.02,3.39,36.38,37.86,33.28,46.72,2.5,LOW,80
BAHETI.NS,HOLD,780.75,1.68,-7.82,1.75,,,736.37,839.93,1.33,LOW,100
HMVL.NS,SELL,76.9,-14.95,-12.64,1.71,,,83.77,59.72,2.5,LOW,100
KAYA.NS,HOLD,324.8,8.12,-0.72,4.05,,,299.11,359.06,1.33,LOW,80
ESSARSHPNG.NS,SELL,15.92,-15.12,-3.98,2.43,,,17.34,12.36,2.5,LOW,100
INTLCONV.NS,HOLD,76.59,-0.44,-3.67,1.83,,,72.29,82.32,1.33,LOW,80
EMAMIPAP.NS,BUY,112.3,4.96,2.3,2.24,110.05,114.55,101.8,138.54,2.5,LOW,100
ZODIAC.NS,SELL,224.0,-9.75,-6.47,1.33,,,240.99,181.51,2.5,LOW,100
EIFFL.NS,SELL,264.75,-9.78,-10.54,2.68,,,281.94,221.79,2.5,LOW,100
DIGISPICE.NS,SELL,16.55,-7.0,-2.59,1.48,,,18.02,12.87,2.5,LOW,100
SURAJLTD.NS,SELL,195.75,-9.48,-3.13,2.26,,,212.33,154.31,2.5,LOW,100
MBLINFRA.NS,SELL,21.96,-10.01,-3.85,2.36,,,24.71,15.1,2.5,LOW,100
COMSYN.NS,HOLD,294.0,19.13,-3.4,2.0,,,270.36,325.52,1.33,LOW,100
PRECOT.NS,SELL,651.15,-13.83,-7.58,2.48,,,710.68,502.33,2.5,LOW,100
VINSYS.NS,HOLD,590.0,6.03,-2.32,0.95,,,578.02,605.98,1.33,LOW,100
TPLPLASTEH.NS,SELL,65.39,-12.78,-6.17,2.5,,,71.23,50.78,2.5,LOW,100
ALLETEC.NS,HOLD,127.75,-4.39,4.07,3.35,,,117.01,142.06,1.33,LOW,100
RBZJEWEL.NS,HOLD,167.0,8.55,-12.88,6.05,,,144.64,196.81,1.33,LOW,100
HILINFRA.NS,HOLD,43.89,-2.26,-0.68,1.81,,,41.15,47.55,1.33,LOW,80
RAMAPHO.NS,SELL,116.78,-5.82,-5.33,1.54,,,124.05,98.61,2.5,LOW,100
ORIENTPPR.NS,BUY,17.53,0.56,5.29,3.25,17.18,17.88,15.96,21.44,2.5,LOW,80
GVKPIL.NS,BUY,2.37,1.59,13.94,1.8,2.32,2.42,2.26,2.65,2.5,LOW,100
LIBERTSHOE.NS,SELL,220.79,-12.19,-8.78,1.64,,,234.94,185.42,2.5,LOW,100
KNAGRI.NS,SELL,196.0,-5.74,-9.85,1.76,,,211.91,156.22,2.5,LOW,100
ANNAPURNA.NS,SELL,138.0,-1.83,-7.07,1.98,,,150.62,106.44,2.5,LOW,100
BELLACASA.NS,BUY,256.5,6.16,3.19,2.9,251.37,261.63,230.83,320.68,2.5,LOW,100
BMWVENTLTD.NS,SELL,51.45,-9.45,-6.68,1.27,,,55.21,42.04,2.5,LOW,100
PARIN.NS,HOLD,710.7,-0.4,-1.29,1.47,,,667.33,768.53,1.33,LOW,60
KAPSTON.NS,HOLD,586.0,15.95,-0.14,3.45,,,546.24,639.01,1.33,LOW,80
ADVANIHOTR.NS,SELL,47.7,-5.43,-3.01,0.94,,,50.02,41.9,2.5,LOW,100
DBOL.NS,SELL,114.04,-1.26,-10.37,2.73,,,125.02,86.59,2.5,LOW,100
TRACXN.NS,BUY,30.87,3.28,2.8,3.18,30.25,31.49,28.72,36.23,2.5,LOW,100
MUNJALSHOW.NS,SELL,125.65,-4.67,-2.52,0.78,,,131.19,111.8,2.5,LOW,100
SREEL.NS,BUY,287.3,18.79,15.94,6.52,281.55,293.05,241.25,402.42,2.5,LOW,100
ORBTEXP.NS,SELL,223.0,-6.05,-5.93,2.07,,,241.53,176.67,2.5,LOW,100
MAZDA.NS,BUY,262.85,11.69,5.93,2.03,257.59,268.11,237.46,326.31,2.5,LOW,100
GUJAPOLLO.NS,SELL,332.9,-5.22,-2.33,2.39,,,362.84,258.04,2.5,LOW,100
TRANSWORLD.NS,HOLD,163.9,-0.45,-5.37,2.75,,,158.67,170.87,1.33,LOW,80
PTL.NS,HOLD,38.2,-2.11,-0.65,0.66,,,37.17,39.58,1.33,LOW,80
DPEL.NS,BUY,629.0,9.22,8.97,1.54,616.42,641.58,600.96,699.09,2.5,LOW,100
EFFWA.NS,HOLD,357.05,-1.04,11.58,3.32,,,326.82,397.35,1.33,LOW,100
MEGATHERM.NS,BUY,265.25,22.9,23.63,4.51,259.94,270.56,233.44,344.77,2.5,LOW,100
AVONMORE.NS,HOLD,12.34,4.46,-7.5,3.52,,,11.13,13.95,1.33,LOW,100
WSI.NS,SELL,56.9,-6.74,-7.43,2.17,,,62.87,41.97,2.5,LOW,100
SUPREMEPWR.NS,SELL,209.4,-2.59,-6.18,5.22,,,228.87,160.72,2.5,LOW,100
SUKHJITS.NS,HOLD,160.79,-0.67,1.29,1.12,,,154.58,169.06,1.33,LOW,60
MGEL.NS,BUY,15.53,0.52,10.06,2.41,15.22,15.84,13.66,20.2,2.5,LOW,80
CGRAPHICS.NS,SELL,138.35,-2.37,-4.32,3.18,,,150.67,107.55,2.5,LOW,100
DONEAR.NS,HOLD,82.9,-2.8,-0.67,2.47,,,78.5,88.77,1.33,LOW,80
TERASOFT.NS,SELL,230.8,-33.55,-18.49,2.15,,,263.48,149.1,2.5,LOW,100
MODISONLTD.NS,HOLD,451.75,26.18,-9.55,4.88,,,399.95,520.82,1.33,LOW,100
VINYLINDIA.NS,SELL,216.73,-9.6,-6.85,1.27,,,229.96,183.65,2.5,LOW,100
DICIND.NS,BUY,627.9,14.11,8.86,2.77,615.34,640.46,564.93,785.33,2.5,LOW,100
CPEDU.NS,SELL,176.95,-9.59,-3.45,2.83,,,194.95,131.94,2.5,LOW,100
EUROBOND.NS,HOLD,149.0,-6.12,-0.85,1.58,,,138.0,163.67,1.33,LOW,80
MIRZAINT.NS,SELL,29.52,-11.52,-4.28,1.43,,,31.69,24.09,2.5,LOW,100
ATMASTCO.NS,SELL,126.05,-14.86,-13.61,2.41,,,138.62,94.62,2.5,LOW,100
CLEDUCATE.NS,SELL,56.49,-4.67,-9.02,2.25,,,62.92,40.41,2.5,LOW,100
PAVNAIND.NS,SELL,15.4,-11.17,-8.71,2.55,,,18.16,8.5,2.5,LOW,100
SOFTTECH.NS,BUY,494.0,16.44,18.86,2.13,484.12,503.88,461.8,574.5,2.5,LOW,100
NAHARINDUS.NS,HOLD,129.4,4.28,-5.17,4.74,,,120.9,140.74,1.33,LOW,100
CYBERTECH.NS,BUY,140.99,2.07,5.73,1.41,138.17,143.81,133.41,159.94,2.5,LOW,100
MEDICAMEQ.NS,BUY,354.5,39.3,33.65,4.17,347.41,361.59,304.26,480.11,2.5,LOW,100
PANACHE.NS,HOLD,521.0,8.43,-1.7,1.59,,,503.73,544.03,1.33,LOW,80
HCL-INSYS.NS,SELL,10.03,-9.82,-2.81,1.01,,,10.8,8.09,2.5,LOW,100
MODINATUR.NS,HOLD,341.9,-10.11,0.91,2.9,,,316.62,375.61,1.33,LOW,80
ABSMARINE.NS,BUY,303.5,21.2,11.46,4.04,297.43,309.57,260.34,411.39,2.5,LOW,100
KOTHARIPRO.NS,SELL,63.65,-6.05,-6.66,0.94,,,68.51,51.5,2.5,LOW,100
HTMEDIA.NS,SELL,23.4,-10.05,-11.2,2.42,,,25.83,17.34,2.5,LOW,100
VRAJ.NS,SELL,122.45,-2.07,-1.95,1.47,,,130.65,101.96,2.5,LOW,80
UGARSUGAR.NS,HOLD,53.93,13.02,-7.91,4.63,,,48.41,61.29,1.33,LOW,100
XTGLOBAL.NS,SELL,29.15,-3.37,-5.17,2.96,,,33.52,18.21,2.5,LOW,100
SINCLAIR.NS,HOLD,78.6,2.95,-4.29,1.92,,,73.51,85.38,1.33,LOW,100
DAVANGERE.NS,HOLD,2.09,-27.39,0.48,6.63,,,1.8,2.47,1.33,LOW,80
HIGREEN.NS,SELL,121.5,-8.95,-4.33,2.23,,,129.38,101.8,2.5,LOW,100
MOLDTECH.NS,HOLD,193.86,15.88,-0.14,3.1,,,175.63,218.17,1.33,LOW,80
PREMIERPOL.NS,HOLD,83.43,5.12,-7.75,3.04,,,75.78,93.63,1.33,LOW,100
ARIES.NS,HOLD,474.3,18.7,-0.03,3.99,,,426.71,537.75,1.33,LOW,80
NDL.NS,HOLD,2.84,10.87,0.35,5.82,,,2.6,3.16,1.33,LOW,80
SIGMA.NS,HOLD,45.78,4.75,-4.25,1.91,,,42.43,50.25,1.33,LOW,100
SAHAJSOLAR.NS,SELL,94.05,-14.82,-5.9,2.02,,,101.59,75.19,2.5,LOW,100
NAHARCAP.NS,HOLD,251.0,-1.05,-0.58,1.07,,,239.8,265.93,1.33,LOW,80
SPENCERS.NS,SELL,28.0,-12.23,-5.91,1.29,,,30.57,21.57,2.5,LOW,100
POLYSIL.NS,HOLD,81.15,-7.66,39.91,4.71,,,75.39,88.84,1.33,LOW,100
ORIENTCER.NS,BUY,45.59,6.68,4.95,3.14,44.68,46.5,41.13,56.73,2.5,LOW,100
PLASTIBLEN.NS,HOLD,187.0,-1.71,-0.71,1.75,,,176.29,201.28,1.33,LOW,80
BIRLACABLE.NS,BUY,401.65,54.83,29.62,4.39,393.62,409.68,358.04,510.67,2.5,LOW,100
LORDSCHLO.NS,SELL,133.74,-4.58,-1.63,2.66,,,145.81,103.56,2.5,LOW,80
AMANTA.NS,BUY,193.72,9.04,1.96,2.79,189.85,197.59,185.78,213.58,2.5,LOW,80
GSLSU.NS,HOLD,28.3,-5.16,9.99,4.24,,,25.59,31.92,1.33,LOW,100
THOMASCOTT.NS,SELL,233.85,-20.55,-10.68,1.73,,,258.46,172.33,2.5,LOW,100
KANPRPLA.NS,HOLD,260.5,12.31,-0.65,3.75,,,238.37,290.0,1.33,LOW,80
NRL.NS,BUY,136.26,18.61,11.23,1.74,133.53,138.99,127.51,158.14,2.5,LOW,100
MCLEODRUSS.NS,SELL,42.73,-13.69,-9.16,2.06,,,46.44,33.46,2.5,LOW,100
MUTHOOTCAP.NS,HOLD,235.98,-0.34,-3.53,1.93,,,220.25,256.96,1.33,LOW,80
PANSARI.NS,SELL,291.7,-10.82,-3.68,2.34,,,324.16,210.54,2.5,LOW,100
MONEYBOXX.NS,SELL,51.9,-9.19,-8.96,7.86,,,62.1,26.39,2.5,LOW,100
SOUTHWEST.NS,SELL,200.33,-10.25,-2.24,3.31,,,220.96,148.75,2.5,LOW,100
ALBERTDAVD.NS,HOLD,849.0,9.39,-5.45,1.68,,,808.98,902.36,1.33,LOW,100
SRD.NS,HOLD,39.32,0.86,-0.63,1.81,,,37.29,42.02,1.33,LOW,60
SRGHFL.NS,SELL,121.0,-55.46,-53.34,6.87,,,151.76,44.11,2.5,LOW,100
RAMANEWS.NS,BUY,31.9,3.08,1.85,2.67,31.26,32.54,28.43,40.57,2.5,LOW,80
KRITINUT.NS,SELL,80.1,-1.92,-8.1,2.37,,,88.18,59.89,2.5,LOW,100
CHEMBONDCH.NS,HOLD,270.15,6.39,0.95,2.91,,,247.54,300.3,1.33,LOW,80
TIRUPATIFL.NS,SELL,65.7,-5.7,-4.77,2.29,,,72.34,49.09,2.5,LOW,100
PCCL.NS,BUY,435.75,34.9,8.4,2.36,427.03,444.47,390.69,548.41,2.5,LOW,100
RBMINFRA.NS,BUY,285.95,8.79,21.63,6.76,280.23,291.67,245.37,387.4,2.5,LOW,100
VALIANTLAB.NS,BUY,122.75,48.39,34.07,3.93,120.3,125.2,109.07,156.95,2.5,LOW,100
EMAMIREAL.NS,SELL,67.61,-9.19,-2.65,2.44,,,73.39,53.15,2.5,LOW,100
MANAKSIA.NS,BUY,65.41,11.04,11.37,3.16,64.1,66.72,58.37,83.0,2.5,LOW,100
NOVAAGRI.NS,SELL,22.6,-4.5,-6.69,1.99,,,24.77,17.17,2.5,LOW,100
SWARAJ.NS,SELL,287.4,-19.47,-20.94,2.7,,,315.13,218.08,2.5,LOW,100
MANORG.NS,SELL,450.0,-9.3,-13.38,2.71,,,499.62,325.95,2.5,LOW,100
REMSONSIND.NS,HOLD,94.27,9.58,-3.25,4.06,,,85.51,105.95,1.33,LOW,100
TIGERLOGS.NS,SELL,26.91,-8.04,-4.4,2.41,,,29.48,20.48,2.5,LOW,100
GLOBECIVIL.NS,HOLD,43.14,0.85,-6.64,2.94,,,39.47,48.03,1.33,LOW,80
KHADIM.NS,BUY,123.38,19.62,6.22,2.3,120.91,125.85,115.41,143.3,2.5,LOW,100
PASUPTAC.NS,BUY,70.82,14.44,12.9,1.59,69.4,72.24,65.73,83.55,2.5,LOW,100
ASHIMASYN.NS,SELL,16.45,-4.5,-11.18,2.24,,,18.48,11.37,2.5,LOW,100
BANSWRAS.NS,SELL,109.34,-9.8,-5.55,1.95,,,118.48,86.49,2.5,LOW,100
FILATFASH.NS,BUY,0.19,4.51,5.56,1.24,0.19,0.19,0.17,0.25,2.5,LOW,100
S&SPOWER.NS,SELL,321.4,-2.49,-5.91,4.74,,,364.04,214.79,2.5,LOW,100
HPAL.NS,HOLD,34.86,1.13,0.86,1.86,,,32.3,38.27,1.33,LOW,80
RUBFILA.NS,SELL,65.67,-6.77,-4.1,2.95,,,72.22,49.31,2.5,LOW,100
GENUSPAPER.NS,SELL,11.47,-3.74,-5.36,3.1,,,12.89,7.93,2.5,LOW,100
DENORA.NS,SELL,782.05,-7.82,-4.86,1.46,,,839.82,637.61,2.5,LOW,100
ORIENTBELL.NS,HOLD,389.95,11.35,-0.13,2.55,,,361.78,427.51,1.33,LOW,80
RHL.NS,HOLD,168.25,-1.42,1.69,2.06,,,158.46,181.3,1.33,LOW,80
TICL.NS,SELL,6.1,-36.12,-29.48,3.02,,,7.04,3.76,2.5,LOW,100
SPCENET.NS,HOLD,3.21,-8.72,3.55,3.07,,,2.95,3.55,1.33,LOW,100
JKIPL.NS,SELL,95.5,-3.52,-11.9,2.69,,,104.64,72.66,2.5,LOW,100
BEDMUTHA.NS,HOLD,104.42,-4.45,-0.79,2.13,,,97.87,113.16,1.33,LOW,80
INFOLLION.NS,HOLD,156.65,-3.16,0.42,1.87,,,149.11,166.7,1.33,LOW,80
WELINV.NS,HOLD,2230.5,12.58,0.74,2.75,,,2118.09,2380.39,1.33,LOW,80
NILAINFRA.NS,SELL,6.58,-7.56,-2.37,0.94,,,7.16,5.13,2.5,LOW,100
UNIDT.NS,BUY,228.37,1.56,6.26,2.78,223.8,232.94,203.27,291.12,2.5,LOW,100
VISHNUINFR.NS,SELL,149.6,-5.03,-3.42,3.44,,,161.61,119.56,2.5,LOW,100
AVPINFRA.NS,HOLD,58.4,-5.39,0.0,2.53,,,55.07,62.84,1.33,LOW,80
DEVX.NS,HOLD,33.75,-0.95,5.04,2.5,,,31.25,37.08,1.33,LOW,80
AARON.NS,SELL,124.87,-3.92,-2.13,2.92,,,139.34,88.69,2.5,LOW,100
GICL.NS,BUY,24.8,20.37,4.03,1.08,24.3,25.3,22.41,30.79,2.5,LOW,100
GOKUL.NS,SELL,39.79,-2.23,-4.47,2.38,,,43.9,29.52,2.5,LOW,100
GOACARBON.NS,BUY,389.4,2.65,6.45,5.31,381.61,397.19,341.74,508.54,2.5,LOW,100
RUCHIRA.NS,BUY,108.65,2.46,5.52,1.78,106.48,110.82,101.36,126.88,2.5,LOW,100
SHIVAUM.NS,BUY,468.0,7.76,4.93,0.88,458.64,477.36,429.96,563.11,2.5,LOW,100
PHANTOMFX.NS,SELL,93.9,-37.59,-22.2,5.52,,,107.48,59.95,2.5,LOW,100
MANAKSTEEL.NS,BUY,107.79,25.09,8.31,3.35,105.63,109.95,95.5,138.53,2.5,LOW,100
AARTISURF.NS,HOLD,510.45,4.57,-1.95,2.62,,,470.44,563.79,1.33,LOW,80
SAKUMA.NS,SELL,1.55,-5.63,-4.32,3.61,,,1.71,1.15,2.5,LOW,100
ASMS.NS,SELL,6.9,-2.48,-1.85,1.36,,,7.46,5.5,2.5,LOW,80
VIKASLIFE.NS,SELL,1.23,-4.47,-5.38,2.47,,,1.34,0.96,2.5,LOW,100
BBTCL.NS,BUY,235.5,4.31,6.07,2.71,230.79,240.21,215.38,285.8,2.5,LOW,100
MAHEPC.NS,HOLD,102.46,-5.33,0.32,0.95,,,98.24,108.08,1.33,LOW,80
GOLDKART.NS,HOLD,107.1,-2.4,16.41,3.11,,,104.59,110.44,1.33,LOW,100
DYNPRO.NS,HOLD,232.96,-1.87,3.05,1.66,,,218.28,252.54,1.33,LOW,100
IL&FSENGG.NS,BUY,39.8,17.47,11.92,2.53,39.0,40.6,36.6,47.8,2.5,LOW,100
INFINIUM.NS,HOLD,272.5,18.94,0.48,4.53,,,248.27,304.81,1.33,LOW,80
FCSSOFT.NS,SELL,1.41,-5.27,-4.73,2.08,,,1.51,1.15,2.5,LOW,100
ZIMLAB.NS,BUY,138.16,15.13,12.61,3.95,135.4,140.92,121.02,181.0,2.5,LOW,100
APCL.NS,SELL,99.0,-3.48,-1.87,1.03,,,104.89,84.27,2.5,LOW,80
SUMIT.NS,SELL,48.89,-4.62,-2.49,2.2,,,54.83,34.05,2.5,LOW,100
SHREEKARNI.NS,SELL,365.05,-6.48,-8.2,3.91,,,396.54,286.32,2.5,LOW,100
ROSSELLIND.NS,SELL,55.72,-2.91,-4.69,3.09,,,62.61,38.5,2.5,LOW,100
BCONCEPTS.NS,SELL,151.01,-14.6,-8.3,1.99,,,170.22,102.99,2.5,LOW,100
VARDMNPOLY.NS,SELL,5.87,-4.89,-1.68,0.81,,,6.3,4.79,2.5,LOW,80
INM.NS,HOLD,164.95,-1.02,5.74,2.33,,,160.02,171.53,1.33,LOW,100
SYSTANGO.NS,HOLD,226.1,2.99,-3.33,2.71,,,210.08,247.46,1.33,LOW,100
OILCOUNTUB.NS,HOLD,64.26,8.87,0.36,2.4,,,60.84,68.82,1.33,LOW,80
VGL.NS,BUY,65.82,8.99,15.23,4.7,64.5,67.14,57.25,87.25,2.5,LOW,100
3IINFOLTD.NS,BUY,25.52,12.21,13.78,2.88,25.01,26.03,23.72,30.03,2.5,LOW,100
IITL.NS,HOLD,146.5,3.13,-7.1,2.29,,,133.3,164.1,1.33,LOW,100
DCI.NS,SELL,288.45,-10.84,-21.95,5.54,,,348.98,137.12,2.5,LOW,100
INSPIRISYS.NS,SELL,85.55,-10.25,-3.92,2.95,,,96.34,58.56,2.5,LOW,100
WTICAB.NS,SELL,101.95,-10.03,-4.85,2.58,,,111.42,78.27,2.5,LOW,100
SHIVAMAUTO.NS,SELL,16.25,-6.52,-7.83,2.79,,,18.41,10.84,2.5,LOW,100
GINNIFILA.NS,SELL,41.73,-9.56,-5.14,1.48,,,44.95,33.68,2.5,LOW,100
PROV.NS,SELL,1670.0,-4.46,-11.22,2.26,,,1758.43,1448.93,2.5,LOW,100
MEDICO.NS,SELL,35.04,-16.12,-17.26,3.33,,,40.15,22.26,2.5,LOW,100
BALAJEE.NS,SELL,24.67,-8.76,-5.33,1.0,,,26.58,19.9,2.5,LOW,100
RCOM.NS,BUY,0.96,13.58,18.52,3.78,0.94,0.98,0.89,1.14,2.5,LOW,100
BROOKS.NS,SELL,61.1,-4.84,-8.18,2.88,,,69.27,40.68,2.5,LOW,100
NDGL.NS,SELL,2690.0,-2.64,-2.56,1.96,,,2943.86,2055.36,2.5,LOW,100
LOKESHMACH.NS,HOLD,345.85,2.82,0.17,3.71,,,311.56,391.57,1.33,LOW,80
NECLIFE.NS,HOLD,11.08,-0.36,-8.66,3.51,,,10.24,12.2,1.33,LOW,80
EXXARO.NS,SELL,6.22,-2.17,-12.76,5.17,,,7.13,3.95,2.5,LOW,100
BPL.NS,SELL,46.26,-10.91,-7.07,1.53,,,49.84,37.32,2.5,LOW,100
TRF.NS,SELL,215.85,-6.75,-3.72,1.53,,,229.36,182.07,2.5,LOW,100
HALEOSLABS.NS,HOLD,1503.0,-0.41,2.61,1.43,,,1420.63,1612.83,1.33,LOW,80
HARRMALAYA.NS,SELL,183.06,-11.15,-7.03,1.67,,,196.45,149.58,2.5,LOW,100
MANCREDIT.NS,SELL,218.25,-5.01,-3.86,2.71,,,238.32,168.08,2.5,LOW,100
ASAHISONG.NS,HOLD,365.1,6.6,-3.6,2.37,,,343.35,394.1,1.33,LOW,100
GLOBAL.NS,BUY,133.02,22.43,13.39,2.5,130.36,135.68,120.51,164.29,2.5,LOW,100
URAVIDEF.NS,SELL,110.0,-2.5,-2.92,2.72,,,118.5,88.74,2.5,LOW,100
RACE.NS,SELL,97.05,-7.55,-3.91,1.45,,,105.37,76.25,2.5,LOW,100
EFACTOR.NS,SELL,158.8,-9.92,-18.37,2.18,,,179.46,107.15,2.5,LOW,100
KANORICHEM.NS,BUY,181.95,19.11,16.5,2.21,178.31,185.59,165.73,222.51,2.5,LOW,100
MARKOLINES.NS,HOLD,173.03,-0.17,-0.53,1.96,,,164.1,184.94,1.33,LOW,60
ALANKIT.NS,SELL,7.73,-3.56,-4.45,1.14,,,8.46,5.91,2.5,LOW,100
GEEKAYWIRE.NS,BUY,30.9,25.92,10.91,3.84,30.28,31.52,26.32,42.35,2.5,LOW,100
SKP.NS,BUY,165.55,5.29,12.5,3.34,162.24,168.86,151.89,199.71,2.5,LOW,100
CMNL.NS,HOLD,112.2,5.62,-6.5,2.61,,,104.33,122.69,1.33,LOW,100
VLEGOV.NS,SELL,10.28,-3.12,-1.06,3.07,,,11.54,7.13,2.5,LOW,80
DPWIRES.NS,SELL,145.0,-11.58,-8.05,1.4,,,155.37,119.07,2.5,LOW,100
MASON.NS,SELL,110.0,-8.21,-6.5,1.74,,,117.72,90.7,2.5,LOW,100
VIKASECO.NS,SELL,1.04,-6.37,-7.14,1.71,,,1.1,0.88,2.5,LOW,100
BHAGYANGR.NS,BUY,446.5,14.66,17.5,3.63,437.57,455.43,410.41,536.73,2.5,LOW,100
KCPSUGIND.NS,SELL,29.24,-0.68,-9.33,2.2,,,32.51,21.07,2.5,LOW,80
MAWANASUG.NS,SELL,124.5,-0.63,-14.88,3.25,,,137.97,90.82,2.5,LOW,80
APOLSINHOT.NS,HOLD,1234.0,1.38,0.11,1.43,,,1174.98,1312.7,1.33,LOW,80
BYKE.NS,SELL,30.05,-7.68,-6.88,1.89,,,32.85,23.05,2.5,LOW,100
SSDL.NS,BUY,60.2,6.22,7.06,5.09,59.0,61.4,53.3,77.46,2.5,LOW,100
VARDHACRLC.NS,HOLD,43.6,1.29,0.44,1.4,,,41.63,46.23,1.33,LOW,80
SHRADHA.NS,HOLD,31.9,-3.45,0.19,2.06,,,29.3,35.37,1.33,LOW,80
MANOMAY.NS,HOLD,223.7,6.54,0.27,1.81,,,210.72,241.0,1.33,LOW,80
LYKALABS.NS,BUY,81.71,15.68,8.43,1.76,80.08,83.34,77.84,91.38,2.5,LOW,100
AVG.NS,SELL,166.5,-14.25,-4.99,2.42,,,180.66,131.09,2.5,LOW,100
AFFORDABLE.NS,HOLD,162.47,-7.8,3.44,1.91,,,151.51,177.08,1.33,LOW,100
NIPPOBATRY.NS,SELL,319.05,-2.94,-2.39,1.04,,,337.48,272.98,2.5,LOW,100
ATLANTAA.NS,SELL,35.96,-6.2,-7.08,2.15,,,39.45,27.24,2.5,LOW,100
FROG.NS,BUY,265.0,24.22,11.34,2.01,259.7,270.3,231.32,349.2,2.5,LOW,100
ALMONDZ.NS,HOLD,17.64,17.77,0.86,4.82,,,15.7,20.23,1.33,LOW,80
SINTERCOM.NS,SELL,74.81,-7.23,-5.08,3.03,,,84.91,49.57,2.5,LOW,100
GOLDTECH.NS,SELL,42.28,-19.74,-12.45,2.52,,,46.27,32.3,2.5,LOW,100
PPAP.NS,SELL,236.25,-15.39,-9.18,2.14,,,257.19,183.89,2.5,LOW,100
HITECHCORP.NS,HOLD,325.5,-0.09,-2.43,0.72,,,314.12,340.67,1.33,LOW,80
NATHBIOGEN.NS,SELL,147.0,-5.49,-5.84,1.2,,,155.31,126.22,2.5,LOW,100
VMSTMT.NS,BUY,50.25,8.97,10.37,2.45,49.24,51.26,47.27,57.71,2.5,LOW,100
SHERA.NS,HOLD,183.1,7.15,0.69,2.9,,,169.79,200.84,1.33,LOW,80
DIAMINESQ.NS,BUY,255.95,2.45,5.95,1.64,250.83,261.07,240.87,293.66,2.5,LOW,100
VIPCLOTHNG.NS,HOLD,20.24,-5.08,0.7,2.16,,,18.71,22.27,1.33,LOW,80
TREJHARA.NS,SELL,134.61,-8.34,-8.27,2.17,,,149.26,97.98,2.5,LOW,100
AXITA.NS,BUY,8.0,6.19,1.13,1.53,7.84,8.16,7.61,8.97,2.5,LOW,80
AUTOIND.NS,SELL,79.06,-11.81,-6.64,3.51,,,87.82,57.16,2.5,LOW,100
SAAKSHI.NS,BUY,362.0,20.48,22.26,2.9,354.76,369.24,332.39,436.04,2.5,LOW,100
AFIL.NS,SELL,8.49,-9.44,-9.97,2.25,,,9.21,6.69,2.5,LOW,100
JAINAM.NS,SELL,216.0,-8.24,-7.69,3.39,,,227.84,186.39,2.5,LOW,100
A2ZINFRA.NS,HOLD,14.9,0.36,-11.04,2.31,,,13.79,16.39,1.33,LOW,80
SHEMAROO.NS,SELL,116.48,-5.98,-6.82,2.21,,,126.81,90.65,2.5,LOW,100
RVHL.NS,HOLD,39.01,-9.13,1.27,2.18,,,35.75,43.36,1.33,LOW,80
SOMATEX.NS,HOLD,82.34,-12.57,2.75,3.31,,,75.42,91.57,1.33,LOW,100
PRAMARA.NS,SELL,88.3,-25.72,-21.23,4.28,,,102.26,53.41,2.5,LOW,100
NAGAFERT.NS,SELL,1.86,-23.56,-9.27,1.95,,,1.9,1.76,2.5,LOW,100
GRETEX.NS,SELL,225.0,-20.67,-21.33,2.66,,,239.64,188.39,2.5,LOW,100
SUPREME.NS,SELL,32.78,-21.82,-14.39,2.34,,,36.82,22.68,2.5,LOW,100
PRIZOR.NS,BUY,1176.0,23.93,6.03,2.42,1152.48,1199.52,1123.41,1307.46,2.5,LOW,100
OMFREIGHT.NS,SELL,85.56,-6.38,-4.87,1.28,,,92.98,67.0,2.5,LOW,100
PILITA.NS,SELL,7.69,-8.63,-3.15,1.54,,,8.48,5.7,2.5,LOW,100
UNIHEALTH.NS,SELL,688.15,-5.73,-4.15,2.27,,,738.54,562.19,2.5,LOW,100
BAFNAPH.NS,BUY,310.0,18.92,1.89,2.94,303.8,316.2,289.71,360.73,2.5,LOW,80
KRISHCA.NS,HOLD,159.4,-3.44,0.79,2.53,,,151.25,170.26,1.33,LOW,80
GLOBALVECT.NS,SELL,125.16,-17.53,-12.17,1.49,,,135.69,98.85,2.5,LOW,100
GOYALSALT.NS,SELL,102.6,-7.23,-3.21,1.74,,,105.83,94.53,2.5,LOW,100
SUNDRMBRAK.NS,SELL,691.1,-12.19,-10.01,1.4,,,745.11,556.06,2.5,LOW,100
CINELINE.NS,BUY,93.25,9.16,6.28,2.44,91.39,95.11,84.69,114.66,2.5,LOW,100
KCEIL.NS,SELL,75.3,-10.72,-7.72,3.06,,,80.35,62.68,2.5,LOW,100
AIRAN.NS,BUY,15.73,2.3,5.71,3.31,15.42,16.04,13.7,20.79,2.5,LOW,100
DJML.NS,HOLD,77.84,-21.28,8.67,6.56,,,70.28,87.92,1.33,LOW,100
STARTECK.NS,SELL,235.15,-9.15,-7.25,1.15,,,262.77,166.09,2.5,LOW,100
DELPHIFX.NS,SELL,5.29,-22.5,-17.73,1.82,,,6.04,3.4,2.5,LOW,100
MODIRUBBER.NS,SELL,119.11,-5.28,-8.06,4.11,,,133.0,84.39,2.5,LOW,100
ELGIRUBCO.NS,SELL,58.15,-1.33,-4.48,3.0,,,65.39,40.06,2.5,LOW,100
SHREYANIND.NS,HOLD,128.2,-4.03,1.91,2.02,,,120.94,137.88,1.33,LOW,80
SAHYADRI.NS,BUY,360.0,9.53,1.07,3.46,352.8,367.2,318.91,462.71,2.5,LOW,80
OSIAHYPER.NS,SELL,2.19,-21.05,-10.98,3.44,,,2.48,1.48,2.5,LOW,100
PODDARMENT.NS,BUY,275.2,8.63,9.49,5.27,269.7,280.7,238.5,366.94,2.5,LOW,100
UFO.NS,SELL,60.66,-9.1,-8.58,1.45,,,64.95,49.92,2.5,LOW,100
DCMNVL.NS,HOLD,174.9,6.32,-7.79,2.27,,,161.7,192.49,1.33,LOW,100
UCAL.NS,HOLD,137.0,5.34,-8.6,2.61,,,126.0,151.66,1.33,LOW,100
UYFINCORP.NS,HOLD,19.49,2.08,-1.76,1.59,,,18.18,21.24,1.33,LOW,80
YASHOPTICS.NS,BUY,129.85,11.47,4.09,3.25,127.25,132.45,118.71,157.71,2.5,LOW,100
GSMFOILS.NS,SELL,81.8,-51.07,-33.74,5.07,,,94.16,50.89,2.5,LOW,100
INDOUS.NS,HOLD,78.65,-5.15,-0.56,1.2,,,71.54,88.13,1.33,LOW,80
VSTL.NS,BUY,115.25,2.91,3.06,1.77,112.94,117.56,105.98,138.43,2.5,LOW,100
JAYSREETEA.NS,HOLD,90.7,1.0,-7.56,3.07,,,84.9,98.44,1.33,LOW,80
UNIVPHOTO.NS,BUY,602.5,30.65,34.16,3.69,590.45,614.55,545.86,744.09,2.5,LOW,100
UNIVASTU.NS,HOLD,145.01,1.65,-9.76,3.18,,,132.42,161.8,1.33,LOW,100
KOTYARK.NS,SELL,31.4,-10.26,-5.82,3.71,,,34.97,22.48,2.5,LOW,100
ZEELEARN.NS,SELL,7.08,-10.13,-3.8,2.7,,,7.95,4.89,2.5,LOW,100
TRANSTEEL.NS,HOLD,86.3,-14.66,15.14,4.13,,,79.06,95.95,1.33,LOW,100
NDLVENTURE.NS,SELL,119.03,-5.17,-2.4,2.36,,,131.67,87.44,2.5,LOW,100
CCHHL.NS,HOLD,12.71,0.21,0.39,2.04,,,11.83,13.89,1.33,LOW,60
MEGASTAR.NS,SELL,278.4,-13.99,-9.38,1.96,,,304.36,213.49,2.5,LOW,100
SURANAT&P.NS,SELL,16.07,-6.35,-1.77,1.37,,,17.26,13.09,2.5,LOW,80
TAKE.NS,HOLD,16.79,-14.83,27.49,4.77,,,15.54,18.46,1.33,LOW,100
RVTH.NS,SELL,663.0,-8.25,-10.44,2.95,,,737.0,478.0,2.5,LOW,100
TTL.NS,BUY,6.92,7.31,4.22,2.11,6.78,7.06,5.95,9.34,2.5,LOW,100
RADIOCITY.NS,SELL,6.05,-5.92,-6.78,1.98,,,6.77,4.25,2.5,LOW,100
PRITIKAUTO.NS,SELL,14.63,-15.56,-14.24,1.78,,,16.09,10.97,2.5,LOW,100
VIRINCHI.NS,SELL,14.22,-6.36,-2.13,1.89,,,15.73,10.43,2.5,LOW,100
CHAVDA.NS,HOLD,123.55,0.12,-10.89,1.95,,,118.01,130.94,1.33,LOW,80
DUGLOBAL.NS,SELL,23.45,-11.08,-13.79,5.0,,,26.36,16.16,2.5,LOW,100
RBS.NS,SELL,83.5,-2.37,-5.11,2.57,,,91.26,64.11,2.5,LOW,100
MADHAVBAUG.NS,SELL,159.35,-12.3,-5.96,3.08,,,169.49,133.99,2.5,LOW,100
SCPL.NS,HOLD,632.4,4.87,-0.37,1.73,,,588.78,690.56,1.33,LOW,80
KDL.NS,SELL,88.7,-13.81,-11.57,5.09,,,102.31,54.66,2.5,LOW,100
PRATHAM.NS,BUY,126.5,6.22,5.99,1.71,123.97,129.03,120.2,142.25,2.5,LOW,100
REPL.NS,SELL,57.99,-9.15,-9.81,2.34,,,64.7,41.23,2.5,LOW,100
IPSL.NS,HOLD,215.0,-3.62,-0.19,0.82,,,210.37,221.18,1.33,LOW,80
KAMOPAINTS.NS,SELL,4.34,-4.77,-3.12,2.14,,,4.74,3.35,2.5,LOW,100
TCL.NS,SELL,118.6,-3.71,-9.12,3.48,,,133.92,80.3,2.5,LOW,100
SUPREMEINF.NS,SELL,81.98,-3.27,-2.15,2.23,,,90.42,60.89,2.5,LOW,100
STARPAPER.NS,BUY,155.3,4.14,1.86,2.83,152.19,158.41,139.0,196.06,2.5,LOW,80
NURECA.NS,HOLD,334.0,7.38,0.66,3.04,,,307.9,368.8,1.33,LOW,80
FELIX.NS,BUY,211.35,12.91,19.31,3.1,207.12,215.58,188.81,267.71,2.5,LOW,100
IVC.NS,SELL,7.82,-0.95,-11.67,3.2,,,8.87,5.2,2.5,LOW,80
ANLON.NS,BUY,672.75,5.03,5.13,2.67,659.29,686.21,627.79,785.16,2.5,LOW,100
RUDRA.NS,HOLD,20.07,4.46,-3.46,1.87,,,18.7,21.9,1.33,LOW,100
ESCONET.NS,BUY,237.05,39.6,19.93,5.35,232.31,241.79,203.11,321.89,2.5,LOW,100
KOTARISUG.NS,SELL,27.49,-0.69,-16.65,6.52,,,31.33,17.89,2.5,LOW,80
DUCOL.NS,BUY,122.6,12.0,9.51,3.38,120.15,125.05,111.15,151.22,2.5,LOW,100
SADHNANIQ.NS,SELL,2.7,-4.78,-3.57,1.82,,,2.81,2.42,2.5,LOW,100
GILLANDERS.NS,HOLD,101.44,7.71,-3.87,2.5,,,92.58,113.26,1.33,LOW,100
COASTCORP.NS,SELL,35.7,-20.58,-12.84,2.44,,,39.09,27.24,2.5,LOW,100
AHLEAST.NS,SELL,136.0,-3.79,-4.36,1.81,,,144.83,113.93,2.5,LOW,100
SAKHTISUG.NS,HOLD,18.59,0.63,-8.74,4.02,,,17.14,20.53,1.33,LOW,80
ZODIACLOTH.NS,SELL,69.78,-7.37,-4.93,0.74,,,74.09,58.99,2.5,LOW,100
KMSUGAR.NS,SELL,28.7,-2.6,-11.67,3.89,,,31.66,21.3,2.5,LOW,100
DRCSYSTEMS.NS,SELL,12.46,-5.88,-8.92,2.48,,,13.69,9.4,2.5,LOW,100
OMAXAUTO.NS,SELL,175.68,-12.47,-5.32,2.49,,,194.93,127.56,2.5,LOW,100
INTENTECH.NS,SELL,77.2,-9.35,-5.72,2.18,,,84.29,59.48,2.5,LOW,100
COMMITTED.NS,HOLD,340.0,-0.77,-0.58,2.73,,,324.71,360.39,1.33,LOW,60
PIGL.NS,HOLD,100.91,-5.04,0.75,2.49,,,93.57,110.7,1.33,LOW,80
KALYANIFRG.NS,BUY,1006.0,39.92,10.03,7.31,985.88,1026.12,814.46,1484.86,2.5,LOW,100
MKPL.NS,SELL,4.03,-4.36,-1.95,1.11,,,4.29,3.38,2.5,LOW,80
ARIHANTACA.NS,BUY,500.0,5.91,4.59,2.75,490.0,510.0,475.16,562.11,2.5,LOW,100
PONNIERODE.NS,HOLD,354.05,1.67,-12.21,4.11,,,325.41,392.24,1.33,LOW,100
MURUDCERA.NS,SELL,29.0,-5.13,-3.72,1.72,,,31.61,22.48,2.5,LOW,100
CPCAP.NS,BUY,140.3,18.26,19.63,3.3,137.49,143.11,124.84,178.96,2.5,LOW,100
AERONEU.NS,SELL,65.11,-21.58,-18.62,3.0,,,75.47,39.21,2.5,LOW,100
GENCON.NS,SELL,39.44,-3.96,-16.49,4.68,,,45.22,25.0,2.5,LOW,100
SALSTEEL.NS,HOLD,77.75,17.18,-1.33,4.18,,,70.55,87.35,1.33,LOW,80
NIRAJ.NS,SELL,27.87,-3.3,-4.95,1.61,,,30.61,21.02,2.5,LOW,100
ATALREAL.NS,SELL,14.58,-50.61,-42.89,7.89,,,19.12,3.22,2.5,LOW,100
SPCL.NS,BUY,65.7,0.56,6.66,1.93,64.39,67.01,61.28,76.75,2.5,LOW,80
SHIVATEX.NS,HOLD,178.01,8.99,-1.74,1.51,,,162.27,199.0,1.33,LOW,80
CHEMBOND.NS,BUY,195.68,8.82,12.16,5.32,191.77,199.59,162.67,278.19,2.5,LOW,100
SHAH.NS,SELL,3.32,-16.82,-8.03,8.9,,,3.93,1.8,2.5,LOW,100
NAVKARURB.NS,SELL,0.85,-13.6,-7.61,1.66,,,0.95,0.6,2.5,LOW,100
CORDSCABLE.NS,BUY,357.05,42.83,13.17,5.89,349.91,364.19,293.97,514.75,2.5,LOW,100
ABAN.NS,SELL,14.31,-10.01,-3.51,1.38,,,15.11,12.31,2.5,LOW,100
WORTHPERI.NS,SELL,145.36,-1.82,-6.49,2.06,,,156.98,116.31,2.5,LOW,100
DEVIT.NS,SELL,23.55,-9.85,-4.23,1.3,,,25.49,18.7,2.5,LOW,100
TRIGYN.NS,SELL,54.52,-2.09,-11.28,3.53,,,61.35,37.45,2.5,LOW,100
KCK.NS,HOLD,14.95,-4.98,0.34,2.27,,,13.93,16.31,1.33,LOW,80
BALAXI.NS,HOLD,23.45,-1.41,4.97,3.54,,,21.09,26.59,1.33,LOW,100
MHLXMIRU.NS,SELL,153.0,-4.26,-13.47,1.96,,,164.69,123.79,2.5,LOW,100
FIDEL.NS,BUY,158.0,9.08,9.27,3.93,154.84,161.16,145.19,190.02,2.5,LOW,100
SPECTSTM.NS,SELL,59.25,-3.47,-1.25,2.34,,,62.51,51.11,2.5,LOW,80
UNITEDTEA.NS,SELL,430.0,-6.53,-4.92,0.84,,,454.0,370.0,2.5,LOW,100
PKTEA.NS,BUY,919.7,18.94,26.22,7.18,901.31,938.09,725.16,1406.04,2.5,LOW,100
BASML.NS,SELL,24.0,-7.05,-6.54,2.02,,,25.8,19.5,2.5,LOW,100
KRITIKA.NS,SELL,5.18,-6.85,-3.72,1.07,,,5.57,4.2,2.5,LOW,100
DHARAN.NS,SELL,0.14,-5.66,-6.67,3.77,,,0.17,0.08,2.5,LOW,100
AMJLAND.NS,SELL,37.02,-3.42,-6.44,1.51,,,39.79,30.1,2.5,LOW,100
INDOWIND.NS,HOLD,9.07,-0.45,-1.84,2.15,,,8.67,9.61,1.33,LOW,60
NEPHROCARE.NS,HOLD,95.4,20.67,-6.33,4.95,,,83.27,111.57,1.33,LOW,100
TEAMGTY.NS,HOLD,235.0,2.66,-2.92,1.91,,,218.79,256.61,1.33,LOW,100
MARALOVER.NS,BUY,60.03,6.9,10.15,3.81,58.83,61.23,51.82,80.55,2.5,LOW,100
VETO.NS,BUY,127.76,2.59,1.83,1.42,125.2,130.32,119.71,147.89,2.5,LOW,80
PRITIKA.NS,BUY,64.0,4.36,3.56,1.91,62.72,65.28,61.31,70.71,2.5,LOW,100
GRCL.NS,BUY,577.5,1.75,1.67,2.39,565.95,589.05,533.32,687.95,2.5,LOW,80
PLAZACABLE.NS,BUY,62.51,25.22,10.54,3.69,61.26,63.76,54.66,82.14,2.5,LOW,100
AKIKO.NS,BUY,430.0,20.15,9.58,2.45,421.4,438.6,403.64,495.91,2.5,LOW,100
GOLDSTAR.NS,BUY,8.2,10.53,9.33,3.38,8.04,8.36,7.65,9.57,2.5,LOW,100
SETCO.NS,SELL,17.23,-2.75,-2.49,1.74,,,19.25,12.18,2.5,LOW,100
LOTUSEYE.NS,HOLD,113.64,-2.34,4.18,1.45,,,107.51,121.82,1.33,LOW,100
RANASUG.NS,HOLD,14.73,10.27,-1.41,3.53,,,13.89,15.85,1.33,LOW,80
WINSOL.NS,SELL,107.15,-6.72,-6.09,2.47,,,117.04,82.42,2.5,LOW,100
RAJTV.NS,SELL,8.73,-16.03,-2.24,3.91,,,9.8,6.06,2.5,LOW,100
AKSHARCHEM.NS,BUY,382.65,27.1,4.45,4.11,375.0,390.3,332.65,507.66,2.5,LOW,100
ANIKINDS.NS,HOLD,43.7,0.21,-2.39,2.78,,,39.72,49.0,1.33,LOW,80
IBULLSLTD.NS,BUY,29.85,7.11,17.33,3.22,29.25,30.45,27.18,36.53,2.5,LOW,100
EMMIL.NS,SELL,118.9,-4.1,-4.88,2.75,,,129.6,92.15,2.5,LOW,100
AAREYDRUGS.NS,BUY,100.32,19.16,13.73,3.05,98.31,102.33,91.5,122.37,2.5,LOW,100
NATCAPSUQ.NS,HOLD,179.5,7.9,-20.92,6.23,,,161.52,203.47,1.33,LOW,100
PRAXIS.NS,SELL,4.1,-33.44,-13.68,2.98,,,4.6,2.85,2.5,LOW,100
KAVDEFENCE.NS,BUY,75.77,25.73,34.94,6.69,74.25,77.29,63.07,107.51,2.5,LOW,100
DGCONTENT.NS,SELL,23.8,-4.06,-5.56,2.22,,,27.16,15.4,2.5,LOW,100
SADBHAV.NS,SELL,7.68,-8.25,-9.11,3.1,,,8.55,5.51,2.5,LOW,100
ASPINWALL.NS,HOLD,251.6,1.42,-4.54,2.13,,,236.62,271.57,1.33,LOW,100
DRONE.NS,SELL,32.3,-14.7,-14.89,3.36,,,36.03,22.98,2.5,LOW,100
GULFPETRO.NS,HOLD,61.5,11.5,-8.9,2.7,,,56.9,67.64,1.33,LOW,100
PROPEQUITY.NS,SELL,196.1,-11.0,-6.62,2.5,,,207.84,166.76,2.5,LOW,100
JMA.NS,HOLD,90.0,2.4,-2.88,2.89,,,81.72,101.04,1.33,LOW,100
NECCLTD.NS,BUY,18.45,14.48,13.4,3.48,18.08,18.82,16.27,23.9,2.5,LOW,100
NITIRAJ.NS,BUY,228.94,9.39,12.1,2.5,224.36,233.52,202.21,295.76,2.5,LOW,100
ALUWIND.NS,SELL,46.0,-4.37,-2.34,2.76,,,49.31,37.71,2.5,LOW,100
EQUIPPP.NS,BUY,23.52,1.28,5.47,2.85,23.05,23.99,20.95,29.94,2.5,LOW,100
LLOYDS.NS,SELL,55.6,-15.74,-7.33,3.01,,,59.15,46.72,2.5,LOW,100
RHFL.NS,SELL,1.77,-6.33,-2.21,2.58,,,1.94,1.34,2.5,LOW,100
INCREDIBLE.NS,BUY,33.87,2.91,5.71,3.03,33.19,34.55,29.78,44.08,2.5,LOW,100
TIPSFILMS.NS,SELL,318.2,-8.62,-5.17,1.58,,,339.16,265.79,2.5,LOW,100
ARCHIDPLY.NS,HOLD,100.79,9.93,-4.85,4.22,,,92.81,111.43,1.33,LOW,100
MADHUSUDAN.NS,BUY,240.0,2.75,8.6,1.86,235.2,244.8,221.69,285.77,2.5,LOW,100
CENTEXT.NS,SELL,19.04,-7.46,-15.34,3.63,,,21.38,13.19,2.5,LOW,100
EMMBI.NS,HOLD,90.9,4.33,-0.23,2.04,,,84.93,98.86,1.33,LOW,80
KEYFINSERV.NS,SELL,246.6,-4.35,-2.99,1.88,,,267.53,194.28,2.5,LOW,100
ESSENTIA.NS,HOLD,1.03,-11.04,0.0,2.93,,,0.96,1.13,1.33,LOW,80
TAINWALCHM.NS,BUY,213.69,3.05,1.79,2.02,209.42,217.96,199.63,248.84,2.5,LOW,80
ENFUSE.NS,SELL,146.5,-10.32,-8.44,2.33,,,154.69,126.02,2.5,LOW,100
ARVEE.NS,BUY,171.12,3.29,1.57,6.07,167.7,174.54,142.4,242.91,2.5,LOW,80
SIKKO.NS,BUY,5.71,12.49,13.75,2.24,5.6,5.82,5.12,7.18,2.5,LOW,100
DENEERS.NS,SELL,168.0,-5.69,-3.95,2.31,,,180.96,135.59,2.5,LOW,100
PRLIND.NS,HOLD,44.35,0.46,5.34,5.32,,,40.75,49.15,1.33,LOW,80
ALPA.NS,SELL,61.1,-6.71,-2.6,1.71,,,66.18,48.39,2.5,LOW,100
KESORAMIND.NS,BUY,12.29,4.97,9.05,2.0,12.04,12.54,11.66,13.85,2.5,LOW,100
DTIL.NS,SELL,136.0,-2.34,-15.89,5.75,,,155.58,87.05,2.5,LOW,100
AVROIND.NS,SELL,7.95,-10.3,-12.92,3.5,,,9.22,4.76,2.5,LOW,100
PURVFLEXI.NS,SELL,44.55,-6.94,-12.48,3.36,,,48.28,35.23,2.5,LOW,100
BEWLTD.NS,SELL,48.15,-12.01,-3.7,1.67,,,51.74,39.17,2.5,LOW,100
IEML.NS,SELL,41.2,-1.75,-3.51,2.17,,,45.56,30.29,2.5,LOW,100
BRNL.NS,SELL,16.44,-5.87,-4.7,0.84,,,17.5,13.79,2.5,LOW,100
TUNWAL.NS,SELL,25.0,-3.8,-1.96,1.2,,,26.38,21.55,2.5,LOW,80
MANAKALUCO.NS,SELL,35.67,-4.5,-6.84,2.55,,,39.25,26.72,2.5,LOW,100
DCM.NS,SELL,77.02,-9.65,-2.51,1.63,,,81.72,65.27,2.5,LOW,100
CPS.NS,BUY,1202.0,11.76,4.52,2.46,1177.96,1226.04,1141.94,1352.14,2.5,LOW,100
AARTECH.NS,BUY,50.01,2.61,4.41,2.67,49.01,51.01,45.65,60.91,2.5,LOW,100
SHRITECH.NS,SELL,58.55,-3.36,-3.94,2.36,,,60.85,52.8,2.5,LOW,100
LAL.NS,SELL,8.61,-1.2,-5.7,1.81,,,9.91,5.37,2.5,LOW,100
SONAMLTD.NS,HOLD,70.8,17.2,-9.02,5.94,,,62.64,81.68,1.33,LOW,100
VISHWARAJ.NS,SELL,5.33,-3.61,-12.34,5.22,,,5.92,3.85,2.5,LOW,100
VIVIMEDLAB.NS,HOLD,5.69,0.79,-17.89,3.13,,,5.43,6.04,1.33,LOW,80
PRAENG.NS,BUY,22.05,6.52,2.61,4.46,21.61,22.49,18.64,30.56,2.5,LOW,100
INDTERRAIN.NS,HOLD,29.87,-1.32,-0.96,2.38,,,27.88,32.52,1.33,LOW,80
KORE.NS,BUY,177.5,17.15,64.35,8.63,173.95,181.05,145.21,258.21,2.5,LOW,100
LANCORHOL.NS,BUY,34.49,17.24,3.08,5.69,33.8,35.18,29.03,48.13,2.5,LOW,100
AARVI.NS,SELL,140.34,-6.12,-1.44,1.81,,,150.55,114.82,2.5,LOW,80
VASWANI.NS,SELL,44.53,-11.64,-8.96,1.89,,,49.15,32.98,2.5,LOW,100
SUPERHOUSE.NS,HOLD,167.2,1.62,-1.99,2.64,,,153.37,185.64,1.33,LOW,80
RSSOFTWARE.NS,HOLD,30.01,-4.49,0.91,3.07,,,27.66,33.14,1.33,LOW,80
DYNAMIC.NS,SELL,135.1,-6.95,-2.1,2.52,,,147.19,104.87,2.5,LOW,100
CORALFINAC.NS,SELL,32.5,-1.45,-1.54,1.68,,,35.44,25.15,2.5,LOW,80
CANARYS.NS,HOLD,23.5,7.77,-10.82,4.05,,,20.91,26.95,1.33,LOW,100
IVP.NS,BUY,214.0,21.06,6.5,2.51,209.72,218.28,195.72,259.7,2.5,LOW,100
BSL.NS,SELL,119.5,-3.73,-2.89,0.9,,,127.35,99.88,2.5,LOW,100
QMSMEDI.NS,BUY,167.0,29.35,6.23,2.63,163.66,170.34,153.4,201.01,2.5,LOW,100
EMKAYTOOLS.NS,HOLD,94.75,1.92,0.58,3.0,,,87.69,104.16,1.33,LOW,80
RUCHINFRA.NS,SELL,5.24,-9.48,-8.87,2.76,,,5.91,3.55,2.5,LOW,100
TBI.NS,BUY,78.35,19.45,11.37,5.64,76.78,79.92,66.1,108.97,2.5,LOW,100
CROWN.NS,HOLD,111.35,0.31,3.2,2.45,,,103.82,121.39,1.33,LOW,80
GAYAPROJ.NS,BUY,24.5,13.48,14.17,3.36,24.01,24.99,21.78,31.31,2.5,LOW,100
ENSER.NS,SELL,14.05,-2.92,-5.39,2.91,,,15.74,9.84,2.5,LOW,100
WEIZMANIND.NS,HOLD,72.9,-4.89,-0.3,1.45,,,68.76,78.42,1.33,LOW,80
SOMICONVEY.NS,BUY,95.0,0.81,4.09,4.02,93.1,96.9,84.96,120.1,2.5,LOW,80
MAITREYA.NS,SELL,116.0,-4.79,-1.94,2.79,,,133.46,72.34,2.5,LOW,80
USK.NS,SELL,20.45,-5.98,-3.36,1.37,,,22.29,15.84,2.5,LOW,100
MAHESHWARI.NS,SELL,68.71,-5.42,-4.08,1.32,,,73.36,57.1,2.5,LOW,100
VR.NS,SELL,105.8,-10.81,-2.13,3.08,,,111.96,90.41,2.5,LOW,100
MODTHREAD.NS,SELL,50.0,-0.86,-2.99,4.11,,,57.15,32.13,2.5,LOW,80
RKEC.NS,SELL,19.29,-19.73,-10.86,2.55,,,22.15,12.14,2.5,LOW,100
DUCON.NS,SELL,1.42,-45.38,-31.4,5.9,,,1.81,0.44,2.5,LOW,100
SIGIND.NS,HOLD,68.78,13.82,-2.62,2.67,,,63.33,76.05,1.33,LOW,100
DOLLEX.NS,HOLD,36.15,11.58,-0.41,2.71,,,32.85,40.55,1.33,LOW,80
IBLFL.NS,HOLD,61.2,1.15,0.33,2.19,,,59.61,63.31,1.33,LOW,80
HINDCON.NS,HOLD,23.8,5.78,0.98,3.12,,,21.27,27.18,1.33,LOW,80
XELPMOC.NS,SELL,74.0,-8.22,-8.57,2.35,,,81.48,55.29,2.5,LOW,100
TEXMOPIPES.NS,BUY,62.15,34.68,35.31,4.85,60.91,63.39,54.5,81.29,2.5,LOW,100
WOMANCART.NS,SELL,103.2,-1.51,-8.87,3.22,,,117.8,66.7,2.5,LOW,100
KHFM.NS,SELL,44.8,-6.4,-5.08,3.59,,,49.51,33.01,2.5,LOW,100
UMIYA-MRO.NS,BUY,97.11,6.1,1.01,3.06,95.17,99.05,85.97,124.95,2.5,LOW,80
MAGNUM.NS,HOLD,18.8,-2.4,-0.79,0.79,,,17.51,20.52,1.33,LOW,80
SHREEOSFM.NS,SELL,53.0,-9.51,-9.86,4.22,,,58.31,39.71,2.5,LOW,100
ISFT.NS,HOLD,88.86,9.12,-5.86,4.78,,,80.59,99.89,1.33,LOW,100
AIROLAM.NS,SELL,85.39,-3.08,-3.07,1.21,,,92.0,68.87,2.5,LOW,100
MUKTAARTS.NS,BUY,57.0,1.39,1.69,2.61,55.86,58.14,51.68,70.31,2.5,LOW,80
GLOBALPET.NS,BUY,163.05,3.46,4.52,2.88,159.79,166.31,154.62,184.12,2.5,LOW,100
USASEEDS.NS,HOLD,90.3,0.58,-3.32,2.91,,,84.33,98.26,1.33,LOW,80
INDIANCARD.NS,HOLD,216.9,-0.9,3.94,1.95,,,204.16,233.89,1.33,LOW,80
MDL.NS,SELL,60.0,-5.55,-3.15,3.24,,,61.49,56.27,2.5,LOW,100
ALPHAGEO.NS,BUY,300.0,15.81,4.39,2.95,294.0,306.0,269.13,377.17,2.5,LOW,100
GVPTECH.NS,HOLD,7.4,2.31,-13.85,5.51,,,6.29,8.89,1.33,LOW,100
BHARATGEAR.NS,HOLD,101.16,-7.96,-0.9,1.28,,,97.02,106.68,1.33,LOW,80
KREBSBIO.NS,HOLD,56.35,2.06,0.11,3.37,,,50.43,64.25,1.33,LOW,80
INDBANK.NS,SELL,25.98,-17.17,-9.51,2.51,,,28.51,19.66,2.5,LOW,100
RPPL.NS,SELL,20.99,-6.9,-10.15,2.52,,,23.09,15.74,2.5,LOW,100
UMAEXPORTS.NS,SELL,20.42,-6.67,-21.31,2.83,,,21.76,17.08,2.5,LOW,100
SHEETAL.NS,BUY,355.0,11.19,5.97,2.01,347.9,362.1,336.66,400.86,2.5,LOW,100
SADHAV.NS,SELL,107.6,-6.64,-2.45,2.24,,,118.82,79.55,2.5,LOW,100
HECPROJECT.NS,SELL,116.0,-8.32,-2.99,2.38,,,129.41,82.48,2.5,LOW,100
HPIL.NS,SELL,119.77,-4.18,-4.25,1.94,,,130.79,92.23,2.5,LOW,100
SLONE.NS,BUY,177.75,21.91,1.86,2.17,174.19,181.31,161.5,218.37,2.5,LOW,80
GANGESSECU.NS,HOLD,116.99,-0.72,-0.59,1.48,,,110.85,125.17,1.33,LOW,60
SURANASOL.NS,SELL,25.59,-1.63,-4.69,1.66,,,27.41,21.04,2.5,LOW,100
QUESTLAB.NS,SELL,77.0,-13.62,-11.7,3.0,,,82.98,62.05,2.5,LOW,100
INVENTURE.NS,SELL,0.9,-0.97,-2.17,2.58,,,0.95,0.76,2.5,LOW,80
STEELCITY.NS,BUY,85.9,6.98,3.54,3.22,84.18,87.62,78.49,104.42,2.5,LOW,100
BTML.NS,SELL,7.17,-3.33,-15.05,4.79,,,8.42,4.04,2.5,LOW,100
ZEAL.NS,BUY,83.5,28.13,36.14,9.63,81.83,85.17,74.52,105.94,2.5,LOW,100
VEEKAYEM.NS,HOLD,103.5,-12.04,0.49,3.51,,,93.44,116.91,1.33,LOW,80
COMPUSOFT.NS,SELL,12.9,-1.1,-2.28,2.35,,,13.79,10.69,2.5,LOW,100
SHYAMCENT.NS,HOLD,4.96,-3.94,0.81,1.4,,,4.65,5.38,1.33,LOW,80
LAGNAM.NS,SELL,72.02,-10.77,-5.71,0.96,,,77.91,57.3,2.5,LOW,100
SAMBHAAV.NS,HOLD,6.07,-2.46,1.51,2.44,,,5.42,6.94,1.33,LOW,80
SILGO.NS,SELL,70.04,-2.66,-3.83,1.81,,,75.89,55.41,2.5,LOW,100
MASTER.NS,SELL,415.0,-6.52,-7.57,1.84,,,430.42,376.45,2.5,LOW,100
MAL.NS,BUY,46.3,38.28,53.57,4.83,45.37,47.23,42.34,56.19,2.5,LOW,100
SMLT.NS,SELL,59.97,-10.6,-8.6,1.75,,,66.21,44.37,2.5,LOW,100
AUSOMENT.NS,BUY,151.99,8.13,1.51,1.57,148.95,155.03,138.04,186.87,2.5,LOW,80
GTL.NS,HOLD,7.08,-3.09,0.14,1.65,,,6.67,7.63,1.33,LOW,80
VISAMAN.NS,SELL,45.25,-52.35,-39.87,2.4,,,52.66,26.71,2.5,LOW,100
GREENCHEF.NS,BUY,69.75,30.17,17.33,5.11,68.36,71.14,60.03,94.05,2.5,LOW,100
BAIDFIN.NS,BUY,10.43,3.76,3.79,5.85,10.22,10.64,8.98,14.06,2.5,LOW,100
SMARTLINK.NS,HOLD,215.0,0.45,2.69,2.93,,,196.53,239.63,1.33,LOW,80
MAHAPEXLTD.NS,HOLD,55.65,10.83,-1.78,3.56,,,49.86,63.37,1.33,LOW,80
SADBHIN.NS,HOLD,2.64,2.05,-0.38,2.66,,,2.46,2.88,1.33,LOW,80
SEMAC.NS,SELL,269.0,-11.48,-4.59,2.33,,,288.42,220.45,2.5,LOW,100
VITAL.NS,BUY,54.89,5.68,3.45,2.85,53.79,55.99,48.11,71.83,2.5,LOW,100
TRU.NS,HOLD,4.12,-8.38,1.23,1.9,,,3.73,4.64,1.33,LOW,80
JOCIL.NS,BUY,149.5,2.8,2.87,3.02,146.51,152.49,131.1,195.5,2.5,LOW,100
URBAN.NS,SELL,123.05,-8.18,-11.92,3.92,,,136.21,90.16,2.5,LOW,100
SYLVANPLY.NS,SELL,52.0,-3.71,-6.81,3.08,,,55.04,44.39,2.5,LOW,100
TRUST.NS,SELL,28.1,-1.24,-17.96,6.8,,,34.42,12.3,2.5,LOW,100
MCL.NS,SELL,54.89,-2.55,-3.46,2.35,,,60.3,41.37,2.5,LOW,100
WIPL.NS,HOLD,164.61,-1.8,0.37,2.19,,,157.13,174.59,1.33,LOW,80
BALPHARMA.NS,BUY,103.2,16.07,20.77,5.16,101.14,105.26,88.72,139.41,2.5,LOW,100
VIPULLTD.NS,SELL,12.23,-13.87,-19.22,2.07,,,12.84,10.7,2.5,LOW,100
SALONA.NS,HOLD,266.8,3.92,0.53,2.5,,,245.34,295.41,1.33,LOW,80
LAMBODHARA.NS,SELL,118.33,-1.88,-16.3,6.0,,,133.99,79.18,2.5,LOW,100
LOVABLE.NS,SELL,70.01,-4.05,-4.36,1.89,,,76.04,54.92,2.5,LOW,100
ISHANCH.NS,HOLD,48.4,-1.15,10.58,3.35,,,44.38,53.76,1.33,LOW,100
SHIGAN.NS,SELL,64.5,-0.7,-9.15,3.95,,,70.98,48.3,2.5,LOW,80
SURANI.NS,SELL,87.5,-11.52,-9.75,4.79,,,100.93,53.93,2.5,LOW,100
HDIL.NS,SELL,1.46,-7.9,-2.01,1.69,,,1.58,1.15,2.5,LOW,100
LOYALTEX.NS,SELL,210.0,-0.55,-7.09,2.57,,,239.47,136.33,2.5,LOW,80
RAJSREESUG.NS,SELL,31.86,-3.9,-12.06,3.74,,,35.77,22.09,2.5,LOW,100
OSWALSEEDS.NS,BUY,13.85,18.38,17.37,4.73,13.57,14.13,11.4,19.97,2.5,LOW,100
BAGFILMS.NS,HOLD,4.39,-1.57,0.69,2.25,,,4.03,4.86,1.33,LOW,80
SHAHALLOYS.NS,HOLD,93.5,18.41,-13.18,6.2,,,81.53,109.46,1.33,LOW,100
DRSDILIP.NS,HOLD,107.0,-1.75,0.0,0.43,,,106.89,107.14,1.33,LOW,80
SECMARK.NS,HOLD,141.79,7.98,-4.52,5.75,,,121.28,169.13,1.33,LOW,100
ZENITHEXPO.NS,SELL,196.95,-4.24,-8.11,2.76,,,206.97,171.9,2.5,LOW,100
CUBEXTUB.NS,BUY,80.64,2.51,4.74,2.44,79.03,82.25,74.33,96.43,2.5,LOW,100
LATTEYS.NS,SELL,20.5,-1.98,-5.57,2.31,,,23.01,14.24,2.5,LOW,100
DELAPLEX.NS,HOLD,95.95,0.2,-11.4,6.52,,,83.52,112.53,1.33,LOW,80
SAMPANN.NS,SELL,23.75,-10.17,-8.83,1.94,,,26.22,17.57,2.5,LOW,100
ARTNIRMAN.NS,BUY,40.8,1.04,2.0,1.42,39.98,41.62,37.33,49.48,2.5,LOW,80
SSFL.NS,BUY,324.85,25.41,29.94,3.39,318.35,331.35,295.14,399.12,2.5,LOW,100
GENSOL.NS,SELL,16.69,-6.78,-3.13,2.31,,,18.34,12.56,2.5,LOW,100
TARMAT.NS,HOLD,56.85,4.68,-9.45,5.05,,,51.51,63.97,1.33,LOW,100
SIDDHIKA.NS,BUY,226.0,4.49,4.12,3.15,221.48,230.52,213.36,257.59,2.5,LOW,100
FIBERWEB.NS,SELL,26.01,-9.12,-1.29,1.97,,,28.33,20.22,2.5,LOW,80
SCML.NS,SELL,76.0,-6.44,-10.48,1.79,,,81.71,61.73,2.5,LOW,100
OMFURN.NS,SELL,53.0,-7.99,-10.85,2.82,,,54.89,48.29,2.5,LOW,100
NEWJAISA.NS,HOLD,17.6,4.78,0.0,1.67,,,17.17,18.17,1.33,LOW,80
DCG.NS,BUY,81.7,40.7,43.59,7.55,80.07,83.33,66.42,119.9,2.5,LOW,100
RAJMET.NS,HOLD,3.14,-5.39,1.29,3.09,,,2.93,3.42,1.33,LOW,80
MAXPOSURE.NS,HOLD,31.4,-3.32,0.0,2.87,,,29.84,33.48,1.33,LOW,80
PAR.NS,BUY,133.54,23.51,13.8,8.01,130.87,136.21,107.31,199.12,2.5,LOW,100
BEARDSELL.NS,SELL,24.5,-6.85,-3.58,1.73,,,27.01,18.23,2.5,LOW,100
RELIABLE.NS,SELL,135.11,-4.7,-1.98,1.5,,,146.65,106.26,2.5,LOW,80
AKSHOPTFBR.NS,BUY,7.9,17.73,7.34,4.46,7.74,8.06,6.81,10.62,2.5,LOW,100
MOKSH.NS,SELL,9.9,-7.08,-5.53,2.43,,,11.04,7.05,2.5,LOW,100
BEACON.NS,SELL,80.5,-8.76,-5.29,2.49,,,87.79,62.27,2.5,LOW,100
CRAYONS.NS,SELL,23.0,-13.25,-13.37,3.41,,,24.37,19.57,2.5,LOW,100
DTL.NS,BUY,128.0,4.05,2.4,3.42,125.44,130.56,127.57,129.07,2.5,LOW,100
GROBTEA.NS,HOLD,945.0,1.46,-5.18,2.04,,,893.13,1014.16,1.33,LOW,100
REGENCERAM.NS,HOLD,34.51,-2.21,1.56,3.11,,,30.48,39.88,1.33,LOW,80
SURYALAXMI.NS,SELL,56.9,-2.49,-5.42,2.54,,,63.48,40.46,2.5,LOW,100
MAHICKRA.NS,BUY,305.95,12.51,3.01,3.93,299.83,312.07,281.3,367.58,2.5,LOW,100
RELCHEMQ.NS,HOLD,120.17,-1.2,6.17,2.74,,,110.93,132.49,1.33,LOW,100
KOHINOOR.NS,HOLD,31.85,14.5,-4.98,2.89,,,29.38,35.14,1.33,LOW,100
HILTON.NS,SELL,17.27,-15.95,-10.61,1.54,,,18.89,13.22,2.5,LOW,100
PALASHSECU.NS,HOLD,89.5,0.07,1.45,2.59,,,83.88,97.0,1.33,LOW,60
TOTAL.NS,BUY,74.7,21.18,8.83,2.27,73.21,76.19,66.9,94.2,2.5,LOW,100
OLIL.NS,BUY,443.5,6.09,6.87,2.73,434.63,452.37,404.94,539.91,2.5,LOW,100
VAISHALI.NS,BUY,8.85,10.48,9.8,2.36,8.67,9.03,7.8,11.47,2.5,LOW,100
SIL.NS,SELL,16.02,-9.81,-16.34,3.3,,,17.91,11.29,2.5,LOW,100
OBCL.NS,HOLD,55.1,1.93,0.51,1.39,,,51.89,59.37,1.33,LOW,80
ROCKINGDCE.NS,HOLD,223.9,14.59,-2.69,5.7,,,198.91,257.22,1.33,LOW,100
TOKYOPLAST.NS,SELL,73.5,-7.55,-4.66,2.46,,,80.61,55.73,2.5,LOW,100
REFRACTORY.NS,HOLD,27.45,3.74,-3.0,3.83,,,25.53,30.01,1.33,LOW,100
DIGIDRIVE.NS,SELL,17.36,-2.83,-2.58,1.52,,,18.72,13.96,2.5,LOW,100
BHANDARI.NS,HOLD,3.0,1.92,0.67,0.73,,,2.87,3.18,1.33,LOW,80
ODIGMA.NS,SELL,21.02,-7.59,-9.24,2.15,,,23.38,15.11,2.5,LOW,100
KAKATCEM.NS,SELL,109.6,-4.03,-6.12,1.9,,,117.68,89.39,2.5,LOW,100
KLL.NS,HOLD,24.0,-6.04,10.34,3.58,,,22.12,26.51,1.33,LOW,100
MITCON.NS,BUY,79.91,3.74,1.49,1.75,78.31,81.51,72.03,99.6,2.5,LOW,80
TOUCHWOOD.NS,HOLD,61.4,-4.88,2.69,2.07,,,57.92,66.04,1.33,LOW,100
AAATECH.NS,SELL,84.99,-8.23,-10.34,2.19,,,91.36,69.07,2.5,LOW,100
SPLIL.NS,SELL,29.65,-5.53,-8.83,3.59,,,33.6,19.78,2.5,LOW,100
HOLMARC.NS,BUY,114.1,7.43,17.39,2.94,111.82,116.38,104.68,137.65,2.5,LOW,100
HOACFOODS.NS,BUY,894.95,12.77,2.76,2.51,877.05,912.85,829.74,1057.99,2.5,LOW,100
ZENITHSTL.NS,BUY,5.61,0.85,6.05,2.8,5.5,5.72,4.85,7.51,2.5,LOW,80
NAMAN.NS,SELL,39.0,-8.97,-6.14,2.97,,,40.88,34.3,2.5,LOW,100
MARC.NS,HOLD,143.15,15.56,-2.62,3.48,,,136.2,152.41,1.33,LOW,100
PIONEEREMB.NS,SELL,20.98,-7.08,-3.58,1.15,,,22.55,17.04,2.5,LOW,100
ZENITHDRUG.NS,HOLD,46.1,-0.14,9.5,4.32,,,42.38,51.06,1.33,LOW,80
GLOBE.NS,SELL,1.8,-11.38,-6.74,1.82,,,1.95,1.43,2.5,LOW,100
DHRUV.NS,SELL,21.52,-11.92,-8.43,2.83,,,23.97,15.38,2.5,LOW,100
SONUINFRA.NS,BUY,48.3,17.57,38.2,3.66,47.33,49.27,44.22,58.5,2.5,LOW,100
SELMC.NS,HOLD,27.79,-0.79,1.61,2.08,,,25.35,31.05,1.33,LOW,60
MAGSON.NS,SELL,179.05,-1.84,-5.71,2.71,,,187.19,158.69,2.5,LOW,100
CAPTRUST.NS,HOLD,18.48,4.75,-5.04,2.52,,,17.21,20.17,1.33,LOW,100
ATAM.NS,HOLD,60.0,-2.28,7.91,3.48,,,54.69,67.08,1.33,LOW,100
PARAGON.NS,BUY,53.8,8.14,13.86,5.79,52.72,54.88,47.54,69.44,2.5,LOW,100
LPDC.NS,SELL,6.1,-7.22,-12.1,2.63,,,7.08,3.64,2.5,LOW,100
ROXHITECH.NS,SELL,43.75,-5.39,-11.44,2.34,,,47.06,35.48,2.5,LOW,100
DIGJAMLMTD.NS,BUY,58.67,18.52,19.32,5.9,57.5,59.84,50.93,78.02,2.5,LOW,100
NIRMAN.NS,SELL,27.5,-20.96,-4.51,2.51,,,30.03,21.18,2.5,LOW,100
PATINTLOG.NS,BUY,14.18,0.85,9.08,2.13,13.9,14.46,12.99,17.15,2.5,LOW,80
GOYALALUM.NS,SELL,5.9,-8.21,-6.05,0.84,,,6.32,4.86,2.5,LOW,100
MANGALAM.NS,BUY,32.1,10.84,7.5,5.17,31.46,32.74,27.41,43.83,2.5,LOW,100
IL&FSTRANS.NS,SELL,1.92,-9.09,-13.51,2.31,,,2.17,1.3,2.5,LOW,100
ACCURACY.NS,HOLD,4.71,-0.66,6.32,2.76,,,4.39,5.13,1.33,LOW,80
PRUDMOULI.NS,HOLD,15.45,6.51,-6.36,3.1,,,13.91,17.5,1.33,LOW,100
DIGIKORE.NS,HOLD,39.25,-8.03,-0.13,2.75,,,34.26,45.91,1.33,LOW,80
AMDIND.NS,BUY,66.02,26.08,12.84,4.91,64.7,67.34,55.88,91.38,2.5,LOW,100
SILKFLEX.NS,BUY,271.1,21.75,11.59,3.63,265.68,276.52,240.4,347.85,2.5,LOW,100
BVCL.NS,SELL,41.0,-2.19,-4.5,1.99,,,45.24,30.39,2.5,LOW,100
CINEVISTA.NS,HOLD,14.32,-3.19,-0.69,1.28,,,13.25,15.75,1.33,LOW,80
MOTOGENFIN.NS,SELL,25.5,-5.56,-9.03,4.09,,,29.33,15.93,2.5,LOW,100
HISARMETAL.NS,HOLD,155.53,2.17,-0.28,1.74,,,145.11,169.43,1.33,LOW,80
JHS.NS,BUY,8.58,7.26,9.86,3.35,8.41,8.75,7.48,11.33,2.5,LOW,100
PRITI.NS,HOLD,33.3,-7.55,0.15,1.64,,,31.09,36.25,1.33,LOW,80
ENERGYDEV.NS,SELL,14.65,-10.65,-7.75,1.45,,,15.93,11.45,2.5,LOW,100
AAKASH.NS,HOLD,8.84,-0.51,2.31,2.88,,,8.18,9.72,1.33,LOW,80
KANDARP.NS,SELL,69.45,-28.37,-26.93,4.88,,,81.07,40.4,2.5,LOW,100
EFORCE.NS,SELL,19.0,-9.58,-5.0,4.16,,,21.5,12.75,2.5,LOW,100
FONEBOX.NS,BUY,131.25,43.98,31.25,3.65,128.62,133.88,123.14,151.54,2.5,LOW,100
ORCHASP.NS,BUY,1.64,6.2,17.14,4.67,1.61,1.67,1.42,2.18,2.5,LOW,100
SONAMAC.NS,HOLD,33.5,-0.5,0.9,3.51,,,31.26,36.49,1.33,LOW,60
TGL.NS,SELL,16.15,-14.9,-5.28,3.99,,,17.3,13.27,2.5,LOW,100
CLSL.NS,HOLD,78.85,10.52,-10.7,3.47,,,74.27,84.95,1.33,LOW,100
AISL.NS,HOLD,56.9,-1.79,0.53,3.15,,,52.9,62.24,1.33,LOW,80
PRAKASHSTL.NS,SELL,3.78,-4.34,-2.07,2.5,,,4.18,2.78,2.5,LOW,100
CURAA.NS,HOLD,72.0,-1.56,12.36,4.91,,,63.94,82.74,1.33,LOW,100
SUNDARAM.NS,SELL,1.19,-3.69,-4.8,2.72,,,1.27,1.0,2.5,LOW,100
DBSTOCKBRO.NS,SELL,28.01,-15.77,-3.48,2.24,,,30.77,21.12,2.5,LOW,100
MHHL.NS,HOLD,33.85,-1.18,7.46,2.73,,,32.74,35.34,1.33,LOW,100
KONSTELEC.NS,SELL,60.4,-0.75,-5.7,4.27,,,67.71,42.11,2.5,LOW,80
SANGANI.NS,BUY,53.9,10.48,1.41,3.12,52.82,54.98,49.76,64.26,2.5,LOW,80
VIAZ.NS,BUY,76.5,15.96,4.08,3.67,74.97,78.03,71.24,89.64,2.5,LOW,100
ALKALI.NS,BUY,73.46,1.21,14.42,8.09,71.99,74.93,61.76,102.7,2.5,LOW,100
PARTYCRUS.NS,BUY,90.55,5.62,8.44,4.91,88.74,92.36,80.46,115.78,2.5,LOW,100
BAWEJA.NS,SELL,23.0,-11.59,-3.56,3.51,,,25.0,18.0,2.5,LOW,100
AKI.NS,BUY,5.82,22.3,6.2,7.53,5.7,5.94,4.77,8.43,2.5,LOW,100
FCONSUMER.NS,HOLD,0.22,-13.52,0.0,1.31,,,0.22,0.22,0,LOW,80
AJOONI.NS,SELL,3.3,-13.51,-12.0,2.63,,,3.57,2.63,2.5,LOW,100
ANMOL.NS,BUY,14.5,32.13,45.44,6.72,14.21,14.79,11.95,20.89,2.5,LOW,100
BANKA.NS,SELL,75.6,-10.53,-3.78,2.8,,,84.31,53.82,2.5,LOW,100
NAGREEKEXP.NS,SELL,21.2,-6.98,-3.64,3.8,,,23.71,14.92,2.5,LOW,100
DELTAMAGNT.NS,SELL,54.5,-6.03,-4.74,1.5,,,60.57,39.32,2.5,LOW,100
MEGAFLEX.NS,HOLD,96.0,-3.18,1.05,2.86,,,93.96,98.71,1.33,LOW,80
HGM.NS,HOLD,46.04,-4.56,2.08,3.42,,,40.67,53.2,1.33,LOW,100
CEREBRAINT.NS,HOLD,2.81,-1.61,12.4,2.96,,,2.62,3.06,1.33,LOW,100
CTE.NS,HOLD,39.01,2.62,-14.02,3.98,,,34.91,44.47,1.33,LOW,100
SUVIDHAA.NS,HOLD,2.25,-7.89,2.74,4.92,,,1.9,2.72,1.33,LOW,100
ORIENTLTD.NS,HOLD,82.99,5.65,0.94,2.01,,,78.13,89.47,1.33,LOW,80
ARISTO.NS,BUY,112.0,5.1,4.67,2.18,109.76,114.24,109.8,117.5,2.5,LOW,100
SRIVASAVI.NS,SELL,71.0,-13.22,-5.59,2.51,,,76.06,58.34,2.5,LOW,100
NARMADA.NS,HOLD,13.76,-11.72,-0.51,3.11,,,12.69,15.19,1.33,LOW,80
ONDOOR.NS,HOLD,277.95,9.3,-7.66,4.75,,,250.17,314.99,1.33,LOW,100
PULZ.NS,BUY,24.45,3.22,9.4,3.22,23.96,24.94,23.02,28.02,2.5,LOW,100
TFL.NS,BUY,12.16,5.81,1.93,3.03,11.92,12.4,10.55,16.18,2.5,LOW,80
AGRITECH.NS,SELL,97.6,-8.43,-3.89,1.34,,,106.48,75.39,2.5,LOW,100
ARABIAN.NS,HOLD,78.1,-0.26,-10.84,2.52,,,75.0,82.24,1.33,LOW,80
BLBLIMITED.NS,HOLD,15.95,-0.49,-0.87,1.8,,,14.53,17.85,1.33,LOW,60
BLUECOAST.NS,SELL,21.09,-15.33,-9.64,3.5,,,24.04,13.73,2.5,LOW,100
BANARBEADS.NS,SELL,112.34,-1.61,-2.03,2.42,,,124.71,81.4,2.5,LOW,100
AGROPHOS.NS,SELL,23.75,-13.55,-9.87,3.65,,,27.11,15.36,2.5,LOW,100
DAMODARIND.NS,HOLD,28.2,-1.81,4.37,1.78,,,26.52,30.45,1.33,LOW,100
K2INFRA.NS,SELL,45.2,-15.3,-7.28,2.46,,,49.7,33.95,2.5,LOW,100
NOIDATOLL.NS,SELL,4.0,-7.28,-4.99,1.9,,,4.39,3.03,2.5,LOW,100
3PLAND.NS,SELL,30.99,-3.11,-1.59,1.18,,,33.86,23.81,2.5,LOW,80
AMEYA.NS,BUY,126.5,14.21,12.95,2.83,123.97,129.03,119.56,143.84,2.5,LOW,100
SECURKLOUD.NS,SELL,16.75,-6.49,-4.34,1.42,,,18.64,12.03,2.5,LOW,100
ROML.NS,SELL,41.27,-5.9,-2.04,2.05,,,44.14,34.1,2.5,LOW,100
PARASPETRO.NS,SELL,2.14,-3.86,-2.28,1.86,,,2.38,1.53,2.5,LOW,100
MARCO.NS,SELL,30.0,-6.39,-5.96,3.85,,,33.69,20.79,2.5,LOW,100
AHLADA.NS,HOLD,38.06,0.72,-1.6,3.96,,,35.11,42.0,1.33,LOW,60
TPHQ.NS,HOLD,0.54,11.25,-1.82,4.73,,,0.5,0.59,1.33,LOW,80
ATLASCYCLE.NS,SELL,91.79,-5.86,-3.94,4.79,,,103.43,62.69,2.5,LOW,100
SHEKHAWATI.NS,BUY,21.0,35.6,27.74,3.77,20.58,21.42,18.72,26.7,2.5,LOW,100
ORIENTALTL.NS,HOLD,4.99,-4.03,0.6,1.88,,,4.58,5.54,1.33,LOW,80
FMNL.NS,SELL,8.95,-5.91,-14.52,3.77,,,10.29,5.61,2.5,LOW,100
SAIFL.NS,SELL,4.35,-12.63,-9.38,2.12,,,4.76,3.33,2.5,LOW,100
SYNOPTICS.NS,SELL,46.9,-29.45,-14.34,2.92,,,49.86,39.49,2.5,LOW,100
NORBTEAEXP.NS,HOLD,67.68,0.48,3.66,2.83,,,62.62,74.43,1.33,LOW,80
BANG.NS,HOLD,33.33,7.87,-2.74,5.23,,,30.3,37.37,1.33,LOW,100
BIRDYS.NS,HOLD,85.45,-3.49,-0.87,1.97,,,84.12,87.22,1.33,LOW,80
FLEXITUFF.NS,SELL,2.46,-32.24,-3.15,3.86,,,2.72,1.8,2.5,LOW,100
LRRPL.NS,BUY,90.05,2.32,4.71,1.99,88.25,91.85,86.68,98.48,2.5,LOW,100
ANSALAPI.NS,BUY,3.52,10.0,7.98,1.64,3.45,3.59,3.35,3.95,2.5,LOW,100
GATECH.NS,SELL,0.7,-2.45,-26.32,3.95,,,0.78,0.51,2.5,LOW,100
BALKRISHNA.NS,SELL,16.99,-2.65,-1.22,1.93,,,18.63,12.89,2.5,LOW,80
SWASTIK.NS,SELL,16.65,-9.91,-20.71,3.25,,,17.74,13.92,2.5,LOW,100
NIBL.NS,HOLD,30.77,-6.33,-0.32,2.84,,,27.72,34.84,1.33,LOW,80
JAIPURKURT.NS,SELL,24.87,-7.64,-4.71,1.78,,,27.08,19.34,2.5,LOW,100
VERTEXPLUS.NS,BUY,69.35,38.74,34.79,2.73,67.96,70.74,65.43,79.15,2.5,LOW,100
CELEBRITY.NS,HOLD,6.87,-1.53,3.78,1.67,,,6.41,7.48,1.33,LOW,100
GRAPHISAD.NS,SELL,25.3,-7.46,-6.64,2.58,,,27.73,19.23,2.5,LOW,100
RILINFRA.NS,SELL,33.55,-9.7,-6.55,2.73,,,36.59,25.94,2.5,LOW,100
DURLAX.NS,HOLD,57.75,0.56,-11.7,3.25,,,52.55,64.69,1.33,LOW,80
JETFREIGHT.NS,SELL,18.75,-15.25,-11.43,1.93,,,20.68,13.93,2.5,LOW,100
SERVICE.NS,HOLD,65.75,4.97,-8.68,2.25,,,60.86,72.27,1.33,LOW,100
GSS.NS,SELL,10.3,-16.65,-13.45,2.4,,,11.74,6.7,2.5,LOW,100
BIOFILCHEM.NS,BUY,33.51,2.46,2.82,4.56,32.84,34.18,29.55,43.42,2.5,LOW,100
DHANLAXMI.NS,SELL,23.6,-5.4,-5.6,4.5,,,24.6,21.1,2.5,LOW,100
ARCHIES.NS,SELL,12.39,-9.1,-5.56,1.72,,,13.57,9.45,2.5,LOW,100
GAYAHWS.NS,SELL,1.88,-2.45,-6.93,1.71,,,2.11,1.3,2.5,LOW,100
DANGEE.NS,SELL,2.7,-8.62,-4.26,2.16,,,3.05,1.84,2.5,LOW,100
KARMAENG.NS,BUY,40.0,3.46,5.29,2.86,39.2,40.8,35.18,52.04,2.5,LOW,100
TNTELE.NS,HOLD,8.86,-1.85,-0.56,0.9,,,8.27,9.64,1.33,LOW,80
MALUPAPER.NS,BUY,32.5,0.82,1.75,2.72,31.85,33.15,29.0,41.25,2.5,LOW,60
BLUEPEBBLE.NS,BUY,79.5,11.44,26.19,5.95,77.91,81.09,69.7,104.0,2.5,LOW,100
RKDL.NS,HOLD,18.31,-2.55,-0.44,1.3,,,17.33,19.62,1.33,LOW,80
ICDSLTD.NS,BUY,60.5,34.69,47.49,7.91,59.29,61.71,49.72,87.44,2.5,LOW,100
PALREDTEC.NS,SELL,49.9,-2.72,-6.04,3.79,,,56.32,33.85,2.5,LOW,100
AGSTRA.NS,SELL,1.92,-8.54,-3.52,1.52,,,2.1,1.46,2.5,LOW,100
MANUGRAPH.NS,BUY,15.31,1.5,2.82,2.33,15.0,15.62,13.64,19.49,2.5,LOW,100
LFIC.NS,HOLD,135.0,-3.71,-0.67,2.99,,,121.86,152.52,1.33,LOW,80
GOLDENTOBC.NS,SELL,23.71,-4.78,-1.41,2.57,,,26.2,17.49,2.5,LOW,80
PRESSTONIC.NS,SELL,29.4,-1.51,-13.53,5.59,,,33.65,18.77,2.5,LOW,100
CADSYS.NS,SELL,44.1,-20.17,-8.7,1.68,,,45.06,41.71,2.5,LOW,100
VINNY.NS,SELL,0.98,-6.63,-6.67,1.07,,,1.03,0.84,2.5,LOW,100
SHIVAMILLS.NS,SELL,60.0,-1.99,-3.83,1.93,,,65.58,46.04,2.5,LOW,100
UWCSL.NS,BUY,122.45,19.51,21.48,2.57,120.0,124.9,119.21,130.54,2.5,LOW,100
LEXUS.NS,SELL,13.56,-4.42,-2.09,3.52,,,15.67,8.3,2.5,LOW,100
BABAFP.NS,SELL,20.7,-11.93,-8.0,4.84,,,23.11,14.68,2.5,LOW,100
HBSL.NS,HOLD,53.99,2.45,0.84,1.84,,,50.26,58.96,1.33,LOW,80
BMETRICS.NS,HOLD,34.1,-5.01,1.79,4.19,,,30.94,38.31,1.33,LOW,80
ADROITINFO.NS,BUY,11.03,11.82,7.09,2.3,10.81,11.25,9.74,14.26,2.5,LOW,100
AUROIMPEX.NS,BUY,29.2,12.49,20.91,3.41,28.62,29.78,27.21,34.18,2.5,LOW,100
TARAPUR.NS,SELL,12.81,-15.17,-3.9,2.79,,,14.65,8.22,2.5,LOW,100
RCDL.NS,SELL,13.8,-39.48,-18.26,5.82,,,16.26,7.66,2.5,LOW,100
SEL.NS,BUY,363.85,33.82,17.24,2.15,356.57,371.13,338.9,426.23,2.5,LOW,100
LCCINFOTEC.NS,SELL,3.28,-17.53,-7.61,4.99,,,4.0,1.47,2.5,LOW,100
MCON.NS,SELL,41.2,-5.84,-6.47,3.51,,,44.79,32.24,2.5,LOW,100
ASTRON.NS,SELL,2.99,-14.16,-3.55,2.26,,,3.32,2.17,2.5,LOW,100
KHAITANLTD.NS,BUY,152.36,6.6,9.52,3.05,149.31,155.41,132.8,201.26,2.5,LOW,100
AROGRANITE.NS,SELL,22.31,-10.58,-9.89,1.55,,,24.58,16.64,2.5,LOW,100
SIMBHALS.NS,SELL,6.8,-6.96,-19.34,3.32,,,7.21,5.77,2.5,LOW,100
HYBRIDFIN.NS,SELL,16.55,-6.62,-4.06,1.9,,,17.89,13.2,2.5,LOW,100
VISHWAS.NS,HOLD,41.85,-3.09,-0.59,2.59,,,40.98,43.01,1.33,LOW,80
QUICKTOUCH.NS,HOLD,17.05,-15.35,6.23,3.9,,,16.08,18.34,1.33,LOW,100
21STCENMGM.NS,SELL,37.7,-3.38,-6.54,1.5,,,40.05,31.83,2.5,LOW,100
DKEGL.NS,HOLD,70.0,4.1,-1.62,3.82,,,66.92,74.11,1.33,LOW,80
DNAMEDIA.NS,SELL,2.38,-11.82,-10.53,2.62,,,2.82,1.29,2.5,LOW,100
LASA.NS,SELL,6.2,-12.75,-10.4,1.69,,,6.73,4.86,2.5,LOW,100
PENTAGON.NS,BUY,91.4,56.46,79.22,7.5,89.57,93.23,81.46,116.26,2.5,LOW,100
RULKA.NS,SELL,105.0,-2.88,-4.85,2.51,,,114.04,82.39,2.5,LOW,100
UCL.NS,HOLD,239.95,7.52,-5.83,0.82,,,238.36,242.07,1.33,LOW,100
SUPERSPIN.NS,BUY,7.19,19.23,10.28,2.23,7.05,7.33,6.56,8.77,2.5,LOW,100
COUNCODOS.NS,SELL,6.3,-1.41,-5.55,1.74,,,6.84,4.96,2.5,LOW,100
WEWIN.NS,SELL,40.9,-9.72,-7.63,2.23,,,45.0,30.65,2.5,LOW,100
MADHUCON.NS,SELL,3.99,-23.07,-19.72,2.45,,,4.63,2.4,2.5,LOW,100
AGNI.NS,HOLD,16.45,-0.96,6.13,3.0,,,15.82,17.29,1.33,LOW,80
MASKINVEST.NS,SELL,137.0,-8.49,-10.01,3.04,,,153.34,96.14,2.5,LOW,100
ITALIANE.NS,SELL,31.0,-5.23,-9.09,3.4,,,33.47,24.82,2.5,LOW,100
ARSHIYA.NS,SELL,0.75,-17.78,-2.6,2.48,,,0.84,0.51,2.5,LOW,100
MOXSH.NS,SELL,93.9,-10.75,-13.85,2.93,,,98.61,82.11,2.5,LOW,100
SEYAIND.NS,BUY,12.64,0.82,3.61,1.41,12.39,12.89,11.88,14.55,2.5,LOW,80
PEARLPOLY.NS,HOLD,16.15,-2.48,4.26,1.9,,,15.04,17.62,1.33,LOW,100
SVPGLOB.NS,SELL,3.36,-10.8,-7.18,1.59,,,3.8,2.25,2.5,LOW,100
MILTON.NS,SELL,36.1,-2.47,-5.0,2.46,,,38.46,30.19,2.5,LOW,100
SAGARDEEP.NS,HOLD,23.88,-1.17,1.02,1.07,,,22.39,25.86,1.33,LOW,80
PROLIFE.NS,HOLD,79.0,0.6,-1.86,2.25,,,77.77,80.64,1.33,LOW,60
GANGAFORGE.NS,SELL,1.59,-17.98,-5.92,3.75,,,1.77,1.15,2.5,LOW,100
NGIL.NS,SELL,34.77,-11.69,-15.11,3.52,,,39.73,22.37,2.5,LOW,100
UMA.NS,HOLD,17.5,7.78,-5.66,4.75,,,16.39,18.99,1.33,LOW,100
ADL.NS,HOLD,73.0,1.62,-3.63,2.87,,,66.23,82.03,1.33,LOW,100
ABMINTLLTD.NS,HOLD,51.0,3.73,-7.58,3.15,,,48.83,53.9,1.33,LOW,100
AKASH.NS,HOLD,24.67,-4.93,-0.52,1.52,,,23.21,26.61,1.33,LOW,80
AATMAJ.NS,BUY,19.25,2.94,5.48,3.03,18.86,19.64,18.39,21.41,2.5,LOW,100
HRHNEXT.NS,SELL,24.4,-7.66,-1.21,3.92,,,26.81,18.38,2.5,LOW,80
PRECISION.NS,SELL,6.45,-12.05,-7.86,3.74,,,6.97,5.15,2.5,LOW,100
DEEM.NS,HOLD,41.95,-9.49,6.34,2.69,,,40.02,44.52,1.33,LOW,100
AMBICAAGAR.NS,HOLD,24.6,-1.22,1.32,2.73,,,22.23,27.76,1.33,LOW,80
MOHITIND.NS,SELL,23.22,-2.21,-3.57,2.68,,,26.23,15.69,2.5,LOW,100
JFLLIFE.NS,SELL,10.15,-10.97,-4.69,2.92,,,10.63,8.95,2.5,LOW,100
KONTOR.NS,SELL,54.75,-5.54,-2.23,3.31,,,58.83,44.55,2.5,LOW,100
VIJIFIN.NS,HOLD,14.71,24.67,-4.11,1.95,,,14.18,15.41,1.33,LOW,100
SIGNORIA.NS,HOLD,159.0,3.64,-1.85,1.51,,,156.93,161.76,1.33,LOW,80
AKSHAR.NS,BUY,0.42,1.06,2.44,1.46,0.41,0.43,0.38,0.51,2.5,LOW,100
KEEPLEARN.NS,SELL,1.83,-3.39,-5.67,3.36,,,2.08,1.2,2.5,LOW,100
RADIOWALLA.NS,SELL,24.0,-11.13,-16.81,3.45,,,25.94,19.14,2.5,LOW,100
JETKNIT.NS,HOLD,48.45,-17.51,0.0,2.03,,,47.9,49.19,1.33,LOW,80
PNC.NS,SELL,16.43,-12.01,-5.08,1.93,,,19.04,9.9,2.5,LOW,100
NEXTMEDIA.NS,SELL,3.78,-4.09,-24.1,6.97,,,4.56,1.84,2.5,LOW,100
WALPAR.NS,SELL,22.4,-29.67,-17.19,3.21,,,24.67,16.72,2.5,LOW,100
ASHOKAMET.NS,BUY,15.26,7.13,11.96,5.61,14.95,15.57,12.99,20.94,2.5,LOW,100
BOHRAIND.NS,HOLD,13.35,-3.53,8.1,3.48,,,11.46,15.87,1.33,LOW,100
TIMESCAN.NS,HOLD,39.5,-2.59,0.0,1.12,,,39.34,39.71,1.33,LOW,80
NKIND.NS,HOLD,56.9,-5.6,-0.59,5.82,,,49.47,66.81,1.33,LOW,80
AKG.NS,BUY,10.24,6.22,13.53,2.66,10.04,10.44,8.72,14.04,2.5,LOW,100
AGARWALFT.NS,SELL,26.7,-25.46,-12.46,3.16,,,28.79,21.49,2.5,LOW,100
LAXMICOT.NS,HOLD,13.4,-4.35,5.02,4.01,,,11.87,15.44,1.33,LOW,100
SITINET.NS,HOLD,0.29,-3.07,0.0,2.62,,,0.27,0.32,1.33,LOW,80
MEDIORG.NS,SELL,22.8,-7.84,-11.11,3.25,,,24.29,19.09,2.5,LOW,100
MADHAV.NS,HOLD,34.5,-1.86,-0.06,2.61,,,31.94,37.91,1.33,LOW,80
TRIDHYA.NS,SELL,7.25,-20.67,-12.65,2.69,,,7.64,6.27,2.5,LOW,100
MONOPHARMA.NS,HOLD,8.95,-4.03,-0.56,2.42,,,8.62,9.39,1.33,LOW,80
SGL.NS,SELL,9.91,-0.65,-4.62,1.95,,,11.01,7.17,2.5,LOW,80
KRIDHANINF.NS,SELL,1.85,-18.69,-7.5,1.73,,,2.08,1.28,2.5,LOW,100
KANANIIND.NS,SELL,1.42,-5.53,-6.58,1.89,,,1.6,0.98,2.5,LOW,100
KSR.NS,BUY,45.23,46.7,57.87,4.76,44.33,46.13,39.83,58.72,2.5,LOW,100
KKVAPOW.NS,SELL,364.0,-18.65,-1.09,2.46,,,371.19,346.04,2.5,LOW,80
NEUEON.NS,SELL,11.45,-19.39,-9.7,3.7,,,13.07,7.41,2.5,LOW,100
VINEETLAB.NS,SELL,35.93,-3.61,-7.54,2.21,,,39.74,26.4,2.5,LOW,100
SATIPOLY.NS,SELL,36.9,-8.54,-7.63,3.83,,,39.21,31.11,2.5,LOW,100
TAPIFRUIT.NS,HOLD,49.0,-1.44,0.0,1.36,,,48.67,49.44,1.33,LOW,80
WILLAMAGOR.NS,HOLD,23.67,-6.28,-0.34,2.35,,,21.21,26.95,1.33,LOW,80
TECILCHEM.NS,HOLD,9.4,-0.76,-0.32,6.14,,,7.91,11.38,1.33,LOW,60
MEP.NS,HOLD,0.64,2.3,-12.33,1.67,,,0.62,0.67,1.33,LOW,100
KHANDSE.NS,BUY,17.82,2.25,4.64,2.71,17.46,18.18,15.26,24.23,2.5,LOW,100
NAGREEKCAP.NS,BUY,27.98,19.59,25.19,3.5,27.42,28.54,24.48,36.73,2.5,LOW,100
KAUSHALYA.NS,HOLD,854.0,-6.72,-0.44,1.86,,,813.32,908.24,1.33,LOW,80
INFOMEDIA.NS,BUY,5.48,1.48,5.18,2.73,5.37,5.59,4.73,7.35,2.5,LOW,100
BILVYAPAR.NS,BUY,4.14,1.2,2.73,2.03,4.06,4.22,3.71,5.21,2.5,LOW,100
VILINBIO.NS,BUY,59.0,29.94,31.99,3.46,57.82,60.18,54.59,70.02,2.5,LOW,100
MITTAL.NS,SELL,0.75,-15.16,-8.54,2.91,,,0.87,0.44,2.5,LOW,100
AGUL.NS,HOLD,45.75,-14.59,-0.33,2.42,,,44.71,47.14,1.33,LOW,80
SKIL.NS,BUY,0.9,1.17,8.43,1.73,0.88,0.92,0.88,0.96,2.5,LOW,100
CELLPOINT.NS,SELL,15.5,-6.22,-4.91,3.81,,,17.01,11.73,2.5,LOW,100
ROLLT.NS,BUY,5.44,67.96,35.66,3.76,5.33,5.55,4.82,6.99,2.5,LOW,100
TGBHOTELS.NS,HOLD,9.35,1.05,-4.98,2.77,,,8.3,10.75,1.33,LOW,100
ASPIRE.NS,SELL,13.1,-5.85,-2.96,2.6,,,14.03,10.78,2.5,LOW,100
SHRENIK.NS,HOLD,0.3,-6.37,0.0,2.35,,,0.28,0.33,1.33,LOW,80
VSCL.NS,SELL,19.8,-21.57,-14.29,3.67,,,20.82,17.25,2.5,LOW,100
TREEHOUSE.NS,SELL,6.05,-3.13,-3.2,2.57,,,6.9,3.93,2.5,LOW,100
LIBAS.NS,BUY,12.27,18.94,16.41,2.94,12.02,12.52,10.49,16.72,2.5,LOW,100
DIL.NS,HOLD,0.65,-12.63,0.0,1.33,,,0.65,0.65,0,LOW,80
FLFL.NS,SELL,1.11,-9.95,-7.5,2.31,,,1.27,0.71,2.5,LOW,100
YUDIZ.NS,SELL,22.3,-9.47,-6.5,4.02,,,24.67,16.37,2.5,LOW,100
MICROPRO.NS,SELL,18.4,-3.33,-1.34,2.02,,,19.54,15.54,2.5,LOW,80
CONTI.NS,HOLD,11.1,-0.97,1.37,3.53,,,10.63,11.72,1.33,LOW,60
HAVISHA.NS,BUY,1.36,3.33,3.82,3.27,1.33,1.39,1.17,1.82,2.5,LOW,100
GFSTEELS.NS,BUY,24.23,58.99,61.53,4.15,23.75,24.71,22.91,27.53,2.5,LOW,100
MFML.NS,HOLD,18.68,-1.4,1.8,2.17,,,16.97,20.96,1.33,LOW,80
MORARJEE.NS,SELL,8.76,-17.25,-9.69,1.79,,,8.97,8.25,2.5,LOW,100
KSHITIJPOL.NS,BUY,4.02,33.39,40.56,4.27,3.94,4.1,3.59,5.08,2.5,LOW,100
EASTSILK.NS,BUY,63.6,8.89,3.0,3.87,62.33,64.87,54.74,85.74,2.5,LOW,100
AILIMITED.NS,HOLD,19.1,-32.56,11.37,4.57,,,17.97,20.61,1.33,LOW,100
SPRL.NS,HOLD,102.0,0.65,0.49,0.15,,,101.95,102.07,1.33,LOW,60
MANDEEP.NS,SELL,17.0,-9.92,-6.59,2.13,,,17.58,15.55,2.5,LOW,100
CYBERMEDIA.NS,BUY,22.11,25.55,20.42,6.27,21.67,22.55,17.78,32.95,2.5,LOW,100
MANAV.NS,BUY,40.75,31.39,18.46,2.21,39.94,41.56,39.26,44.46,2.5,LOW,100
SUPREMEENG.NS,BUY,3.51,49.68,24.03,0.62,3.44,3.58,3.38,3.84,2.5,LOW,100
TVVISION.NS,SELL,2.5,-39.17,-31.69,3.61,,,2.94,1.39,2.5,LOW,100
NIDAN.NS,SELL,13.25,-1.41,-1.85,5.76,,,15.44,7.79,2.5,LOW,80
ANKITMETAL.NS,HOLD,1.7,7.46,-2.3,2.92,,,1.62,1.81,1.33,LOW,100
SANGINITA.NS,BUY,69.67,19.89,24.48,4.05,68.28,71.06,64.7,82.09,2.5,LOW,100
GUJRAFFIA.NS,BUY,41.39,2.46,3.47,1.82,40.56,42.22,37.89,50.15,2.5,LOW,100
CALSOFT.NS,HOLD,36.6,34.72,-1.8,4.85,,,32.9,41.53,1.33,LOW,80
GTECJAINX.NS,HOLD,28.0,-1.59,0.04,3.88,,,25.37,31.5,1.33,LOW,80
ACEINTEG.NS,HOLD,17.98,-4.18,5.45,2.28,,,16.39,20.1,1.33,LOW,100
RETAIL.NS,SELL,16.65,-3.92,-2.57,3.1,,,19.29,10.06,2.5,LOW,100
FEL.NS,SELL,0.36,-5.21,-5.26,1.91,,,0.39,0.29,2.5,LOW,100
YCCL.NS,SELL,8.5,-11.46,-11.92,2.53,,,9.06,7.11,2.5,LOW,100
CMRSL.NS,BUY,78.0,17.54,20.0,3.71,76.44,79.56,73.79,88.54,2.5,LOW,100
SANWARIA.NS,HOLD,0.19,-2.66,0.0,2.42,,,0.17,0.22,1.33,LOW,80
VCL.NS,HOLD,1.63,9.19,-15.1,4.69,,,1.46,1.86,1.33,LOW,100
INSPIRE.NS,BUY,9.25,5.87,13.5,3.03,9.06,9.44,8.81,10.34,2.5,LOW,100
VIVIDHA.NS,HOLD,0.52,-0.31,4.0,1.72,,,0.47,0.58,1.33,LOW,80
DHTL.NS,SELL,30.9,-10.04,-4.78,3.11,,,32.24,27.54,2.5,LOW,100
HEADSUP.NS,HOLD,6.93,0.89,0.87,2.87,,,6.2,7.91,1.33,LOW,60
BLUECHIP.NS,HOLD,2.06,3.73,-5.5,1.33,,,2.03,2.1,1.33,LOW,100
SHANTHALA.NS,HOLD,16.65,-9.29,0.3,5.46,,,16.31,17.11,1.33,LOW,80
MPTODAY.NS,SELL,41.55,-7.32,-4.92,1.53,,,42.08,40.23,2.5,LOW,100
MAKS.NS,HOLD,14.35,-15.7,7.89,6.01,,,13.28,15.78,1.33,LOW,100
MARINETRAN.NS,HOLD,15.3,-0.16,-4.97,1.49,,,15.21,15.41,1.33,LOW,80
NIRAJISPAT.NS,HOLD,285.0,19.27,-19.74,8.65,,,245.47,337.7,1.33,LOW,100
SUNREST.NS,HOLD,37.1,-0.49,-6.31,5.0,,,34.88,40.06,1.33,LOW,80
QFIL.NS,BUY,63.0,2.48,5.0,1.12,61.74,64.26,62.57,64.07,2.5,LOW,100
TIJARIA.NS,BUY,7.71,36.48,24.15,7.16,7.56,7.86,6.17,11.57,2.5,LOW,100
SILLYMONKS.NS,HOLD,16.05,0.19,0.25,2.8,,,14.51,18.1,1.33,LOW,60
RADAAN.NS,SELL,2.86,-4.51,-6.84,2.13,,,3.27,1.85,2.5,LOW,100
UNIINFO.NS,HOLD,11.42,-3.34,2.15,1.81,,,10.53,12.6,1.33,LOW,100
ISHAN.NS,HOLD,0.5,1.01,-9.09,5.03,,,0.47,0.54,1.33,LOW,100
JIWANRAM.NS,SELL,4.05,-16.51,-12.9,2.71,,,4.39,3.21,2.5,LOW,100
VERITAAS.NS,SELL,26.65,-21.42,-15.26,2.44,,,28.25,22.65,2.5,LOW,100
UNIVAFOODS.NS,BUY,9.48,5.95,4.98,1.11,9.29,9.67,9.42,9.64,2.5,LOW,100
EDUCOMP.NS,HOLD,0.9,-1.08,0.0,0.68,,,0.88,0.92,1.33,LOW,80
SHUBHLAXMI.NS,SELL,18.4,-8.58,-5.4,2.32,,,19.11,16.63,2.5,LOW,100
ONELIFECAP.NS,HOLD,33.1,-3.78,1.97,2.2,,,30.07,37.14,1.33,LOW,80
WINNY.NS,SELL,29.5,-10.56,-7.96,2.05,,,29.87,28.57,2.5,LOW,100
GLFL.NS,SELL,5.09,-8.61,-12.24,3.06,,,5.82,3.26,2.5,LOW,100
TCIFINANCE.NS,SELL,14.7,-3.78,-3.61,1.08,,,16.28,10.76,2.5,LOW,100
GSTL.NS,SELL,10.45,-29.16,-18.04,3.16,,,11.78,7.13,2.5,LOW,100
IMPEXFERRO.NS,BUY,5.48,61.68,25.11,0.6,5.37,5.59,5.26,6.02,2.5,LOW,100
SAROJA.NS,HOLD,39.75,18.05,-2.93,3.27,,,38.04,42.03,1.33,LOW,100
COMPINFO.NS,HOLD,1.06,-5.22,-0.93,3.11,,,0.95,1.2,1.33,LOW,80
ANTGRAPHIC.NS,HOLD,0.73,-1.88,0.0,2.13,,,0.67,0.81,1.33,LOW,80
QUADPRO.NS,BUY,3.0,22.3,25.0,2.11,2.94,3.06,2.91,3.21,2.5,LOW,100
PLADAINFO.NS,BUY,11.9,12.11,20.2,2.16,11.66,12.14,11.61,12.61,2.5,LOW,100
SHYAMTEL.NS,SELL,11.0,-24.89,-17.6,4.18,,,12.65,6.89,2.5,LOW,100
CREATIVEYE.NS,SELL,5.69,-7.13,-6.11,2.24,,,6.57,3.49,2.5,LOW,100
ARENTERP.NS,SELL,33.4,-10.42,-9.66,2.61,,,36.67,25.21,2.5,LOW,100
MTEDUCARE.NS,SELL,1.66,-10.89,-6.74,3.66,,,1.94,0.96,2.5,LOW,100
UMESLTD.NS,SELL,4.24,-22.59,-22.2,4.67,,,5.11,2.06,2.5,LOW,100
VIVO.NS,HOLD,151.05,27.34,-5.59,2.17,,,149.23,153.47,1.33,LOW,100
GLOBALE.NS,BUY,11.5,3.56,2.68,2.53,11.27,11.73,10.06,15.09,2.5,LOW,100
KALYANI.NS,HOLD,144.99,3.75,0.0,1.12,,,144.25,145.98,1.33,LOW,80
EUROTEXIND.NS,SELL,11.74,-13.34,-16.08,1.85,,,12.06,10.93,2.5,LOW,100
AHIMSA.NS,HOLD,25.75,1.94,-0.19,0.09,,,25.74,25.76,0,LOW,80
INDIFRA.NS,HOLD,12.85,6.06,0.0,1.2,,,12.73,13.01,1.33,LOW,80
AMIABLE.NS,BUY,73.95,4.85,13.77,4.27,72.47,75.43,70.11,83.56,2.5,LOW,100
SHANTI.NS,SELL,6.11,-7.09,-7.28,2.25,,,7.11,3.6,2.5,LOW,100
DCMFINSERV.NS,SELL,5.2,-1.04,-2.26,2.35,,,5.87,3.52,2.5,LOW,100
TRANSWIND.NS,HOLD,11.3,-9.69,0.0,2.33,,,11.13,11.53,1.33,LOW,80
RITEZONE.NS,BUY,21.45,6.08,25.81,3.39,21.02,21.88,20.42,24.02,2.5,LOW,100
PREMIER.NS,HOLD,2.84,0.12,-3.4,3.19,,,2.56,3.21,1.33,LOW,80
ORTINGLOBE.NS,BUY,17.33,11.35,13.27,2.96,16.98,17.68,15.61,21.64,2.5,LOW,100
SABAR.NS,BUY,9.5,41.12,20.25,3.45,9.31,9.69,9.06,10.61,2.5,LOW,100
FALCONTECH.NS,BUY,12.9,7.43,1.18,2.12,12.64,13.16,12.21,14.63,2.5,LOW,80
CBAZAAR.NS,SELL,4.5,-17.63,-4.26,1.33,,,4.56,4.36,2.5,LOW,100
ACCORD.NS,SELL,188.45,-4.89,-4.99,1.12,,,189.86,184.91,2.5,LOW,100
SMVD.NS,HOLD,16.15,5.49,-5.0,1.92,,,16.06,16.27,1.33,LOW,100
SETUINFRA.NS,BUY,0.61,30.51,24.49,3.05,0.6,0.62,0.55,0.76,2.5,LOW,100
JALAN.NS,HOLD,1.8,1.24,-5.26,1.74,,,1.78,1.82,1.33,LOW,100
CMICABLES.NS,HOLD,2.62,-3.69,3.56,1.11,,,2.59,2.66,1.33,LOW,100
LAKPRE.NS,BUY,5.19,3.28,11.13,4.81,5.09,5.29,4.37,7.25,2.5,LOW,100
BGLOBAL.NS,SELL,3.05,-3.81,-3.48,1.1,,,3.12,2.86,2.5,LOW,100
ORTEL.NS,SELL,1.76,-7.42,-7.37,1.83,,,1.8,1.67,2.5,LOW,100
QUINTEGRA.NS,SELL,1.15,-12.15,-4.96,1.49,,,1.19,1.05,2.5,LOW,100
VASA.NS,SELL,3.55,-16.92,-16.47,2.4,,,3.65,3.3,2.5,LOW,100
AHLWEST.NS,BUY,557.0,1.85,1.44,3.79,545.86,568.14,495.7,710.25,2.5,LOW,80
BURNPUR.NS,SELL,17.5,-30.37,-1.46,7.3,,,20.12,10.96,2.5,LOW,80
CLCIND.NS,HOLD,47.67,-7.07,0.4,1.49,,,46.61,49.08,1.33,LOW,80
DSKULKARNI.NS,BUY,22.27,48.0,21.63,2.39,21.82,22.72,21.56,24.06,2.5,LOW,100
MBECL.NS,BUY,382.47,245.22,484.82,53.56,374.82,390.12,337.17,495.71,2.5,ELEVATED,80
MCX.NS,BUY,3260.0,9.01,2.83,2.03,3194.8,3325.2,3048.2,3789.5,2.5,LOW,100
