ticker,current_price,decision,target_price,stop_loss,scores
RELIANCE.NS,1314.5999755859375,InvestmentDecision.AVOID,0,0,"{'fundamental_score': 4.7, 'technical_score': 0, 'confidence': 0}"
HDFCBANK.NS,748.25,InvestmentDecision.AVOID,0,0,"{'fundamental_score': 2.7, 'technical_score': 0, 'confidence': 0}"
BHARTIARTL.NS,1814.199951171875,InvestmentDecision.AVOID,0,0,"{'fundamental_score': 3.1, 'technical_score': 0, 'confidence': 0}"
TCS.NS,2446.89990234375,InvestmentDecision.AVOID,0,0,"{'fundamental_score': 7.7, 'technical_score': 0, 'confidence': 0}"
ICICIBANK.NS,1226.5999755859375,InvestmentDecision.AVOID,0,0,"{'fundamental_score': 3.1, 'technical_score': 0, 'confidence': 0}"
INFY.NS,1270.800048828125,InvestmentDecision.AVOID,0,0,"{'fundamental_score': 6.0, 'technical_score': 0, 'confidence': 0}"
BAJFINANCE.NS,882.0,InvestmentDecision.AVOID,0,0,"{'fundamental_score': 5.9, 'technical_score': 0, 'confidence': 0}"
HINDUNILVR.NS,2093.699951171875,InvestmentDecision.AVOID,0,0,"{'fundamental_score': 3.5, 'technical_score': 0, 'confidence': 0}"
LICI.NS,400.70001220703125,InvestmentDecision.AVOID,0,0,"{'fundamental_score': 6.3, 'technical_score': 0, 'confidence': 0}"
LT.NS,4000.89990234375,InvestmentDecision.AVOID,0,0,"{'fundamental_score': 4.6, 'technical_score': 0, 'confidence': 0}"
ITC.NS,283.25,InvestmentDecision.AVOID,0,0,"{'fundamental_score': 7.8, 'technical_score': 0, 'confidence': 0}"
MARUTI.NS,13022.0,InvestmentDecision.AVOID,0,0,"{'fundamental_score': 5.5, 'technical_score': 0, 'confidence': 0}"
M&M.NS,2998.300048828125,InvestmentDecision.AVOID,0,0,"{'fundamental_score': 5.4, 'technical_score': 0, 'confidence': 0}"
HCLTECH.NS,1243.5,InvestmentDecision.AVOID,0,0,"{'fundamental_score': 5.5, 'technical_score': 0, 'confidence': 0}"
KOTAKBANK.NS,379.04998779296875,InvestmentDecision.AVOID,0,0,"{'fundamental_score': 4.7, 'technical_score': 0, 'confidence': 0}"
SUNPHARMA.NS,1789.9000244140625,InvestmentDecision.AVOID,0,0,"{'fundamental_score': 6.7, 'technical_score': 0, 'confidence': 0}"
AXISBANK.NS,1251.0999755859375,InvestmentDecision.AVOID,0,0,"{'fundamental_score': 2.7, 'technical_score': 0, 'confidence': 0}"
ULTRACEMCO.NS,11165.0,InvestmentDecision.AVOID,0,0,"{'fundamental_score': 5.5, 'technical_score': 0, 'confidence': 0}"
BAJAJFINSV.NS,1741.4000244140625,InvestmentDecision.AVOID,0,0,"{'fundamental_score': 5.2, 'technical_score': 0, 'confidence': 0}"
TITAN.NS,4078.10009765625,InvestmentDecision.AVOID,0,0,"{'fundamental_score': 4.5, 'technical_score': 0, 'confidence': 0}"
HAL.NS,4278.5,InvestmentDecision.AVOID,0,0,"{'fundamental_score': 8.7, 'technical_score': 0, 'confidence': 0}"
ADANIPORTS.NS,1814.5,InvestmentDecision.AVOID,0,0,"{'fundamental_score': 5.55, 'technical_score': 0, 'confidence': 0}"
ETERNAL.NS,250.75,InvestmentDecision.AVOID,0,0,"{'fundamental_score': 5.5, 'technical_score': 0, 'confidence': 0}"
BEL.NS,407.8500061035156,InvestmentDecision.AVOID,0,0,"{'fundamental_score': 8.7, 'technical_score': 0, 'confidence': 0}"
ADANIENT.NS,2968.10009765625,InvestmentDecision.AVOID,0,0,"{'fundamental_score': 5.6, 'technical_score': 0, 'confidence': 0}"
DMART.NS,4057.0,InvestmentDecision.AVOID,0,0,"{'fundamental_score': 5.500000000000001, 'technical_score': 0, 'confidence': 0}"
JSWSTEEL.NS,1310.800048828125,InvestmentDecision.AVOID,0,0,"{'fundamental_score': 5.199999999999999, 'technical_score': 0, 'confidence': 0}"
ADANIPOWER.NS,235.92999267578125,InvestmentDecision.AVOID,0,0,"{'fundamental_score': 8.25, 'technical_score': 0, 'confidence': 0}"
WIPRO.NS,209.83999633789062,InvestmentDecision.AVOID,0,0,"{'fundamental_score': 3.5, 'technical_score': 0, 'confidence': 0}"
ASIANPAINT.NS,2660.699951171875,InvestmentDecision.AVOID,0,0,"{'fundamental_score': 5.5, 'technical_score': 0, 'confidence': 0}"
BAJAJ-AUTO.NS,10281.0,InvestmentDecision.AVOID,0,0,"{'fundamental_score': 7.050000000000001, 'technical_score': 0, 'confidence': 0}"
NESTLEIND.NS,1398.699951171875,InvestmentDecision.AVOID,0,0,"{'fundamental_score': 6.7, 'technical_score': 0, 'confidence': 0}"
INDIGO.NS,4466.10009765625,InvestmentDecision.AVOID,0,0,"{'fundamental_score': 6.0, 'technical_score': 0, 'confidence': 0}"
TATASTEEL.NS,210.60000610351562,InvestmentDecision.AVOID,0,0,"{'fundamental_score': 5.05, 'technical_score': 0, 'confidence': 0}"
TMPV.NS,390.20001220703125,InvestmentDecision.AVOID,0,0,"{'fundamental_score': 5.3500000000000005, 'technical_score': 0, 'confidence': 0}"
HINDZINC.NS,625.0999755859375,InvestmentDecision.AVOID,0,0,"{'fundamental_score': 8.7, 'technical_score': 0, 'confidence': 0}"
JIOFIN.NS,237.63999938964844,InvestmentDecision.AVOID,0,0,"{'fundamental_score': 5.800000000000001, 'technical_score': 0, 'confidence': 0}"
HYUNDAI.NS,1871.800048828125,InvestmentDecision.AVOID,0,0,"{'fundamental_score': 6.3, 'technical_score': 0, 'confidence': 0}"
GRASIM.NS,3097.60009765625,InvestmentDecision.AVOID,0,0,"{'fundamental_score': 0.6, 'technical_score': 0, 'confidence': 0}"
SBILIFE.NS,1801.699951171875,InvestmentDecision.AVOID,0,0,"{'fundamental_score': 5.500000000000001, 'technical_score': 0, 'confidence': 0}"
VEDL.NS,333.54998779296875,InvestmentDecision.AVOID,0,0,"{'fundamental_score': 4.0, 'technical_score': 0, 'confidence': 0}"
DLF.NS,591.8499755859375,InvestmentDecision.AVOID,0,0,"{'fundamental_score': 7.2, 'technical_score': 0, 'confidence': 0}"
EICHERMOT.NS,7141.5,InvestmentDecision.AVOID,0,0,"{'fundamental_score': 4.0, 'technical_score': 0, 'confidence': 0}"
TRENT.NS,4210.39990234375,InvestmentDecision.AVOID,0,0,"{'fundamental_score': 6.3, 'technical_score': 0, 'confidence': 0}"
HINDALCO.NS,1146.300048828125,InvestmentDecision.AVOID,0,0,"{'fundamental_score': 5.25, 'technical_score': 0, 'confidence': 0}"
DIVISLAB.NS,6533.0,InvestmentDecision.AVOID,0,0,"{'fundamental_score': 3.5, 'technical_score': 0, 'confidence': 0}"
HDFCLIFE.NS,579.9000244140625,InvestmentDecision.AVOID,0,0,"{'fundamental_score': 5.1000000000000005, 'technical_score': 0, 'confidence': 0}"
IRFC.NS,96.66999816894531,InvestmentDecision.AVOID,0,0,"{'fundamental_score': 5.5, 'technical_score': 0, 'confidence': 0}"
ADANIGREEN.NS,1449.4000244140625,InvestmentDecision.AVOID,0,0,"{'fundamental_score': 4.1, 'technical_score': 0, 'confidence': 0}"
VBL.NS,537.0,InvestmentDecision.AVOID,0,0,"{'fundamental_score': 6.800000000000001, 'technical_score': 0, 'confidence': 0}"
TVSMOTOR.NS,3366.89990234375,InvestmentDecision.AVOID,0,0,"{'fundamental_score': 4.800000000000001, 'technical_score': 0, 'confidence': 0}"
PIDILITIND.NS,1454.5999755859375,InvestmentDecision.AVOID,0,0,"{'fundamental_score': 8.4, 'technical_score': 0, 'confidence': 0}"
TECHM.NS,1571.4000244140625,InvestmentDecision.AVOID,0,0,"{'fundamental_score': 6.1, 'technical_score': 0, 'confidence': 0}"
BAJAJHLDNG.NS,10240.0,InvestmentDecision.AVOID,0,0,"{'fundamental_score': 7.000000000000001, 'technical_score': 0, 'confidence': 0}"
BRITANNIA.NS,5117.0,InvestmentDecision.AVOID,0,0,"{'fundamental_score': 7.199999999999999, 'technical_score': 0, 'confidence': 0}"
AMBUJACEM.NS,439.3500061035156,InvestmentDecision.AVOID,0,0,"{'fundamental_score': 4.7, 'technical_score': 0, 'confidence': 0}"
CHOLAFIN.NS,1482.800048828125,InvestmentDecision.AVOID,0,0,"{'fundamental_score': 6.300000000000001, 'technical_score': 0, 'confidence': 0}"
SHRIRAMFIN.NS,911.7000122070312,InvestmentDecision.AVOID,0,0,"{'fundamental_score': 5.9, 'technical_score': 0, 'confidence': 0}"
PNB.NS,104.08999633789062,InvestmentDecision.AVOID,0,0,"{'fundamental_score': 7.000000000000001, 'technical_score': 0, 'confidence': 0}"
PFC.NS,413.04998779296875,InvestmentDecision.AVOID,0,0,"{'fundamental_score': 6.300000000000001, 'technical_score': 0, 'confidence': 0}"
SOLARINDS.NS,18386.0,InvestmentDecision.AVOID,0,0,"{'fundamental_score': 8.4, 'technical_score': 0, 'confidence': 0}"
MUTHOOTFIN.NS,3262.10009765625,InvestmentDecision.AVOID,0,0,"{'fundamental_score': 6.300000000000001, 'technical_score': 0, 'confidence': 0}"
TATAPOWER.NS,414.8999938964844,InvestmentDecision.AVOID,0,0,"{'fundamental_score': 4.2, 'technical_score': 0, 'confidence': 0}"
CIPLA.NS,1379.300048828125,InvestmentDecision.AVOID,0,0,"{'fundamental_score': 6.1, 'technical_score': 0, 'confidence': 0}"
TORNTPHARM.NS,4317.89990234375,InvestmentDecision.AVOID,0,0,"{'fundamental_score': 7.45, 'technical_score': 0, 'confidence': 0}"
GODREJCP.NS,999.0999755859375,InvestmentDecision.AVOID,0,0,"{'fundamental_score': 6.800000000000001, 'technical_score': 0, 'confidence': 0}"
LODHA.NS,903.7999877929688,InvestmentDecision.AVOID,0,0,"{'fundamental_score': 8.2, 'technical_score': 0, 'confidence': 0}"
HDFCAMC.NS,2583.5,InvestmentDecision.AVOID,0,0,"{'fundamental_score': 7.8, 'technical_score': 0, 'confidence': 0}"
GAIL.NS,164.8300018310547,InvestmentDecision.AVOID,0,0,"{'fundamental_score': 4.7, 'technical_score': 0, 'confidence': 0}"
CANBK.NS,129.0800018310547,InvestmentDecision.AVOID,0,0,"{'fundamental_score': 7.4, 'technical_score': 0, 'confidence': 0}"
MAXHEALTH.NS,948.7000122070312,InvestmentDecision.AVOID,0,0,"{'fundamental_score': 7.4, 'technical_score': 0, 'confidence': 0}"
ENRIN.NS,3623.300048828125,InvestmentDecision.AVOID,0,0,"{'fundamental_score': 7.6, 'technical_score': 0, 'confidence': 0}"
SIEMENS.NS,3729.699951171875,InvestmentDecision.AVOID,0,0,"{'fundamental_score': 6.7, 'technical_score': 0, 'confidence': 0}"
MAZDOCK.NS,2444.89990234375,InvestmentDecision.AVOID,0,0,"{'fundamental_score': 8.7, 'technical_score': 0, 'confidence': 0}"
BOSCHLTD.NS,37220.0,InvestmentDecision.AVOID,0,0,"{'fundamental_score': 7.199999999999999, 'technical_score': 0, 'confidence': 0}"
ABB.NS,7146.0,InvestmentDecision.AVOID,0,0,"{'fundamental_score': 8.2, 'technical_score': 0, 'confidence': 0}"
MOTHERSON.NS,144.88999938964844,InvestmentDecision.AVOID,0,0,"{'fundamental_score': 5.1000000000000005, 'technical_score': 0, 'confidence': 0}"
CUMMINSIND.NS,5708.0,InvestmentDecision.AVOID,0,0,"{'fundamental_score': 8.7, 'technical_score': 0, 'confidence': 0}"
TATACONSUM.NS,1154.699951171875,InvestmentDecision.AVOID,0,0,"{'fundamental_score': 4.7, 'technical_score': 0, 'confidence': 0}"
POLYCAB.NS,9531.5,InvestmentDecision.AVOID,0,0,"{'fundamental_score': 7.2, 'technical_score': 0, 'confidence': 0}"
CGPOWER.NS,907.7000122070312,InvestmentDecision.AVOID,0,0,"{'fundamental_score': 5.5, 'technical_score': 0, 'confidence': 0}"
UNIONBANK.NS,162.67999267578125,InvestmentDecision.AVOID,0,0,"{'fundamental_score': 7.4, 'technical_score': 0, 'confidence': 0}"
ADANIENSOL.NS,1530.5999755859375,InvestmentDecision.AVOID,0,0,"{'fundamental_score': 4.2, 'technical_score': 0, 'confidence': 0}"
APOLLOHOSP.NS,8089.5,InvestmentDecision.AVOID,0,0,"{'fundamental_score': 3.55, 'technical_score': 0, 'confidence': 0}"
INDHOTEL.NS,661.6500244140625,InvestmentDecision.AVOID,0,0,"{'fundamental_score': 7.4, 'technical_score': 0, 'confidence': 0}"
HEROMOTOCO.NS,4875.0,InvestmentDecision.AVOID,0,0,"{'fundamental_score': 7.199999999999999, 'technical_score': 0, 'confidence': 0}"
DRREDDY.NS,1274.0,InvestmentDecision.AVOID,0,0,"{'fundamental_score': 6.6, 'technical_score': 0, 'confidence': 0}"
SHREECEM.NS,24995.0,InvestmentDecision.AVOID,0,0,"{'fundamental_score': 7.6, 'technical_score': 0, 'confidence': 0}"
JINDALSTEL.NS,1203.4000244140625,InvestmentDecision.AVOID,0,0,"{'fundamental_score': 4.7, 'technical_score': 0, 'confidence': 0}"
IDBI.NS,73.19000244140625,InvestmentDecision.AVOID,0,0,"{'fundamental_score': 7.000000000000001, 'technical_score': 0, 'confidence': 0}"
SWIGGY.NS,254.14999389648438,InvestmentDecision.AVOID,0,0,"{'fundamental_score': 4.300000000000001, 'technical_score': 0, 'confidence': 0}"
BSE.NS,3931.89990234375,InvestmentDecision.AVOID,0,0,"{'fundamental_score': 7.8, 'technical_score': 0, 'confidence': 0}"
MANKIND.NS,2299.0,InvestmentDecision.AVOID,0,0,"{'fundamental_score': 7.1, 'technical_score': 0, 'confidence': 0}"
INDIANB.NS,825.5499877929688,InvestmentDecision.AVOID,0,0,"{'fundamental_score': 7.4, 'technical_score': 0, 'confidence': 0}"
INDUSTOWER.NS,429.1499938964844,InvestmentDecision.AVOID,0,0,"{'fundamental_score': 8.25, 'technical_score': 0, 'confidence': 0}"
UNITDSPR.NS,1275.0,InvestmentDecision.AVOID,0,0,"{'fundamental_score': 7.199999999999999, 'technical_score': 0, 'confidence': 0}"
GMRAIRPORT.NS,98.12999725341797,InvestmentDecision.AVOID,0,0,"{'fundamental_score': 6.7, 'technical_score': 0, 'confidence': 0}"
RECLTD.NS,325.04998779296875,InvestmentDecision.AVOID,0,0,"{'fundamental_score': 6.300000000000001, 'technical_score': 0, 'confidence': 0}"
ZYDUSLIFE.NS,1078.300048828125,InvestmentDecision.AVOID,0,0,"{'fundamental_score': 8.7, 'technical_score': 0, 'confidence': 0}"
ICICIGI.NS,1746.5,InvestmentDecision.AVOID,0,0,"{'fundamental_score': 5.9, 'technical_score': 0, 'confidence': 0}"
DIXON.NS,11604.0,InvestmentDecision.AVOID,0,0,"{'fundamental_score': 7.2, 'technical_score': 0, 'confidence': 0}"
IDEA.NS,14.15999984741211,InvestmentDecision.AVOID,0,0,"{'fundamental_score': 8.2, 'technical_score': 0, 'confidence': 0}"
HAVELLS.NS,1174.5999755859375,InvestmentDecision.AVOID,0,0,"{'fundamental_score': 7.2, 'technical_score': 0, 'confidence': 0}"
MARICO.NS,810.9500122070312,InvestmentDecision.AVOID,0,0,"{'fundamental_score': 7.199999999999999, 'technical_score': 0, 'confidence': 0}"
HINDPETRO.NS,383.75,InvestmentDecision.AVOID,0,0,"{'fundamental_score': 5.8500000000000005, 'technical_score': 0, 'confidence': 0}"
WAAREEENER.NS,3099.800048828125,InvestmentDecision.AVOID,0,0,"{'fundamental_score': 8.1, 'technical_score': 0, 'confidence': 0}"
BAJAJHFL.NS,83.27999877929688,InvestmentDecision.AVOID,0,0,"{'fundamental_score': 5.5, 'technical_score': 0, 'confidence': 0}"
DABUR.NS,425.5,InvestmentDecision.AVOID,0,0,"{'fundamental_score': 6.800000000000001, 'technical_score': 0, 'confidence': 0}"
LUPIN.NS,2249.800048828125,InvestmentDecision.AVOID,0,0,"{'fundamental_score': 4.0, 'technical_score': 0, 'confidence': 0}"
JSWENERGY.NS,588.5499877929688,InvestmentDecision.AVOID,0,0,"{'fundamental_score': 3.2, 'technical_score': 0, 'confidence': 0}"
ICICIPRULI.NS,482.45001220703125,InvestmentDecision.AVOID,0,0,"{'fundamental_score': 5.500000000000001, 'technical_score': 0, 'confidence': 0}"
PERSISTENT.NS,5470.5,InvestmentDecision.AVOID,0,0,"{'fundamental_score': 8.1, 'technical_score': 0, 'confidence': 0}"
BHARTIHEXA.NS,1489.5999755859375,InvestmentDecision.AVOID,0,0,"{'fundamental_score': 8.25, 'technical_score': 0, 'confidence': 0}"
NAUKRI.NS,1015.7000122070312,InvestmentDecision.AVOID,0,0,"{'fundamental_score': 6.2, 'technical_score': 0, 'confidence': 0}"
SRF.NS,2745.300048828125,InvestmentDecision.AVOID,0,0,"{'fundamental_score': 6.2, 'technical_score': 0, 'confidence': 0}"
POWERINDIA.NS,35105.0,InvestmentDecision.AVOID,0,0,"{'fundamental_score': 8.1, 'technical_score': 0, 'confidence': 0}"
NTPCGREEN.NS,101.33999633789062,InvestmentDecision.AVOID,0,0,"{'fundamental_score': 4.7, 'technical_score': 0, 'confidence': 0}"
NHPC.NS,72.29000091552734,InvestmentDecision.AVOID,0,0,"{'fundamental_score': 6.300000000000001, 'technical_score': 0, 'confidence': 0}"
POLICYBZR.NS,1644.199951171875,InvestmentDecision.AVOID,0,0,"{'fundamental_score': 5.1000000000000005, 'technical_score': 0, 'confidence': 0}"
SBICARD.NS,605.5,InvestmentDecision.AVOID,0,0,"{'fundamental_score': 5.5, 'technical_score': 0, 'confidence': 0}"
ASHOKLEY.NS,146.5500030517578,InvestmentDecision.AVOID,0,0,"{'fundamental_score': 5.7, 'technical_score': 0, 'confidence': 0}"
SUZLON.NS,54.52000045776367,InvestmentDecision.AVOID,0,0,"{'fundamental_score': 8.7, 'technical_score': 0, 'confidence': 0}"
ABCAPITAL.NS,351.29998779296875,InvestmentDecision.AVOID,0,0,"{'fundamental_score': 3.6000000000000005, 'technical_score': 0, 'confidence': 0}"
PAYTM.NS,1070.9000244140625,InvestmentDecision.AVOID,0,0,"{'fundamental_score': 4.7, 'technical_score': 0, 'confidence': 0}"
IOB.NS,32.81999969482422,InvestmentDecision.AVOID,0,0,"{'fundamental_score': 7.4, 'technical_score': 0, 'confidence': 0}"
OFSS.NS,10344.5,InvestmentDecision.AVOID,0,0,"{'fundamental_score': 8.7, 'technical_score': 0, 'confidence': 0}"
GVT&D.NS,4781.0,InvestmentDecision.AVOID,0,0,"{'fundamental_score': 8.7, 'technical_score': 0, 'confidence': 0}"
RVNL.NS,240.75,InvestmentDecision.AVOID,0,0,"{'fundamental_score': 4.7, 'technical_score': 0, 'confidence': 0}"
PRESTIGE.NS,1395.0,InvestmentDecision.AVOID,0,0,"{'fundamental_score': 3.8000000000000003, 'technical_score': 0, 'confidence': 0}"
LLOYDSME.NS,1821.699951171875,InvestmentDecision.AVOID,0,0,"{'fundamental_score': 7.8, 'technical_score': 0, 'confidence': 0}"
UNOMINDA.NS,1089.800048828125,InvestmentDecision.AVOID,0,0,"{'fundamental_score': 6.3, 'technical_score': 0, 'confidence': 0}"
FORTIS.NS,929.4000244140625,InvestmentDecision.AVOID,0,0,"{'fundamental_score': 5.7, 'technical_score': 0, 'confidence': 0}"
NYKAA.NS,269.54998779296875,InvestmentDecision.AVOID,0,0,"{'fundamental_score': 5.050000000000001, 'technical_score': 0, 'confidence': 0}"
OIL.NS,484.1000061035156,InvestmentDecision.AVOID,0,0,"{'fundamental_score': 6.550000000000001, 'technical_score': 0, 'confidence': 0}"
ATGL.NS,738.1500244140625,InvestmentDecision.AVOID,0,0,"{'fundamental_score': 6.2, 'technical_score': 0, 'confidence': 0}"
COROMANDEL.NS,1758.300048828125,InvestmentDecision.AVOID,0,0,"{'fundamental_score': 6.7, 'technical_score': 0, 'confidence': 0}"
GICRE.NS,377.6499938964844,InvestmentDecision.AVOID,0,0,"{'fundamental_score': 6.6000000000000005, 'technical_score': 0, 'confidence': 0}"
YESBANK.NS,22.829999923706055,InvestmentDecision.AVOID,0,0,"{'fundamental_score': 5.800000000000001, 'technical_score': 0, 'confidence': 0}"
VMM.NS,119.27999877929688,InvestmentDecision.AVOID,0,0,"{'fundamental_score': 5.500000000000001, 'technical_score': 0, 'confidence': 0}"
TORNTPOWER.NS,1423.9000244140625,InvestmentDecision.AVOID,0,0,"{'fundamental_score': 5.75, 'technical_score': 0, 'confidence': 0}"
AUROPHARMA.NS,1429.199951171875,InvestmentDecision.AVOID,0,0,"{'fundamental_score': 2.5, 'technical_score': 0, 'confidence': 0}"
NMDC.NS,95.30999755859375,InvestmentDecision.AVOID,0,0,"{'fundamental_score': 8.7, 'technical_score': 0, 'confidence': 0}"
ALKEM.NS,5239.0,InvestmentDecision.AVOID,0,0,"{'fundamental_score': 7.9, 'technical_score': 0, 'confidence': 0}"
BERGEPAINT.NS,508.25,InvestmentDecision.AVOID,0,0,"{'fundamental_score': 6.7, 'technical_score': 0, 'confidence': 0}"
MRF.NS,124695.0,InvestmentDecision.AVOID,0,0,"{'fundamental_score': 5.5, 'technical_score': 0, 'confidence': 0}"
PATANJALI.NS,451.54998779296875,InvestmentDecision.AVOID,0,0,"{'fundamental_score': 5.9, 'technical_score': 0, 'confidence': 0}"
GODREJPROP.NS,1720.5,InvestmentDecision.AVOID,0,0,"{'fundamental_score': 6.75, 'technical_score': 0, 'confidence': 0}"
HDBFS.NS,648.7000122070312,InvestmentDecision.AVOID,0,0,"{'fundamental_score': 5.5, 'technical_score': 0, 'confidence': 0}"
LTF.NS,270.70001220703125,InvestmentDecision.AVOID,0,0,"{'fundamental_score': 5.1000000000000005, 'technical_score': 0, 'confidence': 0}"
JSWINFRA.NS,275.70001220703125,InvestmentDecision.AVOID,0,0,"{'fundamental_score': 7.25, 'technical_score': 0, 'confidence': 0}"
SCHAEFFLER.NS,4071.60009765625,InvestmentDecision.AVOID,0,0,"{'fundamental_score': 6.800000000000001, 'technical_score': 0, 'confidence': 0}"
INDUSINDBK.NS,912.5,InvestmentDecision.AVOID,0,0,"{'fundamental_score': 4.300000000000001, 'technical_score': 0, 'confidence': 0}"
JSL.NS,686.2999877929688,InvestmentDecision.AVOID,0,0,"{'fundamental_score': 6.7, 'technical_score': 0, 'confidence': 0}"
AUBANK.NS,976.4500122070312,InvestmentDecision.AVOID,0,0,"{'fundamental_score': 7.4, 'technical_score': 0, 'confidence': 0}"
COLPAL.NS,1998.800048828125,InvestmentDecision.AVOID,0,0,"{'fundamental_score': 7.8, 'technical_score': 0, 'confidence': 0}"
OBEROIRLTY.NS,1674.699951171875,InvestmentDecision.AVOID,0,0,"{'fundamental_score': 7.7, 'technical_score': 0, 'confidence': 0}"
BHARATFORG.NS,1902.9000244140625,InvestmentDecision.AVOID,0,0,"{'fundamental_score': 4.65, 'technical_score': 0, 'confidence': 0}"
FACT.NS,871.3499755859375,InvestmentDecision.AVOID,0,0,"{'fundamental_score': 5.2, 'technical_score': 0, 'confidence': 0}"
COFORGE.NS,1519.5,InvestmentDecision.AVOID,0,0,"{'fundamental_score': 7.2, 'technical_score': 0, 'confidence': 0}"
PHOENIXLTD.NS,1706.800048828125,InvestmentDecision.AVOID,0,0,"{'fundamental_score': 7.2, 'technical_score': 0, 'confidence': 0}"
BANKINDIA.NS,137.2899932861328,InvestmentDecision.AVOID,0,0,"{'fundamental_score': 7.000000000000001, 'technical_score': 0, 'confidence': 0}"
TIINDIA.NS,3110.699951171875,InvestmentDecision.AVOID,0,0,"{'fundamental_score': 6.7, 'technical_score': 0, 'confidence': 0}"
IRCTC.NS,516.9000244140625,InvestmentDecision.AVOID,0,0,"{'fundamental_score': 7.8, 'technical_score': 0, 'confidence': 0}"
BDL.NS,1206.0999755859375,InvestmentDecision.AVOID,0,0,"{'fundamental_score': 7.9, 'technical_score': 0, 'confidence': 0}"
UPL.NS,641.6500244140625,InvestmentDecision.AVOID,0,0,"{'fundamental_score': 4.25, 'technical_score': 0, 'confidence': 0}"
IDFCFIRSTB.NS,71.58999633789062,InvestmentDecision.AVOID,0,0,"{'fundamental_score': 7.4, 'technical_score': 0, 'confidence': 0}"
PIIND.NS,2739.800048828125,InvestmentDecision.AVOID,0,0,"{'fundamental_score': 7.7, 'technical_score': 0, 'confidence': 0}"
MOTILALOFS.NS,865.9500122070312,InvestmentDecision.AVOID,0,0,"{'fundamental_score': 5.9, 'technical_score': 0, 'confidence': 0}"
GLENMARK.NS,2184.60009765625,InvestmentDecision.AVOID,0,0,"{'fundamental_score': 6.7, 'technical_score': 0, 'confidence': 0}"
MFSL.NS,1595.4000244140625,InvestmentDecision.AVOID,0,0,"{'fundamental_score': 4.300000000000001, 'technical_score': 0, 'confidence': 0}"
SAIL.NS,205.85000610351562,InvestmentDecision.AVOID,0,0,"{'fundamental_score': 6.25, 'technical_score': 0, 'confidence': 0}"
FEDERALBNK.NS,293.04998779296875,InvestmentDecision.AVOID,0,0,"{'fundamental_score': 6.6000000000000005, 'technical_score': 0, 'confidence': 0}"
NAM-INDIA.NS,1089.9000244140625,InvestmentDecision.AVOID,0,0,"{'fundamental_score': 7.8, 'technical_score': 0, 'confidence': 0}"
MPHASIS.NS,2387.699951171875,InvestmentDecision.AVOID,0,0,"{'fundamental_score': 7.2, 'technical_score': 0, 'confidence': 0}"
KALYANKJIL.NS,353.1000061035156,InvestmentDecision.AVOID,0,0,"{'fundamental_score': 5.8500000000000005, 'technical_score': 0, 'confidence': 0}"
LINDEINDIA.NS,6940.0,InvestmentDecision.AVOID,0,0,"{'fundamental_score': 8.2, 'technical_score': 0, 'confidence': 0}"
SUNDARMFIN.NS,4250.2001953125,InvestmentDecision.AVOID,0,0,"{'fundamental_score': 5.5, 'technical_score': 0, 'confidence': 0}"
SUPREMEIND.NS,3553.10009765625,InvestmentDecision.AVOID,0,0,"{'fundamental_score': 6.7, 'technical_score': 0, 'confidence': 0}"
BIOCON.NS,416.79998779296875,InvestmentDecision.AVOID,0,0,"{'fundamental_score': 4.7, 'technical_score': 0, 'confidence': 0}"
TATACOMM.NS,1906.199951171875,InvestmentDecision.AVOID,0,0,"{'fundamental_score': 5.7, 'technical_score': 0, 'confidence': 0}"
LAURUSLABS.NS,1382.5999755859375,InvestmentDecision.AVOID,0,0,"{'fundamental_score': 7.6, 'technical_score': 0, 'confidence': 0}"
AIIL.NS,453.6499938964844,InvestmentDecision.AVOID,0,0,"{'fundamental_score': 7.4, 'technical_score': 0, 'confidence': 0}"
GODFRYPHLP.NS,2274.5,InvestmentDecision.AVOID,0,0,"{'fundamental_score': 7.8, 'technical_score': 0, 'confidence': 0}"
JKCEMENT.NS,5068.5,InvestmentDecision.AVOID,0,0,"{'fundamental_score': 6.25, 'technical_score': 0, 'confidence': 0}"
UBL.NS,1318.800048828125,InvestmentDecision.AVOID,0,0,"{'fundamental_score': 5.1000000000000005, 'technical_score': 0, 'confidence': 0}"
APLAPOLLO.NS,1769.199951171875,InvestmentDecision.AVOID,0,0,"{'fundamental_score': 7.2, 'technical_score': 0, 'confidence': 0}"
PAGEIND.NS,37365.0,InvestmentDecision.AVOID,0,0,"{'fundamental_score': 7.199999999999999, 'technical_score': 0, 'confidence': 0}"
GLAXO.NS,2188.800048828125,InvestmentDecision.AVOID,0,0,"{'fundamental_score': 8.7, 'technical_score': 0, 'confidence': 0}"
BALKRISIND.NS,2150.300048828125,InvestmentDecision.AVOID,0,0,"{'fundamental_score': 6.800000000000001, 'technical_score': 0, 'confidence': 0}"
ITCHOTELS.NS,152.6300048828125,InvestmentDecision.AVOID,0,0,"{'fundamental_score': 7.4, 'technical_score': 0, 'confidence': 0}"
COCHINSHIP.NS,1467.699951171875,InvestmentDecision.AVOID,0,0,"{'fundamental_score': 7.1, 'technical_score': 0, 'confidence': 0}"
PREMIERENE.NS,1074.4000244140625,InvestmentDecision.AVOID,0,0,"{'fundamental_score': 8.25, 'technical_score': 0, 'confidence': 0}"
HEXT.NS,549.6500244140625,InvestmentDecision.AVOID,0,0,"{'fundamental_score': 7.2, 'technical_score': 0, 'confidence': 0}"
LTTS.NS,3508.300048828125,InvestmentDecision.AVOID,0,0,"{'fundamental_score': 7.2, 'technical_score': 0, 'confidence': 0}"
VOLTAS.NS,1240.4000244140625,InvestmentDecision.AVOID,0,0,"{'fundamental_score': 4.300000000000001, 'technical_score': 0, 'confidence': 0}"
360ONE.NS,1089.199951171875,InvestmentDecision.AVOID,0,0,"{'fundamental_score': 5.5, 'technical_score': 0, 'confidence': 0}"
MAHABANK.NS,78.91000366210938,InvestmentDecision.AVOID,0,0,"{'fundamental_score': 7.8, 'technical_score': 0, 'confidence': 0}"
PGHH.NS,9384.5,InvestmentDecision.AVOID,0,0,"{'fundamental_score': 6.1, 'technical_score': 0, 'confidence': 0}"
PETRONET.NS,269.0,InvestmentDecision.AVOID,0,0,"{'fundamental_score': 6.3, 'technical_score': 0, 'confidence': 0}"
IREDA.NS,124.93000030517578,InvestmentDecision.AVOID,0,0,"{'fundamental_score': 5.9, 'technical_score': 0, 'confidence': 0}"
ANTHEM.NS,755.5999755859375,InvestmentDecision.AVOID,0,0,"{'fundamental_score': 8.7, 'technical_score': 0, 'confidence': 0}"
CONCOR.NS,459.45001220703125,InvestmentDecision.AVOID,0,0,"{'fundamental_score': 6.6, 'technical_score': 0, 'confidence': 0}"
M&MFIN.NS,294.29998779296875,InvestmentDecision.AVOID,0,0,"{'fundamental_score': 4.0, 'technical_score': 0, 'confidence': 0}"
NATIONALUM.NS,434.3999938964844,InvestmentDecision.AVOID,0,0,"{'fundamental_score': 8.7, 'technical_score': 0, 'confidence': 0}"
DALBHARAT.NS,1749.699951171875,InvestmentDecision.AVOID,0,0,"{'fundamental_score': 4.7, 'technical_score': 0, 'confidence': 0}"
JUBLFOOD.NS,430.70001220703125,InvestmentDecision.AVOID,0,0,"{'fundamental_score': 5.9, 'technical_score': 0, 'confidence': 0}"
ESCORTS.NS,2750.300048828125,InvestmentDecision.AVOID,0,0,"{'fundamental_score': 7.7, 'technical_score': 0, 'confidence': 0}"
RADICO.NS,3487.5,InvestmentDecision.AVOID,0,0,"{'fundamental_score': 5.9, 'technical_score': 0, 'confidence': 0}"
KAYNES.NS,3169.10009765625,InvestmentDecision.AVOID,0,0,"{'fundamental_score': 5.7, 'technical_score': 0, 'confidence': 0}"
FLUOROCHEM.NS,3654.300048828125,InvestmentDecision.AVOID,0,0,"{'fundamental_score': 4.7, 'technical_score': 0, 'confidence': 0}"
ENDURANCE.NS,2687.39990234375,InvestmentDecision.AVOID,0,0,"{'fundamental_score': 5.9, 'technical_score': 0, 'confidence': 0}"
KEI.NS,5261.5,InvestmentDecision.AVOID,0,0,"{'fundamental_score': 6.2, 'technical_score': 0, 'confidence': 0}"
ASTRAL.NS,1526.699951171875,InvestmentDecision.AVOID,0,0,"{'fundamental_score': 6.2, 'technical_score': 0, 'confidence': 0}"
THERMAX.NS,4969.7001953125,InvestmentDecision.AVOID,0,0,"{'fundamental_score': 6.2, 'technical_score': 0, 'confidence': 0}"
UCOBANK.NS,24.829999923706055,InvestmentDecision.AVOID,0,0,"{'fundamental_score': 5.800000000000001, 'technical_score': 0, 'confidence': 0}"
BLUESTARCO.NS,1579.5999755859375,InvestmentDecision.AVOID,0,0,"{'fundamental_score': 6.7, 'technical_score': 0, 'confidence': 0}"
NH.NS,1934.199951171875,InvestmentDecision.AVOID,0,0,"{'fundamental_score': 6.3, 'technical_score': 0, 'confidence': 0}"
TATAINVEST.NS,670.5499877929688,InvestmentDecision.AVOID,0,0,"{'fundamental_score': 5.800000000000001, 'technical_score': 0, 'confidence': 0}"
GODREJIND.NS,1059.300048828125,InvestmentDecision.AVOID,0,0,"{'fundamental_score': 4.2, 'technical_score': 0, 'confidence': 0}"
POONAWALLA.NS,397.79998779296875,InvestmentDecision.AVOID,0,0,"{'fundamental_score': 4.300000000000001, 'technical_score': 0, 'confidence': 0}"
CRISIL.NS,3849.699951171875,InvestmentDecision.AVOID,0,0,"{'fundamental_score': 7.4, 'technical_score': 0, 'confidence': 0}"
KPRMILL.NS,999.0999755859375,InvestmentDecision.AVOID,0,0,"{'fundamental_score': 6.800000000000001, 'technical_score': 0, 'confidence': 0}"
CHOLAHLDNG.NS,1480.5,InvestmentDecision.AVOID,0,0,"{'fundamental_score': 4.800000000000001, 'technical_score': 0, 'confidence': 0}"
3MINDIA.NS,32610.0,InvestmentDecision.AVOID,0,0,"{'fundamental_score': 7.2, 'technical_score': 0, 'confidence': 0}"
IPCALAB.NS,1507.699951171875,InvestmentDecision.AVOID,0,0,"{'fundamental_score': 6.2, 'technical_score': 0, 'confidence': 0}"
APARINDS.NS,13270.0,InvestmentDecision.AVOID,0,0,"{'fundamental_score': 6.7, 'technical_score': 0, 'confidence': 0}"
SJVN.NS,72.04000091552734,InvestmentDecision.AVOID,0,0,"{'fundamental_score': 4.1, 'technical_score': 0, 'confidence': 0}"
MEDANTA.NS,1198.800048828125,InvestmentDecision.AVOID,0,0,"{'fundamental_score': 7.6, 'technical_score': 0, 'confidence': 0}"
ACC.NS,1369.9000244140625,InvestmentDecision.AVOID,0,0,"{'fundamental_score': 5.7, 'technical_score': 0, 'confidence': 0}"
TATAELXSI.NS,4530.2998046875,InvestmentDecision.AVOID,0,0,"{'fundamental_score': 8.4, 'technical_score': 0, 'confidence': 0}"
NLCINDIA.NS,349.1000061035156,InvestmentDecision.AVOID,0,0,"{'fundamental_score': 7.75, 'technical_score': 0, 'confidence': 0}"
AWL.NS,190.64999389648438,InvestmentDecision.AVOID,0,0,"{'fundamental_score': 5.1000000000000005, 'technical_score': 0, 'confidence': 0}"
CENTRALBK.NS,29.6200008392334,InvestmentDecision.AVOID,0,0,"{'fundamental_score': 6.6000000000000005, 'technical_score': 0, 'confidence': 0}"
KPITTECH.NS,809.25,InvestmentDecision.AVOID,0,0,"{'fundamental_score': 7.2, 'technical_score': 0, 'confidence': 0}"
CDSL.NS,1226.800048828125,InvestmentDecision.AVOID,0,0,"{'fundamental_score': 7.8, 'technical_score': 0, 'confidence': 0}"
DELHIVERY.NS,437.95001220703125,InvestmentDecision.AVOID,0,0,"{'fundamental_score': 4.7, 'technical_score': 0, 'confidence': 0}"
ASTERDM.NS,726.9500122070312,InvestmentDecision.AVOID,0,0,"{'fundamental_score': 5.7, 'technical_score': 0, 'confidence': 0}"
EXIDEIND.NS,406.25,InvestmentDecision.AVOID,0,0,"{'fundamental_score': 4.300000000000001, 'technical_score': 0, 'confidence': 0}"
GODIGIT.NS,311.0,InvestmentDecision.AVOID,0,0,"{'fundamental_score': 5.1000000000000005, 'technical_score': 0, 'confidence': 0}"
HONAUT.NS,34895.0,InvestmentDecision.AVOID,0,0,"{'fundamental_score': 6.2, 'technical_score': 0, 'confidence': 0}"
AJANTPHARM.NS,2912.199951171875,InvestmentDecision.AVOID,0,0,"{'fundamental_score': 8.7, 'technical_score': 0, 'confidence': 0}"
METROBRAND.NS,1027.5999755859375,InvestmentDecision.AVOID,0,0,"{'fundamental_score': 6.75, 'technical_score': 0, 'confidence': 0}"
AIAENG.NS,4552.2998046875,InvestmentDecision.AVOID,0,0,"{'fundamental_score': 8.2, 'technical_score': 0, 'confidence': 0}"
COHANCE.NS,428.8999938964844,InvestmentDecision.AVOID,0,0,"{'fundamental_score': 4.7, 'technical_score': 0, 'confidence': 0}"
LICHSGFIN.NS,535.0,InvestmentDecision.AVOID,0,0,"{'fundamental_score': 5.5, 'technical_score': 0, 'confidence': 0}"
GILLETTE.NS,7745.0,InvestmentDecision.AVOID,0,0,"{'fundamental_score': 7.8, 'technical_score': 0, 'confidence': 0}"
GLAND.NS,2277.0,InvestmentDecision.AVOID,0,0,"{'fundamental_score': 6.9, 'technical_score': 0, 'confidence': 0}"
APOLLOTYRE.NS,391.75,InvestmentDecision.AVOID,0,0,"{'fundamental_score': 4.300000000000001, 'technical_score': 0, 'confidence': 0}"
NIACL.NS,149.32000732421875,InvestmentDecision.AVOID,0,0,"{'fundamental_score': 4.300000000000001, 'technical_score': 0, 'confidence': 0}"
NBCC.NS,104.11000061035156,InvestmentDecision.AVOID,0,0,"{'fundamental_score': 7.2, 'technical_score': 0, 'confidence': 0}"
ITI.NS,296.6000061035156,InvestmentDecision.AVOID,0,0,"{'fundamental_score': 6.25, 'technical_score': 0, 'confidence': 0}"
HINDCOPPER.NS,546.2000122070312,InvestmentDecision.AVOID,0,0,"{'fundamental_score': 8.7, 'technical_score': 0, 'confidence': 0}"
GRSE.NS,2614.89990234375,InvestmentDecision.AVOID,0,0,"{'fundamental_score': 7.2, 'technical_score': 0, 'confidence': 0}"
MSUMI.NS,38.20000076293945,InvestmentDecision.AVOID,0,0,"{'fundamental_score': 6.3, 'technical_score': 0, 'confidence': 0}"
GUJGASLTD.NS,396.95001220703125,InvestmentDecision.AVOID,0,0,"{'fundamental_score': 5.3, 'technical_score': 0, 'confidence': 0}"
IGL.NS,160.85000610351562,InvestmentDecision.AVOID,0,0,"{'fundamental_score': 6.2, 'technical_score': 0, 'confidence': 0}"
SONACOMS.NS,611.3499755859375,InvestmentDecision.AVOID,0,0,"{'fundamental_score': 6.0, 'technical_score': 0, 'confidence': 0}"
AEGISVOPAK.NS,195.41000366210938,InvestmentDecision.AVOID,0,0,"{'fundamental_score': 7.4, 'technical_score': 0, 'confidence': 0}"
KIMS.NS,746.4000244140625,InvestmentDecision.AVOID,0,0,"{'fundamental_score': 4.2, 'technical_score': 0, 'confidence': 0}"
TATATECH.NS,737.9500122070312,InvestmentDecision.AVOID,0,0,"{'fundamental_score': 6.2, 'technical_score': 0, 'confidence': 0}"
IKS.NS,1670.199951171875,InvestmentDecision.AVOID,0,0,"{'fundamental_score': 8.7, 'technical_score': 0, 'confidence': 0}"
STARHEALTH.NS,533.7000122070312,InvestmentDecision.AVOID,0,0,"{'fundamental_score': 5.9, 'technical_score': 0, 'confidence': 0}"
JBCHEPHARM.NS,2129.60009765625,InvestmentDecision.AVOID,0,0,"{'fundamental_score': 8.4, 'technical_score': 0, 'confidence': 0}"
TVSHLTD.NS,13549.0,InvestmentDecision.AVOID,0,0,"{'fundamental_score': 4.800000000000001, 'technical_score': 0, 'confidence': 0}"
IRB.NS,21.559999465942383,InvestmentDecision.AVOID,0,0,"{'fundamental_score': 5.15, 'technical_score': 0, 'confidence': 0}"
SUMICHEM.NS,487.75,InvestmentDecision.AVOID,0,0,"{'fundamental_score': 7.9, 'technical_score': 0, 'confidence': 0}"
AFFLE.NS,1498.9000244140625,InvestmentDecision.AVOID,0,0,"{'fundamental_score': 7.4, 'technical_score': 0, 'confidence': 0}"
AEGISLOG.NS,767.1500244140625,InvestmentDecision.AVOID,0,0,"{'fundamental_score': 5.9, 'technical_score': 0, 'confidence': 0}"
NAVINFLUOR.NS,7052.0,InvestmentDecision.AVOID,0,0,"{'fundamental_score': 8.7, 'technical_score': 0, 'confidence': 0}"
SYNGENE.NS,440.8500061035156,InvestmentDecision.AVOID,0,0,"{'fundamental_score': 4.7, 'technical_score': 0, 'confidence': 0}"
BANDHANBNK.NS,206.3300018310547,InvestmentDecision.AVOID,0,0,"{'fundamental_score': 5.200000000000001, 'technical_score': 0, 'confidence': 0}"
EMCURE.NS,1704.4000244140625,InvestmentDecision.AVOID,0,0,"{'fundamental_score': 7.2, 'technical_score': 0, 'confidence': 0}"
LALPATHLAB.NS,1561.0,InvestmentDecision.AVOID,0,0,"{'fundamental_score': 8.7, 'technical_score': 0, 'confidence': 0}"
AMBER.NS,7591.5,InvestmentDecision.AVOID,0,0,"{'fundamental_score': 4.300000000000001, 'technical_score': 0, 'confidence': 0}"
PPLPHARMA.NS,166.9199981689453,InvestmentDecision.AVOID,0,0,"{'fundamental_score': 4.25, 'technical_score': 0, 'confidence': 0}"
ZFCVINDIA.NS,14289.0,InvestmentDecision.AVOID,0,0,"{'fundamental_score': 6.4, 'technical_score': 0, 'confidence': 0}"
NUVAMA.NS,1573.4000244140625,InvestmentDecision.AVOID,0,0,"{'fundamental_score': 6.300000000000001, 'technical_score': 0, 'confidence': 0}"
MRPL.NS,147.02000427246094,InvestmentDecision.AVOID,0,0,"{'fundamental_score': 4.6000000000000005, 'technical_score': 0, 'confidence': 0}"
RAMCOCEM.NS,871.4000244140625,InvestmentDecision.AVOID,0,0,"{'fundamental_score': 4.7, 'technical_score': 0, 'confidence': 0}"
SHYAMMETL.NS,984.6500244140625,InvestmentDecision.AVOID,0,0,"{'fundamental_score': 4.7, 'technical_score': 0, 'confidence': 0}"
FSL.NS,270.75,InvestmentDecision.AVOID,0,0,"{'fundamental_score': 6.25, 'technical_score': 0, 'confidence': 0}"
EMAMILTD.NS,391.70001220703125,InvestmentDecision.AVOID,0,0,"{'fundamental_score': 7.8, 'technical_score': 0, 'confidence': 0}"
DEEPAKNTR.NS,1686.5,InvestmentDecision.AVOID,0,0,"{'fundamental_score': 5.7, 'technical_score': 0, 'confidence': 0}"
INOXWIND.NS,84.27999877929688,InvestmentDecision.AVOID,0,0,"{'fundamental_score': 6.7, 'technical_score': 0, 'confidence': 0}"
EIHOTEL.NS,289.79998779296875,InvestmentDecision.AVOID,0,0,"{'fundamental_score': 7.000000000000001, 'technical_score': 0, 'confidence': 0}"
WOCKPHARMA.NS,1966.199951171875,InvestmentDecision.AVOID,0,0,"{'fundamental_score': 4.7, 'technical_score': 0, 'confidence': 0}"
PTCIL.NS,19380.0,InvestmentDecision.AVOID,0,0,"{'fundamental_score': 7.6, 'technical_score': 0, 'confidence': 0}"
PFIZER.NS,4514.5,InvestmentDecision.AVOID,0,0,"{'fundamental_score': 8.2, 'technical_score': 0, 'confidence': 0}"
ANANDRATHI.NS,1769.6500244140625,InvestmentDecision.AVOID,0,0,"{'fundamental_score': 7.8, 'technical_score': 0, 'confidence': 0}"
KIOCL.NS,388.1000061035156,InvestmentDecision.AVOID,0,0,"{'fundamental_score': 4.7, 'technical_score': 0, 'confidence': 0}"
MANAPPURAM.NS,313.54998779296875,InvestmentDecision.AVOID,0,0,"{'fundamental_score': 4.300000000000001, 'technical_score': 0, 'confidence': 0}"
PNBHOUSING.NS,996.5,InvestmentDecision.AVOID,0,0,"{'fundamental_score': 5.5, 'technical_score': 0, 'confidence': 0}"
BRIGADE.NS,650.5,InvestmentDecision.AVOID,0,0,"{'fundamental_score': 5.25, 'technical_score': 0, 'confidence': 0}"
ABSLAMC.NS,1027.199951171875,InvestmentDecision.AVOID,0,0,"{'fundamental_score': 7.8, 'technical_score': 0, 'confidence': 0}"
TIMKEN.NS,3529.199951171875,InvestmentDecision.AVOID,0,0,"{'fundamental_score': 6.2, 'technical_score': 0, 'confidence': 0}"
HSCL.NS,607.0999755859375,InvestmentDecision.AVOID,0,0,"{'fundamental_score': 7.9, 'technical_score': 0, 'confidence': 0}"
FORCEMOT.NS,17833.0,InvestmentDecision.AVOID,0,0,"{'fundamental_score': 7.199999999999999, 'technical_score': 0, 'confidence': 0}"
WELCORP.NS,1386.800048828125,InvestmentDecision.AVOID,0,0,"{'fundamental_score': 7.2, 'technical_score': 0, 'confidence': 0}"
ANGELONE.NS,342.6499938964844,InvestmentDecision.AVOID,0,0,"{'fundamental_score': 6.5, 'technical_score': 0, 'confidence': 0}"
TATACHEM.NS,738.0999755859375,InvestmentDecision.AVOID,0,0,"{'fundamental_score': 4.7, 'technical_score': 0, 'confidence': 0}"
ASAHIINDIA.NS,899.1500244140625,InvestmentDecision.AVOID,0,0,"{'fundamental_score': 4.65, 'technical_score': 0, 'confidence': 0}"
ASTRAZEN.NS,8710.0,InvestmentDecision.AVOID,0,0,"{'fundamental_score': 7.2, 'technical_score': 0, 'confidence': 0}"
ERIS.NS,1362.0999755859375,InvestmentDecision.AVOID,0,0,"{'fundamental_score': 8.25, 'technical_score': 0, 'confidence': 0}"
CESC.NS,178.89999389648438,InvestmentDecision.AVOID,0,0,"{'fundamental_score': 4.7, 'technical_score': 0, 'confidence': 0}"
HBLENGINE.NS,802.7000122070312,InvestmentDecision.AVOID,0,0,"{'fundamental_score': 8.7, 'technical_score': 0, 'confidence': 0}"
SUNTV.NS,517.9000244140625,InvestmentDecision.AVOID,0,0,"{'fundamental_score': 7.2, 'technical_score': 0, 'confidence': 0}"
KARURVYSYA.NS,293.04998779296875,InvestmentDecision.AVOID,0,0,"{'fundamental_score': 7.8, 'technical_score': 0, 'confidence': 0}"
SAGILITY.NS,41.599998474121094,InvestmentDecision.AVOID,0,0,"{'fundamental_score': 7.6, 'technical_score': 0, 'confidence': 0}"
JYOTICNC.NS,600.0,InvestmentDecision.AVOID,0,0,"{'fundamental_score': 8.4, 'technical_score': 0, 'confidence': 0}"
KEC.NS,498.6499938964844,InvestmentDecision.AVOID,0,0,"{'fundamental_score': 5.25, 'technical_score': 0, 'confidence': 0}"
AADHARHFC.NS,465.1499938964844,InvestmentDecision.AVOID,0,0,"{'fundamental_score': 5.9, 'technical_score': 0, 'confidence': 0}"
IIFL.NS,479.45001220703125,InvestmentDecision.AVOID,0,0,"{'fundamental_score': 5.5, 'technical_score': 0, 'confidence': 0}"
REDINGTON.NS,238.75,InvestmentDecision.AVOID,0,0,"{'fundamental_score': 6.2, 'technical_score': 0, 'confidence': 0}"
HATSUN.NS,922.8499755859375,InvestmentDecision.AVOID,0,0,"{'fundamental_score': 5.8500000000000005, 'technical_score': 0, 'confidence': 0}"
CREDITACC.NS,1315.4000244140625,InvestmentDecision.AVOID,0,0,"{'fundamental_score': 5.1000000000000005, 'technical_score': 0, 'confidence': 0}"
JSWHL.NS,12521.0,InvestmentDecision.AVOID,0,0,"{'fundamental_score': 8.2, 'technical_score': 0, 'confidence': 0}"
PSB.NS,23.68000030517578,InvestmentDecision.AVOID,0,0,"{'fundamental_score': 6.6000000000000005, 'technical_score': 0, 'confidence': 0}"
ONESOURCE.NS,1828.5999755859375,InvestmentDecision.AVOID,0,0,"{'fundamental_score': 6.7, 'technical_score': 0, 'confidence': 0}"
KPIL.NS,1290.800048828125,InvestmentDecision.AVOID,0,0,"{'fundamental_score': 6.2, 'technical_score': 0, 'confidence': 0}"
ATHERENERG.NS,960.5999755859375,InvestmentDecision.AVOID,0,0,"{'fundamental_score': 4.300000000000001, 'technical_score': 0, 'confidence': 0}"
SUNDRMFAST.NS,835.25,InvestmentDecision.AVOID,0,0,"{'fundamental_score': 5.500000000000001, 'technical_score': 0, 'confidence': 0}"
ABREL.NS,1230.0999755859375,InvestmentDecision.AVOID,0,0,"{'fundamental_score': 3.2, 'technical_score': 0, 'confidence': 0}"
OLAELEC.NS,39.83000183105469,InvestmentDecision.AVOID,0,0,"{'fundamental_score': 1.05, 'technical_score': 0, 'confidence': 0}"
CHALET.NS,782.0999755859375,InvestmentDecision.AVOID,0,0,"{'fundamental_score': 7.3500000000000005, 'technical_score': 0, 'confidence': 0}"
CHAMBLFERT.NS,469.54998779296875,InvestmentDecision.AVOID,0,0,"{'fundamental_score': 7.2, 'technical_score': 0, 'confidence': 0}"
ANANTRAJ.NS,552.2000122070312,InvestmentDecision.AVOID,0,0,"{'fundamental_score': 7.2, 'technical_score': 0, 'confidence': 0}"
ECLERX.NS,1517.199951171875,InvestmentDecision.AVOID,0,0,"{'fundamental_score': 8.4, 'technical_score': 0, 'confidence': 0}"
CASTROLIND.NS,183.7100067138672,InvestmentDecision.AVOID,0,0,"{'fundamental_score': 7.1000000000000005, 'technical_score': 0, 'confidence': 0}"
SCHNEIDER.NS,1181.300048828125,InvestmentDecision.AVOID,0,0,"{'fundamental_score': 6.75, 'technical_score': 0, 'confidence': 0}"
POLYMED.NS,1321.4000244140625,InvestmentDecision.AVOID,0,0,"{'fundamental_score': 6.9, 'technical_score': 0, 'confidence': 0}"
DCMSHRIRAM.NS,1032.800048828125,InvestmentDecision.AVOID,0,0,"{'fundamental_score': 5.7, 'technical_score': 0, 'confidence': 0}"
BASF.NS,3348.5,InvestmentDecision.AVOID,0,0,"{'fundamental_score': 5.7, 'technical_score': 0, 'confidence': 0}"
KANSAINER.NS,215.00999450683594,InvestmentDecision.AVOID,0,0,"{'fundamental_score': 4.7, 'technical_score': 0, 'confidence': 0}"
DEVYANI.NS,111.83000183105469,InvestmentDecision.AVOID,0,0,"{'fundamental_score': 2.8000000000000003, 'technical_score': 0, 'confidence': 0}"
NEULANDLAB.NS,16909.0,InvestmentDecision.AVOID,0,0,"{'fundamental_score': 6.7, 'technical_score': 0, 'confidence': 0}"
CROMPTON.NS,273.45001220703125,InvestmentDecision.AVOID,0,0,"{'fundamental_score': 4.300000000000001, 'technical_score': 0, 'confidence': 0}"
EIDPARRY.NS,755.2999877929688,InvestmentDecision.AVOID,0,0,"{'fundamental_score': 5.7, 'technical_score': 0, 'confidence': 0}"
CAMS.NS,772.6500244140625,InvestmentDecision.AVOID,0,0,"{'fundamental_score': 8.7, 'technical_score': 0, 'confidence': 0}"
KFINTECH.NS,858.75,InvestmentDecision.AVOID,0,0,"{'fundamental_score': 8.7, 'technical_score': 0, 'confidence': 0}"
RPOWER.NS,26.969999313354492,InvestmentDecision.AVOID,0,0,"{'fundamental_score': 4.25, 'technical_score': 0, 'confidence': 0}"
BIKAJI.NS,665.2999877929688,InvestmentDecision.AVOID,0,0,"{'fundamental_score': 5.9, 'technical_score': 0, 'confidence': 0}"
KAJARIACER.NS,1116.4000244140625,InvestmentDecision.AVOID,0,0,"{'fundamental_score': 6.7, 'technical_score': 0, 'confidence': 0}"
ATUL.NS,6641.0,InvestmentDecision.AVOID,0,0,"{'fundamental_score': 5.7, 'technical_score': 0, 'confidence': 0}"
SARDAEN.NS,520.2999877929688,InvestmentDecision.AVOID,0,0,"{'fundamental_score': 8.2, 'technical_score': 0, 'confidence': 0}"
APLLTD.NS,725.5,InvestmentDecision.AVOID,0,0,"{'fundamental_score': 6.2, 'technical_score': 0, 'confidence': 0}"
DEEPAKFERT.NS,1405.699951171875,InvestmentDecision.AVOID,0,0,"{'fundamental_score': 6.25, 'technical_score': 0, 'confidence': 0}"
FIRSTCRY.NS,222.80999755859375,InvestmentDecision.AVOID,0,0,"{'fundamental_score': 4.300000000000001, 'technical_score': 0, 'confidence': 0}"
SAILIFE.NS,1128.300048828125,InvestmentDecision.AVOID,0,0,"{'fundamental_score': 7.9, 'technical_score': 0, 'confidence': 0}"
CGCL.NS,198.77000427246094,InvestmentDecision.AVOID,0,0,"{'fundamental_score': 5.9, 'technical_score': 0, 'confidence': 0}"
ARE&M.NS,866.1500244140625,InvestmentDecision.AVOID,0,0,"{'fundamental_score': 5.7, 'technical_score': 0, 'confidence': 0}"
GRINDWELL.NS,1859.0,InvestmentDecision.AVOID,0,0,"{'fundamental_score': 7.6, 'technical_score': 0, 'confidence': 0}"
VINATIORGA.NS,1314.300048828125,InvestmentDecision.AVOID,0,0,"{'fundamental_score': 7.7, 'technical_score': 0, 'confidence': 0}"
SKFINDIA.NS,1612.0,InvestmentDecision.AVOID,0,0,"{'fundamental_score': 6.2, 'technical_score': 0, 'confidence': 0}"
MAHSCOOTER.NS,12755.0,InvestmentDecision.AVOID,0,0,"{'fundamental_score': 5.800000000000001, 'technical_score': 0, 'confidence': 0}"
JUBLPHARMA.NS,975.0499877929688,InvestmentDecision.AVOID,0,0,"{'fundamental_score': 4.25, 'technical_score': 0, 'confidence': 0}"
ZENSARTECH.NS,519.9500122070312,InvestmentDecision.AVOID,0,0,"{'fundamental_score': 6.7, 'technical_score': 0, 'confidence': 0}"
FIVESTAR.NS,439.20001220703125,InvestmentDecision.AVOID,0,0,"{'fundamental_score': 6.5, 'technical_score': 0, 'confidence': 0}"
TRITURBINE.NS,689.25,InvestmentDecision.AVOID,0,0,"{'fundamental_score': 8.4, 'technical_score': 0, 'confidence': 0}"
CARBORUNIV.NS,1023.0999755859375,InvestmentDecision.AVOID,0,0,"{'fundamental_score': 4.7, 'technical_score': 0, 'confidence': 0}"
RBLBANK.NS,344.1499938964844,InvestmentDecision.AVOID,0,0,"{'fundamental_score': 5.9, 'technical_score': 0, 'confidence': 0}"
RATNAMANI.NS,2543.800048828125,InvestmentDecision.AVOID,0,0,"{'fundamental_score': 6.2, 'technical_score': 0, 'confidence': 0}"
PGEL.NS,480.3999938964844,InvestmentDecision.AVOID,0,0,"{'fundamental_score': 4.7, 'technical_score': 0, 'confidence': 0}"
VENTIVE.NS,634.1500244140625,InvestmentDecision.AVOID,0,0,"{'fundamental_score': 5.500000000000001, 'technical_score': 0, 'confidence': 0}"
NAVA.NS,601.5999755859375,InvestmentDecision.AVOID,0,0,"{'fundamental_score': 7.2, 'technical_score': 0, 'confidence': 0}"
CUB.NS,249.60000610351562,InvestmentDecision.AVOID,0,0,"{'fundamental_score': 7.000000000000001, 'technical_score': 0, 'confidence': 0}"
CENTURYPLY.NS,756.9500122070312,InvestmentDecision.AVOID,0,0,"{'fundamental_score': 5.25, 'technical_score': 0, 'confidence': 0}"
BEML.NS,1729.300048828125,InvestmentDecision.AVOID,0,0,"{'fundamental_score': 6.7, 'technical_score': 0, 'confidence': 0}"
MANYAVAR.NS,402.95001220703125,InvestmentDecision.AVOID,0,0,"{'fundamental_score': 7.8, 'technical_score': 0, 'confidence': 0}"
ABLBL.NS,99.08000183105469,InvestmentDecision.AVOID,0,0,"{'fundamental_score': 4.0, 'technical_score': 0, 'confidence': 0}"
NETWEB.NS,4782.7998046875,InvestmentDecision.AVOID,0,0,"{'fundamental_score': 7.2, 'technical_score': 0, 'confidence': 0}"
TBOTEK.NS,1229.5999755859375,InvestmentDecision.AVOID,0,0,"{'fundamental_score': 5.45, 'technical_score': 0, 'confidence': 0}"
CONCORDBIO.NS,1166.199951171875,InvestmentDecision.AVOID,0,0,"{'fundamental_score': 7.7, 'technical_score': 0, 'confidence': 0}"
TRAVELFOOD.NS,1234.4000244140625,InvestmentDecision.AVOID,0,0,"{'fundamental_score': 7.8, 'technical_score': 0, 'confidence': 0}"
CPPLUS.NS,3213.699951171875,InvestmentDecision.AVOID,0,0,"{'fundamental_score': 7.2, 'technical_score': 0, 'confidence': 0}"
UTIAMC.NS,929.5499877929688,InvestmentDecision.AVOID,0,0,"{'fundamental_score': 6.6000000000000005, 'technical_score': 0, 'confidence': 0}"
SOBHA.NS,1387.0,InvestmentDecision.AVOID,0,0,"{'fundamental_score': 4.7, 'technical_score': 0, 'confidence': 0}"
LMW.NS,15843.0,InvestmentDecision.AVOID,0,0,"{'fundamental_score': 4.7, 'technical_score': 0, 'confidence': 0}"
ACMESOLAR.NS,334.75,InvestmentDecision.AVOID,0,0,"{'fundamental_score': 5.7, 'technical_score': 0, 'confidence': 0}"
IRCON.NS,135.97000122070312,InvestmentDecision.AVOID,0,0,"{'fundamental_score': 5.25, 'technical_score': 0, 'confidence': 0}"
GABRIEL.NS,1077.0999755859375,InvestmentDecision.AVOID,0,0,"{'fundamental_score': 6.3, 'technical_score': 0, 'confidence': 0}"
GMDCLTD.NS,668.4000244140625,InvestmentDecision.AVOID,0,0,"{'fundamental_score': 7.000000000000001, 'technical_score': 0, 'confidence': 0}"
CRAFTSMAN.NS,8979.0,InvestmentDecision.AVOID,0,0,"{'fundamental_score': 4.6000000000000005, 'technical_score': 0, 'confidence': 0}"
ELGIEQUIP.NS,589.3499755859375,InvestmentDecision.AVOID,0,0,"{'fundamental_score': 7.2, 'technical_score': 0, 'confidence': 0}"
NATCOPHARM.NS,939.2999877929688,InvestmentDecision.AVOID,0,0,"{'fundamental_score': 8.2, 'technical_score': 0, 'confidence': 0}"
CHOICEIN.NS,662.9500122070312,InvestmentDecision.AVOID,0,0,"{'fundamental_score': 7.4, 'technical_score': 0, 'confidence': 0}"
VGUARD.NS,303.75,InvestmentDecision.AVOID,0,0,"{'fundamental_score': 6.2, 'technical_score': 0, 'confidence': 0}"
APTUS.NS,260.6000061035156,InvestmentDecision.AVOID,0,0,"{'fundamental_score': 6.300000000000001, 'technical_score': 0, 'confidence': 0}"
SIGNATURE.NS,827.0,InvestmentDecision.AVOID,0,0,"{'fundamental_score': 7.2, 'technical_score': 0, 'confidence': 0}"
CIEINDIA.NS,445.20001220703125,InvestmentDecision.AVOID,0,0,"{'fundamental_score': 5.9, 'technical_score': 0, 'confidence': 0}"
TECHNOE.NS,1065.800048828125,InvestmentDecision.AVOID,0,0,"{'fundamental_score': 6.6, 'technical_score': 0, 'confidence': 0}"
WHIRLPOOL.NS,829.5,InvestmentDecision.AVOID,0,0,"{'fundamental_score': 4.300000000000001, 'technical_score': 0, 'confidence': 0}"
JMFINANCIL.NS,129.16000366210938,InvestmentDecision.AVOID,0,0,"{'fundamental_score': 6.5, 'technical_score': 0, 'confidence': 0}"
GPIL.NS,286.3500061035156,InvestmentDecision.AVOID,0,0,"{'fundamental_score': 7.1, 'technical_score': 0, 'confidence': 0}"
AFCONS.NS,327.1499938964844,InvestmentDecision.AVOID,0,0,"{'fundamental_score': 4.25, 'technical_score': 0, 'confidence': 0}"
AKZOINDIA.NS,3126.199951171875,InvestmentDecision.AVOID,0,0,"{'fundamental_score': 8.2, 'technical_score': 0, 'confidence': 0}"
ABDL.NS,546.5999755859375,InvestmentDecision.AVOID,0,0,"{'fundamental_score': 5.050000000000001, 'technical_score': 0, 'confidence': 0}"
CAPLIPOINT.NS,1988.0999755859375,InvestmentDecision.AVOID,0,0,"{'fundamental_score': 8.7, 'technical_score': 0, 'confidence': 0}"
DATAPATTNS.NS,4025.199951171875,InvestmentDecision.AVOID,0,0,"{'fundamental_score': 8.2, 'technical_score': 0, 'confidence': 0}"
IGIL.NS,362.3999938964844,InvestmentDecision.AVOID,0,0,"{'fundamental_score': 8.2, 'technical_score': 0, 'confidence': 0}"
DOMS.NS,2182.39990234375,InvestmentDecision.AVOID,0,0,"{'fundamental_score': 7.2, 'technical_score': 0, 'confidence': 0}"
LTFOODS.NS,391.6000061035156,InvestmentDecision.AVOID,0,0,"{'fundamental_score': 5.500000000000001, 'technical_score': 0, 'confidence': 0}"
KIRLOSBROS.NS,1619.5,InvestmentDecision.AVOID,0,0,"{'fundamental_score': 6.7, 'technical_score': 0, 'confidence': 0}"
AGARWALEYE.NS,476.54998779296875,InvestmentDecision.AVOID,0,0,"{'fundamental_score': 4.25, 'technical_score': 0, 'confidence': 0}"
JBMA.NS,647.3499755859375,InvestmentDecision.AVOID,0,0,"{'fundamental_score': 4.4, 'technical_score': 0, 'confidence': 0}"
RRKABEL.NS,2023.800048828125,InvestmentDecision.AVOID,0,0,"{'fundamental_score': 7.2, 'technical_score': 0, 'confidence': 0}"
GALLANTT.NS,666.5,InvestmentDecision.AVOID,0,0,"{'fundamental_score': 6.7, 'technical_score': 0, 'confidence': 0}"
IFCI.NS,71.63999938964844,InvestmentDecision.AVOID,0,0,"{'fundamental_score': 5.9, 'technical_score': 0, 'confidence': 0}"
NIVABUPA.NS,84.02999877929688,InvestmentDecision.AVOID,0,0,"{'fundamental_score': 5.1000000000000005, 'technical_score': 0, 'confidence': 0}"
INDIAMART.NS,1971.4000244140625,InvestmentDecision.AVOID,0,0,"{'fundamental_score': 8.7, 'technical_score': 0, 'confidence': 0}"
GESHIP.NS,1517.199951171875,InvestmentDecision.AVOID,0,0,"{'fundamental_score': 8.7, 'technical_score': 0, 'confidence': 0}"
PARADEEP.NS,124.29000091552734,InvestmentDecision.AVOID,0,0,"{'fundamental_score': 6.3, 'technical_score': 0, 'confidence': 0}"
CEATLTD.NS,3223.10009765625,InvestmentDecision.AVOID,0,0,"{'fundamental_score': 5.050000000000001, 'technical_score': 0, 'confidence': 0}"
TRIDENT.NS,24.31999969482422,InvestmentDecision.AVOID,0,0,"{'fundamental_score': 4.300000000000001, 'technical_score': 0, 'confidence': 0}"
RAINBOW.NS,1341.4000244140625,InvestmentDecision.AVOID,0,0,"{'fundamental_score': 7.45, 'technical_score': 0, 'confidence': 0}"
INTELLECT.NS,748.25,InvestmentDecision.AVOID,0,0,"{'fundamental_score': 5.7, 'technical_score': 0, 'confidence': 0}"
SYRMA.NS,1166.800048828125,InvestmentDecision.AVOID,0,0,"{'fundamental_score': 6.2, 'technical_score': 0, 'confidence': 0}"
FINEORG.NS,4586.5,InvestmentDecision.AVOID,0,0,"{'fundamental_score': 7.9, 'technical_score': 0, 'confidence': 0}"
NUVOCO.NS,336.1000061035156,InvestmentDecision.AVOID,0,0,"{'fundamental_score': 4.7, 'technical_score': 0, 'confidence': 0}"
BATAINDIA.NS,670.2999877929688,InvestmentDecision.AVOID,0,0,"{'fundamental_score': 5.45, 'technical_score': 0, 'confidence': 0}"
SWANCORP.NS,315.29998779296875,InvestmentDecision.AVOID,0,0,"{'fundamental_score': 4.7, 'technical_score': 0, 'confidence': 0}"
KIRLOSENG.NS,1856.9000244140625,InvestmentDecision.AVOID,0,0,"{'fundamental_score': 5.2, 'technical_score': 0, 'confidence': 0}"
BLS.NS,269.1499938964844,InvestmentDecision.AVOID,0,0,"{'fundamental_score': 8.7, 'technical_score': 0, 'confidence': 0}"
AARTIIND.NS,469.75,InvestmentDecision.AVOID,0,0,"{'fundamental_score': 4.25, 'technical_score': 0, 'confidence': 0}"
THELEELA.NS,409.45001220703125,InvestmentDecision.AVOID,0,0,"{'fundamental_score': 5.800000000000001, 'technical_score': 0, 'confidence': 0}"
SPLPETRO.NS,702.2999877929688,InvestmentDecision.AVOID,0,0,"{'fundamental_score': 6.2, 'technical_score': 0, 'confidence': 0}"
BLUEDART.NS,4730.39990234375,InvestmentDecision.AVOID,0,0,"{'fundamental_score': 6.2, 'technical_score': 0, 'confidence': 0}"
ZYDUSWELL.NS,497.79998779296875,InvestmentDecision.AVOID,0,0,"{'fundamental_score': 3.8500000000000005, 'technical_score': 0, 'confidence': 0}"
KSB.NS,771.0999755859375,InvestmentDecision.AVOID,0,0,"{'fundamental_score': 6.7, 'technical_score': 0, 'confidence': 0}"
PCBL.NS,291.25,InvestmentDecision.AVOID,0,0,"{'fundamental_score': 3.8000000000000003, 'technical_score': 0, 'confidence': 0}"
JWL.NS,284.1000061035156,InvestmentDecision.AVOID,0,0,"{'fundamental_score': 6.7, 'technical_score': 0, 'confidence': 0}"
CEMPRO.NS,1041.699951171875,InvestmentDecision.AVOID,0,0,"{'fundamental_score': 7.2, 'technical_score': 0, 'confidence': 0}"
ZENTEC.NS,1672.4000244140625,InvestmentDecision.AVOID,0,0,"{'fundamental_score': 7.2, 'technical_score': 0, 'confidence': 0}"
GODREJAGRO.NS,583.0499877929688,InvestmentDecision.AVOID,0,0,"{'fundamental_score': 5.8500000000000005, 'technical_score': 0, 'confidence': 0}"
IEX.NS,125.25,InvestmentDecision.AVOID,0,0,"{'fundamental_score': 7.8, 'technical_score': 0, 'confidence': 0}"
BBTC.NS,1512.4000244140625,InvestmentDecision.AVOID,0,0,"{'fundamental_score': 6.3, 'technical_score': 0, 'confidence': 0}"
CYIENT.NS,925.5999755859375,InvestmentDecision.AVOID,0,0,"{'fundamental_score': 4.7, 'technical_score': 0, 'confidence': 0}"
INDGN.NS,518.4500122070312,InvestmentDecision.AVOID,0,0,"{'fundamental_score': 6.2, 'technical_score': 0, 'confidence': 0}"
AAVAS.NS,1305.0,InvestmentDecision.AVOID,0,0,"{'fundamental_score': 5.5, 'technical_score': 0, 'confidence': 0}"
MINDACORP.NS,629.8499755859375,InvestmentDecision.AVOID,0,0,"{'fundamental_score': 5.050000000000001, 'technical_score': 0, 'confidence': 0}"
BELRISE.NS,217.88999938964844,InvestmentDecision.AVOID,0,0,"{'fundamental_score': 5.500000000000001, 'technical_score': 0, 'confidence': 0}"
CELLO.NS,385.3999938964844,InvestmentDecision.AVOID,0,0,"{'fundamental_score': 6.4, 'technical_score': 0, 'confidence': 0}"
JPPOWER.NS,18.989999771118164,InvestmentDecision.AVOID,0,0,"{'fundamental_score': 4.7, 'technical_score': 0, 'confidence': 0}"
TARIL.NS,312.3500061035156,InvestmentDecision.AVOID,0,0,"{'fundamental_score': 7.2, 'technical_score': 0, 'confidence': 0}"
NEWGEN.NS,518.0999755859375,InvestmentDecision.AVOID,0,0,"{'fundamental_score': 8.7, 'technical_score': 0, 'confidence': 0}"
ANURAS.NS,1324.9000244140625,InvestmentDecision.AVOID,0,0,"{'fundamental_score': 4.7, 'technical_score': 0, 'confidence': 0}"
GRANULES.NS,777.5499877929688,InvestmentDecision.AVOID,0,0,"{'fundamental_score': 6.2, 'technical_score': 0, 'confidence': 0}"
GRAVITA.NS,1624.0,InvestmentDecision.AVOID,0,0,"{'fundamental_score': 6.7, 'technical_score': 0, 'confidence': 0}"
HOMEFIRST.NS,1069.5999755859375,InvestmentDecision.AVOID,0,0,"{'fundamental_score': 5.9, 'technical_score': 0, 'confidence': 0}"
MGL.NS,1092.199951171875,InvestmentDecision.AVOID,0,0,"{'fundamental_score': 6.2, 'technical_score': 0, 'confidence': 0}"
USHAMART.NS,492.0,InvestmentDecision.AVOID,0,0,"{'fundamental_score': 7.6, 'technical_score': 0, 'confidence': 0}"
LEMONTREE.NS,111.16000366210938,InvestmentDecision.AVOID,0,0,"{'fundamental_score': 6.250000000000001, 'technical_score': 0, 'confidence': 0}"
TEGA.NS,1827.0999755859375,InvestmentDecision.AVOID,0,0,"{'fundamental_score': 4.7, 'technical_score': 0, 'confidence': 0}"
VTL.NS,613.8499755859375,InvestmentDecision.AVOID,0,0,"{'fundamental_score': 4.300000000000001, 'technical_score': 0, 'confidence': 0}"
NCC.NS,150.63999938964844,InvestmentDecision.AVOID,0,0,"{'fundamental_score': 5.7, 'technical_score': 0, 'confidence': 0}"
FINCABLES.NS,1002.0999755859375,InvestmentDecision.AVOID,0,0,"{'fundamental_score': 6.7, 'technical_score': 0, 'confidence': 0}"
ACE.NS,876.7999877929688,InvestmentDecision.AVOID,0,0,"{'fundamental_score': 8.1, 'technical_score': 0, 'confidence': 0}"
ELECON.NS,508.8999938964844,InvestmentDecision.AVOID,0,0,"{'fundamental_score': 7.6, 'technical_score': 0, 'confidence': 0}"
EMBDL.NS,56.7599983215332,InvestmentDecision.AVOID,0,0,"{'fundamental_score': 4.25, 'technical_score': 0, 'confidence': 0}"
JINDALSAW.NS,241.1199951171875,InvestmentDecision.AVOID,0,0,"{'fundamental_score': 4.7, 'technical_score': 0, 'confidence': 0}"
WELSPUNLIV.NS,143.64999389648438,InvestmentDecision.AVOID,0,0,"{'fundamental_score': 4.300000000000001, 'technical_score': 0, 'confidence': 0}"
NSLNISP.NS,52.54999923706055,InvestmentDecision.AVOID,0,0,"{'fundamental_score': 6.7, 'technical_score': 0, 'confidence': 0}"
ACUTAAS.NS,3037.60009765625,InvestmentDecision.AVOID,0,0,"{'fundamental_score': 8.7, 'technical_score': 0, 'confidence': 0}"
RITES.NS,202.5800018310547,InvestmentDecision.AVOID,0,0,"{'fundamental_score': 7.9, 'technical_score': 0, 'confidence': 0}"
CCL.NS,1070.5,InvestmentDecision.AVOID,0,0,"{'fundamental_score': 5.8500000000000005, 'technical_score': 0, 'confidence': 0}"
FINPIPE.NS,176.0800018310547,InvestmentDecision.AVOID,0,0,"{'fundamental_score': 6.6, 'technical_score': 0, 'confidence': 0}"
SAMMAANCAP.NS,178.91000366210938,InvestmentDecision.AVOID,0,0,"{'fundamental_score': 2.8000000000000003, 'technical_score': 0, 'confidence': 0}"
INGERRAND.NS,3728.699951171875,InvestmentDecision.AVOID,0,0,"{'fundamental_score': 8.2, 'technical_score': 0, 'confidence': 0}"
INDIACEM.NS,384.0,InvestmentDecision.AVOID,0,0,"{'fundamental_score': 4.7, 'technical_score': 0, 'confidence': 0}"
BLUEJET.NS,452.5,InvestmentDecision.AVOID,0,0,"{'fundamental_score': 8.7, 'technical_score': 0, 'confidence': 0}"
CARTRADE.NS,1795.0,InvestmentDecision.AVOID,0,0,"{'fundamental_score': 6.6000000000000005, 'technical_score': 0, 'confidence': 0}"
CHENNPETRO.NS,1141.5999755859375,InvestmentDecision.AVOID,0,0,"{'fundamental_score': 6.3, 'technical_score': 0, 'confidence': 0}"
TSFINV.NS,406.79998779296875,InvestmentDecision.AVOID,0,0,"{'fundamental_score': 6.6000000000000005, 'technical_score': 0, 'confidence': 0}"
SBFC.NS,92.22000122070312,InvestmentDecision.AVOID,0,0,"{'fundamental_score': 5.5, 'technical_score': 0, 'confidence': 0}"
RAILTEL.NS,316.0,InvestmentDecision.AVOID,0,0,"{'fundamental_score': 6.7, 'technical_score': 0, 'confidence': 0}"
CLEAN.NS,783.1500244140625,InvestmentDecision.AVOID,0,0,"{'fundamental_score': 8.2, 'technical_score': 0, 'confidence': 0}"
TITAGARH.NS,834.4000244140625,InvestmentDecision.AVOID,0,0,"{'fundamental_score': 4.7, 'technical_score': 0, 'confidence': 0}"
JYOTHYLAB.NS,199.99000549316406,InvestmentDecision.AVOID,0,0,"{'fundamental_score': 6.3, 'technical_score': 0, 'confidence': 0}"
SHRIPISTON.NS,3452.10009765625,InvestmentDecision.AVOID,0,0,"{'fundamental_score': 5.9, 'technical_score': 0, 'confidence': 0}"
ALIVUS.NS,1047.5999755859375,InvestmentDecision.AVOID,0,0,"{'fundamental_score': 8.7, 'technical_score': 0, 'confidence': 0}"
ENGINERSIN.NS,227.22999572753906,InvestmentDecision.AVOID,0,0,"{'fundamental_score': 8.2, 'technical_score': 0, 'confidence': 0}"
J&KBANK.NS,141.9199981689453,InvestmentDecision.AVOID,0,0,"{'fundamental_score': 7.4, 'technical_score': 0, 'confidence': 0}"
OLECTRA.NS,1285.199951171875,InvestmentDecision.AVOID,0,0,"{'fundamental_score': 6.7, 'technical_score': 0, 'confidence': 0}"
GRINFRA.NS,890.8499755859375,InvestmentDecision.AVOID,0,0,"{'fundamental_score': 5.25, 'technical_score': 0, 'confidence': 0}"
JUBLINGREA.NS,637.2000122070312,InvestmentDecision.AVOID,0,0,"{'fundamental_score': 5.7, 'technical_score': 0, 'confidence': 0}"
SANOFI.NS,3169.199951171875,InvestmentDecision.AVOID,0,0,"{'fundamental_score': 7.9, 'technical_score': 0, 'confidence': 0}"
SANOFICONR.NS,4670.89990234375,InvestmentDecision.AVOID,0,0,"{'fundamental_score': 8.2, 'technical_score': 0, 'confidence': 0}"
EUREKAFORB.NS,449.8999938964844,InvestmentDecision.AVOID,0,0,"{'fundamental_score': 4.300000000000001, 'technical_score': 0, 'confidence': 0}"
WAAREERTL.NS,977.7000122070312,InvestmentDecision.AVOID,0,0,"{'fundamental_score': 6.7, 'technical_score': 0, 'confidence': 0}"
RELAXO.NS,328.25,InvestmentDecision.AVOID,0,0,"{'fundamental_score': 5.9, 'technical_score': 0, 'confidence': 0}"
PRUDENT.NS,2708.199951171875,InvestmentDecision.AVOID,0,0,"{'fundamental_score': 7.5, 'technical_score': 0, 'confidence': 0}"
TTML.NS,43.150001525878906,InvestmentDecision.AVOID,0,0,"{'fundamental_score': 6.7, 'technical_score': 0, 'confidence': 0}"
CANFINHOME.NS,829.2999877929688,InvestmentDecision.AVOID,0,0,"{'fundamental_score': 6.300000000000001, 'technical_score': 0, 'confidence': 0}"
BSOFT.NS,344.79998779296875,InvestmentDecision.AVOID,0,0,"{'fundamental_score': 6.2, 'technical_score': 0, 'confidence': 0}"
GRAPHITE.NS,721.3499755859375,InvestmentDecision.AVOID,0,0,"{'fundamental_score': 4.7, 'technical_score': 0, 'confidence': 0}"
JKTYRE.NS,388.3999938964844,InvestmentDecision.AVOID,0,0,"{'fundamental_score': 5.050000000000001, 'technical_score': 0, 'confidence': 0}"
BLACKBUCK.NS,515.2999877929688,InvestmentDecision.AVOID,0,0,"{'fundamental_score': 7.7, 'technical_score': 0, 'confidence': 0}"
ZEEL.NS,94.31999969482422,InvestmentDecision.AVOID,0,0,"{'fundamental_score': 4.7, 'technical_score': 0, 'confidence': 0}"
SAFARI.NS,1629.0,InvestmentDecision.AVOID,0,0,"{'fundamental_score': 5.9, 'technical_score': 0, 'confidence': 0}"
INOXINDIA.NS,1452.199951171875,InvestmentDecision.AVOID,0,0,"{'fundamental_score': 8.4, 'technical_score': 0, 'confidence': 0}"
HFCL.NS,189.94000244140625,InvestmentDecision.AVOID,0,0,"{'fundamental_score': 4.7, 'technical_score': 0, 'confidence': 0}"
PVRINOX.NS,986.8499755859375,InvestmentDecision.AVOID,0,0,"{'fundamental_score': 4.25, 'technical_score': 0, 'confidence': 0}"
SCI.NS,302.70001220703125,InvestmentDecision.AVOID,0,0,"{'fundamental_score': 6.7, 'technical_score': 0, 'confidence': 0}"
JKLAKSHMI.NS,603.0999755859375,InvestmentDecision.AVOID,0,0,"{'fundamental_score': 5.25, 'technical_score': 0, 'confidence': 0}"
VIJAYA.NS,1317.0,InvestmentDecision.AVOID,0,0,"{'fundamental_score': 8.7, 'technical_score': 0, 'confidence': 0}"
PRIVISCL.NS,3284.39990234375,InvestmentDecision.AVOID,0,0,"{'fundamental_score': 7.65, 'technical_score': 0, 'confidence': 0}"
SONATSOFTW.NS,278.3500061035156,InvestmentDecision.AVOID,0,0,"{'fundamental_score': 7.2, 'technical_score': 0, 'confidence': 0}"
AETHER.NS,1098.699951171875,InvestmentDecision.AVOID,0,0,"{'fundamental_score': 7.2, 'technical_score': 0, 'confidence': 0}"
AZAD.NS,2066.10009765625,InvestmentDecision.AVOID,0,0,"{'fundamental_score': 7.2, 'technical_score': 0, 'confidence': 0}"
EDELWEISS.NS,111.62000274658203,InvestmentDecision.AVOID,0,0,"{'fundamental_score': 3.6000000000000005, 'technical_score': 0, 'confidence': 0}"
NAZARA.NS,274.8500061035156,InvestmentDecision.AVOID,0,0,"{'fundamental_score': 4.7, 'technical_score': 0, 'confidence': 0}"
METROPOLIS.NS,541.5,InvestmentDecision.AVOID,0,0,"{'fundamental_score': 6.2, 'technical_score': 0, 'confidence': 0}"
IXIGO.NS,159.60000610351562,InvestmentDecision.AVOID,0,0,"{'fundamental_score': 4.300000000000001, 'technical_score': 0, 'confidence': 0}"
BALRAMCHIN.NS,537.4000244140625,InvestmentDecision.AVOID,0,0,"{'fundamental_score': 4.65, 'technical_score': 0, 'confidence': 0}"
VESUVIUS.NS,468.04998779296875,InvestmentDecision.AVOID,0,0,"{'fundamental_score': 7.6, 'technical_score': 0, 'confidence': 0}"
WESTLIFE.NS,419.8500061035156,InvestmentDecision.AVOID,0,0,"{'fundamental_score': 2.8000000000000003, 'technical_score': 0, 'confidence': 0}"
RKFORGE.NS,569.0,InvestmentDecision.AVOID,0,0,"{'fundamental_score': 4.25, 'technical_score': 0, 'confidence': 0}"
STARCEMENT.NS,211.41000366210938,InvestmentDecision.AVOID,0,0,"{'fundamental_score': 6.2, 'technical_score': 0, 'confidence': 0}"
GENUSPOWER.NS,309.3500061035156,InvestmentDecision.AVOID,0,0,"{'fundamental_score': 7.199999999999999, 'technical_score': 0, 'confidence': 0}"
RELINFRA.NS,70.63999938964844,InvestmentDecision.AVOID,0,0,"{'fundamental_score': 8.1, 'technical_score': 0, 'confidence': 0}"
HEG.NS,550.1500244140625,InvestmentDecision.AVOID,0,0,"{'fundamental_score': 5.6, 'technical_score': 0, 'confidence': 0}"
PGHL.NS,6030.5,InvestmentDecision.AVOID,0,0,"{'fundamental_score': 8.7, 'technical_score': 0, 'confidence': 0}"
ALKYLAMINE.NS,1778.699951171875,InvestmentDecision.AVOID,0,0,"{'fundamental_score': 6.7, 'technical_score': 0, 'confidence': 0}"
TEJASNET.NS,537.2999877929688,InvestmentDecision.AVOID,0,0,"{'fundamental_score': 3.8000000000000003, 'technical_score': 0, 'confidence': 0}"
SHAILY.NS,3038.0,InvestmentDecision.AVOID,0,0,"{'fundamental_score': 8.4, 'technical_score': 0, 'confidence': 0}"
TIMETECHNO.NS,172.24000549316406,InvestmentDecision.AVOID,0,0,"{'fundamental_score': 5.500000000000001, 'technical_score': 0, 'confidence': 0}"
BANCOINDIA.NS,654.7999877929688,InvestmentDecision.AVOID,0,0,"{'fundamental_score': 7.199999999999999, 'technical_score': 0, 'confidence': 0}"
AVANTIFEED.NS,1158.5999755859375,InvestmentDecision.AVOID,0,0,"{'fundamental_score': 5.9, 'technical_score': 0, 'confidence': 0}"
IIFLCAPS.NS,338.1499938964844,InvestmentDecision.AVOID,0,0,"{'fundamental_score': 7.3500000000000005, 'technical_score': 0, 'confidence': 0}"
ASKAUTOLTD.NS,440.5,InvestmentDecision.AVOID,0,0,"{'fundamental_score': 5.8500000000000005, 'technical_score': 0, 'confidence': 0}"
MEDPLUS.NS,900.1500244140625,InvestmentDecision.AVOID,0,0,"{'fundamental_score': 5.25, 'technical_score': 0, 'confidence': 0}"
SHAKTIPUMP.NS,514.75,InvestmentDecision.AVOID,0,0,"{'fundamental_score': 6.7, 'technical_score': 0, 'confidence': 0}"
ABFRL.NS,61.900001525878906,InvestmentDecision.AVOID,0,0,"{'fundamental_score': 3.8500000000000005, 'technical_score': 0, 'confidence': 0}"
MMTC.NS,64.80999755859375,InvestmentDecision.AVOID,0,0,"{'fundamental_score': 8.2, 'technical_score': 0, 'confidence': 0}"
SUDARSCHEM.NS,897.25,InvestmentDecision.AVOID,0,0,"{'fundamental_score': 4.25, 'technical_score': 0, 'confidence': 0}"
RHIM.NS,344.6499938964844,InvestmentDecision.AVOID,0,0,"{'fundamental_score': 4.7, 'technical_score': 0, 'confidence': 0}"
JLHL.NS,1314.5999755859375,InvestmentDecision.AVOID,0,0,"{'fundamental_score': 7.1, 'technical_score': 0, 'confidence': 0}"
INDIASHLTR.NS,772.5999755859375,InvestmentDecision.AVOID,0,0,"{'fundamental_score': 5.9, 'technical_score': 0, 'confidence': 0}"
ASTRAMICRO.NS,1323.800048828125,InvestmentDecision.AVOID,0,0,"{'fundamental_score': 7.9, 'technical_score': 0, 'confidence': 0}"
TDPOWERSYS.NS,1235.0,InvestmentDecision.AVOID,0,0,"{'fundamental_score': 8.1, 'technical_score': 0, 'confidence': 0}"
KPIGREEN.NS,420.6000061035156,InvestmentDecision.AVOID,0,0,"{'fundamental_score': 6.4, 'technical_score': 0, 'confidence': 0}"
TRANSRAILL.NS,488.20001220703125,InvestmentDecision.AVOID,0,0,"{'fundamental_score': 7.2, 'technical_score': 0, 'confidence': 0}"
BIRLACORPN.NS,967.4000244140625,InvestmentDecision.AVOID,0,0,"{'fundamental_score': 4.7, 'technical_score': 0, 'confidence': 0}"
SAPPHIRE.NS,174.1199951171875,InvestmentDecision.AVOID,0,0,"{'fundamental_score': 3.4000000000000004, 'technical_score': 0, 'confidence': 0}"
MAPMYINDIA.NS,825.5999755859375,InvestmentDecision.AVOID,0,0,"{'fundamental_score': 8.2, 'technical_score': 0, 'confidence': 0}"
UJJIVANSFB.NS,53.18000030517578,InvestmentDecision.AVOID,0,0,"{'fundamental_score': 6.300000000000001, 'technical_score': 0, 'confidence': 0}"
HCG.NS,631.6500244140625,InvestmentDecision.AVOID,0,0,"{'fundamental_score': 3.8000000000000003, 'technical_score': 0, 'confidence': 0}"
NESCO.NS,1176.199951171875,InvestmentDecision.AVOID,0,0,"{'fundamental_score': 7.7, 'technical_score': 0, 'confidence': 0}"
HAPPYFORGE.NS,1409.0,InvestmentDecision.AVOID,0,0,"{'fundamental_score': 8.2, 'technical_score': 0, 'confidence': 0}"
HONASA.NS,407.04998779296875,InvestmentDecision.AVOID,0,0,"{'fundamental_score': 5.9, 'technical_score': 0, 'confidence': 0}"
KRBL.NS,347.1000061035156,InvestmentDecision.AVOID,0,0,"{'fundamental_score': 5.1000000000000005, 'technical_score': 0, 'confidence': 0}"
VARROC.NS,574.2999877929688,InvestmentDecision.AVOID,0,0,"{'fundamental_score': 5.050000000000001, 'technical_score': 0, 'confidence': 0}"
SANSERA.NS,2953.300048828125,InvestmentDecision.AVOID,0,0,"{'fundamental_score': 5.1000000000000005, 'technical_score': 0, 'confidence': 0}"
LATENTVIEW.NS,325.29998779296875,InvestmentDecision.AVOID,0,0,"{'fundamental_score': 7.4, 'technical_score': 0, 'confidence': 0}"
WABAG.NS,1551.800048828125,InvestmentDecision.AVOID,0,0,"{'fundamental_score': 6.7, 'technical_score': 0, 'confidence': 0}"
LLOYDSENT.NS,68.5999984741211,InvestmentDecision.AVOID,0,0,"{'fundamental_score': 6.9, 'technical_score': 0, 'confidence': 0}"
TI.NS,427.3500061035156,InvestmentDecision.AVOID,0,0,"{'fundamental_score': 5.9, 'technical_score': 0, 'confidence': 0}"
ALOKINDS.NS,12.300000190734863,InvestmentDecision.AVOID,0,0,"{'fundamental_score': 5.9, 'technical_score': 0, 'confidence': 0}"
SANDUMA.NS,229.1999969482422,InvestmentDecision.AVOID,0,0,"{'fundamental_score': 8.1, 'technical_score': 0, 'confidence': 0}"
TTKPRESTIG.NS,539.2000122070312,InvestmentDecision.AVOID,0,0,"{'fundamental_score': 5.9, 'technical_score': 0, 'confidence': 0}"
DBREALTY.NS,114.52999877929688,InvestmentDecision.AVOID,0,0,"{'fundamental_score': 6.7, 'technical_score': 0, 'confidence': 0}"
MARKSANS.NS,241.19000244140625,InvestmentDecision.AVOID,0,0,"{'fundamental_score': 7.6, 'technical_score': 0, 'confidence': 0}"
TCI.NS,919.0999755859375,InvestmentDecision.AVOID,0,0,"{'fundamental_score': 7.2, 'technical_score': 0, 'confidence': 0}"
BBOX.NS,1031.800048828125,InvestmentDecision.AVOID,0,0,"{'fundamental_score': 6.75, 'technical_score': 0, 'confidence': 0}"
POWERMECH.NS,2488.5,InvestmentDecision.AVOID,0,0,"{'fundamental_score': 6.7, 'technical_score': 0, 'confidence': 0}"
SOUTHBANK.NS,42.08000183105469,InvestmentDecision.AVOID,0,0,"{'fundamental_score': 7.000000000000001, 'technical_score': 0, 'confidence': 0}"
LOTUSDEV.NS,139.36000061035156,InvestmentDecision.AVOID,0,0,"{'fundamental_score': 8.2, 'technical_score': 0, 'confidence': 0}"
JAIBALAJI.NS,70.04000091552734,InvestmentDecision.AVOID,0,0,"{'fundamental_score': 6.7, 'technical_score': 0, 'confidence': 0}"
SAREGAMA.NS,457.6000061035156,InvestmentDecision.AVOID,0,0,"{'fundamental_score': 7.7, 'technical_score': 0, 'confidence': 0}"
JSLL.NS,590.5999755859375,InvestmentDecision.AVOID,0,0,"{'fundamental_score': 8.2, 'technical_score': 0, 'confidence': 0}"
PCJEWELLER.NS,9.260000228881836,InvestmentDecision.AVOID,0,0,"{'fundamental_score': 6.6000000000000005, 'technical_score': 0, 'confidence': 0}"
LUMAXTECH.NS,1746.800048828125,InvestmentDecision.AVOID,0,0,"{'fundamental_score': 5.45, 'technical_score': 0, 'confidence': 0}"
TANLA.NS,543.0499877929688,InvestmentDecision.AVOID,0,0,"{'fundamental_score': 7.2, 'technical_score': 0, 'confidence': 0}"
MANORAMA.NS,1481.4000244140625,InvestmentDecision.AVOID,0,0,"{'fundamental_score': 7.050000000000001, 'technical_score': 0, 'confidence': 0}"
ARVIND.NS,500.6499938964844,InvestmentDecision.AVOID,0,0,"{'fundamental_score': 5.1000000000000005, 'technical_score': 0, 'confidence': 0}"
APOLLO.NS,437.0,InvestmentDecision.AVOID,0,0,"{'fundamental_score': 6.6, 'technical_score': 0, 'confidence': 0}"
PNGJL.NS,548.2999877929688,InvestmentDecision.AVOID,0,0,"{'fundamental_score': 5.8500000000000005, 'technical_score': 0, 'confidence': 0}"
MAHSEAMLES.NS,609.7999877929688,InvestmentDecision.AVOID,0,0,"{'fundamental_score': 6.9, 'technical_score': 0, 'confidence': 0}"
HAPPSTMNDS.NS,378.5,InvestmentDecision.AVOID,0,0,"{'fundamental_score': 5.75, 'technical_score': 0, 'confidence': 0}"
CAMPUS.NS,250.6999969482422,InvestmentDecision.AVOID,0,0,"{'fundamental_score': 6.3, 'technical_score': 0, 'confidence': 0}"
RELIGARE.NS,235.72999572753906,InvestmentDecision.AVOID,0,0,"{'fundamental_score': 4.300000000000001, 'technical_score': 0, 'confidence': 0}"
GMRP&UI.NS,111.69999694824219,InvestmentDecision.AVOID,0,0,"{'fundamental_score': 4.800000000000001, 'technical_score': 0, 'confidence': 0}"
BECTORFOOD.NS,172.08999633789062,InvestmentDecision.AVOID,0,0,"{'fundamental_score': 5.1000000000000005, 'technical_score': 0, 'confidence': 0}"
RCF.NS,126.98999786376953,InvestmentDecision.AVOID,0,0,"{'fundamental_score': 4.25, 'technical_score': 0, 'confidence': 0}"
ESABINDIA.NS,6116.0,InvestmentDecision.AVOID,0,0,"{'fundamental_score': 8.1, 'technical_score': 0, 'confidence': 0}"
VOLTAMP.NS,9127.0,InvestmentDecision.AVOID,0,0,"{'fundamental_score': 8.1, 'technical_score': 0, 'confidence': 0}"
STAR.NS,1075.0,InvestmentDecision.AVOID,0,0,"{'fundamental_score': 6.75, 'technical_score': 0, 'confidence': 0}"
GALAXYSURF.NS,1757.5,InvestmentDecision.AVOID,0,0,"{'fundamental_score': 5.7, 'technical_score': 0, 'confidence': 0}"
MAHLIFE.NS,337.20001220703125,InvestmentDecision.AVOID,0,0,"{'fundamental_score': 7.2, 'technical_score': 0, 'confidence': 0}"
GPPL.NS,158.05999755859375,InvestmentDecision.AVOID,0,0,"{'fundamental_score': 8.2, 'technical_score': 0, 'confidence': 0}"
SHARDACROP.NS,908.0,InvestmentDecision.AVOID,0,0,"{'fundamental_score': 8.1, 'technical_score': 0, 'confidence': 0}"
OSWALPUMPS.NS,363.6499938964844,InvestmentDecision.AVOID,0,0,"{'fundamental_score': 8.7, 'technical_score': 0, 'confidence': 0}"
DODLA.NS,1098.199951171875,InvestmentDecision.AVOID,0,0,"{'fundamental_score': 5.9, 'technical_score': 0, 'confidence': 0}"
NETWORK18.NS,30.270000457763672,InvestmentDecision.AVOID,0,0,"{'fundamental_score': 4.25, 'technical_score': 0, 'confidence': 0}"
DIACABS.NS,194.64999389648438,InvestmentDecision.AVOID,0,0,"{'fundamental_score': 6.7, 'technical_score': 0, 'confidence': 0}"
GRWRHITECH.NS,5894.5,InvestmentDecision.AVOID,0,0,"{'fundamental_score': 7.4, 'technical_score': 0, 'confidence': 0}"
CERA.NS,5605.0,InvestmentDecision.AVOID,0,0,"{'fundamental_score': 6.2, 'technical_score': 0, 'confidence': 0}"
KIRLPNU.NS,1578.5,InvestmentDecision.AVOID,0,0,"{'fundamental_score': 8.1, 'technical_score': 0, 'confidence': 0}"
BORORENEW.NS,501.3500061035156,InvestmentDecision.AVOID,0,0,"{'fundamental_score': 5.7, 'technical_score': 0, 'confidence': 0}"
KALPATARU.NS,320.1000061035156,InvestmentDecision.AVOID,0,0,"{'fundamental_score': 5.2, 'technical_score': 0, 'confidence': 0}"
TRIVENI.NS,366.6499938964844,InvestmentDecision.AVOID,0,0,"{'fundamental_score': 5.9, 'technical_score': 0, 'confidence': 0}"
GSFC.NS,163.77000427246094,InvestmentDecision.AVOID,0,0,"{'fundamental_score': 4.7, 'technical_score': 0, 'confidence': 0}"
GARFIBRES.NS,660.6500244140625,InvestmentDecision.AVOID,0,0,"{'fundamental_score': 6.800000000000001, 'technical_score': 0, 'confidence': 0}"
ACI.NS,536.2000122070312,InvestmentDecision.AVOID,0,0,"{'fundamental_score': 4.7, 'technical_score': 0, 'confidence': 0}"
SHILPAMED.NS,517.3499755859375,InvestmentDecision.AVOID,0,0,"{'fundamental_score': 6.9, 'technical_score': 0, 'confidence': 0}"
DBL.NS,420.6499938964844,InvestmentDecision.AVOID,0,0,"{'fundamental_score': 7.199999999999999, 'technical_score': 0, 'confidence': 0}"
MAXESTATES.NS,445.3999938964844,InvestmentDecision.AVOID,0,0,"{'fundamental_score': 4.25, 'technical_score': 0, 'confidence': 0}"
THOMASCOOK.NS,91.97000122070312,InvestmentDecision.AVOID,0,0,"{'fundamental_score': 5.1000000000000005, 'technical_score': 0, 'confidence': 0}"
AARTIPHARM.NS,635.2000122070312,InvestmentDecision.AVOID,0,0,"{'fundamental_score': 4.7, 'technical_score': 0, 'confidence': 0}"
GNFC.NS,506.79998779296875,InvestmentDecision.AVOID,0,0,"{'fundamental_score': 5.7, 'technical_score': 0, 'confidence': 0}"
THANGAMAYL.NS,4590.7001953125,InvestmentDecision.AVOID,0,0,"{'fundamental_score': 5.8500000000000005, 'technical_score': 0, 'confidence': 0}"
PRSMJOHNSN.NS,121.27999877929688,InvestmentDecision.AVOID,0,0,"{'fundamental_score': 6.25, 'technical_score': 0, 'confidence': 0}"
RUSTOMJEE.NS,394.79998779296875,InvestmentDecision.AVOID,0,0,"{'fundamental_score': 6.7, 'technical_score': 0, 'confidence': 0}"
AKUMS.NS,531.25,InvestmentDecision.AVOID,0,0,"{'fundamental_score': 4.7, 'technical_score': 0, 'confidence': 0}"
AJAXENGG.NS,590.4000244140625,InvestmentDecision.AVOID,0,0,"{'fundamental_score': 6.7, 'technical_score': 0, 'confidence': 0}"
ETHOSLTD.NS,2359.60009765625,InvestmentDecision.AVOID,0,0,"{'fundamental_score': 5.9, 'technical_score': 0, 'confidence': 0}"
PNCINFRA.NS,210.24000549316406,InvestmentDecision.AVOID,0,0,"{'fundamental_score': 6.95, 'technical_score': 0, 'confidence': 0}"
FDC.NS,392.75,InvestmentDecision.AVOID,0,0,"{'fundamental_score': 6.6, 'technical_score': 0, 'confidence': 0}"
LLOYDSENGG.NS,72.12999725341797,InvestmentDecision.AVOID,0,0,"{'fundamental_score': 7.6, 'technical_score': 0, 'confidence': 0}"
REDTAPE.NS,137.99000549316406,InvestmentDecision.AVOID,0,0,"{'fundamental_score': 5.8500000000000005, 'technical_score': 0, 'confidence': 0}"
TMB.NS,739.75,InvestmentDecision.AVOID,0,0,"{'fundamental_score': 7.000000000000001, 'technical_score': 0, 'confidence': 0}"
TIPSMUSIC.NS,672.2999877929688,InvestmentDecision.AVOID,0,0,"{'fundamental_score': 8.7, 'technical_score': 0, 'confidence': 0}"
EPIGRAL.NS,1139.5,InvestmentDecision.AVOID,0,0,"{'fundamental_score': 7.6, 'technical_score': 0, 'confidence': 0}"
INOXGREEN.NS,173.08999633789062,InvestmentDecision.AVOID,0,0,"{'fundamental_score': 8.2, 'technical_score': 0, 'confidence': 0}"
SFL.NS,604.9500122070312,InvestmentDecision.AVOID,0,0,"{'fundamental_score': 4.300000000000001, 'technical_score': 0, 'confidence': 0}"
V2RETAIL.NS,240.32000732421875,InvestmentDecision.AVOID,0,0,"{'fundamental_score': 5.4, 'technical_score': 0, 'confidence': 0}"
MASTEK.NS,1727.9000244140625,InvestmentDecision.AVOID,0,0,"{'fundamental_score': 6.2, 'technical_score': 0, 'confidence': 0}"
BALUFORGE.NS,465.20001220703125,InvestmentDecision.AVOID,0,0,"{'fundamental_score': 8.2, 'technical_score': 0, 'confidence': 0}"
MOIL.NS,296.29998779296875,InvestmentDecision.AVOID,0,0,"{'fundamental_score': 7.2, 'technical_score': 0, 'confidence': 0}"
GANESHHOU.NS,699.4000244140625,InvestmentDecision.AVOID,0,0,"{'fundamental_score': 8.2, 'technical_score': 0, 'confidence': 0}"
RTNINDIA.NS,35.459999084472656,InvestmentDecision.AVOID,0,0,"{'fundamental_score': 5.0, 'technical_score': 0, 'confidence': 0}"
PFOCUS.NS,228.50999450683594,InvestmentDecision.AVOID,0,0,"{'fundamental_score': 4.7, 'technical_score': 0, 'confidence': 0}"
WELENT.NS,517.5,InvestmentDecision.AVOID,0,0,"{'fundamental_score': 5.75, 'technical_score': 0, 'confidence': 0}"
RAYMONDLSL.NS,752.4500122070312,InvestmentDecision.AVOID,0,0,"{'fundamental_score': 4.300000000000001, 'technical_score': 0, 'confidence': 0}"
ISGEC.NS,899.4500122070312,InvestmentDecision.AVOID,0,0,"{'fundamental_score': 4.7, 'technical_score': 0, 'confidence': 0}"
PRAJIND.NS,348.54998779296875,InvestmentDecision.AVOID,0,0,"{'fundamental_score': 4.7, 'technical_score': 0, 'confidence': 0}"
RATEGAIN.NS,774.7999877929688,InvestmentDecision.AVOID,0,0,"{'fundamental_score': 5.7, 'technical_score': 0, 'confidence': 0}"
MIDHANI.NS,410.75,InvestmentDecision.AVOID,0,0,"{'fundamental_score': 4.7, 'technical_score': 0, 'confidence': 0}"
KTKBANK.NS,264.0,InvestmentDecision.AVOID,0,0,"{'fundamental_score': 6.6000000000000005, 'technical_score': 0, 'confidence': 0}"
YATHARTH.NS,812.9500122070312,InvestmentDecision.AVOID,0,0,"{'fundamental_score': 6.6, 'technical_score': 0, 'confidence': 0}"
CSBBANK.NS,368.70001220703125,InvestmentDecision.AVOID,0,0,"{'fundamental_score': 7.000000000000001, 'technical_score': 0, 'confidence': 0}"
EPL.NS,210.4199981689453,InvestmentDecision.AVOID,0,0,"{'fundamental_score': 5.9, 'technical_score': 0, 'confidence': 0}"
AURIONPRO.NS,827.9000244140625,InvestmentDecision.AVOID,0,0,"{'fundamental_score': 7.1, 'technical_score': 0, 'confidence': 0}"
JUSTDIAL.NS,529.5,InvestmentDecision.AVOID,0,0,"{'fundamental_score': 7.2, 'technical_score': 0, 'confidence': 0}"
MHRIL.NS,214.5500030517578,InvestmentDecision.AVOID,0,0,"{'fundamental_score': 2.8000000000000003, 'technical_score': 0, 'confidence': 0}"
THYROCARE.NS,521.6500244140625,InvestmentDecision.AVOID,0,0,"{'fundamental_score': 8.7, 'technical_score': 0, 'confidence': 0}"
ARVINDFASN.NS,476.04998779296875,InvestmentDecision.AVOID,0,0,"{'fundamental_score': 5.0, 'technical_score': 0, 'confidence': 0}"
EQUITASBNK.NS,69.76000213623047,InvestmentDecision.AVOID,0,0,"{'fundamental_score': 3.8500000000000005, 'technical_score': 0, 'confidence': 0}"
ELLEN.NS,247.9499969482422,InvestmentDecision.AVOID,0,0,"{'fundamental_score': 7.7, 'technical_score': 0, 'confidence': 0}"
CMSINFO.NS,305.95001220703125,InvestmentDecision.AVOID,0,0,"{'fundamental_score': 5.5, 'technical_score': 0, 'confidence': 0}"
PGIL.NS,1645.0999755859375,InvestmentDecision.AVOID,0,0,"{'fundamental_score': 5.8500000000000005, 'technical_score': 0, 'confidence': 0}"
DHANUKA.NS,1096.199951171875,InvestmentDecision.AVOID,0,0,"{'fundamental_score': 8.1, 'technical_score': 0, 'confidence': 0}"
SYMPHONY.NS,692.7000122070312,InvestmentDecision.AVOID,0,0,"{'fundamental_score': 4.300000000000001, 'technical_score': 0, 'confidence': 0}"
QPOWER.NS,1040.5,InvestmentDecision.AVOID,0,0,"{'fundamental_score': 8.1, 'technical_score': 0, 'confidence': 0}"
CUPID.NS,128.35000610351562,InvestmentDecision.AVOID,0,0,"{'fundamental_score': 7.8, 'technical_score': 0, 'confidence': 0}"
AHLUCONT.NS,793.4500122070312,InvestmentDecision.AVOID,0,0,"{'fundamental_score': 6.7, 'technical_score': 0, 'confidence': 0}"
IFBIND.NS,1317.800048828125,InvestmentDecision.AVOID,0,0,"{'fundamental_score': 5.9, 'technical_score': 0, 'confidence': 0}"
BAJAJELEC.NS,312.8999938964844,InvestmentDecision.AVOID,0,0,"{'fundamental_score': 5.45, 'technical_score': 0, 'confidence': 0}"
JKPAPER.NS,361.8500061035156,InvestmentDecision.AVOID,0,0,"{'fundamental_score': 4.7, 'technical_score': 0, 'confidence': 0}"
PRICOLLTD.NS,565.8499755859375,InvestmentDecision.AVOID,0,0,"{'fundamental_score': 6.3, 'technical_score': 0, 'confidence': 0}"
AVALON.NS,1511.9000244140625,InvestmentDecision.AVOID,0,0,"{'fundamental_score': 6.7, 'technical_score': 0, 'confidence': 0}"
SURYAROSNI.NS,249.94000244140625,InvestmentDecision.AVOID,0,0,"{'fundamental_score': 5.7, 'technical_score': 0, 'confidence': 0}"
HNDFDS.NS,540.25,InvestmentDecision.AVOID,0,0,"{'fundamental_score': 5.75, 'technical_score': 0, 'confidence': 0}"
PURVA.NS,215.11000061035156,InvestmentDecision.AVOID,0,0,"{'fundamental_score': 3.2, 'technical_score': 0, 'confidence': 0}"
AVL.NS,508.20001220703125,InvestmentDecision.AVOID,0,0,"{'fundamental_score': 5.8500000000000005, 'technical_score': 0, 'confidence': 0}"
RTNPOWER.NS,9.630000114440918,InvestmentDecision.AVOID,0,0,"{'fundamental_score': 4.25, 'technical_score': 0, 'confidence': 0}"
RENUKA.NS,22.209999084472656,InvestmentDecision.AVOID,0,0,"{'fundamental_score': 5.9, 'technical_score': 0, 'confidence': 0}"
GREENLAM.NS,229.3000030517578,InvestmentDecision.AVOID,0,0,"{'fundamental_score': 3.8500000000000005, 'technical_score': 0, 'confidence': 0}"
SUPRAJIT.NS,459.25,InvestmentDecision.AVOID,0,0,"{'fundamental_score': 5.050000000000001, 'technical_score': 0, 'confidence': 0}"
JAYNECOIND.NS,99.5199966430664,InvestmentDecision.AVOID,0,0,"{'fundamental_score': 6.25, 'technical_score': 0, 'confidence': 0}"
VMART.NS,690.25,InvestmentDecision.AVOID,0,0,"{'fundamental_score': 4.6000000000000005, 'technical_score': 0, 'confidence': 0}"
IONEXCHANG.NS,360.20001220703125,InvestmentDecision.AVOID,0,0,"{'fundamental_score': 5.7, 'technical_score': 0, 'confidence': 0}"
SUNTECK.NS,288.1499938964844,InvestmentDecision.AVOID,0,0,"{'fundamental_score': 6.2, 'technical_score': 0, 'confidence': 0}"
JUNIPER.NS,193.4600067138672,InvestmentDecision.AVOID,0,0,"{'fundamental_score': 5.200000000000001, 'technical_score': 0, 'confidence': 0}"
HGINFRA.NS,575.5999755859375,InvestmentDecision.AVOID,0,0,"{'fundamental_score': 4.2, 'technical_score': 0, 'confidence': 0}"
ICRA.NS,5153.5,InvestmentDecision.AVOID,0,0,"{'fundamental_score': 7.4, 'technical_score': 0, 'confidence': 0}"
SUBROS.NS,721.3499755859375,InvestmentDecision.AVOID,0,0,"{'fundamental_score': 5.500000000000001, 'technical_score': 0, 'confidence': 0}"
AXISCADES.NS,1682.199951171875,InvestmentDecision.AVOID,0,0,"{'fundamental_score': 5.25, 'technical_score': 0, 'confidence': 0}"
RALLIS.NS,237.89999389648438,InvestmentDecision.AVOID,0,0,"{'fundamental_score': 5.7, 'technical_score': 0, 'confidence': 0}"
GOKEX.NS,700.75,InvestmentDecision.AVOID,0,0,"{'fundamental_score': 3.8500000000000005, 'technical_score': 0, 'confidence': 0}"
MTARTECH.NS,7216.0,InvestmentDecision.AVOID,0,0,"{'fundamental_score': 6.7, 'technical_score': 0, 'confidence': 0}"
GULFOILLUB.NS,924.7999877929688,InvestmentDecision.AVOID,0,0,"{'fundamental_score': 7.2, 'technical_score': 0, 'confidence': 0}"
CHEMPLASTS.NS,214.52000427246094,InvestmentDecision.AVOID,0,0,"{'fundamental_score': 3.8000000000000003, 'technical_score': 0, 'confidence': 0}"
ASHAPURMIN.NS,726.5,InvestmentDecision.AVOID,0,0,"{'fundamental_score': 6.25, 'technical_score': 0, 'confidence': 0}"
SWSOLAR.NS,191.58999633789062,InvestmentDecision.AVOID,0,0,"{'fundamental_score': 3.2, 'technical_score': 0, 'confidence': 0}"
SHARDAMOTR.NS,842.7999877929688,InvestmentDecision.AVOID,0,0,"{'fundamental_score': 6.3, 'technical_score': 0, 'confidence': 0}"
PICCADIL.NS,586.7999877929688,InvestmentDecision.AVOID,0,0,"{'fundamental_score': 6.35, 'technical_score': 0, 'confidence': 0}"
INDIAGLYCO.NS,981.5499877929688,InvestmentDecision.AVOID,0,0,"{'fundamental_score': 5.25, 'technical_score': 0, 'confidence': 0}"
MANINFRA.NS,118.30000305175781,InvestmentDecision.AVOID,0,0,"{'fundamental_score': 7.2, 'technical_score': 0, 'confidence': 0}"
VIPIND.NS,318.1499938964844,InvestmentDecision.AVOID,0,0,"{'fundamental_score': 2.8000000000000003, 'technical_score': 0, 'confidence': 0}"
ELECTCAST.NS,76.12000274658203,InvestmentDecision.AVOID,0,0,"{'fundamental_score': 4.7, 'technical_score': 0, 'confidence': 0}"
TIIL.NS,2461.10009765625,InvestmentDecision.AVOID,0,0,"{'fundamental_score': 6.7, 'technical_score': 0, 'confidence': 0}"
PILANIINVS.NS,4361.89990234375,InvestmentDecision.AVOID,0,0,"{'fundamental_score': 4.300000000000001, 'technical_score': 0, 'confidence': 0}"
SMARTWORKS.NS,442.3500061035156,InvestmentDecision.AVOID,0,0,"{'fundamental_score': 3.2, 'technical_score': 0, 'confidence': 0}"
IMFA.NS,1461.5,InvestmentDecision.AVOID,0,0,"{'fundamental_score': 7.9, 'technical_score': 0, 'confidence': 0}"
SUPRIYA.NS,917.25,InvestmentDecision.AVOID,0,0,"{'fundamental_score': 8.7, 'technical_score': 0, 'confidence': 0}"
PARAS.NS,853.7000122070312,InvestmentDecision.AVOID,0,0,"{'fundamental_score': 7.7, 'technical_score': 0, 'confidence': 0}"
GHCL.NS,456.0,InvestmentDecision.AVOID,0,0,"{'fundamental_score': 7.4, 'technical_score': 0, 'confidence': 0}"
EMUDHRA.NS,466.70001220703125,InvestmentDecision.AVOID,0,0,"{'fundamental_score': 7.4, 'technical_score': 0, 'confidence': 0}"
MASFIN.NS,309.3999938964844,InvestmentDecision.AVOID,0,0,"{'fundamental_score': 5.5, 'technical_score': 0, 'confidence': 0}"
TEXRAIL.NS,104.19000244140625,InvestmentDecision.AVOID,0,0,"{'fundamental_score': 4.7, 'technical_score': 0, 'confidence': 0}"
SKIPPER.NS,572.4000244140625,InvestmentDecision.AVOID,0,0,"{'fundamental_score': 6.25, 'technical_score': 0, 'confidence': 0}"
RAJESHEXPO.NS,106.80000305175781,InvestmentDecision.AVOID,0,0,"{'fundamental_score': 5.9, 'technical_score': 0, 'confidence': 0}"
STLTECH.NS,591.0499877929688,InvestmentDecision.AVOID,0,0,"{'fundamental_score': 4.25, 'technical_score': 0, 'confidence': 0}"
SENCO.NS,345.3500061035156,InvestmentDecision.AVOID,0,0,"{'fundamental_score': 5.4, 'technical_score': 0, 'confidence': 0}"
FISCHER.NS,34.43000030517578,InvestmentDecision.AVOID,0,0,"{'fundamental_score': 7.9, 'technical_score': 0, 'confidence': 0}"
KSCL.NS,856.7999877929688,InvestmentDecision.AVOID,0,0,"{'fundamental_score': 8.7, 'technical_score': 0, 'confidence': 0}"
ICIL.NS,346.25,InvestmentDecision.AVOID,0,0,"{'fundamental_score': 5.45, 'technical_score': 0, 'confidence': 0}"
SHOPERSTOP.NS,367.04998779296875,InvestmentDecision.AVOID,0,0,"{'fundamental_score': 2.8000000000000003, 'technical_score': 0, 'confidence': 0}"
INDIGOPNTS.NS,977.0,InvestmentDecision.AVOID,0,0,"{'fundamental_score': 6.2, 'technical_score': 0, 'confidence': 0}"
FIEMIND.NS,2273.39990234375,InvestmentDecision.AVOID,0,0,"{'fundamental_score': 6.3, 'technical_score': 0, 'confidence': 0}"
TVSSCS.NS,114.05000305175781,InvestmentDecision.AVOID,0,0,"{'fundamental_score': 3.8000000000000003, 'technical_score': 0, 'confidence': 0}"
RESPONIND.NS,189.38999938964844,InvestmentDecision.AVOID,0,0,"{'fundamental_score': 5.7, 'technical_score': 0, 'confidence': 0}"
BANSALWIRE.NS,309.45001220703125,InvestmentDecision.AVOID,0,0,"{'fundamental_score': 5.7, 'technical_score': 0, 'confidence': 0}"
LXCHEM.NS,150.6699981689453,InvestmentDecision.AVOID,0,0,"{'fundamental_score': 4.7, 'technical_score': 0, 'confidence': 0}"
CRIZAC.NS,216.0500030517578,InvestmentDecision.AVOID,0,0,"{'fundamental_score': 7.8, 'technical_score': 0, 'confidence': 0}"
AGI.NS,611.3499755859375,InvestmentDecision.AVOID,0,0,"{'fundamental_score': 6.800000000000001, 'technical_score': 0, 'confidence': 0}"
KNRCON.NS,131.97999572753906,InvestmentDecision.AVOID,0,0,"{'fundamental_score': 7.9, 'technical_score': 0, 'confidence': 0}"
UNIMECH.NS,993.1500244140625,InvestmentDecision.AVOID,0,0,"{'fundamental_score': 7.2, 'technical_score': 0, 'confidence': 0}"
GMMPFAUDLR.NS,776.9000244140625,InvestmentDecision.AVOID,0,0,"{'fundamental_score': 4.25, 'technical_score': 0, 'confidence': 0}"
ASHOKA.NS,124.2300033569336,InvestmentDecision.AVOID,0,0,"{'fundamental_score': 8.7, 'technical_score': 0, 'confidence': 0}"
DYNAMATECH.NS,10321.0,InvestmentDecision.AVOID,0,0,"{'fundamental_score': 3.8500000000000005, 'technical_score': 0, 'confidence': 0}"
E2E.NS,4324.39990234375,InvestmentDecision.AVOID,0,0,"{'fundamental_score': 4.7, 'technical_score': 0, 'confidence': 0}"
GOKULAGRO.NS,233.86000061035156,InvestmentDecision.AVOID,0,0,"{'fundamental_score': 6.3, 'technical_score': 0, 'confidence': 0}"
FEDFINA.NS,158.52999877929688,InvestmentDecision.AVOID,0,0,"{'fundamental_score': 5.5, 'technical_score': 0, 'confidence': 0}"
OPTIEMUS.NS,419.1499938964844,InvestmentDecision.AVOID,0,0,"{'fundamental_score': 4.7, 'technical_score': 0, 'confidence': 0}"
KINGFA.NS,5340.0,InvestmentDecision.AVOID,0,0,"{'fundamental_score': 6.7, 'technical_score': 0, 'confidence': 0}"
KRN.NS,1104.5999755859375,InvestmentDecision.AVOID,0,0,"{'fundamental_score': 7.1, 'technical_score': 0, 'confidence': 0}"
DATAMATICS.NS,834.75,InvestmentDecision.AVOID,0,0,"{'fundamental_score': 6.2, 'technical_score': 0, 'confidence': 0}"
WEBELSOLAR.NS,106.47000122070312,InvestmentDecision.AVOID,0,0,"{'fundamental_score': 8.7, 'technical_score': 0, 'confidence': 0}"
EMIL.NS,113.54000091552734,InvestmentDecision.AVOID,0,0,"{'fundamental_score': 3.4000000000000004, 'technical_score': 0, 'confidence': 0}"
PTC.NS,188.4600067138672,InvestmentDecision.AVOID,0,0,"{'fundamental_score': 5.7, 'technical_score': 0, 'confidence': 0}"
ROUTE.NS,536.0999755859375,InvestmentDecision.AVOID,0,0,"{'fundamental_score': 5.7, 'technical_score': 0, 'confidence': 0}"
ITDC.NS,542.0999755859375,InvestmentDecision.AVOID,0,0,"{'fundamental_score': 7.5, 'technical_score': 0, 'confidence': 0}"
RSYSTEMS.NS,272.3500061035156,InvestmentDecision.AVOID,0,0,"{'fundamental_score': 6.7, 'technical_score': 0, 'confidence': 0}"
ZAGGLE.NS,200.22999572753906,InvestmentDecision.AVOID,0,0,"{'fundamental_score': 5.7, 'technical_score': 0, 'confidence': 0}"
GAEL.NS,155.6199951171875,InvestmentDecision.AVOID,0,0,"{'fundamental_score': 5.1000000000000005, 'technical_score': 0, 'confidence': 0}"
ORIANA.NS,1695.550048828125,InvestmentDecision.AVOID,0,0,"{'fundamental_score': 6.7, 'technical_score': 0, 'confidence': 0}"
SIS.NS,412.5,InvestmentDecision.AVOID,0,0,"{'fundamental_score': 4.25, 'technical_score': 0, 'confidence': 0}"
PDSL.NS,301.79998779296875,InvestmentDecision.AVOID,0,0,"{'fundamental_score': 5.25, 'technical_score': 0, 'confidence': 0}"
SMLMAH.NS,3713.5,InvestmentDecision.AVOID,0,0,"{'fundamental_score': 5.8500000000000005, 'technical_score': 0, 'confidence': 0}"
HCC.NS,23.420000076293945,InvestmentDecision.AVOID,0,0,"{'fundamental_score': 3.1, 'technical_score': 0, 'confidence': 0}"
VRLLOG.NS,241.61000061035156,InvestmentDecision.AVOID,0,0,"{'fundamental_score': 6.3, 'technical_score': 0, 'confidence': 0}"
ENTERO.NS,1152.4000244140625,InvestmentDecision.AVOID,0,0,"{'fundamental_score': 4.7, 'technical_score': 0, 'confidence': 0}"
SUNFLAG.NS,375.8500061035156,InvestmentDecision.AVOID,0,0,"{'fundamental_score': 6.7, 'technical_score': 0, 'confidence': 0}"
SWARAJENG.NS,3797.800048828125,InvestmentDecision.AVOID,0,0,"{'fundamental_score': 6.3, 'technical_score': 0, 'confidence': 0}"
JSFB.NS,490.75,InvestmentDecision.AVOID,0,0,"{'fundamental_score': 4.300000000000001, 'technical_score': 0, 'confidence': 0}"
JKIL.NS,501.25,InvestmentDecision.AVOID,0,0,"{'fundamental_score': 6.2, 'technical_score': 0, 'confidence': 0}"
CARERATING.NS,1639.199951171875,InvestmentDecision.AVOID,0,0,"{'fundamental_score': 7.8, 'technical_score': 0, 'confidence': 0}"
ANUP.NS,1870.300048828125,InvestmentDecision.AVOID,0,0,"{'fundamental_score': 7.6, 'technical_score': 0, 'confidence': 0}"
GREAVESCOT.NS,180.91000366210938,InvestmentDecision.AVOID,0,0,"{'fundamental_score': 6.7, 'technical_score': 0, 'confidence': 0}"
SUVEN.NS,275.20001220703125,InvestmentDecision.AVOID,0,0,"{'fundamental_score': 4.7, 'technical_score': 0, 'confidence': 0}"
LGBBROSLTD.NS,1499.199951171875,InvestmentDecision.AVOID,0,0,"{'fundamental_score': 5.9, 'technical_score': 0, 'confidence': 0}"
SKYGOLD.NS,559.7000122070312,InvestmentDecision.AVOID,0,0,"{'fundamental_score': 5.8500000000000005, 'technical_score': 0, 'confidence': 0}"
REFEX.NS,316.95001220703125,InvestmentDecision.AVOID,0,0,"{'fundamental_score': 5.9, 'technical_score': 0, 'confidence': 0}"
TARC.NS,131.14999389648438,InvestmentDecision.AVOID,0,0,"{'fundamental_score': 5.2, 'technical_score': 0, 'confidence': 0}"
NIITMTS.NS,219.2100067138672,InvestmentDecision.AVOID,0,0,"{'fundamental_score': 6.800000000000001, 'technical_score': 0, 'confidence': 0}"
DBCORP.NS,205.25,InvestmentDecision.AVOID,0,0,"{'fundamental_score': 7.1, 'technical_score': 0, 'confidence': 0}"
INNOVACAP.NS,862.4000244140625,InvestmentDecision.AVOID,0,0,"{'fundamental_score': 6.2, 'technical_score': 0, 'confidence': 0}"
BALAMINES.NS,2016.0999755859375,InvestmentDecision.AVOID,0,0,"{'fundamental_score': 4.7, 'technical_score': 0, 'confidence': 0}"
NACLIND.NS,157.3699951171875,InvestmentDecision.AVOID,0,0,"{'fundamental_score': 4.7, 'technical_score': 0, 'confidence': 0}"
DCBBANK.NS,173.1999969482422,InvestmentDecision.AVOID,0,0,"{'fundamental_score': 6.6000000000000005, 'technical_score': 0, 'confidence': 0}"
SJS.NS,2018.199951171875,InvestmentDecision.AVOID,0,0,"{'fundamental_score': 7.5, 'technical_score': 0, 'confidence': 0}"
BOSCH-HCIL.NS,1395.199951171875,InvestmentDecision.AVOID,0,0,"{'fundamental_score': 4.300000000000001, 'technical_score': 0, 'confidence': 0}"
NFL.NS,75.29000091552734,InvestmentDecision.AVOID,0,0,"{'fundamental_score': 3.8000000000000003, 'technical_score': 0, 'confidence': 0}"
SPARC.NS,204.24000549316406,InvestmentDecision.AVOID,0,0,"{'fundamental_score': 8.7, 'technical_score': 0, 'confidence': 0}"
INDIQUBE.NS,157.52000427246094,InvestmentDecision.AVOID,0,0,"{'fundamental_score': 3.2, 'technical_score': 0, 'confidence': 0}"
BANARISUG.NS,3600.39990234375,InvestmentDecision.AVOID,0,0,"{'fundamental_score': 4.300000000000001, 'technical_score': 0, 'confidence': 0}"
VSTTILLERS.NS,4613.60009765625,InvestmentDecision.AVOID,0,0,"{'fundamental_score': 5.7, 'technical_score': 0, 'confidence': 0}"
INDRAMEDCO.NS,375.75,InvestmentDecision.AVOID,0,0,"{'fundamental_score': 8.1, 'technical_score': 0, 'confidence': 0}"
VSTIND.NS,255.0,InvestmentDecision.AVOID,0,0,"{'fundamental_score': 7.8, 'technical_score': 0, 'confidence': 0}"
RAIN.NS,197.89999389648438,InvestmentDecision.AVOID,0,0,"{'fundamental_score': 5.8, 'technical_score': 0, 'confidence': 0}"
SAMHI.NS,169.52999877929688,InvestmentDecision.AVOID,0,0,"{'fundamental_score': 7.3500000000000005, 'technical_score': 0, 'confidence': 0}"
HEIDELBERG.NS,154.86000061035156,InvestmentDecision.AVOID,0,0,"{'fundamental_score': 5.7, 'technical_score': 0, 'confidence': 0}"
CEIGALL.NS,347.79998779296875,InvestmentDecision.AVOID,0,0,"{'fundamental_score': 6.25, 'technical_score': 0, 'confidence': 0}"
HERITGFOOD.NS,322.95001220703125,InvestmentDecision.AVOID,0,0,"{'fundamental_score': 5.500000000000001, 'technical_score': 0, 'confidence': 0}"
STYRENIX.NS,2263.10009765625,InvestmentDecision.AVOID,0,0,"{'fundamental_score': 6.2, 'technical_score': 0, 'confidence': 0}"
ORIENTCEM.NS,137.55999755859375,InvestmentDecision.AVOID,0,0,"{'fundamental_score': 7.6, 'technical_score': 0, 'confidence': 0}"
AARTIDRUGS.NS,380.79998779296875,InvestmentDecision.AVOID,0,0,"{'fundamental_score': 6.2, 'technical_score': 0, 'confidence': 0}"
ORIENTELEC.NS,183.07000732421875,InvestmentDecision.AVOID,0,0,"{'fundamental_score': 5.500000000000001, 'technical_score': 0, 'confidence': 0}"
GUJTHEM.NS,395.0,InvestmentDecision.AVOID,0,0,"{'fundamental_score': 7.75, 'technical_score': 0, 'confidence': 0}"
GOPAL.NS,294.8999938964844,InvestmentDecision.AVOID,0,0,"{'fundamental_score': 5.9, 'technical_score': 0, 'confidence': 0}"
BHARATRAS.NS,1460.0999755859375,InvestmentDecision.AVOID,0,0,"{'fundamental_score': 6.7, 'technical_score': 0, 'confidence': 0}"
RBA.NS,68.73999786376953,InvestmentDecision.AVOID,0,0,"{'fundamental_score': 2.8000000000000003, 'technical_score': 0, 'confidence': 0}"
LUMAXIND.NS,5448.0,InvestmentDecision.AVOID,0,0,"{'fundamental_score': 5.4, 'technical_score': 0, 'confidence': 0}"
ZOTA.NS,1143.300048828125,InvestmentDecision.AVOID,0,0,"{'fundamental_score': 4.7, 'technical_score': 0, 'confidence': 0}"
AVANTEL.NS,176.13999938964844,InvestmentDecision.AVOID,0,0,"{'fundamental_score': 4.7, 'technical_score': 0, 'confidence': 0}"
EIEL.NS,187.5399932861328,InvestmentDecision.AVOID,0,0,"{'fundamental_score': 8.2, 'technical_score': 0, 'confidence': 0}"
HUBTOWN.NS,206.9199981689453,InvestmentDecision.AVOID,0,0,"{'fundamental_score': 6.2, 'technical_score': 0, 'confidence': 0}"
KITEX.NS,160.88999938964844,InvestmentDecision.AVOID,0,0,"{'fundamental_score': 5.45, 'technical_score': 0, 'confidence': 0}"
RAYMONDREL.NS,581.0999755859375,InvestmentDecision.AVOID,0,0,"{'fundamental_score': 6.75, 'technical_score': 0, 'confidence': 0}"
SANATHAN.NS,407.8500061035156,InvestmentDecision.AVOID,0,0,"{'fundamental_score': 3.8500000000000005, 'technical_score': 0, 'confidence': 0}"
NORTHARC.NS,287.3999938964844,InvestmentDecision.AVOID,0,0,"{'fundamental_score': 5.1000000000000005, 'technical_score': 0, 'confidence': 0}"
JAMNAAUTO.NS,120.66999816894531,InvestmentDecision.AVOID,0,0,"{'fundamental_score': 6.3, 'technical_score': 0, 'confidence': 0}"
GUJALKALI.NS,664.8499755859375,InvestmentDecision.AVOID,0,0,"{'fundamental_score': 8.2, 'technical_score': 0, 'confidence': 0}"
DCAL.NS,199.10000610351562,InvestmentDecision.AVOID,0,0,"{'fundamental_score': 4.7, 'technical_score': 0, 'confidence': 0}"
AWFIS.NS,317.1499938964844,InvestmentDecision.AVOID,0,0,"{'fundamental_score': 4.7, 'technical_score': 0, 'confidence': 0}"
MOSCHIP.NS,218.27999877929688,InvestmentDecision.AVOID,0,0,"{'fundamental_score': 5.7, 'technical_score': 0, 'confidence': 0}"
RAMKY.NS,440.5,InvestmentDecision.AVOID,0,0,"{'fundamental_score': 7.1, 'technical_score': 0, 'confidence': 0}"
GOLDIAM.NS,424.45001220703125,InvestmentDecision.AVOID,0,0,"{'fundamental_score': 7.5, 'technical_score': 0, 'confidence': 0}"
JTEKTINDIA.NS,125.54000091552734,InvestmentDecision.AVOID,0,0,"{'fundamental_score': 4.300000000000001, 'technical_score': 0, 'confidence': 0}"
HEMIPROP.NS,140.33999633789062,InvestmentDecision.AVOID,0,0,"{'fundamental_score': 4.7, 'technical_score': 0, 'confidence': 0}"
63MOONS.NS,624.1500244140625,InvestmentDecision.AVOID,0,0,"{'fundamental_score': 4.7, 'technical_score': 0, 'confidence': 0}"
KIRLOSIND.NS,3135.39990234375,InvestmentDecision.AVOID,0,0,"{'fundamental_score': 4.7, 'technical_score': 0, 'confidence': 0}"
SHANTIGEAR.NS,440.25,InvestmentDecision.AVOID,0,0,"{'fundamental_score': 8.1, 'technical_score': 0, 'confidence': 0}"
SINDHUTRAD.NS,26.350000381469727,InvestmentDecision.AVOID,0,0,"{'fundamental_score': 4.7, 'technical_score': 0, 'confidence': 0}"
BOROLTD.NS,220.0399932861328,InvestmentDecision.AVOID,0,0,"{'fundamental_score': 4.300000000000001, 'technical_score': 0, 'confidence': 0}"
MARATHON.NS,432.70001220703125,InvestmentDecision.AVOID,0,0,"{'fundamental_score': 7.2, 'technical_score': 0, 'confidence': 0}"
CAMLINFINE.NS,118.29000091552734,InvestmentDecision.AVOID,0,0,"{'fundamental_score': 4.25, 'technical_score': 0, 'confidence': 0}"
UFLEX.NS,446.1000061035156,InvestmentDecision.AVOID,0,0,"{'fundamental_score': 5.0, 'technical_score': 0, 'confidence': 0}"
VAIBHAVGBL.NS,234.74000549316406,InvestmentDecision.AVOID,0,0,"{'fundamental_score': 5.9, 'technical_score': 0, 'confidence': 0}"
UEL.NS,137.94000244140625,InvestmentDecision.AVOID,0,0,"{'fundamental_score': 6.7, 'technical_score': 0, 'confidence': 0}"
RPGLIFE.NS,2192.699951171875,InvestmentDecision.AVOID,0,0,"{'fundamental_score': 8.4, 'technical_score': 0, 'confidence': 0}"
RAYMOND.NS,531.9000244140625,InvestmentDecision.AVOID,0,0,"{'fundamental_score': 6.2, 'technical_score': 0, 'confidence': 0}"
ORCHPHARMA.NS,824.7999877929688,InvestmentDecision.AVOID,0,0,"{'fundamental_score': 6.7, 'technical_score': 0, 'confidence': 0}"
LUXIND.NS,1432.699951171875,InvestmentDecision.AVOID,0,0,"{'fundamental_score': 4.300000000000001, 'technical_score': 0, 'confidence': 0}"
MPSLTD.NS,1851.0,InvestmentDecision.AVOID,0,0,"{'fundamental_score': 8.7, 'technical_score': 0, 'confidence': 0}"
MCLOUD.NS,25.790000915527344,InvestmentDecision.AVOID,0,0,"{'fundamental_score': 8.4, 'technical_score': 0, 'confidence': 0}"
AJMERA.NS,115.44000244140625,InvestmentDecision.AVOID,0,0,"{'fundamental_score': 6.6, 'technical_score': 0, 'confidence': 0}"
GOODLUCK.NS,1319.9000244140625,InvestmentDecision.AVOID,0,0,"{'fundamental_score': 5.75, 'technical_score': 0, 'confidence': 0}"
VADILALIND.NS,5384.89990234375,InvestmentDecision.AVOID,0,0,"{'fundamental_score': 6.3, 'technical_score': 0, 'confidence': 0}"
EBGNG.NS,441.3999938964844,InvestmentDecision.AVOID,0,0,"{'fundamental_score': 6.75, 'technical_score': 0, 'confidence': 0}"
QUESS.NS,212.8800048828125,InvestmentDecision.AVOID,0,0,"{'fundamental_score': 7.2, 'technical_score': 0, 'confidence': 0}"
WONDERLA.NS,474.3500061035156,InvestmentDecision.AVOID,0,0,"{'fundamental_score': 5.500000000000001, 'technical_score': 0, 'confidence': 0}"
GREENPLY.NS,256.5899963378906,InvestmentDecision.AVOID,0,0,"{'fundamental_score': 5.25, 'technical_score': 0, 'confidence': 0}"
NEOGEN.NS,1876.9000244140625,InvestmentDecision.AVOID,0,0,"{'fundamental_score': 3.2, 'technical_score': 0, 'confidence': 0}"
INTERARCH.NS,1733.0,InvestmentDecision.AVOID,0,0,"{'fundamental_score': 6.7, 'technical_score': 0, 'confidence': 0}"
PRECWIRE.NS,428.45001220703125,InvestmentDecision.AVOID,0,0,"{'fundamental_score': 7.2, 'technical_score': 0, 'confidence': 0}"
KOLTEPATIL.NS,366.8999938964844,InvestmentDecision.AVOID,0,0,"{'fundamental_score': 4.25, 'technical_score': 0, 'confidence': 0}"
JINDWORLD.NS,29.84000015258789,InvestmentDecision.AVOID,0,0,"{'fundamental_score': 3.8500000000000005, 'technical_score': 0, 'confidence': 0}"
MBAPL.NS,543.25,InvestmentDecision.AVOID,0,0,"{'fundamental_score': 6.25, 'technical_score': 0, 'confidence': 0}"
MEDIASSIST.NS,366.95001220703125,InvestmentDecision.AVOID,0,0,"{'fundamental_score': 6.2, 'technical_score': 0, 'confidence': 0}"
NPST.NS,1331.300048828125,InvestmentDecision.AVOID,0,0,"{'fundamental_score': 8.2, 'technical_score': 0, 'confidence': 0}"
CENTUM.NS,3600.0,InvestmentDecision.AVOID,0,0,"{'fundamental_score': 7.2, 'technical_score': 0, 'confidence': 0}"
HARSHA.NS,394.79998779296875,InvestmentDecision.AVOID,0,0,"{'fundamental_score': 5.7, 'technical_score': 0, 'confidence': 0}"
GOCOLORS.NS,336.04998779296875,InvestmentDecision.AVOID,0,0,"{'fundamental_score': 3.8500000000000005, 'technical_score': 0, 'confidence': 0}"
NSIL.NS,5611.0,InvestmentDecision.AVOID,0,0,"{'fundamental_score': 5.800000000000001, 'technical_score': 0, 'confidence': 0}"
INDOSTAR.NS,227.0,InvestmentDecision.AVOID,0,0,"{'fundamental_score': 3.4000000000000004, 'technical_score': 0, 'confidence': 0}"
KSL.NS,854.7999877929688,InvestmentDecision.AVOID,0,0,"{'fundamental_score': 6.7, 'technical_score': 0, 'confidence': 0}"
ROLEXRINGS.NS,140.5800018310547,InvestmentDecision.AVOID,0,0,"{'fundamental_score': 7.1, 'technical_score': 0, 'confidence': 0}"
ADVENZYMES.NS,392.1000061035156,InvestmentDecision.AVOID,0,0,"{'fundamental_score': 7.2, 'technical_score': 0, 'confidence': 0}"
SHAREINDIA.NS,138.35000610351562,InvestmentDecision.AVOID,0,0,"{'fundamental_score': 7.000000000000001, 'technical_score': 0, 'confidence': 0}"
POCL.NS,1337.4000244140625,InvestmentDecision.AVOID,0,0,"{'fundamental_score': 7.2, 'technical_score': 0, 'confidence': 0}"
GUFICBIO.NS,349.1499938964844,InvestmentDecision.AVOID,0,0,"{'fundamental_score': 6.25, 'technical_score': 0, 'confidence': 0}"
UNICHEMLAB.NS,364.8999938964844,InvestmentDecision.AVOID,0,0,"{'fundamental_score': 5.7, 'technical_score': 0, 'confidence': 0}"
MSTCLTD.NS,451.29998779296875,InvestmentDecision.AVOID,0,0,"{'fundamental_score': 8.2, 'technical_score': 0, 'confidence': 0}"
ROSSARI.NS,543.6500244140625,InvestmentDecision.AVOID,0,0,"{'fundamental_score': 5.7, 'technical_score': 0, 'confidence': 0}"
JUBLCPL.NS,1776.5999755859375,InvestmentDecision.AVOID,0,0,"{'fundamental_score': 7.2, 'technical_score': 0, 'confidence': 0}"
CYIENTDLM.NS,463.8999938964844,InvestmentDecision.AVOID,0,0,"{'fundamental_score': 4.7, 'technical_score': 0, 'confidence': 0}"
SUNCLAY.NS,1300.0,InvestmentDecision.AVOID,0,0,"{'fundamental_score': 5.2, 'technical_score': 0, 'confidence': 0}"
RPEL.NS,1009.2000122070312,InvestmentDecision.AVOID,0,0,"{'fundamental_score': 8.7, 'technical_score': 0, 'confidence': 0}"
BALMLAWRIE.NS,181.14999389648438,InvestmentDecision.AVOID,0,0,"{'fundamental_score': 6.2, 'technical_score': 0, 'confidence': 0}"
ARTEMISMED.NS,268.3500061035156,InvestmentDecision.AVOID,0,0,"{'fundamental_score': 5.7, 'technical_score': 0, 'confidence': 0}"
PRINCEPIPE.NS,272.75,InvestmentDecision.AVOID,0,0,"{'fundamental_score': 4.7, 'technical_score': 0, 'confidence': 0}"
JISLJALEQS.NS,29.469999313354492,InvestmentDecision.AVOID,0,0,"{'fundamental_score': 4.25, 'technical_score': 0, 'confidence': 0}"
PITTIENG.NS,941.5,InvestmentDecision.AVOID,0,0,"{'fundamental_score': 5.75, 'technical_score': 0, 'confidence': 0}"
FOSECOIND.NS,5001.39990234375,InvestmentDecision.AVOID,0,0,"{'fundamental_score': 7.6, 'technical_score': 0, 'confidence': 0}"
DPABHUSHAN.NS,927.9000244140625,InvestmentDecision.AVOID,0,0,"{'fundamental_score': 6.3, 'technical_score': 0, 'confidence': 0}"
SSWL.NS,209.58999633789062,InvestmentDecision.AVOID,0,0,"{'fundamental_score': 5.1000000000000005, 'technical_score': 0, 'confidence': 0}"
BHAGCHEM.NS,240.10000610351562,InvestmentDecision.AVOID,0,0,"{'fundamental_score': 4.7, 'technical_score': 0, 'confidence': 0}"
BAJAJCON.NS,571.6500244140625,InvestmentDecision.AVOID,0,0,"{'fundamental_score': 7.5, 'technical_score': 0, 'confidence': 0}"
NAVNETEDUL.NS,139.36000061035156,InvestmentDecision.AVOID,0,0,"{'fundamental_score': 8.7, 'technical_score': 0, 'confidence': 0}"
INDOTHAI.NS,228.66000366210938,InvestmentDecision.AVOID,0,0,"{'fundamental_score': 7.8, 'technical_score': 0, 'confidence': 0}"
GREENPANEL.NS,189.63999938964844,InvestmentDecision.AVOID,0,0,"{'fundamental_score': 4.7, 'technical_score': 0, 'confidence': 0}"
BBL.NS,2747.800048828125,InvestmentDecision.AVOID,0,0,"{'fundamental_score': 4.7, 'technical_score': 0, 'confidence': 0}"
PROTEAN.NS,599.25,InvestmentDecision.AVOID,0,0,"{'fundamental_score': 5.7, 'technical_score': 0, 'confidence': 0}"
VISHNU.NS,626.7000122070312,InvestmentDecision.AVOID,0,0,"{'fundamental_score': 6.2, 'technical_score': 0, 'confidence': 0}"
SAMBHV.NS,104.56999969482422,InvestmentDecision.AVOID,0,0,"{'fundamental_score': 7.2, 'technical_score': 0, 'confidence': 0}"
BOMDYEING.NS,125.05999755859375,InvestmentDecision.AVOID,0,0,"{'fundamental_score': 4.300000000000001, 'technical_score': 0, 'confidence': 0}"
SWANDEF.NS,2038.300048828125,InvestmentDecision.AVOID,0,0,"{'fundamental_score': 3.2, 'technical_score': 0, 'confidence': 0}"
PARAGMILK.NS,241.0800018310547,InvestmentDecision.AVOID,0,0,"{'fundamental_score': 5.1000000000000005, 'technical_score': 0, 'confidence': 0}"
SENORES.NS,1033.5,InvestmentDecision.AVOID,0,0,"{'fundamental_score': 7.7, 'technical_score': 0, 'confidence': 0}"
HLEGLAS.NS,361.6499938964844,InvestmentDecision.AVOID,0,0,"{'fundamental_score': 5.25, 'technical_score': 0, 'confidence': 0}"
HIKAL.NS,191.4199981689453,InvestmentDecision.AVOID,0,0,"{'fundamental_score': 6.7, 'technical_score': 0, 'confidence': 0}"
FLAIR.NS,287.75,InvestmentDecision.AVOID,0,0,"{'fundamental_score': 6.2, 'technical_score': 0, 'confidence': 0}"
KIRIINDUS.NS,392.3999938964844,InvestmentDecision.AVOID,0,0,"{'fundamental_score': 8.7, 'technical_score': 0, 'confidence': 0}"
KKCL.NS,434.0,InvestmentDecision.AVOID,0,0,"{'fundamental_score': 5.500000000000001, 'technical_score': 0, 'confidence': 0}"
MAHLOG.NS,348.6000061035156,InvestmentDecision.AVOID,0,0,"{'fundamental_score': 4.7, 'technical_score': 0, 'confidence': 0}"
EPACK.NS,218.72999572753906,InvestmentDecision.AVOID,0,0,"{'fundamental_score': 3.8500000000000005, 'technical_score': 0, 'confidence': 0}"
ARKADE.NS,114.62000274658203,InvestmentDecision.AVOID,0,0,"{'fundamental_score': 5.5, 'technical_score': 0, 'confidence': 0}"
PSPPROJECT.NS,842.6500244140625,InvestmentDecision.AVOID,0,0,"{'fundamental_score': 6.7, 'technical_score': 0, 'confidence': 0}"
STYLAMIND.NS,2957.89990234375,InvestmentDecision.AVOID,0,0,"{'fundamental_score': 7.199999999999999, 'technical_score': 0, 'confidence': 0}"
KRISHANA.NS,686.4500122070312,InvestmentDecision.AVOID,0,0,"{'fundamental_score': 6.3, 'technical_score': 0, 'confidence': 0}"
PARKHOTELS.NS,116.4000015258789,InvestmentDecision.AVOID,0,0,"{'fundamental_score': 4.300000000000001, 'technical_score': 0, 'confidence': 0}"
GATEWAY.NS,55.630001068115234,InvestmentDecision.AVOID,0,0,"{'fundamental_score': 5.7, 'technical_score': 0, 'confidence': 0}"
PRABHA.NS,157.8300018310547,InvestmentDecision.AVOID,0,0,"{'fundamental_score': 4.300000000000001, 'technical_score': 0, 'confidence': 0}"
IMAGICAA.NS,44.72999954223633,InvestmentDecision.AVOID,0,0,"{'fundamental_score': 4.7, 'technical_score': 0, 'confidence': 0}"
JASH.NS,426.54998779296875,InvestmentDecision.AVOID,0,0,"{'fundamental_score': 6.7, 'technical_score': 0, 'confidence': 0}"
GLOBUSSPR.NS,859.0499877929688,InvestmentDecision.AVOID,0,0,"{'fundamental_score': 4.300000000000001, 'technical_score': 0, 'confidence': 0}"
PAISALO.NS,52.689998626708984,InvestmentDecision.AVOID,0,0,"{'fundamental_score': 5.9, 'technical_score': 0, 'confidence': 0}"
DDEVPLSTIK.NS,244.75,InvestmentDecision.AVOID,0,0,"{'fundamental_score': 7.2, 'technical_score': 0, 'confidence': 0}"
PATELENG.NS,26.25,InvestmentDecision.AVOID,0,0,"{'fundamental_score': 4.7, 'technical_score': 0, 'confidence': 0}"
PENIND.NS,160.22000122070312,InvestmentDecision.AVOID,0,0,"{'fundamental_score': 5.75, 'technical_score': 0, 'confidence': 0}"
WSTCSTPAPR.NS,520.75,InvestmentDecision.AVOID,0,0,"{'fundamental_score': 4.7, 'technical_score': 0, 'confidence': 0}"
GANECOS.NS,925.0,InvestmentDecision.AVOID,0,0,"{'fundamental_score': 4.300000000000001, 'technical_score': 0, 'confidence': 0}"
KDDL.NS,2831.60009765625,InvestmentDecision.AVOID,0,0,"{'fundamental_score': 4.300000000000001, 'technical_score': 0, 'confidence': 0}"
MAITHANALL.NS,1050.699951171875,InvestmentDecision.AVOID,0,0,"{'fundamental_score': 8.2, 'technical_score': 0, 'confidence': 0}"
POLYPLEX.NS,935.7999877929688,InvestmentDecision.AVOID,0,0,"{'fundamental_score': 4.7, 'technical_score': 0, 'confidence': 0}"
DEEPINDS.NS,518.7999877929688,InvestmentDecision.AVOID,0,0,"{'fundamental_score': 6.6000000000000005, 'technical_score': 0, 'confidence': 0}"
SAGCEM.NS,180.35000610351562,InvestmentDecision.AVOID,0,0,"{'fundamental_score': 4.25, 'technical_score': 0, 'confidence': 0}"
SIYSIL.NS,584.1500244140625,InvestmentDecision.AVOID,0,0,"{'fundamental_score': 5.9, 'technical_score': 0, 'confidence': 0}"
HPL.NS,344.25,InvestmentDecision.AVOID,0,0,"{'fundamental_score': 5.25, 'technical_score': 0, 'confidence': 0}"
EASEMYTRIP.NS,6.949999809265137,InvestmentDecision.AVOID,0,0,"{'fundamental_score': 5.9, 'technical_score': 0, 'confidence': 0}"
ASHIANA.NS,362.3500061035156,InvestmentDecision.AVOID,0,0,"{'fundamental_score': 6.2, 'technical_score': 0, 'confidence': 0}"
TCPLPACK.NS,2580.89990234375,InvestmentDecision.AVOID,0,0,"{'fundamental_score': 5.050000000000001, 'technical_score': 0, 'confidence': 0}"
BRIGHOTEL.NS,61.279998779296875,InvestmentDecision.AVOID,0,0,"{'fundamental_score': 5.1000000000000005, 'technical_score': 0, 'confidence': 0}"
SANDHAR.NS,697.1500244140625,InvestmentDecision.AVOID,0,0,"{'fundamental_score': 5.45, 'technical_score': 0, 'confidence': 0}"
SHK.NS,128.2899932861328,InvestmentDecision.AVOID,0,0,"{'fundamental_score': 4.25, 'technical_score': 0, 'confidence': 0}"
TFCILTD.NS,75.5,InvestmentDecision.AVOID,0,0,"{'fundamental_score': 6.15, 'technical_score': 0, 'confidence': 0}"
RAMRAT.NS,395.8999938964844,InvestmentDecision.AVOID,0,0,"{'fundamental_score': 6.3, 'technical_score': 0, 'confidence': 0}"
SUNDROP.NS,654.25,InvestmentDecision.AVOID,0,0,"{'fundamental_score': 4.300000000000001, 'technical_score': 0, 'confidence': 0}"
ORISSAMINE.NS,4066.60009765625,InvestmentDecision.AVOID,0,0,"{'fundamental_score': 6.7, 'technical_score': 0, 'confidence': 0}"
VEEDOL.NS,1419.699951171875,InvestmentDecision.AVOID,0,0,"{'fundamental_score': 7.2, 'technical_score': 0, 'confidence': 0}"
TEAMLEASE.NS,1381.699951171875,InvestmentDecision.AVOID,0,0,"{'fundamental_score': 6.2, 'technical_score': 0, 'confidence': 0}"
AGIIL.NS,381.6000061035156,InvestmentDecision.AVOID,0,0,"{'fundamental_score': 8.7, 'technical_score': 0, 'confidence': 0}"
NOCIL.NS,163.8699951171875,InvestmentDecision.AVOID,0,0,"{'fundamental_score': 4.7, 'technical_score': 0, 'confidence': 0}"
EMSLIMITED.NS,296.54998779296875,InvestmentDecision.AVOID,0,0,"{'fundamental_score': 7.6, 'technical_score': 0, 'confidence': 0}"
PREMEXPLN.NS,651.8499755859375,InvestmentDecision.AVOID,0,0,"{'fundamental_score': 6.7, 'technical_score': 0, 'confidence': 0}"
MANINDS.NS,501.1499938964844,InvestmentDecision.AVOID,0,0,"{'fundamental_score': 5.7, 'technical_score': 0, 'confidence': 0}"
TIRUMALCHM.NS,186.44000244140625,InvestmentDecision.AVOID,0,0,"{'fundamental_score': 5.8, 'technical_score': 0, 'confidence': 0}"
SANGHVIMOV.NS,357.45001220703125,InvestmentDecision.AVOID,0,0,"{'fundamental_score': 7.45, 'technical_score': 0, 'confidence': 0}"
FMGOETZE.NS,420.8500061035156,InvestmentDecision.AVOID,0,0,"{'fundamental_score': 5.500000000000001, 'technical_score': 0, 'confidence': 0}"
SBCL.NS,734.5499877929688,InvestmentDecision.AVOID,0,0,"{'fundamental_score': 8.4, 'technical_score': 0, 'confidence': 0}"
FCL.NS,42.36000061035156,InvestmentDecision.AVOID,0,0,"{'fundamental_score': 7.1, 'technical_score': 0, 'confidence': 0}"
VIMTALABS.NS,469.70001220703125,InvestmentDecision.AVOID,0,0,"{'fundamental_score': 8.7, 'technical_score': 0, 'confidence': 0}"
MUTHOOTMF.NS,179.60000610351562,InvestmentDecision.AVOID,0,0,"{'fundamental_score': 4.0, 'technical_score': 0, 'confidence': 0}"
MARINE.NS,258.1000061035156,InvestmentDecision.AVOID,0,0,"{'fundamental_score': 6.2, 'technical_score': 0, 'confidence': 0}"
ARVSMART.NS,594.5,InvestmentDecision.AVOID,0,0,"{'fundamental_score': 6.95, 'technical_score': 0, 'confidence': 0}"
DALMIASUG.NS,338.3500061035156,InvestmentDecision.AVOID,0,0,"{'fundamental_score': 3.8500000000000005, 'technical_score': 0, 'confidence': 0}"
KPEL.NS,357.54998779296875,InvestmentDecision.AVOID,0,0,"{'fundamental_score': 7.199999999999999, 'technical_score': 0, 'confidence': 0}"
GIPCL.NS,173.75999450683594,InvestmentDecision.AVOID,0,0,"{'fundamental_score': 7.75, 'technical_score': 0, 'confidence': 0}"
ALPEXSOLAR.NS,1020.75,InvestmentDecision.AVOID,0,0,"{'fundamental_score': 6.7, 'technical_score': 0, 'confidence': 0}"
PRAKASH.NS,147.25,InvestmentDecision.AVOID,0,0,"{'fundamental_score': 5.7, 'technical_score': 0, 'confidence': 0}"
RPSGVENT.NS,918.0,InvestmentDecision.AVOID,0,0,"{'fundamental_score': 3.2, 'technical_score': 0, 'confidence': 0}"
BCG.NS,10.520000457763672,InvestmentDecision.AVOID,0,0,"{'fundamental_score': 7.6, 'technical_score': 0, 'confidence': 0}"
TATVA.NS,1214.4000244140625,InvestmentDecision.AVOID,0,0,"{'fundamental_score': 4.7, 'technical_score': 0, 'confidence': 0}"
IOLCP.NS,131.4199981689453,InvestmentDecision.AVOID,0,0,"{'fundamental_score': 4.7, 'technical_score': 0, 'confidence': 0}"
BAJAJHIND.NS,18.719999313354492,InvestmentDecision.AVOID,0,0,"{'fundamental_score': 3.8500000000000005, 'technical_score': 0, 'confidence': 0}"
BFUTILITIE.NS,599.1500244140625,InvestmentDecision.AVOID,0,0,"{'fundamental_score': 8.2, 'technical_score': 0, 'confidence': 0}"
RAMCOIND.NS,291.3500061035156,InvestmentDecision.AVOID,0,0,"{'fundamental_score': 5.9, 'technical_score': 0, 'confidence': 0}"
TVSSRICHAK.NS,3955.199951171875,InvestmentDecision.AVOID,0,0,"{'fundamental_score': 3.8500000000000005, 'technical_score': 0, 'confidence': 0}"
POKARNA.NS,830.2999877929688,InvestmentDecision.AVOID,0,0,"{'fundamental_score': 6.15, 'technical_score': 0, 'confidence': 0}"
JTLIND.NS,66.79000091552734,InvestmentDecision.AVOID,0,0,"{'fundamental_score': 4.7, 'technical_score': 0, 'confidence': 0}"
EVEREADY.NS,318.0,InvestmentDecision.AVOID,0,0,"{'fundamental_score': 7.2, 'technical_score': 0, 'confidence': 0}"
CARRARO.NS,513.75,InvestmentDecision.AVOID,0,0,"{'fundamental_score': 6.3, 'technical_score': 0, 'confidence': 0}"
NRBBEARING.NS,356.45001220703125,InvestmentDecision.AVOID,0,0,"{'fundamental_score': 5.9, 'technical_score': 0, 'confidence': 0}"
HONDAPOWER.NS,2287.300048828125,InvestmentDecision.AVOID,0,0,"{'fundamental_score': 4.7, 'technical_score': 0, 'confidence': 0}"
SAKSOFT.NS,147.6300048828125,InvestmentDecision.AVOID,0,0,"{'fundamental_score': 8.1, 'technical_score': 0, 'confidence': 0}"
MOREPENLAB.NS,45.790000915527344,InvestmentDecision.AVOID,0,0,"{'fundamental_score': 4.7, 'technical_score': 0, 'confidence': 0}"
HIRECT.NS,1109.5,InvestmentDecision.AVOID,0,0,"{'fundamental_score': 6.3, 'technical_score': 0, 'confidence': 0}"
VENUSPIPES.NS,1418.800048828125,InvestmentDecision.AVOID,0,0,"{'fundamental_score': 6.7, 'technical_score': 0, 'confidence': 0}"
SOTL.NS,437.75,InvestmentDecision.AVOID,0,0,"{'fundamental_score': 5.7, 'technical_score': 0, 'confidence': 0}"
ALLCARGO.NS,8.890000343322754,InvestmentDecision.AVOID,0,0,"{'fundamental_score': 3.8000000000000003, 'technical_score': 0, 'confidence': 0}"
MTNL.NS,30.399999618530273,InvestmentDecision.AVOID,0,0,"{'fundamental_score': 6.7, 'technical_score': 0, 'confidence': 0}"
RELTD.NS,124.30999755859375,InvestmentDecision.AVOID,0,0,"{'fundamental_score': 6.6, 'technical_score': 0, 'confidence': 0}"
ALEMBICLTD.NS,87.3499984741211,InvestmentDecision.AVOID,0,0,"{'fundamental_score': 7.7, 'technical_score': 0, 'confidence': 0}"
DIGITIDE.NS,88.63999938964844,InvestmentDecision.AVOID,0,0,"{'fundamental_score': 4.25, 'technical_score': 0, 'confidence': 0}"
UTKARSHBNK.NS,13.0600004196167,InvestmentDecision.AVOID,0,0,"{'fundamental_score': 4.300000000000001, 'technical_score': 0, 'confidence': 0}"
NUCLEUS.NS,734.7000122070312,InvestmentDecision.AVOID,0,0,"{'fundamental_score': 7.1, 'technical_score': 0, 'confidence': 0}"
SERVOTECH.NS,100.91000366210938,InvestmentDecision.AVOID,0,0,"{'fundamental_score': 5.25, 'technical_score': 0, 'confidence': 0}"
AUTOAXLES.NS,1752.199951171875,InvestmentDecision.AVOID,0,0,"{'fundamental_score': 5.9, 'technical_score': 0, 'confidence': 0}"
HMT.NS,55.84000015258789,InvestmentDecision.AVOID,0,0,"{'fundamental_score': 6.7, 'technical_score': 0, 'confidence': 0}"
LAOPALA.NS,173.86000061035156,InvestmentDecision.AVOID,0,0,"{'fundamental_score': 7.4, 'technical_score': 0, 'confidence': 0}"
DCXINDIA.NS,197.58999633789062,InvestmentDecision.AVOID,0,0,"{'fundamental_score': 4.7, 'technical_score': 0, 'confidence': 0}"
HINDWAREAP.NS,228.05999755859375,InvestmentDecision.AVOID,0,0,"{'fundamental_score': 3.4000000000000004, 'technical_score': 0, 'confidence': 0}"
INDOCO.NS,207.25,InvestmentDecision.AVOID,0,0,"{'fundamental_score': 3.8000000000000003, 'technical_score': 0, 'confidence': 0}"
WINDMACHIN.NS,281.29998779296875,InvestmentDecision.AVOID,0,0,"{'fundamental_score': 6.7, 'technical_score': 0, 'confidence': 0}"
TAJGVK.NS,340.5,InvestmentDecision.AVOID,0,0,"{'fundamental_score': 7.4, 'technical_score': 0, 'confidence': 0}"
NITCO.NS,98.06999969482422,InvestmentDecision.AVOID,0,0,"{'fundamental_score': 5.25, 'technical_score': 0, 'confidence': 0}"
SIRCA.NS,420.3500061035156,InvestmentDecision.AVOID,0,0,"{'fundamental_score': 7.6, 'technical_score': 0, 'confidence': 0}"
KALAMANDIR.NS,107.12000274658203,InvestmentDecision.AVOID,0,0,"{'fundamental_score': 5.1000000000000005, 'technical_score': 0, 'confidence': 0}"
VSSL.NS,270.1499938964844,InvestmentDecision.AVOID,0,0,"{'fundamental_score': 5.7, 'technical_score': 0, 'confidence': 0}"
KRSNAA.NS,544.7000122070312,InvestmentDecision.AVOID,0,0,"{'fundamental_score': 6.15, 'technical_score': 0, 'confidence': 0}"
SDBL.NS,77.33000183105469,InvestmentDecision.AVOID,0,0,"{'fundamental_score': 5.9, 'technical_score': 0, 'confidence': 0}"
CARYSIL.NS,1113.5,InvestmentDecision.AVOID,0,0,"{'fundamental_score': 5.9, 'technical_score': 0, 'confidence': 0}"
TCIEXP.NS,495.3500061035156,InvestmentDecision.AVOID,0,0,"{'fundamental_score': 5.7, 'technical_score': 0, 'confidence': 0}"
KCP.NS,163.13999938964844,InvestmentDecision.AVOID,0,0,"{'fundamental_score': 6.2, 'technical_score': 0, 'confidence': 0}"
BEPL.NS,95.73999786376953,InvestmentDecision.AVOID,0,0,"{'fundamental_score': 7.6, 'technical_score': 0, 'confidence': 0}"
KMEW.NS,1780.5,InvestmentDecision.AVOID,0,0,"{'fundamental_score': 8.7, 'technical_score': 0, 'confidence': 0}"
XPROINDIA.NS,1152.9000244140625,InvestmentDecision.AVOID,0,0,"{'fundamental_score': 4.7, 'technical_score': 0, 'confidence': 0}"
HATHWAY.NS,10.680000305175781,InvestmentDecision.AVOID,0,0,"{'fundamental_score': 4.7, 'technical_score': 0, 'confidence': 0}"
REPCOHOME.NS,373.79998779296875,InvestmentDecision.AVOID,0,0,"{'fundamental_score': 5.9, 'technical_score': 0, 'confidence': 0}"
ADFFOODS.NS,273.1499938964844,InvestmentDecision.AVOID,0,0,"{'fundamental_score': 6.800000000000001, 'technical_score': 0, 'confidence': 0}"
UNIVCABLES.NS,1239.199951171875,InvestmentDecision.AVOID,0,0,"{'fundamental_score': 4.25, 'technical_score': 0, 'confidence': 0}"
PANACEABIO.NS,430.6000061035156,InvestmentDecision.AVOID,0,0,"{'fundamental_score': 6.7, 'technical_score': 0, 'confidence': 0}"
GRMOVER.NS,155.6699981689453,InvestmentDecision.AVOID,0,0,"{'fundamental_score': 5.050000000000001, 'technical_score': 0, 'confidence': 0}"
DIAMONDYD.NS,1087.0999755859375,InvestmentDecision.AVOID,0,0,"{'fundamental_score': 4.300000000000001, 'technical_score': 0, 'confidence': 0}"
CAPACITE.NS,223.4199981689453,InvestmentDecision.AVOID,0,0,"{'fundamental_score': 5.7, 'technical_score': 0, 'confidence': 0}"
ROSSTECH.NS,1080.5,InvestmentDecision.AVOID,0,0,"{'fundamental_score': 5.2, 'technical_score': 0, 'confidence': 0}"
FILATEX.NS,46.2400016784668,InvestmentDecision.AVOID,0,0,"{'fundamental_score': 5.9, 'technical_score': 0, 'confidence': 0}"
JINDALPOLY.NS,655.1500244140625,InvestmentDecision.AVOID,0,0,"{'fundamental_score': 5.45, 'technical_score': 0, 'confidence': 0}"
SMSPHARMA.NS,363.95001220703125,InvestmentDecision.AVOID,0,0,"{'fundamental_score': 6.2, 'technical_score': 0, 'confidence': 0}"
MONARCH.NS,340.3999938964844,InvestmentDecision.AVOID,0,0,"{'fundamental_score': 7.8, 'technical_score': 0, 'confidence': 0}"
TASTYBITE.NS,7569.5,InvestmentDecision.AVOID,0,0,"{'fundamental_score': 5.9, 'technical_score': 0, 'confidence': 0}"
AEROFLEX.NS,419.45001220703125,InvestmentDecision.AVOID,0,0,"{'fundamental_score': 7.1, 'technical_score': 0, 'confidence': 0}"
HGS.NS,403.0,InvestmentDecision.AVOID,0,0,"{'fundamental_score': 6.7, 'technical_score': 0, 'confidence': 0}"
JAICORPLTD.NS,114.98999786376953,InvestmentDecision.AVOID,0,0,"{'fundamental_score': 7.2, 'technical_score': 0, 'confidence': 0}"
MOLDTKPAC.NS,707.0499877929688,InvestmentDecision.AVOID,0,0,"{'fundamental_score': 5.1000000000000005, 'technical_score': 0, 'confidence': 0}"
COSMOFIRST.NS,734.3499755859375,InvestmentDecision.AVOID,0,0,"{'fundamental_score': 4.200000000000001, 'technical_score': 0, 'confidence': 0}"
PFS.NS,30.739999771118164,InvestmentDecision.AVOID,0,0,"{'fundamental_score': 7.4, 'technical_score': 0, 'confidence': 0}"
MBEL.NS,295.25,InvestmentDecision.AVOID,0,0,"{'fundamental_score': 7.2, 'technical_score': 0, 'confidence': 0}"
BAJEL.NS,194.00999450683594,InvestmentDecision.AVOID,0,0,"{'fundamental_score': 4.7, 'technical_score': 0, 'confidence': 0}"
INSECTICID.NS,729.7999877929688,InvestmentDecision.AVOID,0,0,"{'fundamental_score': 6.2, 'technical_score': 0, 'confidence': 0}"
SHALBY.NS,176.83999633789062,InvestmentDecision.AVOID,0,0,"{'fundamental_score': 4.25, 'technical_score': 0, 'confidence': 0}"
NDRAUTO.NS,804.1500244140625,InvestmentDecision.AVOID,0,0,"{'fundamental_score': 6.3, 'technical_score': 0, 'confidence': 0}"
FINOPB.NS,130.77999877929688,InvestmentDecision.AVOID,0,0,"{'fundamental_score': 4.300000000000001, 'technical_score': 0, 'confidence': 0}"
ORIENTHOT.NS,99.77999877929688,InvestmentDecision.AVOID,0,0,"{'fundamental_score': 6.0, 'technical_score': 0, 'confidence': 0}"
STYLEBAAZA.NS,326.79998779296875,InvestmentDecision.AVOID,0,0,"{'fundamental_score': 3.6000000000000005, 'technical_score': 0, 'confidence': 0}"
SCILAL.NS,44.439998626708984,InvestmentDecision.AVOID,0,0,"{'fundamental_score': 6.2, 'technical_score': 0, 'confidence': 0}"
NILKAMAL.NS,1294.800048828125,InvestmentDecision.AVOID,0,0,"{'fundamental_score': 4.300000000000001, 'technical_score': 0, 'confidence': 0}"
LANDMARK.NS,373.29998779296875,InvestmentDecision.AVOID,0,0,"{'fundamental_score': 2.8000000000000003, 'technical_score': 0, 'confidence': 0}"
EIHAHOTELS.NS,299.0,InvestmentDecision.AVOID,0,0,"{'fundamental_score': 7.4, 'technical_score': 0, 'confidence': 0}"
IPL.NS,157.8699951171875,InvestmentDecision.AVOID,0,0,"{'fundamental_score': 6.2, 'technical_score': 0, 'confidence': 0}"
SUMMITSEC.NS,1540.0,InvestmentDecision.AVOID,0,0,"{'fundamental_score': 5.800000000000001, 'technical_score': 0, 'confidence': 0}"
SEAMECLTD.NS,1643.300048828125,InvestmentDecision.AVOID,0,0,"{'fundamental_score': 8.7, 'technical_score': 0, 'confidence': 0}"
MAYURUNIQ.NS,745.25,InvestmentDecision.AVOID,0,0,"{'fundamental_score': 7.8, 'technical_score': 0, 'confidence': 0}"
RML.NS,918.3499755859375,InvestmentDecision.AVOID,0,0,"{'fundamental_score': 5.0, 'technical_score': 0, 'confidence': 0}"
YATRA.NS,97.20999908447266,InvestmentDecision.AVOID,0,0,"{'fundamental_score': 4.300000000000001, 'technical_score': 0, 'confidence': 0}"
STEELCAS.NS,273.5,InvestmentDecision.AVOID,0,0,"{'fundamental_score': 8.2, 'technical_score': 0, 'confidence': 0}"
GENESYS.NS,267.6499938964844,InvestmentDecision.AVOID,0,0,"{'fundamental_score': 7.6, 'technical_score': 0, 'confidence': 0}"
GVPIL.NS,858.9500122070312,InvestmentDecision.AVOID,0,0,"{'fundamental_score': 8.7, 'technical_score': 0, 'confidence': 0}"
SOLARA.NS,543.0499877929688,InvestmentDecision.AVOID,0,0,"{'fundamental_score': 4.25, 'technical_score': 0, 'confidence': 0}"
KICL.NS,4957.5,InvestmentDecision.AVOID,0,0,"{'fundamental_score': 5.800000000000001, 'technical_score': 0, 'confidence': 0}"
SPECTRUM.NS,1473.699951171875,InvestmentDecision.AVOID,0,0,"{'fundamental_score': 6.3, 'technical_score': 0, 'confidence': 0}"
SULA.NS,158.30999755859375,InvestmentDecision.AVOID,0,0,"{'fundamental_score': 3.8500000000000005, 'technical_score': 0, 'confidence': 0}"
SIMPLEXINF.NS,237.9499969482422,InvestmentDecision.AVOID,0,0,"{'fundamental_score': 5.2, 'technical_score': 0, 'confidence': 0}"
SGFIN.NS,567.9000244140625,InvestmentDecision.AVOID,0,0,"{'fundamental_score': 5.1000000000000005, 'technical_score': 0, 'confidence': 0}"
CANTABIL.NS,215.19000244140625,InvestmentDecision.AVOID,0,0,"{'fundamental_score': 5.4, 'technical_score': 0, 'confidence': 0}"
DELTACORP.NS,63.790000915527344,InvestmentDecision.AVOID,0,0,"{'fundamental_score': 5.200000000000001, 'technical_score': 0, 'confidence': 0}"
SASKEN.NS,2338.5,InvestmentDecision.AVOID,0,0,"{'fundamental_score': 4.7, 'technical_score': 0, 'confidence': 0}"
SANGAMIND.NS,527.2000122070312,InvestmentDecision.AVOID,0,0,"{'fundamental_score': 3.4000000000000004, 'technical_score': 0, 'confidence': 0}"
RANEHOLDIN.NS,1462.0,InvestmentDecision.AVOID,0,0,"{'fundamental_score': 4.65, 'technical_score': 0, 'confidence': 0}"
HINDOILEXP.NS,171.7899932861328,InvestmentDecision.AVOID,0,0,"{'fundamental_score': 7.4, 'technical_score': 0, 'confidence': 0}"
STOVEKRAFT.NS,622.9000244140625,InvestmentDecision.AVOID,0,0,"{'fundamental_score': 4.300000000000001, 'technical_score': 0, 'confidence': 0}"
GEOJITFSL.NS,72.1500015258789,InvestmentDecision.AVOID,0,0,"{'fundamental_score': 5.200000000000001, 'technical_score': 0, 'confidence': 0}"
IDEAFORGE.NS,828.9000244140625,InvestmentDecision.AVOID,0,0,"{'fundamental_score': 4.7, 'technical_score': 0, 'confidence': 0}"
RPTECH.NS,554.2000122070312,InvestmentDecision.AVOID,0,0,"{'fundamental_score': 6.2, 'technical_score': 0, 'confidence': 0}"
ACCELYA.NS,1156.0999755859375,InvestmentDecision.AVOID,0,0,"{'fundamental_score': 8.2, 'technical_score': 0, 'confidence': 0}"
VENKEYS.NS,1449.0999755859375,InvestmentDecision.AVOID,0,0,"{'fundamental_score': 5.1000000000000005, 'technical_score': 0, 'confidence': 0}"
TIL.NS,174.67999267578125,InvestmentDecision.AVOID,0,0,"{'fundamental_score': 5.2, 'technical_score': 0, 'confidence': 0}"
YASHO.NS,2168.0,InvestmentDecision.AVOID,0,0,"{'fundamental_score': 3.8000000000000003, 'technical_score': 0, 'confidence': 0}"
WEL.NS,93.72000122070312,InvestmentDecision.AVOID,0,0,"{'fundamental_score': 3.4000000000000004, 'technical_score': 0, 'confidence': 0}"
DOLLAR.NS,260.25,InvestmentDecision.AVOID,0,0,"{'fundamental_score': 5.1000000000000005, 'technical_score': 0, 'confidence': 0}"
INDIANHUME.NS,306.3999938964844,InvestmentDecision.AVOID,0,0,"{'fundamental_score': 5.7, 'technical_score': 0, 'confidence': 0}"
DREDGECORP.NS,1223.300048828125,InvestmentDecision.AVOID,0,0,"{'fundamental_score': 4.25, 'technical_score': 0, 'confidence': 0}"
MOL.NS,47.310001373291016,InvestmentDecision.AVOID,0,0,"{'fundamental_score': 4.7, 'technical_score': 0, 'confidence': 0}"
DCW.NS,46.79999923706055,InvestmentDecision.AVOID,0,0,"{'fundamental_score': 4.7, 'technical_score': 0, 'confidence': 0}"
UGROCAP.NS,95.1500015258789,InvestmentDecision.AVOID,0,0,"{'fundamental_score': 4.300000000000001, 'technical_score': 0, 'confidence': 0}"
THEJO.NS,1554.5999755859375,InvestmentDecision.AVOID,0,0,"{'fundamental_score': 6.2, 'technical_score': 0, 'confidence': 0}"
HITECH.NS,86.33000183105469,InvestmentDecision.AVOID,0,0,"{'fundamental_score': 4.7, 'technical_score': 0, 'confidence': 0}"
MANGLMCEM.NS,841.6500244140625,InvestmentDecision.AVOID,0,0,"{'fundamental_score': 5.75, 'technical_score': 0, 'confidence': 0}"
AMRUTANJAN.NS,555.8499755859375,InvestmentDecision.AVOID,0,0,"{'fundamental_score': 6.7, 'technical_score': 0, 'confidence': 0}"
WHEELS.NS,1517.9000244140625,InvestmentDecision.AVOID,0,0,"{'fundamental_score': 5.9, 'technical_score': 0, 'confidence': 0}"
APCOTEXIND.NS,494.1000061035156,InvestmentDecision.AVOID,0,0,"{'fundamental_score': 6.7, 'technical_score': 0, 'confidence': 0}"
GMBREW.NS,914.2000122070312,InvestmentDecision.AVOID,0,0,"{'fundamental_score': 5.9, 'technical_score': 0, 'confidence': 0}"
VERANDA.NS,234.2899932861328,InvestmentDecision.AVOID,0,0,"{'fundamental_score': 7.8, 'technical_score': 0, 'confidence': 0}"
PIXTRANS.NS,1608.9000244140625,InvestmentDecision.AVOID,0,0,"{'fundamental_score': 8.2, 'technical_score': 0, 'confidence': 0}"
MOBIKWIK.NS,194.44000244140625,InvestmentDecision.AVOID,0,0,"{'fundamental_score': 4.25, 'technical_score': 0, 'confidence': 0}"
UNIPARTS.NS,599.2000122070312,InvestmentDecision.AVOID,0,0,"{'fundamental_score': 8.1, 'technical_score': 0, 'confidence': 0}"
WAAREEINDO.NS,422.8999938964844,InvestmentDecision.AVOID,0,0,"{'fundamental_score': 8.7, 'technical_score': 0, 'confidence': 0}"
RAJRATAN.NS,415.29998779296875,InvestmentDecision.AVOID,0,0,"{'fundamental_score': 5.7, 'technical_score': 0, 'confidence': 0}"
EXICOM.NS,159.72000122070312,InvestmentDecision.AVOID,0,0,"{'fundamental_score': 3.8000000000000003, 'technical_score': 0, 'confidence': 0}"
INDNIPPON.NS,895.7000122070312,InvestmentDecision.AVOID,0,0,"{'fundamental_score': 5.500000000000001, 'technical_score': 0, 'confidence': 0}"
VINCOFE.NS,147.11000061035156,InvestmentDecision.AVOID,0,0,"{'fundamental_score': 6.800000000000001, 'technical_score': 0, 'confidence': 0}"
MUKANDLTD.NS,140.77999877929688,InvestmentDecision.AVOID,0,0,"{'fundamental_score': 7.199999999999999, 'technical_score': 0, 'confidence': 0}"
SOMANYCERA.NS,518.0499877929688,InvestmentDecision.AVOID,0,0,"{'fundamental_score': 4.7, 'technical_score': 0, 'confidence': 0}"
DYCL.NS,317.70001220703125,InvestmentDecision.AVOID,0,0,"{'fundamental_score': 7.2, 'technical_score': 0, 'confidence': 0}"
NELCO.NS,699.7999877929688,InvestmentDecision.AVOID,0,0,"{'fundamental_score': 4.25, 'technical_score': 0, 'confidence': 0}"
DIVGIITTS.NS,789.4500122070312,InvestmentDecision.AVOID,0,0,"{'fundamental_score': 5.200000000000001, 'technical_score': 0, 'confidence': 0}"
MSPL.NS,40.970001220703125,InvestmentDecision.AVOID,0,0,"{'fundamental_score': 6.7, 'technical_score': 0, 'confidence': 0}"
KERNEX.NS,1804.699951171875,InvestmentDecision.AVOID,0,0,"{'fundamental_score': 7.75, 'technical_score': 0, 'confidence': 0}"
NITINSPIN.NS,507.29998779296875,InvestmentDecision.AVOID,0,0,"{'fundamental_score': 5.050000000000001, 'technical_score': 0, 'confidence': 0}"
BGRENERGY.NS,339.29998779296875,InvestmentDecision.AVOID,0,0,"{'fundamental_score': 6.7, 'technical_score': 0, 'confidence': 0}"
WINDLAS.NS,812.2999877929688,InvestmentDecision.AVOID,0,0,"{'fundamental_score': 6.2, 'technical_score': 0, 'confidence': 0}"
RAMCOSYS.NS,461.04998779296875,InvestmentDecision.AVOID,0,0,"{'fundamental_score': 6.2, 'technical_score': 0, 'confidence': 0}"
SPAL.NS,807.0999755859375,InvestmentDecision.AVOID,0,0,"{'fundamental_score': 5.1000000000000005, 'technical_score': 0, 'confidence': 0}"
GTLINFRA.NS,1.4299999475479126,InvestmentDecision.AVOID,0,0,"{'fundamental_score': 6.7, 'technical_score': 0, 'confidence': 0}"
NIBE.NS,1541.0,InvestmentDecision.AVOID,0,0,"{'fundamental_score': 6.7, 'technical_score': 0, 'confidence': 0}"
SPIC.NS,68.52999877929688,InvestmentDecision.AVOID,0,0,"{'fundamental_score': 6.25, 'technical_score': 0, 'confidence': 0}"
LAXMIDENTL.NS,236.9199981689453,InvestmentDecision.AVOID,0,0,"{'fundamental_score': 6.2, 'technical_score': 0, 'confidence': 0}"
ASALCBR.NS,833.1500244140625,InvestmentDecision.AVOID,0,0,"{'fundamental_score': 5.500000000000001, 'technical_score': 0, 'confidence': 0}"
SPANDANA.NS,255.3000030517578,InvestmentDecision.AVOID,0,0,"{'fundamental_score': 2.8000000000000003, 'technical_score': 0, 'confidence': 0}"
PANAMAPET.NS,315.54998779296875,InvestmentDecision.AVOID,0,0,"{'fundamental_score': 5.9, 'technical_score': 0, 'confidence': 0}"
INDOTECH.NS,2722.800048828125,InvestmentDecision.AVOID,0,0,"{'fundamental_score': 7.2, 'technical_score': 0, 'confidence': 0}"
VIDHIING.NS,296.79998779296875,InvestmentDecision.AVOID,0,0,"{'fundamental_score': 7.6, 'technical_score': 0, 'confidence': 0}"
WENDT.NS,6837.5,InvestmentDecision.AVOID,0,0,"{'fundamental_score': 4.7, 'technical_score': 0, 'confidence': 0}"
UNITECH.NS,4.769999980926514,InvestmentDecision.AVOID,0,0,"{'fundamental_score': 6.7, 'technical_score': 0, 'confidence': 0}"
RMDRIP.NS,16.200000762939453,InvestmentDecision.AVOID,0,0,"{'fundamental_score': 8.2, 'technical_score': 0, 'confidence': 0}"
MOTISONS.NS,11.430000305175781,InvestmentDecision.AVOID,0,0,"{'fundamental_score': 6.4, 'technical_score': 0, 'confidence': 0}"
DEEDEV.NS,654.2000122070312,InvestmentDecision.AVOID,0,0,"{'fundamental_score': 5.25, 'technical_score': 0, 'confidence': 0}"
SEPC.NS,7.0,InvestmentDecision.AVOID,0,0,"{'fundamental_score': 4.7, 'technical_score': 0, 'confidence': 0}"
ADOR.NS,1108.800048828125,InvestmentDecision.AVOID,0,0,"{'fundamental_score': 6.7, 'technical_score': 0, 'confidence': 0}"
GARUDA.NS,171.4199981689453,InvestmentDecision.AVOID,0,0,"{'fundamental_score': 8.7, 'technical_score': 0, 'confidence': 0}"
VINDHYATEL.NS,2117.89990234375,InvestmentDecision.AVOID,0,0,"{'fundamental_score': 4.7, 'technical_score': 0, 'confidence': 0}"
PRECAM.NS,150.32000732421875,InvestmentDecision.AVOID,0,0,"{'fundamental_score': 5.9, 'technical_score': 0, 'confidence': 0}"
ASTEC.NS,787.9000244140625,InvestmentDecision.AVOID,0,0,"{'fundamental_score': 3.8000000000000003, 'technical_score': 0, 'confidence': 0}"
BETA.NS,1416.0999755859375,InvestmentDecision.AVOID,0,0,"{'fundamental_score': 6.75, 'technical_score': 0, 'confidence': 0}"
FUSION.NS,174.6300048828125,InvestmentDecision.AVOID,0,0,"{'fundamental_score': 4.4, 'technical_score': 0, 'confidence': 0}"
TALBROAUTO.NS,342.3500061035156,InvestmentDecision.AVOID,0,0,"{'fundamental_score': 5.9, 'technical_score': 0, 'confidence': 0}"
IFGLEXPOR.NS,194.4600067138672,InvestmentDecision.AVOID,0,0,"{'fundamental_score': 6.7, 'technical_score': 0, 'confidence': 0}"
BLSE.NS,224.2100067138672,InvestmentDecision.AVOID,0,0,"{'fundamental_score': 6.2, 'technical_score': 0, 'confidence': 0}"
BFINVEST.NS,435.75,InvestmentDecision.AVOID,0,0,"{'fundamental_score': 5.800000000000001, 'technical_score': 0, 'confidence': 0}"
NAVKARCORP.NS,95.87000274658203,InvestmentDecision.AVOID,0,0,"{'fundamental_score': 4.7, 'technical_score': 0, 'confidence': 0}"
SPMLINFRA.NS,206.61000061035156,InvestmentDecision.AVOID,0,0,"{'fundamental_score': 4.7, 'technical_score': 0, 'confidence': 0}"
JYOTISTRUC.NS,12.399999618530273,InvestmentDecision.AVOID,0,0,"{'fundamental_score': 4.2, 'technical_score': 0, 'confidence': 0}"
JGCHEM.NS,431.25,InvestmentDecision.AVOID,0,0,"{'fundamental_score': 6.2, 'technical_score': 0, 'confidence': 0}"
GOCLCORP.NS,400.79998779296875,InvestmentDecision.AVOID,0,0,"{'fundamental_score': 8.2, 'technical_score': 0, 'confidence': 0}"
HUHTAMAKI.NS,167.30999755859375,InvestmentDecision.AVOID,0,0,"{'fundamental_score': 5.9, 'technical_score': 0, 'confidence': 0}"
QUICKHEAL.NS,191.91000366210938,InvestmentDecision.AVOID,0,0,"{'fundamental_score': 4.7, 'technical_score': 0, 'confidence': 0}"
PNBGILTS.NS,79.2300033569336,InvestmentDecision.AVOID,0,0,"{'fundamental_score': 5.1000000000000005, 'technical_score': 0, 'confidence': 0}"
JINDRILL.NS,606.9000244140625,InvestmentDecision.AVOID,0,0,"{'fundamental_score': 7.000000000000001, 'technical_score': 0, 'confidence': 0}"
DLINKINDIA.NS,475.3999938964844,InvestmentDecision.AVOID,0,0,"{'fundamental_score': 7.2, 'technical_score': 0, 'confidence': 0}"
BLISSGVS.NS,434.45001220703125,InvestmentDecision.AVOID,0,0,"{'fundamental_score': 7.6, 'technical_score': 0, 'confidence': 0}"
SANSTAR.NS,115.7699966430664,InvestmentDecision.AVOID,0,0,"{'fundamental_score': 4.7, 'technical_score': 0, 'confidence': 0}"
EXPLEOSOL.NS,904.5499877929688,InvestmentDecision.AVOID,0,0,"{'fundamental_score': 6.7, 'technical_score': 0, 'confidence': 0}"
SESHAPAPER.NS,232.47999572753906,InvestmentDecision.AVOID,0,0,"{'fundamental_score': 4.7, 'technical_score': 0, 'confidence': 0}"
DEN.NS,26.530000686645508,InvestmentDecision.AVOID,0,0,"{'fundamental_score': 5.9, 'technical_score': 0, 'confidence': 0}"
TTKHLTCARE.NS,924.5,InvestmentDecision.AVOID,0,0,"{'fundamental_score': 4.7, 'technical_score': 0, 'confidence': 0}"
DAMCAPITAL.NS,147.1300048828125,InvestmentDecision.AVOID,0,0,"{'fundamental_score': 7.8, 'technical_score': 0, 'confidence': 0}"
ARMANFIN.NS,1589.0,InvestmentDecision.AVOID,0,0,"{'fundamental_score': 4.300000000000001, 'technical_score': 0, 'confidence': 0}"
ARIHANTSUP.NS,266.8500061035156,InvestmentDecision.AVOID,0,0,"{'fundamental_score': 5.2, 'technical_score': 0, 'confidence': 0}"
SATIN.NS,231.1199951171875,InvestmentDecision.AVOID,0,0,"{'fundamental_score': 5.5, 'technical_score': 0, 'confidence': 0}"
RAMASTEEL.NS,5.329999923706055,InvestmentDecision.AVOID,0,0,"{'fundamental_score': 6.7, 'technical_score': 0, 'confidence': 0}"
DOLPHIN.NS,402.25,InvestmentDecision.AVOID,0,0,"{'fundamental_score': 7.3500000000000005, 'technical_score': 0, 'confidence': 0}"
RAJOOENG.NS,54.45000076293945,InvestmentDecision.AVOID,0,0,"{'fundamental_score': 8.1, 'technical_score': 0, 'confidence': 0}"
STANLEY.NS,147.1999969482422,InvestmentDecision.AVOID,0,0,"{'fundamental_score': 3.8500000000000005, 'technical_score': 0, 'confidence': 0}"
MUFIN.NS,122.5,InvestmentDecision.AVOID,0,0,"{'fundamental_score': 4.300000000000001, 'technical_score': 0, 'confidence': 0}"
JNKINDIA.NS,361.3999938964844,InvestmentDecision.AVOID,0,0,"{'fundamental_score': 6.2, 'technical_score': 0, 'confidence': 0}"
TARSONS.NS,207.5399932861328,InvestmentDecision.AVOID,0,0,"{'fundamental_score': 4.25, 'technical_score': 0, 'confidence': 0}"
HIMATSEIDE.NS,77.37000274658203,InvestmentDecision.AVOID,0,0,"{'fundamental_score': 3.4000000000000004, 'technical_score': 0, 'confidence': 0}"
SOLEX.NS,1213.0999755859375,InvestmentDecision.AVOID,0,0,"{'fundamental_score': 6.3, 'technical_score': 0, 'confidence': 0}"
MMFL.NS,442.54998779296875,InvestmentDecision.AVOID,0,0,"{'fundamental_score': 4.800000000000001, 'technical_score': 0, 'confidence': 0}"
UDS.NS,179.75,InvestmentDecision.AVOID,0,0,"{'fundamental_score': 4.7, 'technical_score': 0, 'confidence': 0}"
SYNCOMF.NS,14.930000305175781,InvestmentDecision.AVOID,0,0,"{'fundamental_score': 8.4, 'technical_score': 0, 'confidence': 0}"
IGARASHI.NS,378.75,InvestmentDecision.AVOID,0,0,"{'fundamental_score': 4.300000000000001, 'technical_score': 0, 'confidence': 0}"
TINNARUBR.NS,829.5499877929688,InvestmentDecision.AVOID,0,0,"{'fundamental_score': 7.2, 'technical_score': 0, 'confidence': 0}"
GREENPOWER.NS,11.5,InvestmentDecision.AVOID,0,0,"{'fundamental_score': 6.2, 'technical_score': 0, 'confidence': 0}"
PUNJABCHEM.NS,955.5999755859375,InvestmentDecision.AVOID,0,0,"{'fundamental_score': 6.7, 'technical_score': 0, 'confidence': 0}"
SURAKSHA.NS,290.25,InvestmentDecision.AVOID,0,0,"{'fundamental_score': 5.75, 'technical_score': 0, 'confidence': 0}"
AIMTRON.NS,1295.0,InvestmentDecision.AVOID,0,0,"{'fundamental_score': 6.7, 'technical_score': 0, 'confidence': 0}"
APOLLOPIPE.NS,478.8500061035156,InvestmentDecision.AVOID,0,0,"{'fundamental_score': 4.7, 'technical_score': 0, 'confidence': 0}"
SHANTIGOLD.NS,230.6199951171875,InvestmentDecision.AVOID,0,0,"{'fundamental_score': 6.3, 'technical_score': 0, 'confidence': 0}"
MASTERTR.NS,81.27999877929688,InvestmentDecision.AVOID,0,0,"{'fundamental_score': 7.4, 'technical_score': 0, 'confidence': 0}"
IKIO.NS,154.36000061035156,InvestmentDecision.AVOID,0,0,"{'fundamental_score': 4.7, 'technical_score': 0, 'confidence': 0}"
AWHCL.NS,463.1499938964844,InvestmentDecision.AVOID,0,0,"{'fundamental_score': 6.25, 'technical_score': 0, 'confidence': 0}"
STALLION.NS,177.91000366210938,InvestmentDecision.AVOID,0,0,"{'fundamental_score': 4.7, 'technical_score': 0, 'confidence': 0}"
LGHL.NS,234.35000610351562,InvestmentDecision.AVOID,0,0,"{'fundamental_score': 2.8000000000000003, 'technical_score': 0, 'confidence': 0}"
ECOSMOBLTY.NS,128.3000030517578,InvestmentDecision.AVOID,0,0,"{'fundamental_score': 6.7, 'technical_score': 0, 'confidence': 0}"
JAGRAN.NS,76.98999786376953,InvestmentDecision.AVOID,0,0,"{'fundamental_score': 4.7, 'technical_score': 0, 'confidence': 0}"
RUPA.NS,158.99000549316406,InvestmentDecision.AVOID,0,0,"{'fundamental_score': 4.300000000000001, 'technical_score': 0, 'confidence': 0}"
VINYAS.NS,1178.0,InvestmentDecision.AVOID,0,0,"{'fundamental_score': 6.7, 'technical_score': 0, 'confidence': 0}"
OMAXE.NS,76.86000061035156,InvestmentDecision.AVOID,0,0,"{'fundamental_score': 6.7, 'technical_score': 0, 'confidence': 0}"
SHRIRAMPPS.NS,88.56999969482422,InvestmentDecision.AVOID,0,0,"{'fundamental_score': 4.7, 'technical_score': 0, 'confidence': 0}"
HESTERBIO.NS,2015.4000244140625,InvestmentDecision.AVOID,0,0,"{'fundamental_score': 7.45, 'technical_score': 0, 'confidence': 0}"
QUADFUTURE.NS,320.0,InvestmentDecision.AVOID,0,0,"{'fundamental_score': 4.7, 'technical_score': 0, 'confidence': 0}"
HMAAGRO.NS,23.829999923706055,InvestmentDecision.AVOID,0,0,"{'fundamental_score': 5.8500000000000005, 'technical_score': 0, 'confidence': 0}"
JAGSNPHARM.NS,201.74000549316406,InvestmentDecision.AVOID,0,0,"{'fundamental_score': 7.6, 'technical_score': 0, 'confidence': 0}"
PLATIND.NS,220.41000366210938,InvestmentDecision.AVOID,0,0,"{'fundamental_score': 6.2, 'technical_score': 0, 'confidence': 0}"
ORIENTTECH.NS,269.25,InvestmentDecision.AVOID,0,0,"{'fundamental_score': 4.7, 'technical_score': 0, 'confidence': 0}"
EKC.NS,117.80000305175781,InvestmentDecision.AVOID,0,0,"{'fundamental_score': 6.7, 'technical_score': 0, 'confidence': 0}"
ANDHRAPAP.NS,61.81999969482422,InvestmentDecision.AVOID,0,0,"{'fundamental_score': 4.7, 'technical_score': 0, 'confidence': 0}"
SALASAR.NS,6.849999904632568,InvestmentDecision.AVOID,0,0,"{'fundamental_score': 6.7, 'technical_score': 0, 'confidence': 0}"
ESAFSFB.NS,27.979999542236328,InvestmentDecision.AVOID,0,0,"{'fundamental_score': 4.300000000000001, 'technical_score': 0, 'confidence': 0}"
CONFIPET.NS,69.80999755859375,InvestmentDecision.AVOID,0,0,"{'fundamental_score': 5.9, 'technical_score': 0, 'confidence': 0}"
SMCGLOBAL.NS,60.2599983215332,InvestmentDecision.AVOID,0,0,"{'fundamental_score': 2.8000000000000003, 'technical_score': 0, 'confidence': 0}"
CENTRUM.NS,22.079999923706055,InvestmentDecision.AVOID,0,0,"{'fundamental_score': 2.8000000000000003, 'technical_score': 0, 'confidence': 0}"
DOLATALGO.NS,74.52999877929688,InvestmentDecision.AVOID,0,0,"{'fundamental_score': 7.000000000000001, 'technical_score': 0, 'confidence': 0}"
ROTO.NS,56.02000045776367,InvestmentDecision.AVOID,0,0,"{'fundamental_score': 5.7, 'technical_score': 0, 'confidence': 0}"
NIITLTD.NS,89.58999633789062,InvestmentDecision.AVOID,0,0,"{'fundamental_score': 4.300000000000001, 'technical_score': 0, 'confidence': 0}"
GPTINFRA.NS,116.25,InvestmentDecision.AVOID,0,0,"{'fundamental_score': 6.7, 'technical_score': 0, 'confidence': 0}"
SURYODAY.NS,168.9199981689453,InvestmentDecision.AVOID,0,0,"{'fundamental_score': 4.300000000000001, 'technical_score': 0, 'confidence': 0}"
BIRLANU.NS,1300.4000244140625,InvestmentDecision.AVOID,0,0,"{'fundamental_score': 3.8000000000000003, 'technical_score': 0, 'confidence': 0}"
RISHABH.NS,516.7999877929688,InvestmentDecision.AVOID,0,0,"{'fundamental_score': 6.2, 'technical_score': 0, 'confidence': 0}"
ASIANENE.NS,346.79998779296875,InvestmentDecision.AVOID,0,0,"{'fundamental_score': 5.1000000000000005, 'technical_score': 0, 'confidence': 0}"
GANDHAR.NS,155.7899932861328,InvestmentDecision.AVOID,0,0,"{'fundamental_score': 5.1000000000000005, 'technical_score': 0, 'confidence': 0}"
EXCELINDUS.NS,910.25,InvestmentDecision.AVOID,0,0,"{'fundamental_score': 4.7, 'technical_score': 0, 'confidence': 0}"
BAJAJHCARE.NS,299.79998779296875,InvestmentDecision.AVOID,0,0,"{'fundamental_score': 4.7, 'technical_score': 0, 'confidence': 0}"
ALICON.NS,663.7999877929688,InvestmentDecision.AVOID,0,0,"{'fundamental_score': 4.25, 'technical_score': 0, 'confidence': 0}"
DCMSRIND.NS,36.84000015258789,InvestmentDecision.AVOID,0,0,"{'fundamental_score': 5.9, 'technical_score': 0, 'confidence': 0}"
CLSEL.NS,284.70001220703125,InvestmentDecision.AVOID,0,0,"{'fundamental_score': 5.500000000000001, 'technical_score': 0, 'confidence': 0}"
RAJRILTD.NS,20.25,InvestmentDecision.AVOID,0,0,"{'fundamental_score': 5.4, 'technical_score': 0, 'confidence': 0}"
INDORAMA.NS,42.81999969482422,InvestmentDecision.AVOID,0,0,"{'fundamental_score': 4.800000000000001, 'technical_score': 0, 'confidence': 0}"
PARACABLES.NS,65.9000015258789,InvestmentDecision.AVOID,0,0,"{'fundamental_score': 6.7, 'technical_score': 0, 'confidence': 0}"
VPRPL.NS,36.029998779296875,InvestmentDecision.AVOID,0,0,"{'fundamental_score': 6.25, 'technical_score': 0, 'confidence': 0}"
SALZERELEC.NS,643.0499877929688,InvestmentDecision.AVOID,0,0,"{'fundamental_score': 5.25, 'technical_score': 0, 'confidence': 0}"
MANAKCOAT.NS,104.52999877929688,InvestmentDecision.AVOID,0,0,"{'fundamental_score': 6.2, 'technical_score': 0, 'confidence': 0}"
SIGACHI.NS,21.8799991607666,InvestmentDecision.AVOID,0,0,"{'fundamental_score': 4.7, 'technical_score': 0, 'confidence': 0}"
INFOBEAN.NS,178.35000610351562,InvestmentDecision.AVOID,0,0,"{'fundamental_score': 8.4, 'technical_score': 0, 'confidence': 0}"
ALLDIGI.NS,829.75,InvestmentDecision.AVOID,0,0,"{'fundamental_score': 7.65, 'technical_score': 0, 'confidence': 0}"
BLKASHYAP.NS,54.38999938964844,InvestmentDecision.AVOID,0,0,"{'fundamental_score': 6.25, 'technical_score': 0, 'confidence': 0}"
SPORTKING.NS,190.63999938964844,InvestmentDecision.AVOID,0,0,"{'fundamental_score': 5.1000000000000005, 'technical_score': 0, 'confidence': 0}"
GODAVARIB.NS,275.0,InvestmentDecision.AVOID,0,0,"{'fundamental_score': 4.25, 'technical_score': 0, 'confidence': 0}"
SURAJEST.NS,196.49000549316406,InvestmentDecision.AVOID,0,0,"{'fundamental_score': 7.45, 'technical_score': 0, 'confidence': 0}"
CIFL.NS,24.270000457763672,InvestmentDecision.AVOID,0,0,"{'fundamental_score': 3.4000000000000004, 'technical_score': 0, 'confidence': 0}"
UNIECOM.NS,87.58000183105469,InvestmentDecision.AVOID,0,0,"{'fundamental_score': 6.7, 'technical_score': 0, 'confidence': 0}"
MONTECARLO.NS,546.9000244140625,InvestmentDecision.AVOID,0,0,"{'fundamental_score': 5.050000000000001, 'technical_score': 0, 'confidence': 0}"
MADRASFERT.NS,66.66000366210938,InvestmentDecision.AVOID,0,0,"{'fundamental_score': 5.7, 'technical_score': 0, 'confidence': 0}"
HARIOMPIPE.NS,398.8500061035156,InvestmentDecision.AVOID,0,0,"{'fundamental_score': 5.75, 'technical_score': 0, 'confidence': 0}"
DECCANCE.NS,618.9500122070312,InvestmentDecision.AVOID,0,0,"{'fundamental_score': 3.8000000000000003, 'technical_score': 0, 'confidence': 0}"
SHANKARA.NS,117.0,InvestmentDecision.AVOID,0,0,"{'fundamental_score': 4.300000000000001, 'technical_score': 0, 'confidence': 0}"
GNA.NS,368.5,InvestmentDecision.AVOID,0,0,"{'fundamental_score': 5.9, 'technical_score': 0, 'confidence': 0}"
RIIL.NS,744.3499755859375,InvestmentDecision.AVOID,0,0,"{'fundamental_score': 6.2, 'technical_score': 0, 'confidence': 0}"
VMARCIND.NS,1436.6500244140625,InvestmentDecision.AVOID,0,0,"{'fundamental_score': 6.7, 'technical_score': 0, 'confidence': 0}"
SUMEETINDS.NS,29.31999969482422,InvestmentDecision.AVOID,0,0,"{'fundamental_score': 5.9, 'technical_score': 0, 'confidence': 0}"
IMPAL.NS,1047.199951171875,InvestmentDecision.AVOID,0,0,"{'fundamental_score': 5.9, 'technical_score': 0, 'confidence': 0}"
IGPL.NS,437.75,InvestmentDecision.AVOID,0,0,"{'fundamental_score': 4.7, 'technical_score': 0, 'confidence': 0}"
TAC.NS,385.20001220703125,InvestmentDecision.AVOID,0,0,"{'fundamental_score': 6.7, 'technical_score': 0, 'confidence': 0}"
RGL.NS,103.54000091552734,InvestmentDecision.AVOID,0,0,"{'fundamental_score': 4.300000000000001, 'technical_score': 0, 'confidence': 0}"
BSHSL.NS,97.30000305175781,InvestmentDecision.AVOID,0,0,"{'fundamental_score': 6.75, 'technical_score': 0, 'confidence': 0}"
SHREDIGCEM.NS,73.0,InvestmentDecision.AVOID,0,0,"{'fundamental_score': 3.8000000000000003, 'technical_score': 0, 'confidence': 0}"
SIGNPOST.NS,275.0,InvestmentDecision.AVOID,0,0,"{'fundamental_score': 6.25, 'technical_score': 0, 'confidence': 0}"
BALAJITELE.NS,90.58000183105469,InvestmentDecision.AVOID,0,0,"{'fundamental_score': 4.7, 'technical_score': 0, 'confidence': 0}"
HITECHGEAR.NS,576.0,InvestmentDecision.AVOID,0,0,"{'fundamental_score': 5.9, 'technical_score': 0, 'confidence': 0}"
ATULAUTO.NS,476.29998779296875,InvestmentDecision.AVOID,0,0,"{'fundamental_score': 5.9, 'technical_score': 0, 'confidence': 0}"
AGARIND.NS,424.70001220703125,InvestmentDecision.AVOID,0,0,"{'fundamental_score': 6.25, 'technical_score': 0, 'confidence': 0}"
YUKEN.NS,678.7000122070312,InvestmentDecision.AVOID,0,0,"{'fundamental_score': 4.7, 'technical_score': 0, 'confidence': 0}"
DIFFNKG.NS,322.1499938964844,InvestmentDecision.AVOID,0,0,"{'fundamental_score': 7.1, 'technical_score': 0, 'confidence': 0}"
ONEPOINT.NS,58.779998779296875,InvestmentDecision.AVOID,0,0,"{'fundamental_score': 5.6, 'technical_score': 0, 'confidence': 0}"
CAPITALSFB.NS,268.70001220703125,InvestmentDecision.AVOID,0,0,"{'fundamental_score': 6.6000000000000005, 'technical_score': 0, 'confidence': 0}"
ASIANTILES.NS,60.97999954223633,InvestmentDecision.AVOID,0,0,"{'fundamental_score': 6.7, 'technical_score': 0, 'confidence': 0}"
RICOAUTO.NS,114.45999908447266,InvestmentDecision.AVOID,0,0,"{'fundamental_score': 5.45, 'technical_score': 0, 'confidence': 0}"
AURUM.NS,180.11000061035156,InvestmentDecision.AVOID,0,0,"{'fundamental_score': 4.7, 'technical_score': 0, 'confidence': 0}"
BUTTERFLY.NS,651.0499877929688,InvestmentDecision.AVOID,0,0,"{'fundamental_score': 5.500000000000001, 'technical_score': 0, 'confidence': 0}"
FAZE3Q.NS,549.9000244140625,InvestmentDecision.AVOID,0,0,"{'fundamental_score': 3.8500000000000005, 'technical_score': 0, 'confidence': 0}"
MICEL.NS,43.56999969482422,InvestmentDecision.AVOID,0,0,"{'fundamental_score': 4.7, 'technical_score': 0, 'confidence': 0}"
BHARATWIRE.NS,217.22999572753906,InvestmentDecision.AVOID,0,0,"{'fundamental_score': 7.6, 'technical_score': 0, 'confidence': 0}"
VASCONEQ.NS,32.310001373291016,InvestmentDecision.AVOID,0,0,"{'fundamental_score': 4.7, 'technical_score': 0, 'confidence': 0}"
WALCHANNAG.NS,238.75,InvestmentDecision.AVOID,0,0,"{'fundamental_score': 4.25, 'technical_score': 0, 'confidence': 0}"
TEXINFRA.NS,96.0199966430664,InvestmentDecision.AVOID,0,0,"{'fundamental_score': 6.2, 'technical_score': 0, 'confidence': 0}"
WCIL.NS,94.02999877929688,InvestmentDecision.AVOID,0,0,"{'fundamental_score': 4.7, 'technical_score': 0, 'confidence': 0}"
HERANBA.NS,178.41000366210938,InvestmentDecision.AVOID,0,0,"{'fundamental_score': 4.25, 'technical_score': 0, 'confidence': 0}"
BOROSCI.NS,151.47000122070312,InvestmentDecision.AVOID,0,0,"{'fundamental_score': 4.300000000000001, 'technical_score': 0, 'confidence': 0}"
GPTHEALTH.NS,151.41000366210938,InvestmentDecision.AVOID,0,0,"{'fundamental_score': 6.7, 'technical_score': 0, 'confidence': 0}"
IRMENERGY.NS,268.3999938964844,InvestmentDecision.AVOID,0,0,"{'fundamental_score': 4.7, 'technical_score': 0, 'confidence': 0}"
SHREEPUSHK.NS,363.29998779296875,InvestmentDecision.AVOID,0,0,"{'fundamental_score': 6.2, 'technical_score': 0, 'confidence': 0}"
GTPL.NS,64.37999725341797,InvestmentDecision.AVOID,0,0,"{'fundamental_score': 4.7, 'technical_score': 0, 'confidence': 0}"
ROHLTD.NS,331.3500061035156,InvestmentDecision.AVOID,0,0,"{'fundamental_score': 4.0, 'technical_score': 0, 'confidence': 0}"
VHL.NS,3370.300048828125,InvestmentDecision.AVOID,0,0,"{'fundamental_score': 7.4, 'technical_score': 0, 'confidence': 0}"
DSSL.NS,1502.9000244140625,InvestmentDecision.AVOID,0,0,"{'fundamental_score': 6.25, 'technical_score': 0, 'confidence': 0}"
TBZ.NS,178.83999633789062,InvestmentDecision.AVOID,0,0,"{'fundamental_score': 5.4, 'technical_score': 0, 'confidence': 0}"
BAJAJINDEF.NS,247.8000030517578,InvestmentDecision.AVOID,0,0,"{'fundamental_score': 4.7, 'technical_score': 0, 'confidence': 0}"
WEALTH.NS,936.2999877929688,InvestmentDecision.AVOID,0,0,"{'fundamental_score': 7.8, 'technical_score': 0, 'confidence': 0}"
CONTROLPR.NS,610.5,InvestmentDecision.AVOID,0,0,"{'fundamental_score': 5.7, 'technical_score': 0, 'confidence': 0}"
JINDALPHOT.NS,995.4000244140625,InvestmentDecision.AVOID,0,0,"{'fundamental_score': 5.9, 'technical_score': 0, 'confidence': 0}"
ELECTHERM.NS,1028.300048828125,InvestmentDecision.AVOID,0,0,"{'fundamental_score': 6.7, 'technical_score': 0, 'confidence': 0}"
ABINFRA.NS,11.220000267028809,InvestmentDecision.AVOID,0,0,"{'fundamental_score': 5.75, 'technical_score': 0, 'confidence': 0}"
SRM.NS,509.3500061035156,InvestmentDecision.AVOID,0,0,"{'fundamental_score': 7.2, 'technical_score': 0, 'confidence': 0}"
VILAS.NS,350.8500061035156,InvestmentDecision.AVOID,0,0,"{'fundamental_score': 6.7, 'technical_score': 0, 'confidence': 0}"
KROSS.NS,192.47999572753906,InvestmentDecision.AVOID,0,0,"{'fundamental_score': 5.1000000000000005, 'technical_score': 0, 'confidence': 0}"
AMNPLST.NS,202.4600067138672,InvestmentDecision.AVOID,0,0,"{'fundamental_score': 6.2, 'technical_score': 0, 'confidence': 0}"
ZUARI.NS,220.72999572753906,InvestmentDecision.AVOID,0,0,"{'fundamental_score': 8.2, 'technical_score': 0, 'confidence': 0}"
STEELXIND.NS,12.140000343322754,InvestmentDecision.AVOID,0,0,"{'fundamental_score': 4.25, 'technical_score': 0, 'confidence': 0}"
ICEMAKE.NS,770.5999755859375,InvestmentDecision.AVOID,0,0,"{'fundamental_score': 5.8, 'technical_score': 0, 'confidence': 0}"
KELLTONTEC.NS,16.81999969482422,InvestmentDecision.AVOID,0,0,"{'fundamental_score': 6.7, 'technical_score': 0, 'confidence': 0}"
RACLGEAR.NS,1255.0999755859375,InvestmentDecision.AVOID,0,0,"{'fundamental_score': 5.45, 'technical_score': 0, 'confidence': 0}"
BLUSPRING.NS,82.5999984741211,InvestmentDecision.AVOID,0,0,"{'fundamental_score': 4.7, 'technical_score': 0, 'confidence': 0}"
PASHUPATI.NS,93.47000122070312,InvestmentDecision.AVOID,0,0,"{'fundamental_score': 5.45, 'technical_score': 0, 'confidence': 0}"
MANALIPETC.NS,59.54999923706055,InvestmentDecision.AVOID,0,0,"{'fundamental_score': 6.6, 'technical_score': 0, 'confidence': 0}"
DVL.NS,237.92999267578125,InvestmentDecision.AVOID,0,0,"{'fundamental_score': 5.800000000000001, 'technical_score': 0, 'confidence': 0}"
KRISHNADEF.NS,1148.800048828125,InvestmentDecision.AVOID,0,0,"{'fundamental_score': 8.4, 'technical_score': 0, 'confidence': 0}"
BCLIND.NS,32.36000061035156,InvestmentDecision.AVOID,0,0,"{'fundamental_score': 5.050000000000001, 'technical_score': 0, 'confidence': 0}"
DPSCLTD.NS,8.239999771118164,InvestmentDecision.AVOID,0,0,"{'fundamental_score': 4.7, 'technical_score': 0, 'confidence': 0}"
NELCAST.NS,139.8699951171875,InvestmentDecision.AVOID,0,0,"{'fundamental_score': 6.7, 'technical_score': 0, 'confidence': 0}"
EIMCOELECO.NS,1523.4000244140625,InvestmentDecision.AVOID,0,0,"{'fundamental_score': 5.9, 'technical_score': 0, 'confidence': 0}"
OAL.NS,315.29998779296875,InvestmentDecision.AVOID,0,0,"{'fundamental_score': 4.25, 'technical_score': 0, 'confidence': 0}"
STERTOOLS.NS,231.6999969482422,InvestmentDecision.AVOID,0,0,"{'fundamental_score': 4.7, 'technical_score': 0, 'confidence': 0}"
GRPLTD.NS,1805.699951171875,InvestmentDecision.AVOID,0,0,"{'fundamental_score': 3.4000000000000004, 'technical_score': 0, 'confidence': 0}"
PROSTARM.NS,137.8800048828125,InvestmentDecision.AVOID,0,0,"{'fundamental_score': 6.7, 'technical_score': 0, 'confidence': 0}"
IZMO.NS,827.7999877929688,InvestmentDecision.AVOID,0,0,"{'fundamental_score': 7.4, 'technical_score': 0, 'confidence': 0}"
ANTELOPUS.NS,854.2000122070312,InvestmentDecision.AVOID,0,0,"{'fundamental_score': 7.000000000000001, 'technical_score': 0, 'confidence': 0}"
MATRIMONY.NS,414.8999938964844,InvestmentDecision.AVOID,0,0,"{'fundamental_score': 6.7, 'technical_score': 0, 'confidence': 0}"
SWELECTES.NS,651.4000244140625,InvestmentDecision.AVOID,0,0,"{'fundamental_score': 4.25, 'technical_score': 0, 'confidence': 0}"
PDMJEPAPER.NS,84.41000366210938,InvestmentDecision.AVOID,0,0,"{'fundamental_score': 6.2, 'technical_score': 0, 'confidence': 0}"
AYMSYNTEX.NS,223.99000549316406,InvestmentDecision.AVOID,0,0,"{'fundamental_score': 4.300000000000001, 'technical_score': 0, 'confidence': 0}"
OMINFRAL.NS,87.05000305175781,InvestmentDecision.AVOID,0,0,"{'fundamental_score': 4.7, 'technical_score': 0, 'confidence': 0}"
5PAISA.NS,324.75,InvestmentDecision.AVOID,0,0,"{'fundamental_score': 5.050000000000001, 'technical_score': 0, 'confidence': 0}"
PENINLAND.NS,16.420000076293945,InvestmentDecision.AVOID,0,0,"{'fundamental_score': 5.2, 'technical_score': 0, 'confidence': 0}"
BIL.NS,731.0499877929688,InvestmentDecision.AVOID,0,0,"{'fundamental_score': 5.0, 'technical_score': 0, 'confidence': 0}"
MAMATA.NS,373.6000061035156,InvestmentDecision.AVOID,0,0,"{'fundamental_score': 7.9, 'technical_score': 0, 'confidence': 0}"
AFSL.NS,201.22000122070312,InvestmentDecision.AVOID,0,0,"{'fundamental_score': 3.8500000000000005, 'technical_score': 0, 'confidence': 0}"
ESTER.NS,93.38999938964844,InvestmentDecision.AVOID,0,0,"{'fundamental_score': 4.25, 'technical_score': 0, 'confidence': 0}"
TNPL.NS,147.8800048828125,InvestmentDecision.AVOID,0,0,"{'fundamental_score': 5.25, 'technical_score': 0, 'confidence': 0}"
AVTNPL.NS,71.01000213623047,InvestmentDecision.AVOID,0,0,"{'fundamental_score': 6.7, 'technical_score': 0, 'confidence': 0}"
KOKUYOCMLN.NS,83.58000183105469,InvestmentDecision.AVOID,0,0,"{'fundamental_score': 6.7, 'technical_score': 0, 'confidence': 0}"
MAXIND.NS,162.9199981689453,InvestmentDecision.AVOID,0,0,"{'fundamental_score': 6.7, 'technical_score': 0, 'confidence': 0}"
ANDHRSUGAR.NS,77.97000122070312,InvestmentDecision.AVOID,0,0,"{'fundamental_score': 6.7, 'technical_score': 0, 'confidence': 0}"
CREST.NS,345.0,InvestmentDecision.AVOID,0,0,"{'fundamental_score': 5.800000000000001, 'technical_score': 0, 'confidence': 0}"
LINCOLN.NS,590.0,InvestmentDecision.AVOID,0,0,"{'fundamental_score': 7.6, 'technical_score': 0, 'confidence': 0}"
THEMISMED.NS,108.12000274658203,InvestmentDecision.AVOID,0,0,"{'fundamental_score': 6.7, 'technical_score': 0, 'confidence': 0}"
CENTENKA.NS,505.25,InvestmentDecision.AVOID,0,0,"{'fundamental_score': 4.300000000000001, 'technical_score': 0, 'confidence': 0}"
ARIHANTCAP.NS,66.01000213623047,InvestmentDecision.AVOID,0,0,"{'fundamental_score': 5.050000000000001, 'technical_score': 0, 'confidence': 0}"
DHANBANK.NS,33.720001220703125,InvestmentDecision.AVOID,0,0,"{'fundamental_score': 5.200000000000001, 'technical_score': 0, 'confidence': 0}"
UNIENTER.NS,104.79000091552734,InvestmentDecision.AVOID,0,0,"{'fundamental_score': 6.2, 'technical_score': 0, 'confidence': 0}"
SCODATUBES.NS,122.87999725341797,InvestmentDecision.AVOID,0,0,"{'fundamental_score': 6.2, 'technical_score': 0, 'confidence': 0}"
INDOFARM.NS,126.83000183105469,InvestmentDecision.AVOID,0,0,"{'fundamental_score': 4.7, 'technical_score': 0, 'confidence': 0}"
SBC.NS,36.810001373291016,InvestmentDecision.AVOID,0,0,"{'fundamental_score': 5.2, 'technical_score': 0, 'confidence': 0}"
GGBL.NS,328.1000061035156,InvestmentDecision.AVOID,0,0,"{'fundamental_score': 6.7, 'technical_score': 0, 'confidence': 0}"
CEWATER.NS,257.3999938964844,InvestmentDecision.AVOID,0,0,"{'fundamental_score': 4.7, 'technical_score': 0, 'confidence': 0}"
RADHIKAJWE.NS,56.90999984741211,InvestmentDecision.AVOID,0,0,"{'fundamental_score': 6.3, 'technical_score': 0, 'confidence': 0}"
GKWLIMITED.NS,1687.0999755859375,InvestmentDecision.AVOID,0,0,"{'fundamental_score': 4.7, 'technical_score': 0, 'confidence': 0}"
NDTV.NS,82.23999786376953,InvestmentDecision.AVOID,0,0,"{'fundamental_score': 3.2, 'technical_score': 0, 'confidence': 0}"
INNOVANA.NS,332.0,InvestmentDecision.AVOID,0,0,"{'fundamental_score': 7.7, 'technical_score': 0, 'confidence': 0}"
KHAICHEM.NS,53.540000915527344,InvestmentDecision.AVOID,0,0,"{'fundamental_score': 5.8, 'technical_score': 0, 'confidence': 0}"
FAIRCHEMOR.NS,600.5999755859375,InvestmentDecision.AVOID,0,0,"{'fundamental_score': 4.7, 'technical_score': 0, 'confidence': 0}"
AEROENTER.NS,96.25,InvestmentDecision.AVOID,0,0,"{'fundamental_score': 5.7, 'technical_score': 0, 'confidence': 0}"
INDOAMIN.NS,134.8300018310547,InvestmentDecision.AVOID,0,0,"{'fundamental_score': 6.25, 'technical_score': 0, 'confidence': 0}"
DHARMAJ.NS,285.79998779296875,InvestmentDecision.AVOID,0,0,"{'fundamental_score': 6.2, 'technical_score': 0, 'confidence': 0}"
BHARATSE.NS,184.52999877929688,InvestmentDecision.AVOID,0,0,"{'fundamental_score': 6.3, 'technical_score': 0, 'confidence': 0}"
GALAPREC.NS,904.9000244140625,InvestmentDecision.AVOID,0,0,"{'fundamental_score': 6.2, 'technical_score': 0, 'confidence': 0}"
OSWALGREEN.NS,24.06999969482422,InvestmentDecision.AVOID,0,0,"{'fundamental_score': 4.300000000000001, 'technical_score': 0, 'confidence': 0}"
DENTALKART.NS,440.0,InvestmentDecision.AVOID,0,0,"{'fundamental_score': 6.7, 'technical_score': 0, 'confidence': 0}"
DENTA.NS,245.3000030517578,InvestmentDecision.AVOID,0,0,"{'fundamental_score': 7.7, 'technical_score': 0, 'confidence': 0}"
SAHANA.NS,814.2000122070312,InvestmentDecision.AVOID,0,0,"{'fundamental_score': 6.7, 'technical_score': 0, 'confidence': 0}"
LEMERITE.NS,34.349998474121094,InvestmentDecision.AVOID,0,0,"{'fundamental_score': 5.45, 'technical_score': 0, 'confidence': 0}"
SRHHYPOLTD.NS,510.95001220703125,InvestmentDecision.AVOID,0,0,"{'fundamental_score': 7.6, 'technical_score': 0, 'confidence': 0}"
GANDHITUBE.NS,847.25,InvestmentDecision.AVOID,0,0,"{'fundamental_score': 8.7, 'technical_score': 0, 'confidence': 0}"
CNL.NS,633.0,InvestmentDecision.AVOID,0,0,"{'fundamental_score': 6.75, 'technical_score': 0, 'confidence': 0}"
UTTAMSUGAR.NS,231.66000366210938,InvestmentDecision.AVOID,0,0,"{'fundamental_score': 4.65, 'technical_score': 0, 'confidence': 0}"
XCHANGING.NS,66.83999633789062,InvestmentDecision.AVOID,0,0,"{'fundamental_score': 8.2, 'technical_score': 0, 'confidence': 0}"
KRISHIVAL.NS,399.29998779296875,InvestmentDecision.AVOID,0,0,"{'fundamental_score': 5.500000000000001, 'technical_score': 0, 'confidence': 0}"
JPOLYINVST.NS,998.2000122070312,InvestmentDecision.AVOID,0,0,"{'fundamental_score': 7.4, 'technical_score': 0, 'confidence': 0}"
OSWALAGRO.NS,43.099998474121094,InvestmentDecision.AVOID,0,0,"{'fundamental_score': 8.2, 'technical_score': 0, 'confidence': 0}"
MVGJL.NS,155.02000427246094,InvestmentDecision.AVOID,0,0,"{'fundamental_score': 5.050000000000001, 'technical_score': 0, 'confidence': 0}"
KODYTECH.NS,830.0,InvestmentDecision.AVOID,0,0,"{'fundamental_score': 6.7, 'technical_score': 0, 'confidence': 0}"
ADSL.NS,123.41000366210938,InvestmentDecision.AVOID,0,0,"{'fundamental_score': 4.7, 'technical_score': 0, 'confidence': 0}"
HEXATRADEX.NS,161.1300048828125,InvestmentDecision.AVOID,0,0,"{'fundamental_score': 4.300000000000001, 'technical_score': 0, 'confidence': 0}"
SARTELE.NS,129.75,InvestmentDecision.AVOID,0,0,"{'fundamental_score': 6.7, 'technical_score': 0, 'confidence': 0}"
GULPOLY.NS,183.02999877929688,InvestmentDecision.AVOID,0,0,"{'fundamental_score': 6.7, 'technical_score': 0, 'confidence': 0}"
SILVERTUC.NS,174.8300018310547,InvestmentDecision.AVOID,0,0,"{'fundamental_score': 7.2, 'technical_score': 0, 'confidence': 0}"
JAYBARMARU.NS,126.13999938964844,InvestmentDecision.AVOID,0,0,"{'fundamental_score': 5.8500000000000005, 'technical_score': 0, 'confidence': 0}"
KUANTUM.NS,74.58000183105469,InvestmentDecision.AVOID,0,0,"{'fundamental_score': 4.25, 'technical_score': 0, 'confidence': 0}"
TNPETRO.NS,88.05999755859375,InvestmentDecision.AVOID,0,0,"{'fundamental_score': 5.7, 'technical_score': 0, 'confidence': 0}"
GICHSGFIN.NS,150.32000732421875,InvestmentDecision.AVOID,0,0,"{'fundamental_score': 4.300000000000001, 'technical_score': 0, 'confidence': 0}"
PRIMESECU.NS,278.6499938964844,InvestmentDecision.AVOID,0,0,"{'fundamental_score': 7.4, 'technical_score': 0, 'confidence': 0}"
KARNIKA.NS,138.0,InvestmentDecision.AVOID,0,0,"{'fundamental_score': 6.7, 'technical_score': 0, 'confidence': 0}"
IFBAGRO.NS,978.7000122070312,InvestmentDecision.AVOID,0,0,"{'fundamental_score': 5.9, 'technical_score': 0, 'confidence': 0}"
BIRLAMONEY.NS,138.75,InvestmentDecision.AVOID,0,0,"{'fundamental_score': 6.000000000000001, 'technical_score': 0, 'confidence': 0}"
APS.NS,326.3500061035156,InvestmentDecision.AVOID,0,0,"{'fundamental_score': 6.7, 'technical_score': 0, 'confidence': 0}"
PVSL.NS,98.81999969482422,InvestmentDecision.AVOID,0,0,"{'fundamental_score': 4.4, 'technical_score': 0, 'confidence': 0}"
NCLIND.NS,185.6699981689453,InvestmentDecision.AVOID,0,0,"{'fundamental_score': 6.2, 'technical_score': 0, 'confidence': 0}"
BASILIC.NS,211.60000610351562,InvestmentDecision.AVOID,0,0,"{'fundamental_score': 6.7, 'technical_score': 0, 'confidence': 0}"
SASTASUNDR.NS,301.45001220703125,InvestmentDecision.AVOID,0,0,"{'fundamental_score': 6.7, 'technical_score': 0, 'confidence': 0}"
COOLCAPS.NS,21.850000381469727,InvestmentDecision.AVOID,0,0,"{'fundamental_score': 6.7, 'technical_score': 0, 'confidence': 0}"
ELIN.NS,111.05000305175781,InvestmentDecision.AVOID,0,0,"{'fundamental_score': 4.7, 'technical_score': 0, 'confidence': 0}"
SKMEGGPROD.NS,232.77000427246094,InvestmentDecision.AVOID,0,0,"{'fundamental_score': 7.199999999999999, 'technical_score': 0, 'confidence': 0}"
REMUS.NS,715.0,InvestmentDecision.AVOID,0,0,"{'fundamental_score': 6.7, 'technical_score': 0, 'confidence': 0}"
VAKRANGEE.NS,6.489999771118164,InvestmentDecision.AVOID,0,0,"{'fundamental_score': 4.7, 'technical_score': 0, 'confidence': 0}"
ZUARIIND.NS,248.64999389648438,InvestmentDecision.AVOID,0,0,"{'fundamental_score': 4.25, 'technical_score': 0, 'confidence': 0}"
SAURASHCEM.NS,59.27000045776367,InvestmentDecision.AVOID,0,0,"{'fundamental_score': 4.7, 'technical_score': 0, 'confidence': 0}"
EVERESTIND.NS,378.8999938964844,InvestmentDecision.AVOID,0,0,"{'fundamental_score': 4.7, 'technical_score': 0, 'confidence': 0}"
LIKHITHA.NS,192.2100067138672,InvestmentDecision.AVOID,0,0,"{'fundamental_score': 5.1000000000000005, 'technical_score': 0, 'confidence': 0}"
UFBL.NS,487.20001220703125,InvestmentDecision.AVOID,0,0,"{'fundamental_score': 2.8000000000000003, 'technical_score': 0, 'confidence': 0}"
TVSELECT.NS,485.6000061035156,InvestmentDecision.AVOID,0,0,"{'fundamental_score': 4.25, 'technical_score': 0, 'confidence': 0}"
ABCOTS.NS,219.02999877929688,InvestmentDecision.AVOID,0,0,"{'fundamental_score': 4.65, 'technical_score': 0, 'confidence': 0}"
MACPOWER.NS,931.25,InvestmentDecision.AVOID,0,0,"{'fundamental_score': 6.7, 'technical_score': 0, 'confidence': 0}"
BESTAGRO.NS,16.489999771118164,InvestmentDecision.AVOID,0,0,"{'fundamental_score': 6.25, 'technical_score': 0, 'confidence': 0}"
TEMBO.NS,592.5,InvestmentDecision.AVOID,0,0,"{'fundamental_score': 6.75, 'technical_score': 0, 'confidence': 0}"
VALIANTORG.NS,286.20001220703125,InvestmentDecision.AVOID,0,0,"{'fundamental_score': 4.7, 'technical_score': 0, 'confidence': 0}"
KABRAEXTRU.NS,230.47999572753906,InvestmentDecision.AVOID,0,0,"{'fundamental_score': 6.7, 'technical_score': 0, 'confidence': 0}"
ARROWGREEN.NS,564.5999755859375,InvestmentDecision.AVOID,0,0,"{'fundamental_score': 7.8, 'technical_score': 0, 'confidence': 0}"
DISHTV.NS,3.180000066757202,InvestmentDecision.AVOID,0,0,"{'fundamental_score': 6.7, 'technical_score': 0, 'confidence': 0}"
CCCL.NS,15.010000228881836,InvestmentDecision.AVOID,0,0,"{'fundamental_score': 8.7, 'technical_score': 0, 'confidence': 0}"
TVTODAY.NS,113.1500015258789,InvestmentDecision.AVOID,0,0,"{'fundamental_score': 4.7, 'technical_score': 0, 'confidence': 0}"
KOTHARIPET.NS,121.13999938964844,InvestmentDecision.AVOID,0,0,"{'fundamental_score': 8.1, 'technical_score': 0, 'confidence': 0}"
CHEMFAB.NS,405.8999938964844,InvestmentDecision.AVOID,0,0,"{'fundamental_score': 4.7, 'technical_score': 0, 'confidence': 0}"
SANDESH.NS,945.2000122070312,InvestmentDecision.AVOID,0,0,"{'fundamental_score': 8.2, 'technical_score': 0, 'confidence': 0}"
DHAMPURSUG.NS,138.85000610351562,InvestmentDecision.AVOID,0,0,"{'fundamental_score': 3.8500000000000005, 'technical_score': 0, 'confidence': 0}"
ANUHPHR.NS,75.52999877929688,InvestmentDecision.AVOID,0,0,"{'fundamental_score': 6.2, 'technical_score': 0, 'confidence': 0}"
BLAL.NS,185.8800048828125,InvestmentDecision.AVOID,0,0,"{'fundamental_score': 2.8000000000000003, 'technical_score': 0, 'confidence': 0}"
MAHASTEEL.NS,953.9000244140625,InvestmentDecision.AVOID,0,0,"{'fundamental_score': 6.7, 'technical_score': 0, 'confidence': 0}"
SVLL.NS,655.5999755859375,InvestmentDecision.AVOID,0,0,"{'fundamental_score': 5.2, 'technical_score': 0, 'confidence': 0}"
VIVIANA.NS,909.2000122070312,InvestmentDecision.AVOID,0,0,"{'fundamental_score': 6.75, 'technical_score': 0, 'confidence': 0}"
SUYOG.NS,770.2000122070312,InvestmentDecision.AVOID,0,0,"{'fundamental_score': 7.25, 'technical_score': 0, 'confidence': 0}"
JPASSOCIAT.NS,2.4200000762939453,InvestmentDecision.AVOID,0,0,"{'fundamental_score': 6.7, 'technical_score': 0, 'confidence': 0}"
MUNJALAU.NS,86.87000274658203,InvestmentDecision.AVOID,0,0,"{'fundamental_score': 4.65, 'technical_score': 0, 'confidence': 0}"
AVADHSUGAR.NS,456.45001220703125,InvestmentDecision.AVOID,0,0,"{'fundamental_score': 5.45, 'technical_score': 0, 'confidence': 0}"
NGLFINE.NS,2654.5,InvestmentDecision.AVOID,0,0,"{'fundamental_score': 6.7, 'technical_score': 0, 'confidence': 0}"
SNOWMAN.NS,36.91999816894531,InvestmentDecision.AVOID,0,0,"{'fundamental_score': 4.25, 'technical_score': 0, 'confidence': 0}"
DHUNINV.NS,790.5499877929688,InvestmentDecision.AVOID,0,0,"{'fundamental_score': 4.300000000000001, 'technical_score': 0, 'confidence': 0}"
JITFINFRA.NS,319.6000061035156,InvestmentDecision.AVOID,0,0,"{'fundamental_score': 6.7, 'technical_score': 0, 'confidence': 0}"
KRYSTAL.NS,583.25,InvestmentDecision.AVOID,0,0,"{'fundamental_score': 6.2, 'technical_score': 0, 'confidence': 0}"
ORICONENT.NS,61.599998474121094,InvestmentDecision.AVOID,0,0,"{'fundamental_score': 7.4, 'technical_score': 0, 'confidence': 0}"
STEL.NS,485.3999938964844,InvestmentDecision.AVOID,0,0,"{'fundamental_score': 5.800000000000001, 'technical_score': 0, 'confidence': 0}"
SGIL.NS,591.9000244140625,InvestmentDecision.AVOID,0,0,"{'fundamental_score': 3.2, 'technical_score': 0, 'confidence': 0}"
WANBURY.NS,258.0,InvestmentDecision.AVOID,0,0,"{'fundamental_score': 6.7, 'technical_score': 0, 'confidence': 0}"
CHEMCON.NS,183.67999267578125,InvestmentDecision.AVOID,0,0,"{'fundamental_score': 4.7, 'technical_score': 0, 'confidence': 0}"
VLSFINANCE.NS,228.97999572753906,InvestmentDecision.AVOID,0,0,"{'fundamental_score': 5.800000000000001, 'technical_score': 0, 'confidence': 0}"
BHAGERIA.NS,154.9199981689453,InvestmentDecision.AVOID,0,0,"{'fundamental_score': 4.7, 'technical_score': 0, 'confidence': 0}"
ASAL.NS,531.7000122070312,InvestmentDecision.AVOID,0,0,"{'fundamental_score': 4.800000000000001, 'technical_score': 0, 'confidence': 0}"
ARFIN.NS,90.8499984741211,InvestmentDecision.AVOID,0,0,"{'fundamental_score': 5.25, 'technical_score': 0, 'confidence': 0}"
SARLAPOLY.NS,98.01000213623047,InvestmentDecision.AVOID,0,0,"{'fundamental_score': 4.300000000000001, 'technical_score': 0, 'confidence': 0}"
COFFEEDAY.NS,40.7599983215332,InvestmentDecision.AVOID,0,0,"{'fundamental_score': 4.300000000000001, 'technical_score': 0, 'confidence': 0}"
BIGBLOC.NS,50.130001068115234,InvestmentDecision.AVOID,0,0,"{'fundamental_score': 5.8, 'technical_score': 0, 'confidence': 0}"
OWAIS.NS,115.94999694824219,InvestmentDecision.AVOID,0,0,"{'fundamental_score': 6.7, 'technical_score': 0, 'confidence': 0}"
ZTECH.NS,581.0,InvestmentDecision.AVOID,0,0,"{'fundamental_score': 6.7, 'technical_score': 0, 'confidence': 0}"
AMBIKCO.NS,1697.5999755859375,InvestmentDecision.AVOID,0,0,"{'fundamental_score': 4.300000000000001, 'technical_score': 0, 'confidence': 0}"
UNITEDPOLY.NS,33.7400016784668,InvestmentDecision.AVOID,0,0,"{'fundamental_score': 5.8500000000000005, 'technical_score': 0, 'confidence': 0}"
VHLTD.NS,139.99000549316406,InvestmentDecision.AVOID,0,0,"{'fundamental_score': 4.75, 'technical_score': 0, 'confidence': 0}"
INDOBORAX.NS,345.8999938964844,InvestmentDecision.AVOID,0,0,"{'fundamental_score': 7.7, 'technical_score': 0, 'confidence': 0}"
RATNAVEER.NS,171.52000427246094,InvestmentDecision.AVOID,0,0,"{'fundamental_score': 5.75, 'technical_score': 0, 'confidence': 0}"
SAKAR.NS,834.5999755859375,InvestmentDecision.AVOID,0,0,"{'fundamental_score': 6.6, 'technical_score': 0, 'confidence': 0}"
ELDEHSG.NS,767.9500122070312,InvestmentDecision.AVOID,0,0,"{'fundamental_score': 5.6, 'technical_score': 0, 'confidence': 0}"
NINSYS.NS,721.3499755859375,InvestmentDecision.AVOID,0,0,"{'fundamental_score': 8.7, 'technical_score': 0, 'confidence': 0}"
MALLCOM.NS,973.0,InvestmentDecision.AVOID,0,0,"{'fundamental_score': 5.7, 'technical_score': 0, 'confidence': 0}"
BODALCHEM.NS,72.37000274658203,InvestmentDecision.AVOID,0,0,"{'fundamental_score': 4.25, 'technical_score': 0, 'confidence': 0}"
MUKKA.NS,22.3799991607666,InvestmentDecision.AVOID,0,0,"{'fundamental_score': 4.200000000000001, 'technical_score': 0, 'confidence': 0}"
TECHLABS.NS,170.6999969482422,InvestmentDecision.AVOID,0,0,"{'fundamental_score': 6.7, 'technical_score': 0, 'confidence': 0}"
MUFTI.NS,89.04000091552734,InvestmentDecision.AVOID,0,0,"{'fundamental_score': 4.65, 'technical_score': 0, 'confidence': 0}"
KAMATHOTEL.NS,180.4499969482422,InvestmentDecision.AVOID,0,0,"{'fundamental_score': 5.45, 'technical_score': 0, 'confidence': 0}"
SATIA.NS,55.9900016784668,InvestmentDecision.AVOID,0,0,"{'fundamental_score': 4.7, 'technical_score': 0, 'confidence': 0}"
DWARKESH.NS,44.310001373291016,InvestmentDecision.AVOID,0,0,"{'fundamental_score': 4.300000000000001, 'technical_score': 0, 'confidence': 0}"
KECL.NS,113.05999755859375,InvestmentDecision.AVOID,0,0,"{'fundamental_score': 4.25, 'technical_score': 0, 'confidence': 0}"
NAHARSPING.NS,275.0,InvestmentDecision.AVOID,0,0,"{'fundamental_score': 3.8500000000000005, 'technical_score': 0, 'confidence': 0}"
KAMDHENU.NS,23.639999389648438,InvestmentDecision.AVOID,0,0,"{'fundamental_score': 7.2, 'technical_score': 0, 'confidence': 0}"
RITCO.NS,264.6499938964844,InvestmentDecision.AVOID,0,0,"{'fundamental_score': 4.800000000000001, 'technical_score': 0, 'confidence': 0}"
APEX.NS,441.20001220703125,InvestmentDecision.AVOID,0,0,"{'fundamental_score': 5.9, 'technical_score': 0, 'confidence': 0}"
KOPRAN.NS,195.9199981689453,InvestmentDecision.AVOID,0,0,"{'fundamental_score': 4.7, 'technical_score': 0, 'confidence': 0}"
MAGADSUGAR.NS,450.29998779296875,InvestmentDecision.AVOID,0,0,"{'fundamental_score': 3.8500000000000005, 'technical_score': 0, 'confidence': 0}"
ATL.NS,24.079999923706055,InvestmentDecision.AVOID,0,0,"{'fundamental_score': 4.7, 'technical_score': 0, 'confidence': 0}"
20MICRONS.NS,183.63999938964844,InvestmentDecision.AVOID,0,0,"{'fundamental_score': 6.2, 'technical_score': 0, 'confidence': 0}"
RUBYMILLS.NS,279.04998779296875,InvestmentDecision.AVOID,0,0,"{'fundamental_score': 3.8500000000000005, 'technical_score': 0, 'confidence': 0}"
GHCLTEXTIL.NS,97.16999816894531,InvestmentDecision.AVOID,0,0,"{'fundamental_score': 4.300000000000001, 'technical_score': 0, 'confidence': 0}"
ESFL.NS,123.80000305175781,InvestmentDecision.AVOID,0,0,"{'fundamental_score': 6.7, 'technical_score': 0, 'confidence': 0}"
PROZONER.NS,50.75,InvestmentDecision.AVOID,0,0,"{'fundamental_score': 6.25, 'technical_score': 0, 'confidence': 0}"
STCINDIA.NS,118.37999725341797,InvestmentDecision.AVOID,0,0,"{'fundamental_score': 6.7, 'technical_score': 0, 'confidence': 0}"
TREL.NS,26.200000762939453,InvestmentDecision.AVOID,0,0,"{'fundamental_score': 6.2, 'technical_score': 0, 'confidence': 0}"
LINC.NS,100.5999984741211,InvestmentDecision.AVOID,0,0,"{'fundamental_score': 6.2, 'technical_score': 0, 'confidence': 0}"
MVKAGRO.NS,493.79998779296875,InvestmentDecision.AVOID,0,0,"{'fundamental_score': 6.7, 'technical_score': 0, 'confidence': 0}"
KSOLVES.NS,286.45001220703125,InvestmentDecision.AVOID,0,0,"{'fundamental_score': 8.7, 'technical_score': 0, 'confidence': 0}"
LAXMIINDIA.NS,108.69999694824219,InvestmentDecision.AVOID,0,0,"{'fundamental_score': 5.9, 'technical_score': 0, 'confidence': 0}"
GEECEE.NS,324.45001220703125,InvestmentDecision.AVOID,0,0,"{'fundamental_score': 6.2, 'technical_score': 0, 'confidence': 0}"
RUSHIL.NS,15.1899995803833,InvestmentDecision.AVOID,0,0,"{'fundamental_score': 4.300000000000001, 'technical_score': 0, 'confidence': 0}"
NBIFIN.NS,1868.5999755859375,InvestmentDecision.AVOID,0,0,"{'fundamental_score': 7.4, 'technical_score': 0, 'confidence': 0}"
HLVLTD.NS,7.889999866485596,InvestmentDecision.AVOID,0,0,"{'fundamental_score': 4.300000000000001, 'technical_score': 0, 'confidence': 0}"
THEINVEST.NS,98.91999816894531,InvestmentDecision.AVOID,0,0,"{'fundamental_score': 4.300000000000001, 'technical_score': 0, 'confidence': 0}"
PVP.NS,29.75,InvestmentDecision.AVOID,0,0,"{'fundamental_score': 6.25, 'technical_score': 0, 'confidence': 0}"
PPL.NS,203.3699951171875,InvestmentDecision.AVOID,0,0,"{'fundamental_score': 6.7, 'technical_score': 0, 'confidence': 0}"
RSWM.NS,171.4600067138672,InvestmentDecision.AVOID,0,0,"{'fundamental_score': 3.4000000000000004, 'technical_score': 0, 'confidence': 0}"
DMCC.NS,265.45001220703125,InvestmentDecision.AVOID,0,0,"{'fundamental_score': 5.7, 'technical_score': 0, 'confidence': 0}"
SHIVALIK.NS,252.5,InvestmentDecision.AVOID,0,0,"{'fundamental_score': 4.7, 'technical_score': 0, 'confidence': 0}"
RKSWAMY.NS,100.66000366210938,InvestmentDecision.AVOID,0,0,"{'fundamental_score': 4.7, 'technical_score': 0, 'confidence': 0}"
NAHARPOLY.NS,256.79998779296875,InvestmentDecision.AVOID,0,0,"{'fundamental_score': 5.9, 'technical_score': 0, 'confidence': 0}"
VENUSREM.NS,1411.300048828125,InvestmentDecision.AVOID,0,0,"{'fundamental_score': 7.6, 'technical_score': 0, 'confidence': 0}"
SUBEXLTD.NS,10.6899995803833,InvestmentDecision.AVOID,0,0,"{'fundamental_score': 6.7, 'technical_score': 0, 'confidence': 0}"
SARVESHWAR.NS,3.7100000381469727,InvestmentDecision.AVOID,0,0,"{'fundamental_score': 5.45, 'technical_score': 0, 'confidence': 0}"
REPRO.NS,346.75,InvestmentDecision.AVOID,0,0,"{'fundamental_score': 4.25, 'technical_score': 0, 'confidence': 0}"
ZEEMEDIA.NS,8.1899995803833,InvestmentDecision.AVOID,0,0,"{'fundamental_score': 6.25, 'technical_score': 0, 'confidence': 0}"
SEJALLTD.NS,773.0499877929688,InvestmentDecision.AVOID,0,0,"{'fundamental_score': 6.3, 'technical_score': 0, 'confidence': 0}"
GLOSTERLTD.NS,657.9500122070312,InvestmentDecision.AVOID,0,0,"{'fundamental_score': 3.8500000000000005, 'technical_score': 0, 'confidence': 0}"
MINDTECK.NS,215.1199951171875,InvestmentDecision.AVOID,0,0,"{'fundamental_score': 5.7, 'technical_score': 0, 'confidence': 0}"
NRAIL.NS,460.6499938964844,InvestmentDecision.AVOID,0,0,"{'fundamental_score': 3.8000000000000003, 'technical_score': 0, 'confidence': 0}"
HARDWYN.NS,25.440000534057617,InvestmentDecision.AVOID,0,0,"{'fundamental_score': 6.7, 'technical_score': 0, 'confidence': 0}"
DREAMFOLKS.NS,73.58000183105469,InvestmentDecision.AVOID,0,0,"{'fundamental_score': 6.7, 'technical_score': 0, 'confidence': 0}"
CELLECOR.NS,37.400001525878906,InvestmentDecision.AVOID,0,0,"{'fundamental_score': 6.7, 'technical_score': 0, 'confidence': 0}"
ONWARDTEC.NS,269.25,InvestmentDecision.AVOID,0,0,"{'fundamental_score': 7.2, 'technical_score': 0, 'confidence': 0}"
SHREERAMA.NS,46.220001220703125,InvestmentDecision.AVOID,0,0,"{'fundamental_score': 7.4, 'technical_score': 0, 'confidence': 0}"
ACL.NS,54.34000015258789,InvestmentDecision.AVOID,0,0,"{'fundamental_score': 3.2, 'technical_score': 0, 'confidence': 0}"
JAYAGROGN.NS,235.6300048828125,InvestmentDecision.AVOID,0,0,"{'fundamental_score': 6.7, 'technical_score': 0, 'confidence': 0}"
ACCENTMIC.NS,464.0,InvestmentDecision.AVOID,0,0,"{'fundamental_score': 6.7, 'technical_score': 0, 'confidence': 0}"
APTECHT.NS,104.18000030517578,InvestmentDecision.AVOID,0,0,"{'fundamental_score': 5.1000000000000005, 'technical_score': 0, 'confidence': 0}"
MANBA.NS,112.98999786376953,InvestmentDecision.AVOID,0,0,"{'fundamental_score': 5.1000000000000005, 'technical_score': 0, 'confidence': 0}"
MAANALU.NS,128.57000732421875,InvestmentDecision.AVOID,0,0,"{'fundamental_score': 6.7, 'technical_score': 0, 'confidence': 0}"
EMKAY.NS,247.6300048828125,InvestmentDecision.AVOID,0,0,"{'fundamental_score': 4.300000000000001, 'technical_score': 0, 'confidence': 0}"
URJA.NS,10.6899995803833,InvestmentDecision.AVOID,0,0,"{'fundamental_score': 4.7, 'technical_score': 0, 'confidence': 0}"
IRIS.NS,262.3999938964844,InvestmentDecision.AVOID,0,0,"{'fundamental_score': 7.2, 'technical_score': 0, 'confidence': 0}"
VISAKAIND.NS,71.37000274658203,InvestmentDecision.AVOID,0,0,"{'fundamental_score': 5.7, 'technical_score': 0, 'confidence': 0}"
MMP.NS,268.20001220703125,InvestmentDecision.AVOID,0,0,"{'fundamental_score': 5.25, 'technical_score': 0, 'confidence': 0}"
HINDCOMPOS.NS,409.04998779296875,InvestmentDecision.AVOID,0,0,"{'fundamental_score': 4.300000000000001, 'technical_score': 0, 'confidence': 0}"
PARSVNATH.NS,3.859999895095825,InvestmentDecision.AVOID,0,0,"{'fundamental_score': 6.7, 'technical_score': 0, 'confidence': 0}"
ENIL.NS,108.30000305175781,InvestmentDecision.AVOID,0,0,"{'fundamental_score': 4.7, 'technical_score': 0, 'confidence': 0}"
PAKKA.NS,87.7300033569336,InvestmentDecision.AVOID,0,0,"{'fundamental_score': 6.25, 'technical_score': 0, 'confidence': 0}"
GFLLIMITED.NS,46.45000076293945,InvestmentDecision.AVOID,0,0,"{'fundamental_score': 7.4, 'technical_score': 0, 'confidence': 0}"
MENONBE.NS,142.27999877929688,InvestmentDecision.AVOID,0,0,"{'fundamental_score': 7.199999999999999, 'technical_score': 0, 'confidence': 0}"
CSLFINANCE.NS,227.74000549316406,InvestmentDecision.AVOID,0,0,"{'fundamental_score': 6.1000000000000005, 'technical_score': 0, 'confidence': 0}"
MIRCELECTR.NS,41.040000915527344,InvestmentDecision.AVOID,0,0,"{'fundamental_score': 5.9, 'technical_score': 0, 'confidence': 0}"
CHEVIOT.NS,1122.0,InvestmentDecision.AVOID,0,0,"{'fundamental_score': 4.300000000000001, 'technical_score': 0, 'confidence': 0}"
SCHAND.NS,154.2899932861328,InvestmentDecision.AVOID,0,0,"{'fundamental_score': 4.7, 'technical_score': 0, 'confidence': 0}"
KILITCH.NS,178.60000610351562,InvestmentDecision.AVOID,0,0,"{'fundamental_score': 7.1, 'technical_score': 0, 'confidence': 0}"
KRITI.NS,74.62000274658203,InvestmentDecision.AVOID,0,0,"{'fundamental_score': 4.7, 'technical_score': 0, 'confidence': 0}"
DBEIL.NS,81.33999633789062,InvestmentDecision.AVOID,0,0,"{'fundamental_score': 5.7, 'technical_score': 0, 'confidence': 0}"
INDSWFTLAB.NS,162.10000610351562,InvestmentDecision.AVOID,0,0,"{'fundamental_score': 4.7, 'technical_score': 0, 'confidence': 0}"
VERTOZ.NS,45.22999954223633,InvestmentDecision.AVOID,0,0,"{'fundamental_score': 6.2, 'technical_score': 0, 'confidence': 0}"
FOODSIN.NS,56.880001068115234,InvestmentDecision.AVOID,0,0,"{'fundamental_score': 5.45, 'technical_score': 0, 'confidence': 0}"
SICALLOG.NS,64.63999938964844,InvestmentDecision.AVOID,0,0,"{'fundamental_score': 7.9, 'technical_score': 0, 'confidence': 0}"
MWL.NS,380.5,InvestmentDecision.AVOID,0,0,"{'fundamental_score': 6.25, 'technical_score': 0, 'confidence': 0}"
ASIANHOTNR.NS,307.45001220703125,InvestmentDecision.AVOID,0,0,"{'fundamental_score': 5.300000000000001, 'technical_score': 0, 'confidence': 0}"
GANESHBE.NS,93.80000305175781,InvestmentDecision.AVOID,0,0,"{'fundamental_score': 7.4, 'technical_score': 0, 'confidence': 0}"
IGCL.NS,57.959999084472656,InvestmentDecision.AVOID,0,0,"{'fundamental_score': 5.7, 'technical_score': 0, 'confidence': 0}"
BORANA.NS,322.95001220703125,InvestmentDecision.AVOID,0,0,"{'fundamental_score': 7.5, 'technical_score': 0, 'confidence': 0}"
TIRUPATI.NS,485.0,InvestmentDecision.AVOID,0,0,"{'fundamental_score': 6.7, 'technical_score': 0, 'confidence': 0}"
SHALPAINTS.NS,50.31999969482422,InvestmentDecision.AVOID,0,0,"{'fundamental_score': 6.25, 'technical_score': 0, 'confidence': 0}"
SBGLP.NS,26.190000534057617,InvestmentDecision.AVOID,0,0,"{'fundamental_score': 8.25, 'technical_score': 0, 'confidence': 0}"
TOLINS.NS,101.05000305175781,InvestmentDecision.AVOID,0,0,"{'fundamental_score': 5.1000000000000005, 'technical_score': 0, 'confidence': 0}"
ONMOBILE.NS,51.06999969482422,InvestmentDecision.AVOID,0,0,"{'fundamental_score': 4.7, 'technical_score': 0, 'confidence': 0}"
IRISDOREME.NS,35.61000061035156,InvestmentDecision.AVOID,0,0,"{'fundamental_score': 5.500000000000001, 'technical_score': 0, 'confidence': 0}"
NILASPACES.NS,12.84000015258789,InvestmentDecision.AVOID,0,0,"{'fundamental_score': 8.4, 'technical_score': 0, 'confidence': 0}"
GIRIRAJ.NS,154.89999389648438,InvestmentDecision.AVOID,0,0,"{'fundamental_score': 6.7, 'technical_score': 0, 'confidence': 0}"
SILINV.NS,426.54998779296875,InvestmentDecision.AVOID,0,0,"{'fundamental_score': 5.800000000000001, 'technical_score': 0, 'confidence': 0}"
SPECIALITY.NS,108.37999725341797,InvestmentDecision.AVOID,0,0,"{'fundamental_score': 5.9, 'technical_score': 0, 'confidence': 0}"
GPECO.NS,447.6499938964844,InvestmentDecision.AVOID,0,0,"{'fundamental_score': 6.7, 'technical_score': 0, 'confidence': 0}"
OCCLLTD.NS,113.16999816894531,InvestmentDecision.AVOID,0,0,"{'fundamental_score': 6.7, 'technical_score': 0, 'confidence': 0}"
MOS.NS,15.25,InvestmentDecision.AVOID,0,0,"{'fundamental_score': 6.7, 'technical_score': 0, 'confidence': 0}"
SUTLEJTEX.NS,35.65999984741211,InvestmentDecision.AVOID,0,0,"{'fundamental_score': 3.4000000000000004, 'technical_score': 0, 'confidence': 0}"
RPPINFRA.NS,61.2599983215332,InvestmentDecision.AVOID,0,0,"{'fundamental_score': 6.7, 'technical_score': 0, 'confidence': 0}"
PYRAMID.NS,164.64999389648438,InvestmentDecision.AVOID,0,0,"{'fundamental_score': 4.65, 'technical_score': 0, 'confidence': 0}"
PRIMO.NS,22.75,InvestmentDecision.AVOID,0,0,"{'fundamental_score': 4.7, 'technical_score': 0, 'confidence': 0}"
FOCUS.NS,85.70999908447266,InvestmentDecision.AVOID,0,0,"{'fundamental_score': 4.300000000000001, 'technical_score': 0, 'confidence': 0}"
SJLOGISTIC.NS,334.3999938964844,InvestmentDecision.AVOID,0,0,"{'fundamental_score': 6.7, 'technical_score': 0, 'confidence': 0}"
TARACHAND.NS,60.2400016784668,InvestmentDecision.AVOID,0,0,"{'fundamental_score': 6.75, 'technical_score': 0, 'confidence': 0}"
CONSOFINVT.NS,240.97000122070312,InvestmentDecision.AVOID,0,0,"{'fundamental_score': 5.800000000000001, 'technical_score': 0, 'confidence': 0}"
KRONOX.NS,133.14999389648438,InvestmentDecision.AVOID,0,0,"{'fundamental_score': 8.7, 'technical_score': 0, 'confidence': 0}"
RADIANTCMS.NS,38.400001525878906,InvestmentDecision.AVOID,0,0,"{'fundamental_score': 6.25, 'technical_score': 0, 'confidence': 0}"
BAHETI.NS,609.1500244140625,InvestmentDecision.AVOID,0,0,"{'fundamental_score': 6.7, 'technical_score': 0, 'confidence': 0}"
HMVL.NS,74.38999938964844,InvestmentDecision.AVOID,0,0,"{'fundamental_score': 5.7, 'technical_score': 0, 'confidence': 0}"
KAYA.NS,231.69000244140625,InvestmentDecision.AVOID,0,0,"{'fundamental_score': 5.9, 'technical_score': 0, 'confidence': 0}"
ESSARSHPNG.NS,23.450000762939453,InvestmentDecision.AVOID,0,0,"{'fundamental_score': 6.7, 'technical_score': 0, 'confidence': 0}"
INTLCONV.NS,81.69999694824219,InvestmentDecision.AVOID,0,0,"{'fundamental_score': 8.2, 'technical_score': 0, 'confidence': 0}"
EMAMIPAP.NS,87.87000274658203,InvestmentDecision.AVOID,0,0,"{'fundamental_score': 5.8, 'technical_score': 0, 'confidence': 0}"
ZODIAC.NS,290.75,InvestmentDecision.AVOID,0,0,"{'fundamental_score': 5.7, 'technical_score': 0, 'confidence': 0}"
EIFFL.NS,230.0399932861328,InvestmentDecision.AVOID,0,0,"{'fundamental_score': 5.45, 'technical_score': 0, 'confidence': 0}"
DIGISPICE.NS,19.8799991607666,InvestmentDecision.AVOID,0,0,"{'fundamental_score': 5.1000000000000005, 'technical_score': 0, 'confidence': 0}"
SURAJLTD.NS,230.1699981689453,InvestmentDecision.AVOID,0,0,"{'fundamental_score': 4.7, 'technical_score': 0, 'confidence': 0}"
MBLINFRA.NS,28.65999984741211,InvestmentDecision.AVOID,0,0,"{'fundamental_score': 6.25, 'technical_score': 0, 'confidence': 0}"
COMSYN.NS,153.00999450683594,InvestmentDecision.AVOID,0,0,"{'fundamental_score': 5.45, 'technical_score': 0, 'confidence': 0}"
PRECOT.NS,766.7000122070312,InvestmentDecision.AVOID,0,0,"{'fundamental_score': 3.8500000000000005, 'technical_score': 0, 'confidence': 0}"
VINSYS.NS,390.45001220703125,InvestmentDecision.AVOID,0,0,"{'fundamental_score': 6.7, 'technical_score': 0, 'confidence': 0}"
TPLPLASTEH.NS,71.20999908447266,InvestmentDecision.AVOID,0,0,"{'fundamental_score': 6.3, 'technical_score': 0, 'confidence': 0}"
ALLETEC.NS,139.8000030517578,InvestmentDecision.AVOID,0,0,"{'fundamental_score': 6.7, 'technical_score': 0, 'confidence': 0}"
RBZJEWEL.NS,125.44000244140625,InvestmentDecision.AVOID,0,0,"{'fundamental_score': 5.8500000000000005, 'technical_score': 0, 'confidence': 0}"
HERCULES.NS,159.32000732421875,InvestmentDecision.AVOID,0,0,"{'fundamental_score': 6.2, 'technical_score': 0, 'confidence': 0}"
RAMAPHO.NS,120.0999984741211,InvestmentDecision.AVOID,0,0,"{'fundamental_score': 6.2, 'technical_score': 0, 'confidence': 0}"
ORIENTPPR.NS,17.889999389648438,InvestmentDecision.AVOID,0,0,"{'fundamental_score': 4.7, 'technical_score': 0, 'confidence': 0}"
GVKPIL.NS,2.9700000286102295,InvestmentDecision.AVOID,0,0,"{'fundamental_score': 4.7, 'technical_score': 0, 'confidence': 0}"
LIBERTSHOE.NS,241.9600067138672,InvestmentDecision.AVOID,0,0,"{'fundamental_score': 3.8500000000000005, 'technical_score': 0, 'confidence': 0}"
KNAGRI.NS,187.0,InvestmentDecision.AVOID,0,0,"{'fundamental_score': 5.9, 'technical_score': 0, 'confidence': 0}"
ANNAPURNA.NS,141.10000610351562,InvestmentDecision.AVOID,0,0,"{'fundamental_score': 6.7, 'technical_score': 0, 'confidence': 0}"
BELLACASA.NS,243.97000122070312,InvestmentDecision.AVOID,0,0,"{'fundamental_score': 5.500000000000001, 'technical_score': 0, 'confidence': 0}"
PARIN.NS,697.1500244140625,InvestmentDecision.AVOID,0,0,"{'fundamental_score': 6.7, 'technical_score': 0, 'confidence': 0}"
KAPSTON.NS,336.6499938964844,InvestmentDecision.AVOID,0,0,"{'fundamental_score': 5.7, 'technical_score': 0, 'confidence': 0}"
ADVANIHOTR.NS,53.040000915527344,InvestmentDecision.AVOID,0,0,"{'fundamental_score': 5.800000000000001, 'technical_score': 0, 'confidence': 0}"
DBOL.NS,112.72000122070312,InvestmentDecision.AVOID,0,0,"{'fundamental_score': 3.4000000000000004, 'technical_score': 0, 'confidence': 0}"
TRACXN.NS,31.719999313354492,InvestmentDecision.AVOID,0,0,"{'fundamental_score': 4.7, 'technical_score': 0, 'confidence': 0}"
MUNJALSHOW.NS,127.26000213623047,InvestmentDecision.AVOID,0,0,"{'fundamental_score': 5.9, 'technical_score': 0, 'confidence': 0}"
SREEL.NS,200.6300048828125,InvestmentDecision.AVOID,0,0,"{'fundamental_score': 5.9, 'technical_score': 0, 'confidence': 0}"
ORBTEXP.NS,178.74000549316406,InvestmentDecision.AVOID,0,0,"{'fundamental_score': 6.0, 'technical_score': 0, 'confidence': 0}"
MAZDA.NS,234.67999267578125,InvestmentDecision.AVOID,0,0,"{'fundamental_score': 6.6, 'technical_score': 0, 'confidence': 0}"
VISASTEEL.NS,54.400001525878906,InvestmentDecision.AVOID,0,0,"{'fundamental_score': 6.7, 'technical_score': 0, 'confidence': 0}"
GUJAPOLLO.NS,389.29998779296875,InvestmentDecision.AVOID,0,0,"{'fundamental_score': 6.7, 'technical_score': 0, 'confidence': 0}"
TRANSWORLD.NS,164.64999389648438,InvestmentDecision.AVOID,0,0,"{'fundamental_score': 6.7, 'technical_score': 0, 'confidence': 0}"
PTL.NS,38.900001525878906,InvestmentDecision.AVOID,0,0,"{'fundamental_score': 6.2, 'technical_score': 0, 'confidence': 0}"
DPEL.NS,499.3999938964844,InvestmentDecision.AVOID,0,0,"{'fundamental_score': 6.7, 'technical_score': 0, 'confidence': 0}"
EFFWA.NS,293.79998779296875,InvestmentDecision.AVOID,0,0,"{'fundamental_score': 6.7, 'technical_score': 0, 'confidence': 0}"
MEGATHERM.NS,226.10000610351562,InvestmentDecision.AVOID,0,0,"{'fundamental_score': 6.7, 'technical_score': 0, 'confidence': 0}"
AVONMORE.NS,10.319999694824219,InvestmentDecision.AVOID,0,0,"{'fundamental_score': 4.300000000000001, 'technical_score': 0, 'confidence': 0}"
WSI.NS,68.02999877929688,InvestmentDecision.AVOID,0,0,"{'fundamental_score': 4.7, 'technical_score': 0, 'confidence': 0}"
SUPREMEPWR.NS,246.25,InvestmentDecision.AVOID,0,0,"{'fundamental_score': 6.7, 'technical_score': 0, 'confidence': 0}"
SUKHJITS.NS,175.6199951171875,InvestmentDecision.AVOID,0,0,"{'fundamental_score': 4.25, 'technical_score': 0, 'confidence': 0}"
MGEL.NS,15.210000038146973,InvestmentDecision.AVOID,0,0,"{'fundamental_score': 5.8500000000000005, 'technical_score': 0, 'confidence': 0}"
CGRAPHICS.NS,144.0,InvestmentDecision.AVOID,0,0,"{'fundamental_score': 6.7, 'technical_score': 0, 'confidence': 0}"
DONEAR.NS,93.33999633789062,InvestmentDecision.AVOID,0,0,"{'fundamental_score': 4.4, 'technical_score': 0, 'confidence': 0}"
TERASOFT.NS,430.1000061035156,InvestmentDecision.AVOID,0,0,"{'fundamental_score': 7.2, 'technical_score': 0, 'confidence': 0}"
MODISONLTD.NS,313.70001220703125,InvestmentDecision.AVOID,0,0,"{'fundamental_score': 6.25, 'technical_score': 0, 'confidence': 0}"
VINYLINDIA.NS,251.64999389648438,InvestmentDecision.AVOID,0,0,"{'fundamental_score': 6.2, 'technical_score': 0, 'confidence': 0}"
DICIND.NS,500.5,InvestmentDecision.AVOID,0,0,"{'fundamental_score': 6.7, 'technical_score': 0, 'confidence': 0}"
EUROBOND.NS,184.89999389648438,InvestmentDecision.AVOID,0,0,"{'fundamental_score': 6.3, 'technical_score': 0, 'confidence': 0}"
MIRZAINT.NS,30.639999389648438,InvestmentDecision.AVOID,0,0,"{'fundamental_score': 5.9, 'technical_score': 0, 'confidence': 0}"
ATMASTCO.NS,170.64999389648438,InvestmentDecision.AVOID,0,0,"{'fundamental_score': 6.7, 'technical_score': 0, 'confidence': 0}"
CLEDUCATE.NS,46.470001220703125,InvestmentDecision.AVOID,0,0,"{'fundamental_score': 3.4000000000000004, 'technical_score': 0, 'confidence': 0}"
PAVNAIND.NS,16.770000457763672,InvestmentDecision.AVOID,0,0,"{'fundamental_score': 3.8500000000000005, 'technical_score': 0, 'confidence': 0}"
SOFTTECH.NS,463.0,InvestmentDecision.AVOID,0,0,"{'fundamental_score': 4.7, 'technical_score': 0, 'confidence': 0}"
NAHARINDUS.NS,122.20999908447266,InvestmentDecision.AVOID,0,0,"{'fundamental_score': 5.45, 'technical_score': 0, 'confidence': 0}"
CYBERTECH.NS,143.5500030517578,InvestmentDecision.AVOID,0,0,"{'fundamental_score': 7.1, 'technical_score': 0, 'confidence': 0}"
MEDICAMEQ.NS,272.70001220703125,InvestmentDecision.AVOID,0,0,"{'fundamental_score': 4.7, 'technical_score': 0, 'confidence': 0}"
PANACHE.NS,362.70001220703125,InvestmentDecision.AVOID,0,0,"{'fundamental_score': 7.2, 'technical_score': 0, 'confidence': 0}"
HCL-INSYS.NS,13.479999542236328,InvestmentDecision.AVOID,0,0,"{'fundamental_score': 6.7, 'technical_score': 0, 'confidence': 0}"
ABSMARINE.NS,281.0,InvestmentDecision.AVOID,0,0,"{'fundamental_score': 6.7, 'technical_score': 0, 'confidence': 0}"
KOTHARIPRO.NS,73.02999877929688,InvestmentDecision.AVOID,0,0,"{'fundamental_score': 6.7, 'technical_score': 0, 'confidence': 0}"
HTMEDIA.NS,22.149999618530273,InvestmentDecision.AVOID,0,0,"{'fundamental_score': 4.7, 'technical_score': 0, 'confidence': 0}"
VRAJ.NS,125.7300033569336,InvestmentDecision.AVOID,0,0,"{'fundamental_score': 6.7, 'technical_score': 0, 'confidence': 0}"
UGARSUGAR.NS,40.18000030517578,InvestmentDecision.AVOID,0,0,"{'fundamental_score': 2.8000000000000003, 'technical_score': 0, 'confidence': 0}"
XTGLOBAL.NS,31.479999542236328,InvestmentDecision.AVOID,0,0,"{'fundamental_score': 4.7, 'technical_score': 0, 'confidence': 0}"
SINCLAIR.NS,75.0199966430664,InvestmentDecision.AVOID,0,0,"{'fundamental_score': 5.500000000000001, 'technical_score': 0, 'confidence': 0}"
DAVANGERE.NS,3.690000057220459,InvestmentDecision.AVOID,0,0,"{'fundamental_score': 5.9, 'technical_score': 0, 'confidence': 0}"
HIGREEN.NS,118.9000015258789,InvestmentDecision.AVOID,0,0,"{'fundamental_score': 6.7, 'technical_score': 0, 'confidence': 0}"
MOLDTECH.NS,118.4000015258789,InvestmentDecision.AVOID,0,0,"{'fundamental_score': 4.7, 'technical_score': 0, 'confidence': 0}"
PREMIERPOL.NS,55.849998474121094,InvestmentDecision.AVOID,0,0,"{'fundamental_score': 7.2, 'technical_score': 0, 'confidence': 0}"
ARIES.NS,332.04998779296875,InvestmentDecision.AVOID,0,0,"{'fundamental_score': 6.2, 'technical_score': 0, 'confidence': 0}"
NDL.NS,2.490000009536743,InvestmentDecision.AVOID,0,0,"{'fundamental_score': 4.300000000000001, 'technical_score': 0, 'confidence': 0}"
SIGMA.NS,40.790000915527344,InvestmentDecision.AVOID,0,0,"{'fundamental_score': 8.7, 'technical_score': 0, 'confidence': 0}"
SAHAJSOLAR.NS,141.5,InvestmentDecision.AVOID,0,0,"{'fundamental_score': 6.7, 'technical_score': 0, 'confidence': 0}"
NAHARCAP.NS,259.25,InvestmentDecision.AVOID,0,0,"{'fundamental_score': 7.4, 'technical_score': 0, 'confidence': 0}"
SPENCERS.NS,34.79999923706055,InvestmentDecision.AVOID,0,0,"{'fundamental_score': 5.9, 'technical_score': 0, 'confidence': 0}"
POLYSIL.NS,142.5,InvestmentDecision.AVOID,0,0,"{'fundamental_score': 6.7, 'technical_score': 0, 'confidence': 0}"
ORIENTCER.NS,40.68000030517578,InvestmentDecision.AVOID,0,0,"{'fundamental_score': 4.7, 'technical_score': 0, 'confidence': 0}"
PLASTIBLEN.NS,177.41000366210938,InvestmentDecision.AVOID,0,0,"{'fundamental_score': 4.7, 'technical_score': 0, 'confidence': 0}"
BIRLACABLE.NS,213.77999877929688,InvestmentDecision.AVOID,0,0,"{'fundamental_score': 4.7, 'technical_score': 0, 'confidence': 0}"
LORDSCHLO.NS,136.50999450683594,InvestmentDecision.AVOID,0,0,"{'fundamental_score': 6.25, 'technical_score': 0, 'confidence': 0}"
GSLSU.NS,54.4900016784668,InvestmentDecision.AVOID,0,0,"{'fundamental_score': 4.25, 'technical_score': 0, 'confidence': 0}"
THOMASCOTT.NS,278.3999938964844,InvestmentDecision.AVOID,0,0,"{'fundamental_score': 5.9, 'technical_score': 0, 'confidence': 0}"
KANPRPLA.NS,186.77999877929688,InvestmentDecision.AVOID,0,0,"{'fundamental_score': 5.9, 'technical_score': 0, 'confidence': 0}"
NRL.NS,65.56999969482422,InvestmentDecision.AVOID,0,0,"{'fundamental_score': 6.2, 'technical_score': 0, 'confidence': 0}"
MCLEODRUSS.NS,75.31999969482422,InvestmentDecision.AVOID,0,0,"{'fundamental_score': 4.4, 'technical_score': 0, 'confidence': 0}"
MUTHOOTCAP.NS,198.57000732421875,InvestmentDecision.AVOID,0,0,"{'fundamental_score': 4.4, 'technical_score': 0, 'confidence': 0}"
PANSARI.NS,274.79998779296875,InvestmentDecision.AVOID,0,0,"{'fundamental_score': 7.9, 'technical_score': 0, 'confidence': 0}"
SOUTHWEST.NS,265.0,InvestmentDecision.AVOID,0,0,"{'fundamental_score': 6.800000000000001, 'technical_score': 0, 'confidence': 0}"
ALBERTDAVD.NS,715.4500122070312,InvestmentDecision.AVOID,0,0,"{'fundamental_score': 4.7, 'technical_score': 0, 'confidence': 0}"
SRD.NS,40.61000061035156,InvestmentDecision.AVOID,0,0,"{'fundamental_score': 6.7, 'technical_score': 0, 'confidence': 0}"
SRGHFL.NS,288.6000061035156,InvestmentDecision.AVOID,0,0,"{'fundamental_score': 5.1000000000000005, 'technical_score': 0, 'confidence': 0}"
RAMANEWS.NS,29.489999771118164,InvestmentDecision.AVOID,0,0,"{'fundamental_score': 5.9, 'technical_score': 0, 'confidence': 0}"
KRITINUT.NS,89.47000122070312,InvestmentDecision.AVOID,0,0,"{'fundamental_score': 5.9, 'technical_score': 0, 'confidence': 0}"
CHEMBONDCH.NS,176.77999877929688,InvestmentDecision.AVOID,0,0,"{'fundamental_score': 7.2, 'technical_score': 0, 'confidence': 0}"
TIRUPATIFL.NS,45.04999923706055,InvestmentDecision.AVOID,0,0,"{'fundamental_score': 4.7, 'technical_score': 0, 'confidence': 0}"
PCCL.NS,290.95001220703125,InvestmentDecision.AVOID,0,0,"{'fundamental_score': 6.7, 'technical_score': 0, 'confidence': 0}"
RBMINFRA.NS,287.75,InvestmentDecision.AVOID,0,0,"{'fundamental_score': 6.7, 'technical_score': 0, 'confidence': 0}"
VALIANTLAB.NS,76.76000213623047,InvestmentDecision.AVOID,0,0,"{'fundamental_score': 4.7, 'technical_score': 0, 'confidence': 0}"
EMAMIREAL.NS,85.9000015258789,InvestmentDecision.AVOID,0,0,"{'fundamental_score': 6.7, 'technical_score': 0, 'confidence': 0}"
MANAKSIA.NS,58.400001525878906,InvestmentDecision.AVOID,0,0,"{'fundamental_score': 6.7, 'technical_score': 0, 'confidence': 0}"
NOVAAGRI.NS,26.489999771118164,InvestmentDecision.AVOID,0,0,"{'fundamental_score': 4.7, 'technical_score': 0, 'confidence': 0}"
SWARAJ.NS,237.89999389648438,InvestmentDecision.AVOID,0,0,"{'fundamental_score': 6.7, 'technical_score': 0, 'confidence': 0}"
MANORG.NS,521.1500244140625,InvestmentDecision.AVOID,0,0,"{'fundamental_score': 7.0, 'technical_score': 0, 'confidence': 0}"
REMSONSIND.NS,88.85000610351562,InvestmentDecision.AVOID,0,0,"{'fundamental_score': 5.050000000000001, 'technical_score': 0, 'confidence': 0}"
GLOBECIVIL.NS,40.54999923706055,InvestmentDecision.AVOID,0,0,"{'fundamental_score': 6.25, 'technical_score': 0, 'confidence': 0}"
KHADIM.NS,99.81999969482422,InvestmentDecision.AVOID,0,0,"{'fundamental_score': 3.4000000000000004, 'technical_score': 0, 'confidence': 0}"
PASUPTAC.NS,68.08999633789062,InvestmentDecision.AVOID,0,0,"{'fundamental_score': 5.9, 'technical_score': 0, 'confidence': 0}"
ASHIMASYN.NS,16.65999984741211,InvestmentDecision.AVOID,0,0,"{'fundamental_score': 4.25, 'technical_score': 0, 'confidence': 0}"
BANSWRAS.NS,124.18000030517578,InvestmentDecision.AVOID,0,0,"{'fundamental_score': 5.45, 'technical_score': 0, 'confidence': 0}"
FILATFASH.NS,0.23000000417232513,InvestmentDecision.AVOID,0,0,"{'fundamental_score': 5.9, 'technical_score': 0, 'confidence': 0}"
S&SPOWER.NS,406.0,InvestmentDecision.AVOID,0,0,"{'fundamental_score': 6.2, 'technical_score': 0, 'confidence': 0}"
HPAL.NS,35.900001525878906,InvestmentDecision.AVOID,0,0,"{'fundamental_score': 4.7, 'technical_score': 0, 'confidence': 0}"
RUBFILA.NS,78.01000213623047,InvestmentDecision.AVOID,0,0,"{'fundamental_score': 4.7, 'technical_score': 0, 'confidence': 0}"
GENUSPAPER.NS,12.470000267028809,InvestmentDecision.AVOID,0,0,"{'fundamental_score': 6.25, 'technical_score': 0, 'confidence': 0}"
DENORA.NS,709.0499877929688,InvestmentDecision.AVOID,0,0,"{'fundamental_score': 4.7, 'technical_score': 0, 'confidence': 0}"
ORIENTBELL.NS,334.5,InvestmentDecision.AVOID,0,0,"{'fundamental_score': 4.7, 'technical_score': 0, 'confidence': 0}"
RHL.NS,183.16000366210938,InvestmentDecision.AVOID,0,0,"{'fundamental_score': 5.200000000000001, 'technical_score': 0, 'confidence': 0}"
TICL.NS,22.690000534057617,InvestmentDecision.AVOID,0,0,"{'fundamental_score': 8.2, 'technical_score': 0, 'confidence': 0}"
SPCENET.NS,3.559999942779541,InvestmentDecision.AVOID,0,0,"{'fundamental_score': 5.9, 'technical_score': 0, 'confidence': 0}"
BEDMUTHA.NS,114.61000061035156,InvestmentDecision.AVOID,0,0,"{'fundamental_score': 3.2, 'technical_score': 0, 'confidence': 0}"
INFOLLION.NS,176.5,InvestmentDecision.AVOID,0,0,"{'fundamental_score': 6.7, 'technical_score': 0, 'confidence': 0}"
WELINV.NS,1859.0,InvestmentDecision.AVOID,0,0,"{'fundamental_score': 5.800000000000001, 'technical_score': 0, 'confidence': 0}"
NILAINFRA.NS,7.900000095367432,InvestmentDecision.AVOID,0,0,"{'fundamental_score': 6.2, 'technical_score': 0, 'confidence': 0}"
UNIDT.NS,243.27000427246094,InvestmentDecision.AVOID,0,0,"{'fundamental_score': 4.300000000000001, 'technical_score': 0, 'confidence': 0}"
VISHNUINFR.NS,159.9499969482422,InvestmentDecision.AVOID,0,0,"{'fundamental_score': 6.7, 'technical_score': 0, 'confidence': 0}"
AVPINFRA.NS,68.6500015258789,InvestmentDecision.AVOID,0,0,"{'fundamental_score': 6.7, 'technical_score': 0, 'confidence': 0}"
AARON.NS,117.61000061035156,InvestmentDecision.AVOID,0,0,"{'fundamental_score': 5.75, 'technical_score': 0, 'confidence': 0}"
GICL.NS,40.22999954223633,InvestmentDecision.AVOID,0,0,"{'fundamental_score': 6.2, 'technical_score': 0, 'confidence': 0}"
GOKUL.NS,41.25,InvestmentDecision.AVOID,0,0,"{'fundamental_score': 3.4000000000000004, 'technical_score': 0, 'confidence': 0}"
GOACARBON.NS,390.29998779296875,InvestmentDecision.AVOID,0,0,"{'fundamental_score': 4.25, 'technical_score': 0, 'confidence': 0}"
RUCHIRA.NS,115.45999908447266,InvestmentDecision.AVOID,0,0,"{'fundamental_score': 6.7, 'technical_score': 0, 'confidence': 0}"
SHIVAUM.NS,318.0,InvestmentDecision.AVOID,0,0,"{'fundamental_score': 4.25, 'technical_score': 0, 'confidence': 0}"
PHANTOMFX.NS,178.4499969482422,InvestmentDecision.AVOID,0,0,"{'fundamental_score': 6.7, 'technical_score': 0, 'confidence': 0}"
MANAKSTEEL.NS,66.8499984741211,InvestmentDecision.AVOID,0,0,"{'fundamental_score': 6.2, 'technical_score': 0, 'confidence': 0}"
AARTISURF.NS,380.25,InvestmentDecision.AVOID,0,0,"{'fundamental_score': 4.7, 'technical_score': 0, 'confidence': 0}"
SAKUMA.NS,1.9800000190734863,InvestmentDecision.AVOID,0,0,"{'fundamental_score': 4.300000000000001, 'technical_score': 0, 'confidence': 0}"
ASMS.NS,7.550000190734863,InvestmentDecision.AVOID,0,0,"{'fundamental_score': 7.2, 'technical_score': 0, 'confidence': 0}"
VIKASLIFE.NS,1.4800000190734863,InvestmentDecision.AVOID,0,0,"{'fundamental_score': 5.9, 'technical_score': 0, 'confidence': 0}"
BBTCL.NS,209.1300048828125,InvestmentDecision.AVOID,0,0,"{'fundamental_score': 4.4, 'technical_score': 0, 'confidence': 0}"
MAHEPC.NS,117.2699966430664,InvestmentDecision.AVOID,0,0,"{'fundamental_score': 4.7, 'technical_score': 0, 'confidence': 0}"
GOLDKART.NS,151.64999389648438,InvestmentDecision.AVOID,0,0,"{'fundamental_score': 6.7, 'technical_score': 0, 'confidence': 0}"
DYNPRO.NS,257.45001220703125,InvestmentDecision.AVOID,0,0,"{'fundamental_score': 6.7, 'technical_score': 0, 'confidence': 0}"
IL&FSENGG.NS,27.790000915527344,InvestmentDecision.AVOID,0,0,"{'fundamental_score': 6.7, 'technical_score': 0, 'confidence': 0}"
INFINIUM.NS,210.0,InvestmentDecision.AVOID,0,0,"{'fundamental_score': 6.7, 'technical_score': 0, 'confidence': 0}"
FCSSOFT.NS,1.7200000286102295,InvestmentDecision.AVOID,0,0,"{'fundamental_score': 4.7, 'technical_score': 0, 'confidence': 0}"
ZIMLAB.NS,103.91000366210938,InvestmentDecision.AVOID,0,0,"{'fundamental_score': 4.7, 'technical_score': 0, 'confidence': 0}"
APCL.NS,122.16999816894531,InvestmentDecision.AVOID,0,0,"{'fundamental_score': 4.25, 'technical_score': 0, 'confidence': 0}"
SUMIT.NS,44.459999084472656,InvestmentDecision.AVOID,0,0,"{'fundamental_score': 6.7, 'technical_score': 0, 'confidence': 0}"
SHREEKARNI.NS,415.0,InvestmentDecision.AVOID,0,0,"{'fundamental_score': 6.7, 'technical_score': 0, 'confidence': 0}"
ROSSELLIND.NS,54.619998931884766,InvestmentDecision.AVOID,0,0,"{'fundamental_score': 6.7, 'technical_score': 0, 'confidence': 0}"
BCONCEPTS.NS,199.89999389648438,InvestmentDecision.AVOID,0,0,"{'fundamental_score': 2.8000000000000003, 'technical_score': 0, 'confidence': 0}"
VARDMNPOLY.NS,6.920000076293945,InvestmentDecision.AVOID,0,0,"{'fundamental_score': 5.9, 'technical_score': 0, 'confidence': 0}"
INM.NS,161.3000030517578,InvestmentDecision.AVOID,0,0,"{'fundamental_score': 6.7, 'technical_score': 0, 'confidence': 0}"
SYSTANGO.NS,228.85000610351562,InvestmentDecision.AVOID,0,0,"{'fundamental_score': 6.7, 'technical_score': 0, 'confidence': 0}"
OILCOUNTUB.NS,54.4900016784668,InvestmentDecision.AVOID,0,0,"{'fundamental_score': 4.300000000000001, 'technical_score': 0, 'confidence': 0}"
VGL.NS,66.9000015258789,InvestmentDecision.AVOID,0,0,"{'fundamental_score': 7.8, 'technical_score': 0, 'confidence': 0}"
3IINFOLTD.NS,17.399999618530273,InvestmentDecision.AVOID,0,0,"{'fundamental_score': 5.7, 'technical_score': 0, 'confidence': 0}"
IITL.NS,141.27999877929688,InvestmentDecision.AVOID,0,0,"{'fundamental_score': 4.300000000000001, 'technical_score': 0, 'confidence': 0}"
DCI.NS,278.1499938964844,InvestmentDecision.AVOID,0,0,"{'fundamental_score': 6.75, 'technical_score': 0, 'confidence': 0}"
INSPIRISYS.NS,125.0999984741211,InvestmentDecision.AVOID,0,0,"{'fundamental_score': 6.75, 'technical_score': 0, 'confidence': 0}"
WTICAB.NS,98.5999984741211,InvestmentDecision.AVOID,0,0,"{'fundamental_score': 6.7, 'technical_score': 0, 'confidence': 0}"
SHIVAMAUTO.NS,17.309999465942383,InvestmentDecision.AVOID,0,0,"{'fundamental_score': 5.9, 'technical_score': 0, 'confidence': 0}"
GINNIFILA.NS,44.20000076293945,InvestmentDecision.AVOID,0,0,"{'fundamental_score': 6.3, 'technical_score': 0, 'confidence': 0}"
PROV.NS,1600.0,InvestmentDecision.AVOID,0,0,"{'fundamental_score': 6.7, 'technical_score': 0, 'confidence': 0}"
MEDICO.NS,47.470001220703125,InvestmentDecision.AVOID,0,0,"{'fundamental_score': 7.2, 'technical_score': 0, 'confidence': 0}"
BALAJEE.NS,29.049999237060547,InvestmentDecision.AVOID,0,0,"{'fundamental_score': 5.45, 'technical_score': 0, 'confidence': 0}"
RCOM.NS,0.8999999761581421,InvestmentDecision.AVOID,0,0,"{'fundamental_score': 6.7, 'technical_score': 0, 'confidence': 0}"
BROOKS.NS,67.05000305175781,InvestmentDecision.AVOID,0,0,"{'fundamental_score': 8.2, 'technical_score': 0, 'confidence': 0}"
NDGL.NS,2500.300048828125,InvestmentDecision.AVOID,0,0,"{'fundamental_score': 5.9, 'technical_score': 0, 'confidence': 0}"
LOKESHMACH.NS,248.9499969482422,InvestmentDecision.AVOID,0,0,"{'fundamental_score': 4.25, 'technical_score': 0, 'confidence': 0}"
NECLIFE.NS,12.010000228881836,InvestmentDecision.AVOID,0,0,"{'fundamental_score': 4.7, 'technical_score': 0, 'confidence': 0}"
EXXARO.NS,6.570000171661377,InvestmentDecision.AVOID,0,0,"{'fundamental_score': 4.7, 'technical_score': 0, 'confidence': 0}"
BPL.NS,52.849998474121094,InvestmentDecision.AVOID,0,0,"{'fundamental_score': 4.25, 'technical_score': 0, 'confidence': 0}"
TRF.NS,233.86000061035156,InvestmentDecision.AVOID,0,0,"{'fundamental_score': 3.2, 'technical_score': 0, 'confidence': 0}"
HALEOSLABS.NS,1443.9000244140625,InvestmentDecision.AVOID,0,0,"{'fundamental_score': 6.7, 'technical_score': 0, 'confidence': 0}"
HARRMALAYA.NS,194.08999633789062,InvestmentDecision.AVOID,0,0,"{'fundamental_score': 5.45, 'technical_score': 0, 'confidence': 0}"
MANCREDIT.NS,206.3300018310547,InvestmentDecision.AVOID,0,0,"{'fundamental_score': 5.1000000000000005, 'technical_score': 0, 'confidence': 0}"
ASAHISONG.NS,259.1400146484375,InvestmentDecision.AVOID,0,0,"{'fundamental_score': 4.7, 'technical_score': 0, 'confidence': 0}"
GLOBAL.NS,102.9000015258789,InvestmentDecision.AVOID,0,0,"{'fundamental_score': 7.8, 'technical_score': 0, 'confidence': 0}"
URAVIDEF.NS,116.61000061035156,InvestmentDecision.AVOID,0,0,"{'fundamental_score': 5.9, 'technical_score': 0, 'confidence': 0}"
RACE.NS,114.33000183105469,InvestmentDecision.AVOID,0,0,"{'fundamental_score': 6.25, 'technical_score': 0, 'confidence': 0}"
EFACTOR.NS,182.0,InvestmentDecision.AVOID,0,0,"{'fundamental_score': 6.7, 'technical_score': 0, 'confidence': 0}"
KANORICHEM.NS,97.19999694824219,InvestmentDecision.AVOID,0,0,"{'fundamental_score': 5.15, 'technical_score': 0, 'confidence': 0}"
ALANKIT.NS,8.420000076293945,InvestmentDecision.AVOID,0,0,"{'fundamental_score': 4.7, 'technical_score': 0, 'confidence': 0}"
