Ticker,Signal,Current_Price,Trend_Assessment,RSI,MACD,MA20,MA50,MA200,ATR,ATR_Percent,Buy_Range_Low,Buy_Range_High,Stop_Loss,Target,RR_Ratio,Risk_Context,Confidence,Rules_Passed,Rules_Failed
RELIANCE.NS,SELL,1321.2,downtrend,31.57,-11.76,1375.65,1371.18,1428.77,24.91,1.89,,,1371.01,1196.66,2.5,LOW,79,1,2
HDFCBANK.NS,SELL,744.55,downtrend,41.82,-8.05,768.5,778.95,915.56,16.12,2.17,,,776.79,663.94,2.5,NORMAL,74,1,2
BHARTIARTL.NS,HOLD,1829.0,weak_trend,61.13,2.47,1849.55,1842.34,1957.15,37.9,2.07,,,1772.15,1904.8,1.33,NORMAL,40,1,2
TCS.NS,HOLD,2258.9,weak_trend,34.18,-40.66,2304.48,2385.56,2808.33,50.78,2.25,,,2182.73,2360.47,1.33,NORMAL,40,1,2
ICICIBANK.NS,HOLD,1256.4,weak_trend,47.28,-6.97,1258.9,1276.88,1356.21,24.48,1.95,,,1219.68,1305.36,1.33,LOW,40,1,2
SBIN.NS,HOLD,964.4,weak_trend,35.04,-22.76,984.63,1019.73,966.67,19.9,2.06,,,934.55,1004.21,1.33,NORMAL,40,1,2
INFY.NS,HOLD,1160.9,weak_trend,46.37,-16.26,1160.78,1221.65,1430.13,28.84,2.48,,,1117.64,1218.59,1.33,NORMAL,40,1,2
BAJFINANCE.NS,SELL,908.25,downtrend,41.11,0.68,930.56,904.25,963.44,21.8,2.4,,,951.84,799.27,2.5,NORMAL,74,1,2
HINDUNILVR.NS,SELL,2153.5,downtrend,23.16,-17.52,2245.31,2204.49,2372.45,44.08,2.05,,,2241.66,1933.11,2.5,NORMAL,83,1,2
LICI.NS,SELL,411.35,downtrend,57.72,3.63,404.39,398.78,426.17,10.57,2.57,,,432.48,358.52,2.5,NORMAL,66,1,2
LT.NS,HOLD,4076.5,weak_trend,70.63,34.27,3951.73,3854.64,3856.52,66.33,1.63,,,3977.01,4209.16,1.33,LOW,40,2,1
ITC.NS,SELL,286.9,downtrend,34.46,-1.85,297.57,295.16,345.31,4.82,1.68,,,296.54,262.8,2.5,LOW,77,1,2
MARUTI.NS,HOLD,13127.0,weak_trend,32.92,-48.2,13271.65,13109.1,14887.41,299.36,2.28,,,12677.96,13725.71,1.33,NORMAL,40,1,2
M&M.NS,SELL,3045.6,downtrend,31.64,-21.76,3158.18,3131.59,3432.12,76.74,2.52,,,3199.09,2661.89,2.5,NORMAL,79,1,2
HCLTECH.NS,HOLD,1183.8,weak_trend,46.72,-27.24,1169.09,1266.18,1440.02,24.56,2.08,,,1146.95,1232.93,1.33,NORMAL,40,1,2
KOTAKBANK.NS,SELL,384.2,downtrend,52.86,2.45,382.49,376.25,406.35,8.34,2.17,,,400.88,342.5,2.5,NORMAL,68,2,1
SUNPHARMA.NS,HOLD,1799.2,weak_trend,41.59,20.28,1849.95,1774.9,1709.05,41.79,2.32,,,1736.52,1882.77,1.33,NORMAL,40,1,2
AXISBANK.NS,BUY,1286.6,uptrend,56.27,-0.83,1270.59,1276.05,1240.28,26.01,2.02,1260.87,1312.33,1234.59,1416.64,2.5,NORMAL,73,3,0
ULTRACEMCO.NS,SELL,11482.0,downtrend,37.11,-40.23,11676.55,11505.78,12021.35,238.0,2.07,,,11958.0,10292.0,2.5,NORMAL,76,1,2
BAJAJFINSV.NS,HOLD,1783.6,weak_trend,47.92,2.66,1779.15,1764.28,1954.44,34.2,1.92,,,1732.3,1852.0,1.33,LOW,40,1,2
TITAN.NS,HOLD,4074.9,weak_trend,25.74,-60.29,4198.64,4243.84,3948.88,108.3,2.66,,,3912.45,4291.5,1.33,NORMAL,40,1,2
NTPC.NS,HOLD,386.9,weak_trend,43.39,0.07,393.71,388.79,351.0,7.72,2.0,,,375.31,402.35,1.33,NORMAL,40,1,2
HAL.NS,SELL,4303.8,downtrend,20.4,15.17,4500.84,4220.25,4383.86,128.62,2.99,,,4561.04,3660.69,2.5,NORMAL,84,1,2
ADANIPORTS.NS,HOLD,1804.6,weak_trend,56.91,58.44,1763.74,1587.05,1480.18,43.37,2.4,,,1739.54,1891.34,1.33,NORMAL,40,1,2
ONGC.NS,HOLD,265.4,weak_trend,37.83,-2.82,288.17,285.06,251.63,7.86,2.96,,,253.61,281.12,1.33,NORMAL,40,1,2
ETERNAL.NS,SELL,250.58,downtrend,54.49,0.98,247.91,245.18,285.86,6.75,2.69,,,264.07,216.85,2.5,NORMAL,67,2,1
BEL.NS,SELL,410.75,downtrend,36.16,-5.37,425.21,430.47,414.81,9.9,2.41,,,430.55,361.25,2.5,NORMAL,76,1,2
ADANIENT.NS,HOLD,2937.4,weak_trend,77.13,172.99,2678.85,2323.02,2302.55,98.48,3.35,,,2789.68,3134.36,1.33,NORMAL,40,2,1
DMART.NS,SELL,4054.5,downtrend,12.23,-73.8,4257.76,4278.54,4152.77,85.33,2.1,,,4225.16,3627.86,2.5,NORMAL,88,1,2
JSWSTEEL.NS,HOLD,1278.0,weak_trend,54.88,14.17,1281.33,1233.88,1173.62,25.4,1.99,,,1239.9,1328.8,1.33,LOW,40,1,2
ADANIPOWER.NS,BUY,243.37,uptrend,65.27,11.34,227.48,199.73,156.8,9.17,3.77,238.5,248.24,225.03,289.22,2.5,NORMAL,77,3,0
WIPRO.NS,SELL,204.25,downtrend,60.56,0.97,197.63,198.22,227.73,4.9,2.4,,,214.04,179.77,2.5,NORMAL,64,2,1
POWERGRID.NS,HOLD,290.55,weak_trend,30.82,-3.94,303.81,305.19,282.74,7.47,2.57,,,279.34,305.49,1.33,NORMAL,40,1,2
ASIANPAINT.NS,BUY,2671.6,uptrend,66.86,60.36,2590.84,2439.03,2541.28,59.46,2.23,2618.17,2725.03,2552.67,2968.92,2.5,NORMAL,78,3,0
BAJAJ-AUTO.NS,HOLD,10460.0,weak_trend,50.3,226.59,10319.14,9676.39,9188.84,245.37,2.35,,,10091.94,10950.75,1.33,NORMAL,40,1,2
COALINDIA.NS,HOLD,457.9,weak_trend,42.27,0.72,462.32,456.44,408.28,13.02,2.84,,,438.36,483.95,1.33,NORMAL,40,1,2
NESTLEIND.NS,HOLD,1421.5,weak_trend,26.15,13.51,1446.02,1345.93,1265.36,26.44,1.86,,,1381.84,1474.39,1.33,LOW,40,1,2
INDIGO.NS,HOLD,4405.0,weak_trend,44.48,8.93,4363.4,4367.22,5118.3,126.13,2.86,,,4215.81,4657.26,1.33,NORMAL,40,0,3
IOC.NS,HOLD,140.24,weak_trend,49.83,-0.64,140.9,141.68,151.32,4.12,2.94,,,134.06,148.47,1.33,NORMAL,40,1,2
TATASTEEL.NS,HOLD,208.02,weak_trend,44.62,0.53,212.71,207.07,185.56,5.35,2.57,,,200.0,218.71,1.33,NORMAL,40,1,2
TMPV.NS,HOLD,393.9,weak_trend,77.5,12.79,361.3,343.94,434.06,11.27,2.86,,,376.99,416.45,1.33,NORMAL,40,1,2
HINDZINC.NS,HOLD,632.95,weak_trend,51.63,13.3,637.03,584.18,537.29,18.2,2.88,,,605.64,669.36,1.33,NORMAL,40,0,3
JIOFIN.NS,HOLD,238.95,weak_trend,47.8,-0.71,240.26,240.03,279.78,5.01,2.09,,,231.44,248.96,1.33,NORMAL,40,1,2
HYUNDAI.NS,SELL,1924.0,downtrend,53.16,12.87,1853.08,1838.98,2214.76,54.19,2.82,,,2032.37,1653.07,2.5,NORMAL,68,2,1
GRASIM.NS,BUY,3122.4,uptrend,66.52,96.99,2993.01,2810.62,2805.88,74.04,2.37,3059.95,3184.85,2974.33,3492.58,2.5,NORMAL,78,3,0
SBILIFE.NS,HOLD,1830.1,weak_trend,41.87,-2.01,1858.34,1866.98,1924.72,36.42,1.99,,,1775.47,1902.94,1.33,LOW,40,1,2
VEDL.NS,HOLD,352.6,weak_trend,77.65,-54.57,325.55,540.63,544.17,11.16,3.17,,,335.86,374.92,1.33,NORMAL,40,0,3
DLF.NS,SELL,590.6,downtrend,50.2,2.01,589.69,573.52,671.34,15.83,2.68,,,622.26,511.44,2.5,NORMAL,69,2,1
EICHERMOT.NS,HOLD,7177.0,weak_trend,45.72,25.14,7146.65,7053.63,7033.31,191.46,2.67,,,6889.8,7559.93,1.33,NORMAL,40,2,1
TRENT.NS,HOLD,4224.0,weak_trend,48.76,48.72,4174.77,3985.19,4353.06,106.64,2.52,,,4064.05,4437.27,1.33,NORMAL,40,1,2
HINDALCO.NS,BUY,1126.7,uptrend,68.53,31.0,1078.85,1013.59,879.31,32.49,2.88,1104.17,1149.23,1061.71,1289.16,2.5,NORMAL,79,3,0
DIVISLAB.NS,HOLD,6667.0,weak_trend,47.77,99.29,6768.9,6388.78,6311.32,161.04,2.42,,,6425.45,6989.07,1.33,NORMAL,40,1,2
HDFCLIFE.NS,HOLD,594.8,weak_trend,35.24,-0.44,608.3,606.59,713.02,12.69,2.13,,,575.77,620.18,1.33,NORMAL,40,1,2
IRFC.NS,SELL,97.51,downtrend,33.07,-0.99,100.84,99.6,113.1,2.23,2.29,,,101.98,86.34,2.5,NORMAL,78,0,3
ADANIGREEN.NS,HOLD,1475.4,weak_trend,60.77,77.84,1385.32,1172.11,1034.07,59.91,4.06,,,1385.54,1595.21,1.33,ELEVATED,40,2,1
VBL.NS,HOLD,528.0,weak_trend,65.27,14.97,514.66,471.03,469.27,13.41,2.54,,,507.89,554.81,1.33,NORMAL,40,2,1
TVSMOTOR.NS,SELL,3355.7,downtrend,29.91,-53.54,3473.15,3528.29,3547.67,103.45,3.08,,,3562.6,2838.45,2.5,NORMAL,80,1,2
PIDILITIND.NS,BUY,1482.8,uptrend,52.01,24.18,1448.58,1390.08,1463.05,32.18,2.17,1453.14,1512.46,1418.44,1643.69,2.5,NORMAL,71,3,0
BPCL.NS,SELL,298.1,downtrend,52.39,-0.39,298.09,297.33,329.31,9.38,3.15,,,316.86,251.19,2.5,NORMAL,68,2,1
TECHM.NS,SELL,1483.9,downtrend,52.9,4.72,1436.32,1430.96,1489.11,42.18,2.84,,,1568.26,1273.01,2.5,NORMAL,68,2,1
BAJAJHLDNG.NS,SELL,10361.0,downtrend,48.18,88.1,10437.55,10063.62,11385.65,298.64,2.88,,,10958.29,8867.79,2.5,NORMAL,70,1,2
BRITANNIA.NS,SELL,5204.5,downtrend,21.5,-101.67,5467.0,5569.17,5830.31,90.86,1.75,,,5386.21,4750.21,2.5,LOW,84,1,2
AMBUJACEM.NS,SELL,447.85,downtrend,56.89,1.3,441.17,438.75,520.77,11.26,2.52,,,470.38,391.53,2.5,NORMAL,66,1,2
BANKBARODA.NS,SELL,268.5,downtrend,53.18,-0.47,265.79,268.95,275.85,5.81,2.16,,,280.11,239.46,2.5,NORMAL,68,2,1
CHOLAFIN.NS,SELL,1537.7,downtrend,31.88,-4.49,1584.29,1533.37,1616.69,48.89,3.18,,,1635.49,1293.24,2.5,NORMAL,79,1,2
SHRIRAMFIN.NS,HOLD,947.15,weak_trend,35.69,-8.85,952.72,964.69,860.52,28.71,3.03,,,904.08,1004.58,1.33,NORMAL,40,1,2
PNB.NS,SELL,106.05,downtrend,53.99,-1.15,104.95,108.02,115.52,2.28,2.15,,,110.62,94.63,2.5,NORMAL,68,2,1
PFC.NS,HOLD,428.6,weak_trend,34.69,-3.58,442.04,436.91,393.69,11.14,2.6,,,411.9,450.87,1.33,NORMAL,40,1,2
SOLARINDS.NS,HOLD,18247.0,weak_trend,71.23,939.67,17196.4,15332.98,14052.36,567.64,3.11,,,17395.54,19382.29,1.33,NORMAL,40,2,1
MUTHOOTFIN.NS,SELL,3342.9,downtrend,43.41,-36.77,3391.86,3394.19,3373.09,96.83,2.9,,,3536.56,2858.76,2.5,NORMAL,73,1,2
TATAPOWER.NS,HOLD,420.75,weak_trend,41.63,-0.43,421.63,415.99,391.19,10.85,2.58,,,404.47,442.46,1.33,NORMAL,40,1,2
CIPLA.NS,HOLD,1401.0,weak_trend,70.4,31.29,1382.07,1301.4,1434.69,31.89,2.28,,,1353.17,1464.77,1.33,NORMAL,40,1,2
TORNTPHARM.NS,BUY,4410.8,uptrend,51.42,67.89,4401.5,4264.75,3909.11,144.17,3.27,4322.58,4499.02,4122.46,5131.66,2.5,NORMAL,70,3,0
GODREJCP.NS,HOLD,1029.3,weak_trend,47.52,-10.55,1037.58,1046.59,1138.92,26.88,2.61,,,988.98,1083.06,1.33,NORMAL,40,1,2
LODHA.NS,HOLD,938.1,weak_trend,44.81,11.31,904.39,846.64,1050.17,33.08,3.53,,,888.48,1004.26,1.33,NORMAL,40,1,2
HDFCAMC.NS,SELL,2674.3,downtrend,42.41,11.16,2726.36,2618.99,2686.99,73.53,2.75,,,2821.36,2306.66,2.5,NORMAL,73,1,2
GAIL.NS,SELL,164.51,downtrend,53.06,1.87,163.3,156.69,164.94,4.93,3.0,,,174.38,139.84,2.5,NORMAL,68,2,1
CANBK.NS,HOLD,130.8,weak_trend,43.56,-1.47,131.32,134.33,135.98,4.15,3.17,,,124.58,139.1,1.33,NORMAL,40,1,2
MAXHEALTH.NS,SELL,965.1,downtrend,40.33,-0.72,1025.04,996.23,1082.18,33.8,3.5,,,1032.71,796.08,2.5,NORMAL,74,1,2
ENRIN.NS,HOLD,3872.1,weak_trend,75.06,169.75,3317.47,3061.32,3018.74,172.85,4.46,,,3612.83,4217.8,1.33,ELEVATED,40,2,1
SIEMENS.NS,BUY,3844.0,uptrend,50.84,53.6,3720.04,3512.82,3242.55,167.37,4.35,3767.12,3920.88,3509.26,4680.86,2.5,ELEVATED,70,3,0
MAZDOCK.NS,SELL,2456.5,downtrend,35.02,-26.92,2514.43,2488.72,2572.92,66.41,2.7,,,2589.33,2124.43,2.5,NORMAL,77,1,2
BOSCHLTD.NS,SELL,36625.0,downtrend,40.67,98.8,36621.0,35003.7,36816.1,1163.57,3.18,,,38952.14,30807.14,2.5,NORMAL,74,1,2
ABB.NS,HOLD,7253.0,weak_trend,83.05,70.97,6783.18,6723.83,5639.24,192.29,2.65,,,6964.57,7637.57,1.33,NORMAL,40,2,1
MOTHERSON.NS,HOLD,145.74,weak_trend,73.65,5.07,131.76,123.3,114.45,5.42,3.72,,,137.6,156.59,1.33,NORMAL,40,2,1
CUMMINSIND.NS,BUY,5881.0,uptrend,64.78,161.37,5385.87,5086.84,4432.28,181.0,3.08,5763.38,5998.62,5519.0,6786.0,2.5,NORMAL,77,3,0
TATACONSUM.NS,HOLD,1178.4,weak_trend,20.49,15.07,1193.18,1128.41,1130.77,25.05,2.13,,,1140.83,1228.49,1.33,NORMAL,40,1,2
POLYCAB.NS,HOLD,9477.5,weak_trend,65.14,381.92,9038.05,8137.99,7641.73,212.61,2.24,,,9158.59,9902.71,1.33,NORMAL,40,2,1
CGPOWER.NS,BUY,917.45,uptrend,63.38,33.08,858.11,787.94,716.5,26.47,2.88,899.1,935.8,864.51,1049.79,2.5,NORMAL,76,3,0
UNIONBANK.NS,BUY,167.88,uptrend,58.61,-1.79,164.23,172.55,159.67,3.86,2.3,164.52,171.24,160.15,187.2,2.5,NORMAL,74,3,0
ADANIENSOL.NS,HOLD,1513.3,weak_trend,72.9,63.9,1384.84,1243.98,1013.19,68.36,4.52,,,1410.75,1650.03,1.33,ELEVATED,40,1,2
APOLLOHOSP.NS,HOLD,8176.5,weak_trend,55.08,149.82,8084.73,7753.05,7540.1,156.18,1.91,,,7942.23,8488.86,1.33,LOW,40,2,1
INDHOTEL.NS,HOLD,654.25,weak_trend,47.08,4.8,655.91,638.26,699.39,17.47,2.67,,,628.04,689.19,1.33,NORMAL,40,1,2
HEROMOTOCO.NS,SELL,4903.0,downtrend,26.85,-58.89,5068.25,5139.7,5387.98,137.36,2.8,,,5177.71,4216.21,2.5,NORMAL,81,1,2
DRREDDY.NS,HOLD,1303.5,weak_trend,52.53,10.57,1307.25,1279.43,1262.21,31.84,2.44,,,1255.75,1367.17,1.33,NORMAL,40,1,2
SHREECEM.NS,HOLD,25275.0,weak_trend,47.14,109.14,24938.0,24505.8,26933.12,513.21,2.03,,,24505.18,26301.43,1.33,NORMAL,40,1,2
JINDALSTEL.NS,HOLD,1207.2,weak_trend,41.95,-3.83,1231.95,1212.91,1102.75,30.25,2.51,,,1161.82,1267.7,1.33,NORMAL,40,1,2
IDBI.NS,SELL,73.83,downtrend,52.68,-0.71,73.09,72.63,92.22,2.03,2.75,,,77.89,63.68,2.5,NORMAL,68,2,1
SWIGGY.NS,HOLD,257.9,weak_trend,36.64,-5.62,262.58,271.99,356.4,9.74,3.78,,,243.29,277.39,1.33,NORMAL,40,1,2
BSE.NS,HOLD,4146.1,weak_trend,61.27,204.38,4055.28,3542.97,2827.91,124.09,2.99,,,3959.96,4394.29,1.33,NORMAL,40,1,2
MANKIND.NS,HOLD,2375.6,weak_trend,41.11,51.16,2431.4,2234.33,2289.21,82.37,3.47,,,2252.04,2540.34,1.33,NORMAL,40,1,2
INDIANB.NS,HOLD,833.0,weak_trend,47.14,-14.02,832.76,874.0,827.01,19.91,2.39,,,803.14,872.81,1.33,NORMAL,40,2,1
INDUSTOWER.NS,HOLD,442.05,weak_trend,75.25,5.69,420.46,421.27,402.89,12.1,2.74,,,423.9,466.25,1.33,NORMAL,40,2,1
UNITDSPR.NS,SELL,1270.0,downtrend,50.96,-6.0,1288.19,1294.66,1348.0,29.74,2.34,,,1329.49,1121.29,2.5,NORMAL,69,2,1
GMRAIRPORT.NS,BUY,100.37,uptrend,56.38,0.54,97.29,94.89,95.44,2.59,2.59,98.36,102.38,95.18,113.35,2.5,NORMAL,73,3,0
RECLTD.NS,SELL,337.65,downtrend,34.73,-4.41,344.66,346.55,352.99,7.13,2.11,,,351.91,302.01,2.5,NORMAL,77,1,2
ZYDUSLIFE.NS,HOLD,1077.7,weak_trend,76.84,42.07,989.88,937.99,945.76,34.04,3.16,,,1026.64,1145.79,1.33,NORMAL,40,2,1
ICICIGI.NS,HOLD,1792.2,weak_trend,44.73,7.08,1814.5,1796.15,1890.46,47.06,2.63,,,1721.6,1886.33,1.33,NORMAL,40,1,2
DIXON.NS,SELL,11524.0,downtrend,59.99,196.61,11183.77,10853.06,13351.38,436.79,3.79,,,12397.57,9340.07,2.5,NORMAL,65,1,2
IDEA.NS,HOLD,13.99,weak_trend,80.27,1.03,12.79,10.7,9.91,0.48,3.44,,,13.27,14.95,1.33,NORMAL,40,2,1
HAVELLS.NS,SELL,1176.8,downtrend,28.42,-17.15,1214.03,1240.97,1391.91,24.7,2.1,,,1226.21,1053.28,2.5,NORMAL,80,2,1
MARICO.NS,HOLD,821.7,weak_trend,36.64,11.79,827.74,785.61,750.0,14.95,1.82,,,799.28,851.59,1.33,LOW,40,1,2
HINDPETRO.NS,SELL,393.85,downtrend,56.52,6.48,385.21,367.71,420.09,13.39,3.4,,,420.62,326.92,2.5,NORMAL,66,2,1
WAAREEENER.NS,HOLD,3140.8,weak_trend,43.19,-29.29,3101.84,3185.04,3120.58,76.96,2.45,,,3025.36,3294.71,1.33,NORMAL,40,2,1
BAJAJHFL.NS,HOLD,84.89,weak_trend,43.79,-0.38,85.03,84.66,97.14,1.6,1.89,,,82.49,88.09,1.33,LOW,40,0,3
DABUR.NS,SELL,443.4,downtrend,18.99,-2.13,457.97,444.23,492.79,9.71,2.19,,,462.83,394.83,2.5,NORMAL,85,1,2
LUPIN.NS,HOLD,2267.7,weak_trend,33.29,-11.71,2301.0,2305.94,2129.95,52.47,2.31,,,2188.99,2372.64,1.33,NORMAL,40,1,2
JSWENERGY.NS,BUY,595.05,uptrend,63.03,14.1,554.11,533.46,511.12,18.14,3.05,583.15,606.95,558.76,685.76,2.5,NORMAL,76,3,0
ICICIPRULI.NS,SELL,503.95,downtrend,22.59,-8.08,532.81,535.92,603.6,15.26,3.03,,,534.46,427.66,2.5,NORMAL,83,1,2
PERSISTENT.NS,SELL,5194.3,downtrend,53.12,23.55,4959.37,5010.86,5528.22,165.49,3.19,,,5525.27,4366.87,2.5,NORMAL,68,2,1
BHARTIHEXA.NS,SELL,1495.5,downtrend,49.62,2.63,1528.35,1532.44,1677.93,41.61,2.78,,,1578.73,1287.43,2.5,NORMAL,70,0,3
NAUKRI.NS,SELL,995.0,downtrend,57.6,-1.95,959.13,985.66,1215.07,36.23,3.64,,,1067.45,813.87,2.5,NORMAL,66,2,1
SRF.NS,HOLD,2715.8,weak_trend,40.25,39.53,2689.0,2565.66,2809.17,60.34,2.22,,,2625.29,2836.49,1.33,NORMAL,40,1,2
BHEL.NS,HOLD,416.75,weak_trend,59.02,22.53,403.87,336.68,275.73,11.36,2.73,,,399.7,439.48,1.33,NORMAL,40,1,2
POWERINDIA.NS,HOLD,38445.0,weak_trend,70.65,1850.5,34348.25,30310.5,22546.48,1492.5,3.88,,,36206.25,41430.0,1.33,NORMAL,40,2,1
NTPCGREEN.NS,HOLD,103.52,weak_trend,38.13,-0.75,106.85,104.95,98.22,2.95,2.85,,,99.1,109.41,1.33,NORMAL,40,1,2
NHPC.NS,HOLD,78.87,weak_trend,48.93,-0.18,79.66,79.32,79.16,1.91,2.42,,,76.01,82.69,1.33,NORMAL,40,1,2
POLICYBZR.NS,HOLD,1702.5,weak_trend,57.63,44.07,1724.08,1614.23,1698.61,54.44,3.2,,,1620.84,1811.39,1.33,NORMAL,40,1,2
SBICARD.NS,HOLD,624.4,weak_trend,34.87,-10.52,631.92,654.41,790.0,12.95,2.07,,,604.98,650.3,1.33,NORMAL,40,1,2
ASHOKLEY.NS,HOLD,155.44,weak_trend,42.47,-2.14,159.12,164.24,161.94,5.23,3.36,,,147.6,165.89,1.33,NORMAL,40,1,2
SUZLON.NS,BUY,56.99,uptrend,66.97,1.41,54.3,50.06,52.09,1.76,3.09,55.85,58.13,53.46,65.8,2.5,NORMAL,78,3,0
ABCAPITAL.NS,HOLD,363.3,weak_trend,58.66,5.7,356.7,339.15,328.01,9.36,2.58,,,349.25,382.03,1.33,NORMAL,40,2,1
PAYTM.NS,SELL,1118.8,downtrend,36.71,1.19,1134.99,1105.26,1199.37,38.97,3.48,,,1196.74,923.94,2.5,NORMAL,76,0,3
IOB.NS,SELL,33.42,downtrend,36.45,-0.21,34.0,33.92,36.47,0.56,1.66,,,34.53,30.64,2.5,LOW,76,0,3
OFSS.NS,BUY,9964.0,uptrend,64.63,468.78,9521.18,8267.43,7898.32,342.39,3.44,9764.72,10163.28,9279.21,11675.96,2.5,NORMAL,77,3,0
GVT&D.NS,HOLD,5148.6,weak_trend,78.03,213.3,4643.6,4267.85,3373.64,217.37,4.22,,,4822.54,5583.34,1.33,ELEVATED,40,2,1
RVNL.NS,SELL,245.45,downtrend,9.24,-9.59,281.86,280.35,314.77,9.14,3.72,,,263.72,199.77,2.5,NORMAL,90,1,2
PRESTIGE.NS,SELL,1369.2,downtrend,30.86,3.77,1404.87,1342.49,1521.25,48.89,3.57,,,1466.99,1124.74,2.5,NORMAL,79,1,2
LLOYDSME.NS,HOLD,1802.1,weak_trend,57.04,55.42,1752.37,1581.83,1352.35,58.93,3.27,,,1713.71,1919.96,1.33,NORMAL,40,1,2
UNOMINDA.NS,SELL,1101.7,downtrend,34.06,-1.85,1112.89,1093.96,1200.63,39.21,3.56,,,1180.13,905.63,2.5,NORMAL,77,0,3
FORTIS.NS,HOLD,928.45,weak_trend,32.78,11.38,959.44,901.61,926.72,23.01,2.48,,,893.93,974.48,1.33,NORMAL,40,1,2
NYKAA.NS,HOLD,262.3,weak_trend,41.14,0.79,269.31,260.0,253.13,8.0,3.05,,,250.3,278.3,1.33,NORMAL,40,1,2
OIL.NS,HOLD,476.15,weak_trend,57.81,2.73,487.05,479.78,437.28,14.84,3.12,,,453.89,505.84,1.33,NORMAL,40,1,2
ATGL.NS,HOLD,773.3,weak_trend,73.92,42.05,658.17,607.81,591.52,40.88,5.29,,,711.98,855.06,1.33,ELEVATED,40,2,1
COROMANDEL.NS,SELL,1753.6,downtrend,30.81,-51.19,1882.07,1957.46,2182.16,59.41,3.39,,,1872.43,1456.53,2.5,NORMAL,79,1,2
GICRE.NS,HOLD,381.25,weak_trend,41.85,-0.89,390.74,387.2,378.74,9.43,2.47,,,367.11,400.11,1.33,NORMAL,40,0,3
YESBANK.NS,BUY,23.15,uptrend,56.45,0.66,22.11,20.27,21.16,0.6,2.61,22.69,23.61,21.94,26.17,2.5,NORMAL,73,3,0
VMM.NS,SELL,121.77,downtrend,42.72,0.6,121.99,117.04,131.37,3.43,2.82,,,128.63,104.63,2.5,NORMAL,73,1,2
TORNTPOWER.NS,HOLD,1420.3,weak_trend,22.41,-41.73,1551.98,1530.36,1373.72,56.77,4.0,,,1335.14,1533.84,1.33,NORMAL,40,1,2
AUROPHARMA.NS,HOLD,1426.4,weak_trend,35.96,17.22,1472.88,1396.63,1211.39,36.33,2.55,,,1371.91,1499.06,1.33,NORMAL,40,1,2
NMDC.NS,HOLD,87.99,weak_trend,52.88,0.89,89.61,86.2,78.05,2.54,2.88,,,84.19,93.06,1.33,NORMAL,40,1,2
ALKEM.NS,SELL,5498.0,downtrend,43.87,-2.16,5476.4,5416.83,5479.51,157.39,2.86,,,5812.79,4711.04,2.5,NORMAL,73,2,1
BERGEPAINT.NS,HOLD,500.6,weak_trend,52.38,12.15,504.83,468.6,507.96,20.41,4.08,,,469.99,541.41,1.33,ELEVATED,40,0,3
MRF.NS,SELL,123420.0,downtrend,33.62,-1619.04,127717.75,130377.7,144236.03,2468.57,2.0,,,128357.14,111077.14,2.5,NORMAL,78,1,2
PATANJALI.NS,HOLD,456.2,weak_trend,46.82,-1.31,458.67,464.3,535.46,12.03,2.64,,,438.16,480.26,1.33,NORMAL,40,1,2
GODREJPROP.NS,SELL,1762.7,downtrend,35.4,0.65,1775.92,1711.34,1913.05,58.92,3.34,,,1880.54,1468.09,2.5,NORMAL,77,1,2
HDBFS.NS,SELL,665.85,downtrend,35.63,2.29,675.7,651.13,719.33,13.9,2.09,,,693.64,596.37,2.5,NORMAL,77,0,3
LTF.NS,HOLD,286.6,weak_trend,44.48,0.55,282.33,273.79,271.56,8.29,2.89,,,274.17,303.18,1.33,NORMAL,40,2,1
JSWINFRA.NS,HOLD,275.3,weak_trend,38.42,2.01,273.86,266.58,279.89,8.31,3.02,,,262.83,291.93,1.33,NORMAL,40,1,2
SCHAEFFLER.NS,HOLD,4128.7,weak_trend,40.87,11.08,4116.41,4039.19,3943.49,115.39,2.79,,,3955.61,4359.49,1.33,NORMAL,40,2,1
INDUSINDBK.NS,HOLD,914.35,weak_trend,46.96,12.01,915.15,866.72,841.29,20.06,2.19,,,884.26,954.47,1.33,NORMAL,40,1,2
JSL.NS,SELL,685.1,downtrend,23.16,-12.52,741.49,746.72,765.68,18.43,2.69,,,721.95,592.97,2.5,NORMAL,83,1,2
AUBANK.NS,HOLD,984.7,weak_trend,33.23,-0.13,1000.91,971.28,905.76,26.23,2.66,,,945.36,1037.16,1.33,NORMAL,40,1,2
COLPAL.NS,SELL,2035.9,downtrend,27.23,4.48,2117.19,2015.35,2126.61,50.98,2.5,,,2137.87,1780.98,2.5,NORMAL,81,1,2
OBEROIRLTY.NS,BUY,1707.1,uptrend,51.08,15.33,1658.33,1610.95,1618.26,50.45,2.96,1672.96,1741.24,1606.21,1959.33,2.5,NORMAL,70,3,0
BHARATFORG.NS,SELL,1957.2,downtrend,45.09,22.1,1919.64,1840.89,1510.92,48.54,2.48,,,2054.29,1714.49,2.5,NORMAL,72,2,1
FACT.NS,HOLD,875.65,weak_trend,42.43,5.76,888.21,859.91,873.22,32.07,3.66,,,827.54,939.79,1.33,NORMAL,40,1,2
COFORGE.NS,SELL,1421.8,downtrend,56.03,44.5,1337.48,1253.58,1555.3,49.34,3.47,,,1520.49,1175.09,2.5,NORMAL,66,1,2
PHOENIXLTD.NS,HOLD,1771.2,weak_trend,40.42,11.66,1776.95,1706.88,1687.27,50.29,2.84,,,1695.77,1871.77,1.33,NORMAL,40,1,2
BANKINDIA.NS,HOLD,139.91,weak_trend,51.17,-0.01,137.27,139.65,137.07,3.29,2.35,,,134.97,146.49,1.33,NORMAL,40,2,1
TIINDIA.NS,BUY,3141.4,uptrend,55.62,70.34,2971.78,2821.06,2822.31,121.53,3.87,3078.57,3204.23,2898.34,3749.04,2.5,NORMAL,72,3,0
IRCTC.NS,SELL,509.85,downtrend,19.92,-7.12,540.52,537.01,635.26,12.73,2.5,,,535.31,446.19,2.5,NORMAL,85,1,2
BDL.NS,SELL,1204.6,downtrend,17.89,-22.59,1341.42,1316.04,1422.22,44.29,3.68,,,1293.17,983.17,2.5,NORMAL,86,1,2
UPL.NS,HOLD,644.8,weak_trend,49.57,1.42,642.72,634.54,696.91,19.02,2.95,,,616.27,682.84,1.33,NORMAL,40,1,2
IDFCFIRSTB.NS,SELL,71.32,downtrend,64.19,0.76,69.29,66.84,74.58,1.5,2.1,,,74.31,63.83,2.5,NORMAL,62,2,1
PIIND.NS,SELL,2775.0,downtrend,30.54,-57.01,2985.53,2959.8,3309.65,104.5,3.77,,,2984.0,2252.5,2.5,NORMAL,79,1,2
MOTILALOFS.NS,HOLD,879.5,weak_trend,56.85,23.14,860.5,787.45,852.6,23.83,2.71,,,843.75,927.16,1.33,NORMAL,40,2,1
GLENMARK.NS,HOLD,2274.9,weak_trend,44.67,15.48,2349.28,2268.25,2054.18,77.84,3.42,,,2158.15,2430.57,1.33,NORMAL,40,1,2
MFSL.NS,HOLD,1674.0,weak_trend,46.25,15.17,1649.53,1621.46,1644.69,49.41,2.95,,,1599.89,1772.81,1.33,NORMAL,40,2,1
SAIL.NS,HOLD,204.37,weak_trend,68.21,7.7,194.42,177.05,148.71,7.79,3.81,,,192.69,219.95,1.33,NORMAL,40,2,1
FEDERALBNK.NS,HOLD,288.95,weak_trend,45.17,0.68,288.27,283.24,252.57,6.46,2.24,,,279.26,301.87,1.33,NORMAL,40,2,1
NAM-INDIA.NS,HOLD,1100.2,weak_trend,58.77,27.03,1081.72,988.04,896.16,32.76,2.98,,,1051.05,1165.73,1.33,NORMAL,40,2,1
MPHASIS.NS,SELL,2271.4,downtrend,57.24,-2.64,2207.03,2226.5,2606.82,67.48,2.97,,,2406.36,1934.01,2.5,NORMAL,66,2,1
KALYANKJIL.NS,SELL,355.05,downtrend,28.99,-14.05,370.24,393.25,451.83,10.99,3.09,,,377.02,300.12,2.5,NORMAL,80,2,1
LINDEINDIA.NS,HOLD,7204.5,weak_trend,23.08,-11.71,7407.23,7267.98,6470.32,231.36,3.21,,,6857.46,7667.21,1.33,NORMAL,40,1,2
SUNDARMFIN.NS,SELL,4188.9,downtrend,21.64,-122.07,4534.33,4668.34,4821.07,136.78,3.27,,,4462.46,3505.01,2.5,NORMAL,84,1,2
SUPREMEIND.NS,HOLD,3549.0,weak_trend,40.69,-33.65,3570.05,3677.17,3830.17,89.71,2.53,,,3414.43,3728.43,1.33,NORMAL,40,1,2
BIOCON.NS,HOLD,428.65,weak_trend,81.64,17.16,408.33,379.88,376.32,12.38,2.89,,,410.08,453.41,1.33,NORMAL,40,1,2
TATACOMM.NS,HOLD,1965.0,weak_trend,77.07,114.65,1715.99,1574.05,1678.5,90.17,4.59,,,1829.74,2145.34,1.33,ELEVATED,40,2,1
LAURUSLABS.NS,HOLD,1362.0,weak_trend,82.09,66.74,1284.71,1148.43,1014.04,31.44,2.31,,,1314.84,1424.89,1.33,NORMAL,40,1,2
AIIL.NS,SELL,478.75,downtrend,44.68,6.28,491.61,475.57,546.45,24.87,5.2,,,528.49,354.39,2.5,ELEVATED,72,0,3
GODFRYPHLP.NS,SELL,2282.8,downtrend,37.84,31.04,2333.74,2165.46,2651.48,84.21,3.69,,,2451.23,1861.73,2.5,NORMAL,76,0,3
JKCEMENT.NS,SELL,5171.0,downtrend,32.68,-39.89,5421.02,5393.27,5886.22,150.39,2.91,,,5471.79,4419.04,2.5,NORMAL,78,1,2
UBL.NS,SELL,1320.0,downtrend,21.29,-41.71,1381.1,1462.92,1643.72,31.61,2.4,,,1383.23,1161.93,2.5,NORMAL,84,0,3
APLAPOLLO.NS,SELL,1831.1,downtrend,23.64,-32.75,1889.91,1951.27,1870.05,52.33,2.86,,,1935.76,1569.46,2.5,NORMAL,83,1,2
PAGEIND.NS,BUY,38195.0,uptrend,55.64,688.53,37293.89,35608.31,37675.37,1232.73,3.23,37431.1,38958.9,35729.55,44358.63,2.5,NORMAL,72,3,0
GLAXO.NS,SELL,2210.2,downtrend,14.32,-37.93,2371.31,2377.48,2542.17,62.19,2.81,,,2334.57,1899.27,2.5,NORMAL,87,1,2
BALKRISIND.NS,HOLD,2205.5,weak_trend,43.73,-6.18,2183.09,2190.64,2329.41,75.69,3.43,,,2091.96,2356.89,1.33,NORMAL,40,1,2
ITCHOTELS.NS,HOLD,154.85,weak_trend,42.54,-0.82,157.01,154.71,192.53,3.64,2.35,,,149.4,162.12,1.33,NORMAL,40,1,2
COCHINSHIP.NS,SELL,1467.4,downtrend,19.48,-23.94,1607.29,1521.93,1614.05,55.24,3.76,,,1577.89,1191.19,2.5,NORMAL,85,0,3
PREMIERENE.NS,BUY,1061.0,uptrend,64.14,16.99,1007.54,975.29,930.77,33.2,3.13,1039.78,1082.22,994.6,1227.0,2.5,NORMAL,77,3,0
HEXT.NS,SELL,508.0,downtrend,61.68,12.91,487.8,462.26,623.93,18.35,3.61,,,544.69,416.27,2.5,NORMAL,64,1,2
LTTS.NS,SELL,3432.4,downtrend,30.54,-4.05,3565.21,3439.31,3892.7,125.3,3.65,,,3683.01,2805.88,2.5,NORMAL,79,1,2
VOLTAS.NS,SELL,1245.7,downtrend,37.79,-34.26,1307.19,1344.68,1385.37,45.65,3.66,,,1337.0,1017.45,2.5,NORMAL,76,1,2
HUDCO.NS,SELL,203.51,downtrend,24.1,0.18,213.57,197.85,208.2,7.65,3.76,,,218.81,165.25,2.5,NORMAL,82,0,3
360ONE.NS,SELL,1104.5,downtrend,45.96,17.44,1098.61,1049.01,1086.79,31.53,2.85,,,1167.56,946.86,2.5,NORMAL,72,1,2
MAHABANK.NS,HOLD,79.27,weak_trend,41.11,1.13,80.26,74.4,63.19,1.88,2.38,,,76.44,83.04,1.33,NORMAL,40,0,3
PGHH.NS,HOLD,9651.0,weak_trend,41.28,-82.46,9822.38,9865.59,11940.5,252.29,2.61,,,9272.57,10155.57,1.33,NORMAL,40,1,2
PETRONET.NS,HOLD,271.05,weak_trend,44.68,0.35,274.52,270.15,276.7,6.97,2.57,,,260.59,284.99,1.33,NORMAL,40,1,2
IREDA.NS,SELL,133.25,downtrend,56.3,0.37,130.39,126.68,136.27,3.53,2.65,,,140.3,115.62,2.5,NORMAL,66,2,1
ANTHEM.NS,HOLD,759.95,weak_trend,41.36,7.48,778.66,730.69,714.15,28.4,3.74,,,717.36,816.74,1.33,NORMAL,40,1,2
CONCOR.NS,SELL,463.65,downtrend,17.9,-6.54,507.37,488.03,509.16,13.6,2.93,,,490.84,395.67,2.5,NORMAL,86,1,2
M&MFIN.NS,SELL,303.65,downtrend,20.48,-2.58,315.52,307.58,322.36,9.66,3.18,,,322.98,255.33,2.5,NORMAL,84,1,2
NATIONALUM.NS,BUY,424.45,uptrend,66.34,4.37,408.4,406.09,306.21,12.6,2.97,415.96,432.94,399.25,487.45,2.5,NORMAL,78,3,0
DALBHARAT.NS,HOLD,1748.2,weak_trend,38.92,-38.91,1813.89,1863.66,2079.3,47.23,2.7,,,1677.36,1842.66,1.33,NORMAL,40,0,3
JUBLFOOD.NS,SELL,427.5,downtrend,35.01,-10.56,453.19,457.02,545.97,16.33,3.82,,,460.16,345.86,2.5,NORMAL,77,1,2
ESCORTS.NS,SELL,2859.8,downtrend,23.31,-78.52,3031.13,3071.24,3468.98,87.84,3.07,,,3035.49,2420.59,2.5,NORMAL,83,1,2
RADICO.NS,HOLD,3518.6,weak_trend,53.28,100.15,3478.37,3140.08,3028.61,105.76,3.01,,,3359.96,3730.11,1.33,NORMAL,40,2,1
KAYNES.NS,SELL,3133.6,downtrend,23.1,-224.21,3633.09,3789.33,4927.58,207.04,6.61,,,3547.69,2098.39,2.5,ELEVATED,83,0,3
FLUOROCHEM.NS,HOLD,3629.0,weak_trend,37.41,73.55,3736.49,3453.05,3488.29,119.81,3.3,,,3449.28,3868.63,1.33,NORMAL,40,1,2
ENDURANCE.NS,HOLD,2722.6,weak_trend,62.61,90.17,2567.22,2422.89,2619.65,100.34,3.69,,,2572.1,2923.27,1.33,NORMAL,40,2,1
KEI.NS,HOLD,5267.5,weak_trend,57.99,147.52,5133.99,4734.47,4344.74,164.72,3.13,,,5020.42,5596.94,1.33,NORMAL,40,2,1
ASTRAL.NS,BUY,1578.2,uptrend,51.12,-2.4,1542.98,1570.11,1492.41,50.43,3.2,1546.64,1609.76,1477.34,1830.34,2.5,NORMAL,70,3,0
THERMAX.NS,BUY,4982.7,uptrend,61.02,193.89,4433.99,3948.29,3308.5,204.4,4.1,4883.05,5082.35,4573.9,6004.7,2.5,ELEVATED,75,3,0
UCOBANK.NS,HOLD,25.21,weak_trend,35.66,-0.17,25.64,25.3,28.17,0.5,2.0,,,24.45,26.22,1.33,NORMAL,40,0,3
BLUESTARCO.NS,SELL,1589.0,downtrend,33.03,-37.67,1686.69,1721.2,1823.71,50.61,3.18,,,1690.21,1335.96,2.5,NORMAL,78,1,2
NH.NS,BUY,1894.0,uptrend,50.86,35.1,1864.87,1780.43,1810.11,57.01,3.01,1856.12,1931.88,1779.99,2179.04,2.5,NORMAL,70,3,0
TATAINVEST.NS,SELL,690.15,downtrend,46.4,-0.52,687.84,667.32,712.12,17.77,2.58,,,725.7,601.28,2.5,NORMAL,71,0,3
GODREJIND.NS,HOLD,1107.3,weak_trend,44.29,39.72,1117.3,977.38,1047.57,57.32,5.18,,,1021.32,1221.94,1.33,ELEVATED,40,0,3
POONAWALLA.NS,SELL,382.85,downtrend,9.3,-8.38,417.31,409.79,450.21,12.02,3.14,,,406.89,322.76,2.5,NORMAL,90,0,3
CRISIL.NS,SELL,3948.4,downtrend,38.48,-44.19,4095.25,4074.64,4497.27,90.64,2.3,,,4129.67,3495.22,2.5,NORMAL,75,0,3
KPRMILL.NS,HOLD,966.5,weak_trend,52.44,10.97,942.4,901.64,960.82,31.9,3.3,,,918.64,1030.31,1.33,NORMAL,40,2,1
CHOLAHLDNG.NS,SELL,1582.0,downtrend,22.5,3.3,1669.34,1572.59,1757.61,59.78,3.78,,,1701.56,1283.11,2.5,NORMAL,83,0,3
3MINDIA.NS,SELL,32810.0,downtrend,56.32,206.45,32256.75,31931.5,32841.72,1051.43,3.2,,,34912.86,27552.86,2.5,NORMAL,66,1,2
IPCALAB.NS,HOLD,1524.4,weak_trend,48.37,11.74,1574.73,1536.24,1440.07,52.45,3.44,,,1445.73,1629.3,1.33,NORMAL,40,1,2
APARINDS.NS,BUY,13118.0,uptrend,53.78,388.88,12706.1,11596.87,9455.8,526.64,4.01,12855.64,13380.36,12064.71,15751.21,2.5,ELEVATED,71,3,0
SJVN.NS,SELL,75.16,downtrend,43.59,-0.35,76.08,74.18,79.42,2.47,3.28,,,80.1,62.82,2.5,NORMAL,73,1,2
MEDANTA.NS,SELL,1189.0,downtrend,35.57,23.99,1214.71,1119.1,1210.38,37.48,3.15,,,1263.96,1001.61,2.5,NORMAL,77,0,3
ACC.NS,SELL,1399.3,downtrend,61.99,-1.35,1383.12,1387.94,1671.01,27.08,1.94,,,1453.46,1263.91,2.5,LOW,64,1,2
TATAELXSI.NS,SELL,4285.4,downtrend,53.35,7.55,4223.22,4257.34,5027.14,97.07,2.27,,,4479.54,3800.04,2.5,NORMAL,68,2,1
NLCINDIA.NS,HOLD,347.55,weak_trend,56.19,12.31,339.61,306.1,264.86,18.96,5.46,,,319.1,385.48,1.33,ELEVATED,40,1,2
AWL.NS,SELL,192.3,downtrend,28.22,-0.26,199.87,191.2,228.83,5.67,2.95,,,203.64,163.95,2.5,NORMAL,80,0,3
CENTRALBK.NS,SELL,30.77,downtrend,8.28,-1.1,33.98,34.18,35.97,0.85,2.77,,,32.47,26.51,2.5,NORMAL,90,1,2
KPITTECH.NS,SELL,771.95,downtrend,65.55,10.56,743.57,721.44,1018.77,23.8,3.08,,,819.56,652.93,2.5,NORMAL,62,1,2
CDSL.NS,SELL,1244.6,downtrend,54.81,-9.12,1224.19,1247.07,1422.23,27.65,2.22,,,1299.9,1106.35,2.5,NORMAL,67,1,2
DELHIVERY.NS,HOLD,452.35,weak_trend,34.81,-0.29,464.21,451.91,441.19,13.73,3.03,,,431.76,479.81,1.33,NORMAL,40,0,3
ASTERDM.NS,HOLD,728.35,weak_trend,44.98,11.68,745.3,701.62,648.1,21.34,2.93,,,696.34,771.04,1.33,NORMAL,40,0,3
EXIDEIND.NS,HOLD,386.5,weak_trend,69.23,10.52,357.03,336.05,361.23,10.63,2.75,,,370.56,407.76,1.33,NORMAL,40,2,1
GODIGIT.NS,SELL,305.5,downtrend,35.23,-3.03,308.78,316.91,338.92,7.01,2.3,,,319.53,270.43,2.5,NORMAL,77,1,2
HONAUT.NS,HOLD,35520.0,weak_trend,70.33,1372.46,31377.5,30239.3,33612.75,1465.36,4.13,,,33321.96,38450.71,1.33,ELEVATED,40,1,2
AJANTPHARM.NS,HOLD,2928.9,weak_trend,42.71,40.27,3079.11,2928.58,2715.48,103.05,3.52,,,2774.32,3135.0,1.33,NORMAL,40,1,2
METROBRAND.NS,SELL,1024.3,downtrend,48.39,8.77,1042.27,1010.26,1101.91,39.81,3.89,,,1103.91,825.26,2.5,NORMAL,70,0,3
AIAENG.NS,HOLD,4503.6,weak_trend,74.13,108.9,3986.01,3846.43,3624.35,151.95,3.37,,,4275.68,4807.5,1.33,NORMAL,40,2,1
COHANCE.NS,SELL,431.5,downtrend,27.9,6.05,447.06,390.51,572.47,22.68,5.25,,,476.85,318.12,2.5,ELEVATED,81,0,3
LICHSGFIN.NS,SELL,533.15,downtrend,30.29,-0.49,557.88,537.2,544.7,16.38,3.07,,,565.91,451.24,2.5,NORMAL,79,0,3
GILLETTE.NS,HOLD,8016.5,weak_trend,45.45,10.57,7889.12,7843.62,8540.68,200.0,2.49,,,7716.5,8416.5,1.33,NORMAL,40,0,3
GLAND.NS,HOLD,2250.0,weak_trend,71.29,142.1,2069.47,1860.56,1838.15,100.73,4.48,,,2098.91,2451.46,1.33,ELEVATED,40,1,2
APOLLOTYRE.NS,HOLD,394.5,weak_trend,41.75,-8.71,394.6,412.4,468.51,13.01,3.3,,,374.98,420.53,1.33,NORMAL,40,0,3
NIACL.NS,SELL,157.42,downtrend,42.07,1.25,163.28,152.75,165.82,6.13,3.89,,,169.67,126.79,2.5,NORMAL,73,0,3
NBCC.NS,SELL,100.26,downtrend,60.9,1.69,95.34,91.0,102.67,3.08,3.08,,,106.43,84.84,2.5,NORMAL,64,2,1
ITI.NS,BUY,300.4,uptrend,58.3,2.47,293.84,285.43,298.8,8.81,2.93,294.39,306.41,282.77,344.47,2.5,NORMAL,74,3,0
HINDCOPPER.NS,HOLD,538.7,weak_trend,39.41,0.86,561.05,535.74,437.82,21.96,4.08,,,505.76,582.61,1.33,ELEVATED,40,0,3
GRSE.NS,HOLD,2654.8,weak_trend,28.42,-18.56,2770.33,2619.64,2544.35,95.18,3.59,,,2512.03,2845.16,1.33,NORMAL,40,0,3
MSUMI.NS,SELL,38.97,downtrend,25.82,-0.22,40.33,39.38,43.66,1.0,2.58,,,40.98,33.95,2.5,NORMAL,82,1,2
GUJGASLTD.NS,BUY,401.15,uptrend,60.52,2.75,378.71,359.89,400.34,12.67,3.16,393.13,409.17,375.8,464.52,2.5,NORMAL,75,3,0
IGL.NS,HOLD,160.47,weak_trend,49.72,-0.08,160.67,159.37,183.26,5.36,3.34,,,152.43,171.19,1.33,NORMAL,40,0,3
SONACOMS.NS,HOLD,607.45,weak_trend,56.23,11.67,589.27,562.24,496.56,16.48,2.71,,,582.73,640.41,1.33,NORMAL,40,2,1
AEGISVOPAK.NS,SELL,196.16,downtrend,31.68,2.15,202.99,192.66,231.75,8.05,4.1,,,212.26,155.91,2.5,ELEVATED,79,0,3
KIMS.NS,HOLD,758.85,weak_trend,57.08,23.37,740.24,688.94,688.97,36.05,4.75,,,704.78,830.94,1.33,ELEVATED,40,2,1
TATATECH.NS,HOLD,705.3,weak_trend,72.46,32.5,652.78,595.22,643.37,20.58,2.92,,,674.44,746.45,1.33,NORMAL,40,1,2
IKS.NS,SELL,1675.6,downtrend,47.69,29.32,1654.85,1515.89,1568.89,70.43,4.2,,,1816.46,1323.46,2.5,ELEVATED,71,2,1
STARHEALTH.NS,HOLD,527.95,weak_trend,56.53,7.16,517.64,495.41,471.05,14.32,2.71,,,506.47,556.59,1.33,NORMAL,40,2,1
JBCHEPHARM.NS,HOLD,2167.4,weak_trend,51.98,37.35,2149.68,2076.44,1866.2,68.53,3.16,,,2064.61,2304.46,1.33,NORMAL,40,2,1
TVSHLTD.NS,SELL,13556.0,downtrend,24.62,-199.86,13853.9,14000.02,13898.72,376.07,2.77,,,14308.14,11675.64,2.5,NORMAL,82,0,3
IRB.NS,HOLD,21.16,weak_trend,49.1,0.07,21.25,21.28,21.21,0.81,3.81,,,19.95,22.77,1.33,NORMAL,40,0,3
SUMICHEM.NS,BUY,501.55,uptrend,55.56,14.82,469.55,433.17,471.69,19.26,3.84,491.52,511.58,463.04,597.84,2.5,NORMAL,72,3,0
AFFLE.NS,SELL,1463.0,downtrend,44.82,5.38,1476.99,1430.36,1683.9,66.12,4.52,,,1595.24,1132.39,2.5,ELEVATED,72,0,3
AEGISLOG.NS,BUY,748.45,uptrend,56.7,12.83,705.31,669.72,719.09,29.12,3.89,733.48,763.42,690.21,894.04,2.5,NORMAL,73,3,0
NAVINFLUOR.NS,HOLD,7129.0,weak_trend,52.21,180.88,7076.32,6589.13,5835.88,206.93,2.9,,,6818.61,7542.86,1.33,NORMAL,40,2,1
SYNGENE.NS,SELL,442.0,downtrend,43.51,4.85,464.21,435.54,558.1,17.27,3.91,,,476.54,355.66,2.5,NORMAL,73,0,3
BANDHANBNK.NS,BUY,208.3,uptrend,58.99,5.47,199.91,179.97,164.54,5.73,2.75,204.13,212.47,196.85,236.93,2.5,NORMAL,74,3,0
EMCURE.NS,HOLD,1696.0,weak_trend,57.65,24.11,1697.88,1631.53,1472.11,49.71,2.93,,,1621.44,1795.41,1.33,NORMAL,40,0,3
LALPATHLAB.NS,SELL,1607.4,downtrend,44.02,46.23,1603.49,1464.99,1500.58,58.25,3.62,,,1723.9,1316.15,2.5,NORMAL,72,1,2
AMBER.NS,HOLD,7615.0,weak_trend,36.24,-88.09,7897.8,7486.43,7339.29,379.04,4.98,,,7046.45,8373.07,1.33,ELEVATED,40,0,3
PPLPHARMA.NS,SELL,172.79,downtrend,29.69,4.1,174.62,158.61,175.1,5.38,3.11,,,183.55,145.89,2.5,NORMAL,80,0,3
ZFCVINDIA.NS,BUY,14674.0,uptrend,52.3,72.77,14612.55,14373.06,14095.97,543.57,3.7,14380.52,14967.48,13586.86,17391.86,2.5,NORMAL,71,3,0
NUVAMA.NS,SELL,1554.6,downtrend,45.08,49.59,1484.32,1346.0,1351.96,45.04,2.9,,,1644.68,1329.4,2.5,NORMAL,72,1,2
MRPL.NS,SELL,144.96,downtrend,26.93,-6.22,152.96,169.41,156.45,5.14,3.55,,,155.24,119.26,2.5,NORMAL,81,1,2
RAMCOCEM.NS,SELL,871.2,downtrend,28.59,-21.06,915.57,941.06,1028.79,27.7,3.18,,,926.61,732.68,2.5,NORMAL,80,0,3
SHYAMMETL.NS,BUY,973.35,uptrend,66.48,31.72,908.99,855.57,865.87,32.72,3.36,953.88,992.82,907.91,1136.94,2.5,NORMAL,78,3,0
FSL.NS,SELL,262.73,downtrend,50.97,10.42,250.68,232.34,297.53,13.15,5.0,,,289.02,197.0,2.5,ELEVATED,69,1,2
EMAMILTD.NS,SELL,399.1,downtrend,21.72,-11.07,427.14,426.79,498.72,10.85,2.72,,,420.8,344.85,2.5,NORMAL,84,1,2
DEEPAKNTR.NS,HOLD,1682.0,weak_trend,24.85,16.93,1789.92,1609.43,1668.07,70.67,4.2,,,1575.99,1823.34,1.33,ELEVATED,40,0,3
INOXWIND.NS,SELL,93.02,downtrend,32.85,-0.46,98.21,92.91,119.42,3.3,3.55,,,99.62,76.52,2.5,NORMAL,78,0,3
EIHOTEL.NS,SELL,296.2,downtrend,24.34,-3.0,321.56,315.82,354.02,9.45,3.19,,,315.11,248.93,2.5,NORMAL,82,1,2
WOCKPHARMA.NS,HOLD,2031.4,weak_trend,80.99,102.79,1633.35,1440.54,1407.69,83.44,4.11,,,1906.24,2198.29,1.33,ELEVATED,40,2,1
PTCIL.NS,SELL,16191.0,downtrend,41.33,-19.41,16493.15,16233.6,16670.88,484.86,2.99,,,17160.71,13766.71,2.5,NORMAL,74,1,2
PFIZER.NS,SELL,4598.5,downtrend,36.62,-43.99,4720.46,4759.97,4973.63,150.04,3.26,,,4898.59,3848.29,2.5,NORMAL,76,0,3
ANANDRATHI.NS,HOLD,3450.7,weak_trend,34.23,20.17,3573.98,3426.62,3086.19,84.56,2.45,,,3323.85,3619.83,1.33,NORMAL,40,1,2
KIOCL.NS,SELL,396.7,downtrend,48.0,3.66,395.76,375.81,385.92,16.86,4.25,,,430.42,312.4,2.5,ELEVATED,71,2,1
MANAPPURAM.NS,HOLD,325.4,weak_trend,65.55,10.8,315.24,288.15,285.56,9.64,2.96,,,310.94,344.68,1.33,NORMAL,40,2,1
PNBHOUSING.NS,HOLD,1030.5,weak_trend,38.14,25.82,1063.76,956.22,890.83,26.89,2.61,,,990.16,1084.29,1.33,NORMAL,40,1,2
BRIGADE.NS,SELL,652.35,downtrend,18.33,-23.87,713.27,716.21,837.0,24.66,3.78,,,701.66,529.06,2.5,NORMAL,85,1,2
ABSLAMC.NS,SELL,1064.0,downtrend,48.63,3.72,1039.17,1005.47,865.02,41.24,3.88,,,1146.49,857.79,2.5,NORMAL,70,1,2
TIMKEN.NS,HOLD,3630.4,weak_trend,52.39,50.25,3562.49,3466.06,3160.94,113.71,3.13,,,3459.84,3857.81,1.33,NORMAL,40,2,1
HSCL.NS,SELL,606.45,downtrend,41.1,15.65,602.54,532.6,479.8,31.26,5.16,,,668.98,450.13,2.5,ELEVATED,74,1,2
FORCEMOT.NS,HOLD,19473.0,weak_trend,35.12,-321.03,19863.8,20671.68,19554.23,751.5,3.86,,,18345.75,20976.0,1.33,NORMAL,40,0,3
WELCORP.NS,HOLD,1376.9,weak_trend,61.07,60.35,1309.14,1108.61,905.05,50.96,3.7,,,1300.46,1478.81,1.33,NORMAL,40,2,1
ANGELONE.NS,HOLD,337.3,weak_trend,55.74,12.52,321.12,291.26,256.14,12.34,3.66,,,318.8,361.97,1.33,NORMAL,40,2,1
TATACHEM.NS,SELL,758.0,downtrend,48.89,8.77,768.72,716.06,797.26,22.8,3.01,,,803.59,644.02,2.5,NORMAL,70,0,3
ASAHIINDIA.NS,SELL,902.6,downtrend,67.98,15.15,848.48,841.97,909.6,30.43,3.37,,,963.46,750.44,2.5,NORMAL,61,1,2
ASTRAZEN.NS,SELL,8631.5,downtrend,54.37,93.51,8502.25,8367.51,8758.9,277.07,3.21,,,9185.64,7246.14,2.5,NORMAL,67,2,1
ERIS.NS,SELL,1399.0,downtrend,51.44,2.48,1365.77,1353.8,1511.8,60.82,4.35,,,1520.64,1094.89,2.5,ELEVATED,69,1,2
CESC.NS,HOLD,182.09,weak_trend,50.1,2.2,183.29,172.56,164.65,5.22,2.86,,,174.27,192.52,1.33,NORMAL,40,0,3
HBLENGINE.NS,HOLD,822.6,weak_trend,48.36,9.12,797.11,755.63,812.52,32.74,3.98,,,773.49,888.09,1.33,NORMAL,40,2,1
SUNTV.NS,SELL,502.15,downtrend,28.8,-23.92,533.76,576.91,564.24,19.66,3.91,,,541.46,403.86,2.5,NORMAL,80,0,3
KARURVYSYA.NS,HOLD,288.75,weak_trend,43.65,-0.14,293.98,287.54,262.63,8.54,2.96,,,275.94,305.83,1.33,NORMAL,40,0,3
SAGILITY.NS,SELL,41.04,downtrend,20.48,-0.2,42.18,41.53,45.9,1.41,3.43,,,43.85,34.01,2.5,NORMAL,84,0,3
JYOTICNC.NS,SELL,596.0,downtrend,1.85,-31.14,703.28,732.9,862.79,26.72,4.48,,,649.44,462.41,2.5,ELEVATED,94,1,2
KEC.NS,SELL,499.65,downtrend,26.57,-19.12,532.44,546.94,690.94,19.65,3.93,,,538.94,401.42,2.5,NORMAL,81,0,3
AADHARHFC.NS,SELL,477.2,downtrend,31.86,-2.22,484.64,477.88,489.59,14.81,3.1,,,506.83,403.13,2.5,NORMAL,79,0,3
IIFL.NS,SELL,466.9,downtrend,52.66,4.11,462.19,456.92,501.05,19.81,4.24,,,506.51,367.86,2.5,ELEVATED,68,1,2
REDINGTON.NS,SELL,224.33,downtrend,51.47,0.6,220.28,218.51,254.13,6.84,3.05,,,238.02,190.11,2.5,NORMAL,69,2,1
HATSUN.NS,SELL,899.15,downtrend,27.97,-8.26,934.51,935.74,937.53,32.01,3.56,,,963.17,739.11,2.5,NORMAL,81,0,3
CREDITACC.NS,SELL,1295.5,downtrend,16.02,-1.79,1355.18,1269.9,1309.49,47.27,3.65,,,1390.04,1059.14,2.5,NORMAL,86,0,3
JSWHL.NS,SELL,13177.0,downtrend,67.52,-106.2,12642.3,12963.2,16762.13,427.86,3.25,,,14032.71,11037.71,2.5,NORMAL,61,2,1
PSB.NS,HOLD,23.98,weak_trend,36.56,-0.15,24.26,24.02,27.33,0.5,2.1,,,23.22,24.99,1.33,NORMAL,40,0,3
ONESOURCE.NS,SELL,1824.6,downtrend,48.41,48.48,1808.64,1636.61,1660.48,77.11,4.23,,,1978.81,1439.06,2.5,ELEVATED,70,2,1
KPIL.NS,BUY,1305.0,uptrend,59.24,18.8,1265.79,1201.74,1201.86,40.22,3.08,1278.9,1331.1,1224.56,1506.11,2.5,NORMAL,74,3,0
ATHERENERG.NS,SELL,964.1,downtrend,48.79,19.29,928.24,871.77,692.46,37.59,3.9,,,1039.29,776.14,2.5,NORMAL,70,2,1
SUNDRMFAST.NS,SELL,860.45,downtrend,55.22,9.33,850.82,818.71,915.93,25.96,3.02,,,912.38,730.63,2.5,NORMAL,67,2,1
ABREL.NS,SELL,1243.8,downtrend,26.72,-36.24,1340.22,1318.61,1546.13,49.81,4.01,,,1343.43,994.73,2.5,ELEVATED,81,0,3
OLAELEC.NS,BUY,41.49,uptrend,66.26,1.34,36.61,33.85,39.95,1.8,4.33,40.66,42.32,37.89,50.48,2.5,ELEVATED,78,3,0
CHALET.NS,HOLD,784.6,weak_trend,48.4,6.09,780.38,764.8,871.86,26.81,3.42,,,744.38,838.22,1.33,NORMAL,40,0,3
CHAMBLFERT.NS,SELL,466.4,downtrend,54.32,6.22,450.78,445.64,469.32,15.4,3.3,,,497.2,389.4,2.5,NORMAL,67,1,2
ANANTRAJ.NS,HOLD,514.15,weak_trend,39.85,2.15,511.47,490.02,551.41,18.52,3.6,,,486.37,551.19,1.33,NORMAL,40,1,2
ECLERX.NS,SELL,1507.8,downtrend,33.86,3.95,1543.29,1509.83,1973.53,79.31,5.26,,,1666.43,1111.23,2.5,ELEVATED,78,0,3
CASTROLIND.NS,SELL,183.22,downtrend,52.3,0.45,183.42,181.63,186.3,1.71,0.93,,,186.64,174.67,2.5,LOW,68,2,1
SCHNEIDER.NS,HOLD,1308.8,weak_trend,49.18,59.2,1312.66,1128.2,882.04,65.13,4.98,,,1211.11,1439.06,1.33,ELEVATED,40,1,2
POLYMED.NS,SELL,1349.7,downtrend,27.61,-27.22,1528.22,1444.22,1692.67,80.84,5.99,,,1511.39,945.49,2.5,ELEVATED,81,1,2
DCMSHRIRAM.NS,SELL,1036.7,downtrend,7.05,-28.77,1159.81,1146.42,1184.0,42.74,4.12,,,1122.19,822.99,2.5,ELEVATED,91,0,3
BASF.NS,SELL,3399.7,downtrend,17.29,-49.26,3700.87,3578.71,4004.49,131.35,3.86,,,3662.4,2742.95,2.5,NORMAL,86,0,3
KANSAINER.NS,SELL,218.06,downtrend,45.83,5.5,213.58,196.47,223.55,6.07,2.78,,,230.19,187.72,2.5,NORMAL,72,0,3
DEVYANI.NS,SELL,115.36,downtrend,43.18,0.61,117.64,111.06,138.44,3.9,3.38,,,123.17,95.85,2.5,NORMAL,73,0,3
NEULANDLAB.NS,SELL,17088.0,downtrend,42.96,493.66,16810.8,14963.36,14882.2,685.36,4.01,,,18458.71,13661.21,2.5,ELEVATED,73,1,2
CROMPTON.NS,HOLD,281.15,weak_trend,42.16,6.06,288.69,264.58,273.11,9.48,3.37,,,266.93,300.11,1.33,NORMAL,40,0,3
EIDPARRY.NS,SELL,755.4,downtrend,25.5,-20.65,804.56,817.39,964.9,21.72,2.88,,,798.85,646.78,2.5,NORMAL,82,1,2
CAMS.NS,SELL,791.5,downtrend,39.05,9.91,786.93,734.4,741.87,21.22,2.68,,,833.94,685.39,2.5,NORMAL,75,1,2
KFINTECH.NS,HOLD,857.75,weak_trend,34.21,-22.47,855.55,900.06,1020.04,27.89,3.25,,,815.92,913.53,1.33,NORMAL,40,0,3
RPOWER.NS,SELL,27.64,downtrend,46.12,0.02,27.67,26.37,34.86,1.04,3.75,,,29.72,22.45,2.5,NORMAL,71,1,2
BIKAJI.NS,SELL,650.05,downtrend,41.33,-3.05,662.81,649.26,699.54,21.8,3.35,,,693.66,541.03,2.5,NORMAL,74,1,2
KAJARIACER.NS,SELL,1072.6,downtrend,36.07,-9.06,1080.21,1071.19,1087.12,25.96,2.42,,,1124.53,942.78,2.5,NORMAL,76,0,3
ATUL.NS,HOLD,6855.5,weak_trend,48.25,74.7,6991.3,6670.11,6283.82,172.39,2.51,,,6596.91,7200.29,1.33,NORMAL,40,0,3
SARDAEN.NS,SELL,511.95,downtrend,25.54,-10.78,561.5,555.04,537.73,22.26,4.35,,,556.46,400.66,2.5,ELEVATED,82,1,2
APLLTD.NS,SELL,736.1,downtrend,35.33,0.68,763.94,733.31,835.24,29.69,4.03,,,795.49,587.64,2.5,ELEVATED,77,0,3
DEEPAKFERT.NS,BUY,1410.1,uptrend,56.53,67.7,1336.45,1181.09,1271.4,64.43,4.57,1381.9,1438.3,1281.24,1732.24,2.5,ELEVATED,73,3,0
FIRSTCRY.NS,SELL,225.49,downtrend,46.79,-2.27,231.12,234.45,294.53,10.05,4.46,,,245.59,175.25,2.5,ELEVATED,71,0,3
SAILIFE.NS,HOLD,1160.0,weak_trend,55.52,29.83,1115.85,1045.53,931.78,54.98,4.74,,,1077.53,1269.96,1.33,ELEVATED,40,1,2
CGCL.NS,BUY,198.36,uptrend,50.45,2.27,190.36,182.13,183.57,6.36,3.2,194.39,202.33,185.65,230.14,2.5,NORMAL,70,3,0
ARE&M.NS,SELL,886.1,downtrend,54.35,15.22,859.65,812.97,902.6,30.46,3.44,,,947.02,733.8,2.5,NORMAL,67,1,2
GRINDWELL.NS,HOLD,1839.8,weak_trend,56.22,80.82,1812.89,1625.6,1600.8,68.21,3.71,,,1737.49,1976.21,1.33,NORMAL,40,1,2
VINATIORGA.NS,SELL,1301.1,downtrend,40.59,-3.05,1341.13,1325.29,1538.45,50.55,3.89,,,1402.2,1048.35,2.5,NORMAL,74,1,2
SKFINDIA.NS,SELL,1639.8,downtrend,37.27,-0.9,1690.43,1646.83,2460.88,48.75,2.97,,,1737.3,1396.05,2.5,NORMAL,76,0,3
MAHSCOOTER.NS,HOLD,12768.0,weak_trend,48.0,21.19,12321.25,12399.96,14320.3,494.36,3.87,,,12026.46,13756.71,1.33,NORMAL,40,0,3
JUBLPHARMA.NS,SELL,995.0,downtrend,44.28,20.71,987.6,922.17,1013.98,31.12,3.13,,,1057.24,839.41,2.5,NORMAL,72,0,3
ZENSARTECH.NS,SELL,494.15,downtrend,29.1,-13.96,501.1,533.01,673.32,15.03,3.04,,,524.21,418.99,2.5,NORMAL,80,2,1
FIVESTAR.NS,SELL,445.15,downtrend,26.67,-0.95,460.92,435.93,507.78,14.54,3.27,,,474.23,372.45,2.5,NORMAL,81,1,2
TRITURBINE.NS,HOLD,741.5,weak_trend,81.17,49.58,630.81,551.7,524.41,37.51,5.06,,,685.23,816.53,1.33,ELEVATED,40,2,1
CARBORUNIV.NS,HOLD,1029.05,weak_trend,50.31,31.95,1033.17,927.64,885.6,48.36,4.7,,,956.51,1125.77,1.33,ELEVATED,40,0,3
RBLBANK.NS,BUY,345.0,uptrend,55.56,5.89,336.1,321.72,303.71,9.52,2.76,338.1,351.9,325.96,392.61,2.5,NORMAL,72,3,0
RATNAMANI.NS,HOLD,2552.7,weak_trend,35.65,3.33,2687.12,2496.15,2375.69,152.67,5.98,,,2323.69,2858.04,1.33,ELEVATED,40,0,3
PGEL.NS,HOLD,482.55,weak_trend,35.52,-14.75,492.33,507.01,553.19,17.74,3.68,,,455.94,518.03,1.33,NORMAL,40,1,2
VENTIVE.NS,SELL,621.75,downtrend,22.9,-1.25,641.08,623.72,705.54,25.02,4.02,,,671.79,496.64,2.5,ELEVATED,83,0,3
NAVA.NS,SELL,592.6,downtrend,20.73,-12.39,652.1,627.33,602.17,28.78,4.86,,,650.15,448.72,2.5,ELEVATED,84,0,3
CUB.NS,HOLD,255.45,weak_trend,43.95,-2.2,256.05,254.65,251.88,6.87,2.69,,,245.14,269.2,1.33,NORMAL,40,0,3
CENTURYPLY.NS,HOLD,773.35,weak_trend,32.81,1.97,778.95,748.57,768.29,26.22,3.39,,,734.02,825.79,1.33,NORMAL,40,0,3
BEML.NS,SELL,1722.4,downtrend,30.79,10.98,1843.91,1716.63,1857.12,70.56,4.1,,,1863.53,1369.58,2.5,ELEVATED,79,1,2
MANYAVAR.NS,SELL,408.35,downtrend,24.43,-3.08,433.01,410.16,556.76,16.02,3.92,,,440.39,328.26,2.5,NORMAL,82,0,3
ABLBL.NS,SELL,100.17,downtrend,20.86,-0.65,104.41,101.54,120.51,3.58,3.58,,,107.34,82.25,2.5,NORMAL,84,1,2
NETWEB.NS,BUY,4670.7,uptrend,62.14,97.05,4037.99,3727.58,3363.0,206.61,4.42,4577.29,4764.11,4257.49,5703.74,2.5,ELEVATED,76,3,0
TBOTEK.NS,HOLD,1229.4,weak_trend,48.18,-2.68,1213.39,1190.36,1437.38,52.48,4.27,,,1150.68,1334.36,1.33,ELEVATED,40,1,2
CONCORDBIO.NS,SELL,1051.2,downtrend,31.01,-2.48,1146.59,1096.22,1343.79,47.92,4.56,,,1147.04,811.59,2.5,ELEVATED,79,1,2
TRAVELFOOD.NS,SELL,1224.6,downtrend,52.88,-11.8,1172.81,1216.67,1233.78,47.53,3.88,,,1319.66,986.96,2.5,NORMAL,68,1,2
CPPLUS.NS,HOLD,2903.5,weak_trend,74.75,133.27,2512.08,2197.96,1635.06,114.98,3.96,,,2731.03,3133.46,1.33,NORMAL,40,2,1
UTIAMC.NS,SELL,940.7,downtrend,28.94,-7.48,958.75,964.29,1130.4,19.13,2.03,,,978.96,845.04,2.5,NORMAL,80,0,3
SOBHA.NS,SELL,1418.0,downtrend,48.32,7.59,1408.92,1344.12,1461.76,42.49,3.0,,,1502.99,1205.54,2.5,NORMAL,70,0,3
LMW.NS,BUY,15709.0,uptrend,60.59,289.0,14755.0,14125.54,14800.05,575.21,3.66,15394.82,16023.18,14558.57,18585.07,2.5,NORMAL,75,3,0
ACMESOLAR.NS,BUY,310.1,uptrend,68.89,5.15,291.26,284.26,260.95,9.87,3.18,303.9,316.3,290.36,359.46,2.5,NORMAL,79,3,0
IRCON.NS,SELL,136.9,downtrend,19.41,-2.06,146.33,140.69,156.63,4.14,3.03,,,145.19,116.19,2.5,NORMAL,85,0,3
GABRIEL.NS,HOLD,1100.1,weak_trend,44.5,29.23,1101.09,999.56,1064.48,34.59,3.14,,,1048.21,1169.29,1.33,NORMAL,40,1,2
GMDCLTD.NS,HOLD,670.0,weak_trend,52.0,4.72,672.83,649.29,570.55,24.53,3.66,,,633.21,719.06,1.33,NORMAL,40,1,2
CRAFTSMAN.NS,HOLD,9074.0,weak_trend,61.59,285.06,8525.85,7752.44,7271.17,281.5,3.1,,,8651.75,9637.0,1.33,NORMAL,40,2,1
ELGIEQUIP.NS,BUY,573.45,uptrend,63.94,11.2,551.27,528.23,496.3,21.33,3.72,561.98,584.92,530.79,680.09,2.5,NORMAL,76,3,0
NATCOPHARM.NS,HOLD,1015.9,weak_trend,24.62,10.13,1160.31,1090.49,925.86,47.71,4.7,,,944.33,1111.33,1.33,ELEVATED,40,1,2
CHOICEIN.NS,HOLD,672.3,weak_trend,44.26,-0.09,674.35,669.49,756.66,13.64,2.03,,,651.84,699.58,1.33,NORMAL,40,0,3
VGUARD.NS,SELL,306.75,downtrend,27.8,-4.61,319.72,323.21,339.28,11.05,3.6,,,328.85,251.5,2.5,NORMAL,81,0,3
APTUS.NS,SELL,260.3,downtrend,35.27,3.93,264.87,240.86,277.1,10.19,3.92,,,280.68,209.34,2.5,NORMAL,77,0,3
SIGNATURE.NS,SELL,852.7,downtrend,41.6,-8.39,850.99,820.71,992.6,30.06,3.52,,,912.81,702.41,2.5,NORMAL,74,1,2
CIEINDIA.NS,HOLD,446.45,weak_trend,33.35,-3.72,465.08,462.88,426.9,15.67,3.51,,,422.94,477.79,1.33,NORMAL,40,0,3
TECHNOE.NS,SELL,1079.2,downtrend,35.4,-7.93,1234.4,1178.02,1211.96,68.74,6.37,,,1216.67,735.52,2.5,ELEVATED,77,1,2
WHIRLPOOL.NS,SELL,822.5,downtrend,27.54,-18.58,885.52,876.71,1033.45,31.23,3.8,,,884.95,666.37,2.5,NORMAL,81,1,2
JMFINANCIL.NS,SELL,130.36,downtrend,26.93,-1.13,135.7,131.43,147.33,4.33,3.32,,,139.02,108.7,2.5,NORMAL,81,1,2
GPIL.NS,HOLD,288.05,weak_trend,46.85,-1.24,292.34,287.28,259.8,11.11,3.86,,,271.38,310.28,1.33,NORMAL,40,0,3
AFCONS.NS,SELL,339.05,downtrend,56.05,-0.5,325.28,314.29,373.87,16.25,4.79,,,371.54,257.82,2.5,ELEVATED,66,2,1
AKZOINDIA.NS,SELL,3151.8,downtrend,64.25,7.65,2954.4,2941.54,3164.12,99.13,3.15,,,3350.06,2656.16,2.5,NORMAL,62,2,1
ABDL.NS,SELL,558.3,downtrend,35.51,5.97,549.21,504.81,538.32,22.92,4.11,,,604.14,443.69,2.5,ELEVATED,77,1,2
CAPLIPOINT.NS,HOLD,2024.5,weak_trend,67.57,81.08,1927.0,1768.43,1901.24,79.28,3.92,,,1905.58,2183.06,1.33,NORMAL,40,2,1
DATAPATTNS.NS,SELL,4043.1,downtrend,46.41,84.57,4038.5,3702.32,2983.46,194.39,4.81,,,4431.89,3071.14,2.5,ELEVATED,71,1,2
IGIL.NS,BUY,371.8,uptrend,56.84,7.54,351.31,344.26,335.51,15.7,4.22,364.36,379.24,340.41,450.28,2.5,ELEVATED,73,3,0
DOMS.NS,SELL,2185.1,downtrend,31.42,-32.93,2267.57,2298.1,2436.78,67.85,3.11,,,2320.8,1845.85,2.5,NORMAL,79,0,3
LTFOODS.NS,SELL,392.1,downtrend,30.13,-3.44,413.23,405.72,407.87,13.27,3.38,,,418.64,325.76,2.5,NORMAL,79,1,2
KIRLOSBROS.NS,SELL,1633.0,downtrend,45.33,-7.33,1654.22,1622.62,1722.16,65.66,4.02,,,1764.31,1304.71,2.5,ELEVATED,72,1,2
AGARWALEYE.NS,HOLD,484.1,weak_trend,67.48,9.82,460.87,444.18,470.06,15.01,3.1,,,461.58,514.13,1.33,NORMAL,40,2,1
JBMA.NS,HOLD,621.45,weak_trend,28.61,5.25,638.76,610.71,613.08,25.1,4.04,,,583.8,671.65,1.33,ELEVATED,40,0,3
RRKABEL.NS,HOLD,2056.3,weak_trend,63.94,104.17,1934.16,1625.38,1427.04,79.23,3.85,,,1937.46,2214.76,1.33,NORMAL,40,2,1
GALLANTT.NS,HOLD,669.45,weak_trend,11.61,-26.25,758.71,724.82,628.64,39.23,5.86,,,610.6,747.91,1.33,ELEVATED,40,0,3
IFCI.NS,BUY,68.53,uptrend,65.2,2.0,63.12,59.05,55.95,2.47,3.61,67.16,69.9,63.59,80.89,2.5,NORMAL,77,3,0
NIVABUPA.NS,SELL,83.5,downtrend,46.97,1.73,81.98,77.36,77.62,2.41,2.89,,,88.32,71.45,2.5,NORMAL,71,1,2
INDIAMART.NS,HOLD,2015.7,weak_trend,39.42,-18.18,2023.68,2059.38,2270.35,41.29,2.05,,,1953.76,2098.29,1.33,NORMAL,40,1,2
GESHIP.NS,HOLD,1418.9,weak_trend,39.46,19.15,1573.13,1482.78,1193.49,92.88,6.55,,,1279.58,1604.65,1.33,ELEVATED,40,0,3
PARADEEP.NS,SELL,125.96,downtrend,52.03,0.52,125.33,122.52,152.55,5.03,3.99,,,136.02,100.81,2.5,NORMAL,68,1,2
CEATLTD.NS,HOLD,3241.0,weak_trend,44.44,-58.9,3260.67,3424.62,3613.66,91.2,2.81,,,3104.2,3423.4,1.33,NORMAL,40,0,3
TRIDENT.NS,SELL,24.04,downtrend,31.61,-0.17,24.77,24.6,26.26,0.62,2.59,,,25.29,20.93,2.5,NORMAL,79,1,2
RAINBOW.NS,HOLD,1380.3,weak_trend,70.27,33.15,1319.1,1252.02,1315.76,38.62,2.8,,,1322.37,1457.54,1.33,NORMAL,40,1,2
INTELLECT.NS,SELL,716.85,downtrend,32.56,-1.09,724.16,696.02,883.37,26.06,3.64,,,768.97,586.55,2.5,NORMAL,78,0,3
SYRMA.NS,SELL,1088.55,downtrend,47.93,29.63,1041.63,937.18,821.1,50.79,4.67,,,1190.12,834.62,2.5,ELEVATED,71,1,2
FINEORG.NS,SELL,4625.4,downtrend,47.95,-2.5,4615.65,4561.05,4510.53,146.96,3.18,,,4919.33,3890.58,2.5,NORMAL,71,1,2
NUVOCO.NS,SELL,348.65,downtrend,60.23,7.61,320.08,306.41,364.55,12.59,3.61,,,373.82,285.72,2.5,NORMAL,64,2,1
BATAINDIA.NS,SELL,668.95,downtrend,29.07,-9.41,700.5,699.12,931.59,15.81,2.36,,,700.57,589.9,2.5,NORMAL,80,1,2
SWANCORP.NS,HOLD,329.3,weak_trend,41.17,-4.36,328.61,329.2,411.49,10.79,3.28,,,313.11,350.89,1.33,NORMAL,40,1,2
KIRLOSENG.NS,HOLD,1928.0,weak_trend,70.97,61.41,1709.74,1589.59,1222.25,84.71,4.39,,,1800.94,2097.41,1.33,ELEVATED,40,2,1
BLS.NS,SELL,260.9,downtrend,29.38,-3.53,270.35,270.91,305.11,10.94,4.19,,,282.79,206.19,2.5,ELEVATED,80,0,3
AARTIIND.NS,HOLD,475.0,weak_trend,44.66,6.62,481.71,456.9,406.3,15.26,3.21,,,452.11,505.51,1.33,NORMAL,40,0,3
THELEELA.NS,HOLD,413.4,weak_trend,40.35,-2.58,416.16,418.4,424.37,11.58,2.8,,,396.03,436.56,1.33,NORMAL,40,0,3
SPLPETRO.NS,SELL,665.65,downtrend,21.41,-17.88,705.74,723.27,701.05,21.64,3.25,,,708.92,557.47,2.5,NORMAL,84,0,3
BLUEDART.NS,SELL,4741.5,downtrend,11.02,-146.14,5141.26,5153.23,5542.26,134.18,2.83,,,5009.86,4070.61,2.5,NORMAL,89,0,3
ZYDUSWELL.NS,SELL,507.05,downtrend,47.69,0.5,501.25,485.49,450.24,19.08,3.76,,,545.2,411.67,2.5,NORMAL,71,2,1
KSB.NS,SELL,789.9,downtrend,5.12,-23.54,844.9,869.08,791.4,23.15,2.93,,,836.19,674.17,2.5,NORMAL,92,1,2
PCBL.NS,SELL,289.85,downtrend,47.29,1.2,290.46,278.16,317.65,11.37,3.92,,,312.59,233.01,2.5,NORMAL,71,0,3
JWL.NS,SELL,290.75,downtrend,50.31,3.03,286.49,277.02,301.81,11.48,3.95,,,313.71,233.36,2.5,NORMAL,69,1,2
ZENTEC.NS,HOLD,1664.7,weak_trend,54.88,24.31,1598.8,1552.7,1435.0,56.59,3.4,,,1579.82,1777.87,1.33,NORMAL,40,2,1
GODREJAGRO.NS,HOLD,576.2,weak_trend,46.83,-1.61,577.76,582.56,620.95,15.94,2.77,,,552.29,608.08,1.33,NORMAL,40,0,3
IEX.NS,HOLD,128.31,weak_trend,48.73,0.62,126.93,124.44,131.3,2.64,2.06,,,124.35,133.59,1.33,NORMAL,40,1,2
BBTC.NS,SELL,1501.6,downtrend,40.99,3.15,1523.61,1493.35,1741.64,42.79,2.85,,,1587.17,1287.67,2.5,NORMAL,74,0,3
CYIENT.NS,HOLD,908.25,weak_trend,45.56,6.41,898.6,879.33,1062.35,22.07,2.43,,,875.15,952.39,1.33,NORMAL,40,1,2
INDGN.NS,SELL,521.55,downtrend,43.81,5.34,521.24,491.65,517.58,16.29,3.12,,,554.12,440.12,2.5,NORMAL,73,2,1
AAVAS.NS,SELL,1343.1,downtrend,37.91,7.98,1387.94,1300.56,1464.71,41.89,3.12,,,1426.89,1133.64,2.5,NORMAL,76,0,3
MINDACORP.NS,HOLD,624.4,weak_trend,75.5,21.01,541.75,525.97,550.81,25.45,4.08,,,586.22,675.31,1.33,ELEVATED,40,2,1
BELRISE.NS,SELL,216.46,downtrend,44.35,1.96,214.22,205.72,173.28,8.15,3.76,,,232.76,175.71,2.5,NORMAL,72,2,1
CELLO.NS,SELL,368.25,downtrend,23.79,-9.6,400.49,408.22,516.62,13.91,3.78,,,396.08,298.68,2.5,NORMAL,83,1,2
JPPOWER.NS,BUY,21.87,uptrend,67.7,0.87,19.31,18.08,17.53,1.23,5.62,21.43,22.31,19.41,28.02,2.5,ELEVATED,78,3,0
TARIL.NS,HOLD,320.55,weak_trend,47.77,2.05,313.64,302.95,352.66,12.95,4.04,,,301.12,346.45,1.33,ELEVATED,40,0,3
NEWGEN.NS,SELL,442.7,downtrend,28.26,-10.71,464.27,460.41,708.89,15.76,3.56,,,474.21,363.91,2.5,NORMAL,80,0,3
ANURAS.NS,HOLD,1293.9,weak_trend,23.47,9.24,1361.76,1309.34,1224.08,36.49,2.82,,,1239.17,1366.87,1.33,NORMAL,40,1,2
GRANULES.NS,HOLD,773.85,weak_trend,56.35,25.17,747.94,685.3,586.39,22.28,2.88,,,740.43,818.41,1.33,NORMAL,40,1,2
GRAVITA.NS,SELL,1612.9,downtrend,29.24,8.01,1684.45,1572.49,1656.25,61.26,3.8,,,1735.43,1306.58,2.5,NORMAL,80,0,3
HOMEFIRST.NS,SELL,1065.2,downtrend,25.01,-8.56,1120.9,1071.73,1151.88,38.68,3.63,,,1142.56,871.81,2.5,NORMAL,82,1,2
MGL.NS,SELL,1095.0,downtrend,36.66,-1.89,1098.41,1060.95,1158.33,38.82,3.55,,,1172.64,900.89,2.5,NORMAL,76,1,2
USHAMART.NS,HOLD,506.05,weak_trend,63.76,13.9,475.68,446.25,431.4,16.65,3.29,,,481.07,539.35,1.33,NORMAL,40,2,1
LEMONTREE.NS,HOLD,113.95,weak_trend,46.16,0.19,115.69,113.65,141.81,3.48,3.05,,,108.73,120.91,1.33,NORMAL,40,1,2
TEGA.NS,SELL,1766.0,downtrend,61.88,-9.27,1615.93,1664.98,1825.11,65.9,3.73,,,1897.8,1436.5,2.5,NORMAL,64,2,1
VTL.NS,HOLD,577.15,weak_trend,48.61,4.71,606.28,575.1,476.01,22.41,3.88,,,543.53,621.98,1.33,NORMAL,40,0,3
NCC.NS,SELL,152.03,downtrend,26.45,-2.24,158.29,153.33,173.7,4.98,3.27,,,161.98,127.15,2.5,NORMAL,81,0,3
FINCABLES.NS,HOLD,1136.3,weak_trend,49.34,39.88,1070.36,958.28,838.96,49.5,4.36,,,1062.04,1235.31,1.33,ELEVATED,40,1,2
ACE.NS,SELL,884.95,downtrend,38.85,1.81,893.16,875.12,954.56,29.92,3.38,,,944.8,735.33,2.5,NORMAL,75,0,3
ELECON.NS,HOLD,510.0,weak_trend,37.88,13.8,518.44,461.04,492.52,23.46,4.6,,,474.8,556.93,1.33,ELEVATED,40,0,3
EMBDL.NS,SELL,60.38,downtrend,34.21,2.18,63.5,53.86,72.65,4.46,7.38,,,69.29,38.09,2.5,ELEVATED,77,0,3
JINDALSAW.NS,BUY,247.09,uptrend,53.89,4.2,229.95,216.82,190.86,9.92,4.01,242.15,252.03,227.25,296.69,2.5,ELEVATED,71,3,0
WELSPUNLIV.NS,HOLD,137.97,weak_trend,56.93,3.17,136.37,127.28,127.07,4.88,3.54,,,130.65,147.73,1.33,NORMAL,40,1,2
NSLNISP.NS,HOLD,44.62,weak_trend,56.4,1.05,43.94,41.11,41.78,1.73,3.87,,,42.03,48.08,1.33,NORMAL,40,2,1
ACUTAAS.NS,HOLD,3132.5,weak_trend,70.53,149.56,2826.03,2550.93,1908.31,111.41,3.56,,,2965.39,3355.31,1.33,NORMAL,40,2,1
RITES.NS,SELL,202.24,downtrend,16.8,-2.68,213.28,207.36,228.98,6.32,3.13,,,214.88,170.64,2.5,NORMAL,86,0,3
CCL.NS,HOLD,1053.8,weak_trend,36.97,-12.17,1108.46,1097.69,980.64,32.01,3.04,,,1005.79,1117.81,1.33,NORMAL,40,0,3
FINPIPE.NS,HOLD,186.22,weak_trend,62.25,3.45,174.54,171.17,183.43,7.17,3.85,,,175.47,200.56,1.33,NORMAL,40,2,1
SAMMAANCAP.NS,HOLD,177.01,weak_trend,79.21,6.96,152.36,148.73,148.91,6.88,3.89,,,166.69,190.77,1.33,NORMAL,40,1,2
INGERRAND.NS,HOLD,4352.0,weak_trend,45.0,68.43,4395.07,4100.72,3780.38,138.36,3.18,,,4144.45,4628.73,1.33,NORMAL,40,0,3
INDIACEM.NS,SELL,381.95,downtrend,32.76,-0.26,399.48,389.58,404.68,11.9,3.12,,,405.76,322.43,2.5,NORMAL,78,1,2
BLUEJET.NS,SELL,449.35,downtrend,39.71,10.54,459.63,415.83,532.02,27.0,6.01,,,503.34,314.37,2.5,ELEVATED,75,1,2
CARTRADE.NS,SELL,1735.2,downtrend,24.38,-8.5,1794.15,1759.05,2340.25,83.0,4.78,,,1901.2,1320.2,2.5,ELEVATED,82,0,3
CHENNPETRO.NS,HOLD,1058.2,weak_trend,51.64,2.71,1038.58,1026.94,884.11,30.79,2.91,,,1012.02,1119.77,1.33,NORMAL,40,2,1
TSFINV.NS,SELL,408.9,downtrend,42.94,2.56,406.01,390.14,471.46,15.03,3.67,,,438.95,333.77,2.5,NORMAL,73,1,2
SBFC.NS,SELL,94.3,downtrend,40.86,-0.29,92.89,91.31,100.99,2.53,2.68,,,99.36,81.66,2.5,NORMAL,74,1,2
RAILTEL.NS,SELL,315.3,downtrend,35.93,1.19,327.37,308.07,337.07,8.92,2.83,,,333.14,270.71,2.5,NORMAL,77,0,3
CLEAN.NS,SELL,797.5,downtrend,31.66,-5.55,799.75,759.74,907.35,33.33,4.18,,,864.16,630.86,2.5,ELEVATED,79,1,2
TITAGARH.NS,HOLD,826.15,weak_trend,52.3,20.67,797.9,733.79,803.38,31.01,3.75,,,779.64,888.16,1.33,NORMAL,40,2,1
JYOTHYLAB.NS,SELL,204.55,downtrend,8.04,-10.48,228.76,228.1,276.05,8.36,4.09,,,221.27,162.75,2.5,ELEVATED,90,0,3
SHRIPISTON.NS,HOLD,3391.0,weak_trend,32.05,-25.09,3415.36,3321.93,2935.21,114.91,3.39,,,3218.64,3620.81,1.33,NORMAL,40,1,2
ALIVUS.NS,HOLD,1055.5,weak_trend,33.04,5.15,1076.86,1039.67,949.75,37.99,3.6,,,998.52,1131.47,1.33,NORMAL,40,0,3
ENGINERSIN.NS,HOLD,231.7,weak_trend,38.82,-1.12,244.16,226.91,203.6,12.54,5.41,,,212.89,256.78,1.33,ELEVATED,40,0,3
J&KBANK.NS,HOLD,140.36,weak_trend,48.39,3.54,135.9,128.07,110.65,5.03,3.58,,,132.82,150.42,1.33,NORMAL,40,1,2
OLECTRA.NS,SELL,1180.0,downtrend,17.01,3.43,1247.6,1177.68,1269.95,45.83,3.88,,,1271.66,950.86,2.5,NORMAL,86,0,3
GRINFRA.NS,SELL,899.7,downtrend,19.39,1.0,946.8,899.72,1048.42,28.67,3.19,,,957.04,756.34,2.5,NORMAL,85,1,2
JUBLINGREA.NS,SELL,646.2,downtrend,26.31,2.42,722.87,668.15,672.79,32.79,5.07,,,711.79,482.24,2.5,ELEVATED,81,1,2
SANOFI.NS,SELL,3097.1,downtrend,28.29,-64.93,3251.56,3326.9,4115.65,62.65,2.02,,,3222.4,2783.85,2.5,NORMAL,80,1,2
SANOFICONR.NS,SELL,4588.5,downtrend,43.88,3.5,4713.89,4581.99,4635.42,188.49,4.11,,,4965.47,3646.07,2.5,ELEVATED,73,0,3
EUREKAFORB.NS,SELL,440.25,downtrend,25.87,-11.42,492.4,482.2,542.64,23.49,5.34,,,487.23,322.8,2.5,ELEVATED,82,0,3
WAAREERTL.NS,SELL,974.0,downtrend,35.58,-2.62,984.54,955.57,1000.06,29.86,3.07,,,1033.71,824.71,2.5,NORMAL,77,0,3
RELAXO.NS,SELL,345.3,downtrend,69.47,4.02,299.48,290.7,383.34,12.33,3.57,,,369.95,283.67,2.5,NORMAL,60,2,1
PRUDENT.NS,HOLD,2720.2,weak_trend,39.87,11.4,2768.33,2582.13,2592.29,90.29,3.32,,,2584.77,2900.77,1.33,NORMAL,40,1,2
TTML.NS,SELL,42.81,downtrend,40.5,0.16,42.68,41.07,48.56,1.35,3.16,,,45.51,36.05,2.5,NORMAL,74,0,3
CANFINHOME.NS,SELL,829.65,downtrend,37.25,-8.39,851.96,851.03,849.02,19.96,2.41,,,869.56,729.86,2.5,NORMAL,76,0,3
BSOFT.NS,HOLD,319.35,weak_trend,30.95,-11.04,334.74,354.03,382.16,12.72,3.98,,,300.27,344.79,1.33,NORMAL,40,0,3
GRAPHITE.NS,HOLD,727.75,weak_trend,48.82,11.55,740.14,693.03,614.66,31.25,4.29,,,680.87,790.26,1.33,ELEVATED,40,1,2
JKTYRE.NS,SELL,408.0,downtrend,55.49,-2.7,389.78,402.15,431.94,12.93,3.17,,,433.86,343.34,2.5,NORMAL,67,1,2
BLACKBUCK.NS,SELL,510.55,downtrend,27.26,-16.49,537.36,567.54,613.08,23.84,4.67,,,558.22,391.37,2.5,ELEVATED,81,0,3
ZEEL.NS,SELL,93.11,downtrend,53.87,0.7,88.58,83.78,95.51,4.02,4.32,,,101.16,72.99,2.5,ELEVATED,68,2,1
SAFARI.NS,HOLD,1503.7,weak_trend,46.98,0.16,1480.75,1503.43,1964.52,61.61,4.1,,,1411.28,1626.93,1.33,ELEVATED,40,0,3
INOXINDIA.NS,HOLD,1493.6,weak_trend,51.6,20.22,1465.85,1385.96,1214.64,63.84,4.27,,,1397.85,1621.27,1.33,ELEVATED,40,1,2
HFCL.NS,HOLD,179.94,weak_trend,74.03,16.93,149.62,111.14,80.97,9.51,5.29,,,165.68,198.96,1.33,ELEVATED,40,2,1
PVRINOX.NS,SELL,962.6,downtrend,20.04,-13.11,1011.97,990.84,1052.68,24.99,2.6,,,1012.59,837.64,2.5,NORMAL,84,0,3
SCI.NS,HOLD,292.3,weak_trend,27.52,3.17,321.44,284.61,241.34,16.83,5.76,,,267.06,325.96,1.33,ELEVATED,40,0,3
JKLAKSHMI.NS,SELL,590.35,downtrend,14.36,-12.5,640.4,630.61,763.74,19.38,3.28,,,629.11,493.44,2.5,NORMAL,87,0,3
VIJAYA.NS,HOLD,1308.5,weak_trend,53.54,50.1,1253.01,1086.8,1030.8,59.37,4.54,,,1219.44,1427.24,1.33,ELEVATED,40,1,2
PRIVISCL.NS,HOLD,3255.2,weak_trend,35.83,31.11,3280.41,3128.24,2864.45,133.95,4.11,,,3054.27,3523.1,1.33,ELEVATED,40,1,2
SONATSOFTW.NS,SELL,265.1,downtrend,24.26,1.51,270.08,255.81,319.83,10.51,3.96,,,286.11,212.56,2.5,NORMAL,82,0,3
AETHER.NS,HOLD,1098.0,weak_trend,25.09,-18.67,1141.12,1139.72,923.56,47.91,4.36,,,1026.13,1193.83,1.33,ELEVATED,40,0,3
AZAD.NS,HOLD,2016.7,weak_trend,38.33,21.35,2098.28,1890.96,1680.08,96.67,4.79,,,1871.69,2210.04,1.33,ELEVATED,40,0,3
EDELWEISS.NS,HOLD,112.82,weak_trend,25.83,-1.18,114.87,113.63,111.03,3.68,3.26,,,107.3,120.19,1.33,NORMAL,40,0,3
NAZARA.NS,HOLD,277.75,weak_trend,55.46,6.67,278.97,261.9,268.6,12.42,4.47,,,259.12,302.59,1.33,ELEVATED,40,0,3
METROPOLIS.NS,HOLD,555.35,weak_trend,48.68,14.75,527.46,485.76,490.1,23.55,4.24,,,520.02,602.46,1.33,ELEVATED,40,1,2
IXIGO.NS,HOLD,168.36,weak_trend,49.98,-0.77,166.24,169.61,232.42,7.37,4.38,,,157.31,183.09,1.33,ELEVATED,40,1,2
BALRAMCHIN.NS,HOLD,514.8,weak_trend,44.35,4.28,532.52,510.71,480.37,17.93,3.48,,,487.91,550.65,1.33,NORMAL,40,0,3
VESUVIUS.NS,SELL,468.25,downtrend,30.68,-6.51,487.65,482.37,491.23,14.33,3.06,,,496.9,396.62,2.5,NORMAL,79,0,3
WESTLIFE.NS,SELL,449.9,downtrend,20.01,-3.58,478.82,465.87,557.81,17.33,3.85,,,484.56,363.24,2.5,NORMAL,84,1,2
RKFORGE.NS,HOLD,566.4,weak_trend,25.64,-0.36,583.57,552.19,545.29,18.53,3.27,,,538.61,603.45,1.33,NORMAL,40,0,3
STARCEMENT.NS,SELL,217.95,downtrend,29.14,-1.9,222.45,219.23,234.64,7.45,3.42,,,232.86,180.69,2.5,NORMAL,80,1,2
GENUSPOWER.NS,HOLD,313.3,weak_trend,41.17,6.69,317.75,287.55,300.31,12.74,4.07,,,294.2,338.77,1.33,ELEVATED,40,0,3
RELINFRA.NS,SELL,64.08,downtrend,0.0,-4.17,69.32,75.48,157.41,0.49,0.77,,,65.07,61.61,2.5,LOW,95,0,3
HEG.NS,HOLD,566.85,weak_trend,39.63,-5.61,594.79,584.75,546.19,20.64,3.64,,,535.89,608.14,1.33,NORMAL,40,0,3
PGHL.NS,BUY,6056.0,uptrend,69.12,217.56,5416.89,5134.08,5531.1,234.07,3.87,5934.88,6177.12,5587.86,7226.36,2.5,NORMAL,79,3,0
ALKYLAMINE.NS,HOLD,1651.3,weak_trend,50.56,49.03,1694.92,1515.24,1689.8,81.48,4.93,,,1529.08,1814.26,1.33,ELEVATED,40,0,3
TEJASNET.NS,BUY,520.4,uptrend,66.55,17.27,472.21,442.42,476.66,25.02,4.81,509.99,530.81,470.35,645.53,2.5,ELEVATED,78,3,0
SHAILY.NS,HOLD,2989.5,weak_trend,65.9,117.2,2706.37,2385.2,2265.01,157.45,5.27,,,2753.33,3304.4,1.33,ELEVATED,40,2,1
TIMETECHNO.NS,SELL,174.71,downtrend,38.18,-1.63,179.25,178.45,197.11,5.36,3.07,,,185.43,147.92,2.5,NORMAL,75,1,2
BANCOINDIA.NS,BUY,656.25,uptrend,61.4,8.04,616.1,592.73,649.58,22.21,3.38,643.12,669.38,611.84,767.29,2.5,NORMAL,75,3,0
AVANTIFEED.NS,HOLD,1203.6,weak_trend,23.57,-20.98,1326.3,1325.2,959.08,59.36,4.93,,,1114.56,1322.31,1.33,ELEVATED,40,1,2
IIFLCAPS.NS,SELL,341.4,downtrend,28.65,8.15,340.58,308.66,316.5,6.64,1.94,,,354.67,308.22,2.5,LOW,80,2,1
ASKAUTOLTD.NS,SELL,455.95,downtrend,57.53,4.34,451.24,440.11,466.56,13.91,3.05,,,483.77,386.4,2.5,NORMAL,66,1,2
MEDPLUS.NS,HOLD,895.2,weak_trend,53.59,5.71,895.63,871.14,826.78,42.45,4.74,,,831.53,980.1,1.33,ELEVATED,40,0,3
SHAKTIPUMP.NS,SELL,524.75,downtrend,36.54,-8.39,530.51,524.35,673.54,16.74,3.19,,,558.23,441.05,2.5,NORMAL,76,1,2
ABFRL.NS,SELL,64.61,downtrend,48.7,0.42,64.67,62.34,73.22,2.38,3.68,,,69.36,52.73,2.5,NORMAL,70,1,2
MMTC.NS,HOLD,64.88,weak_trend,43.83,0.5,65.02,62.47,63.42,2.23,3.44,,,61.53,69.35,1.33,NORMAL,40,0,3
SUDARSCHEM.NS,SELL,938.0,downtrend,54.94,28.48,933.22,866.26,1053.77,52.24,5.57,,,1042.47,676.82,2.5,ELEVATED,67,1,2
RHIM.NS,HOLD,406.6,weak_trend,48.01,2.22,398.97,387.88,439.72,16.58,4.08,,,381.73,439.76,1.33,ELEVATED,40,1,2
JLHL.NS,SELL,1327.1,downtrend,66.17,21.1,1292.66,1271.83,1373.87,54.47,4.1,,,1436.05,1054.74,2.5,ELEVATED,61,1,2
INDIASHLTR.NS,SELL,763.85,downtrend,18.97,-5.31,809.35,782.0,825.89,23.12,3.03,,,810.09,648.24,2.5,NORMAL,85,1,2
ASTRAMICRO.NS,HOLD,1401.7,weak_trend,84.32,78.46,1183.45,1080.81,1015.35,54.08,3.86,,,1320.58,1509.86,1.33,NORMAL,40,2,1
TDPOWERSYS.NS,HOLD,1318.6,weak_trend,64.93,72.63,1252.42,1072.9,784.0,73.62,5.58,,,1208.17,1465.84,1.33,ELEVATED,40,1,2
KPIGREEN.NS,SELL,420.95,downtrend,27.38,-1.44,442.81,423.51,443.94,17.95,4.27,,,456.86,331.18,2.5,ELEVATED,81,0,3
TRANSRAILL.NS,SELL,479.5,downtrend,17.25,-17.35,533.88,534.45,616.69,20.12,4.2,,,519.74,378.91,2.5,ELEVATED,86,1,2
BIRLACORPN.NS,HOLD,997.3,weak_trend,50.55,15.65,999.1,938.6,1085.69,38.42,3.85,,,939.67,1074.14,1.33,NORMAL,40,0,3
SAPPHIRE.NS,SELL,180.95,downtrend,46.85,0.81,183.4,174.46,237.84,7.07,3.91,,,195.09,145.6,2.5,NORMAL,71,0,3
MAPMYINDIA.NS,SELL,819.75,downtrend,14.51,-31.21,934.61,916.5,1404.77,47.53,5.8,,,914.81,582.11,2.5,ELEVATED,87,0,3
UJJIVANSFB.NS,HOLD,54.39,weak_trend,21.08,-1.03,56.98,56.33,53.62,2.04,3.74,,,51.34,58.46,1.33,NORMAL,40,0,3
HCG.NS,HOLD,637.25,weak_trend,55.25,19.29,631.72,585.18,645.0,24.08,3.78,,,601.13,685.41,1.33,NORMAL,40,0,3
NESCO.NS,SELL,1173.6,downtrend,28.58,8.89,1252.59,1167.44,1255.58,42.04,3.58,,,1257.67,963.42,2.5,NORMAL,80,0,3
HAPPYFORGE.NS,HOLD,1387.4,weak_trend,40.7,20.21,1390.02,1318.18,1119.53,65.61,4.73,,,1288.98,1518.63,1.33,ELEVATED,40,0,3
HONASA.NS,HOLD,406.4,weak_trend,71.42,17.85,362.74,335.9,298.22,15.54,3.82,,,383.09,437.48,1.33,NORMAL,40,1,2
KRBL.NS,SELL,350.2,downtrend,45.83,1.6,355.25,337.37,373.14,15.43,4.41,,,381.06,273.06,2.5,ELEVATED,72,0,3
VARROC.NS,SELL,565.4,downtrend,52.37,12.64,559.41,526.61,576.19,18.46,3.27,,,602.32,473.1,2.5,NORMAL,68,2,1
SANSERA.NS,HOLD,2861.0,weak_trend,74.01,137.74,2607.08,2424.05,1854.98,116.31,4.07,,,2686.53,3093.63,1.33,ELEVATED,40,1,2
LATENTVIEW.NS,SELL,322.55,downtrend,57.49,5.57,310.17,296.69,392.96,14.76,4.58,,,352.06,248.76,2.5,ELEVATED,66,1,2
WABAG.NS,BUY,1527.8,uptrend,60.69,29.45,1452.14,1387.33,1363.77,51.7,3.38,1497.24,1558.36,1424.4,1786.3,2.5,NORMAL,75,3,0
LLOYDSENT.NS,HOLD,72.06,weak_trend,51.13,2.38,70.23,61.53,62.9,3.32,4.61,,,67.08,78.7,1.33,ELEVATED,40,1,2
TI.NS,HOLD,455.35,weak_trend,46.64,-0.93,445.88,444.6,457.48,15.4,3.38,,,432.24,486.16,1.33,NORMAL,40,1,2
ALOKINDS.NS,SELL,12.75,downtrend,27.65,-0.28,13.33,13.3,15.73,0.49,3.81,,,13.72,10.32,2.5,NORMAL,81,1,2
SANDUMA.NS,HOLD,226.31,weak_trend,44.54,6.33,226.84,209.22,202.08,10.38,4.59,,,210.74,247.07,1.33,ELEVATED,40,0,3
TTKPRESTIG.NS,HOLD,539.5,weak_trend,58.03,6.87,527.51,498.73,590.78,29.61,5.49,,,495.09,598.71,1.33,ELEVATED,40,0,3
DBREALTY.NS,SELL,120.12,downtrend,26.77,1.81,123.06,109.12,131.19,6.26,5.21,,,132.63,88.84,2.5,ELEVATED,81,0,3
MARKSANS.NS,HOLD,246.19,weak_trend,76.28,15.85,214.23,190.45,182.02,12.44,5.05,,,227.53,271.07,1.33,ELEVATED,40,2,1
TCI.NS,HOLD,919.7,weak_trend,34.82,-13.98,917.66,944.01,1059.97,32.16,3.5,,,871.46,984.01,1.33,NORMAL,40,1,2
BBOX.NS,HOLD,1037.15,weak_trend,98.0,104.05,872.72,663.33,555.16,55.33,5.33,,,954.16,1147.81,1.33,ELEVATED,40,1,2
POWERMECH.NS,SELL,2500.7,downtrend,41.45,44.66,2494.55,2285.61,2447.51,100.53,4.02,,,2701.76,1998.06,2.5,ELEVATED,74,2,1
SOUTHBANK.NS,HOLD,41.42,weak_trend,58.68,0.52,40.34,38.81,37.19,1.14,2.75,,,39.71,43.7,1.33,NORMAL,40,2,1
LOTUSDEV.NS,SELL,137.88,downtrend,33.61,-0.33,140.65,134.6,158.52,4.38,3.17,,,146.63,116.0,2.5,NORMAL,78,0,3
JAIBALAJI.NS,SELL,72.37,downtrend,32.29,-0.25,78.94,71.05,78.99,4.85,6.71,,,82.08,48.1,2.5,ELEVATED,78,0,3
SAREGAMA.NS,HOLD,424.15,weak_trend,71.36,18.97,381.11,354.87,390.85,24.22,5.71,,,387.82,472.59,1.33,ELEVATED,40,1,2
JSLL.NS,SELL,614.95,downtrend,21.91,-12.6,679.74,653.12,696.7,37.74,6.14,,,690.44,426.24,2.5,ELEVATED,84,1,2
PCJEWELLER.NS,SELL,9.6,downtrend,61.26,0.0,8.87,8.89,10.71,0.38,3.95,,,10.36,7.7,2.5,NORMAL,64,2,1
LUMAXTECH.NS,BUY,1724.8,uptrend,53.16,-0.66,1645.78,1663.67,1440.51,64.01,3.71,1690.3,1759.3,1596.77,2044.87,2.5,NORMAL,71,3,0
TANLA.NS,SELL,525.4,downtrend,39.39,6.82,528.15,485.51,545.32,18.64,3.55,,,562.67,432.22,2.5,NORMAL,75,0,3
MANORAMA.NS,HOLD,1426.4,weak_trend,34.04,3.12,1449.48,1379.81,1368.39,69.38,4.86,,,1322.33,1565.16,1.33,ELEVATED,40,0,3
ARVIND.NS,HOLD,473.35,weak_trend,66.94,23.95,455.69,407.56,343.56,17.63,3.72,,,446.91,508.61,1.33,NORMAL,40,1,2
APOLLO.NS,HOLD,409.0,weak_trend,74.84,36.77,342.99,280.38,266.74,25.4,6.21,,,370.9,459.8,1.33,ELEVATED,40,1,2
PNGJL.NS,SELL,546.1,downtrend,13.96,-30.09,603.45,608.83,603.57,28.99,5.31,,,604.07,401.17,2.5,ELEVATED,88,0,3
MAHSEAMLES.NS,HOLD,621.6,weak_trend,30.28,1.16,639.1,619.67,587.61,21.41,3.44,,,589.49,664.41,1.33,NORMAL,40,1,2
HAPPSTMNDS.NS,HOLD,371.7,weak_trend,44.13,-0.5,372.17,377.43,455.9,11.85,3.19,,,353.93,395.39,1.33,NORMAL,40,1,2
CAMPUS.NS,SELL,253.2,downtrend,52.48,0.65,243.03,239.97,259.93,8.98,3.55,,,271.16,208.3,2.5,NORMAL,68,1,2
RELIGARE.NS,SELL,237.55,downtrend,61.77,4.09,227.86,223.98,239.71,8.19,3.45,,,253.94,196.58,2.5,NORMAL,64,1,2
GMRP&UI.NS,HOLD,109.52,weak_trend,51.92,0.73,109.75,106.14,111.77,5.11,4.66,,,101.86,119.73,1.33,ELEVATED,40,1,2
BECTORFOOD.NS,SELL,171.71,downtrend,19.62,-4.72,186.66,189.06,232.66,6.22,3.62,,,184.15,140.6,2.5,NORMAL,85,1,2
RCF.NS,HOLD,128.47,weak_trend,46.28,0.89,127.85,124.75,137.05,4.45,3.47,,,121.79,137.38,1.33,NORMAL,40,0,3
ESABINDIA.NS,HOLD,6511.0,weak_trend,36.07,214.41,6809.49,6022.8,5544.98,263.96,4.05,,,6115.05,7038.93,1.33,ELEVATED,40,1,2
VOLTAMP.NS,HOLD,9497.0,weak_trend,49.01,-199.48,9678.8,9622.81,8230.25,309.14,3.26,,,9033.29,10115.29,1.33,NORMAL,40,0,3
STAR.NS,HOLD,1111.8,weak_trend,36.9,32.25,1133.4,1040.23,918.27,60.11,5.41,,,1021.63,1232.03,1.33,ELEVATED,40,1,2
GALAXYSURF.NS,SELL,1795.3,downtrend,17.34,-0.42,1849.68,1778.69,2028.99,47.2,2.63,,,1889.7,1559.3,2.5,NORMAL,86,0,3
MAHLIFE.NS,HOLD,332.7,weak_trend,49.79,1.16,333.07,332.43,364.46,9.2,2.77,,,318.89,351.11,1.33,NORMAL,40,1,2
GPPL.NS,SELL,157.35,downtrend,50.46,0.42,155.94,153.85,163.87,4.42,2.81,,,166.19,135.26,2.5,NORMAL,69,2,1
SHARDACROP.NS,SELL,905.0,downtrend,27.52,-41.31,1005.77,1017.12,943.64,75.37,8.33,,,1055.74,528.14,2.5,ELEVATED,81,0,3
OSWALPUMPS.NS,SELL,362.05,downtrend,17.27,-7.91,385.51,371.66,535.69,14.95,4.13,,,391.96,287.28,2.5,ELEVATED,86,0,3
DODLA.NS,HOLD,1081.1,weak_trend,40.69,0.91,1079.03,1061.52,1209.49,40.01,3.7,,,1021.08,1161.13,1.33,NORMAL,40,0,3
NETWORK18.NS,SELL,31.23,downtrend,25.94,-0.66,32.75,32.63,42.38,1.04,3.34,,,33.32,26.01,2.5,NORMAL,82,1,2
DIACABS.NS,HOLD,194.31,weak_trend,64.0,11.34,185.96,158.64,146.27,10.16,5.23,,,179.07,214.63,1.33,ELEVATED,40,1,2
GRWRHITECH.NS,HOLD,6117.9,weak_trend,71.16,419.82,5363.16,4422.3,3670.16,283.18,4.63,,,5693.13,6684.26,1.33,ELEVATED,40,1,2
CERA.NS,HOLD,5564.5,weak_trend,26.97,113.2,5685.25,5290.5,5545.44,188.46,3.39,,,5281.8,5941.43,1.33,NORMAL,40,0,3
KIRLPNU.NS,HOLD,1574.3,weak_trend,56.48,72.08,1572.92,1355.72,1197.77,68.34,4.34,,,1471.79,1710.99,1.33,ELEVATED,40,2,1
BORORENEW.NS,SELL,501.75,downtrend,26.51,3.41,523.52,481.6,539.46,23.08,4.6,,,547.9,386.37,2.5,ELEVATED,81,0,3
KALPATARU.NS,SELL,329.15,downtrend,21.1,1.8,341.13,317.91,349.91,18.71,5.68,,,366.56,235.61,2.5,ELEVATED,84,0,3
TRIVENI.NS,HOLD,376.5,weak_trend,35.06,-5.08,387.97,386.53,365.87,13.48,3.58,,,356.28,403.46,1.33,NORMAL,40,0,3
GSFC.NS,SELL,163.11,downtrend,36.89,-0.27,171.57,165.85,180.81,5.15,3.16,,,173.41,137.36,2.5,NORMAL,76,1,2
GARFIBRES.NS,SELL,659.45,downtrend,59.55,4.49,637.25,625.62,693.38,19.46,2.95,,,698.38,562.13,2.5,NORMAL,65,1,2
ACI.NS,SELL,525.25,downtrend,16.88,-18.36,564.79,584.9,596.3,22.41,4.27,,,570.07,413.2,2.5,ELEVATED,86,0,3
SHILPAMED.NS,HOLD,498.95,weak_trend,66.01,24.44,465.78,416.78,370.09,24.41,4.89,,,462.34,547.76,1.33,ELEVATED,40,2,1
DBL.NS,SELL,425.1,downtrend,24.37,-6.58,454.94,440.84,465.22,14.6,3.43,,,454.3,352.1,2.5,NORMAL,82,0,3
MAXESTATES.NS,BUY,444.0,uptrend,65.73,14.4,413.91,386.83,429.06,19.28,4.34,435.12,452.88,405.45,540.38,2.5,ELEVATED,77,3,0
THOMASCOOK.NS,SELL,90.91,downtrend,35.13,-1.8,93.77,97.0,133.1,4.16,4.58,,,99.23,70.1,2.5,ELEVATED,77,1,2
AARTIPHARM.NS,SELL,633.25,downtrend,21.2,-10.11,723.97,690.89,758.96,26.96,4.26,,,687.18,498.43,2.5,ELEVATED,84,1,2
GNFC.NS,HOLD,504.3,weak_trend,52.27,13.68,503.54,461.72,480.94,21.28,4.22,,,472.38,546.86,1.33,ELEVATED,40,1,2
THANGAMAYL.NS,BUY,4204.9,uptrend,57.94,21.25,3864.14,3829.34,3141.41,213.29,5.07,4120.8,4289.0,3778.31,5271.36,2.5,ELEVATED,73,3,0
PRSMJOHNSN.NS,SELL,120.42,downtrend,36.84,-2.25,125.56,126.61,136.53,4.49,3.73,,,129.41,97.95,2.5,NORMAL,76,1,2
RUSTOMJEE.NS,SELL,397.95,downtrend,17.58,-1.39,404.67,395.88,507.5,13.86,3.48,,,425.66,328.66,2.5,NORMAL,86,0,3
AKUMS.NS,HOLD,524.5,weak_trend,34.54,0.67,533.89,516.06,470.53,22.92,4.37,,,490.11,570.35,1.33,ELEVATED,40,0,3
AJAXENGG.NS,BUY,590.0,uptrend,62.46,20.27,550.29,507.34,577.3,23.56,3.99,578.2,601.8,542.87,707.82,2.5,NORMAL,76,3,0
ETHOSLTD.NS,HOLD,2381.5,weak_trend,46.94,-5.12,2367.17,2353.86,2605.11,99.06,4.16,,,2232.9,2579.63,1.33,ELEVATED,40,0,3
PNCINFRA.NS,SELL,204.8,downtrend,26.1,0.71,215.81,201.57,246.85,8.13,3.97,,,221.07,164.14,2.5,NORMAL,81,1,2
FDC.NS,BUY,405.0,uptrend,60.17,12.56,379.44,359.83,403.1,17.77,4.39,396.9,413.1,369.46,493.86,2.5,ELEVATED,75,3,0
LLOYDSENGG.NS,HOLD,73.61,weak_trend,65.12,5.3,68.52,56.83,56.31,3.43,4.66,,,68.47,80.47,1.33,ELEVATED,40,2,1
REDTAPE.NS,BUY,139.52,uptrend,56.57,3.76,132.54,125.08,128.29,8.84,6.34,136.73,142.31,121.84,183.72,2.5,ELEVATED,73,3,0
TMB.NS,HOLD,692.55,weak_trend,54.53,0.85,695.31,667.14,553.16,22.27,3.22,,,659.15,737.09,1.33,NORMAL,40,1,2
TIPSMUSIC.NS,HOLD,662.45,weak_trend,52.19,15.76,652.26,599.9,556.07,24.19,3.65,,,626.17,710.83,1.33,NORMAL,40,1,2
EPIGRAL.NS,SELL,1155.9,downtrend,24.42,14.72,1258.08,1115.78,1348.71,47.62,4.12,,,1251.13,917.82,2.5,ELEVATED,82,0,3
INOXGREEN.NS,SELL,172.41,downtrend,26.27,0.58,182.13,167.62,188.77,6.37,3.7,,,185.15,140.55,2.5,NORMAL,81,0,3
SFL.NS,HOLD,605.0,weak_trend,55.51,23.11,584.84,545.07,603.92,31.53,5.21,,,557.71,668.06,1.33,ELEVATED,40,2,1
V2RETAIL.NS,BUY,230.03,uptrend,56.96,8.54,222.93,206.35,207.73,12.3,5.35,225.43,234.63,205.42,291.55,2.5,ELEVATED,73,3,0
MASTEK.NS,HOLD,1627.0,weak_trend,45.82,-2.4,1632.7,1602.76,1997.66,57.12,3.51,,,1541.32,1741.24,1.33,NORMAL,40,1,2
BALUFORGE.NS,SELL,475.9,downtrend,34.95,-1.84,505.01,478.83,551.15,23.33,4.9,,,522.56,359.24,2.5,ELEVATED,77,1,2
MOIL.NS,SELL,297.45,downtrend,36.8,-2.73,305.75,304.61,328.52,10.04,3.38,,,317.54,247.24,2.5,NORMAL,76,0,3
GANESHHOU.NS,SELL,705.85,downtrend,46.89,15.59,690.24,639.22,759.62,32.0,4.53,,,769.86,545.83,2.5,ELEVATED,71,1,2
RTNINDIA.NS,SELL,34.95,downtrend,38.59,0.28,35.31,32.99,41.7,1.23,3.52,,,37.41,28.8,2.5,NORMAL,75,0,3
PFOCUS.NS,HOLD,233.4,weak_trend,21.13,-18.9,269.31,297.23,226.45,15.97,6.84,,,209.44,265.34,1.33,ELEVATED,40,0,3
WELENT.NS,SELL,517.15,downtrend,48.24,4.43,509.72,483.91,499.07,22.59,4.37,,,562.33,404.2,2.5,ELEVATED,70,1,2
RAYMONDLSL.NS,SELL,706.4,downtrend,29.46,-24.09,762.98,781.66,1006.94,27.68,3.92,,,761.76,568.01,2.5,NORMAL,80,1,2
ISGEC.NS,HOLD,929.8,weak_trend,19.44,-3.56,1059.56,1007.2,915.47,42.87,4.61,,,865.49,1015.54,1.33,ELEVATED,40,1,2
PRAJIND.NS,HOLD,352.3,weak_trend,26.72,1.73,389.93,363.86,346.56,16.07,4.56,,,328.19,384.45,1.33,ELEVATED,40,1,2
RATEGAIN.NS,HOLD,746.45,weak_trend,70.59,40.55,658.36,583.19,609.26,39.79,5.33,,,686.77,826.03,1.33,ELEVATED,40,1,2
MIDHANI.NS,HOLD,420.65,weak_trend,55.71,11.93,407.7,366.44,361.25,20.13,4.79,,,390.45,460.91,1.33,ELEVATED,40,2,1
KTKBANK.NS,HOLD,269.35,weak_trend,65.58,5.8,260.58,248.43,203.39,9.42,3.5,,,255.22,288.19,1.33,NORMAL,40,2,1
YATHARTH.NS,HOLD,796.5,weak_trend,35.48,13.07,828.84,759.35,728.08,36.21,4.55,,,742.18,868.93,1.33,ELEVATED,40,1,2
CSBBANK.NS,HOLD,352.85,weak_trend,42.47,-5.01,363.6,373.9,400.34,12.26,3.47,,,334.46,377.36,1.33,NORMAL,40,0,3
EPL.NS,HOLD,213.65,weak_trend,24.46,-2.25,222.38,219.13,212.15,6.75,3.16,,,203.53,227.14,1.33,NORMAL,40,0,3
AURIONPRO.NS,HOLD,794.8,weak_trend,32.71,-13.52,814.01,827.92,1039.97,38.12,4.8,,,737.62,871.04,1.33,ELEVATED,40,0,3
JUSTDIAL.NS,HOLD,524.6,weak_trend,34.34,-3.51,528.15,530.49,687.89,12.08,2.3,,,506.48,548.76,1.33,NORMAL,40,0,3
MHRIL.NS,SELL,218.43,downtrend,28.29,-8.9,229.66,244.87,302.07,7.47,3.42,,,233.36,181.1,2.5,NORMAL,80,1,2
THYROCARE.NS,HOLD,506.3,weak_trend,58.01,23.44,469.25,416.94,428.75,18.04,3.56,,,479.24,542.38,1.33,NORMAL,40,2,1
ARVINDFASN.NS,SELL,461.35,downtrend,50.62,4.31,446.71,440.15,483.79,16.16,3.5,,,493.67,380.55,2.5,NORMAL,69,1,2
EQUITASBNK.NS,SELL,70.21,downtrend,44.22,1.25,69.45,63.97,61.46,2.5,3.56,,,75.21,57.71,2.5,NORMAL,72,1,2
ELLEN.NS,SELL,260.75,downtrend,34.38,2.9,277.04,247.57,354.16,14.46,5.54,,,289.66,188.46,2.5,ELEVATED,77,0,3
CMSINFO.NS,SELL,304.5,downtrend,63.78,2.86,300.22,296.32,342.55,9.33,3.06,,,323.16,257.84,2.5,NORMAL,63,1,2
PGIL.NS,HOLD,1653.5,weak_trend,64.38,26.04,1582.63,1538.57,1481.84,68.93,4.17,,,1550.1,1791.37,1.33,ELEVATED,40,2,1
DHANUKA.NS,SELL,1134.8,downtrend,60.72,33.81,1119.84,1048.86,1240.63,43.65,3.85,,,1222.1,916.55,2.5,NORMAL,64,1,2
SYMPHONY.NS,SELL,696.15,downtrend,22.0,-25.31,760.88,770.17,862.45,23.54,3.38,,,743.23,578.45,2.5,NORMAL,84,0,3
QPOWER.NS,HOLD,1062.1,weak_trend,29.18,-22.11,1172.05,1091.09,896.15,81.42,7.67,,,939.97,1224.94,1.33,ELEVATED,40,0,3
CUPID.NS,SELL,129.06,downtrend,47.58,4.89,124.97,107.41,75.18,5.34,4.13,,,139.73,102.38,2.5,ELEVATED,71,1,2
AHLUCONT.NS,SELL,792.0,downtrend,37.61,-4.39,818.53,797.61,889.67,26.87,3.39,,,845.74,657.64,2.5,NORMAL,76,1,2
IFBIND.NS,SELL,1252.5,downtrend,57.88,9.07,1142.55,1085.63,1399.12,68.54,5.47,,,1389.59,909.79,2.5,ELEVATED,66,2,1
BAJAJELEC.NS,SELL,314.45,downtrend,12.98,-16.3,368.96,370.33,458.76,14.41,4.58,,,343.26,242.41,2.5,ELEVATED,88,1,2
JKPAPER.NS,HOLD,369.15,weak_trend,39.89,4.38,380.92,361.41,365.13,13.84,3.75,,,348.39,396.83,1.33,NORMAL,40,0,3
PRICOLLTD.NS,SELL,562.1,downtrend,37.52,-6.46,575.95,568.49,564.88,25.19,4.48,,,612.49,436.14,2.5,ELEVATED,76,0,3
AVALON.NS,HOLD,1520.5,weak_trend,63.66,109.14,1336.98,1137.77,1012.16,93.66,6.16,,,1380.0,1707.83,1.33,ELEVATED,40,2,1
SURYAROSNI.NS,SELL,235.45,downtrend,41.29,-1.41,247.06,232.34,257.83,12.71,5.4,,,260.87,171.9,2.5,ELEVATED,74,1,2
HNDFDS.NS,HOLD,518.75,weak_trend,37.21,6.22,524.65,506.5,514.43,17.53,3.38,,,492.46,553.8,1.33,NORMAL,40,0,3
PURVA.NS,HOLD,219.02,weak_trend,50.22,3.58,219.49,205.13,239.84,9.9,4.52,,,204.17,238.81,1.33,ELEVATED,40,0,3
AVL.NS,HOLD,534.85,weak_trend,31.23,5.71,543.93,509.95,509.33,18.99,3.55,,,506.37,572.83,1.33,NORMAL,40,0,3
RTNPOWER.NS,SELL,9.86,downtrend,52.05,0.05,9.57,9.22,9.96,0.29,2.9,,,10.43,8.43,2.5,NORMAL,68,2,1
RENUKA.NS,SELL,22.85,downtrend,17.17,-1.11,25.48,26.36,27.21,0.9,3.95,,,24.65,18.34,2.5,NORMAL,86,1,2
GREENLAM.NS,SELL,228.39,downtrend,51.43,2.76,229.64,223.01,240.3,15.63,6.84,,,259.65,150.24,2.5,ELEVATED,69,2,1
SUPRAJIT.NS,HOLD,456.8,weak_trend,54.76,9.87,430.43,420.96,442.0,17.12,3.75,,,431.12,491.04,1.33,NORMAL,40,2,1
JAYNECOIND.NS,HOLD,102.34,weak_trend,37.78,1.43,106.82,94.97,78.5,5.25,5.13,,,94.47,112.83,1.33,ELEVATED,40,0,3
VMART.NS,SELL,666.75,downtrend,44.22,12.39,647.66,603.89,692.26,20.69,3.1,,,708.13,563.3,2.5,NORMAL,72,0,3
IONEXCHANG.NS,SELL,362.05,downtrend,23.25,-1.29,398.88,380.16,384.7,16.53,4.57,,,395.11,279.41,2.5,ELEVATED,83,1,2
SUNTECK.NS,SELL,285.7,downtrend,30.92,-10.87,312.01,317.73,388.41,12.61,4.41,,,310.91,222.66,2.5,ELEVATED,79,1,2
JUNIPER.NS,SELL,197.14,downtrend,20.67,-3.26,202.5,205.61,243.52,5.84,2.96,,,208.82,167.94,2.5,NORMAL,84,0,3
HGINFRA.NS,SELL,583.65,downtrend,26.83,2.42,609.4,570.32,752.9,21.67,3.71,,,626.99,475.29,2.5,NORMAL,81,0,3
ICRA.NS,SELL,5375.0,downtrend,43.6,1.61,5391.1,5330.7,5944.5,142.54,2.65,,,5660.07,4662.32,2.5,NORMAL,73,0,3
SUBROS.NS,SELL,720.6,downtrend,26.13,-8.71,751.61,734.6,856.11,25.53,3.54,,,771.65,592.97,2.5,NORMAL,81,0,3
AXISCADES.NS,HOLD,1863.8,weak_trend,30.43,19.88,2042.18,1834.66,1515.27,88.96,4.77,,,1730.35,2041.73,1.33,ELEVATED,40,0,3
RALLIS.NS,SELL,243.1,downtrend,18.83,-2.96,258.3,253.79,279.12,7.42,3.05,,,257.94,205.99,2.5,NORMAL,85,1,2
GOKEX.NS,SELL,691.8,downtrend,42.05,2.21,695.31,673.01,736.23,23.35,3.38,,,738.51,575.03,2.5,NORMAL,73,1,2
MTARTECH.NS,HOLD,7879.5,weak_trend,67.55,699.89,7153.45,5519.55,3210.2,526.61,6.68,,,7089.59,8932.71,1.33,ELEVATED,40,1,2
GULFOILLUB.NS,HOLD,973.05,weak_trend,47.87,-8.03,944.78,941.23,1100.65,29.33,3.01,,,929.06,1031.71,1.33,NORMAL,40,1,2
CHEMPLASTS.NS,SELL,216.41,downtrend,31.74,-4.1,231.01,242.45,308.97,10.9,5.04,,,238.2,161.92,2.5,ELEVATED,79,1,2
ASHAPURMIN.NS,HOLD,739.5,weak_trend,70.08,21.48,660.09,594.13,641.44,30.37,4.11,,,693.95,800.24,1.33,ELEVATED,40,2,1
SWSOLAR.NS,SELL,187.58,downtrend,17.06,-2.49,201.89,191.98,217.44,5.98,3.19,,,199.53,157.69,2.5,NORMAL,86,1,2
SHARDAMOTR.NS,SELL,843.3,downtrend,31.44,-0.79,874.34,836.22,946.28,33.9,4.02,,,911.09,673.82,2.5,ELEVATED,79,1,2
PICCADIL.NS,SELL,579.55,downtrend,32.04,-3.89,595.99,580.88,605.4,20.39,3.52,,,620.33,477.6,2.5,NORMAL,78,1,2
INDIAGLYCO.NS,HOLD,975.0,weak_trend,25.94,-0.11,1039.96,970.68,943.62,40.74,4.18,,,913.9,1056.47,1.33,ELEVATED,40,0,3
MANINFRA.NS,SELL,115.24,downtrend,16.33,1.29,121.98,106.84,126.1,5.53,4.8,,,126.31,87.57,2.5,ELEVATED,86,0,3
VIPIND.NS,HOLD,299.4,weak_trend,43.06,-3.3,299.93,310.28,373.13,11.31,3.78,,,282.44,322.01,1.33,NORMAL,40,1,2
ELECTCAST.NS,SELL,77.13,downtrend,28.71,-0.75,83.86,81.05,82.49,3.84,4.98,,,84.81,57.93,2.5,ELEVATED,80,1,2
TIIL.NS,HOLD,2465.6,weak_trend,47.29,43.96,2540.38,2406.93,2373.58,108.41,4.4,,,2302.98,2682.43,1.33,ELEVATED,40,1,2
PILANIINVS.NS,HOLD,4489.3,weak_trend,32.63,-28.28,4599.69,4605.39,4946.32,139.52,3.11,,,4280.02,4768.34,1.33,NORMAL,40,1,2
SMARTWORKS.NS,SELL,434.75,downtrend,40.52,4.68,445.55,421.99,476.19,20.65,4.75,,,476.05,331.5,2.5,ELEVATED,74,0,3
IMFA.NS,HOLD,1446.2,weak_trend,37.29,5.01,1463.03,1410.5,1244.33,71.44,4.94,,,1339.04,1589.09,1.33,ELEVATED,40,1,2
SUPRIYA.NS,HOLD,968.7,weak_trend,85.26,47.58,730.06,665.02,697.42,40.88,4.22,,,907.38,1050.46,1.33,ELEVATED,40,2,1
PARAS.NS,HOLD,819.35,weak_trend,42.09,19.52,810.5,749.73,699.45,41.6,5.08,,,756.96,902.54,1.33,ELEVATED,40,1,2
GHCL.NS,SELL,454.15,downtrend,30.35,-10.03,475.98,475.27,542.05,14.98,3.3,,,484.11,379.24,2.5,NORMAL,79,1,2
EMUDHRA.NS,SELL,469.05,downtrend,27.38,-1.46,483.07,462.52,572.28,18.3,3.9,,,505.65,377.55,2.5,NORMAL,81,0,3
MASFIN.NS,SELL,308.95,downtrend,20.0,-3.95,325.15,314.59,313.12,11.97,3.87,,,332.89,249.09,2.5,NORMAL,85,1,2
TEXRAIL.NS,SELL,104.37,downtrend,43.44,0.69,111.65,102.57,122.42,6.33,6.06,,,117.03,72.72,2.5,ELEVATED,73,0,3
SKIPPER.NS,HOLD,549.35,weak_trend,73.59,21.05,474.95,424.61,451.72,25.26,4.6,,,511.46,599.86,1.33,ELEVATED,40,2,1
RAJESHEXPO.NS,HOLD,118.33,weak_trend,45.58,-0.29,114.52,110.06,161.17,5.31,4.49,,,110.36,128.95,1.33,ELEVATED,40,1,2
STLTECH.NS,HOLD,536.15,weak_trend,87.29,59.42,417.3,304.81,167.11,23.76,4.43,,,500.51,583.67,1.33,ELEVATED,40,1,2
SENCO.NS,HOLD,346.2,weak_trend,56.47,5.82,340.23,322.8,330.11,14.26,4.12,,,324.81,374.72,1.33,ELEVATED,40,1,2
FISCHER.NS,SELL,38.14,downtrend,54.66,-0.26,36.58,37.75,61.37,1.66,4.34,,,41.45,29.85,2.5,ELEVATED,67,1,2
KSCL.NS,SELL,866.6,downtrend,20.46,-7.13,941.26,900.56,967.47,28.19,3.25,,,922.97,725.67,2.5,NORMAL,84,1,2
ICIL.NS,HOLD,312.1,weak_trend,54.64,10.6,297.44,271.6,272.69,11.68,3.74,,,294.58,335.46,1.33,NORMAL,40,2,1
SHOPERSTOP.NS,HOLD,354.55,weak_trend,48.63,9.26,332.63,310.92,412.92,15.86,4.47,,,330.75,386.28,1.33,ELEVATED,40,0,3
INDIGOPNTS.NS,HOLD,990.9,weak_trend,54.1,34.96,955.39,862.44,1044.38,43.11,4.35,,,926.23,1077.12,1.33,ELEVATED,40,1,2
FIEMIND.NS,HOLD,2243.0,weak_trend,52.5,23.12,2228.53,2163.84,2156.24,69.9,3.12,,,2138.15,2382.8,1.33,NORMAL,40,2,1
TVSSCS.NS,HOLD,117.19,weak_trend,39.79,1.97,116.99,110.46,116.05,5.17,4.41,,,109.44,127.52,1.33,ELEVATED,40,1,2
RESPONIND.NS,HOLD,194.24,weak_trend,64.28,7.73,169.76,156.18,183.12,12.33,6.35,,,175.75,218.89,1.33,ELEVATED,40,2,1
BANSALWIRE.NS,HOLD,318.25,weak_trend,49.42,8.45,311.0,288.52,308.76,11.62,3.65,,,300.82,341.49,1.33,NORMAL,40,1,2
LXCHEM.NS,SELL,148.08,downtrend,27.44,2.41,154.63,139.71,167.96,6.78,4.58,,,161.65,114.16,2.5,ELEVATED,81,0,3
CRIZAC.NS,HOLD,215.86,weak_trend,48.93,1.79,213.27,210.53,260.5,10.82,5.01,,,199.63,237.5,1.33,ELEVATED,40,0,3
AGI.NS,SELL,589.95,downtrend,33.83,1.96,601.07,563.75,709.99,20.76,3.52,,,631.47,486.15,2.5,NORMAL,78,0,3
KNRCON.NS,SELL,126.66,downtrend,42.07,1.39,130.21,124.13,157.06,4.64,3.67,,,135.95,103.44,2.5,NORMAL,73,0,3
UNIMECH.NS,SELL,939.0,downtrend,29.42,2.61,974.88,902.73,954.88,41.07,4.37,,,1021.14,733.64,2.5,ELEVATED,80,1,2
GMMPFAUDLR.NS,SELL,766.7,downtrend,17.75,-30.35,856.95,872.98,1039.78,30.59,3.99,,,827.89,613.74,2.5,NORMAL,86,1,2
ASHOKA.NS,SELL,122.39,downtrend,24.45,-1.96,129.34,125.42,160.12,4.14,3.38,,,130.66,101.7,2.5,NORMAL,82,0,3
DYNAMATECH.NS,HOLD,11122.0,weak_trend,35.53,13.45,11256.05,10601.55,8926.04,647.0,5.82,,,10151.5,12416.0,1.33,ELEVATED,40,0,3
E2E.NS,BUY,3922.4,uptrend,60.1,280.03,3411.99,2880.0,2643.37,188.66,4.81,3843.95,4000.85,3545.09,4865.69,2.5,ELEVATED,75,3,0
GOKULAGRO.NS,HOLD,229.08,weak_trend,41.94,3.49,233.77,213.94,186.34,10.96,4.79,,,212.64,251.0,1.33,ELEVATED,40,0,3
FEDFINA.NS,HOLD,161.69,weak_trend,70.33,4.34,153.17,144.94,144.58,6.18,3.82,,,152.42,174.05,1.33,NORMAL,40,1,2
OPTIEMUS.NS,SELL,405.3,downtrend,20.58,3.53,425.02,388.77,497.96,16.77,4.14,,,438.85,321.42,2.5,ELEVATED,84,0,3
KINGFA.NS,BUY,5473.4,uptrend,55.02,198.97,5185.74,4709.41,4376.37,206.25,3.77,5363.93,5582.87,5060.9,6504.65,2.5,NORMAL,72,3,0
KRN.NS,HOLD,1107.3,weak_trend,31.18,-14.69,1170.98,1093.78,879.16,76.59,6.92,,,992.42,1260.47,1.33,ELEVATED,40,0,3
DATAMATICS.NS,SELL,766.2,downtrend,44.88,10.79,767.37,731.11,812.73,35.92,4.69,,,838.04,586.59,2.5,ELEVATED,72,0,3
WEBELSOLAR.NS,HOLD,109.26,weak_trend,47.91,3.46,110.13,95.53,100.49,5.3,4.85,,,101.31,119.86,1.33,ELEVATED,40,0,3
EMIL.NS,SELL,114.0,downtrend,41.72,1.62,117.98,107.54,117.21,5.67,4.98,,,125.35,85.63,2.5,ELEVATED,74,0,3
PTC.NS,HOLD,183.15,weak_trend,21.68,-1.28,204.55,187.46,170.77,7.99,4.37,,,171.16,199.14,1.33,ELEVATED,40,0,3
ROUTE.NS,SELL,507.55,downtrend,36.29,-0.65,525.03,501.61,646.48,15.17,2.99,,,537.89,431.71,2.5,NORMAL,76,0,3
ITDC.NS,SELL,543.4,downtrend,25.64,-2.24,563.69,527.77,558.39,19.82,3.65,,,583.04,444.29,2.5,NORMAL,82,0,3
RSYSTEMS.NS,SELL,265.05,downtrend,10.36,-2.94,278.09,270.74,359.39,11.5,4.34,,,288.04,207.57,2.5,ELEVATED,89,0,3
ZAGGLE.NS,SELL,209.96,downtrend,34.27,-9.3,233.42,235.0,310.78,16.0,7.62,,,241.96,129.95,2.5,ELEVATED,77,0,3
GAEL.NS,HOLD,154.89,weak_trend,23.02,1.96,162.01,151.9,127.17,5.24,3.38,,,147.03,165.37,1.33,NORMAL,40,0,3
ORIANA.NS,SELL,1785.45,downtrend,32.43,-28.3,1914.85,1903.32,2219.01,102.0,5.71,,,1989.44,1275.47,2.5,ELEVATED,78,1,2
SIS.NS,HOLD,402.8,weak_trend,57.48,15.52,390.49,338.34,331.92,15.88,3.94,,,378.98,434.56,1.33,NORMAL,40,1,2
PDSL.NS,SELL,302.2,downtrend,51.17,3.18,290.63,285.4,324.8,10.93,3.62,,,324.05,247.57,2.5,NORMAL,69,1,2
HCC.NS,HOLD,22.81,weak_trend,52.91,0.66,22.26,19.48,22.09,1.08,4.75,,,21.18,24.98,1.33,ELEVATED,40,2,1
VRLLOG.NS,SELL,233.7,downtrend,18.15,-5.12,248.93,249.81,263.92,7.86,3.36,,,249.42,194.4,2.5,NORMAL,85,0,3
ENTERO.NS,HOLD,1195.8,weak_trend,46.76,11.99,1234.68,1210.72,1137.75,68.27,5.71,,,1093.39,1332.34,1.33,ELEVATED,40,1,2
SUNFLAG.NS,HOLD,373.75,weak_trend,46.29,22.48,376.16,299.78,269.6,17.62,4.71,,,347.32,408.99,1.33,ELEVATED,40,0,3
SWARAJENG.NS,SELL,3826.0,downtrend,34.05,-22.9,3822.6,3771.94,3833.17,88.22,2.31,,,4002.44,3384.89,2.5,NORMAL,77,1,2
JSFB.NS,HOLD,495.25,weak_trend,63.79,14.35,467.61,425.66,431.68,22.3,4.5,,,461.8,539.85,1.33,ELEVATED,40,2,1
JKIL.NS,HOLD,502.75,weak_trend,44.57,-0.9,500.7,492.81,570.43,16.92,3.37,,,477.37,536.59,1.33,NORMAL,40,0,3
CARERATING.NS,HOLD,1618.2,weak_trend,51.74,12.18,1680.19,1609.49,1588.48,68.51,4.23,,,1515.43,1755.23,1.33,ELEVATED,40,0,3
ANUP.NS,SELL,1840.4,downtrend,15.14,-11.16,2008.24,1903.94,2099.19,74.69,4.06,,,1989.77,1466.97,2.5,ELEVATED,87,1,2
GREAVESCOT.NS,SELL,181.65,downtrend,59.66,5.46,170.64,155.93,183.58,7.45,4.1,,,196.54,144.41,2.5,ELEVATED,65,2,1
SUVEN.NS,HOLD,279.34,weak_trend,78.83,20.98,241.08,201.74,187.0,16.83,6.02,,,254.1,312.99,1.33,ELEVATED,40,1,2
LGBBROSLTD.NS,SELL,1512.5,downtrend,14.15,-55.4,1617.52,1689.71,1656.63,43.54,2.88,,,1599.57,1294.82,2.5,NORMAL,87,0,3
SKYGOLD.NS,BUY,521.0,uptrend,54.67,18.78,474.79,420.52,348.19,25.38,4.87,510.58,531.42,470.24,647.89,2.5,ELEVATED,72,3,0
REFEX.NS,HOLD,328.3,weak_trend,89.59,19.44,277.55,246.25,293.65,18.44,5.62,,,300.65,365.17,1.33,ELEVATED,40,2,1
TARC.NS,SELL,129.76,downtrend,38.64,-0.63,132.62,129.04,148.43,3.75,2.89,,,137.25,111.03,2.5,NORMAL,75,0,3
NIITMTS.NS,SELL,207.45,downtrend,10.37,-26.2,255.45,285.07,338.41,17.38,8.38,,,242.21,120.56,2.5,ELEVATED,89,1,2
DBCORP.NS,SELL,205.42,downtrend,14.73,-2.49,214.33,210.38,242.52,7.97,3.88,,,221.37,165.55,2.5,NORMAL,87,0,3
INNOVACAP.NS,HOLD,850.4,weak_trend,41.16,25.49,857.91,766.06,767.98,38.33,4.51,,,792.91,927.06,1.33,ELEVATED,40,0,3
BALAMINES.NS,HOLD,1775.6,weak_trend,69.24,151.1,1651.81,1336.94,1285.98,114.91,6.47,,,1603.23,2005.43,1.33,ELEVATED,40,1,2
NACLIND.NS,SELL,157.65,downtrend,26.34,0.24,164.81,155.69,182.85,7.37,4.67,,,172.38,120.82,2.5,ELEVATED,81,0,3
DCBBANK.NS,HOLD,175.33,weak_trend,42.85,-1.35,181.1,180.62,166.02,5.95,3.4,,,166.4,187.24,1.33,NORMAL,40,0,3
SJS.NS,HOLD,2105.2,weak_trend,60.64,75.71,1974.28,1783.58,1647.07,65.39,3.11,,,2007.11,2235.99,1.33,NORMAL,40,2,1
NFL.NS,HOLD,76.0,weak_trend,47.82,0.39,76.52,74.51,84.54,2.13,2.8,,,72.8,80.26,1.33,NORMAL,40,1,2
SPARC.NS,HOLD,212.11,weak_trend,68.65,20.18,182.66,153.34,139.86,14.75,6.95,,,189.99,241.6,1.33,ELEVATED,40,2,1
INDIQUBE.NS,SELL,159.38,downtrend,41.43,-0.2,167.69,158.59,195.04,8.11,5.09,,,175.6,118.83,2.5,ELEVATED,74,0,3
BANARISUG.NS,SELL,3600.4,downtrend,48.76,-7.81,3623.35,3624.31,3614.28,54.03,1.5,,,3708.46,3330.26,2.5,LOW,70,0,3
VSTTILLERS.NS,SELL,4593.0,downtrend,26.67,-143.33,4863.66,5034.53,5424.69,188.86,4.11,,,4970.71,3648.71,2.5,ELEVATED,81,0,3
INDRAMEDCO.NS,SELL,380.35,downtrend,28.28,-7.9,388.21,399.09,449.17,17.23,4.53,,,414.81,294.21,2.5,ELEVATED,80,1,2
VSTIND.NS,HOLD,255.7,weak_trend,40.88,2.53,257.85,243.64,250.16,4.77,1.86,,,248.55,265.24,1.33,LOW,40,1,2
RAIN.NS,BUY,188.07,uptrend,68.21,12.36,156.08,134.61,134.88,9.12,4.85,184.31,191.83,169.82,233.69,2.5,ELEVATED,79,3,0
SAMHI.NS,SELL,165.55,downtrend,63.74,2.04,155.34,153.4,179.47,6.31,3.81,,,178.16,134.02,2.5,NORMAL,63,1,2
HEIDELBERG.NS,HOLD,157.49,weak_trend,41.88,0.54,158.49,155.0,177.4,4.17,2.65,,,151.24,165.83,1.33,NORMAL,40,0,3
CEIGALL.NS,SELL,347.15,downtrend,36.97,6.85,346.38,314.37,274.97,16.36,4.71,,,379.87,265.35,2.5,ELEVATED,76,1,2
HERITGFOOD.NS,SELL,320.8,downtrend,15.81,-5.76,340.62,336.72,417.0,10.7,3.34,,,342.21,267.28,2.5,NORMAL,87,0,3
STYRENIX.NS,SELL,2286.0,downtrend,49.54,24.42,2272.14,2150.18,2183.18,75.31,3.29,,,2436.63,1909.43,2.5,NORMAL,70,1,2
ORIENTCEM.NS,SELL,141.55,downtrend,58.15,-0.08,139.14,138.53,176.96,3.41,2.41,,,148.38,124.48,2.5,NORMAL,65,2,1
AARTIDRUGS.NS,HOLD,380.4,weak_trend,47.63,4.78,383.72,366.99,418.16,13.51,3.55,,,360.13,407.42,1.33,NORMAL,40,0,3
ORIENTELEC.NS,HOLD,188.44,weak_trend,50.16,2.4,187.68,177.26,187.21,6.31,3.35,,,178.98,201.05,1.33,NORMAL,40,1,2
GUJTHEM.NS,HOLD,404.3,weak_trend,51.21,15.69,377.09,328.24,370.48,25.83,6.39,,,365.55,455.96,1.33,ELEVATED,40,2,1
GOPAL.NS,SELL,295.45,downtrend,24.83,2.17,302.02,282.69,319.51,12.93,4.38,,,321.3,230.81,2.5,ELEVATED,82,0,3
BHARATRAS.NS,SELL,1452.0,downtrend,51.65,4.12,1414.57,1401.56,2074.31,53.3,3.67,,,1558.6,1185.5,2.5,NORMAL,69,2,1
RBA.NS,HOLD,68.66,weak_trend,64.53,1.17,67.74,64.24,68.12,1.15,1.67,,,66.94,70.96,1.33,LOW,40,1,2
LUMAXIND.NS,HOLD,5614.5,weak_trend,46.12,132.21,5440.18,5253.89,5083.03,257.96,4.59,,,5227.55,6130.43,1.33,ELEVATED,40,2,1
ZOTA.NS,SELL,1125.2,downtrend,25.82,-31.84,1223.84,1213.71,1374.64,50.4,4.48,,,1226.0,873.2,2.5,ELEVATED,82,0,3
AVANTEL.NS,HOLD,177.38,weak_trend,60.2,7.08,161.52,150.24,156.55,8.01,4.52,,,165.36,193.41,1.33,ELEVATED,40,2,1
EIEL.NS,SELL,190.02,downtrend,32.72,0.57,202.53,189.86,207.85,9.52,5.01,,,209.05,142.44,2.5,ELEVATED,78,1,2
HUBTOWN.NS,SELL,205.2,downtrend,31.7,-0.53,211.28,203.65,259.38,7.74,3.77,,,220.68,166.51,2.5,NORMAL,79,0,3
KITEX.NS,HOLD,161.48,weak_trend,40.86,-1.29,162.13,162.49,182.48,4.95,3.07,,,154.05,171.39,1.33,NORMAL,40,0,3
RAYMONDREL.NS,HOLD,561.35,weak_trend,36.96,28.35,562.18,478.05,522.71,33.27,5.93,,,511.44,627.89,1.33,ELEVATED,40,0,3
SANATHAN.NS,SELL,405.7,downtrend,27.77,-6.54,429.53,419.0,453.3,19.55,4.82,,,444.8,307.95,2.5,ELEVATED,81,0,3
NORTHARC.NS,HOLD,281.6,weak_trend,29.94,6.5,283.49,255.37,257.18,12.42,4.41,,,262.97,306.44,1.33,ELEVATED,40,0,3
JAMNAAUTO.NS,BUY,127.67,uptrend,53.54,-0.12,120.79,121.1,115.81,4.65,3.64,125.12,130.22,118.37,150.92,2.5,NORMAL,71,3,0
GUJALKALI.NS,HOLD,679.55,weak_trend,37.92,-0.27,718.13,671.26,559.53,29.03,4.27,,,636.01,737.6,1.33,ELEVATED,40,1,2
DCAL.NS,HOLD,194.7,weak_trend,56.65,6.6,191.58,173.52,227.57,11.96,6.14,,,176.76,218.63,1.33,ELEVATED,40,0,3
AWFIS.NS,SELL,327.9,downtrend,31.38,1.29,347.17,323.68,453.78,24.07,7.34,,,376.05,207.52,2.5,ELEVATED,79,0,3
MOSCHIP.NS,SELL,219.91,downtrend,46.17,3.45,210.34,192.65,207.54,10.65,4.84,,,241.22,166.64,2.5,ELEVATED,71,2,1
RAMKY.NS,SELL,446.7,downtrend,28.22,-9.94,469.87,477.28,535.83,19.14,4.28,,,484.97,351.02,2.5,ELEVATED,80,1,2
GOLDIAM.NS,HOLD,408.9,weak_trend,46.54,9.1,398.59,364.02,362.14,17.79,4.35,,,382.21,444.49,1.33,ELEVATED,40,1,2
JTEKTINDIA.NS,SELL,131.42,downtrend,30.37,-1.29,134.05,131.04,143.53,6.03,4.59,,,143.49,101.25,2.5,ELEVATED,79,0,3
HEMIPROP.NS,SELL,139.77,downtrend,32.18,2.39,145.35,134.32,140.38,6.82,4.88,,,153.42,105.65,2.5,ELEVATED,78,0,3
63MOONS.NS,SELL,610.95,downtrend,28.72,-9.14,678.87,631.07,735.39,34.17,5.59,,,679.29,440.11,2.5,ELEVATED,80,1,2
KIRLOSIND.NS,SELL,3139.1,downtrend,40.27,6.97,3209.28,3044.22,3391.93,169.31,5.39,,,3477.71,2292.56,2.5,ELEVATED,74,0,3
SHANTIGEAR.NS,SELL,440.55,downtrend,21.93,-5.6,450.75,454.48,480.93,7.45,1.69,,,455.46,403.28,2.5,LOW,84,1,2
SINDHUTRAD.NS,HOLD,26.73,weak_trend,72.62,0.94,24.43,23.67,23.75,1.28,4.79,,,24.81,29.29,1.33,ELEVATED,40,1,2
BOROLTD.NS,SELL,219.24,downtrend,24.45,-6.73,236.61,239.64,289.22,11.07,5.05,,,241.38,163.89,2.5,ELEVATED,82,0,3
MARATHON.NS,SELL,461.75,downtrend,32.87,3.21,488.64,460.75,530.92,18.17,3.94,,,498.09,370.89,2.5,NORMAL,78,1,2
CAMLINFINE.NS,SELL,122.05,downtrend,45.32,0.96,125.84,117.95,161.37,7.07,5.8,,,136.2,86.68,2.5,ELEVATED,72,0,3
UFLEX.NS,SELL,423.95,downtrend,41.24,-0.7,420.49,407.26,485.06,13.35,3.15,,,450.65,357.2,2.5,NORMAL,74,1,2
VAIBHAVGBL.NS,HOLD,222.69,weak_trend,40.63,2.33,223.01,213.73,226.99,10.53,4.73,,,206.89,243.76,1.33,ELEVATED,40,0,3
UEL.NS,HOLD,139.55,weak_trend,18.06,-4.62,149.07,151.88,136.92,8.54,6.12,,,126.74,156.63,1.33,ELEVATED,40,0,3
RPGLIFE.NS,HOLD,2224.7,weak_trend,23.01,34.99,2322.15,2087.85,2200.27,81.63,3.67,,,2102.26,2387.96,1.33,NORMAL,40,0,3
RAYMOND.NS,HOLD,540.4,weak_trend,63.51,28.05,509.17,441.85,484.78,25.79,4.77,,,501.71,591.99,1.33,ELEVATED,40,1,2
ORCHPHARMA.NS,HOLD,792.5,weak_trend,71.2,40.35,702.86,607.76,705.53,36.06,4.55,,,738.4,864.63,1.33,ELEVATED,40,2,1
LUXIND.NS,HOLD,1380.3,weak_trend,34.11,8.33,1415.05,1309.87,1186.14,65.37,4.74,,,1282.24,1511.04,1.33,ELEVATED,40,0,3
MPSLTD.NS,SELL,1838.9,downtrend,64.87,41.22,1726.97,1673.39,1936.57,83.31,4.53,,,2005.51,1422.36,2.5,ELEVATED,62,1,2
MCLOUD.NS,HOLD,26.75,weak_trend,45.01,0.28,26.19,24.94,42.91,1.18,4.41,,,24.98,29.11,1.33,ELEVATED,40,0,3
AJMERA.NS,SELL,118.99,downtrend,41.5,-0.49,123.69,119.32,165.99,8.38,7.04,,,135.74,77.11,2.5,ELEVATED,74,1,2
GOODLUCK.NS,HOLD,1295.4,weak_trend,39.99,37.08,1364.1,1210.77,1154.14,69.91,5.4,,,1190.53,1435.23,1.33,ELEVATED,40,0,3
VADILALIND.NS,SELL,4843.0,downtrend,64.63,-2.67,4425.37,4471.84,4935.67,171.49,3.54,,,5185.99,3985.54,2.5,NORMAL,62,2,1
EBGNG.NS,HOLD,438.95,weak_trend,55.45,9.47,434.93,408.43,347.9,19.24,4.38,,,410.1,477.42,1.33,ELEVATED,40,1,2
QUESS.NS,SELL,209.09,downtrend,36.16,2.69,209.15,194.0,213.86,7.08,3.39,,,223.26,173.67,2.5,NORMAL,76,0,3
WONDERLA.NS,SELL,474.4,downtrend,29.61,-10.86,494.48,512.57,546.37,14.58,3.07,,,503.56,401.51,2.5,NORMAL,80,0,3
GREENPLY.NS,SELL,248.1,downtrend,32.97,3.32,258.68,234.52,262.78,9.41,3.79,,,266.93,201.03,2.5,NORMAL,78,0,3
NEOGEN.NS,BUY,1858.1,uptrend,56.4,64.24,1708.36,1522.38,1383.29,98.15,5.28,1820.94,1895.26,1661.8,2348.85,2.5,ELEVATED,73,3,0
INTERARCH.NS,SELL,1748.0,downtrend,27.25,-61.14,1915.81,1888.3,2071.11,103.47,5.92,,,1954.94,1230.64,2.5,ELEVATED,81,0,3
PRECWIRE.NS,HOLD,420.35,weak_trend,49.76,15.93,408.93,367.26,264.14,25.02,5.95,,,382.82,470.39,1.33,ELEVATED,40,1,2
KOLTEPATIL.NS,SELL,366.65,downtrend,46.58,3.76,380.57,357.89,390.56,17.58,4.79,,,401.81,278.76,2.5,ELEVATED,71,0,3
JINDWORLD.NS,BUY,30.25,uptrend,63.95,1.07,27.44,24.85,30.11,2.15,7.1,29.64,30.86,25.95,40.99,2.5,ELEVATED,76,3,0
MBAPL.NS,HOLD,529.7,weak_trend,40.58,2.81,544.44,518.24,447.44,17.8,3.36,,,502.99,565.31,1.33,NORMAL,40,0,3
MEDIASSIST.NS,SELL,368.6,downtrend,45.47,3.17,373.47,351.96,444.56,16.84,4.57,,,402.27,284.42,2.5,ELEVATED,72,0,3
NPST.NS,HOLD,1155.3,weak_trend,41.71,-32.16,1119.53,1133.81,1527.07,80.11,6.93,,,1035.13,1315.53,1.33,ELEVATED,40,1,2
CENTUM.NS,BUY,3484.0,uptrend,66.81,114.86,3031.51,2908.36,2594.44,208.46,5.98,3414.32,3553.68,3067.09,4526.29,2.5,ELEVATED,78,3,0
HARSHA.NS,HOLD,397.15,weak_trend,27.64,4.69,403.86,377.68,386.76,15.97,4.02,,,373.19,429.1,1.33,ELEVATED,40,0,3
GOCOLORS.NS,SELL,315.8,downtrend,59.89,11.84,290.93,282.56,473.64,18.72,5.93,,,353.24,222.21,2.5,ELEVATED,65,2,1
NSIL.NS,HOLD,5602.0,weak_trend,40.55,-5.45,5660.48,5559.68,6421.03,151.43,2.7,,,5374.86,5904.86,1.33,NORMAL,40,1,2
INDOSTAR.NS,BUY,236.37,uptrend,60.34,3.69,211.13,205.85,233.13,11.61,4.91,231.64,241.1,213.16,294.4,2.5,ELEVATED,75,3,0
KSL.NS,HOLD,826.25,weak_trend,40.83,16.52,840.44,754.68,771.87,35.54,4.3,,,772.94,897.34,1.33,ELEVATED,40,0,3
ROLEXRINGS.NS,HOLD,140.51,weak_trend,29.74,0.26,145.34,137.16,129.85,4.38,3.11,,,133.95,149.26,1.33,NORMAL,40,0,3
ADVENZYMES.NS,HOLD,364.0,weak_trend,52.98,13.85,368.94,322.83,312.71,19.3,5.3,,,335.06,402.59,1.33,ELEVATED,40,0,3
SHAREINDIA.NS,SELL,138.09,downtrend,37.25,-0.44,141.99,138.3,151.12,5.13,3.71,,,148.35,112.44,2.5,NORMAL,76,0,3
POCL.NS,HOLD,1285.3,weak_trend,42.65,19.44,1426.05,1265.26,1266.61,96.11,7.48,,,1141.13,1477.53,1.33,ELEVATED,40,0,3
GUFICBIO.NS,BUY,333.85,uptrend,66.46,7.39,297.37,294.48,325.55,14.8,4.43,327.17,340.53,304.26,407.83,2.5,ELEVATED,78,3,0
UNICHEMLAB.NS,SELL,349.35,downtrend,23.26,-0.51,371.89,347.99,421.21,13.51,3.87,,,376.36,281.81,2.5,NORMAL,83,0,3
MSTCLTD.NS,SELL,440.5,downtrend,51.37,0.2,433.94,427.66,469.52,10.53,2.39,,,461.56,387.84,2.5,NORMAL,69,2,1
ROSSARI.NS,SELL,518.85,downtrend,42.33,12.58,514.99,476.3,562.42,21.3,4.1,,,561.44,412.37,2.5,ELEVATED,73,0,3
JUBLCPL.NS,HOLD,1790.1,weak_trend,47.01,16.27,1777.97,1732.98,2163.72,84.61,4.73,,,1663.19,1959.31,1.33,ELEVATED,40,0,3
CYIENTDLM.NS,SELL,420.6,downtrend,47.49,15.37,420.43,364.58,400.04,14.84,3.53,,,450.27,346.42,2.5,NORMAL,71,1,2
SUNCLAY.NS,SELL,1318.8,downtrend,26.09,-20.1,1406.12,1372.44,1412.1,55.71,4.22,,,1430.23,1040.23,2.5,ELEVATED,81,0,3
RPEL.NS,HOLD,965.1,weak_trend,78.13,68.05,838.13,733.21,769.82,50.73,5.26,,,889.01,1066.55,1.33,ELEVATED,40,1,2
BALMLAWRIE.NS,SELL,183.58,downtrend,32.98,0.81,188.66,176.73,184.84,5.29,2.88,,,194.16,157.13,2.5,NORMAL,78,0,3
ARTEMISMED.NS,HOLD,267.6,weak_trend,41.07,8.59,272.29,245.98,247.71,12.98,4.85,,,248.13,293.57,1.33,ELEVATED,40,0,3
PRINCEPIPE.NS,SELL,262.15,downtrend,51.66,4.07,260.26,249.72,278.35,13.9,5.3,,,289.96,192.63,2.5,ELEVATED,69,1,2
JISLJALEQS.NS,SELL,29.85,downtrend,30.45,-0.74,31.67,31.49,41.26,1.22,4.07,,,32.28,23.77,2.5,ELEVATED,79,0,3
PITTIENG.NS,HOLD,934.25,weak_trend,40.0,10.11,948.33,876.57,882.44,41.26,4.42,,,872.36,1016.76,1.33,ELEVATED,40,0,3
FOSECOIND.NS,SELL,4980.7,downtrend,48.48,64.47,4987.09,4860.7,5171.69,270.74,5.44,,,5522.17,3627.02,2.5,ELEVATED,70,0,3
DPABHUSHAN.NS,SELL,950.9,downtrend,27.89,-31.87,980.52,1022.97,1330.13,45.38,4.77,,,1041.66,724.01,2.5,ELEVATED,81,1,2
SSWL.NS,SELL,201.79,downtrend,36.63,0.07,210.27,203.36,209.52,8.28,4.1,,,218.34,160.41,2.5,ELEVATED,76,1,2
BHAGCHEM.NS,HOLD,247.65,weak_trend,41.3,2.35,251.28,229.98,237.96,10.27,4.15,,,232.24,268.2,1.33,ELEVATED,40,0,3
BAJAJCON.NS,HOLD,552.8,weak_trend,54.21,28.42,534.21,458.53,326.22,26.99,4.88,,,512.32,606.78,1.33,ELEVATED,40,1,2
NAVNETEDUL.NS,SELL,141.74,downtrend,38.29,-0.11,144.36,139.32,146.86,3.91,2.76,,,149.56,122.2,2.5,NORMAL,75,0,3
INDOTHAI.NS,SELL,227.1,downtrend,13.44,-12.9,269.99,279.59,290.23,13.86,6.1,,,254.81,157.81,2.5,ELEVATED,88,1,2
GREENPANEL.NS,SELL,185.57,downtrend,25.12,-5.38,207.74,202.52,240.38,10.37,5.59,,,206.31,133.73,2.5,ELEVATED,82,1,2
BBL.NS,HOLD,2784.4,weak_trend,52.47,17.69,2742.2,2642.9,2782.82,115.44,4.15,,,2611.24,3015.29,1.33,ELEVATED,40,2,1
PROTEAN.NS,SELL,620.35,downtrend,62.87,24.7,579.15,544.61,711.0,28.53,4.6,,,677.41,477.69,2.5,ELEVATED,63,1,2
VISHNU.NS,HOLD,579.1,weak_trend,49.1,7.23,593.01,562.36,517.47,19.75,3.41,,,549.47,618.61,1.33,NORMAL,40,1,2
SAMBHV.NS,SELL,104.06,downtrend,12.7,-2.48,113.88,110.77,107.04,4.97,4.78,,,114.0,79.2,2.5,ELEVATED,88,0,3
BOMDYEING.NS,SELL,126.94,downtrend,48.1,2.92,125.76,114.76,138.1,5.0,3.94,,,136.94,101.93,2.5,NORMAL,70,0,3
SWANDEF.NS,HOLD,2060.2,weak_trend,77.75,28.81,1901.92,1901.15,1311.72,91.2,4.43,,,1923.4,2242.6,1.33,ELEVATED,40,1,2
PARAGMILK.NS,HOLD,222.31,weak_trend,63.44,-0.61,217.06,212.11,256.98,7.03,3.16,,,211.76,236.38,1.33,NORMAL,40,1,2
SENORES.NS,HOLD,1120.65,weak_trend,65.89,69.33,1019.54,900.69,797.7,62.54,5.58,,,1026.85,1245.72,1.33,ELEVATED,40,2,1
HLEGLAS.NS,SELL,319.75,downtrend,36.77,1.26,328.05,310.55,418.69,18.65,5.83,,,357.05,226.5,2.5,ELEVATED,76,0,3
HIKAL.NS,SELL,195.28,downtrend,41.63,5.79,206.63,188.09,220.45,9.39,4.81,,,214.06,148.34,2.5,ELEVATED,74,1,2
FLAIR.NS,SELL,288.6,downtrend,25.68,-5.14,321.35,314.52,310.85,14.84,5.14,,,318.28,214.4,2.5,ELEVATED,82,1,2
KIRIINDUS.NS,HOLD,412.0,weak_trend,43.86,-2.21,404.76,397.42,501.46,13.36,3.24,,,391.96,438.71,1.33,NORMAL,40,1,2
KKCL.NS,SELL,434.5,downtrend,22.36,-8.45,456.64,456.23,493.98,15.72,3.62,,,465.95,355.88,2.5,NORMAL,83,0,3
MAHLOG.NS,SELL,342.15,downtrend,6.14,-12.68,372.44,381.01,352.26,11.76,3.44,,,365.67,283.35,2.5,NORMAL,91,0,3
EPACK.NS,SELL,226.7,downtrend,28.35,-6.0,250.03,243.99,289.49,11.77,5.19,,,250.24,167.86,2.5,ELEVATED,80,0,3
ARKADE.NS,SELL,113.91,downtrend,36.17,0.6,119.09,113.26,142.55,4.61,4.05,,,123.13,90.86,2.5,ELEVATED,76,1,2
PSPPROJECT.NS,HOLD,854.7,weak_trend,53.63,23.65,802.46,728.64,783.27,33.71,3.94,,,804.14,922.11,1.33,NORMAL,40,2,1
STYLAMIND.NS,HOLD,2831.2,weak_trend,71.31,144.74,2606.27,2374.13,2103.2,124.11,4.38,,,2645.04,3079.41,1.33,ELEVATED,40,1,2
KRISHANA.NS,HOLD,668.1,weak_trend,39.56,17.67,668.97,605.49,542.42,29.5,4.42,,,623.84,727.11,1.33,ELEVATED,40,0,3
PARKHOTELS.NS,SELL,116.32,downtrend,25.56,-0.75,123.25,118.08,133.66,4.04,3.47,,,124.4,96.13,2.5,NORMAL,82,0,3
GATEWAY.NS,SELL,56.0,downtrend,29.29,-0.39,57.16,56.05,58.72,1.41,2.52,,,58.82,48.94,2.5,NORMAL,80,0,3
PRABHA.NS,SELL,157.13,downtrend,47.87,-0.08,164.49,160.11,190.67,9.93,6.32,,,176.99,107.48,2.5,ELEVATED,71,0,3
IMAGICAA.NS,HOLD,44.85,weak_trend,40.96,-0.38,44.6,44.04,49.64,1.78,3.98,,,42.17,48.42,1.33,NORMAL,40,1,2
JASH.NS,HOLD,402.9,weak_trend,41.74,1.67,403.65,393.29,438.76,18.39,4.56,,,375.32,439.68,1.33,ELEVATED,40,0,3
GLOBUSSPR.NS,SELL,865.2,downtrend,14.52,-31.73,958.21,939.16,1021.07,27.69,3.2,,,920.59,726.74,2.5,NORMAL,87,0,3
PAISALO.NS,HOLD,51.58,weak_trend,60.7,1.67,48.51,43.55,37.44,2.19,4.25,,,48.29,55.97,1.33,ELEVATED,40,2,1
DDEVPLSTIK.NS,HOLD,247.9,weak_trend,48.93,0.1,243.23,235.11,283.16,11.36,4.58,,,230.85,270.63,1.33,ELEVATED,40,1,2
PATELENG.NS,HOLD,27.43,weak_trend,45.2,-0.04,27.27,26.68,31.49,0.9,3.3,,,26.07,29.24,1.33,NORMAL,40,0,3
PENIND.NS,HOLD,162.8,weak_trend,45.5,0.05,160.6,158.01,197.51,8.29,5.09,,,150.37,179.38,1.33,ELEVATED,40,0,3
WSTCSTPAPR.NS,HOLD,495.6,weak_trend,39.13,6.32,494.3,469.71,449.73,22.91,4.62,,,461.23,541.42,1.33,ELEVATED,40,2,1
GANECOS.NS,SELL,923.2,downtrend,29.79,-13.63,1014.61,990.54,1007.35,56.07,6.07,,,1035.34,642.84,2.5,ELEVATED,80,0,3
KDDL.NS,HOLD,2778.0,weak_trend,62.58,103.82,2476.91,2372.29,2423.08,157.31,5.66,,,2542.03,3092.63,1.33,ELEVATED,40,2,1
MAITHANALL.NS,BUY,1024.05,uptrend,52.29,2.88,975.33,951.76,1011.58,36.17,3.53,1003.57,1044.53,951.72,1204.88,2.5,NORMAL,71,3,0
POLYPLEX.NS,SELL,926.1,downtrend,46.17,8.25,921.21,880.89,906.85,40.94,4.42,,,1007.99,721.39,2.5,ELEVATED,71,1,2
DEEPINDS.NS,HOLD,476.8,weak_trend,57.56,4.59,467.08,454.0,455.36,25.16,5.28,,,439.06,527.12,1.33,ELEVATED,40,2,1
SAGCEM.NS,SELL,178.26,downtrend,36.83,-0.41,182.29,177.75,211.82,6.35,3.56,,,190.96,146.52,2.5,NORMAL,76,1,2
SIYSIL.NS,SELL,573.6,downtrend,45.91,9.72,578.52,541.31,611.64,23.38,4.08,,,620.37,456.68,2.5,ELEVATED,72,0,3
HPL.NS,SELL,350.15,downtrend,39.47,4.67,363.79,338.55,394.74,16.15,4.61,,,382.45,269.4,2.5,ELEVATED,75,1,2
EASEMYTRIP.NS,SELL,7.16,downtrend,38.51,-0.01,7.87,7.51,7.78,0.47,6.5,,,8.09,4.83,2.5,ELEVATED,75,1,2
ASHIANA.NS,SELL,364.4,downtrend,44.85,10.58,363.4,335.85,308.77,17.91,4.91,,,400.21,274.86,2.5,ELEVATED,72,2,1
TCPLPACK.NS,SELL,2562.0,downtrend,29.68,-6.57,2656.32,2558.59,2973.17,105.23,4.11,,,2772.46,2035.86,2.5,ELEVATED,80,1,2
BRIGHOTEL.NS,SELL,61.42,downtrend,34.7,-0.74,62.45,62.34,71.44,2.12,3.45,,,65.65,50.84,2.5,NORMAL,77,0,3
SANDHAR.NS,HOLD,674.75,weak_trend,71.56,51.77,570.37,516.65,510.51,37.81,5.6,,,618.03,750.38,1.33,ELEVATED,40,1,2
SHK.NS,SELL,132.89,downtrend,32.33,-2.51,137.89,136.12,177.61,6.42,4.83,,,145.73,100.79,2.5,ELEVATED,78,0,3
TFCILTD.NS,HOLD,73.05,weak_trend,23.16,0.05,75.8,71.46,68.71,3.15,4.31,,,68.33,79.34,1.33,ELEVATED,40,1,2
RAMRAT.NS,HOLD,425.5,weak_trend,43.07,16.37,439.77,382.16,335.52,27.06,6.36,,,384.91,479.62,1.33,ELEVATED,40,1,2
SUNDROP.NS,HOLD,673.15,weak_trend,51.34,7.33,672.43,644.44,713.79,23.05,3.42,,,638.58,719.24,1.33,NORMAL,40,0,3
ORISSAMINE.NS,SELL,4097.9,downtrend,36.93,18.62,4148.84,3909.72,4583.22,133.79,3.26,,,4365.47,3428.97,2.5,NORMAL,76,0,3
VEEDOL.NS,SELL,1437.9,downtrend,28.38,4.83,1447.7,1396.67,1556.11,34.64,2.41,,,1507.17,1264.72,2.5,NORMAL,80,0,3
TEAMLEASE.NS,HOLD,1381.6,weak_trend,55.93,36.56,1354.0,1259.76,1528.04,46.21,3.34,,,1312.28,1474.03,1.33,NORMAL,40,0,3
AGIIL.NS,HOLD,361.8,weak_trend,46.84,3.48,379.55,353.32,283.58,22.51,6.22,,,328.03,406.82,1.33,ELEVATED,40,0,3
NOCIL.NS,HOLD,168.13,weak_trend,35.57,-1.21,173.06,168.52,164.87,6.73,4.0,,,158.03,181.6,1.33,NORMAL,40,0,3
EMSLIMITED.NS,SELL,326.1,downtrend,31.75,-2.66,337.45,325.21,421.4,14.42,4.42,,,354.94,253.99,2.5,ELEVATED,79,0,3
PREMEXPLN.NS,HOLD,690.55,weak_trend,69.38,47.65,580.61,512.84,530.37,46.28,6.7,,,621.14,783.1,1.33,ELEVATED,40,2,1
MANINDS.NS,HOLD,500.5,weak_trend,41.45,9.41,544.08,484.58,422.93,35.19,7.03,,,447.72,570.87,1.33,ELEVATED,40,0,3
TIRUMALCHM.NS,SELL,205.23,downtrend,44.69,3.16,211.04,196.05,234.73,8.72,4.25,,,222.67,161.64,2.5,ELEVATED,72,0,3
SANGHVIMOV.NS,HOLD,364.05,weak_trend,63.16,18.5,337.46,305.28,323.8,19.16,5.26,,,335.31,402.36,1.33,ELEVATED,40,2,1
FMGOETZE.NS,SELL,419.8,downtrend,28.4,-1.74,453.57,432.84,469.35,19.02,4.53,,,457.84,324.71,2.5,ELEVATED,80,1,2
SBCL.NS,HOLD,740.0,weak_trend,67.03,51.5,643.21,542.3,490.76,40.15,5.43,,,679.78,820.3,1.33,ELEVATED,40,2,1
FCL.NS,HOLD,39.99,weak_trend,74.14,3.97,30.2,25.41,24.47,2.83,7.07,,,35.75,45.64,1.33,ELEVATED,40,1,2
VIMTALABS.NS,SELL,469.7,downtrend,38.65,-0.97,469.45,452.7,573.13,14.13,3.01,,,497.96,399.06,2.5,NORMAL,75,0,3
MUTHOOTMF.NS,HOLD,179.98,weak_trend,33.81,-1.1,187.8,175.69,172.67,6.77,3.76,,,169.83,193.52,1.33,NORMAL,40,0,3
MARINE.NS,HOLD,268.94,weak_trend,72.84,10.32,233.69,210.23,205.07,13.6,5.06,,,248.54,296.14,1.33,ELEVATED,40,2,1
ARVSMART.NS,HOLD,594.1,weak_trend,36.27,3.46,611.79,583.6,591.55,22.59,3.8,,,560.22,639.27,1.33,NORMAL,40,0,3
DALMIASUG.NS,HOLD,339.8,weak_trend,20.66,-8.13,362.12,359.23,331.01,12.78,3.76,,,320.63,365.36,1.33,NORMAL,40,0,3
KPEL.NS,SELL,357.6,downtrend,31.45,5.4,370.1,333.8,359.88,16.61,4.64,,,390.81,274.56,2.5,ELEVATED,79,0,3
GIPCL.NS,BUY,165.17,uptrend,59.13,2.29,152.42,145.67,159.78,5.74,3.48,161.87,168.47,153.68,193.88,2.5,NORMAL,74,3,0
ALPEXSOLAR.NS,SELL,996.25,downtrend,43.43,1.3,999.05,940.78,1014.46,58.15,5.84,,,1112.56,705.48,2.5,ELEVATED,73,1,2
PRAKASH.NS,SELL,148.14,downtrend,45.3,2.35,147.8,137.46,143.89,6.99,4.72,,,162.13,113.17,2.5,ELEVATED,72,1,2
RPSGVENT.NS,HOLD,918.7,weak_trend,20.53,9.93,941.27,884.01,811.68,47.98,5.22,,,846.74,1014.65,1.33,ELEVATED,40,0,3
BCG.NS,SELL,10.44,downtrend,64.35,0.26,9.79,9.46,11.79,0.43,4.12,,,11.3,8.29,2.5,ELEVATED,62,2,1
TATVA.NS,SELL,1133.2,downtrend,22.03,-28.8,1259.23,1227.94,1238.98,59.22,5.23,,,1251.64,837.09,2.5,ELEVATED,83,1,2
IOLCP.NS,HOLD,128.98,weak_trend,75.04,10.59,110.46,93.47,89.04,8.7,6.75,,,115.92,146.39,1.33,ELEVATED,40,1,2
BAJAJHIND.NS,SELL,18.38,downtrend,41.67,-0.08,18.78,18.17,19.1,0.59,3.22,,,19.56,15.42,2.5,NORMAL,74,0,3
BFUTILITIE.NS,SELL,568.75,downtrend,44.39,9.36,557.77,504.96,626.52,24.31,4.27,,,617.37,447.2,2.5,ELEVATED,72,1,2
RAMCOIND.NS,SELL,293.5,downtrend,54.37,6.32,281.41,269.6,307.62,15.1,5.14,,,323.69,218.02,2.5,ELEVATED,67,2,1
TVSSRICHAK.NS,BUY,3882.2,uptrend,53.57,10.33,3760.4,3724.07,3812.44,152.43,3.93,3804.56,3959.84,3577.34,4644.34,2.5,NORMAL,71,3,0
POKARNA.NS,SELL,800.7,downtrend,32.68,-18.54,843.78,870.06,867.03,33.39,4.17,,,867.49,633.74,2.5,ELEVATED,78,1,2
JTLIND.NS,HOLD,69.0,weak_trend,23.12,-0.31,73.14,65.93,66.58,3.99,5.78,,,63.02,76.97,1.33,ELEVATED,40,0,3
EVEREADY.NS,SELL,316.65,downtrend,35.12,1.0,322.81,308.61,348.52,11.62,3.67,,,339.89,258.56,2.5,NORMAL,77,0,3
CARRARO.NS,HOLD,543.55,weak_trend,39.74,8.01,575.1,529.95,507.08,29.97,5.51,,,498.6,603.49,1.33,ELEVATED,40,1,2
NRBBEARING.NS,HOLD,370.0,weak_trend,78.4,25.96,344.03,292.39,275.72,15.41,4.17,,,346.88,400.82,1.33,ELEVATED,40,1,2
HONDAPOWER.NS,SELL,2363.4,downtrend,58.52,21.91,2245.3,2168.22,2402.76,95.98,4.06,,,2555.36,1883.51,2.5,ELEVATED,65,2,1
SAKSOFT.NS,HOLD,143.27,weak_trend,40.94,1.2,142.27,136.23,175.86,7.62,5.32,,,131.85,158.5,1.33,ELEVATED,40,0,3
MOREPENLAB.NS,SELL,43.24,downtrend,39.28,0.37,43.08,40.95,43.42,1.85,4.29,,,46.95,33.98,2.5,ELEVATED,75,1,2
HIRECT.NS,BUY,1113.95,uptrend,69.53,61.41,970.38,874.96,795.16,74.92,6.73,1091.67,1136.23,964.11,1488.56,2.5,ELEVATED,79,3,0
VENUSPIPES.NS,HOLD,1398.0,weak_trend,49.37,41.06,1366.77,1229.17,1226.55,76.49,5.47,,,1283.27,1550.97,1.33,ELEVATED,40,2,1
SOTL.NS,SELL,435.8,downtrend,47.7,14.11,418.31,373.66,379.08,15.91,3.65,,,467.62,356.25,2.5,NORMAL,71,1,2
ALLCARGO.NS,SELL,9.1,downtrend,33.67,-0.02,9.16,8.81,17.37,0.43,4.69,,,9.95,6.97,2.5,ELEVATED,78,0,3
MTNL.NS,SELL,30.19,downtrend,51.69,0.09,30.11,29.0,35.64,1.04,3.44,,,32.27,24.99,2.5,NORMAL,69,1,2
RELTD.NS,SELL,127.37,downtrend,30.19,-3.32,131.05,134.35,148.2,5.48,4.3,,,138.33,99.98,2.5,ELEVATED,79,1,2
ALEMBICLTD.NS,SELL,87.64,downtrend,26.57,-0.51,90.1,86.7,96.25,2.38,2.72,,,92.4,75.73,2.5,NORMAL,81,1,2
DIGITIDE.NS,SELL,86.31,downtrend,19.18,-2.54,92.28,88.93,132.87,4.36,5.06,,,95.04,64.49,2.5,ELEVATED,85,1,2
UTKARSHBNK.NS,SELL,13.26,downtrend,14.83,-0.12,13.96,13.23,16.13,0.52,3.91,,,14.3,10.67,2.5,NORMAL,87,0,3
NUCLEUS.NS,SELL,763.95,downtrend,39.82,-5.78,794.66,795.76,907.63,32.63,4.27,,,829.21,600.81,2.5,ELEVATED,75,0,3
SERVOTECH.NS,HOLD,97.51,weak_trend,51.34,2.21,94.01,84.74,95.21,4.83,4.95,,,90.26,107.17,1.33,ELEVATED,40,2,1
AUTOAXLES.NS,HOLD,1730.6,weak_trend,36.78,-8.64,1763.33,1741.03,1793.73,66.21,3.83,,,1631.28,1863.03,1.33,NORMAL,40,0,3
HMT.NS,SELL,54.66,downtrend,21.6,-1.3,58.46,60.34,54.92,2.56,4.69,,,59.79,41.84,2.5,ELEVATED,84,1,2
LAOPALA.NS,HOLD,179.33,weak_trend,44.06,-0.93,176.39,177.84,209.78,5.72,3.19,,,170.75,190.77,1.33,NORMAL,40,0,3
DCXINDIA.NS,SELL,195.9,downtrend,39.71,3.38,204.64,190.29,204.47,8.95,4.57,,,213.79,151.17,2.5,ELEVATED,75,1,2
HINDWAREAP.NS,SELL,223.51,downtrend,43.18,3.71,226.18,213.06,273.47,12.8,5.73,,,249.11,159.51,2.5,ELEVATED,73,0,3
INDOCO.NS,SELL,209.66,downtrend,36.51,-2.31,215.18,205.57,240.12,10.07,4.8,,,229.81,159.29,2.5,ELEVATED,76,1,2
WINDMACHIN.NS,HOLD,286.95,weak_trend,33.25,2.95,295.67,270.68,278.79,15.12,5.27,,,264.27,317.19,1.33,ELEVATED,40,0,3
TAJGVK.NS,SELL,346.3,downtrend,58.96,0.71,319.96,319.77,378.77,11.73,3.39,,,369.76,287.66,2.5,NORMAL,65,2,1
NITCO.NS,SELL,98.35,downtrend,35.7,1.67,97.87,90.49,96.08,5.35,5.44,,,109.05,71.6,2.5,ELEVATED,77,1,2
SIRCA.NS,SELL,417.7,downtrend,43.53,-3.3,424.09,425.99,467.36,11.69,2.8,,,441.09,359.24,2.5,NORMAL,73,0,3
KALAMANDIR.NS,HOLD,109.73,weak_trend,42.14,0.85,108.65,102.88,139.15,5.36,4.89,,,101.68,120.46,1.33,ELEVATED,40,0,3
VSSL.NS,HOLD,268.2,weak_trend,43.51,2.96,275.56,256.56,267.87,9.36,3.49,,,254.16,286.91,1.33,NORMAL,40,0,3
KRSNAA.NS,SELL,549.45,downtrend,21.99,-12.93,575.51,583.2,713.4,21.02,3.83,,,591.49,444.34,2.5,NORMAL,84,1,2
SDBL.NS,SELL,85.26,downtrend,27.81,0.14,87.38,82.22,106.04,3.36,3.94,,,91.98,68.47,2.5,NORMAL,81,0,3
CARYSIL.NS,HOLD,1077.55,weak_trend,68.06,55.68,973.49,893.13,897.63,50.54,4.69,,,1001.75,1178.62,1.33,ELEVATED,40,2,1
TCIEXP.NS,SELL,491.05,downtrend,12.22,-5.59,522.23,512.85,587.58,19.0,3.87,,,529.05,396.05,2.5,NORMAL,88,0,3
KCP.NS,SELL,164.53,downtrend,33.53,-1.04,167.73,159.03,179.33,6.19,3.76,,,176.9,133.6,2.5,NORMAL,78,1,2
BEPL.NS,HOLD,95.53,weak_trend,46.91,0.31,95.6,93.33,92.47,2.74,2.87,,,91.42,101.01,1.33,NORMAL,40,1,2
KMEW.NS,HOLD,1918.3,weak_trend,36.23,52.1,2070.32,1827.68,1515.33,135.42,7.06,,,1715.17,2189.14,1.33,ELEVATED,40,0,3
XPROINDIA.NS,HOLD,1112.8,weak_trend,44.77,23.4,1102.53,1051.05,1041.73,61.22,5.5,,,1020.97,1235.24,1.33,ELEVATED,40,1,2
HATHWAY.NS,HOLD,10.8,weak_trend,49.11,-0.01,10.62,10.55,12.29,0.31,2.84,,,10.34,11.41,1.33,NORMAL,40,1,2
REPCOHOME.NS,SELL,384.0,downtrend,36.12,-1.99,396.18,388.15,390.68,14.64,3.81,,,413.29,310.79,2.5,NORMAL,76,0,3
ADFFOODS.NS,HOLD,264.65,weak_trend,43.8,10.21,268.81,228.27,215.67,15.67,5.92,,,241.14,295.99,1.33,ELEVATED,40,0,3
UNIVCABLES.NS,HOLD,1136.05,weak_trend,49.62,73.87,1047.35,862.21,789.42,73.67,6.48,,,1025.54,1283.39,1.33,ELEVATED,40,1,2
PANACEABIO.NS,HOLD,412.85,weak_trend,60.09,16.14,397.84,361.85,381.77,21.05,5.1,,,381.28,454.94,1.33,ELEVATED,40,2,1
GRMOVER.NS,HOLD,160.03,weak_trend,49.0,-0.51,163.34,161.41,150.11,7.78,4.86,,,148.37,175.58,1.33,ELEVATED,40,1,2
DIAMONDYD.NS,HOLD,1106.8,weak_trend,66.0,23.95,1011.08,980.64,1034.14,41.29,3.73,,,1044.87,1189.38,1.33,NORMAL,40,2,1
CAPACITE.NS,SELL,226.45,downtrend,27.21,-4.62,235.26,232.76,258.78,10.27,4.53,,,246.99,175.11,2.5,ELEVATED,81,0,3
ROSSTECH.NS,HOLD,1056.75,weak_trend,65.72,34.65,946.28,875.4,730.07,67.42,6.38,,,955.62,1191.59,1.33,ELEVATED,40,2,1
FILATEX.NS,SELL,45.74,downtrend,54.91,0.28,43.7,42.75,49.26,1.92,4.2,,,49.58,36.13,2.5,ELEVATED,67,2,1
JINDALPOLY.NS,HOLD,678.35,weak_trend,37.67,-11.18,707.96,759.68,590.29,26.49,3.91,,,638.61,731.34,1.33,NORMAL,40,0,3
SMSPHARMA.NS,HOLD,369.25,weak_trend,32.04,-6.74,401.08,399.06,324.61,20.71,5.61,,,338.18,410.67,1.33,ELEVATED,40,0,3
MONARCH.NS,HOLD,336.0,weak_trend,62.57,10.94,312.3,293.67,303.53,13.91,4.14,,,315.13,363.82,1.33,ELEVATED,40,2,1
TASTYBITE.NS,SELL,7618.0,downtrend,23.7,101.79,7599.3,7210.27,8136.43,266.64,3.5,,,8151.29,6284.79,2.5,NORMAL,83,0,3
AEROFLEX.NS,HOLD,401.4,weak_trend,51.01,26.5,381.86,315.95,219.27,23.06,5.74,,,366.81,447.51,1.33,ELEVATED,40,1,2
HGS.NS,SELL,412.9,downtrend,37.4,1.85,413.12,397.38,450.89,13.02,3.15,,,438.94,347.81,2.5,NORMAL,76,0,3
JAICORPLTD.NS,SELL,115.93,downtrend,48.44,1.18,116.23,110.36,127.64,3.47,3.0,,,122.88,98.56,2.5,NORMAL,70,0,3
MOLDTKPAC.NS,HOLD,702.6,weak_trend,75.82,34.3,649.62,582.53,642.33,34.08,4.85,,,651.48,770.76,1.33,ELEVATED,40,1,2
COSMOFIRST.NS,SELL,727.65,downtrend,28.53,16.11,761.49,696.52,768.95,36.56,5.02,,,800.78,544.83,2.5,ELEVATED,80,0,3
PFS.NS,SELL,30.69,downtrend,44.53,0.12,30.66,29.53,33.35,0.97,3.16,,,32.63,25.84,2.5,NORMAL,72,0,3
MBEL.NS,SELL,298.45,downtrend,38.52,-3.7,310.65,302.97,365.58,16.49,5.52,,,331.42,216.02,2.5,ELEVATED,75,0,3
BAJEL.NS,BUY,195.47,uptrend,67.2,3.38,179.97,173.08,179.88,9.34,4.78,191.56,199.38,176.79,242.17,2.5,ELEVATED,78,3,0
INSECTICID.NS,HOLD,735.55,weak_trend,54.83,20.06,726.77,671.65,704.36,25.38,3.45,,,697.48,786.31,1.33,NORMAL,40,2,1
SHALBY.NS,SELL,168.81,downtrend,54.6,3.7,166.26,156.39,191.77,7.76,4.6,,,184.32,130.02,2.5,ELEVATED,67,2,1
NDRAUTO.NS,SELL,800.2,downtrend,41.63,16.93,811.87,752.53,850.68,37.81,4.72,,,875.81,611.16,2.5,ELEVATED,74,0,3
FINOPB.NS,HOLD,127.74,weak_trend,44.35,-2.54,126.56,131.01,227.42,6.43,5.03,,,118.1,140.59,1.33,ELEVATED,40,1,2
ORIENTHOT.NS,SELL,95.54,downtrend,29.95,-0.37,100.16,96.8,112.64,3.15,3.3,,,101.84,79.78,2.5,NORMAL,80,1,2
STYLEBAAZA.NS,HOLD,338.6,weak_trend,25.13,-3.88,380.04,337.04,319.45,23.26,6.87,,,303.7,385.13,1.33,ELEVATED,40,0,3
SCILAL.NS,SELL,45.46,downtrend,18.31,0.13,47.4,44.47,47.07,1.78,3.92,,,49.03,36.54,2.5,NORMAL,85,0,3
NILKAMAL.NS,SELL,1279.2,downtrend,47.11,-4.8,1284.99,1262.6,1421.03,47.91,3.75,,,1375.03,1039.63,2.5,NORMAL,71,0,3
LANDMARK.NS,HOLD,379.35,weak_trend,46.15,-8.41,379.14,393.32,487.24,16.68,4.4,,,354.33,412.71,1.33,ELEVATED,40,1,2
EIHAHOTELS.NS,SELL,314.25,downtrend,31.45,-0.92,323.26,314.2,351.86,9.77,3.11,,,333.79,265.41,2.5,NORMAL,79,0,3
IPL.NS,SELL,164.28,downtrend,37.19,4.1,165.21,152.08,177.02,7.55,4.59,,,179.37,126.55,2.5,ELEVATED,76,0,3
SUMMITSEC.NS,HOLD,1551.6,weak_trend,36.31,-11.12,1570.4,1568.74,1893.61,61.76,3.98,,,1458.95,1675.13,1.33,NORMAL,40,0,3
SEAMECLTD.NS,HOLD,1614.6,weak_trend,62.5,31.44,1558.81,1505.59,1139.22,82.02,5.08,,,1491.57,1778.64,1.33,ELEVATED,40,2,1
MAYURUNIQ.NS,HOLD,754.45,weak_trend,74.61,52.08,654.6,587.25,535.09,37.61,4.98,,,698.04,829.66,1.33,ELEVATED,40,1,2
RML.NS,HOLD,909.75,weak_trend,61.26,31.91,901.96,800.49,807.07,27.69,3.04,,,868.22,965.12,1.33,NORMAL,40,1,2
YATRA.NS,HOLD,100.3,weak_trend,46.13,-2.65,99.49,104.33,141.98,4.75,4.74,,,93.17,109.8,1.33,ELEVATED,40,1,2
STEELCAS.NS,HOLD,283.3,weak_trend,47.62,3.27,285.8,269.52,229.51,14.95,5.28,,,260.88,313.19,1.33,ELEVATED,40,1,2
GENESYS.NS,HOLD,262.65,weak_trend,49.83,-1.05,240.06,248.57,399.0,21.78,8.29,,,229.98,306.21,1.33,ELEVATED,40,1,2
GVPIL.NS,HOLD,865.15,weak_trend,76.52,72.34,706.6,567.33,404.23,37.4,4.32,,,809.05,939.95,1.33,ELEVATED,40,2,1
SOLARA.NS,HOLD,532.7,weak_trend,51.74,15.88,535.83,495.97,549.81,30.47,5.72,,,486.99,593.64,1.33,ELEVATED,40,0,3
KICL.NS,HOLD,5044.4,weak_trend,49.27,80.34,4930.83,4695.72,4907.43,177.85,3.53,,,4777.62,5400.1,1.33,NORMAL,40,2,1
SPECTRUM.NS,HOLD,1443.4,weak_trend,68.54,45.66,1348.08,1325.87,1329.14,86.0,5.96,,,1314.4,1615.4,1.33,ELEVATED,40,2,1
SULA.NS,SELL,157.1,downtrend,17.49,-2.41,163.72,161.85,208.98,4.44,2.83,,,165.99,134.88,2.5,NORMAL,86,0,3
SIMPLEXINF.NS,BUY,250.66,uptrend,61.88,8.88,225.48,204.04,248.66,14.1,5.62,245.65,255.67,222.46,321.15,2.5,ELEVATED,75,3,0
SGFIN.NS,HOLD,567.0,weak_trend,38.02,15.3,575.08,509.81,418.24,22.28,3.93,,,533.58,611.56,1.33,NORMAL,40,0,3
CANTABIL.NS,SELL,211.25,downtrend,23.12,-6.79,227.05,234.03,255.88,8.5,4.03,,,228.26,168.74,2.5,ELEVATED,83,1,2
DELTACORP.NS,SELL,69.6,downtrend,42.45,2.07,73.56,65.98,71.46,4.56,6.55,,,78.71,46.82,2.5,ELEVATED,73,1,2
SASKEN.NS,HOLD,2258.2,weak_trend,81.6,203.36,1697.58,1406.83,1364.33,168.61,7.47,,,2005.28,2595.43,1.33,ELEVATED,40,1,2
SANGAMIND.NS,BUY,515.95,uptrend,51.95,6.38,508.41,480.2,443.78,17.63,3.42,505.63,526.27,480.69,604.09,2.5,NORMAL,70,3,0
RANEHOLDIN.NS,HOLD,1401.3,weak_trend,67.55,78.1,1302.15,1162.28,1355.62,92.29,6.59,,,1262.86,1585.89,1.33,ELEVATED,40,2,1
HINDOILEXP.NS,HOLD,160.91,weak_trend,46.13,3.33,165.27,151.18,154.52,6.85,4.26,,,150.63,174.62,1.33,ELEVATED,40,0,3
STOVEKRAFT.NS,HOLD,612.55,weak_trend,69.23,13.09,556.06,533.98,587.77,28.6,4.67,,,569.64,669.76,1.33,ELEVATED,40,2,1
GEOJITFSL.NS,HOLD,72.93,weak_trend,54.89,2.52,71.52,65.52,70.86,2.98,4.08,,,68.46,78.88,1.33,ELEVATED,40,1,2
IDEAFORGE.NS,HOLD,845.0,weak_trend,56.01,66.45,799.4,597.07,496.47,53.85,6.37,,,764.22,952.7,1.33,ELEVATED,40,1,2
RPTECH.NS,SELL,543.1,downtrend,49.56,22.29,524.75,454.2,364.69,24.31,4.48,,,591.72,421.55,2.5,ELEVATED,70,1,2
ACCELYA.NS,HOLD,1142.3,weak_trend,44.63,-8.16,1135.86,1149.34,1259.19,24.69,2.16,,,1105.26,1191.69,1.33,NORMAL,40,1,2
VENKEYS.NS,SELL,1454.0,downtrend,23.65,-10.04,1564.16,1478.43,1455.15,68.48,4.71,,,1590.96,1111.61,2.5,ELEVATED,83,0,3
TIL.NS,SELL,186.76,downtrend,35.09,-2.48,197.71,194.4,255.85,10.66,5.71,,,208.09,133.45,2.5,ELEVATED,77,1,2
YASHO.NS,HOLD,2072.8,weak_trend,72.11,168.77,1782.22,1576.39,1568.78,153.79,7.42,,,1842.11,2380.39,1.33,ELEVATED,40,1,2
WEL.NS,SELL,92.18,downtrend,31.77,-3.01,100.66,102.45,137.2,4.87,5.28,,,101.92,67.83,2.5,ELEVATED,79,1,2
DOLLAR.NS,SELL,266.2,downtrend,35.66,-4.35,278.88,272.72,325.16,10.24,3.85,,,286.69,214.99,2.5,NORMAL,77,0,3
INDIANHUME.NS,SELL,311.2,downtrend,30.0,-3.95,324.94,321.91,364.4,11.46,3.68,,,334.12,253.9,2.5,NORMAL,80,0,3
DREDGECORP.NS,HOLD,1161.05,weak_trend,68.99,56.08,992.43,936.96,858.99,74.05,6.38,,,1049.97,1309.16,1.33,ELEVATED,40,2,1
MOL.NS,SELL,48.78,downtrend,22.57,-0.45,52.63,49.46,64.5,2.71,5.55,,,54.19,35.25,2.5,ELEVATED,83,0,3
DCW.NS,SELL,47.02,downtrend,37.25,0.32,48.21,45.41,57.29,1.67,3.55,,,50.36,38.67,2.5,NORMAL,76,0,3
UGROCAP.NS,SELL,97.63,downtrend,24.12,-1.7,101.75,99.22,146.95,3.53,3.62,,,104.69,79.97,2.5,NORMAL,82,0,3
THEJO.NS,SELL,1564.7,downtrend,6.86,-35.14,1722.16,1680.46,1759.48,52.49,3.35,,,1669.69,1302.24,2.5,NORMAL,91,1,2
HITECH.NS,HOLD,86.7,weak_trend,46.81,1.21,88.93,85.44,93.34,3.68,4.24,,,81.18,94.05,1.33,ELEVATED,40,1,2
MANGLMCEM.NS,HOLD,827.6,weak_trend,26.17,-14.17,875.08,865.1,788.63,33.1,4.0,,,777.94,893.81,1.33,NORMAL,40,0,3
AMRUTANJAN.NS,HOLD,558.65,weak_trend,54.76,0.87,558.04,545.25,640.43,19.72,3.53,,,529.07,598.09,1.33,NORMAL,40,0,3
WHEELS.NS,HOLD,1575.8,weak_trend,67.23,136.73,1445.19,1197.07,928.48,106.25,6.74,,,1416.43,1788.3,1.33,ELEVATED,40,2,1
APCOTEXIND.NS,HOLD,479.6,weak_trend,42.53,20.89,480.72,415.25,386.92,19.78,4.12,,,449.94,519.15,1.33,ELEVATED,40,0,3
GMBREW.NS,HOLD,928.4,weak_trend,47.36,-6.2,928.33,963.27,954.04,31.32,3.37,,,881.41,991.05,1.33,NORMAL,40,0,3
VERANDA.NS,HOLD,234.89,weak_trend,63.78,15.85,227.03,181.22,202.85,12.37,5.27,,,216.34,259.63,1.33,ELEVATED,40,1,2
PIXTRANS.NS,HOLD,1555.0,weak_trend,54.44,15.13,1540.91,1497.02,1444.31,60.76,3.91,,,1463.86,1676.51,1.33,NORMAL,40,2,1
MOBIKWIK.NS,SELL,196.2,downtrend,28.2,-1.36,201.53,195.26,228.93,12.03,6.13,,,220.25,136.07,2.5,ELEVATED,80,0,3
UNIPARTS.NS,HOLD,601.05,weak_trend,62.19,22.51,558.33,517.72,463.51,25.36,4.22,,,563.01,651.76,1.33,ELEVATED,40,2,1
WAAREEINDO.NS,SELL,388.75,downtrend,34.56,-10.4,403.54,416.21,465.05,19.11,4.92,,,426.97,293.2,2.5,ELEVATED,77,0,3
RAJRATAN.NS,HOLD,410.75,weak_trend,41.77,-0.63,422.19,405.74,406.75,13.82,3.36,,,390.02,438.39,1.33,NORMAL,40,0,3
EXICOM.NS,HOLD,159.4,weak_trend,70.0,11.38,128.07,111.91,119.69,11.64,7.3,,,141.94,182.68,1.33,ELEVATED,40,2,1
INDNIPPON.NS,HOLD,921.2,weak_trend,70.52,17.61,796.88,773.27,827.32,35.48,3.85,,,867.98,992.16,1.33,NORMAL,40,2,1
VINCOFE.NS,SELL,144.88,downtrend,59.67,3.25,136.56,135.58,147.89,7.05,4.87,,,158.98,109.63,2.5,ELEVATED,65,1,2
MUKANDLTD.NS,HOLD,141.21,weak_trend,56.34,1.33,139.75,134.53,132.75,6.26,4.43,,,131.82,153.73,1.33,ELEVATED,40,1,2
SOMANYCERA.NS,HOLD,492.9,weak_trend,56.77,19.34,483.11,439.38,433.97,32.98,6.69,,,443.43,558.86,1.33,ELEVATED,40,1,2
DYCL.NS,SELL,317.5,downtrend,25.64,-6.78,341.95,321.88,349.17,22.6,7.12,,,362.71,204.48,2.5,ELEVATED,82,0,3
NELCO.NS,SELL,687.15,downtrend,36.09,3.73,686.49,650.57,741.9,26.28,3.82,,,739.7,555.78,2.5,NORMAL,76,0,3
DIVGIITTS.NS,BUY,811.55,uptrend,62.81,14.87,715.6,705.58,657.01,39.23,4.83,795.32,827.78,733.1,1007.68,2.5,ELEVATED,76,3,0
MSPL.NS,HOLD,42.72,weak_trend,53.12,1.94,40.68,35.82,34.38,1.95,4.56,,,39.8,46.62,1.33,ELEVATED,40,1,2
KERNEX.NS,BUY,1689.9,uptrend,65.63,73.32,1433.47,1238.13,1177.4,82.36,4.87,1656.1,1723.7,1525.17,2101.72,2.5,ELEVATED,77,3,0
NITINSPIN.NS,HOLD,489.35,weak_trend,54.15,16.96,496.3,435.19,359.2,22.09,4.51,,,456.22,533.53,1.33,ELEVATED,40,0,3
BGRENERGY.NS,HOLD,346.35,weak_trend,83.12,8.15,286.92,294.99,310.06,13.66,3.94,,,325.86,373.67,1.33,NORMAL,40,2,1
WINDLAS.NS,SELL,833.1,downtrend,52.53,-2.72,808.6,802.49,847.85,35.88,4.31,,,904.85,653.72,2.5,ELEVATED,68,1,2
RAMCOSYS.NS,SELL,455.05,downtrend,66.02,13.26,417.34,411.21,492.83,23.33,5.13,,,501.71,338.39,2.5,ELEVATED,61,1,2
SPAL.NS,HOLD,782.05,weak_trend,41.6,-2.79,791.39,764.24,732.89,31.3,4.0,,,735.11,844.64,1.33,NORMAL,40,1,2
GTLINFRA.NS,BUY,1.42,uptrend,50.91,0.04,1.33,1.22,1.29,0.08,5.63,1.39,1.45,1.26,1.82,2.5,ELEVATED,70,3,0
NIBE.NS,HOLD,1442.9,weak_trend,84.19,109.62,1173.51,1064.5,1142.14,90.96,6.3,,,1306.45,1624.83,1.33,ELEVATED,40,1,2
SPIC.NS,HOLD,69.19,weak_trend,51.74,0.74,69.93,67.5,81.0,2.99,4.32,,,64.71,75.17,1.33,ELEVATED,40,0,3
LAXMIDENTL.NS,SELL,232.55,downtrend,58.3,11.06,217.64,198.73,258.15,13.5,5.8,,,259.55,165.05,2.5,ELEVATED,65,1,2
ASALCBR.NS,SELL,839.45,downtrend,39.68,-1.29,858.83,832.82,923.24,34.91,4.16,,,909.26,664.91,2.5,ELEVATED,75,0,3
SPANDANA.NS,HOLD,251.38,weak_trend,22.09,5.94,260.47,231.86,248.39,11.26,4.48,,,234.48,273.91,1.33,ELEVATED,40,0,3
PANAMAPET.NS,BUY,329.05,uptrend,65.79,16.06,311.02,284.41,290.23,17.14,5.21,322.47,335.63,294.76,414.76,2.5,ELEVATED,77,3,0
INDOTECH.NS,HOLD,2516.8,weak_trend,35.58,98.33,2576.62,2017.83,1716.95,166.36,6.61,,,2267.25,2849.53,1.33,ELEVATED,40,0,3
VIDHIING.NS,SELL,303.55,downtrend,52.46,-1.1,295.35,298.64,332.96,13.08,4.31,,,329.71,238.16,2.5,ELEVATED,68,1,2
WENDT.NS,SELL,6878.0,downtrend,25.49,5.98,6984.27,6836.53,7909.25,229.36,3.33,,,7336.71,5731.21,2.5,NORMAL,82,0,3
UNITECH.NS,SELL,4.93,downtrend,53.31,0.1,4.81,4.65,5.81,0.3,6.11,,,5.53,3.42,2.5,ELEVATED,68,2,1
RMDRIP.NS,HOLD,17.94,weak_trend,39.7,-1.26,19.12,21.47,40.96,0.83,4.61,,,16.7,19.6,1.33,ELEVATED,40,0,3
MOTISONS.NS,SELL,11.35,downtrend,20.31,-0.49,12.33,12.81,15.44,0.55,4.83,,,12.45,8.61,2.5,ELEVATED,84,1,2
DEEDEV.NS,HOLD,593.4,weak_trend,75.16,44.69,490.6,399.99,284.05,30.44,5.13,,,547.75,654.27,1.33,ELEVATED,40,1,2
SEPC.NS,SELL,7.78,downtrend,44.87,0.11,7.75,7.0,9.39,0.46,5.95,,,8.71,5.47,2.5,ELEVATED,72,1,2
ADOR.NS,HOLD,1139.6,weak_trend,60.64,31.62,1077.34,1001.95,1025.5,41.82,3.67,,,1076.87,1223.24,1.33,NORMAL,40,2,1
GARUDA.NS,SELL,173.97,downtrend,32.53,-0.3,178.27,169.22,188.46,9.36,5.38,,,192.68,127.18,2.5,ELEVATED,78,0,3
VINDHYATEL.NS,BUY,2210.5,uptrend,69.34,186.81,1729.02,1407.56,1375.25,130.53,5.9,2166.29,2254.71,1949.44,2863.14,2.5,ELEVATED,79,3,0
PRECAM.NS,SELL,153.89,downtrend,36.97,1.38,157.99,144.81,164.54,10.06,6.54,,,174.01,103.6,2.5,ELEVATED,76,0,3
ASTEC.NS,BUY,770.95,uptrend,60.81,24.39,718.59,664.77,708.72,49.28,6.39,755.53,786.37,672.39,1017.34,2.5,ELEVATED,75,3,0
BETA.NS,SELL,1429.5,downtrend,58.97,20.53,1333.63,1302.09,1543.96,88.23,6.17,,,1605.96,988.36,2.5,ELEVATED,65,1,2
FUSION.NS,HOLD,178.47,weak_trend,20.61,-1.55,194.42,175.15,174.69,11.01,6.17,,,161.96,200.48,1.33,ELEVATED,40,0,3
TALBROAUTO.NS,HOLD,345.35,weak_trend,58.24,14.89,332.97,290.07,280.34,24.35,7.05,,,308.82,394.06,1.33,ELEVATED,40,1,2
IFGLEXPOR.NS,SELL,174.69,downtrend,41.13,-0.45,175.54,167.43,205.71,8.25,4.72,,,191.19,133.45,2.5,ELEVATED,74,1,2
BLSE.NS,HOLD,221.96,weak_trend,73.79,10.29,202.49,180.19,182.62,8.65,3.9,,,208.98,239.27,1.33,NORMAL,40,2,1
BFINVEST.NS,HOLD,431.15,weak_trend,51.66,-0.25,413.61,397.37,425.33,16.65,3.86,,,406.18,464.44,1.33,NORMAL,40,2,1
NAVKARCORP.NS,SELL,94.95,downtrend,32.72,-0.27,97.22,94.68,104.78,3.58,3.77,,,102.11,77.06,2.5,NORMAL,78,0,3
SPMLINFRA.NS,SELL,207.62,downtrend,43.9,2.69,208.26,195.14,209.65,10.44,5.03,,,228.5,155.41,2.5,ELEVATED,73,1,2
JYOTISTRUC.NS,SELL,12.95,downtrend,39.73,0.06,12.8,12.07,12.38,0.57,4.42,,,14.09,10.09,2.5,ELEVATED,75,1,2
JGCHEM.NS,BUY,436.2,uptrend,55.71,7.57,405.96,377.02,394.87,18.96,4.35,427.48,444.92,398.28,531.0,2.5,ELEVATED,72,3,0
GOCLCORP.NS,HOLD,367.45,weak_trend,68.82,17.04,327.8,302.51,310.91,17.22,4.69,,,341.61,401.9,1.33,ELEVATED,40,2,1
HUHTAMAKI.NS,SELL,163.43,downtrend,26.36,-2.8,172.03,171.43,201.55,6.05,3.7,,,175.52,133.2,2.5,NORMAL,81,1,2
QUICKHEAL.NS,SELL,186.02,downtrend,28.11,6.13,195.64,171.17,243.58,13.83,7.44,,,213.68,116.87,2.5,ELEVATED,80,0,3
PNBGILTS.NS,SELL,78.79,downtrend,58.78,1.88,74.63,71.49,83.89,4.9,6.22,,,88.59,54.29,2.5,ELEVATED,65,1,2
JINDRILL.NS,HOLD,593.15,weak_trend,58.63,21.79,596.86,547.76,551.87,50.08,8.44,,,518.03,693.31,1.33,ELEVATED,40,0,3
DLINKINDIA.NS,HOLD,463.85,weak_trend,42.35,6.56,465.63,439.85,439.78,13.71,2.96,,,443.28,491.28,1.33,NORMAL,40,0,3
BLISSGVS.NS,HOLD,425.3,weak_trend,91.32,31.98,299.97,264.95,193.36,22.08,5.19,,,392.19,469.45,1.33,ELEVATED,40,2,1
SANSTAR.NS,BUY,118.26,uptrend,69.1,6.92,104.42,92.06,91.09,6.63,5.61,115.89,120.63,105.0,151.41,2.5,ELEVATED,79,3,0
EXPLEOSOL.NS,HOLD,874.25,weak_trend,57.66,24.84,877.83,805.03,936.38,52.23,5.97,,,795.91,978.7,1.33,ELEVATED,40,0,3
SESHAPAPER.NS,SELL,233.85,downtrend,25.24,-7.84,247.11,255.55,253.26,10.89,4.65,,,255.62,179.42,2.5,ELEVATED,82,0,3
DEN.NS,HOLD,27.64,weak_trend,49.46,0.02,27.12,26.96,30.87,1.18,4.25,,,25.88,29.99,1.33,ELEVATED,40,0,3
TTKHLTCARE.NS,SELL,891.85,downtrend,26.94,-0.58,903.56,869.23,1021.25,26.55,2.98,,,944.94,759.12,2.5,NORMAL,81,1,2
DAMCAPITAL.NS,SELL,150.64,downtrend,30.27,-0.23,155.58,148.71,195.74,6.79,4.51,,,164.23,116.67,2.5,ELEVATED,79,0,3
ARMANFIN.NS,HOLD,1686.1,weak_trend,32.7,40.56,1742.2,1599.78,1555.98,92.64,5.49,,,1547.14,1871.39,1.33,ELEVATED,40,1,2
ARIHANTSUP.NS,SELL,260.65,downtrend,45.47,-0.53,258.9,246.38,324.86,16.91,6.49,,,294.46,176.11,2.5,ELEVATED,72,0,3
SATIN.NS,HOLD,217.82,weak_trend,54.87,11.78,212.37,179.1,155.86,11.39,5.23,,,200.73,240.61,1.33,ELEVATED,40,1,2
RAMASTEEL.NS,HOLD,5.5,weak_trend,43.81,-0.05,5.42,5.3,8.34,0.16,2.9,,,5.26,5.82,1.33,NORMAL,40,0,3
DOLPHIN.NS,SELL,402.2,downtrend,28.91,-1.77,414.86,406.31,407.1,16.52,4.11,,,435.24,319.59,2.5,ELEVATED,80,0,3
RAJOOENG.NS,SELL,55.06,downtrend,28.78,-1.4,56.84,58.86,73.67,2.08,3.78,,,59.22,44.66,2.5,NORMAL,80,1,2
STANLEY.NS,SELL,150.69,downtrend,28.97,2.15,161.77,148.14,216.99,9.19,6.1,,,169.08,104.72,2.5,ELEVATED,80,0,3
MUFIN.NS,HOLD,123.21,weak_trend,59.1,3.27,118.1,111.54,106.19,4.05,3.29,,,117.13,131.31,1.33,NORMAL,40,2,1
JNKINDIA.NS,SELL,369.8,downtrend,49.86,14.68,366.76,320.11,277.02,24.38,6.59,,,418.56,247.89,2.5,ELEVATED,70,1,2
TARSONS.NS,SELL,209.46,downtrend,40.87,1.25,216.45,205.12,242.56,11.49,5.49,,,232.45,151.99,2.5,ELEVATED,74,1,2
HIMATSEIDE.NS,HOLD,77.38,weak_trend,35.1,-2.25,80.64,83.32,107.25,3.2,4.14,,,72.57,83.79,1.33,ELEVATED,40,0,3
SOLEX.NS,SELL,1218.5,downtrend,40.84,12.7,1304.78,1212.07,1310.29,76.06,6.24,,,1370.61,838.21,2.5,ELEVATED,74,1,2
MMFL.NS,HOLD,447.95,weak_trend,37.13,-2.59,463.94,454.69,384.11,21.11,4.71,,,416.29,490.16,1.33,ELEVATED,40,0,3
UDS.NS,SELL,172.09,downtrend,44.88,5.28,170.43,157.21,192.18,8.71,5.06,,,189.5,128.56,2.5,ELEVATED,72,0,3
SYNCOMF.NS,HOLD,15.01,weak_trend,57.41,0.51,14.5,13.43,14.8,0.69,4.62,,,13.97,16.4,1.33,ELEVATED,40,2,1
IGARASHI.NS,SELL,374.25,downtrend,20.37,4.74,394.97,355.76,427.68,18.03,4.82,,,410.31,284.11,2.5,ELEVATED,84,0,3
TINNARUBR.NS,SELL,780.45,downtrend,41.83,17.51,772.19,700.21,788.4,49.74,6.37,,,879.92,531.77,2.5,ELEVATED,74,0,3
GREENPOWER.NS,SELL,11.53,downtrend,37.8,0.05,11.57,10.74,11.84,0.55,4.78,,,12.63,8.77,2.5,ELEVATED,76,0,3
PUNJABCHEM.NS,SELL,1033.8,downtrend,25.89,-13.68,1066.15,1040.04,1179.55,35.57,3.44,,,1104.94,855.94,2.5,NORMAL,82,1,2
SURAKSHA.NS,SELL,285.8,downtrend,47.07,4.66,296.68,277.62,287.67,15.44,5.4,,,316.68,208.6,2.5,ELEVATED,71,0,3
AIMTRON.NS,HOLD,1147.35,weak_trend,58.2,43.85,1116.85,981.11,835.46,61.06,5.32,,,1055.76,1269.47,1.33,ELEVATED,40,1,2
APOLLOPIPE.NS,HOLD,508.85,weak_trend,53.33,19.59,494.22,457.36,362.75,22.73,4.47,,,474.76,554.3,1.33,ELEVATED,40,1,2
SHANTIGOLD.NS,SELL,220.96,downtrend,49.57,5.45,218.07,199.94,210.0,12.7,5.75,,,246.35,157.48,2.5,ELEVATED,70,2,1
MASTERTR.NS,SELL,81.09,downtrend,37.76,2.15,87.3,77.95,111.32,5.19,6.4,,,91.46,55.16,2.5,ELEVATED,76,0,3
IKIO.NS,SELL,152.32,downtrend,20.41,1.1,161.07,143.43,174.87,6.65,4.36,,,165.61,119.09,2.5,ELEVATED,84,0,3
AWHCL.NS,SELL,467.85,downtrend,32.41,-6.51,483.1,475.81,508.55,14.81,3.17,,,497.47,393.8,2.5,NORMAL,78,1,2
STALLION.NS,SELL,173.5,downtrend,64.95,8.39,161.45,145.01,188.63,10.9,6.28,,,195.3,119.0,2.5,ELEVATED,62,1,2
LGHL.NS,SELL,236.45,downtrend,31.76,-6.48,243.12,249.17,288.82,13.54,5.72,,,263.52,168.77,2.5,ELEVATED,79,0,3
ECOSMOBLTY.NS,HOLD,137.89,weak_trend,39.8,2.34,139.42,132.9,198.49,9.42,6.83,,,123.76,156.74,1.33,ELEVATED,40,1,2
JAGRAN.NS,HOLD,74.93,weak_trend,84.88,1.53,68.08,65.85,68.63,1.8,2.4,,,72.23,78.53,1.33,NORMAL,40,2,1
RUPA.NS,SELL,154.55,downtrend,57.46,2.48,148.34,140.6,166.57,5.83,3.77,,,166.21,125.39,2.5,NORMAL,66,2,1
VINYAS.NS,BUY,1197.65,uptrend,61.95,13.2,1057.1,1010.96,1123.15,54.52,4.55,1173.7,1221.6,1088.61,1470.26,2.5,ELEVATED,75,3,0
OMAXE.NS,SELL,75.11,downtrend,23.97,-1.14,80.3,77.3,78.89,3.85,5.13,,,82.81,55.85,2.5,ELEVATED,83,0,3
SHRIRAMPPS.NS,HOLD,89.16,weak_trend,37.76,1.82,87.66,80.18,84.39,4.61,5.17,,,82.25,98.37,1.33,ELEVATED,40,1,2
HESTERBIO.NS,HOLD,2009.2,weak_trend,70.58,118.25,1790.1,1589.14,1675.71,128.39,6.39,,,1816.61,2265.99,1.33,ELEVATED,40,1,2
QUADFUTURE.NS,SELL,292.75,downtrend,32.1,-4.35,299.73,301.22,332.48,13.92,4.76,,,320.59,223.14,2.5,ELEVATED,78,0,3
HMAAGRO.NS,SELL,23.25,downtrend,36.02,-0.14,24.1,23.9,27.97,0.7,3.01,,,24.65,19.75,2.5,NORMAL,76,1,2
JAGSNPHARM.NS,HOLD,206.6,weak_trend,39.48,2.13,208.3,198.42,204.41,8.86,4.29,,,193.3,224.33,1.33,ELEVATED,40,0,3
PLATIND.NS,SELL,222.19,downtrend,17.09,-1.41,235.53,222.27,249.93,11.02,4.96,,,244.23,167.08,2.5,ELEVATED,86,0,3
ORIENTTECH.NS,SELL,266.75,downtrend,24.82,-1.32,280.78,273.35,319.72,13.16,4.93,,,293.07,200.95,2.5,ELEVATED,82,0,3
EKC.NS,SELL,117.75,downtrend,36.16,0.58,118.37,113.53,123.95,4.19,3.56,,,126.13,96.8,2.5,NORMAL,76,1,2
ANDHRAPAP.NS,SELL,63.33,downtrend,16.99,-0.69,65.27,64.08,69.79,1.83,2.9,,,67.0,54.16,2.5,NORMAL,86,1,2
SALASAR.NS,SELL,7.11,downtrend,24.78,-0.06,7.23,7.08,8.32,0.22,3.03,,,7.54,6.03,2.5,NORMAL,82,0,3
ESAFSFB.NS,SELL,28.61,downtrend,37.73,0.8,28.52,25.56,27.27,1.21,4.21,,,31.02,22.59,2.5,ELEVATED,76,1,2
CONFIPET.NS,BUY,67.77,uptrend,69.88,3.19,60.05,53.42,42.83,4.38,6.46,66.41,69.13,59.01,89.67,2.5,ELEVATED,79,3,0
SMCGLOBAL.NS,SELL,61.51,downtrend,33.82,-0.98,63.72,63.57,70.57,2.09,3.4,,,65.69,51.07,2.5,NORMAL,78,0,3
CENTRUM.NS,SELL,22.45,downtrend,17.69,-0.65,23.59,25.06,29.4,0.85,3.78,,,24.15,18.21,2.5,NORMAL,86,0,3
DOLATALGO.NS,SELL,73.27,downtrend,36.19,-0.54,76.93,75.74,79.52,3.06,4.17,,,79.39,57.98,2.5,ELEVATED,76,0,3
ROTO.NS,SELL,56.07,downtrend,35.91,-0.24,57.85,56.94,65.98,2.26,4.03,,,60.59,44.77,2.5,ELEVATED,77,1,2
NIITLTD.NS,HOLD,67.95,weak_trend,34.14,-0.24,68.22,65.68,87.27,3.01,4.43,,,63.44,73.97,1.33,ELEVATED,40,0,3
GPTINFRA.NS,HOLD,115.51,weak_trend,47.34,1.2,116.34,111.21,110.42,5.63,4.88,,,107.06,126.78,1.33,ELEVATED,40,0,3
SURYODAY.NS,HOLD,163.59,weak_trend,23.91,4.05,164.62,146.87,138.63,8.07,4.93,,,151.49,179.73,1.33,ELEVATED,40,0,3
BIRLANU.NS,SELL,1336.9,downtrend,22.79,-25.92,1429.7,1388.11,1671.06,75.14,5.62,,,1487.19,961.19,2.5,ELEVATED,83,0,3
RISHABH.NS,HOLD,529.65,weak_trend,50.52,19.99,507.54,460.11,413.63,36.02,6.8,,,475.62,601.69,1.33,ELEVATED,40,2,1
ASIANENE.NS,HOLD,358.1,weak_trend,72.93,16.14,324.52,303.05,308.28,22.1,6.17,,,324.95,402.3,1.33,ELEVATED,40,1,2
GANDHAR.NS,HOLD,155.97,weak_trend,54.1,5.99,152.66,141.6,142.56,8.36,5.36,,,143.43,172.69,1.33,ELEVATED,40,2,1
EXCELINDUS.NS,SELL,928.1,downtrend,30.93,5.48,977.42,933.74,1013.46,38.57,4.16,,,1005.24,735.24,2.5,ELEVATED,79,1,2
BAJAJHCARE.NS,HOLD,302.2,weak_trend,34.34,-5.58,307.26,314.62,389.44,14.36,4.75,,,280.65,330.93,1.33,ELEVATED,40,0,3
ALICON.NS,SELL,677.6,downtrend,29.95,-6.92,687.68,668.73,787.21,30.42,4.49,,,738.44,525.49,2.5,ELEVATED,80,0,3
DCMSRIND.NS,SELL,38.05,downtrend,23.96,-0.52,42.72,39.55,101.37,2.5,6.57,,,43.05,25.55,2.5,ELEVATED,83,0,3
CLSEL.NS,HOLD,282.75,weak_trend,46.78,3.36,278.07,262.74,266.62,15.66,5.54,,,259.26,314.06,1.33,ELEVATED,40,2,1
RAJRILTD.NS,SELL,20.4,downtrend,39.5,-0.28,20.55,20.79,23.24,0.65,3.17,,,21.69,17.17,2.5,NORMAL,75,0,3
INDORAMA.NS,SELL,41.1,downtrend,55.37,1.01,38.25,36.53,46.58,2.66,6.47,,,46.42,27.81,2.5,ELEVATED,67,1,2
PARACABLES.NS,HOLD,65.87,weak_trend,59.04,6.63,56.6,44.19,41.4,4.48,6.81,,,59.14,74.84,1.33,ELEVATED,40,2,1
VPRPL.NS,SELL,39.91,downtrend,31.33,-0.41,41.41,39.96,71.33,1.88,4.72,,,43.67,30.5,2.5,ELEVATED,79,0,3
SALZERELEC.NS,SELL,619.7,downtrend,30.47,2.13,683.58,623.57,702.82,38.88,6.27,,,697.45,425.32,2.5,ELEVATED,79,0,3
MANAKCOAT.NS,HOLD,104.34,weak_trend,48.64,-0.69,103.14,105.49,129.58,4.57,4.38,,,97.48,113.49,1.33,ELEVATED,40,0,3
SIGACHI.NS,HOLD,21.3,weak_trend,43.42,-0.09,20.61,20.48,28.96,0.95,4.48,,,19.87,23.21,1.33,ELEVATED,40,1,2
INFOBEAN.NS,SELL,149.17,downtrend,26.28,-5.11,158.02,159.16,165.74,7.32,4.9,,,163.8,112.59,2.5,ELEVATED,81,0,3
ALLDIGI.NS,SELL,818.6,downtrend,42.22,2.38,823.51,803.62,845.11,20.24,2.47,,,859.08,717.4,2.5,NORMAL,73,0,3
BLKASHYAP.NS,SELL,55.01,downtrend,36.05,0.71,56.61,52.6,55.51,2.68,4.87,,,60.36,41.63,2.5,ELEVATED,76,1,2
SPORTKING.NS,BUY,170.43,uptrend,65.06,8.84,155.43,140.33,110.43,9.21,5.4,167.02,173.84,152.01,216.47,2.5,ELEVATED,77,3,0
GODAVARIB.NS,HOLD,280.5,weak_trend,34.71,-5.46,305.3,309.69,279.3,14.3,5.1,,,259.06,309.09,1.33,ELEVATED,40,0,3
SURAJEST.NS,SELL,224.75,downtrend,37.48,-1.04,225.22,218.84,252.13,8.29,3.69,,,241.33,183.31,2.5,NORMAL,76,0,3
CIFL.NS,SELL,24.12,downtrend,8.47,-0.86,27.24,26.36,32.05,1.5,6.2,,,27.11,16.64,2.5,ELEVATED,90,1,2
UNIECOM.NS,HOLD,86.78,weak_trend,42.52,-2.14,88.4,91.79,115.81,3.31,3.81,,,81.82,93.4,1.33,NORMAL,40,0,3
MONTECARLO.NS,SELL,554.7,downtrend,35.14,0.44,567.48,543.51,616.47,20.91,3.77,,,596.53,450.13,2.5,NORMAL,77,0,3
MADRASFERT.NS,SELL,67.36,downtrend,43.77,0.23,68.12,65.67,76.47,2.99,4.43,,,73.33,52.42,2.5,ELEVATED,73,0,3
HARIOMPIPE.NS,SELL,394.0,downtrend,63.88,19.99,338.58,317.75,395.34,26.56,6.74,,,447.13,261.18,2.5,ELEVATED,63,2,1
DECCANCE.NS,SELL,616.5,downtrend,40.73,-10.76,628.32,634.15,816.98,24.34,3.95,,,665.19,494.79,2.5,NORMAL,74,1,2
SHANKARA.NS,SELL,121.02,downtrend,63.92,1.99,118.37,117.42,281.28,5.48,4.53,,,131.99,93.6,2.5,ELEVATED,63,1,2
GNA.NS,HOLD,370.55,weak_trend,36.53,-10.56,387.55,401.46,354.22,11.72,3.16,,,352.96,394.0,1.33,NORMAL,40,0,3
RIIL.NS,SELL,751.45,downtrend,27.6,-1.89,769.52,741.23,806.78,20.62,2.74,,,792.69,648.34,2.5,NORMAL,81,0,3
VMARCIND.NS,HOLD,1386.1,weak_trend,75.66,92.69,1100.95,898.01,671.34,88.16,6.36,,,1253.86,1562.41,1.33,ELEVATED,40,2,1
SUMEETINDS.NS,SELL,27.81,downtrend,31.61,-0.3,29.66,29.73,29.36,1.31,4.7,,,30.42,21.28,2.5,ELEVATED,79,1,2
IMPAL.NS,HOLD,1080.2,weak_trend,60.97,24.57,1047.3,1017.58,1032.45,41.98,3.89,,,1017.23,1164.16,1.33,NORMAL,40,2,1
IGPL.NS,HOLD,425.1,weak_trend,35.44,4.99,444.15,410.35,401.79,22.84,5.37,,,390.84,470.78,1.33,ELEVATED,40,1,2
TAC.NS,SELL,376.5,downtrend,31.31,-31.33,452.69,475.83,708.73,27.83,7.39,,,432.16,237.34,2.5,ELEVATED,79,0,3
RGL.NS,SELL,103.31,downtrend,32.79,-0.31,104.49,102.94,116.57,4.9,4.75,,,113.12,78.79,2.5,ELEVATED,78,0,3
BSHSL.NS,SELL,95.8,downtrend,44.56,0.23,97.12,93.15,107.82,4.38,4.57,,,104.56,73.91,2.5,ELEVATED,72,0,3
SHREDIGCEM.NS,SELL,70.98,downtrend,25.39,-0.11,73.2,69.6,81.43,2.95,4.15,,,76.88,56.24,2.5,ELEVATED,82,1,2
SIGNPOST.NS,HOLD,296.55,weak_trend,50.17,10.06,286.56,261.37,244.4,16.57,5.59,,,271.7,329.69,1.33,ELEVATED,40,2,1
BALAJITELE.NS,SELL,90.35,downtrend,13.43,-2.3,102.0,94.85,104.28,8.01,8.87,,,106.37,50.29,2.5,ELEVATED,88,0,3
HITECHGEAR.NS,SELL,580.25,downtrend,35.29,-6.86,595.41,598.47,677.13,21.27,3.67,,,622.79,473.91,2.5,NORMAL,77,0,3
ATULAUTO.NS,HOLD,480.85,weak_trend,42.79,3.69,490.99,461.41,461.94,18.3,3.81,,,453.41,517.44,1.33,NORMAL,40,0,3
AGARIND.NS,HOLD,415.05,weak_trend,36.87,-4.44,424.1,418.5,684.16,17.89,4.31,,,388.22,450.83,1.33,ELEVATED,40,1,2
YUKEN.NS,SELL,695.75,downtrend,39.96,-11.16,701.16,693.63,839.08,28.84,4.15,,,753.44,551.54,2.5,ELEVATED,75,1,2
DIFFNKG.NS,HOLD,328.75,weak_trend,57.63,9.31,316.39,293.67,316.87,16.74,5.09,,,303.64,362.24,1.33,ELEVATED,40,2,1
ONEPOINT.NS,HOLD,62.57,weak_trend,57.78,2.43,60.89,54.04,50.4,2.33,3.73,,,59.07,67.23,1.33,NORMAL,40,2,1
CAPITALSFB.NS,HOLD,274.65,weak_trend,31.17,4.54,280.08,260.06,271.22,8.25,3.0,,,262.27,291.15,1.33,NORMAL,40,0,3
ASIANTILES.NS,HOLD,61.15,weak_trend,42.08,-1.29,62.34,64.35,65.38,2.17,3.55,,,57.89,65.5,1.33,NORMAL,40,1,2
RICOAUTO.NS,HOLD,119.06,weak_trend,39.96,1.19,117.42,114.26,109.29,5.58,4.69,,,110.68,130.23,1.33,ELEVATED,40,2,1
AURUM.NS,HOLD,175.71,weak_trend,47.58,0.32,177.72,175.15,174.99,5.16,2.94,,,167.97,186.03,1.33,NORMAL,40,1,2
BUTTERFLY.NS,HOLD,663.75,weak_trend,59.89,12.54,659.07,631.81,665.47,35.71,5.38,,,610.18,735.17,1.33,ELEVATED,40,0,3
FAZE3Q.NS,HOLD,545.8,weak_trend,76.33,18.0,468.69,451.39,468.92,23.45,4.3,,,510.62,592.71,1.33,ELEVATED,40,2,1
MICEL.NS,SELL,43.74,downtrend,17.57,0.4,45.97,40.62,46.17,2.18,4.99,,,48.1,32.83,2.5,ELEVATED,86,0,3
BHARATWIRE.NS,HOLD,223.06,weak_trend,32.37,3.86,231.13,204.29,183.69,12.95,5.8,,,203.64,248.96,1.33,ELEVATED,40,0,3
VASCONEQ.NS,SELL,33.87,downtrend,24.96,-0.93,36.32,35.46,47.17,1.66,4.91,,,37.2,25.55,2.5,ELEVATED,82,0,3
WALCHANNAG.NS,HOLD,253.36,weak_trend,55.85,12.63,246.28,205.19,184.05,17.41,6.87,,,227.24,288.19,1.33,ELEVATED,40,1,2
TEXINFRA.NS,SELL,96.41,downtrend,31.12,-0.4,99.03,97.17,97.36,3.21,3.33,,,102.82,80.37,2.5,NORMAL,79,0,3
WCIL.NS,SELL,96.93,downtrend,23.31,-0.94,102.0,97.21,115.69,3.57,3.68,,,104.07,79.09,2.5,NORMAL,83,0,3
HERANBA.NS,SELL,177.9,downtrend,16.64,-5.88,204.31,197.75,250.99,8.9,5.0,,,195.7,133.39,2.5,ELEVATED,86,1,2
BOROSCI.NS,HOLD,150.01,weak_trend,77.54,8.3,126.8,117.53,124.12,8.2,5.46,,,137.71,166.41,1.33,ELEVATED,40,1,2
GPTHEALTH.NS,HOLD,142.4,weak_trend,50.03,1.37,141.23,134.24,139.88,4.09,2.87,,,136.27,150.58,1.33,NORMAL,40,2,1
IRMENERGY.NS,SELL,264.75,downtrend,11.09,-0.21,296.4,253.07,276.06,12.5,4.72,,,289.76,202.23,2.5,ELEVATED,89,0,3
SHREEPUSHK.NS,SELL,364.95,downtrend,34.19,-0.64,374.14,350.19,365.06,21.04,5.77,,,407.04,259.74,2.5,ELEVATED,77,0,3
GTPL.NS,SELL,67.25,downtrend,42.25,-0.02,67.35,65.08,89.05,1.92,2.85,,,71.08,57.66,2.5,NORMAL,73,1,2
ROHLTD.NS,HOLD,336.9,weak_trend,47.71,-2.15,334.04,331.78,406.52,12.03,3.57,,,318.85,360.96,1.33,NORMAL,40,1,2
VHL.NS,SELL,3446.2,downtrend,32.11,-4.36,3537.1,3370.85,3582.93,97.5,2.83,,,3641.2,2958.7,2.5,NORMAL,78,0,3
DSSL.NS,HOLD,1745.9,weak_trend,65.03,181.41,1503.28,1186.3,1008.17,130.86,7.5,,,1549.61,2007.61,1.33,ELEVATED,40,2,1
TBZ.NS,BUY,165.49,uptrend,58.79,0.41,140.29,138.5,164.51,7.17,4.33,162.18,168.8,151.15,201.33,2.5,ELEVATED,74,3,0
BAJAJINDEF.NS,SELL,252.6,downtrend,19.51,-4.32,286.34,271.53,323.93,13.17,5.21,,,278.94,186.76,2.5,ELEVATED,85,1,2
WEALTH.NS,SELL,987.4,downtrend,59.54,2.4,922.19,909.38,1013.69,58.33,5.91,,,1104.06,695.74,2.5,ELEVATED,65,2,1
CONTROLPR.NS,SELL,610.35,downtrend,28.75,-8.2,635.29,631.91,695.35,24.36,3.99,,,659.06,488.56,2.5,NORMAL,80,0,3
JINDALPHOT.NS,SELL,1001.3,downtrend,16.0,-31.99,1048.21,1090.1,1239.05,42.74,4.27,,,1086.77,787.62,2.5,ELEVATED,87,1,2
ELECTHERM.NS,BUY,883.35,uptrend,64.93,20.41,766.95,717.15,836.59,59.23,6.71,865.68,901.02,764.89,1179.51,2.5,ELEVATED,77,3,0
ABINFRA.NS,SELL,10.93,downtrend,16.12,-1.04,13.53,15.14,18.14,1.0,9.18,,,12.94,5.91,2.5,ELEVATED,86,1,2
SRM.NS,HOLD,516.0,weak_trend,50.98,8.96,505.31,473.16,498.2,29.16,5.65,,,472.26,574.31,1.33,ELEVATED,40,2,1
VILAS.NS,SELL,358.7,downtrend,25.36,-14.54,401.18,405.72,428.7,30.76,8.58,,,420.23,204.88,2.5,ELEVATED,82,0,3
KROSS.NS,HOLD,190.83,weak_trend,23.91,0.08,196.59,186.55,189.93,10.55,5.53,,,175.01,211.93,1.33,ELEVATED,40,0,3
AMNPLST.NS,HOLD,189.51,weak_trend,60.12,8.14,184.36,166.05,189.39,14.63,7.72,,,167.56,218.77,1.33,ELEVATED,40,1,2
ZUARI.NS,SELL,222.07,downtrend,29.53,-2.59,228.94,221.4,267.12,8.96,4.04,,,239.99,177.26,2.5,ELEVATED,80,0,3
STEELXIND.NS,HOLD,12.8,weak_trend,75.52,0.61,10.64,9.46,9.16,0.7,5.5,,,11.74,14.21,1.33,ELEVATED,40,2,1
ICEMAKE.NS,BUY,835.15,uptrend,58.45,15.42,791.62,777.76,755.41,36.04,4.32,818.45,851.85,763.06,1015.36,2.5,ELEVATED,74,3,0
KELLTONTEC.NS,SELL,16.63,downtrend,61.4,0.19,15.75,15.55,19.45,0.69,4.17,,,18.02,13.16,2.5,ELEVATED,64,2,1
RACLGEAR.NS,HOLD,1320.9,weak_trend,55.17,13.77,1299.96,1285.08,1132.88,77.21,5.85,,,1205.08,1475.33,1.33,ELEVATED,40,2,1
BLUSPRING.NS,BUY,79.03,uptrend,66.06,2.27,68.87,63.09,68.74,4.04,5.11,77.45,80.61,70.95,99.24,2.5,ELEVATED,78,3,0
PASHUPATI.NS,BUY,95.84,uptrend,64.68,1.28,91.01,93.61,82.99,5.4,5.64,93.92,97.76,85.04,122.84,2.5,ELEVATED,77,3,0
MANALIPETC.NS,SELL,60.05,downtrend,58.46,1.82,57.18,52.43,60.74,2.87,4.78,,,65.79,45.7,2.5,ELEVATED,65,1,2
DVL.NS,SELL,242.25,downtrend,36.02,1.43,247.03,233.4,283.98,9.9,4.09,,,262.04,192.76,2.5,ELEVATED,76,0,3
KRISHNADEF.NS,HOLD,1101.5,weak_trend,42.0,22.78,1131.69,1025.98,896.85,95.01,8.63,,,958.99,1291.51,1.33,ELEVATED,40,0,3
BCLIND.NS,SELL,32.64,downtrend,25.78,0.02,34.67,32.41,34.48,1.88,5.77,,,36.4,23.23,2.5,ELEVATED,82,0,3
DPSCLTD.NS,SELL,8.47,downtrend,18.62,-0.27,9.48,9.02,10.33,0.48,5.68,,,9.43,6.07,2.5,ELEVATED,85,0,3
NELCAST.NS,HOLD,140.58,weak_trend,23.6,0.69,142.67,133.42,124.6,7.19,5.11,,,129.8,154.95,1.33,ELEVATED,40,1,2
EIMCOELECO.NS,HOLD,1570.4,weak_trend,48.92,-3.5,1583.61,1595.21,1747.92,55.76,3.55,,,1486.76,1681.91,1.33,NORMAL,40,0,3
OAL.NS,HOLD,327.85,weak_trend,56.16,8.87,310.97,287.65,305.93,15.39,4.69,,,304.77,358.63,1.33,ELEVATED,40,2,1
STERTOOLS.NS,SELL,235.23,downtrend,39.15,-0.89,241.4,226.64,267.27,11.12,4.73,,,257.48,179.61,2.5,ELEVATED,75,0,3
GRPLTD.NS,HOLD,1787.9,weak_trend,42.5,-48.03,1768.77,1847.57,1919.76,111.93,6.26,,,1620.01,2011.76,1.33,ELEVATED,40,1,2
PROSTARM.NS,SELL,138.07,downtrend,29.65,-1.73,151.61,144.74,168.73,10.22,7.4,,,158.51,86.97,2.5,ELEVATED,80,0,3
IZMO.NS,SELL,750.9,downtrend,59.1,2.68,692.76,698.39,778.15,33.39,4.45,,,817.69,583.94,2.5,ELEVATED,65,2,1
MATRIMONY.NS,SELL,422.7,downtrend,35.65,-2.98,427.27,425.9,488.39,12.65,2.99,,,448.01,359.43,2.5,NORMAL,77,0,3
SWELECTES.NS,SELL,661.35,downtrend,44.42,3.24,647.64,609.09,671.28,33.8,5.11,,,728.94,492.37,2.5,ELEVATED,72,1,2
PDMJEPAPER.NS,SELL,81.05,downtrend,36.97,-0.09,83.23,80.59,99.16,3.3,4.07,,,87.65,64.55,2.5,ELEVATED,76,1,2
AYMSYNTEX.NS,HOLD,225.48,weak_trend,45.85,1.16,226.02,208.13,186.27,14.48,6.42,,,203.76,254.44,1.33,ELEVATED,40,1,2
OMINFRAL.NS,SELL,87.46,downtrend,25.18,-0.97,90.44,89.56,99.63,3.62,4.14,,,94.7,69.36,2.5,ELEVATED,82,0,3
5PAISA.NS,HOLD,327.7,weak_trend,45.88,2.47,322.67,310.11,331.59,13.39,4.09,,,307.61,354.49,1.33,ELEVATED,40,0,3
PENINLAND.NS,HOLD,17.13,weak_trend,35.15,-0.22,16.9,17.23,25.7,0.64,3.74,,,16.17,18.41,1.33,NORMAL,40,0,3
BIL.NS,HOLD,775.6,weak_trend,70.12,-1.39,738.47,738.26,789.43,30.53,3.94,,,729.8,836.66,1.33,NORMAL,40,1,2
MAMATA.NS,SELL,408.9,downtrend,40.74,4.11,412.4,390.36,417.07,14.15,3.46,,,437.21,338.13,2.5,NORMAL,74,1,2
AFSL.NS,SELL,201.0,downtrend,34.07,-0.47,201.96,202.14,205.34,2.27,1.13,,,205.53,189.67,2.5,LOW,77,0,3
ESTER.NS,SELL,92.15,downtrend,27.58,0.28,96.32,91.5,102.18,3.91,4.24,,,99.97,72.59,2.5,ELEVATED,81,0,3
TNPL.NS,HOLD,148.5,weak_trend,33.83,1.19,152.11,142.65,146.17,3.87,2.61,,,142.7,156.24,1.33,NORMAL,40,0,3
AVTNPL.NS,BUY,72.2,uptrend,66.9,1.08,67.97,64.65,67.54,2.4,3.32,70.76,73.64,67.4,84.2,2.5,NORMAL,78,3,0
KOKUYOCMLN.NS,SELL,85.12,downtrend,21.53,-0.62,90.47,85.89,94.64,3.48,4.09,,,92.08,67.71,2.5,ELEVATED,84,0,3
MAXIND.NS,SELL,160.16,downtrend,35.43,0.95,162.43,153.39,182.83,9.7,6.06,,,179.57,111.65,2.5,ELEVATED,77,1,2
ANDHRSUGAR.NS,HOLD,89.43,weak_trend,30.73,-0.63,93.08,86.4,78.47,3.95,4.42,,,83.5,97.34,1.33,ELEVATED,40,0,3
CREST.NS,SELL,347.75,downtrend,15.32,-2.1,361.47,349.21,364.04,13.73,3.95,,,375.21,279.09,2.5,NORMAL,87,0,3
LINCOLN.NS,HOLD,632.95,weak_trend,40.05,24.18,693.05,635.1,556.21,37.72,5.96,,,576.37,708.39,1.33,ELEVATED,40,1,2
THEMISMED.NS,BUY,109.56,uptrend,63.13,4.29,100.61,89.94,101.49,6.72,6.13,107.37,111.75,96.13,143.14,2.5,ELEVATED,76,3,0
CENTENKA.NS,HOLD,487.25,weak_trend,63.51,19.22,459.02,432.25,454.35,22.88,4.7,,,452.93,533.01,1.33,ELEVATED,40,2,1
ARIHANTCAP.NS,SELL,67.09,downtrend,23.2,-0.75,70.18,69.12,88.78,2.8,4.18,,,72.69,53.08,2.5,ELEVATED,83,0,3
DHANBANK.NS,HOLD,32.88,weak_trend,55.79,1.44,32.64,28.24,26.11,1.83,5.56,,,30.14,36.53,1.33,ELEVATED,40,1,2
UNIENTER.NS,SELL,105.13,downtrend,43.42,0.54,106.0,102.45,130.71,6.85,6.51,,,118.83,70.89,2.5,ELEVATED,73,0,3
SCODATUBES.NS,SELL,121.84,downtrend,18.78,-4.17,144.02,141.3,154.23,7.6,6.24,,,137.04,83.84,2.5,ELEVATED,85,1,2
INDOFARM.NS,SELL,127.6,downtrend,24.07,-2.51,133.81,134.55,185.06,5.26,4.12,,,138.11,101.32,2.5,ELEVATED,82,0,3
SBC.NS,HOLD,39.32,weak_trend,77.54,1.62,35.47,33.51,27.64,1.25,3.19,,,37.44,41.83,1.33,NORMAL,40,1,2
GGBL.NS,SELL,343.55,downtrend,48.78,10.58,341.04,304.75,346.5,20.07,5.84,,,383.7,243.18,2.5,ELEVATED,70,0,3
CEWATER.NS,SELL,283.0,downtrend,40.02,-7.71,290.29,296.21,407.5,11.13,3.93,,,305.26,227.36,2.5,NORMAL,74,0,3
RADHIKAJWE.NS,SELL,58.06,downtrend,28.16,-1.73,60.43,60.9,76.16,3.52,6.06,,,65.09,40.48,2.5,ELEVATED,80,1,2
GKWLIMITED.NS,HOLD,1698.9,weak_trend,40.19,23.2,1702.53,1610.75,1679.09,83.67,4.93,,,1573.39,1866.24,1.33,ELEVATED,40,0,3
NDTV.NS,SELL,83.15,downtrend,55.29,0.98,78.28,76.09,93.3,4.59,5.52,,,92.33,60.2,2.5,ELEVATED,67,2,1
INNOVANA.NS,SELL,335.6,downtrend,21.66,-11.13,374.38,372.62,434.38,19.97,5.95,,,375.54,235.76,2.5,ELEVATED,84,0,3
KHAICHEM.NS,SELL,55.08,downtrend,34.48,-0.23,56.41,54.74,82.79,2.3,4.17,,,59.67,43.59,2.5,ELEVATED,77,0,3
FAIRCHEMOR.NS,SELL,616.15,downtrend,48.68,13.97,607.93,555.37,675.74,22.21,3.6,,,660.57,505.1,2.5,NORMAL,70,0,3
AEROENTER.NS,HOLD,96.25,weak_trend,10.43,2.12,99.92,87.9,85.28,4.91,5.1,,,88.89,106.07,1.33,ELEVATED,40,0,3
INDOAMIN.NS,HOLD,133.71,weak_trend,64.06,6.34,126.14,111.67,123.95,7.45,5.57,,,122.53,148.62,1.33,ELEVATED,40,2,1
DHARMAJ.NS,BUY,281.4,uptrend,61.74,5.19,269.78,259.67,271.11,12.77,4.54,275.77,287.03,255.86,345.26,2.5,ELEVATED,75,3,0
BHARATSE.NS,HOLD,184.03,weak_trend,35.01,1.62,190.28,177.18,174.39,10.12,5.5,,,168.85,204.27,1.33,ELEVATED,40,0,3
GALAPREC.NS,HOLD,921.85,weak_trend,62.64,39.39,857.89,792.03,774.88,42.4,4.6,,,858.25,1006.65,1.33,ELEVATED,40,2,1
OSWALGREEN.NS,SELL,24.11,downtrend,25.89,-0.69,26.08,26.04,32.58,1.17,4.83,,,26.44,18.29,2.5,ELEVATED,82,0,3
DENTALKART.NS,HOLD,434.55,weak_trend,49.54,4.79,417.65,397.26,532.96,27.14,6.25,,,393.84,488.83,1.33,ELEVATED,40,1,2
DENTA.NS,SELL,252.05,downtrend,28.32,-4.17,273.46,267.67,331.5,12.8,5.08,,,277.65,188.05,2.5,ELEVATED,80,0,3
SAHANA.NS,SELL,823.9,downtrend,50.81,-17.35,823.04,866.61,990.34,33.43,4.06,,,890.76,656.76,2.5,ELEVATED,69,2,1
LEMERITE.NS,SELL,38.05,downtrend,10.75,-11.68,76.85,84.1,87.8,7.85,20.62,,,53.74,-1.19,2.5,ELEVATED,89,0,3
SRHHYPOLTD.NS,HOLD,544.45,weak_trend,52.59,16.39,525.15,481.92,518.83,20.52,3.77,,,513.67,585.49,1.33,NORMAL,40,2,1
GANDHITUBE.NS,HOLD,829.3,weak_trend,43.21,3.65,876.84,848.95,829.16,44.63,5.38,,,762.35,918.56,1.33,ELEVATED,40,0,3
UTTAMSUGAR.NS,SELL,236.4,downtrend,37.16,-1.77,248.48,243.3,239.93,9.49,4.02,,,255.39,188.94,2.5,ELEVATED,76,0,3
XCHANGING.NS,SELL,65.15,downtrend,34.43,0.5,66.71,62.77,76.46,2.46,3.77,,,70.06,52.86,2.5,NORMAL,77,0,3
KRISHIVAL.NS,HOLD,398.9,weak_trend,83.35,15.13,373.05,343.27,393.43,5.05,1.27,,,391.32,409.0,1.33,LOW,40,1,2
JPOLYINVST.NS,SELL,1013.6,downtrend,16.92,-28.77,1054.29,1099.08,1019.62,37.77,3.73,,,1089.14,824.74,2.5,NORMAL,86,0,3
OSWALAGRO.NS,SELL,44.47,downtrend,37.0,-0.6,46.88,46.29,59.13,2.43,5.46,,,49.33,32.33,2.5,ELEVATED,76,1,2
MVGJL.NS,SELL,152.52,downtrend,28.18,-3.34,164.57,161.6,179.96,8.28,5.43,,,169.08,111.12,2.5,ELEVATED,80,0,3
KODYTECH.NS,HOLD,854.05,weak_trend,67.93,36.96,825.1,766.61,778.04,30.71,3.6,,,807.99,915.46,1.33,NORMAL,40,2,1
ADSL.NS,SELL,120.33,downtrend,27.29,1.17,125.97,115.4,145.22,6.33,5.26,,,132.99,88.69,2.5,ELEVATED,81,0,3
HEXATRADEX.NS,SELL,162.24,downtrend,31.38,-0.64,165.09,163.67,167.61,6.21,3.83,,,174.65,131.21,2.5,NORMAL,79,0,3
SARTELE.NS,SELL,137.85,downtrend,14.62,-5.91,145.32,156.37,192.75,5.33,3.87,,,148.51,111.21,2.5,NORMAL,87,2,1
GULPOLY.NS,HOLD,175.8,weak_trend,42.23,1.71,188.18,174.21,155.43,11.2,6.37,,,159.0,198.2,1.33,ELEVATED,40,0,3
SILVERTUC.NS,SELL,168.31,downtrend,61.45,4.21,154.11,137.93,447.16,7.83,4.65,,,183.96,129.18,2.5,ELEVATED,64,2,1
JAYBARMARU.NS,HOLD,112.03,weak_trend,66.61,6.31,98.77,92.52,93.03,6.69,5.98,,,101.99,125.42,1.33,ELEVATED,40,2,1
KUANTUM.NS,SELL,75.58,downtrend,39.91,-0.54,78.51,78.01,94.68,3.14,4.16,,,81.86,59.88,2.5,ELEVATED,75,1,2
TNPETRO.NS,SELL,89.1,downtrend,52.86,0.59,89.15,87.47,98.83,3.19,3.59,,,95.49,73.12,2.5,NORMAL,68,1,2
GICHSGFIN.NS,SELL,149.01,downtrend,36.91,-0.33,151.25,148.55,164.18,3.33,2.23,,,155.66,132.38,2.5,NORMAL,76,0,3
PRIMESECU.NS,HOLD,280.05,weak_trend,41.83,-0.02,280.55,280.57,280.46,9.97,3.56,,,265.1,299.99,1.33,NORMAL,40,0,3
KARNIKA.NS,SELL,133.0,downtrend,51.99,1.81,131.51,126.99,173.57,8.65,6.51,,,150.31,89.73,2.5,ELEVATED,69,1,2
IFBAGRO.NS,SELL,1044.15,downtrend,43.41,26.72,1017.81,891.9,1047.93,47.7,4.57,,,1139.54,805.67,2.5,ELEVATED,73,0,3
BIRLAMONEY.NS,SELL,138.08,downtrend,36.46,0.64,140.76,132.46,148.11,5.54,4.02,,,149.17,110.36,2.5,ELEVATED,76,0,3
APS.NS,SELL,320.7,downtrend,33.02,-5.52,352.76,343.47,401.63,18.1,5.65,,,356.91,230.18,2.5,ELEVATED,78,1,2
PVSL.NS,SELL,97.54,downtrend,29.78,0.42,104.39,99.25,118.22,5.75,5.89,,,109.04,68.8,2.5,ELEVATED,80,1,2
NCLIND.NS,SELL,183.52,downtrend,57.31,-0.23,172.23,172.42,191.95,5.82,3.17,,,195.17,154.41,2.5,NORMAL,66,2,1
BASILIC.NS,SELL,240.1,downtrend,50.72,1.38,231.24,221.48,312.44,14.05,5.85,,,268.21,169.83,2.5,ELEVATED,69,1,2
SASTASUNDR.NS,HOLD,307.25,weak_trend,53.07,8.26,291.21,280.64,293.94,15.31,4.98,,,284.29,337.86,1.33,ELEVATED,40,2,1
COOLCAPS.NS,HOLD,23.8,weak_trend,45.51,-0.9,24.4,26.51,58.48,1.31,5.49,,,21.84,26.41,1.33,ELEVATED,40,0,3
ELIN.NS,SELL,114.28,downtrend,34.07,-1.36,121.3,118.04,161.33,5.57,4.88,,,125.42,86.42,2.5,ELEVATED,77,0,3
SKMEGGPROD.NS,HOLD,204.18,weak_trend,65.98,7.14,183.38,172.95,181.23,13.91,6.81,,,183.32,231.99,1.33,ELEVATED,40,2,1
REMUS.NS,SELL,696.1,downtrend,41.66,16.43,763.04,692.01,724.95,51.89,7.45,,,799.87,436.67,2.5,ELEVATED,74,0,3
VAKRANGEE.NS,HOLD,6.58,weak_trend,43.16,-0.02,6.56,6.42,7.52,0.2,3.02,,,6.28,6.98,1.33,NORMAL,40,0,3
ZUARIIND.NS,SELL,254.9,downtrend,29.27,-2.08,258.94,251.86,293.26,8.99,3.53,,,272.88,209.95,2.5,NORMAL,80,0,3
SAURASHCEM.NS,SELL,59.92,downtrend,41.05,-0.22,61.21,60.0,83.64,2.15,3.59,,,64.22,49.18,2.5,NORMAL,74,0,3
EVERESTIND.NS,SELL,380.55,downtrend,40.26,3.09,390.35,369.17,498.76,21.84,5.74,,,424.24,271.34,2.5,ELEVATED,74,0,3
LIKHITHA.NS,SELL,188.13,downtrend,28.97,-2.9,207.02,199.9,203.39,10.01,5.32,,,208.14,138.1,2.5,ELEVATED,80,1,2
UFBL.NS,HOLD,493.2,weak_trend,67.54,47.89,399.14,316.96,245.44,37.34,7.57,,,437.19,567.89,1.33,ELEVATED,40,2,1
TVSELECT.NS,HOLD,493.9,weak_trend,46.51,14.05,480.93,440.64,466.83,27.77,5.62,,,452.25,549.44,1.33,ELEVATED,40,1,2
ABCOTS.NS,HOLD,216.25,weak_trend,36.11,-26.44,220.23,314.73,391.71,9.84,4.55,,,201.48,235.94,1.33,ELEVATED,40,0,3
MACPOWER.NS,HOLD,969.8,weak_trend,28.15,-8.22,1146.06,1052.89,936.16,71.63,7.39,,,862.36,1113.06,1.33,ELEVATED,40,1,2
BESTAGRO.NS,SELL,16.33,downtrend,31.05,0.0,17.81,16.82,21.45,1.06,6.47,,,18.44,11.05,2.5,ELEVATED,79,1,2
TEMBO.NS,SELL,603.15,downtrend,53.48,11.17,597.99,566.29,603.47,25.72,4.26,,,654.59,474.56,2.5,ELEVATED,68,1,2
VALIANTORG.NS,SELL,297.2,downtrend,49.78,7.19,291.16,266.75,285.11,19.09,6.42,,,335.38,201.75,2.5,ELEVATED,70,1,2
KABRAEXTRU.NS,SELL,215.66,downtrend,21.21,-3.05,233.33,227.28,238.92,9.31,4.32,,,234.29,169.09,2.5,ELEVATED,84,1,2
ARROWGREEN.NS,SELL,530.55,downtrend,39.92,-7.85,512.66,500.48,520.07,34.01,6.41,,,598.56,360.51,2.5,ELEVATED,75,2,1
DISHTV.NS,SELL,3.21,downtrend,27.2,-0.04,3.5,3.23,3.96,0.14,4.45,,,3.5,2.5,2.5,ELEVATED,81,0,3
CCCL.NS,SELL,14.77,downtrend,36.71,-0.34,15.36,15.7,18.41,0.74,4.98,,,16.24,11.09,2.5,ELEVATED,76,0,3
TVTODAY.NS,SELL,115.49,downtrend,35.76,-0.18,114.33,110.27,131.0,4.71,4.08,,,124.91,91.93,2.5,ELEVATED,77,0,3
KOTHARIPET.NS,SELL,123.13,downtrend,25.21,-1.07,132.52,124.7,132.67,6.65,5.4,,,136.44,89.86,2.5,ELEVATED,82,0,3
CHEMFAB.NS,SELL,405.05,downtrend,21.32,2.13,418.59,388.89,489.02,22.22,5.49,,,449.49,293.96,2.5,ELEVATED,84,0,3
SANDESH.NS,SELL,1015.4,downtrend,29.06,-0.45,1047.91,985.13,1088.56,31.51,3.1,,,1078.41,857.86,2.5,NORMAL,80,0,3
DHAMPURSUG.NS,HOLD,141.07,weak_trend,39.89,0.2,147.34,139.66,129.58,5.51,3.91,,,132.8,152.09,1.33,NORMAL,40,0,3
ANUHPHR.NS,SELL,76.1,downtrend,27.76,-0.91,79.59,78.03,80.63,2.83,3.71,,,81.75,61.97,2.5,NORMAL,81,0,3
BLAL.NS,SELL,187.52,downtrend,30.28,0.06,193.32,183.28,198.79,8.52,4.54,,,204.56,144.92,2.5,ELEVATED,79,0,3
MAHASTEEL.NS,HOLD,946.35,weak_trend,73.36,7.48,845.24,890.5,708.64,46.34,4.9,,,876.84,1039.03,1.33,ELEVATED,40,2,1
SVLL.NS,SELL,615.3,downtrend,56.31,2.37,571.73,560.6,673.27,46.41,7.54,,,708.11,383.26,2.5,ELEVATED,66,1,2
VIVIANA.NS,SELL,953.4,downtrend,64.9,39.93,836.45,776.43,984.89,55.66,5.84,,,1064.71,675.11,2.5,ELEVATED,62,1,2
SUYOG.NS,SELL,783.2,downtrend,43.6,5.0,781.94,744.76,712.45,37.2,4.75,,,857.6,597.2,2.5,ELEVATED,73,2,1
MUNJALAU.NS,BUY,90.1,uptrend,55.78,3.3,88.59,81.34,83.4,4.95,5.5,88.3,91.9,80.19,114.87,2.5,ELEVATED,72,3,0
AVADHSUGAR.NS,HOLD,447.4,weak_trend,9.91,-4.98,484.62,470.79,412.15,18.47,4.13,,,419.69,484.35,1.33,ELEVATED,40,0,3
NGLFINE.NS,HOLD,2785.1,weak_trend,67.15,125.85,2457.75,2317.16,1767.03,210.25,7.55,,,2469.73,3205.6,1.33,ELEVATED,40,2,1
SNOWMAN.NS,SELL,37.16,downtrend,17.33,-0.63,39.2,38.37,43.66,1.42,3.81,,,39.99,30.07,2.5,NORMAL,86,0,3
DHUNINV.NS,SELL,832.1,downtrend,21.88,-10.81,886.8,850.21,1151.59,36.25,4.36,,,904.61,650.83,2.5,ELEVATED,84,0,3
JITFINFRA.NS,HOLD,308.75,weak_trend,49.34,-5.58,297.57,308.5,314.37,11.36,3.68,,,291.7,331.48,1.33,NORMAL,40,1,2
KRYSTAL.NS,SELL,578.75,downtrend,40.7,-0.59,594.86,572.75,589.91,18.61,3.22,,,615.98,485.68,2.5,NORMAL,74,0,3
ORICONENT.NS,BUY,64.83,uptrend,51.57,-0.41,64.2,65.35,60.09,2.38,3.67,63.53,66.13,60.07,76.73,2.5,NORMAL,70,3,0
STEL.NS,SELL,441.95,downtrend,31.92,-4.36,459.72,458.71,465.71,21.04,4.76,,,484.02,336.77,2.5,ELEVATED,79,1,2
SGIL.NS,SELL,524.85,downtrend,32.86,-2.38,549.2,523.81,530.04,33.74,6.43,,,592.32,356.17,2.5,ELEVATED,78,1,2
WANBURY.NS,HOLD,308.65,weak_trend,81.03,11.64,266.24,254.51,248.05,12.17,3.94,,,290.4,332.99,1.33,NORMAL,40,2,1
CHEMCON.NS,SELL,186.46,downtrend,58.95,9.11,169.61,155.16,194.23,9.85,5.28,,,206.17,137.2,2.5,ELEVATED,65,1,2
VLSFINANCE.NS,SELL,229.23,downtrend,36.42,-1.44,234.8,231.49,247.02,8.56,3.73,,,246.35,186.43,2.5,NORMAL,76,1,2
BHAGERIA.NS,SELL,158.59,downtrend,36.03,-1.38,159.58,155.89,173.88,5.2,3.28,,,168.99,132.6,2.5,NORMAL,76,1,2
ASAL.NS,HOLD,504.15,weak_trend,35.71,4.83,504.67,470.94,487.46,20.09,3.99,,,474.01,544.34,1.33,NORMAL,40,0,3
ARFIN.NS,HOLD,92.51,weak_trend,44.0,0.84,93.93,88.9,66.32,5.44,5.88,,,84.35,103.39,1.33,ELEVATED,40,0,3
SARLAPOLY.NS,HOLD,99.0,weak_trend,67.53,2.48,95.15,88.46,90.62,3.33,3.37,,,94.0,105.67,1.33,NORMAL,40,2,1
COFFEEDAY.NS,HOLD,34.78,weak_trend,81.7,0.7,25.9,25.5,34.23,1.51,4.34,,,32.51,37.8,1.33,ELEVATED,40,2,1
BIGBLOC.NS,SELL,50.03,downtrend,29.27,0.63,54.2,50.66,56.25,3.21,6.42,,,56.46,33.97,2.5,ELEVATED,80,0,3
OWAIS.NS,SELL,128.45,downtrend,15.11,-9.32,159.91,147.55,304.94,9.42,7.34,,,147.3,81.33,2.5,ELEVATED,87,0,3
ZTECH.NS,HOLD,580.55,weak_trend,38.67,5.35,603.62,570.15,569.39,28.01,4.83,,,538.53,636.58,1.33,ELEVATED,40,0,3
AMBIKCO.NS,BUY,1657.6,uptrend,64.65,50.23,1591.29,1446.7,1366.84,70.64,4.26,1624.45,1690.75,1516.31,2010.81,2.5,ELEVATED,77,3,0
UNITEDPOLY.NS,HOLD,33.81,weak_trend,52.61,1.24,33.23,29.76,33.31,3.01,8.91,,,29.29,39.84,1.33,ELEVATED,40,1,2
VHLTD.NS,BUY,140.09,uptrend,55.34,0.09,138.12,138.81,131.23,5.09,3.63,137.29,142.89,129.91,165.54,2.5,NORMAL,72,3,0
INDOBORAX.NS,HOLD,344.2,weak_trend,82.98,20.23,294.77,268.68,254.9,17.25,5.01,,,318.33,378.7,1.33,ELEVATED,40,1,2
RATNAVEER.NS,HOLD,164.19,weak_trend,40.49,3.87,176.88,158.67,152.65,10.28,6.26,,,148.77,184.75,1.33,ELEVATED,40,0,3
SAKAR.NS,HOLD,796.5,weak_trend,78.98,56.87,684.01,614.36,449.32,62.92,7.9,,,702.12,922.34,1.33,ELEVATED,40,1,2
ELDEHSG.NS,SELL,777.25,downtrend,35.11,-11.23,827.74,820.5,840.43,43.93,5.65,,,865.1,557.62,2.5,ELEVATED,77,0,3
NINSYS.NS,HOLD,708.8,weak_trend,91.04,56.43,592.56,478.34,419.74,38.14,5.38,,,651.59,785.09,1.33,ELEVATED,40,1,2
MALLCOM.NS,SELL,955.1,downtrend,33.65,-18.74,1039.39,1051.6,1187.7,46.5,4.87,,,1048.1,722.6,2.5,ELEVATED,78,1,2
BODALCHEM.NS,SELL,70.9,downtrend,46.45,2.45,70.84,64.34,58.52,4.5,6.34,,,79.89,48.42,2.5,ELEVATED,71,1,2
MUKKA.NS,SELL,22.79,downtrend,26.17,-0.12,23.56,22.73,24.45,0.82,3.61,,,24.43,18.68,2.5,NORMAL,81,1,2
TECHLABS.NS,SELL,188.2,downtrend,14.12,-3.81,227.71,212.74,339.35,12.6,6.7,,,213.4,125.2,2.5,ELEVATED,87,0,3
MUFTI.NS,SELL,85.53,downtrend,54.19,2.43,81.46,77.9,97.25,4.51,5.28,,,94.56,62.96,2.5,ELEVATED,67,1,2
KAMATHOTEL.NS,SELL,180.9,downtrend,56.63,0.16,168.72,168.62,231.28,7.14,3.95,,,195.18,145.2,2.5,NORMAL,66,2,1
SATIA.NS,SELL,57.5,downtrend,14.2,-2.08,64.66,63.63,70.04,2.39,4.16,,,62.28,45.54,2.5,ELEVATED,87,0,3
DWARKESH.NS,HOLD,44.14,weak_trend,35.01,-0.39,45.23,44.25,40.76,1.74,3.95,,,41.52,47.63,1.33,NORMAL,40,0,3
KECL.NS,HOLD,117.71,weak_trend,41.61,0.92,119.98,111.74,107.22,5.78,4.91,,,109.04,129.28,1.33,ELEVATED,40,0,3
NAHARSPING.NS,SELL,265.0,downtrend,37.53,6.14,263.3,239.57,209.76,5.38,2.03,,,275.75,238.12,2.5,NORMAL,76,2,1
KAMDHENU.NS,SELL,24.04,downtrend,26.26,0.51,24.92,22.76,24.86,1.05,4.35,,,26.13,18.81,2.5,ELEVATED,81,1,2
RITCO.NS,HOLD,273.26,weak_trend,64.86,13.82,253.13,220.47,249.78,15.94,5.83,,,249.36,305.13,1.33,ELEVATED,40,2,1
APEX.NS,HOLD,426.3,weak_trend,27.27,-0.81,458.47,435.37,319.83,21.82,5.12,,,393.56,469.95,1.33,ELEVATED,40,0,3
KOPRAN.NS,HOLD,206.27,weak_trend,77.83,11.67,170.21,152.35,150.18,12.41,6.02,,,187.65,231.1,1.33,ELEVATED,40,2,1
MAGADSUGAR.NS,SELL,467.1,downtrend,24.9,-8.64,493.67,486.23,500.97,16.41,3.51,,,499.93,385.03,2.5,NORMAL,82,0,3
ATL.NS,SELL,24.81,downtrend,28.4,-0.01,25.51,24.48,27.71,1.38,5.58,,,27.58,17.89,2.5,ELEVATED,80,0,3
20MICRONS.NS,SELL,182.76,downtrend,50.62,3.6,179.52,168.7,193.94,10.86,5.94,,,204.47,128.48,2.5,ELEVATED,69,1,2
RUBYMILLS.NS,HOLD,256.38,weak_trend,59.36,6.81,238.01,225.48,220.28,13.29,5.18,,,236.45,282.96,1.33,ELEVATED,40,2,1
GHCLTEXTIL.NS,HOLD,95.81,weak_trend,56.03,2.86,91.08,84.45,78.75,4.39,4.59,,,89.22,104.6,1.33,ELEVATED,40,2,1
ESFL.NS,SELL,122.35,downtrend,42.37,-2.14,127.59,129.97,208.17,5.24,4.29,,,132.84,96.14,2.5,ELEVATED,73,1,2
PROZONER.NS,HOLD,52.92,weak_trend,51.58,-0.59,52.09,52.8,52.59,3.14,5.93,,,48.21,59.2,1.33,ELEVATED,40,2,1
STCINDIA.NS,SELL,120.21,downtrend,51.46,1.08,118.02,114.42,120.87,4.16,3.46,,,128.52,99.43,2.5,NORMAL,69,1,2
TREL.NS,SELL,25.56,downtrend,29.92,-0.43,25.91,25.81,27.7,1.14,4.47,,,27.84,19.85,2.5,ELEVATED,80,1,2
LINC.NS,HOLD,99.39,weak_trend,36.9,-0.44,100.24,99.44,113.98,4.41,4.44,,,92.77,108.21,1.33,ELEVATED,40,0,3
MVKAGRO.NS,SELL,500.85,downtrend,48.62,-15.44,493.01,512.44,548.06,24.17,4.83,,,549.19,379.99,2.5,ELEVATED,70,1,2
KSOLVES.NS,HOLD,285.25,weak_trend,40.25,-5.15,286.36,294.33,296.7,8.67,3.04,,,272.24,302.59,1.33,NORMAL,40,0,3
LAXMIINDIA.NS,SELL,113.24,downtrend,29.26,0.65,121.87,107.26,124.16,6.84,6.04,,,126.93,79.03,2.5,ELEVATED,80,0,3
GEECEE.NS,HOLD,315.85,weak_trend,57.11,9.02,313.32,290.36,325.59,20.32,6.43,,,285.37,356.49,1.33,ELEVATED,40,0,3
RUSHIL.NS,SELL,15.42,downtrend,33.89,-0.23,16.16,15.91,21.67,0.72,4.66,,,16.86,11.83,2.5,ELEVATED,78,0,3
NBIFIN.NS,SELL,1890.1,downtrend,28.32,-19.35,1980.37,1905.1,2215.63,73.05,3.86,,,2036.2,1524.85,2.5,NORMAL,80,0,3
HLVLTD.NS,HOLD,8.04,weak_trend,35.25,-0.04,8.17,7.91,9.57,0.44,5.53,,,7.37,8.93,1.33,ELEVATED,40,0,3
THEINVEST.NS,SELL,102.59,downtrend,23.08,-2.26,107.31,103.97,121.76,6.63,6.46,,,115.84,69.45,2.5,ELEVATED,83,1,2
PVP.NS,SELL,26.15,downtrend,27.0,-1.2,28.21,29.02,29.89,1.5,5.75,,,29.16,18.64,2.5,ELEVATED,81,0,3
PPL.NS,HOLD,207.25,weak_trend,44.62,-1.17,199.84,199.56,247.86,9.32,4.5,,,193.27,225.89,1.33,ELEVATED,40,1,2
RSWM.NS,HOLD,176.3,weak_trend,61.13,5.55,167.12,153.16,151.29,7.55,4.28,,,164.97,191.41,1.33,ELEVATED,40,2,1
DMCC.NS,SELL,269.25,downtrend,27.67,1.22,292.55,261.18,271.03,20.01,7.43,,,309.28,169.18,2.5,ELEVATED,81,0,3
SHIVALIK.NS,SELL,294.15,downtrend,55.26,1.24,263.76,258.54,359.38,14.25,4.85,,,322.66,222.88,2.5,ELEVATED,67,2,1
RKSWAMY.NS,SELL,98.62,downtrend,57.84,2.42,93.48,88.65,116.93,5.09,5.16,,,108.8,73.18,2.5,ELEVATED,66,1,2
NAHARPOLY.NS,HOLD,258.8,weak_trend,44.33,1.78,254.17,247.92,263.29,16.43,6.35,,,234.16,291.65,1.33,ELEVATED,40,1,2
VENUSREM.NS,HOLD,1280.05,weak_trend,81.73,72.22,1032.41,977.21,707.2,51.99,4.06,,,1202.06,1384.04,1.33,ELEVATED,40,1,2
SUBEXLTD.NS,SELL,10.72,downtrend,45.07,0.37,10.71,9.43,11.1,0.55,5.1,,,11.81,7.99,2.5,ELEVATED,72,0,3
SARVESHWAR.NS,SELL,3.81,downtrend,39.06,-0.02,3.8,3.65,4.84,0.12,3.17,,,4.05,3.21,2.5,NORMAL,75,0,3
REPRO.NS,SELL,360.55,downtrend,37.95,1.81,371.08,362.01,440.51,15.17,4.21,,,390.89,284.71,2.5,ELEVATED,76,1,2
ZEEMEDIA.NS,SELL,8.42,downtrend,51.78,0.03,8.11,7.88,9.54,0.35,4.12,,,9.11,6.68,2.5,ELEVATED,69,2,1
SEJALLTD.NS,HOLD,782.35,weak_trend,42.52,19.96,786.86,668.95,720.91,39.25,5.02,,,723.47,860.86,1.33,ELEVATED,40,0,3
GLOSTERLTD.NS,HOLD,665.75,weak_trend,50.16,17.87,653.68,597.49,621.09,26.8,4.03,,,625.54,719.36,1.33,ELEVATED,40,1,2
MINDTECK.NS,SELL,214.8,downtrend,45.98,2.91,208.54,193.11,214.62,11.63,5.42,,,238.06,156.64,2.5,ELEVATED,72,2,1
NRAIL.NS,HOLD,449.1,weak_trend,16.05,-3.74,473.29,454.12,442.1,18.78,4.18,,,420.94,486.65,1.33,ELEVATED,40,0,3
HARDWYN.NS,HOLD,25.16,weak_trend,58.25,0.6,24.75,23.13,17.47,1.19,4.74,,,23.37,27.55,1.33,ELEVATED,40,1,2
DREAMFOLKS.NS,SELL,77.78,downtrend,34.14,-0.39,78.57,76.32,104.8,3.32,4.27,,,84.43,61.17,2.5,ELEVATED,77,1,2
CELLECOR.NS,HOLD,38.3,weak_trend,32.13,1.68,40.17,33.54,30.89,2.36,6.17,,,34.75,43.03,1.33,ELEVATED,40,0,3
ONWARDTEC.NS,HOLD,264.87,weak_trend,41.95,4.65,261.19,248.25,287.27,11.18,4.22,,,248.1,287.24,1.33,ELEVATED,40,0,3
SHREERAMA.NS,SELL,42.85,downtrend,29.53,-1.04,45.12,46.73,53.96,2.77,6.48,,,48.4,28.97,2.5,ELEVATED,80,1,2
ACL.NS,SELL,55.37,downtrend,40.55,0.22,55.99,53.65,67.24,2.21,4.0,,,59.8,44.31,2.5,NORMAL,74,0,3
JAYAGROGN.NS,HOLD,224.47,weak_trend,60.15,7.59,213.42,195.81,208.95,13.31,5.93,,,204.5,251.09,1.33,ELEVATED,40,2,1
ACCENTMIC.NS,HOLD,441.95,weak_trend,42.28,6.01,443.59,414.31,334.03,22.59,5.11,,,408.07,487.13,1.33,ELEVATED,40,0,3
APTECHT.NS,HOLD,102.77,weak_trend,49.16,3.23,99.3,90.37,98.09,5.52,5.37,,,94.49,113.81,1.33,ELEVATED,40,1,2
MANBA.NS,SELL,106.71,downtrend,29.14,-1.23,110.6,110.26,128.36,4.0,3.75,,,114.71,86.72,2.5,NORMAL,80,0,3
MAANALU.NS,HOLD,138.17,weak_trend,31.94,-0.58,143.48,139.63,136.6,5.7,4.13,,,129.62,149.58,1.33,ELEVATED,40,1,2
EMKAY.NS,HOLD,219.75,weak_trend,45.42,-0.68,219.51,219.22,256.89,12.96,5.9,,,200.32,245.66,1.33,ELEVATED,40,0,3
URJA.NS,SELL,11.04,downtrend,47.06,0.07,10.9,10.3,11.45,0.47,4.23,,,11.97,8.7,2.5,ELEVATED,71,1,2
IRIS.NS,SELL,260.35,downtrend,59.54,4.75,243.02,237.47,290.59,14.77,5.67,,,289.88,186.52,2.5,ELEVATED,65,1,2
VISAKAIND.NS,HOLD,72.34,weak_trend,46.66,1.79,72.68,65.75,71.39,3.41,4.71,,,67.23,79.16,1.33,ELEVATED,40,0,3
MMP.NS,HOLD,273.48,weak_trend,39.41,7.52,280.08,249.99,257.89,15.22,5.57,,,250.64,303.93,1.33,ELEVATED,40,0,3
HINDCOMPOS.NS,SELL,410.15,downtrend,21.68,-9.71,429.68,421.42,439.62,17.5,4.27,,,445.14,322.67,2.5,ELEVATED,84,0,3
PARSVNATH.NS,SELL,4.01,downtrend,0.0,-0.89,5.62,6.66,10.99,0.23,5.74,,,4.47,2.86,2.5,ELEVATED,95,0,3
ENIL.NS,SELL,109.09,downtrend,0.66,-1.45,115.4,112.19,126.97,2.66,2.44,,,114.4,95.81,2.5,NORMAL,94,1,2
PAKKA.NS,SELL,91.44,downtrend,34.86,-0.81,93.03,91.81,115.51,3.78,4.13,,,98.99,72.55,2.5,ELEVATED,77,0,3
GFLLIMITED.NS,SELL,46.94,downtrend,37.3,0.15,47.21,45.35,54.57,2.54,5.42,,,52.03,34.22,2.5,ELEVATED,76,0,3
MENONBE.NS,HOLD,145.17,weak_trend,56.15,6.5,141.36,127.39,121.69,8.86,6.11,,,131.88,162.9,1.33,ELEVATED,40,1,2
CSLFINANCE.NS,SELL,235.91,downtrend,50.19,0.35,231.18,235.13,271.98,8.82,3.74,,,253.54,191.83,2.5,NORMAL,69,2,1
MIRCELECTR.NS,SELL,42.19,downtrend,48.78,2.28,40.01,33.5,29.06,3.61,8.57,,,49.42,24.11,2.5,ELEVATED,70,1,2
CHEVIOT.NS,SELL,1079.1,downtrend,18.92,-8.13,1195.4,1103.16,1103.61,41.74,3.87,,,1162.59,870.39,2.5,NORMAL,85,0,3
SCHAND.NS,SELL,161.72,downtrend,34.26,2.68,168.88,158.66,169.59,7.22,4.47,,,176.17,125.6,2.5,ELEVATED,77,1,2
KILITCH.NS,HOLD,182.39,weak_trend,67.06,9.19,166.33,153.14,171.57,11.5,6.31,,,165.13,205.4,1.33,ELEVATED,40,2,1
KRITI.NS,SELL,71.73,downtrend,20.48,-2.9,77.86,76.96,99.05,4.74,6.61,,,81.21,48.02,2.5,ELEVATED,84,0,3
DBEIL.NS,HOLD,82.27,weak_trend,47.66,0.89,80.32,74.16,112.75,4.18,5.08,,,76.0,90.64,1.33,ELEVATED,40,1,2
INDSWFTLAB.NS,BUY,152.11,uptrend,67.94,0.23,137.22,138.76,115.16,6.33,4.16,149.07,155.15,139.44,183.78,2.5,ELEVATED,78,3,0
VERTOZ.NS,SELL,47.72,downtrend,49.33,0.13,47.5,44.16,62.53,2.66,5.58,,,53.05,34.4,2.5,ELEVATED,70,0,3
FOODSIN.NS,SELL,56.31,downtrend,24.63,-1.24,58.52,57.66,71.91,2.85,5.07,,,62.02,42.04,2.5,ELEVATED,82,1,2
SICALLOG.NS,HOLD,65.56,weak_trend,45.37,-0.47,65.21,65.53,84.24,2.46,3.76,,,61.86,70.49,1.33,NORMAL,40,1,2
MWL.NS,HOLD,378.55,weak_trend,76.98,20.08,361.51,307.58,259.42,12.59,3.33,,,359.67,403.73,1.33,NORMAL,40,1,2
ASIANHOTNR.NS,HOLD,314.05,weak_trend,71.31,3.43,299.21,297.3,313.7,10.05,3.2,,,298.98,334.14,1.33,NORMAL,40,1,2
GANESHBE.NS,HOLD,96.23,weak_trend,51.2,1.42,97.58,91.4,86.36,4.96,5.15,,,88.8,106.14,1.33,ELEVATED,40,1,2
IGCL.NS,SELL,58.2,downtrend,21.56,-0.57,63.21,61.74,82.8,2.22,3.82,,,62.65,47.08,2.5,NORMAL,84,1,2
BORANA.NS,HOLD,323.2,weak_trend,34.16,-5.81,331.93,339.31,295.28,13.68,4.23,,,302.68,350.56,1.33,ELEVATED,40,0,3
TIRUPATI.NS,SELL,465.05,downtrend,49.64,1.29,479.82,469.51,599.05,3.5,0.75,,,472.06,447.53,2.5,LOW,70,0,3
SHALPAINTS.NS,SELL,51.07,downtrend,31.87,-0.02,51.64,49.34,63.91,2.07,4.05,,,55.21,40.72,2.5,ELEVATED,79,0,3
SBGLP.NS,HOLD,26.63,weak_trend,45.63,-0.31,26.46,26.35,32.02,1.6,6.01,,,24.23,29.83,1.33,ELEVATED,40,0,3
TOLINS.NS,SELL,107.74,downtrend,50.02,1.7,107.26,104.46,136.82,5.38,5.0,,,118.51,80.82,2.5,ELEVATED,69,2,1
ONMOBILE.NS,SELL,51.23,downtrend,26.76,-0.25,53.54,50.45,56.22,2.17,4.24,,,55.58,40.36,2.5,ELEVATED,81,0,3
IRISDOREME.NS,HOLD,35.78,weak_trend,40.87,0.43,36.22,33.8,33.33,1.89,5.29,,,32.94,39.57,1.33,ELEVATED,40,0,3
NILASPACES.NS,SELL,12.6,downtrend,11.67,-0.25,13.59,13.32,15.07,0.61,4.84,,,13.82,9.55,2.5,ELEVATED,89,0,3
GIRIRAJ.NS,SELL,145.8,downtrend,24.18,-8.03,171.08,174.79,213.32,6.41,4.4,,,158.62,113.75,2.5,ELEVATED,82,0,3
SILINV.NS,SELL,422.4,downtrend,24.3,-6.62,448.8,435.19,514.49,19.86,4.7,,,462.11,323.11,2.5,ELEVATED,82,0,3
SPECIALITY.NS,SELL,110.8,downtrend,54.21,3.03,106.0,101.03,115.56,5.89,5.31,,,122.57,81.37,2.5,ELEVATED,67,1,2
GPECO.NS,HOLD,453.4,weak_trend,70.22,25.65,389.9,362.69,443.33,30.82,6.8,,,407.17,515.04,1.33,ELEVATED,40,2,1
OCCLLTD.NS,HOLD,114.73,weak_trend,62.4,4.91,102.32,96.13,107.01,7.11,6.2,,,104.07,128.95,1.33,ELEVATED,40,2,1
MOS.NS,SELL,14.2,downtrend,63.86,0.13,13.1,12.84,25.86,0.59,4.18,,,15.39,11.24,2.5,ELEVATED,63,2,1
SUTLEJTEX.NS,HOLD,35.6,weak_trend,36.36,0.1,36.74,34.23,33.7,1.45,4.06,,,33.43,38.49,1.33,ELEVATED,40,0,3
RPPINFRA.NS,HOLD,75.68,weak_trend,40.22,-0.77,74.51,73.24,99.48,3.81,5.04,,,69.96,83.31,1.33,ELEVATED,40,1,2
PYRAMID.NS,HOLD,163.17,weak_trend,36.35,1.82,170.32,159.01,159.7,9.62,5.9,,,148.74,182.41,1.33,ELEVATED,40,0,3
PRIMO.NS,HOLD,23.02,weak_trend,37.38,-0.21,23.83,22.15,23.01,1.52,6.58,,,20.75,26.05,1.33,ELEVATED,40,1,2
FOCUS.NS,HOLD,82.8,weak_trend,41.22,1.76,83.27,75.34,79.4,4.02,4.85,,,76.77,90.84,1.33,ELEVATED,40,1,2
SJLOGISTIC.NS,SELL,348.4,downtrend,66.15,6.86,310.01,299.24,349.2,17.59,5.05,,,383.59,260.44,2.5,ELEVATED,61,2,1
TARACHAND.NS,SELL,56.04,downtrend,33.77,-1.6,59.28,60.04,70.25,3.02,5.39,,,62.08,40.94,2.5,ELEVATED,78,1,2
CONSOFINVT.NS,HOLD,230.31,weak_trend,54.65,2.67,228.05,222.07,195.99,10.07,4.37,,,215.2,250.46,1.33,ELEVATED,40,2,1
KRONOX.NS,HOLD,138.87,weak_trend,46.34,2.29,136.74,128.21,140.22,6.53,4.7,,,129.08,151.93,1.33,ELEVATED,40,1,2
RADIANTCMS.NS,SELL,40.62,downtrend,26.01,0.02,41.61,40.13,48.03,1.65,4.06,,,43.92,32.37,2.5,ELEVATED,81,1,2
BAHETI.NS,HOLD,593.95,weak_trend,41.07,4.21,603.97,568.27,574.78,16.68,2.81,,,568.93,627.31,1.33,NORMAL,40,0,3
HMVL.NS,SELL,68.18,downtrend,55.84,-0.26,64.79,64.66,72.79,3.07,4.5,,,74.32,52.83,2.5,ELEVATED,67,2,1
KAYA.NS,HOLD,244.4,weak_trend,41.36,-6.33,248.22,260.48,360.19,9.56,3.91,,,230.06,263.51,1.33,NORMAL,40,0,3
ESSARSHPNG.NS,SELL,23.92,downtrend,30.27,-0.58,24.64,24.98,27.09,1.07,4.46,,,26.05,18.59,2.5,ELEVATED,79,0,3
INTLCONV.NS,SELL,82.01,downtrend,48.57,0.58,80.12,75.51,85.38,3.24,3.96,,,88.5,65.79,2.5,NORMAL,70,1,2
EMAMIPAP.NS,SELL,87.01,downtrend,62.82,1.58,79.74,74.02,87.49,3.58,4.11,,,94.16,69.12,2.5,ELEVATED,63,2,1
ZODIAC.NS,SELL,287.6,downtrend,37.22,0.14,304.72,288.03,322.91,13.93,4.84,,,315.45,217.98,2.5,ELEVATED,76,0,3
EIFFL.NS,SELL,233.55,downtrend,40.8,-1.71,239.17,237.21,237.21,12.92,5.53,,,259.39,168.95,2.5,ELEVATED,74,1,2
DIGISPICE.NS,SELL,19.74,downtrend,32.89,0.07,20.13,18.74,22.65,1.11,5.6,,,21.95,14.21,2.5,ELEVATED,78,1,2
SURAJLTD.NS,SELL,224.37,downtrend,32.2,-3.24,235.57,239.1,266.3,10.19,4.54,,,244.74,173.43,2.5,ELEVATED,78,1,2
MBLINFRA.NS,SELL,26.29,downtrend,47.64,0.0,25.79,24.72,32.8,1.3,4.96,,,28.9,19.77,2.5,ELEVATED,71,1,2
COMSYN.NS,HOLD,153.53,weak_trend,52.45,-0.32,153.56,154.07,152.26,3.3,2.15,,,148.58,160.14,1.33,NORMAL,40,1,2
PRECOT.NS,HOLD,802.7,weak_trend,69.47,65.7,676.63,589.85,476.57,52.0,6.48,,,724.71,906.69,1.33,ELEVATED,40,2,1
VINSYS.NS,BUY,366.0,uptrend,62.82,12.04,324.44,308.79,359.14,18.89,5.16,358.68,373.32,328.23,460.43,2.5,ELEVATED,76,3,0
TPLPLASTEH.NS,BUY,73.06,uptrend,68.74,0.65,65.53,64.53,68.13,3.25,4.45,71.6,74.52,66.55,89.32,2.5,ELEVATED,79,3,0
ALLETEC.NS,HOLD,154.85,weak_trend,45.53,-1.13,158.82,159.13,217.26,8.27,5.34,,,142.45,171.39,1.33,ELEVATED,40,0,3
RBZJEWEL.NS,SELL,124.35,downtrend,12.24,-3.41,131.65,130.26,137.28,6.47,5.2,,,137.29,91.99,2.5,ELEVATED,88,0,3
RAMAPHO.NS,SELL,122.86,downtrend,23.9,-3.13,130.03,127.19,150.25,5.61,4.57,,,134.09,94.8,2.5,ELEVATED,83,0,3
ORIENTPPR.NS,HOLD,18.17,weak_trend,39.25,-0.09,18.02,17.53,22.35,0.91,5.0,,,16.81,19.99,1.33,ELEVATED,40,0,3
GVKPIL.NS,SELL,3.05,downtrend,20.51,0.0,3.26,2.94,3.17,0.08,2.55,,,3.21,2.66,2.5,NORMAL,84,1,2
LIBERTSHOE.NS,HOLD,243.75,weak_trend,37.46,-2.23,245.37,249.97,282.95,9.17,3.76,,,229.99,262.1,1.33,NORMAL,40,1,2
KNAGRI.NS,HOLD,191.74,weak_trend,59.76,-0.25,191.47,192.02,201.7,9.54,4.97,,,177.43,210.82,1.33,ELEVATED,40,1,2
ANNAPURNA.NS,SELL,139.2,downtrend,28.08,-7.52,146.75,161.24,211.26,7.25,5.21,,,153.69,102.97,2.5,ELEVATED,80,1,2
BELLACASA.NS,SELL,231.55,downtrend,29.55,-6.8,249.09,260.02,348.74,13.93,6.02,,,259.41,161.91,2.5,ELEVATED,80,2,1
PARIN.NS,HOLD,685.35,weak_trend,77.94,11.2,655.7,638.24,584.52,32.64,4.76,,,636.39,750.64,1.33,ELEVATED,40,2,1
KAPSTON.NS,BUY,349.65,uptrend,54.8,5.46,337.12,314.76,303.9,10.98,3.14,342.66,356.64,327.69,404.56,2.5,NORMAL,72,3,0
ADVANIHOTR.NS,SELL,53.33,downtrend,37.14,-0.04,53.61,52.73,55.74,1.58,2.97,,,56.5,45.41,2.5,NORMAL,76,0,3
DBOL.NS,HOLD,107.95,weak_trend,22.75,-2.42,113.03,111.67,91.18,4.19,3.88,,,101.66,116.33,1.33,NORMAL,40,1,2
TRACXN.NS,SELL,31.44,downtrend,22.67,-0.28,33.31,32.47,41.17,1.78,5.67,,,35.0,22.53,2.5,ELEVATED,83,0,3
MUNJALSHOW.NS,HOLD,138.58,weak_trend,48.12,2.7,135.73,128.26,129.03,4.87,3.52,,,131.27,148.33,1.33,NORMAL,40,1,2
SREEL.NS,SELL,192.01,downtrend,61.85,1.9,186.8,184.43,212.48,7.74,4.03,,,207.5,153.29,2.5,ELEVATED,64,1,2
ORBTEXP.NS,SELL,175.04,downtrend,59.47,2.08,164.66,159.91,183.91,8.02,4.58,,,191.08,134.95,2.5,ELEVATED,65,2,1
MAZDA.NS,SELL,223.42,downtrend,56.92,2.27,206.48,198.47,231.36,11.5,5.15,,,246.43,165.9,2.5,ELEVATED,66,2,1
VISASTEEL.NS,HOLD,52.85,weak_trend,54.01,3.14,49.02,39.89,44.33,3.07,5.8,,,48.25,58.98,1.33,ELEVATED,40,2,1
GUJAPOLLO.NS,SELL,381.95,downtrend,22.08,-10.39,403.52,417.0,431.91,16.97,4.44,,,415.89,297.09,2.5,ELEVATED,83,0,3
TRANSWORLD.NS,SELL,161.53,downtrend,44.67,1.0,162.04,152.92,197.01,10.05,6.22,,,181.62,111.3,2.5,ELEVATED,72,0,3
PTL.NS,HOLD,38.94,weak_trend,35.6,-0.08,39.62,38.78,38.44,1.18,3.04,,,37.17,41.3,1.33,NORMAL,40,0,3
DPEL.NS,HOLD,504.85,weak_trend,42.47,14.56,513.82,458.96,304.72,21.7,4.3,,,472.3,548.25,1.33,ELEVATED,40,0,3
EFFWA.NS,HOLD,267.65,weak_trend,48.37,9.72,260.7,231.22,224.55,20.01,7.48,,,237.64,307.66,1.33,ELEVATED,40,1,2
MEGATHERM.NS,SELL,216.9,downtrend,22.44,-7.42,254.02,237.25,246.66,13.58,6.26,,,244.06,148.99,2.5,ELEVATED,83,0,3
AVONMORE.NS,SELL,10.91,downtrend,36.79,-0.36,11.47,11.81,16.12,0.76,6.99,,,12.43,7.1,2.5,ELEVATED,76,0,3
WSI.NS,HOLD,69.51,weak_trend,41.59,-0.95,70.0,70.79,76.88,3.52,5.07,,,64.23,76.56,1.33,ELEVATED,40,0,3
SUPREMEPWR.NS,HOLD,246.85,weak_trend,47.24,8.32,251.21,214.55,197.63,15.32,6.21,,,223.86,277.5,1.33,ELEVATED,40,0,3
SUKHJITS.NS,HOLD,180.1,weak_trend,43.29,3.57,189.7,177.58,170.34,13.57,7.53,,,159.75,207.23,1.33,ELEVATED,40,1,2
MGEL.NS,BUY,15.0,uptrend,61.93,0.27,13.63,12.88,13.92,0.75,5.01,14.7,15.3,13.5,18.76,2.5,ELEVATED,75,3,0
CGRAPHICS.NS,SELL,149.5,downtrend,39.09,-4.79,154.89,157.62,187.05,10.69,7.15,,,170.89,96.04,2.5,ELEVATED,75,1,2
DONEAR.NS,HOLD,92.65,weak_trend,48.0,0.38,91.62,89.66,93.48,3.11,3.36,,,87.98,98.88,1.33,NORMAL,40,0,3
TERASOFT.NS,SELL,394.45,downtrend,63.65,6.55,338.01,336.11,399.26,19.43,4.93,,,433.31,297.29,2.5,ELEVATED,63,2,1
MODISONLTD.NS,HOLD,284.6,weak_trend,90.28,29.51,189.55,158.67,151.57,16.46,5.78,,,259.92,317.51,1.33,ELEVATED,40,2,1
VINYLINDIA.NS,HOLD,261.95,weak_trend,55.37,8.08,260.81,234.45,244.63,12.03,4.59,,,243.9,286.01,1.33,ELEVATED,40,2,1
DICIND.NS,SELL,499.3,downtrend,30.72,-4.52,524.0,519.8,526.16,21.43,4.29,,,542.16,392.14,2.5,ELEVATED,79,0,3
EUROBOND.NS,SELL,184.26,downtrend,60.53,4.19,179.02,167.13,189.59,10.26,5.57,,,204.77,132.98,2.5,ELEVATED,64,1,2
MIRZAINT.NS,HOLD,32.27,weak_trend,42.64,-0.25,31.56,31.16,35.31,1.68,5.2,,,29.76,35.62,1.33,ELEVATED,40,1,2
ATMASTCO.NS,HOLD,175.1,weak_trend,32.99,6.58,180.02,154.52,173.76,9.71,5.54,,,160.54,194.51,1.33,ELEVATED,40,0,3
CLEDUCATE.NS,HOLD,46.43,weak_trend,72.2,-0.13,43.32,46.66,73.99,2.52,5.43,,,42.65,51.47,1.33,ELEVATED,40,0,3
PAVNAIND.NS,SELL,18.19,downtrend,39.9,-0.32,18.79,18.71,27.32,1.09,6.01,,,20.38,12.73,2.5,ELEVATED,75,0,3
SOFTTECH.NS,HOLD,459.3,weak_trend,61.47,24.5,419.81,341.37,338.73,22.84,4.97,,,425.04,504.98,1.33,ELEVATED,40,1,2
NAHARINDUS.NS,HOLD,113.48,weak_trend,38.37,1.33,113.83,105.22,108.11,5.06,4.46,,,105.89,123.6,1.33,ELEVATED,40,1,2
CYBERTECH.NS,SELL,140.3,downtrend,46.14,5.59,140.17,127.09,140.6,7.06,5.03,,,154.42,105.0,2.5,ELEVATED,71,0,3
MEDICAMEQ.NS,SELL,271.55,downtrend,37.22,2.93,277.38,260.03,330.04,15.69,5.78,,,302.94,193.09,2.5,ELEVATED,76,1,2
PANACHE.NS,HOLD,339.3,weak_trend,53.28,5.46,353.53,326.59,334.02,22.02,6.49,,,306.27,383.34,1.33,ELEVATED,40,0,3
HCL-INSYS.NS,SELL,12.64,downtrend,56.12,-0.01,11.95,11.93,13.63,0.75,5.93,,,14.14,8.89,2.5,ELEVATED,66,2,1
ABSMARINE.NS,BUY,285.15,uptrend,61.0,19.31,248.33,212.86,197.95,19.26,6.75,279.45,290.85,246.64,381.44,2.5,ELEVATED,75,3,0
KOTHARIPRO.NS,HOLD,76.27,weak_trend,57.86,0.96,73.57,69.99,75.71,2.39,3.13,,,72.69,81.05,1.33,NORMAL,40,2,1
HTMEDIA.NS,SELL,22.88,downtrend,57.24,0.05,21.85,21.76,23.72,0.85,3.74,,,24.59,18.61,2.5,NORMAL,66,2,1
VRAJ.NS,SELL,127.48,downtrend,39.32,-0.54,126.38,121.76,133.92,4.89,3.83,,,137.25,103.05,2.5,NORMAL,75,1,2
UGARSUGAR.NS,HOLD,41.42,weak_trend,33.53,0.1,42.81,40.85,41.0,1.53,3.7,,,39.12,44.48,1.33,NORMAL,40,0,3
XTGLOBAL.NS,HOLD,31.41,weak_trend,45.84,0.07,31.54,30.88,34.18,1.96,6.22,,,28.48,35.32,1.33,ELEVATED,40,0,3
SINCLAIR.NS,SELL,74.67,downtrend,25.99,-1.18,77.8,77.26,85.97,3.52,4.72,,,81.71,57.06,2.5,ELEVATED,82,0,3
DAVANGERE.NS,HOLD,4.02,weak_trend,61.64,0.11,3.88,3.8,3.89,0.22,5.35,,,3.7,4.45,1.33,ELEVATED,40,2,1
HIGREEN.NS,SELL,121.2,downtrend,29.98,-1.37,143.08,134.62,164.1,8.54,7.05,,,138.29,78.49,2.5,ELEVATED,80,0,3
MOLDTECH.NS,SELL,121.22,downtrend,37.61,-2.1,126.22,124.84,150.76,6.55,5.4,,,134.32,88.47,2.5,ELEVATED,76,0,3
PREMIERPOL.NS,HOLD,54.55,weak_trend,44.83,-0.11,55.03,56.47,49.17,2.87,5.26,,,50.24,60.29,1.33,ELEVATED,40,1,2
ARIES.NS,SELL,336.5,downtrend,32.36,-3.51,359.78,359.74,359.96,15.43,4.59,,,367.36,259.34,2.5,ELEVATED,78,1,2
NDL.NS,SELL,2.62,downtrend,28.21,-0.02,2.69,2.6,2.98,0.09,3.27,,,2.79,2.19,2.5,NORMAL,80,0,3
SIGMA.NS,SELL,40.81,downtrend,28.29,-1.03,42.25,42.29,47.49,2.68,6.57,,,46.17,27.41,2.5,ELEVATED,80,0,3
SAHAJSOLAR.NS,SELL,143.7,downtrend,41.22,0.52,148.65,137.6,176.34,7.9,5.5,,,159.5,104.2,2.5,ELEVATED,74,0,3
NAHARCAP.NS,SELL,254.75,downtrend,38.05,2.79,257.69,241.88,260.61,12.63,4.96,,,280.01,191.61,2.5,ELEVATED,75,0,3
SPENCERS.NS,SELL,37.3,downtrend,39.96,0.82,36.99,33.62,42.84,1.9,5.1,,,41.1,27.79,2.5,ELEVATED,75,0,3
POLYSIL.NS,HOLD,144.05,weak_trend,44.76,-7.3,145.31,160.0,219.15,5.59,3.88,,,135.67,155.22,1.33,NORMAL,40,0,3
ORIENTCER.NS,BUY,41.5,uptrend,50.29,0.14,41.04,40.09,40.29,1.96,4.71,40.67,42.33,37.59,51.28,2.5,ELEVATED,70,3,0
PLASTIBLEN.NS,SELL,172.02,downtrend,49.64,4.57,170.34,154.83,165.98,6.23,3.62,,,184.47,140.89,2.5,NORMAL,70,1,2
BIRLACABLE.NS,BUY,193.91,uptrend,60.75,7.64,166.73,147.69,148.15,9.0,4.64,190.03,197.79,175.91,238.9,2.5,ELEVATED,75,3,0
LORDSCHLO.NS,SELL,143.86,downtrend,46.87,-0.59,141.13,137.46,164.01,6.73,4.68,,,157.31,110.23,2.5,ELEVATED,71,1,2
GSLSU.NS,HOLD,54.37,weak_trend,30.68,-1.41,56.02,56.84,91.3,2.9,5.34,,,50.01,60.18,1.33,ELEVATED,40,0,3
THOMASCOTT.NS,SELL,309.3,downtrend,56.93,4.74,275.07,266.44,322.59,16.28,5.26,,,341.86,227.89,2.5,ELEVATED,66,2,1
KANPRPLA.NS,HOLD,200.07,weak_trend,36.13,1.39,206.6,193.52,197.93,11.38,5.69,,,182.99,222.84,1.33,ELEVATED,40,0,3
NRL.NS,HOLD,66.66,weak_trend,78.07,2.14,55.8,53.45,60.05,3.18,4.77,,,61.89,73.02,1.33,ELEVATED,40,2,1
MCLEODRUSS.NS,HOLD,78.41,weak_trend,83.22,6.95,64.95,51.49,47.2,2.46,3.14,,,74.72,83.34,1.33,NORMAL,40,1,2
MUTHOOTCAP.NS,SELL,198.98,downtrend,29.39,-1.52,206.41,199.99,247.83,9.91,4.98,,,218.8,149.42,2.5,ELEVATED,80,0,3
PANSARI.NS,HOLD,299.5,weak_trend,41.27,-0.85,286.96,281.56,282.47,18.78,6.27,,,271.33,337.06,1.33,ELEVATED,40,1,2
SOUTHWEST.NS,HOLD,259.86,weak_trend,70.63,8.96,242.38,232.09,185.88,16.18,6.23,,,235.59,292.21,1.33,ELEVATED,40,1,2
ALBERTDAVD.NS,SELL,708.45,downtrend,24.81,-2.42,736.01,705.0,753.25,23.64,3.34,,,755.74,590.24,2.5,NORMAL,82,0,3
SRD.NS,SELL,41.1,downtrend,39.09,-1.02,42.62,43.86,60.75,2.74,6.66,,,46.57,27.42,2.5,ELEVATED,75,0,3
SRGHFL.NS,HOLD,284.25,weak_trend,42.41,2.11,288.69,273.52,282.55,18.5,6.51,,,256.5,321.25,1.33,ELEVATED,40,0,3
RAMANEWS.NS,SELL,29.68,downtrend,33.87,-0.84,30.58,31.75,31.44,1.72,5.78,,,33.11,21.1,2.5,ELEVATED,78,0,3
KRITINUT.NS,HOLD,94.5,weak_trend,54.21,2.82,91.17,80.68,82.27,4.72,4.99,,,87.43,103.93,1.33,ELEVATED,40,2,1
CHEMBONDCH.NS,SELL,185.32,downtrend,48.51,9.87,184.37,157.25,159.8,13.06,7.05,,,211.45,120.01,2.5,ELEVATED,70,1,2
TIRUPATIFL.NS,HOLD,45.05,weak_trend,53.76,0.09,42.57,43.55,38.55,2.67,5.93,,,41.04,50.39,1.33,ELEVATED,40,2,1
PCCL.NS,HOLD,269.65,weak_trend,29.62,2.69,290.73,269.13,213.69,8.54,3.17,,,256.84,286.73,1.33,NORMAL,40,0,3
RBMINFRA.NS,SELL,365.55,downtrend,46.76,-5.11,368.54,365.75,406.05,25.5,6.98,,,416.55,238.05,2.5,ELEVATED,71,0,3
VALIANTLAB.NS,HOLD,77.44,weak_trend,44.75,2.28,77.89,68.21,72.67,3.25,4.19,,,72.57,83.94,1.33,ELEVATED,40,0,3
EMAMIREAL.NS,HOLD,87.52,weak_trend,14.06,1.39,95.04,78.88,87.34,1.97,2.25,,,84.56,91.46,1.33,NORMAL,40,0,3
MANAKSIA.NS,BUY,63.66,uptrend,55.86,1.12,60.38,56.5,63.2,3.4,5.34,62.39,64.93,56.86,80.66,2.5,ELEVATED,72,3,0
NOVAAGRI.NS,SELL,28.11,downtrend,40.66,0.08,28.58,27.26,38.4,1.07,3.8,,,30.25,22.77,2.5,NORMAL,74,0,3
SWARAJ.NS,HOLD,240.1,weak_trend,25.74,-10.19,272.76,282.16,240.02,15.39,6.41,,,217.02,270.88,1.33,ELEVATED,40,0,3
MANORG.NS,SELL,577.4,downtrend,42.85,24.45,573.69,483.5,490.67,29.77,5.16,,,636.94,428.54,2.5,ELEVATED,73,1,2
REMSONSIND.NS,SELL,94.36,downtrend,20.26,-2.73,103.76,98.5,115.77,5.93,6.29,,,106.22,64.71,2.5,ELEVATED,84,1,2
GLOBECIVIL.NS,SELL,42.59,downtrend,28.24,-0.85,45.39,44.43,59.85,2.33,5.46,,,47.24,30.95,2.5,ELEVATED,80,0,3
KHADIM.NS,SELL,101.73,downtrend,41.92,-0.0,106.57,99.54,177.62,6.14,6.03,,,114.01,71.03,2.5,ELEVATED,74,0,3
PASUPTAC.NS,HOLD,59.85,weak_trend,63.04,2.58,54.63,49.73,49.02,3.32,5.55,,,54.86,66.5,1.33,ELEVATED,40,2,1
ASHIMASYN.NS,SELL,16.08,downtrend,42.8,0.21,16.33,15.21,18.75,1.09,6.75,,,18.25,10.65,2.5,ELEVATED,73,0,3
BANSWRAS.NS,HOLD,121.28,weak_trend,45.16,2.01,122.48,115.22,118.38,6.2,5.11,,,111.98,133.68,1.33,ELEVATED,40,0,3
FILATFASH.NS,SELL,0.23,downtrend,0.0,-0.0,0.24,0.22,0.37,0.01,4.97,,,0.25,0.17,2.5,ELEVATED,95,0,3
S&SPOWER.NS,SELL,390.85,downtrend,46.2,1.18,381.26,363.88,336.89,6.32,1.62,,,403.5,359.23,2.5,LOW,71,2,1
HPAL.NS,SELL,35.98,downtrend,24.14,-0.35,37.84,35.74,41.73,2.3,6.39,,,40.58,24.48,2.5,ELEVATED,82,0,3
RUBFILA.NS,BUY,81.44,uptrend,66.84,2.64,75.43,69.9,74.09,3.94,4.84,79.81,83.07,73.56,101.14,2.5,ELEVATED,78,3,0
GENUSPAPER.NS,SELL,12.56,downtrend,35.14,-0.06,12.96,12.45,14.37,0.6,4.77,,,13.76,9.57,2.5,ELEVATED,77,0,3
DENORA.NS,SELL,710.35,downtrend,33.7,-12.0,738.09,744.76,738.92,24.94,3.51,,,760.22,585.67,2.5,NORMAL,78,0,3
ORIENTBELL.NS,HOLD,336.95,weak_trend,55.04,11.02,338.67,305.22,291.83,18.32,5.44,,,309.47,373.59,1.33,ELEVATED,40,0,3
RHL.NS,SELL,184.73,downtrend,51.45,0.92,183.98,180.74,213.98,8.36,4.53,,,201.46,142.92,2.5,ELEVATED,69,2,1
TICL.NS,SELL,22.89,downtrend,47.51,-0.11,23.15,23.27,25.37,1.5,6.56,,,25.89,15.39,2.5,ELEVATED,71,1,2
SPCENET.NS,HOLD,3.7,weak_trend,33.7,-0.09,3.82,3.88,6.14,0.18,4.79,,,3.43,4.05,1.33,ELEVATED,40,0,3
BEDMUTHA.NS,SELL,113.4,downtrend,54.66,-0.9,109.99,111.14,122.46,5.97,5.26,,,125.33,83.57,2.5,ELEVATED,67,2,1
INFOLLION.NS,SELL,187.8,downtrend,20.11,-17.86,206.44,252.37,363.06,7.34,3.91,,,202.48,151.1,2.5,NORMAL,84,2,1
WELINV.NS,HOLD,1840.3,weak_trend,69.41,117.69,1737.27,1489.52,1259.64,109.35,5.94,,,1676.28,2059.0,1.33,ELEVATED,40,2,1
NILAINFRA.NS,SELL,8.02,downtrend,23.28,-0.02,8.27,7.92,9.16,0.38,4.76,,,8.78,6.11,2.5,ELEVATED,83,0,3
UNIDT.NS,HOLD,237.31,weak_trend,83.72,10.28,220.22,199.4,196.28,13.77,5.8,,,216.66,264.85,1.33,ELEVATED,40,1,2
VISHNUINFR.NS,HOLD,172.0,weak_trend,50.88,3.49,165.25,156.41,166.19,7.21,4.19,,,161.18,186.43,1.33,ELEVATED,40,2,1
AVPINFRA.NS,SELL,71.55,downtrend,28.21,-6.22,83.43,91.56,129.25,4.0,5.6,,,79.56,51.53,2.5,ELEVATED,80,0,3
AARON.NS,SELL,121.06,downtrend,22.65,-4.83,128.94,134.33,171.19,6.36,5.26,,,133.79,89.24,2.5,ELEVATED,83,1,2
GICL.NS,SELL,41.28,downtrend,52.96,-0.01,40.45,40.46,61.63,1.44,3.49,,,44.16,34.08,2.5,NORMAL,68,2,1
GOKUL.NS,BUY,41.07,uptrend,54.3,0.48,40.76,40.19,39.86,2.39,5.81,40.25,41.89,36.29,53.01,2.5,ELEVATED,72,3,0
GOACARBON.NS,SELL,403.6,downtrend,32.01,9.72,399.8,360.66,401.14,13.9,3.44,,,431.4,334.1,2.5,NORMAL,78,1,2
RUCHIRA.NS,SELL,116.87,downtrend,38.77,2.31,121.79,113.67,124.13,4.17,3.56,,,125.2,96.04,2.5,NORMAL,75,1,2
SHIVAUM.NS,HOLD,317.2,weak_trend,18.41,-4.59,334.35,335.04,306.78,6.3,1.99,,,307.76,329.79,1.33,LOW,40,0,3
PHANTOMFX.NS,SELL,182.95,downtrend,36.28,-4.27,194.18,193.78,229.06,10.69,5.84,,,204.34,129.49,2.5,ELEVATED,76,1,2
MANAKSTEEL.NS,BUY,67.66,uptrend,52.85,1.13,65.83,62.05,61.32,3.35,4.95,66.31,69.01,60.96,84.41,2.5,ELEVATED,71,3,0
AARTISURF.NS,SELL,389.05,downtrend,22.19,-3.23,404.94,387.95,425.94,17.88,4.6,,,424.81,299.66,2.5,ELEVATED,83,0,3
SAKUMA.NS,SELL,2.0,downtrend,59.26,0.0,1.83,1.78,2.17,0.07,3.68,,,2.15,1.63,2.5,NORMAL,65,2,1
ASMS.NS,HOLD,7.42,weak_trend,31.9,-0.21,7.58,7.9,11.31,0.33,4.46,,,6.92,8.08,1.33,ELEVATED,40,1,2
VIKASLIFE.NS,SELL,1.52,downtrend,36.67,-0.01,1.52,1.48,1.81,0.05,3.57,,,1.63,1.25,2.5,NORMAL,76,1,2
BBTCL.NS,HOLD,225.41,weak_trend,71.95,3.89,196.71,188.63,193.1,8.15,3.62,,,213.18,241.72,1.33,NORMAL,40,2,1
MAHEPC.NS,SELL,116.94,downtrend,38.55,0.23,118.7,115.56,130.67,4.1,3.5,,,125.13,96.46,2.5,NORMAL,75,0,3
GOLDKART.NS,SELL,151.65,downtrend,22.04,-15.27,169.29,204.17,238.33,2.59,1.71,,,156.84,138.69,2.5,LOW,83,1,2
DYNPRO.NS,SELL,257.25,downtrend,61.16,2.32,231.25,228.09,273.81,12.19,4.74,,,281.64,196.28,2.5,ELEVATED,64,2,1
IL&FSENGG.NS,BUY,30.78,uptrend,62.1,1.03,27.6,26.33,27.49,1.64,5.34,30.16,31.4,27.49,39.0,2.5,ELEVATED,76,3,0
INFINIUM.NS,SELL,213.75,downtrend,48.42,0.39,212.69,208.99,230.56,7.1,3.32,,,227.94,178.27,2.5,NORMAL,70,1,2
FCSSOFT.NS,SELL,1.57,downtrend,31.25,-0.03,1.59,1.58,1.91,0.05,3.46,,,1.68,1.3,2.5,NORMAL,79,1,2
ZIMLAB.NS,SELL,102.29,downtrend,48.56,4.98,99.45,83.39,75.28,6.86,6.71,,,116.01,67.99,2.5,ELEVATED,70,1,2
APCL.NS,SELL,122.81,downtrend,62.37,1.87,116.68,114.18,126.84,5.44,4.43,,,133.69,95.6,2.5,ELEVATED,63,2,1
SUMIT.NS,SELL,42.6,downtrend,25.41,-1.69,46.88,48.27,67.41,2.22,5.21,,,47.04,31.5,2.5,ELEVATED,82,0,3
SHREEKARNI.NS,SELL,413.0,downtrend,39.31,1.3,431.9,407.76,480.41,17.38,4.21,,,447.76,326.11,2.5,ELEVATED,75,0,3
ROSSELLIND.NS,SELL,55.11,downtrend,40.58,0.91,55.88,51.84,55.16,2.94,5.34,,,60.99,40.4,2.5,ELEVATED,74,0,3
BCONCEPTS.NS,SELL,196.42,downtrend,20.7,-11.21,223.98,232.7,291.2,12.41,6.32,,,221.25,134.35,2.5,ELEVATED,84,1,2
VARDMNPOLY.NS,HOLD,6.49,weak_trend,33.8,-0.21,6.64,7.06,7.44,0.29,4.47,,,6.05,7.07,1.33,ELEVATED,40,0,3
INM.NS,SELL,171.5,downtrend,57.72,0.83,169.78,175.06,350.54,7.13,4.16,,,185.76,135.84,2.5,ELEVATED,66,2,1
SYSTANGO.NS,SELL,213.45,downtrend,18.02,-10.97,248.49,252.7,262.01,16.14,7.56,,,245.74,132.73,2.5,ELEVATED,85,1,2
OILCOUNTUB.NS,SELL,55.0,downtrend,35.66,0.45,58.92,51.8,61.82,2.54,4.62,,,60.08,42.29,2.5,ELEVATED,77,0,3
VGL.NS,SELL,67.83,downtrend,60.84,1.96,63.21,60.17,71.09,5.66,8.35,,,79.16,39.51,2.5,ELEVATED,64,1,2
3IINFOLTD.NS,SELL,17.24,downtrend,30.49,0.19,17.5,16.35,17.74,0.52,3.01,,,18.28,14.64,2.5,NORMAL,79,0,3
IITL.NS,SELL,149.36,downtrend,40.67,0.13,161.66,152.73,163.29,10.61,7.1,,,170.58,96.32,2.5,ELEVATED,74,0,3
DCI.NS,HOLD,291.45,weak_trend,56.43,-1.83,283.25,299.25,261.72,14.78,5.07,,,269.28,321.01,1.33,ELEVATED,40,2,1
INSPIRISYS.NS,HOLD,128.51,weak_trend,80.7,11.54,106.63,90.57,91.9,6.58,5.12,,,118.65,141.66,1.33,ELEVATED,40,1,2
WTICAB.NS,HOLD,93.8,weak_trend,41.96,-2.89,96.96,98.75,135.14,6.33,6.75,,,84.31,106.46,1.33,ELEVATED,40,1,2
SHIVAMAUTO.NS,SELL,18.12,downtrend,30.16,-0.17,18.87,17.99,24.11,0.8,4.44,,,19.73,14.1,2.5,ELEVATED,79,0,3
GINNIFILA.NS,HOLD,42.68,weak_trend,45.93,0.76,43.61,40.9,42.07,2.43,5.7,,,39.03,47.54,1.33,ELEVATED,40,0,3
PROV.NS,HOLD,1625.0,weak_trend,75.93,86.5,1487.26,1330.79,1200.52,79.27,4.88,,,1506.09,1783.55,1.33,ELEVATED,40,1,2
MEDICO.NS,HOLD,47.67,weak_trend,78.79,2.05,44.81,41.25,45.53,2.72,5.71,,,43.59,53.11,1.33,ELEVATED,40,1,2
BALAJEE.NS,SELL,29.74,downtrend,24.07,-0.28,31.36,29.81,39.1,1.73,5.81,,,33.19,21.11,2.5,ELEVATED,82,0,3
RCOM.NS,SELL,0.91,downtrend,36.36,-0.01,0.93,0.93,1.17,0.03,2.75,,,0.96,0.78,2.5,NORMAL,76,1,2
BROOKS.NS,HOLD,65.29,weak_trend,77.12,0.28,52.71,56.92,92.64,2.78,4.26,,,61.11,70.86,1.33,ELEVATED,40,0,3
NDGL.NS,SELL,2588.3,downtrend,28.62,-13.34,2652.98,2571.65,3136.16,121.13,4.68,,,2830.56,1982.66,2.5,ELEVATED,80,0,3
LOKESHMACH.NS,HOLD,250.72,weak_trend,36.13,3.22,253.2,239.93,197.75,12.4,4.94,,,232.13,275.51,1.33,ELEVATED,40,0,3
NECLIFE.NS,SELL,12.45,downtrend,22.39,0.04,12.64,11.85,14.46,0.53,4.29,,,13.52,9.78,2.5,ELEVATED,83,0,3
EXXARO.NS,HOLD,6.68,weak_trend,35.71,-0.08,6.71,6.76,7.59,0.27,4.06,,,6.27,7.22,1.33,ELEVATED,40,0,3
BPL.NS,SELL,54.33,downtrend,36.27,0.41,55.81,52.22,63.61,2.34,4.3,,,59.01,42.64,2.5,ELEVATED,76,1,2
TRF.NS,SELL,238.7,downtrend,27.17,-6.0,250.42,249.31,292.09,11.91,4.99,,,262.53,179.13,2.5,ELEVATED,81,0,3
HALEOSLABS.NS,HOLD,1581.3,weak_trend,45.47,61.2,1595.62,1416.04,1276.32,104.88,6.63,,,1423.98,1791.06,1.33,ELEVATED,40,0,3
HARRMALAYA.NS,HOLD,200.69,weak_trend,32.35,0.26,215.6,201.42,189.89,10.6,5.28,,,184.79,221.89,1.33,ELEVATED,40,0,3
MANCREDIT.NS,HOLD,200.39,weak_trend,81.9,3.34,172.35,171.35,173.98,7.1,3.55,,,189.73,214.6,1.33,NORMAL,40,2,1
ASAHISONG.NS,SELL,244.61,downtrend,43.27,3.32,245.29,228.1,254.23,14.62,5.98,,,273.84,171.53,2.5,ELEVATED,73,1,2
GLOBAL.NS,HOLD,100.8,weak_trend,30.24,-0.17,105.7,101.92,84.43,4.79,4.75,,,93.61,110.38,1.33,ELEVATED,40,1,2
URAVIDEF.NS,SELL,119.65,downtrend,22.16,-5.57,125.47,131.77,219.52,7.32,6.12,,,134.29,83.06,2.5,ELEVATED,83,1,2
RACE.NS,SELL,115.36,downtrend,23.67,-1.11,122.37,119.26,160.87,5.76,5.0,,,126.89,86.54,2.5,ELEVATED,83,0,3
EFACTOR.NS,SELL,179.5,downtrend,20.12,-9.95,214.67,211.59,261.89,10.45,5.82,,,200.41,127.23,2.5,ELEVATED,84,0,3
KANORICHEM.NS,HOLD,98.6,weak_trend,54.17,3.8,94.25,80.3,77.81,6.01,6.09,,,89.59,110.62,1.33,ELEVATED,40,1,2
ALANKIT.NS,SELL,8.64,downtrend,35.59,-0.01,8.97,8.63,10.78,0.45,5.21,,,9.54,6.39,2.5,ELEVATED,77,1,2
GEEKAYWIRE.NS,SELL,23.13,downtrend,13.55,-0.47,25.61,24.54,29.9,1.47,6.36,,,26.07,15.77,2.5,ELEVATED,88,1,2
SKP.NS,HOLD,161.7,weak_trend,50.83,4.91,168.68,157.18,187.85,11.18,6.92,,,144.93,184.06,1.33,ELEVATED,40,1,2
CMNL.NS,SELL,126.5,downtrend,48.24,2.03,125.23,115.01,129.67,4.94,3.9,,,136.37,101.82,2.5,NORMAL,70,0,3
VLEGOV.NS,SELL,14.38,downtrend,39.65,-0.0,14.3,13.5,21.31,0.63,4.36,,,15.63,11.25,2.5,ELEVATED,75,0,3
DPWIRES.NS,SELL,185.25,downtrend,51.97,2.16,178.53,168.34,198.35,9.46,5.1,,,204.16,137.97,2.5,ELEVATED,69,1,2
MASON.NS,SELL,117.1,downtrend,34.12,-5.93,129.47,139.1,179.83,4.86,4.15,,,126.83,92.78,2.5,ELEVATED,77,0,3
VIKASECO.NS,SELL,1.3,downtrend,33.33,-0.02,1.34,1.33,1.65,0.05,3.85,,,1.4,1.05,2.5,NORMAL,78,0,3
BHAGYANGR.NS,HOLD,293.2,weak_trend,42.99,13.33,295.22,228.54,155.34,20.76,7.08,,,262.06,334.72,1.33,ELEVATED,40,0,3
KCPSUGIND.NS,SELL,22.92,downtrend,18.96,-0.43,25.23,24.94,27.12,1.0,4.35,,,24.91,17.93,2.5,ELEVATED,85,1,2
MAWANASUG.NS,HOLD,97.47,weak_trend,27.55,-0.85,106.87,99.53,88.8,5.46,5.6,,,89.28,108.39,1.33,ELEVATED,40,0,3
APOLSINHOT.NS,SELL,1239.8,downtrend,59.8,17.29,1152.7,1108.48,1253.74,55.23,4.45,,,1350.26,963.66,2.5,ELEVATED,65,2,1
BYKE.NS,HOLD,35.0,weak_trend,33.47,-0.51,35.87,35.9,53.05,1.79,5.1,,,32.32,38.57,1.33,ELEVATED,40,0,3
SSDL.NS,SELL,61.33,downtrend,37.79,-0.04,61.82,60.05,75.08,2.59,4.23,,,66.52,48.36,2.5,ELEVATED,76,1,2
VARDHACRLC.NS,HOLD,42.08,weak_trend,53.65,1.46,43.0,37.53,39.22,2.08,4.95,,,38.96,46.24,1.33,ELEVATED,40,0,3
SHRADHA.NS,SELL,34.84,downtrend,39.16,-0.55,35.96,35.5,42.8,1.66,4.75,,,38.15,26.56,2.5,ELEVATED,75,0,3
MANOMAY.NS,SELL,177.01,downtrend,23.51,-9.69,184.33,207.85,204.58,8.25,4.66,,,193.51,135.75,2.5,ELEVATED,83,1,2
LYKALABS.NS,SELL,58.3,downtrend,28.83,0.13,60.68,57.44,77.99,3.09,5.31,,,64.49,42.83,2.5,ELEVATED,80,0,3
AVG.NS,SELL,155.4,downtrend,35.91,-1.36,162.64,160.14,184.68,10.0,6.43,,,175.39,105.42,2.5,ELEVATED,77,0,3
AFFORDABLE.NS,HOLD,172.52,weak_trend,45.32,-0.42,170.34,165.94,220.1,7.68,4.45,,,161.0,187.88,1.33,ELEVATED,40,0,3
NIPPOBATRY.NS,SELL,369.2,downtrend,29.74,4.29,378.13,335.52,397.33,22.82,6.18,,,414.84,255.11,2.5,ELEVATED,80,0,3
ATLANTAA.NS,SELL,41.42,downtrend,46.9,0.45,42.23,40.05,42.07,3.14,7.59,,,47.71,25.71,2.5,ELEVATED,71,0,3
FROG.NS,SELL,163.85,downtrend,38.48,-1.4,173.39,161.25,180.61,12.33,7.52,,,188.5,102.23,2.5,ELEVATED,75,1,2
ALMONDZ.NS,SELL,13.63,downtrend,17.64,-0.52,15.36,14.89,16.79,1.06,7.79,,,15.75,8.32,2.5,ELEVATED,86,1,2
SINTERCOM.NS,SELL,74.79,downtrend,42.43,0.03,77.66,76.69,101.31,4.63,6.19,,,84.05,51.63,2.5,ELEVATED,73,0,3
GOLDTECH.NS,SELL,44.99,downtrend,55.54,1.29,41.71,39.95,51.34,3.14,6.97,,,51.26,29.3,2.5,ELEVATED,67,2,1
PPAP.NS,SELL,208.22,downtrend,31.87,0.17,212.43,206.16,219.62,10.83,5.2,,,229.89,154.06,2.5,ELEVATED,79,0,3
HITECHCORP.NS,HOLD,242.18,weak_trend,92.32,18.08,155.44,144.83,169.05,14.55,6.01,,,220.36,271.28,1.33,ELEVATED,40,1,2
NATHBIOGEN.NS,HOLD,175.18,weak_trend,54.94,2.3,171.08,160.25,159.89,7.22,4.12,,,164.34,189.63,1.33,ELEVATED,40,2,1
SHERA.NS,HOLD,166.05,weak_trend,57.62,8.16,165.05,138.06,130.95,10.22,6.16,,,150.72,186.49,1.33,ELEVATED,40,1,2
DIAMINESQ.NS,SELL,244.9,downtrend,35.26,-3.09,263.28,252.7,281.28,16.54,6.75,,,277.99,162.19,2.5,ELEVATED,77,0,3
VIPCLOTHNG.NS,SELL,26.52,downtrend,69.05,1.19,24.66,22.16,29.07,1.57,5.91,,,29.66,18.68,2.5,ELEVATED,60,1,2
TREJHARA.NS,SELL,148.16,downtrend,23.91,-3.9,157.0,158.09,199.82,9.16,6.18,,,166.47,102.38,2.5,ELEVATED,83,0,3
AXITA.NS,SELL,8.21,downtrend,51.15,-0.11,8.01,8.42,8.61,0.33,3.96,,,8.86,6.58,2.5,NORMAL,69,2,1
AUTOIND.NS,HOLD,80.22,weak_trend,53.46,3.8,79.32,68.89,72.19,5.86,7.31,,,71.43,91.94,1.33,ELEVATED,40,1,2
SAAKSHI.NS,HOLD,236.2,weak_trend,31.04,5.24,241.83,212.4,187.36,12.4,5.25,,,217.59,261.01,1.33,ELEVATED,40,1,2
AFIL.NS,BUY,10.07,uptrend,64.16,0.22,9.19,8.9,7.48,0.49,4.82,9.87,10.27,9.1,12.5,2.5,ELEVATED,77,3,0
JAINAM.NS,HOLD,250.1,weak_trend,25.17,10.11,273.51,220.38,247.35,11.37,4.55,,,233.04,272.84,1.33,ELEVATED,40,1,2
A2ZINFRA.NS,SELL,14.53,downtrend,34.75,-0.53,15.47,16.16,16.55,0.75,5.15,,,16.03,10.79,2.5,ELEVATED,77,0,3
SHEMAROO.NS,SELL,103.82,downtrend,50.66,0.77,100.71,98.39,106.28,5.86,5.65,,,115.55,74.51,2.5,ELEVATED,69,1,2
RVHL.NS,SELL,40.49,downtrend,48.14,-0.4,40.4,39.13,47.54,2.5,6.17,,,45.48,28.0,2.5,ELEVATED,70,1,2
SOMATEX.NS,HOLD,106.84,weak_trend,33.45,-0.88,107.82,102.72,104.83,6.56,6.14,,,97.01,119.95,1.33,ELEVATED,40,1,2
PRAMARA.NS,SELL,130.3,downtrend,0.5,-54.19,280.76,322.25,317.77,20.29,15.57,,,170.87,28.87,2.5,ELEVATED,94,0,3
NAGAFERT.NS,SELL,3.7,downtrend,35.0,-0.07,3.84,3.93,4.7,0.16,4.34,,,4.02,2.9,2.5,ELEVATED,77,0,3
GRETEX.NS,HOLD,233.75,weak_trend,14.38,-11.86,267.14,280.31,225.35,6.49,2.78,,,224.01,246.74,1.33,NORMAL,40,0,3
SUPREME.NS,SELL,46.15,downtrend,34.96,-1.38,50.07,51.71,68.85,3.0,6.51,,,52.16,31.13,2.5,ELEVATED,77,0,3
PRIZOR.NS,HOLD,658.75,weak_trend,40.04,24.22,669.75,542.29,363.77,45.81,6.95,,,590.03,750.37,1.33,ELEVATED,40,0,3
PILITA.NS,SELL,8.1,downtrend,28.85,0.01,8.31,7.78,10.5,0.56,6.9,,,9.22,5.3,2.5,ELEVATED,80,0,3
UNIHEALTH.NS,HOLD,431.2,weak_trend,47.4,-3.83,448.7,435.19,287.56,23.79,5.52,,,395.51,478.79,1.33,ELEVATED,40,1,2
BAFNAPH.NS,SELL,131.9,downtrend,49.84,0.89,134.14,127.86,132.12,7.55,5.72,,,146.99,94.17,2.5,ELEVATED,70,0,3
KRISHCA.NS,HOLD,183.45,weak_trend,51.24,2.02,181.43,175.05,192.17,9.64,5.25,,,169.0,202.72,1.33,ELEVATED,40,1,2
GLOBALVECT.NS,SELL,165.78,downtrend,34.61,-2.36,173.78,172.02,192.53,8.52,5.14,,,182.82,123.17,2.5,ELEVATED,77,1,2
GOYALSALT.NS,SELL,112.75,downtrend,28.91,-2.25,117.07,116.69,149.76,4.16,3.69,,,121.07,91.95,2.5,NORMAL,80,0,3
SUNDRMBRAK.NS,HOLD,738.75,weak_trend,65.46,32.15,651.41,602.19,680.78,46.23,6.26,,,669.41,831.21,1.33,ELEVATED,40,2,1
CINELINE.NS,SELL,79.42,downtrend,32.83,-1.69,82.71,84.27,86.13,3.39,4.27,,,86.2,62.47,2.5,ELEVATED,78,0,3
KCEIL.NS,SELL,98.5,downtrend,29.7,-6.47,113.57,118.0,174.07,5.48,5.57,,,109.46,71.09,2.5,ELEVATED,80,0,3
AIRAN.NS,HOLD,17.15,weak_trend,44.84,0.05,16.65,16.3,19.68,0.94,5.49,,,15.74,19.03,1.33,ELEVATED,40,1,2
DJML.NS,BUY,105.18,uptrend,68.99,3.4,97.1,90.08,86.57,4.69,4.46,103.08,107.28,95.8,128.62,2.5,ELEVATED,79,3,0
STARTECK.NS,SELL,261.59,downtrend,60.96,2.06,251.36,247.7,281.9,9.76,3.73,,,281.12,212.77,2.5,NORMAL,64,1,2
DELPHIFX.NS,SELL,10.02,downtrend,20.5,-0.36,11.22,10.98,13.6,0.84,8.34,,,11.69,5.84,2.5,ELEVATED,84,0,3
MODIRUBBER.NS,HOLD,133.73,weak_trend,39.59,0.7,135.54,125.89,120.98,7.14,5.34,,,123.01,148.02,1.33,ELEVATED,40,0,3
ELGIRUBCO.NS,SELL,47.5,downtrend,35.28,0.14,50.45,46.79,52.07,3.32,6.99,,,54.14,30.89,2.5,ELEVATED,77,1,2
SHREYANIND.NS,SELL,145.45,downtrend,7.96,-3.81,160.31,156.67,185.27,6.83,4.7,,,159.12,111.28,2.5,ELEVATED,91,0,3
SAHYADRI.NS,HOLD,277.55,weak_trend,39.05,8.45,299.58,260.77,259.67,17.94,6.46,,,250.64,313.43,1.33,ELEVATED,40,0,3
OSIAHYPER.NS,SELL,3.64,downtrend,20.0,-0.52,4.75,4.85,14.31,0.29,7.97,,,4.22,2.19,2.5,ELEVATED,85,1,2
PODDARMENT.NS,SELL,252.3,downtrend,40.86,0.83,254.96,241.97,258.36,10.85,4.3,,,274.01,198.03,2.5,ELEVATED,74,0,3
UFO.NS,SELL,73.31,downtrend,47.31,0.84,74.11,69.98,74.6,3.21,4.38,,,79.73,57.26,2.5,ELEVATED,71,0,3
DCMNVL.NS,HOLD,151.45,weak_trend,45.04,4.56,153.23,131.1,141.27,7.8,5.15,,,139.75,167.05,1.33,ELEVATED,40,0,3
UCAL.NS,SELL,99.26,downtrend,40.76,-1.24,98.94,97.66,116.38,4.7,4.74,,,108.67,75.74,2.5,ELEVATED,74,1,2
UYFINCORP.NS,BUY,15.15,uptrend,57.73,0.23,14.47,13.9,14.28,0.83,5.49,14.85,15.45,13.49,19.31,2.5,ELEVATED,73,3,0
YASHOPTICS.NS,HOLD,129.0,weak_trend,51.1,3.43,130.55,120.02,121.28,4.52,3.5,,,122.22,138.04,1.33,NORMAL,40,0,3
GSMFOILS.NS,SELL,201.65,downtrend,45.48,-0.9,201.66,199.2,209.41,5.28,2.62,,,212.2,175.27,2.5,NORMAL,72,1,2
INDOUS.NS,SELL,99.8,downtrend,5.69,-1.95,104.45,104.45,126.24,4.33,4.34,,,108.46,78.16,2.5,ELEVATED,92,0,3
VSTL.NS,SELL,116.06,downtrend,20.51,-1.56,123.75,119.7,133.39,4.21,3.63,,,124.48,95.0,2.5,NORMAL,84,0,3
JAYSREETEA.NS,SELL,83.32,downtrend,22.92,-1.24,89.24,86.12,90.11,3.06,3.67,,,89.44,68.02,2.5,NORMAL,83,0,3
UNIVPHOTO.NS,HOLD,420.55,weak_trend,24.23,-2.93,452.73,433.06,308.32,9.2,2.19,,,406.76,438.94,1.33,NORMAL,40,0,3
UNIVASTU.NS,BUY,77.0,uptrend,60.84,1.54,72.18,68.22,71.56,3.56,4.63,75.46,78.54,69.88,94.81,2.5,ELEVATED,75,3,0
KOTYARK.NS,HOLD,417.9,weak_trend,54.64,12.46,428.62,399.32,299.22,19.19,4.59,,,389.11,456.29,1.33,ELEVATED,40,0,3
ZEELEARN.NS,SELL,7.01,downtrend,68.46,0.34,5.92,5.35,7.17,0.4,5.71,,,7.81,5.01,2.5,ELEVATED,60,2,1
TRANSTEEL.NS,SELL,124.7,downtrend,18.22,-3.07,130.46,137.19,136.62,5.5,4.41,,,135.71,97.18,2.5,ELEVATED,85,0,3
NDLVENTURE.NS,BUY,131.71,uptrend,58.95,2.88,123.92,121.29,98.63,6.46,4.91,129.08,134.34,118.79,164.01,2.5,ELEVATED,74,3,0
CCHHL.NS,SELL,13.48,downtrend,36.27,-0.07,13.63,13.11,15.17,0.68,5.07,,,14.85,10.06,2.5,ELEVATED,76,1,2
MEGASTAR.NS,HOLD,281.05,weak_trend,34.6,1.86,299.82,282.46,247.64,17.56,6.25,,,254.71,316.17,1.33,ELEVATED,40,0,3
SURANAT&P.NS,SELL,18.2,downtrend,39.58,-0.06,18.45,18.12,19.53,0.79,4.34,,,19.78,14.25,2.5,ELEVATED,75,0,3
TAKE.NS,HOLD,30.8,weak_trend,42.7,-3.0,31.23,38.33,30.37,1.69,5.49,,,28.26,34.18,1.33,ELEVATED,40,1,2
RVTH.NS,HOLD,791.7,weak_trend,65.54,43.49,687.8,627.71,762.09,54.13,6.84,,,710.51,899.96,1.33,ELEVATED,40,2,1
TTL.NS,SELL,7.39,downtrend,30.06,-0.22,7.65,8.2,9.23,0.43,5.76,,,8.24,5.26,2.5,ELEVATED,79,0,3
RADIOCITY.NS,SELL,6.15,downtrend,49.5,0.04,6.08,5.88,6.91,0.27,4.34,,,6.68,4.81,2.5,ELEVATED,70,0,3
PRITIKAUTO.NS,SELL,13.67,downtrend,39.07,0.17,13.87,13.1,14.66,0.83,6.07,,,15.33,9.52,2.5,ELEVATED,75,0,3
VIRINCHI.NS,HOLD,17.29,weak_trend,48.35,-0.05,17.19,17.2,22.81,0.83,4.81,,,16.04,18.95,1.33,ELEVATED,40,1,2
CHAVDA.NS,SELL,93.5,downtrend,26.52,-1.99,99.31,97.5,105.84,3.66,3.92,,,100.83,75.18,2.5,NORMAL,81,0,3
DUGLOBAL.NS,HOLD,39.3,weak_trend,39.34,-0.78,41.16,38.68,36.35,2.14,5.43,,,36.1,43.57,1.33,ELEVATED,40,0,3
RBS.NS,SELL,97.25,downtrend,43.76,0.16,99.52,91.81,103.6,2.77,2.85,,,102.8,83.38,2.5,NORMAL,73,0,3
MADHAVBAUG.NS,SELL,182.7,downtrend,23.87,-9.9,227.47,210.57,249.61,14.52,7.95,,,211.74,110.11,2.5,ELEVATED,83,0,3
SCPL.NS,HOLD,425.05,weak_trend,39.81,16.83,432.42,363.3,294.12,27.46,6.46,,,383.86,479.96,1.33,ELEVATED,40,0,3
KDL.NS,SELL,136.2,downtrend,33.74,-3.28,146.08,138.95,177.17,8.38,6.15,,,152.96,94.31,2.5,ELEVATED,78,0,3
PRATHAM.NS,SELL,137.3,downtrend,40.58,0.07,138.39,132.64,141.7,6.1,4.44,,,149.49,106.82,2.5,ELEVATED,74,0,3
REPL.NS,SELL,72.29,downtrend,33.0,-1.87,74.76,75.51,114.64,3.85,5.33,,,79.99,53.04,2.5,ELEVATED,78,0,3
IPSL.NS,SELL,200.0,downtrend,30.41,-9.6,215.32,224.07,279.95,8.85,4.42,,,217.7,155.75,2.5,ELEVATED,79,1,2
KAMOPAINTS.NS,SELL,5.21,downtrend,42.68,0.03,5.35,5.09,6.74,0.25,4.84,,,5.71,3.95,2.5,ELEVATED,73,1,2
TCL.NS,BUY,105.55,uptrend,65.45,1.26,96.22,92.68,104.24,4.27,4.05,103.44,107.66,97.01,126.91,2.5,ELEVATED,77,3,0
SUPREMEINF.NS,SELL,83.38,downtrend,44.76,1.51,82.04,75.22,89.12,2.48,2.98,,,88.34,70.98,2.5,NORMAL,72,0,3
STARPAPER.NS,SELL,137.43,downtrend,36.38,-0.64,140.3,137.86,155.09,4.75,3.45,,,146.93,113.69,2.5,NORMAL,76,1,2
NURECA.NS,SELL,281.45,downtrend,40.79,2.8,275.96,259.73,268.05,9.41,3.34,,,300.27,234.4,2.5,NORMAL,74,2,1
FELIX.NS,HOLD,199.3,weak_trend,37.45,-0.46,208.23,195.1,183.88,11.56,5.8,,,181.96,222.41,1.33,ELEVATED,40,1,2
IVC.NS,SELL,7.77,downtrend,44.44,-0.0,7.69,7.41,7.65,0.27,3.42,,,8.3,6.44,2.5,NORMAL,72,2,1
ANLON.NS,HOLD,655.25,weak_trend,71.63,47.47,581.78,463.72,420.16,26.84,4.1,,,615.0,708.92,1.33,ELEVATED,40,2,1
ESCONET.NS,SELL,128.0,downtrend,33.91,-0.23,134.2,125.37,160.32,6.96,5.44,,,141.93,93.18,2.5,ELEVATED,78,1,2
KOTARISUG.NS,SELL,25.51,downtrend,28.5,-0.29,26.33,25.74,27.84,0.99,3.88,,,27.49,20.56,2.5,NORMAL,80,0,3
DUCOL.NS,SELL,109.0,downtrend,40.83,-1.93,114.02,114.45,146.99,5.57,5.11,,,120.14,81.16,2.5,ELEVATED,74,0,3
SADHNANIQ.NS,SELL,2.44,downtrend,28.57,0.04,2.47,2.11,5.58,0.05,2.11,,,2.54,2.18,2.5,NORMAL,80,0,3
GILLANDERS.NS,SELL,92.46,downtrend,25.11,-0.52,95.9,90.27,104.83,5.97,6.46,,,104.41,62.59,2.5,ELEVATED,82,0,3
COASTCORP.NS,SELL,60.25,downtrend,44.25,1.65,59.84,53.42,44.27,3.59,5.96,,,67.43,42.31,2.5,ELEVATED,72,1,2
AHLEAST.NS,HOLD,160.59,weak_trend,43.54,0.92,162.4,159.13,149.61,6.36,3.96,,,151.05,173.31,1.33,NORMAL,40,0,3
SAKHTISUG.NS,SELL,17.48,downtrend,36.17,0.04,18.26,17.15,18.96,0.83,4.73,,,19.13,13.35,2.5,ELEVATED,76,1,2
ZODIACLOTH.NS,SELL,76.01,downtrend,32.22,0.09,77.96,74.02,86.97,3.54,4.66,,,83.09,58.3,2.5,ELEVATED,78,1,2
KMSUGAR.NS,SELL,27.04,downtrend,17.26,-0.37,29.03,27.81,27.19,0.93,3.43,,,28.9,22.4,2.5,NORMAL,86,0,3
DRCSYSTEMS.NS,SELL,14.96,downtrend,47.46,-0.06,15.21,15.04,17.22,0.7,4.7,,,16.37,11.45,2.5,ELEVATED,71,0,3
OMAXAUTO.NS,HOLD,245.95,weak_trend,54.43,26.14,210.7,147.83,123.14,12.67,5.15,,,226.94,271.29,1.33,ELEVATED,40,2,1
INTENTECH.NS,SELL,96.21,downtrend,23.52,-0.56,101.01,97.07,107.9,5.41,5.62,,,107.03,69.15,2.5,ELEVATED,83,0,3
COMMITTED.NS,HOLD,290.0,weak_trend,50.95,5.38,283.61,265.83,230.22,13.79,4.75,,,269.32,317.58,1.33,ELEVATED,40,1,2
PIGL.NS,HOLD,108.3,weak_trend,30.01,-1.75,108.19,108.75,130.63,5.65,5.22,,,99.83,119.6,1.33,ELEVATED,40,1,2
KALYANIFRG.NS,SELL,606.3,downtrend,43.81,4.93,622.08,599.62,647.18,38.71,6.39,,,683.73,412.73,2.5,ELEVATED,73,1,2
MKPL.NS,SELL,5.04,downtrend,41.46,-0.03,5.12,5.07,5.92,0.31,6.22,,,5.67,3.47,2.5,ELEVATED,74,0,3
ARIHANTACA.NS,SELL,450.0,downtrend,27.27,-6.86,454.95,473.08,459.56,5.14,1.14,,,460.29,424.29,2.5,LOW,81,1,2
PONNIERODE.NS,HOLD,302.6,weak_trend,28.8,2.03,308.86,292.9,283.43,11.84,3.91,,,284.85,326.27,1.33,NORMAL,40,0,3
MURUDCERA.NS,SELL,33.39,downtrend,48.82,0.42,33.46,31.68,36.56,1.62,4.85,,,36.63,25.29,2.5,ELEVATED,70,1,2
CPCAP.NS,SELL,92.32,downtrend,42.59,-0.05,94.89,91.08,111.77,3.57,3.87,,,99.46,74.46,2.5,NORMAL,73,0,3
AERONEU.NS,SELL,89.99,downtrend,48.32,2.23,89.0,81.86,82.93,6.71,7.46,,,103.41,56.44,2.5,ELEVATED,70,1,2
GENCON.NS,HOLD,39.68,weak_trend,46.61,-0.68,39.89,41.63,43.98,2.11,5.33,,,36.51,43.91,1.33,ELEVATED,40,1,2
SALSTEEL.NS,HOLD,59.6,weak_trend,58.09,1.44,58.06,50.79,39.19,3.9,6.54,,,53.75,67.4,1.33,ELEVATED,40,2,1
NIRAJ.NS,SELL,28.23,downtrend,14.05,-0.16,30.2,28.21,35.32,1.88,6.68,,,32.0,18.8,2.5,ELEVATED,87,0,3
ATALREAL.NS,HOLD,29.09,weak_trend,55.75,0.99,28.61,25.85,24.05,1.17,4.02,,,27.34,31.43,1.33,ELEVATED,40,1,2
SPCL.NS,SELL,75.0,downtrend,24.32,-1.43,78.24,77.17,90.18,2.73,3.64,,,80.46,61.36,2.5,NORMAL,82,0,3
SHIVATEX.NS,SELL,153.67,downtrend,31.89,1.02,171.71,155.66,171.76,12.49,8.13,,,178.65,91.21,2.5,ELEVATED,79,0,3
CHEMBOND.NS,HOLD,166.4,weak_trend,34.89,4.15,176.97,153.7,161.85,11.23,6.75,,,149.55,188.86,1.33,ELEVATED,40,0,3
SHAH.NS,HOLD,5.04,weak_trend,33.01,-0.03,5.4,5.14,4.52,0.28,5.61,,,4.62,5.61,1.33,ELEVATED,40,1,2
NAVKARURB.NS,SELL,0.97,downtrend,65.71,0.02,0.83,0.83,1.62,0.04,4.42,,,1.06,0.76,2.5,ELEVATED,62,1,2
CORDSCABLE.NS,BUY,239.9,uptrend,59.87,13.83,209.27,179.43,177.77,15.49,6.46,235.1,244.7,208.92,317.34,2.5,ELEVATED,74,3,0
ABAN.NS,HOLD,17.0,weak_trend,39.91,-0.58,17.54,19.57,29.24,0.33,1.95,,,16.5,17.66,1.33,LOW,40,0,3
WORTHPERI.NS,SELL,130.29,downtrend,34.12,-1.16,135.69,133.41,143.39,5.88,4.51,,,142.05,100.88,2.5,ELEVATED,77,0,3
DEVIT.NS,SELL,28.03,downtrend,38.1,-0.34,29.62,29.2,35.32,1.8,6.41,,,31.62,19.04,2.5,ELEVATED,75,1,2
TRIGYN.NS,SELL,57.95,downtrend,38.71,0.94,58.36,53.91,65.88,3.1,5.35,,,64.15,42.45,2.5,ELEVATED,75,0,3
KCK.NS,SELL,13.9,downtrend,34.45,-0.42,14.72,14.75,27.24,0.92,6.63,,,15.74,9.29,2.5,ELEVATED,77,0,3
BALAXI.NS,SELL,26.21,downtrend,30.52,0.09,26.27,23.81,32.22,1.59,6.08,,,29.4,18.24,2.5,ELEVATED,79,1,2
MHLXMIRU.NS,HOLD,179.23,weak_trend,39.74,0.21,179.38,173.89,200.47,9.15,5.11,,,165.5,197.53,1.33,ELEVATED,40,0,3
FIDEL.NS,HOLD,162.8,weak_trend,29.75,1.94,174.95,151.62,153.22,9.25,5.68,,,148.92,181.31,1.33,ELEVATED,40,1,2
SPECTSTM.NS,SELL,66.75,downtrend,62.08,-0.92,58.78,62.52,84.0,2.42,3.62,,,71.59,54.66,2.5,NORMAL,63,2,1
UNITEDTEA.NS,HOLD,513.75,weak_trend,28.73,-4.6,533.41,530.39,483.74,22.77,4.43,,,479.6,559.29,1.33,ELEVATED,40,0,3
PKTEA.NS,HOLD,806.05,weak_trend,38.01,2.49,840.86,811.42,762.99,56.06,6.96,,,721.95,918.18,1.33,ELEVATED,40,0,3
BASML.NS,HOLD,25.32,weak_trend,49.66,0.59,24.63,22.59,25.5,1.34,5.28,,,23.32,27.99,1.33,ELEVATED,40,1,2
KRITIKA.NS,SELL,6.12,downtrend,42.06,-0.0,6.15,5.95,7.33,0.27,4.35,,,6.65,4.79,2.5,ELEVATED,73,0,3
AMJLAND.NS,SELL,37.02,downtrend,27.19,-0.9,39.29,39.46,47.9,2.0,5.4,,,41.02,27.03,2.5,ELEVATED,81,0,3
INDOWIND.NS,SELL,9.73,downtrend,28.86,-0.06,10.15,9.54,13.52,0.38,3.9,,,10.49,7.83,2.5,NORMAL,80,0,3
NEPHROCARE.NS,SELL,76.25,downtrend,30.71,-0.1,81.51,75.97,113.03,4.23,5.55,,,84.71,55.11,2.5,ELEVATED,79,0,3
TEAMGTY.NS,SELL,251.55,downtrend,49.11,-1.63,257.68,258.31,264.4,22.67,9.01,,,296.89,138.21,2.5,ELEVATED,70,0,3
MARALOVER.NS,SELL,56.28,downtrend,47.67,3.05,53.73,46.63,47.25,3.8,6.76,,,63.88,37.27,2.5,ELEVATED,71,1,2
VETO.NS,BUY,124.0,uptrend,68.15,3.26,112.49,104.94,109.71,4.5,3.63,121.52,126.48,115.0,146.49,2.5,NORMAL,79,3,0
PRITIKA.NS,SELL,65.8,downtrend,37.5,1.12,70.14,60.9,74.06,3.36,5.1,,,72.51,49.01,2.5,ELEVATED,76,0,3
GRCL.NS,HOLD,536.0,weak_trend,49.86,31.36,538.46,443.18,397.71,25.93,4.84,,,497.11,587.85,1.33,ELEVATED,40,0,3
PLAZACABLE.NS,HOLD,46.81,weak_trend,21.23,1.23,49.34,41.53,44.62,2.58,5.51,,,42.94,51.97,1.33,ELEVATED,40,0,3
AKIKO.NS,HOLD,242.0,weak_trend,26.1,4.68,270.61,235.83,232.9,15.0,6.2,,,219.51,271.99,1.33,ELEVATED,40,0,3
GOLDSTAR.NS,HOLD,8.1,weak_trend,72.09,0.16,7.15,7.01,7.45,0.18,2.2,,,7.83,8.46,1.33,NORMAL,40,2,1
SETCO.NS,BUY,28.06,uptrend,63.14,0.9,26.14,23.32,17.86,0.5,1.8,27.5,28.62,27.05,30.58,2.5,LOW,76,3,0
LOTUSEYE.NS,SELL,108.57,downtrend,37.08,-1.31,111.55,110.24,113.27,4.98,4.59,,,118.53,83.66,2.5,ELEVATED,76,0,3
RANASUG.NS,SELL,12.74,downtrend,39.24,-0.17,13.23,12.89,13.07,0.62,4.89,,,13.99,9.62,2.5,ELEVATED,75,0,3
WINSOL.NS,SELL,130.45,downtrend,27.35,0.0,138.11,127.27,158.5,5.7,4.37,,,141.85,101.95,2.5,ELEVATED,81,0,3
RAJTV.NS,SELL,17.1,downtrend,7.45,-1.87,21.7,25.97,37.21,1.23,7.19,,,19.56,10.95,2.5,ELEVATED,91,1,2
AKSHARCHEM.NS,SELL,190.41,downtrend,30.85,0.2,202.34,190.48,233.99,9.42,4.94,,,209.24,143.33,2.5,ELEVATED,79,1,2
ANIKINDS.NS,SELL,44.47,downtrend,40.21,0.23,44.72,42.28,58.62,2.59,5.82,,,49.65,31.53,2.5,ELEVATED,74,0,3
IBULLSLTD.NS,HOLD,21.03,weak_trend,51.13,0.97,19.81,15.97,15.96,1.03,4.91,,,19.48,23.1,1.33,ELEVATED,40,1,2
EMMIL.NS,SELL,121.8,downtrend,24.13,-4.35,144.33,142.79,169.01,6.37,5.23,,,134.54,89.96,2.5,ELEVATED,82,1,2
AAREYDRUGS.NS,HOLD,77.99,weak_trend,20.0,-0.25,86.79,77.45,75.76,4.36,5.59,,,71.45,86.71,1.33,ELEVATED,40,0,3
NATCAPSUQ.NS,HOLD,162.62,weak_trend,43.56,0.5,157.53,155.18,183.7,8.63,5.3,,,149.68,179.87,1.33,ELEVATED,40,1,2
PRAXIS.NS,SELL,7.14,downtrend,32.73,-0.06,7.48,7.06,9.5,0.43,6.03,,,8.0,4.99,2.5,ELEVATED,78,0,3
KAVDEFENCE.NS,HOLD,63.7,weak_trend,37.88,0.18,63.96,62.49,79.23,3.34,5.25,,,58.68,70.39,1.33,ELEVATED,40,0,3
DGCONTENT.NS,SELL,26.65,downtrend,19.64,-0.58,28.98,27.6,31.68,2.25,8.43,,,31.14,15.42,2.5,ELEVATED,85,0,3
SADBHAV.NS,SELL,9.65,downtrend,59.12,0.03,9.05,9.05,10.54,0.42,4.32,,,10.48,7.56,2.5,ELEVATED,65,2,1
ASPINWALL.NS,HOLD,241.15,weak_trend,36.91,2.35,234.51,225.12,240.69,10.14,4.2,,,225.94,261.43,1.33,ELEVATED,40,2,1
DRONE.NS,SELL,41.45,downtrend,23.76,-2.41,44.88,46.75,65.18,2.37,5.71,,,46.19,29.61,2.5,ELEVATED,83,0,3
GULFPETRO.NS,BUY,36.45,uptrend,56.15,0.67,33.79,31.74,35.85,1.61,4.41,35.72,37.18,33.24,44.49,2.5,ELEVATED,73,3,0
PROPEQUITY.NS,HOLD,240.0,weak_trend,57.47,12.28,227.17,205.01,192.8,15.66,6.52,,,216.51,271.31,1.33,ELEVATED,40,2,1
JMA.NS,HOLD,88.06,weak_trend,45.87,0.4,87.16,84.91,85.26,4.16,4.72,,,81.82,96.38,1.33,ELEVATED,40,2,1
NECCLTD.NS,SELL,15.41,downtrend,27.09,0.0,15.72,14.9,17.86,0.7,4.57,,,16.82,11.88,2.5,ELEVATED,81,0,3
NITIRAJ.NS,SELL,194.24,downtrend,32.03,-3.66,201.12,206.57,197.27,7.32,3.77,,,208.87,157.65,2.5,NORMAL,78,0,3
ALUWIND.NS,HOLD,49.8,weak_trend,48.14,-1.49,50.66,54.51,70.22,3.22,6.47,,,44.97,56.24,1.33,ELEVATED,40,0,3
EQUIPPP.NS,SELL,17.6,downtrend,61.34,-0.06,15.81,16.18,18.54,0.77,4.39,,,19.14,13.74,2.5,ELEVATED,64,2,1
RHFL.NS,HOLD,2.16,weak_trend,39.39,-0.01,2.18,2.28,3.15,0.12,5.72,,,1.97,2.41,1.33,ELEVATED,40,0,3
INCREDIBLE.NS,SELL,35.52,downtrend,43.07,0.36,35.67,34.34,39.07,2.02,5.67,,,39.55,25.44,2.5,ELEVATED,73,0,3
TIPSFILMS.NS,SELL,363.9,downtrend,41.65,1.93,376.46,352.14,401.64,21.2,5.83,,,406.31,257.88,2.5,ELEVATED,74,1,2
ARCHIDPLY.NS,SELL,79.11,downtrend,28.95,-0.1,83.39,78.2,89.84,4.4,5.57,,,87.92,57.1,2.5,ELEVATED,80,0,3
MADHUSUDAN.NS,HOLD,155.0,weak_trend,46.02,1.77,160.77,152.05,138.64,7.52,4.85,,,143.72,170.04,1.33,ELEVATED,40,0,3
CENTEXT.NS,SELL,19.81,downtrend,29.0,-0.15,20.57,20.11,22.86,0.84,4.25,,,21.49,15.6,2.5,ELEVATED,80,1,2
EMMBI.NS,HOLD,83.32,weak_trend,51.55,0.17,83.81,81.26,94.98,3.87,4.65,,,77.51,91.07,1.33,ELEVATED,40,0,3
KEYFINSERV.NS,SELL,274.85,downtrend,32.59,-1.63,276.52,270.81,280.13,15.86,5.77,,,306.58,195.53,2.5,ELEVATED,78,1,2
ESSENTIA.NS,SELL,1.65,downtrend,44.17,0.07,1.56,1.39,1.59,0.1,6.34,,,1.86,1.13,2.5,ELEVATED,72,2,1
TAINWALCHM.NS,HOLD,197.75,weak_trend,41.32,0.8,203.42,194.91,197.7,8.38,4.24,,,185.18,214.51,1.33,ELEVATED,40,1,2
ENFUSE.NS,SELL,173.3,downtrend,38.38,-2.14,190.41,186.37,206.73,9.97,5.76,,,193.25,123.43,2.5,ELEVATED,75,1,2
ARVEE.NS,SELL,165.23,downtrend,47.41,-0.0,163.64,158.09,168.41,9.93,6.01,,,185.1,115.56,2.5,ELEVATED,71,0,3
SIKKO.NS,SELL,4.14,downtrend,15.49,-0.14,4.44,4.57,4.58,0.14,3.5,,,4.43,3.41,2.5,NORMAL,87,0,3
DENEERS.NS,HOLD,203.45,weak_trend,48.48,13.52,212.31,178.58,184.98,15.29,7.52,,,180.51,234.04,1.33,ELEVATED,40,1,2
PRLIND.NS,SELL,63.45,downtrend,41.18,-0.49,62.61,60.31,72.79,1.74,2.75,,,66.94,54.74,2.5,NORMAL,74,1,2
EXCEL.NS,HOLD,0.9,weak_trend,44.9,-0.02,0.92,0.98,1.27,0.07,8.02,,,0.79,1.04,1.33,ELEVATED,40,1,2
ALPA.NS,HOLD,71.42,weak_trend,51.98,1.01,69.3,65.48,77.84,3.12,4.36,,,66.75,77.65,1.33,ELEVATED,40,1,2
KESORAMIND.NS,HOLD,12.51,weak_trend,54.62,0.66,12.13,10.55,8.13,0.74,5.88,,,11.41,13.98,1.33,ELEVATED,40,1,2
DTIL.NS,SELL,133.28,downtrend,28.89,-0.87,140.49,134.82,158.05,8.35,6.27,,,149.98,91.53,2.5,ELEVATED,80,0,3
AVROIND.NS,HOLD,10.84,weak_trend,38.4,-0.39,11.11,11.82,13.01,0.96,8.9,,,9.39,12.77,1.33,ELEVATED,40,1,2
PURVFLEXI.NS,SELL,54.15,downtrend,23.4,-0.78,61.34,55.77,76.46,2.41,4.45,,,58.96,42.11,2.5,ELEVATED,83,1,2
BEWLTD.NS,SELL,66.05,downtrend,26.83,-5.62,74.95,80.12,115.36,4.48,6.78,,,75.01,43.66,2.5,ELEVATED,81,0,3
IEML.NS,SELL,38.0,downtrend,16.1,-9.22,65.36,72.04,100.15,5.69,14.97,,,49.38,9.55,2.5,ELEVATED,86,1,2
BRNL.NS,SELL,20.35,downtrend,31.97,-0.08,20.64,20.1,21.31,1.0,4.92,,,22.35,15.35,2.5,ELEVATED,79,0,3
TUNWAL.NS,SELL,30.0,downtrend,32.83,-0.21,33.11,31.98,31.92,1.57,5.23,,,33.14,22.16,2.5,ELEVATED,78,1,2
MANAKALUCO.NS,SELL,36.31,downtrend,48.7,0.93,35.08,30.94,31.06,2.33,6.42,,,40.97,24.66,2.5,ELEVATED,70,1,2
DCM.NS,SELL,87.04,downtrend,58.96,3.44,83.89,73.77,87.55,4.9,5.63,,,96.84,62.54,2.5,ELEVATED,65,2,1
CPS.NS,BUY,1035.0,uptrend,68.65,2.67,981.38,987.81,962.7,29.56,2.86,1014.3,1055.7,975.89,1182.79,2.5,NORMAL,79,3,0
AARTECH.NS,HOLD,42.05,weak_trend,47.42,-0.83,43.5,44.84,50.18,3.03,7.19,,,37.51,48.1,1.33,ELEVATED,40,0,3
SHRITECH.NS,HOLD,66.15,weak_trend,49.88,2.28,68.31,62.92,65.25,2.99,4.52,,,61.66,72.14,1.33,ELEVATED,40,1,2
LAL.NS,HOLD,7.09,weak_trend,45.38,-0.05,7.1,7.1,8.89,0.4,5.61,,,6.49,7.89,1.33,ELEVATED,40,1,2
SONAMLTD.NS,HOLD,57.43,weak_trend,72.15,1.39,52.94,53.32,46.54,3.19,5.56,,,52.64,63.81,1.33,ELEVATED,40,2,1
VISHWARAJ.NS,HOLD,5.68,weak_trend,44.29,-0.03,5.59,5.47,6.91,0.32,5.57,,,5.21,6.31,1.33,ELEVATED,40,0,3
VIVIMEDLAB.NS,HOLD,6.72,weak_trend,45.81,-0.08,6.61,6.62,7.0,0.41,6.14,,,6.1,7.55,1.33,ELEVATED,40,1,2
PRAENG.NS,SELL,22.14,downtrend,40.35,-0.14,22.21,21.61,24.51,1.45,6.54,,,25.04,14.9,2.5,ELEVATED,74,0,3
INDTERRAIN.NS,HOLD,31.97,weak_trend,49.78,0.32,31.54,30.85,34.01,1.64,5.12,,,29.52,35.24,1.33,ELEVATED,40,1,2
KORE.NS,SELL,127.5,downtrend,35.6,-0.88,133.9,120.2,140.5,4.67,3.67,,,136.85,104.13,2.5,NORMAL,77,0,3
LANCORHOL.NS,HOLD,24.58,weak_trend,53.7,0.14,24.37,23.31,24.48,1.24,5.06,,,22.72,27.07,1.33,ELEVATED,40,2,1
AARVI.NS,HOLD,129.99,weak_trend,52.35,1.11,126.98,127.77,125.1,5.6,4.31,,,121.59,141.19,1.33,ELEVATED,40,2,1
VASWANI.NS,SELL,56.63,downtrend,48.68,-0.41,55.62,55.05,56.63,2.55,4.51,,,61.74,43.87,2.5,ELEVATED,70,2,1
SUPERHOUSE.NS,HOLD,155.34,weak_trend,54.56,0.89,152.47,148.54,154.39,5.77,3.71,,,146.69,166.88,1.33,NORMAL,40,2,1
RSSOFTWARE.NS,SELL,32.02,downtrend,34.8,-0.85,34.01,32.9,50.35,1.76,5.49,,,35.53,23.23,2.5,ELEVATED,77,0,3
DYNAMIC.NS,BUY,143.0,uptrend,69.42,2.77,127.27,121.87,123.73,9.06,6.33,140.14,145.86,124.89,188.29,2.5,ELEVATED,79,3,0
CORALFINAC.NS,SELL,32.15,downtrend,32.46,-0.33,33.21,32.47,38.17,1.69,5.25,,,35.53,23.71,2.5,ELEVATED,78,1,2
CANARYS.NS,SELL,21.55,downtrend,65.9,0.02,19.58,19.87,26.83,1.15,5.32,,,23.84,15.82,2.5,ELEVATED,62,2,1
IVP.NS,HOLD,174.72,weak_trend,67.84,8.81,160.72,144.65,152.67,10.25,5.87,,,159.34,195.23,1.33,ELEVATED,40,2,1
BSL.NS,SELL,131.41,downtrend,52.18,1.15,125.93,122.29,149.62,6.54,4.98,,,144.49,98.72,2.5,ELEVATED,68,1,2
QMSMEDI.NS,SELL,87.4,downtrend,41.67,0.07,86.0,82.5,89.45,2.08,2.38,,,91.56,77.01,2.5,NORMAL,74,1,2
EMKAYTOOLS.NS,SELL,100.3,downtrend,34.12,-1.44,103.47,103.56,126.14,5.45,5.44,,,111.21,73.03,2.5,ELEVATED,77,1,2
RUCHINFRA.NS,HOLD,6.29,weak_trend,50.5,0.04,6.36,5.98,6.61,0.35,5.48,,,5.77,6.98,1.33,ELEVATED,40,0,3
TBI.NS,SELL,67.1,downtrend,52.47,-0.94,65.85,66.54,79.98,2.81,4.19,,,72.72,53.05,2.5,ELEVATED,68,1,2
CROWN.NS,SELL,112.59,downtrend,13.01,-4.67,129.52,125.6,136.99,8.25,7.33,,,129.09,71.33,2.5,ELEVATED,88,0,3
GAYAPROJ.NS,SELL,18.72,downtrend,46.57,0.17,18.28,17.04,12.63,1.01,5.42,,,20.75,13.64,2.5,ELEVATED,71,2,1
ENSER.NS,HOLD,16.05,weak_trend,50.0,0.19,15.74,14.55,17.0,0.38,2.36,,,15.48,16.81,1.33,NORMAL,40,1,2
WEIZMANIND.NS,SELL,81.6,downtrend,22.16,-0.09,84.63,80.89,95.52,3.18,3.9,,,87.97,65.68,2.5,NORMAL,83,1,2
SOMICONVEY.NS,SELL,101.48,downtrend,24.14,-1.52,108.99,106.18,124.49,5.74,5.66,,,112.97,72.77,2.5,ELEVATED,82,0,3
MAITREYA.NS,SELL,163.8,downtrend,32.92,-3.69,174.47,177.4,219.2,8.28,5.05,,,180.36,122.41,2.5,ELEVATED,78,0,3
USK.NS,SELL,23.63,downtrend,52.74,-0.28,22.59,22.72,26.08,1.07,4.53,,,25.77,18.28,2.5,ELEVATED,68,2,1
MAHESHWARI.NS,HOLD,55.45,weak_trend,56.22,1.66,53.66,49.27,51.12,1.99,3.58,,,52.47,59.42,1.33,NORMAL,40,1,2
VR.NS,SELL,131.9,downtrend,30.14,-5.09,141.23,145.91,169.36,3.75,2.84,,,139.4,113.15,2.5,NORMAL,79,1,2
MODTHREAD.NS,SELL,45.36,downtrend,44.34,-0.68,45.36,46.19,46.44,2.86,6.31,,,51.08,31.06,2.5,ELEVATED,72,0,3
RKEC.NS,SELL,31.87,downtrend,29.8,-1.2,33.49,34.82,52.51,2.09,6.55,,,36.05,21.43,2.5,ELEVATED,80,1,2
DUCON.NS,SELL,3.54,downtrend,57.28,0.05,3.31,3.23,4.08,0.18,5.13,,,3.9,2.63,2.5,ELEVATED,66,2,1
SIGIND.NS,SELL,50.75,downtrend,45.26,0.28,50.21,48.62,51.75,2.27,4.47,,,55.28,39.41,2.5,ELEVATED,72,0,3
DOLLEX.NS,SELL,31.45,downtrend,50.94,0.13,31.26,30.76,37.12,0.75,2.38,,,32.95,27.7,2.5,NORMAL,69,1,2
IBLFL.NS,HOLD,60.0,weak_trend,38.77,0.99,61.7,54.63,59.87,1.34,2.24,,,57.99,62.69,1.33,NORMAL,40,1,2
HINDCON.NS,SELL,22.44,downtrend,40.19,0.14,23.22,21.73,26.62,1.56,6.95,,,25.56,14.64,2.5,ELEVATED,74,1,2
XELPMOC.NS,SELL,102.86,downtrend,61.51,-0.07,101.13,99.67,114.88,6.41,6.23,,,115.68,70.82,2.5,ELEVATED,64,1,2
TEXMOPIPES.NS,SELL,43.72,downtrend,38.91,-0.11,45.79,43.87,49.7,2.11,4.83,,,47.95,33.16,2.5,ELEVATED,75,1,2
WOMANCART.NS,HOLD,110.75,weak_trend,44.64,-10.35,121.05,150.56,224.35,8.81,7.96,,,97.53,128.37,1.33,ELEVATED,40,0,3
KHFM.NS,SELL,59.95,downtrend,62.58,1.6,55.95,55.3,67.09,3.3,5.5,,,66.54,43.47,2.5,ELEVATED,63,1,2
UMIYA-MRO.NS,SELL,82.8,downtrend,16.2,-0.41,85.33,83.1,86.21,3.02,3.64,,,88.84,67.71,2.5,NORMAL,86,0,3
MAGNUM.NS,SELL,19.62,downtrend,34.8,-0.28,20.51,20.33,22.65,1.16,5.89,,,21.93,13.84,2.5,ELEVATED,77,0,3
SHREEOSFM.NS,SELL,53.75,downtrend,23.18,-5.24,64.43,71.61,89.91,4.03,7.49,,,61.8,33.62,2.5,ELEVATED,83,0,3
ISFT.NS,SELL,85.01,downtrend,62.66,2.94,80.45,73.71,87.95,4.55,5.35,,,94.1,62.27,2.5,ELEVATED,63,1,2
AIROLAM.NS,SELL,81.24,downtrend,28.46,-0.84,84.67,84.88,97.69,3.04,3.74,,,87.32,66.04,2.5,NORMAL,80,1,2
MUKTAARTS.NS,BUY,64.87,uptrend,64.12,3.31,58.26,51.01,61.28,4.15,6.4,63.57,66.17,56.57,85.62,2.5,ELEVATED,77,3,0
GLOBALPET.NS,HOLD,164.75,weak_trend,79.85,10.9,136.55,115.44,125.68,6.79,4.12,,,154.57,178.33,1.33,ELEVATED,40,2,1
USASEEDS.NS,SELL,95.0,downtrend,21.82,-1.93,104.23,102.7,156.8,1.77,1.86,,,98.54,86.14,2.5,LOW,84,1,2
INDIANCARD.NS,SELL,228.87,downtrend,65.93,5.79,210.3,198.65,235.66,10.51,4.59,,,249.9,176.3,2.5,ELEVATED,62,2,1
MDL.NS,SELL,55.5,downtrend,61.05,0.59,50.2,51.79,71.36,2.51,4.52,,,60.51,42.96,2.5,ELEVATED,64,1,2
ALPHAGEO.NS,SELL,221.18,downtrend,49.81,1.82,224.95,213.76,227.19,11.85,5.36,,,244.87,161.95,2.5,ELEVATED,70,0,3
GVPTECH.NS,SELL,6.76,downtrend,52.91,-0.05,6.73,6.64,8.36,0.39,5.76,,,7.54,4.81,2.5,ELEVATED,68,1,2
BHARATGEAR.NS,HOLD,119.41,weak_trend,49.44,2.72,113.02,105.89,106.76,5.23,4.38,,,111.56,129.87,1.33,ELEVATED,40,2,1
KREBSBIO.NS,BUY,65.16,uptrend,59.76,1.59,59.84,56.63,64.89,2.71,4.15,63.86,66.46,59.75,78.69,2.5,ELEVATED,74,3,0
INDBANK.NS,SELL,32.95,downtrend,33.93,-0.11,33.95,33.19,35.14,1.02,3.09,,,34.99,27.85,2.5,NORMAL,78,1,2
RPPL.NS,SELL,16.91,downtrend,32.41,0.04,16.73,16.19,18.45,1.0,5.91,,,18.91,11.91,2.5,ELEVATED,78,1,2
UMAEXPORTS.NS,SELL,25.93,downtrend,50.25,-0.02,25.15,24.73,36.91,1.25,4.83,,,28.44,19.66,2.5,ELEVATED,69,2,1
SHEETAL.NS,BUY,296.3,uptrend,66.04,10.81,277.77,256.82,187.09,14.55,4.91,290.37,302.23,267.19,369.07,2.5,ELEVATED,78,3,0
SADHAV.NS,HOLD,115.75,weak_trend,48.0,0.41,113.42,109.53,107.62,8.08,6.98,,,103.63,131.91,1.33,ELEVATED,40,1,2
HECPROJECT.NS,SELL,125.51,downtrend,50.89,0.61,125.45,122.81,129.57,9.1,7.25,,,143.71,80.0,2.5,ELEVATED,69,1,2
HPIL.NS,HOLD,131.8,weak_trend,35.6,0.19,133.66,128.48,131.57,4.83,3.66,,,124.56,141.45,1.33,NORMAL,40,1,2
SLONE.NS,SELL,168.95,downtrend,40.44,-7.29,181.84,189.65,248.28,5.06,3.0,,,179.08,143.63,2.5,NORMAL,74,0,3
GANGESSECU.NS,SELL,122.97,downtrend,35.94,-0.36,126.16,121.15,138.53,6.13,4.98,,,135.22,92.34,2.5,ELEVATED,77,0,3
SURANASOL.NS,SELL,27.34,downtrend,46.58,0.37,26.97,24.94,27.78,1.39,5.1,,,30.13,20.37,2.5,ELEVATED,71,0,3
QUESTLAB.NS,HOLD,116.95,weak_trend,37.97,-2.14,121.64,117.17,103.36,5.98,5.11,,,107.99,128.9,1.33,ELEVATED,40,0,3
INVENTURE.NS,SELL,0.96,downtrend,31.25,-0.01,0.99,0.99,1.23,0.02,2.6,,,1.01,0.84,2.5,NORMAL,79,0,3
STEELCITY.NS,SELL,78.69,downtrend,30.17,-1.08,80.37,80.71,90.42,2.46,3.13,,,83.62,66.37,2.5,NORMAL,79,0,3
BTML.NS,SELL,6.06,downtrend,45.61,-0.02,6.46,6.4,7.8,0.41,6.73,,,6.88,4.02,2.5,ELEVATED,72,1,2
ZEAL.NS,SELL,70.9,downtrend,52.04,-1.12,69.89,71.31,93.27,2.02,2.85,,,74.94,60.81,2.5,NORMAL,68,1,2
VEEKAYEM.NS,HOLD,140.0,weak_trend,48.02,0.91,135.94,131.91,195.81,6.09,4.35,,,130.86,152.19,1.33,ELEVATED,40,1,2
COMPUSOFT.NS,SELL,13.6,downtrend,34.21,-0.13,13.76,13.65,16.23,0.54,3.95,,,14.67,10.91,2.5,NORMAL,77,0,3
SHYAMCENT.NS,SELL,5.01,downtrend,19.84,-0.09,5.33,5.0,6.07,0.37,7.33,,,5.74,3.17,2.5,ELEVATED,85,0,3
LAGNAM.NS,HOLD,77.51,weak_trend,34.91,0.77,82.38,73.98,76.92,3.89,5.02,,,71.68,85.28,1.33,ELEVATED,40,0,3
SAMBHAAV.NS,SELL,6.89,downtrend,42.86,0.08,6.94,6.58,7.62,0.36,5.19,,,7.61,5.1,2.5,ELEVATED,73,0,3
SILGO.NS,HOLD,82.48,weak_trend,55.35,1.38,77.82,75.75,70.86,4.88,5.92,,,75.16,92.24,1.33,ELEVATED,40,2,1
MASTER.NS,HOLD,340.3,weak_trend,13.08,3.01,344.02,327.59,339.22,3.8,1.12,,,334.6,347.9,1.33,LOW,40,0,3
MAL.NS,SELL,38.75,downtrend,46.15,-0.34,39.04,37.39,48.0,0.9,2.32,,,40.55,34.25,2.5,NORMAL,71,0,3
SMLT.NS,HOLD,73.58,weak_trend,49.71,1.03,73.1,70.0,87.08,3.65,4.96,,,68.1,80.88,1.33,ELEVATED,40,0,3
AUSOMENT.NS,HOLD,136.16,weak_trend,36.73,2.19,140.23,122.19,111.92,8.99,6.6,,,122.68,154.13,1.33,ELEVATED,40,0,3
GTL.NS,SELL,7.51,downtrend,36.48,0.08,7.54,7.11,8.09,0.34,4.57,,,8.2,5.79,2.5,ELEVATED,76,1,2
VISAMAN.NS,SELL,113.25,downtrend,0.0,-1.17,114.29,114.47,116.99,0.16,0.15,,,113.58,112.43,2.5,LOW,95,1,2
GREENCHEF.NS,HOLD,61.5,weak_trend,62.4,2.63,54.93,51.01,56.19,2.48,4.04,,,57.78,66.46,1.33,ELEVATED,40,2,1
BAIDFIN.NS,SELL,10.33,downtrend,33.16,-0.23,10.93,10.86,10.94,0.63,6.13,,,11.6,7.17,2.5,ELEVATED,78,0,3
SMARTLINK.NS,HOLD,160.52,weak_trend,56.07,6.84,155.52,136.69,135.7,11.77,7.33,,,142.86,184.06,1.33,ELEVATED,40,1,2
MAHAPEXLTD.NS,HOLD,48.49,weak_trend,32.86,-1.69,50.72,52.4,86.03,2.97,6.13,,,44.03,54.44,1.33,ELEVATED,40,0,3
SADBHIN.NS,SELL,2.78,downtrend,48.31,-0.03,2.76,2.72,3.5,0.14,5.22,,,3.07,2.06,2.5,ELEVATED,70,1,2
SEMAC.NS,SELL,303.95,downtrend,49.03,7.33,327.76,289.92,355.46,20.7,6.81,,,345.35,200.45,2.5,ELEVATED,70,0,3
REXPIPES.NS,HOLD,183.4,weak_trend,27.15,-4.02,193.96,195.51,167.08,5.5,3.0,,,175.16,194.39,1.33,NORMAL,40,0,3
SOTAC.NS,HOLD,111.0,weak_trend,94.64,-0.14,110.19,111.02,119.47,0.4,0.36,,,110.4,111.8,1.33,LOW,40,0,3
VITAL.NS,SELL,54.7,downtrend,29.15,-0.57,58.14,54.44,55.51,2.69,4.93,,,60.09,41.23,2.5,ELEVATED,80,0,3
TRU.NS,SELL,5.98,downtrend,31.97,-0.06,6.2,6.03,8.39,0.25,4.17,,,6.48,4.73,2.5,ELEVATED,79,0,3
JOCIL.NS,BUY,147.5,uptrend,59.34,5.09,137.35,123.61,141.2,8.65,5.86,144.55,150.45,130.2,190.75,2.5,ELEVATED,74,3,0
URBAN.NS,SELL,132.5,downtrend,30.1,-2.59,142.96,138.74,150.3,6.73,5.08,,,145.96,98.86,2.5,ELEVATED,79,0,3
SYLVANPLY.NS,SELL,54.0,downtrend,32.53,-0.85,55.25,53.7,59.68,0.68,1.26,,,55.36,50.61,2.5,LOW,78,0,3
TRUST.NS,SELL,29.8,downtrend,27.45,-1.34,36.68,36.5,47.71,2.96,9.92,,,35.71,15.01,2.5,ELEVATED,81,1,2
MCL.NS,BUY,62.88,uptrend,55.72,0.18,61.31,61.08,58.51,2.17,3.44,61.62,64.14,58.55,73.71,2.5,NORMAL,72,3,0
WIPL.NS,SELL,152.5,downtrend,40.94,-2.06,150.83,151.98,155.8,7.0,4.59,,,166.5,117.51,2.5,ELEVATED,74,1,2
BALPHARMA.NS,BUY,90.12,uptrend,60.05,4.02,81.96,75.88,78.06,5.58,6.19,88.32,91.92,78.96,118.01,2.5,ELEVATED,75,3,0
VIPULLTD.NS,HOLD,8.81,weak_trend,38.67,-0.37,9.06,9.97,10.15,0.45,5.13,,,8.13,9.71,1.33,ELEVATED,40,1,2
SALONA.NS,HOLD,277.7,weak_trend,33.6,0.03,279.8,276.14,261.61,14.6,5.26,,,255.8,306.9,1.33,ELEVATED,40,0,3
LAMBODHARA.NS,SELL,100.82,downtrend,31.68,-0.77,105.66,101.73,117.77,4.6,4.56,,,110.02,77.82,2.5,ELEVATED,79,1,2
LOVABLE.NS,SELL,73.48,downtrend,45.92,0.02,72.69,70.04,81.46,2.69,3.67,,,78.87,60.01,2.5,NORMAL,72,0,3
ISHANCH.NS,SELL,61.36,downtrend,47.9,0.74,62.45,59.09,62.85,3.97,6.47,,,69.3,41.51,2.5,ELEVATED,71,1,2
SHIGAN.NS,HOLD,80.05,weak_trend,62.64,3.97,79.08,65.98,63.77,3.43,4.28,,,74.91,86.91,1.33,ELEVATED,40,1,2
SURANI.NS,HOLD,120.2,weak_trend,27.56,1.95,132.51,117.54,85.05,4.35,3.62,,,113.67,128.9,1.33,NORMAL,40,0,3
HDIL.NS,SELL,1.93,downtrend,29.03,-0.05,2.0,2.07,2.53,0.09,4.44,,,2.1,1.5,2.5,ELEVATED,80,0,3
LOYALTEX.NS,SELL,221.0,downtrend,34.96,3.07,225.35,209.28,241.83,2.91,1.31,,,226.81,206.47,2.5,LOW,77,1,2
RAJSREESUG.NS,SELL,35.63,downtrend,47.63,0.8,34.83,31.91,34.89,1.75,4.91,,,39.13,26.89,2.5,ELEVATED,71,1,2
OSWALSEEDS.NS,SELL,11.0,downtrend,22.7,-0.27,12.07,11.93,13.88,0.74,6.69,,,12.47,7.32,2.5,ELEVATED,83,0,3
BAGFILMS.NS,SELL,5.05,downtrend,42.74,-0.01,5.05,4.89,5.94,0.27,5.36,,,5.59,3.7,2.5,ELEVATED,73,0,3
SHAHALLOYS.NS,SELL,70.44,downtrend,41.63,0.75,70.09,66.58,67.37,4.01,5.7,,,78.47,50.37,2.5,ELEVATED,74,1,2
SECMARK.NS,HOLD,125.49,weak_trend,38.95,0.5,129.09,119.95,118.84,7.44,5.93,,,114.33,140.37,1.33,ELEVATED,40,0,3
ZENITHEXPO.NS,SELL,195.79,downtrend,43.65,-2.42,206.62,202.91,224.32,7.35,3.75,,,210.48,159.06,2.5,NORMAL,73,0,3
CUBEXTUB.NS,SELL,88.72,downtrend,36.42,-1.74,95.6,92.01,95.88,5.72,6.45,,,100.16,60.11,2.5,ELEVATED,76,0,3
LATTEYS.NS,HOLD,23.15,weak_trend,54.95,0.58,23.54,21.54,22.3,2.09,9.04,,,20.01,27.33,1.33,ELEVATED,40,0,3
DELAPLEX.NS,SELL,104.25,downtrend,22.63,1.36,123.88,110.46,127.67,6.68,6.41,,,117.61,70.84,2.5,ELEVATED,83,1,2
SAMPANN.NS,HOLD,26.74,weak_trend,36.24,-0.51,27.2,28.22,31.2,1.21,4.51,,,24.93,29.15,1.33,ELEVATED,40,0,3
ARTNIRMAN.NS,SELL,42.54,downtrend,60.87,0.11,41.16,40.44,46.15,2.05,4.83,,,46.65,32.27,2.5,ELEVATED,64,1,2
SSFL.NS,HOLD,163.15,weak_trend,81.47,11.77,116.73,116.12,133.65,10.89,6.67,,,146.82,184.92,1.33,ELEVATED,40,1,2
GENSOL.NS,SELL,18.87,downtrend,0.0,-0.97,20.41,21.46,29.16,0.14,0.77,,,19.16,18.15,2.5,LOW,95,0,3
TARMAT.NS,HOLD,51.76,weak_trend,38.16,-0.43,52.0,52.96,53.13,1.84,3.55,,,49.0,55.44,1.33,NORMAL,40,0,3
SIDDHIKA.NS,SELL,209.2,downtrend,39.41,-2.35,228.08,219.66,209.2,11.34,5.42,,,231.87,152.52,2.5,ELEVATED,75,1,2
FIBERWEB.NS,SELL,28.09,downtrend,10.23,-2.33,33.41,35.23,39.68,1.53,5.46,,,31.16,20.43,2.5,ELEVATED,89,1,2
SCML.NS,SELL,75.9,downtrend,12.02,-14.59,121.59,131.73,123.55,7.98,10.51,,,91.86,36.01,2.5,ELEVATED,88,0,3
OMFURN.NS,SELL,59.3,downtrend,30.61,0.39,61.53,55.2,83.31,1.05,1.77,,,61.4,54.05,2.5,LOW,79,0,3
NEWJAISA.NS,SELL,20.8,downtrend,29.27,-0.43,23.67,22.64,28.35,0.94,4.5,,,22.67,16.12,2.5,ELEVATED,80,1,2
DCG.NS,HOLD,66.7,weak_trend,40.22,0.87,68.13,62.72,65.16,3.89,5.83,,,60.87,74.47,1.33,ELEVATED,40,1,2
RAJMET.NS,SELL,3.88,downtrend,30.43,-0.0,3.95,3.8,4.16,0.13,3.42,,,4.15,3.22,2.5,NORMAL,79,0,3
MAXPOSURE.NS,SELL,33.9,downtrend,30.66,-0.7,38.34,38.16,45.97,1.68,4.96,,,37.26,25.49,2.5,ELEVATED,79,1,2
PAR.NS,HOLD,89.09,weak_trend,41.38,-0.45,89.92,89.28,96.27,4.95,5.55,,,81.67,98.99,1.33,ELEVATED,40,0,3
BEARDSELL.NS,SELL,27.95,downtrend,58.44,-0.08,25.63,25.01,28.95,1.54,5.51,,,31.03,20.25,2.5,ELEVATED,65,2,1
RELIABLE.NS,HOLD,137.5,weak_trend,58.71,1.98,131.94,126.35,133.85,7.45,5.42,,,126.32,152.41,1.33,ELEVATED,40,2,1
AKSHOPTFBR.NS,SELL,6.1,downtrend,13.02,0.04,6.47,5.69,6.44,0.13,2.12,,,6.36,5.45,2.5,NORMAL,88,0,3
MOKSH.NS,SELL,11.82,downtrend,18.84,-0.05,12.74,11.59,13.44,0.58,4.92,,,12.98,8.91,2.5,ELEVATED,85,0,3
BEACON.NS,HOLD,85.0,weak_trend,7.7,-0.94,99.65,89.8,78.46,5.96,7.01,,,76.06,96.92,1.33,ELEVATED,40,0,3
CRAYONS.NS,SELL,38.0,downtrend,56.99,0.33,33.86,33.8,42.42,1.74,4.58,,,41.48,29.3,2.5,ELEVATED,66,1,2
DTL.NS,HOLD,135.0,weak_trend,61.02,5.64,128.68,114.79,133.49,8.0,5.92,,,123.01,150.99,1.33,ELEVATED,40,1,2
GROBTEA.NS,SELL,896.45,downtrend,42.44,-4.45,908.18,896.95,981.36,29.96,3.34,,,956.38,746.63,2.5,NORMAL,73,0,3
REGENCERAM.NS,SELL,41.45,downtrend,36.88,-0.8,43.45,43.19,45.24,2.86,6.9,,,47.17,27.15,2.5,ELEVATED,76,0,3
SURYALAXMI.NS,SELL,59.5,downtrend,46.35,0.45,59.58,56.24,59.56,3.54,5.94,,,66.57,41.82,2.5,ELEVATED,71,0,3
MAHICKRA.NS,HOLD,240.0,weak_trend,50.63,2.32,236.69,225.34,175.5,4.61,1.92,,,233.08,249.22,1.33,LOW,40,1,2
RELCHEMQ.NS,SELL,125.34,downtrend,50.96,1.3,121.38,118.2,138.16,6.49,5.18,,,138.33,92.88,2.5,ELEVATED,69,1,2
KOHINOOR.NS,SELL,25.52,downtrend,40.16,-0.01,25.31,24.44,28.28,1.1,4.3,,,27.72,20.03,2.5,ELEVATED,74,1,2
HILTON.NS,SELL,22.11,downtrend,34.43,-0.21,22.36,21.76,35.4,1.03,4.64,,,24.16,16.98,2.5,ELEVATED,77,0,3
PALASHSECU.NS,HOLD,100.0,weak_trend,56.61,0.96,97.51,93.54,106.0,5.01,5.01,,,92.49,110.01,1.33,ELEVATED,40,0,3
TOTAL.NS,SELL,53.44,downtrend,37.67,-0.63,55.89,54.37,66.28,3.0,5.62,,,59.45,38.43,2.5,ELEVATED,76,0,3
ASCOM.NS,HOLD,248.8,weak_trend,49.52,-1.09,255.04,250.14,156.77,10.04,4.04,,,233.74,268.89,1.33,ELEVATED,40,0,3
OLIL.NS,HOLD,440.0,weak_trend,43.64,22.96,451.43,371.8,309.33,17.2,3.91,,,414.2,474.4,1.33,NORMAL,40,0,3
VAISHALI.NS,SELL,7.05,downtrend,34.33,-0.05,7.19,6.86,9.01,0.35,4.96,,,7.75,5.3,2.5,ELEVATED,77,1,2
SIL.NS,HOLD,16.22,weak_trend,49.36,0.28,15.91,14.99,16.18,1.12,6.89,,,14.54,18.46,1.33,ELEVATED,40,1,2
OBCL.NS,SELL,51.99,downtrend,28.08,-0.82,54.49,55.35,55.51,1.98,3.81,,,55.95,42.08,2.5,NORMAL,80,0,3
ROCKINGDCE.NS,HOLD,220.0,weak_trend,57.89,6.23,204.84,184.41,204.18,11.96,5.44,,,202.06,243.92,1.33,ELEVATED,40,2,1
TOKYOPLAST.NS,HOLD,88.01,weak_trend,53.45,0.05,86.75,82.02,105.74,3.12,3.55,,,83.32,94.26,1.33,NORMAL,40,0,3
REFRACTORY.NS,SELL,31.95,downtrend,24.33,-1.38,38.65,37.84,46.79,1.78,5.56,,,35.5,23.07,2.5,ELEVATED,82,0,3
DIGIDRIVE.NS,SELL,19.04,downtrend,23.74,-0.78,21.68,21.29,25.89,1.14,5.98,,,21.32,13.34,2.5,ELEVATED,83,0,3
BHANDARI.NS,SELL,3.2,downtrend,37.6,0.0,3.33,3.09,3.98,0.22,6.85,,,3.64,2.1,2.5,ELEVATED,76,0,3
ODIGMA.NS,SELL,23.49,downtrend,18.68,-0.51,26.51,25.87,31.95,1.52,6.47,,,26.53,15.89,2.5,ELEVATED,85,1,2
KAKATCEM.NS,SELL,126.41,downtrend,37.89,0.31,127.01,117.49,130.42,5.64,4.46,,,137.69,98.2,2.5,ELEVATED,76,1,2
KLL.NS,HOLD,40.1,weak_trend,50.12,-0.81,39.13,39.6,50.04,2.35,5.86,,,36.57,44.8,1.33,ELEVATED,40,0,3
MITCON.NS,SELL,83.88,downtrend,49.61,1.61,80.88,71.72,67.61,4.24,5.05,,,92.36,62.68,2.5,ELEVATED,70,2,1
TOUCHWOOD.NS,SELL,70.24,downtrend,27.85,-1.09,73.0,72.0,92.22,3.06,4.36,,,76.37,54.92,2.5,ELEVATED,81,0,3
AAATECH.NS,HOLD,94.09,weak_trend,37.93,-1.16,96.3,96.08,93.92,4.53,4.81,,,87.3,103.14,1.33,ELEVATED,40,0,3
SPLIL.NS,HOLD,32.28,weak_trend,45.4,0.08,31.13,29.48,34.21,1.79,5.56,,,29.59,35.87,1.33,ELEVATED,40,1,2
HOLMARC.NS,HOLD,103.45,weak_trend,51.88,2.76,100.63,88.36,101.4,2.93,2.83,,,99.05,109.31,1.33,NORMAL,40,2,1
HOACFOODS.NS,HOLD,587.0,weak_trend,68.36,38.07,498.79,436.53,329.74,29.43,5.01,,,542.86,645.85,1.33,ELEVATED,40,2,1
ZENITHSTL.NS,SELL,6.13,downtrend,44.51,0.01,6.11,5.85,6.86,0.31,5.06,,,6.75,4.58,2.5,ELEVATED,72,1,2
NAMAN.NS,SELL,47.5,downtrend,41.82,-1.85,52.83,52.79,68.56,3.5,7.37,,,54.5,30.0,2.5,ELEVATED,74,0,3
PIONEEREMB.NS,SELL,26.11,downtrend,43.97,0.08,26.4,25.37,30.25,1.39,5.31,,,28.88,19.17,2.5,ELEVATED,73,0,3
ZENITHDRUG.NS,SELL,47.95,downtrend,69.13,0.64,41.34,41.44,53.52,2.17,4.52,,,52.29,37.11,2.5,ELEVATED,60,2,1
GLOBE.NS,SELL,2.38,downtrend,38.1,-0.03,2.45,2.43,2.5,0.12,5.22,,,2.63,1.76,2.5,ELEVATED,75,0,3
DHRUV.NS,HOLD,31.39,weak_trend,49.88,-0.67,31.57,32.46,44.12,1.71,5.45,,,28.82,34.81,1.33,ELEVATED,40,0,3
SONUINFRA.NS,SELL,46.6,downtrend,23.56,-2.39,53.93,52.2,80.77,2.02,4.34,,,50.64,36.49,2.5,ELEVATED,83,1,2
SELMC.NS,SELL,29.79,downtrend,38.62,-0.38,30.2,30.48,31.02,1.81,6.09,,,33.42,20.72,2.5,ELEVATED,75,1,2
MAGSON.NS,HOLD,168.0,weak_trend,30.0,0.77,178.76,170.29,133.1,4.29,2.55,,,161.57,176.57,1.33,NORMAL,40,1,2
KEL.NS,HOLD,87.05,weak_trend,52.57,2.15,89.52,83.85,94.64,4.6,5.28,,,80.15,96.25,1.33,ELEVATED,40,1,2
CAPTRUST.NS,SELL,13.84,downtrend,53.01,0.31,13.56,12.89,22.13,0.64,4.63,,,15.12,10.63,2.5,ELEVATED,68,2,1
ATAM.NS,SELL,71.17,downtrend,31.87,0.94,74.13,66.71,79.34,4.18,5.88,,,79.53,50.26,2.5,ELEVATED,79,0,3
PARAGON.NS,BUY,51.8,uptrend,61.45,2.07,46.3,43.16,47.63,3.2,6.17,50.76,52.84,45.41,67.78,2.5,ELEVATED,75,3,0
LPDC.NS,SELL,6.82,downtrend,37.59,-0.06,7.15,6.88,7.19,0.43,6.37,,,7.69,4.65,2.5,ELEVATED,76,0,3
ROXHITECH.NS,HOLD,38.25,weak_trend,70.26,0.24,34.71,33.7,40.52,1.22,3.18,,,36.42,40.69,1.33,NORMAL,40,1,2
DIGJAMLMTD.NS,SELL,45.41,downtrend,38.69,0.12,46.53,44.82,48.59,2.66,5.85,,,50.72,32.13,2.5,ELEVATED,75,0,3
NIRMAN.NS,SELL,48.8,downtrend,36.54,-0.55,50.43,49.26,87.2,2.49,5.11,,,53.79,36.34,2.5,ELEVATED,76,1,2
PATINTLOG.NS,HOLD,13.98,weak_trend,75.8,0.55,12.19,11.09,12.96,0.77,5.47,,,12.83,15.51,1.33,ELEVATED,40,1,2
GOYALALUM.NS,SELL,6.72,downtrend,32.11,-0.03,6.88,6.65,7.11,0.33,4.94,,,7.38,5.06,2.5,ELEVATED,78,0,3
MANGALAM.NS,SELL,28.76,downtrend,37.3,-0.2,29.89,29.69,46.29,1.28,4.45,,,31.32,22.36,2.5,ELEVATED,76,0,3
IL&FSTRANS.NS,SELL,2.25,downtrend,30.12,-0.02,2.35,2.28,2.74,0.15,6.57,,,2.55,1.51,2.5,ELEVATED,79,0,3
ACCURACY.NS,HOLD,5.49,weak_trend,55.91,0.17,5.44,4.96,5.79,0.28,5.11,,,5.07,6.05,1.33,ELEVATED,40,0,3
PRUDMOULI.NS,SELL,15.21,downtrend,31.47,-0.24,15.91,15.24,23.25,0.98,6.42,,,17.16,10.32,2.5,ELEVATED,79,0,3
AMBEY.NS,SELL,25.0,downtrend,30.27,-0.8,28.2,26.22,34.87,1.1,4.4,,,27.2,19.5,2.5,ELEVATED,79,0,3
DIGIKORE.NS,SELL,57.2,downtrend,37.44,-3.71,66.39,69.95,94.73,7.6,13.29,,,72.41,19.18,2.5,ELEVATED,76,1,2
AMDIND.NS,SELL,46.11,downtrend,33.63,0.58,46.23,42.89,48.6,2.03,4.4,,,50.17,35.96,2.5,ELEVATED,78,0,3
SILKFLEX.NS,HOLD,174.95,weak_trend,21.89,2.72,203.93,166.94,112.7,6.71,3.84,,,164.88,188.37,1.33,NORMAL,40,0,3
BVCL.NS,SELL,43.16,downtrend,36.27,0.01,43.59,41.42,44.54,2.35,5.44,,,47.86,31.41,2.5,ELEVATED,76,0,3
CINEVISTA.NS,SELL,15.4,downtrend,48.72,0.06,15.71,15.34,16.44,0.91,5.91,,,17.22,10.85,2.5,ELEVATED,70,0,3
MOTOGENFIN.NS,HOLD,27.27,weak_trend,70.61,0.95,24.83,23.46,24.19,2.09,7.66,,,24.14,31.45,1.33,ELEVATED,40,2,1
HISARMETAL.NS,SELL,147.6,downtrend,39.55,-0.84,151.87,149.03,168.21,5.38,3.64,,,158.35,120.73,2.5,NORMAL,75,0,3
JHS.NS,SELL,9.03,downtrend,51.69,0.04,8.76,8.52,10.3,0.49,5.38,,,10.0,6.6,2.5,ELEVATED,69,1,2
PRITI.NS,SELL,43.51,downtrend,40.92,-0.15,44.47,42.7,58.21,2.06,4.74,,,47.64,33.19,2.5,ELEVATED,74,1,2
ENERGYDEV.NS,SELL,16.44,downtrend,32.95,0.08,16.92,16.17,18.58,0.83,5.02,,,18.09,12.31,2.5,ELEVATED,78,1,2
AAKASH.NS,HOLD,8.86,weak_trend,82.61,0.16,8.61,8.46,8.98,0.36,4.11,,,8.31,9.59,1.33,ELEVATED,40,0,3
KANDARP.NS,BUY,152.5,uptrend,51.42,1.53,150.72,143.96,129.92,7.88,5.16,149.45,155.55,136.75,191.88,2.5,ELEVATED,70,3,0
EFORCE.NS,SELL,23.5,downtrend,32.11,-0.69,24.69,24.33,33.36,0.94,3.98,,,25.37,18.82,2.5,NORMAL,78,1,2
FONEBOX.NS,HOLD,89.25,weak_trend,76.36,7.0,73.44,69.19,85.54,5.09,5.7,,,81.62,99.43,1.33,ELEVATED,40,2,1
ORCHASP.NS,HOLD,1.96,weak_trend,39.47,-0.02,2.02,2.05,2.66,0.09,4.74,,,1.82,2.15,1.33,ELEVATED,40,1,2
SONAMAC.NS,HOLD,37.75,weak_trend,45.39,-0.62,37.46,37.75,52.91,1.44,3.81,,,35.59,40.63,1.33,NORMAL,40,1,2
TGL.NS,HOLD,22.35,weak_trend,36.84,-2.04,23.24,28.11,54.38,0.74,3.32,,,21.24,23.84,1.33,NORMAL,40,1,2
CLSL.NS,HOLD,43.25,weak_trend,45.71,-0.3,43.39,44.06,50.68,0.78,1.8,,,42.08,44.81,1.33,LOW,40,0,3
AISL.NS,SELL,54.1,downtrend,33.08,-0.74,57.83,58.96,78.06,1.59,2.93,,,57.27,46.17,2.5,NORMAL,78,0,3
PRAKASHSTL.NS,HOLD,4.53,weak_trend,48.89,-0.02,4.48,4.45,4.85,0.19,4.26,,,4.24,4.92,1.33,ELEVATED,40,1,2
CURAA.NS,HOLD,86.67,weak_trend,42.19,-2.6,91.06,101.19,147.14,5.53,6.38,,,78.38,97.72,1.33,ELEVATED,40,0,3
SUNDARAM.NS,SELL,1.37,downtrend,26.67,-0.0,1.39,1.36,1.69,0.07,5.11,,,1.51,1.02,2.5,ELEVATED,81,0,3
DBSTOCKBRO.NS,HOLD,33.57,weak_trend,73.12,1.37,28.76,27.23,25.85,1.78,5.31,,,30.89,37.14,1.33,ELEVATED,40,2,1
MHHL.NS,SELL,39.0,downtrend,33.05,-0.34,40.54,39.59,43.65,1.06,2.71,,,41.11,33.71,2.5,NORMAL,78,0,3
KONSTELEC.NS,SELL,47.5,downtrend,54.55,0.73,41.89,38.6,49.85,2.05,4.32,,,51.6,37.25,2.5,ELEVATED,67,2,1
SANGANI.NS,SELL,48.45,downtrend,16.58,0.24,52.33,47.63,56.66,0.89,1.84,,,50.24,43.99,2.5,LOW,86,1,2
VIAZ.NS,HOLD,62.95,weak_trend,54.02,0.06,62.96,62.25,70.42,1.69,2.68,,,60.42,66.33,1.33,NORMAL,40,1,2
ALKALI.NS,HOLD,86.81,weak_trend,75.41,4.32,69.36,63.92,77.29,4.93,5.68,,,79.41,96.67,1.33,ELEVATED,40,2,1
PARTYCRUS.NS,HOLD,99.95,weak_trend,54.48,3.44,100.28,91.29,81.66,5.6,5.6,,,91.55,111.15,1.33,ELEVATED,40,0,3
BAWEJA.NS,SELL,29.6,downtrend,42.62,-0.58,31.38,30.78,39.46,1.5,5.08,,,32.61,22.08,2.5,ELEVATED,73,0,3
AKI.NS,SELL,4.92,downtrend,40.16,-0.04,4.97,4.87,7.01,0.37,7.46,,,5.65,3.08,2.5,ELEVATED,74,0,3
AJOONI.NS,HOLD,4.15,weak_trend,39.73,-0.02,4.22,4.2,4.66,0.1,2.32,,,4.01,4.34,1.33,NORMAL,40,1,2
ANMOL.NS,SELL,11.58,downtrend,40.22,-0.06,11.68,11.36,13.55,0.46,3.97,,,12.5,9.28,2.5,NORMAL,74,0,3
BANKA.NS,HOLD,88.75,weak_trend,63.81,3.99,83.95,69.53,73.76,1.71,1.92,,,86.19,92.16,1.33,LOW,40,2,1
NAGREEKEXP.NS,BUY,28.55,uptrend,53.48,0.48,26.88,24.94,26.8,1.71,5.98,27.98,29.12,25.13,37.09,2.5,ELEVATED,71,3,0
DELTAMAGNT.NS,SELL,61.92,downtrend,40.05,0.29,61.69,58.84,69.76,4.18,6.74,,,70.27,41.04,2.5,ELEVATED,74,1,2
MEGAFLEX.NS,HOLD,133.6,weak_trend,0.0,-3.73,140.74,146.74,103.66,1.03,0.77,,,132.06,135.66,1.33,LOW,40,0,3
CEREBRAINT.NS,SELL,3.47,downtrend,28.88,-0.3,3.75,4.16,6.26,0.23,6.53,,,3.92,2.34,2.5,ELEVATED,80,0,3
CTE.NS,HOLD,32.61,weak_trend,50.21,0.44,32.14,29.22,37.71,1.54,4.71,,,30.3,35.68,1.33,ELEVATED,40,1,2
SUVIDHAA.NS,SELL,2.65,downtrend,29.58,-0.06,2.87,2.86,3.48,0.15,5.74,,,2.95,1.89,2.5,ELEVATED,80,1,2
ORIENTLTD.NS,SELL,62.0,downtrend,33.33,-0.61,64.09,62.32,74.39,2.87,4.63,,,67.75,47.64,2.5,ELEVATED,78,1,2
ARISTO.NS,SELL,109.8,downtrend,24.15,1.55,116.72,101.51,112.62,1.69,1.54,,,113.17,101.37,2.5,LOW,82,0,3
SRIVASAVI.NS,SELL,54.0,downtrend,34.15,-0.3,56.12,53.25,54.37,1.55,2.86,,,57.09,46.27,2.5,NORMAL,77,0,3
NARMADA.NS,HOLD,37.22,weak_trend,51.49,0.71,36.25,34.4,27.54,1.62,4.34,,,34.8,40.45,1.33,ELEVATED,40,2,1
ONDOOR.NS,HOLD,173.45,weak_trend,43.15,4.11,174.38,159.54,143.66,9.3,5.36,,,159.5,192.05,1.33,ELEVATED,40,1,2
PULZ.NS,HOLD,24.45,weak_trend,46.36,-0.52,24.02,24.98,31.5,0.58,2.37,,,23.58,25.61,1.33,NORMAL,40,0,3
TFL.NS,HOLD,12.37,weak_trend,47.61,0.02,12.32,12.37,13.98,0.85,6.87,,,11.1,14.07,1.33,ELEVATED,40,1,2
AGRITECH.NS,SELL,106.88,downtrend,33.78,-1.38,109.42,109.81,129.49,4.24,3.96,,,115.35,85.7,2.5,NORMAL,78,0,3
ARABIAN.NS,HOLD,69.0,weak_trend,37.23,-0.23,70.18,70.36,72.13,1.94,2.81,,,66.1,72.87,1.33,NORMAL,40,1,2
BLBLIMITED.NS,BUY,17.01,uptrend,52.33,-0.12,16.38,16.63,15.85,0.61,3.6,16.67,17.35,15.79,20.07,2.5,NORMAL,71,3,0
BLUECOAST.NS,HOLD,32.42,weak_trend,53.61,1.32,31.54,26.67,39.73,2.07,6.4,,,29.31,36.57,1.33,ELEVATED,40,0,3
BANARBEADS.NS,SELL,107.39,downtrend,35.14,-0.39,112.87,110.56,119.95,5.78,5.39,,,118.96,78.47,2.5,ELEVATED,77,0,3
AGROPHOS.NS,SELL,33.09,downtrend,54.73,0.19,31.28,31.34,37.14,1.83,5.53,,,36.75,23.94,2.5,ELEVATED,67,1,2
DAMODARIND.NS,HOLD,31.9,weak_trend,56.97,0.88,30.47,27.21,30.37,1.99,6.24,,,28.92,35.88,1.33,ELEVATED,40,2,1
K2INFRA.NS,SELL,52.5,downtrend,36.08,0.67,55.49,52.0,59.74,3.66,6.97,,,59.82,34.2,2.5,ELEVATED,76,0,3
NOIDATOLL.NS,HOLD,5.86,weak_trend,68.42,0.7,5.01,4.11,4.13,0.49,8.41,,,5.12,6.85,1.33,ELEVATED,40,2,1
3PLAND.NS,SELL,31.24,downtrend,28.06,-0.85,33.08,33.36,38.31,2.14,6.85,,,35.52,20.54,2.5,ELEVATED,80,0,3
AMEYA.NS,HOLD,105.05,weak_trend,28.24,-0.15,115.09,108.3,102.03,4.26,4.05,,,98.66,113.56,1.33,ELEVATED,40,0,3
SECURKLOUD.NS,SELL,20.82,downtrend,30.85,-0.59,22.16,22.39,22.91,1.46,7.02,,,23.74,13.51,2.5,ELEVATED,79,0,3
ROML.NS,HOLD,46.1,weak_trend,51.55,0.54,45.71,44.02,47.4,2.11,4.58,,,42.93,50.32,1.33,ELEVATED,40,0,3
PARASPETRO.NS,SELL,2.02,downtrend,25.64,-0.05,2.12,2.24,2.2,0.13,6.58,,,2.29,1.36,2.5,ELEVATED,82,1,2
MARCO.NS,SELL,35.95,downtrend,42.82,-0.63,38.12,37.03,37.66,2.13,5.91,,,40.2,25.32,2.5,ELEVATED,73,0,3
AHLADA.NS,SELL,39.37,downtrend,19.3,-1.29,42.34,42.18,50.95,2.4,6.09,,,44.16,27.39,2.5,ELEVATED,85,0,3
HOMESFY.NS,HOLD,106.25,weak_trend,37.4,-6.17,115.13,127.62,183.53,3.37,3.17,,,101.19,112.99,1.33,NORMAL,40,1,2
TPHQ.NS,SELL,0.52,downtrend,30.77,-0.01,0.54,0.53,0.61,0.03,5.49,,,0.58,0.38,2.5,ELEVATED,79,1,2
ATLASCYCLE.NS,SELL,99.29,downtrend,42.48,0.38,100.21,95.74,103.71,4.04,4.07,,,107.37,79.1,2.5,ELEVATED,73,0,3
SHEKHAWATI.NS,SELL,15.53,downtrend,56.93,0.32,14.93,13.53,17.66,0.83,5.34,,,17.19,11.38,2.5,ELEVATED,66,2,1
ORIENTALTL.NS,SELL,6.46,downtrend,29.1,-0.1,6.65,6.44,8.19,0.26,4.01,,,6.98,5.16,2.5,ELEVATED,80,0,3
FMNL.NS,HOLD,10.73,weak_trend,55.49,0.47,10.4,9.11,10.01,0.87,8.13,,,9.42,12.47,1.33,ELEVATED,40,1,2
SAIFL.NS,SELL,5.45,downtrend,19.1,-1.06,6.89,8.79,14.2,0.51,9.37,,,6.47,2.9,2.5,ELEVATED,85,0,3
SYNOPTICS.NS,SELL,46.15,downtrend,32.77,-1.89,53.88,51.8,67.99,2.15,4.65,,,50.44,35.42,2.5,ELEVATED,78,0,3
ASLIND.NS,HOLD,147.3,weak_trend,99.71,10.35,135.13,107.75,93.29,2.29,1.56,,,143.86,151.89,1.33,LOW,40,2,1
NORBTEAEXP.NS,HOLD,77.57,weak_trend,52.04,1.56,77.3,79.64,70.29,5.02,6.48,,,70.04,87.62,1.33,ELEVATED,40,2,1
BANG.NS,SELL,38.43,downtrend,40.25,0.07,38.39,36.43,45.99,2.14,5.57,,,42.71,27.73,2.5,ELEVATED,74,0,3
BIRDYS.NS,SELL,123.65,downtrend,47.34,-0.68,129.19,123.45,124.31,2.79,2.25,,,129.22,109.72,2.5,NORMAL,71,0,3
FLEXITUFF.NS,SELL,6.89,downtrend,46.82,-0.03,7.01,6.74,14.44,0.42,6.11,,,7.73,4.79,2.5,ELEVATED,71,0,3
LRRPL.NS,HOLD,85.5,weak_trend,62.41,4.06,83.18,77.03,76.45,3.49,4.08,,,80.27,92.47,1.33,ELEVATED,40,2,1
ANSALAPI.NS,SELL,3.94,downtrend,45.54,0.1,4.13,3.66,3.94,0.08,2.14,,,4.11,3.52,2.5,NORMAL,72,0,3
GATECH.NS,SELL,0.53,downtrend,30.77,0.01,0.52,0.49,0.55,0.03,5.39,,,0.59,0.39,2.5,ELEVATED,79,0,3
BALKRISHNA.NS,SELL,18.33,downtrend,37.11,0.29,18.61,17.38,19.37,0.9,4.9,,,20.13,13.84,2.5,ELEVATED,76,1,2
SWASTIK.NS,SELL,22.2,downtrend,0.0,0.37,23.0,20.23,24.65,0.1,0.43,,,22.39,21.72,2.5,LOW,95,0,3
NIBL.NS,SELL,29.74,downtrend,32.42,-0.09,31.12,30.17,29.9,2.25,7.55,,,34.23,18.51,2.5,ELEVATED,78,0,3
JAIPURKURT.NS,HOLD,32.13,weak_trend,47.5,0.27,31.65,30.41,34.27,1.73,5.4,,,29.53,35.6,1.33,ELEVATED,40,0,3
VERTEXPLUS.NS,SELL,69.5,downtrend,0.0,-3.94,75.91,84.33,107.55,0.54,0.77,,,70.57,66.82,2.5,LOW,95,2,1
CELEBRITY.NS,SELL,7.91,downtrend,43.58,0.0,7.82,7.52,9.36,0.4,5.0,,,8.7,5.93,2.5,ELEVATED,73,1,2
GRAPHISAD.NS,SELL,33.1,downtrend,35.56,-0.57,34.91,34.64,37.43,1.24,3.75,,,35.59,26.89,2.5,NORMAL,77,0,3
RILINFRA.NS,BUY,35.4,uptrend,56.54,-0.01,33.19,34.19,35.14,1.44,4.06,34.69,36.11,32.53,42.58,2.5,ELEVATED,73,3,0
DURLAX.NS,HOLD,59.9,weak_trend,68.88,3.27,54.5,51.03,43.31,2.55,4.26,,,56.07,65.01,1.33,ELEVATED,40,2,1
JETFREIGHT.NS,BUY,22.91,uptrend,69.41,0.63,20.64,19.31,16.46,1.42,6.19,22.45,23.37,20.07,30.0,2.5,ELEVATED,79,3,0
SERVICE.NS,HOLD,51.0,weak_trend,40.41,-0.95,52.1,53.09,49.7,0.94,1.85,,,49.59,52.89,1.33,LOW,40,0,3
GSS.NS,SELL,13.49,downtrend,43.57,-0.03,13.76,13.29,18.96,0.67,4.99,,,14.84,10.13,2.5,ELEVATED,73,1,2
BIOFILCHEM.NS,SELL,35.09,downtrend,54.26,0.39,33.28,32.29,36.29,2.15,6.12,,,39.39,24.35,2.5,ELEVATED,67,1,2
DHANLAXMI.NS,SELL,29.6,downtrend,36.62,0.62,32.87,29.25,33.87,2.14,7.23,,,33.88,18.9,2.5,ELEVATED,76,1,2
ARCHIES.NS,SELL,15.04,downtrend,45.15,0.05,15.02,14.33,17.36,0.86,5.74,,,16.77,10.73,2.5,ELEVATED,72,0,3
GAYAHWS.NS,SELL,2.28,downtrend,34.92,-0.01,2.34,2.29,2.69,0.13,5.8,,,2.54,1.62,2.5,ELEVATED,77,0,3
DANGEE.NS,SELL,3.35,downtrend,39.42,-0.03,3.38,3.28,3.68,0.2,5.84,,,3.74,2.37,2.5,ELEVATED,75,1,2
KARMAENG.NS,SELL,45.73,downtrend,25.32,-0.44,48.73,45.21,49.48,2.39,5.23,,,50.51,33.78,2.5,ELEVATED,82,0,3
TNTELE.NS,SELL,9.39,downtrend,50.44,-0.12,9.33,9.47,11.03,0.56,5.92,,,10.5,6.61,2.5,ELEVATED,69,1,2
MALUPAPER.NS,SELL,32.61,downtrend,36.24,-0.01,32.72,32.25,35.2,1.2,3.69,,,35.02,26.59,2.5,NORMAL,76,1,2
BLUEPEBBLE.NS,SELL,94.25,downtrend,29.74,-7.45,106.93,117.92,140.16,7.37,7.82,,,108.99,57.39,2.5,ELEVATED,80,0,3
RKDL.NS,SELL,21.22,downtrend,41.53,0.09,21.36,20.64,23.44,1.11,5.22,,,23.44,15.68,2.5,ELEVATED,74,0,3
ICDSLTD.NS,SELL,43.26,downtrend,36.0,-0.5,45.46,45.28,45.84,2.14,4.95,,,47.54,32.56,2.5,ELEVATED,76,1,2
PALREDTEC.NS,HOLD,47.35,weak_trend,75.01,2.63,40.82,36.07,43.77,2.62,5.54,,,43.41,52.6,1.33,ELEVATED,40,1,2
AGSTRA.NS,SELL,2.24,downtrend,0.0,-0.14,2.41,2.66,3.89,0.02,0.73,,,2.27,2.16,2.5,LOW,95,0,3
MANUGRAPH.NS,SELL,15.3,downtrend,57.53,0.5,14.54,13.56,17.26,1.08,7.07,,,17.46,9.89,2.5,ELEVATED,66,1,2
LFIC.NS,SELL,145.38,downtrend,44.19,1.23,143.57,135.81,169.27,8.05,5.54,,,161.48,105.13,2.5,ELEVATED,72,0,3
GOLDENTOBC.NS,SELL,25.46,downtrend,40.0,-0.19,26.63,26.1,31.21,1.67,6.57,,,28.81,17.1,2.5,ELEVATED,75,0,3
SECL.NS,SELL,3.15,downtrend,0.0,-0.1,3.34,3.49,4.57,0.02,0.68,,,3.19,3.04,2.5,LOW,95,0,3
PRESSTONIC.NS,SELL,32.3,downtrend,9.95,-2.07,38.12,37.53,60.13,1.81,5.61,,,35.92,23.25,2.5,ELEVATED,90,0,3
CADSYS.NS,SELL,70.45,downtrend,42.03,3.17,69.62,58.37,55.98,1.24,1.75,,,72.92,64.27,2.5,LOW,73,1,2
VINNY.NS,SELL,1.05,downtrend,19.05,-0.02,1.14,1.13,1.22,0.07,6.26,,,1.18,0.72,2.5,ELEVATED,85,0,3
SHIVAMILLS.NS,HOLD,65.0,weak_trend,41.29,2.04,65.25,58.4,62.3,3.73,5.74,,,59.41,72.46,1.33,ELEVATED,40,0,3
UWCSL.NS,SELL,97.8,downtrend,68.92,0.88,95.06,94.71,104.54,1.98,2.02,,,101.76,87.91,2.5,NORMAL,60,1,2
LEXUS.NS,HOLD,17.77,weak_trend,33.47,-0.82,18.81,21.76,27.41,1.14,6.44,,,16.05,20.06,1.33,ELEVATED,40,1,2
BABAFP.NS,HOLD,27.8,weak_trend,54.49,0.15,26.85,25.53,30.95,0.93,3.34,,,26.41,29.66,1.33,NORMAL,40,0,3
HBSL.NS,SELL,55.33,downtrend,18.5,-0.41,60.7,56.62,69.79,3.34,6.03,,,62.0,38.65,2.5,ELEVATED,85,0,3
BMETRICS.NS,SELL,37.0,downtrend,37.05,-0.82,39.25,40.32,43.51,1.18,3.19,,,39.36,31.11,2.5,NORMAL,76,0,3
ADROITINFO.NS,SELL,9.02,downtrend,30.48,-0.21,9.41,9.38,10.16,0.67,7.4,,,10.36,5.68,2.5,ELEVATED,79,0,3
AUROIMPEX.NS,SELL,31.15,downtrend,47.01,-0.45,31.83,31.15,38.93,0.93,2.99,,,33.01,26.49,2.5,NORMAL,71,1,2
TARAPUR.NS,SELL,20.79,downtrend,38.04,-0.87,22.66,23.92,27.75,1.43,6.87,,,23.65,13.65,2.5,ELEVATED,75,0,3
RCDL.NS,HOLD,26.6,weak_trend,62.15,0.95,23.49,23.03,23.49,1.09,4.11,,,24.96,28.79,1.33,ELEVATED,40,2,1
SEL.NS,SELL,205.85,downtrend,49.81,3.91,200.59,180.86,213.47,11.04,5.36,,,227.93,150.65,2.5,ELEVATED,70,1,2
LCCINFOTEC.NS,SELL,4.39,downtrend,38.89,-0.16,4.7,4.83,4.68,0.32,7.32,,,5.03,2.78,2.5,ELEVATED,75,0,3
MCON.NS,SELL,39.2,downtrend,9.91,-2.95,48.94,47.83,60.3,2.36,6.03,,,43.93,27.38,2.5,ELEVATED,90,1,2
ASTRON.NS,SELL,3.96,downtrend,32.1,-0.07,4.19,4.17,7.71,0.24,6.04,,,4.44,2.76,2.5,ELEVATED,78,1,2
KHAITANLTD.NS,HOLD,136.0,weak_trend,55.91,3.86,134.28,119.16,111.46,7.06,5.19,,,125.41,150.12,1.33,ELEVATED,40,1,2
AROGRANITE.NS,SELL,25.71,downtrend,34.74,-0.04,26.2,25.12,30.93,1.47,5.7,,,28.64,18.38,2.5,ELEVATED,77,0,3
SIMBHALS.NS,SELL,8.38,downtrend,0.0,-0.22,9.06,8.71,10.62,0.06,0.77,,,8.51,8.06,2.5,LOW,95,0,3
HYBRIDFIN.NS,SELL,17.46,downtrend,30.74,-0.44,18.83,18.72,19.05,1.6,9.14,,,20.65,9.48,2.5,ELEVATED,79,0,3
VISHWAS.NS,HOLD,50.45,weak_trend,35.18,1.91,52.01,43.78,47.33,1.51,3.0,,,48.18,53.48,1.33,NORMAL,40,0,3
QUICKTOUCH.NS,HOLD,27.15,weak_trend,49.51,-0.48,26.29,27.87,37.37,0.71,2.63,,,26.08,28.58,1.33,NORMAL,40,1,2
21STCENMGM.NS,SELL,34.88,downtrend,51.5,-0.04,33.63,32.6,42.69,0.91,2.6,,,36.69,30.35,2.5,NORMAL,69,2,1
DKEGL.NS,SELL,66.9,downtrend,27.59,-1.46,75.07,73.28,72.28,2.4,3.59,,,71.7,54.9,2.5,NORMAL,81,1,2
DNAMEDIA.NS,HOLD,2.93,weak_trend,48.21,-0.03,2.96,3.03,3.87,0.18,6.07,,,2.66,3.29,1.33,ELEVATED,40,0,3
LASA.NS,SELL,8.31,downtrend,52.43,0.1,8.07,7.68,9.37,0.54,6.52,,,9.39,5.6,2.5,ELEVATED,68,1,2
PENTAGON.NS,SELL,58.95,downtrend,38.3,-0.78,66.7,65.68,68.34,2.79,4.74,,,64.54,44.99,2.5,ELEVATED,75,1,2
RULKA.NS,SELL,96.9,downtrend,26.68,-2.04,101.02,97.12,108.96,4.62,4.77,,,106.15,73.78,2.5,ELEVATED,81,0,3
UCL.NS,HOLD,155.75,weak_trend,100.0,12.11,144.57,114.78,66.45,1.55,1.0,,,153.42,158.86,1.33,LOW,40,1,2
SUPERSPIN.NS,SELL,5.26,downtrend,33.64,-0.06,5.29,5.0,7.66,0.4,7.63,,,6.06,3.25,2.5,ELEVATED,78,1,2
COUNCODOS.NS,SELL,4.91,downtrend,29.17,-0.04,5.03,4.82,5.81,0.37,7.45,,,5.64,3.08,2.5,ELEVATED,80,1,2
WEWIN.NS,HOLD,54.05,weak_trend,21.13,0.17,58.63,53.12,49.65,3.73,6.9,,,48.45,61.51,1.33,ELEVATED,40,0,3
MADHUCON.NS,SELL,5.36,downtrend,31.84,0.08,5.61,4.99,5.93,0.39,7.21,,,6.13,3.43,2.5,ELEVATED,79,0,3
AGNI.NS,SELL,18.35,downtrend,31.67,-0.2,20.28,19.12,22.54,0.64,3.46,,,19.62,15.17,2.5,NORMAL,79,1,2
MASKINVEST.NS,SELL,152.05,downtrend,48.59,1.16,152.17,143.52,153.21,6.41,4.22,,,164.87,120.0,2.5,ELEVATED,70,0,3
ITALIANE.NS,SELL,33.25,downtrend,17.32,-1.02,36.79,37.67,34.07,1.0,3.0,,,35.24,28.27,2.5,NORMAL,86,1,2
ARSHIYA.NS,SELL,1.18,downtrend,20.0,-0.04,1.24,1.29,1.59,0.05,4.6,,,1.29,0.91,2.5,ELEVATED,84,0,3
MOXSH.NS,HOLD,114.3,weak_trend,19.31,-3.39,131.81,131.85,86.71,2.75,2.41,,,110.18,119.8,1.33,NORMAL,40,0,3
SEYAIND.NS,SELL,14.98,downtrend,44.37,0.59,15.16,12.71,16.38,0.49,3.27,,,15.96,12.53,2.5,NORMAL,72,0,3
PEARLPOLY.NS,SELL,19.37,downtrend,40.81,-0.1,19.62,18.39,23.6,1.14,5.87,,,21.64,13.68,2.5,ELEVATED,74,1,2
SVPGLOB.NS,SELL,4.0,downtrend,42.62,0.17,3.96,3.27,3.6,0.28,7.07,,,4.57,2.59,2.5,ELEVATED,73,1,2
MILTON.NS,HOLD,40.5,weak_trend,17.76,-1.89,43.53,46.67,36.92,0.76,1.89,,,39.35,42.03,1.33,LOW,40,0,3
SAGARDEEP.NS,HOLD,26.57,weak_trend,66.04,0.59,24.41,23.72,26.01,1.36,5.14,,,24.52,29.3,1.33,ELEVATED,40,2,1
PROLIFE.NS,SELL,57.0,downtrend,41.51,-0.65,60.01,61.11,85.58,1.05,1.84,,,59.09,51.77,2.5,LOW,74,0,3
GANGAFORGE.NS,SELL,2.36,downtrend,29.51,-0.11,2.52,2.67,3.21,0.14,6.05,,,2.65,1.65,2.5,ELEVATED,80,0,3
NGIL.NS,HOLD,42.14,weak_trend,67.65,2.0,38.61,33.03,29.93,2.09,4.95,,,39.01,46.31,1.33,ELEVATED,40,2,1
UMA.NS,SELL,19.7,downtrend,32.61,0.16,20.22,18.62,20.69,0.29,1.47,,,20.28,18.25,2.5,LOW,78,1,2
ADL.NS,HOLD,74.28,weak_trend,50.56,1.05,74.78,71.12,77.96,5.35,7.2,,,66.25,84.98,1.33,ELEVATED,40,0,3
ABMINTLLTD.NS,BUY,47.44,uptrend,58.25,0.46,44.32,44.93,45.01,2.56,5.4,46.49,48.39,42.31,60.26,2.5,ELEVATED,74,3,0
AKASH.NS,HOLD,27.28,weak_trend,50.4,0.26,27.02,26.41,26.65,1.25,4.58,,,25.41,29.78,1.33,ELEVATED,40,2,1
AATMAJ.NS,SELL,19.5,downtrend,28.15,-0.1,20.53,20.11,20.73,0.69,3.55,,,20.89,16.04,2.5,NORMAL,80,1,2
HRHNEXT.NS,SELL,27.0,downtrend,34.6,-0.56,29.02,28.44,30.88,1.01,3.76,,,29.03,21.93,2.5,NORMAL,77,0,3
PRECISION.NS,HOLD,8.0,weak_trend,50.0,0.01,8.06,7.94,13.84,0.32,4.02,,,7.52,8.64,1.33,ELEVATED,40,0,3
DEEM.NS,HOLD,47.4,weak_trend,77.33,0.92,36.25,36.31,46.61,1.94,4.09,,,44.49,51.28,1.33,ELEVATED,40,2,1
AMBICAAGAR.NS,HOLD,24.24,weak_trend,46.32,0.08,23.82,23.47,25.03,1.17,4.82,,,22.49,26.58,1.33,ELEVATED,40,1,2
MOHITIND.NS,SELL,25.77,downtrend,55.11,0.35,23.67,22.94,28.04,1.64,6.38,,,29.06,17.55,2.5,ELEVATED,67,2,1
JFLLIFE.NS,SELL,9.0,downtrend,44.9,-0.12,9.22,9.29,11.61,0.27,2.98,,,9.54,7.66,2.5,NORMAL,72,0,3
KONTOR.NS,HOLD,75.1,weak_trend,52.97,1.39,72.1,71.24,70.19,3.61,4.81,,,69.68,82.33,1.33,ELEVATED,40,2,1
VIJIFIN.NS,HOLD,3.93,weak_trend,33.15,0.09,4.01,3.53,3.07,0.27,6.74,,,3.53,4.46,1.33,ELEVATED,40,0,3
SIGNORIA.NS,SELL,59.8,downtrend,33.7,-1.33,61.24,60.35,80.6,1.0,1.67,,,61.79,54.82,2.5,LOW,78,1,2
AKSHAR.NS,SELL,0.46,downtrend,25.0,0.0,0.48,0.46,0.51,0.02,5.12,,,0.51,0.34,2.5,ELEVATED,82,0,3
KEEPLEARN.NS,HOLD,2.08,weak_trend,50.56,0.03,2.08,1.98,2.4,0.21,10.1,,,1.76,2.5,1.33,ELEVATED,40,0,3
RADIOWALLA.NS,SELL,30.2,downtrend,29.2,-1.44,32.75,31.54,52.26,1.39,4.6,,,32.98,23.25,2.5,ELEVATED,80,0,3
PNC.NS,SELL,18.53,downtrend,24.29,-0.7,19.65,20.3,26.18,1.12,6.05,,,20.77,12.93,2.5,ELEVATED,82,1,2
NEXTMEDIA.NS,SELL,3.95,downtrend,27.78,-0.1,4.15,4.26,5.66,0.3,7.56,,,4.55,2.46,2.5,ELEVATED,81,0,3
WALPAR.NS,SELL,32.95,downtrend,24.09,-1.58,35.83,39.66,42.96,0.73,2.21,,,34.41,29.31,2.5,NORMAL,82,1,2
ASHOKAMET.NS,SELL,15.76,downtrend,25.74,0.02,16.16,15.39,15.81,0.83,5.29,,,17.43,11.59,2.5,ELEVATED,82,0,3
BOHRAIND.NS,SELL,17.87,downtrend,27.95,-0.03,19.35,18.13,20.55,0.58,3.22,,,19.02,14.99,2.5,NORMAL,81,0,3
TIMESCAN.NS,SELL,39.3,downtrend,29.23,-0.54,40.73,42.25,50.96,0.78,1.98,,,40.86,35.41,2.5,LOW,80,2,1
NKIND.NS,SELL,66.2,downtrend,49.14,0.14,66.86,65.44,66.73,2.41,3.64,,,71.01,54.16,2.5,NORMAL,70,0,3
AKG.NS,HOLD,11.53,weak_trend,50.37,-0.04,11.34,11.13,12.38,0.44,3.81,,,10.87,12.41,1.33,NORMAL,40,0,3
AGARWALFT.NS,SELL,35.0,downtrend,12.3,-0.12,36.48,33.19,44.94,0.45,1.3,,,35.91,32.73,2.5,LOW,88,0,3
LAXMICOT.NS,SELL,13.69,downtrend,43.13,-0.12,14.21,14.04,18.78,0.84,6.17,,,15.38,9.46,2.5,ELEVATED,73,1,2
SITINET.NS,HOLD,0.34,weak_trend,37.5,-0.01,0.34,0.34,0.4,0.02,5.46,,,0.31,0.38,1.33,ELEVATED,40,1,2
MEDIORG.NS,SELL,24.0,downtrend,14.79,-0.87,26.85,26.28,28.88,0.84,3.48,,,25.67,19.82,2.5,NORMAL,87,0,3
MADHAV.NS,SELL,36.5,downtrend,36.3,-0.19,37.31,36.01,40.19,1.88,5.16,,,40.27,27.09,2.5,ELEVATED,76,0,3
TRIDHYA.NS,HOLD,9.0,weak_trend,40.91,-0.19,9.21,9.04,13.89,0.2,2.18,,,8.71,9.39,1.33,NORMAL,40,1,2
MONOPHARMA.NS,SELL,12.45,downtrend,38.18,-0.14,12.37,12.29,16.73,0.39,3.16,,,13.24,10.49,2.5,NORMAL,75,1,2
SGL.NS,SELL,11.66,downtrend,40.98,-0.11,11.5,11.33,12.81,0.81,6.96,,,13.28,7.6,2.5,ELEVATED,74,1,2
KRIDHANINF.NS,HOLD,3.09,weak_trend,52.99,0.12,2.98,2.63,3.52,0.19,5.99,,,2.81,3.46,1.33,ELEVATED,40,0,3
KANANIIND.NS,SELL,1.56,downtrend,42.59,-0.01,1.58,1.53,1.72,0.09,5.68,,,1.74,1.12,2.5,ELEVATED,73,0,3
NEUEON.NS,HOLD,24.27,weak_trend,0.0,1.31,24.63,20.12,10.2,0.28,1.14,,,23.86,24.82,1.33,LOW,40,0,3
VINEETLAB.NS,SELL,33.97,downtrend,31.28,-0.24,35.98,34.33,36.13,1.74,5.12,,,37.45,25.28,2.5,ELEVATED,79,0,3
SATIPOLY.NS,SELL,35.05,downtrend,0.0,-0.22,37.64,34.4,56.45,0.6,1.7,,,36.24,32.07,2.5,LOW,95,0,3
TAPIFRUIT.NS,SELL,55.2,downtrend,0.0,-0.72,58.27,58.07,73.93,0.34,0.62,,,55.89,53.49,2.5,LOW,95,0,3
WILLAMAGOR.NS,SELL,27.97,downtrend,49.73,0.28,27.77,26.71,30.17,1.53,5.48,,,31.04,20.31,2.5,ELEVATED,70,0,3
TECILCHEM.NS,SELL,11.92,downtrend,36.91,-0.2,12.54,12.56,16.61,1.09,9.19,,,14.11,6.45,2.5,ELEVATED,76,1,2
MEP.NS,SELL,0.92,downtrend,9.52,-0.01,1.01,0.95,1.58,0.02,2.25,,,0.96,0.82,2.5,NORMAL,90,0,3
KHANDSE.NS,SELL,17.65,downtrend,51.95,0.37,17.38,16.28,20.34,1.21,6.88,,,20.08,11.58,2.5,ELEVATED,69,2,1
NAGREEKCAP.NS,HOLD,28.17,weak_trend,37.91,0.03,29.15,27.31,27.74,1.49,5.29,,,25.93,31.15,1.33,ELEVATED,40,1,2
KAUSHALYA.NS,SELL,859.4,downtrend,29.65,1.07,894.57,857.23,951.17,30.32,3.53,,,920.04,707.79,2.5,NORMAL,80,1,2
INFOMEDIA.NS,SELL,6.01,downtrend,54.94,0.1,5.78,5.58,6.21,0.6,9.97,,,7.21,3.01,2.5,ELEVATED,67,2,1
BILVYAPAR.NS,SELL,4.62,downtrend,0.0,-0.28,4.99,5.45,8.48,0.04,0.76,,,4.69,4.44,2.5,LOW,95,0,3
VILINBIO.NS,HOLD,46.55,weak_trend,0.0,1.88,47.76,41.36,30.13,0.56,1.21,,,45.7,47.68,1.33,LOW,40,0,3
MITTAL.NS,SELL,0.98,downtrend,53.06,0.03,0.95,0.94,1.22,0.07,7.36,,,1.12,0.62,2.5,ELEVATED,68,1,2
AGUL.NS,SELL,61.8,downtrend,64.8,-0.42,60.88,64.45,66.23,0.45,0.72,,,62.69,59.57,2.5,LOW,62,1,2
CELLPOINT.NS,SELL,16.65,downtrend,55.46,0.4,16.65,15.88,16.83,0.74,4.42,,,18.12,12.97,2.5,ELEVATED,67,1,2
ROLLT.NS,HOLD,1.95,weak_trend,37.62,0.08,2.09,1.65,1.37,0.12,6.19,,,1.77,2.19,1.33,ELEVATED,40,0,3
TGBHOTELS.NS,SELL,9.17,downtrend,34.91,-0.05,9.34,9.12,10.26,0.36,3.94,,,9.89,7.36,2.5,NORMAL,77,1,2
ASPIRE.NS,SELL,15.95,downtrend,42.86,-0.02,15.99,14.42,17.66,0.39,2.44,,,16.73,14.0,2.5,NORMAL,73,0,3
SHRENIK.NS,SELL,0.38,downtrend,25.0,-0.01,0.39,0.39,0.47,0.01,3.76,,,0.41,0.31,2.5,NORMAL,82,1,2
VSCL.NS,SELL,22.95,downtrend,57.25,-0.68,21.82,23.49,23.72,0.64,2.77,,,24.22,19.77,2.5,NORMAL,66,1,2
TREEHOUSE.NS,SELL,6.69,downtrend,13.92,-0.36,7.49,7.89,7.89,0.43,6.38,,,7.54,4.55,2.5,ELEVATED,88,1,2
LIBAS.NS,SELL,12.43,downtrend,45.03,0.24,12.35,11.47,11.4,0.64,5.16,,,13.71,9.22,2.5,ELEVATED,72,1,2
DIL.NS,SELL,0.96,downtrend,0.0,-0.02,0.97,1.03,1.57,0.01,0.97,,,0.98,0.91,2.5,LOW,95,1,2
FLFL.NS,SELL,1.44,downtrend,27.03,-0.01,1.59,1.45,1.47,0.11,7.89,,,1.67,0.87,2.5,ELEVATED,81,0,3
YUDIZ.NS,SELL,25.7,downtrend,36.96,-0.42,26.67,26.82,29.26,1.32,5.13,,,28.34,19.11,2.5,ELEVATED,76,0,3
MICROPRO.NS,HOLD,19.85,weak_trend,47.71,-0.0,19.38,19.27,20.51,0.64,3.22,,,18.89,21.13,1.33,NORMAL,40,0,3
CONTI.NS,HOLD,13.2,weak_trend,45.45,-0.25,13.13,13.68,19.8,0.09,0.65,,,13.07,13.37,1.33,LOW,40,0,3
HAVISHA.NS,SELL,1.51,downtrend,42.86,-0.01,1.55,1.5,1.78,0.09,6.05,,,1.69,1.05,2.5,ELEVATED,73,1,2
MFML.NS,SELL,25.01,downtrend,48.98,0.04,24.84,24.13,26.35,1.57,6.26,,,28.14,17.18,2.5,ELEVATED,70,1,2
MORARJEE.NS,HOLD,7.76,weak_trend,55.13,0.38,8.16,7.36,7.79,0.4,5.15,,,7.16,8.56,1.33,ELEVATED,40,0,3
KSHITIJPOL.NS,BUY,4.74,uptrend,58.33,0.36,4.09,3.19,2.84,0.25,5.2,4.65,4.83,4.25,5.97,2.5,ELEVATED,74,3,0
SRPL.NS,SELL,0.41,downtrend,0.0,-0.01,0.43,0.44,0.6,0.01,1.39,,,0.42,0.38,2.5,LOW,95,0,3
EASTSILK.NS,SELL,55.91,downtrend,42.9,-1.44,58.57,60.98,61.46,3.84,6.87,,,63.59,36.7,2.5,ELEVATED,73,1,2
AILIMITED.NS,HOLD,42.0,weak_trend,31.34,0.91,42.97,40.11,39.69,0.48,1.14,,,41.28,42.96,1.33,LOW,40,1,2
SPRL.NS,SELL,78.0,downtrend,0.24,-6.6,92.15,104.53,136.04,2.18,2.8,,,82.36,67.09,2.5,NORMAL,94,1,2
MANDEEP.NS,SELL,19.75,downtrend,24.1,-0.3,21.25,20.83,23.57,0.3,1.5,,,20.34,18.27,2.5,LOW,82,1,2
CYBERMEDIA.NS,HOLD,17.22,weak_trend,41.73,0.44,17.4,15.72,16.43,0.99,5.76,,,15.73,19.2,1.33,ELEVATED,40,0,3
MANAV.NS,HOLD,44.3,weak_trend,63.34,1.36,42.01,40.72,29.55,1.93,4.36,,,41.4,48.16,1.33,ELEVATED,40,2,1
SUPREMEENG.NS,SELL,0.96,downtrend,38.24,-0.03,1.0,1.04,1.06,0.07,7.81,,,1.11,0.59,2.5,ELEVATED,75,0,3
TVVISION.NS,HOLD,5.22,weak_trend,41.41,-0.03,5.28,5.3,6.35,0.26,4.9,,,4.84,5.73,1.33,ELEVATED,40,0,3
NIDAN.NS,SELL,14.55,downtrend,58.73,-0.08,14.3,14.64,17.47,0.52,3.56,,,15.59,11.96,2.5,NORMAL,65,1,2
ANKITMETAL.NS,SELL,1.58,downtrend,48.33,-0.01,1.61,1.56,1.74,0.1,6.51,,,1.79,1.07,2.5,ELEVATED,70,0,3
SANGINITA.NS,HOLD,28.62,weak_trend,75.97,1.84,24.82,21.78,13.62,0.6,2.1,,,27.72,29.82,1.33,NORMAL,40,1,2
GUJRAFFIA.NS,SELL,42.37,downtrend,58.97,1.18,40.4,39.47,44.98,3.06,7.23,,,48.5,27.06,2.5,ELEVATED,65,2,1
CALSOFT.NS,HOLD,20.07,weak_trend,34.65,1.24,21.47,15.94,15.58,1.5,7.46,,,17.82,23.06,1.33,ELEVATED,40,0,3
GTECJAINX.NS,SELL,16.69,downtrend,33.68,-0.49,18.96,19.35,22.22,1.43,8.57,,,19.55,9.54,2.5,ELEVATED,78,1,2
ACEINTEG.NS,SELL,19.22,downtrend,34.05,0.13,19.99,18.73,21.41,1.09,5.66,,,21.4,13.78,2.5,ELEVATED,77,0,3
RETAIL.NS,HOLD,20.58,weak_trend,48.04,-0.03,20.07,20.02,27.7,1.4,6.79,,,18.49,23.37,1.33,ELEVATED,40,1,2
FEL.NS,SELL,0.44,downtrend,33.33,-0.0,0.45,0.44,0.48,0.02,3.73,,,0.47,0.36,2.5,NORMAL,78,0,3
YCCL.NS,SELL,9.9,downtrend,23.81,-0.13,10.17,10.05,11.55,0.16,1.59,,,10.21,9.11,2.5,LOW,83,0,3
CMRSL.NS,SELL,66.05,downtrend,0.0,-0.63,75.71,69.42,75.23,1.07,1.62,,,68.19,60.69,2.5,LOW,95,0,3
SANWARIA.NS,HOLD,0.23,weak_trend,40.0,0.0,0.23,0.23,0.28,0.02,6.83,,,0.21,0.26,1.33,ELEVATED,40,0,3
VCL.NS,SELL,1.39,downtrend,36.11,-0.04,1.46,1.48,1.55,0.07,4.93,,,1.53,1.05,2.5,ELEVATED,76,0,3
INSPIRE.NS,SELL,10.85,downtrend,0.0,0.13,11.32,10.29,13.3,0.04,0.39,,,10.94,10.64,2.5,LOW,95,0,3
VIVIDHA.NS,SELL,0.58,downtrend,66.67,0.0,0.54,0.55,0.66,0.03,5.3,,,0.64,0.43,2.5,ELEVATED,61,1,2
DHTL.NS,HOLD,48.45,weak_trend,73.02,1.75,47.6,43.67,64.8,0.8,1.66,,,47.24,50.06,1.33,LOW,40,1,2
HEADSUP.NS,SELL,7.14,downtrend,22.31,-0.05,7.4,7.16,8.99,0.42,5.83,,,7.97,5.06,2.5,ELEVATED,83,1,2
BLUECHIP.NS,HOLD,2.29,weak_trend,100.0,0.02,1.99,2.21,3.17,0.04,1.53,,,2.24,2.36,1.33,LOW,40,0,3
SHANTHALA.NS,SELL,23.0,downtrend,30.26,-0.83,25.11,26.29,31.82,1.21,5.26,,,25.42,16.95,2.5,ELEVATED,79,1,2
MPTODAY.NS,HOLD,43.6,weak_trend,45.45,-0.11,43.87,44.39,46.33,0.33,0.75,,,43.11,44.26,1.33,LOW,40,0,3
MAKS.NS,HOLD,26.0,weak_trend,50.0,-0.13,26.13,26.48,29.54,0.19,0.71,,,25.72,26.37,1.33,LOW,40,0,3
MARINETRAN.NS,SELL,15.9,downtrend,0.0,-0.45,16.99,17.0,17.51,0.19,1.17,,,16.27,14.97,2.5,LOW,95,0,3
NIRAJISPAT.NS,SELL,230.51,downtrend,35.72,-2.81,232.12,219.59,264.35,8.2,3.56,,,246.9,189.53,2.5,NORMAL,77,0,3
SUNREST.NS,SELL,35.0,downtrend,21.51,-0.7,36.29,37.38,42.33,0.66,1.9,,,36.33,31.68,2.5,LOW,84,0,3
QFIL.NS,HOLD,43.9,weak_trend,100.0,-0.0,40.2,41.15,58.52,0.29,0.65,,,43.47,44.47,1.33,LOW,40,1,2
TIJARIA.NS,SELL,4.65,downtrend,64.71,0.01,4.53,4.56,5.58,0.25,5.3,,,5.14,3.42,2.5,ELEVATED,62,1,2
SILLYMONKS.NS,SELL,17.08,downtrend,50.66,-0.03,16.53,16.38,18.6,1.26,7.41,,,19.61,10.76,2.5,ELEVATED,69,1,2
RADAAN.NS,SELL,3.03,downtrend,38.94,-0.02,3.13,3.08,3.3,0.22,7.28,,,3.47,1.93,2.5,ELEVATED,75,1,2
UNIINFO.NS,SELL,12.09,downtrend,40.61,-0.25,12.32,12.37,15.56,0.68,5.59,,,13.44,8.71,2.5,ELEVATED,74,0,3
ISHAN.NS,SELL,0.6,downtrend,0.0,-0.02,0.66,0.66,0.77,0.01,1.79,,,0.62,0.55,2.5,LOW,95,0,3
JIWANRAM.NS,SELL,5.6,downtrend,29.41,0.07,5.73,5.41,6.39,0.08,1.34,,,5.75,5.22,2.5,LOW,80,1,2
VERITAAS.NS,HOLD,48.0,weak_trend,33.33,-0.37,48.32,47.37,58.39,0.59,1.24,,,47.11,49.19,1.33,LOW,40,0,3
LYPSAGEMS.NS,SELL,5.08,downtrend,37.21,-0.04,5.16,5.07,5.54,0.31,6.09,,,5.7,3.53,2.5,ELEVATED,76,0,3
EDUCOMP.NS,HOLD,0.99,weak_trend,50.0,0.01,0.98,0.96,1.22,0.01,0.87,,,0.98,1.01,1.33,LOW,40,0,3
SHUBHLAXMI.NS,SELL,19.95,downtrend,22.3,-1.16,21.54,23.69,23.93,0.8,4.01,,,21.55,15.95,2.5,ELEVATED,83,0,3
ONELIFECAP.NS,HOLD,27.59,weak_trend,81.19,2.77,21.73,18.09,15.14,1.42,5.13,,,25.47,30.42,1.33,ELEVATED,40,1,2
WINNY.NS,SELL,37.55,downtrend,8.65,-1.91,46.47,45.82,62.33,1.03,2.75,,,39.61,32.39,2.5,NORMAL,90,0,3
GLFL.NS,HOLD,6.1,weak_trend,0.0,0.05,6.74,5.66,6.08,0.07,1.22,,,5.99,6.25,1.33,LOW,40,0,3
TCIFINANCE.NS,SELL,13.16,downtrend,30.28,-0.29,13.77,13.9,15.09,0.8,6.08,,,14.76,9.16,2.5,ELEVATED,79,0,3
GSTL.NS,HOLD,21.65,weak_trend,39.48,-2.63,21.64,28.77,17.5,1.03,4.73,,,20.11,23.7,1.33,ELEVATED,40,1,2
IMPEXFERRO.NS,HOLD,1.89,weak_trend,67.74,0.06,1.74,1.64,1.81,0.12,6.08,,,1.72,2.12,1.33,ELEVATED,40,2,1
SAROJA.NS,SELL,32.5,downtrend,0.0,-0.02,32.9,32.05,38.76,0.04,0.11,,,32.57,32.32,2.5,LOW,95,0,3
COMPINFO.NS,SELL,1.33,downtrend,41.94,0.02,1.34,1.23,1.66,0.08,5.91,,,1.49,0.94,2.5,ELEVATED,74,0,3
ANTGRAPHIC.NS,SELL,0.81,downtrend,44.12,-0.0,0.83,0.82,0.96,0.06,7.76,,,0.94,0.5,2.5,ELEVATED,72,0,3
QUADPRO.NS,HOLD,2.15,weak_trend,54.55,0.05,2.12,1.99,2.53,0.05,2.16,,,2.08,2.24,1.33,NORMAL,40,0,3
PLADAINFO.NS,SELL,11.65,downtrend,58.82,0.03,11.08,10.79,14.78,0.18,1.56,,,12.01,10.74,2.5,LOW,65,2,1
SHYAMTEL.NS,HOLD,18.19,weak_trend,0.0,0.53,21.79,15.68,13.2,0.42,2.31,,,17.56,19.03,1.33,NORMAL,40,1,2
CREATIVEYE.NS,SELL,6.84,downtrend,45.79,0.02,6.94,6.73,7.11,0.39,5.7,,,7.62,4.89,2.5,ELEVATED,72,0,3
ARENTERP.NS,SELL,40.19,downtrend,53.23,-0.1,38.86,39.0,44.06,3.04,7.57,,,46.28,24.98,2.5,ELEVATED,68,1,2
MTEDUCARE.NS,HOLD,1.59,weak_trend,51.9,0.04,1.61,1.48,1.76,0.13,8.36,,,1.39,1.86,1.33,ELEVATED,40,1,2
UMESLTD.NS,BUY,5.78,uptrend,56.78,-0.15,5.27,5.94,5.36,0.34,5.96,5.66,5.9,5.09,7.5,2.5,ELEVATED,73,3,0
VIVO.NS,HOLD,81.8,weak_trend,63.24,1.72,78.78,76.71,74.0,2.38,2.91,,,78.23,86.56,1.33,NORMAL,40,2,1
GLOBALE.NS,HOLD,13.05,weak_trend,37.27,-0.02,13.34,12.37,12.49,0.84,6.41,,,11.79,14.72,1.33,ELEVATED,40,0,3
WINSOME.NS,HOLD,2.41,weak_trend,87.76,0.14,2.11,1.88,1.88,0.05,2.1,,,2.33,2.51,1.33,NORMAL,40,1,2
EUROTEXIND.NS,HOLD,15.6,weak_trend,37.79,0.24,15.95,14.63,15.35,1.19,7.61,,,13.82,17.97,1.33,ELEVATED,40,0,3
INDIFRA.NS,HOLD,14.15,weak_trend,100.0,0.38,13.37,12.84,15.11,0.08,0.58,,,14.03,14.31,1.33,LOW,40,0,3
AMIABLE.NS,HOLD,72.9,weak_trend,50.0,-1.38,68.24,72.56,70.39,4.82,6.61,,,65.67,82.54,1.33,ELEVATED,40,1,2
SHANTI.NS,SELL,6.68,downtrend,42.11,-0.08,6.78,6.73,8.46,0.45,6.79,,,7.59,4.41,2.5,ELEVATED,73,1,2
DCMFINSERV.NS,HOLD,5.98,weak_trend,87.25,0.11,4.94,5.42,5.33,0.15,2.42,,,5.76,6.27,1.33,NORMAL,40,2,1
TRANSWIND.NS,SELL,13.2,downtrend,0.0,-1.13,14.37,17.0,18.29,0.09,0.7,,,13.39,12.74,2.5,LOW,95,1,2
RITEZONE.NS,SELL,20.45,downtrend,15.58,0.05,23.93,19.86,22.75,0.87,4.28,,,22.2,16.08,2.5,ELEVATED,87,0,3
PREMIER.NS,SELL,3.0,downtrend,56.76,0.02,2.94,2.95,3.18,0.16,5.17,,,3.31,2.22,2.5,ELEVATED,66,2,1
ORTINGLOBE.NS,BUY,15.51,uptrend,54.33,0.16,15.07,15.12,13.86,1.06,6.85,15.2,15.82,13.38,20.82,2.5,ELEVATED,72,3,0
SABAR.NS,HOLD,5.35,weak_trend,73.68,0.1,5.13,5.26,5.5,0.07,1.27,,,5.25,5.49,1.33,LOW,40,1,2
FALCONTECH.NS,HOLD,14.5,weak_trend,59.76,0.12,14.19,13.43,15.97,0.76,5.22,,,13.36,16.01,1.33,ELEVATED,40,1,2
CBAZAAR.NS,HOLD,4.5,weak_trend,42.86,-0.13,4.52,4.76,4.24,0.14,3.02,,,4.3,4.77,1.33,NORMAL,40,0,3
ACCORD.NS,HOLD,55.65,weak_trend,100.0,4.45,48.87,39.95,28.44,0.85,1.53,,,54.37,57.36,1.33,LOW,40,1,2
SMVD.NS,HOLD,11.0,weak_trend,0.0,-0.06,11.15,11.25,8.55,0.04,0.36,,,10.94,11.08,1.33,LOW,40,0,3
AMJUMBO.NS,HOLD,11.45,weak_trend,100.0,0.1,11.16,11.22,9.26,0.04,0.34,,,11.39,11.53,1.33,LOW,40,1,2
SABEVENTS.NS,SELL,7.99,downtrend,0.0,-0.58,8.64,9.55,9.17,0.06,0.77,,,8.11,7.68,2.5,LOW,95,1,2
JALAN.NS,HOLD,2.05,weak_trend,87.5,0.02,1.83,1.89,3.47,0.04,1.92,,,1.99,2.13,1.33,LOW,40,0,3
CMICABLES.NS,HOLD,3.19,weak_trend,50.0,-0.03,3.19,3.3,4.02,0.04,1.39,,,3.12,3.28,1.33,LOW,40,0,3
LAKPRE.NS,HOLD,5.65,weak_trend,50.41,0.13,5.88,5.41,5.38,0.38,6.8,,,5.07,6.42,1.33,ELEVATED,40,0,3
BGLOBAL.NS,HOLD,3.12,weak_trend,54.55,0.03,3.11,2.97,3.39,0.03,1.03,,,3.07,3.18,1.33,LOW,40,0,3
ORTEL.NS,HOLD,1.6,weak_trend,36.07,-0.04,1.66,1.71,1.58,0.11,6.79,,,1.44,1.82,1.33,ELEVATED,40,0,3
QUINTEGRA.NS,HOLD,1.35,weak_trend,100.0,0.01,1.33,1.31,1.52,0.01,0.42,,,1.34,1.36,0,LOW,40,0,3
SANCO.NS,HOLD,3.26,weak_trend,52.07,0.27,3.38,2.74,2.43,0.3,9.14,,,2.81,3.86,1.33,ELEVATED,40,0,3
CLCIND.NS,HOLD,30.14,weak_trend,100.0,1.3,28.06,23.76,174.52,0.2,0.66,,,29.84,30.54,1.33,LOW,40,0,3
MCX.NS,HOLD,2954.5,weak_trend,38.05,80.63,3194.91,2880.51,2225.11,117.68,3.98,,,2777.98,3189.86,1.33,NORMAL,40,1,2
