ticker,current_price,decision,target_price,stop_loss,scores
RELIANCE.NS,1359.699951171875,InvestmentDecision.AVOID,0,0,"{'fundamental_score': 4.7, 'technical_score': 0, 'confidence': 0}"
HDFCBANK.NS,759.5,InvestmentDecision.AVOID,0,0,"{'fundamental_score': 2.7, 'technical_score': 0, 'confidence': 0}"
BHARTIARTL.NS,1904.9000244140625,InvestmentDecision.AVOID,0,0,"{'fundamental_score': 3.1, 'technical_score': 0, 'confidence': 0}"
TCS.NS,2327.39990234375,InvestmentDecision.AVOID,0,0,"{'fundamental_score': 7.7, 'technical_score': 0, 'confidence': 0}"
ICICIBANK.NS,1237.300048828125,InvestmentDecision.AVOID,0,0,"{'fundamental_score': 3.1, 'technical_score': 0, 'confidence': 0}"
INFY.NS,1193.699951171875,InvestmentDecision.AVOID,0,0,"{'fundamental_score': 6.0, 'technical_score': 0, 'confidence': 0}"
BAJFINANCE.NS,923.0999755859375,InvestmentDecision.AVOID,0,0,"{'fundamental_score': 5.9, 'technical_score': 0, 'confidence': 0}"
HINDUNILVR.NS,2209.300048828125,InvestmentDecision.AVOID,0,0,"{'fundamental_score': 3.5, 'technical_score': 0, 'confidence': 0}"
LICI.NS,800.5499877929688,InvestmentDecision.AVOID,0,0,"{'fundamental_score': 5.9, 'technical_score': 0, 'confidence': 0}"
LT.NS,3910.699951171875,InvestmentDecision.AVOID,0,0,"{'fundamental_score': 4.6, 'technical_score': 0, 'confidence': 0}"
ITC.NS,307.54998779296875,InvestmentDecision.AVOID,0,0,"{'fundamental_score': 7.4, 'technical_score': 0, 'confidence': 0}"
MARUTI.NS,13003.0,InvestmentDecision.AVOID,0,0,"{'fundamental_score': 5.5, 'technical_score': 0, 'confidence': 0}"
M&M.NS,3122.199951171875,InvestmentDecision.AVOID,0,0,"{'fundamental_score': 5.4, 'technical_score': 0, 'confidence': 0}"
HCLTECH.NS,1169.800048828125,InvestmentDecision.AVOID,0,0,"{'fundamental_score': 5.5, 'technical_score': 0, 'confidence': 0}"
KOTAKBANK.NS,383.20001220703125,InvestmentDecision.AVOID,0,0,"{'fundamental_score': 4.7, 'technical_score': 0, 'confidence': 0}"
SUNPHARMA.NS,1880.300048828125,InvestmentDecision.AVOID,0,0,"{'fundamental_score': 6.7, 'technical_score': 0, 'confidence': 0}"
AXISBANK.NS,1249.800048828125,InvestmentDecision.AVOID,0,0,"{'fundamental_score': 2.7, 'technical_score': 0, 'confidence': 0}"
ULTRACEMCO.NS,11409.0,InvestmentDecision.AVOID,0,0,"{'fundamental_score': 5.5, 'technical_score': 0, 'confidence': 0}"
BAJAJFINSV.NS,1772.0,InvestmentDecision.AVOID,0,0,"{'fundamental_score': 5.2, 'technical_score': 0, 'confidence': 0}"
TITAN.NS,4106.39990234375,InvestmentDecision.AVOID,0,0,"{'fundamental_score': 4.5, 'technical_score': 0, 'confidence': 0}"
HAL.NS,4326.5,InvestmentDecision.AVOID,0,0,"{'fundamental_score': 8.7, 'technical_score': 0, 'confidence': 0}"
ADANIPORTS.NS,1772.5999755859375,InvestmentDecision.AVOID,0,0,"{'fundamental_score': 5.55, 'technical_score': 0, 'confidence': 0}"
ETERNAL.NS,242.0500030517578,InvestmentDecision.AVOID,0,0,"{'fundamental_score': 5.5, 'technical_score': 0, 'confidence': 0}"
BEL.NS,413.29998779296875,InvestmentDecision.AVOID,0,0,"{'fundamental_score': 8.7, 'technical_score': 0, 'confidence': 0}"
ADANIENT.NS,2704.800048828125,InvestmentDecision.AVOID,0,0,"{'fundamental_score': 5.6, 'technical_score': 0, 'confidence': 0}"
DMART.NS,4144.2001953125,InvestmentDecision.AVOID,0,0,"{'fundamental_score': 5.500000000000001, 'technical_score': 0, 'confidence': 0}"
JSWSTEEL.NS,1283.199951171875,InvestmentDecision.AVOID,0,0,"{'fundamental_score': 5.199999999999999, 'technical_score': 0, 'confidence': 0}"
ADANIPOWER.NS,220.24000549316406,InvestmentDecision.AVOID,0,0,"{'fundamental_score': 8.25, 'technical_score': 0, 'confidence': 0}"
WIPRO.NS,197.1199951171875,InvestmentDecision.AVOID,0,0,"{'fundamental_score': 3.5, 'technical_score': 0, 'confidence': 0}"
ASIANPAINT.NS,2598.60009765625,InvestmentDecision.AVOID,0,0,"{'fundamental_score': 5.5, 'technical_score': 0, 'confidence': 0}"
BAJAJ-AUTO.NS,10462.5,InvestmentDecision.AVOID,0,0,"{'fundamental_score': 7.050000000000001, 'technical_score': 0, 'confidence': 0}"
NESTLEIND.NS,1420.0999755859375,InvestmentDecision.AVOID,0,0,"{'fundamental_score': 6.7, 'technical_score': 0, 'confidence': 0}"
INDIGO.NS,4264.60009765625,InvestmentDecision.AVOID,0,0,"{'fundamental_score': 6.0, 'technical_score': 0, 'confidence': 0}"
TATASTEEL.NS,207.00999450683594,InvestmentDecision.AVOID,0,0,"{'fundamental_score': 5.05, 'technical_score': 0, 'confidence': 0}"
HINDZINC.NS,630.4500122070312,InvestmentDecision.AVOID,0,0,"{'fundamental_score': 8.7, 'technical_score': 0, 'confidence': 0}"
JIOFIN.NS,235.77999877929688,InvestmentDecision.AVOID,0,0,"{'fundamental_score': 5.800000000000001, 'technical_score': 0, 'confidence': 0}"
HYUNDAI.NS,1787.4000244140625,InvestmentDecision.AVOID,0,0,"{'fundamental_score': 6.3, 'technical_score': 0, 'confidence': 0}"
GRASIM.NS,2971.10009765625,InvestmentDecision.AVOID,0,0,"{'fundamental_score': 0.6, 'technical_score': 0, 'confidence': 0}"
SBILIFE.NS,1864.199951171875,InvestmentDecision.AVOID,0,0,"{'fundamental_score': 5.500000000000001, 'technical_score': 0, 'confidence': 0}"
VEDL.NS,333.75,InvestmentDecision.AVOID,0,0,"{'fundamental_score': 4.0, 'technical_score': 0, 'confidence': 0}"
DLF.NS,583.2999877929688,InvestmentDecision.AVOID,0,0,"{'fundamental_score': 7.2, 'technical_score': 0, 'confidence': 0}"
EICHERMOT.NS,6849.5,InvestmentDecision.AVOID,0,0,"{'fundamental_score': 4.0, 'technical_score': 0, 'confidence': 0}"
TRENT.NS,4099.89990234375,InvestmentDecision.AVOID,0,0,"{'fundamental_score': 6.3, 'technical_score': 0, 'confidence': 0}"
HINDALCO.NS,1085.5,InvestmentDecision.AVOID,0,0,"{'fundamental_score': 6.25, 'technical_score': 0, 'confidence': 0}"
DIVISLAB.NS,6893.0,InvestmentDecision.AVOID,0,0,"{'fundamental_score': 3.5, 'technical_score': 0, 'confidence': 0}"
HDFCLIFE.NS,605.0999755859375,InvestmentDecision.AVOID,0,0,"{'fundamental_score': 5.1000000000000005, 'technical_score': 0, 'confidence': 0}"
IRFC.NS,97.12999725341797,InvestmentDecision.AVOID,0,0,"{'fundamental_score': 5.5, 'technical_score': 0, 'confidence': 0}"
ADANIGREEN.NS,1363.199951171875,InvestmentDecision.AVOID,0,0,"{'fundamental_score': 4.1, 'technical_score': 0, 'confidence': 0}"
VBL.NS,514.0,InvestmentDecision.AVOID,0,0,"{'fundamental_score': 6.800000000000001, 'technical_score': 0, 'confidence': 0}"
TVSMOTOR.NS,3361.89990234375,InvestmentDecision.AVOID,0,0,"{'fundamental_score': 4.800000000000001, 'technical_score': 0, 'confidence': 0}"
PIDILITIND.NS,1455.5999755859375,InvestmentDecision.AVOID,0,0,"{'fundamental_score': 8.4, 'technical_score': 0, 'confidence': 0}"
TECHM.NS,1439.0,InvestmentDecision.AVOID,0,0,"{'fundamental_score': 6.1, 'technical_score': 0, 'confidence': 0}"
BAJAJHLDNG.NS,10468.0,InvestmentDecision.AVOID,0,0,"{'fundamental_score': 7.000000000000001, 'technical_score': 0, 'confidence': 0}"
BRITANNIA.NS,5344.5,InvestmentDecision.AVOID,0,0,"{'fundamental_score': 7.199999999999999, 'technical_score': 0, 'confidence': 0}"
AMBUJACEM.NS,430.25,InvestmentDecision.AVOID,0,0,"{'fundamental_score': 4.7, 'technical_score': 0, 'confidence': 0}"
CHOLAFIN.NS,1518.9000244140625,InvestmentDecision.AVOID,0,0,"{'fundamental_score': 6.300000000000001, 'technical_score': 0, 'confidence': 0}"
SHRIRAMFIN.NS,923.4500122070312,InvestmentDecision.AVOID,0,0,"{'fundamental_score': 5.9, 'technical_score': 0, 'confidence': 0}"
PNB.NS,102.22000122070312,InvestmentDecision.AVOID,0,0,"{'fundamental_score': 7.000000000000001, 'technical_score': 0, 'confidence': 0}"
PFC.NS,429.3500061035156,InvestmentDecision.AVOID,0,0,"{'fundamental_score': 6.300000000000001, 'technical_score': 0, 'confidence': 0}"
SOLARINDS.NS,18210.0,InvestmentDecision.AVOID,0,0,"{'fundamental_score': 8.4, 'technical_score': 0, 'confidence': 0}"
MUTHOOTFIN.NS,3309.300048828125,InvestmentDecision.AVOID,0,0,"{'fundamental_score': 6.300000000000001, 'technical_score': 0, 'confidence': 0}"
TATAPOWER.NS,413.5,InvestmentDecision.AVOID,0,0,"{'fundamental_score': 4.2, 'technical_score': 0, 'confidence': 0}"
CIPLA.NS,1399.5,InvestmentDecision.AVOID,0,0,"{'fundamental_score': 6.1, 'technical_score': 0, 'confidence': 0}"
TORNTPHARM.NS,4429.2001953125,InvestmentDecision.AVOID,0,0,"{'fundamental_score': 7.9, 'technical_score': 0, 'confidence': 0}"
GODREJCP.NS,1022.9000244140625,InvestmentDecision.AVOID,0,0,"{'fundamental_score': 6.800000000000001, 'technical_score': 0, 'confidence': 0}"
LODHA.NS,880.0,InvestmentDecision.AVOID,0,0,"{'fundamental_score': 8.2, 'technical_score': 0, 'confidence': 0}"
HDFCAMC.NS,2685.300048828125,InvestmentDecision.AVOID,0,0,"{'fundamental_score': 7.8, 'technical_score': 0, 'confidence': 0}"
GAIL.NS,155.63999938964844,InvestmentDecision.AVOID,0,0,"{'fundamental_score': 6.7, 'technical_score': 0, 'confidence': 0}"
CANBK.NS,127.66000366210938,InvestmentDecision.AVOID,0,0,"{'fundamental_score': 7.4, 'technical_score': 0, 'confidence': 0}"
MAXHEALTH.NS,1075.699951171875,InvestmentDecision.AVOID,0,0,"{'fundamental_score': 7.9, 'technical_score': 0, 'confidence': 0}"
ENRIN.NS,3574.5,InvestmentDecision.AVOID,0,0,"{'fundamental_score': 7.6, 'technical_score': 0, 'confidence': 0}"
SIEMENS.NS,3696.39990234375,InvestmentDecision.AVOID,0,0,"{'fundamental_score': 6.6, 'technical_score': 0, 'confidence': 0}"
MAZDOCK.NS,2437.800048828125,InvestmentDecision.AVOID,0,0,"{'fundamental_score': 8.7, 'technical_score': 0, 'confidence': 0}"
BOSCHLTD.NS,36830.0,InvestmentDecision.AVOID,0,0,"{'fundamental_score': 7.199999999999999, 'technical_score': 0, 'confidence': 0}"
ABB.NS,6605.0,InvestmentDecision.AVOID,0,0,"{'fundamental_score': 8.2, 'technical_score': 0, 'confidence': 0}"
MOTHERSON.NS,132.1699981689453,InvestmentDecision.AVOID,0,0,"{'fundamental_score': 5.1000000000000005, 'technical_score': 0, 'confidence': 0}"
CUMMINSIND.NS,5399.5,InvestmentDecision.AVOID,0,0,"{'fundamental_score': 8.2, 'technical_score': 0, 'confidence': 0}"
TATACONSUM.NS,1208.699951171875,InvestmentDecision.AVOID,0,0,"{'fundamental_score': 4.7, 'technical_score': 0, 'confidence': 0}"
POLYCAB.NS,9199.0,InvestmentDecision.AVOID,0,0,"{'fundamental_score': 7.2, 'technical_score': 0, 'confidence': 0}"
CGPOWER.NS,853.25,InvestmentDecision.AVOID,0,0,"{'fundamental_score': 5.5, 'technical_score': 0, 'confidence': 0}"
UNIONBANK.NS,159.0,InvestmentDecision.AVOID,0,0,"{'fundamental_score': 7.4, 'technical_score': 0, 'confidence': 0}"
ADANIENSOL.NS,1342.199951171875,InvestmentDecision.AVOID,0,0,"{'fundamental_score': 4.2, 'technical_score': 0, 'confidence': 0}"
APOLLOHOSP.NS,8078.5,InvestmentDecision.AVOID,0,0,"{'fundamental_score': 3.55, 'technical_score': 0, 'confidence': 0}"
INDHOTEL.NS,659.5999755859375,InvestmentDecision.AVOID,0,0,"{'fundamental_score': 7.4, 'technical_score': 0, 'confidence': 0}"
HEROMOTOCO.NS,4968.0,InvestmentDecision.AVOID,0,0,"{'fundamental_score': 7.199999999999999, 'technical_score': 0, 'confidence': 0}"
DRREDDY.NS,1321.9000244140625,InvestmentDecision.AVOID,0,0,"{'fundamental_score': 6.6, 'technical_score': 0, 'confidence': 0}"
SHREECEM.NS,24420.0,InvestmentDecision.AVOID,0,0,"{'fundamental_score': 7.6, 'technical_score': 0, 'confidence': 0}"
JINDALSTEL.NS,1223.0999755859375,InvestmentDecision.AVOID,0,0,"{'fundamental_score': 4.7, 'technical_score': 0, 'confidence': 0}"
IDBI.NS,73.30000305175781,InvestmentDecision.AVOID,0,0,"{'fundamental_score': 7.000000000000001, 'technical_score': 0, 'confidence': 0}"
SWIGGY.NS,256.3500061035156,InvestmentDecision.AVOID,0,0,"{'fundamental_score': 4.300000000000001, 'technical_score': 0, 'confidence': 0}"
BSE.NS,4218.60009765625,InvestmentDecision.AVOID,0,0,"{'fundamental_score': 7.8, 'technical_score': 0, 'confidence': 0}"
MANKIND.NS,2583.89990234375,InvestmentDecision.AVOID,0,0,"{'fundamental_score': 7.1, 'technical_score': 0, 'confidence': 0}"
INDIANB.NS,810.2000122070312,InvestmentDecision.AVOID,0,0,"{'fundamental_score': 7.4, 'technical_score': 0, 'confidence': 0}"
INDUSTOWER.NS,427.8500061035156,InvestmentDecision.AVOID,0,0,"{'fundamental_score': 8.25, 'technical_score': 0, 'confidence': 0}"
UNITDSPR.NS,1272.5999755859375,InvestmentDecision.AVOID,0,0,"{'fundamental_score': 7.199999999999999, 'technical_score': 0, 'confidence': 0}"
GMRAIRPORT.NS,94.5,InvestmentDecision.AVOID,0,0,"{'fundamental_score': 6.7, 'technical_score': 0, 'confidence': 0}"
RECLTD.NS,333.0,InvestmentDecision.AVOID,0,0,"{'fundamental_score': 6.300000000000001, 'technical_score': 0, 'confidence': 0}"
ZYDUSLIFE.NS,1040.8499755859375,InvestmentDecision.AVOID,0,0,"{'fundamental_score': 8.7, 'technical_score': 0, 'confidence': 0}"
ICICIGI.NS,1784.800048828125,InvestmentDecision.AVOID,0,0,"{'fundamental_score': 5.9, 'technical_score': 0, 'confidence': 0}"
DIXON.NS,10997.0,InvestmentDecision.AVOID,0,0,"{'fundamental_score': 7.2, 'technical_score': 0, 'confidence': 0}"
IDEA.NS,13.579999923706055,InvestmentDecision.AVOID,0,0,"{'fundamental_score': 8.2, 'technical_score': 0, 'confidence': 0}"
HAVELLS.NS,1207.800048828125,InvestmentDecision.AVOID,0,0,"{'fundamental_score': 7.2, 'technical_score': 0, 'confidence': 0}"
MARICO.NS,838.4500122070312,InvestmentDecision.AVOID,0,0,"{'fundamental_score': 7.199999999999999, 'technical_score': 0, 'confidence': 0}"
HINDPETRO.NS,382.75,InvestmentDecision.AVOID,0,0,"{'fundamental_score': 5.8500000000000005, 'technical_score': 0, 'confidence': 0}"
WAAREEENER.NS,3005.199951171875,InvestmentDecision.AVOID,0,0,"{'fundamental_score': 8.1, 'technical_score': 0, 'confidence': 0}"
BAJAJHFL.NS,82.6500015258789,InvestmentDecision.AVOID,0,0,"{'fundamental_score': 5.5, 'technical_score': 0, 'confidence': 0}"
DABUR.NS,450.8999938964844,InvestmentDecision.AVOID,0,0,"{'fundamental_score': 6.800000000000001, 'technical_score': 0, 'confidence': 0}"
LUPIN.NS,2285.5,InvestmentDecision.AVOID,0,0,"{'fundamental_score': 4.0, 'technical_score': 0, 'confidence': 0}"
JSWENERGY.NS,537.0999755859375,InvestmentDecision.AVOID,0,0,"{'fundamental_score': 3.2, 'technical_score': 0, 'confidence': 0}"
ICICIPRULI.NS,509.25,InvestmentDecision.AVOID,0,0,"{'fundamental_score': 5.500000000000001, 'technical_score': 0, 'confidence': 0}"
PERSISTENT.NS,5084.10009765625,InvestmentDecision.AVOID,0,0,"{'fundamental_score': 8.1, 'technical_score': 0, 'confidence': 0}"
BHARTIHEXA.NS,1595.699951171875,InvestmentDecision.AVOID,0,0,"{'fundamental_score': 8.25, 'technical_score': 0, 'confidence': 0}"
NAUKRI.NS,942.25,InvestmentDecision.AVOID,0,0,"{'fundamental_score': 8.2, 'technical_score': 0, 'confidence': 0}"
SRF.NS,2613.300048828125,InvestmentDecision.AVOID,0,0,"{'fundamental_score': 6.2, 'technical_score': 0, 'confidence': 0}"
POWERINDIA.NS,35525.0,InvestmentDecision.AVOID,0,0,"{'fundamental_score': 6.7, 'technical_score': 0, 'confidence': 0}"
NTPCGREEN.NS,105.93000030517578,InvestmentDecision.AVOID,0,0,"{'fundamental_score': 7.3, 'technical_score': 0, 'confidence': 0}"
NHPC.NS,79.5,InvestmentDecision.AVOID,0,0,"{'fundamental_score': 6.300000000000001, 'technical_score': 0, 'confidence': 0}"
POLICYBZR.NS,1830.0,InvestmentDecision.AVOID,0,0,"{'fundamental_score': 5.1000000000000005, 'technical_score': 0, 'confidence': 0}"
SBICARD.NS,624.3499755859375,InvestmentDecision.AVOID,0,0,"{'fundamental_score': 5.5, 'technical_score': 0, 'confidence': 0}"
ASHOKLEY.NS,153.61000061035156,InvestmentDecision.AVOID,0,0,"{'fundamental_score': 5.2, 'technical_score': 0, 'confidence': 0}"
SUZLON.NS,52.56999969482422,InvestmentDecision.AVOID,0,0,"{'fundamental_score': 8.2, 'technical_score': 0, 'confidence': 0}"
ABCAPITAL.NS,353.1000061035156,InvestmentDecision.AVOID,0,0,"{'fundamental_score': 3.6000000000000005, 'technical_score': 0, 'confidence': 0}"
PAYTM.NS,1153.5,InvestmentDecision.AVOID,0,0,"{'fundamental_score': 4.7, 'technical_score': 0, 'confidence': 0}"
IOB.NS,33.4900016784668,InvestmentDecision.AVOID,0,0,"{'fundamental_score': 7.4, 'technical_score': 0, 'confidence': 0}"
OFSS.NS,9703.5,InvestmentDecision.AVOID,0,0,"{'fundamental_score': 8.7, 'technical_score': 0, 'confidence': 0}"
GVT&D.NS,4679.39990234375,InvestmentDecision.AVOID,0,0,"{'fundamental_score': 8.7, 'technical_score': 0, 'confidence': 0}"
RVNL.NS,269.6000061035156,InvestmentDecision.AVOID,0,0,"{'fundamental_score': 6.25, 'technical_score': 0, 'confidence': 0}"
PRESTIGE.NS,1387.800048828125,InvestmentDecision.AVOID,0,0,"{'fundamental_score': 4.25, 'technical_score': 0, 'confidence': 0}"
LLOYDSME.NS,1654.9000244140625,InvestmentDecision.AVOID,0,0,"{'fundamental_score': 7.8, 'technical_score': 0, 'confidence': 0}"
UNOMINDA.NS,1056.4000244140625,InvestmentDecision.AVOID,0,0,"{'fundamental_score': 6.3, 'technical_score': 0, 'confidence': 0}"
FORTIS.NS,974.5999755859375,InvestmentDecision.AVOID,0,0,"{'fundamental_score': 6.7, 'technical_score': 0, 'confidence': 0}"
NYKAA.NS,273.29998779296875,InvestmentDecision.AVOID,0,0,"{'fundamental_score': 5.45, 'technical_score': 0, 'confidence': 0}"
OIL.NS,504.3999938964844,InvestmentDecision.AVOID,0,0,"{'fundamental_score': 6.550000000000001, 'technical_score': 0, 'confidence': 0}"
ATGL.NS,610.5999755859375,InvestmentDecision.AVOID,0,0,"{'fundamental_score': 6.2, 'technical_score': 0, 'confidence': 0}"
COROMANDEL.NS,1871.5999755859375,InvestmentDecision.AVOID,0,0,"{'fundamental_score': 6.7, 'technical_score': 0, 'confidence': 0}"
GICRE.NS,386.3999938964844,InvestmentDecision.AVOID,0,0,"{'fundamental_score': 6.6000000000000005, 'technical_score': 0, 'confidence': 0}"
YESBANK.NS,22.0,InvestmentDecision.AVOID,0,0,"{'fundamental_score': 5.800000000000001, 'technical_score': 0, 'confidence': 0}"
VMM.NS,122.13999938964844,InvestmentDecision.AVOID,0,0,"{'fundamental_score': 5.500000000000001, 'technical_score': 0, 'confidence': 0}"
TORNTPOWER.NS,1512.5999755859375,InvestmentDecision.AVOID,0,0,"{'fundamental_score': 5.75, 'technical_score': 0, 'confidence': 0}"
AUROPHARMA.NS,1517.5,InvestmentDecision.AVOID,0,0,"{'fundamental_score': 2.5, 'technical_score': 0, 'confidence': 0}"
NMDC.NS,88.4800033569336,InvestmentDecision.AVOID,0,0,"{'fundamental_score': 8.2, 'technical_score': 0, 'confidence': 0}"
ALKEM.NS,5436.5,InvestmentDecision.AVOID,0,0,"{'fundamental_score': 7.9, 'technical_score': 0, 'confidence': 0}"
BERGEPAINT.NS,508.45001220703125,InvestmentDecision.AVOID,0,0,"{'fundamental_score': 6.7, 'technical_score': 0, 'confidence': 0}"
MRF.NS,127125.0,InvestmentDecision.AVOID,0,0,"{'fundamental_score': 5.5, 'technical_score': 0, 'confidence': 0}"
PATANJALI.NS,467.1499938964844,InvestmentDecision.AVOID,0,0,"{'fundamental_score': 5.9, 'technical_score': 0, 'confidence': 0}"
GODREJPROP.NS,1719.4000244140625,InvestmentDecision.AVOID,0,0,"{'fundamental_score': 6.75, 'technical_score': 0, 'confidence': 0}"
HDBFS.NS,673.4000244140625,InvestmentDecision.AVOID,0,0,"{'fundamental_score': 5.5, 'technical_score': 0, 'confidence': 0}"
LTF.NS,275.6499938964844,InvestmentDecision.AVOID,0,0,"{'fundamental_score': 5.1000000000000005, 'technical_score': 0, 'confidence': 0}"
JSWINFRA.NS,265.45001220703125,InvestmentDecision.AVOID,0,0,"{'fundamental_score': 7.25, 'technical_score': 0, 'confidence': 0}"
SCHAEFFLER.NS,4014.89990234375,InvestmentDecision.AVOID,0,0,"{'fundamental_score': 6.3, 'technical_score': 0, 'confidence': 0}"
INDUSINDBK.NS,897.1500244140625,InvestmentDecision.AVOID,0,0,"{'fundamental_score': 4.300000000000001, 'technical_score': 0, 'confidence': 0}"
JSL.NS,736.9500122070312,InvestmentDecision.AVOID,0,0,"{'fundamental_score': 6.7, 'technical_score': 0, 'confidence': 0}"
AUBANK.NS,974.0,InvestmentDecision.AVOID,0,0,"{'fundamental_score': 7.4, 'technical_score': 0, 'confidence': 0}"
COLPAL.NS,2185.39990234375,InvestmentDecision.AVOID,0,0,"{'fundamental_score': 7.4, 'technical_score': 0, 'confidence': 0}"
OBEROIRLTY.NS,1626.699951171875,InvestmentDecision.AVOID,0,0,"{'fundamental_score': 7.7, 'technical_score': 0, 'confidence': 0}"
BHARATFORG.NS,1888.199951171875,InvestmentDecision.AVOID,0,0,"{'fundamental_score': 4.65, 'technical_score': 0, 'confidence': 0}"
FACT.NS,867.2999877929688,InvestmentDecision.AVOID,0,0,"{'fundamental_score': 5.2, 'technical_score': 0, 'confidence': 0}"
COFORGE.NS,1402.300048828125,InvestmentDecision.AVOID,0,0,"{'fundamental_score': 7.2, 'technical_score': 0, 'confidence': 0}"
PHOENIXLTD.NS,1745.300048828125,InvestmentDecision.AVOID,0,0,"{'fundamental_score': 7.2, 'technical_score': 0, 'confidence': 0}"
BANKINDIA.NS,139.1699981689453,InvestmentDecision.AVOID,0,0,"{'fundamental_score': 7.000000000000001, 'technical_score': 0, 'confidence': 0}"
TIINDIA.NS,2970.89990234375,InvestmentDecision.AVOID,0,0,"{'fundamental_score': 6.7, 'technical_score': 0, 'confidence': 0}"
IRCTC.NS,527.8499755859375,InvestmentDecision.AVOID,0,0,"{'fundamental_score': 7.4, 'technical_score': 0, 'confidence': 0}"
BDL.NS,1303.800048828125,InvestmentDecision.AVOID,0,0,"{'fundamental_score': 7.9, 'technical_score': 0, 'confidence': 0}"
UPL.NS,634.3499755859375,InvestmentDecision.AVOID,0,0,"{'fundamental_score': 4.25, 'technical_score': 0, 'confidence': 0}"
IDFCFIRSTB.NS,68.20999908447266,InvestmentDecision.AVOID,0,0,"{'fundamental_score': 7.4, 'technical_score': 0, 'confidence': 0}"
PIIND.NS,2901.199951171875,InvestmentDecision.AVOID,0,0,"{'fundamental_score': 7.7, 'technical_score': 0, 'confidence': 0}"
MOTILALOFS.NS,846.4500122070312,InvestmentDecision.AVOID,0,0,"{'fundamental_score': 5.9, 'technical_score': 0, 'confidence': 0}"
GLENMARK.NS,2379.0,InvestmentDecision.AVOID,0,0,"{'fundamental_score': 6.7, 'technical_score': 0, 'confidence': 0}"
MFSL.NS,1625.4000244140625,InvestmentDecision.AVOID,0,0,"{'fundamental_score': 4.300000000000001, 'technical_score': 0, 'confidence': 0}"
SAIL.NS,199.0399932861328,InvestmentDecision.AVOID,0,0,"{'fundamental_score': 6.25, 'technical_score': 0, 'confidence': 0}"
FEDERALBNK.NS,289.8999938964844,InvestmentDecision.AVOID,0,0,"{'fundamental_score': 6.6000000000000005, 'technical_score': 0, 'confidence': 0}"
NAM-INDIA.NS,1103.0,InvestmentDecision.AVOID,0,0,"{'fundamental_score': 7.8, 'technical_score': 0, 'confidence': 0}"
MPHASIS.NS,2228.0,InvestmentDecision.AVOID,0,0,"{'fundamental_score': 7.2, 'technical_score': 0, 'confidence': 0}"
KALYANKJIL.NS,343.54998779296875,InvestmentDecision.AVOID,0,0,"{'fundamental_score': 5.8500000000000005, 'technical_score': 0, 'confidence': 0}"
LINDEINDIA.NS,7256.5,InvestmentDecision.AVOID,0,0,"{'fundamental_score': 8.2, 'technical_score': 0, 'confidence': 0}"
SUNDARMFIN.NS,4480.60009765625,InvestmentDecision.AVOID,0,0,"{'fundamental_score': 5.9, 'technical_score': 0, 'confidence': 0}"
SUPREMEIND.NS,3467.699951171875,InvestmentDecision.AVOID,0,0,"{'fundamental_score': 6.7, 'technical_score': 0, 'confidence': 0}"
BIOCON.NS,432.70001220703125,InvestmentDecision.AVOID,0,0,"{'fundamental_score': 4.7, 'technical_score': 0, 'confidence': 0}"
TATACOMM.NS,1775.5999755859375,InvestmentDecision.AVOID,0,0,"{'fundamental_score': 5.7, 'technical_score': 0, 'confidence': 0}"
LAURUSLABS.NS,1361.0999755859375,InvestmentDecision.AVOID,0,0,"{'fundamental_score': 7.6, 'technical_score': 0, 'confidence': 0}"
AIIL.NS,527.2000122070312,InvestmentDecision.AVOID,0,0,"{'fundamental_score': 7.4, 'technical_score': 0, 'confidence': 0}"
GODFRYPHLP.NS,2305.300048828125,InvestmentDecision.AVOID,0,0,"{'fundamental_score': 7.5, 'technical_score': 0, 'confidence': 0}"
JKCEMENT.NS,5344.5,InvestmentDecision.AVOID,0,0,"{'fundamental_score': 6.25, 'technical_score': 0, 'confidence': 0}"
UBL.NS,1348.800048828125,InvestmentDecision.AVOID,0,0,"{'fundamental_score': 5.1000000000000005, 'technical_score': 0, 'confidence': 0}"
APLAPOLLO.NS,1857.0999755859375,InvestmentDecision.AVOID,0,0,"{'fundamental_score': 7.2, 'technical_score': 0, 'confidence': 0}"
PAGEIND.NS,38285.0,InvestmentDecision.AVOID,0,0,"{'fundamental_score': 6.800000000000001, 'technical_score': 0, 'confidence': 0}"
GLAXO.NS,2346.800048828125,InvestmentDecision.AVOID,0,0,"{'fundamental_score': 8.2, 'technical_score': 0, 'confidence': 0}"
BALKRISIND.NS,2155.0,InvestmentDecision.AVOID,0,0,"{'fundamental_score': 6.800000000000001, 'technical_score': 0, 'confidence': 0}"
ITCHOTELS.NS,154.5,InvestmentDecision.AVOID,0,0,"{'fundamental_score': 7.4, 'technical_score': 0, 'confidence': 0}"
COCHINSHIP.NS,1507.800048828125,InvestmentDecision.AVOID,0,0,"{'fundamental_score': 7.1, 'technical_score': 0, 'confidence': 0}"
PREMIERENE.NS,992.4000244140625,InvestmentDecision.AVOID,0,0,"{'fundamental_score': 8.25, 'technical_score': 0, 'confidence': 0}"
HEXT.NS,502.8999938964844,InvestmentDecision.AVOID,0,0,"{'fundamental_score': 7.2, 'technical_score': 0, 'confidence': 0}"
LTTS.NS,3580.60009765625,InvestmentDecision.AVOID,0,0,"{'fundamental_score': 7.2, 'technical_score': 0, 'confidence': 0}"
VOLTAS.NS,1295.800048828125,InvestmentDecision.AVOID,0,0,"{'fundamental_score': 4.300000000000001, 'technical_score': 0, 'confidence': 0}"
360ONE.NS,1107.4000244140625,InvestmentDecision.AVOID,0,0,"{'fundamental_score': 5.5, 'technical_score': 0, 'confidence': 0}"
MAHABANK.NS,78.75,InvestmentDecision.AVOID,0,0,"{'fundamental_score': 7.8, 'technical_score': 0, 'confidence': 0}"
PGHH.NS,9621.0,InvestmentDecision.AVOID,0,0,"{'fundamental_score': 6.1, 'technical_score': 0, 'confidence': 0}"
PETRONET.NS,264.6499938964844,InvestmentDecision.AVOID,0,0,"{'fundamental_score': 6.3, 'technical_score': 0, 'confidence': 0}"
IREDA.NS,126.7699966430664,InvestmentDecision.AVOID,0,0,"{'fundamental_score': 5.9, 'technical_score': 0, 'confidence': 0}"
ANTHEM.NS,780.5,InvestmentDecision.AVOID,0,0,"{'fundamental_score': 8.2, 'technical_score': 0, 'confidence': 0}"
CONCOR.NS,504.1499938964844,InvestmentDecision.AVOID,0,0,"{'fundamental_score': 7.6, 'technical_score': 0, 'confidence': 0}"
M&MFIN.NS,309.0,InvestmentDecision.AVOID,0,0,"{'fundamental_score': 4.0, 'technical_score': 0, 'confidence': 0}"
NATIONALUM.NS,402.3999938964844,InvestmentDecision.AVOID,0,0,"{'fundamental_score': 8.7, 'technical_score': 0, 'confidence': 0}"
DALBHARAT.NS,1706.800048828125,InvestmentDecision.AVOID,0,0,"{'fundamental_score': 4.7, 'technical_score': 0, 'confidence': 0}"
JUBLFOOD.NS,472.54998779296875,InvestmentDecision.AVOID,0,0,"{'fundamental_score': 5.9, 'technical_score': 0, 'confidence': 0}"
ESCORTS.NS,2895.60009765625,InvestmentDecision.AVOID,0,0,"{'fundamental_score': 7.7, 'technical_score': 0, 'confidence': 0}"
RADICO.NS,3565.89990234375,InvestmentDecision.AVOID,0,0,"{'fundamental_score': 5.9, 'technical_score': 0, 'confidence': 0}"
KAYNES.NS,3001.0,InvestmentDecision.AVOID,0,0,"{'fundamental_score': 5.7, 'technical_score': 0, 'confidence': 0}"
FLUOROCHEM.NS,3750.800048828125,InvestmentDecision.AVOID,0,0,"{'fundamental_score': 7.6, 'technical_score': 0, 'confidence': 0}"
ENDURANCE.NS,2552.300048828125,InvestmentDecision.AVOID,0,0,"{'fundamental_score': 5.9, 'technical_score': 0, 'confidence': 0}"
KEI.NS,5119.7998046875,InvestmentDecision.AVOID,0,0,"{'fundamental_score': 6.2, 'technical_score': 0, 'confidence': 0}"
ASTRAL.NS,1443.699951171875,InvestmentDecision.AVOID,0,0,"{'fundamental_score': 6.2, 'technical_score': 0, 'confidence': 0}"
THERMAX.NS,4415.10009765625,InvestmentDecision.AVOID,0,0,"{'fundamental_score': 6.2, 'technical_score': 0, 'confidence': 0}"
UCOBANK.NS,24.530000686645508,InvestmentDecision.AVOID,0,0,"{'fundamental_score': 5.800000000000001, 'technical_score': 0, 'confidence': 0}"
BLUESTARCO.NS,1678.0999755859375,InvestmentDecision.AVOID,0,0,"{'fundamental_score': 6.7, 'technical_score': 0, 'confidence': 0}"
NH.NS,1902.4000244140625,InvestmentDecision.AVOID,0,0,"{'fundamental_score': 6.25, 'technical_score': 0, 'confidence': 0}"
TATAINVEST.NS,662.0999755859375,InvestmentDecision.AVOID,0,0,"{'fundamental_score': 5.800000000000001, 'technical_score': 0, 'confidence': 0}"
GODREJIND.NS,1124.1500244140625,InvestmentDecision.AVOID,0,0,"{'fundamental_score': 4.2, 'technical_score': 0, 'confidence': 0}"
POONAWALLA.NS,400.1000061035156,InvestmentDecision.AVOID,0,0,"{'fundamental_score': 4.300000000000001, 'technical_score': 0, 'confidence': 0}"
CRISIL.NS,4213.7001953125,InvestmentDecision.AVOID,0,0,"{'fundamental_score': 7.4, 'technical_score': 0, 'confidence': 0}"
KPRMILL.NS,958.5499877929688,InvestmentDecision.AVOID,0,0,"{'fundamental_score': 6.800000000000001, 'technical_score': 0, 'confidence': 0}"
CHOLAHLDNG.NS,1631.300048828125,InvestmentDecision.AVOID,0,0,"{'fundamental_score': 4.800000000000001, 'technical_score': 0, 'confidence': 0}"
3MINDIA.NS,31140.0,InvestmentDecision.AVOID,0,0,"{'fundamental_score': 6.7, 'technical_score': 0, 'confidence': 0}"
IPCALAB.NS,1646.5999755859375,InvestmentDecision.AVOID,0,0,"{'fundamental_score': 6.7, 'technical_score': 0, 'confidence': 0}"
APARINDS.NS,12676.0,InvestmentDecision.AVOID,0,0,"{'fundamental_score': 6.7, 'technical_score': 0, 'confidence': 0}"
SJVN.NS,73.58000183105469,InvestmentDecision.AVOID,0,0,"{'fundamental_score': 4.1, 'technical_score': 0, 'confidence': 0}"
MEDANTA.NS,1240.0999755859375,InvestmentDecision.AVOID,0,0,"{'fundamental_score': 7.6, 'technical_score': 0, 'confidence': 0}"
ACC.NS,1351.5999755859375,InvestmentDecision.AVOID,0,0,"{'fundamental_score': 5.7, 'technical_score': 0, 'confidence': 0}"
TATAELXSI.NS,4175.10009765625,InvestmentDecision.AVOID,0,0,"{'fundamental_score': 8.4, 'technical_score': 0, 'confidence': 0}"
NLCINDIA.NS,354.6499938964844,InvestmentDecision.AVOID,0,0,"{'fundamental_score': 7.75, 'technical_score': 0, 'confidence': 0}"
AWL.NS,196.72999572753906,InvestmentDecision.AVOID,0,0,"{'fundamental_score': 5.1000000000000005, 'technical_score': 0, 'confidence': 0}"
CENTRALBK.NS,33.849998474121094,InvestmentDecision.AVOID,0,0,"{'fundamental_score': 6.6000000000000005, 'technical_score': 0, 'confidence': 0}"
KPITTECH.NS,750.7999877929688,InvestmentDecision.AVOID,0,0,"{'fundamental_score': 7.2, 'technical_score': 0, 'confidence': 0}"
CDSL.NS,1224.5999755859375,InvestmentDecision.AVOID,0,0,"{'fundamental_score': 7.8, 'technical_score': 0, 'confidence': 0}"
DELHIVERY.NS,456.79998779296875,InvestmentDecision.AVOID,0,0,"{'fundamental_score': 4.7, 'technical_score': 0, 'confidence': 0}"
ASTERDM.NS,764.8499755859375,InvestmentDecision.AVOID,0,0,"{'fundamental_score': 5.7, 'technical_score': 0, 'confidence': 0}"
EXIDEIND.NS,339.54998779296875,InvestmentDecision.AVOID,0,0,"{'fundamental_score': 4.300000000000001, 'technical_score': 0, 'confidence': 0}"
GODIGIT.NS,311.1000061035156,InvestmentDecision.AVOID,0,0,"{'fundamental_score': 5.1000000000000005, 'technical_score': 0, 'confidence': 0}"
HONAUT.NS,30180.0,InvestmentDecision.AVOID,0,0,"{'fundamental_score': 6.7, 'technical_score': 0, 'confidence': 0}"
AJANTPHARM.NS,3188.800048828125,InvestmentDecision.AVOID,0,0,"{'fundamental_score': 8.7, 'technical_score': 0, 'confidence': 0}"
METROBRAND.NS,1042.800048828125,InvestmentDecision.AVOID,0,0,"{'fundamental_score': 6.35, 'technical_score': 0, 'confidence': 0}"
AIAENG.NS,3962.199951171875,InvestmentDecision.AVOID,0,0,"{'fundamental_score': 8.2, 'technical_score': 0, 'confidence': 0}"
COHANCE.NS,419.8999938964844,InvestmentDecision.AVOID,0,0,"{'fundamental_score': 6.7, 'technical_score': 0, 'confidence': 0}"
LICHSGFIN.NS,546.7999877929688,InvestmentDecision.AVOID,0,0,"{'fundamental_score': 5.5, 'technical_score': 0, 'confidence': 0}"
GILLETTE.NS,7684.5,InvestmentDecision.AVOID,0,0,"{'fundamental_score': 7.4, 'technical_score': 0, 'confidence': 0}"
GLAND.NS,2221.800048828125,InvestmentDecision.AVOID,0,0,"{'fundamental_score': 6.9, 'technical_score': 0, 'confidence': 0}"
APOLLOTYRE.NS,375.8999938964844,InvestmentDecision.AVOID,0,0,"{'fundamental_score': 4.300000000000001, 'technical_score': 0, 'confidence': 0}"
NIACL.NS,163.10000610351562,InvestmentDecision.AVOID,0,0,"{'fundamental_score': 4.300000000000001, 'technical_score': 0, 'confidence': 0}"
NBCC.NS,93.01000213623047,InvestmentDecision.AVOID,0,0,"{'fundamental_score': 6.7, 'technical_score': 0, 'confidence': 0}"
ITI.NS,286.0,InvestmentDecision.AVOID,0,0,"{'fundamental_score': 6.25, 'technical_score': 0, 'confidence': 0}"
HINDCOPPER.NS,554.5999755859375,InvestmentDecision.AVOID,0,0,"{'fundamental_score': 8.7, 'technical_score': 0, 'confidence': 0}"
GRSE.NS,2647.39990234375,InvestmentDecision.AVOID,0,0,"{'fundamental_score': 7.2, 'technical_score': 0, 'confidence': 0}"
MSUMI.NS,39.720001220703125,InvestmentDecision.AVOID,0,0,"{'fundamental_score': 6.3, 'technical_score': 0, 'confidence': 0}"
GUJGASLTD.NS,372.6000061035156,InvestmentDecision.AVOID,0,0,"{'fundamental_score': 5.8, 'technical_score': 0, 'confidence': 0}"
IGL.NS,154.8000030517578,InvestmentDecision.AVOID,0,0,"{'fundamental_score': 6.7, 'technical_score': 0, 'confidence': 0}"
SONACOMS.NS,588.5999755859375,InvestmentDecision.AVOID,0,0,"{'fundamental_score': 6.0, 'technical_score': 0, 'confidence': 0}"
AEGISVOPAK.NS,199.64999389648438,InvestmentDecision.AVOID,0,0,"{'fundamental_score': 7.4, 'technical_score': 0, 'confidence': 0}"
KIMS.NS,755.7999877929688,InvestmentDecision.AVOID,0,0,"{'fundamental_score': 4.2, 'technical_score': 0, 'confidence': 0}"
TATATECH.NS,664.0999755859375,InvestmentDecision.AVOID,0,0,"{'fundamental_score': 6.2, 'technical_score': 0, 'confidence': 0}"
IKS.NS,1628.5999755859375,InvestmentDecision.AVOID,0,0,"{'fundamental_score': 8.2, 'technical_score': 0, 'confidence': 0}"
STARHEALTH.NS,519.7999877929688,InvestmentDecision.AVOID,0,0,"{'fundamental_score': 5.9, 'technical_score': 0, 'confidence': 0}"
JBCHEPHARM.NS,2163.60009765625,InvestmentDecision.AVOID,0,0,"{'fundamental_score': 7.9, 'technical_score': 0, 'confidence': 0}"
TVSHLTD.NS,13569.0,InvestmentDecision.AVOID,0,0,"{'fundamental_score': 4.4, 'technical_score': 0, 'confidence': 0}"
IRB.NS,21.1299991607666,InvestmentDecision.AVOID,0,0,"{'fundamental_score': 5.8, 'technical_score': 0, 'confidence': 0}"
SUMICHEM.NS,460.75,InvestmentDecision.AVOID,0,0,"{'fundamental_score': 7.9, 'technical_score': 0, 'confidence': 0}"
AFFLE.NS,1443.9000244140625,InvestmentDecision.AVOID,0,0,"{'fundamental_score': 7.4, 'technical_score': 0, 'confidence': 0}"
AEGISLOG.NS,727.8499755859375,InvestmentDecision.AVOID,0,0,"{'fundamental_score': 5.9, 'technical_score': 0, 'confidence': 0}"
NAVINFLUOR.NS,7046.5,InvestmentDecision.AVOID,0,0,"{'fundamental_score': 8.7, 'technical_score': 0, 'confidence': 0}"
SYNGENE.NS,466.04998779296875,InvestmentDecision.AVOID,0,0,"{'fundamental_score': 4.7, 'technical_score': 0, 'confidence': 0}"
BANDHANBNK.NS,192.14999389648438,InvestmentDecision.AVOID,0,0,"{'fundamental_score': 5.200000000000001, 'technical_score': 0, 'confidence': 0}"
EMCURE.NS,1751.5,InvestmentDecision.AVOID,0,0,"{'fundamental_score': 7.2, 'technical_score': 0, 'confidence': 0}"
LALPATHLAB.NS,1668.5999755859375,InvestmentDecision.AVOID,0,0,"{'fundamental_score': 8.7, 'technical_score': 0, 'confidence': 0}"
AMBER.NS,7049.5,InvestmentDecision.AVOID,0,0,"{'fundamental_score': 4.300000000000001, 'technical_score': 0, 'confidence': 0}"
PPLPHARMA.NS,176.35000610351562,InvestmentDecision.AVOID,0,0,"{'fundamental_score': 4.25, 'technical_score': 0, 'confidence': 0}"
ZFCVINDIA.NS,14410.0,InvestmentDecision.AVOID,0,0,"{'fundamental_score': 6.4, 'technical_score': 0, 'confidence': 0}"
NUVAMA.NS,1499.0,InvestmentDecision.AVOID,0,0,"{'fundamental_score': 6.300000000000001, 'technical_score': 0, 'confidence': 0}"
MRPL.NS,148.1300048828125,InvestmentDecision.AVOID,0,0,"{'fundamental_score': 4.6000000000000005, 'technical_score': 0, 'confidence': 0}"
RAMCOCEM.NS,879.9500122070312,InvestmentDecision.AVOID,0,0,"{'fundamental_score': 6.25, 'technical_score': 0, 'confidence': 0}"
SHYAMMETL.NS,922.5999755859375,InvestmentDecision.AVOID,0,0,"{'fundamental_score': 4.7, 'technical_score': 0, 'confidence': 0}"
FSL.NS,247.32000732421875,InvestmentDecision.AVOID,0,0,"{'fundamental_score': 6.25, 'technical_score': 0, 'confidence': 0}"
EMAMILTD.NS,428.79998779296875,InvestmentDecision.AVOID,0,0,"{'fundamental_score': 7.4, 'technical_score': 0, 'confidence': 0}"
DEEPAKNTR.NS,1824.0,InvestmentDecision.AVOID,0,0,"{'fundamental_score': 5.7, 'technical_score': 0, 'confidence': 0}"
INOXWIND.NS,95.2699966430664,InvestmentDecision.AVOID,0,0,"{'fundamental_score': 6.7, 'technical_score': 0, 'confidence': 0}"
EIHOTEL.NS,322.5,InvestmentDecision.AVOID,0,0,"{'fundamental_score': 7.4, 'technical_score': 0, 'confidence': 0}"
WOCKPHARMA.NS,1611.9000244140625,InvestmentDecision.AVOID,0,0,"{'fundamental_score': 4.7, 'technical_score': 0, 'confidence': 0}"
PTCIL.NS,15796.0,InvestmentDecision.AVOID,0,0,"{'fundamental_score': 7.6, 'technical_score': 0, 'confidence': 0}"
PFIZER.NS,4687.60009765625,InvestmentDecision.AVOID,0,0,"{'fundamental_score': 8.2, 'technical_score': 0, 'confidence': 0}"
ANANDRATHI.NS,3533.699951171875,InvestmentDecision.AVOID,0,0,"{'fundamental_score': 7.8, 'technical_score': 0, 'confidence': 0}"
KIOCL.NS,376.6000061035156,InvestmentDecision.AVOID,0,0,"{'fundamental_score': 6.7, 'technical_score': 0, 'confidence': 0}"
MANAPPURAM.NS,319.1499938964844,InvestmentDecision.AVOID,0,0,"{'fundamental_score': 4.300000000000001, 'technical_score': 0, 'confidence': 0}"
PNBHOUSING.NS,1060.800048828125,InvestmentDecision.AVOID,0,0,"{'fundamental_score': 5.5, 'technical_score': 0, 'confidence': 0}"
BRIGADE.NS,679.75,InvestmentDecision.AVOID,0,0,"{'fundamental_score': 5.25, 'technical_score': 0, 'confidence': 0}"
ABSLAMC.NS,1021.0999755859375,InvestmentDecision.AVOID,0,0,"{'fundamental_score': 7.8, 'technical_score': 0, 'confidence': 0}"
TIMKEN.NS,3656.199951171875,InvestmentDecision.AVOID,0,0,"{'fundamental_score': 6.2, 'technical_score': 0, 'confidence': 0}"
HSCL.NS,581.4000244140625,InvestmentDecision.AVOID,0,0,"{'fundamental_score': 7.9, 'technical_score': 0, 'confidence': 0}"
FORCEMOT.NS,19083.0,InvestmentDecision.AVOID,0,0,"{'fundamental_score': 7.199999999999999, 'technical_score': 0, 'confidence': 0}"
WELCORP.NS,1316.699951171875,InvestmentDecision.AVOID,0,0,"{'fundamental_score': 6.7, 'technical_score': 0, 'confidence': 0}"
ANGELONE.NS,325.0,InvestmentDecision.AVOID,0,0,"{'fundamental_score': 6.5, 'technical_score': 0, 'confidence': 0}"
TATACHEM.NS,729.9500122070312,InvestmentDecision.AVOID,0,0,"{'fundamental_score': 4.7, 'technical_score': 0, 'confidence': 0}"
ASAHIINDIA.NS,828.9500122070312,InvestmentDecision.AVOID,0,0,"{'fundamental_score': 5.45, 'technical_score': 0, 'confidence': 0}"
ASTRAZEN.NS,8609.5,InvestmentDecision.AVOID,0,0,"{'fundamental_score': 6.7, 'technical_score': 0, 'confidence': 0}"
ERIS.NS,1458.199951171875,InvestmentDecision.AVOID,0,0,"{'fundamental_score': 7.15, 'technical_score': 0, 'confidence': 0}"
CESC.NS,180.64999389648438,InvestmentDecision.AVOID,0,0,"{'fundamental_score': 4.7, 'technical_score': 0, 'confidence': 0}"
HBLENGINE.NS,784.2999877929688,InvestmentDecision.AVOID,0,0,"{'fundamental_score': 8.2, 'technical_score': 0, 'confidence': 0}"
SUNTV.NS,517.4500122070312,InvestmentDecision.AVOID,0,0,"{'fundamental_score': 8.2, 'technical_score': 0, 'confidence': 0}"
KARURVYSYA.NS,286.54998779296875,InvestmentDecision.AVOID,0,0,"{'fundamental_score': 7.4, 'technical_score': 0, 'confidence': 0}"
SAGILITY.NS,42.099998474121094,InvestmentDecision.AVOID,0,0,"{'fundamental_score': 7.6, 'technical_score': 0, 'confidence': 0}"
JYOTICNC.NS,669.9500122070312,InvestmentDecision.AVOID,0,0,"{'fundamental_score': 7.9, 'technical_score': 0, 'confidence': 0}"
KEC.NS,471.70001220703125,InvestmentDecision.AVOID,0,0,"{'fundamental_score': 5.25, 'technical_score': 0, 'confidence': 0}"
AADHARHFC.NS,479.70001220703125,InvestmentDecision.AVOID,0,0,"{'fundamental_score': 5.9, 'technical_score': 0, 'confidence': 0}"
IIFL.NS,464.0,InvestmentDecision.AVOID,0,0,"{'fundamental_score': 5.5, 'technical_score': 0, 'confidence': 0}"
REDINGTON.NS,224.17999267578125,InvestmentDecision.AVOID,0,0,"{'fundamental_score': 6.2, 'technical_score': 0, 'confidence': 0}"
HATSUN.NS,939.0,InvestmentDecision.AVOID,0,0,"{'fundamental_score': 5.0, 'technical_score': 0, 'confidence': 0}"
CREDITACC.NS,1293.9000244140625,InvestmentDecision.AVOID,0,0,"{'fundamental_score': 5.1000000000000005, 'technical_score': 0, 'confidence': 0}"
JSWHL.NS,12612.0,InvestmentDecision.AVOID,0,0,"{'fundamental_score': 8.2, 'technical_score': 0, 'confidence': 0}"
PSB.NS,23.540000915527344,InvestmentDecision.AVOID,0,0,"{'fundamental_score': 6.6000000000000005, 'technical_score': 0, 'confidence': 0}"
ONESOURCE.NS,1867.4000244140625,InvestmentDecision.AVOID,0,0,"{'fundamental_score': 6.7, 'technical_score': 0, 'confidence': 0}"
KPIL.NS,1276.800048828125,InvestmentDecision.AVOID,0,0,"{'fundamental_score': 6.2, 'technical_score': 0, 'confidence': 0}"
ATHERENERG.NS,909.0499877929688,InvestmentDecision.AVOID,0,0,"{'fundamental_score': 4.300000000000001, 'technical_score': 0, 'confidence': 0}"
SUNDRMFAST.NS,834.5499877929688,InvestmentDecision.AVOID,0,0,"{'fundamental_score': 5.500000000000001, 'technical_score': 0, 'confidence': 0}"
ABREL.NS,1279.0,InvestmentDecision.AVOID,0,0,"{'fundamental_score': 3.2, 'technical_score': 0, 'confidence': 0}"
OLAELEC.NS,36.959999084472656,InvestmentDecision.AVOID,0,0,"{'fundamental_score': 1.05, 'technical_score': 0, 'confidence': 0}"
CHALET.NS,800.0999755859375,InvestmentDecision.AVOID,0,0,"{'fundamental_score': 7.3500000000000005, 'technical_score': 0, 'confidence': 0}"
CHAMBLFERT.NS,444.20001220703125,InvestmentDecision.AVOID,0,0,"{'fundamental_score': 7.2, 'technical_score': 0, 'confidence': 0}"
ANANTRAJ.NS,488.70001220703125,InvestmentDecision.AVOID,0,0,"{'fundamental_score': 7.2, 'technical_score': 0, 'confidence': 0}"
ECLERX.NS,1518.0999755859375,InvestmentDecision.AVOID,0,0,"{'fundamental_score': 7.9, 'technical_score': 0, 'confidence': 0}"
CASTROLIND.NS,182.32000732421875,InvestmentDecision.AVOID,0,0,"{'fundamental_score': 7.1000000000000005, 'technical_score': 0, 'confidence': 0}"
SCHNEIDER.NS,1300.0,InvestmentDecision.AVOID,0,0,"{'fundamental_score': 6.25, 'technical_score': 0, 'confidence': 0}"
POLYMED.NS,1459.4000244140625,InvestmentDecision.AVOID,0,0,"{'fundamental_score': 8.2, 'technical_score': 0, 'confidence': 0}"
DCMSHRIRAM.NS,1098.0999755859375,InvestmentDecision.AVOID,0,0,"{'fundamental_score': 5.7, 'technical_score': 0, 'confidence': 0}"
BASF.NS,3623.5,InvestmentDecision.AVOID,0,0,"{'fundamental_score': 5.7, 'technical_score': 0, 'confidence': 0}"
KANSAINER.NS,214.61000061035156,InvestmentDecision.AVOID,0,0,"{'fundamental_score': 4.7, 'technical_score': 0, 'confidence': 0}"
DEVYANI.NS,116.22000122070312,InvestmentDecision.AVOID,0,0,"{'fundamental_score': 2.8000000000000003, 'technical_score': 0, 'confidence': 0}"
NEULANDLAB.NS,16624.0,InvestmentDecision.AVOID,0,0,"{'fundamental_score': 6.7, 'technical_score': 0, 'confidence': 0}"
CROMPTON.NS,290.6000061035156,InvestmentDecision.AVOID,0,0,"{'fundamental_score': 5.9, 'technical_score': 0, 'confidence': 0}"
EIDPARRY.NS,798.0499877929688,InvestmentDecision.AVOID,0,0,"{'fundamental_score': 6.7, 'technical_score': 0, 'confidence': 0}"
CAMS.NS,780.4000244140625,InvestmentDecision.AVOID,0,0,"{'fundamental_score': 8.7, 'technical_score': 0, 'confidence': 0}"
KFINTECH.NS,828.0499877929688,InvestmentDecision.AVOID,0,0,"{'fundamental_score': 8.7, 'technical_score': 0, 'confidence': 0}"
RPOWER.NS,27.1299991607666,InvestmentDecision.AVOID,0,0,"{'fundamental_score': 6.25, 'technical_score': 0, 'confidence': 0}"
BIKAJI.NS,676.7999877929688,InvestmentDecision.AVOID,0,0,"{'fundamental_score': 5.9, 'technical_score': 0, 'confidence': 0}"
KAJARIACER.NS,1053.699951171875,InvestmentDecision.AVOID,0,0,"{'fundamental_score': 6.7, 'technical_score': 0, 'confidence': 0}"
ATUL.NS,6992.0,InvestmentDecision.AVOID,0,0,"{'fundamental_score': 5.7, 'technical_score': 0, 'confidence': 0}"
SARDAEN.NS,554.25,InvestmentDecision.AVOID,0,0,"{'fundamental_score': 8.2, 'technical_score': 0, 'confidence': 0}"
APLLTD.NS,752.3499755859375,InvestmentDecision.AVOID,0,0,"{'fundamental_score': 6.2, 'technical_score': 0, 'confidence': 0}"
DEEPAKFERT.NS,1317.800048828125,InvestmentDecision.AVOID,0,0,"{'fundamental_score': 6.25, 'technical_score': 0, 'confidence': 0}"
FIRSTCRY.NS,220.88999938964844,InvestmentDecision.AVOID,0,0,"{'fundamental_score': 5.9, 'technical_score': 0, 'confidence': 0}"
SAILIFE.NS,1141.300048828125,InvestmentDecision.AVOID,0,0,"{'fundamental_score': 7.9, 'technical_score': 0, 'confidence': 0}"
CGCL.NS,185.92999267578125,InvestmentDecision.AVOID,0,0,"{'fundamental_score': 5.9, 'technical_score': 0, 'confidence': 0}"
ARE&M.NS,821.4500122070312,InvestmentDecision.AVOID,0,0,"{'fundamental_score': 6.7, 'technical_score': 0, 'confidence': 0}"
GRINDWELL.NS,1928.800048828125,InvestmentDecision.AVOID,0,0,"{'fundamental_score': 7.6, 'technical_score': 0, 'confidence': 0}"
VINATIORGA.NS,1329.4000244140625,InvestmentDecision.AVOID,0,0,"{'fundamental_score': 7.7, 'technical_score': 0, 'confidence': 0}"
SKFINDIA.NS,1654.800048828125,InvestmentDecision.AVOID,0,0,"{'fundamental_score': 6.2, 'technical_score': 0, 'confidence': 0}"
MAHSCOOTER.NS,11510.0,InvestmentDecision.AVOID,0,0,"{'fundamental_score': 5.800000000000001, 'technical_score': 0, 'confidence': 0}"
JUBLPHARMA.NS,1014.2000122070312,InvestmentDecision.AVOID,0,0,"{'fundamental_score': 6.7, 'technical_score': 0, 'confidence': 0}"
ZENSARTECH.NS,490.3500061035156,InvestmentDecision.AVOID,0,0,"{'fundamental_score': 6.7, 'technical_score': 0, 'confidence': 0}"
FIVESTAR.NS,444.04998779296875,InvestmentDecision.AVOID,0,0,"{'fundamental_score': 6.5, 'technical_score': 0, 'confidence': 0}"
TRITURBINE.NS,656.5499877929688,InvestmentDecision.AVOID,0,0,"{'fundamental_score': 7.9, 'technical_score': 0, 'confidence': 0}"
CARBORUNIV.NS,1059.1500244140625,InvestmentDecision.AVOID,0,0,"{'fundamental_score': 4.7, 'technical_score': 0, 'confidence': 0}"
RBLBANK.NS,328.5,InvestmentDecision.AVOID,0,0,"{'fundamental_score': 5.9, 'technical_score': 0, 'confidence': 0}"
GSPL.NS,268.3500061035156,InvestmentDecision.AVOID,0,0,"{'fundamental_score': 6.7, 'technical_score': 0, 'confidence': 0}"
RATNAMANI.NS,2539.800048828125,InvestmentDecision.AVOID,0,0,"{'fundamental_score': 6.2, 'technical_score': 0, 'confidence': 0}"
PGEL.NS,461.8500061035156,InvestmentDecision.AVOID,0,0,"{'fundamental_score': 6.7, 'technical_score': 0, 'confidence': 0}"
VENTIVE.NS,628.2999877929688,InvestmentDecision.AVOID,0,0,"{'fundamental_score': 5.500000000000001, 'technical_score': 0, 'confidence': 0}"
NAVA.NS,627.3499755859375,InvestmentDecision.AVOID,0,0,"{'fundamental_score': 6.9, 'technical_score': 0, 'confidence': 0}"
CUB.NS,250.0500030517578,InvestmentDecision.AVOID,0,0,"{'fundamental_score': 7.000000000000001, 'technical_score': 0, 'confidence': 0}"
CENTURYPLY.NS,763.25,InvestmentDecision.AVOID,0,0,"{'fundamental_score': 6.25, 'technical_score': 0, 'confidence': 0}"
BEML.NS,1828.800048828125,InvestmentDecision.AVOID,0,0,"{'fundamental_score': 6.7, 'technical_score': 0, 'confidence': 0}"
MANYAVAR.NS,415.04998779296875,InvestmentDecision.AVOID,0,0,"{'fundamental_score': 7.8, 'technical_score': 0, 'confidence': 0}"
ABLBL.NS,103.4000015258789,InvestmentDecision.AVOID,0,0,"{'fundamental_score': 4.4, 'technical_score': 0, 'confidence': 0}"
NETWEB.NS,3841.699951171875,InvestmentDecision.AVOID,0,0,"{'fundamental_score': 7.2, 'technical_score': 0, 'confidence': 0}"
TBOTEK.NS,1179.300048828125,InvestmentDecision.AVOID,0,0,"{'fundamental_score': 5.45, 'technical_score': 0, 'confidence': 0}"
CONCORDBIO.NS,1116.0,InvestmentDecision.AVOID,0,0,"{'fundamental_score': 8.2, 'technical_score': 0, 'confidence': 0}"
TRAVELFOOD.NS,1060.0999755859375,InvestmentDecision.AVOID,0,0,"{'fundamental_score': 7.4, 'technical_score': 0, 'confidence': 0}"
UTIAMC.NS,947.9500122070312,InvestmentDecision.AVOID,0,0,"{'fundamental_score': 6.6000000000000005, 'technical_score': 0, 'confidence': 0}"
SOBHA.NS,1371.5999755859375,InvestmentDecision.AVOID,0,0,"{'fundamental_score': 4.7, 'technical_score': 0, 'confidence': 0}"
LMW.NS,14395.0,InvestmentDecision.AVOID,0,0,"{'fundamental_score': 6.7, 'technical_score': 0, 'confidence': 0}"
ACMESOLAR.NS,281.6499938964844,InvestmentDecision.AVOID,0,0,"{'fundamental_score': 5.7, 'technical_score': 0, 'confidence': 0}"
IRCON.NS,141.0800018310547,InvestmentDecision.AVOID,0,0,"{'fundamental_score': 6.25, 'technical_score': 0, 'confidence': 0}"
GABRIEL.NS,1089.0999755859375,InvestmentDecision.AVOID,0,0,"{'fundamental_score': 5.9, 'technical_score': 0, 'confidence': 0}"
GMDCLTD.NS,642.7999877929688,InvestmentDecision.AVOID,0,0,"{'fundamental_score': 7.000000000000001, 'technical_score': 0, 'confidence': 0}"
CRAFTSMAN.NS,8575.0,InvestmentDecision.AVOID,0,0,"{'fundamental_score': 4.6000000000000005, 'technical_score': 0, 'confidence': 0}"
ELGIEQUIP.NS,565.25,InvestmentDecision.AVOID,0,0,"{'fundamental_score': 6.7, 'technical_score': 0, 'confidence': 0}"
NATCOPHARM.NS,1156.300048828125,InvestmentDecision.AVOID,0,0,"{'fundamental_score': 8.2, 'technical_score': 0, 'confidence': 0}"
CHOICEIN.NS,664.8499755859375,InvestmentDecision.AVOID,0,0,"{'fundamental_score': 7.4, 'technical_score': 0, 'confidence': 0}"
VGUARD.NS,308.04998779296875,InvestmentDecision.AVOID,0,0,"{'fundamental_score': 6.2, 'technical_score': 0, 'confidence': 0}"
APTUS.NS,269.1000061035156,InvestmentDecision.AVOID,0,0,"{'fundamental_score': 6.300000000000001, 'technical_score': 0, 'confidence': 0}"
SIGNATURE.NS,820.75,InvestmentDecision.AVOID,0,0,"{'fundamental_score': 5.2, 'technical_score': 0, 'confidence': 0}"
CIEINDIA.NS,462.8999938964844,InvestmentDecision.AVOID,0,0,"{'fundamental_score': 5.9, 'technical_score': 0, 'confidence': 0}"
TECHNOE.NS,1202.699951171875,InvestmentDecision.AVOID,0,0,"{'fundamental_score': 7.9, 'technical_score': 0, 'confidence': 0}"
WHIRLPOOL.NS,856.0,InvestmentDecision.AVOID,0,0,"{'fundamental_score': 5.9, 'technical_score': 0, 'confidence': 0}"
JMFINANCIL.NS,128.10000610351562,InvestmentDecision.AVOID,0,0,"{'fundamental_score': 6.5, 'technical_score': 0, 'confidence': 0}"
GPIL.NS,305.8500061035156,InvestmentDecision.AVOID,0,0,"{'fundamental_score': 7.1, 'technical_score': 0, 'confidence': 0}"
AFCONS.NS,305.3999938964844,InvestmentDecision.AVOID,0,0,"{'fundamental_score': 6.25, 'technical_score': 0, 'confidence': 0}"
AKZOINDIA.NS,2928.199951171875,InvestmentDecision.AVOID,0,0,"{'fundamental_score': 8.2, 'technical_score': 0, 'confidence': 0}"
ABDL.NS,532.25,InvestmentDecision.AVOID,0,0,"{'fundamental_score': 5.050000000000001, 'technical_score': 0, 'confidence': 0}"
CAPLIPOINT.NS,2016.5999755859375,InvestmentDecision.AVOID,0,0,"{'fundamental_score': 8.7, 'technical_score': 0, 'confidence': 0}"
DATAPATTNS.NS,3834.10009765625,InvestmentDecision.AVOID,0,0,"{'fundamental_score': 8.2, 'technical_score': 0, 'confidence': 0}"
IGIL.NS,375.25,InvestmentDecision.AVOID,0,0,"{'fundamental_score': 8.7, 'technical_score': 0, 'confidence': 0}"
DOMS.NS,2263.0,InvestmentDecision.AVOID,0,0,"{'fundamental_score': 6.7, 'technical_score': 0, 'confidence': 0}"
LTFOODS.NS,402.29998779296875,InvestmentDecision.AVOID,0,0,"{'fundamental_score': 5.500000000000001, 'technical_score': 0, 'confidence': 0}"
KIRLOSBROS.NS,1605.800048828125,InvestmentDecision.AVOID,0,0,"{'fundamental_score': 6.7, 'technical_score': 0, 'confidence': 0}"
AGARWALEYE.NS,459.70001220703125,InvestmentDecision.AVOID,0,0,"{'fundamental_score': 6.7, 'technical_score': 0, 'confidence': 0}"
JBMA.NS,643.5999755859375,InvestmentDecision.AVOID,0,0,"{'fundamental_score': 4.4, 'technical_score': 0, 'confidence': 0}"
RRKABEL.NS,1945.199951171875,InvestmentDecision.AVOID,0,0,"{'fundamental_score': 7.2, 'technical_score': 0, 'confidence': 0}"
GALLANTT.NS,669.8499755859375,InvestmentDecision.AVOID,0,0,"{'fundamental_score': 6.7, 'technical_score': 0, 'confidence': 0}"
IFCI.NS,61.40999984741211,InvestmentDecision.AVOID,0,0,"{'fundamental_score': 5.9, 'technical_score': 0, 'confidence': 0}"
NIVABUPA.NS,81.51000213623047,InvestmentDecision.AVOID,0,0,"{'fundamental_score': 4.300000000000001, 'technical_score': 0, 'confidence': 0}"
INDIAMART.NS,1998.0,InvestmentDecision.AVOID,0,0,"{'fundamental_score': 8.7, 'technical_score': 0, 'confidence': 0}"
GESHIP.NS,1665.4000244140625,InvestmentDecision.AVOID,0,0,"{'fundamental_score': 8.7, 'technical_score': 0, 'confidence': 0}"
PARADEEP.NS,124.36000061035156,InvestmentDecision.AVOID,0,0,"{'fundamental_score': 6.3, 'technical_score': 0, 'confidence': 0}"
CEATLTD.NS,3167.39990234375,InvestmentDecision.AVOID,0,0,"{'fundamental_score': 5.050000000000001, 'technical_score': 0, 'confidence': 0}"
TRIDENT.NS,24.270000457763672,InvestmentDecision.AVOID,0,0,"{'fundamental_score': 5.9, 'technical_score': 0, 'confidence': 0}"
RAINBOW.NS,1342.0,InvestmentDecision.AVOID,0,0,"{'fundamental_score': 7.45, 'technical_score': 0, 'confidence': 0}"
INTELLECT.NS,689.9500122070312,InvestmentDecision.AVOID,0,0,"{'fundamental_score': 5.7, 'technical_score': 0, 'confidence': 0}"
SYRMA.NS,1004.0,InvestmentDecision.AVOID,0,0,"{'fundamental_score': 6.2, 'technical_score': 0, 'confidence': 0}"
FINEORG.NS,4594.10009765625,InvestmentDecision.AVOID,0,0,"{'fundamental_score': 7.9, 'technical_score': 0, 'confidence': 0}"
NUVOCO.NS,314.70001220703125,InvestmentDecision.AVOID,0,0,"{'fundamental_score': 4.7, 'technical_score': 0, 'confidence': 0}"
BATAINDIA.NS,686.9000244140625,InvestmentDecision.AVOID,0,0,"{'fundamental_score': 5.45, 'technical_score': 0, 'confidence': 0}"
SWANCORP.NS,320.8500061035156,InvestmentDecision.AVOID,0,0,"{'fundamental_score': 6.7, 'technical_score': 0, 'confidence': 0}"
KIRLOSENG.NS,1663.0999755859375,InvestmentDecision.AVOID,0,0,"{'fundamental_score': 5.2, 'technical_score': 0, 'confidence': 0}"
BLS.NS,268.3999938964844,InvestmentDecision.AVOID,0,0,"{'fundamental_score': 8.7, 'technical_score': 0, 'confidence': 0}"
AARTIIND.NS,463.3500061035156,InvestmentDecision.AVOID,0,0,"{'fundamental_score': 4.25, 'technical_score': 0, 'confidence': 0}"
THELEELA.NS,406.79998779296875,InvestmentDecision.AVOID,0,0,"{'fundamental_score': 5.800000000000001, 'technical_score': 0, 'confidence': 0}"
SPLPETRO.NS,688.25,InvestmentDecision.AVOID,0,0,"{'fundamental_score': 6.2, 'technical_score': 0, 'confidence': 0}"
BLUEDART.NS,4839.5,InvestmentDecision.AVOID,0,0,"{'fundamental_score': 6.7, 'technical_score': 0, 'confidence': 0}"
ZYDUSWELL.NS,512.5499877929688,InvestmentDecision.AVOID,0,0,"{'fundamental_score': 3.8500000000000005, 'technical_score': 0, 'confidence': 0}"
KSB.NS,827.7999877929688,InvestmentDecision.AVOID,0,0,"{'fundamental_score': 6.7, 'technical_score': 0, 'confidence': 0}"
PCBL.NS,292.6499938964844,InvestmentDecision.AVOID,0,0,"{'fundamental_score': 3.8000000000000003, 'technical_score': 0, 'confidence': 0}"
JWL.NS,273.04998779296875,InvestmentDecision.AVOID,0,0,"{'fundamental_score': 6.7, 'technical_score': 0, 'confidence': 0}"
ZENTEC.NS,1604.199951171875,InvestmentDecision.AVOID,0,0,"{'fundamental_score': 8.2, 'technical_score': 0, 'confidence': 0}"
GODREJAGRO.NS,574.2000122070312,InvestmentDecision.AVOID,0,0,"{'fundamental_score': 5.8500000000000005, 'technical_score': 0, 'confidence': 0}"
IEX.NS,125.62000274658203,InvestmentDecision.AVOID,0,0,"{'fundamental_score': 7.8, 'technical_score': 0, 'confidence': 0}"
BBTC.NS,1518.199951171875,InvestmentDecision.AVOID,0,0,"{'fundamental_score': 6.3, 'technical_score': 0, 'confidence': 0}"
CYIENT.NS,905.0499877929688,InvestmentDecision.AVOID,0,0,"{'fundamental_score': 4.7, 'technical_score': 0, 'confidence': 0}"
INDGN.NS,513.5999755859375,InvestmentDecision.AVOID,0,0,"{'fundamental_score': 6.2, 'technical_score': 0, 'confidence': 0}"
AAVAS.NS,1358.199951171875,InvestmentDecision.AVOID,0,0,"{'fundamental_score': 5.5, 'technical_score': 0, 'confidence': 0}"
MINDACORP.NS,517.4000244140625,InvestmentDecision.AVOID,0,0,"{'fundamental_score': 5.45, 'technical_score': 0, 'confidence': 0}"
BELRISE.NS,209.97999572753906,InvestmentDecision.AVOID,0,0,"{'fundamental_score': 5.9, 'technical_score': 0, 'confidence': 0}"
CELLO.NS,385.3500061035156,InvestmentDecision.AVOID,0,0,"{'fundamental_score': 6.800000000000001, 'technical_score': 0, 'confidence': 0}"
JPPOWER.NS,18.309999465942383,InvestmentDecision.AVOID,0,0,"{'fundamental_score': 4.7, 'technical_score': 0, 'confidence': 0}"
TARIL.NS,306.0,InvestmentDecision.AVOID,0,0,"{'fundamental_score': 7.2, 'technical_score': 0, 'confidence': 0}"
NEWGEN.NS,450.29998779296875,InvestmentDecision.AVOID,0,0,"{'fundamental_score': 8.7, 'technical_score': 0, 'confidence': 0}"
ANURAS.NS,1371.5,InvestmentDecision.AVOID,0,0,"{'fundamental_score': 6.7, 'technical_score': 0, 'confidence': 0}"
GRANULES.NS,758.6500244140625,InvestmentDecision.AVOID,0,0,"{'fundamental_score': 6.2, 'technical_score': 0, 'confidence': 0}"
GRAVITA.NS,1615.300048828125,InvestmentDecision.AVOID,0,0,"{'fundamental_score': 6.7, 'technical_score': 0, 'confidence': 0}"
HOMEFIRST.NS,1079.0999755859375,InvestmentDecision.AVOID,0,0,"{'fundamental_score': 5.9, 'technical_score': 0, 'confidence': 0}"
MGL.NS,1075.5999755859375,InvestmentDecision.AVOID,0,0,"{'fundamental_score': 6.7, 'technical_score': 0, 'confidence': 0}"
USHAMART.NS,465.5,InvestmentDecision.AVOID,0,0,"{'fundamental_score': 7.6, 'technical_score': 0, 'confidence': 0}"
LEMONTREE.NS,111.13999938964844,InvestmentDecision.AVOID,0,0,"{'fundamental_score': 6.2, 'technical_score': 0, 'confidence': 0}"
TEGA.NS,1578.5999755859375,InvestmentDecision.AVOID,0,0,"{'fundamental_score': 6.7, 'technical_score': 0, 'confidence': 0}"
VTL.NS,609.75,InvestmentDecision.AVOID,0,0,"{'fundamental_score': 4.300000000000001, 'technical_score': 0, 'confidence': 0}"
NCC.NS,146.6699981689453,InvestmentDecision.AVOID,0,0,"{'fundamental_score': 5.7, 'technical_score': 0, 'confidence': 0}"
FINCABLES.NS,1039.699951171875,InvestmentDecision.AVOID,0,0,"{'fundamental_score': 6.7, 'technical_score': 0, 'confidence': 0}"
ACE.NS,896.8499755859375,InvestmentDecision.AVOID,0,0,"{'fundamental_score': 7.6, 'technical_score': 0, 'confidence': 0}"
ELECON.NS,486.25,InvestmentDecision.AVOID,0,0,"{'fundamental_score': 7.6, 'technical_score': 0, 'confidence': 0}"
EMBDL.NS,64.5999984741211,InvestmentDecision.AVOID,0,0,"{'fundamental_score': 6.7, 'technical_score': 0, 'confidence': 0}"
JINDALSAW.NS,219.5399932861328,InvestmentDecision.AVOID,0,0,"{'fundamental_score': 4.7, 'technical_score': 0, 'confidence': 0}"
WELSPUNLIV.NS,141.64999389648438,InvestmentDecision.AVOID,0,0,"{'fundamental_score': 4.300000000000001, 'technical_score': 0, 'confidence': 0}"
NSLNISP.NS,43.209999084472656,InvestmentDecision.AVOID,0,0,"{'fundamental_score': 6.7, 'technical_score': 0, 'confidence': 0}"
ACUTAAS.NS,3000.39990234375,InvestmentDecision.AVOID,0,0,"{'fundamental_score': 8.7, 'technical_score': 0, 'confidence': 0}"
RITES.NS,204.22000122070312,InvestmentDecision.AVOID,0,0,"{'fundamental_score': 8.2, 'technical_score': 0, 'confidence': 0}"
CCL.NS,1096.0,InvestmentDecision.AVOID,0,0,"{'fundamental_score': 5.8500000000000005, 'technical_score': 0, 'confidence': 0}"
FINPIPE.NS,167.5,InvestmentDecision.AVOID,0,0,"{'fundamental_score': 7.6, 'technical_score': 0, 'confidence': 0}"
SAMMAANCAP.NS,141.8000030517578,InvestmentDecision.AVOID,0,0,"{'fundamental_score': 5.9, 'technical_score': 0, 'confidence': 0}"
INGERRAND.NS,4430.7998046875,InvestmentDecision.AVOID,0,0,"{'fundamental_score': 8.2, 'technical_score': 0, 'confidence': 0}"
INDIACEM.NS,400.25,InvestmentDecision.AVOID,0,0,"{'fundamental_score': 4.7, 'technical_score': 0, 'confidence': 0}"
BLUEJET.NS,437.54998779296875,InvestmentDecision.AVOID,0,0,"{'fundamental_score': 8.2, 'technical_score': 0, 'confidence': 0}"
CARTRADE.NS,1824.199951171875,InvestmentDecision.AVOID,0,0,"{'fundamental_score': 6.6000000000000005, 'technical_score': 0, 'confidence': 0}"
CHENNPETRO.NS,1012.2000122070312,InvestmentDecision.AVOID,0,0,"{'fundamental_score': 6.3, 'technical_score': 0, 'confidence': 0}"
SBFC.NS,91.4000015258789,InvestmentDecision.AVOID,0,0,"{'fundamental_score': 5.5, 'technical_score': 0, 'confidence': 0}"
RAILTEL.NS,320.29998779296875,InvestmentDecision.AVOID,0,0,"{'fundamental_score': 6.7, 'technical_score': 0, 'confidence': 0}"
CLEAN.NS,754.75,InvestmentDecision.AVOID,0,0,"{'fundamental_score': 8.2, 'technical_score': 0, 'confidence': 0}"
TITAGARH.NS,746.9500122070312,InvestmentDecision.AVOID,0,0,"{'fundamental_score': 6.7, 'technical_score': 0, 'confidence': 0}"
JYOTHYLAB.NS,209.60000610351562,InvestmentDecision.AVOID,0,0,"{'fundamental_score': 6.3, 'technical_score': 0, 'confidence': 0}"
SHRIPISTON.NS,3281.800048828125,InvestmentDecision.AVOID,0,0,"{'fundamental_score': 5.9, 'technical_score': 0, 'confidence': 0}"
ALIVUS.NS,1056.5,InvestmentDecision.AVOID,0,0,"{'fundamental_score': 8.7, 'technical_score': 0, 'confidence': 0}"
ENGINERSIN.NS,241.39999389648438,InvestmentDecision.AVOID,0,0,"{'fundamental_score': 8.2, 'technical_score': 0, 'confidence': 0}"
J&KBANK.NS,134.3300018310547,InvestmentDecision.AVOID,0,0,"{'fundamental_score': 7.4, 'technical_score': 0, 'confidence': 0}"
OLECTRA.NS,1220.800048828125,InvestmentDecision.AVOID,0,0,"{'fundamental_score': 6.7, 'technical_score': 0, 'confidence': 0}"
GRINFRA.NS,940.2000122070312,InvestmentDecision.AVOID,0,0,"{'fundamental_score': 5.25, 'technical_score': 0, 'confidence': 0}"
JUBLINGREA.NS,735.4500122070312,InvestmentDecision.AVOID,0,0,"{'fundamental_score': 6.7, 'technical_score': 0, 'confidence': 0}"
SANOFI.NS,3190.0,InvestmentDecision.AVOID,0,0,"{'fundamental_score': 7.9, 'technical_score': 0, 'confidence': 0}"
SANOFICONR.NS,4688.89990234375,InvestmentDecision.AVOID,0,0,"{'fundamental_score': 8.2, 'technical_score': 0, 'confidence': 0}"
EUREKAFORB.NS,469.20001220703125,InvestmentDecision.AVOID,0,0,"{'fundamental_score': 5.9, 'technical_score': 0, 'confidence': 0}"
WAAREERTL.NS,947.2999877929688,InvestmentDecision.AVOID,0,0,"{'fundamental_score': 6.7, 'technical_score': 0, 'confidence': 0}"
RELAXO.NS,291.29998779296875,InvestmentDecision.AVOID,0,0,"{'fundamental_score': 5.9, 'technical_score': 0, 'confidence': 0}"
PRUDENT.NS,2690.89990234375,InvestmentDecision.AVOID,0,0,"{'fundamental_score': 7.5, 'technical_score': 0, 'confidence': 0}"
TTML.NS,42.119998931884766,InvestmentDecision.AVOID,0,0,"{'fundamental_score': 6.7, 'technical_score': 0, 'confidence': 0}"
CANFINHOME.NS,838.5,InvestmentDecision.AVOID,0,0,"{'fundamental_score': 6.300000000000001, 'technical_score': 0, 'confidence': 0}"
BSOFT.NS,319.6000061035156,InvestmentDecision.AVOID,0,0,"{'fundamental_score': 6.2, 'technical_score': 0, 'confidence': 0}"
GRAPHITE.NS,740.5499877929688,InvestmentDecision.AVOID,0,0,"{'fundamental_score': 7.6, 'technical_score': 0, 'confidence': 0}"
JKTYRE.NS,361.04998779296875,InvestmentDecision.AVOID,0,0,"{'fundamental_score': 5.45, 'technical_score': 0, 'confidence': 0}"
BLACKBUCK.NS,517.0999755859375,InvestmentDecision.AVOID,0,0,"{'fundamental_score': 8.2, 'technical_score': 0, 'confidence': 0}"
ZEEL.NS,82.94999694824219,InvestmentDecision.AVOID,0,0,"{'fundamental_score': 6.7, 'technical_score': 0, 'confidence': 0}"
SAFARI.NS,1495.199951171875,InvestmentDecision.AVOID,0,0,"{'fundamental_score': 5.9, 'technical_score': 0, 'confidence': 0}"
INOXINDIA.NS,1449.199951171875,InvestmentDecision.AVOID,0,0,"{'fundamental_score': 8.4, 'technical_score': 0, 'confidence': 0}"
HFCL.NS,139.33999633789062,InvestmentDecision.AVOID,0,0,"{'fundamental_score': 4.7, 'technical_score': 0, 'confidence': 0}"
PVRINOX.NS,987.5999755859375,InvestmentDecision.AVOID,0,0,"{'fundamental_score': 4.25, 'technical_score': 0, 'confidence': 0}"
SCI.NS,327.1499938964844,InvestmentDecision.AVOID,0,0,"{'fundamental_score': 6.7, 'technical_score': 0, 'confidence': 0}"
JKLAKSHMI.NS,636.0499877929688,InvestmentDecision.AVOID,0,0,"{'fundamental_score': 6.25, 'technical_score': 0, 'confidence': 0}"
VIJAYA.NS,1271.699951171875,InvestmentDecision.AVOID,0,0,"{'fundamental_score': 8.2, 'technical_score': 0, 'confidence': 0}"
PRIVISCL.NS,3173.0,InvestmentDecision.AVOID,0,0,"{'fundamental_score': 7.65, 'technical_score': 0, 'confidence': 0}"
SONATSOFTW.NS,267.04998779296875,InvestmentDecision.AVOID,0,0,"{'fundamental_score': 7.2, 'technical_score': 0, 'confidence': 0}"
AETHER.NS,1085.5,InvestmentDecision.AVOID,0,0,"{'fundamental_score': 7.2, 'technical_score': 0, 'confidence': 0}"
AZAD.NS,2007.5999755859375,InvestmentDecision.AVOID,0,0,"{'fundamental_score': 7.2, 'technical_score': 0, 'confidence': 0}"
EDELWEISS.NS,111.0,InvestmentDecision.AVOID,0,0,"{'fundamental_score': 3.6000000000000005, 'technical_score': 0, 'confidence': 0}"
NAZARA.NS,291.04998779296875,InvestmentDecision.AVOID,0,0,"{'fundamental_score': 4.7, 'technical_score': 0, 'confidence': 0}"
METROPOLIS.NS,518.2999877929688,InvestmentDecision.AVOID,0,0,"{'fundamental_score': 6.2, 'technical_score': 0, 'confidence': 0}"
IXIGO.NS,161.8699951171875,InvestmentDecision.AVOID,0,0,"{'fundamental_score': 5.9, 'technical_score': 0, 'confidence': 0}"
BALRAMCHIN.NS,530.75,InvestmentDecision.AVOID,0,0,"{'fundamental_score': 4.65, 'technical_score': 0, 'confidence': 0}"
VESUVIUS.NS,479.20001220703125,InvestmentDecision.AVOID,0,0,"{'fundamental_score': 7.6, 'technical_score': 0, 'confidence': 0}"
WESTLIFE.NS,468.20001220703125,InvestmentDecision.AVOID,0,0,"{'fundamental_score': 2.8000000000000003, 'technical_score': 0, 'confidence': 0}"
RKFORGE.NS,557.9000244140625,InvestmentDecision.AVOID,0,0,"{'fundamental_score': 4.25, 'technical_score': 0, 'confidence': 0}"
STARCEMENT.NS,213.3699951171875,InvestmentDecision.AVOID,0,0,"{'fundamental_score': 6.7, 'technical_score': 0, 'confidence': 0}"
GENUSPOWER.NS,309.95001220703125,InvestmentDecision.AVOID,0,0,"{'fundamental_score': 7.199999999999999, 'technical_score': 0, 'confidence': 0}"
RELINFRA.NS,67.44999694824219,InvestmentDecision.AVOID,0,0,"{'fundamental_score': 8.2, 'technical_score': 0, 'confidence': 0}"
HEG.NS,593.0499877929688,InvestmentDecision.AVOID,0,0,"{'fundamental_score': 5.6, 'technical_score': 0, 'confidence': 0}"
PGHL.NS,5358.0,InvestmentDecision.AVOID,0,0,"{'fundamental_score': 8.2, 'technical_score': 0, 'confidence': 0}"
ALKYLAMINE.NS,1776.5999755859375,InvestmentDecision.AVOID,0,0,"{'fundamental_score': 6.7, 'technical_score': 0, 'confidence': 0}"
TEJASNET.NS,466.3999938964844,InvestmentDecision.AVOID,0,0,"{'fundamental_score': 3.8000000000000003, 'technical_score': 0, 'confidence': 0}"
SHAILY.NS,2733.800048828125,InvestmentDecision.AVOID,0,0,"{'fundamental_score': 8.4, 'technical_score': 0, 'confidence': 0}"
TIMETECHNO.NS,171.97999572753906,InvestmentDecision.AVOID,0,0,"{'fundamental_score': 5.9, 'technical_score': 0, 'confidence': 0}"
BANCOINDIA.NS,590.6500244140625,InvestmentDecision.AVOID,0,0,"{'fundamental_score': 6.800000000000001, 'technical_score': 0, 'confidence': 0}"
AVANTIFEED.NS,1267.5,InvestmentDecision.AVOID,0,0,"{'fundamental_score': 5.9, 'technical_score': 0, 'confidence': 0}"
IIFLCAPS.NS,341.75,InvestmentDecision.AVOID,0,0,"{'fundamental_score': 7.3500000000000005, 'technical_score': 0, 'confidence': 0}"
ASKAUTOLTD.NS,446.1000061035156,InvestmentDecision.AVOID,0,0,"{'fundamental_score': 5.45, 'technical_score': 0, 'confidence': 0}"
MEDPLUS.NS,910.7999877929688,InvestmentDecision.AVOID,0,0,"{'fundamental_score': 6.25, 'technical_score': 0, 'confidence': 0}"
SHAKTIPUMP.NS,504.3999938964844,InvestmentDecision.AVOID,0,0,"{'fundamental_score': 6.7, 'technical_score': 0, 'confidence': 0}"
ABFRL.NS,62.529998779296875,InvestmentDecision.AVOID,0,0,"{'fundamental_score': 5.45, 'technical_score': 0, 'confidence': 0}"
MMTC.NS,63.93000030517578,InvestmentDecision.AVOID,0,0,"{'fundamental_score': 8.2, 'technical_score': 0, 'confidence': 0}"
SUDARSCHEM.NS,862.2999877929688,InvestmentDecision.AVOID,0,0,"{'fundamental_score': 6.25, 'technical_score': 0, 'confidence': 0}"
RHIM.NS,386.45001220703125,InvestmentDecision.AVOID,0,0,"{'fundamental_score': 6.7, 'technical_score': 0, 'confidence': 0}"
JLHL.NS,1318.199951171875,InvestmentDecision.AVOID,0,0,"{'fundamental_score': 7.1, 'technical_score': 0, 'confidence': 0}"
INDIASHLTR.NS,779.75,InvestmentDecision.AVOID,0,0,"{'fundamental_score': 5.9, 'technical_score': 0, 'confidence': 0}"
ASTRAMICRO.NS,1154.0999755859375,InvestmentDecision.AVOID,0,0,"{'fundamental_score': 7.6, 'technical_score': 0, 'confidence': 0}"
TDPOWERSYS.NS,1231.199951171875,InvestmentDecision.AVOID,0,0,"{'fundamental_score': 8.1, 'technical_score': 0, 'confidence': 0}"
KPIGREEN.NS,433.70001220703125,InvestmentDecision.AVOID,0,0,"{'fundamental_score': 6.4, 'technical_score': 0, 'confidence': 0}"
TRANSRAILL.NS,496.1000061035156,InvestmentDecision.AVOID,0,0,"{'fundamental_score': 6.7, 'technical_score': 0, 'confidence': 0}"
BIRLACORPN.NS,981.2999877929688,InvestmentDecision.AVOID,0,0,"{'fundamental_score': 4.7, 'technical_score': 0, 'confidence': 0}"
SAPPHIRE.NS,181.0500030517578,InvestmentDecision.AVOID,0,0,"{'fundamental_score': 3.4000000000000004, 'technical_score': 0, 'confidence': 0}"
MAPMYINDIA.NS,911.9500122070312,InvestmentDecision.AVOID,0,0,"{'fundamental_score': 8.2, 'technical_score': 0, 'confidence': 0}"
UJJIVANSFB.NS,53.529998779296875,InvestmentDecision.AVOID,0,0,"{'fundamental_score': 6.300000000000001, 'technical_score': 0, 'confidence': 0}"
HCG.NS,652.0499877929688,InvestmentDecision.AVOID,0,0,"{'fundamental_score': 3.8000000000000003, 'technical_score': 0, 'confidence': 0}"
NESCO.NS,1247.9000244140625,InvestmentDecision.AVOID,0,0,"{'fundamental_score': 8.2, 'technical_score': 0, 'confidence': 0}"
HAPPYFORGE.NS,1380.199951171875,InvestmentDecision.AVOID,0,0,"{'fundamental_score': 8.2, 'technical_score': 0, 'confidence': 0}"
HONASA.NS,356.75,InvestmentDecision.AVOID,0,0,"{'fundamental_score': 5.9, 'technical_score': 0, 'confidence': 0}"
KRBL.NS,329.95001220703125,InvestmentDecision.AVOID,0,0,"{'fundamental_score': 5.1000000000000005, 'technical_score': 0, 'confidence': 0}"
VARROC.NS,557.9000244140625,InvestmentDecision.AVOID,0,0,"{'fundamental_score': 5.45, 'technical_score': 0, 'confidence': 0}"
SANSERA.NS,2486.199951171875,InvestmentDecision.AVOID,0,0,"{'fundamental_score': 5.9, 'technical_score': 0, 'confidence': 0}"
LATENTVIEW.NS,317.95001220703125,InvestmentDecision.AVOID,0,0,"{'fundamental_score': 7.4, 'technical_score': 0, 'confidence': 0}"
WABAG.NS,1393.699951171875,InvestmentDecision.AVOID,0,0,"{'fundamental_score': 6.7, 'technical_score': 0, 'confidence': 0}"
LLOYDSENT.NS,69.5999984741211,InvestmentDecision.AVOID,0,0,"{'fundamental_score': 6.9, 'technical_score': 0, 'confidence': 0}"
TI.NS,422.79998779296875,InvestmentDecision.AVOID,0,0,"{'fundamental_score': 5.9, 'technical_score': 0, 'confidence': 0}"
ALOKINDS.NS,12.489999771118164,InvestmentDecision.AVOID,0,0,"{'fundamental_score': 5.9, 'technical_score': 0, 'confidence': 0}"
SANDUMA.NS,224.6699981689453,InvestmentDecision.AVOID,0,0,"{'fundamental_score': 8.1, 'technical_score': 0, 'confidence': 0}"
TTKPRESTIG.NS,542.5999755859375,InvestmentDecision.AVOID,0,0,"{'fundamental_score': 5.9, 'technical_score': 0, 'confidence': 0}"
DBREALTY.NS,112.7300033569336,InvestmentDecision.AVOID,0,0,"{'fundamental_score': 6.7, 'technical_score': 0, 'confidence': 0}"
MARKSANS.NS,217.4199981689453,InvestmentDecision.AVOID,0,0,"{'fundamental_score': 7.6, 'technical_score': 0, 'confidence': 0}"
TCI.NS,886.0,InvestmentDecision.AVOID,0,0,"{'fundamental_score': 6.7, 'technical_score': 0, 'confidence': 0}"
BBOX.NS,944.1500244140625,InvestmentDecision.AVOID,0,0,"{'fundamental_score': 5.8, 'technical_score': 0, 'confidence': 0}"
POWERMECH.NS,2459.800048828125,InvestmentDecision.AVOID,0,0,"{'fundamental_score': 6.7, 'technical_score': 0, 'confidence': 0}"
SOUTHBANK.NS,41.400001525878906,InvestmentDecision.AVOID,0,0,"{'fundamental_score': 7.000000000000001, 'technical_score': 0, 'confidence': 0}"
JAIBALAJI.NS,75.02999877929688,InvestmentDecision.AVOID,0,0,"{'fundamental_score': 6.7, 'technical_score': 0, 'confidence': 0}"
SAREGAMA.NS,406.5,InvestmentDecision.AVOID,0,0,"{'fundamental_score': 7.7, 'technical_score': 0, 'confidence': 0}"
JSLL.NS,650.5999755859375,InvestmentDecision.AVOID,0,0,"{'fundamental_score': 8.2, 'technical_score': 0, 'confidence': 0}"
PCJEWELLER.NS,8.210000038146973,InvestmentDecision.AVOID,0,0,"{'fundamental_score': 7.4, 'technical_score': 0, 'confidence': 0}"
LUMAXTECH.NS,1649.800048828125,InvestmentDecision.AVOID,0,0,"{'fundamental_score': 5.45, 'technical_score': 0, 'confidence': 0}"
TANLA.NS,516.8499755859375,InvestmentDecision.AVOID,0,0,"{'fundamental_score': 7.2, 'technical_score': 0, 'confidence': 0}"
MANORAMA.NS,1386.300048828125,InvestmentDecision.AVOID,0,0,"{'fundamental_score': 7.050000000000001, 'technical_score': 0, 'confidence': 0}"
ARVIND.NS,487.45001220703125,InvestmentDecision.AVOID,0,0,"{'fundamental_score': 5.1000000000000005, 'technical_score': 0, 'confidence': 0}"
APOLLO.NS,356.70001220703125,InvestmentDecision.AVOID,0,0,"{'fundamental_score': 6.7, 'technical_score': 0, 'confidence': 0}"
PNGJL.NS,524.9500122070312,InvestmentDecision.AVOID,0,0,"{'fundamental_score': 5.8500000000000005, 'technical_score': 0, 'confidence': 0}"
MAHSEAMLES.NS,640.7000122070312,InvestmentDecision.AVOID,0,0,"{'fundamental_score': 7.9, 'technical_score': 0, 'confidence': 0}"
HAPPSTMNDS.NS,374.1499938964844,InvestmentDecision.AVOID,0,0,"{'fundamental_score': 5.7, 'technical_score': 0, 'confidence': 0}"
CAMPUS.NS,231.97000122070312,InvestmentDecision.AVOID,0,0,"{'fundamental_score': 5.9, 'technical_score': 0, 'confidence': 0}"
RELIGARE.NS,228.52000427246094,InvestmentDecision.AVOID,0,0,"{'fundamental_score': 4.300000000000001, 'technical_score': 0, 'confidence': 0}"
GMRP&UI.NS,112.12999725341797,InvestmentDecision.AVOID,0,0,"{'fundamental_score': 4.4, 'technical_score': 0, 'confidence': 0}"
BECTORFOOD.NS,178.57000732421875,InvestmentDecision.AVOID,0,0,"{'fundamental_score': 5.9, 'technical_score': 0, 'confidence': 0}"
RCF.NS,124.18000030517578,InvestmentDecision.AVOID,0,0,"{'fundamental_score': 6.25, 'technical_score': 0, 'confidence': 0}"
ESABINDIA.NS,6646.0,InvestmentDecision.AVOID,0,0,"{'fundamental_score': 7.6, 'technical_score': 0, 'confidence': 0}"
VOLTAMP.NS,9176.0,InvestmentDecision.AVOID,0,0,"{'fundamental_score': 8.1, 'technical_score': 0, 'confidence': 0}"
STAR.NS,1141.699951171875,InvestmentDecision.AVOID,0,0,"{'fundamental_score': 6.25, 'technical_score': 0, 'confidence': 0}"
GALAXYSURF.NS,1825.800048828125,InvestmentDecision.AVOID,0,0,"{'fundamental_score': 5.7, 'technical_score': 0, 'confidence': 0}"
MAHLIFE.NS,326.70001220703125,InvestmentDecision.AVOID,0,0,"{'fundamental_score': 7.2, 'technical_score': 0, 'confidence': 0}"
GPPL.NS,154.1999969482422,InvestmentDecision.AVOID,0,0,"{'fundamental_score': 8.2, 'technical_score': 0, 'confidence': 0}"
SHARDACROP.NS,890.2000122070312,InvestmentDecision.AVOID,0,0,"{'fundamental_score': 6.7, 'technical_score': 0, 'confidence': 0}"
OSWALPUMPS.NS,362.25,InvestmentDecision.AVOID,0,0,"{'fundamental_score': 8.7, 'technical_score': 0, 'confidence': 0}"
DODLA.NS,1024.800048828125,InvestmentDecision.AVOID,0,0,"{'fundamental_score': 5.9, 'technical_score': 0, 'confidence': 0}"
NETWORK18.NS,31.780000686645508,InvestmentDecision.AVOID,0,0,"{'fundamental_score': 4.25, 'technical_score': 0, 'confidence': 0}"
DIACABS.NS,195.10000610351562,InvestmentDecision.AVOID,0,0,"{'fundamental_score': 6.7, 'technical_score': 0, 'confidence': 0}"
GRWRHITECH.NS,5635.2998046875,InvestmentDecision.AVOID,0,0,"{'fundamental_score': 7.4, 'technical_score': 0, 'confidence': 0}"
CERA.NS,5748.5,InvestmentDecision.AVOID,0,0,"{'fundamental_score': 6.2, 'technical_score': 0, 'confidence': 0}"
KIRLPNU.NS,1618.199951171875,InvestmentDecision.AVOID,0,0,"{'fundamental_score': 8.1, 'technical_score': 0, 'confidence': 0}"
BORORENEW.NS,515.25,InvestmentDecision.AVOID,0,0,"{'fundamental_score': 6.7, 'technical_score': 0, 'confidence': 0}"
KALPATARU.NS,319.8500061035156,InvestmentDecision.AVOID,0,0,"{'fundamental_score': 5.2, 'technical_score': 0, 'confidence': 0}"
TRIVENI.NS,370.20001220703125,InvestmentDecision.AVOID,0,0,"{'fundamental_score': 5.9, 'technical_score': 0, 'confidence': 0}"
GSFC.NS,177.3000030517578,InvestmentDecision.AVOID,0,0,"{'fundamental_score': 6.7, 'technical_score': 0, 'confidence': 0}"
GARFIBRES.NS,635.2000122070312,InvestmentDecision.AVOID,0,0,"{'fundamental_score': 6.800000000000001, 'technical_score': 0, 'confidence': 0}"
ACI.NS,521.5,InvestmentDecision.AVOID,0,0,"{'fundamental_score': 4.7, 'technical_score': 0, 'confidence': 0}"
SHILPAMED.NS,476.29998779296875,InvestmentDecision.AVOID,0,0,"{'fundamental_score': 6.7, 'technical_score': 0, 'confidence': 0}"
DBL.NS,436.8500061035156,InvestmentDecision.AVOID,0,0,"{'fundamental_score': 7.199999999999999, 'technical_score': 0, 'confidence': 0}"
MAXESTATES.NS,410.45001220703125,InvestmentDecision.AVOID,0,0,"{'fundamental_score': 7.45, 'technical_score': 0, 'confidence': 0}"
THOMASCOOK.NS,93.30999755859375,InvestmentDecision.AVOID,0,0,"{'fundamental_score': 5.1000000000000005, 'technical_score': 0, 'confidence': 0}"
AARTIPHARM.NS,700.75,InvestmentDecision.AVOID,0,0,"{'fundamental_score': 6.7, 'technical_score': 0, 'confidence': 0}"
GNFC.NS,520.4500122070312,InvestmentDecision.AVOID,0,0,"{'fundamental_score': 6.7, 'technical_score': 0, 'confidence': 0}"
THANGAMAYL.NS,3780.800048828125,InvestmentDecision.AVOID,0,0,"{'fundamental_score': 5.8500000000000005, 'technical_score': 0, 'confidence': 0}"
PRSMJOHNSN.NS,120.45999908447266,InvestmentDecision.AVOID,0,0,"{'fundamental_score': 6.25, 'technical_score': 0, 'confidence': 0}"
RUSTOMJEE.NS,394.8999938964844,InvestmentDecision.AVOID,0,0,"{'fundamental_score': 6.7, 'technical_score': 0, 'confidence': 0}"
AKUMS.NS,521.3499755859375,InvestmentDecision.AVOID,0,0,"{'fundamental_score': 4.7, 'technical_score': 0, 'confidence': 0}"
AJAXENGG.NS,569.3499755859375,InvestmentDecision.AVOID,0,0,"{'fundamental_score': 6.7, 'technical_score': 0, 'confidence': 0}"
ETHOSLTD.NS,2356.300048828125,InvestmentDecision.AVOID,0,0,"{'fundamental_score': 5.9, 'technical_score': 0, 'confidence': 0}"
PNCINFRA.NS,209.0800018310547,InvestmentDecision.AVOID,0,0,"{'fundamental_score': 6.95, 'technical_score': 0, 'confidence': 0}"
FDC.NS,363.6000061035156,InvestmentDecision.AVOID,0,0,"{'fundamental_score': 6.7, 'technical_score': 0, 'confidence': 0}"
LLOYDSENGG.NS,67.80999755859375,InvestmentDecision.AVOID,0,0,"{'fundamental_score': 7.6, 'technical_score': 0, 'confidence': 0}"
REDTAPE.NS,128.5,InvestmentDecision.AVOID,0,0,"{'fundamental_score': 5.0, 'technical_score': 0, 'confidence': 0}"
TMB.NS,692.75,InvestmentDecision.AVOID,0,0,"{'fundamental_score': 7.000000000000001, 'technical_score': 0, 'confidence': 0}"
TIPSMUSIC.NS,659.2999877929688,InvestmentDecision.AVOID,0,0,"{'fundamental_score': 8.7, 'technical_score': 0, 'confidence': 0}"
EPIGRAL.NS,1270.0999755859375,InvestmentDecision.AVOID,0,0,"{'fundamental_score': 7.6, 'technical_score': 0, 'confidence': 0}"
INOXGREEN.NS,180.4199981689453,InvestmentDecision.AVOID,0,0,"{'fundamental_score': 8.2, 'technical_score': 0, 'confidence': 0}"
SFL.NS,585.75,InvestmentDecision.AVOID,0,0,"{'fundamental_score': 4.300000000000001, 'technical_score': 0, 'confidence': 0}"
V2RETAIL.NS,227.27999877929688,InvestmentDecision.AVOID,0,0,"{'fundamental_score': 4.4, 'technical_score': 0, 'confidence': 0}"
MASTEK.NS,1619.300048828125,InvestmentDecision.AVOID,0,0,"{'fundamental_score': 6.2, 'technical_score': 0, 'confidence': 0}"
BALUFORGE.NS,472.79998779296875,InvestmentDecision.AVOID,0,0,"{'fundamental_score': 8.2, 'technical_score': 0, 'confidence': 0}"
MOIL.NS,298.79998779296875,InvestmentDecision.AVOID,0,0,"{'fundamental_score': 7.2, 'technical_score': 0, 'confidence': 0}"
RTNINDIA.NS,34.2599983215332,InvestmentDecision.AVOID,0,0,"{'fundamental_score': 5.0, 'technical_score': 0, 'confidence': 0}"
PFOCUS.NS,255.85000610351562,InvestmentDecision.AVOID,0,0,"{'fundamental_score': 5.2, 'technical_score': 0, 'confidence': 0}"
WELENT.NS,487.0,InvestmentDecision.AVOID,0,0,"{'fundamental_score': 5.75, 'technical_score': 0, 'confidence': 0}"
RAYMONDLSL.NS,726.6500244140625,InvestmentDecision.AVOID,0,0,"{'fundamental_score': 5.9, 'technical_score': 0, 'confidence': 0}"
ISGEC.NS,1060.300048828125,InvestmentDecision.AVOID,0,0,"{'fundamental_score': 6.7, 'technical_score': 0, 'confidence': 0}"
PRAJIND.NS,386.79998779296875,InvestmentDecision.AVOID,0,0,"{'fundamental_score': 6.7, 'technical_score': 0, 'confidence': 0}"
RATEGAIN.NS,659.5,InvestmentDecision.AVOID,0,0,"{'fundamental_score': 7.6, 'technical_score': 0, 'confidence': 0}"
MIDHANI.NS,398.6499938964844,InvestmentDecision.AVOID,0,0,"{'fundamental_score': 6.7, 'technical_score': 0, 'confidence': 0}"
KTKBANK.NS,263.79998779296875,InvestmentDecision.AVOID,0,0,"{'fundamental_score': 6.6000000000000005, 'technical_score': 0, 'confidence': 0}"
YATHARTH.NS,846.75,InvestmentDecision.AVOID,0,0,"{'fundamental_score': 7.9, 'technical_score': 0, 'confidence': 0}"
CSBBANK.NS,363.8500061035156,InvestmentDecision.AVOID,0,0,"{'fundamental_score': 7.000000000000001, 'technical_score': 0, 'confidence': 0}"
EPL.NS,215.66000366210938,InvestmentDecision.AVOID,0,0,"{'fundamental_score': 5.9, 'technical_score': 0, 'confidence': 0}"
AURIONPRO.NS,788.9500122070312,InvestmentDecision.AVOID,0,0,"{'fundamental_score': 7.1, 'technical_score': 0, 'confidence': 0}"
JUSTDIAL.NS,513.2000122070312,InvestmentDecision.AVOID,0,0,"{'fundamental_score': 7.2, 'technical_score': 0, 'confidence': 0}"
MHRIL.NS,220.72000122070312,InvestmentDecision.AVOID,0,0,"{'fundamental_score': 2.8000000000000003, 'technical_score': 0, 'confidence': 0}"
THYROCARE.NS,475.25,InvestmentDecision.AVOID,0,0,"{'fundamental_score': 8.7, 'technical_score': 0, 'confidence': 0}"
ARVINDFASN.NS,429.04998779296875,InvestmentDecision.AVOID,0,0,"{'fundamental_score': 5.0, 'technical_score': 0, 'confidence': 0}"
EQUITASBNK.NS,68.04000091552734,InvestmentDecision.AVOID,0,0,"{'fundamental_score': 3.8500000000000005, 'technical_score': 0, 'confidence': 0}"
ELLEN.NS,282.20001220703125,InvestmentDecision.AVOID,0,0,"{'fundamental_score': 8.2, 'technical_score': 0, 'confidence': 0}"
CMSINFO.NS,305.95001220703125,InvestmentDecision.AVOID,0,0,"{'fundamental_score': 5.5, 'technical_score': 0, 'confidence': 0}"
PGIL.NS,1583.0999755859375,InvestmentDecision.AVOID,0,0,"{'fundamental_score': 5.8500000000000005, 'technical_score': 0, 'confidence': 0}"
DHANUKA.NS,1150.800048828125,InvestmentDecision.AVOID,0,0,"{'fundamental_score': 7.6, 'technical_score': 0, 'confidence': 0}"
SYMPHONY.NS,719.1500244140625,InvestmentDecision.AVOID,0,0,"{'fundamental_score': 4.300000000000001, 'technical_score': 0, 'confidence': 0}"
QPOWER.NS,1068.4000244140625,InvestmentDecision.AVOID,0,0,"{'fundamental_score': 8.1, 'technical_score': 0, 'confidence': 0}"
CUPID.NS,119.44000244140625,InvestmentDecision.AVOID,0,0,"{'fundamental_score': 7.8, 'technical_score': 0, 'confidence': 0}"
AHLUCONT.NS,789.9500122070312,InvestmentDecision.AVOID,0,0,"{'fundamental_score': 6.7, 'technical_score': 0, 'confidence': 0}"
IFBIND.NS,1044.800048828125,InvestmentDecision.AVOID,0,0,"{'fundamental_score': 5.9, 'technical_score': 0, 'confidence': 0}"
BAJAJELEC.NS,342.6000061035156,InvestmentDecision.AVOID,0,0,"{'fundamental_score': 5.45, 'technical_score': 0, 'confidence': 0}"
JKPAPER.NS,380.95001220703125,InvestmentDecision.AVOID,0,0,"{'fundamental_score': 6.7, 'technical_score': 0, 'confidence': 0}"
PRICOLLTD.NS,538.2999877929688,InvestmentDecision.AVOID,0,0,"{'fundamental_score': 6.3, 'technical_score': 0, 'confidence': 0}"
AVALON.NS,1464.4000244140625,InvestmentDecision.AVOID,0,0,"{'fundamental_score': 6.7, 'technical_score': 0, 'confidence': 0}"
SURYAROSNI.NS,241.10000610351562,InvestmentDecision.AVOID,0,0,"{'fundamental_score': 6.7, 'technical_score': 0, 'confidence': 0}"
HNDFDS.NS,527.4500122070312,InvestmentDecision.AVOID,0,0,"{'fundamental_score': 6.25, 'technical_score': 0, 'confidence': 0}"
PURVA.NS,221.22999572753906,InvestmentDecision.AVOID,0,0,"{'fundamental_score': 3.2, 'technical_score': 0, 'confidence': 0}"
AVL.NS,530.8499755859375,InvestmentDecision.AVOID,0,0,"{'fundamental_score': 5.8500000000000005, 'technical_score': 0, 'confidence': 0}"
RTNPOWER.NS,9.100000381469727,InvestmentDecision.AVOID,0,0,"{'fundamental_score': 6.25, 'technical_score': 0, 'confidence': 0}"
RENUKA.NS,24.280000686645508,InvestmentDecision.AVOID,0,0,"{'fundamental_score': 5.9, 'technical_score': 0, 'confidence': 0}"
GREENLAM.NS,235.92999267578125,InvestmentDecision.AVOID,0,0,"{'fundamental_score': 5.0, 'technical_score': 0, 'confidence': 0}"
SUPRAJIT.NS,418.8999938964844,InvestmentDecision.AVOID,0,0,"{'fundamental_score': 5.45, 'technical_score': 0, 'confidence': 0}"
JAYNECOIND.NS,103.0199966430664,InvestmentDecision.AVOID,0,0,"{'fundamental_score': 6.25, 'technical_score': 0, 'confidence': 0}"
VMART.NS,633.6500244140625,InvestmentDecision.AVOID,0,0,"{'fundamental_score': 5.45, 'technical_score': 0, 'confidence': 0}"
IONEXCHANG.NS,389.75,InvestmentDecision.AVOID,0,0,"{'fundamental_score': 6.7, 'technical_score': 0, 'confidence': 0}"
SUNTECK.NS,290.79998779296875,InvestmentDecision.AVOID,0,0,"{'fundamental_score': 6.2, 'technical_score': 0, 'confidence': 0}"
JUNIPER.NS,200.02000427246094,InvestmentDecision.AVOID,0,0,"{'fundamental_score': 6.35, 'technical_score': 0, 'confidence': 0}"
HGINFRA.NS,594.75,InvestmentDecision.AVOID,0,0,"{'fundamental_score': 5.2, 'technical_score': 0, 'confidence': 0}"
ICRA.NS,5419.5,InvestmentDecision.AVOID,0,0,"{'fundamental_score': 7.4, 'technical_score': 0, 'confidence': 0}"
SUBROS.NS,714.2000122070312,InvestmentDecision.AVOID,0,0,"{'fundamental_score': 5.9, 'technical_score': 0, 'confidence': 0}"
AXISCADES.NS,2065.5,InvestmentDecision.AVOID,0,0,"{'fundamental_score': 6.7, 'technical_score': 0, 'confidence': 0}"
RALLIS.NS,247.89999389648438,InvestmentDecision.AVOID,0,0,"{'fundamental_score': 5.7, 'technical_score': 0, 'confidence': 0}"
GOKEX.NS,681.4000244140625,InvestmentDecision.AVOID,0,0,"{'fundamental_score': 5.9, 'technical_score': 0, 'confidence': 0}"
MTARTECH.NS,7457.0,InvestmentDecision.AVOID,0,0,"{'fundamental_score': 6.7, 'technical_score': 0, 'confidence': 0}"
GULFOILLUB.NS,901.6500244140625,InvestmentDecision.AVOID,0,0,"{'fundamental_score': 6.7, 'technical_score': 0, 'confidence': 0}"
CHEMPLASTS.NS,225.5399932861328,InvestmentDecision.AVOID,0,0,"{'fundamental_score': 6.25, 'technical_score': 0, 'confidence': 0}"
ASHAPURMIN.NS,634.3499755859375,InvestmentDecision.AVOID,0,0,"{'fundamental_score': 6.25, 'technical_score': 0, 'confidence': 0}"
SWSOLAR.NS,195.3300018310547,InvestmentDecision.AVOID,0,0,"{'fundamental_score': 3.2, 'technical_score': 0, 'confidence': 0}"
SHARDAMOTR.NS,884.2999877929688,InvestmentDecision.AVOID,0,0,"{'fundamental_score': 5.9, 'technical_score': 0, 'confidence': 0}"
PICCADIL.NS,578.2000122070312,InvestmentDecision.AVOID,0,0,"{'fundamental_score': 6.35, 'technical_score': 0, 'confidence': 0}"
INDIAGLYCO.NS,993.2000122070312,InvestmentDecision.AVOID,0,0,"{'fundamental_score': 5.25, 'technical_score': 0, 'confidence': 0}"
MANINFRA.NS,119.81999969482422,InvestmentDecision.AVOID,0,0,"{'fundamental_score': 7.2, 'technical_score': 0, 'confidence': 0}"
VIPIND.NS,300.04998779296875,InvestmentDecision.AVOID,0,0,"{'fundamental_score': 2.8000000000000003, 'technical_score': 0, 'confidence': 0}"
ELECTCAST.NS,78.01000213623047,InvestmentDecision.AVOID,0,0,"{'fundamental_score': 6.7, 'technical_score': 0, 'confidence': 0}"
TIIL.NS,2609.60009765625,InvestmentDecision.AVOID,0,0,"{'fundamental_score': 6.7, 'technical_score': 0, 'confidence': 0}"
PILANIINVS.NS,4437.7998046875,InvestmentDecision.AVOID,0,0,"{'fundamental_score': 5.9, 'technical_score': 0, 'confidence': 0}"
SMARTWORKS.NS,442.8500061035156,InvestmentDecision.AVOID,0,0,"{'fundamental_score': 3.2, 'technical_score': 0, 'confidence': 0}"
IMFA.NS,1440.199951171875,InvestmentDecision.AVOID,0,0,"{'fundamental_score': 7.6, 'technical_score': 0, 'confidence': 0}"
SUPRIYA.NS,725.25,InvestmentDecision.AVOID,0,0,"{'fundamental_score': 8.2, 'technical_score': 0, 'confidence': 0}"
PARAS.NS,761.8499755859375,InvestmentDecision.AVOID,0,0,"{'fundamental_score': 7.7, 'technical_score': 0, 'confidence': 0}"
GHCL.NS,455.3999938964844,InvestmentDecision.AVOID,0,0,"{'fundamental_score': 7.4, 'technical_score': 0, 'confidence': 0}"
EMUDHRA.NS,463.29998779296875,InvestmentDecision.AVOID,0,0,"{'fundamental_score': 7.4, 'technical_score': 0, 'confidence': 0}"
MASFIN.NS,309.70001220703125,InvestmentDecision.AVOID,0,0,"{'fundamental_score': 5.5, 'technical_score': 0, 'confidence': 0}"
TEXRAIL.NS,108.38999938964844,InvestmentDecision.AVOID,0,0,"{'fundamental_score': 6.7, 'technical_score': 0, 'confidence': 0}"
SKIPPER.NS,464.1499938964844,InvestmentDecision.AVOID,0,0,"{'fundamental_score': 6.25, 'technical_score': 0, 'confidence': 0}"
RAJESHEXPO.NS,108.68000030517578,InvestmentDecision.AVOID,0,0,"{'fundamental_score': 5.9, 'technical_score': 0, 'confidence': 0}"
STLTECH.NS,404.8999938964844,InvestmentDecision.AVOID,0,0,"{'fundamental_score': 4.25, 'technical_score': 0, 'confidence': 0}"
SENCO.NS,338.70001220703125,InvestmentDecision.AVOID,0,0,"{'fundamental_score': 5.0, 'technical_score': 0, 'confidence': 0}"
FISCHER.NS,35.040000915527344,InvestmentDecision.AVOID,0,0,"{'fundamental_score': 7.9, 'technical_score': 0, 'confidence': 0}"
KSCL.NS,949.1500244140625,InvestmentDecision.AVOID,0,0,"{'fundamental_score': 8.2, 'technical_score': 0, 'confidence': 0}"
ICIL.NS,305.5,InvestmentDecision.AVOID,0,0,"{'fundamental_score': 5.45, 'technical_score': 0, 'confidence': 0}"
SHOPERSTOP.NS,334.79998779296875,InvestmentDecision.AVOID,0,0,"{'fundamental_score': 2.8000000000000003, 'technical_score': 0, 'confidence': 0}"
INDIGOPNTS.NS,983.75,InvestmentDecision.AVOID,0,0,"{'fundamental_score': 6.7, 'technical_score': 0, 'confidence': 0}"
FIEMIND.NS,2151.199951171875,InvestmentDecision.AVOID,0,0,"{'fundamental_score': 5.9, 'technical_score': 0, 'confidence': 0}"
TVSSCS.NS,115.79000091552734,InvestmentDecision.AVOID,0,0,"{'fundamental_score': 5.8, 'technical_score': 0, 'confidence': 0}"
RESPONIND.NS,164.7100067138672,InvestmentDecision.AVOID,0,0,"{'fundamental_score': 7.6, 'technical_score': 0, 'confidence': 0}"
BANSALWIRE.NS,320.29998779296875,InvestmentDecision.AVOID,0,0,"{'fundamental_score': 5.7, 'technical_score': 0, 'confidence': 0}"
LXCHEM.NS,158.47999572753906,InvestmentDecision.AVOID,0,0,"{'fundamental_score': 6.7, 'technical_score': 0, 'confidence': 0}"
CRIZAC.NS,201.2100067138672,InvestmentDecision.AVOID,0,0,"{'fundamental_score': 7.4, 'technical_score': 0, 'confidence': 0}"
AGI.NS,574.4000244140625,InvestmentDecision.AVOID,0,0,"{'fundamental_score': 6.800000000000001, 'technical_score': 0, 'confidence': 0}"
KNRCON.NS,128.1699981689453,InvestmentDecision.AVOID,0,0,"{'fundamental_score': 7.9, 'technical_score': 0, 'confidence': 0}"
UNIMECH.NS,925.2999877929688,InvestmentDecision.AVOID,0,0,"{'fundamental_score': 8.2, 'technical_score': 0, 'confidence': 0}"
GMMPFAUDLR.NS,863.5,InvestmentDecision.AVOID,0,0,"{'fundamental_score': 6.25, 'technical_score': 0, 'confidence': 0}"
ASHOKA.NS,126.4800033569336,InvestmentDecision.AVOID,0,0,"{'fundamental_score': 8.2, 'technical_score': 0, 'confidence': 0}"
DYNAMATECH.NS,10441.0,InvestmentDecision.AVOID,0,0,"{'fundamental_score': 5.45, 'technical_score': 0, 'confidence': 0}"
E2E.NS,3331.39990234375,InvestmentDecision.AVOID,0,0,"{'fundamental_score': 4.7, 'technical_score': 0, 'confidence': 0}"
GOKULAGRO.NS,232.61000061035156,InvestmentDecision.AVOID,0,0,"{'fundamental_score': 6.3, 'technical_score': 0, 'confidence': 0}"
FEDFINA.NS,150.85000610351562,InvestmentDecision.AVOID,0,0,"{'fundamental_score': 5.5, 'technical_score': 0, 'confidence': 0}"
OPTIEMUS.NS,418.3500061035156,InvestmentDecision.AVOID,0,0,"{'fundamental_score': 6.7, 'technical_score': 0, 'confidence': 0}"
KINGFA.NS,5231.89990234375,InvestmentDecision.AVOID,0,0,"{'fundamental_score': 6.7, 'technical_score': 0, 'confidence': 0}"
KRN.NS,1045.800048828125,InvestmentDecision.AVOID,0,0,"{'fundamental_score': 7.1, 'technical_score': 0, 'confidence': 0}"
DATAMATICS.NS,766.2000122070312,InvestmentDecision.AVOID,0,0,"{'fundamental_score': 6.7, 'technical_score': 0, 'confidence': 0}"
WEBELSOLAR.NS,104.45999908447266,InvestmentDecision.AVOID,0,0,"{'fundamental_score': 8.7, 'technical_score': 0, 'confidence': 0}"
EMIL.NS,115.68000030517578,InvestmentDecision.AVOID,0,0,"{'fundamental_score': 5.0, 'technical_score': 0, 'confidence': 0}"
PTC.NS,196.32000732421875,InvestmentDecision.AVOID,0,0,"{'fundamental_score': 5.7, 'technical_score': 0, 'confidence': 0}"
ROUTE.NS,514.4500122070312,InvestmentDecision.AVOID,0,0,"{'fundamental_score': 5.7, 'technical_score': 0, 'confidence': 0}"
ITDC.NS,543.7999877929688,InvestmentDecision.AVOID,0,0,"{'fundamental_score': 6.800000000000001, 'technical_score': 0, 'confidence': 0}"
RSYSTEMS.NS,274.20001220703125,InvestmentDecision.AVOID,0,0,"{'fundamental_score': 6.7, 'technical_score': 0, 'confidence': 0}"
ZAGGLE.NS,213.49000549316406,InvestmentDecision.AVOID,0,0,"{'fundamental_score': 6.7, 'technical_score': 0, 'confidence': 0}"
GAEL.NS,164.97999572753906,InvestmentDecision.AVOID,0,0,"{'fundamental_score': 5.1000000000000005, 'technical_score': 0, 'confidence': 0}"
ORIANA.NS,1776.5,InvestmentDecision.AVOID,0,0,"{'fundamental_score': 6.7, 'technical_score': 0, 'confidence': 0}"
SIS.NS,395.0,InvestmentDecision.AVOID,0,0,"{'fundamental_score': 4.25, 'technical_score': 0, 'confidence': 0}"
PDSL.NS,294.3500061035156,InvestmentDecision.AVOID,0,0,"{'fundamental_score': 5.25, 'technical_score': 0, 'confidence': 0}"
HCC.NS,20.899999618530273,InvestmentDecision.AVOID,0,0,"{'fundamental_score': 3.1, 'technical_score': 0, 'confidence': 0}"
VRLLOG.NS,247.25,InvestmentDecision.AVOID,0,0,"{'fundamental_score': 6.3, 'technical_score': 0, 'confidence': 0}"
ENTERO.NS,1254.699951171875,InvestmentDecision.AVOID,0,0,"{'fundamental_score': 6.7, 'technical_score': 0, 'confidence': 0}"
SUNFLAG.NS,350.1499938964844,InvestmentDecision.AVOID,0,0,"{'fundamental_score': 6.7, 'technical_score': 0, 'confidence': 0}"
SWARAJENG.NS,3690.0,InvestmentDecision.AVOID,0,0,"{'fundamental_score': 6.3, 'technical_score': 0, 'confidence': 0}"
JSFB.NS,453.25,InvestmentDecision.AVOID,0,0,"{'fundamental_score': 4.300000000000001, 'technical_score': 0, 'confidence': 0}"
JKIL.NS,473.29998779296875,InvestmentDecision.AVOID,0,0,"{'fundamental_score': 6.7, 'technical_score': 0, 'confidence': 0}"
CARERATING.NS,1720.199951171875,InvestmentDecision.AVOID,0,0,"{'fundamental_score': 7.8, 'technical_score': 0, 'confidence': 0}"
ANUP.NS,1952.0,InvestmentDecision.AVOID,0,0,"{'fundamental_score': 7.6, 'technical_score': 0, 'confidence': 0}"
GREAVESCOT.NS,168.0399932861328,InvestmentDecision.AVOID,0,0,"{'fundamental_score': 6.7, 'technical_score': 0, 'confidence': 0}"
SUVEN.NS,268.9800109863281,InvestmentDecision.AVOID,0,0,"{'fundamental_score': 4.7, 'technical_score': 0, 'confidence': 0}"
LGBBROSLTD.NS,1545.199951171875,InvestmentDecision.AVOID,0,0,"{'fundamental_score': 5.9, 'technical_score': 0, 'confidence': 0}"
SKYGOLD.NS,466.29998779296875,InvestmentDecision.AVOID,0,0,"{'fundamental_score': 5.45, 'technical_score': 0, 'confidence': 0}"
REFEX.NS,277.04998779296875,InvestmentDecision.AVOID,0,0,"{'fundamental_score': 5.9, 'technical_score': 0, 'confidence': 0}"
TARC.NS,127.80999755859375,InvestmentDecision.AVOID,0,0,"{'fundamental_score': 5.2, 'technical_score': 0, 'confidence': 0}"
NIITMTS.NS,224.8000030517578,InvestmentDecision.AVOID,0,0,"{'fundamental_score': 6.800000000000001, 'technical_score': 0, 'confidence': 0}"
DBCORP.NS,206.6999969482422,InvestmentDecision.AVOID,0,0,"{'fundamental_score': 7.1, 'technical_score': 0, 'confidence': 0}"
INNOVACAP.NS,880.2000122070312,InvestmentDecision.AVOID,0,0,"{'fundamental_score': 6.7, 'technical_score': 0, 'confidence': 0}"
BALAMINES.NS,1833.300048828125,InvestmentDecision.AVOID,0,0,"{'fundamental_score': 4.7, 'technical_score': 0, 'confidence': 0}"
NACLIND.NS,161.7100067138672,InvestmentDecision.AVOID,0,0,"{'fundamental_score': 4.7, 'technical_score': 0, 'confidence': 0}"
CIGNITITEC.NS,1260.300048828125,InvestmentDecision.AVOID,0,0,"{'fundamental_score': 7.6, 'technical_score': 0, 'confidence': 0}"
DCBBANK.NS,181.25999450683594,InvestmentDecision.AVOID,0,0,"{'fundamental_score': 6.6000000000000005, 'technical_score': 0, 'confidence': 0}"
SJS.NS,1966.4000244140625,InvestmentDecision.AVOID,0,0,"{'fundamental_score': 7.5, 'technical_score': 0, 'confidence': 0}"
NFL.NS,74.77999877929688,InvestmentDecision.AVOID,0,0,"{'fundamental_score': 5.2, 'technical_score': 0, 'confidence': 0}"
SPARC.NS,183.67999267578125,InvestmentDecision.AVOID,0,0,"{'fundamental_score': 8.7, 'technical_score': 0, 'confidence': 0}"
BANARISUG.NS,3607.89990234375,InvestmentDecision.AVOID,0,0,"{'fundamental_score': 5.9, 'technical_score': 0, 'confidence': 0}"
VSTTILLERS.NS,4488.0,InvestmentDecision.AVOID,0,0,"{'fundamental_score': 5.7, 'technical_score': 0, 'confidence': 0}"
INDRAMEDCO.NS,359.79998779296875,InvestmentDecision.AVOID,0,0,"{'fundamental_score': 7.6, 'technical_score': 0, 'confidence': 0}"
VSTIND.NS,256.29998779296875,InvestmentDecision.AVOID,0,0,"{'fundamental_score': 7.8, 'technical_score': 0, 'confidence': 0}"
RAIN.NS,152.83999633789062,InvestmentDecision.AVOID,0,0,"{'fundamental_score': 5.8, 'technical_score': 0, 'confidence': 0}"
SAMHI.NS,144.17999267578125,InvestmentDecision.AVOID,0,0,"{'fundamental_score': 6.65, 'technical_score': 0, 'confidence': 0}"
HEIDELBERG.NS,157.94000244140625,InvestmentDecision.AVOID,0,0,"{'fundamental_score': 6.7, 'technical_score': 0, 'confidence': 0}"
CEIGALL.NS,331.1000061035156,InvestmentDecision.AVOID,0,0,"{'fundamental_score': 6.25, 'technical_score': 0, 'confidence': 0}"
HERITGFOOD.NS,328.45001220703125,InvestmentDecision.AVOID,0,0,"{'fundamental_score': 5.500000000000001, 'technical_score': 0, 'confidence': 0}"
STYRENIX.NS,2208.5,InvestmentDecision.AVOID,0,0,"{'fundamental_score': 6.2, 'technical_score': 0, 'confidence': 0}"
ORIENTCEM.NS,134.61000061035156,InvestmentDecision.AVOID,0,0,"{'fundamental_score': 7.6, 'technical_score': 0, 'confidence': 0}"
AARTIDRUGS.NS,381.6499938964844,InvestmentDecision.AVOID,0,0,"{'fundamental_score': 6.2, 'technical_score': 0, 'confidence': 0}"
ORIENTELEC.NS,186.52000427246094,InvestmentDecision.AVOID,0,0,"{'fundamental_score': 5.500000000000001, 'technical_score': 0, 'confidence': 0}"
GUJTHEM.NS,357.1000061035156,InvestmentDecision.AVOID,0,0,"{'fundamental_score': 8.2, 'technical_score': 0, 'confidence': 0}"
GOPAL.NS,291.6000061035156,InvestmentDecision.AVOID,0,0,"{'fundamental_score': 5.9, 'technical_score': 0, 'confidence': 0}"
BHARATRAS.NS,1395.699951171875,InvestmentDecision.AVOID,0,0,"{'fundamental_score': 6.7, 'technical_score': 0, 'confidence': 0}"
RBA.NS,68.43000030517578,InvestmentDecision.AVOID,0,0,"{'fundamental_score': 4.4, 'technical_score': 0, 'confidence': 0}"
LUMAXIND.NS,5364.0,InvestmentDecision.AVOID,0,0,"{'fundamental_score': 5.0, 'technical_score': 0, 'confidence': 0}"
ZOTA.NS,1202.5999755859375,InvestmentDecision.AVOID,0,0,"{'fundamental_score': 6.25, 'technical_score': 0, 'confidence': 0}"
AVANTEL.NS,162.16000366210938,InvestmentDecision.AVOID,0,0,"{'fundamental_score': 4.7, 'technical_score': 0, 'confidence': 0}"
EIEL.NS,188.25999450683594,InvestmentDecision.AVOID,0,0,"{'fundamental_score': 8.2, 'technical_score': 0, 'confidence': 0}"
HUBTOWN.NS,207.10000610351562,InvestmentDecision.AVOID,0,0,"{'fundamental_score': 5.9, 'technical_score': 0, 'confidence': 0}"
KITEX.NS,156.4199981689453,InvestmentDecision.AVOID,0,0,"{'fundamental_score': 5.45, 'technical_score': 0, 'confidence': 0}"
RAYMONDREL.NS,551.1500244140625,InvestmentDecision.AVOID,0,0,"{'fundamental_score': 6.75, 'technical_score': 0, 'confidence': 0}"
SANATHAN.NS,402.3999938964844,InvestmentDecision.AVOID,0,0,"{'fundamental_score': 3.8500000000000005, 'technical_score': 0, 'confidence': 0}"
NORTHARC.NS,275.8500061035156,InvestmentDecision.AVOID,0,0,"{'fundamental_score': 5.1000000000000005, 'technical_score': 0, 'confidence': 0}"
JAMNAAUTO.NS,111.5999984741211,InvestmentDecision.AVOID,0,0,"{'fundamental_score': 5.9, 'technical_score': 0, 'confidence': 0}"
GUJALKALI.NS,717.25,InvestmentDecision.AVOID,0,0,"{'fundamental_score': 8.2, 'technical_score': 0, 'confidence': 0}"
DCAL.NS,211.1999969482422,InvestmentDecision.AVOID,0,0,"{'fundamental_score': 4.7, 'technical_score': 0, 'confidence': 0}"
AWFIS.NS,313.75,InvestmentDecision.AVOID,0,0,"{'fundamental_score': 5.2, 'technical_score': 0, 'confidence': 0}"
MOSCHIP.NS,210.19000244140625,InvestmentDecision.AVOID,0,0,"{'fundamental_score': 6.7, 'technical_score': 0, 'confidence': 0}"
RAMKY.NS,444.3500061035156,InvestmentDecision.AVOID,0,0,"{'fundamental_score': 7.6, 'technical_score': 0, 'confidence': 0}"
GOLDIAM.NS,380.54998779296875,InvestmentDecision.AVOID,0,0,"{'fundamental_score': 7.1000000000000005, 'technical_score': 0, 'confidence': 0}"
JTEKTINDIA.NS,125.7699966430664,InvestmentDecision.AVOID,0,0,"{'fundamental_score': 4.300000000000001, 'technical_score': 0, 'confidence': 0}"
HEMIPROP.NS,144.91000366210938,InvestmentDecision.AVOID,0,0,"{'fundamental_score': 6.7, 'technical_score': 0, 'confidence': 0}"
63MOONS.NS,688.5,InvestmentDecision.AVOID,0,0,"{'fundamental_score': 4.7, 'technical_score': 0, 'confidence': 0}"
KIRLOSIND.NS,3175.89990234375,InvestmentDecision.AVOID,0,0,"{'fundamental_score': 6.7, 'technical_score': 0, 'confidence': 0}"
SHANTIGEAR.NS,442.75,InvestmentDecision.AVOID,0,0,"{'fundamental_score': 8.1, 'technical_score': 0, 'confidence': 0}"
SINDHUTRAD.NS,26.829999923706055,InvestmentDecision.AVOID,0,0,"{'fundamental_score': 4.7, 'technical_score': 0, 'confidence': 0}"
BOROLTD.NS,229.0399932861328,InvestmentDecision.AVOID,0,0,"{'fundamental_score': 4.300000000000001, 'technical_score': 0, 'confidence': 0}"
MARATHON.NS,495.29998779296875,InvestmentDecision.AVOID,0,0,"{'fundamental_score': 8.2, 'technical_score': 0, 'confidence': 0}"
CAMLINFINE.NS,121.20999908447266,InvestmentDecision.AVOID,0,0,"{'fundamental_score': 6.25, 'technical_score': 0, 'confidence': 0}"
UFLEX.NS,403.54998779296875,InvestmentDecision.AVOID,0,0,"{'fundamental_score': 5.0, 'technical_score': 0, 'confidence': 0}"
VAIBHAVGBL.NS,225.7100067138672,InvestmentDecision.AVOID,0,0,"{'fundamental_score': 5.9, 'technical_score': 0, 'confidence': 0}"
UEL.NS,144.08999633789062,InvestmentDecision.AVOID,0,0,"{'fundamental_score': 6.7, 'technical_score': 0, 'confidence': 0}"
RPGLIFE.NS,2300.0,InvestmentDecision.AVOID,0,0,"{'fundamental_score': 8.4, 'technical_score': 0, 'confidence': 0}"
RAYMOND.NS,541.5,InvestmentDecision.AVOID,0,0,"{'fundamental_score': 6.2, 'technical_score': 0, 'confidence': 0}"
ORCHPHARMA.NS,715.2999877929688,InvestmentDecision.AVOID,0,0,"{'fundamental_score': 6.7, 'technical_score': 0, 'confidence': 0}"
LUXIND.NS,1361.0999755859375,InvestmentDecision.AVOID,0,0,"{'fundamental_score': 5.9, 'technical_score': 0, 'confidence': 0}"
MPSLTD.NS,1835.800048828125,InvestmentDecision.AVOID,0,0,"{'fundamental_score': 8.7, 'technical_score': 0, 'confidence': 0}"
MCLOUD.NS,25.079999923706055,InvestmentDecision.AVOID,0,0,"{'fundamental_score': 7.9, 'technical_score': 0, 'confidence': 0}"
AJMERA.NS,122.04000091552734,InvestmentDecision.AVOID,0,0,"{'fundamental_score': 7.6, 'technical_score': 0, 'confidence': 0}"
GOODLUCK.NS,1348.5999755859375,InvestmentDecision.AVOID,0,0,"{'fundamental_score': 6.25, 'technical_score': 0, 'confidence': 0}"
VADILALIND.NS,4212.7998046875,InvestmentDecision.AVOID,0,0,"{'fundamental_score': 5.9, 'technical_score': 0, 'confidence': 0}"
QUESS.NS,201.86000061035156,InvestmentDecision.AVOID,0,0,"{'fundamental_score': 7.2, 'technical_score': 0, 'confidence': 0}"
WONDERLA.NS,487.0,InvestmentDecision.AVOID,0,0,"{'fundamental_score': 5.200000000000001, 'technical_score': 0, 'confidence': 0}"
GREENPLY.NS,253.5,InvestmentDecision.AVOID,0,0,"{'fundamental_score': 5.25, 'technical_score': 0, 'confidence': 0}"
NEOGEN.NS,1695.699951171875,InvestmentDecision.AVOID,0,0,"{'fundamental_score': 3.2, 'technical_score': 0, 'confidence': 0}"
INTERARCH.NS,1678.9000244140625,InvestmentDecision.AVOID,0,0,"{'fundamental_score': 6.7, 'technical_score': 0, 'confidence': 0}"
PRECWIRE.NS,396.6000061035156,InvestmentDecision.AVOID,0,0,"{'fundamental_score': 6.7, 'technical_score': 0, 'confidence': 0}"
KOLTEPATIL.NS,388.04998779296875,InvestmentDecision.AVOID,0,0,"{'fundamental_score': 6.25, 'technical_score': 0, 'confidence': 0}"
JINDWORLD.NS,26.450000762939453,InvestmentDecision.AVOID,0,0,"{'fundamental_score': 5.45, 'technical_score': 0, 'confidence': 0}"
MBAPL.NS,541.5499877929688,InvestmentDecision.AVOID,0,0,"{'fundamental_score': 6.25, 'technical_score': 0, 'confidence': 0}"
MEDIASSIST.NS,375.1499938964844,InvestmentDecision.AVOID,0,0,"{'fundamental_score': 6.2, 'technical_score': 0, 'confidence': 0}"
NPST.NS,1059.800048828125,InvestmentDecision.AVOID,0,0,"{'fundamental_score': 8.2, 'technical_score': 0, 'confidence': 0}"
CENTUM.NS,2998.199951171875,InvestmentDecision.AVOID,0,0,"{'fundamental_score': 7.2, 'technical_score': 0, 'confidence': 0}"
HARSHA.NS,404.3500061035156,InvestmentDecision.AVOID,0,0,"{'fundamental_score': 6.7, 'technical_score': 0, 'confidence': 0}"
GOCOLORS.NS,254.39999389648438,InvestmentDecision.AVOID,0,0,"{'fundamental_score': 3.8500000000000005, 'technical_score': 0, 'confidence': 0}"
NSIL.NS,5479.5,InvestmentDecision.AVOID,0,0,"{'fundamental_score': 7.4, 'technical_score': 0, 'confidence': 0}"
INDOSTAR.NS,194.32000732421875,InvestmentDecision.AVOID,0,0,"{'fundamental_score': 6.5, 'technical_score': 0, 'confidence': 0}"
KSL.NS,818.2000122070312,InvestmentDecision.AVOID,0,0,"{'fundamental_score': 6.7, 'technical_score': 0, 'confidence': 0}"
ROLEXRINGS.NS,143.63999938964844,InvestmentDecision.AVOID,0,0,"{'fundamental_score': 6.2, 'technical_score': 0, 'confidence': 0}"
ADVENZYMES.NS,388.8999938964844,InvestmentDecision.AVOID,0,0,"{'fundamental_score': 7.2, 'technical_score': 0, 'confidence': 0}"
SHAREINDIA.NS,146.5500030517578,InvestmentDecision.AVOID,0,0,"{'fundamental_score': 7.000000000000001, 'technical_score': 0, 'confidence': 0}"
POCL.NS,1457.4000244140625,InvestmentDecision.AVOID,0,0,"{'fundamental_score': 6.7, 'technical_score': 0, 'confidence': 0}"
GUFICBIO.NS,285.6499938964844,InvestmentDecision.AVOID,0,0,"{'fundamental_score': 6.25, 'technical_score': 0, 'confidence': 0}"
UNICHEMLAB.NS,373.0,InvestmentDecision.AVOID,0,0,"{'fundamental_score': 7.6, 'technical_score': 0, 'confidence': 0}"
MSTCLTD.NS,419.1000061035156,InvestmentDecision.AVOID,0,0,"{'fundamental_score': 8.2, 'technical_score': 0, 'confidence': 0}"
ROSSARI.NS,507.3999938964844,InvestmentDecision.AVOID,0,0,"{'fundamental_score': 5.7, 'technical_score': 0, 'confidence': 0}"
JUBLCPL.NS,1762.5,InvestmentDecision.AVOID,0,0,"{'fundamental_score': 6.7, 'technical_score': 0, 'confidence': 0}"
CYIENTDLM.NS,412.8500061035156,InvestmentDecision.AVOID,0,0,"{'fundamental_score': 4.7, 'technical_score': 0, 'confidence': 0}"
SUNCLAY.NS,1343.0999755859375,InvestmentDecision.AVOID,0,0,"{'fundamental_score': 5.2, 'technical_score': 0, 'confidence': 0}"
RPEL.NS,910.6500244140625,InvestmentDecision.AVOID,0,0,"{'fundamental_score': 8.7, 'technical_score': 0, 'confidence': 0}"
BALMLAWRIE.NS,182.1199951171875,InvestmentDecision.AVOID,0,0,"{'fundamental_score': 6.2, 'technical_score': 0, 'confidence': 0}"
ARTEMISMED.NS,279.30999755859375,InvestmentDecision.AVOID,0,0,"{'fundamental_score': 5.7, 'technical_score': 0, 'confidence': 0}"
PRINCEPIPE.NS,265.1000061035156,InvestmentDecision.AVOID,0,0,"{'fundamental_score': 6.7, 'technical_score': 0, 'confidence': 0}"
JISLJALEQS.NS,29.040000915527344,InvestmentDecision.AVOID,0,0,"{'fundamental_score': 4.25, 'technical_score': 0, 'confidence': 0}"
PITTIENG.NS,914.4000244140625,InvestmentDecision.AVOID,0,0,"{'fundamental_score': 5.75, 'technical_score': 0, 'confidence': 0}"
FOSECOIND.NS,5279.2998046875,InvestmentDecision.AVOID,0,0,"{'fundamental_score': 7.6, 'technical_score': 0, 'confidence': 0}"
DPABHUSHAN.NS,895.5999755859375,InvestmentDecision.AVOID,0,0,"{'fundamental_score': 5.9, 'technical_score': 0, 'confidence': 0}"
SSWL.NS,207.97000122070312,InvestmentDecision.AVOID,0,0,"{'fundamental_score': 5.45, 'technical_score': 0, 'confidence': 0}"
BHAGCHEM.NS,249.6999969482422,InvestmentDecision.AVOID,0,0,"{'fundamental_score': 4.7, 'technical_score': 0, 'confidence': 0}"
BAJAJCON.NS,549.8499755859375,InvestmentDecision.AVOID,0,0,"{'fundamental_score': 7.5, 'technical_score': 0, 'confidence': 0}"
NAVNETEDUL.NS,141.7899932861328,InvestmentDecision.AVOID,0,0,"{'fundamental_score': 8.2, 'technical_score': 0, 'confidence': 0}"
INDOTHAI.NS,272.20001220703125,InvestmentDecision.AVOID,0,0,"{'fundamental_score': 7.8, 'technical_score': 0, 'confidence': 0}"
GREENPANEL.NS,183.3300018310547,InvestmentDecision.AVOID,0,0,"{'fundamental_score': 4.7, 'technical_score': 0, 'confidence': 0}"
BBL.NS,2717.10009765625,InvestmentDecision.AVOID,0,0,"{'fundamental_score': 6.7, 'technical_score': 0, 'confidence': 0}"
PROTEAN.NS,545.2000122070312,InvestmentDecision.AVOID,0,0,"{'fundamental_score': 6.7, 'technical_score': 0, 'confidence': 0}"
VISHNU.NS,599.5999755859375,InvestmentDecision.AVOID,0,0,"{'fundamental_score': 6.7, 'technical_score': 0, 'confidence': 0}"
SAMBHV.NS,109.47000122070312,InvestmentDecision.AVOID,0,0,"{'fundamental_score': 7.2, 'technical_score': 0, 'confidence': 0}"
BOMDYEING.NS,120.9800033569336,InvestmentDecision.AVOID,0,0,"{'fundamental_score': 4.300000000000001, 'technical_score': 0, 'confidence': 0}"
PARAGMILK.NS,211.5399932861328,InvestmentDecision.AVOID,0,0,"{'fundamental_score': 5.1000000000000005, 'technical_score': 0, 'confidence': 0}"
SENORES.NS,1083.699951171875,InvestmentDecision.AVOID,0,0,"{'fundamental_score': 7.4, 'technical_score': 0, 'confidence': 0}"
HLEGLAS.NS,306.20001220703125,InvestmentDecision.AVOID,0,0,"{'fundamental_score': 5.7, 'technical_score': 0, 'confidence': 0}"
HIKAL.NS,204.69000244140625,InvestmentDecision.AVOID,0,0,"{'fundamental_score': 6.7, 'technical_score': 0, 'confidence': 0}"
FLAIR.NS,337.5,InvestmentDecision.AVOID,0,0,"{'fundamental_score': 6.7, 'technical_score': 0, 'confidence': 0}"
KIRIINDUS.NS,393.3500061035156,InvestmentDecision.AVOID,0,0,"{'fundamental_score': 8.2, 'technical_score': 0, 'confidence': 0}"
KKCL.NS,439.79998779296875,InvestmentDecision.AVOID,0,0,"{'fundamental_score': 5.500000000000001, 'technical_score': 0, 'confidence': 0}"
MAHLOG.NS,354.5,InvestmentDecision.AVOID,0,0,"{'fundamental_score': 4.7, 'technical_score': 0, 'confidence': 0}"
EPACK.NS,259.20001220703125,InvestmentDecision.AVOID,0,0,"{'fundamental_score': 5.45, 'technical_score': 0, 'confidence': 0}"
ARKADE.NS,115.08999633789062,InvestmentDecision.AVOID,0,0,"{'fundamental_score': 5.5, 'technical_score': 0, 'confidence': 0}"
PSPPROJECT.NS,767.1500244140625,InvestmentDecision.AVOID,0,0,"{'fundamental_score': 6.7, 'technical_score': 0, 'confidence': 0}"
STYLAMIND.NS,2741.699951171875,InvestmentDecision.AVOID,0,0,"{'fundamental_score': 6.800000000000001, 'technical_score': 0, 'confidence': 0}"
KRISHANA.NS,684.3499755859375,InvestmentDecision.AVOID,0,0,"{'fundamental_score': 6.3, 'technical_score': 0, 'confidence': 0}"
PARKHOTELS.NS,117.80000305175781,InvestmentDecision.AVOID,0,0,"{'fundamental_score': 5.9, 'technical_score': 0, 'confidence': 0}"
GATEWAY.NS,54.93000030517578,InvestmentDecision.AVOID,0,0,"{'fundamental_score': 5.7, 'technical_score': 0, 'confidence': 0}"
PRABHA.NS,169.00999450683594,InvestmentDecision.AVOID,0,0,"{'fundamental_score': 5.9, 'technical_score': 0, 'confidence': 0}"
IMAGICAA.NS,42.34000015258789,InvestmentDecision.AVOID,0,0,"{'fundamental_score': 4.7, 'technical_score': 0, 'confidence': 0}"
JASH.NS,377.45001220703125,InvestmentDecision.AVOID,0,0,"{'fundamental_score': 6.7, 'technical_score': 0, 'confidence': 0}"
GLOBUSSPR.NS,877.5999755859375,InvestmentDecision.AVOID,0,0,"{'fundamental_score': 5.9, 'technical_score': 0, 'confidence': 0}"
PAISALO.NS,49.31999969482422,InvestmentDecision.AVOID,0,0,"{'fundamental_score': 5.9, 'technical_score': 0, 'confidence': 0}"
DDEVPLSTIK.NS,237.6999969482422,InvestmentDecision.AVOID,0,0,"{'fundamental_score': 6.7, 'technical_score': 0, 'confidence': 0}"
PATELENG.NS,25.760000228881836,InvestmentDecision.AVOID,0,0,"{'fundamental_score': 4.7, 'technical_score': 0, 'confidence': 0}"
PENIND.NS,149.55999755859375,InvestmentDecision.AVOID,0,0,"{'fundamental_score': 6.25, 'technical_score': 0, 'confidence': 0}"
WSTCSTPAPR.NS,476.70001220703125,InvestmentDecision.AVOID,0,0,"{'fundamental_score': 6.7, 'technical_score': 0, 'confidence': 0}"
GANECOS.NS,1021.9000244140625,InvestmentDecision.AVOID,0,0,"{'fundamental_score': 5.9, 'technical_score': 0, 'confidence': 0}"
KDDL.NS,2614.199951171875,InvestmentDecision.AVOID,0,0,"{'fundamental_score': 4.300000000000001, 'technical_score': 0, 'confidence': 0}"
MAITHANALL.NS,961.6500244140625,InvestmentDecision.AVOID,0,0,"{'fundamental_score': 8.2, 'technical_score': 0, 'confidence': 0}"
POLYPLEX.NS,888.5999755859375,InvestmentDecision.AVOID,0,0,"{'fundamental_score': 6.7, 'technical_score': 0, 'confidence': 0}"
DEEPINDS.NS,470.54998779296875,InvestmentDecision.AVOID,0,0,"{'fundamental_score': 6.6000000000000005, 'technical_score': 0, 'confidence': 0}"
SAGCEM.NS,179.82000732421875,InvestmentDecision.AVOID,0,0,"{'fundamental_score': 4.25, 'technical_score': 0, 'confidence': 0}"
SIYSIL.NS,573.25,InvestmentDecision.AVOID,0,0,"{'fundamental_score': 5.9, 'technical_score': 0, 'confidence': 0}"
HPL.NS,358.04998779296875,InvestmentDecision.AVOID,0,0,"{'fundamental_score': 6.25, 'technical_score': 0, 'confidence': 0}"
EASEMYTRIP.NS,8.020000457763672,InvestmentDecision.AVOID,0,0,"{'fundamental_score': 5.9, 'technical_score': 0, 'confidence': 0}"
ASHIANA.NS,378.70001220703125,InvestmentDecision.AVOID,0,0,"{'fundamental_score': 6.2, 'technical_score': 0, 'confidence': 0}"
TCPLPACK.NS,2546.89990234375,InvestmentDecision.AVOID,0,0,"{'fundamental_score': 5.0, 'technical_score': 0, 'confidence': 0}"
SANDHAR.NS,530.3499755859375,InvestmentDecision.AVOID,0,0,"{'fundamental_score': 5.45, 'technical_score': 0, 'confidence': 0}"
SHK.NS,125.5199966430664,InvestmentDecision.AVOID,0,0,"{'fundamental_score': 4.25, 'technical_score': 0, 'confidence': 0}"
TFCILTD.NS,73.62999725341797,InvestmentDecision.AVOID,0,0,"{'fundamental_score': 6.15, 'technical_score': 0, 'confidence': 0}"
RAMRAT.NS,437.8500061035156,InvestmentDecision.AVOID,0,0,"{'fundamental_score': 5.8, 'technical_score': 0, 'confidence': 0}"
SUNDROP.NS,677.7999877929688,InvestmentDecision.AVOID,0,0,"{'fundamental_score': 4.300000000000001, 'technical_score': 0, 'confidence': 0}"
ORISSAMINE.NS,4045.89990234375,InvestmentDecision.AVOID,0,0,"{'fundamental_score': 6.7, 'technical_score': 0, 'confidence': 0}"
VEEDOL.NS,1435.4000244140625,InvestmentDecision.AVOID,0,0,"{'fundamental_score': 6.7, 'technical_score': 0, 'confidence': 0}"
TEAMLEASE.NS,1412.5999755859375,InvestmentDecision.AVOID,0,0,"{'fundamental_score': 6.7, 'technical_score': 0, 'confidence': 0}"
AGIIL.NS,381.70001220703125,InvestmentDecision.AVOID,0,0,"{'fundamental_score': 8.2, 'technical_score': 0, 'confidence': 0}"
NOCIL.NS,167.8699951171875,InvestmentDecision.AVOID,0,0,"{'fundamental_score': 4.7, 'technical_score': 0, 'confidence': 0}"
EMSLIMITED.NS,316.54998779296875,InvestmentDecision.AVOID,0,0,"{'fundamental_score': 7.6, 'technical_score': 0, 'confidence': 0}"
PREMEXPLN.NS,556.4500122070312,InvestmentDecision.AVOID,0,0,"{'fundamental_score': 6.7, 'technical_score': 0, 'confidence': 0}"
MANINDS.NS,592.5499877929688,InvestmentDecision.AVOID,0,0,"{'fundamental_score': 6.7, 'technical_score': 0, 'confidence': 0}"
TIRUMALCHM.NS,212.0800018310547,InvestmentDecision.AVOID,0,0,"{'fundamental_score': 5.8, 'technical_score': 0, 'confidence': 0}"
SANGHVIMOV.NS,322.1000061035156,InvestmentDecision.AVOID,0,0,"{'fundamental_score': 7.9, 'technical_score': 0, 'confidence': 0}"
FMGOETZE.NS,450.95001220703125,InvestmentDecision.AVOID,0,0,"{'fundamental_score': 5.9, 'technical_score': 0, 'confidence': 0}"
SBCL.NS,664.7999877929688,InvestmentDecision.AVOID,0,0,"{'fundamental_score': 8.4, 'technical_score': 0, 'confidence': 0}"
FCL.NS,34.119998931884766,InvestmentDecision.AVOID,0,0,"{'fundamental_score': 7.1, 'technical_score': 0, 'confidence': 0}"
VIMTALABS.NS,449.79998779296875,InvestmentDecision.AVOID,0,0,"{'fundamental_score': 8.7, 'technical_score': 0, 'confidence': 0}"
MUTHOOTMF.NS,181.3300018310547,InvestmentDecision.AVOID,0,0,"{'fundamental_score': 2.8000000000000003, 'technical_score': 0, 'confidence': 0}"
MARINE.NS,224.64999389648438,InvestmentDecision.AVOID,0,0,"{'fundamental_score': 6.7, 'technical_score': 0, 'confidence': 0}"
ARVSMART.NS,602.5999755859375,InvestmentDecision.AVOID,0,0,"{'fundamental_score': 7.6, 'technical_score': 0, 'confidence': 0}"
DALMIASUG.NS,350.95001220703125,InvestmentDecision.AVOID,0,0,"{'fundamental_score': 3.8500000000000005, 'technical_score': 0, 'confidence': 0}"
KPEL.NS,356.1000061035156,InvestmentDecision.AVOID,0,0,"{'fundamental_score': 7.199999999999999, 'technical_score': 0, 'confidence': 0}"
GIPCL.NS,143.77000427246094,InvestmentDecision.AVOID,0,0,"{'fundamental_score': 7.75, 'technical_score': 0, 'confidence': 0}"
ALPEXSOLAR.NS,1009.8499755859375,InvestmentDecision.AVOID,0,0,"{'fundamental_score': 6.7, 'technical_score': 0, 'confidence': 0}"
PRAKASH.NS,147.57000732421875,InvestmentDecision.AVOID,0,0,"{'fundamental_score': 6.7, 'technical_score': 0, 'confidence': 0}"
RPSGVENT.NS,951.25,InvestmentDecision.AVOID,0,0,"{'fundamental_score': 5.8, 'technical_score': 0, 'confidence': 0}"
BCG.NS,10.010000228881836,InvestmentDecision.AVOID,0,0,"{'fundamental_score': 7.6, 'technical_score': 0, 'confidence': 0}"
TATVA.NS,1241.9000244140625,InvestmentDecision.AVOID,0,0,"{'fundamental_score': 4.7, 'technical_score': 0, 'confidence': 0}"
IOLCP.NS,119.54000091552734,InvestmentDecision.AVOID,0,0,"{'fundamental_score': 6.7, 'technical_score': 0, 'confidence': 0}"
BAJAJHIND.NS,18.079999923706055,InvestmentDecision.AVOID,0,0,"{'fundamental_score': 5.45, 'technical_score': 0, 'confidence': 0}"
BFUTILITIE.NS,517.5999755859375,InvestmentDecision.AVOID,0,0,"{'fundamental_score': 8.2, 'technical_score': 0, 'confidence': 0}"
RAMCOIND.NS,273.95001220703125,InvestmentDecision.AVOID,0,0,"{'fundamental_score': 7.6, 'technical_score': 0, 'confidence': 0}"
TVSSRICHAK.NS,3592.0,InvestmentDecision.AVOID,0,0,"{'fundamental_score': 5.45, 'technical_score': 0, 'confidence': 0}"
POKARNA.NS,824.25,InvestmentDecision.AVOID,0,0,"{'fundamental_score': 7.9, 'technical_score': 0, 'confidence': 0}"
JTLIND.NS,69.16000366210938,InvestmentDecision.AVOID,0,0,"{'fundamental_score': 4.7, 'technical_score': 0, 'confidence': 0}"
EVEREADY.NS,318.54998779296875,InvestmentDecision.AVOID,0,0,"{'fundamental_score': 7.2, 'technical_score': 0, 'confidence': 0}"
CARRARO.NS,564.0499877929688,InvestmentDecision.AVOID,0,0,"{'fundamental_score': 5.9, 'technical_score': 0, 'confidence': 0}"
NRBBEARING.NS,357.95001220703125,InvestmentDecision.AVOID,0,0,"{'fundamental_score': 5.9, 'technical_score': 0, 'confidence': 0}"
HONDAPOWER.NS,2187.60009765625,InvestmentDecision.AVOID,0,0,"{'fundamental_score': 6.7, 'technical_score': 0, 'confidence': 0}"
SAKSOFT.NS,140.67999267578125,InvestmentDecision.AVOID,0,0,"{'fundamental_score': 7.6, 'technical_score': 0, 'confidence': 0}"
MOREPENLAB.NS,42.52000045776367,InvestmentDecision.AVOID,0,0,"{'fundamental_score': 6.7, 'technical_score': 0, 'confidence': 0}"
HIRECT.NS,973.5999755859375,InvestmentDecision.AVOID,0,0,"{'fundamental_score': 6.3, 'technical_score': 0, 'confidence': 0}"
VENUSPIPES.NS,1335.800048828125,InvestmentDecision.AVOID,0,0,"{'fundamental_score': 6.7, 'technical_score': 0, 'confidence': 0}"
SOTL.NS,417.29998779296875,InvestmentDecision.AVOID,0,0,"{'fundamental_score': 6.7, 'technical_score': 0, 'confidence': 0}"
ALLCARGO.NS,8.630000114440918,InvestmentDecision.AVOID,0,0,"{'fundamental_score': 6.25, 'technical_score': 0, 'confidence': 0}"
MTNL.NS,28.739999771118164,InvestmentDecision.AVOID,0,0,"{'fundamental_score': 6.7, 'technical_score': 0, 'confidence': 0}"
RELTD.NS,129.02999877929688,InvestmentDecision.AVOID,0,0,"{'fundamental_score': 6.6, 'technical_score': 0, 'confidence': 0}"
ALEMBICLTD.NS,87.2699966430664,InvestmentDecision.AVOID,0,0,"{'fundamental_score': 7.7, 'technical_score': 0, 'confidence': 0}"
DIGITIDE.NS,86.38999938964844,InvestmentDecision.AVOID,0,0,"{'fundamental_score': 4.25, 'technical_score': 0, 'confidence': 0}"
UTKARSHBNK.NS,13.279999732971191,InvestmentDecision.AVOID,0,0,"{'fundamental_score': 4.300000000000001, 'technical_score': 0, 'confidence': 0}"
NUCLEUS.NS,794.6500244140625,InvestmentDecision.AVOID,0,0,"{'fundamental_score': 7.9, 'technical_score': 0, 'confidence': 0}"
SERVOTECH.NS,94.16000366210938,InvestmentDecision.AVOID,0,0,"{'fundamental_score': 6.25, 'technical_score': 0, 'confidence': 0}"
AUTOAXLES.NS,1755.5999755859375,InvestmentDecision.AVOID,0,0,"{'fundamental_score': 5.9, 'technical_score': 0, 'confidence': 0}"
HMT.NS,56.650001525878906,InvestmentDecision.AVOID,0,0,"{'fundamental_score': 6.7, 'technical_score': 0, 'confidence': 0}"
LAOPALA.NS,168.3300018310547,InvestmentDecision.AVOID,0,0,"{'fundamental_score': 7.4, 'technical_score': 0, 'confidence': 0}"
DCXINDIA.NS,193.97999572753906,InvestmentDecision.AVOID,0,0,"{'fundamental_score': 6.7, 'technical_score': 0, 'confidence': 0}"
HINDWAREAP.NS,216.6300048828125,InvestmentDecision.AVOID,0,0,"{'fundamental_score': 3.4000000000000004, 'technical_score': 0, 'confidence': 0}"
INDOCO.NS,211.72000122070312,InvestmentDecision.AVOID,0,0,"{'fundamental_score': 3.8000000000000003, 'technical_score': 0, 'confidence': 0}"
WINDMACHIN.NS,279.29998779296875,InvestmentDecision.AVOID,0,0,"{'fundamental_score': 6.7, 'technical_score': 0, 'confidence': 0}"
TAJGVK.NS,303.75,InvestmentDecision.AVOID,0,0,"{'fundamental_score': 7.4, 'technical_score': 0, 'confidence': 0}"
NITCO.NS,95.87999725341797,InvestmentDecision.AVOID,0,0,"{'fundamental_score': 5.25, 'technical_score': 0, 'confidence': 0}"
SIRCA.NS,420.3999938964844,InvestmentDecision.AVOID,0,0,"{'fundamental_score': 7.6, 'technical_score': 0, 'confidence': 0}"
KALAMANDIR.NS,102.56999969482422,InvestmentDecision.AVOID,0,0,"{'fundamental_score': 5.1000000000000005, 'technical_score': 0, 'confidence': 0}"
VSSL.NS,275.1499938964844,InvestmentDecision.AVOID,0,0,"{'fundamental_score': 5.7, 'technical_score': 0, 'confidence': 0}"
KRSNAA.NS,562.7999877929688,InvestmentDecision.AVOID,0,0,"{'fundamental_score': 6.7, 'technical_score': 0, 'confidence': 0}"
SDBL.NS,85.41999816894531,InvestmentDecision.AVOID,0,0,"{'fundamental_score': 5.9, 'technical_score': 0, 'confidence': 0}"
CARYSIL.NS,1022.2999877929688,InvestmentDecision.AVOID,0,0,"{'fundamental_score': 5.9, 'technical_score': 0, 'confidence': 0}"
TCIEXP.NS,511.95001220703125,InvestmentDecision.AVOID,0,0,"{'fundamental_score': 6.7, 'technical_score': 0, 'confidence': 0}"
KCP.NS,158.64999389648438,InvestmentDecision.AVOID,0,0,"{'fundamental_score': 6.7, 'technical_score': 0, 'confidence': 0}"
BEPL.NS,95.25,InvestmentDecision.AVOID,0,0,"{'fundamental_score': 7.6, 'technical_score': 0, 'confidence': 0}"
KMEW.NS,2161.39990234375,InvestmentDecision.AVOID,0,0,"{'fundamental_score': 7.75, 'technical_score': 0, 'confidence': 0}"
XPROINDIA.NS,1070.9000244140625,InvestmentDecision.AVOID,0,0,"{'fundamental_score': 6.7, 'technical_score': 0, 'confidence': 0}"
HATHWAY.NS,10.149999618530273,InvestmentDecision.AVOID,0,0,"{'fundamental_score': 4.7, 'technical_score': 0, 'confidence': 0}"
REPCOHOME.NS,393.25,InvestmentDecision.AVOID,0,0,"{'fundamental_score': 5.9, 'technical_score': 0, 'confidence': 0}"
ADFFOODS.NS,263.79998779296875,InvestmentDecision.AVOID,0,0,"{'fundamental_score': 6.800000000000001, 'technical_score': 0, 'confidence': 0}"
UNIVCABLES.NS,1002.3499755859375,InvestmentDecision.AVOID,0,0,"{'fundamental_score': 6.25, 'technical_score': 0, 'confidence': 0}"
PANACEABIO.NS,418.3500061035156,InvestmentDecision.AVOID,0,0,"{'fundamental_score': 6.7, 'technical_score': 0, 'confidence': 0}"
GRMOVER.NS,165.22999572753906,InvestmentDecision.AVOID,0,0,"{'fundamental_score': 5.9, 'technical_score': 0, 'confidence': 0}"
DIAMONDYD.NS,977.7000122070312,InvestmentDecision.AVOID,0,0,"{'fundamental_score': 4.300000000000001, 'technical_score': 0, 'confidence': 0}"
CAPACITE.NS,221.8000030517578,InvestmentDecision.AVOID,0,0,"{'fundamental_score': 6.7, 'technical_score': 0, 'confidence': 0}"
ROSSTECH.NS,928.75,InvestmentDecision.AVOID,0,0,"{'fundamental_score': 5.2, 'technical_score': 0, 'confidence': 0}"
FILATEX.NS,42.18000030517578,InvestmentDecision.AVOID,0,0,"{'fundamental_score': 5.9, 'technical_score': 0, 'confidence': 0}"
JINDALPOLY.NS,704.4500122070312,InvestmentDecision.AVOID,0,0,"{'fundamental_score': 5.45, 'technical_score': 0, 'confidence': 0}"
SMSPHARMA.NS,424.29998779296875,InvestmentDecision.AVOID,0,0,"{'fundamental_score': 6.7, 'technical_score': 0, 'confidence': 0}"
MONARCH.NS,311.6499938964844,InvestmentDecision.AVOID,0,0,"{'fundamental_score': 7.8, 'technical_score': 0, 'confidence': 0}"
TASTYBITE.NS,7454.5,InvestmentDecision.AVOID,0,0,"{'fundamental_score': 5.9, 'technical_score': 0, 'confidence': 0}"
AEROFLEX.NS,391.04998779296875,InvestmentDecision.AVOID,0,0,"{'fundamental_score': 7.1, 'technical_score': 0, 'confidence': 0}"
HGS.NS,401.1000061035156,InvestmentDecision.AVOID,0,0,"{'fundamental_score': 6.7, 'technical_score': 0, 'confidence': 0}"
JAICORPLTD.NS,113.1500015258789,InvestmentDecision.AVOID,0,0,"{'fundamental_score': 8.2, 'technical_score': 0, 'confidence': 0}"
MOLDTKPAC.NS,671.8499755859375,InvestmentDecision.AVOID,0,0,"{'fundamental_score': 5.1000000000000005, 'technical_score': 0, 'confidence': 0}"
COSMOFIRST.NS,797.5,InvestmentDecision.AVOID,0,0,"{'fundamental_score': 5.0, 'technical_score': 0, 'confidence': 0}"
PFS.NS,30.0,InvestmentDecision.AVOID,0,0,"{'fundamental_score': 7.4, 'technical_score': 0, 'confidence': 0}"
BAJEL.NS,176.4499969482422,InvestmentDecision.AVOID,0,0,"{'fundamental_score': 6.7, 'technical_score': 0, 'confidence': 0}"
INSECTICID.NS,746.1500244140625,InvestmentDecision.AVOID,0,0,"{'fundamental_score': 6.7, 'technical_score': 0, 'confidence': 0}"
SHALBY.NS,166.75,InvestmentDecision.AVOID,0,0,"{'fundamental_score': 6.25, 'technical_score': 0, 'confidence': 0}"
NDRAUTO.NS,811.4500122070312,InvestmentDecision.AVOID,0,0,"{'fundamental_score': 6.3, 'technical_score': 0, 'confidence': 0}"
FINOPB.NS,121.44000244140625,InvestmentDecision.AVOID,0,0,"{'fundamental_score': 4.300000000000001, 'technical_score': 0, 'confidence': 0}"
ORIENTHOT.NS,96.80000305175781,InvestmentDecision.AVOID,0,0,"{'fundamental_score': 6.0, 'technical_score': 0, 'confidence': 0}"
STYLEBAAZA.NS,354.8999938964844,InvestmentDecision.AVOID,0,0,"{'fundamental_score': 3.6000000000000005, 'technical_score': 0, 'confidence': 0}"
SCILAL.NS,45.880001068115234,InvestmentDecision.AVOID,0,0,"{'fundamental_score': 6.2, 'technical_score': 0, 'confidence': 0}"
NILKAMAL.NS,1244.199951171875,InvestmentDecision.AVOID,0,0,"{'fundamental_score': 4.300000000000001, 'technical_score': 0, 'confidence': 0}"
LANDMARK.NS,361.25,InvestmentDecision.AVOID,0,0,"{'fundamental_score': 4.4, 'technical_score': 0, 'confidence': 0}"
EIHAHOTELS.NS,324.1499938964844,InvestmentDecision.AVOID,0,0,"{'fundamental_score': 7.4, 'technical_score': 0, 'confidence': 0}"
IPL.NS,167.6699981689453,InvestmentDecision.AVOID,0,0,"{'fundamental_score': 6.7, 'technical_score': 0, 'confidence': 0}"
SUMMITSEC.NS,1485.9000244140625,InvestmentDecision.AVOID,0,0,"{'fundamental_score': 5.800000000000001, 'technical_score': 0, 'confidence': 0}"
SEAMECLTD.NS,1617.199951171875,InvestmentDecision.AVOID,0,0,"{'fundamental_score': 8.7, 'technical_score': 0, 'confidence': 0}"
MAYURUNIQ.NS,692.25,InvestmentDecision.AVOID,0,0,"{'fundamental_score': 7.8, 'technical_score': 0, 'confidence': 0}"
RML.NS,886.0499877929688,InvestmentDecision.AVOID,0,0,"{'fundamental_score': 5.0, 'technical_score': 0, 'confidence': 0}"
YATRA.NS,94.5,InvestmentDecision.AVOID,0,0,"{'fundamental_score': 5.9, 'technical_score': 0, 'confidence': 0}"
STEELCAS.NS,284.04998779296875,InvestmentDecision.AVOID,0,0,"{'fundamental_score': 8.2, 'technical_score': 0, 'confidence': 0}"
GENESYS.NS,201.3000030517578,InvestmentDecision.AVOID,0,0,"{'fundamental_score': 7.6, 'technical_score': 0, 'confidence': 0}"
SOLARA.NS,573.6500244140625,InvestmentDecision.AVOID,0,0,"{'fundamental_score': 4.25, 'technical_score': 0, 'confidence': 0}"
KICL.NS,5066.60009765625,InvestmentDecision.AVOID,0,0,"{'fundamental_score': 7.4, 'technical_score': 0, 'confidence': 0}"
SPECTRUM.NS,1428.5,InvestmentDecision.AVOID,0,0,"{'fundamental_score': 6.25, 'technical_score': 0, 'confidence': 0}"
SULA.NS,159.88999938964844,InvestmentDecision.AVOID,0,0,"{'fundamental_score': 3.8500000000000005, 'technical_score': 0, 'confidence': 0}"
SIMPLEXINF.NS,217.00999450683594,InvestmentDecision.AVOID,0,0,"{'fundamental_score': 5.2, 'technical_score': 0, 'confidence': 0}"
CANTABIL.NS,219.3699951171875,InvestmentDecision.AVOID,0,0,"{'fundamental_score': 5.4, 'technical_score': 0, 'confidence': 0}"
DELTACORP.NS,71.12999725341797,InvestmentDecision.AVOID,0,0,"{'fundamental_score': 5.200000000000001, 'technical_score': 0, 'confidence': 0}"
SASKEN.NS,1718.5,InvestmentDecision.AVOID,0,0,"{'fundamental_score': 4.7, 'technical_score': 0, 'confidence': 0}"
SANGAMIND.NS,483.45001220703125,InvestmentDecision.AVOID,0,0,"{'fundamental_score': 3.4000000000000004, 'technical_score': 0, 'confidence': 0}"
RANEHOLDIN.NS,1472.0,InvestmentDecision.AVOID,0,0,"{'fundamental_score': 4.65, 'technical_score': 0, 'confidence': 0}"
HINDOILEXP.NS,165.57000732421875,InvestmentDecision.AVOID,0,0,"{'fundamental_score': 7.4, 'technical_score': 0, 'confidence': 0}"
STOVEKRAFT.NS,543.8499755859375,InvestmentDecision.AVOID,0,0,"{'fundamental_score': 4.300000000000001, 'technical_score': 0, 'confidence': 0}"
GEOJITFSL.NS,74.66999816894531,InvestmentDecision.AVOID,0,0,"{'fundamental_score': 5.200000000000001, 'technical_score': 0, 'confidence': 0}"
IDEAFORGE.NS,753.3499755859375,InvestmentDecision.AVOID,0,0,"{'fundamental_score': 4.7, 'technical_score': 0, 'confidence': 0}"
RPTECH.NS,543.6500244140625,InvestmentDecision.AVOID,0,0,"{'fundamental_score': 6.2, 'technical_score': 0, 'confidence': 0}"
ACCELYA.NS,1106.4000244140625,InvestmentDecision.AVOID,0,0,"{'fundamental_score': 8.7, 'technical_score': 0, 'confidence': 0}"
VENKEYS.NS,1504.9000244140625,InvestmentDecision.AVOID,0,0,"{'fundamental_score': 5.9, 'technical_score': 0, 'confidence': 0}"
TIL.NS,184.64999389648438,InvestmentDecision.AVOID,0,0,"{'fundamental_score': 5.2, 'technical_score': 0, 'confidence': 0}"
YASHO.NS,2010.0999755859375,InvestmentDecision.AVOID,0,0,"{'fundamental_score': 5.8, 'technical_score': 0, 'confidence': 0}"
WEL.NS,105.91000366210938,InvestmentDecision.AVOID,0,0,"{'fundamental_score': 5.45, 'technical_score': 0, 'confidence': 0}"
DOLLAR.NS,276.45001220703125,InvestmentDecision.AVOID,0,0,"{'fundamental_score': 5.9, 'technical_score': 0, 'confidence': 0}"
INDIANHUME.NS,305.8999938964844,InvestmentDecision.AVOID,0,0,"{'fundamental_score': 5.7, 'technical_score': 0, 'confidence': 0}"
DREDGECORP.NS,1088.0,InvestmentDecision.AVOID,0,0,"{'fundamental_score': 4.25, 'technical_score': 0, 'confidence': 0}"
MOL.NS,48.97999954223633,InvestmentDecision.AVOID,0,0,"{'fundamental_score': 4.7, 'technical_score': 0, 'confidence': 0}"
DCW.NS,46.65999984741211,InvestmentDecision.AVOID,0,0,"{'fundamental_score': 4.7, 'technical_score': 0, 'confidence': 0}"
UGROCAP.NS,98.06999969482422,InvestmentDecision.AVOID,0,0,"{'fundamental_score': 4.300000000000001, 'technical_score': 0, 'confidence': 0}"
THEJO.NS,1642.5999755859375,InvestmentDecision.AVOID,0,0,"{'fundamental_score': 6.7, 'technical_score': 0, 'confidence': 0}"
HITECH.NS,85.58000183105469,InvestmentDecision.AVOID,0,0,"{'fundamental_score': 6.7, 'technical_score': 0, 'confidence': 0}"
MANGLMCEM.NS,798.7000122070312,InvestmentDecision.AVOID,0,0,"{'fundamental_score': 5.75, 'technical_score': 0, 'confidence': 0}"
AMRUTANJAN.NS,550.5,InvestmentDecision.AVOID,0,0,"{'fundamental_score': 6.7, 'technical_score': 0, 'confidence': 0}"
WHEELS.NS,1565.4000244140625,InvestmentDecision.AVOID,0,0,"{'fundamental_score': 5.9, 'technical_score': 0, 'confidence': 0}"
APCOTEXIND.NS,503.70001220703125,InvestmentDecision.AVOID,0,0,"{'fundamental_score': 6.7, 'technical_score': 0, 'confidence': 0}"
GMBREW.NS,915.0,InvestmentDecision.AVOID,0,0,"{'fundamental_score': 5.9, 'technical_score': 0, 'confidence': 0}"
VERANDA.NS,240.0399932861328,InvestmentDecision.AVOID,0,0,"{'fundamental_score': 7.4, 'technical_score': 0, 'confidence': 0}"
PIXTRANS.NS,1538.0,InvestmentDecision.AVOID,0,0,"{'fundamental_score': 8.2, 'technical_score': 0, 'confidence': 0}"
MOBIKWIK.NS,196.47999572753906,InvestmentDecision.AVOID,0,0,"{'fundamental_score': 4.25, 'technical_score': 0, 'confidence': 0}"
UNIPARTS.NS,537.0999755859375,InvestmentDecision.AVOID,0,0,"{'fundamental_score': 6.7, 'technical_score': 0, 'confidence': 0}"
RAJRATAN.NS,410.20001220703125,InvestmentDecision.AVOID,0,0,"{'fundamental_score': 5.7, 'technical_score': 0, 'confidence': 0}"
EXICOM.NS,114.93000030517578,InvestmentDecision.AVOID,0,0,"{'fundamental_score': 3.8000000000000003, 'technical_score': 0, 'confidence': 0}"
INDNIPPON.NS,782.25,InvestmentDecision.AVOID,0,0,"{'fundamental_score': 5.9, 'technical_score': 0, 'confidence': 0}"
VINCOFE.NS,134.05999755859375,InvestmentDecision.AVOID,0,0,"{'fundamental_score': 6.800000000000001, 'technical_score': 0, 'confidence': 0}"
MUKANDLTD.NS,141.02999877929688,InvestmentDecision.AVOID,0,0,"{'fundamental_score': 6.3, 'technical_score': 0, 'confidence': 0}"
SOMANYCERA.NS,519.2999877929688,InvestmentDecision.AVOID,0,0,"{'fundamental_score': 4.7, 'technical_score': 0, 'confidence': 0}"
DYCL.NS,297.8999938964844,InvestmentDecision.AVOID,0,0,"{'fundamental_score': 7.2, 'technical_score': 0, 'confidence': 0}"
NELCO.NS,669.7000122070312,InvestmentDecision.AVOID,0,0,"{'fundamental_score': 4.25, 'technical_score': 0, 'confidence': 0}"
DIVGIITTS.NS,663.7999877929688,InvestmentDecision.AVOID,0,0,"{'fundamental_score': 6.800000000000001, 'technical_score': 0, 'confidence': 0}"
MSPL.NS,41.060001373291016,InvestmentDecision.AVOID,0,0,"{'fundamental_score': 6.7, 'technical_score': 0, 'confidence': 0}"
KERNEX.NS,1353.199951171875,InvestmentDecision.AVOID,0,0,"{'fundamental_score': 7.75, 'technical_score': 0, 'confidence': 0}"
NITINSPIN.NS,498.54998779296875,InvestmentDecision.AVOID,0,0,"{'fundamental_score': 5.050000000000001, 'technical_score': 0, 'confidence': 0}"
BGRENERGY.NS,281.5,InvestmentDecision.AVOID,0,0,"{'fundamental_score': 6.7, 'technical_score': 0, 'confidence': 0}"
WINDLAS.NS,798.0499877929688,InvestmentDecision.AVOID,0,0,"{'fundamental_score': 6.7, 'technical_score': 0, 'confidence': 0}"
RAMCOSYS.NS,392.95001220703125,InvestmentDecision.AVOID,0,0,"{'fundamental_score': 6.7, 'technical_score': 0, 'confidence': 0}"
SPAL.NS,792.2999877929688,InvestmentDecision.AVOID,0,0,"{'fundamental_score': 5.9, 'technical_score': 0, 'confidence': 0}"
GTLINFRA.NS,1.309999942779541,InvestmentDecision.AVOID,0,0,"{'fundamental_score': 6.7, 'technical_score': 0, 'confidence': 0}"
NIBE.NS,1174.5999755859375,InvestmentDecision.AVOID,0,0,"{'fundamental_score': 6.7, 'technical_score': 0, 'confidence': 0}"
SPIC.NS,69.51000213623047,InvestmentDecision.AVOID,0,0,"{'fundamental_score': 6.7, 'technical_score': 0, 'confidence': 0}"
LAXMIDENTL.NS,203.02999877929688,InvestmentDecision.AVOID,0,0,"{'fundamental_score': 6.7, 'technical_score': 0, 'confidence': 0}"
ASALCBR.NS,817.7999877929688,InvestmentDecision.AVOID,0,0,"{'fundamental_score': 5.500000000000001, 'technical_score': 0, 'confidence': 0}"
SPANDANA.NS,254.25999450683594,InvestmentDecision.AVOID,0,0,"{'fundamental_score': 2.8000000000000003, 'technical_score': 0, 'confidence': 0}"
PANAMAPET.NS,322.70001220703125,InvestmentDecision.AVOID,0,0,"{'fundamental_score': 5.9, 'technical_score': 0, 'confidence': 0}"
INDOTECH.NS,2454.89990234375,InvestmentDecision.AVOID,0,0,"{'fundamental_score': 6.7, 'technical_score': 0, 'confidence': 0}"
VIDHIING.NS,292.95001220703125,InvestmentDecision.AVOID,0,0,"{'fundamental_score': 7.6, 'technical_score': 0, 'confidence': 0}"
WENDT.NS,6976.0,InvestmentDecision.AVOID,0,0,"{'fundamental_score': 4.7, 'technical_score': 0, 'confidence': 0}"
UNITECH.NS,4.539999961853027,InvestmentDecision.AVOID,0,0,"{'fundamental_score': 6.7, 'technical_score': 0, 'confidence': 0}"
RMDRIP.NS,19.469999313354492,InvestmentDecision.AVOID,0,0,"{'fundamental_score': 8.2, 'technical_score': 0, 'confidence': 0}"
MOTISONS.NS,11.890000343322754,InvestmentDecision.AVOID,0,0,"{'fundamental_score': 6.800000000000001, 'technical_score': 0, 'confidence': 0}"
DEEDEV.NS,475.1499938964844,InvestmentDecision.AVOID,0,0,"{'fundamental_score': 6.25, 'technical_score': 0, 'confidence': 0}"
SEPC.NS,7.320000171661377,InvestmentDecision.AVOID,0,0,"{'fundamental_score': 6.7, 'technical_score': 0, 'confidence': 0}"
ADOR.NS,1091.199951171875,InvestmentDecision.AVOID,0,0,"{'fundamental_score': 6.7, 'technical_score': 0, 'confidence': 0}"
GARUDA.NS,172.13999938964844,InvestmentDecision.AVOID,0,0,"{'fundamental_score': 8.2, 'technical_score': 0, 'confidence': 0}"
VINDHYATEL.NS,1631.9000244140625,InvestmentDecision.AVOID,0,0,"{'fundamental_score': 6.7, 'technical_score': 0, 'confidence': 0}"
PRECAM.NS,149.9600067138672,InvestmentDecision.AVOID,0,0,"{'fundamental_score': 5.9, 'technical_score': 0, 'confidence': 0}"
ASTEC.NS,751.5499877929688,InvestmentDecision.AVOID,0,0,"{'fundamental_score': 3.8000000000000003, 'technical_score': 0, 'confidence': 0}"
BETA.NS,1215.0,InvestmentDecision.AVOID,0,0,"{'fundamental_score': 6.75, 'technical_score': 0, 'confidence': 0}"
FUSION.NS,180.42999267578125,InvestmentDecision.AVOID,0,0,"{'fundamental_score': 4.4, 'technical_score': 0, 'confidence': 0}"
TALBROAUTO.NS,327.3500061035156,InvestmentDecision.AVOID,0,0,"{'fundamental_score': 5.9, 'technical_score': 0, 'confidence': 0}"
IFGLEXPOR.NS,166.22999572753906,InvestmentDecision.AVOID,0,0,"{'fundamental_score': 6.7, 'technical_score': 0, 'confidence': 0}"
BLSE.NS,205.50999450683594,InvestmentDecision.AVOID,0,0,"{'fundamental_score': 6.2, 'technical_score': 0, 'confidence': 0}"
BFINVEST.NS,394.95001220703125,InvestmentDecision.AVOID,0,0,"{'fundamental_score': 7.4, 'technical_score': 0, 'confidence': 0}"
NAVKARCORP.NS,95.4800033569336,InvestmentDecision.AVOID,0,0,"{'fundamental_score': 4.7, 'technical_score': 0, 'confidence': 0}"
SPMLINFRA.NS,197.9199981689453,InvestmentDecision.AVOID,0,0,"{'fundamental_score': 6.7, 'technical_score': 0, 'confidence': 0}"
JYOTISTRUC.NS,12.1899995803833,InvestmentDecision.AVOID,0,0,"{'fundamental_score': 4.2, 'technical_score': 0, 'confidence': 0}"
JGCHEM.NS,396.04998779296875,InvestmentDecision.AVOID,0,0,"{'fundamental_score': 6.2, 'technical_score': 0, 'confidence': 0}"
GOCLCORP.NS,298.25,InvestmentDecision.AVOID,0,0,"{'fundamental_score': 8.2, 'technical_score': 0, 'confidence': 0}"
HUHTAMAKI.NS,165.27000427246094,InvestmentDecision.AVOID,0,0,"{'fundamental_score': 5.9, 'technical_score': 0, 'confidence': 0}"
QUICKHEAL.NS,211.99000549316406,InvestmentDecision.AVOID,0,0,"{'fundamental_score': 6.7, 'technical_score': 0, 'confidence': 0}"
PNBGILTS.NS,79.2699966430664,InvestmentDecision.AVOID,0,0,"{'fundamental_score': 5.1000000000000005, 'technical_score': 0, 'confidence': 0}"
JINDRILL.NS,657.9000244140625,InvestmentDecision.AVOID,0,0,"{'fundamental_score': 7.4, 'technical_score': 0, 'confidence': 0}"
DLINKINDIA.NS,460.54998779296875,InvestmentDecision.AVOID,0,0,"{'fundamental_score': 7.2, 'technical_score': 0, 'confidence': 0}"
BLISSGVS.NS,290.04998779296875,InvestmentDecision.AVOID,0,0,"{'fundamental_score': 7.6, 'technical_score': 0, 'confidence': 0}"
SANSTAR.NS,111.94999694824219,InvestmentDecision.AVOID,0,0,"{'fundamental_score': 6.7, 'technical_score': 0, 'confidence': 0}"
EXPLEOSOL.NS,931.4500122070312,InvestmentDecision.AVOID,0,0,"{'fundamental_score': 6.7, 'technical_score': 0, 'confidence': 0}"
SESHAPAPER.NS,232.75,InvestmentDecision.AVOID,0,0,"{'fundamental_score': 6.7, 'technical_score': 0, 'confidence': 0}"
DEN.NS,26.700000762939453,InvestmentDecision.AVOID,0,0,"{'fundamental_score': 5.9, 'technical_score': 0, 'confidence': 0}"
TTKHLTCARE.NS,884.4000244140625,InvestmentDecision.AVOID,0,0,"{'fundamental_score': 6.7, 'technical_score': 0, 'confidence': 0}"
DAMCAPITAL.NS,152.0399932861328,InvestmentDecision.AVOID,0,0,"{'fundamental_score': 7.4, 'technical_score': 0, 'confidence': 0}"
ARMANFIN.NS,1713.0999755859375,InvestmentDecision.AVOID,0,0,"{'fundamental_score': 5.0, 'technical_score': 0, 'confidence': 0}"
ARIHANTSUP.NS,239.4499969482422,InvestmentDecision.AVOID,0,0,"{'fundamental_score': 5.2, 'technical_score': 0, 'confidence': 0}"
SATIN.NS,222.52999877929688,InvestmentDecision.AVOID,0,0,"{'fundamental_score': 5.5, 'technical_score': 0, 'confidence': 0}"
RAMASTEEL.NS,5.150000095367432,InvestmentDecision.AVOID,0,0,"{'fundamental_score': 6.7, 'technical_score': 0, 'confidence': 0}"
DOLPHIN.NS,412.3500061035156,InvestmentDecision.AVOID,0,0,"{'fundamental_score': 7.3500000000000005, 'technical_score': 0, 'confidence': 0}"
RAJOOENG.NS,54.650001525878906,InvestmentDecision.AVOID,0,0,"{'fundamental_score': 8.1, 'technical_score': 0, 'confidence': 0}"
STANLEY.NS,156.1300048828125,InvestmentDecision.AVOID,0,0,"{'fundamental_score': 5.45, 'technical_score': 0, 'confidence': 0}"
MUFIN.NS,121.0199966430664,InvestmentDecision.AVOID,0,0,"{'fundamental_score': 5.9, 'technical_score': 0, 'confidence': 0}"
JNKINDIA.NS,373.1499938964844,InvestmentDecision.AVOID,0,0,"{'fundamental_score': 6.7, 'technical_score': 0, 'confidence': 0}"
TARSONS.NS,212.7100067138672,InvestmentDecision.AVOID,0,0,"{'fundamental_score': 6.25, 'technical_score': 0, 'confidence': 0}"
HIMATSEIDE.NS,76.63999938964844,InvestmentDecision.AVOID,0,0,"{'fundamental_score': 5.0, 'technical_score': 0, 'confidence': 0}"
SOLEX.NS,1309.699951171875,InvestmentDecision.AVOID,0,0,"{'fundamental_score': 5.8, 'technical_score': 0, 'confidence': 0}"
MMFL.NS,453.0,InvestmentDecision.AVOID,0,0,"{'fundamental_score': 5.8, 'technical_score': 0, 'confidence': 0}"
UDS.NS,172.9199981689453,InvestmentDecision.AVOID,0,0,"{'fundamental_score': 6.7, 'technical_score': 0, 'confidence': 0}"
SYNCOMF.NS,14.109999656677246,InvestmentDecision.AVOID,0,0,"{'fundamental_score': 7.6, 'technical_score': 0, 'confidence': 0}"
IGARASHI.NS,400.54998779296875,InvestmentDecision.AVOID,0,0,"{'fundamental_score': 5.9, 'technical_score': 0, 'confidence': 0}"
TINNARUBR.NS,717.0,InvestmentDecision.AVOID,0,0,"{'fundamental_score': 6.7, 'technical_score': 0, 'confidence': 0}"
GREENPOWER.NS,11.020000457763672,InvestmentDecision.AVOID,0,0,"{'fundamental_score': 6.2, 'technical_score': 0, 'confidence': 0}"
PUNJABCHEM.NS,1021.0,InvestmentDecision.AVOID,0,0,"{'fundamental_score': 6.7, 'technical_score': 0, 'confidence': 0}"
SURAKSHA.NS,305.04998779296875,InvestmentDecision.AVOID,0,0,"{'fundamental_score': 6.25, 'technical_score': 0, 'confidence': 0}"
AIMTRON.NS,1078.949951171875,InvestmentDecision.AVOID,0,0,"{'fundamental_score': 6.7, 'technical_score': 0, 'confidence': 0}"
APOLLOPIPE.NS,507.6000061035156,InvestmentDecision.AVOID,0,0,"{'fundamental_score': 4.7, 'technical_score': 0, 'confidence': 0}"
MASTERTR.NS,93.66000366210938,InvestmentDecision.AVOID,0,0,"{'fundamental_score': 7.4, 'technical_score': 0, 'confidence': 0}"
IKIO.NS,154.1699981689453,InvestmentDecision.AVOID,0,0,"{'fundamental_score': 4.7, 'technical_score': 0, 'confidence': 0}"
AWHCL.NS,462.75,InvestmentDecision.AVOID,0,0,"{'fundamental_score': 6.25, 'technical_score': 0, 'confidence': 0}"
STALLION.NS,165.38999938964844,InvestmentDecision.AVOID,0,0,"{'fundamental_score': 4.7, 'technical_score': 0, 'confidence': 0}"
LGHL.NS,231.25,InvestmentDecision.AVOID,0,0,"{'fundamental_score': 4.4, 'technical_score': 0, 'confidence': 0}"
ECOSMOBLTY.NS,129.39999389648438,InvestmentDecision.AVOID,0,0,"{'fundamental_score': 6.7, 'technical_score': 0, 'confidence': 0}"
JAGRAN.NS,67.63999938964844,InvestmentDecision.AVOID,0,0,"{'fundamental_score': 6.7, 'technical_score': 0, 'confidence': 0}"
RUPA.NS,147.0800018310547,InvestmentDecision.AVOID,0,0,"{'fundamental_score': 5.9, 'technical_score': 0, 'confidence': 0}"
VINYAS.NS,942.7999877929688,InvestmentDecision.AVOID,0,0,"{'fundamental_score': 6.7, 'technical_score': 0, 'confidence': 0}"
OMAXE.NS,76.66999816894531,InvestmentDecision.AVOID,0,0,"{'fundamental_score': 6.7, 'technical_score': 0, 'confidence': 0}"
SHRIRAMPPS.NS,81.66999816894531,InvestmentDecision.AVOID,0,0,"{'fundamental_score': 6.25, 'technical_score': 0, 'confidence': 0}"
HESTERBIO.NS,1839.0999755859375,InvestmentDecision.AVOID,0,0,"{'fundamental_score': 7.45, 'technical_score': 0, 'confidence': 0}"
QUADFUTURE.NS,283.45001220703125,InvestmentDecision.AVOID,0,0,"{'fundamental_score': 6.7, 'technical_score': 0, 'confidence': 0}"
HMAAGRO.NS,24.270000457763672,InvestmentDecision.AVOID,0,0,"{'fundamental_score': 5.45, 'technical_score': 0, 'confidence': 0}"
JAGSNPHARM.NS,199.30999755859375,InvestmentDecision.AVOID,0,0,"{'fundamental_score': 7.6, 'technical_score': 0, 'confidence': 0}"
PLATIND.NS,223.5399932861328,InvestmentDecision.AVOID,0,0,"{'fundamental_score': 6.2, 'technical_score': 0, 'confidence': 0}"
ORIENTTECH.NS,269.8500061035156,InvestmentDecision.AVOID,0,0,"{'fundamental_score': 6.7, 'technical_score': 0, 'confidence': 0}"
EKC.NS,114.98999786376953,InvestmentDecision.AVOID,0,0,"{'fundamental_score': 6.7, 'technical_score': 0, 'confidence': 0}"
ANDHRAPAP.NS,63.58000183105469,InvestmentDecision.AVOID,0,0,"{'fundamental_score': 4.7, 'technical_score': 0, 'confidence': 0}"
SALASAR.NS,6.960000038146973,InvestmentDecision.AVOID,0,0,"{'fundamental_score': 6.7, 'technical_score': 0, 'confidence': 0}"
ESAFSFB.NS,27.600000381469727,InvestmentDecision.AVOID,0,0,"{'fundamental_score': 5.9, 'technical_score': 0, 'confidence': 0}"
CONFIPET.NS,63.56999969482422,InvestmentDecision.AVOID,0,0,"{'fundamental_score': 5.45, 'technical_score': 0, 'confidence': 0}"
SMCGLOBAL.NS,62.849998474121094,InvestmentDecision.AVOID,0,0,"{'fundamental_score': 2.8000000000000003, 'technical_score': 0, 'confidence': 0}"
CENTRUM.NS,23.389999389648438,InvestmentDecision.AVOID,0,0,"{'fundamental_score': 4.4, 'technical_score': 0, 'confidence': 0}"
DOLATALGO.NS,78.80000305175781,InvestmentDecision.AVOID,0,0,"{'fundamental_score': 7.4, 'technical_score': 0, 'confidence': 0}"
ROTO.NS,56.68000030517578,InvestmentDecision.AVOID,0,0,"{'fundamental_score': 6.7, 'technical_score': 0, 'confidence': 0}"
NIITLTD.NS,65.13999938964844,InvestmentDecision.AVOID,0,0,"{'fundamental_score': 4.300000000000001, 'technical_score': 0, 'confidence': 0}"
GPTINFRA.NS,119.8499984741211,InvestmentDecision.AVOID,0,0,"{'fundamental_score': 6.7, 'technical_score': 0, 'confidence': 0}"
SURYODAY.NS,160.9499969482422,InvestmentDecision.AVOID,0,0,"{'fundamental_score': 4.300000000000001, 'technical_score': 0, 'confidence': 0}"
BIRLANU.NS,1378.5999755859375,InvestmentDecision.AVOID,0,0,"{'fundamental_score': 3.8000000000000003, 'technical_score': 0, 'confidence': 0}"
RISHABH.NS,520.5499877929688,InvestmentDecision.AVOID,0,0,"{'fundamental_score': 6.7, 'technical_score': 0, 'confidence': 0}"
ASIANENE.NS,354.75,InvestmentDecision.AVOID,0,0,"{'fundamental_score': 5.1000000000000005, 'technical_score': 0, 'confidence': 0}"
GANDHAR.NS,158.86000061035156,InvestmentDecision.AVOID,0,0,"{'fundamental_score': 5.9, 'technical_score': 0, 'confidence': 0}"
EXCELINDUS.NS,956.75,InvestmentDecision.AVOID,0,0,"{'fundamental_score': 6.7, 'technical_score': 0, 'confidence': 0}"
BAJAJHCARE.NS,298.70001220703125,InvestmentDecision.AVOID,0,0,"{'fundamental_score': 4.7, 'technical_score': 0, 'confidence': 0}"
ALICON.NS,656.5499877929688,InvestmentDecision.AVOID,0,0,"{'fundamental_score': 6.25, 'technical_score': 0, 'confidence': 0}"
DCMSRIND.NS,41.650001525878906,InvestmentDecision.AVOID,0,0,"{'fundamental_score': 5.9, 'technical_score': 0, 'confidence': 0}"
CLSEL.NS,262.8500061035156,InvestmentDecision.AVOID,0,0,"{'fundamental_score': 5.9, 'technical_score': 0, 'confidence': 0}"
RAJRILTD.NS,19.979999542236328,InvestmentDecision.AVOID,0,0,"{'fundamental_score': 5.4, 'technical_score': 0, 'confidence': 0}"
INDORAMA.NS,35.459999084472656,InvestmentDecision.AVOID,0,0,"{'fundamental_score': 4.4, 'technical_score': 0, 'confidence': 0}"
PARACABLES.NS,54.54999923706055,InvestmentDecision.AVOID,0,0,"{'fundamental_score': 6.7, 'technical_score': 0, 'confidence': 0}"
VPRPL.NS,38.900001525878906,InvestmentDecision.AVOID,0,0,"{'fundamental_score': 6.25, 'technical_score': 0, 'confidence': 0}"
SALZERELEC.NS,697.3499755859375,InvestmentDecision.AVOID,0,0,"{'fundamental_score': 6.25, 'technical_score': 0, 'confidence': 0}"
MANAKCOAT.NS,99.56999969482422,InvestmentDecision.AVOID,0,0,"{'fundamental_score': 6.2, 'technical_score': 0, 'confidence': 0}"
SIGACHI.NS,20.43000030517578,InvestmentDecision.AVOID,0,0,"{'fundamental_score': 6.7, 'technical_score': 0, 'confidence': 0}"
INFOBEAN.NS,150.5,InvestmentDecision.AVOID,0,0,"{'fundamental_score': 8.4, 'technical_score': 0, 'confidence': 0}"
ALLDIGI.NS,826.4500122070312,InvestmentDecision.AVOID,0,0,"{'fundamental_score': 7.65, 'technical_score': 0, 'confidence': 0}"
BLKASHYAP.NS,56.5099983215332,InvestmentDecision.AVOID,0,0,"{'fundamental_score': 6.25, 'technical_score': 0, 'confidence': 0}"
SPORTKING.NS,151.4199981689453,InvestmentDecision.AVOID,0,0,"{'fundamental_score': 5.1000000000000005, 'technical_score': 0, 'confidence': 0}"
GODAVARIB.NS,326.3500061035156,InvestmentDecision.AVOID,0,0,"{'fundamental_score': 6.25, 'technical_score': 0, 'confidence': 0}"
SURAJEST.NS,214.6199951171875,InvestmentDecision.AVOID,0,0,"{'fundamental_score': 7.45, 'technical_score': 0, 'confidence': 0}"
CIFL.NS,25.280000686645508,InvestmentDecision.AVOID,0,0,"{'fundamental_score': 5.0, 'technical_score': 0, 'confidence': 0}"
UNIECOM.NS,86.06999969482422,InvestmentDecision.AVOID,0,0,"{'fundamental_score': 6.7, 'technical_score': 0, 'confidence': 0}"
MONTECARLO.NS,563.6500244140625,InvestmentDecision.AVOID,0,0,"{'fundamental_score': 5.45, 'technical_score': 0, 'confidence': 0}"
MADRASFERT.NS,66.25,InvestmentDecision.AVOID,0,0,"{'fundamental_score': 5.7, 'technical_score': 0, 'confidence': 0}"
HARIOMPIPE.NS,311.79998779296875,InvestmentDecision.AVOID,0,0,"{'fundamental_score': 6.25, 'technical_score': 0, 'confidence': 0}"
DECCANCE.NS,592.0499877929688,InvestmentDecision.AVOID,0,0,"{'fundamental_score': 5.8, 'technical_score': 0, 'confidence': 0}"
SHANKARA.NS,125.19999694824219,InvestmentDecision.AVOID,0,0,"{'fundamental_score': 4.300000000000001, 'technical_score': 0, 'confidence': 0}"
GNA.NS,364.95001220703125,InvestmentDecision.AVOID,0,0,"{'fundamental_score': 5.9, 'technical_score': 0, 'confidence': 0}"
RIIL.NS,747.5499877929688,InvestmentDecision.AVOID,0,0,"{'fundamental_score': 6.2, 'technical_score': 0, 'confidence': 0}"
VMARCIND.NS,1125.699951171875,InvestmentDecision.AVOID,0,0,"{'fundamental_score': 6.7, 'technical_score': 0, 'confidence': 0}"
SUMEETINDS.NS,29.299999237060547,InvestmentDecision.AVOID,0,0,"{'fundamental_score': 5.9, 'technical_score': 0, 'confidence': 0}"
IMPAL.NS,1013.5,InvestmentDecision.AVOID,0,0,"{'fundamental_score': 5.9, 'technical_score': 0, 'confidence': 0}"
IGPL.NS,434.1000061035156,InvestmentDecision.AVOID,0,0,"{'fundamental_score': 4.7, 'technical_score': 0, 'confidence': 0}"
TAC.NS,431.5,InvestmentDecision.AVOID,0,0,"{'fundamental_score': 6.7, 'technical_score': 0, 'confidence': 0}"
RGL.NS,102.54000091552734,InvestmentDecision.AVOID,0,0,"{'fundamental_score': 5.9, 'technical_score': 0, 'confidence': 0}"
BSHSL.NS,98.63999938964844,InvestmentDecision.AVOID,0,0,"{'fundamental_score': 6.7, 'technical_score': 0, 'confidence': 0}"
SHREDIGCEM.NS,70.58000183105469,InvestmentDecision.AVOID,0,0,"{'fundamental_score': 3.8000000000000003, 'technical_score': 0, 'confidence': 0}"
SIGNPOST.NS,281.3500061035156,InvestmentDecision.AVOID,0,0,"{'fundamental_score': 6.25, 'technical_score': 0, 'confidence': 0}"
BALAJITELE.NS,90.5,InvestmentDecision.AVOID,0,0,"{'fundamental_score': 8.2, 'technical_score': 0, 'confidence': 0}"
HITECHGEAR.NS,577.7000122070312,InvestmentDecision.AVOID,0,0,"{'fundamental_score': 5.9, 'technical_score': 0, 'confidence': 0}"
ATULAUTO.NS,485.0,InvestmentDecision.AVOID,0,0,"{'fundamental_score': 5.9, 'technical_score': 0, 'confidence': 0}"
AGARIND.NS,400.54998779296875,InvestmentDecision.AVOID,0,0,"{'fundamental_score': 6.25, 'technical_score': 0, 'confidence': 0}"
YUKEN.NS,656.5999755859375,InvestmentDecision.AVOID,0,0,"{'fundamental_score': 6.7, 'technical_score': 0, 'confidence': 0}"
DIFFNKG.NS,330.54998779296875,InvestmentDecision.AVOID,0,0,"{'fundamental_score': 6.2, 'technical_score': 0, 'confidence': 0}"
ONEPOINT.NS,59.790000915527344,InvestmentDecision.AVOID,0,0,"{'fundamental_score': 7.6, 'technical_score': 0, 'confidence': 0}"
CAPITALSFB.NS,281.1000061035156,InvestmentDecision.AVOID,0,0,"{'fundamental_score': 6.6000000000000005, 'technical_score': 0, 'confidence': 0}"
ASIANTILES.NS,63.04999923706055,InvestmentDecision.AVOID,0,0,"{'fundamental_score': 6.7, 'technical_score': 0, 'confidence': 0}"
RICOAUTO.NS,114.83000183105469,InvestmentDecision.AVOID,0,0,"{'fundamental_score': 5.45, 'technical_score': 0, 'confidence': 0}"
AURUM.NS,175.97000122070312,InvestmentDecision.AVOID,0,0,"{'fundamental_score': 4.7, 'technical_score': 0, 'confidence': 0}"
BUTTERFLY.NS,667.25,InvestmentDecision.AVOID,0,0,"{'fundamental_score': 5.500000000000001, 'technical_score': 0, 'confidence': 0}"
FAZE3Q.NS,478.70001220703125,InvestmentDecision.AVOID,0,0,"{'fundamental_score': 5.45, 'technical_score': 0, 'confidence': 0}"
MICEL.NS,43.47999954223633,InvestmentDecision.AVOID,0,0,"{'fundamental_score': 4.7, 'technical_score': 0, 'confidence': 0}"
BHARATWIRE.NS,218.8000030517578,InvestmentDecision.AVOID,0,0,"{'fundamental_score': 7.6, 'technical_score': 0, 'confidence': 0}"
VASCONEQ.NS,35.2599983215332,InvestmentDecision.AVOID,0,0,"{'fundamental_score': 4.7, 'technical_score': 0, 'confidence': 0}"
WALCHANNAG.NS,238.24000549316406,InvestmentDecision.AVOID,0,0,"{'fundamental_score': 6.25, 'technical_score': 0, 'confidence': 0}"
TEXINFRA.NS,97.70999908447266,InvestmentDecision.AVOID,0,0,"{'fundamental_score': 6.2, 'technical_score': 0, 'confidence': 0}"
WCIL.NS,97.5199966430664,InvestmentDecision.AVOID,0,0,"{'fundamental_score': 4.7, 'technical_score': 0, 'confidence': 0}"
HERANBA.NS,189.02999877929688,InvestmentDecision.AVOID,0,0,"{'fundamental_score': 6.25, 'technical_score': 0, 'confidence': 0}"
BOROSCI.NS,141.27000427246094,InvestmentDecision.AVOID,0,0,"{'fundamental_score': 5.9, 'technical_score': 0, 'confidence': 0}"
GPTHEALTH.NS,141.91000366210938,InvestmentDecision.AVOID,0,0,"{'fundamental_score': 6.7, 'technical_score': 0, 'confidence': 0}"
IRMENERGY.NS,275.3500061035156,InvestmentDecision.AVOID,0,0,"{'fundamental_score': 4.7, 'technical_score': 0, 'confidence': 0}"
SHREEPUSHK.NS,357.0,InvestmentDecision.AVOID,0,0,"{'fundamental_score': 6.2, 'technical_score': 0, 'confidence': 0}"
GTPL.NS,67.83999633789062,InvestmentDecision.AVOID,0,0,"{'fundamental_score': 4.7, 'technical_score': 0, 'confidence': 0}"
ROHLTD.NS,326.8500061035156,InvestmentDecision.AVOID,0,0,"{'fundamental_score': 4.4, 'technical_score': 0, 'confidence': 0}"
VHL.NS,3516.60009765625,InvestmentDecision.AVOID,0,0,"{'fundamental_score': 7.4, 'technical_score': 0, 'confidence': 0}"
DSSL.NS,1489.4000244140625,InvestmentDecision.AVOID,0,0,"{'fundamental_score': 6.25, 'technical_score': 0, 'confidence': 0}"
TBZ.NS,130.5,InvestmentDecision.AVOID,0,0,"{'fundamental_score': 5.0, 'technical_score': 0, 'confidence': 0}"
BAJAJINDEF.NS,276.04998779296875,InvestmentDecision.AVOID,0,0,"{'fundamental_score': 7.6, 'technical_score': 0, 'confidence': 0}"
WEALTH.NS,869.5,InvestmentDecision.AVOID,0,0,"{'fundamental_score': 7.4, 'technical_score': 0, 'confidence': 0}"
CONTROLPR.NS,643.2000122070312,InvestmentDecision.AVOID,0,0,"{'fundamental_score': 8.2, 'technical_score': 0, 'confidence': 0}"
JINDALPHOT.NS,1004.0999755859375,InvestmentDecision.AVOID,0,0,"{'fundamental_score': 5.9, 'technical_score': 0, 'confidence': 0}"
ELECTHERM.NS,708.8499755859375,InvestmentDecision.AVOID,0,0,"{'fundamental_score': 6.7, 'technical_score': 0, 'confidence': 0}"
ABINFRA.NS,12.920000076293945,InvestmentDecision.AVOID,0,0,"{'fundamental_score': 6.25, 'technical_score': 0, 'confidence': 0}"
SRM.NS,485.04998779296875,InvestmentDecision.AVOID,0,0,"{'fundamental_score': 6.7, 'technical_score': 0, 'confidence': 0}"
VILAS.NS,391.29998779296875,InvestmentDecision.AVOID,0,0,"{'fundamental_score': 6.7, 'technical_score': 0, 'confidence': 0}"
KROSS.NS,191.0,InvestmentDecision.AVOID,0,0,"{'fundamental_score': 5.1000000000000005, 'technical_score': 0, 'confidence': 0}"
AMNPLST.NS,194.7899932861328,InvestmentDecision.AVOID,0,0,"{'fundamental_score': 6.7, 'technical_score': 0, 'confidence': 0}"
ZUARI.NS,213.77000427246094,InvestmentDecision.AVOID,0,0,"{'fundamental_score': 8.2, 'technical_score': 0, 'confidence': 0}"
STEELXIND.NS,10.130000114440918,InvestmentDecision.AVOID,0,0,"{'fundamental_score': 6.25, 'technical_score': 0, 'confidence': 0}"
ICEMAKE.NS,751.25,InvestmentDecision.AVOID,0,0,"{'fundamental_score': 5.8, 'technical_score': 0, 'confidence': 0}"
KELLTONTEC.NS,15.220000267028809,InvestmentDecision.AVOID,0,0,"{'fundamental_score': 6.7, 'technical_score': 0, 'confidence': 0}"
RACLGEAR.NS,1398.9000244140625,InvestmentDecision.AVOID,0,0,"{'fundamental_score': 5.45, 'technical_score': 0, 'confidence': 0}"
BLUSPRING.NS,69.62000274658203,InvestmentDecision.AVOID,0,0,"{'fundamental_score': 4.7, 'technical_score': 0, 'confidence': 0}"
PASHUPATI.NS,92.0,InvestmentDecision.AVOID,0,0,"{'fundamental_score': 5.45, 'technical_score': 0, 'confidence': 0}"
MANALIPETC.NS,56.380001068115234,InvestmentDecision.AVOID,0,0,"{'fundamental_score': 6.7, 'technical_score': 0, 'confidence': 0}"
DVL.NS,243.2100067138672,InvestmentDecision.AVOID,0,0,"{'fundamental_score': 5.9, 'technical_score': 0, 'confidence': 0}"
KRISHNADEF.NS,1188.0,InvestmentDecision.AVOID,0,0,"{'fundamental_score': 7.9, 'technical_score': 0, 'confidence': 0}"
BCLIND.NS,34.15999984741211,InvestmentDecision.AVOID,0,0,"{'fundamental_score': 5.45, 'technical_score': 0, 'confidence': 0}"
DPSCLTD.NS,8.90999984741211,InvestmentDecision.AVOID,0,0,"{'fundamental_score': 6.7, 'technical_score': 0, 'confidence': 0}"
NELCAST.NS,134.6999969482422,InvestmentDecision.AVOID,0,0,"{'fundamental_score': 6.7, 'technical_score': 0, 'confidence': 0}"
EIMCOELECO.NS,1609.5999755859375,InvestmentDecision.AVOID,0,0,"{'fundamental_score': 5.9, 'technical_score': 0, 'confidence': 0}"
OAL.NS,307.5,InvestmentDecision.AVOID,0,0,"{'fundamental_score': 6.25, 'technical_score': 0, 'confidence': 0}"
STERTOOLS.NS,233.74000549316406,InvestmentDecision.AVOID,0,0,"{'fundamental_score': 4.7, 'technical_score': 0, 'confidence': 0}"
GRPLTD.NS,1594.800048828125,InvestmentDecision.AVOID,0,0,"{'fundamental_score': 3.4000000000000004, 'technical_score': 0, 'confidence': 0}"
PROSTARM.NS,151.66000366210938,InvestmentDecision.AVOID,0,0,"{'fundamental_score': 6.7, 'technical_score': 0, 'confidence': 0}"
IZMO.NS,699.2999877929688,InvestmentDecision.AVOID,0,0,"{'fundamental_score': 7.9, 'technical_score': 0, 'confidence': 0}"
MATRIMONY.NS,422.04998779296875,InvestmentDecision.AVOID,0,0,"{'fundamental_score': 6.7, 'technical_score': 0, 'confidence': 0}"
SWELECTES.NS,624.25,InvestmentDecision.AVOID,0,0,"{'fundamental_score': 6.25, 'technical_score': 0, 'confidence': 0}"
PDMJEPAPER.NS,83.25,InvestmentDecision.AVOID,0,0,"{'fundamental_score': 6.7, 'technical_score': 0, 'confidence': 0}"
AYMSYNTEX.NS,218.50999450683594,InvestmentDecision.AVOID,0,0,"{'fundamental_score': 4.300000000000001, 'technical_score': 0, 'confidence': 0}"
OMINFRAL.NS,86.38999938964844,InvestmentDecision.AVOID,0,0,"{'fundamental_score': 4.7, 'technical_score': 0, 'confidence': 0}"
5PAISA.NS,310.6000061035156,InvestmentDecision.AVOID,0,0,"{'fundamental_score': 7.1000000000000005, 'technical_score': 0, 'confidence': 0}"
PENINLAND.NS,16.420000076293945,InvestmentDecision.AVOID,0,0,"{'fundamental_score': 5.2, 'technical_score': 0, 'confidence': 0}"
BIL.NS,718.0,InvestmentDecision.AVOID,0,0,"{'fundamental_score': 5.0, 'technical_score': 0, 'confidence': 0}"
MAMATA.NS,400.79998779296875,InvestmentDecision.AVOID,0,0,"{'fundamental_score': 7.9, 'technical_score': 0, 'confidence': 0}"
AFSL.NS,201.02000427246094,InvestmentDecision.AVOID,0,0,"{'fundamental_score': 3.8500000000000005, 'technical_score': 0, 'confidence': 0}"
ESTER.NS,96.45999908447266,InvestmentDecision.AVOID,0,0,"{'fundamental_score': 4.25, 'technical_score': 0, 'confidence': 0}"
TNPL.NS,151.64999389648438,InvestmentDecision.AVOID,0,0,"{'fundamental_score': 5.25, 'technical_score': 0, 'confidence': 0}"
AVTNPL.NS,67.37999725341797,InvestmentDecision.AVOID,0,0,"{'fundamental_score': 6.7, 'technical_score': 0, 'confidence': 0}"
KOKUYOCMLN.NS,86.16000366210938,InvestmentDecision.AVOID,0,0,"{'fundamental_score': 6.7, 'technical_score': 0, 'confidence': 0}"
MAXIND.NS,155.4600067138672,InvestmentDecision.AVOID,0,0,"{'fundamental_score': 6.7, 'technical_score': 0, 'confidence': 0}"
ANDHRSUGAR.NS,90.7300033569336,InvestmentDecision.AVOID,0,0,"{'fundamental_score': 6.7, 'technical_score': 0, 'confidence': 0}"
CREST.NS,355.5,InvestmentDecision.AVOID,0,0,"{'fundamental_score': 7.4, 'technical_score': 0, 'confidence': 0}"
LINCOLN.NS,705.2000122070312,InvestmentDecision.AVOID,0,0,"{'fundamental_score': 7.6, 'technical_score': 0, 'confidence': 0}"
THEMISMED.NS,97.45999908447266,InvestmentDecision.AVOID,0,0,"{'fundamental_score': 6.7, 'technical_score': 0, 'confidence': 0}"
CENTENKA.NS,450.1000061035156,InvestmentDecision.AVOID,0,0,"{'fundamental_score': 5.9, 'technical_score': 0, 'confidence': 0}"
ARIHANTCAP.NS,69.48999786376953,InvestmentDecision.AVOID,0,0,"{'fundamental_score': 6.95, 'technical_score': 0, 'confidence': 0}"
DHANBANK.NS,32.72999954223633,InvestmentDecision.AVOID,0,0,"{'fundamental_score': 5.200000000000001, 'technical_score': 0, 'confidence': 0}"
UNIENTER.NS,108.55999755859375,InvestmentDecision.AVOID,0,0,"{'fundamental_score': 8.2, 'technical_score': 0, 'confidence': 0}"
SCODATUBES.NS,139.49000549316406,InvestmentDecision.AVOID,0,0,"{'fundamental_score': 6.25, 'technical_score': 0, 'confidence': 0}"
INDOFARM.NS,128.3300018310547,InvestmentDecision.AVOID,0,0,"{'fundamental_score': 6.7, 'technical_score': 0, 'confidence': 0}"
SBC.NS,35.459999084472656,InvestmentDecision.AVOID,0,0,"{'fundamental_score': 5.2, 'technical_score': 0, 'confidence': 0}"
GGBL.NS,339.5,InvestmentDecision.AVOID,0,0,"{'fundamental_score': 6.7, 'technical_score': 0, 'confidence': 0}"
CEWATER.NS,279.75,InvestmentDecision.AVOID,0,0,"{'fundamental_score': 6.7, 'technical_score': 0, 'confidence': 0}"
RADHIKAJWE.NS,59.13999938964844,InvestmentDecision.AVOID,0,0,"{'fundamental_score': 6.800000000000001, 'technical_score': 0, 'confidence': 0}"
GKWLIMITED.NS,1666.4000244140625,InvestmentDecision.AVOID,0,0,"{'fundamental_score': 7.9, 'technical_score': 0, 'confidence': 0}"
NDTV.NS,76.58000183105469,InvestmentDecision.AVOID,0,0,"{'fundamental_score': 3.2, 'technical_score': 0, 'confidence': 0}"
INNOVANA.NS,368.1499938964844,InvestmentDecision.AVOID,0,0,"{'fundamental_score': 8.2, 'technical_score': 0, 'confidence': 0}"
KHAICHEM.NS,56.0,InvestmentDecision.AVOID,0,0,"{'fundamental_score': 5.8, 'technical_score': 0, 'confidence': 0}"
FAIRCHEMOR.NS,600.5499877929688,InvestmentDecision.AVOID,0,0,"{'fundamental_score': 4.7, 'technical_score': 0, 'confidence': 0}"
AEROENTER.NS,98.08000183105469,InvestmentDecision.AVOID,0,0,"{'fundamental_score': 5.7, 'technical_score': 0, 'confidence': 0}"
INDOAMIN.NS,126.91999816894531,InvestmentDecision.AVOID,0,0,"{'fundamental_score': 6.25, 'technical_score': 0, 'confidence': 0}"
DHARMAJ.NS,265.1000061035156,InvestmentDecision.AVOID,0,0,"{'fundamental_score': 6.7, 'technical_score': 0, 'confidence': 0}"
BHARATSE.NS,190.11000061035156,InvestmentDecision.AVOID,0,0,"{'fundamental_score': 5.45, 'technical_score': 0, 'confidence': 0}"
GALAPREC.NS,827.9500122070312,InvestmentDecision.AVOID,0,0,"{'fundamental_score': 6.2, 'technical_score': 0, 'confidence': 0}"
OSWALGREEN.NS,25.510000228881836,InvestmentDecision.AVOID,0,0,"{'fundamental_score': 7.4, 'technical_score': 0, 'confidence': 0}"
DENTALKART.NS,414.45001220703125,InvestmentDecision.AVOID,0,0,"{'fundamental_score': 6.7, 'technical_score': 0, 'confidence': 0}"
DENTA.NS,263.8500061035156,InvestmentDecision.AVOID,0,0,"{'fundamental_score': 8.2, 'technical_score': 0, 'confidence': 0}"
SAHANA.NS,815.0,InvestmentDecision.AVOID,0,0,"{'fundamental_score': 6.7, 'technical_score': 0, 'confidence': 0}"
LEMERITE.NS,416.95001220703125,InvestmentDecision.AVOID,0,0,"{'fundamental_score': 5.45, 'technical_score': 0, 'confidence': 0}"
SRHHYPOLTD.NS,511.8500061035156,InvestmentDecision.AVOID,0,0,"{'fundamental_score': 7.6, 'technical_score': 0, 'confidence': 0}"
GANDHITUBE.NS,878.0,InvestmentDecision.AVOID,0,0,"{'fundamental_score': 8.2, 'technical_score': 0, 'confidence': 0}"
UTTAMSUGAR.NS,245.25,InvestmentDecision.AVOID,0,0,"{'fundamental_score': 4.65, 'technical_score': 0, 'confidence': 0}"
XCHANGING.NS,67.0,InvestmentDecision.AVOID,0,0,"{'fundamental_score': 8.2, 'technical_score': 0, 'confidence': 0}"
KRISHIVAL.NS,377.75,InvestmentDecision.AVOID,0,0,"{'fundamental_score': 5.500000000000001, 'technical_score': 0, 'confidence': 0}"
JPOLYINVST.NS,1015.7000122070312,InvestmentDecision.AVOID,0,0,"{'fundamental_score': 7.4, 'technical_score': 0, 'confidence': 0}"
OSWALAGRO.NS,44.84000015258789,InvestmentDecision.AVOID,0,0,"{'fundamental_score': 8.2, 'technical_score': 0, 'confidence': 0}"
MVGJL.NS,164.75999450683594,InvestmentDecision.AVOID,0,0,"{'fundamental_score': 5.45, 'technical_score': 0, 'confidence': 0}"
KODYTECH.NS,878.0,InvestmentDecision.AVOID,0,0,"{'fundamental_score': 6.7, 'technical_score': 0, 'confidence': 0}"
ADSL.NS,124.22000122070312,InvestmentDecision.AVOID,0,0,"{'fundamental_score': 6.7, 'technical_score': 0, 'confidence': 0}"
HEXATRADEX.NS,165.27000427246094,InvestmentDecision.AVOID,0,0,"{'fundamental_score': 4.300000000000001, 'technical_score': 0, 'confidence': 0}"
SARTELE.NS,139.10000610351562,InvestmentDecision.AVOID,0,0,"{'fundamental_score': 6.7, 'technical_score': 0, 'confidence': 0}"
GULPOLY.NS,197.80999755859375,InvestmentDecision.AVOID,0,0,"{'fundamental_score': 6.25, 'technical_score': 0, 'confidence': 0}"
SILVERTUC.NS,149.5500030517578,InvestmentDecision.AVOID,0,0,"{'fundamental_score': 7.2, 'technical_score': 0, 'confidence': 0}"
JAYBARMARU.NS,103.2699966430664,InvestmentDecision.AVOID,0,0,"{'fundamental_score': 5.8500000000000005, 'technical_score': 0, 'confidence': 0}"
KUANTUM.NS,77.0,InvestmentDecision.AVOID,0,0,"{'fundamental_score': 6.25, 'technical_score': 0, 'confidence': 0}"
TNPETRO.NS,90.66000366210938,InvestmentDecision.AVOID,0,0,"{'fundamental_score': 5.7, 'technical_score': 0, 'confidence': 0}"
GICHSGFIN.NS,149.13999938964844,InvestmentDecision.AVOID,0,0,"{'fundamental_score': 4.300000000000001, 'technical_score': 0, 'confidence': 0}"
PRIMESECU.NS,281.20001220703125,InvestmentDecision.AVOID,0,0,"{'fundamental_score': 7.4, 'technical_score': 0, 'confidence': 0}"
KARNIKA.NS,126.0999984741211,InvestmentDecision.AVOID,0,0,"{'fundamental_score': 6.7, 'technical_score': 0, 'confidence': 0}"
IFBAGRO.NS,888.2999877929688,InvestmentDecision.AVOID,0,0,"{'fundamental_score': 5.9, 'technical_score': 0, 'confidence': 0}"
BIRLAMONEY.NS,134.85000610351562,InvestmentDecision.AVOID,0,0,"{'fundamental_score': 6.000000000000001, 'technical_score': 0, 'confidence': 0}"
APS.NS,355.75,InvestmentDecision.AVOID,0,0,"{'fundamental_score': 6.7, 'technical_score': 0, 'confidence': 0}"
PVSL.NS,105.58000183105469,InvestmentDecision.AVOID,0,0,"{'fundamental_score': 4.4, 'technical_score': 0, 'confidence': 0}"
NCLIND.NS,168.19000244140625,InvestmentDecision.AVOID,0,0,"{'fundamental_score': 6.7, 'technical_score': 0, 'confidence': 0}"
BASILIC.NS,215.1999969482422,InvestmentDecision.AVOID,0,0,"{'fundamental_score': 6.7, 'technical_score': 0, 'confidence': 0}"
SASTASUNDR.NS,288.1499938964844,InvestmentDecision.AVOID,0,0,"{'fundamental_score': 6.7, 'technical_score': 0, 'confidence': 0}"
COOLCAPS.NS,22.850000381469727,InvestmentDecision.AVOID,0,0,"{'fundamental_score': 6.7, 'technical_score': 0, 'confidence': 0}"
ELIN.NS,119.77999877929688,InvestmentDecision.AVOID,0,0,"{'fundamental_score': 6.7, 'technical_score': 0, 'confidence': 0}"
SKMEGGPROD.NS,196.97000122070312,InvestmentDecision.AVOID,0,0,"{'fundamental_score': 5.45, 'technical_score': 0, 'confidence': 0}"
REMUS.NS,855.25,InvestmentDecision.AVOID,0,0,"{'fundamental_score': 6.7, 'technical_score': 0, 'confidence': 0}"
VAKRANGEE.NS,6.320000171661377,InvestmentDecision.AVOID,0,0,"{'fundamental_score': 4.7, 'technical_score': 0, 'confidence': 0}"
ZUARIIND.NS,247.10000610351562,InvestmentDecision.AVOID,0,0,"{'fundamental_score': 6.25, 'technical_score': 0, 'confidence': 0}"
SAURASHCEM.NS,59.439998626708984,InvestmentDecision.AVOID,0,0,"{'fundamental_score': 4.7, 'technical_score': 0, 'confidence': 0}"
EVERESTIND.NS,375.6499938964844,InvestmentDecision.AVOID,0,0,"{'fundamental_score': 6.25, 'technical_score': 0, 'confidence': 0}"
LIKHITHA.NS,198.1300048828125,InvestmentDecision.AVOID,0,0,"{'fundamental_score': 5.9, 'technical_score': 0, 'confidence': 0}"
TVSELECT.NS,452.6499938964844,InvestmentDecision.AVOID,0,0,"{'fundamental_score': 6.25, 'technical_score': 0, 'confidence': 0}"
ABCOTS.NS,218.63999938964844,InvestmentDecision.AVOID,0,0,"{'fundamental_score': 5.45, 'technical_score': 0, 'confidence': 0}"
MACPOWER.NS,1160.5999755859375,InvestmentDecision.AVOID,0,0,"{'fundamental_score': 6.7, 'technical_score': 0, 'confidence': 0}"
BESTAGRO.NS,16.950000762939453,InvestmentDecision.AVOID,0,0,"{'fundamental_score': 6.25, 'technical_score': 0, 'confidence': 0}"
TEMBO.NS,587.5499877929688,InvestmentDecision.AVOID,0,0,"{'fundamental_score': 6.25, 'technical_score': 0, 'confidence': 0}"
VALIANTORG.NS,290.6000061035156,InvestmentDecision.AVOID,0,0,"{'fundamental_score': 4.7, 'technical_score': 0, 'confidence': 0}"
KABRAEXTRU.NS,226.02999877929688,InvestmentDecision.AVOID,0,0,"{'fundamental_score': 6.7, 'technical_score': 0, 'confidence': 0}"
ARROWGREEN.NS,479.79998779296875,InvestmentDecision.AVOID,0,0,"{'fundamental_score': 7.4, 'technical_score': 0, 'confidence': 0}"
DISHTV.NS,3.359999895095825,InvestmentDecision.AVOID,0,0,"{'fundamental_score': 6.7, 'technical_score': 0, 'confidence': 0}"
CCCL.NS,14.90999984741211,InvestmentDecision.AVOID,0,0,"{'fundamental_score': 8.7, 'technical_score': 0, 'confidence': 0}"
TVTODAY.NS,109.37999725341797,InvestmentDecision.AVOID,0,0,"{'fundamental_score': 4.7, 'technical_score': 0, 'confidence': 0}"
KOTHARIPET.NS,126.66000366210938,InvestmentDecision.AVOID,0,0,"{'fundamental_score': 8.1, 'technical_score': 0, 'confidence': 0}"
CHEMFAB.NS,406.1499938964844,InvestmentDecision.AVOID,0,0,"{'fundamental_score': 4.7, 'technical_score': 0, 'confidence': 0}"
SANDESH.NS,988.2000122070312,InvestmentDecision.AVOID,0,0,"{'fundamental_score': 8.2, 'technical_score': 0, 'confidence': 0}"
DHAMPURSUG.NS,144.33999633789062,InvestmentDecision.AVOID,0,0,"{'fundamental_score': 5.9, 'technical_score': 0, 'confidence': 0}"
ANUHPHR.NS,76.16999816894531,InvestmentDecision.AVOID,0,0,"{'fundamental_score': 6.7, 'technical_score': 0, 'confidence': 0}"
BLAL.NS,186.3800048828125,InvestmentDecision.AVOID,0,0,"{'fundamental_score': 4.300000000000001, 'technical_score': 0, 'confidence': 0}"
MAHASTEEL.NS,779.0999755859375,InvestmentDecision.AVOID,0,0,"{'fundamental_score': 6.7, 'technical_score': 0, 'confidence': 0}"
SVLL.NS,555.2999877929688,InvestmentDecision.AVOID,0,0,"{'fundamental_score': 5.2, 'technical_score': 0, 'confidence': 0}"
VIVIANA.NS,790.2000122070312,InvestmentDecision.AVOID,0,0,"{'fundamental_score': 6.7, 'technical_score': 0, 'confidence': 0}"
SUYOG.NS,788.0999755859375,InvestmentDecision.AVOID,0,0,"{'fundamental_score': 7.45, 'technical_score': 0, 'confidence': 0}"
JPASSOCIAT.NS,2.4200000762939453,InvestmentDecision.AVOID,0,0,"{'fundamental_score': 6.7, 'technical_score': 0, 'confidence': 0}"
MUNJALAU.NS,87.79000091552734,InvestmentDecision.AVOID,0,0,"{'fundamental_score': 5.45, 'technical_score': 0, 'confidence': 0}"
AVADHSUGAR.NS,474.3999938964844,InvestmentDecision.AVOID,0,0,"{'fundamental_score': 5.45, 'technical_score': 0, 'confidence': 0}"
NGLFINE.NS,2410.10009765625,InvestmentDecision.AVOID,0,0,"{'fundamental_score': 6.7, 'technical_score': 0, 'confidence': 0}"
SNOWMAN.NS,37.45000076293945,InvestmentDecision.AVOID,0,0,"{'fundamental_score': 4.25, 'technical_score': 0, 'confidence': 0}"
DHUNINV.NS,844.9000244140625,InvestmentDecision.AVOID,0,0,"{'fundamental_score': 5.9, 'technical_score': 0, 'confidence': 0}"
JITFINFRA.NS,283.29998779296875,InvestmentDecision.AVOID,0,0,"{'fundamental_score': 6.7, 'technical_score': 0, 'confidence': 0}"
KRYSTAL.NS,581.4000244140625,InvestmentDecision.AVOID,0,0,"{'fundamental_score': 6.2, 'technical_score': 0, 'confidence': 0}"
ORICONENT.NS,64.79000091552734,InvestmentDecision.AVOID,0,0,"{'fundamental_score': 7.4, 'technical_score': 0, 'confidence': 0}"
STEL.NS,438.75,InvestmentDecision.AVOID,0,0,"{'fundamental_score': 7.4, 'technical_score': 0, 'confidence': 0}"
SGIL.NS,531.4000244140625,InvestmentDecision.AVOID,0,0,"{'fundamental_score': 3.2, 'technical_score': 0, 'confidence': 0}"
WANBURY.NS,270.8999938964844,InvestmentDecision.AVOID,0,0,"{'fundamental_score': 6.7, 'technical_score': 0, 'confidence': 0}"
CHEMCON.NS,180.72999572753906,InvestmentDecision.AVOID,0,0,"{'fundamental_score': 6.7, 'technical_score': 0, 'confidence': 0}"
VLSFINANCE.NS,230.35000610351562,InvestmentDecision.AVOID,0,0,"{'fundamental_score': 7.4, 'technical_score': 0, 'confidence': 0}"
BHAGERIA.NS,152.7100067138672,InvestmentDecision.AVOID,0,0,"{'fundamental_score': 6.7, 'technical_score': 0, 'confidence': 0}"
ASAL.NS,477.75,InvestmentDecision.AVOID,0,0,"{'fundamental_score': 4.800000000000001, 'technical_score': 0, 'confidence': 0}"
ARFIN.NS,92.51000213623047,InvestmentDecision.AVOID,0,0,"{'fundamental_score': 5.25, 'technical_score': 0, 'confidence': 0}"
SARLAPOLY.NS,95.33999633789062,InvestmentDecision.AVOID,0,0,"{'fundamental_score': 4.300000000000001, 'technical_score': 0, 'confidence': 0}"
COFFEEDAY.NS,24.270000457763672,InvestmentDecision.AVOID,0,0,"{'fundamental_score': 5.9, 'technical_score': 0, 'confidence': 0}"
BIGBLOC.NS,54.349998474121094,InvestmentDecision.AVOID,0,0,"{'fundamental_score': 5.8, 'technical_score': 0, 'confidence': 0}"
OWAIS.NS,140.3000030517578,InvestmentDecision.AVOID,0,0,"{'fundamental_score': 6.7, 'technical_score': 0, 'confidence': 0}"
ZTECH.NS,623.1500244140625,InvestmentDecision.AVOID,0,0,"{'fundamental_score': 6.7, 'technical_score': 0, 'confidence': 0}"
AMBIKCO.NS,1520.199951171875,InvestmentDecision.AVOID,0,0,"{'fundamental_score': 5.9, 'technical_score': 0, 'confidence': 0}"
UNITEDPOLY.NS,34.72999954223633,InvestmentDecision.AVOID,0,0,"{'fundamental_score': 5.8500000000000005, 'technical_score': 0, 'confidence': 0}"
VHLTD.NS,137.97999572753906,InvestmentDecision.AVOID,0,0,"{'fundamental_score': 7.1000000000000005, 'technical_score': 0, 'confidence': 0}"
INDOBORAX.NS,274.95001220703125,InvestmentDecision.AVOID,0,0,"{'fundamental_score': 8.2, 'technical_score': 0, 'confidence': 0}"
RATNAVEER.NS,182.91000366210938,InvestmentDecision.AVOID,0,0,"{'fundamental_score': 5.75, 'technical_score': 0, 'confidence': 0}"
SAKAR.NS,809.0,InvestmentDecision.AVOID,0,0,"{'fundamental_score': 6.6, 'technical_score': 0, 'confidence': 0}"
ELDEHSG.NS,850.0,InvestmentDecision.AVOID,0,0,"{'fundamental_score': 7.9, 'technical_score': 0, 'confidence': 0}"
NINSYS.NS,617.25,InvestmentDecision.AVOID,0,0,"{'fundamental_score': 8.2, 'technical_score': 0, 'confidence': 0}"
MALLCOM.NS,1032.699951171875,InvestmentDecision.AVOID,0,0,"{'fundamental_score': 6.7, 'technical_score': 0, 'confidence': 0}"
BODALCHEM.NS,68.68000030517578,InvestmentDecision.AVOID,0,0,"{'fundamental_score': 6.25, 'technical_score': 0, 'confidence': 0}"
MUKKA.NS,22.690000534057617,InvestmentDecision.AVOID,0,0,"{'fundamental_score': 4.200000000000001, 'technical_score': 0, 'confidence': 0}"
TECHLABS.NS,227.3000030517578,InvestmentDecision.AVOID,0,0,"{'fundamental_score': 6.7, 'technical_score': 0, 'confidence': 0}"
MUFTI.NS,77.33999633789062,InvestmentDecision.AVOID,0,0,"{'fundamental_score': 5.45, 'technical_score': 0, 'confidence': 0}"
KAMATHOTEL.NS,164.16000366210938,InvestmentDecision.AVOID,0,0,"{'fundamental_score': 5.45, 'technical_score': 0, 'confidence': 0}"
SATIA.NS,64.0999984741211,InvestmentDecision.AVOID,0,0,"{'fundamental_score': 6.7, 'technical_score': 0, 'confidence': 0}"
DWARKESH.NS,42.970001220703125,InvestmentDecision.AVOID,0,0,"{'fundamental_score': 4.300000000000001, 'technical_score': 0, 'confidence': 0}"
KECL.NS,108.56999969482422,InvestmentDecision.AVOID,0,0,"{'fundamental_score': 6.25, 'technical_score': 0, 'confidence': 0}"
NAHARSPING.NS,258.0,InvestmentDecision.AVOID,0,0,"{'fundamental_score': 5.9, 'technical_score': 0, 'confidence': 0}"
KAMDHENU.NS,24.170000076293945,InvestmentDecision.AVOID,0,0,"{'fundamental_score': 6.7, 'technical_score': 0, 'confidence': 0}"
RITCO.NS,260.82000732421875,InvestmentDecision.AVOID,0,0,"{'fundamental_score': 5.8, 'technical_score': 0, 'confidence': 0}"
APEX.NS,447.29998779296875,InvestmentDecision.AVOID,0,0,"{'fundamental_score': 5.9, 'technical_score': 0, 'confidence': 0}"
KOPRAN.NS,167.1699981689453,InvestmentDecision.AVOID,0,0,"{'fundamental_score': 4.7, 'technical_score': 0, 'confidence': 0}"
MAGADSUGAR.NS,479.75,InvestmentDecision.AVOID,0,0,"{'fundamental_score': 3.8500000000000005, 'technical_score': 0, 'confidence': 0}"
ATL.NS,24.190000534057617,InvestmentDecision.AVOID,0,0,"{'fundamental_score': 5.2, 'technical_score': 0, 'confidence': 0}"
20MICRONS.NS,179.36000061035156,InvestmentDecision.AVOID,0,0,"{'fundamental_score': 6.7, 'technical_score': 0, 'confidence': 0}"
RUBYMILLS.NS,228.0800018310547,InvestmentDecision.AVOID,0,0,"{'fundamental_score': 6.65, 'technical_score': 0, 'confidence': 0}"
GHCLTEXTIL.NS,91.23999786376953,InvestmentDecision.AVOID,0,0,"{'fundamental_score': 4.300000000000001, 'technical_score': 0, 'confidence': 0}"
ESFL.NS,128.10000610351562,InvestmentDecision.AVOID,0,0,"{'fundamental_score': 6.7, 'technical_score': 0, 'confidence': 0}"
PROZONER.NS,53.150001525878906,InvestmentDecision.AVOID,0,0,"{'fundamental_score': 6.25, 'technical_score': 0, 'confidence': 0}"
STCINDIA.NS,115.72000122070312,InvestmentDecision.AVOID,0,0,"{'fundamental_score': 6.7, 'technical_score': 0, 'confidence': 0}"
TREL.NS,24.450000762939453,InvestmentDecision.AVOID,0,0,"{'fundamental_score': 6.2, 'technical_score': 0, 'confidence': 0}"
LINC.NS,97.97000122070312,InvestmentDecision.AVOID,0,0,"{'fundamental_score': 6.7, 'technical_score': 0, 'confidence': 0}"
MVKAGRO.NS,491.8999938964844,InvestmentDecision.AVOID,0,0,"{'fundamental_score': 6.7, 'technical_score': 0, 'confidence': 0}"
KSOLVES.NS,278.1499938964844,InvestmentDecision.AVOID,0,0,"{'fundamental_score': 8.7, 'technical_score': 0, 'confidence': 0}"
GEECEE.NS,337.1499938964844,InvestmentDecision.AVOID,0,0,"{'fundamental_score': 6.2, 'technical_score': 0, 'confidence': 0}"
RUSHIL.NS,15.649999618530273,InvestmentDecision.AVOID,0,0,"{'fundamental_score': 5.9, 'technical_score': 0, 'confidence': 0}"
NBIFIN.NS,1876.199951171875,InvestmentDecision.AVOID,0,0,"{'fundamental_score': 7.4, 'technical_score': 0, 'confidence': 0}"
HLVLTD.NS,7.829999923706055,InvestmentDecision.AVOID,0,0,"{'fundamental_score': 4.300000000000001, 'technical_score': 0, 'confidence': 0}"
THEINVEST.NS,98.6500015258789,InvestmentDecision.AVOID,0,0,"{'fundamental_score': 4.300000000000001, 'technical_score': 0, 'confidence': 0}"
PVP.NS,25.989999771118164,InvestmentDecision.AVOID,0,0,"{'fundamental_score': 6.25, 'technical_score': 0, 'confidence': 0}"
PPL.NS,186.88999938964844,InvestmentDecision.AVOID,0,0,"{'fundamental_score': 6.7, 'technical_score': 0, 'confidence': 0}"
RSWM.NS,159.85000610351562,InvestmentDecision.AVOID,0,0,"{'fundamental_score': 3.4000000000000004, 'technical_score': 0, 'confidence': 0}"
DMCC.NS,282.8999938964844,InvestmentDecision.AVOID,0,0,"{'fundamental_score': 5.7, 'technical_score': 0, 'confidence': 0}"
SHIVALIK.NS,251.5500030517578,InvestmentDecision.AVOID,0,0,"{'fundamental_score': 6.7, 'technical_score': 0, 'confidence': 0}"
RKSWAMY.NS,97.86000061035156,InvestmentDecision.AVOID,0,0,"{'fundamental_score': 4.7, 'technical_score': 0, 'confidence': 0}"
NAHARPOLY.NS,249.0,InvestmentDecision.AVOID,0,0,"{'fundamental_score': 5.9, 'technical_score': 0, 'confidence': 0}"
VENUSREM.NS,1042.5,InvestmentDecision.AVOID,0,0,"{'fundamental_score': 6.7, 'technical_score': 0, 'confidence': 0}"
SUBEXLTD.NS,10.210000038146973,InvestmentDecision.AVOID,0,0,"{'fundamental_score': 6.7, 'technical_score': 0, 'confidence': 0}"
SARVESHWAR.NS,3.640000104904175,InvestmentDecision.AVOID,0,0,"{'fundamental_score': 5.45, 'technical_score': 0, 'confidence': 0}"
REPRO.NS,360.25,InvestmentDecision.AVOID,0,0,"{'fundamental_score': 6.7, 'technical_score': 0, 'confidence': 0}"
ZEEMEDIA.NS,8.130000114440918,InvestmentDecision.AVOID,0,0,"{'fundamental_score': 6.25, 'technical_score': 0, 'confidence': 0}"
SEJALLTD.NS,770.5,InvestmentDecision.AVOID,0,0,"{'fundamental_score': 6.3, 'technical_score': 0, 'confidence': 0}"
GLOSTERLTD.NS,647.6500244140625,InvestmentDecision.AVOID,0,0,"{'fundamental_score': 5.45, 'technical_score': 0, 'confidence': 0}"
MINDTECK.NS,206.77000427246094,InvestmentDecision.AVOID,0,0,"{'fundamental_score': 5.7, 'technical_score': 0, 'confidence': 0}"
NRAIL.NS,460.0,InvestmentDecision.AVOID,0,0,"{'fundamental_score': 3.8000000000000003, 'technical_score': 0, 'confidence': 0}"
HARDWYN.NS,26.290000915527344,InvestmentDecision.AVOID,0,0,"{'fundamental_score': 6.7, 'technical_score': 0, 'confidence': 0}"
DREAMFOLKS.NS,75.27999877929688,InvestmentDecision.AVOID,0,0,"{'fundamental_score': 6.7, 'technical_score': 0, 'confidence': 0}"
CELLECOR.NS,41.099998474121094,InvestmentDecision.AVOID,0,0,"{'fundamental_score': 6.7, 'technical_score': 0, 'confidence': 0}"
ONWARDTEC.NS,260.05999755859375,InvestmentDecision.AVOID,0,0,"{'fundamental_score': 7.2, 'technical_score': 0, 'confidence': 0}"
SHREERAMA.NS,43.02000045776367,InvestmentDecision.AVOID,0,0,"{'fundamental_score': 7.4, 'technical_score': 0, 'confidence': 0}"
ACL.NS,55.22999954223633,InvestmentDecision.AVOID,0,0,"{'fundamental_score': 3.2, 'technical_score': 0, 'confidence': 0}"
JAYAGROGN.NS,211.35000610351562,InvestmentDecision.AVOID,0,0,"{'fundamental_score': 6.7, 'technical_score': 0, 'confidence': 0}"
ACCENTMIC.NS,418.6000061035156,InvestmentDecision.AVOID,0,0,"{'fundamental_score': 6.7, 'technical_score': 0, 'confidence': 0}"
APTECHT.NS,95.4000015258789,InvestmentDecision.AVOID,0,0,"{'fundamental_score': 5.9, 'technical_score': 0, 'confidence': 0}"
MANBA.NS,106.51000213623047,InvestmentDecision.AVOID,0,0,"{'fundamental_score': 5.1000000000000005, 'technical_score': 0, 'confidence': 0}"
MAANALU.NS,139.64999389648438,InvestmentDecision.AVOID,0,0,"{'fundamental_score': 6.7, 'technical_score': 0, 'confidence': 0}"
EMKAY.NS,219.86000061035156,InvestmentDecision.AVOID,0,0,"{'fundamental_score': 4.300000000000001, 'technical_score': 0, 'confidence': 0}"
URJA.NS,10.819999694824219,InvestmentDecision.AVOID,0,0,"{'fundamental_score': 6.7, 'technical_score': 0, 'confidence': 0}"
IRIS.NS,240.75999450683594,InvestmentDecision.AVOID,0,0,"{'fundamental_score': 7.2, 'technical_score': 0, 'confidence': 0}"
VISAKAIND.NS,72.41999816894531,InvestmentDecision.AVOID,0,0,"{'fundamental_score': 6.25, 'technical_score': 0, 'confidence': 0}"
MMP.NS,287.7699890136719,InvestmentDecision.AVOID,0,0,"{'fundamental_score': 6.25, 'technical_score': 0, 'confidence': 0}"
HINDCOMPOS.NS,405.54998779296875,InvestmentDecision.AVOID,0,0,"{'fundamental_score': 4.300000000000001, 'technical_score': 0, 'confidence': 0}"
PARSVNATH.NS,4.639999866485596,InvestmentDecision.AVOID,0,0,"{'fundamental_score': 6.7, 'technical_score': 0, 'confidence': 0}"
ENIL.NS,111.04000091552734,InvestmentDecision.AVOID,0,0,"{'fundamental_score': 6.7, 'technical_score': 0, 'confidence': 0}"
PAKKA.NS,92.76000213623047,InvestmentDecision.AVOID,0,0,"{'fundamental_score': 6.25, 'technical_score': 0, 'confidence': 0}"
GFLLIMITED.NS,45.90999984741211,InvestmentDecision.AVOID,0,0,"{'fundamental_score': 7.4, 'technical_score': 0, 'confidence': 0}"
MENONBE.NS,150.61000061035156,InvestmentDecision.AVOID,0,0,"{'fundamental_score': 7.199999999999999, 'technical_score': 0, 'confidence': 0}"
CSLFINANCE.NS,223.5800018310547,InvestmentDecision.AVOID,0,0,"{'fundamental_score': 6.5, 'technical_score': 0, 'confidence': 0}"
MIRCELECTR.NS,37.869998931884766,InvestmentDecision.AVOID,0,0,"{'fundamental_score': 5.9, 'technical_score': 0, 'confidence': 0}"
CHEVIOT.NS,1222.9000244140625,InvestmentDecision.AVOID,0,0,"{'fundamental_score': 6.800000000000001, 'technical_score': 0, 'confidence': 0}"
SCHAND.NS,176.27000427246094,InvestmentDecision.AVOID,0,0,"{'fundamental_score': 6.7, 'technical_score': 0, 'confidence': 0}"
KILITCH.NS,183.8000030517578,InvestmentDecision.AVOID,0,0,"{'fundamental_score': 7.1, 'technical_score': 0, 'confidence': 0}"
KRITI.NS,70.19000244140625,InvestmentDecision.AVOID,0,0,"{'fundamental_score': 4.7, 'technical_score': 0, 'confidence': 0}"
DBEIL.NS,74.93000030517578,InvestmentDecision.AVOID,0,0,"{'fundamental_score': 6.7, 'technical_score': 0, 'confidence': 0}"
INDSWFTLAB.NS,135.8800048828125,InvestmentDecision.AVOID,0,0,"{'fundamental_score': 8.2, 'technical_score': 0, 'confidence': 0}"
VERTOZ.NS,44.790000915527344,InvestmentDecision.AVOID,0,0,"{'fundamental_score': 6.7, 'technical_score': 0, 'confidence': 0}"
FOODSIN.NS,55.22999954223633,InvestmentDecision.AVOID,0,0,"{'fundamental_score': 5.45, 'technical_score': 0, 'confidence': 0}"
SICALLOG.NS,64.8499984741211,InvestmentDecision.AVOID,0,0,"{'fundamental_score': 7.9, 'technical_score': 0, 'confidence': 0}"
MWL.NS,374.1000061035156,InvestmentDecision.AVOID,0,0,"{'fundamental_score': 6.25, 'technical_score': 0, 'confidence': 0}"
ASIANHOTNR.NS,299.75,InvestmentDecision.AVOID,0,0,"{'fundamental_score': 5.300000000000001, 'technical_score': 0, 'confidence': 0}"
GANESHBE.NS,100.68000030517578,InvestmentDecision.AVOID,0,0,"{'fundamental_score': 6.7, 'technical_score': 0, 'confidence': 0}"
IGCL.NS,61.439998626708984,InvestmentDecision.AVOID,0,0,"{'fundamental_score': 6.7, 'technical_score': 0, 'confidence': 0}"
BORANA.NS,327.04998779296875,InvestmentDecision.AVOID,0,0,"{'fundamental_score': 7.5, 'technical_score': 0, 'confidence': 0}"
TIRUPATI.NS,489.5,InvestmentDecision.AVOID,0,0,"{'fundamental_score': 6.7, 'technical_score': 0, 'confidence': 0}"
SHALPAINTS.NS,49.65999984741211,InvestmentDecision.AVOID,0,0,"{'fundamental_score': 6.25, 'technical_score': 0, 'confidence': 0}"
SBGLP.NS,25.770000457763672,InvestmentDecision.AVOID,0,0,"{'fundamental_score': 7.75, 'technical_score': 0, 'confidence': 0}"
TOLINS.NS,101.04000091552734,InvestmentDecision.AVOID,0,0,"{'fundamental_score': 5.9, 'technical_score': 0, 'confidence': 0}"
ONMOBILE.NS,50.13999938964844,InvestmentDecision.AVOID,0,0,"{'fundamental_score': 4.7, 'technical_score': 0, 'confidence': 0}"
IRISDOREME.NS,36.31999969482422,InvestmentDecision.AVOID,0,0,"{'fundamental_score': 5.500000000000001, 'technical_score': 0, 'confidence': 0}"
NILASPACES.NS,13.069999694824219,InvestmentDecision.AVOID,0,0,"{'fundamental_score': 8.4, 'technical_score': 0, 'confidence': 0}"
GIRIRAJ.NS,150.14999389648438,InvestmentDecision.AVOID,0,0,"{'fundamental_score': 6.7, 'technical_score': 0, 'confidence': 0}"
SILINV.NS,441.95001220703125,InvestmentDecision.AVOID,0,0,"{'fundamental_score': 5.800000000000001, 'technical_score': 0, 'confidence': 0}"
SPECIALITY.NS,107.19000244140625,InvestmentDecision.AVOID,0,0,"{'fundamental_score': 5.9, 'technical_score': 0, 'confidence': 0}"
GPECO.NS,358.79998779296875,InvestmentDecision.AVOID,0,0,"{'fundamental_score': 6.7, 'technical_score': 0, 'confidence': 0}"
OCCLLTD.NS,96.79000091552734,InvestmentDecision.AVOID,0,0,"{'fundamental_score': 6.7, 'technical_score': 0, 'confidence': 0}"
MOS.NS,13.0,InvestmentDecision.AVOID,0,0,"{'fundamental_score': 6.7, 'technical_score': 0, 'confidence': 0}"
SUTLEJTEX.NS,36.58000183105469,InvestmentDecision.AVOID,0,0,"{'fundamental_score': 3.4000000000000004, 'technical_score': 0, 'confidence': 0}"
RPPINFRA.NS,69.44999694824219,InvestmentDecision.AVOID,0,0,"{'fundamental_score': 6.7, 'technical_score': 0, 'confidence': 0}"
PYRAMID.NS,169.8000030517578,InvestmentDecision.AVOID,0,0,"{'fundamental_score': 4.65, 'technical_score': 0, 'confidence': 0}"
PRIMO.NS,22.56999969482422,InvestmentDecision.AVOID,0,0,"{'fundamental_score': 4.7, 'technical_score': 0, 'confidence': 0}"
FOCUS.NS,85.69000244140625,InvestmentDecision.AVOID,0,0,"{'fundamental_score': 5.9, 'technical_score': 0, 'confidence': 0}"
SJLOGISTIC.NS,296.0,InvestmentDecision.AVOID,0,0,"{'fundamental_score': 6.7, 'technical_score': 0, 'confidence': 0}"
TARACHAND.NS,57.84000015258789,InvestmentDecision.AVOID,0,0,"{'fundamental_score': 6.75, 'technical_score': 0, 'confidence': 0}"
CONSOFINVT.NS,232.3800048828125,InvestmentDecision.AVOID,0,0,"{'fundamental_score': 7.4, 'technical_score': 0, 'confidence': 0}"
KRONOX.NS,132.13999938964844,InvestmentDecision.AVOID,0,0,"{'fundamental_score': 8.2, 'technical_score': 0, 'confidence': 0}"
RADIANTCMS.NS,40.560001373291016,InvestmentDecision.AVOID,0,0,"{'fundamental_score': 6.25, 'technical_score': 0, 'confidence': 0}"
BAHETI.NS,601.9500122070312,InvestmentDecision.AVOID,0,0,"{'fundamental_score': 6.7, 'technical_score': 0, 'confidence': 0}"
HMVL.NS,64.45999908447266,InvestmentDecision.AVOID,0,0,"{'fundamental_score': 6.7, 'technical_score': 0, 'confidence': 0}"
KAYA.NS,248.39999389648438,InvestmentDecision.AVOID,0,0,"{'fundamental_score': 5.9, 'technical_score': 0, 'confidence': 0}"
ESSARSHPNG.NS,23.489999771118164,InvestmentDecision.AVOID,0,0,"{'fundamental_score': 6.7, 'technical_score': 0, 'confidence': 0}"
INTLCONV.NS,79.44999694824219,InvestmentDecision.AVOID,0,0,"{'fundamental_score': 8.2, 'technical_score': 0, 'confidence': 0}"
EMAMIPAP.NS,79.41999816894531,InvestmentDecision.AVOID,0,0,"{'fundamental_score': 5.8, 'technical_score': 0, 'confidence': 0}"
ZODIAC.NS,303.5,InvestmentDecision.AVOID,0,0,"{'fundamental_score': 5.2, 'technical_score': 0, 'confidence': 0}"
EIFFL.NS,231.38999938964844,InvestmentDecision.AVOID,0,0,"{'fundamental_score': 5.45, 'technical_score': 0, 'confidence': 0}"
DIGISPICE.NS,19.190000534057617,InvestmentDecision.AVOID,0,0,"{'fundamental_score': 5.1000000000000005, 'technical_score': 0, 'confidence': 0}"
SURAJLTD.NS,231.67999267578125,InvestmentDecision.AVOID,0,0,"{'fundamental_score': 4.7, 'technical_score': 0, 'confidence': 0}"
MBLINFRA.NS,24.559999465942383,InvestmentDecision.AVOID,0,0,"{'fundamental_score': 6.25, 'technical_score': 0, 'confidence': 0}"
COMSYN.NS,155.2899932861328,InvestmentDecision.AVOID,0,0,"{'fundamental_score': 5.45, 'technical_score': 0, 'confidence': 0}"
PRECOT.NS,716.0,InvestmentDecision.AVOID,0,0,"{'fundamental_score': 3.8500000000000005, 'technical_score': 0, 'confidence': 0}"
VINSYS.NS,323.0,InvestmentDecision.AVOID,0,0,"{'fundamental_score': 6.7, 'technical_score': 0, 'confidence': 0}"
TPLPLASTEH.NS,63.099998474121094,InvestmentDecision.AVOID,0,0,"{'fundamental_score': 5.9, 'technical_score': 0, 'confidence': 0}"
ALLETEC.NS,148.6999969482422,InvestmentDecision.AVOID,0,0,"{'fundamental_score': 6.7, 'technical_score': 0, 'confidence': 0}"
RBZJEWEL.NS,124.55000305175781,InvestmentDecision.AVOID,0,0,"{'fundamental_score': 5.8500000000000005, 'technical_score': 0, 'confidence': 0}"
HERCULES.NS,159.32000732421875,InvestmentDecision.AVOID,0,0,"{'fundamental_score': 6.7, 'technical_score': 0, 'confidence': 0}"
RAMAPHO.NS,122.04000091552734,InvestmentDecision.AVOID,0,0,"{'fundamental_score': 6.2, 'technical_score': 0, 'confidence': 0}"
ORIENTPPR.NS,17.1200008392334,InvestmentDecision.AVOID,0,0,"{'fundamental_score': 6.7, 'technical_score': 0, 'confidence': 0}"
GVKPIL.NS,3.130000114440918,InvestmentDecision.AVOID,0,0,"{'fundamental_score': 6.7, 'technical_score': 0, 'confidence': 0}"
LIBERTSHOE.NS,237.75,InvestmentDecision.AVOID,0,0,"{'fundamental_score': 5.45, 'technical_score': 0, 'confidence': 0}"
KNAGRI.NS,198.47999572753906,InvestmentDecision.AVOID,0,0,"{'fundamental_score': 5.9, 'technical_score': 0, 'confidence': 0}"
ANNAPURNA.NS,144.14999389648438,InvestmentDecision.AVOID,0,0,"{'fundamental_score': 6.7, 'technical_score': 0, 'confidence': 0}"
BELLACASA.NS,236.60000610351562,InvestmentDecision.AVOID,0,0,"{'fundamental_score': 5.9, 'technical_score': 0, 'confidence': 0}"
PARIN.NS,660.7999877929688,InvestmentDecision.AVOID,0,0,"{'fundamental_score': 6.7, 'technical_score': 0, 'confidence': 0}"
KAPSTON.NS,328.1499938964844,InvestmentDecision.AVOID,0,0,"{'fundamental_score': 5.2, 'technical_score': 0, 'confidence': 0}"
ADVANIHOTR.NS,53.20000076293945,InvestmentDecision.AVOID,0,0,"{'fundamental_score': 7.4, 'technical_score': 0, 'confidence': 0}"
DBOL.NS,107.11000061035156,InvestmentDecision.AVOID,0,0,"{'fundamental_score': 5.45, 'technical_score': 0, 'confidence': 0}"
TRACXN.NS,32.58000183105469,InvestmentDecision.AVOID,0,0,"{'fundamental_score': 6.7, 'technical_score': 0, 'confidence': 0}"
MUNJALSHOW.NS,133.8699951171875,InvestmentDecision.AVOID,0,0,"{'fundamental_score': 5.9, 'technical_score': 0, 'confidence': 0}"
SREEL.NS,188.47000122070312,InvestmentDecision.AVOID,0,0,"{'fundamental_score': 5.9, 'technical_score': 0, 'confidence': 0}"
ORBTEXP.NS,164.0500030517578,InvestmentDecision.AVOID,0,0,"{'fundamental_score': 6.0, 'technical_score': 0, 'confidence': 0}"
MAZDA.NS,198.63999938964844,InvestmentDecision.AVOID,0,0,"{'fundamental_score': 7.6, 'technical_score': 0, 'confidence': 0}"
VISASTEEL.NS,47.91999816894531,InvestmentDecision.AVOID,0,0,"{'fundamental_score': 6.7, 'technical_score': 0, 'confidence': 0}"
GUJAPOLLO.NS,378.95001220703125,InvestmentDecision.AVOID,0,0,"{'fundamental_score': 6.7, 'technical_score': 0, 'confidence': 0}"
TRANSWORLD.NS,154.91000366210938,InvestmentDecision.AVOID,0,0,"{'fundamental_score': 6.7, 'technical_score': 0, 'confidence': 0}"
PTL.NS,39.0,InvestmentDecision.AVOID,0,0,"{'fundamental_score': 6.2, 'technical_score': 0, 'confidence': 0}"
DPEL.NS,498.3999938964844,InvestmentDecision.AVOID,0,0,"{'fundamental_score': 6.7, 'technical_score': 0, 'confidence': 0}"
EFFWA.NS,240.6999969482422,InvestmentDecision.AVOID,0,0,"{'fundamental_score': 6.7, 'technical_score': 0, 'confidence': 0}"
MEGATHERM.NS,250.6999969482422,InvestmentDecision.AVOID,0,0,"{'fundamental_score': 6.7, 'technical_score': 0, 'confidence': 0}"
AVONMORE.NS,10.720000267028809,InvestmentDecision.AVOID,0,0,"{'fundamental_score': 6.800000000000001, 'technical_score': 0, 'confidence': 0}"
WSI.NS,68.62999725341797,InvestmentDecision.AVOID,0,0,"{'fundamental_score': 4.7, 'technical_score': 0, 'confidence': 0}"
SUPREMEPWR.NS,237.64999389648438,InvestmentDecision.AVOID,0,0,"{'fundamental_score': 6.7, 'technical_score': 0, 'confidence': 0}"
SUKHJITS.NS,193.41000366210938,InvestmentDecision.AVOID,0,0,"{'fundamental_score': 6.25, 'technical_score': 0, 'confidence': 0}"
MGEL.NS,13.109999656677246,InvestmentDecision.AVOID,0,0,"{'fundamental_score': 5.8500000000000005, 'technical_score': 0, 'confidence': 0}"
CGRAPHICS.NS,151.25,InvestmentDecision.AVOID,0,0,"{'fundamental_score': 6.7, 'technical_score': 0, 'confidence': 0}"
DONEAR.NS,89.70999908447266,InvestmentDecision.AVOID,0,0,"{'fundamental_score': 4.4, 'technical_score': 0, 'confidence': 0}"
TERASOFT.NS,333.6499938964844,InvestmentDecision.AVOID,0,0,"{'fundamental_score': 7.2, 'technical_score': 0, 'confidence': 0}"
MODISONLTD.NS,172.17999267578125,InvestmentDecision.AVOID,0,0,"{'fundamental_score': 6.7, 'technical_score': 0, 'confidence': 0}"
VINYLINDIA.NS,283.20001220703125,InvestmentDecision.AVOID,0,0,"{'fundamental_score': 6.2, 'technical_score': 0, 'confidence': 0}"
DICIND.NS,507.8500061035156,InvestmentDecision.AVOID,0,0,"{'fundamental_score': 6.7, 'technical_score': 0, 'confidence': 0}"
EUROBOND.NS,177.8800048828125,InvestmentDecision.AVOID,0,0,"{'fundamental_score': 6.25, 'technical_score': 0, 'confidence': 0}"
MIRZAINT.NS,29.389999389648438,InvestmentDecision.AVOID,0,0,"{'fundamental_score': 5.9, 'technical_score': 0, 'confidence': 0}"
ATMASTCO.NS,184.6999969482422,InvestmentDecision.AVOID,0,0,"{'fundamental_score': 6.7, 'technical_score': 0, 'confidence': 0}"
CLEDUCATE.NS,43.91999816894531,InvestmentDecision.AVOID,0,0,"{'fundamental_score': 3.4000000000000004, 'technical_score': 0, 'confidence': 0}"
PAVNAIND.NS,17.989999771118164,InvestmentDecision.AVOID,0,0,"{'fundamental_score': 5.9, 'technical_score': 0, 'confidence': 0}"
SOFTTECH.NS,404.8500061035156,InvestmentDecision.AVOID,0,0,"{'fundamental_score': 6.7, 'technical_score': 0, 'confidence': 0}"
NAHARINDUS.NS,108.2300033569336,InvestmentDecision.AVOID,0,0,"{'fundamental_score': 5.45, 'technical_score': 0, 'confidence': 0}"
CYBERTECH.NS,141.3300018310547,InvestmentDecision.AVOID,0,0,"{'fundamental_score': 7.1, 'technical_score': 0, 'confidence': 0}"
MEDICAMEQ.NS,274.45001220703125,InvestmentDecision.AVOID,0,0,"{'fundamental_score': 6.7, 'technical_score': 0, 'confidence': 0}"
PANACHE.NS,357.54998779296875,InvestmentDecision.AVOID,0,0,"{'fundamental_score': 7.2, 'technical_score': 0, 'confidence': 0}"
HCL-INSYS.NS,11.529999732971191,InvestmentDecision.AVOID,0,0,"{'fundamental_score': 6.7, 'technical_score': 0, 'confidence': 0}"
ABSMARINE.NS,234.64999389648438,InvestmentDecision.AVOID,0,0,"{'fundamental_score': 6.7, 'technical_score': 0, 'confidence': 0}"
KOTHARIPRO.NS,73.1500015258789,InvestmentDecision.AVOID,0,0,"{'fundamental_score': 6.7, 'technical_score': 0, 'confidence': 0}"
HTMEDIA.NS,20.979999542236328,InvestmentDecision.AVOID,0,0,"{'fundamental_score': 6.7, 'technical_score': 0, 'confidence': 0}"
VRAJ.NS,119.83000183105469,InvestmentDecision.AVOID,0,0,"{'fundamental_score': 6.7, 'technical_score': 0, 'confidence': 0}"
UGARSUGAR.NS,41.970001220703125,InvestmentDecision.AVOID,0,0,"{'fundamental_score': 2.8000000000000003, 'technical_score': 0, 'confidence': 0}"
XTGLOBAL.NS,30.420000076293945,InvestmentDecision.AVOID,0,0,"{'fundamental_score': 6.7, 'technical_score': 0, 'confidence': 0}"
SINCLAIR.NS,75.88999938964844,InvestmentDecision.AVOID,0,0,"{'fundamental_score': 7.4, 'technical_score': 0, 'confidence': 0}"
DAVANGERE.NS,4.150000095367432,InvestmentDecision.AVOID,0,0,"{'fundamental_score': 5.9, 'technical_score': 0, 'confidence': 0}"
HIGREEN.NS,148.60000610351562,InvestmentDecision.AVOID,0,0,"{'fundamental_score': 6.7, 'technical_score': 0, 'confidence': 0}"
MOLDTECH.NS,120.75,InvestmentDecision.AVOID,0,0,"{'fundamental_score': 4.7, 'technical_score': 0, 'confidence': 0}"
PREMIERPOL.NS,55.869998931884766,InvestmentDecision.AVOID,0,0,"{'fundamental_score': 7.2, 'technical_score': 0, 'confidence': 0}"
ARIES.NS,354.79998779296875,InvestmentDecision.AVOID,0,0,"{'fundamental_score': 6.7, 'technical_score': 0, 'confidence': 0}"
NDL.NS,2.640000104904175,InvestmentDecision.AVOID,0,0,"{'fundamental_score': 5.9, 'technical_score': 0, 'confidence': 0}"
SIGMA.NS,39.279998779296875,InvestmentDecision.AVOID,0,0,"{'fundamental_score': 8.7, 'technical_score': 0, 'confidence': 0}"
SAHAJSOLAR.NS,141.25,InvestmentDecision.AVOID,0,0,"{'fundamental_score': 6.7, 'technical_score': 0, 'confidence': 0}"
NAHARCAP.NS,248.89999389648438,InvestmentDecision.AVOID,0,0,"{'fundamental_score': 7.4, 'technical_score': 0, 'confidence': 0}"
SPENCERS.NS,36.52000045776367,InvestmentDecision.AVOID,0,0,"{'fundamental_score': 5.9, 'technical_score': 0, 'confidence': 0}"
POLYSIL.NS,141.64999389648438,InvestmentDecision.AVOID,0,0,"{'fundamental_score': 6.7, 'technical_score': 0, 'confidence': 0}"
ORIENTCER.NS,40.02000045776367,InvestmentDecision.AVOID,0,0,"{'fundamental_score': 6.7, 'technical_score': 0, 'confidence': 0}"
PLASTIBLEN.NS,165.5,InvestmentDecision.AVOID,0,0,"{'fundamental_score': 4.7, 'technical_score': 0, 'confidence': 0}"
BIRLACABLE.NS,155.0399932861328,InvestmentDecision.AVOID,0,0,"{'fundamental_score': 6.7, 'technical_score': 0, 'confidence': 0}"
LORDSCHLO.NS,134.25,InvestmentDecision.AVOID,0,0,"{'fundamental_score': 6.25, 'technical_score': 0, 'confidence': 0}"
GSLSU.NS,54.70000076293945,InvestmentDecision.AVOID,0,0,"{'fundamental_score': 6.25, 'technical_score': 0, 'confidence': 0}"
THOMASCOTT.NS,258.1000061035156,InvestmentDecision.AVOID,0,0,"{'fundamental_score': 5.9, 'technical_score': 0, 'confidence': 0}"
KANPRPLA.NS,203.99000549316406,InvestmentDecision.AVOID,0,0,"{'fundamental_score': 5.9, 'technical_score': 0, 'confidence': 0}"
NRL.NS,52.369998931884766,InvestmentDecision.AVOID,0,0,"{'fundamental_score': 6.7, 'technical_score': 0, 'confidence': 0}"
MCLEODRUSS.NS,72.5,InvestmentDecision.AVOID,0,0,"{'fundamental_score': 4.4, 'technical_score': 0, 'confidence': 0}"
MUTHOOTCAP.NS,203.5,InvestmentDecision.AVOID,0,0,"{'fundamental_score': 2.8000000000000003, 'technical_score': 0, 'confidence': 0}"
PANSARI.NS,265.8999938964844,InvestmentDecision.AVOID,0,0,"{'fundamental_score': 7.9, 'technical_score': 0, 'confidence': 0}"
SOUTHWEST.NS,244.52999877929688,InvestmentDecision.AVOID,0,0,"{'fundamental_score': 6.800000000000001, 'technical_score': 0, 'confidence': 0}"
ALBERTDAVD.NS,708.3499755859375,InvestmentDecision.AVOID,0,0,"{'fundamental_score': 4.7, 'technical_score': 0, 'confidence': 0}"
SRD.NS,42.58000183105469,InvestmentDecision.AVOID,0,0,"{'fundamental_score': 6.7, 'technical_score': 0, 'confidence': 0}"
SRGHFL.NS,290.95001220703125,InvestmentDecision.AVOID,0,0,"{'fundamental_score': 5.1000000000000005, 'technical_score': 0, 'confidence': 0}"
RAMANEWS.NS,29.709999084472656,InvestmentDecision.AVOID,0,0,"{'fundamental_score': 5.9, 'technical_score': 0, 'confidence': 0}"
KRITINUT.NS,84.05999755859375,InvestmentDecision.AVOID,0,0,"{'fundamental_score': 5.9, 'technical_score': 0, 'confidence': 0}"
CHEMBONDCH.NS,187.24000549316406,InvestmentDecision.AVOID,0,0,"{'fundamental_score': 7.2, 'technical_score': 0, 'confidence': 0}"
TIRUPATIFL.NS,41.02000045776367,InvestmentDecision.AVOID,0,0,"{'fundamental_score': 4.7, 'technical_score': 0, 'confidence': 0}"
PCCL.NS,281.8500061035156,InvestmentDecision.AVOID,0,0,"{'fundamental_score': 6.7, 'technical_score': 0, 'confidence': 0}"
RBMINFRA.NS,370.6499938964844,InvestmentDecision.AVOID,0,0,"{'fundamental_score': 6.7, 'technical_score': 0, 'confidence': 0}"
VALIANTLAB.NS,76.54000091552734,InvestmentDecision.AVOID,0,0,"{'fundamental_score': 4.7, 'technical_score': 0, 'confidence': 0}"
EMAMIREAL.NS,89.62000274658203,InvestmentDecision.AVOID,0,0,"{'fundamental_score': 6.7, 'technical_score': 0, 'confidence': 0}"
MANAKSIA.NS,59.20000076293945,InvestmentDecision.AVOID,0,0,"{'fundamental_score': 6.7, 'technical_score': 0, 'confidence': 0}"
NOVAAGRI.NS,28.469999313354492,InvestmentDecision.AVOID,0,0,"{'fundamental_score': 6.7, 'technical_score': 0, 'confidence': 0}"
SWARAJ.NS,257.1000061035156,InvestmentDecision.AVOID,0,0,"{'fundamental_score': 6.7, 'technical_score': 0, 'confidence': 0}"
MANORG.NS,570.75,InvestmentDecision.AVOID,0,0,"{'fundamental_score': 7.0, 'technical_score': 0, 'confidence': 0}"
REMSONSIND.NS,97.5199966430664,InvestmentDecision.AVOID,0,0,"{'fundamental_score': 5.45, 'technical_score': 0, 'confidence': 0}"
GLOBECIVIL.NS,43.2599983215332,InvestmentDecision.AVOID,0,0,"{'fundamental_score': 6.25, 'technical_score': 0, 'confidence': 0}"
KHADIM.NS,107.37000274658203,InvestmentDecision.AVOID,0,0,"{'fundamental_score': 4.4, 'technical_score': 0, 'confidence': 0}"
PASUPTAC.NS,53.47999954223633,InvestmentDecision.AVOID,0,0,"{'fundamental_score': 5.9, 'technical_score': 0, 'confidence': 0}"
ASHIMASYN.NS,16.389999389648438,InvestmentDecision.AVOID,0,0,"{'fundamental_score': 6.25, 'technical_score': 0, 'confidence': 0}"
BANSWRAS.NS,123.27999877929688,InvestmentDecision.AVOID,0,0,"{'fundamental_score': 5.45, 'technical_score': 0, 'confidence': 0}"
FILATFASH.NS,0.23000000417232513,InvestmentDecision.AVOID,0,0,"{'fundamental_score': 5.9, 'technical_score': 0, 'confidence': 0}"
S&SPOWER.NS,355.0,InvestmentDecision.AVOID,0,0,"{'fundamental_score': 6.7, 'technical_score': 0, 'confidence': 0}"
HPAL.NS,34.7599983215332,InvestmentDecision.AVOID,0,0,"{'fundamental_score': 4.7, 'technical_score': 0, 'confidence': 0}"
RUBFILA.NS,77.62000274658203,InvestmentDecision.AVOID,0,0,"{'fundamental_score': 5.7, 'technical_score': 0, 'confidence': 0}"
GENUSPAPER.NS,12.760000228881836,InvestmentDecision.AVOID,0,0,"{'fundamental_score': 6.25, 'technical_score': 0, 'confidence': 0}"
DENORA.NS,717.9500122070312,InvestmentDecision.AVOID,0,0,"{'fundamental_score': 4.7, 'technical_score': 0, 'confidence': 0}"
ORIENTBELL.NS,341.75,InvestmentDecision.AVOID,0,0,"{'fundamental_score': 4.7, 'technical_score': 0, 'confidence': 0}"
RHL.NS,190.75,InvestmentDecision.AVOID,0,0,"{'fundamental_score': 7.4, 'technical_score': 0, 'confidence': 0}"
TICL.NS,22.760000228881836,InvestmentDecision.AVOID,0,0,"{'fundamental_score': 8.2, 'technical_score': 0, 'confidence': 0}"
SPCENET.NS,3.630000114440918,InvestmentDecision.AVOID,0,0,"{'fundamental_score': 5.9, 'technical_score': 0, 'confidence': 0}"
BEDMUTHA.NS,107.27999877929688,InvestmentDecision.AVOID,0,0,"{'fundamental_score': 3.2, 'technical_score': 0, 'confidence': 0}"
INFOLLION.NS,196.0,InvestmentDecision.AVOID,0,0,"{'fundamental_score': 6.7, 'technical_score': 0, 'confidence': 0}"
WELINV.NS,1808.199951171875,InvestmentDecision.AVOID,0,0,"{'fundamental_score': 7.4, 'technical_score': 0, 'confidence': 0}"
NILAINFRA.NS,7.829999923706055,InvestmentDecision.AVOID,0,0,"{'fundamental_score': 6.2, 'technical_score': 0, 'confidence': 0}"
UNIDT.NS,235.47999572753906,InvestmentDecision.AVOID,0,0,"{'fundamental_score': 5.9, 'technical_score': 0, 'confidence': 0}"
VISHNUINFR.NS,158.89999389648438,InvestmentDecision.AVOID,0,0,"{'fundamental_score': 6.7, 'technical_score': 0, 'confidence': 0}"
AVPINFRA.NS,78.0,InvestmentDecision.AVOID,0,0,"{'fundamental_score': 6.7, 'technical_score': 0, 'confidence': 0}"
AARON.NS,122.51000213623047,InvestmentDecision.AVOID,0,0,"{'fundamental_score': 6.25, 'technical_score': 0, 'confidence': 0}"
GICL.NS,40.2400016784668,InvestmentDecision.AVOID,0,0,"{'fundamental_score': 6.7, 'technical_score': 0, 'confidence': 0}"
GOKUL.NS,41.11000061035156,InvestmentDecision.AVOID,0,0,"{'fundamental_score': 5.45, 'technical_score': 0, 'confidence': 0}"
GOACARBON.NS,395.8500061035156,InvestmentDecision.AVOID,0,0,"{'fundamental_score': 4.25, 'technical_score': 0, 'confidence': 0}"
RUCHIRA.NS,122.48999786376953,InvestmentDecision.AVOID,0,0,"{'fundamental_score': 6.7, 'technical_score': 0, 'confidence': 0}"
SHIVAUM.NS,333.20001220703125,InvestmentDecision.AVOID,0,0,"{'fundamental_score': 6.25, 'technical_score': 0, 'confidence': 0}"
PHANTOMFX.NS,177.10000610351562,InvestmentDecision.AVOID,0,0,"{'fundamental_score': 6.7, 'technical_score': 0, 'confidence': 0}"
MANAKSTEEL.NS,64.06999969482422,InvestmentDecision.AVOID,0,0,"{'fundamental_score': 6.25, 'technical_score': 0, 'confidence': 0}"
AARTISURF.NS,383.75,InvestmentDecision.AVOID,0,0,"{'fundamental_score': 4.7, 'technical_score': 0, 'confidence': 0}"
SAKUMA.NS,1.7599999904632568,InvestmentDecision.AVOID,0,0,"{'fundamental_score': 5.9, 'technical_score': 0, 'confidence': 0}"
ASMS.NS,7.349999904632568,InvestmentDecision.AVOID,0,0,"{'fundamental_score': 6.7, 'technical_score': 0, 'confidence': 0}"
VIKASLIFE.NS,1.4299999475479126,InvestmentDecision.AVOID,0,0,"{'fundamental_score': 5.9, 'technical_score': 0, 'confidence': 0}"
BBTCL.NS,189.02999877929688,InvestmentDecision.AVOID,0,0,"{'fundamental_score': 4.4, 'technical_score': 0, 'confidence': 0}"
MAHEPC.NS,119.13999938964844,InvestmentDecision.AVOID,0,0,"{'fundamental_score': 4.7, 'technical_score': 0, 'confidence': 0}"
GOLDKART.NS,159.60000610351562,InvestmentDecision.AVOID,0,0,"{'fundamental_score': 6.7, 'technical_score': 0, 'confidence': 0}"
DYNPRO.NS,227.6699981689453,InvestmentDecision.AVOID,0,0,"{'fundamental_score': 6.7, 'technical_score': 0, 'confidence': 0}"
IL&FSENGG.NS,26.0,InvestmentDecision.AVOID,0,0,"{'fundamental_score': 6.7, 'technical_score': 0, 'confidence': 0}"
INFINIUM.NS,205.10000610351562,InvestmentDecision.AVOID,0,0,"{'fundamental_score': 6.7, 'technical_score': 0, 'confidence': 0}"
FCSSOFT.NS,1.5099999904632568,InvestmentDecision.AVOID,0,0,"{'fundamental_score': 6.7, 'technical_score': 0, 'confidence': 0}"
ZIMLAB.NS,99.12000274658203,InvestmentDecision.AVOID,0,0,"{'fundamental_score': 4.7, 'technical_score': 0, 'confidence': 0}"
APCL.NS,113.0,InvestmentDecision.AVOID,0,0,"{'fundamental_score': 5.2, 'technical_score': 0, 'confidence': 0}"
SUMIT.NS,43.06999969482422,InvestmentDecision.AVOID,0,0,"{'fundamental_score': 6.7, 'technical_score': 0, 'confidence': 0}"
SHREEKARNI.NS,430.0,InvestmentDecision.AVOID,0,0,"{'fundamental_score': 6.7, 'technical_score': 0, 'confidence': 0}"
ROSSELLIND.NS,55.310001373291016,InvestmentDecision.AVOID,0,0,"{'fundamental_score': 6.7, 'technical_score': 0, 'confidence': 0}"
BCONCEPTS.NS,226.05999755859375,InvestmentDecision.AVOID,0,0,"{'fundamental_score': 4.4, 'technical_score': 0, 'confidence': 0}"
VARDMNPOLY.NS,6.170000076293945,InvestmentDecision.AVOID,0,0,"{'fundamental_score': 5.9, 'technical_score': 0, 'confidence': 0}"
INM.NS,168.0,InvestmentDecision.AVOID,0,0,"{'fundamental_score': 6.7, 'technical_score': 0, 'confidence': 0}"
SYSTANGO.NS,233.89999389648438,InvestmentDecision.AVOID,0,0,"{'fundamental_score': 6.7, 'technical_score': 0, 'confidence': 0}"
OILCOUNTUB.NS,57.36000061035156,InvestmentDecision.AVOID,0,0,"{'fundamental_score': 5.9, 'technical_score': 0, 'confidence': 0}"
VGL.NS,65.0,InvestmentDecision.AVOID,0,0,"{'fundamental_score': 7.4, 'technical_score': 0, 'confidence': 0}"
3IINFOLTD.NS,17.639999389648438,InvestmentDecision.AVOID,0,0,"{'fundamental_score': 5.7, 'technical_score': 0, 'confidence': 0}"
IITL.NS,162.3800048828125,InvestmentDecision.AVOID,0,0,"{'fundamental_score': 7.4, 'technical_score': 0, 'confidence': 0}"
DCI.NS,298.3500061035156,InvestmentDecision.AVOID,0,0,"{'fundamental_score': 6.25, 'technical_score': 0, 'confidence': 0}"
INSPIRISYS.NS,125.7699966430664,InvestmentDecision.AVOID,0,0,"{'fundamental_score': 5.8, 'technical_score': 0, 'confidence': 0}"
WTICAB.NS,89.5999984741211,InvestmentDecision.AVOID,0,0,"{'fundamental_score': 6.7, 'technical_score': 0, 'confidence': 0}"
SHIVAMAUTO.NS,18.0,InvestmentDecision.AVOID,0,0,"{'fundamental_score': 4.4, 'technical_score': 0, 'confidence': 0}"
GINNIFILA.NS,41.41999816894531,InvestmentDecision.AVOID,0,0,"{'fundamental_score': 6.3, 'technical_score': 0, 'confidence': 0}"
PROV.NS,1598.0,InvestmentDecision.AVOID,0,0,"{'fundamental_score': 6.7, 'technical_score': 0, 'confidence': 0}"
MEDICO.NS,45.959999084472656,InvestmentDecision.AVOID,0,0,"{'fundamental_score': 6.7, 'technical_score': 0, 'confidence': 0}"
BALAJEE.NS,30.3799991607666,InvestmentDecision.AVOID,0,0,"{'fundamental_score': 5.45, 'technical_score': 0, 'confidence': 0}"
RCOM.NS,0.9100000262260437,InvestmentDecision.AVOID,0,0,"{'fundamental_score': 6.7, 'technical_score': 0, 'confidence': 0}"
BROOKS.NS,49.5099983215332,InvestmentDecision.AVOID,0,0,"{'fundamental_score': 8.2, 'technical_score': 0, 'confidence': 0}"
NDGL.NS,2510.60009765625,InvestmentDecision.AVOID,0,0,"{'fundamental_score': 5.9, 'technical_score': 0, 'confidence': 0}"
LOKESHMACH.NS,244.0,InvestmentDecision.AVOID,0,0,"{'fundamental_score': 6.25, 'technical_score': 0, 'confidence': 0}"
NECLIFE.NS,12.270000457763672,InvestmentDecision.AVOID,0,0,"{'fundamental_score': 6.25, 'technical_score': 0, 'confidence': 0}"
EXXARO.NS,6.53000020980835,InvestmentDecision.AVOID,0,0,"{'fundamental_score': 4.7, 'technical_score': 0, 'confidence': 0}"
BPL.NS,54.619998931884766,InvestmentDecision.AVOID,0,0,"{'fundamental_score': 4.25, 'technical_score': 0, 'confidence': 0}"
TRF.NS,234.4499969482422,InvestmentDecision.AVOID,0,0,"{'fundamental_score': 3.2, 'technical_score': 0, 'confidence': 0}"
HARRMALAYA.NS,212.22000122070312,InvestmentDecision.AVOID,0,0,"{'fundamental_score': 5.45, 'technical_score': 0, 'confidence': 0}"
MANCREDIT.NS,169.57000732421875,InvestmentDecision.AVOID,0,0,"{'fundamental_score': 5.9, 'technical_score': 0, 'confidence': 0}"
ASAHISONG.NS,237.38999938964844,InvestmentDecision.AVOID,0,0,"{'fundamental_score': 6.7, 'technical_score': 0, 'confidence': 0}"
GLOBAL.NS,102.36000061035156,InvestmentDecision.AVOID,0,0,"{'fundamental_score': 7.8, 'technical_score': 0, 'confidence': 0}"
URAVIDEF.NS,117.2300033569336,InvestmentDecision.AVOID,0,0,"{'fundamental_score': 5.9, 'technical_score': 0, 'confidence': 0}"
RACE.NS,120.12000274658203,InvestmentDecision.AVOID,0,0,"{'fundamental_score': 6.25, 'technical_score': 0, 'confidence': 0}"
EFACTOR.NS,200.10000610351562,InvestmentDecision.AVOID,0,0,"{'fundamental_score': 6.7, 'technical_score': 0, 'confidence': 0}"
KANORICHEM.NS,91.0,InvestmentDecision.AVOID,0,0,"{'fundamental_score': 6.25, 'technical_score': 0, 'confidence': 0}"
ALANKIT.NS,8.609999656677246,InvestmentDecision.AVOID,0,0,"{'fundamental_score': 6.7, 'technical_score': 0, 'confidence': 0}"
GEEKAYWIRE.NS,24.280000686645508,InvestmentDecision.AVOID,0,0,"{'fundamental_score': 6.75, 'technical_score': 0, 'confidence': 0}"
SKP.NS,177.64999389648438,InvestmentDecision.AVOID,0,0,"{'fundamental_score': 6.7, 'technical_score': 0, 'confidence': 0}"
CMNL.NS,120.3499984741211,InvestmentDecision.AVOID,0,0,"{'fundamental_score': 6.7, 'technical_score': 0, 'confidence': 0}"
VLEGOV.NS,14.199999809265137,InvestmentDecision.AVOID,0,0,"{'fundamental_score': 6.7, 'technical_score': 0, 'confidence': 0}"
DPWIRES.NS,170.91000366210938,InvestmentDecision.AVOID,0,0,"{'fundamental_score': 6.7, 'technical_score': 0, 'confidence': 0}"
MASON.NS,132.0,InvestmentDecision.AVOID,0,0,"{'fundamental_score': 6.7, 'technical_score': 0, 'confidence': 0}"
VIKASECO.NS,1.25,InvestmentDecision.AVOID,0,0,"{'fundamental_score': 6.7, 'technical_score': 0, 'confidence': 0}"
BHAGYANGR.NS,291.5,InvestmentDecision.AVOID,0,0,"{'fundamental_score': 5.2, 'technical_score': 0, 'confidence': 0}"
KCPSUGIND.NS,24.18000030517578,InvestmentDecision.AVOID,0,0,"{'fundamental_score': 5.9, 'technical_score': 0, 'confidence': 0}"
MAWANASUG.NS,103.0,InvestmentDecision.AVOID,0,0,"{'fundamental_score': 5.9, 'technical_score': 0, 'confidence': 0}"
APOLSINHOT.NS,1137.0999755859375,InvestmentDecision.AVOID,0,0,"{'fundamental_score': 6.25, 'technical_score': 0, 'confidence': 0}"
BYKE.NS,34.93000030517578,InvestmentDecision.AVOID,0,0,"{'fundamental_score': 5.9, 'technical_score': 0, 'confidence': 0}"
SSDL.NS,61.43000030517578,InvestmentDecision.AVOID,0,0,"{'fundamental_score': 5.9, 'technical_score': 0, 'confidence': 0}"
VARDHACRLC.NS,43.61000061035156,InvestmentDecision.AVOID,0,0,"{'fundamental_score': 5.9, 'technical_score': 0, 'confidence': 0}"
SHRADHA.NS,36.779998779296875,InvestmentDecision.AVOID,0,0,"{'fundamental_score': 7.75, 'technical_score': 0, 'confidence': 0}"
MANOMAY.NS,177.72000122070312,InvestmentDecision.AVOID,0,0,"{'fundamental_score': 4.4, 'technical_score': 0, 'confidence': 0}"
LYKALABS.NS,60.66999816894531,InvestmentDecision.AVOID,0,0,"{'fundamental_score': 6.7, 'technical_score': 0, 'confidence': 0}"
AVG.NS,165.76585388183594,InvestmentDecision.AVOID,0,0,"{'fundamental_score': 5.8, 'technical_score': 0, 'confidence': 0}"
AFFORDABLE.NS,168.94000244140625,InvestmentDecision.AVOID,0,0,"{'fundamental_score': 6.25, 'technical_score': 0, 'confidence': 0}"
NIPPOBATRY.NS,331.29998779296875,InvestmentDecision.AVOID,0,0,"{'fundamental_score': 6.7, 'technical_score': 0, 'confidence': 0}"
ATLANTAA.NS,41.15999984741211,InvestmentDecision.AVOID,0,0,"{'fundamental_score': 3.8000000000000003, 'technical_score': 0, 'confidence': 0}"
FROG.NS,168.14999389648438,InvestmentDecision.AVOID,0,0,"{'fundamental_score': 6.7, 'technical_score': 0, 'confidence': 0}"
ALMONDZ.NS,15.130000114440918,InvestmentDecision.AVOID,0,0,"{'fundamental_score': 7.1000000000000005, 'technical_score': 0, 'confidence': 0}"
SINTERCOM.NS,77.55999755859375,InvestmentDecision.AVOID,0,0,"{'fundamental_score': 3.8500000000000005, 'technical_score': 0, 'confidence': 0}"
GOLDTECH.NS,40.08000183105469,InvestmentDecision.AVOID,0,0,"{'fundamental_score': 6.7, 'technical_score': 0, 'confidence': 0}"
PPAP.NS,208.05999755859375,InvestmentDecision.AVOID,0,0,"{'fundamental_score': 5.050000000000001, 'technical_score': 0, 'confidence': 0}"
HITECHCORP.NS,140.8800048828125,InvestmentDecision.AVOID,0,0,"{'fundamental_score': 5.9, 'technical_score': 0, 'confidence': 0}"
NATHBIOGEN.NS,166.8800048828125,InvestmentDecision.AVOID,0,0,"{'fundamental_score': 4.7, 'technical_score': 0, 'confidence': 0}"
SHERA.NS,167.1999969482422,InvestmentDecision.AVOID,0,0,"{'fundamental_score': 6.7, 'technical_score': 0, 'confidence': 0}"
DIAMINESQ.NS,245.35000610351562,InvestmentDecision.AVOID,0,0,"{'fundamental_score': 4.7, 'technical_score': 0, 'confidence': 0}"
VIPCLOTHNG.NS,26.170000076293945,InvestmentDecision.AVOID,0,0,"{'fundamental_score': 5.9, 'technical_score': 0, 'confidence': 0}"
TREJHARA.NS,151.99000549316406,InvestmentDecision.AVOID,0,0,"{'fundamental_score': 6.7, 'technical_score': 0, 'confidence': 0}"
AXITA.NS,7.849999904632568,InvestmentDecision.AVOID,0,0,"{'fundamental_score': 5.9, 'technical_score': 0, 'confidence': 0}"
AUTOIND.NS,85.30999755859375,InvestmentDecision.AVOID,0,0,"{'fundamental_score': 4.800000000000001, 'technical_score': 0, 'confidence': 0}"
SAAKSHI.NS,234.4499969482422,InvestmentDecision.AVOID,0,0,"{'fundamental_score': 6.7, 'technical_score': 0, 'confidence': 0}"
AFIL.NS,8.989999771118164,InvestmentDecision.AVOID,0,0,"{'fundamental_score': 5.700000000000001, 'technical_score': 0, 'confidence': 0}"
JAINAM.NS,290.0,InvestmentDecision.AVOID,0,0,"{'fundamental_score': 6.7, 'technical_score': 0, 'confidence': 0}"
A2ZINFRA.NS,14.34000015258789,InvestmentDecision.AVOID,0,0,"{'fundamental_score': 5.2, 'technical_score': 0, 'confidence': 0}"
SHEMAROO.NS,95.37000274658203,InvestmentDecision.AVOID,0,0,"{'fundamental_score': 3.8000000000000003, 'technical_score': 0, 'confidence': 0}"
RVHL.NS,39.97999954223633,InvestmentDecision.AVOID,0,0,"{'fundamental_score': 8.2, 'technical_score': 0, 'confidence': 0}"
SOMATEX.NS,100.87999725341797,InvestmentDecision.AVOID,0,0,"{'fundamental_score': 7.1000000000000005, 'technical_score': 0, 'confidence': 0}"
PRAMARA.NS,247.35000610351562,InvestmentDecision.AVOID,0,0,"{'fundamental_score': 6.7, 'technical_score': 0, 'confidence': 0}"
NAGAFERT.NS,3.7699999809265137,InvestmentDecision.AVOID,0,0,"{'fundamental_score': 6.7, 'technical_score': 0, 'confidence': 0}"
GRETEX.NS,247.85000610351562,InvestmentDecision.AVOID,0,0,"{'fundamental_score': 6.7, 'technical_score': 0, 'confidence': 0}"
SUPREME.NS,49.290000915527344,InvestmentDecision.AVOID,0,0,"{'fundamental_score': 4.7, 'technical_score': 0, 'confidence': 0}"
PRIZOR.NS,669.5,InvestmentDecision.AVOID,0,0,"{'fundamental_score': 6.7, 'technical_score': 0, 'confidence': 0}"
PILITA.NS,7.960000038146973,InvestmentDecision.AVOID,0,0,"{'fundamental_score': 5.9, 'technical_score': 0, 'confidence': 0}"
UNIHEALTH.NS,444.5,InvestmentDecision.AVOID,0,0,"{'fundamental_score': 6.7, 'technical_score': 0, 'confidence': 0}"
BAFNAPH.NS,138.36000061035156,InvestmentDecision.AVOID,0,0,"{'fundamental_score': 6.7, 'technical_score': 0, 'confidence': 0}"
KRISHCA.NS,187.0,InvestmentDecision.AVOID,0,0,"{'fundamental_score': 6.7, 'technical_score': 0, 'confidence': 0}"
GLOBALVECT.NS,166.24000549316406,InvestmentDecision.AVOID,0,0,"{'fundamental_score': 5.2, 'technical_score': 0, 'confidence': 0}"
GOYALSALT.NS,110.69999694824219,InvestmentDecision.AVOID,0,0,"{'fundamental_score': 6.7, 'technical_score': 0, 'confidence': 0}"
SUNDRMBRAK.NS,613.5,InvestmentDecision.AVOID,0,0,"{'fundamental_score': 5.9, 'technical_score': 0, 'confidence': 0}"
CINELINE.NS,80.7699966430664,InvestmentDecision.AVOID,0,0,"{'fundamental_score': 4.25, 'technical_score': 0, 'confidence': 0}"
KCEIL.NS,109.0,InvestmentDecision.AVOID,0,0,"{'fundamental_score': 6.7, 'technical_score': 0, 'confidence': 0}"
AIRAN.NS,16.3799991607666,InvestmentDecision.AVOID,0,0,"{'fundamental_score': 6.7, 'technical_score': 0, 'confidence': 0}"
DJML.NS,96.58000183105469,InvestmentDecision.AVOID,0,0,"{'fundamental_score': 6.7, 'technical_score': 0, 'confidence': 0}"
STARTECK.NS,245.10000610351562,InvestmentDecision.AVOID,0,0,"{'fundamental_score': 5.700000000000001, 'technical_score': 0, 'confidence': 0}"
DELPHIFX.NS,10.90999984741211,InvestmentDecision.AVOID,0,0,"{'fundamental_score': 2.8000000000000003, 'technical_score': 0, 'confidence': 0}"
MODIRUBBER.NS,128.64999389648438,InvestmentDecision.AVOID,0,0,"{'fundamental_score': 6.2, 'technical_score': 0, 'confidence': 0}"
ELGIRUBCO.NS,47.400001525878906,InvestmentDecision.AVOID,0,0,"{'fundamental_score': 4.4, 'technical_score': 0, 'confidence': 0}"
SHREYANIND.NS,156.27000427246094,InvestmentDecision.AVOID,0,0,"{'fundamental_score': 6.7, 'technical_score': 0, 'confidence': 0}"
SAHYADRI.NS,312.3999938964844,InvestmentDecision.AVOID,0,0,"{'fundamental_score': 4.7, 'technical_score': 0, 'confidence': 0}"
OSIAHYPER.NS,4.079999923706055,InvestmentDecision.AVOID,0,0,"{'fundamental_score': 5.9, 'technical_score': 0, 'confidence': 0}"
PODDARMENT.NS,250.0,InvestmentDecision.AVOID,0,0,"{'fundamental_score': 6.7, 'technical_score': 0, 'confidence': 0}"
UFO.NS,74.16999816894531,InvestmentDecision.AVOID,0,0,"{'fundamental_score': 6.7, 'technical_score': 0, 'confidence': 0}"
DCMNVL.NS,143.24000549316406,InvestmentDecision.AVOID,0,0,"{'fundamental_score': 3.8500000000000005, 'technical_score': 0, 'confidence': 0}"
UCAL.NS,91.44000244140625,InvestmentDecision.AVOID,0,0,"{'fundamental_score': 5.45, 'technical_score': 0, 'confidence': 0}"
UYFINCORP.NS,14.920000076293945,InvestmentDecision.AVOID,0,0,"{'fundamental_score': 7.4, 'technical_score': 0, 'confidence': 0}"
YASHOPTICS.NS,132.5500030517578,InvestmentDecision.AVOID,0,0,"{'fundamental_score': 6.7, 'technical_score': 0, 'confidence': 0}"
GSMFOILS.NS,197.0,InvestmentDecision.AVOID,0,0,"{'fundamental_score': 6.7, 'technical_score': 0, 'confidence': 0}"
INDOUS.NS,101.66999816894531,InvestmentDecision.AVOID,0,0,"{'fundamental_score': 7.6, 'technical_score': 0, 'confidence': 0}"
VSTL.NS,119.87000274658203,InvestmentDecision.AVOID,0,0,"{'fundamental_score': 4.25, 'technical_score': 0, 'confidence': 0}"
JAYSREETEA.NS,84.01000213623047,InvestmentDecision.AVOID,0,0,"{'fundamental_score': 5.45, 'technical_score': 0, 'confidence': 0}"
UNIVPHOTO.NS,423.6000061035156,InvestmentDecision.AVOID,0,0,"{'fundamental_score': 6.7, 'technical_score': 0, 'confidence': 0}"
UNIVASTU.NS,70.38999938964844,InvestmentDecision.AVOID,0,0,"{'fundamental_score': 6.7, 'technical_score': 0, 'confidence': 0}"
KOTYARK.NS,456.1000061035156,InvestmentDecision.AVOID,0,0,"{'fundamental_score': 5.7, 'technical_score': 0, 'confidence': 0}"
ZEELEARN.NS,5.800000190734863,InvestmentDecision.AVOID,0,0,"{'fundamental_score': 4.4, 'technical_score': 0, 'confidence': 0}"
TRANSTEEL.NS,128.85000610351562,InvestmentDecision.AVOID,0,0,"{'fundamental_score': 6.7, 'technical_score': 0, 'confidence': 0}"
NDLVENTURE.NS,127.19999694824219,InvestmentDecision.AVOID,0,0,"{'fundamental_score': 6.2, 'technical_score': 0, 'confidence': 0}"
CCHHL.NS,13.399999618530273,InvestmentDecision.AVOID,0,0,"{'fundamental_score': 5.9, 'technical_score': 0, 'confidence': 0}"
MEGASTAR.NS,314.29998779296875,InvestmentDecision.AVOID,0,0,"{'fundamental_score': 4.4, 'technical_score': 0, 'confidence': 0}"
SURANAT&P.NS,18.40999984741211,InvestmentDecision.AVOID,0,0,"{'fundamental_score': 7.2, 'technical_score': 0, 'confidence': 0}"
TAKE.NS,26.799999237060547,InvestmentDecision.AVOID,0,0,"{'fundamental_score': 6.7, 'technical_score': 0, 'confidence': 0}"
