ticker,current_price,decision,target_price,stop_loss,scores
RELIANCE.NS,1275.9000244140625,InvestmentDecision.AVOID,0,0,"{'fundamental_score': 4.7, 'technical_score': 0, 'confidence': 0}"
HDFCBANK.NS,748.2000122070312,InvestmentDecision.AVOID,0,0,"{'fundamental_score': 2.7, 'technical_score': 0, 'confidence': 0}"
BHARTIARTL.NS,1950.199951171875,InvestmentDecision.AVOID,0,0,"{'fundamental_score': 3.1, 'technical_score': 0, 'confidence': 0}"
TCS.NS,2446.60009765625,InvestmentDecision.AVOID,0,0,"{'fundamental_score': 7.7, 'technical_score': 0, 'confidence': 0}"
ICICIBANK.NS,1437.9000244140625,InvestmentDecision.AVOID,0,0,"{'fundamental_score': 3.1, 'technical_score': 0, 'confidence': 0}"
INFY.NS,1155.5999755859375,InvestmentDecision.AVOID,0,0,"{'fundamental_score': 6.0, 'technical_score': 0, 'confidence': 0}"
BAJFINANCE.NS,1054.4000244140625,InvestmentDecision.AVOID,0,0,"{'fundamental_score': 5.9, 'technical_score': 0, 'confidence': 0}"
HINDUNILVR.NS,2117.800048828125,InvestmentDecision.AVOID,0,0,"{'fundamental_score': 3.5, 'technical_score': 0, 'confidence': 0}"
LICI.NS,423.8999938964844,InvestmentDecision.AVOID,0,0,"{'fundamental_score': 6.3, 'technical_score': 0, 'confidence': 0}"
LT.NS,3931.39990234375,InvestmentDecision.AVOID,0,0,"{'fundamental_score': 4.6, 'technical_score': 0, 'confidence': 0}"
ITC.NS,286.25,InvestmentDecision.AVOID,0,0,"{'fundamental_score': 7.8, 'technical_score': 0, 'confidence': 0}"
MARUTI.NS,13948.0,InvestmentDecision.AVOID,0,0,"{'fundamental_score': 5.5, 'technical_score': 0, 'confidence': 0}"
M&M.NS,3221.800048828125,InvestmentDecision.AVOID,0,0,"{'fundamental_score': 5.4, 'technical_score': 0, 'confidence': 0}"
HCLTECH.NS,1344.300048828125,InvestmentDecision.AVOID,0,0,"{'fundamental_score': 5.5, 'technical_score': 0, 'confidence': 0}"
KOTAKBANK.NS,390.20001220703125,InvestmentDecision.AVOID,0,0,"{'fundamental_score': 4.7, 'technical_score': 0, 'confidence': 0}"
SUNPHARMA.NS,1976.699951171875,InvestmentDecision.AVOID,0,0,"{'fundamental_score': 6.7, 'technical_score': 0, 'confidence': 0}"
AXISBANK.NS,1223.5,InvestmentDecision.AVOID,0,0,"{'fundamental_score': 2.7, 'technical_score': 0, 'confidence': 0}"
ULTRACEMCO.NS,11758.0,InvestmentDecision.AVOID,0,0,"{'fundamental_score': 5.5, 'technical_score': 0, 'confidence': 0}"
BAJAJFINSV.NS,1927.9000244140625,InvestmentDecision.AVOID,0,0,"{'fundamental_score': 5.2, 'technical_score': 0, 'confidence': 0}"
TITAN.NS,4850.2001953125,InvestmentDecision.AVOID,0,0,"{'fundamental_score': 4.5, 'technical_score': 0, 'confidence': 0}"
HAL.NS,4600.10009765625,InvestmentDecision.AVOID,0,0,"{'fundamental_score': 8.7, 'technical_score': 0, 'confidence': 0}"
ADANIPORTS.NS,1774.699951171875,InvestmentDecision.AVOID,0,0,"{'fundamental_score': 5.55, 'technical_score': 0, 'confidence': 0}"
ETERNAL.NS,311.79998779296875,InvestmentDecision.AVOID,0,0,"{'fundamental_score': 5.5, 'technical_score': 0, 'confidence': 0}"
BEL.NS,387.54998779296875,InvestmentDecision.AVOID,0,0,"{'fundamental_score': 8.2, 'technical_score': 0, 'confidence': 0}"
ADANIENT.NS,3024.5,InvestmentDecision.AVOID,0,0,"{'fundamental_score': 5.6, 'technical_score': 0, 'confidence': 0}"
DMART.NS,3848.10009765625,InvestmentDecision.AVOID,0,0,"{'fundamental_score': 5.9, 'technical_score': 0, 'confidence': 0}"
JSWSTEEL.NS,1246.9000244140625,InvestmentDecision.AVOID,0,0,"{'fundamental_score': 5.199999999999999, 'technical_score': 0, 'confidence': 0}"
ADANIPOWER.NS,209.52000427246094,InvestmentDecision.AVOID,0,0,"{'fundamental_score': 7.75, 'technical_score': 0, 'confidence': 0}"
WIPRO.NS,183.61000061035156,InvestmentDecision.AVOID,0,0,"{'fundamental_score': 3.5, 'technical_score': 0, 'confidence': 0}"
ASIANPAINT.NS,2758.39990234375,InvestmentDecision.AVOID,0,0,"{'fundamental_score': 5.5, 'technical_score': 0, 'confidence': 0}"
BAJAJ-AUTO.NS,11338.0,InvestmentDecision.AVOID,0,0,"{'fundamental_score': 6.65, 'technical_score': 0, 'confidence': 0}"
NESTLEIND.NS,1503.300048828125,InvestmentDecision.AVOID,0,0,"{'fundamental_score': 6.7, 'technical_score': 0, 'confidence': 0}"
INDIGO.NS,5276.5,InvestmentDecision.AVOID,0,0,"{'fundamental_score': 6.0, 'technical_score': 0, 'confidence': 0}"
TATASTEEL.NS,187.27000427246094,InvestmentDecision.AVOID,0,0,"{'fundamental_score': 5.05, 'technical_score': 0, 'confidence': 0}"
TMPV.NS,329.79998779296875,InvestmentDecision.AVOID,0,0,"{'fundamental_score': 5.3500000000000005, 'technical_score': 0, 'confidence': 0}"
HINDZINC.NS,526.9000244140625,InvestmentDecision.AVOID,0,0,"{'fundamental_score': 8.2, 'technical_score': 0, 'confidence': 0}"
JIOFIN.NS,249.47999572753906,InvestmentDecision.AVOID,0,0,"{'fundamental_score': 7.4, 'technical_score': 0, 'confidence': 0}"
HYUNDAI.NS,2001.9000244140625,InvestmentDecision.AVOID,0,0,"{'fundamental_score': 6.3, 'technical_score': 0, 'confidence': 0}"
GRASIM.NS,3116.199951171875,InvestmentDecision.AVOID,0,0,"{'fundamental_score': 0.6, 'technical_score': 0, 'confidence': 0}"
SBILIFE.NS,1889.0999755859375,InvestmentDecision.AVOID,0,0,"{'fundamental_score': 5.500000000000001, 'technical_score': 0, 'confidence': 0}"
VEDL.NS,264.5,InvestmentDecision.AVOID,0,0,"{'fundamental_score': 4.0, 'technical_score': 0, 'confidence': 0}"
DLF.NS,663.0499877929688,InvestmentDecision.AVOID,0,0,"{'fundamental_score': 7.2, 'technical_score': 0, 'confidence': 0}"
EICHERMOT.NS,7836.0,InvestmentDecision.AVOID,0,0,"{'fundamental_score': 4.0, 'technical_score': 0, 'confidence': 0}"
TRENT.NS,3005.199951171875,InvestmentDecision.AVOID,0,0,"{'fundamental_score': 6.3, 'technical_score': 0, 'confidence': 0}"
HINDALCO.NS,962.4500122070312,InvestmentDecision.AVOID,0,0,"{'fundamental_score': 5.25, 'technical_score': 0, 'confidence': 0}"
DIVISLAB.NS,7425.0,InvestmentDecision.AVOID,0,0,"{'fundamental_score': 3.5, 'technical_score': 0, 'confidence': 0}"
HDFCLIFE.NS,556.7000122070312,InvestmentDecision.AVOID,0,0,"{'fundamental_score': 5.1000000000000005, 'technical_score': 0, 'confidence': 0}"
IRFC.NS,89.12999725341797,InvestmentDecision.AVOID,0,0,"{'fundamental_score': 5.5, 'technical_score': 0, 'confidence': 0}"
ADANIGREEN.NS,1373.0999755859375,InvestmentDecision.AVOID,0,0,"{'fundamental_score': 6.1, 'technical_score': 0, 'confidence': 0}"
VBL.NS,447.20001220703125,InvestmentDecision.AVOID,0,0,"{'fundamental_score': 6.800000000000001, 'technical_score': 0, 'confidence': 0}"
TVSMOTOR.NS,4075.60009765625,InvestmentDecision.AVOID,0,0,"{'fundamental_score': 4.4, 'technical_score': 0, 'confidence': 0}"
PIDILITIND.NS,1619.5999755859375,InvestmentDecision.AVOID,0,0,"{'fundamental_score': 8.4, 'technical_score': 0, 'confidence': 0}"
TECHM.NS,1635.199951171875,InvestmentDecision.AVOID,0,0,"{'fundamental_score': 6.1, 'technical_score': 0, 'confidence': 0}"
BAJAJHLDNG.NS,10831.0,InvestmentDecision.AVOID,0,0,"{'fundamental_score': 7.000000000000001, 'technical_score': 0, 'confidence': 0}"
BRITANNIA.NS,5478.5,InvestmentDecision.AVOID,0,0,"{'fundamental_score': 7.199999999999999, 'technical_score': 0, 'confidence': 0}"
AMBUJACEM.NS,426.0,InvestmentDecision.AVOID,0,0,"{'fundamental_score': 6.7, 'technical_score': 0, 'confidence': 0}"
CHOLAFIN.NS,1802.9000244140625,InvestmentDecision.AVOID,0,0,"{'fundamental_score': 6.300000000000001, 'technical_score': 0, 'confidence': 0}"
SHRIRAMFIN.NS,1040.9000244140625,InvestmentDecision.AVOID,0,0,"{'fundamental_score': 6.300000000000001, 'technical_score': 0, 'confidence': 0}"
PNB.NS,111.6500015258789,InvestmentDecision.AVOID,0,0,"{'fundamental_score': 7.000000000000001, 'technical_score': 0, 'confidence': 0}"
PFC.NS,427.1000061035156,InvestmentDecision.AVOID,0,0,"{'fundamental_score': 6.300000000000001, 'technical_score': 0, 'confidence': 0}"
SOLARINDS.NS,18244.0,InvestmentDecision.AVOID,0,0,"{'fundamental_score': 8.4, 'technical_score': 0, 'confidence': 0}"
MUTHOOTFIN.NS,3014.39990234375,InvestmentDecision.AVOID,0,0,"{'fundamental_score': 6.300000000000001, 'technical_score': 0, 'confidence': 0}"
TATAPOWER.NS,377.25,InvestmentDecision.AVOID,0,0,"{'fundamental_score': 5.2, 'technical_score': 0, 'confidence': 0}"
CIPLA.NS,1474.300048828125,InvestmentDecision.AVOID,0,0,"{'fundamental_score': 6.1, 'technical_score': 0, 'confidence': 0}"
TORNTPHARM.NS,4898.2998046875,InvestmentDecision.AVOID,0,0,"{'fundamental_score': 7.45, 'technical_score': 0, 'confidence': 0}"
GODREJCP.NS,1066.9000244140625,InvestmentDecision.AVOID,0,0,"{'fundamental_score': 6.800000000000001, 'technical_score': 0, 'confidence': 0}"
LODHA.NS,1316.3499755859375,InvestmentDecision.AVOID,0,0,"{'fundamental_score': 8.2, 'technical_score': 0, 'confidence': 0}"
HDFCAMC.NS,2541.89990234375,InvestmentDecision.AVOID,0,0,"{'fundamental_score': 7.4, 'technical_score': 0, 'confidence': 0}"
GAIL.NS,175.14999389648438,InvestmentDecision.AVOID,0,0,"{'fundamental_score': 4.7, 'technical_score': 0, 'confidence': 0}"
CANBK.NS,124.23999786376953,InvestmentDecision.AVOID,0,0,"{'fundamental_score': 7.4, 'technical_score': 0, 'confidence': 0}"
MAXHEALTH.NS,1104.800048828125,InvestmentDecision.AVOID,0,0,"{'fundamental_score': 7.4, 'technical_score': 0, 'confidence': 0}"
ENRIN.NS,3170.699951171875,InvestmentDecision.AVOID,0,0,"{'fundamental_score': 7.6, 'technical_score': 0, 'confidence': 0}"
SIEMENS.NS,3663.0,InvestmentDecision.AVOID,0,0,"{'fundamental_score': 6.7, 'technical_score': 0, 'confidence': 0}"
MAZDOCK.NS,2307.800048828125,InvestmentDecision.AVOID,0,0,"{'fundamental_score': 8.7, 'technical_score': 0, 'confidence': 0}"
BOSCHLTD.NS,41310.0,InvestmentDecision.AVOID,0,0,"{'fundamental_score': 7.199999999999999, 'technical_score': 0, 'confidence': 0}"
ABB.NS,7243.5,InvestmentDecision.AVOID,0,0,"{'fundamental_score': 8.2, 'technical_score': 0, 'confidence': 0}"
MOTHERSON.NS,146.0,InvestmentDecision.AVOID,0,0,"{'fundamental_score': 5.1000000000000005, 'technical_score': 0, 'confidence': 0}"
CUMMINSIND.NS,5383.0,InvestmentDecision.AVOID,0,0,"{'fundamental_score': 8.7, 'technical_score': 0, 'confidence': 0}"
TATACONSUM.NS,1096.0999755859375,InvestmentDecision.AVOID,0,0,"{'fundamental_score': 4.7, 'technical_score': 0, 'confidence': 0}"
POLYCAB.NS,9121.5,InvestmentDecision.AVOID,0,0,"{'fundamental_score': 7.2, 'technical_score': 0, 'confidence': 0}"
CGPOWER.NS,829.5,InvestmentDecision.AVOID,0,0,"{'fundamental_score': 5.5, 'technical_score': 0, 'confidence': 0}"
UNIONBANK.NS,171.0800018310547,InvestmentDecision.AVOID,0,0,"{'fundamental_score': 7.4, 'technical_score': 0, 'confidence': 0}"
ADANIENSOL.NS,1667.800048828125,InvestmentDecision.AVOID,0,0,"{'fundamental_score': 5.2, 'technical_score': 0, 'confidence': 0}"
APOLLOHOSP.NS,8903.0,InvestmentDecision.AVOID,0,0,"{'fundamental_score': 3.55, 'technical_score': 0, 'confidence': 0}"
INDHOTEL.NS,734.7000122070312,InvestmentDecision.AVOID,0,0,"{'fundamental_score': 7.4, 'technical_score': 0, 'confidence': 0}"
HEROMOTOCO.NS,5154.2998046875,InvestmentDecision.AVOID,0,0,"{'fundamental_score': 7.199999999999999, 'technical_score': 0, 'confidence': 0}"
DRREDDY.NS,1135.5999755859375,InvestmentDecision.AVOID,0,0,"{'fundamental_score': 4.7, 'technical_score': 0, 'confidence': 0}"
SHREECEM.NS,26875.0,InvestmentDecision.AVOID,0,0,"{'fundamental_score': 7.6, 'technical_score': 0, 'confidence': 0}"
JINDALSTEL.NS,1088.699951171875,InvestmentDecision.AVOID,0,0,"{'fundamental_score': 6.7, 'technical_score': 0, 'confidence': 0}"
IDBI.NS,84.13999938964844,InvestmentDecision.AVOID,0,0,"{'fundamental_score': 7.000000000000001, 'technical_score': 0, 'confidence': 0}"
SWIGGY.NS,287.3399963378906,InvestmentDecision.AVOID,0,0,"{'fundamental_score': 4.300000000000001, 'technical_score': 0, 'confidence': 0}"
BSE.NS,3541.39990234375,InvestmentDecision.AVOID,0,0,"{'fundamental_score': 7.8, 'technical_score': 0, 'confidence': 0}"
MANKIND.NS,2592.699951171875,InvestmentDecision.AVOID,0,0,"{'fundamental_score': 7.1, 'technical_score': 0, 'confidence': 0}"
INDIANB.NS,827.7000122070312,InvestmentDecision.AVOID,0,0,"{'fundamental_score': 7.4, 'technical_score': 0, 'confidence': 0}"
INDUSTOWER.NS,381.6000061035156,InvestmentDecision.AVOID,0,0,"{'fundamental_score': 7.75, 'technical_score': 0, 'confidence': 0}"
UNITDSPR.NS,1508.800048828125,InvestmentDecision.AVOID,0,0,"{'fundamental_score': 6.800000000000001, 'technical_score': 0, 'confidence': 0}"
GMRAIRPORT.NS,107.95999908447266,InvestmentDecision.AVOID,0,0,"{'fundamental_score': 6.7, 'technical_score': 0, 'confidence': 0}"
RECLTD.NS,374.25,InvestmentDecision.AVOID,0,0,"{'fundamental_score': 5.9, 'technical_score': 0, 'confidence': 0}"
ZYDUSLIFE.NS,1122.699951171875,InvestmentDecision.AVOID,0,0,"{'fundamental_score': 8.7, 'technical_score': 0, 'confidence': 0}"
ICICIGI.NS,1683.800048828125,InvestmentDecision.AVOID,0,0,"{'fundamental_score': 5.500000000000001, 'technical_score': 0, 'confidence': 0}"
DIXON.NS,14275.0,InvestmentDecision.AVOID,0,0,"{'fundamental_score': 7.2, 'technical_score': 0, 'confidence': 0}"
IDEA.NS,13.050000190734863,InvestmentDecision.AVOID,0,0,"{'fundamental_score': 8.2, 'technical_score': 0, 'confidence': 0}"
HAVELLS.NS,1227.0999755859375,InvestmentDecision.AVOID,0,0,"{'fundamental_score': 6.7, 'technical_score': 0, 'confidence': 0}"
MARICO.NS,883.25,InvestmentDecision.AVOID,0,0,"{'fundamental_score': 7.199999999999999, 'technical_score': 0, 'confidence': 0}"
HINDPETRO.NS,392.75,InvestmentDecision.AVOID,0,0,"{'fundamental_score': 5.45, 'technical_score': 0, 'confidence': 0}"
WAAREEENER.NS,2694.300048828125,InvestmentDecision.AVOID,0,0,"{'fundamental_score': 8.1, 'technical_score': 0, 'confidence': 0}"
BAJAJHFL.NS,87.62999725341797,InvestmentDecision.AVOID,0,0,"{'fundamental_score': 5.5, 'technical_score': 0, 'confidence': 0}"
DABUR.NS,424.6000061035156,InvestmentDecision.AVOID,0,0,"{'fundamental_score': 6.800000000000001, 'technical_score': 0, 'confidence': 0}"
LUPIN.NS,2447.0,InvestmentDecision.AVOID,0,0,"{'fundamental_score': 4.0, 'technical_score': 0, 'confidence': 0}"
JSWENERGY.NS,544.25,InvestmentDecision.AVOID,0,0,"{'fundamental_score': 5.2, 'technical_score': 0, 'confidence': 0}"
ICICIPRULI.NS,510.1000061035156,InvestmentDecision.AVOID,0,0,"{'fundamental_score': 5.500000000000001, 'technical_score': 0, 'confidence': 0}"
PERSISTENT.NS,5483.2998046875,InvestmentDecision.AVOID,0,0,"{'fundamental_score': 8.1, 'technical_score': 0, 'confidence': 0}"
BHARTIHEXA.NS,1604.5999755859375,InvestmentDecision.AVOID,0,0,"{'fundamental_score': 8.25, 'technical_score': 0, 'confidence': 0}"
NAUKRI.NS,1236.1500244140625,InvestmentDecision.AVOID,0,0,"{'fundamental_score': 6.2, 'technical_score': 0, 'confidence': 0}"
SRF.NS,2633.39990234375,InvestmentDecision.AVOID,0,0,"{'fundamental_score': 7.6, 'technical_score': 0, 'confidence': 0}"
POWERINDIA.NS,31130.0,InvestmentDecision.AVOID,0,0,"{'fundamental_score': 8.1, 'technical_score': 0, 'confidence': 0}"
NTPCGREEN.NS,91.4800033569336,InvestmentDecision.AVOID,0,0,"{'fundamental_score': 6.7, 'technical_score': 0, 'confidence': 0}"
NHPC.NS,77.9000015258789,InvestmentDecision.AVOID,0,0,"{'fundamental_score': 6.300000000000001, 'technical_score': 0, 'confidence': 0}"
POLICYBZR.NS,1583.300048828125,InvestmentDecision.AVOID,0,0,"{'fundamental_score': 5.1000000000000005, 'technical_score': 0, 'confidence': 0}"
SBICARD.NS,654.9000244140625,InvestmentDecision.AVOID,0,0,"{'fundamental_score': 5.9, 'technical_score': 0, 'confidence': 0}"
ASHOKLEY.NS,157.9600067138672,InvestmentDecision.AVOID,0,0,"{'fundamental_score': 5.7, 'technical_score': 0, 'confidence': 0}"
SUZLON.NS,47.45000076293945,InvestmentDecision.AVOID,0,0,"{'fundamental_score': 8.7, 'technical_score': 0, 'confidence': 0}"
ABCAPITAL.NS,391.3500061035156,InvestmentDecision.AVOID,0,0,"{'fundamental_score': 3.6000000000000005, 'technical_score': 0, 'confidence': 0}"
PAYTM.NS,1307.9000244140625,InvestmentDecision.AVOID,0,0,"{'fundamental_score': 6.7, 'technical_score': 0, 'confidence': 0}"
IOB.NS,33.790000915527344,InvestmentDecision.AVOID,0,0,"{'fundamental_score': 7.4, 'technical_score': 0, 'confidence': 0}"
OFSS.NS,11427.0,InvestmentDecision.AVOID,0,0,"{'fundamental_score': 8.2, 'technical_score': 0, 'confidence': 0}"
GVT&D.NS,4101.60009765625,InvestmentDecision.AVOID,0,0,"{'fundamental_score': 8.7, 'technical_score': 0, 'confidence': 0}"
RVNL.NS,224.8300018310547,InvestmentDecision.AVOID,0,0,"{'fundamental_score': 4.7, 'technical_score': 0, 'confidence': 0}"
PRESTIGE.NS,1682.300048828125,InvestmentDecision.AVOID,0,0,"{'fundamental_score': 3.8000000000000003, 'technical_score': 0, 'confidence': 0}"
LLOYDSME.NS,2051.300048828125,InvestmentDecision.AVOID,0,0,"{'fundamental_score': 7.8, 'technical_score': 0, 'confidence': 0}"
UNOMINDA.NS,1163.9000244140625,InvestmentDecision.AVOID,0,0,"{'fundamental_score': 6.3, 'technical_score': 0, 'confidence': 0}"
FORTIS.NS,945.4500122070312,InvestmentDecision.AVOID,0,0,"{'fundamental_score': 5.7, 'technical_score': 0, 'confidence': 0}"
NYKAA.NS,329.6000061035156,InvestmentDecision.AVOID,0,0,"{'fundamental_score': 5.050000000000001, 'technical_score': 0, 'confidence': 0}"
OIL.NS,444.6000061035156,InvestmentDecision.AVOID,0,0,"{'fundamental_score': 6.550000000000001, 'technical_score': 0, 'confidence': 0}"
ATGL.NS,645.5499877929688,InvestmentDecision.AVOID,0,0,"{'fundamental_score': 6.25, 'technical_score': 0, 'confidence': 0}"
COROMANDEL.NS,2026.800048828125,InvestmentDecision.AVOID,0,0,"{'fundamental_score': 6.7, 'technical_score': 0, 'confidence': 0}"
GICRE.NS,358.95001220703125,InvestmentDecision.AVOID,0,0,"{'fundamental_score': 6.6000000000000005, 'technical_score': 0, 'confidence': 0}"
YESBANK.NS,22.84000015258789,InvestmentDecision.AVOID,0,0,"{'fundamental_score': 5.800000000000001, 'technical_score': 0, 'confidence': 0}"
VMM.NS,108.23999786376953,InvestmentDecision.AVOID,0,0,"{'fundamental_score': 5.9, 'technical_score': 0, 'confidence': 0}"
TORNTPOWER.NS,1431.0999755859375,InvestmentDecision.AVOID,0,0,"{'fundamental_score': 5.75, 'technical_score': 0, 'confidence': 0}"
AUROPHARMA.NS,1549.199951171875,InvestmentDecision.AVOID,0,0,"{'fundamental_score': 2.5, 'technical_score': 0, 'confidence': 0}"
NMDC.NS,85.8499984741211,InvestmentDecision.AVOID,0,0,"{'fundamental_score': 8.7, 'technical_score': 0, 'confidence': 0}"
ALKEM.NS,5651.5,InvestmentDecision.AVOID,0,0,"{'fundamental_score': 7.9, 'technical_score': 0, 'confidence': 0}"
BERGEPAINT.NS,499.3500061035156,InvestmentDecision.AVOID,0,0,"{'fundamental_score': 6.7, 'technical_score': 0, 'confidence': 0}"
MRF.NS,133140.0,InvestmentDecision.AVOID,0,0,"{'fundamental_score': 5.5, 'technical_score': 0, 'confidence': 0}"
PATANJALI.NS,357.1499938964844,InvestmentDecision.AVOID,0,0,"{'fundamental_score': 5.500000000000001, 'technical_score': 0, 'confidence': 0}"
GODREJPROP.NS,2136.60009765625,InvestmentDecision.AVOID,0,0,"{'fundamental_score': 6.75, 'technical_score': 0, 'confidence': 0}"
HDBFS.NS,679.7000122070312,InvestmentDecision.AVOID,0,0,"{'fundamental_score': 5.9, 'technical_score': 0, 'confidence': 0}"
LTF.NS,309.1499938964844,InvestmentDecision.AVOID,0,0,"{'fundamental_score': 5.9, 'technical_score': 0, 'confidence': 0}"
JSWINFRA.NS,316.54998779296875,InvestmentDecision.AVOID,0,0,"{'fundamental_score': 7.75, 'technical_score': 0, 'confidence': 0}"
SCHAEFFLER.NS,4144.60009765625,InvestmentDecision.AVOID,0,0,"{'fundamental_score': 6.3, 'technical_score': 0, 'confidence': 0}"
INDUSINDBK.NS,1012.2999877929688,InvestmentDecision.AVOID,0,0,"{'fundamental_score': 5.9, 'technical_score': 0, 'confidence': 0}"
JSL.NS,724.2999877929688,InvestmentDecision.AVOID,0,0,"{'fundamental_score': 6.7, 'technical_score': 0, 'confidence': 0}"
AUBANK.NS,1047.699951171875,InvestmentDecision.AVOID,0,0,"{'fundamental_score': 7.4, 'technical_score': 0, 'confidence': 0}"
COLPAL.NS,2138.10009765625,InvestmentDecision.AVOID,0,0,"{'fundamental_score': 7.8, 'technical_score': 0, 'confidence': 0}"
OBEROIRLTY.NS,1829.5,InvestmentDecision.AVOID,0,0,"{'fundamental_score': 8.2, 'technical_score': 0, 'confidence': 0}"
BHARATFORG.NS,2162.699951171875,InvestmentDecision.AVOID,0,0,"{'fundamental_score': 4.65, 'technical_score': 0, 'confidence': 0}"
FACT.NS,817.0,InvestmentDecision.AVOID,0,0,"{'fundamental_score': 5.2, 'technical_score': 0, 'confidence': 0}"
COFORGE.NS,1714.9000244140625,InvestmentDecision.AVOID,0,0,"{'fundamental_score': 6.7, 'technical_score': 0, 'confidence': 0}"
PHOENIXLTD.NS,1910.5,InvestmentDecision.AVOID,0,0,"{'fundamental_score': 8.2, 'technical_score': 0, 'confidence': 0}"
BANKINDIA.NS,137.64999389648438,InvestmentDecision.AVOID,0,0,"{'fundamental_score': 7.000000000000001, 'technical_score': 0, 'confidence': 0}"
TIINDIA.NS,2825.300048828125,InvestmentDecision.AVOID,0,0,"{'fundamental_score': 6.7, 'technical_score': 0, 'confidence': 0}"
IRCTC.NS,496.0,InvestmentDecision.AVOID,0,0,"{'fundamental_score': 7.8, 'technical_score': 0, 'confidence': 0}"
BDL.NS,1271.0,InvestmentDecision.AVOID,0,0,"{'fundamental_score': 6.9, 'technical_score': 0, 'confidence': 0}"
UPL.NS,609.1500244140625,InvestmentDecision.AVOID,0,0,"{'fundamental_score': 4.25, 'technical_score': 0, 'confidence': 0}"
IDFCFIRSTB.NS,85.0199966430664,InvestmentDecision.AVOID,0,0,"{'fundamental_score': 7.4, 'technical_score': 0, 'confidence': 0}"
PIIND.NS,2706.60009765625,InvestmentDecision.AVOID,0,0,"{'fundamental_score': 7.7, 'technical_score': 0, 'confidence': 0}"
MOTILALOFS.NS,855.25,InvestmentDecision.AVOID,0,0,"{'fundamental_score': 5.9, 'technical_score': 0, 'confidence': 0}"
GLENMARK.NS,2184.60009765625,InvestmentDecision.AVOID,0,0,"{'fundamental_score': 6.2, 'technical_score': 0, 'confidence': 0}"
MFSL.NS,1506.699951171875,InvestmentDecision.AVOID,0,0,"{'fundamental_score': 4.300000000000001, 'technical_score': 0, 'confidence': 0}"
SAIL.NS,170.9600067138672,InvestmentDecision.AVOID,0,0,"{'fundamental_score': 6.25, 'technical_score': 0, 'confidence': 0}"
FEDERALBNK.NS,359.1499938964844,InvestmentDecision.AVOID,0,0,"{'fundamental_score': 7.4, 'technical_score': 0, 'confidence': 0}"
NAM-INDIA.NS,1150.300048828125,InvestmentDecision.AVOID,0,0,"{'fundamental_score': 7.4, 'technical_score': 0, 'confidence': 0}"
MPHASIS.NS,2361.300048828125,InvestmentDecision.AVOID,0,0,"{'fundamental_score': 6.7, 'technical_score': 0, 'confidence': 0}"
KALYANKJIL.NS,628.5999755859375,InvestmentDecision.AVOID,0,0,"{'fundamental_score': 5.8500000000000005, 'technical_score': 0, 'confidence': 0}"
LINDEINDIA.NS,6667.5,InvestmentDecision.AVOID,0,0,"{'fundamental_score': 7.7, 'technical_score': 0, 'confidence': 0}"
SUNDARMFIN.NS,4422.10009765625,InvestmentDecision.AVOID,0,0,"{'fundamental_score': 5.5, 'technical_score': 0, 'confidence': 0}"
SUPREMEIND.NS,3395.39990234375,InvestmentDecision.AVOID,0,0,"{'fundamental_score': 6.7, 'technical_score': 0, 'confidence': 0}"
BIOCON.NS,432.45001220703125,InvestmentDecision.AVOID,0,0,"{'fundamental_score': 4.7, 'technical_score': 0, 'confidence': 0}"
TATACOMM.NS,1764.5,InvestmentDecision.AVOID,0,0,"{'fundamental_score': 5.2, 'technical_score': 0, 'confidence': 0}"
LAURUSLABS.NS,1781.300048828125,InvestmentDecision.AVOID,0,0,"{'fundamental_score': 7.9, 'technical_score': 0, 'confidence': 0}"
AIIL.NS,557.7000122070312,InvestmentDecision.AVOID,0,0,"{'fundamental_score': 7.4, 'technical_score': 0, 'confidence': 0}"
GODFRYPHLP.NS,2076.0,InvestmentDecision.AVOID,0,0,"{'fundamental_score': 7.4, 'technical_score': 0, 'confidence': 0}"
JKCEMENT.NS,5642.5,InvestmentDecision.AVOID,0,0,"{'fundamental_score': 6.25, 'technical_score': 0, 'confidence': 0}"
UBL.NS,1434.699951171875,InvestmentDecision.AVOID,0,0,"{'fundamental_score': 5.1000000000000005, 'technical_score': 0, 'confidence': 0}"
APLAPOLLO.NS,1869.800048828125,InvestmentDecision.AVOID,0,0,"{'fundamental_score': 7.2, 'technical_score': 0, 'confidence': 0}"
PAGEIND.NS,40370.0,InvestmentDecision.AVOID,0,0,"{'fundamental_score': 7.199999999999999, 'technical_score': 0, 'confidence': 0}"
GLAXO.NS,2632.60009765625,InvestmentDecision.AVOID,0,0,"{'fundamental_score': 8.7, 'technical_score': 0, 'confidence': 0}"
BALKRISIND.NS,2081.699951171875,InvestmentDecision.AVOID,0,0,"{'fundamental_score': 6.800000000000001, 'technical_score': 0, 'confidence': 0}"
ITCHOTELS.NS,161.00999450683594,InvestmentDecision.AVOID,0,0,"{'fundamental_score': 7.4, 'technical_score': 0, 'confidence': 0}"
COCHINSHIP.NS,1403.5999755859375,InvestmentDecision.AVOID,0,0,"{'fundamental_score': 7.1, 'technical_score': 0, 'confidence': 0}"
PREMIERENE.NS,1016.9000244140625,InvestmentDecision.AVOID,0,0,"{'fundamental_score': 8.25, 'technical_score': 0, 'confidence': 0}"
HEXT.NS,593.1500244140625,InvestmentDecision.AVOID,0,0,"{'fundamental_score': 7.2, 'technical_score': 0, 'confidence': 0}"
LTTS.NS,3599.300048828125,InvestmentDecision.AVOID,0,0,"{'fundamental_score': 6.7, 'technical_score': 0, 'confidence': 0}"
VOLTAS.NS,1311.0999755859375,InvestmentDecision.AVOID,0,0,"{'fundamental_score': 4.300000000000001, 'technical_score': 0, 'confidence': 0}"
360ONE.NS,1128.300048828125,InvestmentDecision.AVOID,0,0,"{'fundamental_score': 5.9, 'technical_score': 0, 'confidence': 0}"
MAHABANK.NS,80.7300033569336,InvestmentDecision.AVOID,0,0,"{'fundamental_score': 7.8, 'technical_score': 0, 'confidence': 0}"
PGHH.NS,8973.0,InvestmentDecision.AVOID,0,0,"{'fundamental_score': 6.1, 'technical_score': 0, 'confidence': 0}"
PETRONET.NS,277.79998779296875,InvestmentDecision.AVOID,0,0,"{'fundamental_score': 6.3, 'technical_score': 0, 'confidence': 0}"
IREDA.NS,120.81999969482422,InvestmentDecision.AVOID,0,0,"{'fundamental_score': 5.9, 'technical_score': 0, 'confidence': 0}"
ANTHEM.NS,783.9000244140625,InvestmentDecision.AVOID,0,0,"{'fundamental_score': 8.2, 'technical_score': 0, 'confidence': 0}"
CONCOR.NS,522.4000244140625,InvestmentDecision.AVOID,0,0,"{'fundamental_score': 7.6, 'technical_score': 0, 'confidence': 0}"
M&MFIN.NS,393.75,InvestmentDecision.AVOID,0,0,"{'fundamental_score': 4.0, 'technical_score': 0, 'confidence': 0}"
NATIONALUM.NS,344.70001220703125,InvestmentDecision.AVOID,0,0,"{'fundamental_score': 8.7, 'technical_score': 0, 'confidence': 0}"
DALBHARAT.NS,1811.199951171875,InvestmentDecision.AVOID,0,0,"{'fundamental_score': 6.7, 'technical_score': 0, 'confidence': 0}"
JUBLFOOD.NS,432.20001220703125,InvestmentDecision.AVOID,0,0,"{'fundamental_score': 5.9, 'technical_score': 0, 'confidence': 0}"
ESCORTS.NS,3009.89990234375,InvestmentDecision.AVOID,0,0,"{'fundamental_score': 7.7, 'technical_score': 0, 'confidence': 0}"
RADICO.NS,4373.7998046875,InvestmentDecision.AVOID,0,0,"{'fundamental_score': 5.9, 'technical_score': 0, 'confidence': 0}"
KAYNES.NS,3638.60009765625,InvestmentDecision.AVOID,0,0,"{'fundamental_score': 5.7, 'technical_score': 0, 'confidence': 0}"
FLUOROCHEM.NS,4487.5,InvestmentDecision.AVOID,0,0,"{'fundamental_score': 4.7, 'technical_score': 0, 'confidence': 0}"
ENDURANCE.NS,2707.10009765625,InvestmentDecision.AVOID,0,0,"{'fundamental_score': 5.9, 'technical_score': 0, 'confidence': 0}"
KEI.NS,4843.0,InvestmentDecision.AVOID,0,0,"{'fundamental_score': 6.2, 'technical_score': 0, 'confidence': 0}"
ASTRAL.NS,1476.300048828125,InvestmentDecision.AVOID,0,0,"{'fundamental_score': 6.2, 'technical_score': 0, 'confidence': 0}"
THERMAX.NS,4416.5,InvestmentDecision.AVOID,0,0,"{'fundamental_score': 6.2, 'technical_score': 0, 'confidence': 0}"
UCOBANK.NS,26.510000228881836,InvestmentDecision.AVOID,0,0,"{'fundamental_score': 5.800000000000001, 'technical_score': 0, 'confidence': 0}"
BLUESTARCO.NS,1645.199951171875,InvestmentDecision.AVOID,0,0,"{'fundamental_score': 6.7, 'technical_score': 0, 'confidence': 0}"
NH.NS,2072.800048828125,InvestmentDecision.AVOID,0,0,"{'fundamental_score': 6.3, 'technical_score': 0, 'confidence': 0}"
TATAINVEST.NS,654.2999877929688,InvestmentDecision.AVOID,0,0,"{'fundamental_score': 5.800000000000001, 'technical_score': 0, 'confidence': 0}"
GODREJIND.NS,1309.199951171875,InvestmentDecision.AVOID,0,0,"{'fundamental_score': 4.2, 'technical_score': 0, 'confidence': 0}"
POONAWALLA.NS,481.6000061035156,InvestmentDecision.AVOID,0,0,"{'fundamental_score': 5.9, 'technical_score': 0, 'confidence': 0}"
CRISIL.NS,4489.89990234375,InvestmentDecision.AVOID,0,0,"{'fundamental_score': 7.8, 'technical_score': 0, 'confidence': 0}"
KPRMILL.NS,1043.300048828125,InvestmentDecision.AVOID,0,0,"{'fundamental_score': 6.800000000000001, 'technical_score': 0, 'confidence': 0}"
CHOLAHLDNG.NS,1517.699951171875,InvestmentDecision.AVOID,0,0,"{'fundamental_score': 4.800000000000001, 'technical_score': 0, 'confidence': 0}"
3MINDIA.NS,35090.0,InvestmentDecision.AVOID,0,0,"{'fundamental_score': 7.2, 'technical_score': 0, 'confidence': 0}"
IPCALAB.NS,1789.0,InvestmentDecision.AVOID,0,0,"{'fundamental_score': 6.2, 'technical_score': 0, 'confidence': 0}"
APARINDS.NS,13480.0,InvestmentDecision.AVOID,0,0,"{'fundamental_score': 6.7, 'technical_score': 0, 'confidence': 0}"
SJVN.NS,69.0199966430664,InvestmentDecision.AVOID,0,0,"{'fundamental_score': 4.1, 'technical_score': 0, 'confidence': 0}"
MEDANTA.NS,1401.300048828125,InvestmentDecision.AVOID,0,0,"{'fundamental_score': 7.6, 'technical_score': 0, 'confidence': 0}"
ACC.NS,1370.800048828125,InvestmentDecision.AVOID,0,0,"{'fundamental_score': 6.7, 'technical_score': 0, 'confidence': 0}"
TATAELXSI.NS,3673.39990234375,InvestmentDecision.AVOID,0,0,"{'fundamental_score': 7.9, 'technical_score': 0, 'confidence': 0}"
NLCINDIA.NS,296.8999938964844,InvestmentDecision.AVOID,0,0,"{'fundamental_score': 7.75, 'technical_score': 0, 'confidence': 0}"
AWL.NS,189.91000366210938,InvestmentDecision.AVOID,0,0,"{'fundamental_score': 5.1000000000000005, 'technical_score': 0, 'confidence': 0}"
CENTRALBK.NS,31.190000534057617,InvestmentDecision.AVOID,0,0,"{'fundamental_score': 6.6000000000000005, 'technical_score': 0, 'confidence': 0}"
KPITTECH.NS,638.75,InvestmentDecision.AVOID,0,0,"{'fundamental_score': 7.2, 'technical_score': 0, 'confidence': 0}"
CDSL.NS,1345.0999755859375,InvestmentDecision.AVOID,0,0,"{'fundamental_score': 7.8, 'technical_score': 0, 'confidence': 0}"
DELHIVERY.NS,470.0,InvestmentDecision.AVOID,0,0,"{'fundamental_score': 4.7, 'technical_score': 0, 'confidence': 0}"
ASTERDM.NS,813.5,InvestmentDecision.AVOID,0,0,"{'fundamental_score': 5.7, 'technical_score': 0, 'confidence': 0}"
EXIDEIND.NS,435.6499938964844,InvestmentDecision.AVOID,0,0,"{'fundamental_score': 4.300000000000001, 'technical_score': 0, 'confidence': 0}"
GODIGIT.NS,253.14999389648438,InvestmentDecision.AVOID,0,0,"{'fundamental_score': 5.9, 'technical_score': 0, 'confidence': 0}"
HONAUT.NS,40105.0,InvestmentDecision.AVOID,0,0,"{'fundamental_score': 6.2, 'technical_score': 0, 'confidence': 0}"
AJANTPHARM.NS,3342.39990234375,InvestmentDecision.AVOID,0,0,"{'fundamental_score': 8.7, 'technical_score': 0, 'confidence': 0}"
METROBRAND.NS,1026.0,InvestmentDecision.AVOID,0,0,"{'fundamental_score': 6.75, 'technical_score': 0, 'confidence': 0}"
AIAENG.NS,4603.0,InvestmentDecision.AVOID,0,0,"{'fundamental_score': 8.2, 'technical_score': 0, 'confidence': 0}"
COHANCE.NS,425.75,InvestmentDecision.AVOID,0,0,"{'fundamental_score': 4.7, 'technical_score': 0, 'confidence': 0}"
LICHSGFIN.NS,545.7000122070312,InvestmentDecision.AVOID,0,0,"{'fundamental_score': 5.5, 'technical_score': 0, 'confidence': 0}"
GILLETTE.NS,7892.0,InvestmentDecision.AVOID,0,0,"{'fundamental_score': 7.8, 'technical_score': 0, 'confidence': 0}"
GLAND.NS,2543.699951171875,InvestmentDecision.AVOID,0,0,"{'fundamental_score': 6.9, 'technical_score': 0, 'confidence': 0}"
APOLLOTYRE.NS,423.8500061035156,InvestmentDecision.AVOID,0,0,"{'fundamental_score': 4.300000000000001, 'technical_score': 0, 'confidence': 0}"
NIACL.NS,163.07000732421875,InvestmentDecision.AVOID,0,0,"{'fundamental_score': 5.9, 'technical_score': 0, 'confidence': 0}"
NBCC.NS,94.5999984741211,InvestmentDecision.AVOID,0,0,"{'fundamental_score': 7.2, 'technical_score': 0, 'confidence': 0}"
ITI.NS,273.3999938964844,InvestmentDecision.AVOID,0,0,"{'fundamental_score': 7.6, 'technical_score': 0, 'confidence': 0}"
HINDCOPPER.NS,483.45001220703125,InvestmentDecision.AVOID,0,0,"{'fundamental_score': 8.7, 'technical_score': 0, 'confidence': 0}"
GRSE.NS,2626.10009765625,InvestmentDecision.AVOID,0,0,"{'fundamental_score': 7.2, 'technical_score': 0, 'confidence': 0}"
MSUMI.NS,41.52000045776367,InvestmentDecision.AVOID,0,0,"{'fundamental_score': 6.3, 'technical_score': 0, 'confidence': 0}"
IGL.NS,150.6999969482422,InvestmentDecision.AVOID,0,0,"{'fundamental_score': 6.2, 'technical_score': 0, 'confidence': 0}"
SONACOMS.NS,720.5,InvestmentDecision.AVOID,0,0,"{'fundamental_score': 6.800000000000001, 'technical_score': 0, 'confidence': 0}"
AEGISVOPAK.NS,292.4599914550781,InvestmentDecision.AVOID,0,0,"{'fundamental_score': 6.15, 'technical_score': 0, 'confidence': 0}"
KIMS.NS,798.3499755859375,InvestmentDecision.AVOID,0,0,"{'fundamental_score': 4.2, 'technical_score': 0, 'confidence': 0}"
TATATECH.NS,742.4000244140625,InvestmentDecision.AVOID,0,0,"{'fundamental_score': 6.7, 'technical_score': 0, 'confidence': 0}"
IKS.NS,1819.5999755859375,InvestmentDecision.AVOID,0,0,"{'fundamental_score': 8.7, 'technical_score': 0, 'confidence': 0}"
STARHEALTH.NS,584.0,InvestmentDecision.AVOID,0,0,"{'fundamental_score': 5.9, 'technical_score': 0, 'confidence': 0}"
JBCHEPHARM.NS,2408.89990234375,InvestmentDecision.AVOID,0,0,"{'fundamental_score': 8.4, 'technical_score': 0, 'confidence': 0}"
TVSHLTD.NS,14754.0,InvestmentDecision.AVOID,0,0,"{'fundamental_score': 4.4, 'technical_score': 0, 'confidence': 0}"
IRB.NS,19.979999542236328,InvestmentDecision.AVOID,0,0,"{'fundamental_score': 5.15, 'technical_score': 0, 'confidence': 0}"
SUMICHEM.NS,528.4000244140625,InvestmentDecision.AVOID,0,0,"{'fundamental_score': 7.9, 'technical_score': 0, 'confidence': 0}"
AFFLE.NS,1631.800048828125,InvestmentDecision.AVOID,0,0,"{'fundamental_score': 7.4, 'technical_score': 0, 'confidence': 0}"
AEGISLOG.NS,1282.5999755859375,InvestmentDecision.AVOID,0,0,"{'fundamental_score': 5.9, 'technical_score': 0, 'confidence': 0}"
NAVINFLUOR.NS,7512.5,InvestmentDecision.AVOID,0,0,"{'fundamental_score': 8.7, 'technical_score': 0, 'confidence': 0}"
SYNGENE.NS,414.25,InvestmentDecision.AVOID,0,0,"{'fundamental_score': 4.7, 'technical_score': 0, 'confidence': 0}"
BANDHANBNK.NS,173.5800018310547,InvestmentDecision.AVOID,0,0,"{'fundamental_score': 6.800000000000001, 'technical_score': 0, 'confidence': 0}"
EMCURE.NS,1892.199951171875,InvestmentDecision.AVOID,0,0,"{'fundamental_score': 7.2, 'technical_score': 0, 'confidence': 0}"
LALPATHLAB.NS,1877.5,InvestmentDecision.AVOID,0,0,"{'fundamental_score': 8.2, 'technical_score': 0, 'confidence': 0}"
AMBER.NS,7209.0,InvestmentDecision.AVOID,0,0,"{'fundamental_score': 4.300000000000001, 'technical_score': 0, 'confidence': 0}"
PPLPHARMA.NS,195.67999267578125,InvestmentDecision.AVOID,0,0,"{'fundamental_score': 4.25, 'technical_score': 0, 'confidence': 0}"
ZFCVINDIA.NS,2376.89990234375,InvestmentDecision.AVOID,0,0,"{'fundamental_score': 5.9, 'technical_score': 0, 'confidence': 0}"
NUVAMA.NS,1827.199951171875,InvestmentDecision.AVOID,0,0,"{'fundamental_score': 6.300000000000001, 'technical_score': 0, 'confidence': 0}"
MRPL.NS,160.02999877929688,InvestmentDecision.AVOID,0,0,"{'fundamental_score': 5.0, 'technical_score': 0, 'confidence': 0}"
RAMCOCEM.NS,908.5,InvestmentDecision.AVOID,0,0,"{'fundamental_score': 4.7, 'technical_score': 0, 'confidence': 0}"
SHYAMMETL.NS,1027.0,InvestmentDecision.AVOID,0,0,"{'fundamental_score': 6.7, 'technical_score': 0, 'confidence': 0}"
FSL.NS,293.5799865722656,InvestmentDecision.AVOID,0,0,"{'fundamental_score': 6.25, 'technical_score': 0, 'confidence': 0}"
EMAMILTD.NS,407.8500061035156,InvestmentDecision.AVOID,0,0,"{'fundamental_score': 7.8, 'technical_score': 0, 'confidence': 0}"
DEEPAKNTR.NS,1651.300048828125,InvestmentDecision.AVOID,0,0,"{'fundamental_score': 5.7, 'technical_score': 0, 'confidence': 0}"
INOXWIND.NS,75.94000244140625,InvestmentDecision.AVOID,0,0,"{'fundamental_score': 4.7, 'technical_score': 0, 'confidence': 0}"
EIHOTEL.NS,335.75,InvestmentDecision.AVOID,0,0,"{'fundamental_score': 7.000000000000001, 'technical_score': 0, 'confidence': 0}"
WOCKPHARMA.NS,1916.5,InvestmentDecision.AVOID,0,0,"{'fundamental_score': 4.7, 'technical_score': 0, 'confidence': 0}"
PTCIL.NS,17874.0,InvestmentDecision.AVOID,0,0,"{'fundamental_score': 5.9, 'technical_score': 0, 'confidence': 0}"
PFIZER.NS,4710.7001953125,InvestmentDecision.AVOID,0,0,"{'fundamental_score': 8.2, 'technical_score': 0, 'confidence': 0}"
ANANDRATHI.NS,2037.9000244140625,InvestmentDecision.AVOID,0,0,"{'fundamental_score': 7.4, 'technical_score': 0, 'confidence': 0}"
KIOCL.NS,361.3500061035156,InvestmentDecision.AVOID,0,0,"{'fundamental_score': 4.7, 'technical_score': 0, 'confidence': 0}"
MANAPPURAM.NS,361.25,InvestmentDecision.AVOID,0,0,"{'fundamental_score': 4.300000000000001, 'technical_score': 0, 'confidence': 0}"
PNBHOUSING.NS,1069.4000244140625,InvestmentDecision.AVOID,0,0,"{'fundamental_score': 5.5, 'technical_score': 0, 'confidence': 0}"
BRIGADE.NS,564.25,InvestmentDecision.AVOID,0,0,"{'fundamental_score': 5.25, 'technical_score': 0, 'confidence': 0}"
ABSLAMC.NS,999.2000122070312,InvestmentDecision.AVOID,0,0,"{'fundamental_score': 7.4, 'technical_score': 0, 'confidence': 0}"
TIMKEN.NS,3075.60009765625,InvestmentDecision.AVOID,0,0,"{'fundamental_score': 6.2, 'technical_score': 0, 'confidence': 0}"
HSCL.NS,749.6500244140625,InvestmentDecision.AVOID,0,0,"{'fundamental_score': 7.9, 'technical_score': 0, 'confidence': 0}"
FORCEMOT.NS,17334.0,InvestmentDecision.AVOID,0,0,"{'fundamental_score': 7.199999999999999, 'technical_score': 0, 'confidence': 0}"
WELCORP.NS,1643.0999755859375,InvestmentDecision.AVOID,0,0,"{'fundamental_score': 7.6, 'technical_score': 0, 'confidence': 0}"
ANGELONE.NS,302.5,InvestmentDecision.AVOID,0,0,"{'fundamental_score': 6.5, 'technical_score': 0, 'confidence': 0}"
TATACHEM.NS,674.2999877929688,InvestmentDecision.AVOID,0,0,"{'fundamental_score': 6.7, 'technical_score': 0, 'confidence': 0}"
ASAHIINDIA.NS,870.5999755859375,InvestmentDecision.AVOID,0,0,"{'fundamental_score': 4.65, 'technical_score': 0, 'confidence': 0}"
ASTRAZEN.NS,8071.5,InvestmentDecision.AVOID,0,0,"{'fundamental_score': 7.2, 'technical_score': 0, 'confidence': 0}"
ERIS.NS,1390.800048828125,InvestmentDecision.AVOID,0,0,"{'fundamental_score': 8.25, 'technical_score': 0, 'confidence': 0}"
CESC.NS,164.1199951171875,InvestmentDecision.AVOID,0,0,"{'fundamental_score': 4.7, 'technical_score': 0, 'confidence': 0}"
HBLENGINE.NS,708.0499877929688,InvestmentDecision.AVOID,0,0,"{'fundamental_score': 8.7, 'technical_score': 0, 'confidence': 0}"
SUNTV.NS,490.45001220703125,InvestmentDecision.AVOID,0,0,"{'fundamental_score': 7.2, 'technical_score': 0, 'confidence': 0}"
KARURVYSYA.NS,338.3999938964844,InvestmentDecision.AVOID,0,0,"{'fundamental_score': 7.4, 'technical_score': 0, 'confidence': 0}"
SAGILITY.NS,44.869998931884766,InvestmentDecision.AVOID,0,0,"{'fundamental_score': 7.6, 'technical_score': 0, 'confidence': 0}"
JYOTICNC.NS,806.4500122070312,InvestmentDecision.AVOID,0,0,"{'fundamental_score': 8.4, 'technical_score': 0, 'confidence': 0}"
KEC.NS,477.54998779296875,InvestmentDecision.AVOID,0,0,"{'fundamental_score': 5.25, 'technical_score': 0, 'confidence': 0}"
AADHARHFC.NS,497.8500061035156,InvestmentDecision.AVOID,0,0,"{'fundamental_score': 5.9, 'technical_score': 0, 'confidence': 0}"
IIFL.NS,582.3499755859375,InvestmentDecision.AVOID,0,0,"{'fundamental_score': 5.9, 'technical_score': 0, 'confidence': 0}"
REDINGTON.NS,287.45001220703125,InvestmentDecision.AVOID,0,0,"{'fundamental_score': 6.2, 'technical_score': 0, 'confidence': 0}"
HATSUN.NS,868.25,InvestmentDecision.AVOID,0,0,"{'fundamental_score': 5.45, 'technical_score': 0, 'confidence': 0}"
CREDITACC.NS,1590.4000244140625,InvestmentDecision.AVOID,0,0,"{'fundamental_score': 5.9, 'technical_score': 0, 'confidence': 0}"
URBANCO.NS,130.3000030517578,InvestmentDecision.AVOID,0,0,"{'fundamental_score': 4.7, 'technical_score': 0, 'confidence': 0}"
JSWHL.NS,10981.0,InvestmentDecision.AVOID,0,0,"{'fundamental_score': 7.4, 'technical_score': 0, 'confidence': 0}"
PSB.NS,23.709999084472656,InvestmentDecision.AVOID,0,0,"{'fundamental_score': 6.6000000000000005, 'technical_score': 0, 'confidence': 0}"
ONESOURCE.NS,1749.699951171875,InvestmentDecision.AVOID,0,0,"{'fundamental_score': 6.7, 'technical_score': 0, 'confidence': 0}"
KPIL.NS,1265.5,InvestmentDecision.AVOID,0,0,"{'fundamental_score': 6.2, 'technical_score': 0, 'confidence': 0}"
ATHERENERG.NS,1246.0999755859375,InvestmentDecision.AVOID,0,0,"{'fundamental_score': 4.300000000000001, 'technical_score': 0, 'confidence': 0}"
SUNDRMFAST.NS,960.9500122070312,InvestmentDecision.AVOID,0,0,"{'fundamental_score': 5.500000000000001, 'technical_score': 0, 'confidence': 0}"
ABREL.NS,1391.699951171875,InvestmentDecision.AVOID,0,0,"{'fundamental_score': 3.2, 'technical_score': 0, 'confidence': 0}"
OLAELEC.NS,37.11000061035156,InvestmentDecision.AVOID,0,0,"{'fundamental_score': 1.05, 'technical_score': 0, 'confidence': 0}"
CHALET.NS,844.1500244140625,InvestmentDecision.AVOID,0,0,"{'fundamental_score': 7.3500000000000005, 'technical_score': 0, 'confidence': 0}"
CHAMBLFERT.NS,438.3999938964844,InvestmentDecision.AVOID,0,0,"{'fundamental_score': 7.2, 'technical_score': 0, 'confidence': 0}"
ANANTRAJ.NS,613.4000244140625,InvestmentDecision.AVOID,0,0,"{'fundamental_score': 7.2, 'technical_score': 0, 'confidence': 0}"
ECLERX.NS,1897.699951171875,InvestmentDecision.AVOID,0,0,"{'fundamental_score': 8.4, 'technical_score': 0, 'confidence': 0}"
CASTROLIND.NS,184.05999755859375,InvestmentDecision.AVOID,0,0,"{'fundamental_score': 7.1000000000000005, 'technical_score': 0, 'confidence': 0}"
SCHNEIDER.NS,1280.9000244140625,InvestmentDecision.AVOID,0,0,"{'fundamental_score': 6.75, 'technical_score': 0, 'confidence': 0}"
POLYMED.NS,1647.699951171875,InvestmentDecision.AVOID,0,0,"{'fundamental_score': 6.9, 'technical_score': 0, 'confidence': 0}"
DCMSHRIRAM.NS,1049.9000244140625,InvestmentDecision.AVOID,0,0,"{'fundamental_score': 6.7, 'technical_score': 0, 'confidence': 0}"
BASF.NS,3700.199951171875,InvestmentDecision.AVOID,0,0,"{'fundamental_score': 5.7, 'technical_score': 0, 'confidence': 0}"
KANSAINER.NS,200.05999755859375,InvestmentDecision.AVOID,0,0,"{'fundamental_score': 4.7, 'technical_score': 0, 'confidence': 0}"
DEVYANI.NS,118.36000061035156,InvestmentDecision.AVOID,0,0,"{'fundamental_score': 2.8000000000000003, 'technical_score': 0, 'confidence': 0}"
NEULANDLAB.NS,18871.0,InvestmentDecision.AVOID,0,0,"{'fundamental_score': 6.7, 'technical_score': 0, 'confidence': 0}"
CROMPTON.NS,247.39999389648438,InvestmentDecision.AVOID,0,0,"{'fundamental_score': 4.300000000000001, 'technical_score': 0, 'confidence': 0}"
EIDPARRY.NS,768.0499877929688,InvestmentDecision.AVOID,0,0,"{'fundamental_score': 5.7, 'technical_score': 0, 'confidence': 0}"
CAMS.NS,800.2999877929688,InvestmentDecision.AVOID,0,0,"{'fundamental_score': 8.7, 'technical_score': 0, 'confidence': 0}"
KFINTECH.NS,948.7999877929688,InvestmentDecision.AVOID,0,0,"{'fundamental_score': 8.2, 'technical_score': 0, 'confidence': 0}"
RPOWER.NS,23.559999465942383,InvestmentDecision.AVOID,0,0,"{'fundamental_score': 4.25, 'technical_score': 0, 'confidence': 0}"
BIKAJI.NS,633.9500122070312,InvestmentDecision.AVOID,0,0,"{'fundamental_score': 5.9, 'technical_score': 0, 'confidence': 0}"
KAJARIACER.NS,1209.0999755859375,InvestmentDecision.AVOID,0,0,"{'fundamental_score': 6.7, 'technical_score': 0, 'confidence': 0}"
ATUL.NS,6650.0,InvestmentDecision.AVOID,0,0,"{'fundamental_score': 6.7, 'technical_score': 0, 'confidence': 0}"
SARDAEN.NS,510.20001220703125,InvestmentDecision.AVOID,0,0,"{'fundamental_score': 8.2, 'technical_score': 0, 'confidence': 0}"
APLLTD.NS,806.8499755859375,InvestmentDecision.AVOID,0,0,"{'fundamental_score': 6.2, 'technical_score': 0, 'confidence': 0}"
DEEPAKFERT.NS,1647.4000244140625,InvestmentDecision.AVOID,0,0,"{'fundamental_score': 5.25, 'technical_score': 0, 'confidence': 0}"
FIRSTCRY.NS,212.36000061035156,InvestmentDecision.AVOID,0,0,"{'fundamental_score': 4.300000000000001, 'technical_score': 0, 'confidence': 0}"
JSWCEMENT.NS,134.22000122070312,InvestmentDecision.AVOID,0,0,"{'fundamental_score': 4.25, 'technical_score': 0, 'confidence': 0}"
SAILIFE.NS,1315.9000244140625,InvestmentDecision.AVOID,0,0,"{'fundamental_score': 7.9, 'technical_score': 0, 'confidence': 0}"
CGCL.NS,226.5500030517578,InvestmentDecision.AVOID,0,0,"{'fundamental_score': 5.9, 'technical_score': 0, 'confidence': 0}"
ARE&M.NS,882.9000244140625,InvestmentDecision.AVOID,0,0,"{'fundamental_score': 5.7, 'technical_score': 0, 'confidence': 0}"
GRINDWELL.NS,2043.300048828125,InvestmentDecision.AVOID,0,0,"{'fundamental_score': 7.6, 'technical_score': 0, 'confidence': 0}"
VINATIORGA.NS,1300.9000244140625,InvestmentDecision.AVOID,0,0,"{'fundamental_score': 7.7, 'technical_score': 0, 'confidence': 0}"
SKFINDIA.NS,1469.4000244140625,InvestmentDecision.AVOID,0,0,"{'fundamental_score': 6.2, 'technical_score': 0, 'confidence': 0}"
MAHSCOOTER.NS,12733.0,InvestmentDecision.AVOID,0,0,"{'fundamental_score': 5.800000000000001, 'technical_score': 0, 'confidence': 0}"
JUBLPHARMA.NS,963.4500122070312,InvestmentDecision.AVOID,0,0,"{'fundamental_score': 4.25, 'technical_score': 0, 'confidence': 0}"
ZENSARTECH.NS,524.6500244140625,InvestmentDecision.AVOID,0,0,"{'fundamental_score': 7.6, 'technical_score': 0, 'confidence': 0}"
FIVESTAR.NS,568.5499877929688,InvestmentDecision.AVOID,0,0,"{'fundamental_score': 6.5, 'technical_score': 0, 'confidence': 0}"
TRITURBINE.NS,609.3499755859375,InvestmentDecision.AVOID,0,0,"{'fundamental_score': 8.4, 'technical_score': 0, 'confidence': 0}"
CARBORUNIV.NS,1061.5,InvestmentDecision.AVOID,0,0,"{'fundamental_score': 4.7, 'technical_score': 0, 'confidence': 0}"
RBLBANK.NS,364.8999938964844,InvestmentDecision.AVOID,0,0,"{'fundamental_score': 5.9, 'technical_score': 0, 'confidence': 0}"
RATNAMANI.NS,2356.5,InvestmentDecision.AVOID,0,0,"{'fundamental_score': 6.2, 'technical_score': 0, 'confidence': 0}"
PGEL.NS,612.4500122070312,InvestmentDecision.AVOID,0,0,"{'fundamental_score': 4.7, 'technical_score': 0, 'confidence': 0}"
VENTIVE.NS,619.25,InvestmentDecision.AVOID,0,0,"{'fundamental_score': 5.500000000000001, 'technical_score': 0, 'confidence': 0}"
NAVA.NS,552.2999877929688,InvestmentDecision.AVOID,0,0,"{'fundamental_score': 7.2, 'technical_score': 0, 'confidence': 0}"
CUB.NS,238.13999938964844,InvestmentDecision.AVOID,0,0,"{'fundamental_score': 7.000000000000001, 'technical_score': 0, 'confidence': 0}"
CENTURYPLY.NS,791.1500244140625,InvestmentDecision.AVOID,0,0,"{'fundamental_score': 5.25, 'technical_score': 0, 'confidence': 0}"
BEML.NS,1781.4000244140625,InvestmentDecision.AVOID,0,0,"{'fundamental_score': 4.7, 'technical_score': 0, 'confidence': 0}"
MANYAVAR.NS,409.45001220703125,InvestmentDecision.AVOID,0,0,"{'fundamental_score': 7.4, 'technical_score': 0, 'confidence': 0}"
ABLBL.NS,93.87000274658203,InvestmentDecision.AVOID,0,0,"{'fundamental_score': 4.0, 'technical_score': 0, 'confidence': 0}"
NETWEB.NS,4364.10009765625,InvestmentDecision.AVOID,0,0,"{'fundamental_score': 6.7, 'technical_score': 0, 'confidence': 0}"
TBOTEK.NS,1508.5999755859375,InvestmentDecision.AVOID,0,0,"{'fundamental_score': 5.9, 'technical_score': 0, 'confidence': 0}"
CONCORDBIO.NS,1256.0999755859375,InvestmentDecision.AVOID,0,0,"{'fundamental_score': 7.7, 'technical_score': 0, 'confidence': 0}"
TRAVELFOOD.NS,1287.5,InvestmentDecision.AVOID,0,0,"{'fundamental_score': 7.8, 'technical_score': 0, 'confidence': 0}"
CPPLUS.NS,3431.199951171875,InvestmentDecision.AVOID,0,0,"{'fundamental_score': 7.2, 'technical_score': 0, 'confidence': 0}"
UTIAMC.NS,915.0499877929688,InvestmentDecision.AVOID,0,0,"{'fundamental_score': 7.4, 'technical_score': 0, 'confidence': 0}"
SOBHA.NS,1344.4000244140625,InvestmentDecision.AVOID,0,0,"{'fundamental_score': 6.7, 'technical_score': 0, 'confidence': 0}"
LMW.NS,15849.0,InvestmentDecision.AVOID,0,0,"{'fundamental_score': 6.7, 'technical_score': 0, 'confidence': 0}"
ACMESOLAR.NS,355.5,InvestmentDecision.AVOID,0,0,"{'fundamental_score': 5.7, 'technical_score': 0, 'confidence': 0}"
IRCON.NS,126.66999816894531,InvestmentDecision.AVOID,0,0,"{'fundamental_score': 5.25, 'technical_score': 0, 'confidence': 0}"
GABRIEL.NS,1407.800048828125,InvestmentDecision.AVOID,0,0,"{'fundamental_score': 5.9, 'technical_score': 0, 'confidence': 0}"
GMDCLTD.NS,574.25,InvestmentDecision.AVOID,0,0,"{'fundamental_score': 7.000000000000001, 'technical_score': 0, 'confidence': 0}"
CRAFTSMAN.NS,9913.0,InvestmentDecision.AVOID,0,0,"{'fundamental_score': 4.6000000000000005, 'technical_score': 0, 'confidence': 0}"
ELGIEQUIP.NS,569.4500122070312,InvestmentDecision.AVOID,0,0,"{'fundamental_score': 7.2, 'technical_score': 0, 'confidence': 0}"
NATCOPHARM.NS,935.9500122070312,InvestmentDecision.AVOID,0,0,"{'fundamental_score': 8.2, 'technical_score': 0, 'confidence': 0}"
CHOICEIN.NS,796.5499877929688,InvestmentDecision.AVOID,0,0,"{'fundamental_score': 7.4, 'technical_score': 0, 'confidence': 0}"
VGUARD.NS,301.95001220703125,InvestmentDecision.AVOID,0,0,"{'fundamental_score': 6.2, 'technical_score': 0, 'confidence': 0}"
APTUS.NS,281.8500061035156,InvestmentDecision.AVOID,0,0,"{'fundamental_score': 6.300000000000001, 'technical_score': 0, 'confidence': 0}"
SIGNATURE.NS,800.2999877929688,InvestmentDecision.AVOID,0,0,"{'fundamental_score': 7.2, 'technical_score': 0, 'confidence': 0}"
CIEINDIA.NS,414.75,InvestmentDecision.AVOID,0,0,"{'fundamental_score': 5.9, 'technical_score': 0, 'confidence': 0}"
TECHNOE.NS,988.7999877929688,InvestmentDecision.AVOID,0,0,"{'fundamental_score': 6.6, 'technical_score': 0, 'confidence': 0}"
WHIRLPOOL.NS,788.8499755859375,InvestmentDecision.AVOID,0,0,"{'fundamental_score': 4.300000000000001, 'technical_score': 0, 'confidence': 0}"
JMFINANCIL.NS,122.69999694824219,InvestmentDecision.AVOID,0,0,"{'fundamental_score': 5.700000000000001, 'technical_score': 0, 'confidence': 0}"
GPIL.NS,251.8000030517578,InvestmentDecision.AVOID,0,0,"{'fundamental_score': 7.1, 'technical_score': 0, 'confidence': 0}"
AFCONS.NS,282.75,InvestmentDecision.AVOID,0,0,"{'fundamental_score': 4.25, 'technical_score': 0, 'confidence': 0}"
ABDL.NS,620.2999877929688,InvestmentDecision.AVOID,0,0,"{'fundamental_score': 5.45, 'technical_score': 0, 'confidence': 0}"
CAPLIPOINT.NS,2588.300048828125,InvestmentDecision.AVOID,0,0,"{'fundamental_score': 8.7, 'technical_score': 0, 'confidence': 0}"
DATAPATTNS.NS,4381.7001953125,InvestmentDecision.AVOID,0,0,"{'fundamental_score': 8.2, 'technical_score': 0, 'confidence': 0}"
IGIL.NS,347.0,InvestmentDecision.AVOID,0,0,"{'fundamental_score': 8.2, 'technical_score': 0, 'confidence': 0}"
DOMS.NS,2273.699951171875,InvestmentDecision.AVOID,0,0,"{'fundamental_score': 7.2, 'technical_score': 0, 'confidence': 0}"
LTFOODS.NS,378.6000061035156,InvestmentDecision.AVOID,0,0,"{'fundamental_score': 5.500000000000001, 'technical_score': 0, 'confidence': 0}"
KIRLOSBROS.NS,1856.300048828125,InvestmentDecision.AVOID,0,0,"{'fundamental_score': 6.7, 'technical_score': 0, 'confidence': 0}"
AGARWALEYE.NS,493.1000061035156,InvestmentDecision.AVOID,0,0,"{'fundamental_score': 4.25, 'technical_score': 0, 'confidence': 0}"
JBMA.NS,676.0,InvestmentDecision.AVOID,0,0,"{'fundamental_score': 4.4, 'technical_score': 0, 'confidence': 0}"
RRKABEL.NS,2576.89990234375,InvestmentDecision.AVOID,0,0,"{'fundamental_score': 6.7, 'technical_score': 0, 'confidence': 0}"
GALLANTT.NS,574.5999755859375,InvestmentDecision.AVOID,0,0,"{'fundamental_score': 6.7, 'technical_score': 0, 'confidence': 0}"
IFCI.NS,71.30000305175781,InvestmentDecision.AVOID,0,0,"{'fundamental_score': 5.9, 'technical_score': 0, 'confidence': 0}"
NIVABUPA.NS,85.73999786376953,InvestmentDecision.AVOID,0,0,"{'fundamental_score': 5.1000000000000005, 'technical_score': 0, 'confidence': 0}"
INDIAMART.NS,1743.0,InvestmentDecision.AVOID,0,0,"{'fundamental_score': 8.7, 'technical_score': 0, 'confidence': 0}"
GESHIP.NS,1377.4000244140625,InvestmentDecision.AVOID,0,0,"{'fundamental_score': 8.7, 'technical_score': 0, 'confidence': 0}"
PARADEEP.NS,156.5399932861328,InvestmentDecision.AVOID,0,0,"{'fundamental_score': 5.8, 'technical_score': 0, 'confidence': 0}"
CEATLTD.NS,3433.800048828125,InvestmentDecision.AVOID,0,0,"{'fundamental_score': 5.45, 'technical_score': 0, 'confidence': 0}"
TRIDENT.NS,24.780000686645508,InvestmentDecision.AVOID,0,0,"{'fundamental_score': 5.9, 'technical_score': 0, 'confidence': 0}"
RAINBOW.NS,1469.5,InvestmentDecision.AVOID,0,0,"{'fundamental_score': 7.45, 'technical_score': 0, 'confidence': 0}"
INTELLECT.NS,720.0,InvestmentDecision.AVOID,0,0,"{'fundamental_score': 5.7, 'technical_score': 0, 'confidence': 0}"
SYRMA.NS,1306.0,InvestmentDecision.AVOID,0,0,"{'fundamental_score': 6.2, 'technical_score': 0, 'confidence': 0}"
FINEORG.NS,4790.5,InvestmentDecision.AVOID,0,0,"{'fundamental_score': 7.9, 'technical_score': 0, 'confidence': 0}"
NUVOCO.NS,350.45001220703125,InvestmentDecision.AVOID,0,0,"{'fundamental_score': 6.7, 'technical_score': 0, 'confidence': 0}"
BATAINDIA.NS,694.9500122070312,InvestmentDecision.AVOID,0,0,"{'fundamental_score': 3.8500000000000005, 'technical_score': 0, 'confidence': 0}"
SWANCORP.NS,310.25,InvestmentDecision.AVOID,0,0,"{'fundamental_score': 4.7, 'technical_score': 0, 'confidence': 0}"
KIRLOSENG.NS,2192.199951171875,InvestmentDecision.AVOID,0,0,"{'fundamental_score': 5.2, 'technical_score': 0, 'confidence': 0}"
BLS.NS,235.6999969482422,InvestmentDecision.AVOID,0,0,"{'fundamental_score': 8.7, 'technical_score': 0, 'confidence': 0}"
AARTIIND.NS,476.75,InvestmentDecision.AVOID,0,0,"{'fundamental_score': 4.25, 'technical_score': 0, 'confidence': 0}"
THELEELA.NS,475.6000061035156,InvestmentDecision.AVOID,0,0,"{'fundamental_score': 5.800000000000001, 'technical_score': 0, 'confidence': 0}"
SPLPETRO.NS,740.4000244140625,InvestmentDecision.AVOID,0,0,"{'fundamental_score': 6.7, 'technical_score': 0, 'confidence': 0}"
BLUEDART.NS,5103.5,InvestmentDecision.AVOID,0,0,"{'fundamental_score': 6.2, 'technical_score': 0, 'confidence': 0}"
ZYDUSWELL.NS,549.4500122070312,InvestmentDecision.AVOID,0,0,"{'fundamental_score': 3.8500000000000005, 'technical_score': 0, 'confidence': 0}"
KSB.NS,846.75,InvestmentDecision.AVOID,0,0,"{'fundamental_score': 6.7, 'technical_score': 0, 'confidence': 0}"
PCBL.NS,365.70001220703125,InvestmentDecision.AVOID,0,0,"{'fundamental_score': 3.8000000000000003, 'technical_score': 0, 'confidence': 0}"
JWL.NS,259.29998779296875,InvestmentDecision.AVOID,0,0,"{'fundamental_score': 4.7, 'technical_score': 0, 'confidence': 0}"
CEMPRO.NS,1340.800048828125,InvestmentDecision.AVOID,0,0,"{'fundamental_score': 6.7, 'technical_score': 0, 'confidence': 0}"
ZENTEC.NS,1640.5999755859375,InvestmentDecision.AVOID,0,0,"{'fundamental_score': 8.2, 'technical_score': 0, 'confidence': 0}"
JAINREC.NS,335.3500061035156,InvestmentDecision.AVOID,0,0,"{'fundamental_score': 6.75, 'technical_score': 0, 'confidence': 0}"
GODREJAGRO.NS,566.0999755859375,InvestmentDecision.AVOID,0,0,"{'fundamental_score': 5.8500000000000005, 'technical_score': 0, 'confidence': 0}"
IEX.NS,132.11000061035156,InvestmentDecision.AVOID,0,0,"{'fundamental_score': 7.4, 'technical_score': 0, 'confidence': 0}"
BBTC.NS,1491.699951171875,InvestmentDecision.AVOID,0,0,"{'fundamental_score': 6.3, 'technical_score': 0, 'confidence': 0}"
CYIENT.NS,867.4500122070312,InvestmentDecision.AVOID,0,0,"{'fundamental_score': 6.7, 'technical_score': 0, 'confidence': 0}"
INDGN.NS,508.5,InvestmentDecision.AVOID,0,0,"{'fundamental_score': 6.2, 'technical_score': 0, 'confidence': 0}"
AAVAS.NS,1376.0999755859375,InvestmentDecision.AVOID,0,0,"{'fundamental_score': 5.9, 'technical_score': 0, 'confidence': 0}"
MINDACORP.NS,683.5999755859375,InvestmentDecision.AVOID,0,0,"{'fundamental_score': 5.050000000000001, 'technical_score': 0, 'confidence': 0}"
BELRISE.NS,229.02999877929688,InvestmentDecision.AVOID,0,0,"{'fundamental_score': 5.500000000000001, 'technical_score': 0, 'confidence': 0}"
CELLO.NS,344.45001220703125,InvestmentDecision.AVOID,0,0,"{'fundamental_score': 6.4, 'technical_score': 0, 'confidence': 0}"
JPPOWER.NS,17.040000915527344,InvestmentDecision.AVOID,0,0,"{'fundamental_score': 6.7, 'technical_score': 0, 'confidence': 0}"
TARIL.NS,298.0,InvestmentDecision.AVOID,0,0,"{'fundamental_score': 6.7, 'technical_score': 0, 'confidence': 0}"
NEWGEN.NS,560.5,InvestmentDecision.AVOID,0,0,"{'fundamental_score': 8.2, 'technical_score': 0, 'confidence': 0}"
ANURAS.NS,1218.4000244140625,InvestmentDecision.AVOID,0,0,"{'fundamental_score': 4.7, 'technical_score': 0, 'confidence': 0}"
GRANULES.NS,845.4000244140625,InvestmentDecision.AVOID,0,0,"{'fundamental_score': 6.7, 'technical_score': 0, 'confidence': 0}"
GRAVITA.NS,1615.199951171875,InvestmentDecision.AVOID,0,0,"{'fundamental_score': 6.7, 'technical_score': 0, 'confidence': 0}"
HOMEFIRST.NS,1181.0,InvestmentDecision.AVOID,0,0,"{'fundamental_score': 5.9, 'technical_score': 0, 'confidence': 0}"
MGL.NS,1105.0,InvestmentDecision.AVOID,0,0,"{'fundamental_score': 6.2, 'technical_score': 0, 'confidence': 0}"
USHAMART.NS,511.3500061035156,InvestmentDecision.AVOID,0,0,"{'fundamental_score': 7.6, 'technical_score': 0, 'confidence': 0}"
LEMONTREE.NS,110.30999755859375,InvestmentDecision.AVOID,0,0,"{'fundamental_score': 6.250000000000001, 'technical_score': 0, 'confidence': 0}"
TEGA.NS,1501.0,InvestmentDecision.AVOID,0,0,"{'fundamental_score': 4.7, 'technical_score': 0, 'confidence': 0}"
VTL.NS,612.5,InvestmentDecision.AVOID,0,0,"{'fundamental_score': 4.300000000000001, 'technical_score': 0, 'confidence': 0}"
NCC.NS,142.14999389648438,InvestmentDecision.AVOID,0,0,"{'fundamental_score': 5.25, 'technical_score': 0, 'confidence': 0}"
FINCABLES.NS,973.0999755859375,InvestmentDecision.AVOID,0,0,"{'fundamental_score': 6.2, 'technical_score': 0, 'confidence': 0}"
ACE.NS,1077.5999755859375,InvestmentDecision.AVOID,0,0,"{'fundamental_score': 7.6, 'technical_score': 0, 'confidence': 0}"
ELECON.NS,414.8500061035156,InvestmentDecision.AVOID,0,0,"{'fundamental_score': 6.7, 'technical_score': 0, 'confidence': 0}"
EMBDL.NS,62.119998931884766,InvestmentDecision.AVOID,0,0,"{'fundamental_score': 4.25, 'technical_score': 0, 'confidence': 0}"
JINDALSAW.NS,257.6000061035156,InvestmentDecision.AVOID,0,0,"{'fundamental_score': 6.7, 'technical_score': 0, 'confidence': 0}"
WELSPUNLIV.NS,160.22999572753906,InvestmentDecision.AVOID,0,0,"{'fundamental_score': 4.300000000000001, 'technical_score': 0, 'confidence': 0}"
NSLNISP.NS,43.060001373291016,InvestmentDecision.AVOID,0,0,"{'fundamental_score': 4.7, 'technical_score': 0, 'confidence': 0}"
ACUTAAS.NS,3297.699951171875,InvestmentDecision.AVOID,0,0,"{'fundamental_score': 8.2, 'technical_score': 0, 'confidence': 0}"
RITES.NS,214.2899932861328,InvestmentDecision.AVOID,0,0,"{'fundamental_score': 7.9, 'technical_score': 0, 'confidence': 0}"
CCL.NS,1188.199951171875,InvestmentDecision.AVOID,0,0,"{'fundamental_score': 5.45, 'technical_score': 0, 'confidence': 0}"
FINPIPE.NS,162.64999389648438,InvestmentDecision.AVOID,0,0,"{'fundamental_score': 6.6, 'technical_score': 0, 'confidence': 0}"
SAMMAANCAP.NS,163.27000427246094,InvestmentDecision.AVOID,0,0,"{'fundamental_score': 2.8000000000000003, 'technical_score': 0, 'confidence': 0}"
INGERRAND.NS,4255.0,InvestmentDecision.AVOID,0,0,"{'fundamental_score': 8.7, 'technical_score': 0, 'confidence': 0}"
INDIACEM.NS,389.95001220703125,InvestmentDecision.AVOID,0,0,"{'fundamental_score': 6.7, 'technical_score': 0, 'confidence': 0}"
BLUEJET.NS,571.9500122070312,InvestmentDecision.AVOID,0,0,"{'fundamental_score': 8.7, 'technical_score': 0, 'confidence': 0}"
CARTRADE.NS,2855.699951171875,InvestmentDecision.AVOID,0,0,"{'fundamental_score': 6.6000000000000005, 'technical_score': 0, 'confidence': 0}"
CHENNPETRO.NS,1212.300048828125,InvestmentDecision.AVOID,0,0,"{'fundamental_score': 5.9, 'technical_score': 0, 'confidence': 0}"
TSFINV.NS,446.54998779296875,InvestmentDecision.AVOID,0,0,"{'fundamental_score': 6.6000000000000005, 'technical_score': 0, 'confidence': 0}"
SBFC.NS,90.26000213623047,InvestmentDecision.AVOID,0,0,"{'fundamental_score': 5.9, 'technical_score': 0, 'confidence': 0}"
RAILTEL.NS,286.54998779296875,InvestmentDecision.AVOID,0,0,"{'fundamental_score': 6.7, 'technical_score': 0, 'confidence': 0}"
CLEAN.NS,737.2999877929688,InvestmentDecision.AVOID,0,0,"{'fundamental_score': 8.2, 'technical_score': 0, 'confidence': 0}"
TITAGARH.NS,810.4000244140625,InvestmentDecision.AVOID,0,0,"{'fundamental_score': 4.7, 'technical_score': 0, 'confidence': 0}"
JYOTHYLAB.NS,203.72000122070312,InvestmentDecision.AVOID,0,0,"{'fundamental_score': 6.3, 'technical_score': 0, 'confidence': 0}"
SHRIPISTON.NS,4270.2998046875,InvestmentDecision.AVOID,0,0,"{'fundamental_score': 5.9, 'technical_score': 0, 'confidence': 0}"
ALIVUS.NS,1104.699951171875,InvestmentDecision.AVOID,0,0,"{'fundamental_score': 8.7, 'technical_score': 0, 'confidence': 0}"
ENGINERSIN.NS,225.55999755859375,InvestmentDecision.AVOID,0,0,"{'fundamental_score': 8.4, 'technical_score': 0, 'confidence': 0}"
J&KBANK.NS,154.6300048828125,InvestmentDecision.AVOID,0,0,"{'fundamental_score': 7.4, 'technical_score': 0, 'confidence': 0}"
OLECTRA.NS,1312.699951171875,InvestmentDecision.AVOID,0,0,"{'fundamental_score': 6.7, 'technical_score': 0, 'confidence': 0}"
GRINFRA.NS,868.2000122070312,InvestmentDecision.AVOID,0,0,"{'fundamental_score': 5.25, 'technical_score': 0, 'confidence': 0}"
JUBLINGREA.NS,726.3499755859375,InvestmentDecision.AVOID,0,0,"{'fundamental_score': 6.7, 'technical_score': 0, 'confidence': 0}"
SANOFI.NS,3363.199951171875,InvestmentDecision.AVOID,0,0,"{'fundamental_score': 7.9, 'technical_score': 0, 'confidence': 0}"
SANOFICONR.NS,4707.2001953125,InvestmentDecision.AVOID,0,0,"{'fundamental_score': 8.2, 'technical_score': 0, 'confidence': 0}"
EUREKAFORB.NS,456.8500061035156,InvestmentDecision.AVOID,0,0,"{'fundamental_score': 4.300000000000001, 'technical_score': 0, 'confidence': 0}"
WAAREERTL.NS,923.5,InvestmentDecision.AVOID,0,0,"{'fundamental_score': 6.7, 'technical_score': 0, 'confidence': 0}"
RELAXO.NS,391.95001220703125,InvestmentDecision.AVOID,0,0,"{'fundamental_score': 4.300000000000001, 'technical_score': 0, 'confidence': 0}"
PRUDENT.NS,3089.5,InvestmentDecision.AVOID,0,0,"{'fundamental_score': 7.1000000000000005, 'technical_score': 0, 'confidence': 0}"
VIKRAMSOLR.NS,181.6199951171875,InvestmentDecision.AVOID,0,0,"{'fundamental_score': 7.2, 'technical_score': 0, 'confidence': 0}"
TTML.NS,38.97999954223633,InvestmentDecision.AVOID,0,0,"{'fundamental_score': 6.7, 'technical_score': 0, 'confidence': 0}"
CANFINHOME.NS,817.0499877929688,InvestmentDecision.AVOID,0,0,"{'fundamental_score': 5.9, 'technical_score': 0, 'confidence': 0}"
BSOFT.NS,311.1499938964844,InvestmentDecision.AVOID,0,0,"{'fundamental_score': 6.7, 'technical_score': 0, 'confidence': 0}"
GRAPHITE.NS,666.6500244140625,InvestmentDecision.AVOID,0,0,"{'fundamental_score': 4.7, 'technical_score': 0, 'confidence': 0}"
JKTYRE.NS,397.54998779296875,InvestmentDecision.AVOID,0,0,"{'fundamental_score': 5.050000000000001, 'technical_score': 0, 'confidence': 0}"
BLACKBUCK.NS,543.2999877929688,InvestmentDecision.AVOID,0,0,"{'fundamental_score': 7.7, 'technical_score': 0, 'confidence': 0}"
ZEEL.NS,108.12999725341797,InvestmentDecision.AVOID,0,0,"{'fundamental_score': 4.7, 'technical_score': 0, 'confidence': 0}"
SAFARI.NS,1559.5999755859375,InvestmentDecision.AVOID,0,0,"{'fundamental_score': 5.9, 'technical_score': 0, 'confidence': 0}"
INOXINDIA.NS,1896.0999755859375,InvestmentDecision.AVOID,0,0,"{'fundamental_score': 8.4, 'technical_score': 0, 'confidence': 0}"
HFCL.NS,193.55999755859375,InvestmentDecision.AVOID,0,0,"{'fundamental_score': 6.7, 'technical_score': 0, 'confidence': 0}"
PVRINOX.NS,1118.1500244140625,InvestmentDecision.AVOID,0,0,"{'fundamental_score': 6.25, 'technical_score': 0, 'confidence': 0}"
SCI.NS,278.6000061035156,InvestmentDecision.AVOID,0,0,"{'fundamental_score': 6.7, 'technical_score': 0, 'confidence': 0}"
JKLAKSHMI.NS,562.9500122070312,InvestmentDecision.AVOID,0,0,"{'fundamental_score': 5.25, 'technical_score': 0, 'confidence': 0}"
VIJAYA.NS,1359.0999755859375,InvestmentDecision.AVOID,0,0,"{'fundamental_score': 8.7, 'technical_score': 0, 'confidence': 0}"
PRIVISCL.NS,3629.199951171875,InvestmentDecision.AVOID,0,0,"{'fundamental_score': 7.65, 'technical_score': 0, 'confidence': 0}"
SONATSOFTW.NS,317.45001220703125,InvestmentDecision.AVOID,0,0,"{'fundamental_score': 7.2, 'technical_score': 0, 'confidence': 0}"
AETHER.NS,1464.699951171875,InvestmentDecision.AVOID,0,0,"{'fundamental_score': 7.2, 'technical_score': 0, 'confidence': 0}"
AZAD.NS,2395.199951171875,InvestmentDecision.AVOID,0,0,"{'fundamental_score': 7.2, 'technical_score': 0, 'confidence': 0}"
EDELWEISS.NS,114.08000183105469,InvestmentDecision.AVOID,0,0,"{'fundamental_score': 3.6000000000000005, 'technical_score': 0, 'confidence': 0}"
NAZARA.NS,303.6499938964844,InvestmentDecision.AVOID,0,0,"{'fundamental_score': 4.7, 'technical_score': 0, 'confidence': 0}"
METROPOLIS.NS,591.5999755859375,InvestmentDecision.AVOID,0,0,"{'fundamental_score': 6.2, 'technical_score': 0, 'confidence': 0}"
IXIGO.NS,191.92999267578125,InvestmentDecision.AVOID,0,0,"{'fundamental_score': 4.300000000000001, 'technical_score': 0, 'confidence': 0}"
BALRAMCHIN.NS,606.2999877929688,InvestmentDecision.AVOID,0,0,"{'fundamental_score': 4.65, 'technical_score': 0, 'confidence': 0}"
VESUVIUS.NS,449.6000061035156,InvestmentDecision.AVOID,0,0,"{'fundamental_score': 7.6, 'technical_score': 0, 'confidence': 0}"
WESTLIFE.NS,466.79998779296875,InvestmentDecision.AVOID,0,0,"{'fundamental_score': 2.8000000000000003, 'technical_score': 0, 'confidence': 0}"
RKFORGE.NS,630.6500244140625,InvestmentDecision.AVOID,0,0,"{'fundamental_score': 6.25, 'technical_score': 0, 'confidence': 0}"
STARCEMENT.NS,202.00999450683594,InvestmentDecision.AVOID,0,0,"{'fundamental_score': 6.2, 'technical_score': 0, 'confidence': 0}"
GENUSPOWER.NS,313.1499938964844,InvestmentDecision.AVOID,0,0,"{'fundamental_score': 7.199999999999999, 'technical_score': 0, 'confidence': 0}"
RELINFRA.NS,60.040000915527344,InvestmentDecision.AVOID,0,0,"{'fundamental_score': 8.1, 'technical_score': 0, 'confidence': 0}"
HEG.NS,672.6500244140625,InvestmentDecision.AVOID,0,0,"{'fundamental_score': 7.6, 'technical_score': 0, 'confidence': 0}"
PGHL.NS,6615.5,InvestmentDecision.AVOID,0,0,"{'fundamental_score': 8.7, 'technical_score': 0, 'confidence': 0}"
ALKYLAMINE.NS,1811.0999755859375,InvestmentDecision.AVOID,0,0,"{'fundamental_score': 6.7, 'technical_score': 0, 'confidence': 0}"
TEJASNET.NS,520.0,InvestmentDecision.AVOID,0,0,"{'fundamental_score': 5.8, 'technical_score': 0, 'confidence': 0}"
SHAILY.NS,3044.199951171875,InvestmentDecision.AVOID,0,0,"{'fundamental_score': 8.4, 'technical_score': 0, 'confidence': 0}"
TIMETECHNO.NS,216.36000061035156,InvestmentDecision.AVOID,0,0,"{'fundamental_score': 5.500000000000001, 'technical_score': 0, 'confidence': 0}"
BANCOINDIA.NS,622.3499755859375,InvestmentDecision.AVOID,0,0,"{'fundamental_score': 7.199999999999999, 'technical_score': 0, 'confidence': 0}"
AVANTIFEED.NS,958.0499877929688,InvestmentDecision.AVOID,0,0,"{'fundamental_score': 6.3, 'technical_score': 0, 'confidence': 0}"
IIFLCAPS.NS,336.29998779296875,InvestmentDecision.AVOID,0,0,"{'fundamental_score': 6.95, 'technical_score': 0, 'confidence': 0}"
ASKAUTOLTD.NS,524.1500244140625,InvestmentDecision.AVOID,0,0,"{'fundamental_score': 5.8500000000000005, 'technical_score': 0, 'confidence': 0}"
MEDPLUS.NS,700.6500244140625,InvestmentDecision.AVOID,0,0,"{'fundamental_score': 6.25, 'technical_score': 0, 'confidence': 0}"
SHAKTIPUMP.NS,517.8499755859375,InvestmentDecision.AVOID,0,0,"{'fundamental_score': 6.7, 'technical_score': 0, 'confidence': 0}"
ABFRL.NS,58.060001373291016,InvestmentDecision.AVOID,0,0,"{'fundamental_score': 3.8500000000000005, 'technical_score': 0, 'confidence': 0}"
MMTC.NS,60.59000015258789,InvestmentDecision.AVOID,0,0,"{'fundamental_score': 8.7, 'technical_score': 0, 'confidence': 0}"
SUDARSCHEM.NS,1032.3499755859375,InvestmentDecision.AVOID,0,0,"{'fundamental_score': 4.25, 'technical_score': 0, 'confidence': 0}"
RHIM.NS,391.8500061035156,InvestmentDecision.AVOID,0,0,"{'fundamental_score': 4.7, 'technical_score': 0, 'confidence': 0}"
JLHL.NS,328.29998779296875,InvestmentDecision.AVOID,0,0,"{'fundamental_score': 7.1, 'technical_score': 0, 'confidence': 0}"
INDIASHLTR.NS,728.5,InvestmentDecision.AVOID,0,0,"{'fundamental_score': 5.9, 'technical_score': 0, 'confidence': 0}"
ASTRAMICRO.NS,1704.0999755859375,InvestmentDecision.AVOID,0,0,"{'fundamental_score': 7.9, 'technical_score': 0, 'confidence': 0}"
TDPOWERSYS.NS,1036.0,InvestmentDecision.AVOID,0,0,"{'fundamental_score': 8.1, 'technical_score': 0, 'confidence': 0}"
KPIGREEN.NS,387.0,InvestmentDecision.AVOID,0,0,"{'fundamental_score': 6.4, 'technical_score': 0, 'confidence': 0}"
TRANSRAILL.NS,481.1000061035156,InvestmentDecision.AVOID,0,0,"{'fundamental_score': 7.2, 'technical_score': 0, 'confidence': 0}"
BIRLACORPN.NS,875.75,InvestmentDecision.AVOID,0,0,"{'fundamental_score': 6.7, 'technical_score': 0, 'confidence': 0}"
SAPPHIRE.NS,184.22999572753906,InvestmentDecision.AVOID,0,0,"{'fundamental_score': 5.0, 'technical_score': 0, 'confidence': 0}"
MAPMYINDIA.NS,1136.1500244140625,InvestmentDecision.AVOID,0,0,"{'fundamental_score': 8.2, 'technical_score': 0, 'confidence': 0}"
UJJIVANSFB.NS,70.37000274658203,InvestmentDecision.AVOID,0,0,"{'fundamental_score': 7.4, 'technical_score': 0, 'confidence': 0}"
HCG.NS,679.3499755859375,InvestmentDecision.AVOID,0,0,"{'fundamental_score': 3.8000000000000003, 'technical_score': 0, 'confidence': 0}"
NESCO.NS,1048.5999755859375,InvestmentDecision.AVOID,0,0,"{'fundamental_score': 8.2, 'technical_score': 0, 'confidence': 0}"
HAPPYFORGE.NS,1614.5999755859375,InvestmentDecision.AVOID,0,0,"{'fundamental_score': 8.2, 'technical_score': 0, 'confidence': 0}"
HONASA.NS,449.3500061035156,InvestmentDecision.AVOID,0,0,"{'fundamental_score': 5.9, 'technical_score': 0, 'confidence': 0}"
KRBL.NS,345.79998779296875,InvestmentDecision.AVOID,0,0,"{'fundamental_score': 5.1000000000000005, 'technical_score': 0, 'confidence': 0}"
VARROC.NS,658.7000122070312,InvestmentDecision.AVOID,0,0,"{'fundamental_score': 5.050000000000001, 'technical_score': 0, 'confidence': 0}"
SANSERA.NS,3233.10009765625,InvestmentDecision.AVOID,0,0,"{'fundamental_score': 5.1000000000000005, 'technical_score': 0, 'confidence': 0}"
LATENTVIEW.NS,317.6000061035156,InvestmentDecision.AVOID,0,0,"{'fundamental_score': 7.7, 'technical_score': 0, 'confidence': 0}"
BLUESTONE.NS,757.25,InvestmentDecision.AVOID,0,0,"{'fundamental_score': 5.0, 'technical_score': 0, 'confidence': 0}"
WABAG.NS,1876.699951171875,InvestmentDecision.AVOID,0,0,"{'fundamental_score': 6.7, 'technical_score': 0, 'confidence': 0}"
LLOYDSENT.NS,80.37000274658203,InvestmentDecision.AVOID,0,0,"{'fundamental_score': 6.9, 'technical_score': 0, 'confidence': 0}"
TI.NS,465.3999938964844,InvestmentDecision.AVOID,0,0,"{'fundamental_score': 5.45, 'technical_score': 0, 'confidence': 0}"
ALOKINDS.NS,12.0,InvestmentDecision.AVOID,0,0,"{'fundamental_score': 5.9, 'technical_score': 0, 'confidence': 0}"
SANDUMA.NS,208.55999755859375,InvestmentDecision.AVOID,0,0,"{'fundamental_score': 8.1, 'technical_score': 0, 'confidence': 0}"
TTKPRESTIG.NS,677.1500244140625,InvestmentDecision.AVOID,0,0,"{'fundamental_score': 5.9, 'technical_score': 0, 'confidence': 0}"
DBREALTY.NS,113.72000122070312,InvestmentDecision.AVOID,0,0,"{'fundamental_score': 4.7, 'technical_score': 0, 'confidence': 0}"
MARKSANS.NS,259.45001220703125,InvestmentDecision.AVOID,0,0,"{'fundamental_score': 7.6, 'technical_score': 0, 'confidence': 0}"
TCI.NS,921.0499877929688,InvestmentDecision.AVOID,0,0,"{'fundamental_score': 7.2, 'technical_score': 0, 'confidence': 0}"
BBOX.NS,732.4500122070312,InvestmentDecision.AVOID,0,0,"{'fundamental_score': 6.75, 'technical_score': 0, 'confidence': 0}"
POWERMECH.NS,2636.10009765625,InvestmentDecision.AVOID,0,0,"{'fundamental_score': 6.7, 'technical_score': 0, 'confidence': 0}"
SOUTHBANK.NS,46.4900016784668,InvestmentDecision.AVOID,0,0,"{'fundamental_score': 7.000000000000001, 'technical_score': 0, 'confidence': 0}"
LOTUSDEV.NS,188.8800048828125,InvestmentDecision.AVOID,0,0,"{'fundamental_score': 8.2, 'technical_score': 0, 'confidence': 0}"
JAIBALAJI.NS,60.540000915527344,InvestmentDecision.AVOID,0,0,"{'fundamental_score': 4.7, 'technical_score': 0, 'confidence': 0}"
SAREGAMA.NS,530.4500122070312,InvestmentDecision.AVOID,0,0,"{'fundamental_score': 7.7, 'technical_score': 0, 'confidence': 0}"
JSLL.NS,564.4500122070312,InvestmentDecision.AVOID,0,0,"{'fundamental_score': 8.7, 'technical_score': 0, 'confidence': 0}"
PCJEWELLER.NS,9.100000381469727,InvestmentDecision.AVOID,0,0,"{'fundamental_score': 6.6000000000000005, 'technical_score': 0, 'confidence': 0}"
LUMAXTECH.NS,1501.5999755859375,InvestmentDecision.AVOID,0,0,"{'fundamental_score': 5.8500000000000005, 'technical_score': 0, 'confidence': 0}"
TANLA.NS,610.9000244140625,InvestmentDecision.AVOID,0,0,"{'fundamental_score': 6.7, 'technical_score': 0, 'confidence': 0}"
MANORAMA.NS,1639.300048828125,InvestmentDecision.AVOID,0,0,"{'fundamental_score': 7.050000000000001, 'technical_score': 0, 'confidence': 0}"
ARVIND.NS,511.3500061035156,InvestmentDecision.AVOID,0,0,"{'fundamental_score': 5.1000000000000005, 'technical_score': 0, 'confidence': 0}"
APOLLO.NS,383.1000061035156,InvestmentDecision.AVOID,0,0,"{'fundamental_score': 6.6, 'technical_score': 0, 'confidence': 0}"
PNGJL.NS,679.3499755859375,InvestmentDecision.AVOID,0,0,"{'fundamental_score': 5.45, 'technical_score': 0, 'confidence': 0}"
MAHSEAMLES.NS,574.0999755859375,InvestmentDecision.AVOID,0,0,"{'fundamental_score': 6.9, 'technical_score': 0, 'confidence': 0}"
HAPPSTMNDS.NS,383.3999938964844,InvestmentDecision.AVOID,0,0,"{'fundamental_score': 5.75, 'technical_score': 0, 'confidence': 0}"
CAMPUS.NS,223.3699951171875,InvestmentDecision.AVOID,0,0,"{'fundamental_score': 6.3, 'technical_score': 0, 'confidence': 0}"
RELIGARE.NS,250.3000030517578,InvestmentDecision.AVOID,0,0,"{'fundamental_score': 4.300000000000001, 'technical_score': 0, 'confidence': 0}"
GMRP&UI.NS,96.83000183105469,InvestmentDecision.AVOID,0,0,"{'fundamental_score': 4.800000000000001, 'technical_score': 0, 'confidence': 0}"
BECTORFOOD.NS,216.2899932861328,InvestmentDecision.AVOID,0,0,"{'fundamental_score': 5.1000000000000005, 'technical_score': 0, 'confidence': 0}"
RCF.NS,126.30000305175781,InvestmentDecision.AVOID,0,0,"{'fundamental_score': 4.25, 'technical_score': 0, 'confidence': 0}"
ESABINDIA.NS,5567.0,InvestmentDecision.AVOID,0,0,"{'fundamental_score': 8.1, 'technical_score': 0, 'confidence': 0}"
VOLTAMP.NS,9290.0,InvestmentDecision.AVOID,0,0,"{'fundamental_score': 8.1, 'technical_score': 0, 'confidence': 0}"
STAR.NS,1041.699951171875,InvestmentDecision.AVOID,0,0,"{'fundamental_score': 6.75, 'technical_score': 0, 'confidence': 0}"
GALAXYSURF.NS,1958.9000244140625,InvestmentDecision.AVOID,0,0,"{'fundamental_score': 5.7, 'technical_score': 0, 'confidence': 0}"
MAHLIFE.NS,380.25,InvestmentDecision.AVOID,0,0,"{'fundamental_score': 7.4, 'technical_score': 0, 'confidence': 0}"
GPPL.NS,148.3300018310547,InvestmentDecision.AVOID,0,0,"{'fundamental_score': 8.7, 'technical_score': 0, 'confidence': 0}"
SHARDACROP.NS,824.7000122070312,InvestmentDecision.AVOID,0,0,"{'fundamental_score': 8.1, 'technical_score': 0, 'confidence': 0}"
OSWALPUMPS.NS,344.5,InvestmentDecision.AVOID,0,0,"{'fundamental_score': 8.7, 'technical_score': 0, 'confidence': 0}"
DODLA.NS,1043.199951171875,InvestmentDecision.AVOID,0,0,"{'fundamental_score': 5.9, 'technical_score': 0, 'confidence': 0}"
NETWORK18.NS,28.860000610351562,InvestmentDecision.AVOID,0,0,"{'fundamental_score': 6.25, 'technical_score': 0, 'confidence': 0}"
DIACABS.NS,321.3900146484375,InvestmentDecision.AVOID,0,0,"{'fundamental_score': 6.7, 'technical_score': 0, 'confidence': 0}"
GRWRHITECH.NS,7120.5,InvestmentDecision.AVOID,0,0,"{'fundamental_score': 7.4, 'technical_score': 0, 'confidence': 0}"
CERA.NS,6263.5,InvestmentDecision.AVOID,0,0,"{'fundamental_score': 6.2, 'technical_score': 0, 'confidence': 0}"
KIRLPNU.NS,1502.5999755859375,InvestmentDecision.AVOID,0,0,"{'fundamental_score': 7.6, 'technical_score': 0, 'confidence': 0}"
BORORENEW.NS,572.4000244140625,InvestmentDecision.AVOID,0,0,"{'fundamental_score': 8.2, 'technical_score': 0, 'confidence': 0}"
KALPATARU.NS,270.3999938964844,InvestmentDecision.AVOID,0,0,"{'fundamental_score': 3.2, 'technical_score': 0, 'confidence': 0}"
TRIVENI.NS,228.75,InvestmentDecision.AVOID,0,0,"{'fundamental_score': 3.8500000000000005, 'technical_score': 0, 'confidence': 0}"
GSFC.NS,160.63999938964844,InvestmentDecision.AVOID,0,0,"{'fundamental_score': 4.7, 'technical_score': 0, 'confidence': 0}"
GARFIBRES.NS,729.9500122070312,InvestmentDecision.AVOID,0,0,"{'fundamental_score': 6.800000000000001, 'technical_score': 0, 'confidence': 0}"
ACI.NS,556.4500122070312,InvestmentDecision.AVOID,0,0,"{'fundamental_score': 4.7, 'technical_score': 0, 'confidence': 0}"
SHILPAMED.NS,604.5999755859375,InvestmentDecision.AVOID,0,0,"{'fundamental_score': 6.9, 'technical_score': 0, 'confidence': 0}"
DBL.NS,437.54998779296875,InvestmentDecision.AVOID,0,0,"{'fundamental_score': 7.199999999999999, 'technical_score': 0, 'confidence': 0}"
MAXESTATES.NS,396.0,InvestmentDecision.AVOID,0,0,"{'fundamental_score': 4.25, 'technical_score': 0, 'confidence': 0}"
THOMASCOOK.NS,97.87999725341797,InvestmentDecision.AVOID,0,0,"{'fundamental_score': 5.1000000000000005, 'technical_score': 0, 'confidence': 0}"
AARTIPHARM.NS,682.9500122070312,InvestmentDecision.AVOID,0,0,"{'fundamental_score': 4.7, 'technical_score': 0, 'confidence': 0}"
GNFC.NS,511.75,InvestmentDecision.AVOID,0,0,"{'fundamental_score': 5.7, 'technical_score': 0, 'confidence': 0}"
THANGAMAYL.NS,6452.0,InvestmentDecision.AVOID,0,0,"{'fundamental_score': 5.8500000000000005, 'technical_score': 0, 'confidence': 0}"
PRSMJOHNSN.NS,106.9800033569336,InvestmentDecision.AVOID,0,0,"{'fundamental_score': 6.25, 'technical_score': 0, 'confidence': 0}"
RUSTOMJEE.NS,409.45001220703125,InvestmentDecision.AVOID,0,0,"{'fundamental_score': 4.25, 'technical_score': 0, 'confidence': 0}"
AKUMS.NS,664.5499877929688,InvestmentDecision.AVOID,0,0,"{'fundamental_score': 4.7, 'technical_score': 0, 'confidence': 0}"
AJAXENGG.NS,570.75,InvestmentDecision.AVOID,0,0,"{'fundamental_score': 6.7, 'technical_score': 0, 'confidence': 0}"
ETHOSLTD.NS,2550.699951171875,InvestmentDecision.AVOID,0,0,"{'fundamental_score': 4.300000000000001, 'technical_score': 0, 'confidence': 0}"
PNCINFRA.NS,233.97999572753906,InvestmentDecision.AVOID,0,0,"{'fundamental_score': 6.95, 'technical_score': 0, 'confidence': 0}"
FDC.NS,407.45001220703125,InvestmentDecision.AVOID,0,0,"{'fundamental_score': 6.6, 'technical_score': 0, 'confidence': 0}"
LLOYDSENGG.NS,91.18000030517578,InvestmentDecision.AVOID,0,0,"{'fundamental_score': 7.6, 'technical_score': 0, 'confidence': 0}"
REDTAPE.NS,131.77999877929688,InvestmentDecision.AVOID,0,0,"{'fundamental_score': 5.8500000000000005, 'technical_score': 0, 'confidence': 0}"
TMB.NS,880.7999877929688,InvestmentDecision.AVOID,0,0,"{'fundamental_score': 7.000000000000001, 'technical_score': 0, 'confidence': 0}"
TIPSMUSIC.NS,691.9500122070312,InvestmentDecision.AVOID,0,0,"{'fundamental_score': 8.2, 'technical_score': 0, 'confidence': 0}"
ATLANTAELE.NS,1533.5999755859375,InvestmentDecision.AVOID,0,0,"{'fundamental_score': 6.7, 'technical_score': 0, 'confidence': 0}"
EPIGRAL.NS,1170.5,InvestmentDecision.AVOID,0,0,"{'fundamental_score': 6.7, 'technical_score': 0, 'confidence': 0}"
INOXGREEN.NS,194.67999267578125,InvestmentDecision.AVOID,0,0,"{'fundamental_score': 6.2, 'technical_score': 0, 'confidence': 0}"
SFL.NS,789.3499755859375,InvestmentDecision.AVOID,0,0,"{'fundamental_score': 4.300000000000001, 'technical_score': 0, 'confidence': 0}"
V2RETAIL.NS,222.0500030517578,InvestmentDecision.AVOID,0,0,"{'fundamental_score': 5.4, 'technical_score': 0, 'confidence': 0}"
MASTEK.NS,1873.4000244140625,InvestmentDecision.AVOID,0,0,"{'fundamental_score': 6.7, 'technical_score': 0, 'confidence': 0}"
BALUFORGE.NS,445.8999938964844,InvestmentDecision.AVOID,0,0,"{'fundamental_score': 8.7, 'technical_score': 0, 'confidence': 0}"
MOIL.NS,274.1499938964844,InvestmentDecision.AVOID,0,0,"{'fundamental_score': 7.2, 'technical_score': 0, 'confidence': 0}"
GANESHHOU.NS,772.0499877929688,InvestmentDecision.AVOID,0,0,"{'fundamental_score': 8.2, 'technical_score': 0, 'confidence': 0}"
RTNINDIA.NS,31.510000228881836,InvestmentDecision.AVOID,0,0,"{'fundamental_score': 5.0, 'technical_score': 0, 'confidence': 0}"
PFOCUS.NS,289.2300109863281,InvestmentDecision.AVOID,0,0,"{'fundamental_score': 4.7, 'technical_score': 0, 'confidence': 0}"
WELENT.NS,594.3499755859375,InvestmentDecision.AVOID,0,0,"{'fundamental_score': 5.75, 'technical_score': 0, 'confidence': 0}"
RAYMONDLSL.NS,707.25,InvestmentDecision.AVOID,0,0,"{'fundamental_score': 4.300000000000001, 'technical_score': 0, 'confidence': 0}"
ISGEC.NS,845.7000122070312,InvestmentDecision.AVOID,0,0,"{'fundamental_score': 4.7, 'technical_score': 0, 'confidence': 0}"
PRAJIND.NS,310.1499938964844,InvestmentDecision.AVOID,0,0,"{'fundamental_score': 4.7, 'technical_score': 0, 'confidence': 0}"
RATEGAIN.NS,908.25,InvestmentDecision.AVOID,0,0,"{'fundamental_score': 5.7, 'technical_score': 0, 'confidence': 0}"
MIDHANI.NS,397.25,InvestmentDecision.AVOID,0,0,"{'fundamental_score': 4.7, 'technical_score': 0, 'confidence': 0}"
KTKBANK.NS,276.75,InvestmentDecision.AVOID,0,0,"{'fundamental_score': 6.6000000000000005, 'technical_score': 0, 'confidence': 0}"
YATHARTH.NS,833.9500122070312,InvestmentDecision.AVOID,0,0,"{'fundamental_score': 6.6, 'technical_score': 0, 'confidence': 0}"
CSBBANK.NS,339.20001220703125,InvestmentDecision.AVOID,0,0,"{'fundamental_score': 7.4, 'technical_score': 0, 'confidence': 0}"
EPL.NS,235.07000732421875,InvestmentDecision.AVOID,0,0,"{'fundamental_score': 5.9, 'technical_score': 0, 'confidence': 0}"
AURIONPRO.NS,731.7000122070312,InvestmentDecision.AVOID,0,0,"{'fundamental_score': 7.6, 'technical_score': 0, 'confidence': 0}"
JUSTDIAL.NS,753.7000122070312,InvestmentDecision.AVOID,0,0,"{'fundamental_score': 8.2, 'technical_score': 0, 'confidence': 0}"
MHRIL.NS,218.27999877929688,InvestmentDecision.AVOID,0,0,"{'fundamental_score': 4.4, 'technical_score': 0, 'confidence': 0}"
THYROCARE.NS,579.7000122070312,InvestmentDecision.AVOID,0,0,"{'fundamental_score': 8.2, 'technical_score': 0, 'confidence': 0}"
ARVINDFASN.NS,456.0,InvestmentDecision.AVOID,0,0,"{'fundamental_score': 5.0, 'technical_score': 0, 'confidence': 0}"
EQUITASBNK.NS,74.62999725341797,InvestmentDecision.AVOID,0,0,"{'fundamental_score': 5.45, 'technical_score': 0, 'confidence': 0}"
ELLEN.NS,270.79998779296875,InvestmentDecision.AVOID,0,0,"{'fundamental_score': 7.7, 'technical_score': 0, 'confidence': 0}"
CMSINFO.NS,271.54998779296875,InvestmentDecision.AVOID,0,0,"{'fundamental_score': 5.5, 'technical_score': 0, 'confidence': 0}"
PGIL.NS,2060.60009765625,InvestmentDecision.AVOID,0,0,"{'fundamental_score': 5.8500000000000005, 'technical_score': 0, 'confidence': 0}"
DHANUKA.NS,999.7999877929688,InvestmentDecision.AVOID,0,0,"{'fundamental_score': 8.1, 'technical_score': 0, 'confidence': 0}"
SYMPHONY.NS,688.5499877929688,InvestmentDecision.AVOID,0,0,"{'fundamental_score': 4.300000000000001, 'technical_score': 0, 'confidence': 0}"
QPOWER.NS,1096.5999755859375,InvestmentDecision.AVOID,0,0,"{'fundamental_score': 8.1, 'technical_score': 0, 'confidence': 0}"
CUPID.NS,233.77000427246094,InvestmentDecision.AVOID,0,0,"{'fundamental_score': 7.8, 'technical_score': 0, 'confidence': 0}"
AHLUCONT.NS,832.75,InvestmentDecision.AVOID,0,0,"{'fundamental_score': 6.2, 'technical_score': 0, 'confidence': 0}"
IFBIND.NS,1312.5999755859375,InvestmentDecision.AVOID,0,0,"{'fundamental_score': 5.9, 'technical_score': 0, 'confidence': 0}"
BAJAJELEC.NS,327.04998779296875,InvestmentDecision.AVOID,0,0,"{'fundamental_score': 5.45, 'technical_score': 0, 'confidence': 0}"
JKPAPER.NS,394.70001220703125,InvestmentDecision.AVOID,0,0,"{'fundamental_score': 6.7, 'technical_score': 0, 'confidence': 0}"
PRICOLLTD.NS,665.0999755859375,InvestmentDecision.AVOID,0,0,"{'fundamental_score': 6.3, 'technical_score': 0, 'confidence': 0}"
AVALON.NS,1640.0,InvestmentDecision.AVOID,0,0,"{'fundamental_score': 6.7, 'technical_score': 0, 'confidence': 0}"
SURYAROSNI.NS,239.35000610351562,InvestmentDecision.AVOID,0,0,"{'fundamental_score': 5.7, 'technical_score': 0, 'confidence': 0}"
HNDFDS.NS,568.0,InvestmentDecision.AVOID,0,0,"{'fundamental_score': 5.75, 'technical_score': 0, 'confidence': 0}"
PURVA.NS,214.97000122070312,InvestmentDecision.AVOID,0,0,"{'fundamental_score': 3.2, 'technical_score': 0, 'confidence': 0}"
AVL.NS,622.2999877929688,InvestmentDecision.AVOID,0,0,"{'fundamental_score': 5.8500000000000005, 'technical_score': 0, 'confidence': 0}"
RTNPOWER.NS,8.510000228881836,InvestmentDecision.AVOID,0,0,"{'fundamental_score': 6.25, 'technical_score': 0, 'confidence': 0}"
RENUKA.NS,21.639999389648438,InvestmentDecision.AVOID,0,0,"{'fundamental_score': 5.9, 'technical_score': 0, 'confidence': 0}"
GREENLAM.NS,253.10000610351562,InvestmentDecision.AVOID,0,0,"{'fundamental_score': 3.8500000000000005, 'technical_score': 0, 'confidence': 0}"
SUPRAJIT.NS,487.1499938964844,InvestmentDecision.AVOID,0,0,"{'fundamental_score': 5.050000000000001, 'technical_score': 0, 'confidence': 0}"
JAYNECOIND.NS,88.36000061035156,InvestmentDecision.AVOID,0,0,"{'fundamental_score': 6.25, 'technical_score': 0, 'confidence': 0}"
VMART.NS,714.1500244140625,InvestmentDecision.AVOID,0,0,"{'fundamental_score': 5.0, 'technical_score': 0, 'confidence': 0}"
IONEXCHANG.NS,418.75,InvestmentDecision.AVOID,0,0,"{'fundamental_score': 5.7, 'technical_score': 0, 'confidence': 0}"
SUNTECK.NS,307.04998779296875,InvestmentDecision.AVOID,0,0,"{'fundamental_score': 8.2, 'technical_score': 0, 'confidence': 0}"
JUNIPER.NS,194.9499969482422,InvestmentDecision.AVOID,0,0,"{'fundamental_score': 5.200000000000001, 'technical_score': 0, 'confidence': 0}"
HGINFRA.NS,536.1500244140625,InvestmentDecision.AVOID,0,0,"{'fundamental_score': 4.2, 'technical_score': 0, 'confidence': 0}"
ICRA.NS,4712.5,InvestmentDecision.AVOID,0,0,"{'fundamental_score': 7.4, 'technical_score': 0, 'confidence': 0}"
SUBROS.NS,777.1500244140625,InvestmentDecision.AVOID,0,0,"{'fundamental_score': 5.500000000000001, 'technical_score': 0, 'confidence': 0}"
AXISCADES.NS,1491.199951171875,InvestmentDecision.AVOID,0,0,"{'fundamental_score': 5.25, 'technical_score': 0, 'confidence': 0}"
RALLIS.NS,218.72999572753906,InvestmentDecision.AVOID,0,0,"{'fundamental_score': 6.7, 'technical_score': 0, 'confidence': 0}"
GOKEX.NS,813.4000244140625,InvestmentDecision.AVOID,0,0,"{'fundamental_score': 3.8500000000000005, 'technical_score': 0, 'confidence': 0}"
MTARTECH.NS,5194.0,InvestmentDecision.AVOID,0,0,"{'fundamental_score': 6.2, 'technical_score': 0, 'confidence': 0}"
GULFOILLUB.NS,1035.5999755859375,InvestmentDecision.AVOID,0,0,"{'fundamental_score': 7.2, 'technical_score': 0, 'confidence': 0}"
CHEMPLASTS.NS,202.13999938964844,InvestmentDecision.AVOID,0,0,"{'fundamental_score': 3.8000000000000003, 'technical_score': 0, 'confidence': 0}"
ASHAPURMIN.NS,681.4000244140625,InvestmentDecision.AVOID,0,0,"{'fundamental_score': 6.75, 'technical_score': 0, 'confidence': 0}"
SWSOLAR.NS,206.38999938964844,InvestmentDecision.AVOID,0,0,"{'fundamental_score': 5.2, 'technical_score': 0, 'confidence': 0}"
SHARDAMOTR.NS,830.5,InvestmentDecision.AVOID,0,0,"{'fundamental_score': 6.3, 'technical_score': 0, 'confidence': 0}"
PICCADIL.NS,737.8499755859375,InvestmentDecision.AVOID,0,0,"{'fundamental_score': 6.35, 'technical_score': 0, 'confidence': 0}"
INDIAGLYCO.NS,1147.9000244140625,InvestmentDecision.AVOID,0,0,"{'fundamental_score': 5.25, 'technical_score': 0, 'confidence': 0}"
MANINFRA.NS,97.41999816894531,InvestmentDecision.AVOID,0,0,"{'fundamental_score': 7.2, 'technical_score': 0, 'confidence': 0}"
VIPIND.NS,296.3999938964844,InvestmentDecision.AVOID,0,0,"{'fundamental_score': 2.8000000000000003, 'technical_score': 0, 'confidence': 0}"
ELECTCAST.NS,71.4800033569336,InvestmentDecision.AVOID,0,0,"{'fundamental_score': 4.7, 'technical_score': 0, 'confidence': 0}"
TIIL.NS,2572.199951171875,InvestmentDecision.AVOID,0,0,"{'fundamental_score': 6.7, 'technical_score': 0, 'confidence': 0}"
PILANIINVS.NS,4240.0,InvestmentDecision.AVOID,0,0,"{'fundamental_score': 4.300000000000001, 'technical_score': 0, 'confidence': 0}"
SMARTWORKS.NS,478.95001220703125,InvestmentDecision.AVOID,0,0,"{'fundamental_score': 5.2, 'technical_score': 0, 'confidence': 0}"
IMFA.NS,1344.5999755859375,InvestmentDecision.AVOID,0,0,"{'fundamental_score': 7.9, 'technical_score': 0, 'confidence': 0}"
SUPRIYA.NS,830.0999755859375,InvestmentDecision.AVOID,0,0,"{'fundamental_score': 8.7, 'technical_score': 0, 'confidence': 0}"
PARAS.NS,1186.0999755859375,InvestmentDecision.AVOID,0,0,"{'fundamental_score': 7.7, 'technical_score': 0, 'confidence': 0}"
GHCL.NS,433.8999938964844,InvestmentDecision.AVOID,0,0,"{'fundamental_score': 7.4, 'technical_score': 0, 'confidence': 0}"
SAATVIKGL.NS,437.8500061035156,InvestmentDecision.AVOID,0,0,"{'fundamental_score': 6.75, 'technical_score': 0, 'confidence': 0}"
EMUDHRA.NS,460.1000061035156,InvestmentDecision.AVOID,0,0,"{'fundamental_score': 7.4, 'technical_score': 0, 'confidence': 0}"
MASFIN.NS,314.75,InvestmentDecision.AVOID,0,0,"{'fundamental_score': 5.5, 'technical_score': 0, 'confidence': 0}"
TEXRAIL.NS,112.36000061035156,InvestmentDecision.AVOID,0,0,"{'fundamental_score': 4.7, 'technical_score': 0, 'confidence': 0}"
SKIPPER.NS,505.25,InvestmentDecision.AVOID,0,0,"{'fundamental_score': 6.25, 'technical_score': 0, 'confidence': 0}"
RAJESHEXPO.NS,86.7300033569336,InvestmentDecision.AVOID,0,0,"{'fundamental_score': 4.300000000000001, 'technical_score': 0, 'confidence': 0}"
STLTECH.NS,530.0499877929688,InvestmentDecision.AVOID,0,0,"{'fundamental_score': 6.25, 'technical_score': 0, 'confidence': 0}"
SENCO.NS,418.6499938964844,InvestmentDecision.AVOID,0,0,"{'fundamental_score': 5.4, 'technical_score': 0, 'confidence': 0}"
FISCHER.NS,36.869998931884766,InvestmentDecision.AVOID,0,0,"{'fundamental_score': 4.7, 'technical_score': 0, 'confidence': 0}"
STYL.NS,350.8500061035156,InvestmentDecision.AVOID,0,0,"{'fundamental_score': 7.9, 'technical_score': 0, 'confidence': 0}"
KSCL.NS,825.5499877929688,InvestmentDecision.AVOID,0,0,"{'fundamental_score': 8.7, 'technical_score': 0, 'confidence': 0}"
ICIL.NS,410.75,InvestmentDecision.AVOID,0,0,"{'fundamental_score': 3.8500000000000005, 'technical_score': 0, 'confidence': 0}"
SHOPERSTOP.NS,384.1499938964844,InvestmentDecision.AVOID,0,0,"{'fundamental_score': 4.4, 'technical_score': 0, 'confidence': 0}"
INDIGOPNTS.NS,1066.5999755859375,InvestmentDecision.AVOID,0,0,"{'fundamental_score': 6.2, 'technical_score': 0, 'confidence': 0}"
FIEMIND.NS,2330.10009765625,InvestmentDecision.AVOID,0,0,"{'fundamental_score': 6.3, 'technical_score': 0, 'confidence': 0}"
TVSSCS.NS,135.60000610351562,InvestmentDecision.AVOID,0,0,"{'fundamental_score': 3.8000000000000003, 'technical_score': 0, 'confidence': 0}"
RESPONIND.NS,172.99000549316406,InvestmentDecision.AVOID,0,0,"{'fundamental_score': 5.7, 'technical_score': 0, 'confidence': 0}"
BANSALWIRE.NS,309.1499938964844,InvestmentDecision.AVOID,0,0,"{'fundamental_score': 6.7, 'technical_score': 0, 'confidence': 0}"
LXCHEM.NS,200.50999450683594,InvestmentDecision.AVOID,0,0,"{'fundamental_score': 4.7, 'technical_score': 0, 'confidence': 0}"
CRIZAC.NS,191.89999389648438,InvestmentDecision.AVOID,0,0,"{'fundamental_score': 7.8, 'technical_score': 0, 'confidence': 0}"
AGI.NS,710.9500122070312,InvestmentDecision.AVOID,0,0,"{'fundamental_score': 6.800000000000001, 'technical_score': 0, 'confidence': 0}"
KNRCON.NS,120.38999938964844,InvestmentDecision.AVOID,0,0,"{'fundamental_score': 6.9, 'technical_score': 0, 'confidence': 0}"
UNIMECH.NS,1191.199951171875,InvestmentDecision.AVOID,0,0,"{'fundamental_score': 7.2, 'technical_score': 0, 'confidence': 0}"
GMMPFAUDLR.NS,805.7999877929688,InvestmentDecision.AVOID,0,0,"{'fundamental_score': 4.25, 'technical_score': 0, 'confidence': 0}"
ASHOKA.NS,122.7300033569336,InvestmentDecision.AVOID,0,0,"{'fundamental_score': 8.7, 'technical_score': 0, 'confidence': 0}"
DYNAMATECH.NS,10343.0,InvestmentDecision.AVOID,0,0,"{'fundamental_score': 3.8500000000000005, 'technical_score': 0, 'confidence': 0}"
E2E.NS,491.45001220703125,InvestmentDecision.AVOID,0,0,"{'fundamental_score': 6.7, 'technical_score': 0, 'confidence': 0}"
GOKULAGRO.NS,223.1999969482422,InvestmentDecision.AVOID,0,0,"{'fundamental_score': 6.3, 'technical_score': 0, 'confidence': 0}"
FEDFINA.NS,155.05999755859375,InvestmentDecision.AVOID,0,0,"{'fundamental_score': 5.9, 'technical_score': 0, 'confidence': 0}"
OPTIEMUS.NS,619.2000122070312,InvestmentDecision.AVOID,0,0,"{'fundamental_score': 4.7, 'technical_score': 0, 'confidence': 0}"
KINGFA.NS,5016.0,InvestmentDecision.AVOID,0,0,"{'fundamental_score': 6.7, 'technical_score': 0, 'confidence': 0}"
KRN.NS,1226.699951171875,InvestmentDecision.AVOID,0,0,"{'fundamental_score': 7.1, 'technical_score': 0, 'confidence': 0}"
DATAMATICS.NS,840.0,InvestmentDecision.AVOID,0,0,"{'fundamental_score': 6.2, 'technical_score': 0, 'confidence': 0}"
WEBELSOLAR.NS,99.45999908447266,InvestmentDecision.AVOID,0,0,"{'fundamental_score': 8.7, 'technical_score': 0, 'confidence': 0}"
EMIL.NS,126.94000244140625,InvestmentDecision.AVOID,0,0,"{'fundamental_score': 3.4000000000000004, 'technical_score': 0, 'confidence': 0}"
PTC.NS,165.91000366210938,InvestmentDecision.AVOID,0,0,"{'fundamental_score': 5.7, 'technical_score': 0, 'confidence': 0}"
ROUTE.NS,547.3499755859375,InvestmentDecision.AVOID,0,0,"{'fundamental_score': 6.7, 'technical_score': 0, 'confidence': 0}"
ITDC.NS,717.3499755859375,InvestmentDecision.AVOID,0,0,"{'fundamental_score': 7.5, 'technical_score': 0, 'confidence': 0}"
RSYSTEMS.NS,254.1999969482422,InvestmentDecision.AVOID,0,0,"{'fundamental_score': 6.7, 'technical_score': 0, 'confidence': 0}"
ZAGGLE.NS,203.7899932861328,InvestmentDecision.AVOID,0,0,"{'fundamental_score': 5.7, 'technical_score': 0, 'confidence': 0}"
GAEL.NS,156.4600067138672,InvestmentDecision.AVOID,0,0,"{'fundamental_score': 5.1000000000000005, 'technical_score': 0, 'confidence': 0}"
ORIANA.NS,1403.0999755859375,InvestmentDecision.AVOID,0,0,"{'fundamental_score': 6.7, 'technical_score': 0, 'confidence': 0}"
SIS.NS,430.5,InvestmentDecision.AVOID,0,0,"{'fundamental_score': 4.25, 'technical_score': 0, 'confidence': 0}"
PDSL.NS,349.70001220703125,InvestmentDecision.AVOID,0,0,"{'fundamental_score': 5.25, 'technical_score': 0, 'confidence': 0}"
SMLMAH.NS,4566.0,InvestmentDecision.AVOID,0,0,"{'fundamental_score': 5.45, 'technical_score': 0, 'confidence': 0}"
HCC.NS,21.350000381469727,InvestmentDecision.AVOID,0,0,"{'fundamental_score': 3.1, 'technical_score': 0, 'confidence': 0}"
VRLLOG.NS,262.5199890136719,InvestmentDecision.AVOID,0,0,"{'fundamental_score': 6.3, 'technical_score': 0, 'confidence': 0}"
ENTERO.NS,1235.800048828125,InvestmentDecision.AVOID,0,0,"{'fundamental_score': 4.7, 'technical_score': 0, 'confidence': 0}"
SUNFLAG.NS,359.3999938964844,InvestmentDecision.AVOID,0,0,"{'fundamental_score': 4.7, 'technical_score': 0, 'confidence': 0}"
SWARAJENG.NS,3558.39990234375,InvestmentDecision.AVOID,0,0,"{'fundamental_score': 5.9, 'technical_score': 0, 'confidence': 0}"
JSFB.NS,572.3499755859375,InvestmentDecision.AVOID,0,0,"{'fundamental_score': 6.800000000000001, 'technical_score': 0, 'confidence': 0}"
JKIL.NS,480.95001220703125,InvestmentDecision.AVOID,0,0,"{'fundamental_score': 6.2, 'technical_score': 0, 'confidence': 0}"
CARERATING.NS,1673.199951171875,InvestmentDecision.AVOID,0,0,"{'fundamental_score': 7.8, 'technical_score': 0, 'confidence': 0}"
ANUP.NS,2117.60009765625,InvestmentDecision.AVOID,0,0,"{'fundamental_score': 7.6, 'technical_score': 0, 'confidence': 0}"
GREAVESCOT.NS,238.67999267578125,InvestmentDecision.AVOID,0,0,"{'fundamental_score': 6.7, 'technical_score': 0, 'confidence': 0}"
SUVEN.NS,313.3500061035156,InvestmentDecision.AVOID,0,0,"{'fundamental_score': 4.7, 'technical_score': 0, 'confidence': 0}"
LGBBROSLTD.NS,1554.300048828125,InvestmentDecision.AVOID,0,0,"{'fundamental_score': 5.9, 'technical_score': 0, 'confidence': 0}"
SKYGOLD.NS,653.5,InvestmentDecision.AVOID,0,0,"{'fundamental_score': 5.8500000000000005, 'technical_score': 0, 'confidence': 0}"
REFEX.NS,328.1000061035156,InvestmentDecision.AVOID,0,0,"{'fundamental_score': 5.9, 'technical_score': 0, 'confidence': 0}"
TARC.NS,130.8800048828125,InvestmentDecision.AVOID,0,0,"{'fundamental_score': 3.2, 'technical_score': 0, 'confidence': 0}"
NIITMTS.NS,231.0800018310547,InvestmentDecision.AVOID,0,0,"{'fundamental_score': 6.800000000000001, 'technical_score': 0, 'confidence': 0}"
DBCORP.NS,208.50999450683594,InvestmentDecision.AVOID,0,0,"{'fundamental_score': 7.6, 'technical_score': 0, 'confidence': 0}"
INNOVACAP.NS,957.25,InvestmentDecision.AVOID,0,0,"{'fundamental_score': 6.2, 'technical_score': 0, 'confidence': 0}"
BALAMINES.NS,2241.5,InvestmentDecision.AVOID,0,0,"{'fundamental_score': 7.6, 'technical_score': 0, 'confidence': 0}"
NACLIND.NS,195.13999938964844,InvestmentDecision.AVOID,0,0,"{'fundamental_score': 6.7, 'technical_score': 0, 'confidence': 0}"
DCBBANK.NS,195.10000610351562,InvestmentDecision.AVOID,0,0,"{'fundamental_score': 7.4, 'technical_score': 0, 'confidence': 0}"
SJS.NS,2347.699951171875,InvestmentDecision.AVOID,0,0,"{'fundamental_score': 7.5, 'technical_score': 0, 'confidence': 0}"
BOSCH-HCIL.NS,1333.800048828125,InvestmentDecision.AVOID,0,0,"{'fundamental_score': 4.300000000000001, 'technical_score': 0, 'confidence': 0}"
NFL.NS,71.30000305175781,InvestmentDecision.AVOID,0,0,"{'fundamental_score': 3.8000000000000003, 'technical_score': 0, 'confidence': 0}"
SPARC.NS,213.1699981689453,InvestmentDecision.AVOID,0,0,"{'fundamental_score': 8.7, 'technical_score': 0, 'confidence': 0}"
INDIQUBE.NS,177.52000427246094,InvestmentDecision.AVOID,0,0,"{'fundamental_score': 3.2, 'technical_score': 0, 'confidence': 0}"
BANARISUG.NS,3482.699951171875,InvestmentDecision.AVOID,0,0,"{'fundamental_score': 4.300000000000001, 'technical_score': 0, 'confidence': 0}"
SHREEJISPG.NS,615.8499755859375,InvestmentDecision.AVOID,0,0,"{'fundamental_score': 8.7, 'technical_score': 0, 'confidence': 0}"
VSTTILLERS.NS,4389.2001953125,InvestmentDecision.AVOID,0,0,"{'fundamental_score': 5.7, 'technical_score': 0, 'confidence': 0}"
INDRAMEDCO.NS,369.29998779296875,InvestmentDecision.AVOID,0,0,"{'fundamental_score': 8.1, 'technical_score': 0, 'confidence': 0}"
PACEDIGITK.NS,197.5500030517578,InvestmentDecision.AVOID,0,0,"{'fundamental_score': 6.7, 'technical_score': 0, 'confidence': 0}"
VSTIND.NS,229.25,InvestmentDecision.AVOID,0,0,"{'fundamental_score': 6.800000000000001, 'technical_score': 0, 'confidence': 0}"
RAIN.NS,220.27999877929688,InvestmentDecision.AVOID,0,0,"{'fundamental_score': 5.8, 'technical_score': 0, 'confidence': 0}"
SAMHI.NS,176.36000061035156,InvestmentDecision.AVOID,0,0,"{'fundamental_score': 7.3500000000000005, 'technical_score': 0, 'confidence': 0}"
HEIDELBERG.NS,155.27000427246094,InvestmentDecision.AVOID,0,0,"{'fundamental_score': 5.7, 'technical_score': 0, 'confidence': 0}"
CEIGALL.NS,324.75,InvestmentDecision.AVOID,0,0,"{'fundamental_score': 6.25, 'technical_score': 0, 'confidence': 0}"
SGMART.NS,711.5499877929688,InvestmentDecision.AVOID,0,0,"{'fundamental_score': 6.7, 'technical_score': 0, 'confidence': 0}"
HERITGFOOD.NS,323.29998779296875,InvestmentDecision.AVOID,0,0,"{'fundamental_score': 5.9, 'technical_score': 0, 'confidence': 0}"
STYRENIX.NS,2441.60009765625,InvestmentDecision.AVOID,0,0,"{'fundamental_score': 6.2, 'technical_score': 0, 'confidence': 0}"
ORIENTCEM.NS,134.72999572753906,InvestmentDecision.AVOID,0,0,"{'fundamental_score': 6.7, 'technical_score': 0, 'confidence': 0}"
AARTIDRUGS.NS,408.29998779296875,InvestmentDecision.AVOID,0,0,"{'fundamental_score': 6.2, 'technical_score': 0, 'confidence': 0}"
ORIENTELEC.NS,170.50999450683594,InvestmentDecision.AVOID,0,0,"{'fundamental_score': 5.9, 'technical_score': 0, 'confidence': 0}"
GUJTHEM.NS,355.8999938964844,InvestmentDecision.AVOID,0,0,"{'fundamental_score': 7.75, 'technical_score': 0, 'confidence': 0}"
GOPAL.NS,262.3500061035156,InvestmentDecision.AVOID,0,0,"{'fundamental_score': 5.9, 'technical_score': 0, 'confidence': 0}"
BHARATRAS.NS,1275.9000244140625,InvestmentDecision.AVOID,0,0,"{'fundamental_score': 6.2, 'technical_score': 0, 'confidence': 0}"
RBA.NS,66.66999816894531,InvestmentDecision.AVOID,0,0,"{'fundamental_score': 2.8000000000000003, 'technical_score': 0, 'confidence': 0}"
LUMAXIND.NS,5118.0,InvestmentDecision.AVOID,0,0,"{'fundamental_score': 5.4, 'technical_score': 0, 'confidence': 0}"
ZOTA.NS,1274.9000244140625,InvestmentDecision.AVOID,0,0,"{'fundamental_score': 4.7, 'technical_score': 0, 'confidence': 0}"
AVANTEL.NS,161.42999267578125,InvestmentDecision.AVOID,0,0,"{'fundamental_score': 6.7, 'technical_score': 0, 'confidence': 0}"
EIEL.NS,216.07000732421875,InvestmentDecision.AVOID,0,0,"{'fundamental_score': 7.9, 'technical_score': 0, 'confidence': 0}"
HUBTOWN.NS,189.6199951171875,InvestmentDecision.AVOID,0,0,"{'fundamental_score': 6.2, 'technical_score': 0, 'confidence': 0}"
KITEX.NS,145.02999877929688,InvestmentDecision.AVOID,0,0,"{'fundamental_score': 3.8500000000000005, 'technical_score': 0, 'confidence': 0}"
RAYMONDREL.NS,662.0999755859375,InvestmentDecision.AVOID,0,0,"{'fundamental_score': 6.75, 'technical_score': 0, 'confidence': 0}"
SANATHAN.NS,476.04998779296875,InvestmentDecision.AVOID,0,0,"{'fundamental_score': 3.8500000000000005, 'technical_score': 0, 'confidence': 0}"
NORTHARC.NS,285.3500061035156,InvestmentDecision.AVOID,0,0,"{'fundamental_score': 5.9, 'technical_score': 0, 'confidence': 0}"
JAMNAAUTO.NS,131.97000122070312,InvestmentDecision.AVOID,0,0,"{'fundamental_score': 6.3, 'technical_score': 0, 'confidence': 0}"
GUJALKALI.NS,699.9500122070312,InvestmentDecision.AVOID,0,0,"{'fundamental_score': 8.2, 'technical_score': 0, 'confidence': 0}"
DCAL.NS,182.07000732421875,InvestmentDecision.AVOID,0,0,"{'fundamental_score': 4.7, 'technical_score': 0, 'confidence': 0}"
AWFIS.NS,281.8500061035156,InvestmentDecision.AVOID,0,0,"{'fundamental_score': 4.7, 'technical_score': 0, 'confidence': 0}"
MOSCHIP.NS,211.02999877929688,InvestmentDecision.AVOID,0,0,"{'fundamental_score': 6.7, 'technical_score': 0, 'confidence': 0}"
RAMKY.NS,371.45001220703125,InvestmentDecision.AVOID,0,0,"{'fundamental_score': 7.1, 'technical_score': 0, 'confidence': 0}"
GOLDIAM.NS,352.79998779296875,InvestmentDecision.AVOID,0,0,"{'fundamental_score': 7.5, 'technical_score': 0, 'confidence': 0}"
JTEKTINDIA.NS,135.1699981689453,InvestmentDecision.AVOID,0,0,"{'fundamental_score': 4.300000000000001, 'technical_score': 0, 'confidence': 0}"
HEMIPROP.NS,133.97000122070312,InvestmentDecision.AVOID,0,0,"{'fundamental_score': 4.7, 'technical_score': 0, 'confidence': 0}"
63MOONS.NS,778.4500122070312,InvestmentDecision.AVOID,0,0,"{'fundamental_score': 4.7, 'technical_score': 0, 'confidence': 0}"
KIRLOSIND.NS,3761.5,InvestmentDecision.AVOID,0,0,"{'fundamental_score': 4.7, 'technical_score': 0, 'confidence': 0}"
SHANTIGEAR.NS,419.95001220703125,InvestmentDecision.AVOID,0,0,"{'fundamental_score': 8.1, 'technical_score': 0, 'confidence': 0}"
SINDHUTRAD.NS,25.049999237060547,InvestmentDecision.AVOID,0,0,"{'fundamental_score': 4.7, 'technical_score': 0, 'confidence': 0}"
BOROLTD.NS,228.89999389648438,InvestmentDecision.AVOID,0,0,"{'fundamental_score': 4.300000000000001, 'technical_score': 0, 'confidence': 0}"
MARATHON.NS,383.5,InvestmentDecision.AVOID,0,0,"{'fundamental_score': 7.2, 'technical_score': 0, 'confidence': 0}"
CAMLINFINE.NS,126.58999633789062,InvestmentDecision.AVOID,0,0,"{'fundamental_score': 4.25, 'technical_score': 0, 'confidence': 0}"
UFLEX.NS,478.75,InvestmentDecision.AVOID,0,0,"{'fundamental_score': 3.4000000000000004, 'technical_score': 0, 'confidence': 0}"
VAIBHAVGBL.NS,271.20001220703125,InvestmentDecision.AVOID,0,0,"{'fundamental_score': 5.9, 'technical_score': 0, 'confidence': 0}"
UEL.NS,120.93000030517578,InvestmentDecision.AVOID,0,0,"{'fundamental_score': 6.7, 'technical_score': 0, 'confidence': 0}"
RPGLIFE.NS,2888.699951171875,InvestmentDecision.AVOID,0,0,"{'fundamental_score': 8.4, 'technical_score': 0, 'confidence': 0}"
RAYMOND.NS,576.7999877929688,InvestmentDecision.AVOID,0,0,"{'fundamental_score': 6.2, 'technical_score': 0, 'confidence': 0}"
ORCHPHARMA.NS,985.3499755859375,InvestmentDecision.AVOID,0,0,"{'fundamental_score': 6.7, 'technical_score': 0, 'confidence': 0}"
LUXIND.NS,1236.9000244140625,InvestmentDecision.AVOID,0,0,"{'fundamental_score': 4.300000000000001, 'technical_score': 0, 'confidence': 0}"
MPSLTD.NS,2683.39990234375,InvestmentDecision.AVOID,0,0,"{'fundamental_score': 8.2, 'technical_score': 0, 'confidence': 0}"
MCLOUD.NS,28.639999389648438,InvestmentDecision.AVOID,0,0,"{'fundamental_score': 8.4, 'technical_score': 0, 'confidence': 0}"
TRUALT.NS,430.1499938964844,InvestmentDecision.AVOID,0,0,"{'fundamental_score': 5.0, 'technical_score': 0, 'confidence': 0}"
AJMERA.NS,126.97000122070312,InvestmentDecision.AVOID,0,0,"{'fundamental_score': 6.6, 'technical_score': 0, 'confidence': 0}"
GOODLUCK.NS,1525.800048828125,InvestmentDecision.AVOID,0,0,"{'fundamental_score': 5.75, 'technical_score': 0, 'confidence': 0}"
VADILALIND.NS,6741.5,InvestmentDecision.AVOID,0,0,"{'fundamental_score': 6.3, 'technical_score': 0, 'confidence': 0}"
EBGNG.NS,560.5,InvestmentDecision.AVOID,0,0,"{'fundamental_score': 6.75, 'technical_score': 0, 'confidence': 0}"
QUESS.NS,303.25,InvestmentDecision.AVOID,0,0,"{'fundamental_score': 7.2, 'technical_score': 0, 'confidence': 0}"
WONDERLA.NS,461.6000061035156,InvestmentDecision.AVOID,0,0,"{'fundamental_score': 5.500000000000001, 'technical_score': 0, 'confidence': 0}"
GREENPLY.NS,282.29998779296875,InvestmentDecision.AVOID,0,0,"{'fundamental_score': 6.25, 'technical_score': 0, 'confidence': 0}"
NEOGEN.NS,2024.300048828125,InvestmentDecision.AVOID,0,0,"{'fundamental_score': 5.2, 'technical_score': 0, 'confidence': 0}"
INTERARCH.NS,1816.699951171875,InvestmentDecision.AVOID,0,0,"{'fundamental_score': 6.7, 'technical_score': 0, 'confidence': 0}"
PRECWIRE.NS,366.6000061035156,InvestmentDecision.AVOID,0,0,"{'fundamental_score': 7.2, 'technical_score': 0, 'confidence': 0}"
KOLTEPATIL.NS,394.5,InvestmentDecision.AVOID,0,0,"{'fundamental_score': 4.25, 'technical_score': 0, 'confidence': 0}"
JINDWORLD.NS,38.15999984741211,InvestmentDecision.AVOID,0,0,"{'fundamental_score': 3.8500000000000005, 'technical_score': 0, 'confidence': 0}"
MBAPL.NS,164.0,InvestmentDecision.AVOID,0,0,"{'fundamental_score': 5.2, 'technical_score': 0, 'confidence': 0}"
ARSSBL.NS,509.8999938964844,InvestmentDecision.AVOID,0,0,"{'fundamental_score': 6.65, 'technical_score': 0, 'confidence': 0}"
MEDIASSIST.NS,347.20001220703125,InvestmentDecision.AVOID,0,0,"{'fundamental_score': 6.2, 'technical_score': 0, 'confidence': 0}"
NPST.NS,1550.699951171875,InvestmentDecision.AVOID,0,0,"{'fundamental_score': 8.2, 'technical_score': 0, 'confidence': 0}"
CENTUM.NS,3455.89990234375,InvestmentDecision.AVOID,0,0,"{'fundamental_score': 7.2, 'technical_score': 0, 'confidence': 0}"
HARSHA.NS,404.45001220703125,InvestmentDecision.AVOID,0,0,"{'fundamental_score': 5.7, 'technical_score': 0, 'confidence': 0}"
GOCOLORS.NS,313.6499938964844,InvestmentDecision.AVOID,0,0,"{'fundamental_score': 3.8500000000000005, 'technical_score': 0, 'confidence': 0}"
NSIL.NS,5434.5,InvestmentDecision.AVOID,0,0,"{'fundamental_score': 5.800000000000001, 'technical_score': 0, 'confidence': 0}"
GKENERGY.NS,134.6699981689453,InvestmentDecision.AVOID,0,0,"{'fundamental_score': 7.2, 'technical_score': 0, 'confidence': 0}"
INDOSTAR.NS,269.75,InvestmentDecision.AVOID,0,0,"{'fundamental_score': 3.4000000000000004, 'technical_score': 0, 'confidence': 0}"
KSL.NS,906.4500122070312,InvestmentDecision.AVOID,0,0,"{'fundamental_score': 6.7, 'technical_score': 0, 'confidence': 0}"
ROLEXRINGS.NS,137.55999755859375,InvestmentDecision.AVOID,0,0,"{'fundamental_score': 7.1, 'technical_score': 0, 'confidence': 0}"
ADVENZYMES.NS,310.8500061035156,InvestmentDecision.AVOID,0,0,"{'fundamental_score': 7.2, 'technical_score': 0, 'confidence': 0}"
SHAREINDIA.NS,179.2100067138672,InvestmentDecision.AVOID,0,0,"{'fundamental_score': 7.4, 'technical_score': 0, 'confidence': 0}"
POCL.NS,527.7000122070312,InvestmentDecision.AVOID,0,0,"{'fundamental_score': 7.2, 'technical_score': 0, 'confidence': 0}"
GUFICBIO.NS,387.75,InvestmentDecision.AVOID,0,0,"{'fundamental_score': 5.25, 'technical_score': 0, 'confidence': 0}"
UNICHEMLAB.NS,533.5499877929688,InvestmentDecision.AVOID,0,0,"{'fundamental_score': 5.7, 'technical_score': 0, 'confidence': 0}"
MSTCLTD.NS,596.5499877929688,InvestmentDecision.AVOID,0,0,"{'fundamental_score': 8.7, 'technical_score': 0, 'confidence': 0}"
ROSSARI.NS,504.29998779296875,InvestmentDecision.AVOID,0,0,"{'fundamental_score': 6.7, 'technical_score': 0, 'confidence': 0}"
JUBLCPL.NS,1811.5,InvestmentDecision.AVOID,0,0,"{'fundamental_score': 7.2, 'technical_score': 0, 'confidence': 0}"
CYIENTDLM.NS,681.75,InvestmentDecision.AVOID,0,0,"{'fundamental_score': 6.7, 'technical_score': 0, 'confidence': 0}"
SUNCLAY.NS,1277.800048828125,InvestmentDecision.AVOID,0,0,"{'fundamental_score': 5.8, 'technical_score': 0, 'confidence': 0}"
RPEL.NS,1264.4000244140625,InvestmentDecision.AVOID,0,0,"{'fundamental_score': 8.2, 'technical_score': 0, 'confidence': 0}"
BALMLAWRIE.NS,175.97999572753906,InvestmentDecision.AVOID,0,0,"{'fundamental_score': 6.2, 'technical_score': 0, 'confidence': 0}"
ARTEMISMED.NS,298.6000061035156,InvestmentDecision.AVOID,0,0,"{'fundamental_score': 5.7, 'technical_score': 0, 'confidence': 0}"
PRINCEPIPE.NS,259.79998779296875,InvestmentDecision.AVOID,0,0,"{'fundamental_score': 4.7, 'technical_score': 0, 'confidence': 0}"
JISLJALEQS.NS,30.06999969482422,InvestmentDecision.AVOID,0,0,"{'fundamental_score': 4.25, 'technical_score': 0, 'confidence': 0}"
PITTIENG.NS,914.4500122070312,InvestmentDecision.AVOID,0,0,"{'fundamental_score': 5.75, 'technical_score': 0, 'confidence': 0}"
FOSECOIND.NS,4975.5,InvestmentDecision.AVOID,0,0,"{'fundamental_score': 7.6, 'technical_score': 0, 'confidence': 0}"
DPABHUSHAN.NS,1384.0,InvestmentDecision.AVOID,0,0,"{'fundamental_score': 5.9, 'technical_score': 0, 'confidence': 0}"
SSWL.NS,294.9200134277344,InvestmentDecision.AVOID,0,0,"{'fundamental_score': 5.9, 'technical_score': 0, 'confidence': 0}"
BHAGCHEM.NS,263.3999938964844,InvestmentDecision.AVOID,0,0,"{'fundamental_score': 4.7, 'technical_score': 0, 'confidence': 0}"
BAJAJCON.NS,530.9500122070312,InvestmentDecision.AVOID,0,0,"{'fundamental_score': 7.4, 'technical_score': 0, 'confidence': 0}"
NAVNETEDUL.NS,142.6999969482422,InvestmentDecision.AVOID,0,0,"{'fundamental_score': 8.2, 'technical_score': 0, 'confidence': 0}"
INDOTHAI.NS,217.94000244140625,InvestmentDecision.AVOID,0,0,"{'fundamental_score': 7.4, 'technical_score': 0, 'confidence': 0}"
GREENPANEL.NS,191.5399932861328,InvestmentDecision.AVOID,0,0,"{'fundamental_score': 4.7, 'technical_score': 0, 'confidence': 0}"
BBL.NS,2523.39990234375,InvestmentDecision.AVOID,0,0,"{'fundamental_score': 4.7, 'technical_score': 0, 'confidence': 0}"
PROTEAN.NS,623.5,InvestmentDecision.AVOID,0,0,"{'fundamental_score': 5.7, 'technical_score': 0, 'confidence': 0}"
VISHNU.NS,620.2999877929688,InvestmentDecision.AVOID,0,0,"{'fundamental_score': 6.2, 'technical_score': 0, 'confidence': 0}"
SAMBHV.NS,115.80999755859375,InvestmentDecision.AVOID,0,0,"{'fundamental_score': 7.2, 'technical_score': 0, 'confidence': 0}"
BOMDYEING.NS,120.41999816894531,InvestmentDecision.AVOID,0,0,"{'fundamental_score': 4.300000000000001, 'technical_score': 0, 'confidence': 0}"
SWANDEF.NS,2408.300048828125,InvestmentDecision.AVOID,0,0,"{'fundamental_score': 3.2, 'technical_score': 0, 'confidence': 0}"
PARAGMILK.NS,219.8699951171875,InvestmentDecision.AVOID,0,0,"{'fundamental_score': 5.1000000000000005, 'technical_score': 0, 'confidence': 0}"
SENORES.NS,1323.9000244140625,InvestmentDecision.AVOID,0,0,"{'fundamental_score': 8.2, 'technical_score': 0, 'confidence': 0}"
HLEGLAS.NS,428.0,InvestmentDecision.AVOID,0,0,"{'fundamental_score': 5.25, 'technical_score': 0, 'confidence': 0}"
HIKAL.NS,216.99000549316406,InvestmentDecision.AVOID,0,0,"{'fundamental_score': 6.7, 'technical_score': 0, 'confidence': 0}"
FLAIR.NS,255.10000610351562,InvestmentDecision.AVOID,0,0,"{'fundamental_score': 6.2, 'technical_score': 0, 'confidence': 0}"
KIRIINDUS.NS,404.0,InvestmentDecision.AVOID,0,0,"{'fundamental_score': 8.7, 'technical_score': 0, 'confidence': 0}"
KKCL.NS,497.20001220703125,InvestmentDecision.AVOID,0,0,"{'fundamental_score': 5.500000000000001, 'technical_score': 0, 'confidence': 0}"
MAHLOG.NS,410.3999938964844,InvestmentDecision.AVOID,0,0,"{'fundamental_score': 6.7, 'technical_score': 0, 'confidence': 0}"
EPACK.NS,231.8300018310547,InvestmentDecision.AVOID,0,0,"{'fundamental_score': 3.8500000000000005, 'technical_score': 0, 'confidence': 0}"
ARKADE.NS,132.64999389648438,InvestmentDecision.AVOID,0,0,"{'fundamental_score': 5.5, 'technical_score': 0, 'confidence': 0}"
PSPPROJECT.NS,1022.0,InvestmentDecision.AVOID,0,0,"{'fundamental_score': 6.7, 'technical_score': 0, 'confidence': 0}"
STYLAMIND.NS,3407.300048828125,InvestmentDecision.AVOID,0,0,"{'fundamental_score': 6.800000000000001, 'technical_score': 0, 'confidence': 0}"
KRISHANA.NS,164.8000030517578,InvestmentDecision.AVOID,0,0,"{'fundamental_score': 5.8, 'technical_score': 0, 'confidence': 0}"
PARKHOTELS.NS,119.94999694824219,InvestmentDecision.AVOID,0,0,"{'fundamental_score': 4.300000000000001, 'technical_score': 0, 'confidence': 0}"
GATEWAY.NS,58.459999084472656,InvestmentDecision.AVOID,0,0,"{'fundamental_score': 5.7, 'technical_score': 0, 'confidence': 0}"
PRABHA.NS,142.72000122070312,InvestmentDecision.AVOID,0,0,"{'fundamental_score': 4.300000000000001, 'technical_score': 0, 'confidence': 0}"
IMAGICAA.NS,46.290000915527344,InvestmentDecision.AVOID,0,0,"{'fundamental_score': 4.7, 'technical_score': 0, 'confidence': 0}"
JASH.NS,507.5,InvestmentDecision.AVOID,0,0,"{'fundamental_score': 6.7, 'technical_score': 0, 'confidence': 0}"
GLOBUSSPR.NS,874.25,InvestmentDecision.AVOID,0,0,"{'fundamental_score': 5.9, 'technical_score': 0, 'confidence': 0}"
PAISALO.NS,71.38999938964844,InvestmentDecision.AVOID,0,0,"{'fundamental_score': 5.5, 'technical_score': 0, 'confidence': 0}"
DDEVPLSTIK.NS,272.25,InvestmentDecision.AVOID,0,0,"{'fundamental_score': 7.2, 'technical_score': 0, 'confidence': 0}"
PATELENG.NS,27.059999465942383,InvestmentDecision.AVOID,0,0,"{'fundamental_score': 4.7, 'technical_score': 0, 'confidence': 0}"
PENIND.NS,165.1999969482422,InvestmentDecision.AVOID,0,0,"{'fundamental_score': 5.75, 'technical_score': 0, 'confidence': 0}"
WSTCSTPAPR.NS,570.2999877929688,InvestmentDecision.AVOID,0,0,"{'fundamental_score': 4.7, 'technical_score': 0, 'confidence': 0}"
GANECOS.NS,1184.3499755859375,InvestmentDecision.AVOID,0,0,"{'fundamental_score': 4.300000000000001, 'technical_score': 0, 'confidence': 0}"
KDDL.NS,3124.699951171875,InvestmentDecision.AVOID,0,0,"{'fundamental_score': 4.300000000000001, 'technical_score': 0, 'confidence': 0}"
MAITHANALL.NS,962.5,InvestmentDecision.AVOID,0,0,"{'fundamental_score': 7.2, 'technical_score': 0, 'confidence': 0}"
POLYPLEX.NS,1141.3499755859375,InvestmentDecision.AVOID,0,0,"{'fundamental_score': 4.7, 'technical_score': 0, 'confidence': 0}"
DEEPINDS.NS,506.95001220703125,InvestmentDecision.AVOID,0,0,"{'fundamental_score': 7.4, 'technical_score': 0, 'confidence': 0}"
SAGCEM.NS,178.27000427246094,InvestmentDecision.AVOID,0,0,"{'fundamental_score': 6.25, 'technical_score': 0, 'confidence': 0}"
SIYSIL.NS,619.5999755859375,InvestmentDecision.AVOID,0,0,"{'fundamental_score': 5.9, 'technical_score': 0, 'confidence': 0}"
EUROPRATIK.NS,306.75,InvestmentDecision.AVOID,0,0,"{'fundamental_score': 8.7, 'technical_score': 0, 'confidence': 0}"
HPL.NS,334.25,InvestmentDecision.AVOID,0,0,"{'fundamental_score': 5.25, 'technical_score': 0, 'confidence': 0}"
EASEMYTRIP.NS,6.730000019073486,InvestmentDecision.AVOID,0,0,"{'fundamental_score': 4.300000000000001, 'technical_score': 0, 'confidence': 0}"
ASHIANA.NS,385.8500061035156,InvestmentDecision.AVOID,0,0,"{'fundamental_score': 6.2, 'technical_score': 0, 'confidence': 0}"
TCPLPACK.NS,3234.60009765625,InvestmentDecision.AVOID,0,0,"{'fundamental_score': 5.050000000000001, 'technical_score': 0, 'confidence': 0}"
BRIGHOTEL.NS,59.86000061035156,InvestmentDecision.AVOID,0,0,"{'fundamental_score': 5.1000000000000005, 'technical_score': 0, 'confidence': 0}"
SANDHAR.NS,584.8499755859375,InvestmentDecision.AVOID,0,0,"{'fundamental_score': 5.45, 'technical_score': 0, 'confidence': 0}"
SHK.NS,163.44000244140625,InvestmentDecision.AVOID,0,0,"{'fundamental_score': 4.25, 'technical_score': 0, 'confidence': 0}"
TFCILTD.NS,100.56999969482422,InvestmentDecision.AVOID,0,0,"{'fundamental_score': 6.95, 'technical_score': 0, 'confidence': 0}"
RAMRAT.NS,456.5,InvestmentDecision.AVOID,0,0,"{'fundamental_score': 6.3, 'technical_score': 0, 'confidence': 0}"
SUNDROP.NS,674.0,InvestmentDecision.AVOID,0,0,"{'fundamental_score': 4.300000000000001, 'technical_score': 0, 'confidence': 0}"
EFCIL.NS,197.88999938964844,InvestmentDecision.AVOID,0,0,"{'fundamental_score': 7.2, 'technical_score': 0, 'confidence': 0}"
ORISSAMINE.NS,3771.800048828125,InvestmentDecision.AVOID,0,0,"{'fundamental_score': 6.7, 'technical_score': 0, 'confidence': 0}"
VEEDOL.NS,1391.0,InvestmentDecision.AVOID,0,0,"{'fundamental_score': 7.2, 'technical_score': 0, 'confidence': 0}"
TEAMLEASE.NS,1300.5,InvestmentDecision.AVOID,0,0,"{'fundamental_score': 6.2, 'technical_score': 0, 'confidence': 0}"
AGIIL.NS,305.3500061035156,InvestmentDecision.AVOID,0,0,"{'fundamental_score': 8.7, 'technical_score': 0, 'confidence': 0}"
NOCIL.NS,160.9600067138672,InvestmentDecision.AVOID,0,0,"{'fundamental_score': 4.7, 'technical_score': 0, 'confidence': 0}"
EMSLIMITED.NS,388.95001220703125,InvestmentDecision.AVOID,0,0,"{'fundamental_score': 5.6, 'technical_score': 0, 'confidence': 0}"
PREMEXPLN.NS,663.1500244140625,InvestmentDecision.AVOID,0,0,"{'fundamental_score': 6.7, 'technical_score': 0, 'confidence': 0}"
MANINDS.NS,526.0499877929688,InvestmentDecision.AVOID,0,0,"{'fundamental_score': 5.7, 'technical_score': 0, 'confidence': 0}"
TIRUMALCHM.NS,172.4600067138672,InvestmentDecision.AVOID,0,0,"{'fundamental_score': 3.8000000000000003, 'technical_score': 0, 'confidence': 0}"
SANGHVIMOV.NS,436.45001220703125,InvestmentDecision.AVOID,0,0,"{'fundamental_score': 7.45, 'technical_score': 0, 'confidence': 0}"
FMGOETZE.NS,483.79998779296875,InvestmentDecision.AVOID,0,0,"{'fundamental_score': 5.500000000000001, 'technical_score': 0, 'confidence': 0}"
SBCL.NS,739.0999755859375,InvestmentDecision.AVOID,0,0,"{'fundamental_score': 8.4, 'technical_score': 0, 'confidence': 0}"
FCL.NS,39.349998474121094,InvestmentDecision.AVOID,0,0,"{'fundamental_score': 7.6, 'technical_score': 0, 'confidence': 0}"
VIMTALABS.NS,601.9500122070312,InvestmentDecision.AVOID,0,0,"{'fundamental_score': 8.2, 'technical_score': 0, 'confidence': 0}"
MUTHOOTMF.NS,255.80999755859375,InvestmentDecision.AVOID,0,0,"{'fundamental_score': 4.0, 'technical_score': 0, 'confidence': 0}"
MARINE.NS,265.29998779296875,InvestmentDecision.AVOID,0,0,"{'fundamental_score': 6.2, 'technical_score': 0, 'confidence': 0}"
ARVSMART.NS,593.0,InvestmentDecision.AVOID,0,0,"{'fundamental_score': 6.95, 'technical_score': 0, 'confidence': 0}"
DALMIASUG.NS,357.6000061035156,InvestmentDecision.AVOID,0,0,"{'fundamental_score': 3.8500000000000005, 'technical_score': 0, 'confidence': 0}"
KPEL.NS,311.45001220703125,InvestmentDecision.AVOID,0,0,"{'fundamental_score': 7.199999999999999, 'technical_score': 0, 'confidence': 0}"
GIPCL.NS,161.67999267578125,InvestmentDecision.AVOID,0,0,"{'fundamental_score': 7.75, 'technical_score': 0, 'confidence': 0}"
ALPEXSOLAR.NS,816.5999755859375,InvestmentDecision.AVOID,0,0,"{'fundamental_score': 6.7, 'technical_score': 0, 'confidence': 0}"
PRAKASH.NS,125.91999816894531,InvestmentDecision.AVOID,0,0,"{'fundamental_score': 5.7, 'technical_score': 0, 'confidence': 0}"
RPSGVENT.NS,940.0499877929688,InvestmentDecision.AVOID,0,0,"{'fundamental_score': 3.2, 'technical_score': 0, 'confidence': 0}"
BCG.NS,9.300000190734863,InvestmentDecision.AVOID,0,0,"{'fundamental_score': 6.6, 'technical_score': 0, 'confidence': 0}"
TATVA.NS,1718.199951171875,InvestmentDecision.AVOID,0,0,"{'fundamental_score': 6.7, 'technical_score': 0, 'confidence': 0}"
IOLCP.NS,147.35000610351562,InvestmentDecision.AVOID,0,0,"{'fundamental_score': 4.7, 'technical_score': 0, 'confidence': 0}"
BAJAJHIND.NS,16.920000076293945,InvestmentDecision.AVOID,0,0,"{'fundamental_score': 3.8500000000000005, 'technical_score': 0, 'confidence': 0}"
BFUTILITIE.NS,569.2999877929688,InvestmentDecision.AVOID,0,0,"{'fundamental_score': 7.45, 'technical_score': 0, 'confidence': 0}"
RAMCOIND.NS,332.04998779296875,InvestmentDecision.AVOID,0,0,"{'fundamental_score': 5.9, 'technical_score': 0, 'confidence': 0}"
TVSSRICHAK.NS,3949.60009765625,InvestmentDecision.AVOID,0,0,"{'fundamental_score': 3.8500000000000005, 'technical_score': 0, 'confidence': 0}"
EPACKPEB.NS,263.7099914550781,InvestmentDecision.AVOID,0,0,"{'fundamental_score': 6.7, 'technical_score': 0, 'confidence': 0}"
POKARNA.NS,923.2000122070312,InvestmentDecision.AVOID,0,0,"{'fundamental_score': 6.15, 'technical_score': 0, 'confidence': 0}"
JTLIND.NS,71.7300033569336,InvestmentDecision.AVOID,0,0,"{'fundamental_score': 4.7, 'technical_score': 0, 'confidence': 0}"
EVEREADY.NS,348.79998779296875,InvestmentDecision.AVOID,0,0,"{'fundamental_score': 7.2, 'technical_score': 0, 'confidence': 0}"
CARRARO.NS,529.1500244140625,InvestmentDecision.AVOID,0,0,"{'fundamental_score': 6.3, 'technical_score': 0, 'confidence': 0}"
NRBBEARING.NS,422.79998779296875,InvestmentDecision.AVOID,0,0,"{'fundamental_score': 5.9, 'technical_score': 0, 'confidence': 0}"
HONDAPOWER.NS,2090.800048828125,InvestmentDecision.AVOID,0,0,"{'fundamental_score': 4.7, 'technical_score': 0, 'confidence': 0}"
SAKSOFT.NS,162.47000122070312,InvestmentDecision.AVOID,0,0,"{'fundamental_score': 8.1, 'technical_score': 0, 'confidence': 0}"
MOREPENLAB.NS,57.849998474121094,InvestmentDecision.AVOID,0,0,"{'fundamental_score': 4.7, 'technical_score': 0, 'confidence': 0}"
HIRECT.NS,1311.5,InvestmentDecision.AVOID,0,0,"{'fundamental_score': 6.3, 'technical_score': 0, 'confidence': 0}"
VENUSPIPES.NS,1661.4000244140625,InvestmentDecision.AVOID,0,0,"{'fundamental_score': 6.7, 'technical_score': 0, 'confidence': 0}"
SOTL.NS,609.2999877929688,InvestmentDecision.AVOID,0,0,"{'fundamental_score': 5.7, 'technical_score': 0, 'confidence': 0}"
ALLCARGO.NS,8.0,InvestmentDecision.AVOID,0,0,"{'fundamental_score': 3.8000000000000003, 'technical_score': 0, 'confidence': 0}"
MTNL.NS,26.75,InvestmentDecision.AVOID,0,0,"{'fundamental_score': 6.7, 'technical_score': 0, 'confidence': 0}"
RELTD.NS,174.7899932861328,InvestmentDecision.AVOID,0,0,"{'fundamental_score': 6.6, 'technical_score': 0, 'confidence': 0}"
ALEMBICLTD.NS,89.2300033569336,InvestmentDecision.AVOID,0,0,"{'fundamental_score': 7.7, 'technical_score': 0, 'confidence': 0}"
DIGITIDE.NS,100.19000244140625,InvestmentDecision.AVOID,0,0,"{'fundamental_score': 6.25, 'technical_score': 0, 'confidence': 0}"
UTKARSHBNK.NS,14.449999809265137,InvestmentDecision.AVOID,0,0,"{'fundamental_score': 4.300000000000001, 'technical_score': 0, 'confidence': 0}"
NUCLEUS.NS,724.8499755859375,InvestmentDecision.AVOID,0,0,"{'fundamental_score': 7.1, 'technical_score': 0, 'confidence': 0}"
SERVOTECH.NS,92.25,InvestmentDecision.AVOID,0,0,"{'fundamental_score': 6.25, 'technical_score': 0, 'confidence': 0}"
AUTOAXLES.NS,1799.0999755859375,InvestmentDecision.AVOID,0,0,"{'fundamental_score': 5.9, 'technical_score': 0, 'confidence': 0}"
HMT.NS,59.880001068115234,InvestmentDecision.AVOID,0,0,"{'fundamental_score': 6.7, 'technical_score': 0, 'confidence': 0}"
LAOPALA.NS,187.14999389648438,InvestmentDecision.AVOID,0,0,"{'fundamental_score': 6.6000000000000005, 'technical_score': 0, 'confidence': 0}"
DCXINDIA.NS,178.7100067138672,InvestmentDecision.AVOID,0,0,"{'fundamental_score': 4.7, 'technical_score': 0, 'confidence': 0}"
HINDWAREAP.NS,217.0,InvestmentDecision.AVOID,0,0,"{'fundamental_score': 3.4000000000000004, 'technical_score': 0, 'confidence': 0}"
INDOCO.NS,228.0500030517578,InvestmentDecision.AVOID,0,0,"{'fundamental_score': 5.8, 'technical_score': 0, 'confidence': 0}"
WINDMACHIN.NS,276.8500061035156,InvestmentDecision.AVOID,0,0,"{'fundamental_score': 4.7, 'technical_score': 0, 'confidence': 0}"
SOLARWORLD.NS,198.1199951171875,InvestmentDecision.AVOID,0,0,"{'fundamental_score': 7.2, 'technical_score': 0, 'confidence': 0}"
TAJGVK.NS,360.04998779296875,InvestmentDecision.AVOID,0,0,"{'fundamental_score': 7.8, 'technical_score': 0, 'confidence': 0}"
NITCO.NS,103.77999877929688,InvestmentDecision.AVOID,0,0,"{'fundamental_score': 5.25, 'technical_score': 0, 'confidence': 0}"
SIRCA.NS,391.29998779296875,InvestmentDecision.AVOID,0,0,"{'fundamental_score': 7.6, 'technical_score': 0, 'confidence': 0}"
VIKRAN.NS,70.70999908447266,InvestmentDecision.AVOID,0,0,"{'fundamental_score': 5.7, 'technical_score': 0, 'confidence': 0}"
KALAMANDIR.NS,87.87000274658203,InvestmentDecision.AVOID,0,0,"{'fundamental_score': 5.9, 'technical_score': 0, 'confidence': 0}"
VSSL.NS,306.1499938964844,InvestmentDecision.AVOID,0,0,"{'fundamental_score': 6.7, 'technical_score': 0, 'confidence': 0}"
KRSNAA.NS,533.4500122070312,InvestmentDecision.AVOID,0,0,"{'fundamental_score': 6.15, 'technical_score': 0, 'confidence': 0}"
SDBL.NS,71.1500015258789,InvestmentDecision.AVOID,0,0,"{'fundamental_score': 4.300000000000001, 'technical_score': 0, 'confidence': 0}"
CARYSIL.NS,1152.199951171875,InvestmentDecision.AVOID,0,0,"{'fundamental_score': 5.9, 'technical_score': 0, 'confidence': 0}"
TCIEXP.NS,548.4000244140625,InvestmentDecision.AVOID,0,0,"{'fundamental_score': 5.7, 'technical_score': 0, 'confidence': 0}"
KCP.NS,161.36000061035156,InvestmentDecision.AVOID,0,0,"{'fundamental_score': 6.2, 'technical_score': 0, 'confidence': 0}"
BEPL.NS,114.52999877929688,InvestmentDecision.AVOID,0,0,"{'fundamental_score': 7.6, 'technical_score': 0, 'confidence': 0}"
KMEW.NS,2679.800048828125,InvestmentDecision.AVOID,0,0,"{'fundamental_score': 8.7, 'technical_score': 0, 'confidence': 0}"
XPROINDIA.NS,1378.0,InvestmentDecision.AVOID,0,0,"{'fundamental_score': 4.7, 'technical_score': 0, 'confidence': 0}"
HATHWAY.NS,10.8100004196167,InvestmentDecision.AVOID,0,0,"{'fundamental_score': 6.7, 'technical_score': 0, 'confidence': 0}"
REPCOHOME.NS,384.75,InvestmentDecision.AVOID,0,0,"{'fundamental_score': 5.9, 'technical_score': 0, 'confidence': 0}"
ADFFOODS.NS,299.6499938964844,InvestmentDecision.AVOID,0,0,"{'fundamental_score': 6.800000000000001, 'technical_score': 0, 'confidence': 0}"
UNIVCABLES.NS,1316.199951171875,InvestmentDecision.AVOID,0,0,"{'fundamental_score': 4.25, 'technical_score': 0, 'confidence': 0}"
PANACEABIO.NS,423.8500061035156,InvestmentDecision.AVOID,0,0,"{'fundamental_score': 6.7, 'technical_score': 0, 'confidence': 0}"
GRMOVER.NS,89.56999969482422,InvestmentDecision.AVOID,0,0,"{'fundamental_score': 5.050000000000001, 'technical_score': 0, 'confidence': 0}"
DIAMONDYD.NS,1073.5,InvestmentDecision.AVOID,0,0,"{'fundamental_score': 4.300000000000001, 'technical_score': 0, 'confidence': 0}"
CAPACITE.NS,216.25,InvestmentDecision.AVOID,0,0,"{'fundamental_score': 5.7, 'technical_score': 0, 'confidence': 0}"
ROSSTECH.NS,911.5999755859375,InvestmentDecision.AVOID,0,0,"{'fundamental_score': 5.2, 'technical_score': 0, 'confidence': 0}"
FILATEX.NS,72.88999938964844,InvestmentDecision.AVOID,0,0,"{'fundamental_score': 5.9, 'technical_score': 0, 'confidence': 0}"
JINDALPOLY.NS,630.0999755859375,InvestmentDecision.AVOID,0,0,"{'fundamental_score': 5.45, 'technical_score': 0, 'confidence': 0}"
SMSPHARMA.NS,380.75,InvestmentDecision.AVOID,0,0,"{'fundamental_score': 6.2, 'technical_score': 0, 'confidence': 0}"
MONARCH.NS,391.6499938964844,InvestmentDecision.AVOID,0,0,"{'fundamental_score': 7.8, 'technical_score': 0, 'confidence': 0}"
TASTYBITE.NS,9018.0,InvestmentDecision.AVOID,0,0,"{'fundamental_score': 5.1000000000000005, 'technical_score': 0, 'confidence': 0}"
AEROFLEX.NS,450.6000061035156,InvestmentDecision.AVOID,0,0,"{'fundamental_score': 7.6, 'technical_score': 0, 'confidence': 0}"
HGS.NS,421.0,InvestmentDecision.AVOID,0,0,"{'fundamental_score': 4.7, 'technical_score': 0, 'confidence': 0}"
JAICORPLTD.NS,101.76000213623047,InvestmentDecision.AVOID,0,0,"{'fundamental_score': 7.2, 'technical_score': 0, 'confidence': 0}"
MOLDTKPAC.NS,657.2999877929688,InvestmentDecision.AVOID,0,0,"{'fundamental_score': 5.9, 'technical_score': 0, 'confidence': 0}"
COSMOFIRST.NS,890.2999877929688,InvestmentDecision.AVOID,0,0,"{'fundamental_score': 4.200000000000001, 'technical_score': 0, 'confidence': 0}"
PFS.NS,28.780000686645508,InvestmentDecision.AVOID,0,0,"{'fundamental_score': 7.4, 'technical_score': 0, 'confidence': 0}"
MBEL.NS,297.8500061035156,InvestmentDecision.AVOID,0,0,"{'fundamental_score': 7.2, 'technical_score': 0, 'confidence': 0}"
BAJEL.NS,175.49000549316406,InvestmentDecision.AVOID,0,0,"{'fundamental_score': 4.7, 'technical_score': 0, 'confidence': 0}"
INSECTICID.NS,629.4500122070312,InvestmentDecision.AVOID,0,0,"{'fundamental_score': 6.2, 'technical_score': 0, 'confidence': 0}"
SHALBY.NS,162.6199951171875,InvestmentDecision.AVOID,0,0,"{'fundamental_score': 4.25, 'technical_score': 0, 'confidence': 0}"
NDRAUTO.NS,806.2000122070312,InvestmentDecision.AVOID,0,0,"{'fundamental_score': 6.3, 'technical_score': 0, 'confidence': 0}"
FINOPB.NS,163.02999877929688,InvestmentDecision.AVOID,0,0,"{'fundamental_score': 4.300000000000001, 'technical_score': 0, 'confidence': 0}"
ORIENTHOT.NS,136.60000610351562,InvestmentDecision.AVOID,0,0,"{'fundamental_score': 6.800000000000001, 'technical_score': 0, 'confidence': 0}"
STYLEBAAZA.NS,271.6000061035156,InvestmentDecision.AVOID,0,0,"{'fundamental_score': 3.6000000000000005, 'technical_score': 0, 'confidence': 0}"
SCILAL.NS,41.470001220703125,InvestmentDecision.AVOID,0,0,"{'fundamental_score': 6.2, 'technical_score': 0, 'confidence': 0}"
NILKAMAL.NS,1947.5999755859375,InvestmentDecision.AVOID,0,0,"{'fundamental_score': 4.300000000000001, 'technical_score': 0, 'confidence': 0}"
LANDMARK.NS,528.0499877929688,InvestmentDecision.AVOID,0,0,"{'fundamental_score': 2.8000000000000003, 'technical_score': 0, 'confidence': 0}"
EIHAHOTELS.NS,309.45001220703125,InvestmentDecision.AVOID,0,0,"{'fundamental_score': 7.4, 'technical_score': 0, 'confidence': 0}"
IPL.NS,151.11000061035156,InvestmentDecision.AVOID,0,0,"{'fundamental_score': 6.2, 'technical_score': 0, 'confidence': 0}"
SUMMITSEC.NS,1479.800048828125,InvestmentDecision.AVOID,0,0,"{'fundamental_score': 5.800000000000001, 'technical_score': 0, 'confidence': 0}"
SEAMECLTD.NS,1438.800048828125,InvestmentDecision.AVOID,0,0,"{'fundamental_score': 8.7, 'technical_score': 0, 'confidence': 0}"
MAYURUNIQ.NS,785.9000244140625,InvestmentDecision.AVOID,0,0,"{'fundamental_score': 7.8, 'technical_score': 0, 'confidence': 0}"
RML.NS,1110.0999755859375,InvestmentDecision.AVOID,0,0,"{'fundamental_score': 5.0, 'technical_score': 0, 'confidence': 0}"
YATRA.NS,108.1500015258789,InvestmentDecision.AVOID,0,0,"{'fundamental_score': 4.300000000000001, 'technical_score': 0, 'confidence': 0}"
STEELCAS.NS,300.25,InvestmentDecision.AVOID,0,0,"{'fundamental_score': 8.7, 'technical_score': 0, 'confidence': 0}"
GENESYS.NS,277.0,InvestmentDecision.AVOID,0,0,"{'fundamental_score': 4.7, 'technical_score': 0, 'confidence': 0}"
GVPIL.NS,746.4000244140625,InvestmentDecision.AVOID,0,0,"{'fundamental_score': 8.7, 'technical_score': 0, 'confidence': 0}"
SOLARA.NS,507.0,InvestmentDecision.AVOID,0,0,"{'fundamental_score': 6.25, 'technical_score': 0, 'confidence': 0}"
KICL.NS,5396.5,InvestmentDecision.AVOID,0,0,"{'fundamental_score': 5.800000000000001, 'technical_score': 0, 'confidence': 0}"
SPECTRUM.NS,2357.300048828125,InvestmentDecision.AVOID,0,0,"{'fundamental_score': 6.3, 'technical_score': 0, 'confidence': 0}"
SULA.NS,167.3300018310547,InvestmentDecision.AVOID,0,0,"{'fundamental_score': 3.8500000000000005, 'technical_score': 0, 'confidence': 0}"
SIMPLEXINF.NS,235.89999389648438,InvestmentDecision.AVOID,0,0,"{'fundamental_score': 3.2, 'technical_score': 0, 'confidence': 0}"
SGFIN.NS,679.5999755859375,InvestmentDecision.AVOID,0,0,"{'fundamental_score': 5.9, 'technical_score': 0, 'confidence': 0}"
CANTABIL.NS,238.47999572753906,InvestmentDecision.AVOID,0,0,"{'fundamental_score': 5.4, 'technical_score': 0, 'confidence': 0}"
SYSTMTXC.NS,57.45000076293945,InvestmentDecision.AVOID,0,0,"{'fundamental_score': 4.300000000000001, 'technical_score': 0, 'confidence': 0}"
DELTACORP.NS,62.68000030517578,InvestmentDecision.AVOID,0,0,"{'fundamental_score': 5.200000000000001, 'technical_score': 0, 'confidence': 0}"
SASKEN.NS,1742.199951171875,InvestmentDecision.AVOID,0,0,"{'fundamental_score': 4.7, 'technical_score': 0, 'confidence': 0}"
SANGAMIND.NS,602.3499755859375,InvestmentDecision.AVOID,0,0,"{'fundamental_score': 5.0, 'technical_score': 0, 'confidence': 0}"
RANEHOLDIN.NS,1735.199951171875,InvestmentDecision.AVOID,0,0,"{'fundamental_score': 4.65, 'technical_score': 0, 'confidence': 0}"
HINDOILEXP.NS,157.0800018310547,InvestmentDecision.AVOID,0,0,"{'fundamental_score': 5.800000000000001, 'technical_score': 0, 'confidence': 0}"
STOVEKRAFT.NS,796.7000122070312,InvestmentDecision.AVOID,0,0,"{'fundamental_score': 4.300000000000001, 'technical_score': 0, 'confidence': 0}"
GEOJITFSL.NS,72.88999938964844,InvestmentDecision.AVOID,0,0,"{'fundamental_score': 5.9, 'technical_score': 0, 'confidence': 0}"
IDEAFORGE.NS,847.9500122070312,InvestmentDecision.AVOID,0,0,"{'fundamental_score': 4.7, 'technical_score': 0, 'confidence': 0}"
RPTECH.NS,785.2999877929688,InvestmentDecision.AVOID,0,0,"{'fundamental_score': 6.2, 'technical_score': 0, 'confidence': 0}"
ACCELYA.NS,1159.9000244140625,InvestmentDecision.AVOID,0,0,"{'fundamental_score': 8.2, 'technical_score': 0, 'confidence': 0}"
VENKEYS.NS,1505.0999755859375,InvestmentDecision.AVOID,0,0,"{'fundamental_score': 5.1000000000000005, 'technical_score': 0, 'confidence': 0}"
TIL.NS,262.4800109863281,InvestmentDecision.AVOID,0,0,"{'fundamental_score': 3.2, 'technical_score': 0, 'confidence': 0}"
YASHO.NS,3195.300048828125,InvestmentDecision.AVOID,0,0,"{'fundamental_score': 3.8000000000000003, 'technical_score': 0, 'confidence': 0}"
WEL.NS,110.5999984741211,InvestmentDecision.AVOID,0,0,"{'fundamental_score': 3.4000000000000004, 'technical_score': 0, 'confidence': 0}"
DOLLAR.NS,253.8000030517578,InvestmentDecision.AVOID,0,0,"{'fundamental_score': 5.1000000000000005, 'technical_score': 0, 'confidence': 0}"
INDIANHUME.NS,375.0,InvestmentDecision.AVOID,0,0,"{'fundamental_score': 5.7, 'technical_score': 0, 'confidence': 0}"
DREDGECORP.NS,1102.4000244140625,InvestmentDecision.AVOID,0,0,"{'fundamental_score': 4.25, 'technical_score': 0, 'confidence': 0}"
MOL.NS,55.75,InvestmentDecision.AVOID,0,0,"{'fundamental_score': 4.7, 'technical_score': 0, 'confidence': 0}"
DCW.NS,47.060001373291016,InvestmentDecision.AVOID,0,0,"{'fundamental_score': 4.7, 'technical_score': 0, 'confidence': 0}"
UGROCAP.NS,95.98999786376953,InvestmentDecision.AVOID,0,0,"{'fundamental_score': 4.300000000000001, 'technical_score': 0, 'confidence': 0}"
THEJO.NS,1901.9000244140625,InvestmentDecision.AVOID,0,0,"{'fundamental_score': 6.2, 'technical_score': 0, 'confidence': 0}"
HITECH.NS,86.20999908447266,InvestmentDecision.AVOID,0,0,"{'fundamental_score': 4.7, 'technical_score': 0, 'confidence': 0}"
MANGLMCEM.NS,967.7999877929688,InvestmentDecision.AVOID,0,0,"{'fundamental_score': 5.75, 'technical_score': 0, 'confidence': 0}"
AMRUTANJAN.NS,510.79998779296875,InvestmentDecision.AVOID,0,0,"{'fundamental_score': 6.7, 'technical_score': 0, 'confidence': 0}"
SHRINGARMS.NS,219.6999969482422,InvestmentDecision.AVOID,0,0,"{'fundamental_score': 6.3, 'technical_score': 0, 'confidence': 0}"
WHEELS.NS,1417.0999755859375,InvestmentDecision.AVOID,0,0,"{'fundamental_score': 5.9, 'technical_score': 0, 'confidence': 0}"
APCOTEXIND.NS,681.5999755859375,InvestmentDecision.AVOID,0,0,"{'fundamental_score': 6.7, 'technical_score': 0, 'confidence': 0}"
GMBREW.NS,902.5,InvestmentDecision.AVOID,0,0,"{'fundamental_score': 5.9, 'technical_score': 0, 'confidence': 0}"
VERANDA.NS,228.75,InvestmentDecision.AVOID,0,0,"{'fundamental_score': 7.8, 'technical_score': 0, 'confidence': 0}"
PIXTRANS.NS,1748.4000244140625,InvestmentDecision.AVOID,0,0,"{'fundamental_score': 8.2, 'technical_score': 0, 'confidence': 0}"
MOBIKWIK.NS,202.02999877929688,InvestmentDecision.AVOID,0,0,"{'fundamental_score': 4.25, 'technical_score': 0, 'confidence': 0}"
UNIPARTS.NS,725.0499877929688,InvestmentDecision.AVOID,0,0,"{'fundamental_score': 8.1, 'technical_score': 0, 'confidence': 0}"
WAAREEINDO.NS,310.95001220703125,InvestmentDecision.AVOID,0,0,"{'fundamental_score': 8.2, 'technical_score': 0, 'confidence': 0}"
RAJRATAN.NS,486.45001220703125,InvestmentDecision.AVOID,0,0,"{'fundamental_score': 6.7, 'technical_score': 0, 'confidence': 0}"
EXICOM.NS,159.35000610351562,InvestmentDecision.AVOID,0,0,"{'fundamental_score': 3.8000000000000003, 'technical_score': 0, 'confidence': 0}"
INDNIPPON.NS,1163.0999755859375,InvestmentDecision.AVOID,0,0,"{'fundamental_score': 5.500000000000001, 'technical_score': 0, 'confidence': 0}"
VINCOFE.NS,155.1300048828125,InvestmentDecision.AVOID,0,0,"{'fundamental_score': 6.800000000000001, 'technical_score': 0, 'confidence': 0}"
MUKANDLTD.NS,139.10000610351562,InvestmentDecision.AVOID,0,0,"{'fundamental_score': 7.199999999999999, 'technical_score': 0, 'confidence': 0}"
SOMANYCERA.NS,479.29998779296875,InvestmentDecision.AVOID,0,0,"{'fundamental_score': 4.7, 'technical_score': 0, 'confidence': 0}"
DYCL.NS,394.6499938964844,InvestmentDecision.AVOID,0,0,"{'fundamental_score': 6.7, 'technical_score': 0, 'confidence': 0}"
NELCO.NS,962.4000244140625,InvestmentDecision.AVOID,0,0,"{'fundamental_score': 6.25, 'technical_score': 0, 'confidence': 0}"
DIVGIITTS.NS,959.0999755859375,InvestmentDecision.AVOID,0,0,"{'fundamental_score': 5.200000000000001, 'technical_score': 0, 'confidence': 0}"
MSPL.NS,37.130001068115234,InvestmentDecision.AVOID,0,0,"{'fundamental_score': 4.7, 'technical_score': 0, 'confidence': 0}"
KERNEX.NS,2282.39990234375,InvestmentDecision.AVOID,0,0,"{'fundamental_score': 8.25, 'technical_score': 0, 'confidence': 0}"
NITINSPIN.NS,532.9000244140625,InvestmentDecision.AVOID,0,0,"{'fundamental_score': 5.050000000000001, 'technical_score': 0, 'confidence': 0}"
BGRENERGY.NS,287.04998779296875,InvestmentDecision.AVOID,0,0,"{'fundamental_score': 6.7, 'technical_score': 0, 'confidence': 0}"
WINDLAS.NS,849.0,InvestmentDecision.AVOID,0,0,"{'fundamental_score': 6.2, 'technical_score': 0, 'confidence': 0}"
RAMCOSYS.NS,590.0499877929688,InvestmentDecision.AVOID,0,0,"{'fundamental_score': 6.7, 'technical_score': 0, 'confidence': 0}"
SPAL.NS,986.2000122070312,InvestmentDecision.AVOID,0,0,"{'fundamental_score': 5.1000000000000005, 'technical_score': 0, 'confidence': 0}"
GTLINFRA.NS,1.2100000381469727,InvestmentDecision.AVOID,0,0,"{'fundamental_score': 6.7, 'technical_score': 0, 'confidence': 0}"
NIBE.NS,1405.5999755859375,InvestmentDecision.AVOID,0,0,"{'fundamental_score': 4.7, 'technical_score': 0, 'confidence': 0}"
SPIC.NS,66.83000183105469,InvestmentDecision.AVOID,0,0,"{'fundamental_score': 6.25, 'technical_score': 0, 'confidence': 0}"
LAXMIDENTL.NS,214.55999755859375,InvestmentDecision.AVOID,0,0,"{'fundamental_score': 6.2, 'technical_score': 0, 'confidence': 0}"
ASALCBR.NS,757.7000122070312,InvestmentDecision.AVOID,0,0,"{'fundamental_score': 5.9, 'technical_score': 0, 'confidence': 0}"
SPANDANA.NS,266.6499938964844,InvestmentDecision.AVOID,0,0,"{'fundamental_score': 4.4, 'technical_score': 0, 'confidence': 0}"
PANAMAPET.NS,451.3500061035156,InvestmentDecision.AVOID,0,0,"{'fundamental_score': 5.9, 'technical_score': 0, 'confidence': 0}"
INDOTECH.NS,3467.300048828125,InvestmentDecision.AVOID,0,0,"{'fundamental_score': 7.2, 'technical_score': 0, 'confidence': 0}"
ALLTIME.NS,224.17999267578125,InvestmentDecision.AVOID,0,0,"{'fundamental_score': 4.300000000000001, 'technical_score': 0, 'confidence': 0}"
VIDHIING.NS,300.5,InvestmentDecision.AVOID,0,0,"{'fundamental_score': 7.6, 'technical_score': 0, 'confidence': 0}"
RHETAN.NS,29.520000457763672,InvestmentDecision.AVOID,0,0,"{'fundamental_score': 7.2, 'technical_score': 0, 'confidence': 0}"
WENDT.NS,8229.0,InvestmentDecision.AVOID,0,0,"{'fundamental_score': 6.7, 'technical_score': 0, 'confidence': 0}"
UNITECH.NS,4.210000038146973,InvestmentDecision.AVOID,0,0,"{'fundamental_score': 6.7, 'technical_score': 0, 'confidence': 0}"
RMDRIP.NS,18.020000457763672,InvestmentDecision.AVOID,0,0,"{'fundamental_score': 8.4, 'technical_score': 0, 'confidence': 0}"
MOTISONS.NS,14.59000015258789,InvestmentDecision.AVOID,0,0,"{'fundamental_score': 6.4, 'technical_score': 0, 'confidence': 0}"
DEEDEV.NS,669.75,InvestmentDecision.AVOID,0,0,"{'fundamental_score': 5.25, 'technical_score': 0, 'confidence': 0}"
SEPC.NS,5.869999885559082,InvestmentDecision.AVOID,0,0,"{'fundamental_score': 4.7, 'technical_score': 0, 'confidence': 0}"
ADOR.NS,1423.4000244140625,InvestmentDecision.AVOID,0,0,"{'fundamental_score': 6.7, 'technical_score': 0, 'confidence': 0}"
GARUDA.NS,170.92999267578125,InvestmentDecision.AVOID,0,0,"{'fundamental_score': 8.7, 'technical_score': 0, 'confidence': 0}"
VINDHYATEL.NS,1868.0,InvestmentDecision.AVOID,0,0,"{'fundamental_score': 4.7, 'technical_score': 0, 'confidence': 0}"
PRECAM.NS,138.33999633789062,InvestmentDecision.AVOID,0,0,"{'fundamental_score': 4.300000000000001, 'technical_score': 0, 'confidence': 0}"
ASTEC.NS,649.4500122070312,InvestmentDecision.AVOID,0,0,"{'fundamental_score': 3.8000000000000003, 'technical_score': 0, 'confidence': 0}"
BETA.NS,2233.199951171875,InvestmentDecision.AVOID,0,0,"{'fundamental_score': 6.25, 'technical_score': 0, 'confidence': 0}"
FUSION.NS,205.60000610351562,InvestmentDecision.AVOID,0,0,"{'fundamental_score': 2.8000000000000003, 'technical_score': 0, 'confidence': 0}"
TALBROAUTO.NS,394.6499938964844,InvestmentDecision.AVOID,0,0,"{'fundamental_score': 5.9, 'technical_score': 0, 'confidence': 0}"
IFGLEXPOR.NS,196.13999938964844,InvestmentDecision.AVOID,0,0,"{'fundamental_score': 4.7, 'technical_score': 0, 'confidence': 0}"
BLSE.NS,282.6300048828125,InvestmentDecision.AVOID,0,0,"{'fundamental_score': 6.2, 'technical_score': 0, 'confidence': 0}"
BFINVEST.NS,451.5,InvestmentDecision.AVOID,0,0,"{'fundamental_score': 5.800000000000001, 'technical_score': 0, 'confidence': 0}"
NAVKARCORP.NS,103.11000061035156,InvestmentDecision.AVOID,0,0,"{'fundamental_score': 6.7, 'technical_score': 0, 'confidence': 0}"
SPMLINFRA.NS,194.0,InvestmentDecision.AVOID,0,0,"{'fundamental_score': 4.7, 'technical_score': 0, 'confidence': 0}"
JYOTISTRUC.NS,10.949999809265137,InvestmentDecision.AVOID,0,0,"{'fundamental_score': 4.2, 'technical_score': 0, 'confidence': 0}"
JGCHEM.NS,506.95001220703125,InvestmentDecision.AVOID,0,0,"{'fundamental_score': 6.2, 'technical_score': 0, 'confidence': 0}"
GOCLCORP.NS,388.1499938964844,InvestmentDecision.AVOID,0,0,"{'fundamental_score': 7.2, 'technical_score': 0, 'confidence': 0}"
HUHTAMAKI.NS,298.510009765625,InvestmentDecision.AVOID,0,0,"{'fundamental_score': 5.1000000000000005, 'technical_score': 0, 'confidence': 0}"
QUICKHEAL.NS,156.72999572753906,InvestmentDecision.AVOID,0,0,"{'fundamental_score': 4.7, 'technical_score': 0, 'confidence': 0}"
PNBGILTS.NS,83.77999877929688,InvestmentDecision.AVOID,0,0,"{'fundamental_score': 5.9, 'technical_score': 0, 'confidence': 0}"
JINDRILL.NS,578.0499877929688,InvestmentDecision.AVOID,0,0,"{'fundamental_score': 7.000000000000001, 'technical_score': 0, 'confidence': 0}"
DLINKINDIA.NS,450.75,InvestmentDecision.AVOID,0,0,"{'fundamental_score': 7.2, 'technical_score': 0, 'confidence': 0}"
BLISSGVS.NS,456.0,InvestmentDecision.AVOID,0,0,"{'fundamental_score': 6.6, 'technical_score': 0, 'confidence': 0}"
SANSTAR.NS,111.23999786376953,InvestmentDecision.AVOID,0,0,"{'fundamental_score': 4.7, 'technical_score': 0, 'confidence': 0}"
EXPLEOSOL.NS,809.2999877929688,InvestmentDecision.AVOID,0,0,"{'fundamental_score': 6.7, 'technical_score': 0, 'confidence': 0}"
SESHAPAPER.NS,235.27999877929688,InvestmentDecision.AVOID,0,0,"{'fundamental_score': 6.7, 'technical_score': 0, 'confidence': 0}"
DEN.NS,27.229999542236328,InvestmentDecision.AVOID,0,0,"{'fundamental_score': 7.9, 'technical_score': 0, 'confidence': 0}"
TTKHLTCARE.NS,1048.1500244140625,InvestmentDecision.AVOID,0,0,"{'fundamental_score': 4.7, 'technical_score': 0, 'confidence': 0}"
DAMCAPITAL.NS,154.38999938964844,InvestmentDecision.AVOID,0,0,"{'fundamental_score': 7.8, 'technical_score': 0, 'confidence': 0}"
ARMANFIN.NS,1928.199951171875,InvestmentDecision.AVOID,0,0,"{'fundamental_score': 4.300000000000001, 'technical_score': 0, 'confidence': 0}"
ARIHANTSUP.NS,261.0,InvestmentDecision.AVOID,0,0,"{'fundamental_score': 4.2, 'technical_score': 0, 'confidence': 0}"
SATIN.NS,259.6000061035156,InvestmentDecision.AVOID,0,0,"{'fundamental_score': 5.5, 'technical_score': 0, 'confidence': 0}"
RAMASTEEL.NS,4.210000038146973,InvestmentDecision.AVOID,0,0,"{'fundamental_score': 4.7, 'technical_score': 0, 'confidence': 0}"
DOLPHIN.NS,374.75,InvestmentDecision.AVOID,0,0,"{'fundamental_score': 6.95, 'technical_score': 0, 'confidence': 0}"
RAJOOENG.NS,52.130001068115234,InvestmentDecision.AVOID,0,0,"{'fundamental_score': 7.6, 'technical_score': 0, 'confidence': 0}"
STANLEY.NS,156.72000122070312,InvestmentDecision.AVOID,0,0,"{'fundamental_score': 3.8500000000000005, 'technical_score': 0, 'confidence': 0}"
MUFIN.NS,123.95999908447266,InvestmentDecision.AVOID,0,0,"{'fundamental_score': 4.300000000000001, 'technical_score': 0, 'confidence': 0}"
JNKINDIA.NS,457.8999938964844,InvestmentDecision.AVOID,0,0,"{'fundamental_score': 6.2, 'technical_score': 0, 'confidence': 0}"
TARSONS.NS,310.95001220703125,InvestmentDecision.AVOID,0,0,"{'fundamental_score': 4.25, 'technical_score': 0, 'confidence': 0}"
HIMATSEIDE.NS,79.54000091552734,InvestmentDecision.AVOID,0,0,"{'fundamental_score': 3.4000000000000004, 'technical_score': 0, 'confidence': 0}"
SOLEX.NS,912.0999755859375,InvestmentDecision.AVOID,0,0,"{'fundamental_score': 6.3, 'technical_score': 0, 'confidence': 0}"
MMFL.NS,553.4000244140625,InvestmentDecision.AVOID,0,0,"{'fundamental_score': 4.800000000000001, 'technical_score': 0, 'confidence': 0}"
UDS.NS,200.2100067138672,InvestmentDecision.AVOID,0,0,"{'fundamental_score': 4.7, 'technical_score': 0, 'confidence': 0}"
SYNCOMF.NS,13.210000038146973,InvestmentDecision.AVOID,0,0,"{'fundamental_score': 8.4, 'technical_score': 0, 'confidence': 0}"
IGARASHI.NS,447.04998779296875,InvestmentDecision.AVOID,0,0,"{'fundamental_score': 4.300000000000001, 'technical_score': 0, 'confidence': 0}"
TINNARUBR.NS,1101.050048828125,InvestmentDecision.AVOID,0,0,"{'fundamental_score': 6.7, 'technical_score': 0, 'confidence': 0}"
GREENPOWER.NS,9.899999618530273,InvestmentDecision.AVOID,0,0,"{'fundamental_score': 8.2, 'technical_score': 0, 'confidence': 0}"
PUNJABCHEM.NS,1158.199951171875,InvestmentDecision.AVOID,0,0,"{'fundamental_score': 6.7, 'technical_score': 0, 'confidence': 0}"
SURAKSHA.NS,248.85000610351562,InvestmentDecision.AVOID,0,0,"{'fundamental_score': 5.75, 'technical_score': 0, 'confidence': 0}"
AIMTRON.NS,1390.3499755859375,InvestmentDecision.AVOID,0,0,"{'fundamental_score': 6.7, 'technical_score': 0, 'confidence': 0}"
APOLLOPIPE.NS,491.75,InvestmentDecision.AVOID,0,0,"{'fundamental_score': 4.7, 'technical_score': 0, 'confidence': 0}"
SHANTIGOLD.NS,216.08999633789062,InvestmentDecision.AVOID,0,0,"{'fundamental_score': 6.3, 'technical_score': 0, 'confidence': 0}"
MASTERTR.NS,82.08999633789062,InvestmentDecision.AVOID,0,0,"{'fundamental_score': 7.4, 'technical_score': 0, 'confidence': 0}"
IKIO.NS,204.6999969482422,InvestmentDecision.AVOID,0,0,"{'fundamental_score': 4.7, 'technical_score': 0, 'confidence': 0}"
AWHCL.NS,432.45001220703125,InvestmentDecision.AVOID,0,0,"{'fundamental_score': 5.25, 'technical_score': 0, 'confidence': 0}"
STALLION.NS,244.33999633789062,InvestmentDecision.AVOID,0,0,"{'fundamental_score': 4.7, 'technical_score': 0, 'confidence': 0}"
LGHL.NS,204.72000122070312,InvestmentDecision.AVOID,0,0,"{'fundamental_score': 2.8000000000000003, 'technical_score': 0, 'confidence': 0}"
ECOSMOBLTY.NS,129.9199981689453,InvestmentDecision.AVOID,0,0,"{'fundamental_score': 7.2, 'technical_score': 0, 'confidence': 0}"
JAGRAN.NS,62.16999816894531,InvestmentDecision.AVOID,0,0,"{'fundamental_score': 4.7, 'technical_score': 0, 'confidence': 0}"
RUPA.NS,162.3000030517578,InvestmentDecision.AVOID,0,0,"{'fundamental_score': 4.300000000000001, 'technical_score': 0, 'confidence': 0}"
VINYAS.NS,1259.699951171875,InvestmentDecision.AVOID,0,0,"{'fundamental_score': 6.7, 'technical_score': 0, 'confidence': 0}"
OMAXE.NS,85.52999877929688,InvestmentDecision.AVOID,0,0,"{'fundamental_score': 6.7, 'technical_score': 0, 'confidence': 0}"
SHRIRAMPPS.NS,86.95999908447266,InvestmentDecision.AVOID,0,0,"{'fundamental_score': 4.7, 'technical_score': 0, 'confidence': 0}"
IVALUE.NS,284.45001220703125,InvestmentDecision.AVOID,0,0,"{'fundamental_score': 7.2, 'technical_score': 0, 'confidence': 0}"
HESTERBIO.NS,2520.39990234375,InvestmentDecision.AVOID,0,0,"{'fundamental_score': 7.45, 'technical_score': 0, 'confidence': 0}"
FINKURVE.NS,60.939998626708984,InvestmentDecision.AVOID,0,0,"{'fundamental_score': 5.1000000000000005, 'technical_score': 0, 'confidence': 0}"
QUADFUTURE.NS,345.79998779296875,InvestmentDecision.AVOID,0,0,"{'fundamental_score': 4.7, 'technical_score': 0, 'confidence': 0}"
HMAAGRO.NS,21.219999313354492,InvestmentDecision.AVOID,0,0,"{'fundamental_score': 5.8500000000000005, 'technical_score': 0, 'confidence': 0}"
JAGSNPHARM.NS,224.05999755859375,InvestmentDecision.AVOID,0,0,"{'fundamental_score': 7.6, 'technical_score': 0, 'confidence': 0}"
PLATIND.NS,243.86000061035156,InvestmentDecision.AVOID,0,0,"{'fundamental_score': 6.2, 'technical_score': 0, 'confidence': 0}"
ORIENTTECH.NS,272.5,InvestmentDecision.AVOID,0,0,"{'fundamental_score': 4.7, 'technical_score': 0, 'confidence': 0}"
EKC.NS,107.22000122070312,InvestmentDecision.AVOID,0,0,"{'fundamental_score': 5.7, 'technical_score': 0, 'confidence': 0}"
ANDHRAPAP.NS,62.88999938964844,InvestmentDecision.AVOID,0,0,"{'fundamental_score': 4.7, 'technical_score': 0, 'confidence': 0}"
SALASAR.NS,5.869999885559082,InvestmentDecision.AVOID,0,0,"{'fundamental_score': 4.25, 'technical_score': 0, 'confidence': 0}"
ESAFSFB.NS,37.25,InvestmentDecision.AVOID,0,0,"{'fundamental_score': 4.300000000000001, 'technical_score': 0, 'confidence': 0}"
CONFIPET.NS,78.27999877929688,InvestmentDecision.AVOID,0,0,"{'fundamental_score': 4.300000000000001, 'technical_score': 0, 'confidence': 0}"
SMCGLOBAL.NS,79.87000274658203,InvestmentDecision.AVOID,0,0,"{'fundamental_score': 2.8000000000000003, 'technical_score': 0, 'confidence': 0}"
CENTRUM.NS,23.18000030517578,InvestmentDecision.AVOID,0,0,"{'fundamental_score': 2.8000000000000003, 'technical_score': 0, 'confidence': 0}"
DOLATALGO.NS,68.48999786376953,InvestmentDecision.AVOID,0,0,"{'fundamental_score': 7.000000000000001, 'technical_score': 0, 'confidence': 0}"
ROTO.NS,69.06999969482422,InvestmentDecision.AVOID,0,0,"{'fundamental_score': 5.7, 'technical_score': 0, 'confidence': 0}"
NIITLTD.NS,95.1500015258789,InvestmentDecision.AVOID,0,0,"{'fundamental_score': 5.9, 'technical_score': 0, 'confidence': 0}"
GPTINFRA.NS,122.44000244140625,InvestmentDecision.AVOID,0,0,"{'fundamental_score': 6.7, 'technical_score': 0, 'confidence': 0}"
SURYODAY.NS,165.67999267578125,InvestmentDecision.AVOID,0,0,"{'fundamental_score': 6.800000000000001, 'technical_score': 0, 'confidence': 0}"
BIRLANU.NS,1364.800048828125,InvestmentDecision.AVOID,0,0,"{'fundamental_score': 3.8000000000000003, 'technical_score': 0, 'confidence': 0}"
RISHABH.NS,602.9500122070312,InvestmentDecision.AVOID,0,0,"{'fundamental_score': 6.2, 'technical_score': 0, 'confidence': 0}"
ASIANENE.NS,388.8500061035156,InvestmentDecision.AVOID,0,0,"{'fundamental_score': 5.1000000000000005, 'technical_score': 0, 'confidence': 0}"
GANDHAR.NS,232.17999267578125,InvestmentDecision.AVOID,0,0,"{'fundamental_score': 5.9, 'technical_score': 0, 'confidence': 0}"
EXCELINDUS.NS,984.6500244140625,InvestmentDecision.AVOID,0,0,"{'fundamental_score': 4.7, 'technical_score': 0, 'confidence': 0}"
BAJAJHCARE.NS,321.75,InvestmentDecision.AVOID,0,0,"{'fundamental_score': 6.7, 'technical_score': 0, 'confidence': 0}"
ALICON.NS,681.3499755859375,InvestmentDecision.AVOID,0,0,"{'fundamental_score': 4.25, 'technical_score': 0, 'confidence': 0}"
DCMSRIND.NS,39.40999984741211,InvestmentDecision.AVOID,0,0,"{'fundamental_score': 4.200000000000001, 'technical_score': 0, 'confidence': 0}"
CLSEL.NS,277.1000061035156,InvestmentDecision.AVOID,0,0,"{'fundamental_score': 5.500000000000001, 'technical_score': 0, 'confidence': 0}"
RAJRILTD.NS,20.280000686645508,InvestmentDecision.AVOID,0,0,"{'fundamental_score': 5.4, 'technical_score': 0, 'confidence': 0}"
INDORAMA.NS,53.2400016784668,InvestmentDecision.AVOID,0,0,"{'fundamental_score': 4.800000000000001, 'technical_score': 0, 'confidence': 0}"
PARACABLES.NS,63.47999954223633,InvestmentDecision.AVOID,0,0,"{'fundamental_score': 6.7, 'technical_score': 0, 'confidence': 0}"
VPRPL.NS,27.020000457763672,InvestmentDecision.AVOID,0,0,"{'fundamental_score': 3.8000000000000003, 'technical_score': 0, 'confidence': 0}"
SALZERELEC.NS,562.4500122070312,InvestmentDecision.AVOID,0,0,"{'fundamental_score': 5.25, 'technical_score': 0, 'confidence': 0}"
MANAKCOAT.NS,123.02999877929688,InvestmentDecision.AVOID,0,0,"{'fundamental_score': 6.7, 'technical_score': 0, 'confidence': 0}"
SIGACHI.NS,25.43000030517578,InvestmentDecision.AVOID,0,0,"{'fundamental_score': 4.7, 'technical_score': 0, 'confidence': 0}"
INFOBEAN.NS,168.1300048828125,InvestmentDecision.AVOID,0,0,"{'fundamental_score': 7.9, 'technical_score': 0, 'confidence': 0}"
ALLDIGI.NS,873.5999755859375,InvestmentDecision.AVOID,0,0,"{'fundamental_score': 7.15, 'technical_score': 0, 'confidence': 0}"
BLKASHYAP.NS,54.13999938964844,InvestmentDecision.AVOID,0,0,"{'fundamental_score': 4.25, 'technical_score': 0, 'confidence': 0}"
SPORTKING.NS,214.97999572753906,InvestmentDecision.AVOID,0,0,"{'fundamental_score': 5.1000000000000005, 'technical_score': 0, 'confidence': 0}"
GODAVARIB.NS,269.6499938964844,InvestmentDecision.AVOID,0,0,"{'fundamental_score': 4.25, 'technical_score': 0, 'confidence': 0}"
JARO.NS,485.1499938964844,InvestmentDecision.AVOID,0,0,"{'fundamental_score': 7.8, 'technical_score': 0, 'confidence': 0}"
SURAJEST.NS,193.77999877929688,InvestmentDecision.AVOID,0,0,"{'fundamental_score': 6.45, 'technical_score': 0, 'confidence': 0}"
CIFL.NS,20.399999618530273,InvestmentDecision.AVOID,0,0,"{'fundamental_score': 3.4000000000000004, 'technical_score': 0, 'confidence': 0}"
UNIECOM.NS,85.0,InvestmentDecision.AVOID,0,0,"{'fundamental_score': 6.7, 'technical_score': 0, 'confidence': 0}"
MONTECARLO.NS,541.0,InvestmentDecision.AVOID,0,0,"{'fundamental_score': 5.050000000000001, 'technical_score': 0, 'confidence': 0}"
MADRASFERT.NS,65.9000015258789,InvestmentDecision.AVOID,0,0,"{'fundamental_score': 5.7, 'technical_score': 0, 'confidence': 0}"
HARIOMPIPE.NS,387.25,InvestmentDecision.AVOID,0,0,"{'fundamental_score': 5.75, 'technical_score': 0, 'confidence': 0}"
DECCANCE.NS,545.2000122070312,InvestmentDecision.AVOID,0,0,"{'fundamental_score': 3.8000000000000003, 'technical_score': 0, 'confidence': 0}"
SHANKARA.NS,141.3300018310547,InvestmentDecision.AVOID,0,0,"{'fundamental_score': 4.300000000000001, 'technical_score': 0, 'confidence': 0}"
GNA.NS,510.95001220703125,InvestmentDecision.AVOID,0,0,"{'fundamental_score': 5.500000000000001, 'technical_score': 0, 'confidence': 0}"
RIIL.NS,727.1500244140625,InvestmentDecision.AVOID,0,0,"{'fundamental_score': 8.2, 'technical_score': 0, 'confidence': 0}"
VMARCIND.NS,278.6499938964844,InvestmentDecision.AVOID,0,0,"{'fundamental_score': 6.7, 'technical_score': 0, 'confidence': 0}"
SUMEETINDS.NS,25.979999542236328,InvestmentDecision.AVOID,0,0,"{'fundamental_score': 5.050000000000001, 'technical_score': 0, 'confidence': 0}"
IMPAL.NS,1102.5999755859375,InvestmentDecision.AVOID,0,0,"{'fundamental_score': 5.9, 'technical_score': 0, 'confidence': 0}"
IGPL.NS,463.0,InvestmentDecision.AVOID,0,0,"{'fundamental_score': 4.7, 'technical_score': 0, 'confidence': 0}"
TAC.NS,489.3500061035156,InvestmentDecision.AVOID,0,0,"{'fundamental_score': 6.7, 'technical_score': 0, 'confidence': 0}"
RGL.NS,116.26000213623047,InvestmentDecision.AVOID,0,0,"{'fundamental_score': 4.300000000000001, 'technical_score': 0, 'confidence': 0}"
BSHSL.NS,86.44999694824219,InvestmentDecision.AVOID,0,0,"{'fundamental_score': 6.75, 'technical_score': 0, 'confidence': 0}"
SHREDIGCEM.NS,73.33000183105469,InvestmentDecision.AVOID,0,0,"{'fundamental_score': 5.8, 'technical_score': 0, 'confidence': 0}"
SIGNPOST.NS,304.79998779296875,InvestmentDecision.AVOID,0,0,"{'fundamental_score': 7.65, 'technical_score': 0, 'confidence': 0}"
BALAJITELE.NS,82.5999984741211,InvestmentDecision.AVOID,0,0,"{'fundamental_score': 4.7, 'technical_score': 0, 'confidence': 0}"
HITECHGEAR.NS,577.2999877929688,InvestmentDecision.AVOID,0,0,"{'fundamental_score': 5.9, 'technical_score': 0, 'confidence': 0}"
ATULAUTO.NS,475.8999938964844,InvestmentDecision.AVOID,0,0,"{'fundamental_score': 5.9, 'technical_score': 0, 'confidence': 0}"
AGARIND.NS,517.8499755859375,InvestmentDecision.AVOID,0,0,"{'fundamental_score': 4.7, 'technical_score': 0, 'confidence': 0}"
YUKEN.NS,701.5999755859375,InvestmentDecision.AVOID,0,0,"{'fundamental_score': 4.7, 'technical_score': 0, 'confidence': 0}"
DIFFNKG.NS,395.3500061035156,InvestmentDecision.AVOID,0,0,"{'fundamental_score': 7.1, 'technical_score': 0, 'confidence': 0}"
ONEPOINT.NS,55.650001525878906,InvestmentDecision.AVOID,0,0,"{'fundamental_score': 5.6, 'technical_score': 0, 'confidence': 0}"
CAPITALSFB.NS,296.29998779296875,InvestmentDecision.AVOID,0,0,"{'fundamental_score': 6.6000000000000005, 'technical_score': 0, 'confidence': 0}"
ASIANTILES.NS,60.709999084472656,InvestmentDecision.AVOID,0,0,"{'fundamental_score': 4.7, 'technical_score': 0, 'confidence': 0}"
RICOAUTO.NS,141.22999572753906,InvestmentDecision.AVOID,0,0,"{'fundamental_score': 3.8500000000000005, 'technical_score': 0, 'confidence': 0}"
AURUM.NS,222.82000732421875,InvestmentDecision.AVOID,0,0,"{'fundamental_score': 6.7, 'technical_score': 0, 'confidence': 0}"
BUTTERFLY.NS,756.7000122070312,InvestmentDecision.AVOID,0,0,"{'fundamental_score': 5.500000000000001, 'technical_score': 0, 'confidence': 0}"
FAZE3Q.NS,538.5,InvestmentDecision.AVOID,0,0,"{'fundamental_score': 3.8500000000000005, 'technical_score': 0, 'confidence': 0}"
MICEL.NS,36.810001373291016,InvestmentDecision.AVOID,0,0,"{'fundamental_score': 4.7, 'technical_score': 0, 'confidence': 0}"
BHARATWIRE.NS,197.52999877929688,InvestmentDecision.AVOID,0,0,"{'fundamental_score': 6.6, 'technical_score': 0, 'confidence': 0}"
VASCONEQ.NS,31.920000076293945,InvestmentDecision.AVOID,0,0,"{'fundamental_score': 4.7, 'technical_score': 0, 'confidence': 0}"
WALCHANNAG.NS,226.14999389648438,InvestmentDecision.AVOID,0,0,"{'fundamental_score': 4.25, 'technical_score': 0, 'confidence': 0}"
TEXINFRA.NS,114.41000366210938,InvestmentDecision.AVOID,0,0,"{'fundamental_score': 6.2, 'technical_score': 0, 'confidence': 0}"
WCIL.NS,89.43000030517578,InvestmentDecision.AVOID,0,0,"{'fundamental_score': 4.7, 'technical_score': 0, 'confidence': 0}"
HERANBA.NS,175.4499969482422,InvestmentDecision.AVOID,0,0,"{'fundamental_score': 4.25, 'technical_score': 0, 'confidence': 0}"
BOROSCI.NS,153.9499969482422,InvestmentDecision.AVOID,0,0,"{'fundamental_score': 4.300000000000001, 'technical_score': 0, 'confidence': 0}"
GPTHEALTH.NS,167.32000732421875,InvestmentDecision.AVOID,0,0,"{'fundamental_score': 6.7, 'technical_score': 0, 'confidence': 0}"
IRMENERGY.NS,255.9499969482422,InvestmentDecision.AVOID,0,0,"{'fundamental_score': 4.7, 'technical_score': 0, 'confidence': 0}"
SHREEPUSHK.NS,393.8999938964844,InvestmentDecision.AVOID,0,0,"{'fundamental_score': 6.2, 'technical_score': 0, 'confidence': 0}"
MEIL.NS,295.45001220703125,InvestmentDecision.AVOID,0,0,"{'fundamental_score': 5.7, 'technical_score': 0, 'confidence': 0}"
GTPL.NS,60.77000045776367,InvestmentDecision.AVOID,0,0,"{'fundamental_score': 6.7, 'technical_score': 0, 'confidence': 0}"
ROHLTD.NS,320.29998779296875,InvestmentDecision.AVOID,0,0,"{'fundamental_score': 4.0, 'technical_score': 0, 'confidence': 0}"
VHL.NS,3466.300048828125,InvestmentDecision.AVOID,0,0,"{'fundamental_score': 7.4, 'technical_score': 0, 'confidence': 0}"
DSSL.NS,1195.300048828125,InvestmentDecision.AVOID,0,0,"{'fundamental_score': 6.75, 'technical_score': 0, 'confidence': 0}"
TBZ.NS,291.1000061035156,InvestmentDecision.AVOID,0,0,"{'fundamental_score': 5.4, 'technical_score': 0, 'confidence': 0}"
BAJAJINDEF.NS,229.1999969482422,InvestmentDecision.AVOID,0,0,"{'fundamental_score': 4.7, 'technical_score': 0, 'confidence': 0}"
STLNETWORK.NS,24.43000030517578,InvestmentDecision.AVOID,0,0,"{'fundamental_score': 5.8, 'technical_score': 0, 'confidence': 0}"
WEALTH.NS,969.0999755859375,InvestmentDecision.AVOID,0,0,"{'fundamental_score': 7.8, 'technical_score': 0, 'confidence': 0}"
CONTROLPR.NS,589.8499755859375,InvestmentDecision.AVOID,0,0,"{'fundamental_score': 6.7, 'technical_score': 0, 'confidence': 0}"
JINDALPHOT.NS,1057.0999755859375,InvestmentDecision.AVOID,0,0,"{'fundamental_score': 5.9, 'technical_score': 0, 'confidence': 0}"
ELECTHERM.NS,1016.0999755859375,InvestmentDecision.AVOID,0,0,"{'fundamental_score': 6.7, 'technical_score': 0, 'confidence': 0}"
ABINFRA.NS,10.079999923706055,InvestmentDecision.AVOID,0,0,"{'fundamental_score': 5.75, 'technical_score': 0, 'confidence': 0}"
SRM.NS,506.1499938964844,InvestmentDecision.AVOID,0,0,"{'fundamental_score': 7.2, 'technical_score': 0, 'confidence': 0}"
VILAS.NS,347.8500061035156,InvestmentDecision.AVOID,0,0,"{'fundamental_score': 6.7, 'technical_score': 0, 'confidence': 0}"
KROSS.NS,195.77000427246094,InvestmentDecision.AVOID,0,0,"{'fundamental_score': 5.9, 'technical_score': 0, 'confidence': 0}"
AMNPLST.NS,193.13999938964844,InvestmentDecision.AVOID,0,0,"{'fundamental_score': 6.2, 'technical_score': 0, 'confidence': 0}"
ZUARI.NS,235.49000549316406,InvestmentDecision.AVOID,0,0,"{'fundamental_score': 8.2, 'technical_score': 0, 'confidence': 0}"
STEELXIND.NS,11.229999542236328,InvestmentDecision.AVOID,0,0,"{'fundamental_score': 6.25, 'technical_score': 0, 'confidence': 0}"
ICEMAKE.NS,855.7999877929688,InvestmentDecision.AVOID,0,0,"{'fundamental_score': 4.800000000000001, 'technical_score': 0, 'confidence': 0}"
KELLTONTEC.NS,14.199999809265137,InvestmentDecision.AVOID,0,0,"{'fundamental_score': 6.7, 'technical_score': 0, 'confidence': 0}"
RACLGEAR.NS,1309.4000244140625,InvestmentDecision.AVOID,0,0,"{'fundamental_score': 5.45, 'technical_score': 0, 'confidence': 0}"
BLUSPRING.NS,107.08000183105469,InvestmentDecision.AVOID,0,0,"{'fundamental_score': 4.7, 'technical_score': 0, 'confidence': 0}"
PASHUPATI.NS,86.4800033569336,InvestmentDecision.AVOID,0,0,"{'fundamental_score': 3.8500000000000005, 'technical_score': 0, 'confidence': 0}"
MANALIPETC.NS,66.13999938964844,InvestmentDecision.AVOID,0,0,"{'fundamental_score': 6.6, 'technical_score': 0, 'confidence': 0}"
DVL.NS,238.17999267578125,InvestmentDecision.AVOID,0,0,"{'fundamental_score': 5.800000000000001, 'technical_score': 0, 'confidence': 0}"
KRISHNADEF.NS,1207.300048828125,InvestmentDecision.AVOID,0,0,"{'fundamental_score': 8.4, 'technical_score': 0, 'confidence': 0}"
BCLIND.NS,34.560001373291016,InvestmentDecision.AVOID,0,0,"{'fundamental_score': 5.050000000000001, 'technical_score': 0, 'confidence': 0}"
DPSCLTD.NS,7.329999923706055,InvestmentDecision.AVOID,0,0,"{'fundamental_score': 4.7, 'technical_score': 0, 'confidence': 0}"
NELCAST.NS,116.31999969482422,InvestmentDecision.AVOID,0,0,"{'fundamental_score': 6.7, 'technical_score': 0, 'confidence': 0}"
EIMCOELECO.NS,1798.5,InvestmentDecision.AVOID,0,0,"{'fundamental_score': 7.9, 'technical_score': 0, 'confidence': 0}"
OAL.NS,371.1000061035156,InvestmentDecision.AVOID,0,0,"{'fundamental_score': 4.25, 'technical_score': 0, 'confidence': 0}"
STERTOOLS.NS,238.50999450683594,InvestmentDecision.AVOID,0,0,"{'fundamental_score': 4.7, 'technical_score': 0, 'confidence': 0}"
GRPLTD.NS,1999.9000244140625,InvestmentDecision.AVOID,0,0,"{'fundamental_score': 5.0, 'technical_score': 0, 'confidence': 0}"
GEMAROMA.NS,183.32000732421875,InvestmentDecision.AVOID,0,0,"{'fundamental_score': 4.7, 'technical_score': 0, 'confidence': 0}"
PROSTARM.NS,121.73999786376953,InvestmentDecision.AVOID,0,0,"{'fundamental_score': 6.7, 'technical_score': 0, 'confidence': 0}"
IZMO.NS,1095.9000244140625,InvestmentDecision.AVOID,0,0,"{'fundamental_score': 7.4, 'technical_score': 0, 'confidence': 0}"
ANTELOPUS.NS,831.7999877929688,InvestmentDecision.AVOID,0,0,"{'fundamental_score': 7.000000000000001, 'technical_score': 0, 'confidence': 0}"
MATRIMONY.NS,433.8999938964844,InvestmentDecision.AVOID,0,0,"{'fundamental_score': 6.7, 'technical_score': 0, 'confidence': 0}"
SWELECTES.NS,601.9000244140625,InvestmentDecision.AVOID,0,0,"{'fundamental_score': 4.25, 'technical_score': 0, 'confidence': 0}"
PDMJEPAPER.NS,96.5999984741211,InvestmentDecision.AVOID,0,0,"{'fundamental_score': 6.2, 'technical_score': 0, 'confidence': 0}"
AYMSYNTEX.NS,240.63999938964844,InvestmentDecision.AVOID,0,0,"{'fundamental_score': 4.300000000000001, 'technical_score': 0, 'confidence': 0}"
OMINFRAL.NS,90.33999633789062,InvestmentDecision.AVOID,0,0,"{'fundamental_score': 4.7, 'technical_score': 0, 'confidence': 0}"
RNBDENIMS.NS,9.140000343322754,InvestmentDecision.AVOID,0,0,"{'fundamental_score': 5.1000000000000005, 'technical_score': 0, 'confidence': 0}"
5PAISA.NS,353.0,InvestmentDecision.AVOID,0,0,"{'fundamental_score': 6.35, 'technical_score': 0, 'confidence': 0}"
PENINLAND.NS,16.40999984741211,InvestmentDecision.AVOID,0,0,"{'fundamental_score': 3.2, 'technical_score': 0, 'confidence': 0}"
BIL.NS,778.8499755859375,InvestmentDecision.AVOID,0,0,"{'fundamental_score': 3.4000000000000004, 'technical_score': 0, 'confidence': 0}"
MAMATA.NS,382.6000061035156,InvestmentDecision.AVOID,0,0,"{'fundamental_score': 4.7, 'technical_score': 0, 'confidence': 0}"
AFSL.NS,201.0,InvestmentDecision.AVOID,0,0,"{'fundamental_score': 3.8500000000000005, 'technical_score': 0, 'confidence': 0}"
ESTER.NS,89.83000183105469,InvestmentDecision.AVOID,0,0,"{'fundamental_score': 4.25, 'technical_score': 0, 'confidence': 0}"
TNPL.NS,150.83999633789062,InvestmentDecision.AVOID,0,0,"{'fundamental_score': 5.25, 'technical_score': 0, 'confidence': 0}"
GANESHCP.NS,168.9600067138672,InvestmentDecision.AVOID,0,0,"{'fundamental_score': 5.500000000000001, 'technical_score': 0, 'confidence': 0}"
AVTNPL.NS,70.55000305175781,InvestmentDecision.AVOID,0,0,"{'fundamental_score': 6.2, 'technical_score': 0, 'confidence': 0}"
KOKUYOCMLN.NS,85.2699966430664,InvestmentDecision.AVOID,0,0,"{'fundamental_score': 6.7, 'technical_score': 0, 'confidence': 0}"
MAXIND.NS,173.30999755859375,InvestmentDecision.AVOID,0,0,"{'fundamental_score': 4.7, 'technical_score': 0, 'confidence': 0}"
ANDHRSUGAR.NS,83.69000244140625,InvestmentDecision.AVOID,0,0,"{'fundamental_score': 4.7, 'technical_score': 0, 'confidence': 0}"
CREST.NS,377.70001220703125,InvestmentDecision.AVOID,0,0,"{'fundamental_score': 5.800000000000001, 'technical_score': 0, 'confidence': 0}"
LINCOLN.NS,579.4500122070312,InvestmentDecision.AVOID,0,0,"{'fundamental_score': 7.1, 'technical_score': 0, 'confidence': 0}"
THEMISMED.NS,105.77999877929688,InvestmentDecision.AVOID,0,0,"{'fundamental_score': 4.7, 'technical_score': 0, 'confidence': 0}"
CENTENKA.NS,611.25,InvestmentDecision.AVOID,0,0,"{'fundamental_score': 5.9, 'technical_score': 0, 'confidence': 0}"
ARIHANTCAP.NS,77.23999786376953,InvestmentDecision.AVOID,0,0,"{'fundamental_score': 6.95, 'technical_score': 0, 'confidence': 0}"
DHANBANK.NS,34.130001068115234,InvestmentDecision.AVOID,0,0,"{'fundamental_score': 5.200000000000001, 'technical_score': 0, 'confidence': 0}"
UNIENTER.NS,96.62000274658203,InvestmentDecision.AVOID,0,0,"{'fundamental_score': 6.2, 'technical_score': 0, 'confidence': 0}"
SCODATUBES.NS,146.8000030517578,InvestmentDecision.AVOID,0,0,"{'fundamental_score': 6.2, 'technical_score': 0, 'confidence': 0}"
INDOFARM.NS,152.11000061035156,InvestmentDecision.AVOID,0,0,"{'fundamental_score': 4.7, 'technical_score': 0, 'confidence': 0}"
SBC.NS,42.08000183105469,InvestmentDecision.AVOID,0,0,"{'fundamental_score': 5.7, 'technical_score': 0, 'confidence': 0}"
GGBL.NS,257.75,InvestmentDecision.AVOID,0,0,"{'fundamental_score': 6.7, 'technical_score': 0, 'confidence': 0}"
CEWATER.NS,286.25,InvestmentDecision.AVOID,0,0,"{'fundamental_score': 4.7, 'technical_score': 0, 'confidence': 0}"
RADHIKAJWE.NS,68.87000274658203,InvestmentDecision.AVOID,0,0,"{'fundamental_score': 6.3, 'technical_score': 0, 'confidence': 0}"
