Ticker,Signal,Current_Price,Trend_Assessment,RSI,MACD,MA20,MA50,MA200,ATR,Buy_Range_Low,Buy_Range_High,Stop_Loss,Target,RR_Ratio,Risk_Context,Confidence,Rules_Passed,Rules_Failed
RELIANCE.NS,SELL,nan,downtrend,43.86,-20.88,0.0,,0.0,nan,,,nan,nan,0,ELEVATED,73,1,2
HDFCBANK.NS,SELL,nan,downtrend,52.34,-22.13,0.0,,0.0,nan,,,nan,nan,0,ELEVATED,68,1,2
BHARTIARTL.NS,SELL,nan,downtrend,57.91,-16.65,0.0,,0.0,nan,,,nan,nan,0,ELEVATED,66,1,2
TCS.NS,HOLD,nan,weak_trend,70.23,-28.44,0.0,,0.0,nan,,,nan,nan,0,ELEVATED,40,0,3
ICICIBANK.NS,SELL,nan,downtrend,62.38,-15.1,0.0,,0.0,nan,,,nan,nan,0,ELEVATED,63,2,1
SBIN.NS,SELL,nan,downtrend,53.18,-19.38,0.0,,0.0,nan,,,nan,nan,0,ELEVATED,68,1,2
INFY.NS,SELL,nan,downtrend,65.18,-8.61,0.0,,0.0,nan,,,nan,nan,0,ELEVATED,62,1,2
BAJFINANCE.NS,SELL,nan,downtrend,64.54,-12.69,0.0,,0.0,nan,,,nan,nan,0,ELEVATED,62,1,2
HINDUNILVR.NS,SELL,nan,downtrend,62.07,-35.14,0.0,,0.0,nan,,,nan,nan,0,ELEVATED,63,1,2
LICI.NS,SELL,nan,downtrend,56.64,-12.7,0.0,,0.0,nan,,,nan,nan,0,ELEVATED,66,2,1
LT.NS,HOLD,nan,weak_trend,71.38,-10.09,0.0,,0.0,nan,,,nan,nan,0,ELEVATED,40,0,3
ITC.NS,SELL,nan,downtrend,57.58,-3.56,0.0,,0.0,nan,,,nan,nan,0,ELEVATED,66,1,2
MARUTI.NS,HOLD,nan,weak_trend,72.76,-225.14,0.0,,0.0,nan,,,nan,nan,0,ELEVATED,40,1,2
M&M.NS,SELL,nan,downtrend,61.43,-45.13,0.0,,0.0,nan,,,nan,nan,0,ELEVATED,64,1,2
HCLTECH.NS,HOLD,nan,weak_trend,78.31,5.74,0.0,,0.0,nan,,,nan,nan,0,ELEVATED,40,0,3
KOTAKBANK.NS,SELL,nan,downtrend,53.93,-8.18,0.0,,0.0,nan,,,nan,nan,0,ELEVATED,68,2,1
SUNPHARMA.NS,SELL,nan,downtrend,34.72,-15.72,0.0,,0.0,nan,,,nan,nan,0,ELEVATED,77,0,3
AXISBANK.NS,SELL,nan,downtrend,69.58,0.56,0.0,,0.0,nan,,,nan,nan,0,ELEVATED,60,1,2
ULTRACEMCO.NS,SELL,nan,downtrend,61.28,-176.62,0.0,,0.0,nan,,,nan,nan,0,ELEVATED,64,1,2
BAJAJFINSV.NS,SELL,nan,downtrend,60.52,-41.2,0.0,,0.0,nan,,,nan,nan,0,ELEVATED,64,1,2
TITAN.NS,SELL,nan,downtrend,68.16,62.29,0.0,,0.0,nan,,,nan,nan,0,ELEVATED,60,1,2
NTPC.NS,HOLD,nan,weak_trend,55.02,0.5,0.0,,0.0,nan,,,nan,nan,0,ELEVATED,40,0,3
HAL.NS,SELL,nan,downtrend,65.33,-24.16,0.0,,0.0,nan,,,nan,nan,0,ELEVATED,62,1,2
ADANIPORTS.NS,SELL,nan,downtrend,64.58,-4.42,0.0,,0.0,nan,,,nan,nan,0,ELEVATED,62,1,2
ONGC.NS,SELL,nan,downtrend,69.91,5.38,0.0,,0.0,nan,,,nan,nan,0,ELEVATED,60,1,2
ETERNAL.NS,SELL,236.22,downtrend,55.05,-3.07,232.83,,290.15,9.21,,,254.64,190.17,2.5,LOW,67,1,2
BEL.NS,SELL,nan,downtrend,56.48,-1.26,0.0,,0.0,nan,,,nan,nan,0,ELEVATED,66,1,2
ADANIENT.NS,SELL,nan,downtrend,60.61,-20.15,0.0,,0.0,nan,,,nan,nan,0,ELEVATED,64,2,1
DMART.NS,HOLD,nan,weak_trend,72.65,155.02,0.0,,0.0,nan,,,nan,nan,0,ELEVATED,40,0,3
JSWSTEEL.NS,SELL,nan,downtrend,64.65,-4.45,0.0,,0.0,nan,,,nan,nan,0,ELEVATED,62,1,2
ADANIPOWER.NS,HOLD,nan,weak_trend,81.66,6.8,0.0,,0.0,nan,,,nan,nan,0,ELEVATED,40,1,2
WIPRO.NS,HOLD,nan,weak_trend,73.66,-1.34,0.0,,0.0,nan,,,nan,nan,0,ELEVATED,40,0,3
POWERGRID.NS,HOLD,nan,weak_trend,58.99,1.08,0.0,,0.0,nan,,,nan,nan,0,ELEVATED,40,0,3
ASIANPAINT.NS,SELL,nan,downtrend,63.0,-19.77,0.0,,0.0,nan,,,nan,nan,0,ELEVATED,63,1,2
BAJAJ-AUTO.NS,HOLD,nan,weak_trend,70.52,-25.62,0.0,,0.0,nan,,,nan,nan,0,ELEVATED,40,0,3
COALINDIA.NS,SELL,nan,downtrend,40.12,2.78,0.0,,0.0,nan,,,nan,nan,0,ELEVATED,74,0,3
NESTLEIND.NS,SELL,nan,downtrend,66.29,-8.2,0.0,,0.0,nan,,,nan,nan,0,ELEVATED,61,1,2
INDIGO.NS,SELL,nan,downtrend,60.3,-32.74,0.0,,0.0,nan,,,nan,nan,0,ELEVATED,64,1,2
IOC.NS,SELL,nan,downtrend,50.38,-6.3,0.0,,0.0,nan,,,nan,nan,0,ELEVATED,69,1,2
TATASTEEL.NS,SELL,nan,downtrend,67.58,1.39,0.0,,0.0,nan,,,nan,nan,0,ELEVATED,61,1,2
TMPV.NS,HOLD,345.5,weak_trend,68.03,-3.62,316.63,,0.0,11.82,,,327.77,369.14,1.33,LOW,40,2,1
HINDZINC.NS,SELL,nan,downtrend,67.95,-8.95,0.0,,0.0,nan,,,nan,nan,0,ELEVATED,61,1,2
JIOFIN.NS,HOLD,237.68,weak_trend,48.94,-2.68,236.39,,292.69,8.43,,,225.03,254.55,1.33,LOW,40,0,3
HYUNDAI.NS,HOLD,nan,weak_trend,32.31,-96.06,0.0,,0.0,nan,,,nan,nan,0,ELEVATED,40,0,3
GRASIM.NS,SELL,nan,downtrend,61.73,-15.07,0.0,,0.0,nan,,,nan,nan,0,ELEVATED,64,1,2
SBILIFE.NS,SELL,nan,downtrend,52.86,-26.5,0.0,,0.0,nan,,,nan,nan,0,ELEVATED,68,1,2
VEDL.NS,HOLD,nan,weak_trend,78.13,12.14,0.0,,0.0,nan,,,nan,nan,0,ELEVATED,40,0,3
DLF.NS,SELL,nan,downtrend,58.41,-10.68,0.0,,0.0,nan,,,nan,nan,0,ELEVATED,65,1,2
EICHERMOT.NS,SELL,nan,downtrend,63.38,-92.97,0.0,,0.0,nan,,,nan,nan,0,ELEVATED,63,2,1
TRENT.NS,SELL,nan,downtrend,66.26,9.47,0.0,,0.0,nan,,,nan,nan,0,ELEVATED,61,1,2
HINDALCO.NS,HOLD,nan,weak_trend,71.81,9.98,0.0,,0.0,nan,,,nan,nan,0,ELEVATED,40,0,3
DIVISLAB.NS,SELL,nan,downtrend,59.9,-75.7,0.0,,0.0,nan,,,nan,nan,0,ELEVATED,65,1,2
HDFCLIFE.NS,HOLD,nan,weak_trend,40.9,-24.83,0.0,,0.0,nan,,,nan,nan,0,ELEVATED,40,1,2
LTIM.NS,SELL,4503.7,downtrend,56.89,-68.05,4278.46,,5369.51,183.16,,,4870.03,3587.88,2.5,ELEVATED,66,1,2
IRFC.NS,SELL,nan,downtrend,57.78,-1.75,0.0,,0.0,nan,,,nan,nan,0,ELEVATED,66,1,2
ADANIGREEN.NS,HOLD,nan,weak_trend,77.6,27.86,0.0,,0.0,nan,,,nan,nan,0,ELEVATED,40,0,3
VBL.NS,SELL,nan,downtrend,62.19,-5.35,0.0,,0.0,nan,,,nan,nan,0,ELEVATED,63,1,2
TVSMOTOR.NS,HOLD,nan,weak_trend,71.29,2.03,0.0,,0.0,nan,,,nan,nan,0,ELEVATED,40,0,3
PIDILITIND.NS,SELL,nan,downtrend,57.12,-25.54,0.0,,0.0,nan,,,nan,nan,0,ELEVATED,66,1,2
BPCL.NS,SELL,nan,downtrend,60.49,-14.1,0.0,,0.0,nan,,,nan,nan,0,ELEVATED,64,1,2
TECHM.NS,SELL,nan,downtrend,67.45,5.5,0.0,,0.0,nan,,,nan,nan,0,ELEVATED,61,1,2
BAJAJHLDNG.NS,SELL,nan,downtrend,55.25,-211.91,0.0,,0.0,nan,,,nan,nan,0,ELEVATED,67,1,2
BRITANNIA.NS,HOLD,nan,weak_trend,44.21,-106.65,0.0,,0.0,nan,,,nan,nan,0,ELEVATED,40,0,3
AMBUJACEM.NS,SELL,nan,downtrend,57.64,-12.39,0.0,,0.0,nan,,,nan,nan,0,ELEVATED,66,1,2
TATACAP.NS,SELL,nan,downtrend,59.88,-2.61,0.0,,0.0,nan,,,nan,nan,0,ELEVATED,65,1,2
BANKBARODA.NS,SELL,nan,downtrend,51.92,-6.93,0.0,,0.0,nan,,,nan,nan,0,ELEVATED,69,1,2
CHOLAFIN.NS,SELL,nan,downtrend,60.69,-31.99,0.0,,0.0,nan,,,nan,nan,0,ELEVATED,64,2,1
SHRIRAMFIN.NS,SELL,nan,downtrend,58.42,-9.49,0.0,,0.0,nan,,,nan,nan,0,ELEVATED,65,1,2
TMCV.NS,SELL,nan,downtrend,57.39,-9.43,0.0,,0.0,nan,,,nan,nan,0,ELEVATED,66,1,2
PNB.NS,SELL,nan,downtrend,52.87,-2.99,0.0,,0.0,nan,,,nan,nan,0,ELEVATED,68,1,2
ICICIAMC.NS,HOLD,nan,weak_trend,76.93,54.07,0.0,,0.0,nan,,,nan,nan,0,ELEVATED,40,0,3
PFC.NS,SELL,nan,downtrend,63.5,5.05,0.0,,0.0,nan,,,nan,nan,0,ELEVATED,63,1,2
SOLARINDS.NS,SELL,nan,downtrend,61.42,-10.58,0.0,,0.0,nan,,,nan,nan,0,ELEVATED,64,2,1
MUTHOOTFIN.NS,SELL,nan,downtrend,60.32,-4.01,0.0,,0.0,nan,,,nan,nan,0,ELEVATED,64,1,2
TATAPOWER.NS,SELL,nan,downtrend,50.68,3.21,0.0,,0.0,nan,,,nan,nan,0,ELEVATED,69,2,1
CIPLA.NS,HOLD,nan,weak_trend,47.12,-29.69,0.0,,0.0,nan,,,nan,nan,0,ELEVATED,40,0,3
TORNTPHARM.NS,SELL,nan,downtrend,46.15,-45.25,0.0,,0.0,nan,,,nan,nan,0,ELEVATED,71,1,2
GODREJCP.NS,SELL,nan,downtrend,61.93,-21.66,0.0,,0.0,nan,,,nan,nan,0,ELEVATED,64,1,2
LODHA.NS,SELL,nan,downtrend,51.41,-47.48,0.0,,0.0,nan,,,nan,nan,0,ELEVATED,69,1,2
HDFCAMC.NS,SELL,nan,downtrend,61.11,-18.17,0.0,,0.0,nan,,,nan,nan,0,ELEVATED,64,1,2
GAIL.NS,SELL,nan,downtrend,64.54,-1.7,0.0,,0.0,nan,,,nan,nan,0,ELEVATED,62,1,2
CANBK.NS,SELL,nan,downtrend,56.92,-2.53,0.0,,0.0,nan,,,nan,nan,0,ELEVATED,66,1,2
MAXHEALTH.NS,SELL,nan,downtrend,50.09,-23.08,0.0,,0.0,nan,,,nan,nan,0,ELEVATED,69,1,2
ENRIN.NS,SELL,2849.2,downtrend,56.56,-6.59,2728.25,,2978.9,100.39,,,3049.97,2347.27,2.5,ELEVATED,66,1,2
SIEMENS.NS,SELL,nan,downtrend,66.61,5.22,0.0,,0.0,nan,,,nan,nan,0,ELEVATED,61,1,2
MAZDOCK.NS,SELL,nan,downtrend,56.0,9.52,0.0,,0.0,nan,,,nan,nan,0,ELEVATED,67,1,2
BOSCHLTD.NS,HOLD,nan,weak_trend,77.62,538.59,0.0,,0.0,nan,,,nan,nan,0,ELEVATED,40,0,3
ABB.NS,SELL,nan,downtrend,69.0,156.87,0.0,,0.0,nan,,,nan,nan,0,ELEVATED,60,1,2
MOTHERSON.NS,SELL,nan,downtrend,63.28,-1.56,0.0,,0.0,nan,,,nan,nan,0,ELEVATED,63,2,1
CUMMINSIND.NS,HOLD,nan,weak_trend,72.24,74.48,0.0,,0.0,nan,,,nan,nan,0,ELEVATED,40,0,3
TATACONSUM.NS,SELL,nan,downtrend,63.28,-12.32,0.0,,0.0,nan,,,nan,nan,0,ELEVATED,63,1,2
LGEINDIA.NS,SELL,nan,downtrend,45.45,-31.89,0.0,,0.0,nan,,,nan,nan,0,ELEVATED,72,0,3
POLYCAB.NS,SELL,nan,downtrend,63.6,-61.48,0.0,,0.0,nan,,,nan,nan,0,ELEVATED,63,1,2
CGPOWER.NS,SELL,nan,downtrend,62.62,6.02,0.0,,0.0,nan,,,nan,nan,0,ELEVATED,63,1,2
UNIONBANK.NS,SELL,nan,downtrend,61.46,-0.2,0.0,,0.0,nan,,,nan,nan,0,ELEVATED,64,1,2
ADANIENSOL.NS,BUY,1175.3,uptrend,69.01,30.58,1010.11,,928.77,51.66,1151.79,1198.81,1071.98,1433.6,2.5,ELEVATED,79,3,0
APOLLOHOSP.NS,SELL,nan,downtrend,59.67,-22.37,0.0,,0.0,nan,,,nan,nan,0,ELEVATED,65,1,2
INDHOTEL.NS,SELL,nan,downtrend,56.75,-7.49,0.0,,0.0,nan,,,nan,nan,0,ELEVATED,66,1,2
HEROMOTOCO.NS,SELL,nan,downtrend,59.79,-62.08,0.0,,0.0,nan,,,nan,nan,0,ELEVATED,65,2,1
DRREDDY.NS,SELL,nan,downtrend,42.55,-18.95,0.0,,0.0,nan,,,nan,nan,0,ELEVATED,73,0,3
SHREECEM.NS,SELL,nan,downtrend,57.44,-334.81,0.0,,0.0,nan,,,nan,nan,0,ELEVATED,66,1,2
JINDALSTEL.NS,SELL,nan,downtrend,62.06,4.79,0.0,,0.0,nan,,,nan,nan,0,ELEVATED,63,1,2
IDBI.NS,SELL,nan,downtrend,56.22,-7.37,0.0,,0.0,nan,,,nan,nan,0,ELEVATED,66,1,2
SWIGGY.NS,HOLD,nan,weak_trend,44.1,-9.27,0.0,,0.0,nan,,,nan,nan,0,ELEVATED,40,0,3
BSE.NS,SELL,nan,downtrend,65.37,89.29,0.0,,0.0,nan,,,nan,nan,0,ELEVATED,62,1,2
MANKIND.NS,SELL,nan,downtrend,62.79,-21.9,0.0,,0.0,nan,,,nan,nan,0,ELEVATED,63,1,2
INDIANB.NS,SELL,nan,downtrend,64.19,7.64,0.0,,0.0,nan,,,nan,nan,0,ELEVATED,62,1,2
INDUSTOWER.NS,SELL,nan,downtrend,56.49,-3.02,0.0,,0.0,nan,,,nan,nan,0,ELEVATED,66,1,2
UNITDSPR.NS,HOLD,1231.5,weak_trend,41.57,-30.52,1276.83,,1356.29,38.39,,,1173.92,1308.27,1.33,ELEVATED,40,0,3
GMRAIRPORT.NS,SELL,nan,downtrend,60.32,-0.48,0.0,,0.0,nan,,,nan,nan,0,ELEVATED,64,1,2
RECLTD.NS,SELL,nan,downtrend,60.55,-0.31,0.0,,0.0,nan,,,nan,nan,0,ELEVATED,64,1,2
ZYDUSLIFE.NS,SELL,nan,downtrend,60.9,-2.88,0.0,,0.0,nan,,,nan,nan,0,ELEVATED,64,1,2
ICICIGI.NS,HOLD,nan,weak_trend,48.97,-33.0,0.0,,0.0,nan,,,nan,nan,0,ELEVATED,40,0,3
GROWW.NS,HOLD,nan,weak_trend,76.98,5.25,0.0,,0.0,nan,,,nan,nan,0,ELEVATED,40,1,2
DIXON.NS,SELL,nan,downtrend,56.79,-62.29,0.0,,0.0,nan,,,nan,nan,0,ELEVATED,66,1,2
IDEA.NS,SELL,nan,downtrend,54.92,-0.33,0.0,,0.0,nan,,,nan,nan,0,ELEVATED,67,1,2
HAVELLS.NS,HOLD,nan,weak_trend,47.82,-29.24,0.0,,0.0,nan,,,nan,nan,0,ELEVATED,40,0,3
MARICO.NS,SELL,nan,downtrend,58.53,-3.51,0.0,,0.0,nan,,,nan,nan,0,ELEVATED,65,1,2
HINDPETRO.NS,SELL,nan,downtrend,65.05,-14.94,0.0,,0.0,nan,,,nan,nan,0,ELEVATED,62,1,2
WAAREEENER.NS,SELL,nan,downtrend,60.84,89.69,0.0,,0.0,nan,,,nan,nan,0,ELEVATED,64,2,1
BAJAJHFL.NS,SELL,nan,downtrend,58.75,-0.77,0.0,,0.0,nan,,,nan,nan,0,ELEVATED,65,1,2
DABUR.NS,SELL,nan,downtrend,53.42,-16.09,0.0,,0.0,nan,,,nan,nan,0,ELEVATED,68,1,2
LUPIN.NS,HOLD,nan,weak_trend,64.26,8.79,0.0,,0.0,nan,,,nan,nan,0,ELEVATED,40,0,3
JSWENERGY.NS,SELL,nan,downtrend,42.97,0.42,0.0,,0.0,nan,,,nan,nan,0,ELEVATED,73,1,2
ICICIPRULI.NS,HOLD,nan,weak_trend,43.86,-23.57,0.0,,0.0,nan,,,nan,nan,0,ELEVATED,40,0,3
PERSISTENT.NS,HOLD,nan,weak_trend,89.63,87.27,0.0,,0.0,nan,,,nan,nan,0,ELEVATED,40,0,3
BHARTIHEXA.NS,HOLD,nan,weak_trend,35.38,-23.35,0.0,,0.0,nan,,,nan,nan,0,ELEVATED,40,0,3
NAUKRI.NS,SELL,nan,downtrend,55.92,-14.3,0.0,,0.0,nan,,,nan,nan,0,ELEVATED,67,1,2
SRF.NS,HOLD,nan,weak_trend,49.68,-55.67,0.0,,0.0,nan,,,nan,nan,0,ELEVATED,40,0,3
BHEL.NS,SELL,nan,downtrend,67.01,2.33,0.0,,0.0,nan,,,nan,nan,0,ELEVATED,61,2,1
POWERINDIA.NS,HOLD,nan,weak_trend,71.44,837.26,0.0,,0.0,nan,,,nan,nan,0,ELEVATED,40,1,2
MEESHO.NS,SELL,nan,downtrend,67.47,1.49,0.0,,0.0,nan,,,nan,nan,0,ELEVATED,61,1,2
NTPCGREEN.NS,SELL,nan,downtrend,46.51,1.44,0.0,,0.0,nan,,,nan,nan,0,ELEVATED,71,1,2
NHPC.NS,SELL,nan,downtrend,53.54,0.29,0.0,,0.0,nan,,,nan,nan,0,ELEVATED,68,1,2
POLICYBZR.NS,SELL,nan,downtrend,53.89,-6.21,0.0,,0.0,nan,,,nan,nan,0,ELEVATED,68,1,2
SBICARD.NS,HOLD,nan,weak_trend,45.93,-21.93,0.0,,0.0,nan,,,nan,nan,0,ELEVATED,40,0,3
ASHOKLEY.NS,SELL,nan,downtrend,56.52,-6.77,0.0,,0.0,nan,,,nan,nan,0,ELEVATED,66,1,2
SUZLON.NS,SELL,nan,downtrend,64.66,0.06,0.0,,0.0,nan,,,nan,nan,0,ELEVATED,62,2,1
ABCAPITAL.NS,SELL,nan,downtrend,61.24,-1.19,0.0,,0.0,nan,,,nan,nan,0,ELEVATED,64,1,2
PAYTM.NS,SELL,nan,downtrend,59.11,-3.81,0.0,,0.0,nan,,,nan,nan,0,ELEVATED,65,1,2
IOB.NS,SELL,nan,downtrend,64.43,-0.13,0.0,,0.0,nan,,,nan,nan,0,ELEVATED,62,1,2
OFSS.NS,HOLD,nan,weak_trend,77.25,91.72,0.0,,0.0,nan,,,nan,nan,0,ELEVATED,40,0,3
LENSKART.NS,SELL,nan,downtrend,63.72,5.95,0.0,,0.0,nan,,,nan,nan,0,ELEVATED,63,1,2
GVT&D.NS,SELL,nan,downtrend,60.52,68.4,0.0,,0.0,nan,,,nan,nan,0,ELEVATED,64,1,2
RVNL.NS,SELL,nan,downtrend,57.16,-6.76,0.0,,0.0,nan,,,nan,nan,0,ELEVATED,66,1,2
PRESTIGE.NS,SELL,nan,downtrend,56.19,-28.45,0.0,,0.0,nan,,,nan,nan,0,ELEVATED,66,1,2
LLOYDSME.NS,HOLD,nan,weak_trend,84.48,74.03,0.0,,0.0,nan,,,nan,nan,0,ELEVATED,40,0,3
UNOMINDA.NS,SELL,nan,downtrend,54.98,-20.32,0.0,,0.0,nan,,,nan,nan,0,ELEVATED,67,1,2
FORTIS.NS,SELL,nan,downtrend,59.09,-11.78,0.0,,0.0,nan,,,nan,nan,0,ELEVATED,65,1,2
NYKAA.NS,SELL,nan,downtrend,66.98,-0.1,0.0,,0.0,nan,,,nan,nan,0,ELEVATED,61,1,2
OIL.NS,SELL,nan,downtrend,47.21,0.04,0.0,,0.0,nan,,,nan,nan,0,ELEVATED,71,1,2
ATGL.NS,SELL,nan,downtrend,56.99,6.85,0.0,,0.0,nan,,,nan,nan,0,ELEVATED,66,1,2
COROMANDEL.NS,SELL,nan,downtrend,62.45,-15.91,0.0,,0.0,nan,,,nan,nan,0,ELEVATED,63,1,2
GICRE.NS,HOLD,nan,weak_trend,71.55,4.36,0.0,,0.0,nan,,,nan,nan,0,ELEVATED,40,1,2
YESBANK.NS,SELL,nan,downtrend,56.47,-0.39,0.0,,0.0,nan,,,nan,nan,0,ELEVATED,66,1,2
VMM.NS,SELL,nan,downtrend,66.34,-0.38,0.0,,0.0,nan,,,nan,nan,0,ELEVATED,61,1,2
TORNTPOWER.NS,SELL,nan,downtrend,53.21,-7.03,0.0,,0.0,nan,,,nan,nan,0,ELEVATED,68,2,1
AUROPHARMA.NS,HOLD,nan,weak_trend,77.62,30.98,0.0,,0.0,nan,,,nan,nan,0,ELEVATED,40,0,3
NMDC.NS,SELL,nan,downtrend,67.96,0.98,0.0,,0.0,nan,,,nan,nan,0,ELEVATED,61,1,2
ALKEM.NS,SELL,nan,downtrend,60.21,-46.58,0.0,,0.0,nan,,,nan,nan,0,ELEVATED,64,2,1
BERGEPAINT.NS,HOLD,nan,weak_trend,71.91,-2.15,0.0,,0.0,nan,,,nan,nan,0,ELEVATED,40,0,3
MRF.NS,SELL,nan,downtrend,62.0,-1796.55,0.0,,0.0,nan,,,nan,nan,0,ELEVATED,63,1,2
PATANJALI.NS,HOLD,nan,weak_trend,46.44,-10.61,0.0,,0.0,nan,,,nan,nan,0,ELEVATED,40,0,3
GODREJPROP.NS,SELL,nan,downtrend,67.31,-10.57,0.0,,0.0,nan,,,nan,nan,0,ELEVATED,61,1,2
HDBFS.NS,HOLD,nan,weak_trend,47.44,-20.19,0.0,,0.0,nan,,,nan,nan,0,ELEVATED,40,0,3
LTF.NS,SELL,nan,downtrend,60.08,-2.91,0.0,,0.0,nan,,,nan,nan,0,ELEVATED,64,1,2
JSWINFRA.NS,SELL,261.56,downtrend,54.03,-0.46,251.2,,285.99,10.92,,,283.4,206.95,2.5,LOW,67,1,2
SCHAEFFLER.NS,SELL,nan,downtrend,47.93,-44.04,0.0,,0.0,nan,,,nan,nan,0,ELEVATED,71,0,3
INDUSINDBK.NS,SELL,nan,downtrend,52.55,-20.8,0.0,,0.0,nan,,,nan,nan,0,ELEVATED,68,1,2
JSL.NS,HOLD,nan,weak_trend,71.08,-1.0,0.0,,0.0,nan,,,nan,nan,0,ELEVATED,40,0,3
AUBANK.NS,SELL,nan,downtrend,61.71,-2.04,0.0,,0.0,nan,,,nan,nan,0,ELEVATED,64,1,2
COLPAL.NS,SELL,nan,downtrend,56.07,-56.16,0.0,,0.0,nan,,,nan,nan,0,ELEVATED,66,1,2
OBEROIRLTY.NS,HOLD,nan,weak_trend,74.78,31.52,0.0,,0.0,nan,,,nan,nan,0,ELEVATED,40,0,3
BHARATFORG.NS,SELL,nan,downtrend,58.89,-0.06,0.0,,0.0,nan,,,nan,nan,0,ELEVATED,65,1,2
FACT.NS,SELL,nan,downtrend,63.81,12.58,0.0,,0.0,nan,,,nan,nan,0,ELEVATED,63,1,2
COFORGE.NS,HOLD,nan,weak_trend,70.18,-7.49,0.0,,0.0,nan,,,nan,nan,0,ELEVATED,40,0,3
PHOENIXLTD.NS,SELL,nan,downtrend,67.66,7.01,0.0,,0.0,nan,,,nan,nan,0,ELEVATED,61,1,2
BANKINDIA.NS,SELL,nan,downtrend,51.77,-4.26,0.0,,0.0,nan,,,nan,nan,0,ELEVATED,69,1,2
TIINDIA.NS,SELL,nan,downtrend,65.6,36.64,0.0,,0.0,nan,,,nan,nan,0,ELEVATED,62,1,2
IRCTC.NS,SELL,nan,downtrend,57.09,-12.2,0.0,,0.0,nan,,,nan,nan,0,ELEVATED,66,1,2
BDL.NS,SELL,nan,downtrend,58.91,-5.35,0.0,,0.0,nan,,,nan,nan,0,ELEVATED,65,1,2
UPL.NS,SELL,nan,downtrend,58.37,-8.88,0.0,,0.0,nan,,,nan,nan,0,ELEVATED,65,1,2
IDFCFIRSTB.NS,SELL,nan,downtrend,59.48,-2.15,0.0,,0.0,nan,,,nan,nan,0,ELEVATED,65,1,2
PIIND.NS,SELL,nan,downtrend,53.57,-44.53,0.0,,0.0,nan,,,nan,nan,0,ELEVATED,68,1,2
MOTILALOFS.NS,SELL,nan,downtrend,67.45,4.24,0.0,,0.0,nan,,,nan,nan,0,ELEVATED,61,1,2
GLENMARK.NS,HOLD,nan,weak_trend,57.71,13.49,0.0,,0.0,nan,,,nan,nan,0,ELEVATED,40,0,3
MFSL.NS,SELL,nan,downtrend,53.13,-39.5,0.0,,0.0,nan,,,nan,nan,0,ELEVATED,68,1,2
SAIL.NS,SELL,nan,downtrend,62.87,2.28,0.0,,0.0,nan,,,nan,nan,0,ELEVATED,63,1,2
FEDERALBNK.NS,SELL,nan,downtrend,65.97,0.88,0.0,,0.0,nan,,,nan,nan,0,ELEVATED,62,1,2
NAM-INDIA.NS,SELL,nan,downtrend,62.35,3.5,0.0,,0.0,nan,,,nan,nan,0,ELEVATED,63,2,1
MPHASIS.NS,HOLD,nan,weak_trend,72.9,1.27,0.0,,0.0,nan,,,nan,nan,0,ELEVATED,40,0,3
KALYANKJIL.NS,HOLD,nan,weak_trend,73.69,9.64,0.0,,0.0,nan,,,nan,nan,0,ELEVATED,40,0,3
LINDEINDIA.NS,HOLD,nan,weak_trend,54.1,121.02,0.0,,0.0,nan,,,nan,nan,0,ELEVATED,40,0,3
SUNDARMFIN.NS,SELL,nan,downtrend,53.9,-112.84,0.0,,0.0,nan,,,nan,nan,0,ELEVATED,68,1,2
SUPREMEIND.NS,SELL,nan,downtrend,46.84,-26.19,0.0,,0.0,nan,,,nan,nan,0,ELEVATED,71,0,3
BIOCON.NS,SELL,nan,downtrend,40.81,-9.35,0.0,,0.0,nan,,,nan,nan,0,ELEVATED,74,0,3
TATACOMM.NS,SELL,nan,downtrend,58.47,-22.98,0.0,,0.0,nan,,,nan,nan,0,ELEVATED,65,1,2
LAURUSLABS.NS,HOLD,nan,weak_trend,78.61,16.79,0.0,,0.0,nan,,,nan,nan,0,ELEVATED,40,0,3
AIIL.NS,SELL,428.75,downtrend,40.1,-15.11,458.56,,554.93,28.42,,,485.59,286.64,2.5,ELEVATED,74,0,3
GODFRYPHLP.NS,SELL,nan,downtrend,56.54,-23.5,0.0,,0.0,nan,,,nan,nan,0,ELEVATED,66,1,2
JKCEMENT.NS,HOLD,nan,weak_trend,73.04,24.02,0.0,,0.0,nan,,,nan,nan,0,ELEVATED,40,1,2
UBL.NS,SELL,nan,downtrend,33.99,-36.88,0.0,,0.0,nan,,,nan,nan,0,ELEVATED,78,0,3
APLAPOLLO.NS,SELL,nan,downtrend,62.13,-21.38,0.0,,0.0,nan,,,nan,nan,0,ELEVATED,63,2,1
PAGEIND.NS,HOLD,nan,weak_trend,80.69,863.23,0.0,,0.0,nan,,,nan,nan,0,ELEVATED,40,0,3
GLAXO.NS,SELL,nan,downtrend,52.09,-36.08,0.0,,0.0,nan,,,nan,nan,0,ELEVATED,68,1,2
BALKRISIND.NS,SELL,nan,downtrend,60.81,-37.33,0.0,,0.0,nan,,,nan,nan,0,ELEVATED,64,1,2
ITCHOTELS.NS,SELL,154.49,downtrend,51.58,-4.2,149.76,,205.69,7.42,,,169.32,117.4,2.5,LOW,69,1,2
COCHINSHIP.NS,SELL,nan,downtrend,58.83,-15.52,0.0,,0.0,nan,,,nan,nan,0,ELEVATED,65,1,2
PREMIERENE.NS,HOLD,nan,weak_trend,76.59,48.74,0.0,,0.0,nan,,,nan,nan,0,ELEVATED,40,0,3
HEXT.NS,HOLD,473.35,weak_trend,73.66,-7.88,440.67,,689.6,18.14,,,446.14,509.63,1.33,NORMAL,40,0,3
LTTS.NS,SELL,nan,downtrend,57.69,-15.98,0.0,,0.0,nan,,,nan,nan,0,ELEVATED,66,1,2
VOLTAS.NS,HOLD,nan,weak_trend,46.78,-47.45,0.0,,0.0,nan,,,nan,nan,0,ELEVATED,40,1,2
HUDCO.NS,SELL,nan,downtrend,61.26,-1.33,0.0,,0.0,nan,,,nan,nan,0,ELEVATED,64,2,1
360ONE.NS,HOLD,nan,weak_trend,44.08,-29.11,0.0,,0.0,nan,,,nan,nan,0,ELEVATED,40,0,3
MAHABANK.NS,SELL,nan,downtrend,66.07,0.53,0.0,,0.0,nan,,,nan,nan,0,ELEVATED,61,1,2
PGHH.NS,HOLD,nan,weak_trend,47.03,-364.21,0.0,,0.0,nan,,,nan,nan,0,ELEVATED,40,0,3
PETRONET.NS,HOLD,nan,weak_trend,49.93,-6.68,0.0,,0.0,nan,,,nan,nan,0,ELEVATED,40,0,3
IREDA.NS,SELL,nan,downtrend,59.65,-0.05,0.0,,0.0,nan,,,nan,nan,0,ELEVATED,65,1,2
ANTHEM.NS,HOLD,nan,weak_trend,76.96,12.38,0.0,,0.0,nan,,,nan,nan,0,ELEVATED,40,0,3
CONCOR.NS,SELL,nan,downtrend,65.33,-2.79,0.0,,0.0,nan,,,nan,nan,0,ELEVATED,62,1,2
M&MFIN.NS,HOLD,nan,weak_trend,45.82,-16.65,0.0,,0.0,nan,,,nan,nan,0,ELEVATED,40,0,3
NATIONALUM.NS,SELL,nan,downtrend,66.99,11.11,0.0,,0.0,nan,,,nan,nan,0,ELEVATED,61,1,2
DALBHARAT.NS,SELL,nan,downtrend,60.31,-18.24,0.0,,0.0,nan,,,nan,nan,0,ELEVATED,64,1,2
JUBLFOOD.NS,HOLD,nan,weak_trend,47.6,-16.7,0.0,,0.0,nan,,,nan,nan,0,ELEVATED,40,0,3
ESCORTS.NS,SELL,nan,downtrend,63.53,-80.61,0.0,,0.0,nan,,,nan,nan,0,ELEVATED,63,1,2
RADICO.NS,SELL,nan,downtrend,61.48,-8.3,0.0,,0.0,nan,,,nan,nan,0,ELEVATED,64,1,2
KAYNES.NS,SELL,nan,downtrend,61.35,18.15,0.0,,0.0,nan,,,nan,nan,0,ELEVATED,64,1,2
FLUOROCHEM.NS,SELL,nan,downtrend,61.09,-0.08,0.0,,0.0,nan,,,nan,nan,0,ELEVATED,64,1,2
ENDURANCE.NS,SELL,nan,downtrend,62.3,-34.7,0.0,,0.0,nan,,,nan,nan,0,ELEVATED,63,1,2
KEI.NS,SELL,nan,downtrend,59.04,-41.54,0.0,,0.0,nan,,,nan,nan,0,ELEVATED,65,1,2
ASTRAL.NS,SELL,nan,downtrend,48.83,-12.54,0.0,,0.0,nan,,,nan,nan,0,ELEVATED,70,0,3
THERMAX.NS,SELL,nan,downtrend,69.39,92.59,0.0,,0.0,nan,,,nan,nan,0,ELEVATED,60,2,1
PWL.NS,HOLD,100.78,weak_trend,73.7,1.6,90.13,,0.0,5.09,,,93.14,110.96,1.33,LOW,40,1,2
UCOBANK.NS,SELL,nan,downtrend,57.75,-0.54,0.0,,0.0,nan,,,nan,nan,0,ELEVATED,66,1,2
BLUESTARCO.NS,HOLD,nan,weak_trend,46.72,-67.73,0.0,,0.0,nan,,,nan,nan,0,ELEVATED,40,0,3
NH.NS,SELL,nan,downtrend,64.22,-11.84,0.0,,0.0,nan,,,nan,nan,0,ELEVATED,62,1,2
TATAINVEST.NS,SELL,nan,downtrend,62.5,-3.11,0.0,,0.0,nan,,,nan,nan,0,ELEVATED,63,2,1
GODREJIND.NS,SELL,nan,downtrend,61.67,-18.27,0.0,,0.0,nan,,,nan,nan,0,ELEVATED,64,1,2
POONAWALLA.NS,HOLD,nan,weak_trend,50.0,-8.65,0.0,,0.0,nan,,,nan,nan,0,ELEVATED,40,1,2
CRISIL.NS,SELL,nan,downtrend,57.65,-110.04,0.0,,0.0,nan,,,nan,nan,0,ELEVATED,66,1,2
KPRMILL.NS,SELL,nan,downtrend,64.1,-4.64,0.0,,0.0,nan,,,nan,nan,0,ELEVATED,62,1,2
CHOLAHLDNG.NS,SELL,nan,downtrend,63.69,-19.56,0.0,,0.0,nan,,,nan,nan,0,ELEVATED,63,1,2
3MINDIA.NS,HOLD,nan,weak_trend,41.72,-1050.88,0.0,,0.0,nan,,,nan,nan,0,ELEVATED,40,0,3
IPCALAB.NS,SELL,nan,downtrend,33.03,-13.7,0.0,,0.0,nan,,,nan,nan,0,ELEVATED,78,0,3
PIRAMALFIN.NS,HOLD,1757.8,weak_trend,43.55,-10.12,1781.42,,0.0,70.9,,,1651.45,1899.6,1.33,ELEVATED,40,0,3
APARINDS.NS,HOLD,nan,weak_trend,75.56,264.99,0.0,,0.0,nan,,,nan,nan,0,ELEVATED,40,0,3
SJVN.NS,SELL,nan,downtrend,58.58,-0.48,0.0,,0.0,nan,,,nan,nan,0,ELEVATED,65,2,1
MEDANTA.NS,SELL,nan,downtrend,59.97,-14.84,0.0,,0.0,nan,,,nan,nan,0,ELEVATED,65,1,2
ACC.NS,SELL,nan,downtrend,57.35,-39.65,0.0,,0.0,nan,,,nan,nan,0,ELEVATED,66,1,2
TATAELXSI.NS,SELL,nan,downtrend,68.33,-55.62,0.0,,0.0,nan,,,nan,nan,0,ELEVATED,60,1,2
NLCINDIA.NS,SELL,nan,downtrend,56.17,3.7,0.0,,0.0,nan,,,nan,nan,0,ELEVATED,66,1,2
AWL.NS,SELL,nan,downtrend,54.4,-2.77,0.0,,0.0,nan,,,nan,nan,0,ELEVATED,67,1,2
CENTRALBK.NS,SELL,nan,downtrend,58.65,-0.56,0.0,,0.0,nan,,,nan,nan,0,ELEVATED,65,1,2
KPITTECH.NS,SELL,nan,downtrend,68.85,-21.87,0.0,,0.0,nan,,,nan,nan,0,ELEVATED,60,1,2
CDSL.NS,SELL,nan,downtrend,62.51,-2.7,0.0,,0.0,nan,,,nan,nan,0,ELEVATED,63,1,2
DELHIVERY.NS,HOLD,nan,weak_trend,74.2,10.04,0.0,,0.0,nan,,,nan,nan,0,ELEVATED,40,0,3
ASTERDM.NS,SELL,nan,downtrend,64.99,10.23,0.0,,0.0,nan,,,nan,nan,0,ELEVATED,62,1,2
EXIDEIND.NS,SELL,nan,downtrend,61.8,-2.75,0.0,,0.0,nan,,,nan,nan,0,ELEVATED,64,2,1
GODIGIT.NS,SELL,nan,downtrend,34.82,-2.82,0.0,,0.0,nan,,,nan,nan,0,ELEVATED,77,0,3
HONAUT.NS,SELL,nan,downtrend,50.83,-810.42,0.0,,0.0,nan,,,nan,nan,0,ELEVATED,69,2,1
AJANTPHARM.NS,SELL,nan,downtrend,36.78,-49.42,0.0,,0.0,nan,,,nan,nan,0,ELEVATED,76,1,2
METROBRAND.NS,SELL,nan,downtrend,65.63,-3.67,0.0,,0.0,nan,,,nan,nan,0,ELEVATED,62,2,1
AIAENG.NS,SELL,nan,downtrend,61.26,-19.13,0.0,,0.0,nan,,,nan,nan,0,ELEVATED,64,1,2
COHANCE.NS,HOLD,358.6,weak_trend,71.43,5.35,308.81,,670.32,17.55,,,332.27,393.71,1.33,NORMAL,40,1,2
LICHSGFIN.NS,SELL,nan,downtrend,68.33,3.84,0.0,,0.0,nan,,,nan,nan,0,ELEVATED,60,1,2
GILLETTE.NS,HOLD,nan,weak_trend,40.7,-156.2,0.0,,0.0,nan,,,nan,nan,0,ELEVATED,40,0,3
GLAND.NS,HOLD,nan,weak_trend,75.96,0.45,0.0,,0.0,nan,,,nan,nan,0,ELEVATED,40,0,3
APOLLOTYRE.NS,SELL,nan,downtrend,60.15,-5.41,0.0,,0.0,nan,,,nan,nan,0,ELEVATED,64,1,2
NIACL.NS,SELL,nan,downtrend,69.75,-1.77,0.0,,0.0,nan,,,nan,nan,0,ELEVATED,60,2,1
NBCC.NS,SELL,nan,downtrend,59.48,-1.16,0.0,,0.0,nan,,,nan,nan,0,ELEVATED,65,1,2
ITI.NS,SELL,nan,downtrend,57.66,1.62,0.0,,0.0,nan,,,nan,nan,0,ELEVATED,66,1,2
HINDCOPPER.NS,SELL,nan,downtrend,62.97,-6.41,0.0,,0.0,nan,,,nan,nan,0,ELEVATED,63,1,2
GRSE.NS,SELL,nan,downtrend,60.34,9.39,0.0,,0.0,nan,,,nan,nan,0,ELEVATED,64,1,2
MSUMI.NS,SELL,nan,downtrend,60.08,-0.85,0.0,,0.0,nan,,,nan,nan,0,ELEVATED,64,1,2
GUJGASLTD.NS,HOLD,nan,weak_trend,32.44,-20.08,0.0,,0.0,nan,,,nan,nan,0,ELEVATED,40,0,3
IGL.NS,SELL,nan,downtrend,59.94,-2.59,0.0,,0.0,nan,,,nan,nan,0,ELEVATED,65,2,1
SONACOMS.NS,SELL,nan,downtrend,65.37,5.06,0.0,,0.0,nan,,,nan,nan,0,ELEVATED,62,2,1
AEGISVOPAK.NS,SELL,nan,downtrend,61.72,-6.1,0.0,,0.0,nan,,,nan,nan,0,ELEVATED,64,1,2
KIMS.NS,SELL,nan,downtrend,52.76,-5.87,0.0,,0.0,nan,,,nan,nan,0,ELEVATED,68,1,2
TATATECH.NS,SELL,560.35,downtrend,61.46,-5.03,540.43,,657.51,19.03,,,598.41,465.21,2.5,NORMAL,64,1,2
PINELABS.NS,SELL,nan,downtrend,57.51,-5.25,0.0,,0.0,nan,,,nan,nan,0,ELEVATED,66,2,1
IKS.NS,HOLD,nan,weak_trend,73.67,2.66,0.0,,0.0,nan,,,nan,nan,0,ELEVATED,40,0,3
STARHEALTH.NS,SELL,nan,downtrend,61.95,1.95,0.0,,0.0,nan,,,nan,nan,0,ELEVATED,64,1,2
JBCHEPHARM.NS,SELL,nan,downtrend,39.11,-15.83,0.0,,0.0,nan,,,nan,nan,0,ELEVATED,75,1,2
TVSHLTD.NS,SELL,nan,downtrend,66.01,-59.5,0.0,,0.0,nan,,,nan,nan,0,ELEVATED,61,1,2
IRB.NS,SELL,nan,downtrend,56.93,0.12,0.0,,0.0,nan,,,nan,nan,0,ELEVATED,66,1,2
SUMICHEM.NS,SELL,nan,downtrend,66.77,1.75,0.0,,0.0,nan,,,nan,nan,0,ELEVATED,61,1,2
AFFLE.NS,SELL,nan,downtrend,67.67,-7.61,0.0,,0.0,nan,,,nan,nan,0,ELEVATED,61,1,2
AEGISLOG.NS,SELL,617.95,downtrend,53.13,-12.45,607.3,,726.02,26.89,,,671.73,483.5,2.5,ELEVATED,68,1,2
NAVINFLUOR.NS,HOLD,nan,weak_trend,47.57,-62.79,0.0,,0.0,nan,,,nan,nan,0,ELEVATED,40,0,3
SYNGENE.NS,HOLD,nan,weak_trend,48.75,-11.11,0.0,,0.0,nan,,,nan,nan,0,ELEVATED,40,0,3
BANDHANBNK.NS,SELL,nan,downtrend,57.83,-2.09,0.0,,0.0,nan,,,nan,nan,0,ELEVATED,66,1,2
EMCURE.NS,HOLD,1630.4,weak_trend,70.37,30.9,1544.77,,1417.25,69.46,,,1526.21,1769.31,1.33,ELEVATED,40,1,2
LALPATHLAB.NS,HOLD,nan,weak_trend,71.56,-0.36,0.0,,0.0,nan,,,nan,nan,0,ELEVATED,40,0,3
AMBER.NS,SELL,nan,downtrend,61.61,-82.55,0.0,,0.0,nan,,,nan,nan,0,ELEVATED,64,2,1
PPLPHARMA.NS,SELL,nan,downtrend,63.14,-2.62,0.0,,0.0,nan,,,nan,nan,0,ELEVATED,63,1,2
ZFCVINDIA.NS,SELL,nan,downtrend,62.13,-79.72,0.0,,0.0,nan,,,nan,nan,0,ELEVATED,63,1,2
NUVAMA.NS,SELL,1296.1,downtrend,69.56,8.1,1188.24,,1346.19,50.92,,,1397.94,1041.49,2.5,ELEVATED,60,1,2
MRPL.NS,SELL,nan,downtrend,39.2,-2.21,0.0,,0.0,nan,,,nan,nan,0,ELEVATED,75,0,3
RAMCOCEM.NS,SELL,nan,downtrend,57.52,-23.27,0.0,,0.0,nan,,,nan,nan,0,ELEVATED,66,1,2
SHYAMMETL.NS,SELL,nan,downtrend,66.43,2.09,0.0,,0.0,nan,,,nan,nan,0,ELEVATED,61,1,2
FSL.NS,SELL,nan,downtrend,50.1,-5.04,0.0,,0.0,nan,,,nan,nan,0,ELEVATED,69,1,2
EMAMILTD.NS,SELL,nan,downtrend,65.09,-11.33,0.0,,0.0,nan,,,nan,nan,0,ELEVATED,62,1,2
DEEPAKNTR.NS,SELL,nan,downtrend,60.06,-28.59,0.0,,0.0,nan,,,nan,nan,0,ELEVATED,64,1,2
INOXWIND.NS,SELL,nan,downtrend,61.83,-1.95,0.0,,0.0,nan,,,nan,nan,0,ELEVATED,64,2,1
EIHOTEL.NS,HOLD,nan,weak_trend,49.09,-5.05,0.0,,0.0,nan,,,nan,nan,0,ELEVATED,40,0,3
WOCKPHARMA.NS,SELL,nan,downtrend,68.4,6.56,0.0,,0.0,nan,,,nan,nan,0,ELEVATED,60,1,2
PTCIL.NS,SELL,nan,downtrend,28.38,-611.01,0.0,,0.0,nan,,,nan,nan,0,ELEVATED,80,0,3
PFIZER.NS,SELL,nan,downtrend,57.24,-4.93,0.0,,0.0,nan,,,nan,nan,0,ELEVATED,66,1,2
ANANDRATHI.NS,HOLD,nan,weak_trend,85.77,104.89,0.0,,0.0,nan,,,nan,nan,0,ELEVATED,40,1,2
KIOCL.NS,SELL,nan,downtrend,67.44,5.01,0.0,,0.0,nan,,,nan,nan,0,ELEVATED,61,1,2
MANAPPURAM.NS,SELL,nan,downtrend,52.44,-4.08,0.0,,0.0,nan,,,nan,nan,0,ELEVATED,68,1,2
PNBHOUSING.NS,SELL,nan,downtrend,63.89,8.37,0.0,,0.0,nan,,,nan,nan,0,ELEVATED,63,1,2
BRIGADE.NS,SELL,nan,downtrend,64.22,-0.22,0.0,,0.0,nan,,,nan,nan,0,ELEVATED,62,1,2
ABSLAMC.NS,SELL,nan,downtrend,59.36,17.13,0.0,,0.0,nan,,,nan,nan,0,ELEVATED,65,1,2
TIMKEN.NS,SELL,nan,downtrend,68.06,42.4,0.0,,0.0,nan,,,nan,nan,0,ELEVATED,60,2,1
HSCL.NS,SELL,nan,downtrend,59.7,1.35,0.0,,0.0,nan,,,nan,nan,0,ELEVATED,65,1,2
FORCEMOT.NS,SELL,nan,downtrend,58.65,-84.58,0.0,,0.0,nan,,,nan,nan,0,ELEVATED,65,2,1
WELCORP.NS,HOLD,nan,weak_trend,79.97,32.82,0.0,,0.0,nan,,,nan,nan,0,ELEVATED,40,1,2
ANGELONE.NS,HOLD,nan,weak_trend,75.25,8.8,0.0,,0.0,nan,,,nan,nan,0,ELEVATED,40,0,3
TATACHEM.NS,SELL,nan,downtrend,60.56,-10.62,0.0,,0.0,nan,,,nan,nan,0,ELEVATED,64,2,1
ASAHIINDIA.NS,SELL,nan,downtrend,55.76,-12.69,0.0,,0.0,nan,,,nan,nan,0,ELEVATED,67,1,2
ASTRAZEN.NS,HOLD,nan,weak_trend,48.04,-174.46,0.0,,0.0,nan,,,nan,nan,0,ELEVATED,40,1,2
ERIS.NS,SELL,nan,downtrend,68.02,-2.63,0.0,,0.0,nan,,,nan,nan,0,ELEVATED,60,2,1
CESC.NS,SELL,nan,downtrend,58.89,0.24,0.0,,0.0,nan,,,nan,nan,0,ELEVATED,65,2,1
HBLENGINE.NS,SELL,751.95,downtrend,67.48,6.41,674.32,,778.36,35.21,,,822.38,575.88,2.5,ELEVATED,61,2,1
SUNTV.NS,HOLD,nan,weak_trend,49.57,2.7,0.0,,0.0,nan,,,nan,nan,0,ELEVATED,40,0,3
KARURVYSYA.NS,SELL,nan,downtrend,54.47,-6.45,0.0,,0.0,nan,,,nan,nan,0,ELEVATED,67,1,2
SAGILITY.NS,SELL,nan,downtrend,64.53,0.03,0.0,,0.0,nan,,,nan,nan,0,ELEVATED,62,1,2
JYOTICNC.NS,SELL,nan,downtrend,65.58,-0.62,0.0,,0.0,nan,,,nan,nan,0,ELEVATED,62,2,1
KEC.NS,SELL,nan,downtrend,53.71,-5.29,0.0,,0.0,nan,,,nan,nan,0,ELEVATED,68,1,2
AADHARHFC.NS,SELL,nan,downtrend,56.6,-0.47,0.0,,0.0,nan,,,nan,nan,0,ELEVATED,66,1,2
IIFL.NS,HOLD,nan,weak_trend,45.48,-15.27,0.0,,0.0,nan,,,nan,nan,0,ELEVATED,40,0,3
REDINGTON.NS,SELL,nan,downtrend,51.62,-9.0,0.0,,0.0,nan,,,nan,nan,0,ELEVATED,69,1,2
HATSUN.NS,SELL,nan,downtrend,37.05,-3.93,0.0,,0.0,nan,,,nan,nan,0,ELEVATED,76,0,3
CREDITACC.NS,SELL,nan,downtrend,67.78,-2.97,0.0,,0.0,nan,,,nan,nan,0,ELEVATED,61,1,2
URBANCO.NS,HOLD,nan,weak_trend,79.19,3.51,0.0,,0.0,nan,,,nan,nan,0,ELEVATED,40,0,3
JSWHL.NS,HOLD,nan,weak_trend,33.36,-1075.1,0.0,,0.0,nan,,,nan,nan,0,ELEVATED,40,1,2
PSB.NS,SELL,nan,downtrend,59.6,-0.4,0.0,,0.0,nan,,,nan,nan,0,ELEVATED,65,1,2
ONESOURCE.NS,SELL,nan,downtrend,47.53,0.13,0.0,,0.0,nan,,,nan,nan,0,ELEVATED,71,1,2
KPIL.NS,SELL,1170.9,downtrend,63.5,8.06,1095.93,,1189.4,45.69,,,1262.27,942.47,2.5,ELEVATED,63,1,2
ATHERENERG.NS,SELL,nan,downtrend,66.89,27.82,0.0,,0.0,nan,,,nan,nan,0,ELEVATED,61,2,1
SUNDRMFAST.NS,HOLD,nan,weak_trend,46.26,-25.07,0.0,,0.0,nan,,,nan,nan,0,ELEVATED,40,0,3
ABREL.NS,HOLD,nan,weak_trend,71.33,1.8,0.0,,0.0,nan,,,nan,nan,0,ELEVATED,40,0,3
OLAELEC.NS,HOLD,nan,weak_trend,86.43,2.07,0.0,,0.0,nan,,,nan,nan,0,ELEVATED,40,1,2
CHALET.NS,SELL,nan,downtrend,60.59,-11.32,0.0,,0.0,nan,,,nan,nan,0,ELEVATED,64,1,2
CHAMBLFERT.NS,SELL,nan,downtrend,63.04,4.67,0.0,,0.0,nan,,,nan,nan,0,ELEVATED,63,1,2
ANANTRAJ.NS,SELL,nan,downtrend,59.84,-7.73,0.0,,0.0,nan,,,nan,nan,0,ELEVATED,65,1,2
ECLERX.NS,SELL,nan,downtrend,53.61,-56.95,0.0,,0.0,nan,,,nan,nan,0,ELEVATED,68,1,2
CASTROLIND.NS,HOLD,nan,weak_trend,45.8,-0.58,0.0,,0.0,nan,,,nan,nan,0,ELEVATED,40,0,3
SCHNEIDER.NS,HOLD,nan,weak_trend,70.16,30.35,0.0,,0.0,nan,,,nan,nan,0,ELEVATED,40,1,2
POLYMED.NS,HOLD,nan,weak_trend,71.43,20.81,0.0,,0.0,nan,,,nan,nan,0,ELEVATED,40,0,3
DCMSHRIRAM.NS,SELL,nan,downtrend,63.6,15.71,0.0,,0.0,nan,,,nan,nan,0,ELEVATED,63,1,2
BASF.NS,SELL,nan,downtrend,63.99,-8.31,0.0,,0.0,nan,,,nan,nan,0,ELEVATED,63,1,2
TENNIND.NS,SELL,nan,downtrend,57.73,2.52,0.0,,0.0,nan,,,nan,nan,0,ELEVATED,66,1,2
KANSAINER.NS,SELL,nan,downtrend,67.99,-2.47,0.0,,0.0,nan,,,nan,nan,0,ELEVATED,61,1,2
DEVYANI.NS,SELL,nan,downtrend,54.73,-4.27,0.0,,0.0,nan,,,nan,nan,0,ELEVATED,67,1,2
NEULANDLAB.NS,HOLD,nan,weak_trend,81.44,332.59,0.0,,0.0,nan,,,nan,nan,0,ELEVATED,40,0,3
CROMPTON.NS,HOLD,nan,weak_trend,49.52,-3.26,0.0,,0.0,nan,,,nan,nan,0,ELEVATED,40,0,3
EIDPARRY.NS,SELL,nan,downtrend,63.44,-5.26,0.0,,0.0,nan,,,nan,nan,0,ELEVATED,63,1,2
CAMS.NS,HOLD,nan,weak_trend,73.69,3.88,0.0,,0.0,nan,,,nan,nan,0,ELEVATED,40,0,3
KFINTECH.NS,HOLD,nan,weak_trend,49.73,-13.72,0.0,,0.0,nan,,,nan,nan,0,ELEVATED,40,0,3
RPOWER.NS,SELL,nan,downtrend,64.69,-0.16,0.0,,0.0,nan,,,nan,nan,0,ELEVATED,62,2,1
BIKAJI.NS,SELL,nan,downtrend,64.08,0.72,0.0,,0.0,nan,,,nan,nan,0,ELEVATED,62,1,2
KAJARIACER.NS,HOLD,nan,weak_trend,73.89,32.4,0.0,,0.0,nan,,,nan,nan,0,ELEVATED,40,0,3
ATUL.NS,SELL,nan,downtrend,60.37,7.36,0.0,,0.0,nan,,,nan,nan,0,ELEVATED,64,1,2
SARDAEN.NS,SELL,nan,downtrend,68.07,5.61,0.0,,0.0,nan,,,nan,nan,0,ELEVATED,60,2,1
APLLTD.NS,SELL,nan,downtrend,63.95,-5.37,0.0,,0.0,nan,,,nan,nan,0,ELEVATED,63,1,2
DEEPAKFERT.NS,SELL,nan,downtrend,69.16,12.97,0.0,,0.0,nan,,,nan,nan,0,ELEVATED,60,1,2
FIRSTCRY.NS,SELL,nan,downtrend,62.46,2.36,0.0,,0.0,nan,,,nan,nan,0,ELEVATED,63,1,2
JSWCEMENT.NS,SELL,nan,downtrend,67.36,1.04,0.0,,0.0,nan,,,nan,nan,0,ELEVATED,61,1,2
SAILIFE.NS,SELL,nan,downtrend,47.22,2.78,0.0,,0.0,nan,,,nan,nan,0,ELEVATED,71,0,3
CGCL.NS,SELL,nan,downtrend,61.11,2.21,0.0,,0.0,nan,,,nan,nan,0,ELEVATED,64,1,2
ARE&M.NS,HOLD,738.65,weak_trend,42.69,-20.71,741.67,,921.57,29.29,,,694.71,797.24,1.33,ELEVATED,40,1,2
GRINDWELL.NS,HOLD,nan,weak_trend,70.7,-17.83,0.0,,0.0,nan,,,nan,nan,0,ELEVATED,40,0,3
VINATIORGA.NS,SELL,nan,downtrend,16.92,-46.74,0.0,,0.0,nan,,,nan,nan,0,ELEVATED,86,1,2
SKFINDIA.NS,SELL,nan,downtrend,55.26,-26.73,0.0,,0.0,nan,,,nan,nan,0,ELEVATED,67,1,2
MAHSCOOTER.NS,SELL,nan,downtrend,60.59,-89.9,0.0,,0.0,nan,,,nan,nan,0,ELEVATED,64,1,2
JUBLPHARMA.NS,SELL,nan,downtrend,60.17,-0.89,0.0,,0.0,nan,,,nan,nan,0,ELEVATED,64,1,2
ZENSARTECH.NS,HOLD,nan,weak_trend,49.26,-8.33,0.0,,0.0,nan,,,nan,nan,0,ELEVATED,40,0,3
FIVESTAR.NS,HOLD,nan,weak_trend,73.56,-2.03,0.0,,0.0,nan,,,nan,nan,0,ELEVATED,40,0,3
TRITURBINE.NS,HOLD,nan,weak_trend,47.63,-5.39,0.0,,0.0,nan,,,nan,nan,0,ELEVATED,40,1,2
CARBORUNIV.NS,HOLD,nan,weak_trend,78.91,17.29,0.0,,0.0,nan,,,nan,nan,0,ELEVATED,40,0,3
RBLBANK.NS,SELL,nan,downtrend,65.48,2.85,0.0,,0.0,nan,,,nan,nan,0,ELEVATED,62,1,2
GSPL.NS,HOLD,nan,weak_trend,37.13,-12.87,0.0,,0.0,nan,,,nan,nan,0,ELEVATED,40,0,3
RATNAMANI.NS,HOLD,nan,weak_trend,49.07,-6.69,0.0,,0.0,nan,,,nan,nan,0,ELEVATED,40,0,3
PGEL.NS,HOLD,nan,weak_trend,45.5,-26.11,0.0,,0.0,nan,,,nan,nan,0,ELEVATED,40,0,3
VENTIVE.NS,HOLD,nan,weak_trend,38.18,-28.75,0.0,,0.0,nan,,,nan,nan,0,ELEVATED,40,0,3
NAVA.NS,SELL,nan,downtrend,67.43,5.59,0.0,,0.0,nan,,,nan,nan,0,ELEVATED,61,2,1
CUB.NS,SELL,nan,downtrend,59.44,-3.54,0.0,,0.0,nan,,,nan,nan,0,ELEVATED,65,1,2
CENTURYPLY.NS,HOLD,nan,weak_trend,77.55,3.09,0.0,,0.0,nan,,,nan,nan,0,ELEVATED,40,0,3
BEML.NS,SELL,nan,downtrend,59.96,-18.05,0.0,,0.0,nan,,,nan,nan,0,ELEVATED,65,1,2
MANYAVAR.NS,SELL,nan,downtrend,65.42,-3.69,0.0,,0.0,nan,,,nan,nan,0,ELEVATED,62,2,1
ABLBL.NS,HOLD,103.0,weak_trend,68.82,-0.69,95.97,,0.0,3.79,,,97.31,110.59,1.33,LOW,40,2,1
NETWEB.NS,SELL,nan,downtrend,56.04,-6.43,0.0,,0.0,nan,,,nan,nan,0,ELEVATED,66,1,2
TBOTEK.NS,SELL,nan,downtrend,59.11,-35.55,0.0,,0.0,nan,,,nan,nan,0,ELEVATED,65,1,2
CONCORDBIO.NS,HOLD,nan,weak_trend,35.98,-36.02,0.0,,0.0,nan,,,nan,nan,0,ELEVATED,40,0,3
TRAVELFOOD.NS,HOLD,nan,weak_trend,82.52,33.57,0.0,,0.0,nan,,,nan,nan,0,ELEVATED,40,0,3
CPPLUS.NS,HOLD,nan,weak_trend,73.68,75.94,0.0,,0.0,nan,,,nan,nan,0,ELEVATED,40,0,3
UTIAMC.NS,SELL,nan,downtrend,55.04,-14.29,0.0,,0.0,nan,,,nan,nan,0,ELEVATED,67,1,2
SOBHA.NS,SELL,nan,downtrend,54.41,-30.51,0.0,,0.0,nan,,,nan,nan,0,ELEVATED,67,1,2
LMW.NS,HOLD,nan,weak_trend,46.5,-384.68,0.0,,0.0,nan,,,nan,nan,0,ELEVATED,40,0,3
ACMESOLAR.NS,SELL,nan,downtrend,53.51,10.69,0.0,,0.0,nan,,,nan,nan,0,ELEVATED,68,2,1
IRCON.NS,SELL,nan,downtrend,62.27,-2.53,0.0,,0.0,nan,,,nan,nan,0,ELEVATED,63,1,2
GABRIEL.NS,SELL,nan,downtrend,65.81,-3.26,0.0,,0.0,nan,,,nan,nan,0,ELEVATED,62,1,2
GMDCLTD.NS,HOLD,nan,weak_trend,79.28,11.1,0.0,,0.0,nan,,,nan,nan,0,ELEVATED,40,0,3
CRAFTSMAN.NS,SELL,nan,downtrend,64.23,-55.44,0.0,,0.0,nan,,,nan,nan,0,ELEVATED,62,1,2
ELGIEQUIP.NS,HOLD,nan,weak_trend,74.3,0.19,0.0,,0.0,nan,,,nan,nan,0,ELEVATED,40,0,3
NATCOPHARM.NS,HOLD,nan,weak_trend,79.94,42.46,0.0,,0.0,nan,,,nan,nan,0,ELEVATED,40,0,3
CHOICEIN.NS,SELL,nan,downtrend,67.77,-7.98,0.0,,0.0,nan,,,nan,nan,0,ELEVATED,61,1,2
VGUARD.NS,HOLD,nan,weak_trend,47.81,0.69,0.0,,0.0,nan,,,nan,nan,0,ELEVATED,40,1,2
APTUS.NS,SELL,nan,downtrend,59.78,-6.78,0.0,,0.0,nan,,,nan,nan,0,ELEVATED,65,1,2
SIGNATURE.NS,SELL,nan,downtrend,59.63,-25.55,0.0,,0.0,nan,,,nan,nan,0,ELEVATED,65,1,2
CIEINDIA.NS,SELL,nan,downtrend,58.53,4.89,0.0,,0.0,nan,,,nan,nan,0,ELEVATED,65,1,2
TECHNOE.NS,SELL,nan,downtrend,52.52,-4.86,0.0,,0.0,nan,,,nan,nan,0,ELEVATED,68,1,2
WHIRLPOOL.NS,SELL,nan,downtrend,53.89,-11.41,0.0,,0.0,nan,,,nan,nan,0,ELEVATED,68,1,2
JMFINANCIL.NS,SELL,nan,downtrend,62.05,0.2,0.0,,0.0,nan,,,nan,nan,0,ELEVATED,63,1,2
GPIL.NS,HOLD,nan,weak_trend,72.97,7.37,0.0,,0.0,nan,,,nan,nan,0,ELEVATED,40,1,2
AFCONS.NS,HOLD,nan,weak_trend,77.94,1.02,0.0,,0.0,nan,,,nan,nan,0,ELEVATED,40,1,2
AKZOINDIA.NS,SELL,nan,downtrend,67.49,11.72,0.0,,0.0,nan,,,nan,nan,0,ELEVATED,61,2,1
ABDL.NS,HOLD,nan,weak_trend,75.17,-2.06,0.0,,0.0,nan,,,nan,nan,0,ELEVATED,40,0,3
CAPLIPOINT.NS,SELL,nan,downtrend,60.83,-13.09,0.0,,0.0,nan,,,nan,nan,0,ELEVATED,64,1,2
DATAPATTNS.NS,HOLD,nan,weak_trend,50.61,44.79,0.0,,0.0,nan,,,nan,nan,0,ELEVATED,40,0,3
IGIL.NS,HOLD,337.55,weak_trend,49.75,2.36,326.26,,339.76,12.38,,,318.98,362.31,1.33,NORMAL,40,0,3
DOMS.NS,SELL,nan,downtrend,68.77,31.2,0.0,,0.0,nan,,,nan,nan,0,ELEVATED,60,1,2
LTFOODS.NS,SELL,406.3,downtrend,59.43,2.93,386.82,,418.36,15.54,,,437.39,328.59,2.5,NORMAL,65,1,2
KIRLOSBROS.NS,SELL,nan,downtrend,53.63,-15.72,0.0,,0.0,nan,,,nan,nan,0,ELEVATED,68,2,1
AGARWALEYE.NS,SELL,nan,downtrend,58.48,-3.78,0.0,,0.0,nan,,,nan,nan,0,ELEVATED,65,1,2
JBMA.NS,SELL,nan,downtrend,63.41,11.2,0.0,,0.0,nan,,,nan,nan,0,ELEVATED,63,1,2
RRKABEL.NS,HOLD,1369.8,weak_trend,46.28,-16.85,1362.97,,1360.9,50.32,,,1294.32,1470.44,1.33,ELEVATED,40,2,1
GALLANTT.NS,HOLD,nan,weak_trend,78.03,24.67,0.0,,0.0,nan,,,nan,nan,0,ELEVATED,40,0,3
IFCI.NS,SELL,nan,downtrend,57.38,-0.41,0.0,,0.0,nan,,,nan,nan,0,ELEVATED,66,1,2
NIVABUPA.NS,SELL,nan,downtrend,67.83,-0.12,0.0,,0.0,nan,,,nan,nan,0,ELEVATED,61,1,2
INDIAMART.NS,SELL,nan,downtrend,59.87,-15.94,0.0,,0.0,nan,,,nan,nan,0,ELEVATED,65,1,2
GESHIP.NS,SELL,nan,downtrend,39.39,16.05,0.0,,0.0,nan,,,nan,nan,0,ELEVATED,75,0,3
PARADEEP.NS,SELL,nan,downtrend,60.85,0.34,0.0,,0.0,nan,,,nan,nan,0,ELEVATED,64,1,2
CEATLTD.NS,SELL,nan,downtrend,56.83,-28.9,0.0,,0.0,nan,,,nan,nan,0,ELEVATED,66,1,2
TRIDENT.NS,SELL,nan,downtrend,60.37,-0.01,0.0,,0.0,nan,,,nan,nan,0,ELEVATED,64,1,2
RAINBOW.NS,HOLD,nan,weak_trend,77.29,15.29,0.0,,0.0,nan,,,nan,nan,0,ELEVATED,40,0,3
INTELLECT.NS,SELL,nan,downtrend,54.16,-10.76,0.0,,0.0,nan,,,nan,nan,0,ELEVATED,67,2,1
SYRMA.NS,SELL,nan,downtrend,69.81,15.45,0.0,,0.0,nan,,,nan,nan,0,ELEVATED,60,1,2
FINEORG.NS,SELL,nan,downtrend,62.35,35.64,0.0,,0.0,nan,,,nan,nan,0,ELEVATED,63,1,2
NUVOCO.NS,SELL,nan,downtrend,65.41,-3.44,0.0,,0.0,nan,,,nan,nan,0,ELEVATED,62,2,1
BATAINDIA.NS,SELL,nan,downtrend,63.31,-20.2,0.0,,0.0,nan,,,nan,nan,0,ELEVATED,63,1,2
SWANCORP.NS,HOLD,nan,weak_trend,49.45,-14.06,0.0,,0.0,nan,,,nan,nan,0,ELEVATED,40,0,3
KIRLOSENG.NS,SELL,nan,downtrend,55.22,18.02,0.0,,0.0,nan,,,nan,nan,0,ELEVATED,67,2,1
BLS.NS,SELL,nan,downtrend,64.53,5.15,0.0,,0.0,nan,,,nan,nan,0,ELEVATED,62,1,2
AARTIIND.NS,SELL,nan,downtrend,54.28,-2.74,0.0,,0.0,nan,,,nan,nan,0,ELEVATED,67,2,1
THELEELA.NS,HOLD,429.8,weak_trend,63.88,-0.48,415.66,,424.64,16.71,,,404.74,463.21,1.33,NORMAL,40,2,1
EMMVEE.NS,SELL,nan,downtrend,50.4,5.31,0.0,,0.0,nan,,,nan,nan,0,ELEVATED,69,2,1
SPLPETRO.NS,SELL,nan,downtrend,68.33,24.31,0.0,,0.0,nan,,,nan,nan,0,ELEVATED,60,1,2
BLUEDART.NS,SELL,nan,downtrend,54.65,-110.68,0.0,,0.0,nan,,,nan,nan,0,ELEVATED,67,1,2
ZYDUSWELL.NS,SELL,nan,downtrend,67.6,22.37,0.0,,0.0,nan,,,nan,nan,0,ELEVATED,61,2,1
KSB.NS,HOLD,nan,weak_trend,76.98,30.53,0.0,,0.0,nan,,,nan,nan,0,ELEVATED,40,1,2
PCBL.NS,SELL,nan,downtrend,61.99,-3.2,0.0,,0.0,nan,,,nan,nan,0,ELEVATED,64,1,2
JWL.NS,SELL,nan,downtrend,53.67,-3.88,0.0,,0.0,nan,,,nan,nan,0,ELEVATED,68,1,2
CEMPRO.NS,HOLD,618.35,weak_trend,63.7,6.47,553.8,,0.0,32.85,,,569.08,684.04,1.33,ELEVATED,40,2,1
ZENTEC.NS,SELL,nan,downtrend,63.1,27.04,0.0,,0.0,nan,,,nan,nan,0,ELEVATED,63,1,2
JAINREC.NS,HOLD,421.3,weak_trend,41.78,5.33,441.75,,0.0,19.2,,,392.5,459.7,1.33,NORMAL,40,0,3
GODREJAGRO.NS,SELL,nan,downtrend,56.0,-2.8,0.0,,0.0,nan,,,nan,nan,0,ELEVATED,67,1,2
IEX.NS,SELL,nan,downtrend,65.88,1.2,0.0,,0.0,nan,,,nan,nan,0,ELEVATED,62,1,2
BBTC.NS,HOLD,nan,weak_trend,47.06,-51.84,0.0,,0.0,nan,,,nan,nan,0,ELEVATED,40,1,2
CYIENT.NS,SELL,nan,downtrend,64.17,-20.82,0.0,,0.0,nan,,,nan,nan,0,ELEVATED,62,1,2
INDGN.NS,SELL,nan,downtrend,64.29,4.07,0.0,,0.0,nan,,,nan,nan,0,ELEVATED,62,1,2
AAVAS.NS,SELL,nan,downtrend,68.85,-13.4,0.0,,0.0,nan,,,nan,nan,0,ELEVATED,60,1,2
MINDACORP.NS,SELL,nan,downtrend,53.75,-5.78,0.0,,0.0,nan,,,nan,nan,0,ELEVATED,68,2,1
BELRISE.NS,HOLD,nan,weak_trend,73.55,4.0,0.0,,0.0,nan,,,nan,nan,0,ELEVATED,40,0,3
CELLO.NS,SELL,nan,downtrend,57.47,-6.13,0.0,,0.0,nan,,,nan,nan,0,ELEVATED,66,1,2
JPPOWER.NS,SELL,nan,downtrend,53.18,0.43,0.0,,0.0,nan,,,nan,nan,0,ELEVATED,68,1,2
TARIL.NS,SELL,291.25,downtrend,56.59,-0.64,277.36,,383.1,15.11,,,321.46,215.71,2.5,NORMAL,66,2,1
NEWGEN.NS,SELL,nan,downtrend,52.88,-16.02,0.0,,0.0,nan,,,nan,nan,0,ELEVATED,68,1,2
ANURAS.NS,SELL,nan,downtrend,60.57,0.72,0.0,,0.0,nan,,,nan,nan,0,ELEVATED,64,1,2
GRANULES.NS,SELL,nan,downtrend,66.22,15.53,0.0,,0.0,nan,,,nan,nan,0,ELEVATED,61,1,2
GRAVITA.NS,SELL,nan,downtrend,62.65,-18.41,0.0,,0.0,nan,,,nan,nan,0,ELEVATED,63,1,2
HOMEFIRST.NS,SELL,nan,downtrend,69.68,-9.51,0.0,,0.0,nan,,,nan,nan,0,ELEVATED,60,1,2
MGL.NS,SELL,nan,downtrend,62.84,-16.5,0.0,,0.0,nan,,,nan,nan,0,ELEVATED,63,1,2
USHAMART.NS,SELL,nan,downtrend,67.58,3.01,0.0,,0.0,nan,,,nan,nan,0,ELEVATED,61,1,2
LEMONTREE.NS,SELL,nan,downtrend,62.07,-0.98,0.0,,0.0,nan,,,nan,nan,0,ELEVATED,63,1,2
TEGA.NS,SELL,nan,downtrend,58.0,-5.25,0.0,,0.0,nan,,,nan,nan,0,ELEVATED,66,1,2
VTL.NS,HOLD,nan,weak_trend,71.97,8.12,0.0,,0.0,nan,,,nan,nan,0,ELEVATED,40,0,3
NCC.NS,SELL,nan,downtrend,59.96,-0.1,0.0,,0.0,nan,,,nan,nan,0,ELEVATED,65,1,2
FINCABLES.NS,HOLD,nan,weak_trend,49.61,-4.61,0.0,,0.0,nan,,,nan,nan,0,ELEVATED,40,0,3
SKFINDUS.NS,HOLD,2255.7,weak_trend,55.08,-28.64,2202.82,,0.0,107.08,,,2095.08,2469.86,1.33,ELEVATED,40,2,1
ACE.NS,SELL,nan,downtrend,62.27,0.13,0.0,,0.0,nan,,,nan,nan,0,ELEVATED,63,1,2
ELECON.NS,SELL,nan,downtrend,63.34,0.47,0.0,,0.0,nan,,,nan,nan,0,ELEVATED,63,1,2
EMBDL.NS,HOLD,50.21,weak_trend,47.81,-2.21,47.87,,82.53,2.69,,,46.17,55.6,1.33,LOW,40,0,3
JINDALSAW.NS,SELL,nan,downtrend,61.9,4.35,0.0,,0.0,nan,,,nan,nan,0,ELEVATED,64,1,2
WELSPUNLIV.NS,SELL,nan,downtrend,62.91,-0.67,0.0,,0.0,nan,,,nan,nan,0,ELEVATED,63,1,2
NSLNISP.NS,HOLD,nan,weak_trend,70.15,0.33,0.0,,0.0,nan,,,nan,nan,0,ELEVATED,40,0,3
ACUTAAS.NS,HOLD,2393.6,weak_trend,55.68,50.91,2312.75,,1664.61,161.0,,,2152.1,2715.6,1.33,ELEVATED,40,1,2
RITES.NS,SELL,nan,downtrend,63.08,-2.08,0.0,,0.0,nan,,,nan,nan,0,ELEVATED,63,1,2
CCL.NS,HOLD,nan,weak_trend,57.26,20.83,0.0,,0.0,nan,,,nan,nan,0,ELEVATED,40,0,3
FINPIPE.NS,HOLD,nan,weak_trend,39.79,-5.26,0.0,,0.0,nan,,,nan,nan,0,ELEVATED,40,0,3
SAMMAANCAP.NS,HOLD,nan,weak_trend,71.06,2.0,0.0,,0.0,nan,,,nan,nan,0,ELEVATED,40,0,3
INGERRAND.NS,SELL,nan,downtrend,68.44,19.13,0.0,,0.0,nan,,,nan,nan,0,ELEVATED,60,2,1
INDIACEM.NS,SELL,nan,downtrend,68.13,-6.78,0.0,,0.0,nan,,,nan,nan,0,ELEVATED,60,1,2
BLUEJET.NS,SELL,nan,downtrend,62.79,-3.61,0.0,,0.0,nan,,,nan,nan,0,ELEVATED,63,2,1
CARTRADE.NS,SELL,nan,downtrend,65.46,-29.72,0.0,,0.0,nan,,,nan,nan,0,ELEVATED,62,1,2
CHENNPETRO.NS,SELL,nan,downtrend,44.36,13.45,0.0,,0.0,nan,,,nan,nan,0,ELEVATED,72,0,3
TSFINV.NS,HOLD,393.4,weak_trend,59.07,-4.47,362.45,,0.0,20.65,,,362.42,434.71,1.33,ELEVATED,40,2,1
SBFC.NS,SELL,93.52,downtrend,66.81,-0.79,87.05,,103.76,4.02,,,101.56,73.41,2.5,LOW,61,1,2
CANHLIFE.NS,HOLD,144.93,weak_trend,50.84,-0.16,144.37,,0.0,4.86,,,137.64,154.65,1.33,LOW,40,2,1
RAILTEL.NS,SELL,nan,downtrend,57.99,-6.24,0.0,,0.0,nan,,,nan,nan,0,ELEVATED,66,1,2
CLEAN.NS,SELL,nan,downtrend,56.28,-9.05,0.0,,0.0,nan,,,nan,nan,0,ELEVATED,66,1,2
TITAGARH.NS,SELL,nan,downtrend,67.09,-2.13,0.0,,0.0,nan,,,nan,nan,0,ELEVATED,61,1,2
JYOTHYLAB.NS,SELL,nan,downtrend,61.27,-5.09,0.0,,0.0,nan,,,nan,nan,0,ELEVATED,64,1,2
SHRIPISTON.NS,HOLD,nan,weak_trend,73.69,66.01,0.0,,0.0,nan,,,nan,nan,0,ELEVATED,40,1,2
ALIVUS.NS,HOLD,1046.25,weak_trend,83.39,31.67,980.32,,941.59,39.11,,,987.59,1124.46,1.33,ELEVATED,40,2,1
ENGINERSIN.NS,SELL,nan,downtrend,65.8,2.57,0.0,,0.0,nan,,,nan,nan,0,ELEVATED,62,2,1
J&KBANK.NS,SELL,nan,downtrend,55.18,1.72,0.0,,0.0,nan,,,nan,nan,0,ELEVATED,67,1,2
OLECTRA.NS,SELL,nan,downtrend,66.32,31.13,0.0,,0.0,nan,,,nan,nan,0,ELEVATED,61,2,1
GRINFRA.NS,HOLD,nan,weak_trend,37.73,-28.2,0.0,,0.0,nan,,,nan,nan,0,ELEVATED,40,0,3
JUBLINGREA.NS,SELL,nan,downtrend,69.86,8.23,0.0,,0.0,nan,,,nan,nan,0,ELEVATED,60,1,2
SANOFI.NS,SELL,nan,downtrend,55.99,-100.91,0.0,,0.0,nan,,,nan,nan,0,ELEVATED,67,1,2
SANOFICONR.NS,SELL,4620.7,downtrend,64.95,88.62,4358.41,,4707.53,206.64,,,5033.99,3587.49,2.5,ELEVATED,62,1,2
EUREKAFORB.NS,SELL,499.8,downtrend,64.39,1.95,457.06,,555.89,22.36,,,544.51,388.01,2.5,ELEVATED,62,1,2
WAAREERTL.NS,SELL,971.6,downtrend,67.6,16.92,851.02,,1004.94,42.07,,,1055.74,761.26,2.5,ELEVATED,61,2,1
RELAXO.NS,SELL,nan,downtrend,57.39,-13.51,0.0,,0.0,nan,,,nan,nan,0,ELEVATED,66,1,2
PRUDENT.NS,SELL,nan,downtrend,65.64,-1.12,0.0,,0.0,nan,,,nan,nan,0,ELEVATED,62,1,2
VIKRAMSOLR.NS,SELL,nan,downtrend,68.14,1.42,0.0,,0.0,nan,,,nan,nan,0,ELEVATED,60,2,1
TTML.NS,SELL,nan,downtrend,59.85,-0.27,0.0,,0.0,nan,,,nan,nan,0,ELEVATED,65,1,2
CANFINHOME.NS,SELL,nan,downtrend,56.07,-8.45,0.0,,0.0,nan,,,nan,nan,0,ELEVATED,66,1,2
BSOFT.NS,SELL,nan,downtrend,50.99,-4.5,0.0,,0.0,nan,,,nan,nan,0,ELEVATED,69,1,2
GRAPHITE.NS,SELL,nan,downtrend,59.33,-2.72,0.0,,0.0,nan,,,nan,nan,0,ELEVATED,65,1,2
JKTYRE.NS,SELL,nan,downtrend,57.45,-17.13,0.0,,0.0,nan,,,nan,nan,0,ELEVATED,66,1,2
BLACKBUCK.NS,SELL,570.7,downtrend,40.62,-5.44,579.29,,592.21,26.47,,,623.64,438.34,2.5,ELEVATED,74,0,3
ZEEL.NS,SELL,nan,downtrend,62.6,-1.39,0.0,,0.0,nan,,,nan,nan,0,ELEVATED,63,1,2
SAFARI.NS,HOLD,nan,weak_trend,46.56,-59.15,0.0,,0.0,nan,,,nan,nan,0,ELEVATED,40,0,3
INOXINDIA.NS,SELL,nan,downtrend,67.23,25.53,0.0,,0.0,nan,,,nan,nan,0,ELEVATED,61,2,1
HFCL.NS,HOLD,nan,weak_trend,72.0,2.21,0.0,,0.0,nan,,,nan,nan,0,ELEVATED,40,1,2
RUBICON.NS,SELL,nan,downtrend,68.73,14.47,0.0,,0.0,nan,,,nan,nan,0,ELEVATED,60,1,2
PVRINOX.NS,HOLD,934.85,weak_trend,33.18,-18.58,960.3,,1049.28,33.51,,,884.58,1001.88,1.33,ELEVATED,40,0,3
SCI.NS,SELL,nan,downtrend,58.84,-1.45,0.0,,0.0,nan,,,nan,nan,0,ELEVATED,65,2,1
JKLAKSHMI.NS,SELL,nan,downtrend,57.55,-15.71,0.0,,0.0,nan,,,nan,nan,0,ELEVATED,66,1,2
VIJAYA.NS,SELL,nan,downtrend,64.74,-3.22,0.0,,0.0,nan,,,nan,nan,0,ELEVATED,62,1,2
PRIVISCL.NS,SELL,nan,downtrend,46.9,10.5,0.0,,0.0,nan,,,nan,nan,0,ELEVATED,71,1,2
SONATSOFTW.NS,SELL,nan,downtrend,59.3,-6.97,0.0,,0.0,nan,,,nan,nan,0,ELEVATED,65,1,2
AETHER.NS,SELL,nan,downtrend,59.96,37.45,0.0,,0.0,nan,,,nan,nan,0,ELEVATED,65,1,2
AZAD.NS,HOLD,nan,weak_trend,77.1,15.03,0.0,,0.0,nan,,,nan,nan,0,ELEVATED,40,1,2
EDELWEISS.NS,SELL,nan,downtrend,67.07,0.32,0.0,,0.0,nan,,,nan,nan,0,ELEVATED,61,1,2
NAZARA.NS,SELL,nan,downtrend,55.69,-2.39,0.0,,0.0,nan,,,nan,nan,0,ELEVATED,67,1,2
METROPOLIS.NS,SELL,nan,downtrend,55.78,-3.97,0.0,,0.0,nan,,,nan,nan,0,ELEVATED,67,1,2
IXIGO.NS,SELL,nan,downtrend,55.98,-2.81,0.0,,0.0,nan,,,nan,nan,0,ELEVATED,67,1,2
BALRAMCHIN.NS,SELL,nan,downtrend,44.04,2.33,0.0,,0.0,nan,,,nan,nan,0,ELEVATED,72,0,3
VESUVIUS.NS,HOLD,nan,weak_trend,43.63,-10.49,0.0,,0.0,nan,,,nan,nan,0,ELEVATED,40,0,3
WESTLIFE.NS,SELL,nan,downtrend,61.83,-5.94,0.0,,0.0,nan,,,nan,nan,0,ELEVATED,64,1,2
RKFORGE.NS,SELL,nan,downtrend,56.0,-4.47,0.0,,0.0,nan,,,nan,nan,0,ELEVATED,66,1,2
STARCEMENT.NS,SELL,nan,downtrend,58.12,0.53,0.0,,0.0,nan,,,nan,nan,0,ELEVATED,65,1,2
GENUSPOWER.NS,SELL,nan,downtrend,64.88,-0.38,0.0,,0.0,nan,,,nan,nan,0,ELEVATED,62,1,2
RELINFRA.NS,SELL,nan,downtrend,67.74,-3.77,0.0,,0.0,nan,,,nan,nan,0,ELEVATED,61,2,1
HEG.NS,SELL,nan,downtrend,65.87,6.97,0.0,,0.0,nan,,,nan,nan,0,ELEVATED,62,1,2
PGHL.NS,SELL,nan,downtrend,59.92,-41.49,0.0,,0.0,nan,,,nan,nan,0,ELEVATED,65,2,1
ALKYLAMINE.NS,SELL,nan,downtrend,58.95,-16.58,0.0,,0.0,nan,,,nan,nan,0,ELEVATED,65,1,2
TEJASNET.NS,HOLD,nan,weak_trend,53.23,7.49,0.0,,0.0,nan,,,nan,nan,0,ELEVATED,40,0,3
SHAILY.NS,SELL,nan,downtrend,30.22,-8.45,0.0,,0.0,nan,,,nan,nan,0,ELEVATED,79,0,3
TIMETECHNO.NS,SELL,nan,downtrend,69.53,0.07,0.0,,0.0,nan,,,nan,nan,0,ELEVATED,60,1,2
BANCOINDIA.NS,SELL,nan,downtrend,57.45,-8.34,0.0,,0.0,nan,,,nan,nan,0,ELEVATED,66,1,2
AVANTIFEED.NS,HOLD,nan,weak_trend,71.0,36.39,0.0,,0.0,nan,,,nan,nan,0,ELEVATED,40,1,2
IIFLCAPS.NS,SELL,282.36,downtrend,55.3,-6.61,270.95,,315.82,15.8,,,313.97,203.34,2.5,NORMAL,67,1,2
ASKAUTOLTD.NS,SELL,435.5,downtrend,57.48,5.07,425.03,,477.48,17.98,,,471.46,345.59,2.5,NORMAL,66,1,2
MEDPLUS.NS,SELL,nan,downtrend,65.83,5.46,0.0,,0.0,nan,,,nan,nan,0,ELEVATED,62,1,2
SHAKTIPUMP.NS,SELL,nan,downtrend,55.78,-9.34,0.0,,0.0,nan,,,nan,nan,0,ELEVATED,67,1,2
ABFRL.NS,SELL,nan,downtrend,56.99,-1.61,0.0,,0.0,nan,,,nan,nan,0,ELEVATED,66,2,1
MMTC.NS,HOLD,nan,weak_trend,46.71,-0.45,0.0,,0.0,nan,,,nan,nan,0,ELEVATED,40,0,3
SUDARSCHEM.NS,SELL,nan,downtrend,57.74,-18.04,0.0,,0.0,nan,,,nan,nan,0,ELEVATED,66,1,2
RHIM.NS,SELL,nan,downtrend,58.19,-8.36,0.0,,0.0,nan,,,nan,nan,0,ELEVATED,65,1,2
AEQUS.NS,HOLD,nan,weak_trend,77.18,-0.74,0.0,,0.0,nan,,,nan,nan,0,ELEVATED,40,1,2
JLHL.NS,SELL,nan,downtrend,42.28,-10.84,0.0,,0.0,nan,,,nan,nan,0,ELEVATED,73,0,3
INDIASHLTR.NS,SELL,nan,downtrend,61.81,11.48,0.0,,0.0,nan,,,nan,nan,0,ELEVATED,64,1,2
ASTRAMICRO.NS,SELL,nan,downtrend,68.83,9.9,0.0,,0.0,nan,,,nan,nan,0,ELEVATED,60,1,2
TDPOWERSYS.NS,SELL,nan,downtrend,67.36,17.37,0.0,,0.0,nan,,,nan,nan,0,ELEVATED,61,2,1
KPIGREEN.NS,SELL,nan,downtrend,62.02,4.2,0.0,,0.0,nan,,,nan,nan,0,ELEVATED,63,1,2
TRANSRAILL.NS,SELL,nan,downtrend,65.41,-0.31,0.0,,0.0,nan,,,nan,nan,0,ELEVATED,62,1,2
BIRLACORPN.NS,SELL,nan,downtrend,69.83,-2.41,0.0,,0.0,nan,,,nan,nan,0,ELEVATED,60,1,2
SAPPHIRE.NS,SELL,nan,downtrend,56.21,-7.57,0.0,,0.0,nan,,,nan,nan,0,ELEVATED,66,1,2
MAPMYINDIA.NS,SELL,nan,downtrend,59.72,-42.78,0.0,,0.0,nan,,,nan,nan,0,ELEVATED,65,1,2
UJJIVANSFB.NS,SELL,nan,downtrend,68.45,0.34,0.0,,0.0,nan,,,nan,nan,0,ELEVATED,60,1,2
HCG.NS,SELL,nan,downtrend,54.58,-7.31,0.0,,0.0,nan,,,nan,nan,0,ELEVATED,67,1,2
NESCO.NS,SELL,nan,downtrend,67.97,2.13,0.0,,0.0,nan,,,nan,nan,0,ELEVATED,61,1,2
HAPPYFORGE.NS,SELL,nan,downtrend,57.55,3.68,0.0,,0.0,nan,,,nan,nan,0,ELEVATED,66,1,2
HONASA.NS,HOLD,nan,weak_trend,85.59,9.89,0.0,,0.0,nan,,,nan,nan,0,ELEVATED,40,1,2
KRBL.NS,HOLD,nan,weak_trend,75.25,-1.72,0.0,,0.0,nan,,,nan,nan,0,ELEVATED,40,0,3
VARROC.NS,SELL,nan,downtrend,56.83,-7.38,0.0,,0.0,nan,,,nan,nan,0,ELEVATED,66,1,2
SANSERA.NS,SELL,nan,downtrend,64.51,35.26,0.0,,0.0,nan,,,nan,nan,0,ELEVATED,62,1,2
LATENTVIEW.NS,SELL,nan,downtrend,58.44,-10.67,0.0,,0.0,nan,,,nan,nan,0,ELEVATED,65,1,2
BLUESTONE.NS,SELL,nan,downtrend,40.19,-1.96,0.0,,0.0,nan,,,nan,nan,0,ELEVATED,74,0,3
WABAG.NS,SELL,nan,downtrend,65.6,21.53,0.0,,0.0,nan,,,nan,nan,0,ELEVATED,62,1,2
LLOYDSENT.NS,HOLD,nan,weak_trend,73.02,1.34,0.0,,0.0,nan,,,nan,nan,0,ELEVATED,40,0,3
TI.NS,SELL,nan,downtrend,47.6,-4.67,0.0,,0.0,nan,,,nan,nan,0,ELEVATED,71,0,3
ALOKINDS.NS,SELL,nan,downtrend,58.65,-0.2,0.0,,0.0,nan,,,nan,nan,0,ELEVATED,65,2,1
SANDUMA.NS,SELL,nan,downtrend,65.19,-2.08,0.0,,0.0,nan,,,nan,nan,0,ELEVATED,62,2,1
TTKPRESTIG.NS,HOLD,nan,weak_trend,47.3,-14.63,0.0,,0.0,nan,,,nan,nan,0,ELEVATED,40,0,3
DBREALTY.NS,SELL,nan,downtrend,54.4,-2.84,0.0,,0.0,nan,,,nan,nan,0,ELEVATED,67,1,2
MARKSANS.NS,SELL,nan,downtrend,64.93,0.31,0.0,,0.0,nan,,,nan,nan,0,ELEVATED,62,1,2
TCI.NS,SELL,nan,downtrend,59.77,0.41,0.0,,0.0,nan,,,nan,nan,0,ELEVATED,65,1,2
BBOX.NS,SELL,nan,downtrend,56.33,-5.78,0.0,,0.0,nan,,,nan,nan,0,ELEVATED,66,1,2
POWERMECH.NS,SELL,nan,downtrend,65.72,7.73,0.0,,0.0,nan,,,nan,nan,0,ELEVATED,62,1,2
ORKLAINDIA.NS,HOLD,nan,weak_trend,84.66,14.15,0.0,,0.0,nan,,,nan,nan,0,ELEVATED,40,0,3
SOUTHBANK.NS,SELL,nan,downtrend,59.93,-0.4,0.0,,0.0,nan,,,nan,nan,0,ELEVATED,65,1,2
LOTUSDEV.NS,SELL,nan,downtrend,67.34,-0.44,0.0,,0.0,nan,,,nan,nan,0,ELEVATED,61,1,2
JAIBALAJI.NS,SELL,nan,downtrend,52.92,-1.1,0.0,,0.0,nan,,,nan,nan,0,ELEVATED,68,1,2
SAREGAMA.NS,SELL,nan,downtrend,45.71,-4.77,0.0,,0.0,nan,,,nan,nan,0,ELEVATED,72,0,3
JSLL.NS,SELL,nan,downtrend,61.61,0.74,0.0,,0.0,nan,,,nan,nan,0,ELEVATED,64,1,2
PCJEWELLER.NS,SELL,nan,downtrend,60.66,-0.1,0.0,,0.0,nan,,,nan,nan,0,ELEVATED,64,1,2
LUMAXTECH.NS,SELL,nan,downtrend,67.83,43.0,0.0,,0.0,nan,,,nan,nan,0,ELEVATED,61,2,1
CORONA.NS,SELL,nan,downtrend,44.09,-6.73,0.0,,0.0,nan,,,nan,nan,0,ELEVATED,72,0,3
TANLA.NS,SELL,nan,downtrend,67.12,1.52,0.0,,0.0,nan,,,nan,nan,0,ELEVATED,61,1,2
MANORAMA.NS,SELL,nan,downtrend,51.04,-22.44,0.0,,0.0,nan,,,nan,nan,0,ELEVATED,69,1,2
ARVIND.NS,SELL,nan,downtrend,65.31,8.54,0.0,,0.0,nan,,,nan,nan,0,ELEVATED,62,1,2
APOLLO.NS,HOLD,nan,weak_trend,70.63,-0.82,0.0,,0.0,nan,,,nan,nan,0,ELEVATED,40,0,3
PNGJL.NS,HOLD,643.7,weak_trend,71.39,18.33,574.31,,597.3,26.94,,,603.29,697.58,1.33,ELEVATED,40,2,1
MAHSEAMLES.NS,HOLD,nan,weak_trend,70.89,17.03,0.0,,0.0,nan,,,nan,nan,0,ELEVATED,40,0,3
HAPPSTMNDS.NS,HOLD,nan,weak_trend,52.26,-0.81,0.0,,0.0,nan,,,nan,nan,0,ELEVATED,40,0,3
CAMPUS.NS,SELL,nan,downtrend,56.75,-3.26,0.0,,0.0,nan,,,nan,nan,0,ELEVATED,66,1,2
RELIGARE.NS,SELL,nan,downtrend,51.43,0.21,0.0,,0.0,nan,,,nan,nan,0,ELEVATED,69,2,1
GMRP&UI.NS,SELL,nan,downtrend,54.19,-1.58,0.0,,0.0,nan,,,nan,nan,0,ELEVATED,67,1,2
BECTORFOOD.NS,SELL,nan,downtrend,63.6,-3.3,0.0,,0.0,nan,,,nan,nan,0,ELEVATED,63,1,2
WEWORK.NS,SELL,nan,downtrend,54.43,-9.47,0.0,,0.0,nan,,,nan,nan,0,ELEVATED,67,1,2
RCF.NS,SELL,nan,downtrend,64.04,-0.08,0.0,,0.0,nan,,,nan,nan,0,ELEVATED,62,1,2
ESABINDIA.NS,SELL,nan,downtrend,57.63,-28.61,0.0,,0.0,nan,,,nan,nan,0,ELEVATED,66,1,2
VOLTAMP.NS,SELL,nan,downtrend,69.74,210.08,0.0,,0.0,nan,,,nan,nan,0,ELEVATED,60,2,1
STAR.NS,HOLD,nan,weak_trend,80.68,30.12,0.0,,0.0,nan,,,nan,nan,0,ELEVATED,40,0,3
GALAXYSURF.NS,SELL,nan,downtrend,64.29,-24.55,0.0,,0.0,nan,,,nan,nan,0,ELEVATED,62,1,2
MAHLIFE.NS,HOLD,nan,weak_trend,46.49,-5.01,0.0,,0.0,nan,,,nan,nan,0,ELEVATED,40,0,3
GPPL.NS,SELL,nan,downtrend,54.14,-4.14,0.0,,0.0,nan,,,nan,nan,0,ELEVATED,67,1,2
SHARDACROP.NS,SELL,nan,downtrend,61.34,-12.6,0.0,,0.0,nan,,,nan,nan,0,ELEVATED,64,1,2
OSWALPUMPS.NS,HOLD,369.45,weak_trend,71.23,8.22,320.39,,0.0,20.65,,,338.48,410.74,1.33,ELEVATED,40,1,2
DODLA.NS,SELL,nan,downtrend,58.12,-15.35,0.0,,0.0,nan,,,nan,nan,0,ELEVATED,65,1,2
NETWORK18.NS,SELL,nan,downtrend,61.04,-0.65,0.0,,0.0,nan,,,nan,nan,0,ELEVATED,64,2,1
DIACABS.NS,SELL,nan,downtrend,62.3,0.01,0.0,,0.0,nan,,,nan,nan,0,ELEVATED,63,1,2
GRWRHITECH.NS,SELL,nan,downtrend,51.71,-54.34,0.0,,0.0,nan,,,nan,nan,0,ELEVATED,69,2,1
CERA.NS,SELL,nan,downtrend,67.93,33.15,0.0,,0.0,nan,,,nan,nan,0,ELEVATED,61,2,1
KIRLPNU.NS,HOLD,nan,weak_trend,74.6,14.8,0.0,,0.0,nan,,,nan,nan,0,ELEVATED,40,1,2
BORORENEW.NS,SELL,nan,downtrend,66.85,-2.37,0.0,,0.0,nan,,,nan,nan,0,ELEVATED,61,1,2
KALPATARU.NS,SELL,nan,downtrend,53.43,-5.74,0.0,,0.0,nan,,,nan,nan,0,ELEVATED,68,1,2
TRIVENI.NS,SELL,nan,downtrend,63.5,4.24,0.0,,0.0,nan,,,nan,nan,0,ELEVATED,63,1,2
GSFC.NS,SELL,nan,downtrend,58.67,-1.65,0.0,,0.0,nan,,,nan,nan,0,ELEVATED,65,2,1
GARFIBRES.NS,SELL,nan,downtrend,53.47,-8.68,0.0,,0.0,nan,,,nan,nan,0,ELEVATED,68,1,2
ACI.NS,SELL,nan,downtrend,65.0,9.25,0.0,,0.0,nan,,,nan,nan,0,ELEVATED,62,1,2
SHILPAMED.NS,HOLD,nan,weak_trend,90.88,23.27,0.0,,0.0,nan,,,nan,nan,0,ELEVATED,40,0,3
DBL.NS,SELL,nan,downtrend,53.81,-4.53,0.0,,0.0,nan,,,nan,nan,0,ELEVATED,68,1,2
MAXESTATES.NS,SELL,374.9,downtrend,50.04,-5.97,355.78,,444.81,21.14,,,417.19,269.19,2.5,ELEVATED,69,1,2
THOMASCOOK.NS,SELL,nan,downtrend,59.82,-0.48,0.0,,0.0,nan,,,nan,nan,0,ELEVATED,65,1,2
SUDEEPPHRM.NS,SELL,nan,downtrend,53.84,-1.46,0.0,,0.0,nan,,,nan,nan,0,ELEVATED,68,1,2
AARTIPHARM.NS,SELL,nan,downtrend,59.99,-6.18,0.0,,0.0,nan,,,nan,nan,0,ELEVATED,65,1,2
GNFC.NS,SELL,nan,downtrend,58.03,-5.96,0.0,,0.0,nan,,,nan,nan,0,ELEVATED,65,1,2
THANGAMAYL.NS,HOLD,nan,weak_trend,75.35,112.22,0.0,,0.0,nan,,,nan,nan,0,ELEVATED,40,1,2
PRSMJOHNSN.NS,SELL,nan,downtrend,55.46,-0.2,0.0,,0.0,nan,,,nan,nan,0,ELEVATED,67,1,2
RUSTOMJEE.NS,SELL,nan,downtrend,66.65,-7.74,0.0,,0.0,nan,,,nan,nan,0,ELEVATED,61,1,2
AKUMS.NS,BUY,524.4,uptrend,64.9,9.65,486.22,,474.1,22.18,513.91,534.89,480.04,635.31,2.5,ELEVATED,77,3,0
AJAXENGG.NS,HOLD,nan,weak_trend,46.19,-9.53,0.0,,0.0,nan,,,nan,nan,0,ELEVATED,40,0,3
ETHOSLTD.NS,HOLD,nan,weak_trend,72.66,17.09,0.0,,0.0,nan,,,nan,nan,0,ELEVATED,40,0,3
PNCINFRA.NS,HOLD,nan,weak_trend,48.98,-7.11,0.0,,0.0,nan,,,nan,nan,0,ELEVATED,40,0,3
FDC.NS,SELL,nan,downtrend,60.2,-5.84,0.0,,0.0,nan,,,nan,nan,0,ELEVATED,64,1,2
LLOYDSENGG.NS,SELL,48.77,downtrend,65.31,0.65,43.04,,57.84,2.99,,,54.76,33.81,2.5,LOW,62,1,2
REDTAPE.NS,SELL,120.47,downtrend,51.67,0.13,116.25,,128.58,5.5,,,131.47,92.97,2.5,LOW,69,1,2
TMB.NS,SELL,nan,downtrend,61.61,2.45,0.0,,0.0,nan,,,nan,nan,0,ELEVATED,64,1,2
TIPSMUSIC.NS,SELL,nan,downtrend,58.86,2.68,0.0,,0.0,nan,,,nan,nan,0,ELEVATED,65,1,2
ATLANTAELE.NS,HOLD,nan,weak_trend,73.47,86.59,0.0,,0.0,nan,,,nan,nan,0,ELEVATED,40,0,3
EPIGRAL.NS,HOLD,1128.3,weak_trend,78.65,34.12,904.93,,1450.99,56.53,,,1043.51,1241.36,1.33,ELEVATED,40,1,2
INOXGREEN.NS,SELL,nan,downtrend,60.21,-2.47,0.0,,0.0,nan,,,nan,nan,0,ELEVATED,64,1,2
SFL.NS,SELL,nan,downtrend,52.25,-7.17,0.0,,0.0,nan,,,nan,nan,0,ELEVATED,68,1,2
V2RETAIL.NS,SELL,nan,downtrend,56.03,-0.52,0.0,,0.0,nan,,,nan,nan,0,ELEVATED,66,1,2
MASTEK.NS,SELL,nan,downtrend,61.74,-25.79,0.0,,0.0,nan,,,nan,nan,0,ELEVATED,64,1,2
BALUFORGE.NS,SELL,nan,downtrend,57.34,-0.74,0.0,,0.0,nan,,,nan,nan,0,ELEVATED,66,1,2
MOIL.NS,SELL,nan,downtrend,60.59,0.66,0.0,,0.0,nan,,,nan,nan,0,ELEVATED,64,1,2
GANESHHOU.NS,HOLD,587.4,weak_trend,48.24,-21.07,579.14,,0.0,32.26,,,539.01,651.92,1.33,ELEVATED,40,1,2
RTNINDIA.NS,HOLD,nan,weak_trend,74.32,0.35,0.0,,0.0,nan,,,nan,nan,0,ELEVATED,40,0,3
PFOCUS.NS,HOLD,nan,weak_trend,75.88,18.82,0.0,,0.0,nan,,,nan,nan,0,ELEVATED,40,0,3
WELENT.NS,HOLD,nan,weak_trend,44.54,-9.67,0.0,,0.0,nan,,,nan,nan,0,ELEVATED,40,0,3
RAYMONDLSL.NS,HOLD,794.65,weak_trend,48.76,-18.8,786.66,,1074.36,49.73,,,720.06,894.11,1.33,ELEVATED,40,0,3
ISGEC.NS,HOLD,nan,weak_trend,75.7,20.4,0.0,,0.0,nan,,,nan,nan,0,ELEVATED,40,1,2
PRAJIND.NS,SELL,nan,downtrend,69.24,8.12,0.0,,0.0,nan,,,nan,nan,0,ELEVATED,60,1,2
RATEGAIN.NS,SELL,nan,downtrend,66.59,2.71,0.0,,0.0,nan,,,nan,nan,0,ELEVATED,61,1,2
MIDHANI.NS,SELL,nan,downtrend,58.22,-5.6,0.0,,0.0,nan,,,nan,nan,0,ELEVATED,65,1,2
KTKBANK.NS,SELL,nan,downtrend,58.69,7.61,0.0,,0.0,nan,,,nan,nan,0,ELEVATED,65,1,2
YATHARTH.NS,HOLD,nan,weak_trend,72.7,11.37,0.0,,0.0,nan,,,nan,nan,0,ELEVATED,40,1,2
CSBBANK.NS,SELL,nan,downtrend,59.24,1.83,0.0,,0.0,nan,,,nan,nan,0,ELEVATED,65,1,2
EPL.NS,HOLD,nan,weak_trend,79.53,6.61,0.0,,0.0,nan,,,nan,nan,0,ELEVATED,40,0,3
AURIONPRO.NS,SELL,nan,downtrend,58.62,-18.08,0.0,,0.0,nan,,,nan,nan,0,ELEVATED,65,1,2
JUSTDIAL.NS,HOLD,nan,weak_trend,70.64,-5.57,0.0,,0.0,nan,,,nan,nan,0,ELEVATED,40,1,2
MHRIL.NS,HOLD,nan,weak_trend,48.05,-7.57,0.0,,0.0,nan,,,nan,nan,0,ELEVATED,40,0,3
THYROCARE.NS,SELL,nan,downtrend,68.39,-0.25,0.0,,0.0,nan,,,nan,nan,0,ELEVATED,60,1,2
ARVINDFASN.NS,HOLD,nan,weak_trend,70.22,6.79,0.0,,0.0,nan,,,nan,nan,0,ELEVATED,40,0,3
EQUITASBNK.NS,SELL,nan,downtrend,61.53,-0.76,0.0,,0.0,nan,,,nan,nan,0,ELEVATED,64,1,2
ELLEN.NS,SELL,nan,downtrend,65.39,-1.34,0.0,,0.0,nan,,,nan,nan,0,ELEVATED,62,1,2
CMSINFO.NS,SELL,nan,downtrend,61.93,-2.91,0.0,,0.0,nan,,,nan,nan,0,ELEVATED,64,1,2
PGIL.NS,SELL,nan,downtrend,54.95,-2.85,0.0,,0.0,nan,,,nan,nan,0,ELEVATED,67,1,2
DHANUKA.NS,SELL,nan,downtrend,59.24,-7.65,0.0,,0.0,nan,,,nan,nan,0,ELEVATED,65,1,2
SYMPHONY.NS,HOLD,nan,weak_trend,45.08,-22.26,0.0,,0.0,nan,,,nan,nan,0,ELEVATED,40,0,3
QPOWER.NS,HOLD,nan,weak_trend,70.23,31.06,0.0,,0.0,nan,,,nan,nan,0,ELEVATED,40,0,3
CUPID.NS,HOLD,nan,weak_trend,83.25,2.39,0.0,,0.0,nan,,,nan,nan,0,ELEVATED,40,0,3
AHLUCONT.NS,SELL,nan,downtrend,59.09,-9.27,0.0,,0.0,nan,,,nan,nan,0,ELEVATED,65,1,2
IFBIND.NS,SELL,nan,downtrend,61.77,-20.76,0.0,,0.0,nan,,,nan,nan,0,ELEVATED,64,1,2
BAJAJELEC.NS,SELL,nan,downtrend,68.0,-4.66,0.0,,0.0,nan,,,nan,nan,0,ELEVATED,60,1,2
PARKHOSPS.NS,SELL,nan,downtrend,60.69,4.91,0.0,,0.0,nan,,,nan,nan,0,ELEVATED,64,1,2
JKPAPER.NS,SELL,nan,downtrend,57.63,1.51,0.0,,0.0,nan,,,nan,nan,0,ELEVATED,66,2,1
PRICOLLTD.NS,SELL,nan,downtrend,64.13,-2.35,0.0,,0.0,nan,,,nan,nan,0,ELEVATED,62,1,2
AVALON.NS,SELL,nan,downtrend,68.44,16.25,0.0,,0.0,nan,,,nan,nan,0,ELEVATED,60,1,2
SURYAROSNI.NS,SELL,nan,downtrend,59.44,-1.32,0.0,,0.0,nan,,,nan,nan,0,ELEVATED,65,1,2
HNDFDS.NS,SELL,502.9,downtrend,59.28,4.71,491.46,,520.84,20.17,,,543.24,402.04,2.5,ELEVATED,65,1,2
PURVA.NS,SELL,nan,downtrend,57.54,-5.2,0.0,,0.0,nan,,,nan,nan,0,ELEVATED,66,2,1
UTLSOLAR.NS,HOLD,225.87,weak_trend,74.75,7.46,202.82,,0.0,9.71,,,211.3,245.3,1.33,LOW,40,2,1
AVL.NS,HOLD,503.65,weak_trend,72.24,2.46,466.09,,484.32,19.78,,,473.99,543.2,1.33,NORMAL,40,2,1
RTNPOWER.NS,SELL,nan,downtrend,61.32,0.08,0.0,,0.0,nan,,,nan,nan,0,ELEVATED,64,2,1
RENUKA.NS,HOLD,nan,weak_trend,73.94,0.93,0.0,,0.0,nan,,,nan,nan,0,ELEVATED,40,0,3
GREENLAM.NS,SELL,nan,downtrend,54.37,-3.25,0.0,,0.0,nan,,,nan,nan,0,ELEVATED,67,1,2
SUPRAJIT.NS,HOLD,nan,weak_trend,71.05,1.28,0.0,,0.0,nan,,,nan,nan,0,ELEVATED,40,1,2
JAYNECOIND.NS,SELL,nan,downtrend,69.68,1.45,0.0,,0.0,nan,,,nan,nan,0,ELEVATED,60,2,1
VMART.NS,HOLD,nan,weak_trend,75.87,14.74,0.0,,0.0,nan,,,nan,nan,0,ELEVATED,40,0,3
IONEXCHANG.NS,SELL,nan,downtrend,62.9,2.04,0.0,,0.0,nan,,,nan,nan,0,ELEVATED,63,1,2
SUNTECK.NS,SELL,nan,downtrend,52.97,-15.5,0.0,,0.0,nan,,,nan,nan,0,ELEVATED,68,1,2
JUNIPER.NS,SELL,nan,downtrend,57.05,-1.45,0.0,,0.0,nan,,,nan,nan,0,ELEVATED,66,1,2
WAKEFIT.NS,HOLD,151.58,weak_trend,43.86,-7.56,155.6,,0.0,8.5,,,138.83,168.58,1.33,LOW,40,0,3
HGINFRA.NS,SELL,nan,downtrend,63.86,-11.46,0.0,,0.0,nan,,,nan,nan,0,ELEVATED,63,2,1
ICRA.NS,SELL,nan,downtrend,56.44,-88.31,0.0,,0.0,nan,,,nan,nan,0,ELEVATED,66,1,2
SUBROS.NS,SELL,nan,downtrend,64.15,-6.86,0.0,,0.0,nan,,,nan,nan,0,ELEVATED,62,1,2
AXISCADES.NS,HOLD,nan,weak_trend,73.56,78.06,0.0,,0.0,nan,,,nan,nan,0,ELEVATED,40,0,3
CRAMC.NS,SELL,nan,downtrend,64.42,1.17,0.0,,0.0,nan,,,nan,nan,0,ELEVATED,62,2,1
RALLIS.NS,SELL,nan,downtrend,58.83,-1.57,0.0,,0.0,nan,,,nan,nan,0,ELEVATED,65,1,2
GOKEX.NS,SELL,nan,downtrend,67.7,-0.9,0.0,,0.0,nan,,,nan,nan,0,ELEVATED,61,1,2
MTARTECH.NS,HOLD,nan,weak_trend,77.04,149.64,0.0,,0.0,nan,,,nan,nan,0,ELEVATED,40,1,2
GULFOILLUB.NS,HOLD,nan,weak_trend,46.01,-38.85,0.0,,0.0,nan,,,nan,nan,0,ELEVATED,40,1,2
CHEMPLASTS.NS,SELL,nan,downtrend,31.44,-4.7,0.0,,0.0,nan,,,nan,nan,0,ELEVATED,79,0,3
ASHAPURMIN.NS,SELL,nan,downtrend,62.54,-11.58,0.0,,0.0,nan,,,nan,nan,0,ELEVATED,63,1,2
SWSOLAR.NS,SELL,nan,downtrend,57.54,-3.55,0.0,,0.0,nan,,,nan,nan,0,ELEVATED,66,1,2
SHARDAMOTR.NS,SELL,nan,downtrend,56.73,-17.93,0.0,,0.0,nan,,,nan,nan,0,ELEVATED,66,2,1
PICCADIL.NS,SELL,nan,downtrend,60.38,-1.33,0.0,,0.0,nan,,,nan,nan,0,ELEVATED,64,1,2
INDIAGLYCO.NS,SELL,nan,downtrend,60.77,5.82,0.0,,0.0,nan,,,nan,nan,0,ELEVATED,64,1,2
MANINFRA.NS,SELL,nan,downtrend,53.49,-3.26,0.0,,0.0,nan,,,nan,nan,0,ELEVATED,68,1,2
VIPIND.NS,SELL,nan,downtrend,50.41,-9.95,0.0,,0.0,nan,,,nan,nan,0,ELEVATED,69,1,2
ELECTCAST.NS,SELL,nan,downtrend,62.63,3.0,0.0,,0.0,nan,,,nan,nan,0,ELEVATED,63,1,2
TIIL.NS,SELL,nan,downtrend,64.66,32.27,0.0,,0.0,nan,,,nan,nan,0,ELEVATED,62,1,2
PILANIINVS.NS,HOLD,nan,weak_trend,40.45,-20.81,0.0,,0.0,nan,,,nan,nan,0,ELEVATED,40,0,3
SMARTWORKS.NS,SELL,nan,downtrend,54.34,-5.16,0.0,,0.0,nan,,,nan,nan,0,ELEVATED,67,1,2
IMFA.NS,HOLD,nan,weak_trend,73.9,25.38,0.0,,0.0,nan,,,nan,nan,0,ELEVATED,40,0,3
SUPRIYA.NS,SELL,nan,downtrend,64.12,-2.0,0.0,,0.0,nan,,,nan,nan,0,ELEVATED,62,1,2
PARAS.NS,SELL,nan,downtrend,60.3,0.99,0.0,,0.0,nan,,,nan,nan,0,ELEVATED,64,2,1
GHCL.NS,SELL,nan,downtrend,61.86,-3.61,0.0,,0.0,nan,,,nan,nan,0,ELEVATED,64,1,2
SAATVIKGL.NS,HOLD,462.1,weak_trend,79.94,18.62,388.37,,0.0,21.87,,,429.3,505.84,1.33,ELEVATED,40,2,1
EMUDHRA.NS,HOLD,nan,weak_trend,70.73,4.17,0.0,,0.0,nan,,,nan,nan,0,ELEVATED,40,0,3
MASFIN.NS,SELL,nan,downtrend,58.44,-2.01,0.0,,0.0,nan,,,nan,nan,0,ELEVATED,65,1,2
TEXRAIL.NS,SELL,nan,downtrend,61.58,-2.31,0.0,,0.0,nan,,,nan,nan,0,ELEVATED,64,1,2
SKIPPER.NS,SELL,nan,downtrend,64.2,3.3,0.0,,0.0,nan,,,nan,nan,0,ELEVATED,62,1,2
RAJESHEXPO.NS,SELL,nan,downtrend,59.8,-9.35,0.0,,0.0,nan,,,nan,nan,0,ELEVATED,65,1,2
STLTECH.NS,SELL,nan,downtrend,69.83,12.39,0.0,,0.0,nan,,,nan,nan,0,ELEVATED,60,1,2
SENCO.NS,SELL,nan,downtrend,62.8,2.68,0.0,,0.0,nan,,,nan,nan,0,ELEVATED,63,1,2
FISCHER.NS,SELL,nan,downtrend,68.67,0.9,0.0,,0.0,nan,,,nan,nan,0,ELEVATED,60,1,2
STYL.NS,HOLD,nan,weak_trend,48.73,-3.63,0.0,,0.0,nan,,,nan,nan,0,ELEVATED,40,0,3
KSCL.NS,HOLD,nan,weak_trend,79.9,22.36,0.0,,0.0,nan,,,nan,nan,0,ELEVATED,40,0,3
ICIL.NS,SELL,nan,downtrend,60.26,-3.55,0.0,,0.0,nan,,,nan,nan,0,ELEVATED,64,1,2
SHOPERSTOP.NS,SELL,nan,downtrend,55.15,-8.41,0.0,,0.0,nan,,,nan,nan,0,ELEVATED,67,1,2
INDIGOPNTS.NS,SELL,nan,downtrend,61.32,-29.98,0.0,,0.0,nan,,,nan,nan,0,ELEVATED,64,1,2
FIEMIND.NS,SELL,nan,downtrend,64.71,-7.21,0.0,,0.0,nan,,,nan,nan,0,ELEVATED,62,1,2
TVSSCS.NS,SELL,109.37,downtrend,60.84,-0.29,101.22,,118.64,4.76,,,118.9,85.55,2.5,LOW,64,1,2
RESPONIND.NS,HOLD,nan,weak_trend,37.14,-9.37,0.0,,0.0,nan,,,nan,nan,0,ELEVATED,40,0,3
BANSALWIRE.NS,SELL,286.82,downtrend,64.93,3.18,251.0,,323.15,15.76,,,318.33,208.04,2.5,NORMAL,62,1,2
LXCHEM.NS,SELL,nan,downtrend,57.83,-1.69,0.0,,0.0,nan,,,nan,nan,0,ELEVATED,66,2,1
CRIZAC.NS,SELL,nan,downtrend,57.79,-3.61,0.0,,0.0,nan,,,nan,nan,0,ELEVATED,66,1,2
AGI.NS,SELL,nan,downtrend,59.81,-8.37,0.0,,0.0,nan,,,nan,nan,0,ELEVATED,65,1,2
CAPILLARY.NS,SELL,nan,downtrend,61.3,-2.46,0.0,,0.0,nan,,,nan,nan,0,ELEVATED,64,1,2
KNRCON.NS,SELL,nan,downtrend,50.18,-3.68,0.0,,0.0,nan,,,nan,nan,0,ELEVATED,69,1,2
UNIMECH.NS,SELL,nan,downtrend,61.4,-21.88,0.0,,0.0,nan,,,nan,nan,0,ELEVATED,64,2,1
GMMPFAUDLR.NS,SELL,nan,downtrend,54.91,-9.67,0.0,,0.0,nan,,,nan,nan,0,ELEVATED,67,1,2
ASHOKA.NS,SELL,nan,downtrend,60.98,-3.31,0.0,,0.0,nan,,,nan,nan,0,ELEVATED,64,1,2
DYNAMATECH.NS,SELL,nan,downtrend,65.23,48.05,0.0,,0.0,nan,,,nan,nan,0,ELEVATED,62,1,2
E2E.NS,SELL,nan,downtrend,59.37,2.68,0.0,,0.0,nan,,,nan,nan,0,ELEVATED,65,1,2
GOKULAGRO.NS,HOLD,nan,weak_trend,72.28,8.01,0.0,,0.0,nan,,,nan,nan,0,ELEVATED,40,0,3
FEDFINA.NS,SELL,nan,downtrend,61.06,1.4,0.0,,0.0,nan,,,nan,nan,0,ELEVATED,64,1,2
OPTIEMUS.NS,SELL,nan,downtrend,65.39,-8.8,0.0,,0.0,nan,,,nan,nan,0,ELEVATED,62,1,2
KINGFA.NS,HOLD,nan,weak_trend,70.94,23.78,0.0,,0.0,nan,,,nan,nan,0,ELEVATED,40,0,3
KRN.NS,SELL,nan,downtrend,62.4,23.6,0.0,,0.0,nan,,,nan,nan,0,ELEVATED,63,2,1
DATAMATICS.NS,SELL,nan,downtrend,56.0,-6.95,0.0,,0.0,nan,,,nan,nan,0,ELEVATED,66,1,2
WEBELSOLAR.NS,SELL,nan,downtrend,69.1,3.91,0.0,,0.0,nan,,,nan,nan,0,ELEVATED,60,1,2
EMIL.NS,SELL,nan,downtrend,64.23,1.02,0.0,,0.0,nan,,,nan,nan,0,ELEVATED,62,1,2
PTC.NS,SELL,nan,downtrend,57.2,0.67,0.0,,0.0,nan,,,nan,nan,0,ELEVATED,66,2,1
ROUTE.NS,SELL,nan,downtrend,52.51,-8.59,0.0,,0.0,nan,,,nan,nan,0,ELEVATED,68,1,2
ITDC.NS,HOLD,nan,weak_trend,77.22,2.63,0.0,,0.0,nan,,,nan,nan,0,ELEVATED,40,1,2
RSYSTEMS.NS,HOLD,nan,weak_trend,48.75,-8.01,0.0,,0.0,nan,,,nan,nan,0,ELEVATED,40,0,3
ZAGGLE.NS,SELL,250.07,downtrend,65.49,2.47,220.9,,338.15,16.0,,,282.06,170.1,2.5,NORMAL,62,1,2
GAEL.NS,HOLD,nan,weak_trend,73.94,3.67,0.0,,0.0,nan,,,nan,nan,0,ELEVATED,40,1,2
ORIANA.NS,SELL,1934.15,downtrend,60.25,14.35,1762.45,,2261.88,106.87,,,2147.89,1399.79,2.5,ELEVATED,64,1,2
SIS.NS,SELL,nan,downtrend,67.22,-0.76,0.0,,0.0,nan,,,nan,nan,0,ELEVATED,61,1,2
PDSL.NS,SELL,nan,downtrend,68.96,-2.08,0.0,,0.0,nan,,,nan,nan,0,ELEVATED,60,1,2
SMLMAH.NS,HOLD,4108.6,weak_trend,53.71,-27.55,3999.87,,0.0,218.15,,,3781.38,4544.9,1.33,ELEVATED,40,2,1
HCC.NS,SELL,nan,downtrend,65.18,-0.16,0.0,,0.0,nan,,,nan,nan,0,ELEVATED,62,2,1
VRLLOG.NS,SELL,nan,downtrend,66.74,-4.73,0.0,,0.0,nan,,,nan,nan,0,ELEVATED,61,1,2
ENTERO.NS,HOLD,nan,weak_trend,67.99,31.7,0.0,,0.0,nan,,,nan,nan,0,ELEVATED,40,0,3
SUNFLAG.NS,SELL,nan,downtrend,66.16,0.78,0.0,,0.0,nan,,,nan,nan,0,ELEVATED,61,1,2
SWARAJENG.NS,SELL,nan,downtrend,66.45,62.66,0.0,,0.0,nan,,,nan,nan,0,ELEVATED,61,2,1
JSFB.NS,SELL,nan,downtrend,64.51,6.12,0.0,,0.0,nan,,,nan,nan,0,ELEVATED,62,1,2
JKIL.NS,HOLD,nan,weak_trend,42.61,-14.93,0.0,,0.0,nan,,,nan,nan,0,ELEVATED,40,0,3
CARERATING.NS,SELL,nan,downtrend,50.64,-10.53,0.0,,0.0,nan,,,nan,nan,0,ELEVATED,69,1,2
MIDWESTLTD.NS,SELL,nan,downtrend,57.01,3.04,0.0,,0.0,nan,,,nan,nan,0,ELEVATED,66,1,2
ANUP.NS,SELL,nan,downtrend,67.16,43.36,0.0,,0.0,nan,,,nan,nan,0,ELEVATED,61,1,2
GREAVESCOT.NS,SELL,nan,downtrend,64.28,-2.17,0.0,,0.0,nan,,,nan,nan,0,ELEVATED,62,1,2
SUVEN.NS,HOLD,nan,weak_trend,86.09,9.16,0.0,,0.0,nan,,,nan,nan,0,ELEVATED,40,0,3
LGBBROSLTD.NS,SELL,nan,downtrend,53.52,-27.32,0.0,,0.0,nan,,,nan,nan,0,ELEVATED,68,2,1
SKYGOLD.NS,SELL,nan,downtrend,68.7,8.97,0.0,,0.0,nan,,,nan,nan,0,ELEVATED,60,1,2
REFEX.NS,SELL,nan,downtrend,64.6,-0.02,0.0,,0.0,nan,,,nan,nan,0,ELEVATED,62,1,2
TARC.NS,SELL,nan,downtrend,51.8,-5.32,0.0,,0.0,nan,,,nan,nan,0,ELEVATED,69,1,2
NIITMTS.NS,SELL,316.1,downtrend,64.41,-6.54,292.46,,346.56,16.45,,,348.99,233.87,2.5,NORMAL,62,1,2
DBCORP.NS,SELL,nan,downtrend,53.69,-3.47,0.0,,0.0,nan,,,nan,nan,0,ELEVATED,68,1,2
INNOVACAP.NS,HOLD,nan,weak_trend,53.24,0.04,0.0,,0.0,nan,,,nan,nan,0,ELEVATED,40,0,3
NEPHROPLUS.NS,SELL,nan,downtrend,60.36,-1.35,0.0,,0.0,nan,,,nan,nan,0,ELEVATED,64,2,1
BALAMINES.NS,SELL,nan,downtrend,56.91,-2.94,0.0,,0.0,nan,,,nan,nan,0,ELEVATED,66,1,2
NACLIND.NS,HOLD,nan,weak_trend,72.88,7.21,0.0,,0.0,nan,,,nan,nan,0,ELEVATED,40,0,3
CIGNITITEC.NS,HOLD,nan,weak_trend,71.22,-6.23,0.0,,0.0,nan,,,nan,nan,0,ELEVATED,40,0,3
DCBBANK.NS,SELL,nan,downtrend,62.64,0.34,0.0,,0.0,nan,,,nan,nan,0,ELEVATED,63,1,2
SJS.NS,SELL,nan,downtrend,67.2,3.7,0.0,,0.0,nan,,,nan,nan,0,ELEVATED,61,1,2
BOSCH-HCIL.NS,HOLD,1309.7,weak_trend,52.26,-12.76,1231.9,,0.0,68.72,,,1206.62,1447.14,1.33,ELEVATED,40,2,1
NFL.NS,SELL,nan,downtrend,66.9,-0.57,0.0,,0.0,nan,,,nan,nan,0,ELEVATED,61,1,2
SPARC.NS,HOLD,nan,weak_trend,70.07,3.51,0.0,,0.0,nan,,,nan,nan,0,ELEVATED,40,0,3
INDIQUBE.NS,SELL,nan,downtrend,57.14,-4.44,0.0,,0.0,nan,,,nan,nan,0,ELEVATED,66,1,2
BANARISUG.NS,SELL,nan,downtrend,51.23,6.99,0.0,,0.0,nan,,,nan,nan,0,ELEVATED,69,1,2
SHREEJISPG.NS,HOLD,nan,weak_trend,43.29,-8.17,0.0,,0.0,nan,,,nan,nan,0,ELEVATED,40,1,2
SHILCTECH.NS,HOLD,nan,weak_trend,71.45,136.55,0.0,,0.0,nan,,,nan,nan,0,ELEVATED,40,1,2
VSTTILLERS.NS,SELL,nan,downtrend,52.0,-100.25,0.0,,0.0,nan,,,nan,nan,0,ELEVATED,69,1,2
INDRAMEDCO.NS,SELL,nan,downtrend,64.33,6.91,0.0,,0.0,nan,,,nan,nan,0,ELEVATED,62,1,2
PACEDIGITK.NS,HOLD,nan,weak_trend,43.9,-5.32,0.0,,0.0,nan,,,nan,nan,0,ELEVATED,40,0,3
VSTIND.NS,SELL,nan,downtrend,58.37,-2.08,0.0,,0.0,nan,,,nan,nan,0,ELEVATED,65,1,2
RAIN.NS,SELL,nan,downtrend,67.54,-4.12,0.0,,0.0,nan,,,nan,nan,0,ELEVATED,61,1,2
SAMHI.NS,SELL,nan,downtrend,55.15,-1.46,0.0,,0.0,nan,,,nan,nan,0,ELEVATED,67,1,2
HEIDELBERG.NS,SELL,nan,downtrend,55.7,-2.5,0.0,,0.0,nan,,,nan,nan,0,ELEVATED,67,1,2
CEIGALL.NS,HOLD,297.9,weak_trend,68.88,4.13,277.05,,263.77,10.89,,,281.56,319.69,1.33,LOW,40,2,1
SGMART.NS,HOLD,nan,weak_trend,77.58,25.48,0.0,,0.0,nan,,,nan,nan,0,ELEVATED,40,0,3
HERITGFOOD.NS,SELL,nan,downtrend,64.36,-2.56,0.0,,0.0,nan,,,nan,nan,0,ELEVATED,62,1,2
STYRENIX.NS,SELL,nan,downtrend,54.02,-1.86,0.0,,0.0,nan,,,nan,nan,0,ELEVATED,67,2,1
ORIENTCEM.NS,SELL,nan,downtrend,57.32,-3.26,0.0,,0.0,nan,,,nan,nan,0,ELEVATED,66,1,2
AARTIDRUGS.NS,SELL,nan,downtrend,58.4,-1.12,0.0,,0.0,nan,,,nan,nan,0,ELEVATED,65,1,2
ORIENTELEC.NS,SELL,nan,downtrend,56.58,-3.31,0.0,,0.0,nan,,,nan,nan,0,ELEVATED,66,1,2
GUJTHEM.NS,SELL,282.97,downtrend,52.68,-7.1,269.27,,369.46,17.49,,,317.95,195.52,2.5,NORMAL,68,1,2
GOPAL.NS,HOLD,nan,weak_trend,43.58,-6.53,0.0,,0.0,nan,,,nan,nan,0,ELEVATED,40,0,3
BHARATRAS.NS,SELL,nan,downtrend,69.22,-16.52,0.0,,0.0,nan,,,nan,nan,0,ELEVATED,60,1,2
RBA.NS,SELL,nan,downtrend,57.88,-0.3,0.0,,0.0,nan,,,nan,nan,0,ELEVATED,66,1,2
LUMAXIND.NS,SELL,nan,downtrend,63.7,-69.23,0.0,,0.0,nan,,,nan,nan,0,ELEVATED,63,1,2
ZOTA.NS,HOLD,nan,weak_trend,72.32,-0.66,0.0,,0.0,nan,,,nan,nan,0,ELEVATED,40,0,3
AVANTEL.NS,HOLD,150.69,weak_trend,70.34,1.77,133.94,,154.94,7.87,,,138.89,166.42,1.33,LOW,40,0,3
EIEL.NS,HOLD,nan,weak_trend,71.67,3.35,0.0,,0.0,nan,,,nan,nan,0,ELEVATED,40,1,2
HUBTOWN.NS,SELL,nan,downtrend,58.36,-3.31,0.0,,0.0,nan,,,nan,nan,0,ELEVATED,65,1,2
KITEX.NS,SELL,nan,downtrend,56.75,-2.88,0.0,,0.0,nan,,,nan,nan,0,ELEVATED,66,1,2
RAYMONDREL.NS,HOLD,435.95,weak_trend,56.94,3.47,401.21,,0.0,25.76,,,397.3,487.48,1.33,ELEVATED,40,2,1
SANATHAN.NS,SELL,nan,downtrend,67.94,5.72,0.0,,0.0,nan,,,nan,nan,0,ELEVATED,61,1,2
NORTHARC.NS,SELL,nan,downtrend,57.38,-2.66,0.0,,0.0,nan,,,nan,nan,0,ELEVATED,66,1,2
JAMNAAUTO.NS,SELL,nan,downtrend,57.41,-2.5,0.0,,0.0,nan,,,nan,nan,0,ELEVATED,66,1,2
GUJALKALI.NS,HOLD,nan,weak_trend,72.33,36.77,0.0,,0.0,nan,,,nan,nan,0,ELEVATED,40,0,3
DCAL.NS,HOLD,nan,weak_trend,49.41,-6.78,0.0,,0.0,nan,,,nan,nan,0,ELEVATED,40,0,3
AWFIS.NS,SELL,nan,downtrend,67.32,-2.15,0.0,,0.0,nan,,,nan,nan,0,ELEVATED,61,1,2
MOSCHIP.NS,SELL,nan,downtrend,57.13,-2.62,0.0,,0.0,nan,,,nan,nan,0,ELEVATED,66,1,2
RAMKY.NS,SELL,nan,downtrend,55.11,0.79,0.0,,0.0,nan,,,nan,nan,0,ELEVATED,67,1,2
GOLDIAM.NS,HOLD,nan,weak_trend,70.01,-1.4,0.0,,0.0,nan,,,nan,nan,0,ELEVATED,40,0,3
JTEKTINDIA.NS,SELL,nan,downtrend,57.78,-1.3,0.0,,0.0,nan,,,nan,nan,0,ELEVATED,66,1,2
HEMIPROP.NS,HOLD,nan,weak_trend,41.01,-3.75,0.0,,0.0,nan,,,nan,nan,0,ELEVATED,40,0,3
63MOONS.NS,SELL,nan,downtrend,54.74,-18.12,0.0,,0.0,nan,,,nan,nan,0,ELEVATED,67,2,1
KIRLOSIND.NS,SELL,nan,downtrend,59.24,-4.31,0.0,,0.0,nan,,,nan,nan,0,ELEVATED,65,1,2
SHANTIGEAR.NS,HOLD,nan,weak_trend,74.44,2.44,0.0,,0.0,nan,,,nan,nan,0,ELEVATED,40,0,3
SINDHUTRAD.NS,SELL,nan,downtrend,43.85,-0.4,0.0,,0.0,nan,,,nan,nan,0,ELEVATED,73,0,3
BOROLTD.NS,SELL,nan,downtrend,63.45,0.68,0.0,,0.0,nan,,,nan,nan,0,ELEVATED,63,1,2
MARATHON.NS,SELL,nan,downtrend,62.55,-0.6,0.0,,0.0,nan,,,nan,nan,0,ELEVATED,63,1,2
CAMLINFINE.NS,HOLD,nan,weak_trend,33.98,-9.94,0.0,,0.0,nan,,,nan,nan,0,ELEVATED,40,0,3
UFLEX.NS,SELL,nan,downtrend,36.36,-24.71,0.0,,0.0,nan,,,nan,nan,0,ELEVATED,76,0,3
VAIBHAVGBL.NS,SELL,nan,downtrend,59.05,-4.4,0.0,,0.0,nan,,,nan,nan,0,ELEVATED,65,1,2
UEL.NS,SELL,nan,downtrend,62.96,-2.43,0.0,,0.0,nan,,,nan,nan,0,ELEVATED,63,2,1
RPGLIFE.NS,SELL,nan,downtrend,55.13,-12.6,0.0,,0.0,nan,,,nan,nan,0,ELEVATED,67,1,2
RAYMOND.NS,SELL,nan,downtrend,56.11,-4.79,0.0,,0.0,nan,,,nan,nan,0,ELEVATED,66,2,1
ORCHPHARMA.NS,SELL,nan,downtrend,60.17,-15.16,0.0,,0.0,nan,,,nan,nan,0,ELEVATED,64,1,2
LUXIND.NS,HOLD,nan,weak_trend,75.51,84.77,0.0,,0.0,nan,,,nan,nan,0,ELEVATED,40,0,3
MPSLTD.NS,HOLD,nan,weak_trend,75.9,43.13,0.0,,0.0,nan,,,nan,nan,0,ELEVATED,40,0,3
MCLOUD.NS,HOLD,nan,weak_trend,72.42,0.24,0.0,,0.0,nan,,,nan,nan,0,ELEVATED,40,0,3
TRUALT.NS,HOLD,409.6,weak_trend,54.76,5.83,402.89,,0.0,19.26,,,380.7,448.13,1.33,NORMAL,40,2,1
AJMERA.NS,SELL,nan,downtrend,62.74,-3.69,0.0,,0.0,nan,,,nan,nan,0,ELEVATED,63,1,2
GOODLUCK.NS,SELL,nan,downtrend,63.05,-3.68,0.0,,0.0,nan,,,nan,nan,0,ELEVATED,63,1,2
VADILALIND.NS,HOLD,nan,weak_trend,47.76,-95.32,0.0,,0.0,nan,,,nan,nan,0,ELEVATED,40,0,3
EBGNG.NS,SELL,nan,downtrend,61.69,8.1,0.0,,0.0,nan,,,nan,nan,0,ELEVATED,64,2,1
QUESS.NS,SELL,nan,downtrend,65.09,-1.53,0.0,,0.0,nan,,,nan,nan,0,ELEVATED,62,1,2
WONDERLA.NS,SELL,nan,downtrend,59.27,7.79,0.0,,0.0,nan,,,nan,nan,0,ELEVATED,65,1,2
GREENPLY.NS,SELL,nan,downtrend,62.08,-1.14,0.0,,0.0,nan,,,nan,nan,0,ELEVATED,63,1,2
NEOGEN.NS,SELL,nan,downtrend,51.07,-14.61,0.0,,0.0,nan,,,nan,nan,0,ELEVATED,69,1,2
INTERARCH.NS,SELL,nan,downtrend,66.21,6.26,0.0,,0.0,nan,,,nan,nan,0,ELEVATED,61,2,1
PRECWIRE.NS,SELL,nan,downtrend,64.79,5.99,0.0,,0.0,nan,,,nan,nan,0,ELEVATED,62,1,2
KOLTEPATIL.NS,SELL,nan,downtrend,54.36,-7.21,0.0,,0.0,nan,,,nan,nan,0,ELEVATED,67,1,2
JINDWORLD.NS,SELL,nan,downtrend,63.17,-0.22,0.0,,0.0,nan,,,nan,nan,0,ELEVATED,63,1,2
MBAPL.NS,HOLD,nan,weak_trend,76.35,22.0,0.0,,0.0,nan,,,nan,nan,0,ELEVATED,40,0,3
ARSSBL.NS,HOLD,nan,weak_trend,71.7,3.74,0.0,,0.0,nan,,,nan,nan,0,ELEVATED,40,1,2
MEDIASSIST.NS,SELL,nan,downtrend,63.1,-3.27,0.0,,0.0,nan,,,nan,nan,0,ELEVATED,63,1,2
NPST.NS,SELL,nan,downtrend,64.38,24.33,0.0,,0.0,nan,,,nan,nan,0,ELEVATED,62,1,2
CENTUM.NS,HOLD,nan,weak_trend,54.07,36.03,0.0,,0.0,nan,,,nan,nan,0,ELEVATED,40,0,3
HARSHA.NS,SELL,nan,downtrend,57.47,-3.97,0.0,,0.0,nan,,,nan,nan,0,ELEVATED,66,2,1
GOCOLORS.NS,SELL,nan,downtrend,61.07,-9.86,0.0,,0.0,nan,,,nan,nan,0,ELEVATED,64,1,2
NSIL.NS,SELL,nan,downtrend,56.15,-92.8,0.0,,0.0,nan,,,nan,nan,0,ELEVATED,66,1,2
GKENERGY.NS,SELL,nan,downtrend,64.24,-1.59,0.0,,0.0,nan,,,nan,nan,0,ELEVATED,62,2,1
INDOSTAR.NS,SELL,nan,downtrend,67.98,-0.26,0.0,,0.0,nan,,,nan,nan,0,ELEVATED,61,1,2
KSL.NS,SELL,nan,downtrend,53.61,-16.97,0.0,,0.0,nan,,,nan,nan,0,ELEVATED,68,1,2
ROLEXRINGS.NS,SELL,nan,downtrend,66.53,0.14,0.0,,0.0,nan,,,nan,nan,0,ELEVATED,61,1,2
ADVENZYMES.NS,SELL,nan,downtrend,65.81,-0.52,0.0,,0.0,nan,,,nan,nan,0,ELEVATED,62,1,2
SHAREINDIA.NS,HOLD,nan,weak_trend,71.27,0.88,0.0,,0.0,nan,,,nan,nan,0,ELEVATED,40,0,3
POCL.NS,SELL,nan,downtrend,68.75,3.22,0.0,,0.0,nan,,,nan,nan,0,ELEVATED,60,1,2
GUFICBIO.NS,SELL,nan,downtrend,56.01,1.32,0.0,,0.0,nan,,,nan,nan,0,ELEVATED,66,2,1
UNICHEMLAB.NS,SELL,nan,downtrend,64.56,-5.93,0.0,,0.0,nan,,,nan,nan,0,ELEVATED,62,1,2
MSTCLTD.NS,SELL,nan,downtrend,54.57,-7.92,0.0,,0.0,nan,,,nan,nan,0,ELEVATED,67,1,2
ROSSARI.NS,SELL,nan,downtrend,60.42,-9.45,0.0,,0.0,nan,,,nan,nan,0,ELEVATED,64,1,2
JUBLCPL.NS,SELL,1670.8,downtrend,50.69,-24.9,1652.66,,2175.05,139.51,,,1949.81,973.26,2.5,ELEVATED,69,2,1
CYIENTDLM.NS,SELL,nan,downtrend,56.17,-5.83,0.0,,0.0,nan,,,nan,nan,0,ELEVATED,66,1,2
SUNCLAY.NS,HOLD,1280.6,weak_trend,49.08,-6.86,1277.83,,1508.75,68.03,,,1178.56,1416.66,1.33,ELEVATED,40,0,3
RPEL.NS,SELL,nan,downtrend,60.91,-8.09,0.0,,0.0,nan,,,nan,nan,0,ELEVATED,64,1,2
BALMLAWRIE.NS,SELL,nan,downtrend,58.55,-1.18,0.0,,0.0,nan,,,nan,nan,0,ELEVATED,65,1,2
ARTEMISMED.NS,HOLD,228.2,weak_trend,49.35,-1.16,224.35,,246.04,9.4,,,214.1,247.0,1.33,LOW,40,0,3
PRINCEPIPE.NS,SELL,nan,downtrend,50.32,-3.64,0.0,,0.0,nan,,,nan,nan,0,ELEVATED,69,1,2
JISLJALEQS.NS,SELL,nan,downtrend,58.25,-0.83,0.0,,0.0,nan,,,nan,nan,0,ELEVATED,65,1,2
PITTIENG.NS,SELL,nan,downtrend,62.06,-9.45,0.0,,0.0,nan,,,nan,nan,0,ELEVATED,63,1,2
FOSECOIND.NS,SELL,nan,downtrend,25.34,-90.58,0.0,,0.0,nan,,,nan,nan,0,ELEVATED,82,0,3
DPABHUSHAN.NS,SELL,nan,downtrend,68.4,-11.26,0.0,,0.0,nan,,,nan,nan,0,ELEVATED,60,1,2
SSWL.NS,HOLD,nan,weak_trend,71.8,0.22,0.0,,0.0,nan,,,nan,nan,0,ELEVATED,40,1,2
BHAGCHEM.NS,HOLD,nan,weak_trend,70.51,4.65,0.0,,0.0,nan,,,nan,nan,0,ELEVATED,40,0,3
BAJAJCON.NS,HOLD,nan,weak_trend,79.45,11.03,0.0,,0.0,nan,,,nan,nan,0,ELEVATED,40,0,3
NAVNETEDUL.NS,SELL,nan,downtrend,59.07,-2.42,0.0,,0.0,nan,,,nan,nan,0,ELEVATED,65,1,2
INDOTHAI.NS,HOLD,nan,weak_trend,76.47,8.56,0.0,,0.0,nan,,,nan,nan,0,ELEVATED,40,0,3
GREENPANEL.NS,SELL,nan,downtrend,60.42,-2.34,0.0,,0.0,nan,,,nan,nan,0,ELEVATED,64,1,2
BBL.NS,SELL,nan,downtrend,61.62,-15.19,0.0,,0.0,nan,,,nan,nan,0,ELEVATED,64,2,1
PROTEAN.NS,SELL,nan,downtrend,54.81,-16.91,0.0,,0.0,nan,,,nan,nan,0,ELEVATED,67,1,2
VISHNU.NS,SELL,nan,downtrend,52.13,2.04,0.0,,0.0,nan,,,nan,nan,0,ELEVATED,68,2,1
SAMBHV.NS,HOLD,nan,weak_trend,75.3,4.58,0.0,,0.0,nan,,,nan,nan,0,ELEVATED,40,0,3
BOMDYEING.NS,SELL,nan,downtrend,58.01,-1.55,0.0,,0.0,nan,,,nan,nan,0,ELEVATED,65,1,2
SWANDEF.NS,HOLD,1805.8,weak_trend,31.61,-7.59,1937.18,,0.0,104.59,,,1648.91,2014.99,1.33,ELEVATED,40,0,3
PARAGMILK.NS,SELL,nan,downtrend,56.93,-3.56,0.0,,0.0,nan,,,nan,nan,0,ELEVATED,66,1,2
SENORES.NS,SELL,nan,downtrend,66.78,7.79,0.0,,0.0,nan,,,nan,nan,0,ELEVATED,61,2,1
HLEGLAS.NS,SELL,nan,downtrend,57.46,-9.72,0.0,,0.0,nan,,,nan,nan,0,ELEVATED,66,1,2
HIKAL.NS,SELL,nan,downtrend,59.39,-4.16,0.0,,0.0,nan,,,nan,nan,0,ELEVATED,65,1,2
FLAIR.NS,SELL,nan,downtrend,56.13,-0.59,0.0,,0.0,nan,,,nan,nan,0,ELEVATED,66,1,2
KIRIINDUS.NS,SELL,nan,downtrend,60.41,-10.45,0.0,,0.0,nan,,,nan,nan,0,ELEVATED,64,1,2
KKCL.NS,SELL,nan,downtrend,63.5,-3.52,0.0,,0.0,nan,,,nan,nan,0,ELEVATED,63,1,2
MAHLOG.NS,SELL,nan,downtrend,60.22,-2.02,0.0,,0.0,nan,,,nan,nan,0,ELEVATED,64,1,2
EPACK.NS,SELL,nan,downtrend,53.27,-3.98,0.0,,0.0,nan,,,nan,nan,0,ELEVATED,68,1,2
ARKADE.NS,SELL,nan,downtrend,67.05,-0.36,0.0,,0.0,nan,,,nan,nan,0,ELEVATED,61,1,2
PSPPROJECT.NS,SELL,nan,downtrend,58.05,-14.78,0.0,,0.0,nan,,,nan,nan,0,ELEVATED,65,1,2
STYLAMIND.NS,SELL,nan,downtrend,53.01,1.44,0.0,,0.0,nan,,,nan,nan,0,ELEVATED,68,1,2
KRISHANA.NS,HOLD,nan,weak_trend,73.09,22.34,0.0,,0.0,nan,,,nan,nan,0,ELEVATED,40,1,2
PARKHOTELS.NS,SELL,nan,downtrend,59.83,-1.6,0.0,,0.0,nan,,,nan,nan,0,ELEVATED,65,1,2
GATEWAY.NS,SELL,nan,downtrend,62.97,-0.06,0.0,,0.0,nan,,,nan,nan,0,ELEVATED,63,1,2
PRABHA.NS,SELL,160.01,downtrend,57.38,-0.48,154.08,,209.92,9.0,,,178.02,115.0,2.5,LOW,66,2,1
IMAGICAA.NS,HOLD,nan,weak_trend,72.15,0.42,0.0,,0.0,nan,,,nan,nan,0,ELEVATED,40,0,3
JASH.NS,SELL,nan,downtrend,62.6,2.75,0.0,,0.0,nan,,,nan,nan,0,ELEVATED,63,1,2
GLOBUSSPR.NS,SELL,nan,downtrend,57.24,7.74,0.0,,0.0,nan,,,nan,nan,0,ELEVATED,66,1,2
PAISALO.NS,HOLD,nan,weak_trend,79.17,1.04,0.0,,0.0,nan,,,nan,nan,0,ELEVATED,40,1,2
DDEVPLSTIK.NS,HOLD,nan,weak_trend,47.9,-12.17,0.0,,0.0,nan,,,nan,nan,0,ELEVATED,40,0,3
PATELENG.NS,SELL,nan,downtrend,61.42,-0.15,0.0,,0.0,nan,,,nan,nan,0,ELEVATED,64,1,2
PENIND.NS,SELL,nan,downtrend,67.72,1.35,0.0,,0.0,nan,,,nan,nan,0,ELEVATED,61,1,2
WSTCSTPAPR.NS,SELL,nan,downtrend,61.73,10.53,0.0,,0.0,nan,,,nan,nan,0,ELEVATED,64,2,1
GANECOS.NS,HOLD,nan,weak_trend,70.08,78.99,0.0,,0.0,nan,,,nan,nan,0,ELEVATED,40,0,3
KDDL.NS,SELL,nan,downtrend,57.31,-10.82,0.0,,0.0,nan,,,nan,nan,0,ELEVATED,66,1,2
MAITHANALL.NS,SELL,nan,downtrend,58.88,-12.44,0.0,,0.0,nan,,,nan,nan,0,ELEVATED,65,1,2
POLYPLEX.NS,SELL,nan,downtrend,52.42,2.52,0.0,,0.0,nan,,,nan,nan,0,ELEVATED,68,1,2
DEEPINDS.NS,HOLD,nan,weak_trend,71.51,23.25,0.0,,0.0,nan,,,nan,nan,0,ELEVATED,40,0,3
SAGCEM.NS,SELL,nan,downtrend,55.33,-2.54,0.0,,0.0,nan,,,nan,nan,0,ELEVATED,67,1,2
SIYSIL.NS,SELL,nan,downtrend,64.67,-0.77,0.0,,0.0,nan,,,nan,nan,0,ELEVATED,62,1,2
EUROPRATIK.NS,SELL,nan,downtrend,67.16,-2.77,0.0,,0.0,nan,,,nan,nan,0,ELEVATED,61,1,2
HPL.NS,SELL,nan,downtrend,64.61,-2.57,0.0,,0.0,nan,,,nan,nan,0,ELEVATED,62,1,2
EASEMYTRIP.NS,SELL,nan,downtrend,65.65,0.01,0.0,,0.0,nan,,,nan,nan,0,ELEVATED,62,1,2
ASHIANA.NS,SELL,nan,downtrend,63.91,0.95,0.0,,0.0,nan,,,nan,nan,0,ELEVATED,63,1,2
TCPLPACK.NS,SELL,nan,downtrend,57.89,-44.46,0.0,,0.0,nan,,,nan,nan,0,ELEVATED,66,1,2
BRIGHOTEL.NS,SELL,nan,downtrend,62.32,0.36,0.0,,0.0,nan,,,nan,nan,0,ELEVATED,63,1,2
SANDHAR.NS,SELL,nan,downtrend,57.02,-5.1,0.0,,0.0,nan,,,nan,nan,0,ELEVATED,66,2,1
SHK.NS,SELL,nan,downtrend,62.5,-2.74,0.0,,0.0,nan,,,nan,nan,0,ELEVATED,63,1,2
TFCILTD.NS,SELL,nan,downtrend,60.98,-0.42,0.0,,0.0,nan,,,nan,nan,0,ELEVATED,64,1,2
RAMRAT.NS,SELL,nan,downtrend,65.78,1.11,0.0,,0.0,nan,,,nan,nan,0,ELEVATED,62,2,1
SUNDROP.NS,SELL,626.8,downtrend,52.19,-2.77,612.11,,746.71,26.1,,,679.01,496.28,2.5,ELEVATED,68,1,2
EFCIL.NS,SELL,nan,downtrend,52.22,-9.91,0.0,,0.0,nan,,,nan,nan,0,ELEVATED,68,1,2
ORISSAMINE.NS,SELL,nan,downtrend,58.88,-97.26,0.0,,0.0,nan,,,nan,nan,0,ELEVATED,65,1,2
VEEDOL.NS,SELL,nan,downtrend,59.27,-6.81,0.0,,0.0,nan,,,nan,nan,0,ELEVATED,65,1,2
TEAMLEASE.NS,SELL,nan,downtrend,53.33,-15.18,0.0,,0.0,nan,,,nan,nan,0,ELEVATED,68,1,2
AGIIL.NS,SELL,nan,downtrend,68.68,13.89,0.0,,0.0,nan,,,nan,nan,0,ELEVATED,60,1,2
NOCIL.NS,HOLD,nan,weak_trend,75.46,6.25,0.0,,0.0,nan,,,nan,nan,0,ELEVATED,40,0,3
EMSLIMITED.NS,SELL,nan,downtrend,57.38,-1.34,0.0,,0.0,nan,,,nan,nan,0,ELEVATED,66,1,2
PREMEXPLN.NS,SELL,nan,downtrend,55.43,-8.94,0.0,,0.0,nan,,,nan,nan,0,ELEVATED,67,1,2
MANINDS.NS,HOLD,nan,weak_trend,71.94,6.72,0.0,,0.0,nan,,,nan,nan,0,ELEVATED,40,1,2
TIRUMALCHM.NS,SELL,nan,downtrend,60.83,-1.0,0.0,,0.0,nan,,,nan,nan,0,ELEVATED,64,1,2
SANGHVIMOV.NS,SELL,nan,downtrend,68.12,7.55,0.0,,0.0,nan,,,nan,nan,0,ELEVATED,60,1,2
FMGOETZE.NS,HOLD,nan,weak_trend,70.96,8.6,0.0,,0.0,nan,,,nan,nan,0,ELEVATED,40,0,3
SBCL.NS,HOLD,nan,weak_trend,75.6,4.62,0.0,,0.0,nan,,,nan,nan,0,ELEVATED,40,0,3
FCL.NS,SELL,nan,downtrend,60.0,-0.04,0.0,,0.0,nan,,,nan,nan,0,ELEVATED,65,2,1
VIMTALABS.NS,SELL,nan,downtrend,61.16,-3.92,0.0,,0.0,nan,,,nan,nan,0,ELEVATED,64,2,1
MUTHOOTMF.NS,BUY,174.6,uptrend,68.7,0.65,155.25,,167.51,9.83,171.11,178.09,154.93,223.76,2.5,LOW,79,3,0
MARINE.NS,SELL,nan,downtrend,62.85,0.41,0.0,,0.0,nan,,,nan,nan,0,ELEVATED,63,1,2
ARVSMART.NS,HOLD,nan,weak_trend,71.95,8.66,0.0,,0.0,nan,,,nan,nan,0,ELEVATED,40,0,3
DALMIASUG.NS,SELL,nan,downtrend,69.69,20.26,0.0,,0.0,nan,,,nan,nan,0,ELEVATED,60,1,2
KPEL.NS,SELL,310.99,downtrend,64.26,4.17,281.15,,384.23,16.45,,,343.89,228.75,2.5,NORMAL,62,2,1
GIPCL.NS,SELL,nan,downtrend,59.15,-0.61,0.0,,0.0,nan,,,nan,nan,0,ELEVATED,65,2,1
ALPEXSOLAR.NS,HOLD,915.5,weak_trend,77.54,36.72,796.49,,1033.29,48.26,,,843.1,1012.03,1.33,ELEVATED,40,0,3
PRAKASH.NS,SELL,nan,downtrend,63.61,1.02,0.0,,0.0,nan,,,nan,nan,0,ELEVATED,63,1,2
SABTNL.NS,SELL,47.46,downtrend,16.54,-28.9,61.22,,775.91,3.04,,,53.55,32.24,2.5,LOW,86,1,2
RPSGVENT.NS,HOLD,nan,weak_trend,73.03,95.81,0.0,,0.0,nan,,,nan,nan,0,ELEVATED,40,0,3
BCG.NS,SELL,nan,downtrend,66.06,-0.18,0.0,,0.0,nan,,,nan,nan,0,ELEVATED,61,1,2
TATVA.NS,SELL,nan,downtrend,56.02,-2.71,0.0,,0.0,nan,,,nan,nan,0,ELEVATED,66,1,2
IOLCP.NS,SELL,nan,downtrend,66.52,2.06,0.0,,0.0,nan,,,nan,nan,0,ELEVATED,61,1,2
BAJAJHIND.NS,HOLD,nan,weak_trend,75.36,0.32,0.0,,0.0,nan,,,nan,nan,0,ELEVATED,40,0,3
BFUTILITIE.NS,SELL,nan,downtrend,63.54,-13.64,0.0,,0.0,nan,,,nan,nan,0,ELEVATED,63,1,2
RAMCOIND.NS,SELL,nan,downtrend,55.05,-6.67,0.0,,0.0,nan,,,nan,nan,0,ELEVATED,67,1,2
TVSSRICHAK.NS,SELL,nan,downtrend,59.6,-60.48,0.0,,0.0,nan,,,nan,nan,0,ELEVATED,65,2,1
EPACKPEB.NS,HOLD,172.7,weak_trend,63.02,-1.23,154.38,,0.0,10.17,,,157.44,193.05,1.33,LOW,40,2,1
POKARNA.NS,SELL,nan,downtrend,57.94,-1.84,0.0,,0.0,nan,,,nan,nan,0,ELEVATED,66,1,2
JTLIND.NS,SELL,64.31,downtrend,66.6,0.83,52.5,,67.19,5.18,,,74.68,38.4,2.5,LOW,61,1,2
EVEREADY.NS,SELL,nan,downtrend,51.03,-8.44,0.0,,0.0,nan,,,nan,nan,0,ELEVATED,69,1,2
CARRARO.NS,HOLD,nan,weak_trend,72.94,-3.07,0.0,,0.0,nan,,,nan,nan,0,ELEVATED,40,1,2
NRBBEARING.NS,SELL,nan,downtrend,55.07,-3.69,0.0,,0.0,nan,,,nan,nan,0,ELEVATED,67,1,2
HONDAPOWER.NS,SELL,nan,downtrend,61.71,-5.71,0.0,,0.0,nan,,,nan,nan,0,ELEVATED,64,1,2
SAKSOFT.NS,SELL,nan,downtrend,64.01,-2.88,0.0,,0.0,nan,,,nan,nan,0,ELEVATED,62,1,2
MOREPENLAB.NS,SELL,nan,downtrend,60.73,-0.05,0.0,,0.0,nan,,,nan,nan,0,ELEVATED,64,1,2
HIRECT.NS,SELL,nan,downtrend,59.32,9.39,0.0,,0.0,nan,,,nan,nan,0,ELEVATED,65,2,1
VENUSPIPES.NS,HOLD,nan,weak_trend,74.8,25.9,0.0,,0.0,nan,,,nan,nan,0,ELEVATED,40,0,3
SOTL.NS,SELL,nan,downtrend,51.3,-5.81,0.0,,0.0,nan,,,nan,nan,0,ELEVATED,69,1,2
ALLCARGO.NS,SELL,nan,downtrend,61.73,-0.09,0.0,,0.0,nan,,,nan,nan,0,ELEVATED,64,1,2
MTNL.NS,SELL,nan,downtrend,66.78,-0.2,0.0,,0.0,nan,,,nan,nan,0,ELEVATED,61,2,1
RELTD.NS,SELL,134.77,downtrend,51.95,-1.63,132.05,,147.82,8.08,,,150.93,94.38,2.5,LOW,69,1,2
ALEMBICLTD.NS,SELL,nan,downtrend,60.86,-1.29,0.0,,0.0,nan,,,nan,nan,0,ELEVATED,64,1,2
DIGITIDE.NS,SELL,89.14,downtrend,69.33,-1.33,80.51,,155.82,6.67,,,102.48,55.78,2.5,LOW,60,1,2
UTKARSHBNK.NS,SELL,nan,downtrend,65.73,-0.13,0.0,,0.0,nan,,,nan,nan,0,ELEVATED,62,1,2
NUCLEUS.NS,HOLD,nan,weak_trend,49.81,4.22,0.0,,0.0,nan,,,nan,nan,0,ELEVATED,40,0,3
SERVOTECH.NS,SELL,81.36,downtrend,67.12,1.45,70.33,,103.86,4.89,,,91.15,56.9,2.5,LOW,61,2,1
AUTOAXLES.NS,SELL,nan,downtrend,55.53,-55.97,0.0,,0.0,nan,,,nan,nan,0,ELEVATED,67,1,2
HMT.NS,SELL,nan,downtrend,64.3,2.05,0.0,,0.0,nan,,,nan,nan,0,ELEVATED,62,1,2
LAOPALA.NS,SELL,nan,downtrend,38.59,-5.68,0.0,,0.0,nan,,,nan,nan,0,ELEVATED,75,0,3
DCXINDIA.NS,SELL,nan,downtrend,59.3,-1.41,0.0,,0.0,nan,,,nan,nan,0,ELEVATED,65,1,2
HINDWAREAP.NS,SELL,nan,downtrend,55.32,-3.82,0.0,,0.0,nan,,,nan,nan,0,ELEVATED,67,1,2
JAYKAY.NS,SELL,nan,downtrend,67.58,1.19,0.0,,0.0,nan,,,nan,nan,0,ELEVATED,61,1,2
INDOCO.NS,SELL,nan,downtrend,58.95,-0.97,0.0,,0.0,nan,,,nan,nan,0,ELEVATED,65,1,2
WINDMACHIN.NS,SELL,nan,downtrend,68.16,1.21,0.0,,0.0,nan,,,nan,nan,0,ELEVATED,60,2,1
SOLARWORLD.NS,SELL,nan,downtrend,59.46,-4.22,0.0,,0.0,nan,,,nan,nan,0,ELEVATED,65,1,2
TAJGVK.NS,SELL,nan,downtrend,60.95,-1.17,0.0,,0.0,nan,,,nan,nan,0,ELEVATED,64,1,2
NITCO.NS,SELL,nan,downtrend,56.41,2.62,0.0,,0.0,nan,,,nan,nan,0,ELEVATED,66,2,1
SIRCA.NS,SELL,nan,downtrend,53.51,-6.88,0.0,,0.0,nan,,,nan,nan,0,ELEVATED,68,2,1
VIKRAN.NS,SELL,nan,downtrend,59.76,-1.74,0.0,,0.0,nan,,,nan,nan,0,ELEVATED,65,1,2
KALAMANDIR.NS,HOLD,nan,weak_trend,46.91,-3.83,0.0,,0.0,nan,,,nan,nan,0,ELEVATED,40,0,3
VSSL.NS,SELL,nan,downtrend,55.38,-3.51,0.0,,0.0,nan,,,nan,nan,0,ELEVATED,67,2,1
KRSNAA.NS,SELL,nan,downtrend,50.16,-13.74,0.0,,0.0,nan,,,nan,nan,0,ELEVATED,69,1,2
SDBL.NS,SELL,nan,downtrend,63.28,-1.31,0.0,,0.0,nan,,,nan,nan,0,ELEVATED,63,1,2
CARYSIL.NS,SELL,nan,downtrend,60.8,-9.44,0.0,,0.0,nan,,,nan,nan,0,ELEVATED,64,1,2
TCIEXP.NS,HOLD,nan,weak_trend,70.66,0.76,0.0,,0.0,nan,,,nan,nan,0,ELEVATED,40,0,3
KCP.NS,SELL,nan,downtrend,69.94,-0.36,0.0,,0.0,nan,,,nan,nan,0,ELEVATED,60,1,2
BEPL.NS,SELL,nan,downtrend,61.86,1.78,0.0,,0.0,nan,,,nan,nan,0,ELEVATED,64,2,1
KMEW.NS,HOLD,1737.9,weak_trend,63.8,28.83,1588.17,,1327.59,95.45,,,1594.73,1928.8,1.33,ELEVATED,40,2,1
XPROINDIA.NS,HOLD,nan,weak_trend,71.74,39.1,0.0,,0.0,nan,,,nan,nan,0,ELEVATED,40,0,3
HATHWAY.NS,SELL,nan,downtrend,67.73,0.03,0.0,,0.0,nan,,,nan,nan,0,ELEVATED,61,2,1
REPCOHOME.NS,SELL,nan,downtrend,60.94,0.32,0.0,,0.0,nan,,,nan,nan,0,ELEVATED,64,1,2
ADFFOODS.NS,SELL,nan,downtrend,59.96,-3.02,0.0,,0.0,nan,,,nan,nan,0,ELEVATED,65,1,2
UNIVCABLES.NS,SELL,nan,downtrend,68.19,16.75,0.0,,0.0,nan,,,nan,nan,0,ELEVATED,60,1,2
PANACEABIO.NS,HOLD,nan,weak_trend,49.45,-4.55,0.0,,0.0,nan,,,nan,nan,0,ELEVATED,40,0,3
GRMOVER.NS,HOLD,nan,weak_trend,81.04,2.08,0.0,,0.0,nan,,,nan,nan,0,ELEVATED,40,0,3
DIAMONDYD.NS,SELL,nan,downtrend,63.36,-7.14,0.0,,0.0,nan,,,nan,nan,0,ELEVATED,63,1,2
CAPACITE.NS,SELL,nan,downtrend,51.75,-1.11,0.0,,0.0,nan,,,nan,nan,0,ELEVATED,69,1,2
ROSSTECH.NS,HOLD,936.6,weak_trend,80.3,44.15,733.73,,653.65,50.58,,,860.73,1037.76,1.33,ELEVATED,40,2,1
FILATEX.NS,SELL,nan,downtrend,64.2,0.03,0.0,,0.0,nan,,,nan,nan,0,ELEVATED,62,1,2
JINDALPOLY.NS,SELL,nan,downtrend,24.69,28.33,0.0,,0.0,nan,,,nan,nan,0,ELEVATED,82,0,3
SMSPHARMA.NS,SELL,nan,downtrend,66.95,10.25,0.0,,0.0,nan,,,nan,nan,0,ELEVATED,61,1,2
MONARCH.NS,SELL,nan,downtrend,62.7,4.4,0.0,,0.0,nan,,,nan,nan,0,ELEVATED,63,1,2
TASTYBITE.NS,SELL,nan,downtrend,56.83,-61.38,0.0,,0.0,nan,,,nan,nan,0,ELEVATED,66,1,2
AEROFLEX.NS,HOLD,nan,weak_trend,73.37,13.54,0.0,,0.0,nan,,,nan,nan,0,ELEVATED,40,0,3
HGS.NS,HOLD,nan,weak_trend,73.12,2.16,0.0,,0.0,nan,,,nan,nan,0,ELEVATED,40,0,3
JAICORPLTD.NS,SELL,nan,downtrend,59.6,-1.25,0.0,,0.0,nan,,,nan,nan,0,ELEVATED,65,1,2
MOLDTKPAC.NS,SELL,nan,downtrend,60.14,2.43,0.0,,0.0,nan,,,nan,nan,0,ELEVATED,64,2,1
COSMOFIRST.NS,SELL,nan,downtrend,60.33,-5.78,0.0,,0.0,nan,,,nan,nan,0,ELEVATED,64,1,2
PFS.NS,SELL,nan,downtrend,59.31,-0.5,0.0,,0.0,nan,,,nan,nan,0,ELEVATED,65,1,2
MBEL.NS,SELL,nan,downtrend,60.45,-2.23,0.0,,0.0,nan,,,nan,nan,0,ELEVATED,64,1,2
BAJEL.NS,SELL,nan,downtrend,56.24,0.73,0.0,,0.0,nan,,,nan,nan,0,ELEVATED,66,1,2
KSHINTL.NS,HOLD,nan,weak_trend,87.49,32.07,0.0,,0.0,nan,,,nan,nan,0,ELEVATED,40,1,2
INSECTICID.NS,HOLD,nan,weak_trend,70.69,7.53,0.0,,0.0,nan,,,nan,nan,0,ELEVATED,40,1,2
SHALBY.NS,SELL,nan,downtrend,62.66,-1.2,0.0,,0.0,nan,,,nan,nan,0,ELEVATED,63,1,2
NDRAUTO.NS,SELL,nan,downtrend,59.2,-4.47,0.0,,0.0,nan,,,nan,nan,0,ELEVATED,65,1,2
FINOPB.NS,HOLD,nan,weak_trend,42.63,-15.79,0.0,,0.0,nan,,,nan,nan,0,ELEVATED,40,0,3
ORIENTHOT.NS,SELL,nan,downtrend,60.41,-0.35,0.0,,0.0,nan,,,nan,nan,0,ELEVATED,64,1,2
STYLEBAAZA.NS,SELL,nan,downtrend,69.29,0.23,0.0,,0.0,nan,,,nan,nan,0,ELEVATED,60,1,2
SCILAL.NS,SELL,41.67,downtrend,51.66,-0.53,40.72,,47.96,2.26,,,46.2,30.35,2.5,LOW,69,1,2
NILKAMAL.NS,SELL,nan,downtrend,56.44,-20.63,0.0,,0.0,nan,,,nan,nan,0,ELEVATED,66,1,2
LANDMARK.NS,HOLD,nan,weak_trend,75.84,7.3,0.0,,0.0,nan,,,nan,nan,0,ELEVATED,40,0,3
EIHAHOTELS.NS,SELL,nan,downtrend,55.15,-3.9,0.0,,0.0,nan,,,nan,nan,0,ELEVATED,67,1,2
IPL.NS,SELL,nan,downtrend,61.63,-2.22,0.0,,0.0,nan,,,nan,nan,0,ELEVATED,64,1,2
SUMMITSEC.NS,SELL,nan,downtrend,58.72,-11.15,0.0,,0.0,nan,,,nan,nan,0,ELEVATED,65,1,2
SEAMECLTD.NS,SELL,nan,downtrend,68.21,54.45,0.0,,0.0,nan,,,nan,nan,0,ELEVATED,60,1,2
MAYURUNIQ.NS,SELL,nan,downtrend,65.6,6.87,0.0,,0.0,nan,,,nan,nan,0,ELEVATED,62,2,1
RML.NS,SELL,nan,downtrend,53.09,-22.44,0.0,,0.0,nan,,,nan,nan,0,ELEVATED,68,1,2
YATRA.NS,HOLD,nan,weak_trend,48.74,-6.17,0.0,,0.0,nan,,,nan,nan,0,ELEVATED,40,0,3
STEELCAS.NS,HOLD,nan,weak_trend,79.04,10.18,0.0,,0.0,nan,,,nan,nan,0,ELEVATED,40,1,2
GENESYS.NS,HOLD,nan,weak_trend,39.58,-15.55,0.0,,0.0,nan,,,nan,nan,0,ELEVATED,40,0,3
GVPIL.NS,BUY,473.2,uptrend,62.03,6.1,430.37,,0.0,21.28,463.74,482.66,430.64,579.61,2.5,ELEVATED,76,3,0
SOLARA.NS,SELL,nan,downtrend,62.56,2.71,0.0,,0.0,nan,,,nan,nan,0,ELEVATED,63,1,2
KICL.NS,SELL,nan,downtrend,56.19,-66.53,0.0,,0.0,nan,,,nan,nan,0,ELEVATED,66,1,2
SPECTRUM.NS,SELL,nan,downtrend,28.99,-22.84,0.0,,0.0,nan,,,nan,nan,0,ELEVATED,80,0,3
SULA.NS,SELL,nan,downtrend,56.92,-2.67,0.0,,0.0,nan,,,nan,nan,0,ELEVATED,66,1,2
SIMPLEXINF.NS,SELL,nan,downtrend,62.1,-4.43,0.0,,0.0,nan,,,nan,nan,0,ELEVATED,63,2,1
SGFIN.NS,HOLD,467.75,weak_trend,75.94,19.63,419.52,,0.0,26.94,,,427.34,521.63,1.33,ELEVATED,40,1,2
CANTABIL.NS,HOLD,nan,weak_trend,40.04,-9.37,0.0,,0.0,nan,,,nan,nan,0,ELEVATED,40,0,3
SYSTMTXC.NS,SELL,nan,downtrend,64.97,-1.85,0.0,,0.0,nan,,,nan,nan,0,ELEVATED,62,2,1
DELTACORP.NS,SELL,nan,downtrend,58.82,-0.7,0.0,,0.0,nan,,,nan,nan,0,ELEVATED,65,1,2
STUDDS.NS,SELL,nan,downtrend,30.69,-16.61,0.0,,0.0,nan,,,nan,nan,0,ELEVATED,79,0,3
SASKEN.NS,SELL,nan,downtrend,62.13,13.36,0.0,,0.0,nan,,,nan,nan,0,ELEVATED,63,1,2
SANGAMIND.NS,SELL,nan,downtrend,59.67,-0.01,0.0,,0.0,nan,,,nan,nan,0,ELEVATED,65,1,2
RANEHOLDIN.NS,HOLD,nan,weak_trend,42.89,-53.85,0.0,,0.0,nan,,,nan,nan,0,ELEVATED,40,0,3
HINDOILEXP.NS,SELL,nan,downtrend,63.83,-0.02,0.0,,0.0,nan,,,nan,nan,0,ELEVATED,63,1,2
STOVEKRAFT.NS,SELL,nan,downtrend,61.83,8.28,0.0,,0.0,nan,,,nan,nan,0,ELEVATED,64,1,2
GEOJITFSL.NS,SELL,nan,downtrend,61.53,-0.49,0.0,,0.0,nan,,,nan,nan,0,ELEVATED,64,1,2
IDEAFORGE.NS,SELL,nan,downtrend,54.87,-1.81,0.0,,0.0,nan,,,nan,nan,0,ELEVATED,67,1,2
RPTECH.NS,HOLD,nan,weak_trend,79.17,7.51,0.0,,0.0,nan,,,nan,nan,0,ELEVATED,40,1,2
ACCELYA.NS,HOLD,nan,weak_trend,42.59,-19.23,0.0,,0.0,nan,,,nan,nan,0,ELEVATED,40,0,3
VENKEYS.NS,SELL,nan,downtrend,69.54,18.41,0.0,,0.0,nan,,,nan,nan,0,ELEVATED,60,1,2
TIL.NS,SELL,nan,downtrend,59.97,-5.75,0.0,,0.0,nan,,,nan,nan,0,ELEVATED,65,2,1
YASHO.NS,SELL,1480.9,downtrend,54.2,9.82,1403.24,,1617.84,86.77,,,1654.44,1047.04,2.5,ELEVATED,67,2,1
WEL.NS,SELL,nan,downtrend,12.74,-16.42,0.0,,0.0,nan,,,nan,nan,0,ELEVATED,88,0,3
DOLLAR.NS,SELL,nan,downtrend,51.86,-9.2,0.0,,0.0,nan,,,nan,nan,0,ELEVATED,69,2,1
INDIANHUME.NS,SELL,nan,downtrend,50.21,-5.11,0.0,,0.0,nan,,,nan,nan,0,ELEVATED,69,1,2
DREDGECORP.NS,SELL,nan,downtrend,53.43,-21.78,0.0,,0.0,nan,,,nan,nan,0,ELEVATED,68,1,2
MOL.NS,SELL,nan,downtrend,64.48,-0.31,0.0,,0.0,nan,,,nan,nan,0,ELEVATED,62,1,2
DCW.NS,SELL,nan,downtrend,61.04,-0.87,0.0,,0.0,nan,,,nan,nan,0,ELEVATED,64,2,1
UGROCAP.NS,SELL,nan,downtrend,51.88,-5.65,0.0,,0.0,nan,,,nan,nan,0,ELEVATED,69,1,2
THEJO.NS,SELL,nan,downtrend,56.33,-19.29,0.0,,0.0,nan,,,nan,nan,0,ELEVATED,66,1,2
HITECH.NS,SELL,nan,downtrend,67.22,0.48,0.0,,0.0,nan,,,nan,nan,0,ELEVATED,61,1,2
MANGLMCEM.NS,SELL,nan,downtrend,61.68,6.22,0.0,,0.0,nan,,,nan,nan,0,ELEVATED,64,2,1
AMRUTANJAN.NS,SELL,nan,downtrend,60.02,-13.51,0.0,,0.0,nan,,,nan,nan,0,ELEVATED,64,1,2
SHRINGARMS.NS,HOLD,nan,weak_trend,49.94,-7.86,0.0,,0.0,nan,,,nan,nan,0,ELEVATED,40,0,3
WHEELS.NS,HOLD,nan,weak_trend,56.02,26.02,0.0,,0.0,nan,,,nan,nan,0,ELEVATED,40,0,3
APCOTEXIND.NS,SELL,nan,downtrend,64.05,3.16,0.0,,0.0,nan,,,nan,nan,0,ELEVATED,62,1,2
GMBREW.NS,SELL,nan,downtrend,49.26,3.32,0.0,,0.0,nan,,,nan,nan,0,ELEVATED,70,0,3
VERANDA.NS,SELL,nan,downtrend,67.96,-6.23,0.0,,0.0,nan,,,nan,nan,0,ELEVATED,61,1,2
PIXTRANS.NS,SELL,nan,downtrend,55.36,4.29,0.0,,0.0,nan,,,nan,nan,0,ELEVATED,67,1,2
MOBIKWIK.NS,SELL,nan,downtrend,52.89,-4.7,0.0,,0.0,nan,,,nan,nan,0,ELEVATED,68,2,1
UNIPARTS.NS,SELL,nan,downtrend,66.62,9.48,0.0,,0.0,nan,,,nan,nan,0,ELEVATED,61,1,2
WAAREEINDO.NS,BUY,445.0,uptrend,69.31,13.79,383.35,,0.0,24.58,436.1,453.9,395.84,567.89,2.5,ELEVATED,79,3,0
RAJRATAN.NS,SELL,nan,downtrend,59.13,-7.11,0.0,,0.0,nan,,,nan,nan,0,ELEVATED,65,1,2
EXICOM.NS,SELL,nan,downtrend,67.08,0.98,0.0,,0.0,nan,,,nan,nan,0,ELEVATED,61,2,1
INDNIPPON.NS,SELL,nan,downtrend,55.88,-9.47,0.0,,0.0,nan,,,nan,nan,0,ELEVATED,67,1,2
VINCOFE.NS,HOLD,nan,weak_trend,71.37,-0.34,0.0,,0.0,nan,,,nan,nan,0,ELEVATED,40,0,3
MUKANDLTD.NS,SELL,nan,downtrend,56.85,0.75,0.0,,0.0,nan,,,nan,nan,0,ELEVATED,66,2,1
SOMANYCERA.NS,SELL,nan,downtrend,65.87,7.05,0.0,,0.0,nan,,,nan,nan,0,ELEVATED,62,1,2
DYCL.NS,SELL,nan,downtrend,64.66,0.67,0.0,,0.0,nan,,,nan,nan,0,ELEVATED,62,2,1
NELCO.NS,SELL,nan,downtrend,57.15,-0.46,0.0,,0.0,nan,,,nan,nan,0,ELEVATED,66,1,2
DIVGIITTS.NS,HOLD,nan,weak_trend,48.49,-8.24,0.0,,0.0,nan,,,nan,nan,0,ELEVATED,40,1,2
MSPL.NS,SELL,nan,downtrend,66.48,0.81,0.0,,0.0,nan,,,nan,nan,0,ELEVATED,61,1,2
KERNEX.NS,SELL,nan,downtrend,69.03,9.83,0.0,,0.0,nan,,,nan,nan,0,ELEVATED,60,1,2
NITINSPIN.NS,SELL,nan,downtrend,62.74,7.58,0.0,,0.0,nan,,,nan,nan,0,ELEVATED,63,2,1
BGRENERGY.NS,SELL,nan,downtrend,56.52,-8.17,0.0,,0.0,nan,,,nan,nan,0,ELEVATED,66,1,2
WINDLAS.NS,HOLD,nan,weak_trend,73.45,7.18,0.0,,0.0,nan,,,nan,nan,0,ELEVATED,40,0,3
RAMCOSYS.NS,SELL,nan,downtrend,57.62,-10.02,0.0,,0.0,nan,,,nan,nan,0,ELEVATED,66,1,2
SPAL.NS,SELL,nan,downtrend,63.13,15.18,0.0,,0.0,nan,,,nan,nan,0,ELEVATED,63,2,1
GTLINFRA.NS,SELL,nan,downtrend,68.89,0.02,0.0,,0.0,nan,,,nan,nan,0,ELEVATED,60,1,2
NIBE.NS,HOLD,nan,weak_trend,49.37,-21.6,0.0,,0.0,nan,,,nan,nan,0,ELEVATED,40,1,2
SPIC.NS,SELL,nan,downtrend,63.78,-0.37,0.0,,0.0,nan,,,nan,nan,0,ELEVATED,63,1,2
LAXMIDENTL.NS,SELL,nan,downtrend,58.74,-0.46,0.0,,0.0,nan,,,nan,nan,0,ELEVATED,65,1,2
ASALCBR.NS,HOLD,nan,weak_trend,76.39,7.35,0.0,,0.0,nan,,,nan,nan,0,ELEVATED,40,0,3
SPANDANA.NS,SELL,nan,downtrend,55.06,-7.23,0.0,,0.0,nan,,,nan,nan,0,ELEVATED,67,1,2
PANAMAPET.NS,SELL,nan,downtrend,54.18,-2.19,0.0,,0.0,nan,,,nan,nan,0,ELEVATED,67,1,2
INDOTECH.NS,SELL,nan,downtrend,53.3,-21.44,0.0,,0.0,nan,,,nan,nan,0,ELEVATED,68,2,1
ALLTIME.NS,SELL,nan,downtrend,50.35,-4.08,0.0,,0.0,nan,,,nan,nan,0,ELEVATED,69,1,2
VIDHIING.NS,SELL,nan,downtrend,68.77,5.15,0.0,,0.0,nan,,,nan,nan,0,ELEVATED,60,1,2
RHETAN.NS,SELL,nan,downtrend,56.99,-0.09,0.0,,0.0,nan,,,nan,nan,0,ELEVATED,66,1,2
WENDT.NS,SELL,nan,downtrend,55.2,-32.83,0.0,,0.0,nan,,,nan,nan,0,ELEVATED,67,1,2
UNITECH.NS,SELL,nan,downtrend,61.78,-0.01,0.0,,0.0,nan,,,nan,nan,0,ELEVATED,64,1,2
RMDRIP.NS,SELL,nan,downtrend,62.62,-4.14,0.0,,0.0,nan,,,nan,nan,0,ELEVATED,63,1,2
MOTISONS.NS,SELL,nan,downtrend,58.98,-0.24,0.0,,0.0,nan,,,nan,nan,0,ELEVATED,65,1,2
DEEDEV.NS,HOLD,nan,weak_trend,75.43,15.74,0.0,,0.0,nan,,,nan,nan,0,ELEVATED,40,1,2
SEPC.NS,HOLD,nan,weak_trend,72.04,-0.08,0.0,,0.0,nan,,,nan,nan,0,ELEVATED,40,0,3
ADOR.NS,HOLD,872.15,weak_trend,39.48,-36.68,908.85,,1023.49,47.28,,,801.23,966.71,1.33,ELEVATED,40,1,2
GARUDA.NS,SELL,nan,downtrend,58.08,-2.7,0.0,,0.0,nan,,,nan,nan,0,ELEVATED,65,1,2
VINDHYATEL.NS,SELL,nan,downtrend,64.56,7.71,0.0,,0.0,nan,,,nan,nan,0,ELEVATED,62,2,1
PRECAM.NS,SELL,nan,downtrend,68.33,0.01,0.0,,0.0,nan,,,nan,nan,0,ELEVATED,60,1,2
ASTEC.NS,SELL,nan,downtrend,62.11,-9.52,0.0,,0.0,nan,,,nan,nan,0,ELEVATED,63,1,2
BETA.NS,HOLD,nan,weak_trend,70.68,71.67,0.0,,0.0,nan,,,nan,nan,0,ELEVATED,40,0,3
FUSION.NS,HOLD,nan,weak_trend,48.44,-5.46,0.0,,0.0,nan,,,nan,nan,0,ELEVATED,40,0,3
TALBROAUTO.NS,HOLD,nan,weak_trend,71.84,0.42,0.0,,0.0,nan,,,nan,nan,0,ELEVATED,40,0,3
IFGLEXPOR.NS,SELL,nan,downtrend,68.38,-1.11,0.0,,0.0,nan,,,nan,nan,0,ELEVATED,60,1,2
BLSE.NS,HOLD,nan,weak_trend,72.03,2.77,0.0,,0.0,nan,,,nan,nan,0,ELEVATED,40,0,3
BFINVEST.NS,SELL,nan,downtrend,55.74,-2.82,0.0,,0.0,nan,,,nan,nan,0,ELEVATED,67,1,2
NAVKARCORP.NS,SELL,nan,downtrend,63.28,-0.03,0.0,,0.0,nan,,,nan,nan,0,ELEVATED,63,1,2
SPMLINFRA.NS,SELL,nan,downtrend,64.91,2.36,0.0,,0.0,nan,,,nan,nan,0,ELEVATED,62,1,2
JYOTISTRUC.NS,SELL,nan,downtrend,62.16,0.09,0.0,,0.0,nan,,,nan,nan,0,ELEVATED,63,1,2
JGCHEM.NS,SELL,nan,downtrend,60.74,-0.23,0.0,,0.0,nan,,,nan,nan,0,ELEVATED,64,1,2
GOCLCORP.NS,SELL,nan,downtrend,65.1,5.88,0.0,,0.0,nan,,,nan,nan,0,ELEVATED,62,1,2
HUHTAMAKI.NS,SELL,nan,downtrend,62.7,-0.43,0.0,,0.0,nan,,,nan,nan,0,ELEVATED,63,1,2
QUICKHEAL.NS,SELL,nan,downtrend,64.2,-3.19,0.0,,0.0,nan,,,nan,nan,0,ELEVATED,62,1,2
PNBGILTS.NS,SELL,nan,downtrend,54.25,-2.08,0.0,,0.0,nan,,,nan,nan,0,ELEVATED,67,2,1
JINDRILL.NS,SELL,nan,downtrend,63.58,7.63,0.0,,0.0,nan,,,nan,nan,0,ELEVATED,63,1,2
DLINKINDIA.NS,SELL,nan,downtrend,62.11,3.39,0.0,,0.0,nan,,,nan,nan,0,ELEVATED,63,1,2
BLISSGVS.NS,HOLD,nan,weak_trend,75.67,11.61,0.0,,0.0,nan,,,nan,nan,0,ELEVATED,40,0,3
SANGHIIND.NS,HOLD,49.88,weak_trend,37.4,-2.74,52.08,,62.92,2.34,,,46.37,54.57,1.33,LOW,40,0,3
SANSTAR.NS,SELL,nan,downtrend,54.01,-1.44,0.0,,0.0,nan,,,nan,nan,0,ELEVATED,67,1,2
EXPLEOSOL.NS,SELL,nan,downtrend,58.18,-11.57,0.0,,0.0,nan,,,nan,nan,0,ELEVATED,65,1,2
SESHAPAPER.NS,SELL,nan,downtrend,54.86,0.99,0.0,,0.0,nan,,,nan,nan,0,ELEVATED,67,1,2
DEN.NS,SELL,nan,downtrend,64.42,-0.17,0.0,,0.0,nan,,,nan,nan,0,ELEVATED,62,1,2
TTKHLTCARE.NS,SELL,nan,downtrend,61.89,-10.03,0.0,,0.0,nan,,,nan,nan,0,ELEVATED,64,1,2
DAMCAPITAL.NS,SELL,nan,downtrend,63.27,-2.52,0.0,,0.0,nan,,,nan,nan,0,ELEVATED,63,1,2
ARMANFIN.NS,SELL,nan,downtrend,63.51,22.83,0.0,,0.0,nan,,,nan,nan,0,ELEVATED,63,1,2
ARIHANTSUP.NS,SELL,nan,downtrend,66.81,-4.52,0.0,,0.0,nan,,,nan,nan,0,ELEVATED,61,1,2
SATIN.NS,SELL,nan,downtrend,66.77,0.94,0.0,,0.0,nan,,,nan,nan,0,ELEVATED,61,2,1
RAMASTEEL.NS,SELL,nan,downtrend,52.06,-0.46,0.0,,0.0,nan,,,nan,nan,0,ELEVATED,68,1,2
DOLPHIN.NS,SELL,nan,downtrend,60.57,-2.63,0.0,,0.0,nan,,,nan,nan,0,ELEVATED,64,1,2
RAJOOENG.NS,SELL,nan,downtrend,60.47,-0.26,0.0,,0.0,nan,,,nan,nan,0,ELEVATED,64,1,2
STANLEY.NS,HOLD,nan,weak_trend,40.4,-8.94,0.0,,0.0,nan,,,nan,nan,0,ELEVATED,40,0,3
MUFIN.NS,SELL,nan,downtrend,55.03,-1.73,0.0,,0.0,nan,,,nan,nan,0,ELEVATED,67,1,2
JNKINDIA.NS,SELL,nan,downtrend,66.19,8.01,0.0,,0.0,nan,,,nan,nan,0,ELEVATED,61,1,2
TARSONS.NS,SELL,nan,downtrend,59.91,-1.13,0.0,,0.0,nan,,,nan,nan,0,ELEVATED,65,1,2
HIMATSEIDE.NS,SELL,nan,downtrend,63.76,-2.39,0.0,,0.0,nan,,,nan,nan,0,ELEVATED,63,1,2
SOLEX.NS,HOLD,1254.4,weak_trend,77.8,64.15,1018.35,,1322.26,83.41,,,1129.28,1421.23,1.33,ELEVATED,40,0,3
MMFL.NS,SELL,nan,downtrend,53.31,-3.66,0.0,,0.0,nan,,,nan,nan,0,ELEVATED,68,1,2
UDS.NS,SELL,nan,downtrend,56.58,-0.85,0.0,,0.0,nan,,,nan,nan,0,ELEVATED,66,2,1
SYNCOMF.NS,SELL,nan,downtrend,66.03,0.06,0.0,,0.0,nan,,,nan,nan,0,ELEVATED,61,1,2
IGARASHI.NS,SELL,nan,downtrend,55.57,-9.52,0.0,,0.0,nan,,,nan,nan,0,ELEVATED,67,2,1
TINNARUBR.NS,SELL,645.85,downtrend,52.74,-8.2,621.77,,817.21,38.36,,,722.57,454.05,2.5,ELEVATED,68,1,2
GREENPOWER.NS,SELL,nan,downtrend,58.47,-0.02,0.0,,0.0,nan,,,nan,nan,0,ELEVATED,65,2,1
PUNJABCHEM.NS,SELL,1057.1,downtrend,53.35,-16.91,999.64,,1211.93,55.46,,,1168.01,779.81,2.5,ELEVATED,68,1,2
SURAKSHA.NS,SELL,nan,downtrend,62.5,-1.61,0.0,,0.0,nan,,,nan,nan,0,ELEVATED,63,1,2
AIMTRON.NS,BUY,885.4,uptrend,58.43,24.59,815.35,,778.68,47.38,867.69,903.11,790.65,1122.28,2.5,ELEVATED,74,3,0
APOLLOPIPE.NS,HOLD,nan,weak_trend,67.67,22.77,0.0,,0.0,nan,,,nan,nan,0,ELEVATED,40,0,3
SHANTIGOLD.NS,HOLD,nan,weak_trend,49.1,-5.99,0.0,,0.0,nan,,,nan,nan,0,ELEVATED,40,0,3
MASTERTR.NS,SELL,73.04,downtrend,56.3,-2.54,69.0,,121.28,5.81,,,84.66,43.99,2.5,LOW,66,1,2
IKIO.NS,SELL,nan,downtrend,69.49,-1.45,0.0,,0.0,nan,,,nan,nan,0,ELEVATED,60,1,2
AWHCL.NS,SELL,nan,downtrend,63.35,-4.0,0.0,,0.0,nan,,,nan,nan,0,ELEVATED,63,1,2
STALLION.NS,HOLD,nan,weak_trend,70.39,-1.13,0.0,,0.0,nan,,,nan,nan,0,ELEVATED,40,1,2
LGHL.NS,HOLD,nan,weak_trend,37.86,-10.43,0.0,,0.0,nan,,,nan,nan,0,ELEVATED,40,0,3
ECOSMOBLTY.NS,SELL,nan,downtrend,62.33,-5.94,0.0,,0.0,nan,,,nan,nan,0,ELEVATED,63,1,2
JAGRAN.NS,HOLD,nan,weak_trend,80.21,0.55,0.0,,0.0,nan,,,nan,nan,0,ELEVATED,40,0,3
RUPA.NS,SELL,nan,downtrend,62.21,-1.62,0.0,,0.0,nan,,,nan,nan,0,ELEVATED,63,1,2
VINYAS.NS,SELL,970.35,downtrend,54.18,-17.05,904.17,,1158.34,60.67,,,1091.69,666.99,2.5,ELEVATED,67,1,2
OMAXE.NS,SELL,nan,downtrend,61.33,-0.12,0.0,,0.0,nan,,,nan,nan,0,ELEVATED,64,1,2
SHRIRAMPPS.NS,SELL,nan,downtrend,66.34,-0.35,0.0,,0.0,nan,,,nan,nan,0,ELEVATED,61,1,2
IVALUE.NS,SELL,nan,downtrend,57.38,1.22,0.0,,0.0,nan,,,nan,nan,0,ELEVATED,66,1,2
HESTERBIO.NS,SELL,nan,downtrend,53.65,-15.99,0.0,,0.0,nan,,,nan,nan,0,ELEVATED,68,1,2
FINKURVE.NS,HOLD,63.16,weak_trend,47.07,-2.34,58.02,,0.0,6.78,,,52.99,76.71,1.33,LOW,40,1,2
QUADFUTURE.NS,SELL,nan,downtrend,50.7,-0.29,0.0,,0.0,nan,,,nan,nan,0,ELEVATED,69,1,2
HMAAGRO.NS,HOLD,22.66,weak_trend,46.63,-0.59,23.55,,29.01,1.76,,,20.02,26.18,1.33,LOW,40,1,2
JAGSNPHARM.NS,HOLD,nan,weak_trend,82.48,4.08,0.0,,0.0,nan,,,nan,nan,0,ELEVATED,40,0,3
PLATIND.NS,SELL,nan,downtrend,56.39,-2.64,0.0,,0.0,nan,,,nan,nan,0,ELEVATED,66,1,2
ORIENTTECH.NS,SELL,nan,downtrend,54.59,-7.2,0.0,,0.0,nan,,,nan,nan,0,ELEVATED,67,1,2
EKC.NS,SELL,nan,downtrend,59.35,-0.36,0.0,,0.0,nan,,,nan,nan,0,ELEVATED,65,1,2
ANDHRAPAP.NS,SELL,nan,downtrend,59.25,-0.82,0.0,,0.0,nan,,,nan,nan,0,ELEVATED,65,1,2
SALASAR.NS,SELL,nan,downtrend,54.17,-0.19,0.0,,0.0,nan,,,nan,nan,0,ELEVATED,67,1,2
ESAFSFB.NS,HOLD,nan,weak_trend,50.0,-0.68,0.0,,0.0,nan,,,nan,nan,0,ELEVATED,40,0,3
CONFIPET.NS,HOLD,nan,weak_trend,74.68,6.23,0.0,,0.0,nan,,,nan,nan,0,ELEVATED,40,0,3
SMCGLOBAL.NS,HOLD,nan,weak_trend,46.92,-3.19,0.0,,0.0,nan,,,nan,nan,0,ELEVATED,40,0,3
CENTRUM.NS,SELL,nan,downtrend,63.17,1.14,0.0,,0.0,nan,,,nan,nan,0,ELEVATED,63,1,2
DOLATALGO.NS,SELL,nan,downtrend,66.86,-0.02,0.0,,0.0,nan,,,nan,nan,0,ELEVATED,61,2,1
ROTO.NS,SELL,nan,downtrend,53.13,-0.8,0.0,,0.0,nan,,,nan,nan,0,ELEVATED,68,1,2
NIITLTD.NS,SELL,nan,downtrend,54.3,-2.02,0.0,,0.0,nan,,,nan,nan,0,ELEVATED,67,1,2
GPTINFRA.NS,SELL,nan,downtrend,62.24,-0.66,0.0,,0.0,nan,,,nan,nan,0,ELEVATED,63,1,2
SURYODAY.NS,SELL,nan,downtrend,56.31,1.09,0.0,,0.0,nan,,,nan,nan,0,ELEVATED,66,1,2
BIRLANU.NS,SELL,1422.8,downtrend,68.64,-8.19,1316.47,,1803.48,73.44,,,1569.67,1055.62,2.5,ELEVATED,60,1,2
RISHABH.NS,SELL,nan,downtrend,64.99,6.08,0.0,,0.0,nan,,,nan,nan,0,ELEVATED,62,2,1
PAUSHAKLTD.NS,SELL,nan,downtrend,68.26,-0.71,0.0,,0.0,nan,,,nan,nan,0,ELEVATED,60,1,2
ASIANENE.NS,SELL,nan,downtrend,58.18,0.49,0.0,,0.0,nan,,,nan,nan,0,ELEVATED,65,1,2
GANDHAR.NS,SELL,nan,downtrend,59.19,-1.43,0.0,,0.0,nan,,,nan,nan,0,ELEVATED,65,1,2
EXCELINDUS.NS,SELL,nan,downtrend,59.9,-0.73,0.0,,0.0,nan,,,nan,nan,0,ELEVATED,65,1,2
BAJAJHCARE.NS,SELL,nan,downtrend,65.27,-1.18,0.0,,0.0,nan,,,nan,nan,0,ELEVATED,62,1,2
ALICON.NS,HOLD,nan,weak_trend,48.68,-26.8,0.0,,0.0,nan,,,nan,nan,0,ELEVATED,40,0,3
DCMSRIND.NS,HOLD,nan,weak_trend,76.31,-0.05,0.0,,0.0,nan,,,nan,nan,0,ELEVATED,40,0,3
CLSEL.NS,SELL,nan,downtrend,65.51,0.88,0.0,,0.0,nan,,,nan,nan,0,ELEVATED,62,1,2
RAJRILTD.NS,SELL,nan,downtrend,55.37,-0.29,0.0,,0.0,nan,,,nan,nan,0,ELEVATED,67,2,1
INDORAMA.NS,HOLD,nan,weak_trend,71.4,-0.36,0.0,,0.0,nan,,,nan,nan,0,ELEVATED,40,0,3
PARACABLES.NS,SELL,nan,downtrend,56.59,0.25,0.0,,0.0,nan,,,nan,nan,0,ELEVATED,66,1,2
VPRPL.NS,SELL,nan,downtrend,60.79,-1.14,0.0,,0.0,nan,,,nan,nan,0,ELEVATED,64,1,2
SALZERELEC.NS,SELL,nan,downtrend,58.74,-11.98,0.0,,0.0,nan,,,nan,nan,0,ELEVATED,65,2,1
MANAKCOAT.NS,HOLD,nan,weak_trend,45.1,-3.49,0.0,,0.0,nan,,,nan,nan,0,ELEVATED,40,0,3
SIGACHI.NS,SELL,nan,downtrend,65.29,-0.07,0.0,,0.0,nan,,,nan,nan,0,ELEVATED,62,2,1
INFOBEAN.NS,HOLD,nan,weak_trend,74.83,-3.91,0.0,,0.0,nan,,,nan,nan,0,ELEVATED,40,1,2
ALLDIGI.NS,SELL,820.45,downtrend,63.26,6.75,765.2,,855.97,38.61,,,897.67,627.4,2.5,ELEVATED,63,1,2
BLKASHYAP.NS,SELL,nan,downtrend,51.52,-0.58,0.0,,0.0,nan,,,nan,nan,0,ELEVATED,69,1,2
SPORTKING.NS,HOLD,nan,weak_trend,71.4,7.36,0.0,,0.0,nan,,,nan,nan,0,ELEVATED,40,0,3
GODAVARIB.NS,HOLD,nan,weak_trend,51.67,6.47,0.0,,0.0,nan,,,nan,nan,0,ELEVATED,40,0,3
JARO.NS,SELL,nan,downtrend,40.41,-6.48,0.0,,0.0,nan,,,nan,nan,0,ELEVATED,74,0,3
SURAJEST.NS,SELL,nan,downtrend,61.56,-2.1,0.0,,0.0,nan,,,nan,nan,0,ELEVATED,64,1,2
CIFL.NS,SELL,25.78,downtrend,51.39,-1.01,24.71,,33.8,2.19,,,30.17,14.81,2.5,LOW,69,1,2
UNIECOM.NS,SELL,nan,downtrend,51.96,-2.89,0.0,,0.0,nan,,,nan,nan,0,ELEVATED,69,1,2
MONTECARLO.NS,SELL,nan,downtrend,59.47,-5.83,0.0,,0.0,nan,,,nan,nan,0,ELEVATED,65,1,2
MADRASFERT.NS,SELL,nan,downtrend,61.6,-0.72,0.0,,0.0,nan,,,nan,nan,0,ELEVATED,64,1,2
HARIOMPIPE.NS,SELL,nan,downtrend,41.81,-19.62,0.0,,0.0,nan,,,nan,nan,0,ELEVATED,74,1,2
DECCANCE.NS,SELL,nan,downtrend,53.51,-11.5,0.0,,0.0,nan,,,nan,nan,0,ELEVATED,68,1,2
SHANKARA.NS,HOLD,nan,weak_trend,74.31,4.67,0.0,,0.0,nan,,,nan,nan,0,ELEVATED,40,0,3
GNA.NS,SELL,nan,downtrend,65.25,1.26,0.0,,0.0,nan,,,nan,nan,0,ELEVATED,62,1,2
RIIL.NS,SELL,nan,downtrend,64.13,0.95,0.0,,0.0,nan,,,nan,nan,0,ELEVATED,62,1,2
VMARCIND.NS,BUY,797.85,uptrend,63.25,17.88,668.98,,570.49,50.33,781.89,813.81,697.19,1049.51,2.5,ELEVATED,76,3,0
SUMEETINDS.NS,HOLD,nan,weak_trend,51.6,0.53,0.0,,0.0,nan,,,nan,nan,0,ELEVATED,40,0,3
IMPAL.NS,SELL,nan,downtrend,55.46,-7.89,0.0,,0.0,nan,,,nan,nan,0,ELEVATED,67,1,2
IGPL.NS,SELL,nan,downtrend,64.8,10.04,0.0,,0.0,nan,,,nan,nan,0,ELEVATED,62,1,2
TAC.NS,SELL,566.85,downtrend,65.49,16.62,468.58,,787.93,35.15,,,637.15,391.1,2.5,ELEVATED,62,1,2
RGL.NS,SELL,nan,downtrend,63.24,-1.12,0.0,,0.0,nan,,,nan,nan,0,ELEVATED,63,1,2
BSHSL.NS,SELL,nan,downtrend,61.14,3.59,0.0,,0.0,nan,,,nan,nan,0,ELEVATED,64,1,2
SHREDIGCEM.NS,HOLD,nan,weak_trend,72.77,0.38,0.0,,0.0,nan,,,nan,nan,0,ELEVATED,40,0,3
SIGNPOST.NS,SELL,nan,downtrend,54.57,1.35,0.0,,0.0,nan,,,nan,nan,0,ELEVATED,67,1,2
BALAJITELE.NS,SELL,nan,downtrend,58.82,-1.55,0.0,,0.0,nan,,,nan,nan,0,ELEVATED,65,2,1
HITECHGEAR.NS,SELL,nan,downtrend,52.87,-12.43,0.0,,0.0,nan,,,nan,nan,0,ELEVATED,68,1,2
ATULAUTO.NS,SELL,nan,downtrend,56.16,-5.41,0.0,,0.0,nan,,,nan,nan,0,ELEVATED,66,2,1
AGARIND.NS,HOLD,nan,weak_trend,47.32,-38.7,0.0,,0.0,nan,,,nan,nan,0,ELEVATED,40,0,3
YUKEN.NS,SELL,nan,downtrend,56.67,-20.17,0.0,,0.0,nan,,,nan,nan,0,ELEVATED,66,1,2
DIFFNKG.NS,SELL,nan,downtrend,68.02,5.12,0.0,,0.0,nan,,,nan,nan,0,ELEVATED,60,1,2
ONEPOINT.NS,HOLD,nan,weak_trend,73.34,0.65,0.0,,0.0,nan,,,nan,nan,0,ELEVATED,40,0,3
CAPITALSFB.NS,SELL,nan,downtrend,64.44,0.79,0.0,,0.0,nan,,,nan,nan,0,ELEVATED,62,1,2
ASIANTILES.NS,SELL,nan,downtrend,68.26,-1.11,0.0,,0.0,nan,,,nan,nan,0,ELEVATED,60,2,1
RICOAUTO.NS,SELL,nan,downtrend,61.26,-1.12,0.0,,0.0,nan,,,nan,nan,0,ELEVATED,64,1,2
AURUM.NS,SELL,nan,downtrend,53.35,-0.97,0.0,,0.0,nan,,,nan,nan,0,ELEVATED,68,1,2
ADVENTHTL.NS,SELL,nan,downtrend,51.87,-9.51,0.0,,0.0,nan,,,nan,nan,0,ELEVATED,69,1,2
BUTTERFLY.NS,HOLD,nan,weak_trend,32.38,0.32,0.0,,0.0,nan,,,nan,nan,0,ELEVATED,40,0,3
FAZE3Q.NS,SELL,nan,downtrend,58.45,-3.36,0.0,,0.0,nan,,,nan,nan,0,ELEVATED,65,1,2
MICEL.NS,HOLD,nan,weak_trend,71.5,0.13,0.0,,0.0,nan,,,nan,nan,0,ELEVATED,40,0,3
BHARATWIRE.NS,SELL,nan,downtrend,56.8,-0.23,0.0,,0.0,nan,,,nan,nan,0,ELEVATED,66,1,2
VASCONEQ.NS,SELL,nan,downtrend,60.93,-0.61,0.0,,0.0,nan,,,nan,nan,0,ELEVATED,64,1,2
WALCHANNAG.NS,HOLD,nan,weak_trend,72.01,0.31,0.0,,0.0,nan,,,nan,nan,0,ELEVATED,40,1,2
TEXINFRA.NS,HOLD,nan,weak_trend,78.5,1.78,0.0,,0.0,nan,,,nan,nan,0,ELEVATED,40,0,3
WCIL.NS,SELL,nan,downtrend,53.86,-4.15,0.0,,0.0,nan,,,nan,nan,0,ELEVATED,68,2,1
HERANBA.NS,SELL,nan,downtrend,62.1,-3.27,0.0,,0.0,nan,,,nan,nan,0,ELEVATED,63,2,1
BOROSCI.NS,SELL,113.62,downtrend,66.91,1.95,107.93,,130.74,5.18,,,123.98,87.73,2.5,LOW,61,1,2
GPTHEALTH.NS,HOLD,nan,weak_trend,70.76,2.31,0.0,,0.0,nan,,,nan,nan,0,ELEVATED,40,0,3
IRMENERGY.NS,SELL,nan,downtrend,50.17,-8.56,0.0,,0.0,nan,,,nan,nan,0,ELEVATED,69,1,2
SHREEPUSHK.NS,SELL,nan,downtrend,60.33,5.25,0.0,,0.0,nan,,,nan,nan,0,ELEVATED,64,1,2
MEIL.NS,SELL,nan,downtrend,59.95,-0.33,0.0,,0.0,nan,,,nan,nan,0,ELEVATED,65,2,1
GTPL.NS,HOLD,nan,weak_trend,78.06,-0.32,0.0,,0.0,nan,,,nan,nan,0,ELEVATED,40,0,3
ROHLTD.NS,SELL,nan,downtrend,63.19,-1.56,0.0,,0.0,nan,,,nan,nan,0,ELEVATED,63,1,2
VHL.NS,SELL,nan,downtrend,66.46,23.21,0.0,,0.0,nan,,,nan,nan,0,ELEVATED,61,1,2
DSSL.NS,SELL,nan,downtrend,68.34,16.53,0.0,,0.0,nan,,,nan,nan,0,ELEVATED,60,2,1
TBZ.NS,SELL,nan,downtrend,59.71,-1.99,0.0,,0.0,nan,,,nan,nan,0,ELEVATED,65,1,2
BAJAJINDEF.NS,SELL,274.13,downtrend,67.85,2.53,239.06,,349.41,16.69,,,307.52,190.66,2.5,NORMAL,61,1,2
STLNETWORK.NS,BUY,21.82,uptrend,68.75,0.19,18.66,,0.0,1.32,21.38,22.26,19.19,28.41,2.5,LOW,79,3,0
WEALTH.NS,SELL,nan,downtrend,56.49,-11.32,0.0,,0.0,nan,,,nan,nan,0,ELEVATED,66,1,2
CONTROLPR.NS,SELL,nan,downtrend,56.3,-2.62,0.0,,0.0,nan,,,nan,nan,0,ELEVATED,66,1,2
JINDALPHOT.NS,HOLD,nan,weak_trend,49.09,-41.0,0.0,,0.0,nan,,,nan,nan,0,ELEVATED,40,0,3
ELECTHERM.NS,SELL,nan,downtrend,66.12,-9.57,0.0,,0.0,nan,,,nan,nan,0,ELEVATED,61,1,2
ABINFRA.NS,HOLD,nan,weak_trend,36.55,-0.6,0.0,,0.0,nan,,,nan,nan,0,ELEVATED,40,0,3
SRM.NS,HOLD,nan,weak_trend,73.04,7.36,0.0,,0.0,nan,,,nan,nan,0,ELEVATED,40,1,2
VILAS.NS,SELL,419.8,downtrend,55.96,9.37,380.95,,454.65,25.32,,,470.45,293.17,2.5,ELEVATED,67,1,2
KROSS.NS,SELL,nan,downtrend,53.74,-4.23,0.0,,0.0,nan,,,nan,nan,0,ELEVATED,68,1,2
AMNPLST.NS,SELL,nan,downtrend,57.5,-1.56,0.0,,0.0,nan,,,nan,nan,0,ELEVATED,66,1,2
ZUARI.NS,SELL,nan,downtrend,64.22,-2.87,0.0,,0.0,nan,,,nan,nan,0,ELEVATED,62,1,2
STEELXIND.NS,SELL,nan,downtrend,69.67,0.17,0.0,,0.0,nan,,,nan,nan,0,ELEVATED,60,1,2
ICEMAKE.NS,SELL,nan,downtrend,51.6,-11.26,0.0,,0.0,nan,,,nan,nan,0,ELEVATED,69,1,2
KELLTONTEC.NS,HOLD,nan,weak_trend,40.28,-0.7,0.0,,0.0,nan,,,nan,nan,0,ELEVATED,40,0,3
RACLGEAR.NS,BUY,1373.3,uptrend,66.63,6.97,1254.79,,1075.17,82.78,1345.83,1400.77,1207.74,1787.19,2.5,ELEVATED,78,3,0
BLUSPRING.NS,HOLD,67.2,weak_trend,80.17,3.26,53.59,,71.41,5.32,,,59.22,77.84,1.33,LOW,40,0,3
PASHUPATI.NS,HOLD,nan,weak_trend,58.98,12.96,0.0,,0.0,nan,,,nan,nan,0,ELEVATED,40,0,3
MANALIPETC.NS,SELL,nan,downtrend,69.31,-0.56,0.0,,0.0,nan,,,nan,nan,0,ELEVATED,60,1,2
DVL.NS,SELL,nan,downtrend,63.25,-2.54,0.0,,0.0,nan,,,nan,nan,0,ELEVATED,63,1,2
KRISHNADEF.NS,SELL,nan,downtrend,57.3,-27.03,0.0,,0.0,nan,,,nan,nan,0,ELEVATED,66,1,2
BCLIND.NS,SELL,nan,downtrend,69.23,1.0,0.0,,0.0,nan,,,nan,nan,0,ELEVATED,60,1,2
DPSCLTD.NS,SELL,nan,downtrend,62.83,-0.01,0.0,,0.0,nan,,,nan,nan,0,ELEVATED,63,1,2
NELCAST.NS,SELL,nan,downtrend,57.06,2.19,0.0,,0.0,nan,,,nan,nan,0,ELEVATED,66,2,1
EIMCOELECO.NS,SELL,nan,downtrend,69.66,27.65,0.0,,0.0,nan,,,nan,nan,0,ELEVATED,60,2,1
OAL.NS,HOLD,nan,weak_trend,70.23,-1.8,0.0,,0.0,nan,,,nan,nan,0,ELEVATED,40,0,3
STERTOOLS.NS,HOLD,nan,weak_trend,75.64,5.11,0.0,,0.0,nan,,,nan,nan,0,ELEVATED,40,0,3
GRPLTD.NS,SELL,nan,downtrend,66.77,50.76,0.0,,0.0,nan,,,nan,nan,0,ELEVATED,61,2,1
GEMAROMA.NS,SELL,nan,downtrend,51.14,-6.22,0.0,,0.0,nan,,,nan,nan,0,ELEVATED,69,1,2
EXCELSOFT.NS,SELL,nan,downtrend,62.58,0.81,0.0,,0.0,nan,,,nan,nan,0,ELEVATED,63,1,2
PROSTARM.NS,SELL,nan,downtrend,69.97,-1.21,0.0,,0.0,nan,,,nan,nan,0,ELEVATED,60,1,2
IZMO.NS,SELL,nan,downtrend,51.4,-9.48,0.0,,0.0,nan,,,nan,nan,0,ELEVATED,69,1,2
ANTELOPUS.NS,HOLD,616.2,weak_trend,62.44,22.48,573.06,,0.0,41.45,,,554.02,699.11,1.33,ELEVATED,40,2,1
MATRIMONY.NS,SELL,nan,downtrend,63.81,-2.4,0.0,,0.0,nan,,,nan,nan,0,ELEVATED,63,1,2
SWELECTES.NS,SELL,nan,downtrend,58.4,3.61,0.0,,0.0,nan,,,nan,nan,0,ELEVATED,65,1,2
PDMJEPAPER.NS,SELL,nan,downtrend,68.93,0.6,0.0,,0.0,nan,,,nan,nan,0,ELEVATED,60,1,2
AYMSYNTEX.NS,SELL,nan,downtrend,55.8,0.64,0.0,,0.0,nan,,,nan,nan,0,ELEVATED,67,1,2
OMINFRAL.NS,SELL,nan,downtrend,62.65,0.94,0.0,,0.0,nan,,,nan,nan,0,ELEVATED,63,1,2
RNBDENIMS.NS,SELL,nan,downtrend,6.21,-7.85,0.0,,0.0,nan,,,nan,nan,0,ELEVATED,91,1,2
VIDYAWIRES.NS,HOLD,nan,weak_trend,71.72,1.92,0.0,,0.0,nan,,,nan,nan,0,ELEVATED,40,1,2
5PAISA.NS,SELL,nan,downtrend,57.18,-4.57,0.0,,0.0,nan,,,nan,nan,0,ELEVATED,66,1,2
PENINLAND.NS,SELL,nan,downtrend,62.32,-0.24,0.0,,0.0,nan,,,nan,nan,0,ELEVATED,63,1,2
BIL.NS,SELL,nan,downtrend,58.2,-7.14,0.0,,0.0,nan,,,nan,nan,0,ELEVATED,65,1,2
MAMATA.NS,HOLD,nan,weak_trend,49.3,-11.82,0.0,,0.0,nan,,,nan,nan,0,ELEVATED,40,1,2
AFSL.NS,SELL,nan,downtrend,50.23,-0.14,0.0,,0.0,nan,,,nan,nan,0,ELEVATED,69,1,2
ESTER.NS,HOLD,nan,weak_trend,49.01,-2.87,0.0,,0.0,nan,,,nan,nan,0,ELEVATED,40,0,3
TNPL.NS,SELL,nan,downtrend,60.59,-0.87,0.0,,0.0,nan,,,nan,nan,0,ELEVATED,64,2,1
GANESHCP.NS,SELL,nan,downtrend,67.98,4.6,0.0,,0.0,nan,,,nan,nan,0,ELEVATED,61,1,2
AVTNPL.NS,SELL,nan,downtrend,59.29,-0.32,0.0,,0.0,nan,,,nan,nan,0,ELEVATED,65,1,2
KOKUYOCMLN.NS,SELL,nan,downtrend,62.83,-0.08,0.0,,0.0,nan,,,nan,nan,0,ELEVATED,63,1,2
MAXIND.NS,SELL,nan,downtrend,60.03,-1.06,0.0,,0.0,nan,,,nan,nan,0,ELEVATED,64,1,2
ANDHRSUGAR.NS,HOLD,nan,weak_trend,78.14,1.07,0.0,,0.0,nan,,,nan,nan,0,ELEVATED,40,1,2
CREST.NS,HOLD,nan,weak_trend,71.68,-0.77,0.0,,0.0,nan,,,nan,nan,0,ELEVATED,40,0,3
LINCOLN.NS,SELL,nan,downtrend,45.42,-6.43,0.0,,0.0,nan,,,nan,nan,0,ELEVATED,72,0,3
THEMISMED.NS,SELL,nan,downtrend,60.59,-0.4,0.0,,0.0,nan,,,nan,nan,0,ELEVATED,64,1,2
CENTENKA.NS,SELL,nan,downtrend,56.6,-3.33,0.0,,0.0,nan,,,nan,nan,0,ELEVATED,66,1,2
ARIHANTCAP.NS,SELL,nan,downtrend,58.02,-1.9,0.0,,0.0,nan,,,nan,nan,0,ELEVATED,65,2,1
DHANBANK.NS,SELL,nan,downtrend,65.83,0.41,0.0,,0.0,nan,,,nan,nan,0,ELEVATED,62,2,1
UNIENTER.NS,SELL,nan,downtrend,61.88,-2.39,0.0,,0.0,nan,,,nan,nan,0,ELEVATED,64,1,2
SCODATUBES.NS,SELL,nan,downtrend,65.46,2.69,0.0,,0.0,nan,,,nan,nan,0,ELEVATED,62,2,1
INDOFARM.NS,SELL,nan,downtrend,67.39,0.15,0.0,,0.0,nan,,,nan,nan,0,ELEVATED,61,1,2
SBC.NS,SELL,nan,downtrend,62.7,0.19,0.0,,0.0,nan,,,nan,nan,0,ELEVATED,63,1,2
GGBL.NS,SELL,273.85,downtrend,54.9,-2.97,254.07,,373.82,18.44,,,310.73,181.65,2.5,NORMAL,67,1,2
CEWATER.NS,SELL,nan,downtrend,63.92,-0.36,0.0,,0.0,nan,,,nan,nan,0,ELEVATED,63,1,2
RADHIKAJWE.NS,SELL,nan,downtrend,65.72,-0.5,0.0,,0.0,nan,,,nan,nan,0,ELEVATED,62,1,2
GKWLIMITED.NS,HOLD,nan,weak_trend,47.06,-30.39,0.0,,0.0,nan,,,nan,nan,0,ELEVATED,40,0,3
NDTV.NS,SELL,nan,downtrend,59.12,-1.49,0.0,,0.0,nan,,,nan,nan,0,ELEVATED,65,1,2
INNOVANA.NS,SELL,nan,downtrend,61.75,-3.78,0.0,,0.0,nan,,,nan,nan,0,ELEVATED,64,1,2
KHAICHEM.NS,SELL,nan,downtrend,59.12,-1.03,0.0,,0.0,nan,,,nan,nan,0,ELEVATED,65,2,1
FAIRCHEMOR.NS,SELL,nan,downtrend,50.47,-18.93,0.0,,0.0,nan,,,nan,nan,0,ELEVATED,69,1,2
AEROENTER.NS,HOLD,86.51,weak_trend,66.78,1.85,72.54,,86.05,5.02,,,78.97,96.56,1.33,LOW,40,2,1
INDOAMIN.NS,SELL,nan,downtrend,66.56,-0.3,0.0,,0.0,nan,,,nan,nan,0,ELEVATED,61,1,2
DHARMAJ.NS,HOLD,nan,weak_trend,72.46,5.92,0.0,,0.0,nan,,,nan,nan,0,ELEVATED,40,0,3
BHARATSE.NS,HOLD,174.84,weak_trend,61.49,0.25,161.3,,161.38,11.6,,,157.43,198.05,1.33,LOW,40,2,1
GALAPREC.NS,HOLD,nan,weak_trend,44.95,-6.47,0.0,,0.0,nan,,,nan,nan,0,ELEVATED,40,0,3
OSWALGREEN.NS,SELL,nan,downtrend,60.65,0.0,0.0,,0.0,nan,,,nan,nan,0,ELEVATED,64,1,2
DENTALKART.NS,HOLD,380.05,weak_trend,45.55,-21.19,382.45,,567.08,26.45,,,340.37,432.96,1.33,ELEVATED,40,1,2
DENTA.NS,SELL,nan,downtrend,63.24,0.49,0.0,,0.0,nan,,,nan,nan,0,ELEVATED,63,2,1
SAHANA.NS,SELL,898.0,downtrend,39.38,-21.66,926.48,,1072.08,57.0,,,1012.01,612.98,2.5,ELEVATED,75,0,3
LEMERITE.NS,HOLD,nan,weak_trend,48.78,-1.81,0.0,,0.0,nan,,,nan,nan,0,ELEVATED,40,0,3
SRHHYPOLTD.NS,SELL,nan,downtrend,56.87,-3.82,0.0,,0.0,nan,,,nan,nan,0,ELEVATED,66,1,2
GANDHITUBE.NS,SELL,nan,downtrend,64.87,5.27,0.0,,0.0,nan,,,nan,nan,0,ELEVATED,62,1,2
CNL.NS,HOLD,608.8,weak_trend,51.63,-10.77,592.05,,0.0,34.11,,,557.63,677.03,1.33,ELEVATED,40,2,1
FABTECH.NS,SELL,nan,downtrend,57.04,-0.45,0.0,,0.0,nan,,,nan,nan,0,ELEVATED,66,1,2
UTTAMSUGAR.NS,SELL,nan,downtrend,64.81,10.64,0.0,,0.0,nan,,,nan,nan,0,ELEVATED,62,1,2
XCHANGING.NS,SELL,nan,downtrend,61.94,-1.05,0.0,,0.0,nan,,,nan,nan,0,ELEVATED,64,1,2
KRISHIVAL.NS,SELL,nan,downtrend,51.19,-0.73,0.0,,0.0,nan,,,nan,nan,0,ELEVATED,69,1,2
JPOLYINVST.NS,SELL,nan,downtrend,42.53,-21.24,0.0,,0.0,nan,,,nan,nan,0,ELEVATED,73,0,3
OSWALAGRO.NS,SELL,nan,downtrend,64.45,0.76,0.0,,0.0,nan,,,nan,nan,0,ELEVATED,62,1,2
MVGJL.NS,HOLD,nan,weak_trend,71.08,1.0,0.0,,0.0,nan,,,nan,nan,0,ELEVATED,40,0,3
KODYTECH.NS,HOLD,784.0,weak_trend,67.86,-2.23,725.88,,774.53,24.95,,,746.58,833.89,1.33,ELEVATED,40,2,1
ADSL.NS,SELL,nan,downtrend,64.58,-0.95,0.0,,0.0,nan,,,nan,nan,0,ELEVATED,62,1,2
HEXATRADEX.NS,SELL,nan,downtrend,56.82,0.4,0.0,,0.0,nan,,,nan,nan,0,ELEVATED,66,1,2
SARTELE.NS,HOLD,169.2,weak_trend,42.46,-9.24,169.28,,207.16,11.89,,,151.36,192.99,1.33,LOW,40,0,3
GULPOLY.NS,SELL,nan,downtrend,63.51,4.09,0.0,,0.0,nan,,,nan,nan,0,ELEVATED,63,1,2
SILVERTUC.NS,SELL,nan,downtrend,59.34,-5.38,0.0,,0.0,nan,,,nan,nan,0,ELEVATED,65,1,2
JAYBARMARU.NS,SELL,nan,downtrend,55.78,-2.0,0.0,,0.0,nan,,,nan,nan,0,ELEVATED,67,1,2
KUANTUM.NS,SELL,nan,downtrend,57.41,-1.98,0.0,,0.0,nan,,,nan,nan,0,ELEVATED,66,1,2
TNPETRO.NS,SELL,nan,downtrend,69.11,-0.43,0.0,,0.0,nan,,,nan,nan,0,ELEVATED,60,1,2
GICHSGFIN.NS,SELL,nan,downtrend,60.56,-1.63,0.0,,0.0,nan,,,nan,nan,0,ELEVATED,64,1,2
PRIMESECU.NS,SELL,nan,downtrend,57.1,2.74,0.0,,0.0,nan,,,nan,nan,0,ELEVATED,66,1,2
KARNIKA.NS,HOLD,137.0,weak_trend,70.31,2.19,115.8,,259.44,5.88,,,128.18,148.76,1.33,LOW,40,0,3
IFBAGRO.NS,SELL,nan,downtrend,67.17,-8.74,0.0,,0.0,nan,,,nan,nan,0,ELEVATED,61,1,2
BIRLAMONEY.NS,SELL,nan,downtrend,64.91,-0.55,0.0,,0.0,nan,,,nan,nan,0,ELEVATED,62,2,1
APS.NS,SELL,359.0,downtrend,62.82,7.6,310.91,,431.86,21.7,,,402.41,250.48,2.5,ELEVATED,63,1,2
PVSL.NS,SELL,nan,downtrend,67.07,0.17,0.0,,0.0,nan,,,nan,nan,0,ELEVATED,61,1,2
NCLIND.NS,SELL,nan,downtrend,56.89,-0.94,0.0,,0.0,nan,,,nan,nan,0,ELEVATED,66,1,2
BASILIC.NS,SELL,233.55,downtrend,66.67,0.54,197.64,,344.73,15.74,,,265.04,154.84,2.5,NORMAL,61,1,2
SASTASUNDR.NS,SELL,nan,downtrend,41.29,-4.73,0.0,,0.0,nan,,,nan,nan,0,ELEVATED,74,0,3
COOLCAPS.NS,HOLD,30.5,weak_trend,80.65,-0.47,26.87,,96.69,1.85,,,27.72,34.2,1.33,LOW,40,0,3
ELIN.NS,SELL,nan,downtrend,50.52,-4.57,0.0,,0.0,nan,,,nan,nan,0,ELEVATED,69,1,2
SKMEGGPROD.NS,SELL,nan,downtrend,58.84,0.84,0.0,,0.0,nan,,,nan,nan,0,ELEVATED,65,1,2
REMUS.NS,SELL,654.0,downtrend,50.24,-3.17,641.49,,792.11,32.18,,,718.36,493.11,2.5,ELEVATED,69,1,2
VAKRANGEE.NS,SELL,nan,downtrend,60.0,-0.02,0.0,,0.0,nan,,,nan,nan,0,ELEVATED,65,1,2
ZUARIIND.NS,SELL,nan,downtrend,65.73,-1.69,0.0,,0.0,nan,,,nan,nan,0,ELEVATED,62,1,2
SAURASHCEM.NS,SELL,nan,downtrend,53.79,-1.94,0.0,,0.0,nan,,,nan,nan,0,ELEVATED,68,1,2
EVERESTIND.NS,SELL,nan,downtrend,53.72,-14.55,0.0,,0.0,nan,,,nan,nan,0,ELEVATED,68,2,1
LIKHITHA.NS,HOLD,nan,weak_trend,73.81,18.11,0.0,,0.0,nan,,,nan,nan,0,ELEVATED,40,0,3
REGAAL.NS,SELL,nan,downtrend,62.92,1.66,0.0,,0.0,nan,,,nan,nan,0,ELEVATED,63,1,2
UFBL.NS,HOLD,292.16,weak_trend,68.79,10.33,228.2,,0.0,21.53,,,259.86,335.22,1.33,ELEVATED,40,2,1
TVSELECT.NS,SELL,nan,downtrend,57.05,2.82,0.0,,0.0,nan,,,nan,nan,0,ELEVATED,66,1,2
ABCOTS.NS,SELL,nan,downtrend,53.52,-1.9,0.0,,0.0,nan,,,nan,nan,0,ELEVATED,68,1,2
MACPOWER.NS,HOLD,nan,weak_trend,74.21,14.46,0.0,,0.0,nan,,,nan,nan,0,ELEVATED,40,1,2
BESTAGRO.NS,HOLD,17.76,weak_trend,71.56,-0.08,14.55,,21.97,0.85,,,16.49,19.46,1.33,LOW,40,1,2
TEMBO.NS,SELL,nan,downtrend,69.71,-0.29,0.0,,0.0,nan,,,nan,nan,0,ELEVATED,60,2,1
VALIANTORG.NS,SELL,nan,downtrend,51.01,6.54,0.0,,0.0,nan,,,nan,nan,0,ELEVATED,69,1,2
KABRAEXTRU.NS,SELL,nan,downtrend,59.37,-4.44,0.0,,0.0,nan,,,nan,nan,0,ELEVATED,65,1,2
ARROWGREEN.NS,HOLD,nan,weak_trend,78.12,38.86,0.0,,0.0,nan,,,nan,nan,0,ELEVATED,40,0,3
DISHTV.NS,HOLD,nan,weak_trend,70.53,0.03,0.0,,0.0,nan,,,nan,nan,0,ELEVATED,40,0,3
CCCL.NS,SELL,nan,downtrend,60.36,-0.06,0.0,,0.0,nan,,,nan,nan,0,ELEVATED,64,1,2
TVTODAY.NS,SELL,nan,downtrend,65.87,-2.73,0.0,,0.0,nan,,,nan,nan,0,ELEVATED,62,1,2
KOTHARIPET.NS,SELL,nan,downtrend,62.76,1.43,0.0,,0.0,nan,,,nan,nan,0,ELEVATED,63,1,2
CHEMFAB.NS,SELL,nan,downtrend,58.14,-3.48,0.0,,0.0,nan,,,nan,nan,0,ELEVATED,65,1,2
SANDESH.NS,SELL,nan,downtrend,51.81,-18.07,0.0,,0.0,nan,,,nan,nan,0,ELEVATED,69,1,2
DHAMPURSUG.NS,HOLD,nan,weak_trend,70.14,4.93,0.0,,0.0,nan,,,nan,nan,0,ELEVATED,40,0,3
ANUHPHR.NS,SELL,78.44,downtrend,59.04,0.21,74.48,,83.96,3.71,,,85.87,59.87,2.5,LOW,65,1,2
BLAL.NS,SELL,nan,downtrend,58.77,-3.41,0.0,,0.0,nan,,,nan,nan,0,ELEVATED,65,1,2
MAHASTEEL.NS,HOLD,nan,weak_trend,56.72,26.38,0.0,,0.0,nan,,,nan,nan,0,ELEVATED,40,0,3
SVLL.NS,SELL,nan,downtrend,55.94,0.59,0.0,,0.0,nan,,,nan,nan,0,ELEVATED,67,1,2
VIVIANA.NS,SELL,739.9,downtrend,59.24,13.22,672.05,,1045.21,44.05,,,828.0,519.65,2.5,ELEVATED,65,1,2
SUYOG.NS,HOLD,nan,weak_trend,71.16,29.55,0.0,,0.0,nan,,,nan,nan,0,ELEVATED,40,0,3
JPASSOCIAT.NS,HOLD,2.42,weak_trend,50.0,-0.1,2.45,,3.27,0.0,,,2.42,2.42,0,LOW,40,0,3
MUNJALAU.NS,SELL,nan,downtrend,61.47,-0.39,0.0,,0.0,nan,,,nan,nan,0,ELEVATED,64,1,2
AVADHSUGAR.NS,HOLD,nan,weak_trend,63.55,26.01,0.0,,0.0,nan,,,nan,nan,0,ELEVATED,40,0,3
NGLFINE.NS,SELL,nan,downtrend,57.1,30.26,0.0,,0.0,nan,,,nan,nan,0,ELEVATED,66,2,1
SNOWMAN.NS,SELL,nan,downtrend,64.45,0.01,0.0,,0.0,nan,,,nan,nan,0,ELEVATED,62,1,2
DHUNINV.NS,SELL,nan,downtrend,51.61,-36.65,0.0,,0.0,nan,,,nan,nan,0,ELEVATED,69,1,2
JITFINFRA.NS,SELL,nan,downtrend,54.4,-4.87,0.0,,0.0,nan,,,nan,nan,0,ELEVATED,67,1,2
KRYSTAL.NS,HOLD,nan,weak_trend,45.55,-14.31,0.0,,0.0,nan,,,nan,nan,0,ELEVATED,40,0,3
ORICONENT.NS,HOLD,nan,weak_trend,49.22,0.27,0.0,,0.0,nan,,,nan,nan,0,ELEVATED,40,1,2
STEL.NS,SELL,nan,downtrend,58.21,-2.38,0.0,,0.0,nan,,,nan,nan,0,ELEVATED,65,2,1
SGIL.NS,SELL,nan,downtrend,52.94,-2.79,0.0,,0.0,nan,,,nan,nan,0,ELEVATED,68,1,2
WANBURY.NS,SELL,nan,downtrend,52.53,-3.66,0.0,,0.0,nan,,,nan,nan,0,ELEVATED,68,2,1
CHEMCON.NS,SELL,nan,downtrend,55.4,-4.14,0.0,,0.0,nan,,,nan,nan,0,ELEVATED,67,1,2
VLSFINANCE.NS,SELL,nan,downtrend,60.5,-4.85,0.0,,0.0,nan,,,nan,nan,0,ELEVATED,64,1,2
BHAGERIA.NS,SELL,nan,downtrend,62.13,0.43,0.0,,0.0,nan,,,nan,nan,0,ELEVATED,63,1,2
ASAL.NS,SELL,nan,downtrend,63.43,-1.07,0.0,,0.0,nan,,,nan,nan,0,ELEVATED,63,2,1
ARFIN.NS,HOLD,93.97,weak_trend,80.9,3.3,78.84,,0.0,4.44,,,87.31,102.85,1.33,LOW,40,2,1
SARLAPOLY.NS,SELL,nan,downtrend,53.28,0.04,0.0,,0.0,nan,,,nan,nan,0,ELEVATED,68,1,2
COFFEEDAY.NS,SELL,nan,downtrend,57.99,-0.95,0.0,,0.0,nan,,,nan,nan,0,ELEVATED,66,1,2
BIGBLOC.NS,HOLD,nan,weak_trend,49.79,-1.37,0.0,,0.0,nan,,,nan,nan,0,ELEVATED,40,0,3
GKSL.NS,SELL,nan,downtrend,60.81,-0.13,0.0,,0.0,nan,,,nan,nan,0,ELEVATED,64,1,2
OWAIS.NS,HOLD,135.95,weak_trend,77.75,-10.05,112.82,,366.79,6.44,,,126.29,148.83,1.33,LOW,40,0,3
ZTECH.NS,SELL,546.2,downtrend,61.15,4.67,517.1,,566.94,20.99,,,588.19,441.24,2.5,ELEVATED,64,1,2
AMBIKCO.NS,SELL,nan,downtrend,65.81,9.93,0.0,,0.0,nan,,,nan,nan,0,ELEVATED,62,1,2
UNITEDPOLY.NS,SELL,nan,downtrend,54.41,0.27,0.0,,0.0,nan,,,nan,nan,0,ELEVATED,67,2,1
VHLTD.NS,HOLD,nan,weak_trend,54.84,-1.0,0.0,,0.0,nan,,,nan,nan,0,ELEVATED,40,0,3
ADVANCE.NS,SELL,nan,downtrend,58.8,-3.91,0.0,,0.0,nan,,,nan,nan,0,ELEVATED,65,1,2
INDOBORAX.NS,HOLD,nan,weak_trend,81.58,2.14,0.0,,0.0,nan,,,nan,nan,0,ELEVATED,40,0,3
RATNAVEER.NS,SELL,nan,downtrend,57.97,-0.97,0.0,,0.0,nan,,,nan,nan,0,ELEVATED,66,2,1
SAKAR.NS,SELL,nan,downtrend,66.91,15.29,0.0,,0.0,nan,,,nan,nan,0,ELEVATED,61,2,1
ELDEHSG.NS,SELL,nan,downtrend,56.46,-13.22,0.0,,0.0,nan,,,nan,nan,0,ELEVATED,66,2,1
NINSYS.NS,HOLD,nan,weak_trend,78.44,26.81,0.0,,0.0,nan,,,nan,nan,0,ELEVATED,40,0,3
MALLCOM.NS,SELL,nan,downtrend,59.95,-6.78,0.0,,0.0,nan,,,nan,nan,0,ELEVATED,65,1,2
BODALCHEM.NS,HOLD,nan,weak_trend,74.83,4.34,0.0,,0.0,nan,,,nan,nan,0,ELEVATED,40,0,3
MUKKA.NS,SELL,nan,downtrend,58.32,-0.16,0.0,,0.0,nan,,,nan,nan,0,ELEVATED,65,1,2
TECHLABS.NS,SELL,222.7,downtrend,64.58,-1.36,193.88,,385.17,11.94,,,246.59,162.99,2.5,LOW,62,2,1
MUFTI.NS,SELL,nan,downtrend,55.8,-2.05,0.0,,0.0,nan,,,nan,nan,0,ELEVATED,67,1,2
KAMATHOTEL.NS,HOLD,nan,weak_trend,44.24,-6.02,0.0,,0.0,nan,,,nan,nan,0,ELEVATED,40,0,3
SATIA.NS,SELL,nan,downtrend,61.57,-0.06,0.0,,0.0,nan,,,nan,nan,0,ELEVATED,64,1,2
DWARKESH.NS,HOLD,nan,weak_trend,70.52,2.24,0.0,,0.0,nan,,,nan,nan,0,ELEVATED,40,0,3
KECL.NS,HOLD,nan,weak_trend,80.11,3.24,0.0,,0.0,nan,,,nan,nan,0,ELEVATED,40,1,2
NAHARSPING.NS,HOLD,nan,weak_trend,73.97,9.96,0.0,,0.0,nan,,,nan,nan,0,ELEVATED,40,0,3
KAMDHENU.NS,SELL,nan,downtrend,56.14,-0.24,0.0,,0.0,nan,,,nan,nan,0,ELEVATED,66,1,2
RITCO.NS,SELL,nan,downtrend,52.09,-6.77,0.0,,0.0,nan,,,nan,nan,0,ELEVATED,68,1,2
APEX.NS,SELL,nan,downtrend,67.29,11.43,0.0,,0.0,nan,,,nan,nan,0,ELEVATED,61,1,2
KOPRAN.NS,HOLD,nan,weak_trend,77.4,5.23,0.0,,0.0,nan,,,nan,nan,0,ELEVATED,40,0,3
MAGADSUGAR.NS,SELL,nan,downtrend,69.15,11.68,0.0,,0.0,nan,,,nan,nan,0,ELEVATED,60,1,2
ATL.NS,SELL,24.29,downtrend,56.61,0.12,22.66,,28.52,1.81,,,27.91,15.23,2.5,LOW,66,1,2
PATELRMART.NS,SELL,nan,downtrend,61.52,-0.34,0.0,,0.0,nan,,,nan,nan,0,ELEVATED,64,1,2
20MICRONS.NS,SELL,nan,downtrend,58.95,-2.93,0.0,,0.0,nan,,,nan,nan,0,ELEVATED,65,1,2
RUBYMILLS.NS,HOLD,nan,weak_trend,83.96,5.02,0.0,,0.0,nan,,,nan,nan,0,ELEVATED,40,0,3
GHCLTEXTIL.NS,SELL,nan,downtrend,68.59,1.39,0.0,,0.0,nan,,,nan,nan,0,ELEVATED,60,1,2
ESFL.NS,SELL,148.65,downtrend,59.85,-0.65,132.36,,258.16,6.89,,,162.42,114.22,2.5,LOW,65,1,2
PROZONER.NS,HOLD,nan,weak_trend,73.34,1.45,0.0,,0.0,nan,,,nan,nan,0,ELEVATED,40,0,3
STCINDIA.NS,SELL,nan,downtrend,59.05,-0.67,0.0,,0.0,nan,,,nan,nan,0,ELEVATED,65,1,2
TREL.NS,SELL,26.01,downtrend,62.94,0.44,24.87,,28.96,1.11,,,28.24,20.45,2.5,LOW,63,1,2
LINC.NS,SELL,nan,downtrend,50.29,-1.74,0.0,,0.0,nan,,,nan,nan,0,ELEVATED,69,1,2
MVKAGRO.NS,HOLD,554.4,weak_trend,65.77,5.96,523.57,,496.86,39.52,,,495.12,633.44,1.33,ELEVATED,40,2,1
KSOLVES.NS,SELL,nan,downtrend,60.36,4.12,0.0,,0.0,nan,,,nan,nan,0,ELEVATED,64,1,2
LAXMIINDIA.NS,HOLD,nan,weak_trend,72.1,0.27,0.0,,0.0,nan,,,nan,nan,0,ELEVATED,40,1,2
GEECEE.NS,SELL,nan,downtrend,67.55,0.44,0.0,,0.0,nan,,,nan,nan,0,ELEVATED,61,2,1
RUSHIL.NS,HOLD,nan,weak_trend,45.73,-0.66,0.0,,0.0,nan,,,nan,nan,0,ELEVATED,40,0,3
NBIFIN.NS,SELL,nan,downtrend,53.33,-33.84,0.0,,0.0,nan,,,nan,nan,0,ELEVATED,68,2,1
HLVLTD.NS,SELL,nan,downtrend,62.53,-0.05,0.0,,0.0,nan,,,nan,nan,0,ELEVATED,63,1,2
THEINVEST.NS,SELL,nan,downtrend,56.39,0.41,0.0,,0.0,nan,,,nan,nan,0,ELEVATED,66,1,2
PVP.NS,HOLD,nan,weak_trend,73.58,0.71,0.0,,0.0,nan,,,nan,nan,0,ELEVATED,40,1,2
PPL.NS,SELL,nan,downtrend,63.52,-0.29,0.0,,0.0,nan,,,nan,nan,0,ELEVATED,63,1,2
RSWM.NS,HOLD,nan,weak_trend,71.26,-0.77,0.0,,0.0,nan,,,nan,nan,0,ELEVATED,40,0,3
DMCC.NS,SELL,nan,downtrend,54.32,-2.85,0.0,,0.0,nan,,,nan,nan,0,ELEVATED,67,2,1
SHIVALIK.NS,SELL,nan,downtrend,56.94,-6.04,0.0,,0.0,nan,,,nan,nan,0,ELEVATED,66,1,2
RKSWAMY.NS,SELL,nan,downtrend,50.49,-3.68,0.0,,0.0,nan,,,nan,nan,0,ELEVATED,69,1,2
NAHARPOLY.NS,SELL,nan,downtrend,62.27,2.12,0.0,,0.0,nan,,,nan,nan,0,ELEVATED,63,2,1
VENUSREM.NS,SELL,nan,downtrend,69.47,47.14,0.0,,0.0,nan,,,nan,nan,0,ELEVATED,60,1,2
SUBEXLTD.NS,SELL,nan,downtrend,57.62,-0.15,0.0,,0.0,nan,,,nan,nan,0,ELEVATED,66,1,2
SARVESHWAR.NS,SELL,nan,downtrend,67.89,0.04,0.0,,0.0,nan,,,nan,nan,0,ELEVATED,61,1,2
REPRO.NS,SELL,nan,downtrend,50.54,-9.82,0.0,,0.0,nan,,,nan,nan,0,ELEVATED,69,1,2
ZEEMEDIA.NS,SELL,nan,downtrend,61.99,-0.18,0.0,,0.0,nan,,,nan,nan,0,ELEVATED,64,1,2
SEJALLTD.NS,HOLD,nan,weak_trend,70.04,-13.38,0.0,,0.0,nan,,,nan,nan,0,ELEVATED,40,0,3
GLOSTERLTD.NS,HOLD,nan,weak_trend,71.19,3.02,0.0,,0.0,nan,,,nan,nan,0,ELEVATED,40,0,3
MINDTECK.NS,SELL,nan,downtrend,54.74,-5.69,0.0,,0.0,nan,,,nan,nan,0,ELEVATED,67,1,2
AHCL.NS,SELL,nan,downtrend,69.36,0.59,0.0,,0.0,nan,,,nan,nan,0,ELEVATED,60,2,1
NRAIL.NS,SELL,nan,downtrend,60.48,-3.45,0.0,,0.0,nan,,,nan,nan,0,ELEVATED,64,2,1
HARDWYN.NS,HOLD,nan,weak_trend,90.08,0.91,0.0,,0.0,nan,,,nan,nan,0,ELEVATED,40,1,2
DREAMFOLKS.NS,SELL,nan,downtrend,56.76,-1.85,0.0,,0.0,nan,,,nan,nan,0,ELEVATED,66,1,2
CELLECOR.NS,HOLD,31.2,weak_trend,78.33,1.35,25.99,,30.66,2.06,,,28.11,35.31,1.33,LOW,40,1,2
ONWARDTEC.NS,SELL,nan,downtrend,55.77,-5.95,0.0,,0.0,nan,,,nan,nan,0,ELEVATED,67,1,2
SHREERAMA.NS,SELL,nan,downtrend,61.67,-0.64,0.0,,0.0,nan,,,nan,nan,0,ELEVATED,64,2,1
ACL.NS,SELL,nan,downtrend,55.9,-0.68,0.0,,0.0,nan,,,nan,nan,0,ELEVATED,67,2,1
JAYAGROGN.NS,SELL,nan,downtrend,68.22,2.66,0.0,,0.0,nan,,,nan,nan,0,ELEVATED,60,1,2
ACCENTMIC.NS,HOLD,417.15,weak_trend,68.08,19.8,369.7,,306.32,19.69,,,387.62,456.52,1.33,NORMAL,40,2,1
APTECHT.NS,SELL,nan,downtrend,62.54,-0.69,0.0,,0.0,nan,,,nan,nan,0,ELEVATED,63,1,2
MANBA.NS,HOLD,nan,weak_trend,40.17,-3.56,0.0,,0.0,nan,,,nan,nan,0,ELEVATED,40,0,3
MAANALU.NS,HOLD,nan,weak_trend,48.26,-1.12,0.0,,0.0,nan,,,nan,nan,0,ELEVATED,40,0,3
EMKAY.NS,HOLD,nan,weak_trend,49.26,-6.25,0.0,,0.0,nan,,,nan,nan,0,ELEVATED,40,0,3
URJA.NS,SELL,nan,downtrend,63.68,0.09,0.0,,0.0,nan,,,nan,nan,0,ELEVATED,63,2,1
IRIS.NS,HOLD,nan,weak_trend,49.86,-3.9,0.0,,0.0,nan,,,nan,nan,0,ELEVATED,40,1,2
VISAKAIND.NS,SELL,nan,downtrend,66.48,0.35,0.0,,0.0,nan,,,nan,nan,0,ELEVATED,61,1,2
MODIS.NS,HOLD,nan,weak_trend,42.66,-4.11,0.0,,0.0,nan,,,nan,nan,0,ELEVATED,40,0,3
MMP.NS,SELL,nan,downtrend,61.54,-1.21,0.0,,0.0,nan,,,nan,nan,0,ELEVATED,64,1,2
HINDCOMPOS.NS,SELL,nan,downtrend,60.91,-4.34,0.0,,0.0,nan,,,nan,nan,0,ELEVATED,64,1,2
PARSVNATH.NS,SELL,nan,downtrend,68.77,-0.18,0.0,,0.0,nan,,,nan,nan,0,ELEVATED,60,2,1
ENIL.NS,SELL,nan,downtrend,54.33,-0.25,0.0,,0.0,nan,,,nan,nan,0,ELEVATED,67,1,2
PAKKA.NS,HOLD,nan,weak_trend,71.96,1.54,0.0,,0.0,nan,,,nan,nan,0,ELEVATED,40,0,3
GFLLIMITED.NS,SELL,nan,downtrend,53.76,-0.78,0.0,,0.0,nan,,,nan,nan,0,ELEVATED,68,1,2
MENONBE.NS,SELL,nan,downtrend,53.93,-1.4,0.0,,0.0,nan,,,nan,nan,0,ELEVATED,68,1,2
CSLFINANCE.NS,HOLD,nan,weak_trend,46.55,-3.98,0.0,,0.0,nan,,,nan,nan,0,ELEVATED,40,0,3
GCSL.NS,HOLD,nan,weak_trend,53.34,-2.79,0.0,,0.0,nan,,,nan,nan,0,ELEVATED,40,0,3
MIRCELECTR.NS,HOLD,nan,weak_trend,77.15,0.74,0.0,,0.0,nan,,,nan,nan,0,ELEVATED,40,0,3
CHEVIOT.NS,SELL,nan,downtrend,61.61,2.36,0.0,,0.0,nan,,,nan,nan,0,ELEVATED,64,1,2
SCHAND.NS,SELL,nan,downtrend,65.32,0.09,0.0,,0.0,nan,,,nan,nan,0,ELEVATED,62,1,2
KILITCH.NS,SELL,nan,downtrend,24.25,-8.49,0.0,,0.0,nan,,,nan,nan,0,ELEVATED,82,0,3
KRITI.NS,SELL,nan,downtrend,53.91,-0.36,0.0,,0.0,nan,,,nan,nan,0,ELEVATED,68,1,2
DBEIL.NS,SELL,68.8,downtrend,51.79,-3.29,65.76,,121.97,5.59,,,79.98,40.85,2.5,LOW,69,1,2
INDSWFTLAB.NS,SELL,nan,downtrend,48.79,1.81,0.0,,0.0,nan,,,nan,nan,0,ELEVATED,70,1,2
VERTOZ.NS,SELL,nan,downtrend,62.57,-1.56,0.0,,0.0,nan,,,nan,nan,0,ELEVATED,63,1,2
FOODSIN.NS,SELL,nan,downtrend,64.33,0.03,0.0,,0.0,nan,,,nan,nan,0,ELEVATED,62,1,2
SICALLOG.NS,HOLD,64.49,weak_trend,51.21,-1.87,64.46,,0.0,2.34,,,60.99,69.16,1.33,LOW,40,2,1
MWL.NS,HOLD,nan,weak_trend,49.25,-1.17,0.0,,0.0,nan,,,nan,nan,0,ELEVATED,40,0,3
ASIANHOTNR.NS,SELL,nan,downtrend,53.42,0.79,0.0,,0.0,nan,,,nan,nan,0,ELEVATED,68,1,2
GANESHBE.NS,HOLD,nan,weak_trend,74.65,1.62,0.0,,0.0,nan,,,nan,nan,0,ELEVATED,40,1,2
IGCL.NS,SELL,nan,downtrend,57.68,-0.54,0.0,,0.0,nan,,,nan,nan,0,ELEVATED,66,1,2
BORANA.NS,HOLD,nan,weak_trend,39.19,-12.38,0.0,,0.0,nan,,,nan,nan,0,ELEVATED,40,0,3
TIRUPATI.NS,HOLD,451.0,weak_trend,35.7,-24.17,468.6,,601.27,10.11,,,435.83,471.23,1.33,LOW,40,0,3
SHALPAINTS.NS,SELL,nan,downtrend,59.84,-1.75,0.0,,0.0,nan,,,nan,nan,0,ELEVATED,65,1,2
SBGLP.NS,SELL,nan,downtrend,64.95,-0.36,0.0,,0.0,nan,,,nan,nan,0,ELEVATED,62,1,2
TOLINS.NS,SELL,nan,downtrend,59.93,-2.22,0.0,,0.0,nan,,,nan,nan,0,ELEVATED,65,1,2
ONMOBILE.NS,HOLD,nan,weak_trend,41.63,-1.63,0.0,,0.0,nan,,,nan,nan,0,ELEVATED,40,0,3
GLOTTIS.NS,HOLD,nan,weak_trend,78.47,0.61,0.0,,0.0,nan,,,nan,nan,0,ELEVATED,40,1,2
IRISDOREME.NS,SELL,nan,downtrend,62.97,0.07,0.0,,0.0,nan,,,nan,nan,0,ELEVATED,63,2,1
NILASPACES.NS,SELL,nan,downtrend,58.17,-0.02,0.0,,0.0,nan,,,nan,nan,0,ELEVATED,65,1,2
GIRIRAJ.NS,HOLD,168.3,weak_trend,56.78,5.99,171.22,,229.34,8.0,,,156.3,184.3,1.33,LOW,40,1,2
SILINV.NS,SELL,nan,downtrend,60.98,-2.7,0.0,,0.0,nan,,,nan,nan,0,ELEVATED,64,1,2
SPECIALITY.NS,SELL,nan,downtrend,57.77,-0.42,0.0,,0.0,nan,,,nan,nan,0,ELEVATED,66,1,2
GPECO.NS,SELL,388.45,downtrend,67.49,5.39,324.82,,461.05,25.86,,,440.17,259.15,2.5,ELEVATED,61,2,1
OCCLLTD.NS,SELL,91.74,downtrend,56.94,0.94,87.76,,111.72,5.33,,,102.4,65.09,2.5,LOW,66,1,2
MOS.NS,HOLD,13.45,weak_trend,49.7,-1.6,12.41,,61.45,0.79,,,12.27,15.03,1.33,LOW,40,0,3
SUTLEJTEX.NS,SELL,nan,downtrend,59.2,-0.15,0.0,,0.0,nan,,,nan,nan,0,ELEVATED,65,2,1
RPPINFRA.NS,SELL,nan,downtrend,58.3,-1.19,0.0,,0.0,nan,,,nan,nan,0,ELEVATED,65,1,2
PYRAMID.NS,SELL,nan,downtrend,55.47,0.33,0.0,,0.0,nan,,,nan,nan,0,ELEVATED,67,1,2
PRIMO.NS,HOLD,nan,weak_trend,79.29,0.86,0.0,,0.0,nan,,,nan,nan,0,ELEVATED,40,0,3
FOCUS.NS,HOLD,nan,weak_trend,49.89,-0.29,0.0,,0.0,nan,,,nan,nan,0,ELEVATED,40,0,3
SJLOGISTIC.NS,SELL,293.55,downtrend,52.27,-0.73,274.67,,370.34,24.71,,,342.97,170.0,2.5,ELEVATED,68,1,2
TARACHAND.NS,HOLD,nan,weak_trend,70.19,-0.31,0.0,,0.0,nan,,,nan,nan,0,ELEVATED,40,0,3
CONSOFINVT.NS,SELL,nan,downtrend,50.09,-2.19,0.0,,0.0,nan,,,nan,nan,0,ELEVATED,69,1,2
KRONOX.NS,SELL,nan,downtrend,67.12,3.92,0.0,,0.0,nan,,,nan,nan,0,ELEVATED,61,1,2
RADIANTCMS.NS,HOLD,nan,weak_trend,70.96,0.48,0.0,,0.0,nan,,,nan,nan,0,ELEVATED,40,0,3
BAHETI.NS,BUY,583.9,uptrend,64.81,-2.33,523.01,,572.05,25.9,572.22,595.58,532.09,713.42,2.5,ELEVATED,77,3,0
HMVL.NS,SELL,nan,downtrend,60.26,-0.2,0.0,,0.0,nan,,,nan,nan,0,ELEVATED,64,1,2
KAYA.NS,HOLD,nan,weak_trend,44.98,-15.55,0.0,,0.0,nan,,,nan,nan,0,ELEVATED,40,0,3
ESSARSHPNG.NS,SELL,nan,downtrend,67.47,-0.06,0.0,,0.0,nan,,,nan,nan,0,ELEVATED,61,2,1
INTLCONV.NS,SELL,nan,downtrend,59.91,-1.01,0.0,,0.0,nan,,,nan,nan,0,ELEVATED,65,1,2
EMAMIPAP.NS,SELL,72.43,downtrend,57.73,-2.31,67.27,,90.71,3.79,,,80.02,53.46,2.5,LOW,66,1,2
ZODIAC.NS,SELL,285.74,downtrend,63.58,6.31,248.18,,347.82,21.93,,,329.61,176.08,2.5,ELEVATED,63,2,1
EIFFL.NS,SELL,nan,downtrend,55.35,0.2,0.0,,0.0,nan,,,nan,nan,0,ELEVATED,67,1,2
DIGISPICE.NS,SELL,nan,downtrend,52.86,-0.51,0.0,,0.0,nan,,,nan,nan,0,ELEVATED,68,1,2
SURAJLTD.NS,SELL,nan,downtrend,53.79,5.95,0.0,,0.0,nan,,,nan,nan,0,ELEVATED,68,2,1
MBLINFRA.NS,SELL,nan,downtrend,69.92,0.03,0.0,,0.0,nan,,,nan,nan,0,ELEVATED,60,1,2
COMSYN.NS,HOLD,nan,weak_trend,40.35,-2.15,0.0,,0.0,nan,,,nan,nan,0,ELEVATED,40,0,3
PRECOT.NS,HOLD,nan,weak_trend,70.7,25.02,0.0,,0.0,nan,,,nan,nan,0,ELEVATED,40,0,3
VINSYS.NS,SELL,334.85,downtrend,58.89,-3.47,286.43,,366.61,28.17,,,391.19,193.99,2.5,ELEVATED,65,1,2
TPLPLASTEH.NS,SELL,nan,downtrend,61.55,0.2,0.0,,0.0,nan,,,nan,nan,0,ELEVATED,64,1,2
ALLETEC.NS,SELL,177.8,downtrend,63.85,6.35,151.93,,249.15,13.87,,,205.55,108.43,2.5,NORMAL,63,1,2
RBZJEWEL.NS,SELL,nan,downtrend,68.84,2.69,0.0,,0.0,nan,,,nan,nan,0,ELEVATED,60,1,2
HERCULES.NS,HOLD,159.32,weak_trend,50.0,-0.01,159.32,,170.62,0.0,,,159.32,159.32,0,LOW,40,0,3
HILINFRA.NS,HOLD,51.13,weak_trend,57.48,-0.58,48.03,,0.0,2.76,,,46.99,56.65,1.33,LOW,40,2,1
RAMAPHO.NS,SELL,nan,downtrend,66.49,-0.44,0.0,,0.0,nan,,,nan,nan,0,ELEVATED,61,1,2
ORIENTPPR.NS,SELL,nan,downtrend,63.88,-0.14,0.0,,0.0,nan,,,nan,nan,0,ELEVATED,63,1,2
GVKPIL.NS,HOLD,nan,weak_trend,48.15,-0.07,0.0,,0.0,nan,,,nan,nan,0,ELEVATED,40,0,3
LIBERTSHOE.NS,SELL,nan,downtrend,55.9,2.5,0.0,,0.0,nan,,,nan,nan,0,ELEVATED,67,1,2
KNAGRI.NS,HOLD,nan,weak_trend,77.04,9.36,0.0,,0.0,nan,,,nan,nan,0,ELEVATED,40,0,3
ANNAPURNA.NS,SELL,187.35,downtrend,60.78,3.36,169.22,,231.49,15.26,,,217.86,111.06,2.5,NORMAL,64,1,2
BELLACASA.NS,SELL,nan,downtrend,56.41,-1.82,0.0,,0.0,nan,,,nan,nan,0,ELEVATED,66,1,2
BMWVENTLTD.NS,HOLD,nan,weak_trend,47.03,-0.44,0.0,,0.0,nan,,,nan,nan,0,ELEVATED,40,0,3
PARIN.NS,HOLD,634.0,weak_trend,47.11,-11.7,630.13,,536.72,57.88,,,547.18,749.76,1.33,ELEVATED,40,1,2
KAPSTON.NS,SELL,nan,downtrend,54.93,-11.81,0.0,,0.0,nan,,,nan,nan,0,ELEVATED,67,1,2
ADVANIHOTR.NS,SELL,nan,downtrend,55.34,-0.43,0.0,,0.0,nan,,,nan,nan,0,ELEVATED,67,1,2
DBOL.NS,HOLD,nan,weak_trend,78.32,5.41,0.0,,0.0,nan,,,nan,nan,0,ELEVATED,40,0,3
TRACXN.NS,SELL,nan,downtrend,52.03,-0.5,0.0,,0.0,nan,,,nan,nan,0,ELEVATED,68,1,2
MUNJALSHOW.NS,SELL,nan,downtrend,56.55,-0.83,0.0,,0.0,nan,,,nan,nan,0,ELEVATED,66,2,1
SREEL.NS,SELL,nan,downtrend,51.34,-3.9,0.0,,0.0,nan,,,nan,nan,0,ELEVATED,69,1,2
ORBTEXP.NS,SELL,nan,downtrend,62.18,-1.79,0.0,,0.0,nan,,,nan,nan,0,ELEVATED,63,1,2
MAZDA.NS,SELL,nan,downtrend,65.3,-1.15,0.0,,0.0,nan,,,nan,nan,0,ELEVATED,62,1,2
VISASTEEL.NS,SELL,nan,downtrend,56.14,-1.18,0.0,,0.0,nan,,,nan,nan,0,ELEVATED,66,1,2
GUJAPOLLO.NS,SELL,nan,downtrend,58.46,10.95,0.0,,0.0,nan,,,nan,nan,0,ELEVATED,65,1,2
TRANSWORLD.NS,SELL,143.73,downtrend,59.04,-1.08,133.1,,214.15,8.48,,,160.69,101.33,2.5,LOW,65,1,2
PTL.NS,SELL,nan,downtrend,59.42,0.03,0.0,,0.0,nan,,,nan,nan,0,ELEVATED,65,2,1
DPEL.NS,HOLD,443.75,weak_trend,68.11,36.92,396.88,,249.11,17.59,,,417.37,478.92,1.33,NORMAL,40,2,1
EFFWA.NS,HOLD,224.65,weak_trend,61.6,3.71,202.32,,222.34,13.24,,,204.79,251.14,1.33,NORMAL,40,2,1
MEGATHERM.NS,SELL,232.25,downtrend,67.85,4.75,200.7,,259.01,11.84,,,255.93,173.05,2.5,LOW,61,1,2
AVONMORE.NS,HOLD,nan,weak_trend,49.59,-0.56,0.0,,0.0,nan,,,nan,nan,0,ELEVATED,40,0,3
WSI.NS,SELL,nan,downtrend,59.7,1.05,0.0,,0.0,nan,,,nan,nan,0,ELEVATED,65,1,2
SUPREMEPWR.NS,SELL,181.55,downtrend,56.32,5.32,165.64,,193.39,12.08,,,205.7,121.18,2.5,NORMAL,66,1,2
SUKHJITS.NS,SELL,nan,downtrend,65.69,-0.73,0.0,,0.0,nan,,,nan,nan,0,ELEVATED,62,1,2
MGEL.NS,SELL,nan,downtrend,62.83,0.18,0.0,,0.0,nan,,,nan,nan,0,ELEVATED,63,1,2
CGRAPHICS.NS,SELL,167.05,downtrend,64.3,4.75,150.87,,193.97,11.25,,,189.56,110.78,2.5,LOW,62,1,2
DONEAR.NS,SELL,nan,downtrend,60.46,0.23,0.0,,0.0,nan,,,nan,nan,0,ELEVATED,64,1,2
TERASOFT.NS,SELL,nan,downtrend,61.81,-8.46,0.0,,0.0,nan,,,nan,nan,0,ELEVATED,64,1,2
MODISONLTD.NS,SELL,nan,downtrend,64.6,0.38,0.0,,0.0,nan,,,nan,nan,0,ELEVATED,62,1,2
VINYLINDIA.NS,SELL,nan,downtrend,66.26,2.35,0.0,,0.0,nan,,,nan,nan,0,ELEVATED,61,1,2
DICIND.NS,SELL,nan,downtrend,52.74,-2.64,0.0,,0.0,nan,,,nan,nan,0,ELEVATED,68,1,2
CPEDU.NS,SELL,nan,downtrend,66.33,-3.33,0.0,,0.0,nan,,,nan,nan,0,ELEVATED,61,1,2
EUROBOND.NS,SELL,nan,downtrend,66.06,-0.77,0.0,,0.0,nan,,,nan,nan,0,ELEVATED,61,1,2
MIRZAINT.NS,SELL,nan,downtrend,54.61,-0.68,0.0,,0.0,nan,,,nan,nan,0,ELEVATED,67,1,2
ATMASTCO.NS,SELL,150.35,downtrend,59.33,1.35,130.54,,182.06,11.92,,,174.19,90.74,2.5,LOW,65,1,2
CLEDUCATE.NS,SELL,nan,downtrend,60.82,-0.28,0.0,,0.0,nan,,,nan,nan,0,ELEVATED,64,1,2
PAVNAIND.NS,HOLD,nan,weak_trend,50.0,-0.76,0.0,,0.0,nan,,,nan,nan,0,ELEVATED,40,1,2
SOFTTECH.NS,SELL,nan,downtrend,69.17,5.34,0.0,,0.0,nan,,,nan,nan,0,ELEVATED,60,1,2
NAHARINDUS.NS,HOLD,nan,weak_trend,74.05,0.69,0.0,,0.0,nan,,,nan,nan,0,ELEVATED,40,0,3
CYBERTECH.NS,SELL,nan,downtrend,63.73,2.46,0.0,,0.0,nan,,,nan,nan,0,ELEVATED,63,1,2
MEDICAMEQ.NS,HOLD,nan,weak_trend,39.43,-18.54,0.0,,0.0,nan,,,nan,nan,0,ELEVATED,40,0,3
PANACHE.NS,HOLD,nan,weak_trend,43.03,-4.21,0.0,,0.0,nan,,,nan,nan,0,ELEVATED,40,1,2
HCL-INSYS.NS,SELL,nan,downtrend,54.25,-0.11,0.0,,0.0,nan,,,nan,nan,0,ELEVATED,67,1,2
MODINATUR.NS,HOLD,nan,weak_trend,78.81,11.96,0.0,,0.0,nan,,,nan,nan,0,ELEVATED,40,0,3
ABSMARINE.NS,HOLD,200.3,weak_trend,67.28,6.94,171.23,,193.02,13.24,,,180.44,226.78,1.33,NORMAL,40,2,1
KOTHARIPRO.NS,SELL,nan,downtrend,61.05,-0.02,0.0,,0.0,nan,,,nan,nan,0,ELEVATED,64,1,2
HTMEDIA.NS,SELL,nan,downtrend,63.27,0.4,0.0,,0.0,nan,,,nan,nan,0,ELEVATED,63,1,2
VRAJ.NS,SELL,nan,downtrend,66.61,-0.23,0.0,,0.0,nan,,,nan,nan,0,ELEVATED,61,2,1
UGARSUGAR.NS,SELL,nan,downtrend,62.61,0.55,0.0,,0.0,nan,,,nan,nan,0,ELEVATED,63,1,2
XTGLOBAL.NS,HOLD,29.3,weak_trend,48.8,-0.62,29.65,,34.52,2.17,,,26.05,33.63,1.33,LOW,40,0,3
SINCLAIR.NS,SELL,nan,downtrend,69.56,0.86,0.0,,0.0,nan,,,nan,nan,0,ELEVATED,60,1,2
DAVANGERE.NS,HOLD,nan,weak_trend,42.57,-0.1,0.0,,0.0,nan,,,nan,nan,0,ELEVATED,40,1,2
HIGREEN.NS,SELL,145.3,downtrend,60.76,1.48,123.03,,175.44,9.1,,,163.5,99.8,2.5,LOW,64,1,2
MOLDTECH.NS,SELL,nan,downtrend,54.18,-2.09,0.0,,0.0,nan,,,nan,nan,0,ELEVATED,67,1,2
PREMIERPOL.NS,SELL,nan,downtrend,49.68,0.72,0.0,,0.0,nan,,,nan,nan,0,ELEVATED,70,0,3
ARIES.NS,HOLD,nan,weak_trend,70.22,8.94,0.0,,0.0,nan,,,nan,nan,0,ELEVATED,40,0,3
NDL.NS,SELL,nan,downtrend,61.87,-0.01,0.0,,0.0,nan,,,nan,nan,0,ELEVATED,64,1,2
SIGMA.NS,SELL,nan,downtrend,59.21,-0.06,0.0,,0.0,nan,,,nan,nan,0,ELEVATED,65,1,2
SAHAJSOLAR.NS,SELL,141.0,downtrend,62.91,1.12,116.36,,193.54,11.25,,,163.51,84.73,2.5,LOW,63,1,2
NAHARCAP.NS,SELL,nan,downtrend,58.65,-0.12,0.0,,0.0,nan,,,nan,nan,0,ELEVATED,65,1,2
SPENCERS.NS,SELL,nan,downtrend,63.64,-0.36,0.0,,0.0,nan,,,nan,nan,0,ELEVATED,63,1,2
POLYSIL.NS,SELL,186.0,downtrend,61.74,-2.08,172.45,,208.58,9.61,,,205.23,137.93,2.5,LOW,64,1,2
ORIENTCER.NS,HOLD,40.29,weak_trend,56.4,0.43,37.85,,40.09,2.5,,,36.53,45.3,1.33,LOW,40,2,1
PLASTIBLEN.NS,SELL,nan,downtrend,60.44,-1.51,0.0,,0.0,nan,,,nan,nan,0,ELEVATED,64,1,2
BIRLACABLE.NS,SELL,nan,downtrend,51.12,-3.12,0.0,,0.0,nan,,,nan,nan,0,ELEVATED,69,2,1
LORDSCHLO.NS,HOLD,159.46,weak_trend,80.52,5.72,125.24,,169.94,10.14,,,144.24,179.75,1.33,LOW,40,1,2
AMANTA.NS,HOLD,nan,weak_trend,82.83,2.15,0.0,,0.0,nan,,,nan,nan,0,ELEVATED,40,0,3
GSLSU.NS,HOLD,nan,weak_trend,44.45,-6.27,0.0,,0.0,nan,,,nan,nan,0,ELEVATED,40,0,3
THOMASCOTT.NS,SELL,nan,downtrend,54.44,-9.15,0.0,,0.0,nan,,,nan,nan,0,ELEVATED,67,1,2
KANPRPLA.NS,SELL,nan,downtrend,54.89,0.96,0.0,,0.0,nan,,,nan,nan,0,ELEVATED,67,1,2
NRL.NS,SELL,nan,downtrend,60.06,-0.45,0.0,,0.0,nan,,,nan,nan,0,ELEVATED,64,1,2
MCLEODRUSS.NS,SELL,nan,downtrend,69.63,-0.19,0.0,,0.0,nan,,,nan,nan,0,ELEVATED,60,1,2
MUTHOOTCAP.NS,SELL,nan,downtrend,53.74,-6.15,0.0,,0.0,nan,,,nan,nan,0,ELEVATED,68,2,1
PANSARI.NS,HOLD,nan,weak_trend,43.59,-4.94,0.0,,0.0,nan,,,nan,nan,0,ELEVATED,40,0,3
MONEYBOXX.NS,SELL,nan,downtrend,62.86,1.88,0.0,,0.0,nan,,,nan,nan,0,ELEVATED,63,1,2
SOUTHWEST.NS,HOLD,nan,weak_trend,74.0,8.65,0.0,,0.0,nan,,,nan,nan,0,ELEVATED,40,1,2
ALBERTDAVD.NS,SELL,nan,downtrend,62.79,0.39,0.0,,0.0,nan,,,nan,nan,0,ELEVATED,63,1,2
SRD.NS,HOLD,44.57,weak_trend,48.88,-1.59,45.11,,66.25,4.25,,,38.2,53.07,1.33,LOW,40,0,3
SRGHFL.NS,SELL,276.87,downtrend,63.41,1.67,253.69,,287.32,15.8,,,308.47,197.86,2.5,NORMAL,63,1,2
RAMANEWS.NS,SELL,nan,downtrend,49.61,-0.67,0.0,,0.0,nan,,,nan,nan,0,ELEVATED,70,0,3
KRITINUT.NS,SELL,nan,downtrend,57.93,-0.48,0.0,,0.0,nan,,,nan,nan,0,ELEVATED,66,1,2
CHEMBONDCH.NS,SELL,nan,downtrend,66.03,1.43,0.0,,0.0,nan,,,nan,nan,0,ELEVATED,61,1,2
TIRUPATIFL.NS,SELL,nan,downtrend,32.46,1.09,0.0,,0.0,nan,,,nan,nan,0,ELEVATED,78,0,3
PCCL.NS,HOLD,249.85,weak_trend,56.6,7.0,239.98,,197.28,11.87,,,232.04,273.6,1.33,LOW,40,2,1
RBMINFRA.NS,HOLD,420.35,weak_trend,73.67,8.4,326.35,,418.72,29.26,,,376.45,478.88,1.33,ELEVATED,40,1,2
VALIANTLAB.NS,SELL,nan,downtrend,54.69,0.26,0.0,,0.0,nan,,,nan,nan,0,ELEVATED,67,1,2
EMAMIREAL.NS,SELL,nan,downtrend,66.53,0.26,0.0,,0.0,nan,,,nan,nan,0,ELEVATED,61,1,2
MANAKSIA.NS,SELL,nan,downtrend,63.37,-1.03,0.0,,0.0,nan,,,nan,nan,0,ELEVATED,63,1,2
NOVAAGRI.NS,SELL,nan,downtrend,57.55,-0.42,0.0,,0.0,nan,,,nan,nan,0,ELEVATED,66,1,2
SWARAJ.NS,BUY,294.7,uptrend,50.43,0.62,287.39,,226.8,9.31,288.81,300.59,276.07,341.27,2.5,LOW,70,3,0
MANORG.NS,SELL,nan,downtrend,60.84,-0.29,0.0,,0.0,nan,,,nan,nan,0,ELEVATED,64,1,2
REMSONSIND.NS,SELL,nan,downtrend,59.04,-3.24,0.0,,0.0,nan,,,nan,nan,0,ELEVATED,65,1,2
TIGERLOGS.NS,BUY,28.77,uptrend,64.02,-0.29,26.55,,0.0,2.17,28.19,29.35,24.42,39.63,2.5,LOW,77,3,0
GLOBECIVIL.NS,SELL,nan,downtrend,54.54,-1.69,0.0,,0.0,nan,,,nan,nan,0,ELEVATED,67,1,2
KHADIM.NS,SELL,nan,downtrend,53.42,-9.59,0.0,,0.0,nan,,,nan,nan,0,ELEVATED,68,2,1
PASUPTAC.NS,SELL,nan,downtrend,56.48,-0.53,0.0,,0.0,nan,,,nan,nan,0,ELEVATED,66,1,2
ASHIMASYN.NS,SELL,nan,downtrend,53.36,-0.24,0.0,,0.0,nan,,,nan,nan,0,ELEVATED,68,1,2
BANSWRAS.NS,SELL,nan,downtrend,51.26,-1.18,0.0,,0.0,nan,,,nan,nan,0,ELEVATED,69,1,2
FILATFASH.NS,HOLD,0.22,weak_trend,72.73,-0.0,0.17,,0.43,0.01,,,0.2,0.24,1.33,LOW,40,1,2
S&SPOWER.NS,SELL,nan,downtrend,48.62,0.77,0.0,,0.0,nan,,,nan,nan,0,ELEVATED,70,0,3
HPAL.NS,SELL,nan,downtrend,66.89,-0.15,0.0,,0.0,nan,,,nan,nan,0,ELEVATED,61,1,2
RUBFILA.NS,SELL,67.07,downtrend,68.16,0.23,62.62,,75.29,3.05,,,73.16,51.83,2.5,LOW,60,1,2
GENUSPAPER.NS,SELL,nan,downtrend,58.29,-0.1,0.0,,0.0,nan,,,nan,nan,0,ELEVATED,65,2,1
DENORA.NS,SELL,nan,downtrend,60.18,15.7,0.0,,0.0,nan,,,nan,nan,0,ELEVATED,64,1,2
ORIENTBELL.NS,SELL,nan,downtrend,53.11,-3.49,0.0,,0.0,nan,,,nan,nan,0,ELEVATED,68,1,2
RHL.NS,SELL,nan,downtrend,62.5,-1.15,0.0,,0.0,nan,,,nan,nan,0,ELEVATED,63,1,2
TICL.NS,HOLD,nan,weak_trend,42.33,-0.19,0.0,,0.0,nan,,,nan,nan,0,ELEVATED,40,1,2
SPCENET.NS,SELL,nan,downtrend,52.28,-0.29,0.0,,0.0,nan,,,nan,nan,0,ELEVATED,68,1,2
JKIPL.NS,SELL,nan,downtrend,62.27,-1.94,0.0,,0.0,nan,,,nan,nan,0,ELEVATED,63,2,1
BEDMUTHA.NS,SELL,nan,downtrend,50.64,-4.52,0.0,,0.0,nan,,,nan,nan,0,ELEVATED,69,1,2
INFOLLION.NS,HOLD,329.25,weak_trend,71.05,0.73,302.55,,402.07,18.75,,,301.12,366.76,1.33,NORMAL,40,0,3
WELINV.NS,SELL,nan,downtrend,54.4,2.0,0.0,,0.0,nan,,,nan,nan,0,ELEVATED,67,1,2
NILAINFRA.NS,SELL,nan,downtrend,69.88,0.11,0.0,,0.0,nan,,,nan,nan,0,ELEVATED,60,1,2
UNIDT.NS,HOLD,nan,weak_trend,77.33,5.98,0.0,,0.0,nan,,,nan,nan,0,ELEVATED,40,0,3
VISHNUINFR.NS,HOLD,168.75,weak_trend,70.92,-2.12,143.94,,167.38,10.24,,,153.39,189.23,1.33,LOW,40,1,2
AVPINFRA.NS,SELL,102.95,downtrend,62.67,0.87,93.03,,145.75,5.85,,,114.65,73.7,2.5,LOW,63,1,2
DEVX.NS,SELL,nan,downtrend,53.03,-0.87,0.0,,0.0,nan,,,nan,nan,0,ELEVATED,68,1,2
AARON.NS,SELL,nan,downtrend,53.21,-2.38,0.0,,0.0,nan,,,nan,nan,0,ELEVATED,68,1,2
GICL.NS,HOLD,nan,weak_trend,45.17,-1.27,0.0,,0.0,nan,,,nan,nan,0,ELEVATED,40,0,3
GOKUL.NS,SELL,nan,downtrend,46.56,0.02,0.0,,0.0,nan,,,nan,nan,0,ELEVATED,71,0,3
GOACARBON.NS,SELL,nan,downtrend,60.97,-6.85,0.0,,0.0,nan,,,nan,nan,0,ELEVATED,64,1,2
RUCHIRA.NS,HOLD,nan,weak_trend,71.99,0.33,0.0,,0.0,nan,,,nan,nan,0,ELEVATED,40,0,3
SHIVAUM.NS,HOLD,nan,weak_trend,52.66,11.92,0.0,,0.0,nan,,,nan,nan,0,ELEVATED,40,0,3
PHANTOMFX.NS,SELL,200.1,downtrend,60.51,-2.47,181.48,,242.58,10.76,,,221.61,146.31,2.5,LOW,64,1,2
MANAKSTEEL.NS,SELL,nan,downtrend,60.11,-0.42,0.0,,0.0,nan,,,nan,nan,0,ELEVATED,64,1,2
AARTISURF.NS,SELL,nan,downtrend,68.7,1.51,0.0,,0.0,nan,,,nan,nan,0,ELEVATED,60,1,2
SAKUMA.NS,HOLD,nan,weak_trend,70.27,0.07,0.0,,0.0,nan,,,nan,nan,0,ELEVATED,40,0,3
ASMS.NS,SELL,nan,downtrend,54.14,-0.41,0.0,,0.0,nan,,,nan,nan,0,ELEVATED,67,1,2
VIKASLIFE.NS,SELL,nan,downtrend,69.41,0.02,0.0,,0.0,nan,,,nan,nan,0,ELEVATED,60,1,2
BBTCL.NS,SELL,nan,downtrend,56.67,0.55,0.0,,0.0,nan,,,nan,nan,0,ELEVATED,66,1,2
MAHEPC.NS,HOLD,nan,weak_trend,49.04,-2.17,0.0,,0.0,nan,,,nan,nan,0,ELEVATED,40,1,2
GOLDKART.NS,HOLD,243.5,weak_trend,31.96,-1.74,246.7,,242.36,0.84,,,242.25,245.17,1.33,LOW,40,0,3
DYNPRO.NS,HOLD,nan,weak_trend,49.67,-0.95,0.0,,0.0,nan,,,nan,nan,0,ELEVATED,40,1,2
IL&FSENGG.NS,SELL,nan,downtrend,66.46,0.57,0.0,,0.0,nan,,,nan,nan,0,ELEVATED,61,1,2
INFINIUM.NS,SELL,215.05,downtrend,60.6,0.75,204.89,,242.35,7.96,,,230.97,175.25,2.5,LOW,64,1,2
FCSSOFT.NS,HOLD,nan,weak_trend,71.58,0.03,0.0,,0.0,nan,,,nan,nan,0,ELEVATED,40,0,3
ZIMLAB.NS,SELL,nan,downtrend,61.95,0.49,0.0,,0.0,nan,,,nan,nan,0,ELEVATED,64,1,2
APCL.NS,SELL,nan,downtrend,57.15,-2.7,0.0,,0.0,nan,,,nan,nan,0,ELEVATED,66,1,2
SUMIT.NS,SELL,nan,downtrend,52.97,1.18,0.0,,0.0,nan,,,nan,nan,0,ELEVATED,68,1,2
SHREEKARNI.NS,SELL,400.0,downtrend,55.78,-3.63,371.26,,504.9,19.65,,,439.29,301.77,2.5,NORMAL,67,1,2
ROSSELLIND.NS,SELL,nan,downtrend,64.27,0.9,0.0,,0.0,nan,,,nan,nan,0,ELEVATED,62,1,2
BCONCEPTS.NS,SELL,nan,downtrend,56.76,-4.37,0.0,,0.0,nan,,,nan,nan,0,ELEVATED,66,1,2
VARDMNPOLY.NS,SELL,nan,downtrend,54.8,-0.06,0.0,,0.0,nan,,,nan,nan,0,ELEVATED,67,1,2
INM.NS,HOLD,180.0,weak_trend,47.22,-1.34,181.36,,404.65,4.38,,,173.43,188.76,1.33,LOW,40,0,3
SYSTANGO.NS,HOLD,276.95,weak_trend,57.55,3.15,252.82,,266.42,15.33,,,253.95,307.61,1.33,NORMAL,40,2,1
OILCOUNTUB.NS,SELL,nan,downtrend,64.59,-1.01,0.0,,0.0,nan,,,nan,nan,0,ELEVATED,62,1,2
VGL.NS,SELL,62.12,downtrend,54.82,-0.51,56.53,,73.74,6.69,,,75.49,28.69,2.5,LOW,67,1,2
3IINFOLTD.NS,HOLD,nan,weak_trend,77.09,0.39,0.0,,0.0,nan,,,nan,nan,0,ELEVATED,40,0,3
IITL.NS,HOLD,nan,weak_trend,71.58,1.82,0.0,,0.0,nan,,,nan,nan,0,ELEVATED,40,1,2
DCI.NS,HOLD,nan,weak_trend,70.41,29.79,0.0,,0.0,nan,,,nan,nan,0,ELEVATED,40,0,3
INSPIRISYS.NS,SELL,nan,downtrend,58.86,-0.72,0.0,,0.0,nan,,,nan,nan,0,ELEVATED,65,1,2
WTICAB.NS,SELL,105.25,downtrend,50.59,-2.3,97.6,,145.08,8.24,,,121.73,64.05,2.5,LOW,69,1,2
SHIVAMAUTO.NS,SELL,nan,downtrend,65.28,-0.21,0.0,,0.0,nan,,,nan,nan,0,ELEVATED,62,1,2
GINNIFILA.NS,SELL,nan,downtrend,62.9,0.39,0.0,,0.0,nan,,,nan,nan,0,ELEVATED,63,1,2
PROV.NS,BUY,1280.0,uptrend,66.66,6.63,1183.29,,1135.67,50.78,1254.4,1305.6,1178.44,1533.91,2.5,ELEVATED,78,3,0
MEDICO.NS,SELL,nan,downtrend,50.68,-1.34,0.0,,0.0,nan,,,nan,nan,0,ELEVATED,69,1,2
BALAJEE.NS,HOLD,33.78,weak_trend,73.47,0.75,26.37,,41.43,2.4,,,30.18,38.58,1.33,LOW,40,0,3
RCOM.NS,SELL,nan,downtrend,68.29,0.0,0.0,,0.0,nan,,,nan,nan,0,ELEVATED,60,2,1
BROOKS.NS,SELL,nan,downtrend,65.58,1.38,0.0,,0.0,nan,,,nan,nan,0,ELEVATED,62,1,2
NDGL.NS,HOLD,nan,weak_trend,47.01,-14.65,0.0,,0.0,nan,,,nan,nan,0,ELEVATED,40,0,3
LOKESHMACH.NS,HOLD,nan,weak_trend,76.5,8.77,0.0,,0.0,nan,,,nan,nan,0,ELEVATED,40,1,2
NECLIFE.NS,SELL,nan,downtrend,57.21,-0.43,0.0,,0.0,nan,,,nan,nan,0,ELEVATED,66,2,1
EXXARO.NS,SELL,nan,downtrend,58.36,-0.06,0.0,,0.0,nan,,,nan,nan,0,ELEVATED,65,2,1
BPL.NS,SELL,nan,downtrend,56.46,-1.6,0.0,,0.0,nan,,,nan,nan,0,ELEVATED,66,1,2
TRF.NS,SELL,nan,downtrend,64.31,-0.41,0.0,,0.0,nan,,,nan,nan,0,ELEVATED,62,1,2
HALEOSLABS.NS,HOLD,1278.4,weak_trend,51.95,4.07,1261.87,,0.0,53.5,,,1198.15,1385.4,1.33,ELEVATED,40,2,1
HARRMALAYA.NS,HOLD,nan,weak_trend,70.08,3.09,0.0,,0.0,nan,,,nan,nan,0,ELEVATED,40,0,3
MANCREDIT.NS,SELL,nan,downtrend,69.89,1.49,0.0,,0.0,nan,,,nan,nan,0,ELEVATED,60,1,2
ASAHISONG.NS,SELL,nan,downtrend,67.73,3.32,0.0,,0.0,nan,,,nan,nan,0,ELEVATED,61,1,2
GLOBAL.NS,HOLD,nan,weak_trend,48.68,0.4,0.0,,0.0,nan,,,nan,nan,0,ELEVATED,40,1,2
URAVIDEF.NS,HOLD,nan,weak_trend,73.87,-1.53,0.0,,0.0,nan,,,nan,nan,0,ELEVATED,40,0,3
RACE.NS,SELL,nan,downtrend,67.5,5.44,0.0,,0.0,nan,,,nan,nan,0,ELEVATED,61,1,2
EFACTOR.NS,SELL,223.5,downtrend,59.95,-5.29,193.11,,263.84,13.9,,,251.31,153.98,2.5,NORMAL,65,1,2
KANORICHEM.NS,SELL,nan,downtrend,68.19,0.41,0.0,,0.0,nan,,,nan,nan,0,ELEVATED,60,1,2
MARKOLINES.NS,HOLD,nan,weak_trend,48.88,-0.75,0.0,,0.0,nan,,,nan,nan,0,ELEVATED,40,0,3
ALANKIT.NS,SELL,nan,downtrend,66.75,0.09,0.0,,0.0,nan,,,nan,nan,0,ELEVATED,61,1,2
GEEKAYWIRE.NS,SELL,nan,downtrend,67.14,-0.13,0.0,,0.0,nan,,,nan,nan,0,ELEVATED,61,1,2
SKP.NS,HOLD,149.55,weak_trend,49.03,-2.58,149.01,,196.71,6.87,,,139.24,163.3,1.33,LOW,40,1,2
CMNL.NS,SELL,104.0,downtrend,66.71,-0.58,97.49,,134.26,4.77,,,113.55,80.13,2.5,LOW,61,1,2
VLEGOV.NS,SELL,14.52,downtrend,68.79,-0.1,11.48,,27.07,1.03,,,16.57,9.38,2.5,LOW,60,2,1
DPWIRES.NS,HOLD,nan,weak_trend,73.04,1.79,0.0,,0.0,nan,,,nan,nan,0,ELEVATED,40,1,2
MASON.NS,SELL,151.5,downtrend,52.6,-2.67,141.22,,186.76,9.51,,,170.53,103.93,2.5,LOW,68,1,2
VIKASECO.NS,SELL,nan,downtrend,62.65,0.0,0.0,,0.0,nan,,,nan,nan,0,ELEVATED,63,1,2
BHAGYANGR.NS,HOLD,nan,weak_trend,72.96,3.84,0.0,,0.0,nan,,,nan,nan,0,ELEVATED,40,1,2
KCPSUGIND.NS,SELL,nan,downtrend,62.45,0.39,0.0,,0.0,nan,,,nan,nan,0,ELEVATED,63,1,2
MAWANASUG.NS,HOLD,nan,weak_trend,72.58,4.88,0.0,,0.0,nan,,,nan,nan,0,ELEVATED,40,0,3
APOLSINHOT.NS,HOLD,nan,weak_trend,47.3,-41.32,0.0,,0.0,nan,,,nan,nan,0,ELEVATED,40,0,3
BYKE.NS,SELL,nan,downtrend,63.57,-1.28,0.0,,0.0,nan,,,nan,nan,0,ELEVATED,63,1,2
SSDL.NS,SELL,nan,downtrend,60.59,-0.77,0.0,,0.0,nan,,,nan,nan,0,ELEVATED,64,1,2
VARDHACRLC.NS,SELL,nan,downtrend,64.13,0.04,0.0,,0.0,nan,,,nan,nan,0,ELEVATED,62,1,2
SHRADHA.NS,SELL,nan,downtrend,62.38,-0.23,0.0,,0.0,nan,,,nan,nan,0,ELEVATED,63,2,1
MANOMAY.NS,SELL,nan,downtrend,67.68,2.61,0.0,,0.0,nan,,,nan,nan,0,ELEVATED,61,1,2
LYKALABS.NS,SELL,nan,downtrend,57.95,-1.09,0.0,,0.0,nan,,,nan,nan,0,ELEVATED,66,1,2
AVG.NS,HOLD,nan,weak_trend,41.98,1.18,0.0,,0.0,nan,,,nan,nan,0,ELEVATED,40,0,3
AFFORDABLE.NS,SELL,176.34,downtrend,66.19,-1.49,151.59,,264.8,12.28,,,200.91,114.92,2.5,NORMAL,61,1,2
NIPPOBATRY.NS,SELL,nan,downtrend,65.34,-1.09,0.0,,0.0,nan,,,nan,nan,0,ELEVATED,62,1,2
ATLANTAA.NS,SELL,nan,downtrend,62.92,0.21,0.0,,0.0,nan,,,nan,nan,0,ELEVATED,63,1,2
FROG.NS,SELL,170.4,downtrend,69.05,8.06,144.21,,192.57,13.72,,,197.84,101.81,2.5,NORMAL,60,1,2
ALMONDZ.NS,SELL,nan,downtrend,52.27,-0.35,0.0,,0.0,nan,,,nan,nan,0,ELEVATED,68,1,2
SINTERCOM.NS,SELL,nan,downtrend,58.87,-1.71,0.0,,0.0,nan,,,nan,nan,0,ELEVATED,65,1,2
GOLDTECH.NS,SELL,nan,downtrend,54.88,-0.41,0.0,,0.0,nan,,,nan,nan,0,ELEVATED,67,1,2
PPAP.NS,SELL,nan,downtrend,56.75,-1.8,0.0,,0.0,nan,,,nan,nan,0,ELEVATED,66,1,2
HITECHCORP.NS,SELL,nan,downtrend,59.04,-0.22,0.0,,0.0,nan,,,nan,nan,0,ELEVATED,65,1,2
NATHBIOGEN.NS,SELL,nan,downtrend,66.88,0.73,0.0,,0.0,nan,,,nan,nan,0,ELEVATED,61,2,1
VMSTMT.NS,SELL,nan,downtrend,58.58,-0.83,0.0,,0.0,nan,,,nan,nan,0,ELEVATED,65,1,2
SHERA.NS,SELL,124.05,downtrend,62.84,0.03,110.12,,129.04,6.68,,,137.41,90.66,2.5,LOW,63,1,2
DIAMINESQ.NS,HOLD,264.11,weak_trend,77.01,5.23,231.55,,303.28,15.11,,,241.45,294.33,1.33,NORMAL,40,0,3
VIPCLOTHNG.NS,HOLD,nan,weak_trend,73.58,0.61,0.0,,0.0,nan,,,nan,nan,0,ELEVATED,40,1,2
TREJHARA.NS,HOLD,nan,weak_trend,47.88,-9.15,0.0,,0.0,nan,,,nan,nan,0,ELEVATED,40,1,2
AXITA.NS,SELL,nan,downtrend,53.25,-0.02,0.0,,0.0,nan,,,nan,nan,0,ELEVATED,68,1,2
AUTOIND.NS,SELL,nan,downtrend,59.12,-2.1,0.0,,0.0,nan,,,nan,nan,0,ELEVATED,65,1,2
SAAKSHI.NS,HOLD,193.0,weak_trend,57.26,2.28,185.24,,181.31,9.63,,,178.56,212.26,1.33,LOW,40,2,1
AFIL.NS,HOLD,8.91,weak_trend,54.03,0.46,8.34,,7.2,0.5,,,8.16,9.91,1.33,LOW,40,2,1
JAINAM.NS,SELL,174.0,downtrend,13.58,-7.99,179.25,,250.89,1.58,,,177.16,166.11,2.5,LOW,88,1,2
A2ZINFRA.NS,SELL,nan,downtrend,60.92,0.31,0.0,,0.0,nan,,,nan,nan,0,ELEVATED,64,1,2
SHEMAROO.NS,SELL,nan,downtrend,56.67,-1.28,0.0,,0.0,nan,,,nan,nan,0,ELEVATED,66,1,2
RVHL.NS,SELL,nan,downtrend,62.02,-0.31,0.0,,0.0,nan,,,nan,nan,0,ELEVATED,63,1,2
SOMATEX.NS,SELL,nan,downtrend,54.44,-2.75,0.0,,0.0,nan,,,nan,nan,0,ELEVATED,67,1,2
PRAMARA.NS,HOLD,343.85,weak_trend,43.7,-1.44,348.15,,299.94,9.45,,,329.68,362.74,1.33,LOW,40,1,2
NAGAFERT.NS,SELL,nan,downtrend,56.63,-0.06,0.0,,0.0,nan,,,nan,nan,0,ELEVATED,66,1,2
GRETEX.NS,HOLD,301.0,weak_trend,97.92,15.65,280.19,,217.99,3.6,,,295.6,308.2,1.33,LOW,40,1,2
SUPREME.NS,SELL,nan,downtrend,58.05,-0.25,0.0,,0.0,nan,,,nan,nan,0,ELEVATED,65,1,2
PRIZOR.NS,HOLD,425.2,weak_trend,61.92,18.52,393.92,,299.74,24.42,,,388.57,474.04,1.33,ELEVATED,40,2,1
OMFREIGHT.NS,SELL,nan,downtrend,63.77,-1.19,0.0,,0.0,nan,,,nan,nan,0,ELEVATED,63,1,2
PILITA.NS,HOLD,nan,weak_trend,46.2,-0.32,0.0,,0.0,nan,,,nan,nan,0,ELEVATED,40,1,2
UNIHEALTH.NS,HOLD,456.05,weak_trend,72.4,26.07,381.68,,240.76,21.66,,,423.55,499.38,1.33,ELEVATED,40,1,2
BAFNAPH.NS,SELL,nan,downtrend,65.91,3.84,0.0,,0.0,nan,,,nan,nan,0,ELEVATED,62,2,1
KRISHCA.NS,HOLD,166.05,weak_trend,45.58,-3.15,163.12,,205.35,12.99,,,146.57,192.03,1.33,NORMAL,40,1,2
GLOBALVECT.NS,SELL,nan,downtrend,56.65,1.32,0.0,,0.0,nan,,,nan,nan,0,ELEVATED,66,2,1
GOYALSALT.NS,SELL,116.05,downtrend,53.27,-1.95,111.41,,155.9,6.99,,,130.02,81.12,2.5,LOW,68,1,2
SUNDRMBRAK.NS,SELL,nan,downtrend,65.82,-1.7,0.0,,0.0,nan,,,nan,nan,0,ELEVATED,62,1,2
CINELINE.NS,SELL,nan,downtrend,54.28,-0.1,0.0,,0.0,nan,,,nan,nan,0,ELEVATED,67,1,2
KCEIL.NS,SELL,124.6,downtrend,52.38,-0.8,114.38,,210.3,8.83,,,142.26,80.46,2.5,LOW,68,1,2
AIRAN.NS,SELL,nan,downtrend,64.65,0.05,0.0,,0.0,nan,,,nan,nan,0,ELEVATED,62,1,2
DJML.NS,SELL,nan,downtrend,60.69,-0.76,0.0,,0.0,nan,,,nan,nan,0,ELEVATED,64,1,2
STARTECK.NS,SELL,nan,downtrend,50.49,-4.68,0.0,,0.0,nan,,,nan,nan,0,ELEVATED,69,2,1
DELPHIFX.NS,SELL,nan,downtrend,62.72,-0.53,0.0,,0.0,nan,,,nan,nan,0,ELEVATED,63,1,2
MODIRUBBER.NS,SELL,nan,downtrend,65.14,0.25,0.0,,0.0,nan,,,nan,nan,0,ELEVATED,62,1,2
ELGIRUBCO.NS,SELL,nan,downtrend,61.3,0.16,0.0,,0.0,nan,,,nan,nan,0,ELEVATED,64,1,2
SHREYANIND.NS,SELL,nan,downtrend,52.35,0.14,0.0,,0.0,nan,,,nan,nan,0,ELEVATED,68,1,2
SAHYADRI.NS,SELL,nan,downtrend,50.42,-2.56,0.0,,0.0,nan,,,nan,nan,0,ELEVATED,69,1,2
OSIAHYPER.NS,SELL,nan,downtrend,26.92,-1.49,0.0,,0.0,nan,,,nan,nan,0,ELEVATED,81,1,2
PODDARMENT.NS,HOLD,nan,weak_trend,75.68,1.37,0.0,,0.0,nan,,,nan,nan,0,ELEVATED,40,1,2
UFO.NS,SELL,nan,downtrend,62.16,-0.58,0.0,,0.0,nan,,,nan,nan,0,ELEVATED,63,1,2
DCMNVL.NS,SELL,nan,downtrend,55.67,-3.35,0.0,,0.0,nan,,,nan,nan,0,ELEVATED,67,1,2
UCAL.NS,SELL,98.0,downtrend,51.2,-2.2,94.16,,124.71,5.89,,,109.78,68.55,2.5,LOW,69,1,2
UYFINCORP.NS,SELL,14.21,downtrend,60.95,0.02,13.07,,14.91,0.91,,,16.04,9.64,2.5,LOW,64,2,1
YASHOPTICS.NS,HOLD,116.25,weak_trend,59.69,1.01,110.14,,114.91,5.09,,,108.62,126.43,1.33,LOW,40,2,1
GSMFOILS.NS,HOLD,190.1,weak_trend,42.8,-4.04,192.2,,205.83,11.49,,,172.87,213.07,1.33,LOW,40,0,3
INDOUS.NS,SELL,106.29,downtrend,56.48,-3.43,103.47,,135.43,6.66,,,119.6,73.01,2.5,LOW,66,1,2
VSTL.NS,SELL,nan,downtrend,54.65,-0.37,0.0,,0.0,nan,,,nan,nan,0,ELEVATED,67,1,2
JAYSREETEA.NS,HOLD,nan,weak_trend,47.87,-0.37,0.0,,0.0,nan,,,nan,nan,0,ELEVATED,40,0,3
UNIVPHOTO.NS,SELL,nan,downtrend,0.0,-7.41,0.0,,0.0,nan,,,nan,nan,0,ELEVATED,95,0,3
UNIVASTU.NS,SELL,nan,downtrend,66.71,0.3,0.0,,0.0,nan,,,nan,nan,0,ELEVATED,61,1,2
KOTYARK.NS,HOLD,nan,weak_trend,55.16,25.78,0.0,,0.0,nan,,,nan,nan,0,ELEVATED,40,0,3
ZEELEARN.NS,HOLD,nan,weak_trend,43.7,-0.24,0.0,,0.0,nan,,,nan,nan,0,ELEVATED,40,0,3
TRANSTEEL.NS,BUY,149.7,uptrend,55.2,1.28,144.28,,136.72,7.82,146.71,152.69,134.06,188.79,2.5,LOW,72,3,0
NDLVENTURE.NS,HOLD,120.65,weak_trend,60.22,3.25,117.57,,90.06,5.55,,,112.33,131.75,1.33,LOW,40,1,2
CCHHL.NS,SELL,nan,downtrend,59.02,-0.13,0.0,,0.0,nan,,,nan,nan,0,ELEVATED,65,1,2
MEGASTAR.NS,HOLD,nan,weak_trend,81.44,11.07,0.0,,0.0,nan,,,nan,nan,0,ELEVATED,40,0,3
SURANAT&P.NS,SELL,nan,downtrend,59.03,0.15,0.0,,0.0,nan,,,nan,nan,0,ELEVATED,65,1,2
TAKE.NS,HOLD,nan,weak_trend,85.52,0.78,0.0,,0.0,nan,,,nan,nan,0,ELEVATED,40,1,2
RVTH.NS,HOLD,613.85,weak_trend,47.66,2.95,569.3,,815.26,42.04,,,550.8,697.92,1.33,ELEVATED,40,0,3
TTL.NS,SELL,nan,downtrend,38.2,-0.13,0.0,,0.0,nan,,,nan,nan,0,ELEVATED,75,0,3
RADIOCITY.NS,HOLD,nan,weak_trend,70.36,0.09,0.0,,0.0,nan,,,nan,nan,0,ELEVATED,40,0,3
PRITIKAUTO.NS,SELL,nan,downtrend,65.04,0.03,0.0,,0.0,nan,,,nan,nan,0,ELEVATED,62,1,2
VIRINCHI.NS,SELL,nan,downtrend,62.44,-0.44,0.0,,0.0,nan,,,nan,nan,0,ELEVATED,63,1,2
CHAVDA.NS,SELL,97.45,downtrend,52.73,-1.86,92.28,,109.81,5.31,,,108.06,70.91,2.5,LOW,68,1,2
DUGLOBAL.NS,BUY,37.5,uptrend,51.22,-0.25,34.72,,37.19,2.21,36.75,38.25,33.09,48.54,2.5,LOW,70,3,0
RBS.NS,SELL,88.45,downtrend,58.65,-0.78,73.71,,107.4,6.76,,,101.97,54.65,2.5,LOW,65,2,1
MADHAVBAUG.NS,HOLD,202.15,weak_trend,48.53,-4.96,195.43,,242.71,11.81,,,184.44,225.76,1.33,LOW,40,0,3
SCPL.NS,SELL,nan,downtrend,58.29,0.13,0.0,,0.0,nan,,,nan,nan,0,ELEVATED,65,1,2
KDL.NS,SELL,134.5,downtrend,59.79,-1.92,119.48,,201.73,6.49,,,147.49,102.04,2.5,LOW,65,1,2
PRATHAM.NS,SELL,130.6,downtrend,55.79,-0.5,121.91,,142.91,10.34,,,151.28,78.9,2.5,LOW,67,1,2
REPL.NS,SELL,nan,downtrend,64.15,-0.47,0.0,,0.0,nan,,,nan,nan,0,ELEVATED,62,1,2
IPSL.NS,HOLD,228.95,weak_trend,38.92,-8.92,228.46,,292.47,13.95,,,208.02,256.85,1.33,NORMAL,40,0,3
KAMOPAINTS.NS,HOLD,nan,weak_trend,72.88,0.14,0.0,,0.0,nan,,,nan,nan,0,ELEVATED,40,1,2
TCL.NS,HOLD,86.0,weak_trend,42.12,-2.32,86.18,,105.85,4.34,,,79.49,94.69,1.33,LOW,40,1,2
SUPREMEINF.NS,SELL,nan,downtrend,62.85,-1.8,0.0,,0.0,nan,,,nan,nan,0,ELEVATED,63,1,2
STARPAPER.NS,SELL,nan,downtrend,60.41,-0.94,0.0,,0.0,nan,,,nan,nan,0,ELEVATED,64,1,2
NURECA.NS,SELL,nan,downtrend,58.64,-5.5,0.0,,0.0,nan,,,nan,nan,0,ELEVATED,65,1,2
FELIX.NS,HOLD,180.25,weak_trend,56.4,-0.58,174.08,,179.37,11.08,,,163.63,202.41,1.33,LOW,40,2,1
IVC.NS,SELL,nan,downtrend,56.57,-0.02,0.0,,0.0,nan,,,nan,nan,0,ELEVATED,66,1,2
ANLON.NS,SELL,385.0,downtrend,54.83,3.54,363.42,,404.05,17.27,,,419.54,298.66,2.5,NORMAL,67,1,2
RUDRA.NS,HOLD,18.26,weak_trend,63.87,0.02,16.78,,0.0,1.1,,,16.61,20.46,1.33,LOW,40,2,1
ESCONET.NS,SELL,139.55,downtrend,69.35,1.08,110.78,,171.35,7.46,,,154.46,102.26,2.5,LOW,60,2,1
KOTARISUG.NS,SELL,nan,downtrend,66.96,-0.09,0.0,,0.0,nan,,,nan,nan,0,ELEVATED,61,2,1
DUCOL.NS,SELL,124.9,downtrend,54.31,-2.33,109.97,,147.93,9.82,,,144.55,75.78,2.5,LOW,67,1,2
SADHNANIQ.NS,HOLD,nan,weak_trend,71.01,-0.19,0.0,,0.0,nan,,,nan,nan,0,ELEVATED,40,0,3
GILLANDERS.NS,SELL,nan,downtrend,68.11,0.08,0.0,,0.0,nan,,,nan,nan,0,ELEVATED,60,1,2
COASTCORP.NS,SELL,nan,downtrend,68.05,0.8,0.0,,0.0,nan,,,nan,nan,0,ELEVATED,60,1,2
AHLEAST.NS,SELL,nan,downtrend,59.28,1.98,0.0,,0.0,nan,,,nan,nan,0,ELEVATED,65,1,2
SAKHTISUG.NS,HOLD,nan,weak_trend,73.19,0.05,0.0,,0.0,nan,,,nan,nan,0,ELEVATED,40,1,2
ZODIACLOTH.NS,SELL,nan,downtrend,55.74,-1.47,0.0,,0.0,nan,,,nan,nan,0,ELEVATED,67,1,2
KMSUGAR.NS,HOLD,nan,weak_trend,73.01,0.49,0.0,,0.0,nan,,,nan,nan,0,ELEVATED,40,1,2
DRCSYSTEMS.NS,HOLD,nan,weak_trend,81.14,0.4,0.0,,0.0,nan,,,nan,nan,0,ELEVATED,40,0,3
OMAXAUTO.NS,SELL,nan,downtrend,64.35,0.04,0.0,,0.0,nan,,,nan,nan,0,ELEVATED,62,1,2
INTENTECH.NS,SELL,nan,downtrend,64.47,0.45,0.0,,0.0,nan,,,nan,nan,0,ELEVATED,62,1,2
COMMITTED.NS,HOLD,249.85,weak_trend,42.6,8.47,250.51,,223.07,13.26,,,229.95,276.38,1.33,NORMAL,40,0,3
PIGL.NS,SELL,nan,downtrend,60.46,0.68,0.0,,0.0,nan,,,nan,nan,0,ELEVATED,64,1,2
KALYANIFRG.NS,SELL,nan,downtrend,59.75,-3.86,0.0,,0.0,nan,,,nan,nan,0,ELEVATED,65,1,2
MKPL.NS,SELL,nan,downtrend,55.65,0.02,0.0,,0.0,nan,,,nan,nan,0,ELEVATED,67,1,2
ARIHANTACA.NS,HOLD,480.0,weak_trend,52.37,4.77,492.18,,430.13,23.05,,,445.43,526.09,1.33,ELEVATED,40,0,3
PONNIERODE.NS,SELL,nan,downtrend,65.07,3.35,0.0,,0.0,nan,,,nan,nan,0,ELEVATED,62,1,2
MURUDCERA.NS,SELL,nan,downtrend,58.02,-0.51,0.0,,0.0,nan,,,nan,nan,0,ELEVATED,65,1,2
CPCAP.NS,SELL,87.4,downtrend,54.78,-1.27,83.97,,122.9,6.38,,,100.16,55.5,2.5,LOW,67,1,2
AERONEU.NS,HOLD,nan,weak_trend,74.38,2.87,0.0,,0.0,nan,,,nan,nan,0,ELEVATED,40,0,3
GENCON.NS,HOLD,nan,weak_trend,49.39,-0.87,0.0,,0.0,nan,,,nan,nan,0,ELEVATED,40,0,3
SALSTEEL.NS,HOLD,nan,weak_trend,75.53,-0.15,0.0,,0.0,nan,,,nan,nan,0,ELEVATED,40,1,2
NIRAJ.NS,SELL,nan,downtrend,60.91,-0.55,0.0,,0.0,nan,,,nan,nan,0,ELEVATED,64,1,2
ATALREAL.NS,SELL,nan,downtrend,62.6,0.1,0.0,,0.0,nan,,,nan,nan,0,ELEVATED,63,1,2
SPCL.NS,SELL,80.35,downtrend,56.9,-1.33,72.37,,96.61,4.96,,,90.26,55.56,2.5,LOW,66,1,2
SHIVATEX.NS,SELL,nan,downtrend,58.78,-3.02,0.0,,0.0,nan,,,nan,nan,0,ELEVATED,65,1,2
CHEMBOND.NS,SELL,nan,downtrend,69.0,0.81,0.0,,0.0,nan,,,nan,nan,0,ELEVATED,60,1,2
SHAH.NS,BUY,4.93,uptrend,59.06,0.05,4.77,,4.29,0.22,4.83,5.03,4.49,6.04,2.5,LOW,74,3,0
NAVKARURB.NS,HOLD,0.81,weak_trend,37.5,-0.09,0.83,,1.81,0.04,,,0.74,0.9,1.33,LOW,40,0,3
CORDSCABLE.NS,SELL,nan,downtrend,58.65,-1.18,0.0,,0.0,nan,,,nan,nan,0,ELEVATED,65,2,1
ABAN.NS,SELL,nan,downtrend,0.0,-0.37,0.0,,0.0,nan,,,nan,nan,0,ELEVATED,95,1,2
WORTHPERI.NS,SELL,nan,downtrend,58.21,-0.96,0.0,,0.0,nan,,,nan,nan,0,ELEVATED,65,1,2
DEVIT.NS,SELL,nan,downtrend,61.16,0.29,0.0,,0.0,nan,,,nan,nan,0,ELEVATED,64,1,2
TRIGYN.NS,SELL,nan,downtrend,61.49,-0.83,0.0,,0.0,nan,,,nan,nan,0,ELEVATED,64,1,2
KCK.NS,HOLD,14.95,weak_trend,34.62,-2.13,16.32,,31.86,1.84,,,12.19,18.63,1.33,LOW,40,1,2
BALAXI.NS,HOLD,nan,weak_trend,70.68,0.73,0.0,,0.0,nan,,,nan,nan,0,ELEVATED,40,0,3
MHLXMIRU.NS,SELL,nan,downtrend,52.88,-3.63,0.0,,0.0,nan,,,nan,nan,0,ELEVATED,68,1,2
FIDEL.NS,SELL,144.5,downtrend,63.95,1.38,128.19,,157.71,6.45,,,157.39,112.27,2.5,LOW,63,1,2
SPECTSTM.NS,HOLD,61.8,weak_trend,41.13,-3.53,62.46,,93.14,3.91,,,55.94,69.61,1.33,LOW,40,0,3
UNITEDTEA.NS,HOLD,nan,weak_trend,72.88,6.09,0.0,,0.0,nan,,,nan,nan,0,ELEVATED,40,1,2
PKTEA.NS,SELL,nan,downtrend,39.35,2.19,0.0,,0.0,nan,,,nan,nan,0,ELEVATED,75,0,3
BASML.NS,SELL,nan,downtrend,65.57,-0.04,0.0,,0.0,nan,,,nan,nan,0,ELEVATED,62,1,2
KRITIKA.NS,SELL,nan,downtrend,54.14,-0.09,0.0,,0.0,nan,,,nan,nan,0,ELEVATED,67,1,2
DHARAN.NS,SELL,0.16,downtrend,60.0,-0.0,0.14,,0.35,0.01,,,0.19,0.1,2.5,LOW,65,1,2
AMJLAND.NS,SELL,nan,downtrend,61.73,0.28,0.0,,0.0,nan,,,nan,nan,0,ELEVATED,64,1,2
INDOWIND.NS,SELL,nan,downtrend,50.4,-0.39,0.0,,0.0,nan,,,nan,nan,0,ELEVATED,69,2,1
NEPHROCARE.NS,SELL,80.8,downtrend,63.84,-1.17,64.38,,120.3,6.79,,,94.37,46.87,2.5,LOW,63,1,2
TEAMGTY.NS,SELL,nan,downtrend,56.84,0.89,0.0,,0.0,nan,,,nan,nan,0,ELEVATED,66,1,2
MARALOVER.NS,SELL,nan,downtrend,59.9,-0.1,0.0,,0.0,nan,,,nan,nan,0,ELEVATED,65,1,2
VETO.NS,SELL,nan,downtrend,56.82,-0.54,0.0,,0.0,nan,,,nan,nan,0,ELEVATED,66,1,2
PRITIKA.NS,HOLD,53.95,weak_trend,42.55,-2.21,54.15,,77.37,3.8,,,48.25,61.55,1.33,LOW,40,0,3
GRCL.NS,HOLD,393.0,weak_trend,48.31,-1.6,381.66,,387.66,19.3,,,364.06,431.59,1.33,NORMAL,40,1,2
PLAZACABLE.NS,SELL,nan,downtrend,64.08,-0.23,0.0,,0.0,nan,,,nan,nan,0,ELEVATED,62,1,2
AKIKO.NS,HOLD,205.55,weak_trend,35.84,-2.05,205.93,,205.99,7.53,,,194.26,220.6,1.33,LOW,40,0,3
GOLDSTAR.NS,SELL,6.8,downtrend,45.76,-0.15,6.81,,7.84,0.33,,,7.46,5.14,2.5,LOW,72,0,3
SETCO.NS,HOLD,nan,weak_trend,84.2,1.86,0.0,,0.0,nan,,,nan,nan,0,ELEVATED,40,0,3
LOTUSEYE.NS,SELL,nan,downtrend,54.23,-1.38,0.0,,0.0,nan,,,nan,nan,0,ELEVATED,67,1,2
RANASUG.NS,SELL,nan,downtrend,66.99,0.37,0.0,,0.0,nan,,,nan,nan,0,ELEVATED,61,1,2
WINSOL.NS,SELL,126.4,downtrend,55.86,-2.41,113.11,,170.6,7.67,,,141.74,88.06,2.5,LOW,67,1,2
RAJTV.NS,SELL,nan,downtrend,21.96,-4.28,0.0,,0.0,nan,,,nan,nan,0,ELEVATED,84,1,2
AKSHARCHEM.NS,SELL,nan,downtrend,53.72,-6.3,0.0,,0.0,nan,,,nan,nan,0,ELEVATED,68,1,2
ANIKINDS.NS,SELL,nan,downtrend,62.86,-0.61,0.0,,0.0,nan,,,nan,nan,0,ELEVATED,63,1,2
IBULLSLTD.NS,HOLD,13.65,weak_trend,73.52,0.49,10.32,,0.0,1.01,,,12.13,15.67,1.33,LOW,40,2,1
EMMIL.NS,SELL,153.25,downtrend,61.45,0.02,133.56,,177.8,8.92,,,171.1,108.63,2.5,LOW,64,1,2
AAREYDRUGS.NS,SELL,nan,downtrend,51.54,-1.83,0.0,,0.0,nan,,,nan,nan,0,ELEVATED,69,2,1
NATCAPSUQ.NS,SELL,nan,downtrend,65.81,-0.49,0.0,,0.0,nan,,,nan,nan,0,ELEVATED,62,1,2
PRAXIS.NS,SELL,nan,downtrend,69.28,-0.02,0.0,,0.0,nan,,,nan,nan,0,ELEVATED,60,1,2
KAVDEFENCE.NS,SELL,62.1,downtrend,52.81,-0.91,58.28,,77.73,3.01,,,68.11,47.06,2.5,LOW,68,2,1
DGCONTENT.NS,HOLD,nan,weak_trend,75.46,0.5,0.0,,0.0,nan,,,nan,nan,0,ELEVATED,40,0,3
SADBHAV.NS,HOLD,nan,weak_trend,74.46,0.16,0.0,,0.0,nan,,,nan,nan,0,ELEVATED,40,0,3
ASPINWALL.NS,SELL,nan,downtrend,59.25,0.76,0.0,,0.0,nan,,,nan,nan,0,ELEVATED,65,1,2
DRONE.NS,SELL,51.8,downtrend,63.5,0.3,44.47,,74.2,4.22,,,60.25,30.68,2.5,LOW,63,1,2
GULFPETRO.NS,SELL,nan,downtrend,67.48,-0.05,0.0,,0.0,nan,,,nan,nan,0,ELEVATED,61,1,2
PROPEQUITY.NS,HOLD,195.0,weak_trend,50.0,-1.48,179.95,,191.3,9.14,,,181.29,213.28,1.33,LOW,40,1,2
JMA.NS,SELL,nan,downtrend,63.69,-0.51,0.0,,0.0,nan,,,nan,nan,0,ELEVATED,63,2,1
NECCLTD.NS,SELL,nan,downtrend,68.63,0.19,0.0,,0.0,nan,,,nan,nan,0,ELEVATED,60,2,1
NITIRAJ.NS,HOLD,nan,weak_trend,50.97,1.56,0.0,,0.0,nan,,,nan,nan,0,ELEVATED,40,0,3
ALUWIND.NS,SELL,60.0,downtrend,54.58,-0.96,57.15,,74.63,2.31,,,64.61,48.46,2.5,LOW,67,1,2
EQUIPPP.NS,SELL,nan,downtrend,17.63,-0.78,0.0,,0.0,nan,,,nan,nan,0,ELEVATED,86,0,3
LLOYDS.NS,SELL,69.55,downtrend,65.48,1.4,47.7,,75.0,6.04,,,81.64,39.34,2.5,LOW,62,1,2
RHFL.NS,SELL,nan,downtrend,0.0,-0.05,0.0,,0.0,nan,,,nan,nan,0,ELEVATED,95,1,2
INCREDIBLE.NS,SELL,nan,downtrend,62.07,-0.25,0.0,,0.0,nan,,,nan,nan,0,ELEVATED,63,1,2
TIPSFILMS.NS,SELL,nan,downtrend,57.85,-8.19,0.0,,0.0,nan,,,nan,nan,0,ELEVATED,66,1,2
ARCHIDPLY.NS,SELL,nan,downtrend,60.71,-1.05,0.0,,0.0,nan,,,nan,nan,0,ELEVATED,64,1,2
MADHUSUDAN.NS,BUY,155.65,uptrend,65.96,4.35,144.1,,137.06,6.05,152.54,158.76,143.55,185.9,2.5,LOW,77,3,0
CENTEXT.NS,SELL,nan,downtrend,62.19,-0.03,0.0,,0.0,nan,,,nan,nan,0,ELEVATED,63,1,2
EMMBI.NS,SELL,nan,downtrend,56.21,-1.65,0.0,,0.0,nan,,,nan,nan,0,ELEVATED,66,1,2
KEYFINSERV.NS,SELL,nan,downtrend,52.76,-3.42,0.0,,0.0,nan,,,nan,nan,0,ELEVATED,68,1,2
ESSENTIA.NS,SELL,nan,downtrend,57.14,-0.02,0.0,,0.0,nan,,,nan,nan,0,ELEVATED,66,1,2
TAINWALCHM.NS,SELL,nan,downtrend,56.95,-1.6,0.0,,0.0,nan,,,nan,nan,0,ELEVATED,66,1,2
ENFUSE.NS,HOLD,178.5,weak_trend,49.1,-2.89,179.19,,213.92,9.44,,,164.34,197.39,1.33,LOW,40,0,3
ARVEE.NS,HOLD,nan,weak_trend,71.57,0.57,0.0,,0.0,nan,,,nan,nan,0,ELEVATED,40,0,3
SIKKO.NS,SELL,nan,downtrend,56.57,0.04,0.0,,0.0,nan,,,nan,nan,0,ELEVATED,66,1,2
DENEERS.NS,SELL,166.35,downtrend,63.57,3.66,150.83,,205.22,10.3,,,186.96,114.83,2.5,LOW,63,1,2
PRLIND.NS,SELL,65.0,downtrend,65.51,1.36,55.15,,77.54,3.83,,,72.66,45.84,2.5,LOW,62,1,2
EXCEL.NS,SELL,1.11,downtrend,56.76,-0.02,1.04,,1.28,0.06,,,1.24,0.79,2.5,LOW,66,2,1
ALPA.NS,SELL,nan,downtrend,60.89,0.6,0.0,,0.0,nan,,,nan,nan,0,ELEVATED,64,1,2
KESORAMIND.NS,SELL,nan,downtrend,65.3,0.45,0.0,,0.0,nan,,,nan,nan,0,ELEVATED,62,2,1
DTIL.NS,SELL,nan,downtrend,57.34,-1.84,0.0,,0.0,nan,,,nan,nan,0,ELEVATED,66,1,2
AVROIND.NS,HOLD,nan,weak_trend,42.28,-3.77,0.0,,0.0,nan,,,nan,nan,0,ELEVATED,40,1,2
PURVFLEXI.NS,HOLD,57.85,weak_trend,77.66,-1.04,43.54,,78.53,2.62,,,53.91,63.1,1.33,LOW,40,0,3
DESTINY.NS,HOLD,123.45,weak_trend,50.0,0.55,123.45,,119.15,0.0,,,123.45,123.45,0,LOW,40,0,3
BEWLTD.NS,SELL,87.3,downtrend,53.01,-2.19,82.1,,128.97,7.13,,,101.55,51.68,2.5,LOW,68,1,2
IEML.NS,SELL,82.1,downtrend,58.13,1.52,71.94,,111.86,5.99,,,94.09,52.14,2.5,LOW,65,1,2
BRNL.NS,SELL,nan,downtrend,57.58,0.19,0.0,,0.0,nan,,,nan,nan,0,ELEVATED,66,1,2
TUNWAL.NS,HOLD,33.6,weak_trend,73.84,0.72,30.37,,31.55,1.66,,,31.1,36.93,1.33,LOW,40,1,2
MANAKALUCO.NS,SELL,nan,downtrend,63.81,-0.89,0.0,,0.0,nan,,,nan,nan,0,ELEVATED,63,2,1
DCM.NS,SELL,nan,downtrend,63.18,-2.0,0.0,,0.0,nan,,,nan,nan,0,ELEVATED,63,1,2
CPS.NS,HOLD,940.0,weak_trend,28.62,-49.73,989.03,,924.02,23.89,,,904.16,987.79,1.33,ELEVATED,40,2,1
AARTECH.NS,HOLD,nan,weak_trend,43.11,-0.37,0.0,,0.0,nan,,,nan,nan,0,ELEVATED,40,0,3
SHRITECH.NS,HOLD,60.0,weak_trend,45.54,-0.15,59.09,,69.37,1.48,,,57.79,62.95,1.33,LOW,40,0,3
LAL.NS,SELL,nan,downtrend,60.68,0.06,0.0,,0.0,nan,,,nan,nan,0,ELEVATED,64,1,2
SONAMLTD.NS,SELL,nan,downtrend,49.0,1.13,0.0,,0.0,nan,,,nan,nan,0,ELEVATED,70,0,3
VISHWARAJ.NS,SELL,nan,downtrend,64.41,-0.08,0.0,,0.0,nan,,,nan,nan,0,ELEVATED,62,1,2
VIVIMEDLAB.NS,SELL,nan,downtrend,65.2,-0.17,0.0,,0.0,nan,,,nan,nan,0,ELEVATED,62,2,1
PRAENG.NS,SELL,nan,downtrend,60.15,0.01,0.0,,0.0,nan,,,nan,nan,0,ELEVATED,64,1,2
INDTERRAIN.NS,SELL,nan,downtrend,66.64,0.18,0.0,,0.0,nan,,,nan,nan,0,ELEVATED,61,1,2
KORE.NS,SELL,109.65,downtrend,62.28,-4.19,97.58,,140.09,3.99,,,117.63,89.7,2.5,LOW,63,1,2
LANCORHOL.NS,HOLD,nan,weak_trend,76.36,0.16,0.0,,0.0,nan,,,nan,nan,0,ELEVATED,40,0,3
AARVI.NS,SELL,nan,downtrend,57.33,0.4,0.0,,0.0,nan,,,nan,nan,0,ELEVATED,66,2,1
VASWANI.NS,SELL,nan,downtrend,60.35,-0.26,0.0,,0.0,nan,,,nan,nan,0,ELEVATED,64,1,2
SUPERHOUSE.NS,SELL,nan,downtrend,62.77,-0.48,0.0,,0.0,nan,,,nan,nan,0,ELEVATED,63,2,1
RSSOFTWARE.NS,SELL,nan,downtrend,62.47,-1.48,0.0,,0.0,nan,,,nan,nan,0,ELEVATED,63,1,2
DYNAMIC.NS,HOLD,136.7,weak_trend,68.14,1.96,102.62,,125.9,9.62,,,122.27,155.94,1.33,LOW,40,2,1
CORALFINAC.NS,SELL,nan,downtrend,57.42,-0.49,0.0,,0.0,nan,,,nan,nan,0,ELEVATED,66,1,2
CANARYS.NS,SELL,23.55,downtrend,61.84,-0.42,19.77,,28.58,1.76,,,27.07,14.75,2.5,LOW,64,1,2
IVP.NS,SELL,nan,downtrend,56.07,-0.33,0.0,,0.0,nan,,,nan,nan,0,ELEVATED,66,1,2
BSL.NS,HOLD,nan,weak_trend,47.13,-4.04,0.0,,0.0,nan,,,nan,nan,0,ELEVATED,40,0,3
QMSMEDI.NS,SELL,78.5,downtrend,54.13,-1.35,77.38,,88.81,2.93,,,84.36,63.84,2.5,LOW,67,1,2
EMKAYTOOLS.NS,SELL,103.7,downtrend,65.38,0.38,95.28,,144.32,4.91,,,113.51,79.16,2.5,LOW,62,1,2
RUCHINFRA.NS,SELL,nan,downtrend,66.82,0.21,0.0,,0.0,nan,,,nan,nan,0,ELEVATED,61,1,2
TBI.NS,SELL,69.55,downtrend,56.23,0.15,62.91,,87.92,4.16,,,77.87,48.75,2.5,LOW,66,1,2
CROWN.NS,SELL,nan,downtrend,59.44,0.05,0.0,,0.0,nan,,,nan,nan,0,ELEVATED,65,1,2
GAYAPROJ.NS,HOLD,nan,weak_trend,100.0,0.73,0.0,,0.0,nan,,,nan,nan,0,ELEVATED,40,1,2
ENSER.NS,HOLD,16.35,weak_trend,72.37,0.74,11.92,,17.21,1.46,,,14.16,19.27,1.33,LOW,40,0,3
WEIZMANIND.NS,SELL,nan,downtrend,60.01,-1.42,0.0,,0.0,nan,,,nan,nan,0,ELEVATED,64,1,2
SOMICONVEY.NS,SELL,nan,downtrend,60.93,0.36,0.0,,0.0,nan,,,nan,nan,0,ELEVATED,64,1,2
MAITREYA.NS,SELL,180.95,downtrend,38.22,-5.44,190.76,,233.75,11.64,,,204.24,122.74,2.5,LOW,75,0,3
USK.NS,SELL,nan,downtrend,51.18,-0.83,0.0,,0.0,nan,,,nan,nan,0,ELEVATED,69,1,2
MAHESHWARI.NS,HOLD,nan,weak_trend,74.21,0.82,0.0,,0.0,nan,,,nan,nan,0,ELEVATED,40,0,3
VR.NS,SELL,149.1,downtrend,55.42,-0.12,145.3,,175.46,4.08,,,157.25,128.72,2.5,LOW,67,1,2
MODTHREAD.NS,SELL,nan,downtrend,64.61,0.63,0.0,,0.0,nan,,,nan,nan,0,ELEVATED,62,2,1
RKEC.NS,SELL,nan,downtrend,57.95,-1.35,0.0,,0.0,nan,,,nan,nan,0,ELEVATED,66,1,2
DUCON.NS,SELL,nan,downtrend,65.47,0.06,0.0,,0.0,nan,,,nan,nan,0,ELEVATED,62,1,2
SIGIND.NS,SELL,nan,downtrend,68.94,0.5,0.0,,0.0,nan,,,nan,nan,0,ELEVATED,60,1,2
DOLLEX.NS,SELL,31.45,downtrend,54.19,-0.77,29.99,,38.77,1.59,,,34.64,23.49,2.5,LOW,67,1,2
IBLFL.NS,SELL,51.2,downtrend,68.4,0.78,48.07,,60.63,0.79,,,52.79,47.24,2.5,LOW,60,1,2
HINDCON.NS,SELL,nan,downtrend,69.16,0.56,0.0,,0.0,nan,,,nan,nan,0,ELEVATED,60,1,2
XELPMOC.NS,SELL,nan,downtrend,60.22,-5.16,0.0,,0.0,nan,,,nan,nan,0,ELEVATED,64,1,2
TEXMOPIPES.NS,SELL,nan,downtrend,60.93,-0.71,0.0,,0.0,nan,,,nan,nan,0,ELEVATED,64,2,1
WOMANCART.NS,SELL,192.75,downtrend,56.78,0.93,165.64,,237.81,12.93,,,218.61,128.09,2.5,NORMAL,66,1,2
KHFM.NS,SELL,58.4,downtrend,58.48,-1.72,57.08,,71.94,2.96,,,64.32,43.6,2.5,LOW,65,1,2
UMIYA-MRO.NS,SELL,82.05,downtrend,52.38,-0.2,78.72,,85.29,6.58,,,95.21,49.15,2.5,LOW,68,1,2
MAGNUM.NS,SELL,nan,downtrend,66.67,0.31,0.0,,0.0,nan,,,nan,nan,0,ELEVATED,61,1,2
SHREEOSFM.NS,SELL,86.95,downtrend,63.76,1.45,76.66,,96.56,5.92,,,98.79,57.36,2.5,LOW,63,1,2
ISFT.NS,SELL,nan,downtrend,57.87,-1.81,0.0,,0.0,nan,,,nan,nan,0,ELEVATED,66,2,1
AIROLAM.NS,HOLD,nan,weak_trend,42.59,-1.96,0.0,,0.0,nan,,,nan,nan,0,ELEVATED,40,0,3
MUKTAARTS.NS,SELL,nan,downtrend,61.65,-1.72,0.0,,0.0,nan,,,nan,nan,0,ELEVATED,64,1,2
GLOBALPET.NS,HOLD,101.0,weak_trend,48.74,-3.9,95.77,,127.11,5.7,,,92.44,112.41,1.33,LOW,40,0,3
USASEEDS.NS,HOLD,115.5,weak_trend,79.12,-1.42,96.6,,166.81,3.65,,,110.02,122.81,1.33,LOW,40,1,2
INDIANCARD.NS,SELL,nan,downtrend,58.36,-5.03,0.0,,0.0,nan,,,nan,nan,0,ELEVATED,65,1,2
MDL.NS,SELL,56.0,downtrend,56.22,1.35,54.07,,78.6,4.35,,,64.71,34.23,2.5,LOW,66,1,2
ALPHAGEO.NS,SELL,nan,downtrend,69.12,5.18,0.0,,0.0,nan,,,nan,nan,0,ELEVATED,60,2,1
GVPTECH.NS,SELL,nan,downtrend,58.09,-0.07,0.0,,0.0,nan,,,nan,nan,0,ELEVATED,65,1,2
BHARATGEAR.NS,SELL,nan,downtrend,57.51,-1.74,0.0,,0.0,nan,,,nan,nan,0,ELEVATED,66,2,1
KREBSBIO.NS,SELL,nan,downtrend,66.89,0.79,0.0,,0.0,nan,,,nan,nan,0,ELEVATED,61,1,2
INDBANK.NS,SELL,nan,downtrend,59.49,-0.39,0.0,,0.0,nan,,,nan,nan,0,ELEVATED,65,1,2
RPPL.NS,SELL,nan,downtrend,59.16,-0.08,0.0,,0.0,nan,,,nan,nan,0,ELEVATED,65,1,2
UMAEXPORTS.NS,SELL,nan,downtrend,68.72,-0.05,0.0,,0.0,nan,,,nan,nan,0,ELEVATED,60,1,2
SHEETAL.NS,HOLD,255.0,weak_trend,68.76,4.88,235.84,,164.26,7.84,,,243.25,270.67,1.33,LOW,40,2,1
SADHAV.NS,HOLD,113.0,weak_trend,73.05,2.23,101.9,,107.49,5.78,,,104.33,124.56,1.33,LOW,40,1,2
HECPROJECT.NS,HOLD,nan,weak_trend,70.57,2.71,0.0,,0.0,nan,,,nan,nan,0,ELEVATED,40,0,3
HPIL.NS,SELL,nan,downtrend,61.26,-0.29,0.0,,0.0,nan,,,nan,nan,0,ELEVATED,64,1,2
SLONE.NS,SELL,207.65,downtrend,59.57,0.55,185.4,,264.08,10.32,,,228.29,156.04,2.5,LOW,65,2,1
GANGESSECU.NS,SELL,nan,downtrend,67.09,-0.67,0.0,,0.0,nan,,,nan,nan,0,ELEVATED,61,1,2
SURANASOL.NS,SELL,nan,downtrend,55.74,0.04,0.0,,0.0,nan,,,nan,nan,0,ELEVATED,67,1,2
QUESTLAB.NS,HOLD,105.0,weak_trend,37.99,-2.18,108.11,,98.87,3.98,,,99.03,112.96,1.33,LOW,40,0,3
INVENTURE.NS,HOLD,nan,weak_trend,43.75,-0.01,0.0,,0.0,nan,,,nan,nan,0,ELEVATED,40,0,3
STEELCITY.NS,SELL,nan,downtrend,59.26,-0.44,0.0,,0.0,nan,,,nan,nan,0,ELEVATED,65,2,1
BTML.NS,SELL,nan,downtrend,51.6,-0.21,0.0,,0.0,nan,,,nan,nan,0,ELEVATED,69,1,2
ZEAL.NS,SELL,81.0,downtrend,64.18,0.99,68.46,,102.4,5.37,,,91.75,54.13,2.5,LOW,62,1,2
VEEKAYEM.NS,SELL,117.1,downtrend,29.78,-2.14,125.61,,213.33,3.29,,,123.69,100.64,2.5,LOW,80,1,2
COMPUSOFT.NS,SELL,nan,downtrend,57.38,-0.06,0.0,,0.0,nan,,,nan,nan,0,ELEVATED,66,1,2
SHYAMCENT.NS,SELL,nan,downtrend,55.74,-0.15,0.0,,0.0,nan,,,nan,nan,0,ELEVATED,67,1,2
LAGNAM.NS,SELL,nan,downtrend,53.77,-1.12,0.0,,0.0,nan,,,nan,nan,0,ELEVATED,68,1,2
SAMBHAAV.NS,HOLD,nan,weak_trend,81.53,-0.12,0.0,,0.0,nan,,,nan,nan,0,ELEVATED,40,1,2
SILGO.NS,SELL,nan,downtrend,62.86,0.62,0.0,,0.0,nan,,,nan,nan,0,ELEVATED,63,1,2
MASTER.NS,SELL,320.0,downtrend,66.15,1.27,305.64,,344.84,5.08,,,330.16,294.59,2.5,LOW,61,1,2
MAL.NS,HOLD,41.0,weak_trend,71.61,-0.78,34.33,,53.81,1.97,,,38.04,44.94,1.33,LOW,40,0,3
SMLT.NS,SELL,nan,downtrend,57.01,-0.86,0.0,,0.0,nan,,,nan,nan,0,ELEVATED,66,1,2
AUSOMENT.NS,SELL,nan,downtrend,54.39,-0.62,0.0,,0.0,nan,,,nan,nan,0,ELEVATED,67,2,1
GTL.NS,SELL,nan,downtrend,63.93,0.01,0.0,,0.0,nan,,,nan,nan,0,ELEVATED,63,1,2
VISAMAN.NS,HOLD,125.25,weak_trend,64.76,-0.49,111.02,,108.71,4.75,,,118.12,134.75,1.33,LOW,40,2,1
GREENCHEF.NS,SELL,49.5,downtrend,50.77,-0.09,47.66,,57.62,2.42,,,54.34,37.39,2.5,LOW,69,1,2
BAIDFIN.NS,SELL,nan,downtrend,51.79,-0.1,0.0,,0.0,nan,,,nan,nan,0,ELEVATED,69,1,2
SMARTLINK.NS,SELL,nan,downtrend,57.72,-0.04,0.0,,0.0,nan,,,nan,nan,0,ELEVATED,66,1,2
MAHAPEXLTD.NS,SELL,nan,downtrend,29.45,-9.59,0.0,,0.0,nan,,,nan,nan,0,ELEVATED,80,1,2
SADBHIN.NS,SELL,nan,downtrend,52.1,-0.19,0.0,,0.0,nan,,,nan,nan,0,ELEVATED,68,2,1
SEMAC.NS,HOLD,nan,weak_trend,42.81,3.25,0.0,,0.0,nan,,,nan,nan,0,ELEVATED,40,0,3
REXPIPES.NS,HOLD,202.0,weak_trend,59.4,4.06,195.74,,156.58,2.53,,,198.2,207.06,1.33,LOW,40,2,1
SOTAC.NS,SELL,102.0,downtrend,29.49,-3.33,109.69,,122.16,1.76,,,105.51,93.21,2.5,LOW,80,0,3
VITAL.NS,HOLD,nan,weak_trend,88.33,2.46,0.0,,0.0,nan,,,nan,nan,0,ELEVATED,40,0,3
TRU.NS,HOLD,5.94,weak_trend,49.31,-0.19,5.76,,10.18,0.42,,,5.31,6.78,1.33,LOW,40,0,3
JOCIL.NS,SELL,nan,downtrend,53.82,-3.84,0.0,,0.0,nan,,,nan,nan,0,ELEVATED,68,1,2
URBAN.NS,SELL,143.75,downtrend,62.36,1.94,133.33,,152.76,9.03,,,161.81,98.61,2.5,LOW,63,1,2
SYLVANPLY.NS,SELL,51.0,downtrend,57.6,-0.23,46.17,,64.21,2.63,,,56.26,37.86,2.5,LOW,66,1,2
TRUST.NS,SELL,40.1,downtrend,69.64,0.51,33.32,,51.61,2.76,,,45.63,26.28,2.5,LOW,60,1,2
MCL.NS,SELL,nan,downtrend,52.74,-0.98,0.0,,0.0,nan,,,nan,nan,0,ELEVATED,68,1,2
WIPL.NS,SELL,nan,downtrend,63.34,0.76,0.0,,0.0,nan,,,nan,nan,0,ELEVATED,63,1,2
BALPHARMA.NS,SELL,nan,downtrend,65.41,0.58,0.0,,0.0,nan,,,nan,nan,0,ELEVATED,62,1,2
VIPULLTD.NS,SELL,nan,downtrend,36.59,-0.37,0.0,,0.0,nan,,,nan,nan,0,ELEVATED,76,1,2
SALONA.NS,SELL,nan,downtrend,61.44,3.52,0.0,,0.0,nan,,,nan,nan,0,ELEVATED,64,1,2
LAMBODHARA.NS,SELL,nan,downtrend,60.06,-0.68,0.0,,0.0,nan,,,nan,nan,0,ELEVATED,64,1,2
LOVABLE.NS,SELL,nan,downtrend,58.05,-1.14,0.0,,0.0,nan,,,nan,nan,0,ELEVATED,65,1,2
ISHANCH.NS,SELL,59.02,downtrend,65.5,-0.37,53.42,,62.1,4.24,,,67.5,37.82,2.5,LOW,62,2,1
SHIGAN.NS,SELL,53.0,downtrend,52.11,-1.85,51.95,,65.06,2.1,,,57.21,42.48,2.5,LOW,68,1,2
SURANI.NS,HOLD,123.3,weak_trend,93.79,16.74,86.16,,81.47,9.78,,,108.63,142.86,1.33,LOW,40,1,2
HDIL.NS,SELL,nan,downtrend,51.72,-0.08,0.0,,0.0,nan,,,nan,nan,0,ELEVATED,69,1,2
LOYALTEX.NS,SELL,nan,downtrend,56.21,-5.04,0.0,,0.0,nan,,,nan,nan,0,ELEVATED,66,1,2
RAJSREESUG.NS,SELL,nan,downtrend,60.04,0.08,0.0,,0.0,nan,,,nan,nan,0,ELEVATED,64,1,2
OSWALSEEDS.NS,SELL,nan,downtrend,64.89,-0.27,0.0,,0.0,nan,,,nan,nan,0,ELEVATED,62,1,2
BAGFILMS.NS,HOLD,nan,weak_trend,70.55,-0.06,0.0,,0.0,nan,,,nan,nan,0,ELEVATED,40,0,3
SHAHALLOYS.NS,HOLD,nan,weak_trend,72.03,0.61,0.0,,0.0,nan,,,nan,nan,0,ELEVATED,40,0,3
DRSDILIP.NS,HOLD,119.5,weak_trend,93.94,6.5,114.2,,88.62,1.22,,,117.67,121.94,1.33,LOW,40,1,2
SECMARK.NS,HOLD,nan,weak_trend,74.01,1.34,0.0,,0.0,nan,,,nan,nan,0,ELEVATED,40,1,2
ZENITHEXPO.NS,SELL,nan,downtrend,66.04,-0.2,0.0,,0.0,nan,,,nan,nan,0,ELEVATED,61,2,1
CUBEXTUB.NS,SELL,nan,downtrend,51.83,-3.29,0.0,,0.0,nan,,,nan,nan,0,ELEVATED,69,1,2
LATTEYS.NS,SELL,nan,downtrend,63.01,-0.08,0.0,,0.0,nan,,,nan,nan,0,ELEVATED,63,1,2
DELAPLEX.NS,SELL,104.0,downtrend,61.48,-1.21,96.19,,132.4,6.27,,,116.54,72.64,2.5,LOW,64,1,2
SAMPANN.NS,SELL,nan,downtrend,59.85,-0.14,0.0,,0.0,nan,,,nan,nan,0,ELEVATED,65,2,1
ARTNIRMAN.NS,HOLD,nan,weak_trend,75.11,0.74,0.0,,0.0,nan,,,nan,nan,0,ELEVATED,40,1,2
SSFL.NS,SELL,114.0,downtrend,26.86,-4.53,122.12,,140.83,6.19,,,126.38,83.05,2.5,LOW,81,0,3
GENSOL.NS,SELL,nan,downtrend,54.84,-0.98,0.0,,0.0,nan,,,nan,nan,0,ELEVATED,67,2,1
TARMAT.NS,SELL,nan,downtrend,51.28,-0.4,0.0,,0.0,nan,,,nan,nan,0,ELEVATED,69,1,2
SIDDHIKA.NS,HOLD,219.9,weak_trend,55.46,2.36,209.66,,204.62,4.41,,,213.28,228.72,1.33,LOW,40,2,1
FIBERWEB.NS,SELL,nan,downtrend,57.98,-0.62,0.0,,0.0,nan,,,nan,nan,0,ELEVATED,66,1,2
SCML.NS,HOLD,138.05,weak_trend,50.53,2.55,137.46,,115.71,5.81,,,129.33,149.68,1.33,LOW,40,2,1
OMFURN.NS,HOLD,63.4,weak_trend,71.49,-0.74,46.5,,89.96,4.36,,,56.86,72.12,1.33,LOW,40,1,2
NEWJAISA.NS,SELL,23.8,downtrend,66.8,0.94,19.3,,30.19,1.06,,,25.93,18.48,2.5,LOW,61,1,2
DCG.NS,SELL,64.0,downtrend,64.71,0.86,56.68,,65.79,3.58,,,71.15,46.12,2.5,LOW,62,1,2
RAJMET.NS,SELL,nan,downtrend,64.08,0.03,0.0,,0.0,nan,,,nan,nan,0,ELEVATED,62,1,2
MAXPOSURE.NS,HOLD,43.7,weak_trend,78.25,1.51,35.84,,48.9,1.57,,,41.35,46.84,1.33,LOW,40,0,3
PAR.NS,SELL,nan,downtrend,58.56,-0.71,0.0,,0.0,nan,,,nan,nan,0,ELEVATED,65,1,2
BEARDSELL.NS,SELL,nan,downtrend,60.06,-0.27,0.0,,0.0,nan,,,nan,nan,0,ELEVATED,64,1,2
RELIABLE.NS,HOLD,nan,weak_trend,46.8,-4.35,0.0,,0.0,nan,,,nan,nan,0,ELEVATED,40,1,2
AKSHOPTFBR.NS,HOLD,nan,weak_trend,70.49,0.09,0.0,,0.0,nan,,,nan,nan,0,ELEVATED,40,0,3
MOKSH.NS,SELL,nan,downtrend,55.63,-0.48,0.0,,0.0,nan,,,nan,nan,0,ELEVATED,67,1,2
BEACON.NS,BUY,83.95,uptrend,60.65,-0.43,75.47,,72.17,4.99,82.27,85.63,73.98,108.88,2.5,LOW,75,3,0
CRAYONS.NS,SELL,36.5,downtrend,54.67,-0.33,32.79,,45.89,3.72,,,43.94,17.91,2.5,LOW,67,1,2
DTL.NS,SELL,111.5,downtrend,60.08,-1.12,101.05,,138.62,6.68,,,124.86,78.09,2.5,LOW,64,1,2
GROBTEA.NS,HOLD,nan,weak_trend,42.29,-16.28,0.0,,0.0,nan,,,nan,nan,0,ELEVATED,40,0,3
REGENCERAM.NS,SELL,nan,downtrend,58.64,0.52,0.0,,0.0,nan,,,nan,nan,0,ELEVATED,65,1,2
SURYALAXMI.NS,SELL,nan,downtrend,53.13,-0.38,0.0,,0.0,nan,,,nan,nan,0,ELEVATED,68,1,2
MAHICKRA.NS,HOLD,228.9,weak_trend,70.35,9.34,210.27,,158.56,10.04,,,213.84,248.99,1.33,LOW,40,2,1
RELCHEMQ.NS,SELL,nan,downtrend,59.98,-0.97,0.0,,0.0,nan,,,nan,nan,0,ELEVATED,65,1,2
KOHINOOR.NS,SELL,nan,downtrend,61.86,-0.3,0.0,,0.0,nan,,,nan,nan,0,ELEVATED,64,1,2
HILTON.NS,SELL,nan,downtrend,65.64,0.45,0.0,,0.0,nan,,,nan,nan,0,ELEVATED,62,2,1
PALASHSECU.NS,SELL,nan,downtrend,67.53,-0.16,0.0,,0.0,nan,,,nan,nan,0,ELEVATED,61,1,2
TOTAL.NS,SELL,nan,downtrend,52.18,-2.54,0.0,,0.0,nan,,,nan,nan,0,ELEVATED,68,1,2
ASCOM.NS,HOLD,244.5,weak_trend,66.34,8.53,232.24,,128.79,3.86,,,238.71,252.21,1.33,LOW,40,1,2
OLIL.NS,SELL,320.5,downtrend,45.3,3.74,315.79,,277.93,11.41,,,343.31,263.46,2.5,LOW,72,1,2
VAISHALI.NS,SELL,nan,downtrend,52.49,-0.26,0.0,,0.0,nan,,,nan,nan,0,ELEVATED,68,2,1
SIL.NS,SELL,nan,downtrend,56.58,-0.13,0.0,,0.0,nan,,,nan,nan,0,ELEVATED,66,1,2
OBCL.NS,SELL,nan,downtrend,40.34,0.03,0.0,,0.0,nan,,,nan,nan,0,ELEVATED,74,0,3
ROCKINGDCE.NS,HOLD,156.95,weak_trend,41.8,-10.34,156.92,,200.5,10.24,,,141.59,177.43,1.33,LOW,40,0,3
TOKYOPLAST.NS,SELL,nan,downtrend,55.15,-2.83,0.0,,0.0,nan,,,nan,nan,0,ELEVATED,67,1,2
REFRACTORY.NS,HOLD,42.1,weak_trend,71.31,-0.68,33.56,,49.75,2.13,,,38.9,46.36,1.33,LOW,40,1,2
DIGIDRIVE.NS,SELL,nan,downtrend,55.71,-0.38,0.0,,0.0,nan,,,nan,nan,0,ELEVATED,67,1,2
BHANDARI.NS,SELL,nan,downtrend,63.96,0.02,0.0,,0.0,nan,,,nan,nan,0,ELEVATED,63,1,2
ODIGMA.NS,HOLD,nan,weak_trend,72.56,0.22,0.0,,0.0,nan,,,nan,nan,0,ELEVATED,40,1,2
KAKATCEM.NS,SELL,nan,downtrend,54.15,-2.88,0.0,,0.0,nan,,,nan,nan,0,ELEVATED,67,1,2
KLL.NS,SELL,42.0,downtrend,53.8,-0.29,38.63,,56.27,2.75,,,47.49,28.27,2.5,LOW,68,1,2
MITCON.NS,HOLD,nan,weak_trend,83.57,3.37,0.0,,0.0,nan,,,nan,nan,0,ELEVATED,40,0,3
TOUCHWOOD.NS,SELL,nan,downtrend,57.02,-2.05,0.0,,0.0,nan,,,nan,nan,0,ELEVATED,66,2,1
AAATECH.NS,SELL,nan,downtrend,65.89,-0.32,0.0,,0.0,nan,,,nan,nan,0,ELEVATED,62,1,2
SPLIL.NS,SELL,nan,downtrend,55.91,-0.28,0.0,,0.0,nan,,,nan,nan,0,ELEVATED,67,1,2
HOLMARC.NS,SELL,80.35,downtrend,51.55,-4.63,74.6,,106.22,3.47,,,87.29,63.01,2.5,LOW,69,1,2
HOACFOODS.NS,HOLD,416.45,weak_trend,77.34,14.31,370.24,,291.72,13.58,,,396.08,443.61,1.33,NORMAL,40,1,2
ZENITHSTL.NS,SELL,nan,downtrend,68.35,-0.02,0.0,,0.0,nan,,,nan,nan,0,ELEVATED,60,2,1
ARSSINFRA.NS,HOLD,54.27,weak_trend,50.0,0.0,54.27,,52.81,0.0,,,54.27,54.27,0,LOW,40,0,3
NAMAN.NS,SELL,55.95,downtrend,60.92,-1.0,48.77,,76.54,2.89,,,61.74,41.49,2.5,LOW,64,1,2
MARC.NS,HOLD,67.0,weak_trend,57.66,1.3,63.92,,0.0,2.46,,,63.31,71.92,1.33,LOW,40,2,1
PIONEEREMB.NS,SELL,nan,downtrend,54.93,-0.39,0.0,,0.0,nan,,,nan,nan,0,ELEVATED,67,1,2
ZENITHDRUG.NS,SELL,42.5,downtrend,51.57,-1.21,40.54,,58.07,2.43,,,47.36,30.34,2.5,LOW,69,1,2
GLOBE.NS,SELL,nan,downtrend,52.59,-0.05,0.0,,0.0,nan,,,nan,nan,0,ELEVATED,68,1,2
DHRUV.NS,SELL,nan,downtrend,65.21,0.85,0.0,,0.0,nan,,,nan,nan,0,ELEVATED,62,1,2
SONUINFRA.NS,SELL,51.55,downtrend,57.8,-4.37,46.02,,91.98,2.32,,,56.19,39.96,2.5,LOW,66,1,2
SELMC.NS,SELL,nan,downtrend,68.04,0.36,0.0,,0.0,nan,,,nan,nan,0,ELEVATED,60,1,2
MAGSON.NS,HOLD,189.4,weak_trend,85.49,9.85,149.05,,125.24,7.91,,,177.53,205.22,1.33,LOW,40,1,2
KEL.NS,SELL,82.7,downtrend,54.38,-1.21,78.96,,99.57,4.75,,,92.21,58.93,2.5,LOW,67,1,2
PATTECH.NS,SELL,87.75,downtrend,16.73,-4.74,98.78,,116.79,2.24,,,92.24,76.54,2.5,LOW,86,1,2
CAPTRUST.NS,HOLD,nan,weak_trend,71.31,-0.01,0.0,,0.0,nan,,,nan,nan,0,ELEVATED,40,1,2
ATAM.NS,SELL,nan,downtrend,66.44,-0.72,0.0,,0.0,nan,,,nan,nan,0,ELEVATED,61,1,2
PARAGON.NS,HOLD,40.9,weak_trend,36.38,-0.99,41.59,,50.46,2.49,,,37.17,45.88,1.33,LOW,40,0,3
LPDC.NS,HOLD,nan,weak_trend,76.84,0.35,0.0,,0.0,nan,,,nan,nan,0,ELEVATED,40,1,2
ROXHITECH.NS,SELL,35.5,downtrend,65.54,0.26,29.86,,41.98,2.54,,,40.58,22.8,2.5,LOW,62,1,2
DIGJAMLMTD.NS,HOLD,45.02,weak_trend,75.25,0.21,40.72,,47.77,3.46,,,39.83,51.93,1.33,LOW,40,0,3
NIRMAN.NS,SELL,51.1,downtrend,60.09,-0.85,45.93,,107.82,2.48,,,56.05,38.72,2.5,LOW,64,2,1
PATINTLOG.NS,SELL,nan,downtrend,65.47,-0.02,0.0,,0.0,nan,,,nan,nan,0,ELEVATED,62,1,2
GOYALALUM.NS,SELL,nan,downtrend,66.55,-0.01,0.0,,0.0,nan,,,nan,nan,0,ELEVATED,61,2,1
MANGALAM.NS,SELL,nan,downtrend,53.29,-0.32,0.0,,0.0,nan,,,nan,nan,0,ELEVATED,68,1,2
IL&FSTRANS.NS,SELL,nan,downtrend,53.75,-0.1,0.0,,0.0,nan,,,nan,nan,0,ELEVATED,68,2,1
ACCURACY.NS,HOLD,nan,weak_trend,70.17,0.16,0.0,,0.0,nan,,,nan,nan,0,ELEVATED,40,0,3
PRUDMOULI.NS,HOLD,nan,weak_trend,82.55,-0.2,0.0,,0.0,nan,,,nan,nan,0,ELEVATED,40,0,3
AMBEY.NS,SELL,23.45,downtrend,61.18,-0.67,21.07,,36.73,1.99,,,27.43,13.5,2.5,LOW,64,1,2
DIGIKORE.NS,SELL,70.05,downtrend,38.76,-2.19,74.97,,113.24,7.67,,,85.39,31.69,2.5,LOW,75,0,3
AMDIND.NS,SELL,nan,downtrend,67.93,0.4,0.0,,0.0,nan,,,nan,nan,0,ELEVATED,61,1,2
SILKFLEX.NS,HOLD,138.4,weak_trend,63.66,2.33,120.88,,96.87,4.66,,,131.41,147.72,1.33,LOW,40,2,1
BVCL.NS,SELL,nan,downtrend,61.99,-0.12,0.0,,0.0,nan,,,nan,nan,0,ELEVATED,64,1,2
CINEVISTA.NS,HOLD,nan,weak_trend,45.14,-0.25,0.0,,0.0,nan,,,nan,nan,0,ELEVATED,40,0,3
MOTOGENFIN.NS,SELL,nan,downtrend,68.18,0.37,0.0,,0.0,nan,,,nan,nan,0,ELEVATED,60,1,2
HISARMETAL.NS,SELL,nan,downtrend,56.41,-3.16,0.0,,0.0,nan,,,nan,nan,0,ELEVATED,66,1,2
JHS.NS,SELL,nan,downtrend,61.48,-0.19,0.0,,0.0,nan,,,nan,nan,0,ELEVATED,64,1,2
PRITI.NS,HOLD,nan,weak_trend,78.46,0.11,0.0,,0.0,nan,,,nan,nan,0,ELEVATED,40,1,2
ENERGYDEV.NS,SELL,nan,downtrend,60.9,-0.22,0.0,,0.0,nan,,,nan,nan,0,ELEVATED,64,1,2
AAKASH.NS,SELL,nan,downtrend,25.95,-0.25,0.0,,0.0,nan,,,nan,nan,0,ELEVATED,82,0,3
KANDARP.NS,HOLD,136.25,weak_trend,45.11,-3.84,136.73,,119.58,7.1,,,125.61,150.44,1.33,LOW,40,1,2
EFORCE.NS,SELL,28.35,downtrend,68.0,-0.02,21.86,,37.14,2.22,,,32.79,17.24,2.5,LOW,61,1,2
FONEBOX.NS,HOLD,64.8,weak_trend,32.63,-3.88,69.12,,88.5,2.91,,,60.43,70.62,1.33,LOW,40,0,3
ORCHASP.NS,HOLD,nan,weak_trend,37.5,-0.11,0.0,,0.0,nan,,,nan,nan,0,ELEVATED,40,0,3
SONAMAC.NS,SELL,42.85,downtrend,68.04,1.18,33.85,,59.15,3.46,,,49.78,25.53,2.5,LOW,60,1,2
TGL.NS,SELL,30.55,downtrend,25.64,-4.22,33.44,,70.94,1.22,,,32.99,24.46,2.5,LOW,82,2,1
CLSL.NS,HOLD,45.0,weak_trend,49.76,-0.47,44.56,,52.2,2.41,,,41.39,49.81,1.33,LOW,40,0,3
AISL.NS,HOLD,64.0,weak_trend,50.0,-2.73,62.02,,84.26,3.05,,,59.43,70.09,1.33,LOW,40,0,3
PRAKASHSTL.NS,HOLD,nan,weak_trend,73.63,0.0,0.0,,0.0,nan,,,nan,nan,0,ELEVATED,40,0,3
CURAA.NS,SELL,nan,downtrend,20.63,2.75,0.0,,0.0,nan,,,nan,nan,0,ELEVATED,84,0,3
SUNDARAM.NS,SELL,nan,downtrend,66.67,-0.02,0.0,,0.0,nan,,,nan,nan,0,ELEVATED,61,1,2
DBSTOCKBRO.NS,SELL,nan,downtrend,64.27,0.23,0.0,,0.0,nan,,,nan,nan,0,ELEVATED,62,1,2
MHHL.NS,SELL,40.05,downtrend,60.0,0.33,37.46,,46.49,2.13,,,44.31,29.41,2.5,LOW,65,1,2
KONSTELEC.NS,SELL,36.9,downtrend,67.27,-1.04,31.72,,53.62,1.49,,,39.87,29.47,2.5,LOW,61,1,2
SANGANI.NS,SELL,44.0,downtrend,57.49,-0.74,41.37,,59.48,1.64,,,47.28,35.8,2.5,LOW,66,1,2
AURIGROW.NS,BUY,0.3,uptrend,53.85,-0.0,0.28,,0.0,0.01,0.29,0.31,0.28,0.36,2.5,LOW,71,3,0
VIAZ.NS,SELL,61.0,downtrend,34.43,-0.7,61.98,,69.74,0.46,,,61.92,58.7,2.5,LOW,77,1,2
ALKALI.NS,SELL,nan,downtrend,67.99,-0.48,0.0,,0.0,nan,,,nan,nan,0,ELEVATED,61,1,2
PARTYCRUS.NS,HOLD,89.0,weak_trend,53.05,1.1,83.09,,78.8,3.58,,,83.63,96.16,1.33,LOW,40,2,1
BAWEJA.NS,SELL,31.2,downtrend,56.93,-0.86,26.7,,43.4,2.21,,,35.63,20.13,2.5,LOW,66,1,2
AKI.NS,SELL,nan,downtrend,67.05,-0.05,0.0,,0.0,nan,,,nan,nan,0,ELEVATED,61,1,2
FCONSUMER.NS,SELL,nan,downtrend,0.0,-0.01,0.0,,0.0,nan,,,nan,nan,0,ELEVATED,95,2,1
AJOONI.NS,SELL,nan,downtrend,50.81,-0.05,0.0,,0.0,nan,,,nan,nan,0,ELEVATED,69,1,2
ANMOL.NS,SELL,nan,downtrend,55.87,-0.12,0.0,,0.0,nan,,,nan,nan,0,ELEVATED,67,1,2
BANKA.NS,HOLD,nan,weak_trend,77.88,2.02,0.0,,0.0,nan,,,nan,nan,0,ELEVATED,40,0,3
NAGREEKEXP.NS,SELL,nan,downtrend,64.34,-0.38,0.0,,0.0,nan,,,nan,nan,0,ELEVATED,62,1,2
DELTAMAGNT.NS,SELL,nan,downtrend,64.66,-0.76,0.0,,0.0,nan,,,nan,nan,0,ELEVATED,62,1,2
MEGAFLEX.NS,SELL,151.5,downtrend,45.1,4.62,150.89,,89.46,1.38,,,154.25,144.62,2.5,LOW,72,1,2
HGM.NS,HOLD,54.01,weak_trend,62.36,-0.56,49.69,,0.0,4.8,,,46.82,63.6,1.33,LOW,40,2,1
CEREBRAINT.NS,SELL,nan,downtrend,69.91,-0.03,0.0,,0.0,nan,,,nan,nan,0,ELEVATED,60,2,1
CTE.NS,SELL,nan,downtrend,68.04,-0.05,0.0,,0.0,nan,,,nan,nan,0,ELEVATED,60,1,2
SUVIDHAA.NS,SELL,nan,downtrend,64.43,0.01,0.0,,0.0,nan,,,nan,nan,0,ELEVATED,62,2,1
ORIENTLTD.NS,SELL,nan,downtrend,50.89,-1.3,0.0,,0.0,nan,,,nan,nan,0,ELEVATED,69,1,2
ARISTO.NS,HOLD,85.7,weak_trend,49.0,-1.88,83.46,,114.7,2.73,,,81.6,91.16,1.33,LOW,40,0,3
SRIVASAVI.NS,HOLD,51.75,weak_trend,72.61,0.61,46.42,,56.38,2.38,,,48.18,56.51,1.33,LOW,40,0,3
NARMADA.NS,SELL,nan,downtrend,67.48,0.66,0.0,,0.0,nan,,,nan,nan,0,ELEVATED,61,1,2
ONDOOR.NS,HOLD,174.0,weak_trend,65.63,5.44,141.16,,143.73,9.8,,,159.31,193.59,1.33,LOW,40,2,1
PULZ.NS,SELL,27.4,downtrend,58.67,-0.01,25.66,,34.84,1.04,,,29.47,22.22,2.5,LOW,65,2,1
TFL.NS,HOLD,nan,weak_trend,45.02,-0.29,0.0,,0.0,nan,,,nan,nan,0,ELEVATED,40,0,3
AGRITECH.NS,SELL,nan,downtrend,63.25,-1.41,0.0,,0.0,nan,,,nan,nan,0,ELEVATED,63,1,2
ARABIAN.NS,SELL,73.0,downtrend,54.68,0.1,70.5,,74.33,1.96,,,76.91,63.21,2.5,LOW,67,1,2
BLBLIMITED.NS,HOLD,nan,weak_trend,48.34,0.06,0.0,,0.0,nan,,,nan,nan,0,ELEVATED,40,0,3
BLUECOAST.NS,HOLD,nan,weak_trend,76.28,-0.13,0.0,,0.0,nan,,,nan,nan,0,ELEVATED,40,1,2
BANARBEADS.NS,HOLD,nan,weak_trend,47.49,-2.54,0.0,,0.0,nan,,,nan,nan,0,ELEVATED,40,0,3
AGROPHOS.NS,SELL,nan,downtrend,56.32,-0.36,0.0,,0.0,nan,,,nan,nan,0,ELEVATED,66,1,2
DAMODARIND.NS,SELL,nan,downtrend,64.2,-0.17,0.0,,0.0,nan,,,nan,nan,0,ELEVATED,62,1,2
K2INFRA.NS,SELL,51.75,downtrend,55.07,-0.48,48.79,,61.9,4.36,,,60.47,29.95,2.5,LOW,67,1,2
NOIDATOLL.NS,SELL,nan,downtrend,64.71,-0.02,0.0,,0.0,nan,,,nan,nan,0,ELEVATED,62,1,2
3PLAND.NS,SELL,nan,downtrend,64.52,0.43,0.0,,0.0,nan,,,nan,nan,0,ELEVATED,62,1,2
AMEYA.NS,HOLD,107.0,weak_trend,57.52,1.8,100.3,,102.12,2.2,,,103.71,111.39,1.33,LOW,40,2,1
SECURKLOUD.NS,SELL,nan,downtrend,65.17,0.51,0.0,,0.0,nan,,,nan,nan,0,ELEVATED,62,1,2
ROML.NS,SELL,nan,downtrend,54.96,-0.47,0.0,,0.0,nan,,,nan,nan,0,ELEVATED,67,1,2
PARASPETRO.NS,HOLD,nan,weak_trend,54.55,0.04,0.0,,0.0,nan,,,nan,nan,0,ELEVATED,40,0,3
MARCO.NS,HOLD,38.3,weak_trend,62.43,1.1,33.77,,38.29,2.39,,,34.72,43.07,1.33,LOW,40,2,1
AHLADA.NS,SELL,nan,downtrend,61.19,-0.6,0.0,,0.0,nan,,,nan,nan,0,ELEVATED,64,1,2
HOMESFY.NS,SELL,140.0,downtrend,55.32,-5.04,130.75,,209.51,5.46,,,150.91,112.71,2.5,LOW,67,1,2
VELS.NS,HOLD,60.4,weak_trend,69.58,1.11,53.27,,57.99,2.37,,,56.85,65.14,1.33,LOW,40,2,1
TPHQ.NS,SELL,0.56,downtrend,63.33,0.0,0.51,,0.66,0.03,,,0.63,0.39,2.5,LOW,63,2,1
ATLASCYCLE.NS,SELL,nan,downtrend,69.97,0.47,0.0,,0.0,nan,,,nan,nan,0,ELEVATED,60,2,1
SHEKHAWATI.NS,SELL,12.66,downtrend,57.69,-0.32,11.27,,19.06,1.2,,,15.07,6.65,2.5,LOW,66,1,2
ORIENTALTL.NS,HOLD,nan,weak_trend,77.81,0.15,0.0,,0.0,nan,,,nan,nan,0,ELEVATED,40,0,3
FMNL.NS,SELL,nan,downtrend,61.37,0.01,0.0,,0.0,nan,,,nan,nan,0,ELEVATED,64,1,2
SAIFL.NS,SELL,12.75,downtrend,64.66,0.58,10.01,,17.55,1.02,,,14.79,7.66,2.5,LOW,62,2,1
SYNOPTICS.NS,HOLD,46.0,weak_trend,43.83,-2.48,44.84,,74.33,1.47,,,43.79,48.94,1.33,LOW,40,0,3
ASLIND.NS,HOLD,80.45,weak_trend,37.47,-8.76,82.95,,80.66,2.94,,,76.04,86.34,1.33,LOW,40,0,3
NORBTEAEXP.NS,SELL,nan,downtrend,43.65,-0.36,0.0,,0.0,nan,,,nan,nan,0,ELEVATED,73,1,2
BANG.NS,SELL,nan,downtrend,55.29,-1.56,0.0,,0.0,nan,,,nan,nan,0,ELEVATED,67,1,2
BIRDYS.NS,SELL,111.0,downtrend,54.05,-1.48,108.47,,123.36,0.66,,,112.32,107.7,2.5,LOW,67,1,2
FLEXITUFF.NS,SELL,nan,downtrend,55.49,-0.62,0.0,,0.0,nan,,,nan,nan,0,ELEVATED,67,1,2
LRRPL.NS,HOLD,74.8,weak_trend,71.79,2.21,69.37,,76.76,2.92,,,70.42,80.64,1.33,LOW,40,0,3
ANSALAPI.NS,HOLD,nan,weak_trend,40.3,-0.11,0.0,,0.0,nan,,,nan,nan,0,ELEVATED,40,0,3
GATECH.NS,SELL,0.47,downtrend,52.63,-0.0,0.46,,0.6,0.03,,,0.53,0.32,2.5,LOW,68,2,1
BALKRISHNA.NS,SELL,nan,downtrend,56.54,0.13,0.0,,0.0,nan,,,nan,nan,0,ELEVATED,66,1,2
SWASTIK.NS,SELL,18.4,downtrend,56.6,-0.17,16.2,,26.4,1.23,,,20.86,12.24,2.5,LOW,66,1,2
NIBL.NS,SELL,nan,downtrend,54.59,-0.55,0.0,,0.0,nan,,,nan,nan,0,ELEVATED,67,1,2
JAIPURKURT.NS,SELL,28.55,downtrend,50.73,-0.92,28.62,,36.0,1.86,,,32.27,19.26,2.5,LOW,69,1,2
VERTEXPLUS.NS,SELL,81.6,downtrend,10.61,-5.28,95.7,,115.09,2.67,,,86.95,68.22,2.5,LOW,89,0,3
CELEBRITY.NS,SELL,nan,downtrend,56.75,-0.16,0.0,,0.0,nan,,,nan,nan,0,ELEVATED,66,1,2
GRAPHISAD.NS,SELL,36.95,downtrend,60.84,-0.28,33.04,,38.26,1.92,,,40.79,27.34,2.5,LOW,64,1,2
RILINFRA.NS,SELL,35.15,downtrend,46.06,-0.03,34.93,,36.1,2.3,,,39.76,23.63,2.5,LOW,71,0,3
DURLAX.NS,HOLD,49.7,weak_trend,53.57,0.95,47.37,,41.77,2.96,,,45.26,55.62,1.33,LOW,40,2,1
JETFREIGHT.NS,SELL,nan,downtrend,50.9,-0.09,0.0,,0.0,nan,,,nan,nan,0,ELEVATED,69,2,1
SERVICE.NS,HOLD,51.0,weak_trend,56.18,0.59,51.91,,50.36,1.84,,,48.24,54.69,1.33,LOW,40,0,3
GSS.NS,HOLD,nan,weak_trend,73.94,0.14,0.0,,0.0,nan,,,nan,nan,0,ELEVATED,40,0,3
BIOFILCHEM.NS,SELL,nan,downtrend,64.47,0.02,0.0,,0.0,nan,,,nan,nan,0,ELEVATED,62,2,1
DHANLAXMI.NS,HOLD,29.2,weak_trend,71.9,0.37,24.55,,36.61,2.16,,,25.95,33.53,1.33,LOW,40,0,3
ARCHIES.NS,SELL,nan,downtrend,58.13,-0.19,0.0,,0.0,nan,,,nan,nan,0,ELEVATED,65,1,2
GAYAHWS.NS,SELL,nan,downtrend,62.64,-0.02,0.0,,0.0,nan,,,nan,nan,0,ELEVATED,63,2,1
AVSL.NS,HOLD,119.7,weak_trend,50.0,-0.09,119.7,,122.91,0.0,,,119.7,119.7,0,LOW,40,0,3
DANGEE.NS,SELL,nan,downtrend,67.05,0.04,0.0,,0.0,nan,,,nan,nan,0,ELEVATED,61,2,1
KARMAENG.NS,SELL,nan,downtrend,59.1,-0.29,0.0,,0.0,nan,,,nan,nan,0,ELEVATED,65,1,2
TNTELE.NS,SELL,nan,downtrend,62.12,0.29,0.0,,0.0,nan,,,nan,nan,0,ELEVATED,63,1,2
MALUPAPER.NS,SELL,nan,downtrend,56.22,0.19,0.0,,0.0,nan,,,nan,nan,0,ELEVATED,66,1,2
BLUEPEBBLE.NS,HOLD,149.0,weak_trend,89.68,4.28,119.63,,152.29,7.08,,,138.38,163.16,1.33,LOW,40,0,3
RKDL.NS,SELL,nan,downtrend,61.6,0.3,0.0,,0.0,nan,,,nan,nan,0,ELEVATED,64,1,2
ICDSLTD.NS,SELL,nan,downtrend,50.81,0.03,0.0,,0.0,nan,,,nan,nan,0,ELEVATED,69,1,2
PALREDTEC.NS,SELL,nan,downtrend,63.77,-0.51,0.0,,0.0,nan,,,nan,nan,0,ELEVATED,63,1,2
AGSTRA.NS,SELL,nan,downtrend,61.42,-0.11,0.0,,0.0,nan,,,nan,nan,0,ELEVATED,64,1,2
MANUGRAPH.NS,SELL,nan,downtrend,52.59,-0.26,0.0,,0.0,nan,,,nan,nan,0,ELEVATED,68,1,2
LFIC.NS,SELL,nan,downtrend,59.78,-0.82,0.0,,0.0,nan,,,nan,nan,0,ELEVATED,65,1,2
GOLDENTOBC.NS,HOLD,nan,weak_trend,33.43,-1.53,0.0,,0.0,nan,,,nan,nan,0,ELEVATED,40,0,3
SECL.NS,SELL,3.6,downtrend,0.0,-0.09,3.71,,5.09,0.02,,,3.64,3.49,2.5,LOW,95,0,3
PRESSTONIC.NS,HOLD,32.7,weak_trend,31.32,-4.68,34.8,,68.93,1.66,,,30.21,36.02,1.33,LOW,40,0,3
CADSYS.NS,SELL,47.8,downtrend,63.77,-0.26,45.65,,56.51,2.21,,,52.22,36.75,2.5,LOW,63,1,2
VINNY.NS,SELL,nan,downtrend,69.05,0.01,0.0,,0.0,nan,,,nan,nan,0,ELEVATED,60,1,2
SHIVAMILLS.NS,HOLD,nan,weak_trend,45.13,-1.24,0.0,,0.0,nan,,,nan,nan,0,ELEVATED,40,1,2
UWCSL.NS,SELL,93.05,downtrend,0.0,-2.27,95.79,,111.33,0.35,,,93.74,91.32,2.5,LOW,95,1,2
LEXUS.NS,SELL,nan,downtrend,20.47,-3.05,0.0,,0.0,nan,,,nan,nan,0,ELEVATED,84,0,3
BABAFP.NS,SELL,25.1,downtrend,57.77,-0.09,22.96,,32.8,1.58,,,28.25,17.22,2.5,LOW,66,1,2
HBSL.NS,SELL,nan,downtrend,66.68,-0.79,0.0,,0.0,nan,,,nan,nan,0,ELEVATED,61,1,2
BMETRICS.NS,HOLD,40.9,weak_trend,48.8,0.91,40.89,,44.71,1.55,,,38.58,44.0,1.33,LOW,40,1,2
ADROITINFO.NS,SELL,nan,downtrend,67.12,-0.01,0.0,,0.0,nan,,,nan,nan,0,ELEVATED,61,1,2
AUROIMPEX.NS,SELL,33.45,downtrend,57.35,0.27,28.36,,41.92,2.34,,,38.12,21.77,2.5,LOW,66,1,2
TARAPUR.NS,HOLD,nan,weak_trend,41.78,-0.56,0.0,,0.0,nan,,,nan,nan,0,ELEVATED,40,0,3
RCDL.NS,SELL,22.5,downtrend,53.82,-0.3,22.01,,23.16,1.98,,,26.45,12.62,2.5,LOW,68,1,2
SEL.NS,HOLD,213.0,weak_trend,75.76,5.71,159.1,,225.13,13.25,,,193.12,239.51,1.33,NORMAL,40,0,3
JAKHARIA.NS,HOLD,60.5,weak_trend,50.0,-0.0,60.5,,71.91,0.0,,,60.5,60.5,0,LOW,40,0,3
LCCINFOTEC.NS,SELL,nan,downtrend,60.83,0.08,0.0,,0.0,nan,,,nan,nan,0,ELEVATED,64,1,2
MCON.NS,HOLD,58.1,weak_trend,79.31,1.71,43.64,,68.59,2.26,,,54.71,62.62,1.33,LOW,40,0,3
ASTRON.NS,HOLD,nan,weak_trend,70.48,0.02,0.0,,0.0,nan,,,nan,nan,0,ELEVATED,40,1,2
KHAITANLTD.NS,SELL,nan,downtrend,66.61,2.23,0.0,,0.0,nan,,,nan,nan,0,ELEVATED,61,1,2
AROGRANITE.NS,SELL,nan,downtrend,56.3,-0.69,0.0,,0.0,nan,,,nan,nan,0,ELEVATED,66,1,2
SIMBHALS.NS,HOLD,nan,weak_trend,73.31,-0.06,0.0,,0.0,nan,,,nan,nan,0,ELEVATED,40,0,3
HYBRIDFIN.NS,HOLD,nan,weak_trend,80.15,0.31,0.0,,0.0,nan,,,nan,nan,0,ELEVATED,40,1,2
VISHWAS.NS,SELL,40.0,downtrend,62.12,-0.06,36.73,,49.53,1.66,,,43.33,31.68,2.5,LOW,63,1,2
QUICKTOUCH.NS,SELL,29.65,downtrend,52.75,-1.04,29.07,,42.6,1.21,,,32.07,23.6,2.5,LOW,68,1,2
21STCENMGM.NS,HOLD,nan,weak_trend,33.43,-1.74,0.0,,0.0,nan,,,nan,nan,0,ELEVATED,40,1,2
DKEGL.NS,BUY,76.8,uptrend,69.59,-0.25,66.58,,70.74,3.44,75.26,78.34,69.92,94.0,2.5,LOW,79,3,0
DNAMEDIA.NS,HOLD,nan,weak_trend,46.67,-0.1,0.0,,0.0,nan,,,nan,nan,0,ELEVATED,40,0,3
LASA.NS,SELL,nan,downtrend,52.99,-0.23,0.0,,0.0,nan,,,nan,nan,0,ELEVATED,68,1,2
PENTAGON.NS,HOLD,74.95,weak_trend,69.65,0.31,62.11,,67.44,3.17,,,70.19,81.3,1.33,LOW,40,2,1
RULKA.NS,SELL,97.0,downtrend,58.79,-0.76,85.78,,114.45,5.69,,,108.39,68.54,2.5,LOW,65,1,2
UCL.NS,HOLD,96.9,weak_trend,100.0,7.16,79.72,,52.69,2.91,,,92.53,102.72,1.33,LOW,40,1,2
SUPERSPIN.NS,SELL,nan,downtrend,62.31,-0.37,0.0,,0.0,nan,,,nan,nan,0,ELEVATED,63,1,2
COUNCODOS.NS,HOLD,nan,weak_trend,72.67,-0.07,0.0,,0.0,nan,,,nan,nan,0,ELEVATED,40,1,2
WEWIN.NS,HOLD,nan,weak_trend,73.05,2.55,0.0,,0.0,nan,,,nan,nan,0,ELEVATED,40,0,3
MADHUCON.NS,HOLD,nan,weak_trend,71.12,0.04,0.0,,0.0,nan,,,nan,nan,0,ELEVATED,40,0,3
AGNI.NS,HOLD,20.0,weak_trend,79.41,0.34,16.13,,23.35,0.75,,,18.88,21.49,1.33,LOW,40,0,3
MASKINVEST.NS,HOLD,nan,weak_trend,49.25,-2.43,0.0,,0.0,nan,,,nan,nan,0,ELEVATED,40,0,3
ITALIANE.NS,HOLD,36.0,weak_trend,31.65,-0.23,38.28,,33.8,1.13,,,34.31,38.26,1.33,LOW,40,0,3
ARSHIYA.NS,SELL,nan,downtrend,41.86,-0.05,0.0,,0.0,nan,,,nan,nan,0,ELEVATED,74,0,3
MOXSH.NS,HOLD,133.85,weak_trend,100.0,6.52,127.7,,69.99,0.63,,,132.9,135.11,1.33,LOW,40,1,2
SEYAIND.NS,HOLD,nan,weak_trend,79.77,-0.39,0.0,,0.0,nan,,,nan,nan,0,ELEVATED,40,0,3
PEARLPOLY.NS,SELL,nan,downtrend,51.78,-0.57,0.0,,0.0,nan,,,nan,nan,0,ELEVATED,69,1,2
SVPGLOB.NS,SELL,nan,downtrend,60.0,-0.1,0.0,,0.0,nan,,,nan,nan,0,ELEVATED,64,1,2
MILTON.NS,HOLD,50.3,weak_trend,100.0,0.86,49.03,,34.23,0.16,,,50.05,50.63,1.33,LOW,40,1,2
SAGARDEEP.NS,SELL,nan,downtrend,54.95,-0.27,0.0,,0.0,nan,,,nan,nan,0,ELEVATED,67,1,2
PROLIFE.NS,HOLD,59.3,weak_trend,41.26,-1.36,60.51,,100.81,1.84,,,56.54,62.99,1.33,LOW,40,0,3
GANGAFORGE.NS,HOLD,nan,weak_trend,44.79,-0.09,0.0,,0.0,nan,,,nan,nan,0,ELEVATED,40,1,2
NGIL.NS,SELL,nan,downtrend,68.42,0.44,0.0,,0.0,nan,,,nan,nan,0,ELEVATED,60,2,1
UMA.NS,HOLD,16.5,weak_trend,50.0,-0.34,16.43,,21.74,0.77,,,15.35,18.04,1.33,LOW,40,0,3
ADL.NS,SELL,nan,downtrend,53.8,-1.12,0.0,,0.0,nan,,,nan,nan,0,ELEVATED,68,2,1
ABMINTLLTD.NS,SELL,nan,downtrend,56.76,0.28,0.0,,0.0,nan,,,nan,nan,0,ELEVATED,66,2,1
AKASH.NS,SELL,nan,downtrend,67.61,0.53,0.0,,0.0,nan,,,nan,nan,0,ELEVATED,61,1,2
AATMAJ.NS,SELL,20.1,downtrend,56.63,-0.17,19.44,,20.54,1.32,,,22.74,13.51,2.5,LOW,66,1,2
HRHNEXT.NS,SELL,26.0,downtrend,51.14,-0.02,25.82,,33.34,1.53,,,29.06,18.34,2.5,LOW,69,1,2
PRECISION.NS,SELL,7.2,downtrend,21.67,-0.63,7.98,,16.48,0.42,,,8.05,5.07,2.5,LOW,84,0,3
DEEM.NS,SELL,40.1,downtrend,57.82,-0.4,35.36,,50.26,2.47,,,45.04,27.76,2.5,LOW,66,1,2
AMBICAAGAR.NS,SELL,nan,downtrend,51.52,-0.23,0.0,,0.0,nan,,,nan,nan,0,ELEVATED,69,1,2
MOHITIND.NS,SELL,nan,downtrend,51.72,-0.43,0.0,,0.0,nan,,,nan,nan,0,ELEVATED,69,1,2
JFLLIFE.NS,HOLD,9.25,weak_trend,40.98,-0.42,9.48,,12.63,0.32,,,8.77,9.89,1.33,LOW,40,0,3
KONTOR.NS,SELL,69.95,downtrend,53.92,-1.02,66.56,,71.42,4.74,,,79.44,46.24,2.5,LOW,68,1,2
VIJIFIN.NS,SELL,nan,downtrend,59.26,0.2,0.0,,0.0,nan,,,nan,nan,0,ELEVATED,65,1,2
SIGNORIA.NS,SELL,62.7,downtrend,69.62,-4.02,58.31,,88.69,1.39,,,65.48,55.75,2.5,LOW,60,1,2
AKSHAR.NS,SELL,nan,downtrend,61.54,0.01,0.0,,0.0,nan,,,nan,nan,0,ELEVATED,64,2,1
KEEPLEARN.NS,SELL,nan,downtrend,56.57,-0.01,0.0,,0.0,nan,,,nan,nan,0,ELEVATED,66,2,1
RADIOWALLA.NS,HOLD,27.8,weak_trend,32.18,-5.53,30.37,,57.2,1.92,,,24.92,31.64,1.33,LOW,40,0,3
JETKNIT.NS,HOLD,89.2,weak_trend,50.0,-0.02,89.2,,100.08,0.0,,,89.2,89.2,0,LOW,40,0,3
PNC.NS,SELL,nan,downtrend,59.77,-0.32,0.0,,0.0,nan,,,nan,nan,0,ELEVATED,65,1,2
NEXTMEDIA.NS,HOLD,nan,weak_trend,38.46,-0.31,0.0,,0.0,nan,,,nan,nan,0,ELEVATED,40,0,3
WALPAR.NS,SELL,42.25,downtrend,20.72,-0.81,44.68,,44.78,0.54,,,43.34,39.54,2.5,LOW,84,0,3
ASHOKAMET.NS,SELL,nan,downtrend,66.18,0.15,0.0,,0.0,nan,,,nan,nan,0,ELEVATED,61,2,1
BOHRAIND.NS,HOLD,nan,weak_trend,43.75,-0.38,0.0,,0.0,nan,,,nan,nan,0,ELEVATED,40,0,3
TIMESCAN.NS,SELL,41.35,downtrend,20.73,-1.26,45.02,,54.52,0.87,,,43.09,36.99,2.5,LOW,84,1,2
NKIND.NS,SELL,nan,downtrend,55.44,0.03,0.0,,0.0,nan,,,nan,nan,0,ELEVATED,67,1,2
AKG.NS,SELL,nan,downtrend,56.27,-0.38,0.0,,0.0,nan,,,nan,nan,0,ELEVATED,66,1,2
AGARWALFT.NS,HOLD,32.35,weak_trend,77.27,0.0,26.98,,47.37,1.18,,,30.58,34.71,1.33,LOW,40,0,3
LAXMICOT.NS,SELL,nan,downtrend,66.96,-0.32,0.0,,0.0,nan,,,nan,nan,0,ELEVATED,61,1,2
SITINET.NS,SELL,nan,downtrend,54.55,-0.01,0.0,,0.0,nan,,,nan,nan,0,ELEVATED,67,1,2
MEDIORG.NS,SELL,27.7,downtrend,59.72,1.01,23.49,,31.28,1.76,,,31.21,18.91,2.5,LOW,65,2,1
MADHAV.NS,SELL,nan,downtrend,57.65,-0.59,0.0,,0.0,nan,,,nan,nan,0,ELEVATED,66,1,2
TRIDHYA.NS,HOLD,8.4,weak_trend,44.87,-1.13,8.24,,15.35,0.54,,,7.59,9.49,1.33,LOW,40,0,3
MONOPHARMA.NS,SELL,12.1,downtrend,51.32,-0.06,11.64,,18.68,0.35,,,12.81,10.33,2.5,LOW,69,1,2
SGL.NS,SELL,nan,downtrend,57.52,0.12,0.0,,0.0,nan,,,nan,nan,0,ELEVATED,66,1,2
KRIDHANINF.NS,SELL,nan,downtrend,62.28,-0.19,0.0,,0.0,nan,,,nan,nan,0,ELEVATED,63,1,2
KANANIIND.NS,SELL,nan,downtrend,69.61,0.05,0.0,,0.0,nan,,,nan,nan,0,ELEVATED,60,1,2
KSR.NS,HOLD,36.83,weak_trend,54.27,0.63,34.89,,0.0,0.99,,,35.34,38.82,1.33,LOW,40,2,1
KKVAPOW.NS,HOLD,614.0,weak_trend,100.0,-8.51,592.39,,625.19,2.07,,,610.89,618.14,1.33,LOW,40,0,3
NEUEON.NS,HOLD,nan,weak_trend,100.0,1.29,0.0,,0.0,nan,,,nan,nan,0,ELEVATED,40,1,2
VINEETLAB.NS,SELL,nan,downtrend,69.11,0.27,0.0,,0.0,nan,,,nan,nan,0,ELEVATED,60,1,2
SATIPOLY.NS,HOLD,30.7,weak_trend,39.6,-4.07,32.71,,65.05,1.66,,,28.2,34.03,1.33,LOW,40,0,3
TAPIFRUIT.NS,SELL,60.0,downtrend,58.3,0.06,57.89,,76.98,1.17,,,62.34,54.14,2.5,LOW,65,1,2
WILLAMAGOR.NS,SELL,nan,downtrend,52.36,-0.37,0.0,,0.0,nan,,,nan,nan,0,ELEVATED,68,1,2
TECILCHEM.NS,SELL,nan,downtrend,50.1,-0.4,0.0,,0.0,nan,,,nan,nan,0,ELEVATED,69,1,2
MEP.NS,HOLD,nan,weak_trend,30.0,-0.06,0.0,,0.0,nan,,,nan,nan,0,ELEVATED,40,0,3
KHANDSE.NS,HOLD,nan,weak_trend,45.37,-0.77,0.0,,0.0,nan,,,nan,nan,0,ELEVATED,40,0,3
NAGREEKCAP.NS,SELL,nan,downtrend,59.61,-0.65,0.0,,0.0,nan,,,nan,nan,0,ELEVATED,65,1,2
KAUSHALYA.NS,SELL,nan,downtrend,59.42,-1.55,0.0,,0.0,nan,,,nan,nan,0,ELEVATED,65,1,2
INFOMEDIA.NS,SELL,nan,downtrend,68.88,0.15,0.0,,0.0,nan,,,nan,nan,0,ELEVATED,60,2,1
BILVYAPAR.NS,SELL,nan,downtrend,59.52,-0.17,0.0,,0.0,nan,,,nan,nan,0,ELEVATED,65,1,2
VILINBIO.NS,HOLD,37.95,weak_trend,65.93,1.17,36.22,,27.26,0.71,,,36.89,39.36,1.33,LOW,40,2,1
MITTAL.NS,HOLD,nan,weak_trend,48.94,0.0,0.0,,0.0,nan,,,nan,nan,0,ELEVATED,40,0,3
AGUL.NS,HOLD,72.0,weak_trend,42.86,-1.49,71.3,,65.15,0.94,,,70.59,73.89,1.33,LOW,40,2,1
VERA.NS,HOLD,69.0,weak_trend,35.71,-0.23,69.29,,69.02,0.3,,,68.54,69.61,1.33,LOW,40,0,3
SKIL.NS,HOLD,nan,weak_trend,33.33,-0.04,0.0,,0.0,nan,,,nan,nan,0,ELEVATED,40,1,2
CELLPOINT.NS,SELL,16.0,downtrend,60.5,-0.0,14.0,,17.14,1.19,,,18.38,10.05,2.5,LOW,64,1,2
ROLLT.NS,HOLD,nan,weak_trend,45.0,-0.01,0.0,,0.0,nan,,,nan,nan,0,ELEVATED,40,0,3
TGBHOTELS.NS,SELL,nan,downtrend,61.12,-0.08,0.0,,0.0,nan,,,nan,nan,0,ELEVATED,64,2,1
ASPIRE.NS,SELL,12.9,downtrend,64.0,-0.29,11.62,,19.85,0.48,,,13.85,10.52,2.5,LOW,63,1,2
SHRENIK.NS,HOLD,nan,weak_trend,44.44,-0.01,0.0,,0.0,nan,,,nan,nan,0,ELEVATED,40,0,3
VSCL.NS,HOLD,25.5,weak_trend,71.24,0.73,23.08,,25.01,0.66,,,24.5,26.83,1.33,LOW,40,2,1
TREEHOUSE.NS,HOLD,nan,weak_trend,45.57,-0.07,0.0,,0.0,nan,,,nan,nan,0,ELEVATED,40,0,3
LIBAS.NS,HOLD,nan,weak_trend,74.13,0.13,0.0,,0.0,nan,,,nan,nan,0,ELEVATED,40,0,3
DIL.NS,SELL,nan,downtrend,0.0,-0.07,0.0,,0.0,nan,,,nan,nan,0,ELEVATED,95,1,2
FLFL.NS,HOLD,nan,weak_trend,50.0,0.0,0.0,,0.0,nan,,,nan,nan,0,ELEVATED,40,1,2
YUDIZ.NS,HOLD,30.85,weak_trend,63.74,-0.5,26.5,,30.28,1.25,,,28.97,33.36,1.33,LOW,40,2,1
MICROPRO.NS,HOLD,20.8,weak_trend,45.02,0.16,18.9,,21.09,1.14,,,19.09,23.09,1.33,LOW,40,0,3
CONTI.NS,HOLD,13.6,weak_trend,30.0,-0.99,13.87,,22.0,0.23,,,13.26,14.06,1.33,LOW,40,0,3
HAVISHA.NS,SELL,nan,downtrend,64.15,0.03,0.0,,0.0,nan,,,nan,nan,0,ELEVATED,62,1,2
GFSTEELS.NS,HOLD,nan,weak_trend,50.0,0.15,0.0,,0.0,nan,,,nan,nan,0,ELEVATED,40,1,2
MFML.NS,HOLD,nan,weak_trend,48.79,-0.13,0.0,,0.0,nan,,,nan,nan,0,ELEVATED,40,0,3
GOENKA.NS,HOLD,0.82,weak_trend,50.0,-0.0,0.82,,0.94,0.0,,,0.82,0.82,0,LOW,40,0,3
MINDPOOL.NS,HOLD,71.1,weak_trend,50.0,0.0,71.1,,70.91,0.0,,,71.1,71.1,0,LOW,40,0,3
MORARJEE.NS,SELL,nan,downtrend,68.26,0.02,0.0,,0.0,nan,,,nan,nan,0,ELEVATED,60,1,2
KSHITIJPOL.NS,HOLD,2.72,weak_trend,74.68,0.04,2.38,,2.78,0.14,,,2.51,3.0,1.33,LOW,40,1,2
SRPL.NS,SELL,nan,downtrend,0.0,-0.02,0.0,,0.0,nan,,,nan,nan,0,ELEVATED,95,2,1
EASTSILK.NS,HOLD,nan,weak_trend,42.66,-1.74,0.0,,0.0,nan,,,nan,nan,0,ELEVATED,40,0,3
AILIMITED.NS,SELL,35.95,downtrend,27.62,-0.98,38.9,,43.69,1.45,,,38.86,28.68,2.5,LOW,81,0,3
SPRL.NS,SELL,110.15,downtrend,0.0,-2.43,117.29,,143.72,0.85,,,111.84,105.92,2.5,LOW,95,0,3
MANDEEP.NS,SELL,21.5,downtrend,65.63,0.27,18.58,,24.36,0.76,,,23.03,17.68,2.5,LOW,62,1,2
CYBERMEDIA.NS,SELL,nan,downtrend,61.53,0.03,0.0,,0.0,nan,,,nan,nan,0,ELEVATED,64,1,2
MANAV.NS,HOLD,37.0,weak_trend,0.0,-0.62,39.69,,25.75,0.4,,,36.41,37.79,1.33,LOW,40,1,2
SUPREMEENG.NS,HOLD,nan,weak_trend,37.5,-0.01,0.0,,0.0,nan,,,nan,nan,0,ELEVATED,40,0,3
TVVISION.NS,SELL,nan,downtrend,55.0,-0.14,0.0,,0.0,nan,,,nan,nan,0,ELEVATED,67,1,2
NIDAN.NS,SELL,14.7,downtrend,50.57,-0.38,14.65,,18.39,0.93,,,16.56,10.06,2.5,LOW,69,1,2
ANKITMETAL.NS,SELL,nan,downtrend,50.77,-0.03,0.0,,0.0,nan,,,nan,nan,0,ELEVATED,69,1,2
SANGINITA.NS,HOLD,nan,weak_trend,100.0,1.84,0.0,,0.0,nan,,,nan,nan,0,ELEVATED,40,0,3
GUJRAFFIA.NS,HOLD,39.8,weak_trend,74.85,0.01,37.56,,44.96,1.94,,,36.89,43.68,1.33,LOW,40,0,3
CALSOFT.NS,SELL,nan,downtrend,41.9,-0.46,0.0,,0.0,nan,,,nan,nan,0,ELEVATED,74,0,3
GTECJAINX.NS,HOLD,19.63,weak_trend,47.21,-0.06,19.54,,23.09,1.68,,,17.11,22.99,1.33,LOW,40,0,3
ACEINTEG.NS,SELL,nan,downtrend,59.2,-0.09,0.0,,0.0,nan,,,nan,nan,0,ELEVATED,65,1,2
RETAIL.NS,SELL,nan,downtrend,59.71,-0.53,0.0,,0.0,nan,,,nan,nan,0,ELEVATED,65,2,1
FEL.NS,SELL,nan,downtrend,66.67,-0.0,0.0,,0.0,nan,,,nan,nan,0,ELEVATED,61,1,2
YCCL.NS,SELL,10.1,downtrend,51.52,-0.18,9.97,,11.98,0.29,,,10.67,8.67,2.5,LOW,69,1,2
CMRSL.NS,HOLD,60.0,weak_trend,41.13,-2.11,61.23,,77.02,2.3,,,56.55,64.6,1.33,LOW,40,0,3
SANWARIA.NS,SELL,nan,downtrend,0.0,-0.01,0.0,,0.0,nan,,,nan,nan,0,ELEVATED,95,1,2
VCL.NS,HOLD,nan,weak_trend,70.49,-0.09,0.0,,0.0,nan,,,nan,nan,0,ELEVATED,40,0,3
INSPIRE.NS,HOLD,8.75,weak_trend,41.72,-0.74,9.27,,14.73,0.76,,,7.6,10.28,1.33,LOW,40,0,3
VIVIDHA.NS,SELL,nan,downtrend,55.26,0.0,0.0,,0.0,nan,,,nan,nan,0,ELEVATED,67,1,2
DHTL.NS,HOLD,40.0,weak_trend,35.94,-2.14,40.66,,65.57,0.43,,,39.35,40.86,1.33,LOW,40,0,3
HEADSUP.NS,SELL,nan,downtrend,56.21,-0.17,0.0,,0.0,nan,,,nan,nan,0,ELEVATED,66,1,2
BLUECHIP.NS,SELL,nan,downtrend,0.0,-0.05,0.0,,0.0,nan,,,nan,nan,0,ELEVATED,95,1,2
SHANTHALA.NS,HOLD,27.5,weak_trend,47.55,-0.71,27.52,,32.51,2.75,,,23.38,33.0,1.33,LOW,40,1,2
MPTODAY.NS,SELL,44.65,downtrend,0.0,-0.45,46.53,,47.56,0.17,,,44.99,43.81,2.5,LOW,95,0,3
MAKS.NS,SELL,26.45,downtrend,0.0,-0.58,27.26,,30.47,0.1,,,26.64,25.97,2.5,LOW,95,0,3
CLOUD.NS,HOLD,5.85,weak_trend,50.0,0.0,5.85,,5.57,0.0,,,5.85,5.85,0,LOW,40,0,3
MARINETRAN.NS,HOLD,17.0,weak_trend,38.1,-0.56,17.15,,17.45,0.3,,,16.55,17.6,1.33,LOW,40,1,2
NIRAJISPAT.NS,HOLD,nan,weak_trend,43.61,-17.28,0.0,,0.0,nan,,,nan,nan,0,ELEVATED,40,1,2
SUNREST.NS,SELL,36.1,downtrend,32.63,-1.28,39.55,,45.12,2.19,,,40.47,25.17,2.5,LOW,78,0,3
QFIL.NS,SELL,40.0,downtrend,0.0,-3.79,43.97,,64.21,0.95,,,41.89,35.27,2.5,LOW,95,1,2
TIJARIA.NS,SELL,nan,downtrend,60.67,-0.08,0.0,,0.0,nan,,,nan,nan,0,ELEVATED,64,1,2
SILLYMONKS.NS,SELL,nan,downtrend,57.67,-0.4,0.0,,0.0,nan,,,nan,nan,0,ELEVATED,66,1,2
RADAAN.NS,SELL,nan,downtrend,60.9,0.04,0.0,,0.0,nan,,,nan,nan,0,ELEVATED,64,1,2
UNIINFO.NS,SELL,nan,downtrend,50.08,-0.53,0.0,,0.0,nan,,,nan,nan,0,ELEVATED,69,1,2
ISHAN.NS,HOLD,0.8,weak_trend,83.33,0.02,0.63,,0.82,0.03,,,0.75,0.86,1.33,LOW,40,0,3
JIWANRAM.NS,SELL,5.5,downtrend,53.23,0.04,5.16,,6.98,0.35,,,6.21,3.73,2.5,LOW,68,2,1
VERITAAS.NS,SELL,47.8,downtrend,54.09,-2.36,46.11,,62.49,1.81,,,51.43,38.73,2.5,LOW,67,1,2
LYPSAGEMS.NS,SELL,nan,downtrend,67.76,0.03,0.0,,0.0,nan,,,nan,nan,0,ELEVATED,61,1,2
UNIVAFOODS.NS,SELL,nan,downtrend,0.0,-0.35,0.0,,0.0,nan,,,nan,nan,0,ELEVATED,95,1,2
EDUCOMP.NS,SELL,nan,downtrend,0.0,-0.04,0.0,,0.0,nan,,,nan,nan,0,ELEVATED,95,1,2
SHUBHLAXMI.NS,HOLD,26.05,weak_trend,55.84,-1.07,26.07,,22.94,1.21,,,24.23,28.48,1.33,LOW,40,2,1
ONELIFECAP.NS,SELL,nan,downtrend,65.76,-0.05,0.0,,0.0,nan,,,nan,nan,0,ELEVATED,62,1,2
WINNY.NS,HOLD,42.0,weak_trend,30.88,-3.08,45.49,,74.46,1.34,,,39.99,44.69,1.33,LOW,40,0,3
GLFL.NS,SELL,nan,downtrend,53.95,-0.24,0.0,,0.0,nan,,,nan,nan,0,ELEVATED,68,1,2
TCIFINANCE.NS,SELL,nan,downtrend,58.93,-0.28,0.0,,0.0,nan,,,nan,nan,0,ELEVATED,65,1,2
GSTL.NS,HOLD,34.35,weak_trend,58.5,2.31,34.49,,15.47,0.63,,,33.4,35.61,1.33,LOW,40,0,3
IMPEXFERRO.NS,HOLD,nan,weak_trend,44.44,-0.05,0.0,,0.0,nan,,,nan,nan,0,ELEVATED,40,1,2
SAROJA.NS,SELL,32.35,downtrend,56.06,-0.47,30.37,,39.36,0.71,,,33.76,28.81,2.5,LOW,66,1,2
COMPINFO.NS,SELL,nan,downtrend,64.44,-0.05,0.0,,0.0,nan,,,nan,nan,0,ELEVATED,62,1,2
ANTGRAPHIC.NS,SELL,nan,downtrend,61.29,-0.0,0.0,,0.0,nan,,,nan,nan,0,ELEVATED,64,1,2
QUADPRO.NS,SELL,1.85,downtrend,0.0,-0.11,1.99,,2.83,0.04,,,1.92,1.67,2.5,LOW,95,0,3
PLADAINFO.NS,SELL,10.9,downtrend,65.71,-0.33,10.02,,16.1,0.3,,,11.5,9.4,2.5,LOW,62,2,1
SHYAMTEL.NS,SELL,nan,downtrend,56.64,-0.17,0.0,,0.0,nan,,,nan,nan,0,ELEVATED,66,1,2
CREATIVEYE.NS,HOLD,nan,weak_trend,50.0,-0.06,0.0,,0.0,nan,,,nan,nan,0,ELEVATED,40,1,2
ARENTERP.NS,SELL,nan,downtrend,53.71,-0.73,0.0,,0.0,nan,,,nan,nan,0,ELEVATED,68,1,2
MTEDUCARE.NS,SELL,nan,downtrend,64.15,0.0,0.0,,0.0,nan,,,nan,nan,0,ELEVATED,62,1,2
UMESLTD.NS,HOLD,nan,weak_trend,64.74,0.48,0.0,,0.0,nan,,,nan,nan,0,ELEVATED,40,0,3
VIVO.NS,HOLD,76.0,weak_trend,100.0,0.54,74.3,,71.68,0.24,,,75.64,76.49,1.33,LOW,40,1,2
GLOBALE.NS,SELL,nan,downtrend,66.33,-0.04,0.0,,0.0,nan,,,nan,nan,0,ELEVATED,61,2,1
KALYANI.NS,HOLD,138.09,weak_trend,50.0,0.0,138.09,,0.0,0.0,,,138.09,138.09,0,LOW,40,0,3
MARSHALL.NS,HOLD,3.64,weak_trend,50.0,-0.0,3.64,,5.34,0.0,,,3.64,3.64,0,LOW,40,0,3
WINSOME.NS,SELL,nan,downtrend,37.5,-0.02,0.0,,0.0,nan,,,nan,nan,0,ELEVATED,76,1,2
EUROTEXIND.NS,SELL,nan,downtrend,52.53,0.08,0.0,,0.0,nan,,,nan,nan,0,ELEVATED,68,1,2
AHIMSA.NS,SELL,24.7,downtrend,48.0,-0.03,24.86,,24.76,0.18,,,25.06,23.81,2.5,LOW,70,0,3
SUULD.NS,HOLD,1.57,weak_trend,50.0,-0.0,1.57,,1.86,0.0,,,1.57,1.57,0,LOW,40,0,3
INDIFRA.NS,HOLD,12.85,weak_trend,42.5,-0.42,13.11,,16.11,0.29,,,12.41,13.44,1.33,LOW,40,0,3
AMIABLE.NS,SELL,70.0,downtrend,0.0,-0.85,71.45,,70.65,0.21,,,70.41,68.96,2.5,LOW,95,0,3
OMKARCHEM.NS,SELL,nan,downtrend,69.63,-0.1,0.0,,0.0,nan,,,nan,nan,0,ELEVATED,60,1,2
SHANTI.NS,SELL,nan,downtrend,64.01,0.08,0.0,,0.0,nan,,,nan,nan,0,ELEVATED,62,1,2
SAHAJ.NS,SELL,3.7,downtrend,0.0,-0.24,4.07,,7.12,0.04,,,3.78,3.5,2.5,LOW,95,0,3
DCMFINSERV.NS,SELL,nan,downtrend,32.46,0.02,0.0,,0.0,nan,,,nan,nan,0,ELEVATED,78,0,3
TRANSWIND.NS,SELL,17.65,downtrend,0.0,-1.04,19.91,,18.29,0.2,,,18.06,16.63,2.5,LOW,95,0,3
RITEZONE.NS,HOLD,15.5,weak_trend,38.04,-1.01,15.89,,23.02,0.41,,,14.89,16.31,1.33,LOW,40,0,3
PREMIER.NS,SELL,nan,downtrend,57.28,0.03,0.0,,0.0,nan,,,nan,nan,0,ELEVATED,66,1,2
ORTINGLOBE.NS,HOLD,14.42,weak_trend,36.42,-0.25,15.2,,13.4,0.94,,,13.0,16.31,1.33,LOW,40,1,2
PERFECT.NS,HOLD,8.1,weak_trend,50.0,-0.0,8.1,,8.4,0.0,,,8.1,8.1,0,LOW,40,0,3
KTL.NS,HOLD,4.85,weak_trend,50.0,0.0,4.85,,5.5,0.0,,,4.85,4.85,0,LOW,40,0,3
SABAR.NS,SELL,4.95,downtrend,14.29,-0.19,5.57,,5.44,0.1,,,5.15,4.45,2.5,LOW,87,1,2
FALCONTECH.NS,SELL,11.65,downtrend,61.59,-0.58,12.66,,17.2,0.94,,,13.53,6.95,2.5,LOW,64,1,2
CBAZAAR.NS,HOLD,5.0,weak_trend,60.87,0.13,4.84,,4.4,0.13,,,4.8,5.26,1.33,LOW,40,1,2
ALPSINDUS.NS,HOLD,34.3,weak_trend,50.0,0.03,34.3,,25.79,0.0,,,34.3,34.3,0,LOW,40,0,3
ACCORD.NS,HOLD,33.1,weak_trend,91.61,1.07,27.52,,24.53,0.64,,,32.15,34.37,1.33,LOW,40,1,2
SMVD.NS,HOLD,11.2,weak_trend,52.38,0.41,11.17,,8.78,0.08,,,11.09,11.35,1.33,LOW,40,1,2
AMJUMBO.NS,HOLD,11.45,weak_trend,100.0,0.2,11.36,,8.51,0.01,,,11.43,11.48,1.33,LOW,40,1,2
SETUINFRA.NS,HOLD,nan,weak_trend,80.0,0.01,0.0,,0.0,nan,,,nan,nan,0,ELEVATED,40,1,2
SABEVENTS.NS,HOLD,10.84,weak_trend,40.12,-1.22,10.89,,8.7,0.55,,,10.02,11.93,1.33,LOW,40,0,3
JALAN.NS,SELL,1.75,downtrend,13.33,-0.3,2.04,,4.34,0.06,,,1.87,1.45,2.5,LOW,88,1,2
CMICABLES.NS,SELL,nan,downtrend,0.0,-0.29,0.0,,0.0,nan,,,nan,nan,0,ELEVATED,95,1,2
LAKPRE.NS,SELL,nan,downtrend,58.08,0.09,0.0,,0.0,nan,,,nan,nan,0,ELEVATED,65,2,1
BGLOBAL.NS,SELL,nan,downtrend,28.13,-0.07,0.0,,0.0,nan,,,nan,nan,0,ELEVATED,80,0,3
ORTEL.NS,HOLD,nan,weak_trend,51.47,0.04,0.0,,0.0,nan,,,nan,nan,0,ELEVATED,40,0,3
QUINTEGRA.NS,HOLD,nan,weak_trend,45.45,-0.01,0.0,,0.0,nan,,,nan,nan,0,ELEVATED,40,0,3
RAJVIR.NS,HOLD,7.65,weak_trend,50.0,-0.04,7.65,,9.13,0.0,,,7.65,7.65,0,LOW,40,0,3
VASA.NS,SELL,4.7,downtrend,0.0,-0.03,4.74,,4.79,0.0,,,4.71,4.68,0,LOW,95,1,2
SANCO.NS,SELL,nan,downtrend,26.19,-0.07,0.0,,0.0,nan,,,nan,nan,0,ELEVATED,81,0,3
GANGOTRI.NS,HOLD,0.61,weak_trend,50.0,0.0,0.61,,0.61,0.0,,,0.61,0.61,0,LOW,40,0,3
3RDROCK.NS,HOLD,64.6,weak_trend,50.0,0.0,64.6,,64.6,0.0,,,64.6,64.6,0,LOW,40,0,3
ABHISHEK.NS,HOLD,180.0,weak_trend,50.0,0.0,180.0,,180.0,0.0,,,180.0,180.0,0,LOW,40,0,3
AHLWEST.NS,HOLD,183.57,weak_trend,50.0,2.04,0.0,,0.0,nan,,,nan,nan,0,ELEVATED,40,2,1
AIFL.NS,HOLD,1.55,weak_trend,50.0,0.0,1.55,,1.55,0.0,,,1.55,1.55,0,LOW,40,0,3
AJRINFRA.NS,HOLD,0.7,weak_trend,50.0,0.0,0.7,,0.7,0.0,,,0.7,0.7,0,LOW,40,0,3
ALCHEM.NS,HOLD,3.15,weak_trend,50.0,0.0,3.15,,3.15,0.0,,,3.15,3.15,0,LOW,40,0,3
ARCOTECH.NS,HOLD,2.2,weak_trend,50.0,0.0,2.2,,2.2,0.0,,,2.2,2.2,0,LOW,40,0,3
ARTEDZ.NS,HOLD,19.65,weak_trend,50.0,0.0,19.65,,19.65,0.0,,,19.65,19.65,0,LOW,40,0,3
ASIL.NS,HOLD,0.7,weak_trend,50.0,0.0,0.7,,0.7,0.0,,,0.7,0.7,0,LOW,40,0,3
ATCOM.NS,HOLD,7.05,weak_trend,50.0,0.0,7.05,,7.05,0.0,,,7.05,7.05,0,LOW,40,0,3
ATNINTER.NS,HOLD,0.2,weak_trend,50.0,0.0,0.2,,0.2,0.0,,,0.2,0.2,0,LOW,40,0,3
BALLARPUR.NS,HOLD,257.58,weak_trend,50.0,0.0,257.58,,257.58,0.0,,,257.58,257.58,0,LOW,40,0,3
BANSAL.NS,HOLD,195.0,weak_trend,50.0,0.0,195.0,,195.0,0.0,,,195.0,195.0,0,LOW,40,0,3
BHARATIDIL.NS,HOLD,1.95,weak_trend,50.0,0.0,1.95,,1.95,0.0,,,1.95,1.95,0,LOW,40,0,3
BILENERGY.NS,HOLD,0.6,weak_trend,50.0,0.0,0.6,,0.6,0.0,,,0.6,0.6,0,LOW,40,0,3
BKMINDST.NS,HOLD,45.0,weak_trend,50.0,0.0,45.0,,45.0,0.0,,,45.0,45.0,0,LOW,40,0,3
BLUEBLENDS.NS,HOLD,0.8,weak_trend,50.0,0.0,0.8,,0.8,0.0,,,0.8,0.8,0,LOW,40,0,3
BRFL.NS,HOLD,2.0,weak_trend,50.0,0.0,2.0,,2.0,0.0,,,2.0,2.0,0,LOW,40,0,3
BRIGHT.NS,HOLD,2.8,weak_trend,50.0,0.0,2.8,,2.8,0.0,,,2.8,2.8,0,LOW,40,0,3
BURNPUR.NS,HOLD,33.0,weak_trend,50.0,0.0,33.0,,33.0,0.0,,,33.0,33.0,0,LOW,40,0,3
CANDC.NS,HOLD,2.35,weak_trend,50.0,0.0,2.35,,2.35,0.0,,,2.35,2.35,0,LOW,40,0,3
CKFSL.NS,HOLD,0.35,weak_trend,50.0,0.0,0.35,,0.35,0.0,,,0.35,0.35,0,LOW,40,0,3
CLCIND.NS,HOLD,nan,weak_trend,100.0,-4.98,0.0,,0.0,nan,,,nan,nan,0,ELEVATED,40,1,2
CMMIPL.NS,HOLD,195.0,weak_trend,50.0,0.0,195.0,,195.0,0.0,,,195.0,195.0,0,LOW,40,0,3
DHARSUGAR.NS,HOLD,8.55,weak_trend,50.0,0.0,8.55,,8.55,0.0,,,8.55,8.55,0,LOW,40,0,3
DQE.NS,HOLD,0.85,weak_trend,50.0,0.0,0.85,,0.85,0.0,,,0.85,0.85,0,LOW,40,0,3
DSKULKARNI.NS,HOLD,13.55,weak_trend,50.0,0.0,13.55,,13.55,0.0,,,13.55,13.55,0,LOW,40,0,3
EASUNREYRL.NS,HOLD,2.4,weak_trend,50.0,0.0,2.4,,2.4,0.0,,,2.4,2.4,0,LOW,40,0,3
EON.NS,HOLD,6.4,weak_trend,50.0,0.0,6.4,,6.4,0.0,,,6.4,6.4,0,LOW,40,0,3
ERAINFRA.NS,HOLD,1.5,weak_trend,50.0,0.0,1.5,,0.0,0.0,,,1.5,1.5,0,LOW,40,0,3
EROSMEDIA.NS,HOLD,7.81,weak_trend,50.0,0.0,7.81,,7.8,0.0,,,7.81,7.81,0,LOW,40,0,3
EUROCERA.NS,HOLD,1.05,weak_trend,50.0,0.0,1.05,,1.05,0.0,,,1.05,1.05,0,LOW,40,0,3
EUROMULTI.NS,HOLD,1.45,weak_trend,50.0,0.0,1.45,,1.45,0.0,,,1.45,1.45,0,LOW,40,0,3
FEDDERELEC.NS,HOLD,4.6,weak_trend,50.0,0.0,4.6,,4.6,0.0,,,4.6,4.6,0,LOW,40,0,3
FIVECORE.NS,HOLD,31.7,weak_trend,50.0,0.0,31.7,,31.7,0.0,,,31.7,31.7,0,LOW,40,0,3
FRETAIL.NS,HOLD,2.28,weak_trend,50.0,0.0,2.28,,2.28,0.0,,,2.28,2.28,0,LOW,40,0,3
GBGLOBAL.NS,HOLD,930.0,weak_trend,50.0,0.0,930.0,,930.0,0.0,,,930.0,930.0,0,LOW,40,0,3
GIRRESORTS.NS,HOLD,113.65,weak_trend,50.0,0.0,113.65,,113.65,0.0,,,113.65,113.65,0,LOW,40,0,3
GITANJALI.NS,HOLD,1.05,weak_trend,50.0,0.0,1.05,,1.05,0.0,,,1.05,1.05,0,LOW,40,0,3
ICSA.NS,HOLD,0.2,weak_trend,50.0,0.0,0.2,,0.2,0.0,,,0.2,0.2,0,LOW,40,0,3
INDLMETER.NS,HOLD,23.69,weak_trend,50.0,0.0,23.69,,23.69,0.0,,,23.69,23.69,0,LOW,40,0,3
INDUSFILA.NS,HOLD,235.0,weak_trend,50.0,5.71,235.0,,58.19,0.0,,,235.0,235.0,0,LOW,40,0,3
IVRCLINFRA.NS,HOLD,0.4,weak_trend,50.0,0.0,0.4,,0.4,0.0,,,0.4,0.4,0,LOW,40,0,3
JAINSTUDIO.NS,HOLD,2.4,weak_trend,50.0,0.0,2.4,,2.4,0.0,,,2.4,2.4,0,LOW,40,0,3
JBFIND.NS,HOLD,4.3,weak_trend,50.0,0.0,4.3,,4.3,0.0,,,4.3,4.3,0,LOW,40,0,3
JETAIRWAYS.NS,HOLD,34.16,weak_trend,50.0,0.0,34.16,,34.16,0.0,,,34.16,34.16,0,LOW,40,0,3
KGL.NS,HOLD,0.2,weak_trend,50.0,0.0,0.2,,0.2,0.0,,,0.2,0.2,0,LOW,40,0,3
KSERASERA.NS,HOLD,0.15,weak_trend,50.0,0.0,0.15,,0.15,0.0,,,0.15,0.15,0,LOW,40,0,3
KSK.NS,HOLD,0.55,weak_trend,50.0,0.0,0.55,,0.55,0.0,,,0.55,0.55,0,LOW,40,0,3
KSOILS.NS,HOLD,72.5,weak_trend,50.0,0.0,72.5,,70.01,0.0,,,72.5,72.5,0,LOW,40,0,3
LAKSHMIEFL.NS,HOLD,2.5,weak_trend,50.0,0.0,2.5,,2.5,0.0,,,2.5,2.5,0,LOW,40,0,3
LEEL.NS,HOLD,107.5,weak_trend,50.0,0.0,107.5,,107.5,0.0,,,107.5,107.5,0,LOW,40,0,3
MBECL.NS,HOLD,65.4,weak_trend,50.0,0.0,65.4,,65.4,0.0,,,65.4,65.4,0,LOW,40,0,3
MCDHOLDING.NS,HOLD,68.75,weak_trend,50.0,0.0,68.75,,68.75,0.0,,,68.75,68.75,0,LOW,40,0,3
MELSTAR.NS,HOLD,4.25,weak_trend,50.0,0.0,4.25,,4.25,0.0,,,4.25,4.25,0,LOW,40,0,3
MERCATOR.NS,HOLD,0.85,weak_trend,50.0,0.0,0.85,,0.85,0.0,,,0.85,0.85,0,LOW,40,0,3
METKORE.NS,HOLD,0.65,weak_trend,50.0,0.0,0.65,,0.65,0.0,,,0.65,0.65,0,LOW,40,0,3
NAKODA.NS,HOLD,0.1,weak_trend,50.0,0.0,0.1,,0.1,0.0,,,0.1,0.1,0,LOW,40,0,3
NITINFIRE.NS,HOLD,1.85,weak_trend,50.0,0.0,1.85,,1.85,0.0,,,1.85,1.85,0,LOW,40,0,3
NUTEK.NS,HOLD,0.35,weak_trend,50.0,0.0,0.35,,0.35,0.0,,,0.35,0.35,0,LOW,40,0,3
OPAL.NS,HOLD,43.0,weak_trend,50.0,0.0,43.0,,43.0,0.0,,,43.0,43.0,0,LOW,40,0,3
OPTOCIRCUI.NS,HOLD,1.8,weak_trend,50.0,0.0,1.8,,1.8,0.0,,,1.8,1.8,0,LOW,40,0,3
PDPL.NS,HOLD,2.9,weak_trend,50.0,0.0,2.9,,2.9,0.0,,,2.9,2.9,0,LOW,40,0,3
PINCON.NS,HOLD,6.9,weak_trend,50.0,0.0,6.9,,6.9,0.0,,,6.9,6.9,0,LOW,40,0,3
PODDARHOUS.NS,HOLD,43.37,weak_trend,50.0,0.0,43.37,,43.36,0.0,,,43.37,43.37,0,LOW,40,0,3
PRATIBHA.NS,HOLD,0.95,weak_trend,50.0,0.0,0.95,,0.95,0.0,,,0.95,0.95,0,LOW,40,0,3
PUNJLLOYD.NS,HOLD,2.25,weak_trend,50.0,0.0,2.25,,2.25,0.0,,,2.25,2.25,0,LOW,40,0,3
RAINBOWPAP.NS,HOLD,0.15,weak_trend,50.0,0.0,0.15,,0.15,0.0,,,0.15,0.15,0,LOW,40,0,3
RMCL.NS,HOLD,200.0,weak_trend,50.0,0.0,200.0,,200.0,0.0,,,200.0,200.0,0,LOW,40,0,3
RMMIL.NS,HOLD,0.4,weak_trend,50.0,0.0,0.4,,0.4,0.0,,,0.4,0.4,0,LOW,40,0,3
SECURCRED.NS,HOLD,1.56,weak_trend,50.0,0.0,1.56,,1.56,0.0,,,1.56,1.56,0,LOW,40,0,3
SHAIVAL.NS,HOLD,33.0,weak_trend,100.0,0.62,32.2,,30.67,0.18,,,32.73,33.36,1.33,LOW,40,1,2
SHIRPUR-G.NS,HOLD,4.95,weak_trend,50.0,0.0,4.95,,4.95,0.0,,,4.95,4.95,0,LOW,40,0,3
SIIL.NS,HOLD,26.0,weak_trend,50.0,0.0,26.0,,26.0,0.0,,,26.0,26.0,0,LOW,40,0,3
SKSTEXTILE.NS,HOLD,13.05,weak_trend,50.0,0.0,13.05,,13.05,0.0,,,13.05,13.05,0,LOW,40,0,3
SRIRAM.NS,HOLD,10.1,weak_trend,50.0,0.0,10.1,,10.1,0.0,,,10.1,10.1,0,LOW,40,0,3
TALWALKARS.NS,HOLD,1.45,weak_trend,50.0,0.0,1.45,,1.45,0.0,,,1.45,1.45,0,LOW,40,0,3
TALWGYM.NS,HOLD,1.05,weak_trend,50.0,0.0,1.05,,1.05,0.0,,,1.05,1.05,0,LOW,40,0,3
TECHIN.NS,HOLD,14.0,weak_trend,50.0,-0.0,14.0,,14.0,0.0,,,14.0,14.0,0,LOW,40,0,3
TECHNOFAB.NS,HOLD,6.15,weak_trend,50.0,0.0,6.15,,6.15,0.0,,,6.15,6.15,0,LOW,40,0,3
TULSI.NS,HOLD,0.5,weak_trend,50.0,0.0,0.5,,0.5,0.0,,,0.5,0.5,0,LOW,40,0,3
UNIPLY.NS,HOLD,4.0,weak_trend,50.0,0.0,4.0,,4.0,0.0,,,4.0,4.0,0,LOW,40,0,3
UNITY.NS,HOLD,0.85,weak_trend,50.0,0.0,0.85,,0.85,0.0,,,0.85,0.85,0,LOW,40,0,3
VALECHAENG.NS,HOLD,960.0,weak_trend,50.0,0.0,960.0,,960.0,0.0,,,960.0,960.0,0,LOW,40,0,3
VALUEIND.NS,HOLD,3.8,weak_trend,50.0,0.0,3.8,,3.8,0.0,,,3.8,3.8,0,LOW,40,0,3
VIDEOIND.NS,HOLD,7.35,weak_trend,50.0,0.0,7.35,,7.35,0.0,,,7.35,7.35,0,LOW,40,0,3
VISESHINFO.NS,HOLD,0.33,weak_trend,50.0,0.0,0.33,,0.33,0.0,,,0.33,0.33,0,LOW,40,0,3
VISUINTL.NS,HOLD,0.05,weak_trend,50.0,0.0,0.05,,0.05,0.0,,,0.05,0.05,0,LOW,40,0,3
ZICOM.NS,HOLD,1.6,weak_trend,50.0,0.0,1.6,,1.6,0.0,,,1.6,1.6,0,LOW,40,0,3
