ticker,current_price,decision,target_price,stop_loss,scores
RELIANCE.NS,1197.5999755859375,InvestmentDecision.AVOID,0,0,"{'fundamental_score': 4.7, 'technical_score': 0, 'confidence': 0}"
HDFCBANK.NS,719.0499877929688,InvestmentDecision.AVOID,0,0,"{'fundamental_score': 2.7, 'technical_score': 0, 'confidence': 0}"
BHARTIARTL.NS,1771.4000244140625,InvestmentDecision.AVOID,0,0,"{'fundamental_score': 3.1, 'technical_score': 0, 'confidence': 0}"
TCS.NS,2070.699951171875,InvestmentDecision.AVOID,0,0,"{'fundamental_score': 7.7, 'technical_score': 0, 'confidence': 0}"
ICICIBANK.NS,1302.0,InvestmentDecision.AVOID,0,0,"{'fundamental_score': 3.1, 'technical_score': 0, 'confidence': 0}"
INFY.NS,1003.2000122070312,InvestmentDecision.AVOID,0,0,"{'fundamental_score': 6.0, 'technical_score': 0, 'confidence': 0}"
BAJFINANCE.NS,985.0,InvestmentDecision.AVOID,0,0,"{'fundamental_score': 6.7, 'technical_score': 0, 'confidence': 0}"
HINDUNILVR.NS,1896.0,InvestmentDecision.AVOID,0,0,"{'fundamental_score': 3.5, 'technical_score': 0, 'confidence': 0}"
LICI.NS,400.6499938964844,InvestmentDecision.AVOID,0,0,"{'fundamental_score': 6.7, 'technical_score': 0, 'confidence': 0}"
LT.NS,3766.39990234375,InvestmentDecision.AVOID,0,0,"{'fundamental_score': 4.6, 'technical_score': 0, 'confidence': 0}"
ITC.NS,265.20001220703125,InvestmentDecision.AVOID,0,0,"{'fundamental_score': 6.7, 'technical_score': 0, 'confidence': 0}"
MARUTI.NS,12008.0,InvestmentDecision.AVOID,0,0,"{'fundamental_score': 5.5, 'technical_score': 0, 'confidence': 0}"
M&M.NS,2995.0,InvestmentDecision.AVOID,0,0,"{'fundamental_score': 6.7, 'technical_score': 0, 'confidence': 0}"
HCLTECH.NS,1258.0,InvestmentDecision.AVOID,0,0,"{'fundamental_score': 5.5, 'technical_score': 0, 'confidence': 0}"
KOTAKBANK.NS,401.54998779296875,InvestmentDecision.AVOID,0,0,"{'fundamental_score': 4.7, 'technical_score': 0, 'confidence': 0}"
SUNPHARMA.NS,1838.0,InvestmentDecision.AVOID,0,0,"{'fundamental_score': 6.7, 'technical_score': 0, 'confidence': 0}"
AXISBANK.NS,1209.9000244140625,InvestmentDecision.AVOID,0,0,"{'fundamental_score': 2.7, 'technical_score': 0, 'confidence': 0}"
ULTRACEMCO.NS,11155.0,InvestmentDecision.AVOID,0,0,"{'fundamental_score': 5.5, 'technical_score': 0, 'confidence': 0}"
BAJAJFINSV.NS,1752.0,InvestmentDecision.AVOID,0,0,"{'fundamental_score': 5.2, 'technical_score': 0, 'confidence': 0}"
TITAN.NS,4819.5,InvestmentDecision.AVOID,0,0,"{'fundamental_score': 4.5, 'technical_score': 0, 'confidence': 0}"
HAL.NS,4738.0,InvestmentDecision.AVOID,0,0,"{'fundamental_score': 6.7, 'technical_score': 0, 'confidence': 0}"
ADANIPORTS.NS,1743.699951171875,InvestmentDecision.AVOID,0,0,"{'fundamental_score': 5.55, 'technical_score': 0, 'confidence': 0}"
ETERNAL.NS,330.95001220703125,InvestmentDecision.AVOID,0,0,"{'fundamental_score': 5.5, 'technical_score': 0, 'confidence': 0}"
BEL.NS,385.5,InvestmentDecision.AVOID,0,0,"{'fundamental_score': 6.7, 'technical_score': 0, 'confidence': 0}"
ADANIENT.NS,2831.10009765625,InvestmentDecision.AVOID,0,0,"{'fundamental_score': 5.6, 'technical_score': 0, 'confidence': 0}"
DMART.NS,3803.5,InvestmentDecision.AVOID,0,0,"{'fundamental_score': 6.7, 'technical_score': 0, 'confidence': 0}"
JSWSTEEL.NS,1264.0999755859375,InvestmentDecision.AVOID,0,0,"{'fundamental_score': 5.199999999999999, 'technical_score': 0, 'confidence': 0}"
ADANIPOWER.NS,196.13999938964844,InvestmentDecision.AVOID,0,0,"{'fundamental_score': 6.7, 'technical_score': 0, 'confidence': 0}"
WIPRO.NS,161.55999755859375,InvestmentDecision.AVOID,0,0,"{'fundamental_score': 3.5, 'technical_score': 0, 'confidence': 0}"
ASIANPAINT.NS,2420.0,InvestmentDecision.AVOID,0,0,"{'fundamental_score': 5.5, 'technical_score': 0, 'confidence': 0}"
BAJAJ-AUTO.NS,11024.0,InvestmentDecision.AVOID,0,0,"{'fundamental_score': 6.7, 'technical_score': 0, 'confidence': 0}"
NESTLEIND.NS,1362.5999755859375,InvestmentDecision.AVOID,0,0,"{'fundamental_score': 6.7, 'technical_score': 0, 'confidence': 0}"
INDIGO.NS,4940.0,InvestmentDecision.AVOID,0,0,"{'fundamental_score': 6.0, 'technical_score': 0, 'confidence': 0}"
TATASTEEL.NS,186.3000030517578,InvestmentDecision.AVOID,0,0,"{'fundamental_score': 5.05, 'technical_score': 0, 'confidence': 0}"
TMPV.NS,281.75,InvestmentDecision.AVOID,0,0,"{'fundamental_score': 6.7, 'technical_score': 0, 'confidence': 0}"
HINDZINC.NS,573.0,InvestmentDecision.AVOID,0,0,"{'fundamental_score': 6.7, 'technical_score': 0, 'confidence': 0}"
JIOFIN.NS,220.5,InvestmentDecision.AVOID,0,0,"{'fundamental_score': 6.7, 'technical_score': 0, 'confidence': 0}"
HYUNDAI.NS,2050.699951171875,InvestmentDecision.AVOID,0,0,"{'fundamental_score': 6.7, 'technical_score': 0, 'confidence': 0}"
GRASIM.NS,3150.0,InvestmentDecision.AVOID,0,0,"{'fundamental_score': 0.6, 'technical_score': 0, 'confidence': 0}"
SBILIFE.NS,1742.0,InvestmentDecision.AVOID,0,0,"{'fundamental_score': 6.7, 'technical_score': 0, 'confidence': 0}"
VEDL.NS,259.0,InvestmentDecision.AVOID,0,0,"{'fundamental_score': 4.0, 'technical_score': 0, 'confidence': 0}"
DLF.NS,663.5499877929688,InvestmentDecision.AVOID,0,0,"{'fundamental_score': 6.7, 'technical_score': 0, 'confidence': 0}"
EICHERMOT.NS,7213.5,InvestmentDecision.AVOID,0,0,"{'fundamental_score': 4.0, 'technical_score': 0, 'confidence': 0}"
TRENT.NS,2626.0,InvestmentDecision.AVOID,0,0,"{'fundamental_score': 5.9, 'technical_score': 0, 'confidence': 0}"
HINDALCO.NS,955.9000244140625,InvestmentDecision.AVOID,0,0,"{'fundamental_score': 6.25, 'technical_score': 0, 'confidence': 0}"
DIVISLAB.NS,9550.0,InvestmentDecision.AVOID,0,0,"{'fundamental_score': 3.5, 'technical_score': 0, 'confidence': 0}"
HDFCLIFE.NS,531.5999755859375,InvestmentDecision.AVOID,0,0,"{'fundamental_score': 5.1000000000000005, 'technical_score': 0, 'confidence': 0}"
IRFC.NS,78.55000305175781,InvestmentDecision.AVOID,0,0,"{'fundamental_score': 5.9, 'technical_score': 0, 'confidence': 0}"
ADANIGREEN.NS,1235.0,InvestmentDecision.AVOID,0,0,"{'fundamental_score': 6.1, 'technical_score': 0, 'confidence': 0}"
VBL.NS,434.79998779296875,InvestmentDecision.AVOID,0,0,"{'fundamental_score': 6.800000000000001, 'technical_score': 0, 'confidence': 0}"
TVSMOTOR.NS,4157.2998046875,InvestmentDecision.AVOID,0,0,"{'fundamental_score': 4.4, 'technical_score': 0, 'confidence': 0}"
PIDILITIND.NS,1503.0,InvestmentDecision.AVOID,0,0,"{'fundamental_score': 7.9, 'technical_score': 0, 'confidence': 0}"
TECHM.NS,1542.199951171875,InvestmentDecision.AVOID,0,0,"{'fundamental_score': 6.1, 'technical_score': 0, 'confidence': 0}"
BAJAJHLDNG.NS,10940.0,InvestmentDecision.AVOID,0,0,"{'fundamental_score': 6.6000000000000005, 'technical_score': 0, 'confidence': 0}"
BRITANNIA.NS,4915.0,InvestmentDecision.AVOID,0,0,"{'fundamental_score': 6.800000000000001, 'technical_score': 0, 'confidence': 0}"
AMBUJACEM.NS,374.3500061035156,InvestmentDecision.AVOID,0,0,"{'fundamental_score': 6.7, 'technical_score': 0, 'confidence': 0}"
TATACAP.NS,328.1000061035156,InvestmentDecision.AVOID,0,0,"{'fundamental_score': 5.9, 'technical_score': 0, 'confidence': 0}"
CHOLAFIN.NS,1634.199951171875,InvestmentDecision.AVOID,0,0,"{'fundamental_score': 5.9, 'technical_score': 0, 'confidence': 0}"
SHRIRAMFIN.NS,976.2999877929688,InvestmentDecision.AVOID,0,0,"{'fundamental_score': 6.300000000000001, 'technical_score': 0, 'confidence': 0}"
TMCV.NS,432.95001220703125,InvestmentDecision.AVOID,0,0,"{'fundamental_score': 5.9, 'technical_score': 0, 'confidence': 0}"
PNB.NS,112.5999984741211,InvestmentDecision.AVOID,0,0,"{'fundamental_score': 7.000000000000001, 'technical_score': 0, 'confidence': 0}"
PFC.NS,330.0,InvestmentDecision.AVOID,0,0,"{'fundamental_score': 5.9, 'technical_score': 0, 'confidence': 0}"
SOLARINDS.NS,19150.0,InvestmentDecision.AVOID,0,0,"{'fundamental_score': 7.9, 'technical_score': 0, 'confidence': 0}"
MUTHOOTFIN.NS,2760.0,InvestmentDecision.AVOID,0,0,"{'fundamental_score': 6.300000000000001, 'technical_score': 0, 'confidence': 0}"
TATAPOWER.NS,361.8999938964844,InvestmentDecision.AVOID,0,0,"{'fundamental_score': 5.2, 'technical_score': 0, 'confidence': 0}"
CIPLA.NS,1399.699951171875,InvestmentDecision.AVOID,0,0,"{'fundamental_score': 6.1, 'technical_score': 0, 'confidence': 0}"
TORNTPHARM.NS,4988.5,InvestmentDecision.AVOID,0,0,"{'fundamental_score': 7.15, 'technical_score': 0, 'confidence': 0}"
GODREJCP.NS,868.0,InvestmentDecision.AVOID,0,0,"{'fundamental_score': 6.800000000000001, 'technical_score': 0, 'confidence': 0}"
LODHA.NS,1117.0999755859375,InvestmentDecision.AVOID,0,0,"{'fundamental_score': 8.2, 'technical_score': 0, 'confidence': 0}"
HDFCAMC.NS,2302.300048828125,InvestmentDecision.AVOID,0,0,"{'fundamental_score': 7.4, 'technical_score': 0, 'confidence': 0}"
GAIL.NS,172.4499969482422,InvestmentDecision.AVOID,0,0,"{'fundamental_score': 6.7, 'technical_score': 0, 'confidence': 0}"
CANBK.NS,120.6500015258789,InvestmentDecision.AVOID,0,0,"{'fundamental_score': 7.4, 'technical_score': 0, 'confidence': 0}"
MAXHEALTH.NS,1000.0999755859375,InvestmentDecision.AVOID,0,0,"{'fundamental_score': 7.9, 'technical_score': 0, 'confidence': 0}"
ENRIN.NS,3189.0,InvestmentDecision.AVOID,0,0,"{'fundamental_score': 7.9, 'technical_score': 0, 'confidence': 0}"
SIEMENS.NS,3877.0,InvestmentDecision.AVOID,0,0,"{'fundamental_score': 8.2, 'technical_score': 0, 'confidence': 0}"
MAZDOCK.NS,2138.0,InvestmentDecision.AVOID,0,0,"{'fundamental_score': 8.2, 'technical_score': 0, 'confidence': 0}"
BOSCHLTD.NS,48250.0,InvestmentDecision.AVOID,0,0,"{'fundamental_score': 5.9, 'technical_score': 0, 'confidence': 0}"
ABB.NS,7052.5,InvestmentDecision.AVOID,0,0,"{'fundamental_score': 8.7, 'technical_score': 0, 'confidence': 0}"
MOTHERSON.NS,162.3699951171875,InvestmentDecision.AVOID,0,0,"{'fundamental_score': 5.9, 'technical_score': 0, 'confidence': 0}"
CUMMINSIND.NS,4855.0,InvestmentDecision.AVOID,0,0,"{'fundamental_score': 8.2, 'technical_score': 0, 'confidence': 0}"
TATACONSUM.NS,960.0,InvestmentDecision.AVOID,0,0,"{'fundamental_score': 4.7, 'technical_score': 0, 'confidence': 0}"
LGEINDIA.NS,1725.4000244140625,InvestmentDecision.AVOID,0,0,"{'fundamental_score': 6.7, 'technical_score': 0, 'confidence': 0}"
POLYCAB.NS,8191.0,InvestmentDecision.AVOID,0,0,"{'fundamental_score': 7.2, 'technical_score': 0, 'confidence': 0}"
CGPOWER.NS,865.0,InvestmentDecision.AVOID,0,0,"{'fundamental_score': 5.5, 'technical_score': 0, 'confidence': 0}"
UNIONBANK.NS,171.75,InvestmentDecision.AVOID,0,0,"{'fundamental_score': 7.4, 'technical_score': 0, 'confidence': 0}"
ADANIENSOL.NS,1287.9000244140625,InvestmentDecision.AVOID,0,0,"{'fundamental_score': 5.2, 'technical_score': 0, 'confidence': 0}"
APOLLOHOSP.NS,8889.0,InvestmentDecision.AVOID,0,0,"{'fundamental_score': 3.55, 'technical_score': 0, 'confidence': 0}"
INDHOTEL.NS,711.0,InvestmentDecision.AVOID,0,0,"{'fundamental_score': 7.4, 'technical_score': 0, 'confidence': 0}"
HEROMOTOCO.NS,5390.0,InvestmentDecision.AVOID,0,0,"{'fundamental_score': 5.9, 'technical_score': 0, 'confidence': 0}"
DRREDDY.NS,1221.0,InvestmentDecision.AVOID,0,0,"{'fundamental_score': 4.7, 'technical_score': 0, 'confidence': 0}"
SHREECEM.NS,22170.0,InvestmentDecision.AVOID,0,0,"{'fundamental_score': 6.7, 'technical_score': 0, 'confidence': 0}"
JINDALSTEL.NS,1164.800048828125,InvestmentDecision.AVOID,0,0,"{'fundamental_score': 6.7, 'technical_score': 0, 'confidence': 0}"
IDBI.NS,84.38999938964844,InvestmentDecision.AVOID,0,0,"{'fundamental_score': 7.000000000000001, 'technical_score': 0, 'confidence': 0}"
SWIGGY.NS,256.0,InvestmentDecision.AVOID,0,0,"{'fundamental_score': 5.9, 'technical_score': 0, 'confidence': 0}"
BSE.NS,3097.5,InvestmentDecision.AVOID,0,0,"{'fundamental_score': 7.4, 'technical_score': 0, 'confidence': 0}"
MANKIND.NS,2435.60009765625,InvestmentDecision.AVOID,0,0,"{'fundamental_score': 7.6, 'technical_score': 0, 'confidence': 0}"
INDIANB.NS,802.4500122070312,InvestmentDecision.AVOID,0,0,"{'fundamental_score': 7.4, 'technical_score': 0, 'confidence': 0}"
INDUSTOWER.NS,360.0,InvestmentDecision.AVOID,0,0,"{'fundamental_score': 8.25, 'technical_score': 0, 'confidence': 0}"
UNITDSPR.NS,1423.800048828125,InvestmentDecision.AVOID,0,0,"{'fundamental_score': 6.800000000000001, 'technical_score': 0, 'confidence': 0}"
GMRAIRPORT.NS,94.75,InvestmentDecision.AVOID,0,0,"{'fundamental_score': 6.7, 'technical_score': 0, 'confidence': 0}"
RECLTD.NS,303.25,InvestmentDecision.AVOID,0,0,"{'fundamental_score': 5.9, 'technical_score': 0, 'confidence': 0}"
ZYDUSLIFE.NS,1215.0,InvestmentDecision.AVOID,0,0,"{'fundamental_score': 7.9, 'technical_score': 0, 'confidence': 0}"
ICICIGI.NS,1553.699951171875,InvestmentDecision.AVOID,0,0,"{'fundamental_score': 5.500000000000001, 'technical_score': 0, 'confidence': 0}"
GROWW.NS,183.38999938964844,InvestmentDecision.AVOID,0,0,"{'fundamental_score': 7.4, 'technical_score': 0, 'confidence': 0}"
DIXON.NS,13640.0,InvestmentDecision.AVOID,0,0,"{'fundamental_score': 6.7, 'technical_score': 0, 'confidence': 0}"
IDEA.NS,13.470000267028809,InvestmentDecision.AVOID,0,0,"{'fundamental_score': 8.2, 'technical_score': 0, 'confidence': 0}"
HAVELLS.NS,1085.0,InvestmentDecision.AVOID,0,0,"{'fundamental_score': 6.7, 'technical_score': 0, 'confidence': 0}"
MARICO.NS,813.25,InvestmentDecision.AVOID,0,0,"{'fundamental_score': 6.800000000000001, 'technical_score': 0, 'confidence': 0}"
HINDPETRO.NS,342.45001220703125,InvestmentDecision.AVOID,0,0,"{'fundamental_score': 5.45, 'technical_score': 0, 'confidence': 0}"
WAAREEENER.NS,2455.0,InvestmentDecision.AVOID,0,0,"{'fundamental_score': 7.6, 'technical_score': 0, 'confidence': 0}"
BAJAJHFL.NS,82.5199966430664,InvestmentDecision.AVOID,0,0,"{'fundamental_score': 5.5, 'technical_score': 0, 'confidence': 0}"
DABUR.NS,385.75,InvestmentDecision.AVOID,0,0,"{'fundamental_score': 6.800000000000001, 'technical_score': 0, 'confidence': 0}"
LUPIN.NS,2062.0,InvestmentDecision.AVOID,0,0,"{'fundamental_score': 4.0, 'technical_score': 0, 'confidence': 0}"
JSWENERGY.NS,495.0,InvestmentDecision.AVOID,0,0,"{'fundamental_score': 5.2, 'technical_score': 0, 'confidence': 0}"
ICICIPRULI.NS,458.70001220703125,InvestmentDecision.AVOID,0,0,"{'fundamental_score': 5.500000000000001, 'technical_score': 0, 'confidence': 0}"
PERSISTENT.NS,5372.0,InvestmentDecision.AVOID,0,0,"{'fundamental_score': 8.1, 'technical_score': 0, 'confidence': 0}"
BHARTIHEXA.NS,1481.800048828125,InvestmentDecision.AVOID,0,0,"{'fundamental_score': 7.75, 'technical_score': 0, 'confidence': 0}"
NAUKRI.NS,1253.9000244140625,InvestmentDecision.AVOID,0,0,"{'fundamental_score': 8.2, 'technical_score': 0, 'confidence': 0}"
SRF.NS,2540.0,InvestmentDecision.AVOID,0,0,"{'fundamental_score': 7.6, 'technical_score': 0, 'confidence': 0}"
POWERINDIA.NS,31035.0,InvestmentDecision.AVOID,0,0,"{'fundamental_score': 7.6, 'technical_score': 0, 'confidence': 0}"
MEESHO.NS,216.8300018310547,InvestmentDecision.AVOID,0,0,"{'fundamental_score': 5.9, 'technical_score': 0, 'confidence': 0}"
NTPCGREEN.NS,93.47000122070312,InvestmentDecision.AVOID,0,0,"{'fundamental_score': 6.7, 'technical_score': 0, 'confidence': 0}"
NHPC.NS,74.5,InvestmentDecision.AVOID,0,0,"{'fundamental_score': 7.3, 'technical_score': 0, 'confidence': 0}"
POLICYBZR.NS,1151.300048828125,InvestmentDecision.AVOID,0,0,"{'fundamental_score': 5.9, 'technical_score': 0, 'confidence': 0}"
SBICARD.NS,591.0,InvestmentDecision.AVOID,0,0,"{'fundamental_score': 5.9, 'technical_score': 0, 'confidence': 0}"
ASHOKLEY.NS,155.22000122070312,InvestmentDecision.AVOID,0,0,"{'fundamental_score': 5.2, 'technical_score': 0, 'confidence': 0}"
SUZLON.NS,39.65999984741211,InvestmentDecision.AVOID,0,0,"{'fundamental_score': 8.7, 'technical_score': 0, 'confidence': 0}"
ABCAPITAL.NS,390.0,InvestmentDecision.AVOID,0,0,"{'fundamental_score': 4.4, 'technical_score': 0, 'confidence': 0}"
PAYTM.NS,1635.800048828125,InvestmentDecision.AVOID,0,0,"{'fundamental_score': 6.7, 'technical_score': 0, 'confidence': 0}"
IOB.NS,31.979999542236328,InvestmentDecision.AVOID,0,0,"{'fundamental_score': 7.4, 'technical_score': 0, 'confidence': 0}"
OFSS.NS,10770.0,InvestmentDecision.AVOID,0,0,"{'fundamental_score': 8.7, 'technical_score': 0, 'confidence': 0}"
LENSKART.NS,655.2000122070312,InvestmentDecision.AVOID,0,0,"{'fundamental_score': 6.7, 'technical_score': 0, 'confidence': 0}"
GVT&D.NS,4203.0,InvestmentDecision.AVOID,0,0,"{'fundamental_score': 8.2, 'technical_score': 0, 'confidence': 0}"
RVNL.NS,202.75,InvestmentDecision.AVOID,0,0,"{'fundamental_score': 6.7, 'technical_score': 0, 'confidence': 0}"
PRESTIGE.NS,1477.800048828125,InvestmentDecision.AVOID,0,0,"{'fundamental_score': 3.8000000000000003, 'technical_score': 0, 'confidence': 0}"
LLOYDSME.NS,1838.0,InvestmentDecision.AVOID,0,0,"{'fundamental_score': 7.3, 'technical_score': 0, 'confidence': 0}"
UNOMINDA.NS,1218.0,InvestmentDecision.AVOID,0,0,"{'fundamental_score': 5.9, 'technical_score': 0, 'confidence': 0}"
FORTIS.NS,830.75,InvestmentDecision.AVOID,0,0,"{'fundamental_score': 6.7, 'technical_score': 0, 'confidence': 0}"
NYKAA.NS,325.5,InvestmentDecision.AVOID,0,0,"{'fundamental_score': 5.45, 'technical_score': 0, 'confidence': 0}"
OIL.NS,468.0,InvestmentDecision.AVOID,0,0,"{'fundamental_score': 6.95, 'technical_score': 0, 'confidence': 0}"
ATGL.NS,594.4500122070312,InvestmentDecision.AVOID,0,0,"{'fundamental_score': 6.25, 'technical_score': 0, 'confidence': 0}"
COROMANDEL.NS,1963.9000244140625,InvestmentDecision.AVOID,0,0,"{'fundamental_score': 6.7, 'technical_score': 0, 'confidence': 0}"
GICRE.NS,337.5,InvestmentDecision.AVOID,0,0,"{'fundamental_score': 6.300000000000001, 'technical_score': 0, 'confidence': 0}"
YESBANK.NS,21.18000030517578,InvestmentDecision.AVOID,0,0,"{'fundamental_score': 5.800000000000001, 'technical_score': 0, 'confidence': 0}"
VMM.NS,100.80999755859375,InvestmentDecision.AVOID,0,0,"{'fundamental_score': 5.9, 'technical_score': 0, 'confidence': 0}"
TORNTPOWER.NS,1254.5999755859375,InvestmentDecision.AVOID,0,0,"{'fundamental_score': 6.25, 'technical_score': 0, 'confidence': 0}"
AUROPHARMA.NS,1712.0,InvestmentDecision.AVOID,0,0,"{'fundamental_score': 2.5, 'technical_score': 0, 'confidence': 0}"
NMDC.NS,77.43000030517578,InvestmentDecision.AVOID,0,0,"{'fundamental_score': 8.2, 'technical_score': 0, 'confidence': 0}"
ALKEM.NS,5274.0,InvestmentDecision.AVOID,0,0,"{'fundamental_score': 7.6, 'technical_score': 0, 'confidence': 0}"
BERGEPAINT.NS,458.3500061035156,InvestmentDecision.AVOID,0,0,"{'fundamental_score': 6.7, 'technical_score': 0, 'confidence': 0}"
MRF.NS,124035.0,InvestmentDecision.AVOID,0,0,"{'fundamental_score': 5.5, 'technical_score': 0, 'confidence': 0}"
PATANJALI.NS,390.79998779296875,InvestmentDecision.AVOID,0,0,"{'fundamental_score': 5.9, 'technical_score': 0, 'confidence': 0}"
GODREJPROP.NS,1669.800048828125,InvestmentDecision.AVOID,0,0,"{'fundamental_score': 7.75, 'technical_score': 0, 'confidence': 0}"
HDBFS.NS,637.4000244140625,InvestmentDecision.AVOID,0,0,"{'fundamental_score': 5.9, 'technical_score': 0, 'confidence': 0}"
LTF.NS,280.8500061035156,InvestmentDecision.AVOID,0,0,"{'fundamental_score': 5.9, 'technical_score': 0, 'confidence': 0}"
JSWINFRA.NS,348.75,InvestmentDecision.AVOID,0,0,"{'fundamental_score': 7.75, 'technical_score': 0, 'confidence': 0}"
SCHAEFFLER.NS,4007.699951171875,InvestmentDecision.AVOID,0,0,"{'fundamental_score': 6.3, 'technical_score': 0, 'confidence': 0}"
INDUSINDBK.NS,909.7000122070312,InvestmentDecision.AVOID,0,0,"{'fundamental_score': 5.9, 'technical_score': 0, 'confidence': 0}"
JSL.NS,745.7000122070312,InvestmentDecision.AVOID,0,0,"{'fundamental_score': 6.7, 'technical_score': 0, 'confidence': 0}"
AUBANK.NS,1018.0,InvestmentDecision.AVOID,0,0,"{'fundamental_score': 7.4, 'technical_score': 0, 'confidence': 0}"
COLPAL.NS,1845.9000244140625,InvestmentDecision.AVOID,0,0,"{'fundamental_score': 7.4, 'technical_score': 0, 'confidence': 0}"
OBEROIRLTY.NS,1858.5,InvestmentDecision.AVOID,0,0,"{'fundamental_score': 8.2, 'technical_score': 0, 'confidence': 0}"
BHARATFORG.NS,1957.0,InvestmentDecision.AVOID,0,0,"{'fundamental_score': 6.25, 'technical_score': 0, 'confidence': 0}"
FACT.NS,777.9000244140625,InvestmentDecision.AVOID,0,0,"{'fundamental_score': 5.2, 'technical_score': 0, 'confidence': 0}"
COFORGE.NS,1773.0,InvestmentDecision.AVOID,0,0,"{'fundamental_score': 6.7, 'technical_score': 0, 'confidence': 0}"
PHOENIXLTD.NS,1978.4000244140625,InvestmentDecision.AVOID,0,0,"{'fundamental_score': 8.2, 'technical_score': 0, 'confidence': 0}"
BANKINDIA.NS,129.99000549316406,InvestmentDecision.AVOID,0,0,"{'fundamental_score': 7.000000000000001, 'technical_score': 0, 'confidence': 0}"
TIINDIA.NS,2459.0,InvestmentDecision.AVOID,0,0,"{'fundamental_score': 6.7, 'technical_score': 0, 'confidence': 0}"
IRCTC.NS,453.5,InvestmentDecision.AVOID,0,0,"{'fundamental_score': 7.4, 'technical_score': 0, 'confidence': 0}"
BDL.NS,1115.0,InvestmentDecision.AVOID,0,0,"{'fundamental_score': 8.2, 'technical_score': 0, 'confidence': 0}"
UPL.NS,550.0499877929688,InvestmentDecision.AVOID,0,0,"{'fundamental_score': 6.25, 'technical_score': 0, 'confidence': 0}"
IDFCFIRSTB.NS,80.55000305175781,InvestmentDecision.AVOID,0,0,"{'fundamental_score': 4.300000000000001, 'technical_score': 0, 'confidence': 0}"
PIIND.NS,2400.0,InvestmentDecision.AVOID,0,0,"{'fundamental_score': 7.9, 'technical_score': 0, 'confidence': 0}"
MOTILALOFS.NS,1029.0,InvestmentDecision.AVOID,0,0,"{'fundamental_score': 5.9, 'technical_score': 0, 'confidence': 0}"
GLENMARK.NS,2380.0,InvestmentDecision.AVOID,0,0,"{'fundamental_score': 6.7, 'technical_score': 0, 'confidence': 0}"
MFSL.NS,1458.0,InvestmentDecision.AVOID,0,0,"{'fundamental_score': 5.9, 'technical_score': 0, 'confidence': 0}"
SAIL.NS,184.1999969482422,InvestmentDecision.AVOID,0,0,"{'fundamental_score': 6.25, 'technical_score': 0, 'confidence': 0}"
FEDERALBNK.NS,325.0,InvestmentDecision.AVOID,0,0,"{'fundamental_score': 7.4, 'technical_score': 0, 'confidence': 0}"
NAM-INDIA.NS,1093.9000244140625,InvestmentDecision.AVOID,0,0,"{'fundamental_score': 7.4, 'technical_score': 0, 'confidence': 0}"
MPHASIS.NS,2234.0,InvestmentDecision.AVOID,0,0,"{'fundamental_score': 6.7, 'technical_score': 0, 'confidence': 0}"
KALYANKJIL.NS,564.0,InvestmentDecision.AVOID,0,0,"{'fundamental_score': 5.45, 'technical_score': 0, 'confidence': 0}"
LINDEINDIA.NS,6191.0,InvestmentDecision.AVOID,0,0,"{'fundamental_score': 8.2, 'technical_score': 0, 'confidence': 0}"
SUNDARMFIN.NS,4508.0,InvestmentDecision.AVOID,0,0,"{'fundamental_score': 5.9, 'technical_score': 0, 'confidence': 0}"
SUPREMEIND.NS,3550.0,InvestmentDecision.AVOID,0,0,"{'fundamental_score': 6.7, 'technical_score': 0, 'confidence': 0}"
BIOCON.NS,382.1499938964844,InvestmentDecision.AVOID,0,0,"{'fundamental_score': 6.7, 'technical_score': 0, 'confidence': 0}"
TATACOMM.NS,1666.5,InvestmentDecision.AVOID,0,0,"{'fundamental_score': 5.2, 'technical_score': 0, 'confidence': 0}"
LAURUSLABS.NS,2010.699951171875,InvestmentDecision.AVOID,0,0,"{'fundamental_score': 7.9, 'technical_score': 0, 'confidence': 0}"
AIIL.NS,559.5999755859375,InvestmentDecision.AVOID,0,0,"{'fundamental_score': 7.4, 'technical_score': 0, 'confidence': 0}"
GODFRYPHLP.NS,1931.5,InvestmentDecision.AVOID,0,0,"{'fundamental_score': 7.4, 'technical_score': 0, 'confidence': 0}"
JKCEMENT.NS,5000.0,InvestmentDecision.AVOID,0,0,"{'fundamental_score': 6.25, 'technical_score': 0, 'confidence': 0}"
UBL.NS,1251.300048828125,InvestmentDecision.AVOID,0,0,"{'fundamental_score': 5.9, 'technical_score': 0, 'confidence': 0}"
APLAPOLLO.NS,2214.699951171875,InvestmentDecision.AVOID,0,0,"{'fundamental_score': 6.7, 'technical_score': 0, 'confidence': 0}"
PAGEIND.NS,37695.0,InvestmentDecision.AVOID,0,0,"{'fundamental_score': 6.800000000000001, 'technical_score': 0, 'confidence': 0}"
GLAXO.NS,2896.39990234375,InvestmentDecision.AVOID,0,0,"{'fundamental_score': 8.2, 'technical_score': 0, 'confidence': 0}"
BALKRISIND.NS,2185.300048828125,InvestmentDecision.AVOID,0,0,"{'fundamental_score': 6.800000000000001, 'technical_score': 0, 'confidence': 0}"
ITCHOTELS.NS,158.57000732421875,InvestmentDecision.AVOID,0,0,"{'fundamental_score': 7.4, 'technical_score': 0, 'confidence': 0}"
COCHINSHIP.NS,1329.0,InvestmentDecision.AVOID,0,0,"{'fundamental_score': 7.6, 'technical_score': 0, 'confidence': 0}"
PREMIERENE.NS,906.0,InvestmentDecision.AVOID,0,0,"{'fundamental_score': 7.75, 'technical_score': 0, 'confidence': 0}"
HEXT.NS,496.70001220703125,InvestmentDecision.AVOID,0,0,"{'fundamental_score': 7.2, 'technical_score': 0, 'confidence': 0}"
LTTS.NS,3211.60009765625,InvestmentDecision.AVOID,0,0,"{'fundamental_score': 6.7, 'technical_score': 0, 'confidence': 0}"
VOLTAS.NS,1135.5,InvestmentDecision.AVOID,0,0,"{'fundamental_score': 5.9, 'technical_score': 0, 'confidence': 0}"
360ONE.NS,1073.0,InvestmentDecision.AVOID,0,0,"{'fundamental_score': 5.9, 'technical_score': 0, 'confidence': 0}"
MAHABANK.NS,80.8499984741211,InvestmentDecision.AVOID,0,0,"{'fundamental_score': 7.8, 'technical_score': 0, 'confidence': 0}"
PGHH.NS,6888.5,InvestmentDecision.AVOID,0,0,"{'fundamental_score': 6.1, 'technical_score': 0, 'confidence': 0}"
PETRONET.NS,289.8500061035156,InvestmentDecision.AVOID,0,0,"{'fundamental_score': 5.9, 'technical_score': 0, 'confidence': 0}"
IREDA.NS,114.81999969482422,InvestmentDecision.AVOID,0,0,"{'fundamental_score': 5.9, 'technical_score': 0, 'confidence': 0}"
ANTHEM.NS,873.5999755859375,InvestmentDecision.AVOID,0,0,"{'fundamental_score': 8.2, 'technical_score': 0, 'confidence': 0}"
CONCOR.NS,450.0,InvestmentDecision.AVOID,0,0,"{'fundamental_score': 7.6, 'technical_score': 0, 'confidence': 0}"
M&MFIN.NS,333.1000061035156,InvestmentDecision.AVOID,0,0,"{'fundamental_score': 4.0, 'technical_score': 0, 'confidence': 0}"
NATIONALUM.NS,349.0,InvestmentDecision.AVOID,0,0,"{'fundamental_score': 8.2, 'technical_score': 0, 'confidence': 0}"
DALBHARAT.NS,1700.199951171875,InvestmentDecision.AVOID,0,0,"{'fundamental_score': 6.7, 'technical_score': 0, 'confidence': 0}"
JUBLFOOD.NS,478.70001220703125,InvestmentDecision.AVOID,0,0,"{'fundamental_score': 4.4, 'technical_score': 0, 'confidence': 0}"
ESCORTS.NS,2740.699951171875,InvestmentDecision.AVOID,0,0,"{'fundamental_score': 6.7, 'technical_score': 0, 'confidence': 0}"
RADICO.NS,4478.2998046875,InvestmentDecision.AVOID,0,0,"{'fundamental_score': 5.9, 'technical_score': 0, 'confidence': 0}"
KAYNES.NS,3658.0,InvestmentDecision.AVOID,0,0,"{'fundamental_score': 6.7, 'technical_score': 0, 'confidence': 0}"
FLUOROCHEM.NS,4441.39990234375,InvestmentDecision.AVOID,0,0,"{'fundamental_score': 6.7, 'technical_score': 0, 'confidence': 0}"
ENDURANCE.NS,2645.89990234375,InvestmentDecision.AVOID,0,0,"{'fundamental_score': 5.9, 'technical_score': 0, 'confidence': 0}"
KEI.NS,4516.0,InvestmentDecision.AVOID,0,0,"{'fundamental_score': 6.7, 'technical_score': 0, 'confidence': 0}"
ASTRAL.NS,1399.0,InvestmentDecision.AVOID,0,0,"{'fundamental_score': 6.7, 'technical_score': 0, 'confidence': 0}"
THERMAX.NS,3447.199951171875,InvestmentDecision.AVOID,0,0,"{'fundamental_score': 6.7, 'technical_score': 0, 'confidence': 0}"
PWL.NS,134.36000061035156,InvestmentDecision.AVOID,0,0,"{'fundamental_score': 5.9, 'technical_score': 0, 'confidence': 0}"
UCOBANK.NS,23.329999923706055,InvestmentDecision.AVOID,0,0,"{'fundamental_score': 5.800000000000001, 'technical_score': 0, 'confidence': 0}"
BLUESTARCO.NS,1575.4000244140625,InvestmentDecision.AVOID,0,0,"{'fundamental_score': 6.7, 'technical_score': 0, 'confidence': 0}"
NH.NS,1861.4000244140625,InvestmentDecision.AVOID,0,0,"{'fundamental_score': 5.8, 'technical_score': 0, 'confidence': 0}"
TATAINVEST.NS,644.4500122070312,InvestmentDecision.AVOID,0,0,"{'fundamental_score': 7.4, 'technical_score': 0, 'confidence': 0}"
GODREJIND.NS,1076.0999755859375,InvestmentDecision.AVOID,0,0,"{'fundamental_score': 5.2, 'technical_score': 0, 'confidence': 0}"
POONAWALLA.NS,445.1499938964844,InvestmentDecision.AVOID,0,0,"{'fundamental_score': 5.9, 'technical_score': 0, 'confidence': 0}"
CRISIL.NS,4650.60009765625,InvestmentDecision.AVOID,0,0,"{'fundamental_score': 7.8, 'technical_score': 0, 'confidence': 0}"
KPRMILL.NS,1106.4000244140625,InvestmentDecision.AVOID,0,0,"{'fundamental_score': 6.800000000000001, 'technical_score': 0, 'confidence': 0}"
CHOLAHLDNG.NS,1400.5999755859375,InvestmentDecision.AVOID,0,0,"{'fundamental_score': 4.4, 'technical_score': 0, 'confidence': 0}"
3MINDIA.NS,33925.0,InvestmentDecision.AVOID,0,0,"{'fundamental_score': 6.7, 'technical_score': 0, 'confidence': 0}"
IPCALAB.NS,1970.800048828125,InvestmentDecision.AVOID,0,0,"{'fundamental_score': 7.6, 'technical_score': 0, 'confidence': 0}"
PIRAMALFIN.NS,2142.699951171875,InvestmentDecision.AVOID,0,0,"{'fundamental_score': 4.300000000000001, 'technical_score': 0, 'confidence': 0}"
APARINDS.NS,17263.0,InvestmentDecision.AVOID,0,0,"{'fundamental_score': 6.7, 'technical_score': 0, 'confidence': 0}"
SJVN.NS,61.7599983215332,InvestmentDecision.AVOID,0,0,"{'fundamental_score': 6.1, 'technical_score': 0, 'confidence': 0}"
MEDANTA.NS,1433.4000244140625,InvestmentDecision.AVOID,0,0,"{'fundamental_score': 6.7, 'technical_score': 0, 'confidence': 0}"
ACC.NS,1236.4000244140625,InvestmentDecision.AVOID,0,0,"{'fundamental_score': 6.7, 'technical_score': 0, 'confidence': 0}"
TATAELXSI.NS,3191.0,InvestmentDecision.AVOID,0,0,"{'fundamental_score': 7.9, 'technical_score': 0, 'confidence': 0}"
NLCINDIA.NS,256.70001220703125,InvestmentDecision.AVOID,0,0,"{'fundamental_score': 7.0, 'technical_score': 0, 'confidence': 0}"
AWL.NS,180.66000366210938,InvestmentDecision.AVOID,0,0,"{'fundamental_score': 5.9, 'technical_score': 0, 'confidence': 0}"
CENTRALBK.NS,30.59000015258789,InvestmentDecision.AVOID,0,0,"{'fundamental_score': 6.6000000000000005, 'technical_score': 0, 'confidence': 0}"
KPITTECH.NS,509.0,InvestmentDecision.AVOID,0,0,"{'fundamental_score': 6.7, 'technical_score': 0, 'confidence': 0}"
CDSL.NS,1289.0,InvestmentDecision.AVOID,0,0,"{'fundamental_score': 7.4, 'technical_score': 0, 'confidence': 0}"
DELHIVERY.NS,422.70001220703125,InvestmentDecision.AVOID,0,0,"{'fundamental_score': 6.7, 'technical_score': 0, 'confidence': 0}"
ASTERDM.NS,759.4000244140625,InvestmentDecision.AVOID,0,0,"{'fundamental_score': 6.7, 'technical_score': 0, 'confidence': 0}"
EXIDEIND.NS,411.75,InvestmentDecision.AVOID,0,0,"{'fundamental_score': 5.9, 'technical_score': 0, 'confidence': 0}"
GODIGIT.NS,263.25,InvestmentDecision.AVOID,0,0,"{'fundamental_score': 5.9, 'technical_score': 0, 'confidence': 0}"
HONAUT.NS,33865.0,InvestmentDecision.AVOID,0,0,"{'fundamental_score': 6.7, 'technical_score': 0, 'confidence': 0}"
AJANTPHARM.NS,3547.800048828125,InvestmentDecision.AVOID,0,0,"{'fundamental_score': 8.2, 'technical_score': 0, 'confidence': 0}"
METROBRAND.NS,882.0,InvestmentDecision.AVOID,0,0,"{'fundamental_score': 6.35, 'technical_score': 0, 'confidence': 0}"
AIAENG.NS,3919.39990234375,InvestmentDecision.AVOID,0,0,"{'fundamental_score': 8.2, 'technical_score': 0, 'confidence': 0}"
COHANCE.NS,459.25,InvestmentDecision.AVOID,0,0,"{'fundamental_score': 6.7, 'technical_score': 0, 'confidence': 0}"
LICHSGFIN.NS,564.1500244140625,InvestmentDecision.AVOID,0,0,"{'fundamental_score': 5.9, 'technical_score': 0, 'confidence': 0}"
GILLETTE.NS,6925.5,InvestmentDecision.AVOID,0,0,"{'fundamental_score': 7.4, 'technical_score': 0, 'confidence': 0}"
GLAND.NS,2917.199951171875,InvestmentDecision.AVOID,0,0,"{'fundamental_score': 7.9, 'technical_score': 0, 'confidence': 0}"
APOLLOTYRE.NS,400.1000061035156,InvestmentDecision.AVOID,0,0,"{'fundamental_score': 5.9, 'technical_score': 0, 'confidence': 0}"
NIACL.NS,169.83999633789062,InvestmentDecision.AVOID,0,0,"{'fundamental_score': 5.9, 'technical_score': 0, 'confidence': 0}"
NBCC.NS,80.20999908447266,InvestmentDecision.AVOID,0,0,"{'fundamental_score': 6.7, 'technical_score': 0, 'confidence': 0}"
ITI.NS,252.89999389648438,InvestmentDecision.AVOID,0,0,"{'fundamental_score': 7.9, 'technical_score': 0, 'confidence': 0}"
HINDCOPPER.NS,479.6000061035156,InvestmentDecision.AVOID,0,0,"{'fundamental_score': 8.2, 'technical_score': 0, 'confidence': 0}"
GRSE.NS,2245.300048828125,InvestmentDecision.AVOID,0,0,"{'fundamental_score': 6.7, 'technical_score': 0, 'confidence': 0}"
MSUMI.NS,34.79999923706055,InvestmentDecision.AVOID,0,0,"{'fundamental_score': 5.9, 'technical_score': 0, 'confidence': 0}"
IGL.NS,144.9499969482422,InvestmentDecision.AVOID,0,0,"{'fundamental_score': 6.7, 'technical_score': 0, 'confidence': 0}"
SONACOMS.NS,807.9000244140625,InvestmentDecision.AVOID,0,0,"{'fundamental_score': 6.800000000000001, 'technical_score': 0, 'confidence': 0}"
AEGISVOPAK.NS,287.5,InvestmentDecision.AVOID,0,0,"{'fundamental_score': 6.95, 'technical_score': 0, 'confidence': 0}"
KIMS.NS,766.4500122070312,InvestmentDecision.AVOID,0,0,"{'fundamental_score': 5.2, 'technical_score': 0, 'confidence': 0}"
TATATECH.NS,703.0499877929688,InvestmentDecision.AVOID,0,0,"{'fundamental_score': 6.7, 'technical_score': 0, 'confidence': 0}"
PINELABS.NS,173.02000427246094,InvestmentDecision.AVOID,0,0,"{'fundamental_score': 6.7, 'technical_score': 0, 'confidence': 0}"
IKS.NS,1815.800048828125,InvestmentDecision.AVOID,0,0,"{'fundamental_score': 8.2, 'technical_score': 0, 'confidence': 0}"
STARHEALTH.NS,558.1500244140625,InvestmentDecision.AVOID,0,0,"{'fundamental_score': 4.300000000000001, 'technical_score': 0, 'confidence': 0}"
TVSHLTD.NS,12601.0,InvestmentDecision.AVOID,0,0,"{'fundamental_score': 4.4, 'technical_score': 0, 'confidence': 0}"
IRB.NS,17.139999389648438,InvestmentDecision.AVOID,0,0,"{'fundamental_score': 7.45, 'technical_score': 0, 'confidence': 0}"
SUMICHEM.NS,433.75,InvestmentDecision.AVOID,0,0,"{'fundamental_score': 7.9, 'technical_score': 0, 'confidence': 0}"
AFFLE.NS,1548.4000244140625,InvestmentDecision.AVOID,0,0,"{'fundamental_score': 7.9, 'technical_score': 0, 'confidence': 0}"
AEGISLOG.NS,1308.0999755859375,InvestmentDecision.AVOID,0,0,"{'fundamental_score': 6.800000000000001, 'technical_score': 0, 'confidence': 0}"
NAVINFLUOR.NS,8432.5,InvestmentDecision.AVOID,0,0,"{'fundamental_score': 8.2, 'technical_score': 0, 'confidence': 0}"
SYNGENE.NS,378.70001220703125,InvestmentDecision.AVOID,0,0,"{'fundamental_score': 6.7, 'technical_score': 0, 'confidence': 0}"
BANDHANBNK.NS,181.0,InvestmentDecision.AVOID,0,0,"{'fundamental_score': 6.800000000000001, 'technical_score': 0, 'confidence': 0}"
EMCURE.NS,1927.800048828125,InvestmentDecision.AVOID,0,0,"{'fundamental_score': 6.7, 'technical_score': 0, 'confidence': 0}"
LALPATHLAB.NS,1952.300048828125,InvestmentDecision.AVOID,0,0,"{'fundamental_score': 8.2, 'technical_score': 0, 'confidence': 0}"
AMBER.NS,6960.0,InvestmentDecision.AVOID,0,0,"{'fundamental_score': 5.9, 'technical_score': 0, 'confidence': 0}"
PPLPHARMA.NS,210.30999755859375,InvestmentDecision.AVOID,0,0,"{'fundamental_score': 6.25, 'technical_score': 0, 'confidence': 0}"
ZFCVINDIA.NS,2354.199951171875,InvestmentDecision.AVOID,0,0,"{'fundamental_score': 5.9, 'technical_score': 0, 'confidence': 0}"
NUVAMA.NS,1681.4000244140625,InvestmentDecision.AVOID,0,0,"{'fundamental_score': 5.9, 'technical_score': 0, 'confidence': 0}"
MRPL.NS,169.8000030517578,InvestmentDecision.AVOID,0,0,"{'fundamental_score': 5.0, 'technical_score': 0, 'confidence': 0}"
RAMCOCEM.NS,867.5499877929688,InvestmentDecision.AVOID,0,0,"{'fundamental_score': 6.7, 'technical_score': 0, 'confidence': 0}"
SHYAMMETL.NS,1085.5999755859375,InvestmentDecision.AVOID,0,0,"{'fundamental_score': 6.7, 'technical_score': 0, 'confidence': 0}"
FSL.NS,256.0,InvestmentDecision.AVOID,0,0,"{'fundamental_score': 6.25, 'technical_score': 0, 'confidence': 0}"
EMAMILTD.NS,389.25,InvestmentDecision.AVOID,0,0,"{'fundamental_score': 7.4, 'technical_score': 0, 'confidence': 0}"
DEEPAKNTR.NS,1550.800048828125,InvestmentDecision.AVOID,0,0,"{'fundamental_score': 6.7, 'technical_score': 0, 'confidence': 0}"
INOXWIND.NS,72.0,InvestmentDecision.AVOID,0,0,"{'fundamental_score': 6.7, 'technical_score': 0, 'confidence': 0}"
EIHOTEL.NS,294.70001220703125,InvestmentDecision.AVOID,0,0,"{'fundamental_score': 7.4, 'technical_score': 0, 'confidence': 0}"
WOCKPHARMA.NS,2187.60009765625,InvestmentDecision.AVOID,0,0,"{'fundamental_score': 6.7, 'technical_score': 0, 'confidence': 0}"
PTCIL.NS,21810.0,InvestmentDecision.AVOID,0,0,"{'fundamental_score': 8.2, 'technical_score': 0, 'confidence': 0}"
PFIZER.NS,4000.800048828125,InvestmentDecision.AVOID,0,0,"{'fundamental_score': 8.2, 'technical_score': 0, 'confidence': 0}"
ANANDRATHI.NS,2126.800048828125,InvestmentDecision.AVOID,0,0,"{'fundamental_score': 7.4, 'technical_score': 0, 'confidence': 0}"
KIOCL.NS,340.75,InvestmentDecision.AVOID,0,0,"{'fundamental_score': 6.7, 'technical_score': 0, 'confidence': 0}"
MANAPPURAM.NS,313.0,InvestmentDecision.AVOID,0,0,"{'fundamental_score': 5.9, 'technical_score': 0, 'confidence': 0}"
PNBHOUSING.NS,1094.9000244140625,InvestmentDecision.AVOID,0,0,"{'fundamental_score': 5.9, 'technical_score': 0, 'confidence': 0}"
BRIGADE.NS,597.9000244140625,InvestmentDecision.AVOID,0,0,"{'fundamental_score': 7.15, 'technical_score': 0, 'confidence': 0}"
ABSLAMC.NS,987.7000122070312,InvestmentDecision.AVOID,0,0,"{'fundamental_score': 7.4, 'technical_score': 0, 'confidence': 0}"
TIMKEN.NS,3206.10009765625,InvestmentDecision.AVOID,0,0,"{'fundamental_score': 6.7, 'technical_score': 0, 'confidence': 0}"
HSCL.NS,669.9500122070312,InvestmentDecision.AVOID,0,0,"{'fundamental_score': 7.9, 'technical_score': 0, 'confidence': 0}"
FORCEMOT.NS,17100.0,InvestmentDecision.AVOID,0,0,"{'fundamental_score': 6.800000000000001, 'technical_score': 0, 'confidence': 0}"
WELCORP.NS,2739.699951171875,InvestmentDecision.AVOID,0,0,"{'fundamental_score': 7.6, 'technical_score': 0, 'confidence': 0}"
ANGELONE.NS,279.20001220703125,InvestmentDecision.AVOID,0,0,"{'fundamental_score': 6.5, 'technical_score': 0, 'confidence': 0}"
TATACHEM.NS,641.4500122070312,InvestmentDecision.AVOID,0,0,"{'fundamental_score': 6.7, 'technical_score': 0, 'confidence': 0}"
ASAHIINDIA.NS,959.9500122070312,InvestmentDecision.AVOID,0,0,"{'fundamental_score': 5.45, 'technical_score': 0, 'confidence': 0}"
ASTRAZEN.NS,6280.0,InvestmentDecision.AVOID,0,0,"{'fundamental_score': 6.7, 'technical_score': 0, 'confidence': 0}"
ERIS.NS,1258.9000244140625,InvestmentDecision.AVOID,0,0,"{'fundamental_score': 7.75, 'technical_score': 0, 'confidence': 0}"
CESC.NS,136.17999267578125,InvestmentDecision.AVOID,0,0,"{'fundamental_score': 5.2, 'technical_score': 0, 'confidence': 0}"
HBLENGINE.NS,785.6500244140625,InvestmentDecision.AVOID,0,0,"{'fundamental_score': 8.2, 'technical_score': 0, 'confidence': 0}"
SUNTV.NS,513.2000122070312,InvestmentDecision.AVOID,0,0,"{'fundamental_score': 8.2, 'technical_score': 0, 'confidence': 0}"
KARURVYSYA.NS,327.95001220703125,InvestmentDecision.AVOID,0,0,"{'fundamental_score': 7.4, 'technical_score': 0, 'confidence': 0}"
SAGILITY.NS,43.45000076293945,InvestmentDecision.AVOID,0,0,"{'fundamental_score': 7.6, 'technical_score': 0, 'confidence': 0}"
JYOTICNC.NS,1065.0999755859375,InvestmentDecision.AVOID,0,0,"{'fundamental_score': 7.6, 'technical_score': 0, 'confidence': 0}"
KEC.NS,390.54998779296875,InvestmentDecision.AVOID,0,0,"{'fundamental_score': 6.25, 'technical_score': 0, 'confidence': 0}"
AADHARHFC.NS,444.5,InvestmentDecision.AVOID,0,0,"{'fundamental_score': 5.9, 'technical_score': 0, 'confidence': 0}"
IIFL.NS,616.9500122070312,InvestmentDecision.AVOID,0,0,"{'fundamental_score': 5.9, 'technical_score': 0, 'confidence': 0}"
REDINGTON.NS,407.25,InvestmentDecision.AVOID,0,0,"{'fundamental_score': 6.7, 'technical_score': 0, 'confidence': 0}"
HATSUN.NS,1165.300048828125,InvestmentDecision.AVOID,0,0,"{'fundamental_score': 5.45, 'technical_score': 0, 'confidence': 0}"
CREDITACC.NS,1255.199951171875,InvestmentDecision.AVOID,0,0,"{'fundamental_score': 5.9, 'technical_score': 0, 'confidence': 0}"
URBANCO.NS,161.2100067138672,InvestmentDecision.AVOID,0,0,"{'fundamental_score': 6.7, 'technical_score': 0, 'confidence': 0}"
JSWHL.NS,11062.0,InvestmentDecision.AVOID,0,0,"{'fundamental_score': 7.4, 'technical_score': 0, 'confidence': 0}"
PSB.NS,21.309999465942383,InvestmentDecision.AVOID,0,0,"{'fundamental_score': 6.6000000000000005, 'technical_score': 0, 'confidence': 0}"
ONESOURCE.NS,1602.5999755859375,InvestmentDecision.AVOID,0,0,"{'fundamental_score': 6.7, 'technical_score': 0, 'confidence': 0}"
KPIL.NS,1375.5999755859375,InvestmentDecision.AVOID,0,0,"{'fundamental_score': 6.7, 'technical_score': 0, 'confidence': 0}"
ATHERENERG.NS,1497.0,InvestmentDecision.AVOID,0,0,"{'fundamental_score': 5.9, 'technical_score': 0, 'confidence': 0}"
SUNDRMFAST.NS,1178.9000244140625,InvestmentDecision.AVOID,0,0,"{'fundamental_score': 5.9, 'technical_score': 0, 'confidence': 0}"
ABREL.NS,1230.9000244140625,InvestmentDecision.AVOID,0,0,"{'fundamental_score': 5.2, 'technical_score': 0, 'confidence': 0}"
OLAELEC.NS,37.86000061035156,InvestmentDecision.AVOID,0,0,"{'fundamental_score': 1.05, 'technical_score': 0, 'confidence': 0}"
CHALET.NS,881.3499755859375,InvestmentDecision.AVOID,0,0,"{'fundamental_score': 6.95, 'technical_score': 0, 'confidence': 0}"
CHAMBLFERT.NS,417.95001220703125,InvestmentDecision.AVOID,0,0,"{'fundamental_score': 6.7, 'technical_score': 0, 'confidence': 0}"
ANANTRAJ.NS,607.9500122070312,InvestmentDecision.AVOID,0,0,"{'fundamental_score': 8.2, 'technical_score': 0, 'confidence': 0}"
ECLERX.NS,1816.199951171875,InvestmentDecision.AVOID,0,0,"{'fundamental_score': 7.9, 'technical_score': 0, 'confidence': 0}"
CASTROLIND.NS,201.0399932861328,InvestmentDecision.AVOID,0,0,"{'fundamental_score': 7.5, 'technical_score': 0, 'confidence': 0}"
SCHNEIDER.NS,1209.5,InvestmentDecision.AVOID,0,0,"{'fundamental_score': 6.25, 'technical_score': 0, 'confidence': 0}"
POLYMED.NS,1636.699951171875,InvestmentDecision.AVOID,0,0,"{'fundamental_score': 7.9, 'technical_score': 0, 'confidence': 0}"
DCMSHRIRAM.NS,974.2999877929688,InvestmentDecision.AVOID,0,0,"{'fundamental_score': 6.7, 'technical_score': 0, 'confidence': 0}"
BASF.NS,3539.800048828125,InvestmentDecision.AVOID,0,0,"{'fundamental_score': 6.7, 'technical_score': 0, 'confidence': 0}"
TENNIND.NS,515.25,InvestmentDecision.AVOID,0,0,"{'fundamental_score': 5.9, 'technical_score': 0, 'confidence': 0}"
KANSAINER.NS,180.6300048828125,InvestmentDecision.AVOID,0,0,"{'fundamental_score': 6.7, 'technical_score': 0, 'confidence': 0}"
DEVYANI.NS,131.08999633789062,InvestmentDecision.AVOID,0,0,"{'fundamental_score': 4.4, 'technical_score': 0, 'confidence': 0}"
NEULANDLAB.NS,21440.0,InvestmentDecision.AVOID,0,0,"{'fundamental_score': 8.2, 'technical_score': 0, 'confidence': 0}"
CROMPTON.NS,218.8000030517578,InvestmentDecision.AVOID,0,0,"{'fundamental_score': 5.9, 'technical_score': 0, 'confidence': 0}"
EIDPARRY.NS,704.75,InvestmentDecision.AVOID,0,0,"{'fundamental_score': 6.7, 'technical_score': 0, 'confidence': 0}"
CAMS.NS,691.5499877929688,InvestmentDecision.AVOID,0,0,"{'fundamental_score': 8.2, 'technical_score': 0, 'confidence': 0}"
KFINTECH.NS,884.0499877929688,InvestmentDecision.AVOID,0,0,"{'fundamental_score': 8.2, 'technical_score': 0, 'confidence': 0}"
RPOWER.NS,19.959999084472656,InvestmentDecision.AVOID,0,0,"{'fundamental_score': 6.25, 'technical_score': 0, 'confidence': 0}"
BIKAJI.NS,557.9000244140625,InvestmentDecision.AVOID,0,0,"{'fundamental_score': 5.9, 'technical_score': 0, 'confidence': 0}"
KAJARIACER.NS,1218.0999755859375,InvestmentDecision.AVOID,0,0,"{'fundamental_score': 6.7, 'technical_score': 0, 'confidence': 0}"
ATUL.NS,6070.5,InvestmentDecision.AVOID,0,0,"{'fundamental_score': 6.7, 'technical_score': 0, 'confidence': 0}"
SARDAEN.NS,501.29998779296875,InvestmentDecision.AVOID,0,0,"{'fundamental_score': 8.2, 'technical_score': 0, 'confidence': 0}"
APLLTD.NS,863.75,InvestmentDecision.AVOID,0,0,"{'fundamental_score': 6.7, 'technical_score': 0, 'confidence': 0}"
DEEPAKFERT.NS,1350.5,InvestmentDecision.AVOID,0,0,"{'fundamental_score': 6.25, 'technical_score': 0, 'confidence': 0}"
FIRSTCRY.NS,184.72000122070312,InvestmentDecision.AVOID,0,0,"{'fundamental_score': 5.9, 'technical_score': 0, 'confidence': 0}"
JSWCEMENT.NS,112.48999786376953,InvestmentDecision.AVOID,0,0,"{'fundamental_score': 6.25, 'technical_score': 0, 'confidence': 0}"
SAILIFE.NS,1582.800048828125,InvestmentDecision.AVOID,0,0,"{'fundamental_score': 7.9, 'technical_score': 0, 'confidence': 0}"
CGCL.NS,253.6999969482422,InvestmentDecision.AVOID,0,0,"{'fundamental_score': 5.9, 'technical_score': 0, 'confidence': 0}"
ARE&M.NS,774.9500122070312,InvestmentDecision.AVOID,0,0,"{'fundamental_score': 6.7, 'technical_score': 0, 'confidence': 0}"
GRINDWELL.NS,1972.699951171875,InvestmentDecision.AVOID,0,0,"{'fundamental_score': 7.6, 'technical_score': 0, 'confidence': 0}"
VINATIORGA.NS,1206.4000244140625,InvestmentDecision.AVOID,0,0,"{'fundamental_score': 8.2, 'technical_score': 0, 'confidence': 0}"
SKFINDIA.NS,1539.800048828125,InvestmentDecision.AVOID,0,0,"{'fundamental_score': 6.7, 'technical_score': 0, 'confidence': 0}"
MAHSCOOTER.NS,13052.0,InvestmentDecision.AVOID,0,0,"{'fundamental_score': 7.4, 'technical_score': 0, 'confidence': 0}"
JUBLPHARMA.NS,1060.449951171875,InvestmentDecision.AVOID,0,0,"{'fundamental_score': 6.25, 'technical_score': 0, 'confidence': 0}"
ZENSARTECH.NS,436.70001220703125,InvestmentDecision.AVOID,0,0,"{'fundamental_score': 7.6, 'technical_score': 0, 'confidence': 0}"
FIVESTAR.NS,520.9500122070312,InvestmentDecision.AVOID,0,0,"{'fundamental_score': 6.5, 'technical_score': 0, 'confidence': 0}"
TRITURBINE.NS,554.2000122070312,InvestmentDecision.AVOID,0,0,"{'fundamental_score': 7.6, 'technical_score': 0, 'confidence': 0}"
CARBORUNIV.NS,1247.800048828125,InvestmentDecision.AVOID,0,0,"{'fundamental_score': 6.7, 'technical_score': 0, 'confidence': 0}"
RBLBANK.NS,415.04998779296875,InvestmentDecision.AVOID,0,0,"{'fundamental_score': 5.9, 'technical_score': 0, 'confidence': 0}"
RATNAMANI.NS,2778.300048828125,InvestmentDecision.AVOID,0,0,"{'fundamental_score': 6.7, 'technical_score': 0, 'confidence': 0}"
PGEL.NS,507.0,InvestmentDecision.AVOID,0,0,"{'fundamental_score': 6.7, 'technical_score': 0, 'confidence': 0}"
VENTIVE.NS,565.0499877929688,InvestmentDecision.AVOID,0,0,"{'fundamental_score': 7.4, 'technical_score': 0, 'confidence': 0}"
NAVA.NS,547.0,InvestmentDecision.AVOID,0,0,"{'fundamental_score': 7.9, 'technical_score': 0, 'confidence': 0}"
CUB.NS,215.99000549316406,InvestmentDecision.AVOID,0,0,"{'fundamental_score': 7.4, 'technical_score': 0, 'confidence': 0}"
CENTURYPLY.NS,694.4500122070312,InvestmentDecision.AVOID,0,0,"{'fundamental_score': 6.25, 'technical_score': 0, 'confidence': 0}"
BEML.NS,2036.5,InvestmentDecision.AVOID,0,0,"{'fundamental_score': 6.7, 'technical_score': 0, 'confidence': 0}"
MANYAVAR.NS,532.5,InvestmentDecision.AVOID,0,0,"{'fundamental_score': 7.4, 'technical_score': 0, 'confidence': 0}"
ABLBL.NS,77.16999816894531,InvestmentDecision.AVOID,0,0,"{'fundamental_score': 4.4, 'technical_score': 0, 'confidence': 0}"
NETWEB.NS,4566.5,InvestmentDecision.AVOID,0,0,"{'fundamental_score': 6.7, 'technical_score': 0, 'confidence': 0}"
TBOTEK.NS,1696.9000244140625,InvestmentDecision.AVOID,0,0,"{'fundamental_score': 5.9, 'technical_score': 0, 'confidence': 0}"
CONCORDBIO.NS,1392.699951171875,InvestmentDecision.AVOID,0,0,"{'fundamental_score': 8.2, 'technical_score': 0, 'confidence': 0}"
TRAVELFOOD.NS,1203.0,InvestmentDecision.AVOID,0,0,"{'fundamental_score': 7.4, 'technical_score': 0, 'confidence': 0}"
CPPLUS.NS,3687.5,InvestmentDecision.AVOID,0,0,"{'fundamental_score': 6.7, 'technical_score': 0, 'confidence': 0}"
UTIAMC.NS,893.9000244140625,InvestmentDecision.AVOID,0,0,"{'fundamental_score': 7.4, 'technical_score': 0, 'confidence': 0}"
SOBHA.NS,1226.5999755859375,InvestmentDecision.AVOID,0,0,"{'fundamental_score': 6.7, 'technical_score': 0, 'confidence': 0}"
LMW.NS,17133.0,InvestmentDecision.AVOID,0,0,"{'fundamental_score': 6.7, 'technical_score': 0, 'confidence': 0}"
ACMESOLAR.NS,437.8999938964844,InvestmentDecision.AVOID,0,0,"{'fundamental_score': 6.7, 'technical_score': 0, 'confidence': 0}"
IRCON.NS,103.25,InvestmentDecision.AVOID,0,0,"{'fundamental_score': 6.25, 'technical_score': 0, 'confidence': 0}"
GABRIEL.NS,1349.199951171875,InvestmentDecision.AVOID,0,0,"{'fundamental_score': 5.9, 'technical_score': 0, 'confidence': 0}"
GMDCLTD.NS,522.25,InvestmentDecision.AVOID,0,0,"{'fundamental_score': 7.4, 'technical_score': 0, 'confidence': 0}"
CRAFTSMAN.NS,10735.0,InvestmentDecision.AVOID,0,0,"{'fundamental_score': 5.0, 'technical_score': 0, 'confidence': 0}"
ELGIEQUIP.NS,603.0,InvestmentDecision.AVOID,0,0,"{'fundamental_score': 6.7, 'technical_score': 0, 'confidence': 0}"
NATCOPHARM.NS,828.5499877929688,InvestmentDecision.AVOID,0,0,"{'fundamental_score': 8.2, 'technical_score': 0, 'confidence': 0}"
CHOICEIN.NS,751.0499877929688,InvestmentDecision.AVOID,0,0,"{'fundamental_score': 7.4, 'technical_score': 0, 'confidence': 0}"
VGUARD.NS,304.3500061035156,InvestmentDecision.AVOID,0,0,"{'fundamental_score': 6.7, 'technical_score': 0, 'confidence': 0}"
APTUS.NS,244.60000610351562,InvestmentDecision.AVOID,0,0,"{'fundamental_score': 5.9, 'technical_score': 0, 'confidence': 0}"
SIGNATURE.NS,788.8499755859375,InvestmentDecision.AVOID,0,0,"{'fundamental_score': 6.7, 'technical_score': 0, 'confidence': 0}"
CIEINDIA.NS,383.3500061035156,InvestmentDecision.AVOID,0,0,"{'fundamental_score': 5.500000000000001, 'technical_score': 0, 'confidence': 0}"
TECHNOE.NS,1006.2000122070312,InvestmentDecision.AVOID,0,0,"{'fundamental_score': 7.6, 'technical_score': 0, 'confidence': 0}"
WHIRLPOOL.NS,918.9000244140625,InvestmentDecision.AVOID,0,0,"{'fundamental_score': 5.9, 'technical_score': 0, 'confidence': 0}"
JMFINANCIL.NS,127.68000030517578,InvestmentDecision.AVOID,0,0,"{'fundamental_score': 6.5, 'technical_score': 0, 'confidence': 0}"
GPIL.NS,229.4199981689453,InvestmentDecision.AVOID,0,0,"{'fundamental_score': 7.6, 'technical_score': 0, 'confidence': 0}"
AFCONS.NS,251.64999389648438,InvestmentDecision.AVOID,0,0,"{'fundamental_score': 6.25, 'technical_score': 0, 'confidence': 0}"
ABDL.NS,723.4500122070312,InvestmentDecision.AVOID,0,0,"{'fundamental_score': 5.45, 'technical_score': 0, 'confidence': 0}"
CAPLIPOINT.NS,2835.10009765625,InvestmentDecision.AVOID,0,0,"{'fundamental_score': 8.2, 'technical_score': 0, 'confidence': 0}"
DATAPATTNS.NS,4276.7998046875,InvestmentDecision.AVOID,0,0,"{'fundamental_score': 8.2, 'technical_score': 0, 'confidence': 0}"
IGIL.NS,323.1499938964844,InvestmentDecision.AVOID,0,0,"{'fundamental_score': 8.2, 'technical_score': 0, 'confidence': 0}"
DOMS.NS,2083.0,InvestmentDecision.AVOID,0,0,"{'fundamental_score': 6.7, 'technical_score': 0, 'confidence': 0}"
LTFOODS.NS,422.3500061035156,InvestmentDecision.AVOID,0,0,"{'fundamental_score': 5.9, 'technical_score': 0, 'confidence': 0}"
KIRLOSBROS.NS,1732.300048828125,InvestmentDecision.AVOID,0,0,"{'fundamental_score': 6.7, 'technical_score': 0, 'confidence': 0}"
AGARWALEYE.NS,500.0,InvestmentDecision.AVOID,0,0,"{'fundamental_score': 6.25, 'technical_score': 0, 'confidence': 0}"
JBMA.NS,571.0499877929688,InvestmentDecision.AVOID,0,0,"{'fundamental_score': 4.4, 'technical_score': 0, 'confidence': 0}"
RRKABEL.NS,2528.300048828125,InvestmentDecision.AVOID,0,0,"{'fundamental_score': 6.7, 'technical_score': 0, 'confidence': 0}"
GALLANTT.NS,545.0999755859375,InvestmentDecision.AVOID,0,0,"{'fundamental_score': 6.7, 'technical_score': 0, 'confidence': 0}"
IFCI.NS,70.55000305175781,InvestmentDecision.AVOID,0,0,"{'fundamental_score': 6.800000000000001, 'technical_score': 0, 'confidence': 0}"
NIVABUPA.NS,77.19000244140625,InvestmentDecision.AVOID,0,0,"{'fundamental_score': 5.500000000000001, 'technical_score': 0, 'confidence': 0}"
INDIAMART.NS,1642.0999755859375,InvestmentDecision.AVOID,0,0,"{'fundamental_score': 7.8, 'technical_score': 0, 'confidence': 0}"
GESHIP.NS,1497.199951171875,InvestmentDecision.AVOID,0,0,"{'fundamental_score': 8.2, 'technical_score': 0, 'confidence': 0}"
PARADEEP.NS,155.6999969482422,InvestmentDecision.AVOID,0,0,"{'fundamental_score': 5.8, 'technical_score': 0, 'confidence': 0}"
CEATLTD.NS,3352.199951171875,InvestmentDecision.AVOID,0,0,"{'fundamental_score': 5.45, 'technical_score': 0, 'confidence': 0}"
TRIDENT.NS,22.93000030517578,InvestmentDecision.AVOID,0,0,"{'fundamental_score': 5.9, 'technical_score': 0, 'confidence': 0}"
RAINBOW.NS,1374.199951171875,InvestmentDecision.AVOID,0,0,"{'fundamental_score': 7.45, 'technical_score': 0, 'confidence': 0}"
INTELLECT.NS,631.5499877929688,InvestmentDecision.AVOID,0,0,"{'fundamental_score': 6.7, 'technical_score': 0, 'confidence': 0}"
SYRMA.NS,1746.4000244140625,InvestmentDecision.AVOID,0,0,"{'fundamental_score': 6.7, 'technical_score': 0, 'confidence': 0}"
FINEORG.NS,5083.0,InvestmentDecision.AVOID,0,0,"{'fundamental_score': 7.9, 'technical_score': 0, 'confidence': 0}"
NUVOCO.NS,325.8500061035156,InvestmentDecision.AVOID,0,0,"{'fundamental_score': 6.7, 'technical_score': 0, 'confidence': 0}"
BATAINDIA.NS,629.7999877929688,InvestmentDecision.AVOID,0,0,"{'fundamental_score': 5.45, 'technical_score': 0, 'confidence': 0}"
SWANCORP.NS,294.8500061035156,InvestmentDecision.AVOID,0,0,"{'fundamental_score': 6.7, 'technical_score': 0, 'confidence': 0}"
KIRLOSENG.NS,2137.199951171875,InvestmentDecision.AVOID,0,0,"{'fundamental_score': 5.2, 'technical_score': 0, 'confidence': 0}"
BLS.NS,221.22000122070312,InvestmentDecision.AVOID,0,0,"{'fundamental_score': 8.2, 'technical_score': 0, 'confidence': 0}"
AARTIIND.NS,489.25,InvestmentDecision.AVOID,0,0,"{'fundamental_score': 6.25, 'technical_score': 0, 'confidence': 0}"
THELEELA.NS,546.1500244140625,InvestmentDecision.AVOID,0,0,"{'fundamental_score': 7.4, 'technical_score': 0, 'confidence': 0}"
EMMVEE.NS,315.54998779296875,InvestmentDecision.AVOID,0,0,"{'fundamental_score': 8.2, 'technical_score': 0, 'confidence': 0}"
SPLPETRO.NS,880.0,InvestmentDecision.AVOID,0,0,"{'fundamental_score': 6.7, 'technical_score': 0, 'confidence': 0}"
BLUEDART.NS,4749.60009765625,InvestmentDecision.AVOID,0,0,"{'fundamental_score': 6.25, 'technical_score': 0, 'confidence': 0}"
ZYDUSWELL.NS,520.5999755859375,InvestmentDecision.AVOID,0,0,"{'fundamental_score': 5.45, 'technical_score': 0, 'confidence': 0}"
KSB.NS,819.0999755859375,InvestmentDecision.AVOID,0,0,"{'fundamental_score': 6.7, 'technical_score': 0, 'confidence': 0}"
PCBL.NS,332.54998779296875,InvestmentDecision.AVOID,0,0,"{'fundamental_score': 5.8, 'technical_score': 0, 'confidence': 0}"
JWL.NS,222.22999572753906,InvestmentDecision.AVOID,0,0,"{'fundamental_score': 6.7, 'technical_score': 0, 'confidence': 0}"
CEMPRO.NS,1257.199951171875,InvestmentDecision.AVOID,0,0,"{'fundamental_score': 6.7, 'technical_score': 0, 'confidence': 0}"
ZENTEC.NS,1642.800048828125,InvestmentDecision.AVOID,0,0,"{'fundamental_score': 8.2, 'technical_score': 0, 'confidence': 0}"
JAINREC.NS,281.75,InvestmentDecision.AVOID,0,0,"{'fundamental_score': 6.25, 'technical_score': 0, 'confidence': 0}"
GODREJAGRO.NS,642.5,InvestmentDecision.AVOID,0,0,"{'fundamental_score': 5.45, 'technical_score': 0, 'confidence': 0}"
IEX.NS,111.3499984741211,InvestmentDecision.AVOID,0,0,"{'fundamental_score': 7.4, 'technical_score': 0, 'confidence': 0}"
BBTC.NS,1435.199951171875,InvestmentDecision.AVOID,0,0,"{'fundamental_score': 5.9, 'technical_score': 0, 'confidence': 0}"
CYIENT.NS,1082.300048828125,InvestmentDecision.AVOID,0,0,"{'fundamental_score': 6.7, 'technical_score': 0, 'confidence': 0}"
INDGN.NS,613.2999877929688,InvestmentDecision.AVOID,0,0,"{'fundamental_score': 6.7, 'technical_score': 0, 'confidence': 0}"
AAVAS.NS,1267.699951171875,InvestmentDecision.AVOID,0,0,"{'fundamental_score': 5.9, 'technical_score': 0, 'confidence': 0}"
MINDACORP.NS,678.8499755859375,InvestmentDecision.AVOID,0,0,"{'fundamental_score': 5.45, 'technical_score': 0, 'confidence': 0}"
BELRISE.NS,248.6199951171875,InvestmentDecision.AVOID,0,0,"{'fundamental_score': 5.9, 'technical_score': 0, 'confidence': 0}"
CELLO.NS,332.6000061035156,InvestmentDecision.AVOID,0,0,"{'fundamental_score': 6.800000000000001, 'technical_score': 0, 'confidence': 0}"
JPPOWER.NS,15.520000457763672,InvestmentDecision.AVOID,0,0,"{'fundamental_score': 6.7, 'technical_score': 0, 'confidence': 0}"
TARIL.NS,270.45001220703125,InvestmentDecision.AVOID,0,0,"{'fundamental_score': 6.7, 'technical_score': 0, 'confidence': 0}"
NEWGEN.NS,474.3999938964844,InvestmentDecision.AVOID,0,0,"{'fundamental_score': 8.2, 'technical_score': 0, 'confidence': 0}"
ANURAS.NS,1192.4000244140625,InvestmentDecision.AVOID,0,0,"{'fundamental_score': 6.7, 'technical_score': 0, 'confidence': 0}"
GRANULES.NS,868.6500244140625,InvestmentDecision.AVOID,0,0,"{'fundamental_score': 6.7, 'technical_score': 0, 'confidence': 0}"
GRAVITA.NS,1495.4000244140625,InvestmentDecision.AVOID,0,0,"{'fundamental_score': 6.7, 'technical_score': 0, 'confidence': 0}"
HOMEFIRST.NS,1123.0999755859375,InvestmentDecision.AVOID,0,0,"{'fundamental_score': 5.9, 'technical_score': 0, 'confidence': 0}"
MGL.NS,1071.300048828125,InvestmentDecision.AVOID,0,0,"{'fundamental_score': 6.7, 'technical_score': 0, 'confidence': 0}"
USHAMART.NS,518.7999877929688,InvestmentDecision.AVOID,0,0,"{'fundamental_score': 7.6, 'technical_score': 0, 'confidence': 0}"
LEMONTREE.NS,103.81999969482422,InvestmentDecision.AVOID,0,0,"{'fundamental_score': 6.65, 'technical_score': 0, 'confidence': 0}"
TEGA.NS,2011.5,InvestmentDecision.AVOID,0,0,"{'fundamental_score': 6.7, 'technical_score': 0, 'confidence': 0}"
VTL.NS,554.0,InvestmentDecision.AVOID,0,0,"{'fundamental_score': 5.9, 'technical_score': 0, 'confidence': 0}"
NCC.NS,132.82000732421875,InvestmentDecision.AVOID,0,0,"{'fundamental_score': 6.25, 'technical_score': 0, 'confidence': 0}"
FINCABLES.NS,1460.9000244140625,InvestmentDecision.AVOID,0,0,"{'fundamental_score': 6.7, 'technical_score': 0, 'confidence': 0}"
SKFINDUS.NS,2918.0,InvestmentDecision.AVOID,0,0,"{'fundamental_score': 6.7, 'technical_score': 0, 'confidence': 0}"
ACE.NS,1226.5999755859375,InvestmentDecision.AVOID,0,0,"{'fundamental_score': 7.6, 'technical_score': 0, 'confidence': 0}"
ELECON.NS,480.75,InvestmentDecision.AVOID,0,0,"{'fundamental_score': 6.7, 'technical_score': 0, 'confidence': 0}"
EMBDL.NS,56.029998779296875,InvestmentDecision.AVOID,0,0,"{'fundamental_score': 6.25, 'technical_score': 0, 'confidence': 0}"
JINDALSAW.NS,276.1499938964844,InvestmentDecision.AVOID,0,0,"{'fundamental_score': 6.7, 'technical_score': 0, 'confidence': 0}"
WELSPUNLIV.NS,227.9499969482422,InvestmentDecision.AVOID,0,0,"{'fundamental_score': 5.9, 'technical_score': 0, 'confidence': 0}"
NSLNISP.NS,41.779998779296875,InvestmentDecision.AVOID,0,0,"{'fundamental_score': 6.7, 'technical_score': 0, 'confidence': 0}"
ACUTAAS.NS,3272.5,InvestmentDecision.AVOID,0,0,"{'fundamental_score': 8.2, 'technical_score': 0, 'confidence': 0}"
RITES.NS,196.11000061035156,InvestmentDecision.AVOID,0,0,"{'fundamental_score': 7.9, 'technical_score': 0, 'confidence': 0}"
CCL.NS,1044.4000244140625,InvestmentDecision.AVOID,0,0,"{'fundamental_score': 5.45, 'technical_score': 0, 'confidence': 0}"
FINPIPE.NS,154.16000366210938,InvestmentDecision.AVOID,0,0,"{'fundamental_score': 7.9, 'technical_score': 0, 'confidence': 0}"
SAMMAANCAP.NS,138.82000732421875,InvestmentDecision.AVOID,0,0,"{'fundamental_score': 4.4, 'technical_score': 0, 'confidence': 0}"
INGERRAND.NS,4233.60009765625,InvestmentDecision.AVOID,0,0,"{'fundamental_score': 8.2, 'technical_score': 0, 'confidence': 0}"
INDIACEM.NS,323.1000061035156,InvestmentDecision.AVOID,0,0,"{'fundamental_score': 6.7, 'technical_score': 0, 'confidence': 0}"
BLUEJET.NS,557.2999877929688,InvestmentDecision.AVOID,0,0,"{'fundamental_score': 8.2, 'technical_score': 0, 'confidence': 0}"
CARTRADE.NS,3002.60009765625,InvestmentDecision.AVOID,0,0,"{'fundamental_score': 7.4, 'technical_score': 0, 'confidence': 0}"
CHENNPETRO.NS,1408.0999755859375,InvestmentDecision.AVOID,0,0,"{'fundamental_score': 5.9, 'technical_score': 0, 'confidence': 0}"
TSFINV.NS,456.8500061035156,InvestmentDecision.AVOID,0,0,"{'fundamental_score': 7.4, 'technical_score': 0, 'confidence': 0}"
SBFC.NS,88.86000061035156,InvestmentDecision.AVOID,0,0,"{'fundamental_score': 5.9, 'technical_score': 0, 'confidence': 0}"
CANHLIFE.NS,150.6999969482422,InvestmentDecision.AVOID,0,0,"{'fundamental_score': 4.300000000000001, 'technical_score': 0, 'confidence': 0}"
RAILTEL.NS,256.1499938964844,InvestmentDecision.AVOID,0,0,"{'fundamental_score': 6.7, 'technical_score': 0, 'confidence': 0}"
CLEAN.NS,781.7000122070312,InvestmentDecision.AVOID,0,0,"{'fundamental_score': 8.2, 'technical_score': 0, 'confidence': 0}"
TITAGARH.NS,818.6500244140625,InvestmentDecision.AVOID,0,0,"{'fundamental_score': 6.7, 'technical_score': 0, 'confidence': 0}"
JYOTHYLAB.NS,191.07000732421875,InvestmentDecision.AVOID,0,0,"{'fundamental_score': 5.9, 'technical_score': 0, 'confidence': 0}"
SHRIPISTON.NS,4746.7998046875,InvestmentDecision.AVOID,0,0,"{'fundamental_score': 5.45, 'technical_score': 0, 'confidence': 0}"
ALIVUS.NS,1365.5999755859375,InvestmentDecision.AVOID,0,0,"{'fundamental_score': 8.2, 'technical_score': 0, 'confidence': 0}"
ENGINERSIN.NS,313.8999938964844,InvestmentDecision.AVOID,0,0,"{'fundamental_score': 8.2, 'technical_score': 0, 'confidence': 0}"
J&KBANK.NS,146.10000610351562,InvestmentDecision.AVOID,0,0,"{'fundamental_score': 7.000000000000001, 'technical_score': 0, 'confidence': 0}"
OLECTRA.NS,1173.800048828125,InvestmentDecision.AVOID,0,0,"{'fundamental_score': 6.7, 'technical_score': 0, 'confidence': 0}"
GRINFRA.NS,799.2999877929688,InvestmentDecision.AVOID,0,0,"{'fundamental_score': 6.25, 'technical_score': 0, 'confidence': 0}"
JUBLINGREA.NS,656.0999755859375,InvestmentDecision.AVOID,0,0,"{'fundamental_score': 6.7, 'technical_score': 0, 'confidence': 0}"
SANOFI.NS,3140.199951171875,InvestmentDecision.AVOID,0,0,"{'fundamental_score': 8.4, 'technical_score': 0, 'confidence': 0}"
SANOFICONR.NS,3945.300048828125,InvestmentDecision.AVOID,0,0,"{'fundamental_score': 8.7, 'technical_score': 0, 'confidence': 0}"
EUREKAFORB.NS,370.8500061035156,InvestmentDecision.AVOID,0,0,"{'fundamental_score': 5.9, 'technical_score': 0, 'confidence': 0}"
WAAREERTL.NS,826.0499877929688,InvestmentDecision.AVOID,0,0,"{'fundamental_score': 7.6, 'technical_score': 0, 'confidence': 0}"
RELAXO.NS,290.75,InvestmentDecision.AVOID,0,0,"{'fundamental_score': 5.9, 'technical_score': 0, 'confidence': 0}"
PRUDENT.NS,3097.89990234375,InvestmentDecision.AVOID,0,0,"{'fundamental_score': 7.1000000000000005, 'technical_score': 0, 'confidence': 0}"
VIKRAMSOLR.NS,160.30999755859375,InvestmentDecision.AVOID,0,0,"{'fundamental_score': 6.7, 'technical_score': 0, 'confidence': 0}"
TTML.NS,36.189998626708984,InvestmentDecision.AVOID,0,0,"{'fundamental_score': 6.7, 'technical_score': 0, 'confidence': 0}"
CANFINHOME.NS,753.25,InvestmentDecision.AVOID,0,0,"{'fundamental_score': 5.9, 'technical_score': 0, 'confidence': 0}"
BSOFT.NS,271.25,InvestmentDecision.AVOID,0,0,"{'fundamental_score': 6.7, 'technical_score': 0, 'confidence': 0}"
GRAPHITE.NS,820.7000122070312,InvestmentDecision.AVOID,0,0,"{'fundamental_score': 6.7, 'technical_score': 0, 'confidence': 0}"
JKTYRE.NS,337.79998779296875,InvestmentDecision.AVOID,0,0,"{'fundamental_score': 5.45, 'technical_score': 0, 'confidence': 0}"
BLACKBUCK.NS,598.9500122070312,InvestmentDecision.AVOID,0,0,"{'fundamental_score': 8.2, 'technical_score': 0, 'confidence': 0}"
ZEEL.NS,76.5,InvestmentDecision.AVOID,0,0,"{'fundamental_score': 6.7, 'technical_score': 0, 'confidence': 0}"
SAFARI.NS,1453.199951171875,InvestmentDecision.AVOID,0,0,"{'fundamental_score': 5.9, 'technical_score': 0, 'confidence': 0}"
INOXINDIA.NS,2051.10009765625,InvestmentDecision.AVOID,0,0,"{'fundamental_score': 7.9, 'technical_score': 0, 'confidence': 0}"
HFCL.NS,205.9199981689453,InvestmentDecision.AVOID,0,0,"{'fundamental_score': 6.7, 'technical_score': 0, 'confidence': 0}"
RUBICON.NS,1592.800048828125,InvestmentDecision.AVOID,0,0,"{'fundamental_score': 7.6, 'technical_score': 0, 'confidence': 0}"
PVRINOX.NS,1254.5999755859375,InvestmentDecision.AVOID,0,0,"{'fundamental_score': 6.25, 'technical_score': 0, 'confidence': 0}"
SCI.NS,272.04998779296875,InvestmentDecision.AVOID,0,0,"{'fundamental_score': 8.2, 'technical_score': 0, 'confidence': 0}"
JKLAKSHMI.NS,494.79998779296875,InvestmentDecision.AVOID,0,0,"{'fundamental_score': 6.25, 'technical_score': 0, 'confidence': 0}"
VIJAYA.NS,1501.4000244140625,InvestmentDecision.AVOID,0,0,"{'fundamental_score': 8.2, 'technical_score': 0, 'confidence': 0}"
PRIVISCL.NS,3594.10009765625,InvestmentDecision.AVOID,0,0,"{'fundamental_score': 7.15, 'technical_score': 0, 'confidence': 0}"
SONATSOFTW.NS,274.04998779296875,InvestmentDecision.AVOID,0,0,"{'fundamental_score': 6.7, 'technical_score': 0, 'confidence': 0}"
AETHER.NS,1739.199951171875,InvestmentDecision.AVOID,0,0,"{'fundamental_score': 8.2, 'technical_score': 0, 'confidence': 0}"
AZAD.NS,2723.199951171875,InvestmentDecision.AVOID,0,0,"{'fundamental_score': 8.2, 'technical_score': 0, 'confidence': 0}"
EDELWEISS.NS,136.8300018310547,InvestmentDecision.AVOID,0,0,"{'fundamental_score': 4.4, 'technical_score': 0, 'confidence': 0}"
NAZARA.NS,376.45001220703125,InvestmentDecision.AVOID,0,0,"{'fundamental_score': 6.7, 'technical_score': 0, 'confidence': 0}"
METROPOLIS.NS,582.5999755859375,InvestmentDecision.AVOID,0,0,"{'fundamental_score': 6.7, 'technical_score': 0, 'confidence': 0}"
IXIGO.NS,156.8000030517578,InvestmentDecision.AVOID,0,0,"{'fundamental_score': 5.9, 'technical_score': 0, 'confidence': 0}"
BALRAMCHIN.NS,685.7999877929688,InvestmentDecision.AVOID,0,0,"{'fundamental_score': 5.45, 'technical_score': 0, 'confidence': 0}"
VESUVIUS.NS,385.3999938964844,InvestmentDecision.AVOID,0,0,"{'fundamental_score': 7.6, 'technical_score': 0, 'confidence': 0}"
WESTLIFE.NS,578.0999755859375,InvestmentDecision.AVOID,0,0,"{'fundamental_score': 4.4, 'technical_score': 0, 'confidence': 0}"
RKFORGE.NS,704.5,InvestmentDecision.AVOID,0,0,"{'fundamental_score': 6.25, 'technical_score': 0, 'confidence': 0}"
STARCEMENT.NS,186.61000061035156,InvestmentDecision.AVOID,0,0,"{'fundamental_score': 6.7, 'technical_score': 0, 'confidence': 0}"
GENUSPOWER.NS,294.04998779296875,InvestmentDecision.AVOID,0,0,"{'fundamental_score': 6.699999999999999, 'technical_score': 0, 'confidence': 0}"
RELINFRA.NS,45.20000076293945,InvestmentDecision.AVOID,0,0,"{'fundamental_score': 7.9, 'technical_score': 0, 'confidence': 0}"
HEG.NS,240.0,InvestmentDecision.AVOID,0,0,"{'fundamental_score': 7.6, 'technical_score': 0, 'confidence': 0}"
PGHL.NS,5406.0,InvestmentDecision.AVOID,0,0,"{'fundamental_score': 8.2, 'technical_score': 0, 'confidence': 0}"
ALKYLAMINE.NS,1799.800048828125,InvestmentDecision.AVOID,0,0,"{'fundamental_score': 7.6, 'technical_score': 0, 'confidence': 0}"
TEJASNET.NS,491.1000061035156,InvestmentDecision.AVOID,0,0,"{'fundamental_score': 5.8, 'technical_score': 0, 'confidence': 0}"
SHAILY.NS,3142.300048828125,InvestmentDecision.AVOID,0,0,"{'fundamental_score': 7.9, 'technical_score': 0, 'confidence': 0}"
TIMETECHNO.NS,181.22000122070312,InvestmentDecision.AVOID,0,0,"{'fundamental_score': 5.9, 'technical_score': 0, 'confidence': 0}"
BANCOINDIA.NS,599.8499755859375,InvestmentDecision.AVOID,0,0,"{'fundamental_score': 6.800000000000001, 'technical_score': 0, 'confidence': 0}"
AVANTIFEED.NS,753.1500244140625,InvestmentDecision.AVOID,0,0,"{'fundamental_score': 5.9, 'technical_score': 0, 'confidence': 0}"
IIFLCAPS.NS,346.70001220703125,InvestmentDecision.AVOID,0,0,"{'fundamental_score': 6.95, 'technical_score': 0, 'confidence': 0}"
ASKAUTOLTD.NS,645.1500244140625,InvestmentDecision.AVOID,0,0,"{'fundamental_score': 5.45, 'technical_score': 0, 'confidence': 0}"
MEDPLUS.NS,653.0,InvestmentDecision.AVOID,0,0,"{'fundamental_score': 6.25, 'technical_score': 0, 'confidence': 0}"
SHAKTIPUMP.NS,466.8999938964844,InvestmentDecision.AVOID,0,0,"{'fundamental_score': 6.7, 'technical_score': 0, 'confidence': 0}"
ABFRL.NS,47.59000015258789,InvestmentDecision.AVOID,0,0,"{'fundamental_score': 5.45, 'technical_score': 0, 'confidence': 0}"
MMTC.NS,56.400001525878906,InvestmentDecision.AVOID,0,0,"{'fundamental_score': 8.2, 'technical_score': 0, 'confidence': 0}"
SUDARSCHEM.NS,1199.5999755859375,InvestmentDecision.AVOID,0,0,"{'fundamental_score': 6.25, 'technical_score': 0, 'confidence': 0}"
RHIM.NS,386.6000061035156,InvestmentDecision.AVOID,0,0,"{'fundamental_score': 6.7, 'technical_score': 0, 'confidence': 0}"
AEQUS.NS,260.1000061035156,InvestmentDecision.AVOID,0,0,"{'fundamental_score': 6.7, 'technical_score': 0, 'confidence': 0}"
JLHL.NS,265.6499938964844,InvestmentDecision.AVOID,0,0,"{'fundamental_score': 7.6, 'technical_score': 0, 'confidence': 0}"
INDIASHLTR.NS,654.2999877929688,InvestmentDecision.AVOID,0,0,"{'fundamental_score': 5.9, 'technical_score': 0, 'confidence': 0}"
ASTRAMICRO.NS,1622.4000244140625,InvestmentDecision.AVOID,0,0,"{'fundamental_score': 7.9, 'technical_score': 0, 'confidence': 0}"
TDPOWERSYS.NS,722.0,InvestmentDecision.AVOID,0,0,"{'fundamental_score': 7.6, 'technical_score': 0, 'confidence': 0}"
KPIGREEN.NS,339.75,InvestmentDecision.AVOID,0,0,"{'fundamental_score': 6.4, 'technical_score': 0, 'confidence': 0}"
TRANSRAILL.NS,469.25,InvestmentDecision.AVOID,0,0,"{'fundamental_score': 6.7, 'technical_score': 0, 'confidence': 0}"
BIRLACORPN.NS,850.2999877929688,InvestmentDecision.AVOID,0,0,"{'fundamental_score': 6.7, 'technical_score': 0, 'confidence': 0}"
SAPPHIRE.NS,223.61000061035156,InvestmentDecision.AVOID,0,0,"{'fundamental_score': 5.0, 'technical_score': 0, 'confidence': 0}"
MAPMYINDIA.NS,866.0999755859375,InvestmentDecision.AVOID,0,0,"{'fundamental_score': 8.2, 'technical_score': 0, 'confidence': 0}"
UJJIVANSFB.NS,63.09000015258789,InvestmentDecision.AVOID,0,0,"{'fundamental_score': 7.4, 'technical_score': 0, 'confidence': 0}"
HCG.NS,698.6500244140625,InvestmentDecision.AVOID,0,0,"{'fundamental_score': 5.8, 'technical_score': 0, 'confidence': 0}"
NESCO.NS,1086.4000244140625,InvestmentDecision.AVOID,0,0,"{'fundamental_score': 8.2, 'technical_score': 0, 'confidence': 0}"
HAPPYFORGE.NS,2063.5,InvestmentDecision.AVOID,0,0,"{'fundamental_score': 8.2, 'technical_score': 0, 'confidence': 0}"
HONASA.NS,465.5,InvestmentDecision.AVOID,0,0,"{'fundamental_score': 5.9, 'technical_score': 0, 'confidence': 0}"
KRBL.NS,382.95001220703125,InvestmentDecision.AVOID,0,0,"{'fundamental_score': 6.800000000000001, 'technical_score': 0, 'confidence': 0}"
VARROC.NS,834.8499755859375,InvestmentDecision.AVOID,0,0,"{'fundamental_score': 5.45, 'technical_score': 0, 'confidence': 0}"
SANSERA.NS,4662.39990234375,InvestmentDecision.AVOID,0,0,"{'fundamental_score': 5.9, 'technical_score': 0, 'confidence': 0}"
LATENTVIEW.NS,243.75,InvestmentDecision.AVOID,0,0,"{'fundamental_score': 7.9, 'technical_score': 0, 'confidence': 0}"
BLUESTONE.NS,786.2000122070312,InvestmentDecision.AVOID,0,0,"{'fundamental_score': 5.0, 'technical_score': 0, 'confidence': 0}"
WABAG.NS,1977.199951171875,InvestmentDecision.AVOID,0,0,"{'fundamental_score': 6.7, 'technical_score': 0, 'confidence': 0}"
LLOYDSENT.NS,79.66999816894531,InvestmentDecision.AVOID,0,0,"{'fundamental_score': 6.7, 'technical_score': 0, 'confidence': 0}"
TI.NS,581.7000122070312,InvestmentDecision.AVOID,0,0,"{'fundamental_score': 5.45, 'technical_score': 0, 'confidence': 0}"
ALOKINDS.NS,7.21999979019165,InvestmentDecision.AVOID,0,0,"{'fundamental_score': 5.9, 'technical_score': 0, 'confidence': 0}"
SANDUMA.NS,184.7899932861328,InvestmentDecision.AVOID,0,0,"{'fundamental_score': 7.6, 'technical_score': 0, 'confidence': 0}"
TTKPRESTIG.NS,524.4000244140625,InvestmentDecision.AVOID,0,0,"{'fundamental_score': 5.9, 'technical_score': 0, 'confidence': 0}"
DBREALTY.NS,100.08000183105469,InvestmentDecision.AVOID,0,0,"{'fundamental_score': 6.7, 'technical_score': 0, 'confidence': 0}"
MARKSANS.NS,331.54998779296875,InvestmentDecision.AVOID,0,0,"{'fundamental_score': 7.9, 'technical_score': 0, 'confidence': 0}"
TCI.NS,864.8499755859375,InvestmentDecision.AVOID,0,0,"{'fundamental_score': 6.7, 'technical_score': 0, 'confidence': 0}"
BBOX.NS,799.75,InvestmentDecision.AVOID,0,0,"{'fundamental_score': 6.25, 'technical_score': 0, 'confidence': 0}"
POWERMECH.NS,2407.300048828125,InvestmentDecision.AVOID,0,0,"{'fundamental_score': 6.7, 'technical_score': 0, 'confidence': 0}"
ORKLAINDIA.NS,555.9500122070312,InvestmentDecision.AVOID,0,0,"{'fundamental_score': 5.9, 'technical_score': 0, 'confidence': 0}"
SOUTHBANK.NS,48.63999938964844,InvestmentDecision.AVOID,0,0,"{'fundamental_score': 7.000000000000001, 'technical_score': 0, 'confidence': 0}"
LOTUSDEV.NS,208.0500030517578,InvestmentDecision.AVOID,0,0,"{'fundamental_score': 8.2, 'technical_score': 0, 'confidence': 0}"
JAIBALAJI.NS,64.95999908447266,InvestmentDecision.AVOID,0,0,"{'fundamental_score': 6.7, 'technical_score': 0, 'confidence': 0}"
SAREGAMA.NS,496.8999938964844,InvestmentDecision.AVOID,0,0,"{'fundamental_score': 8.2, 'technical_score': 0, 'confidence': 0}"
JSLL.NS,508.25,InvestmentDecision.AVOID,0,0,"{'fundamental_score': 8.2, 'technical_score': 0, 'confidence': 0}"
PCJEWELLER.NS,13.520000457763672,InvestmentDecision.AVOID,0,0,"{'fundamental_score': 7.4, 'technical_score': 0, 'confidence': 0}"
LUMAXTECH.NS,2026.800048828125,InvestmentDecision.AVOID,0,0,"{'fundamental_score': 5.45, 'technical_score': 0, 'confidence': 0}"
TANLA.NS,497.29998779296875,InvestmentDecision.AVOID,0,0,"{'fundamental_score': 6.7, 'technical_score': 0, 'confidence': 0}"
MANORAMA.NS,1865.0999755859375,InvestmentDecision.AVOID,0,0,"{'fundamental_score': 6.65, 'technical_score': 0, 'confidence': 0}"
ARVIND.NS,543.5999755859375,InvestmentDecision.AVOID,0,0,"{'fundamental_score': 5.9, 'technical_score': 0, 'confidence': 0}"
APOLLO.NS,408.29998779296875,InvestmentDecision.AVOID,0,0,"{'fundamental_score': 6.7, 'technical_score': 0, 'confidence': 0}"
PNGJL.NS,605.5,InvestmentDecision.AVOID,0,0,"{'fundamental_score': 5.45, 'technical_score': 0, 'confidence': 0}"
MAHSEAMLES.NS,715.6500244140625,InvestmentDecision.AVOID,0,0,"{'fundamental_score': 7.9, 'technical_score': 0, 'confidence': 0}"
HAPPSTMNDS.NS,307.1499938964844,InvestmentDecision.AVOID,0,0,"{'fundamental_score': 5.75, 'technical_score': 0, 'confidence': 0}"
CAMPUS.NS,211.0399932861328,InvestmentDecision.AVOID,0,0,"{'fundamental_score': 5.9, 'technical_score': 0, 'confidence': 0}"
RELIGARE.NS,234.32000732421875,InvestmentDecision.AVOID,0,0,"{'fundamental_score': 5.9, 'technical_score': 0, 'confidence': 0}"
GMRP&UI.NS,102.68000030517578,InvestmentDecision.AVOID,0,0,"{'fundamental_score': 4.4, 'technical_score': 0, 'confidence': 0}"
BECTORFOOD.NS,215.5800018310547,InvestmentDecision.AVOID,0,0,"{'fundamental_score': 5.9, 'technical_score': 0, 'confidence': 0}"
WEWORK.NS,652.5499877929688,InvestmentDecision.AVOID,0,0,"{'fundamental_score': 5.2, 'technical_score': 0, 'confidence': 0}"
RCF.NS,109.94999694824219,InvestmentDecision.AVOID,0,0,"{'fundamental_score': 6.25, 'technical_score': 0, 'confidence': 0}"
ESABINDIA.NS,5527.0,InvestmentDecision.AVOID,0,0,"{'fundamental_score': 7.6, 'technical_score': 0, 'confidence': 0}"
VOLTAMP.NS,10513.0,InvestmentDecision.AVOID,0,0,"{'fundamental_score': 7.6, 'technical_score': 0, 'confidence': 0}"
STAR.NS,1184.9000244140625,InvestmentDecision.AVOID,0,0,"{'fundamental_score': 7.15, 'technical_score': 0, 'confidence': 0}"
GALAXYSURF.NS,2261.300048828125,InvestmentDecision.AVOID,0,0,"{'fundamental_score': 6.7, 'technical_score': 0, 'confidence': 0}"
MAHLIFE.NS,356.8500061035156,InvestmentDecision.AVOID,0,0,"{'fundamental_score': 7.4, 'technical_score': 0, 'confidence': 0}"
GPPL.NS,163.1999969482422,InvestmentDecision.AVOID,0,0,"{'fundamental_score': 8.2, 'technical_score': 0, 'confidence': 0}"
SHARDACROP.NS,729.0999755859375,InvestmentDecision.AVOID,0,0,"{'fundamental_score': 6.7, 'technical_score': 0, 'confidence': 0}"
OSWALPUMPS.NS,268.54998779296875,InvestmentDecision.AVOID,0,0,"{'fundamental_score': 7.9, 'technical_score': 0, 'confidence': 0}"
DODLA.NS,1008.7000122070312,InvestmentDecision.AVOID,0,0,"{'fundamental_score': 5.9, 'technical_score': 0, 'confidence': 0}"
NETWORK18.NS,25.979999542236328,InvestmentDecision.AVOID,0,0,"{'fundamental_score': 6.25, 'technical_score': 0, 'confidence': 0}"
DIACABS.NS,354.5,InvestmentDecision.AVOID,0,0,"{'fundamental_score': 6.7, 'technical_score': 0, 'confidence': 0}"
GRWRHITECH.NS,6640.0,InvestmentDecision.AVOID,0,0,"{'fundamental_score': 7.9, 'technical_score': 0, 'confidence': 0}"
CERA.NS,5196.0,InvestmentDecision.AVOID,0,0,"{'fundamental_score': 6.7, 'technical_score': 0, 'confidence': 0}"
KIRLPNU.NS,691.9500122070312,InvestmentDecision.AVOID,0,0,"{'fundamental_score': 7.6, 'technical_score': 0, 'confidence': 0}"
BORORENEW.NS,455.1499938964844,InvestmentDecision.AVOID,0,0,"{'fundamental_score': 8.2, 'technical_score': 0, 'confidence': 0}"
KALPATARU.NS,281.8500061035156,InvestmentDecision.AVOID,0,0,"{'fundamental_score': 5.2, 'technical_score': 0, 'confidence': 0}"
TRIVENI.NS,247.5500030517578,InvestmentDecision.AVOID,0,0,"{'fundamental_score': 5.45, 'technical_score': 0, 'confidence': 0}"
GSFC.NS,156.8000030517578,InvestmentDecision.AVOID,0,0,"{'fundamental_score': 6.7, 'technical_score': 0, 'confidence': 0}"
GARFIBRES.NS,773.5,InvestmentDecision.AVOID,0,0,"{'fundamental_score': 6.800000000000001, 'technical_score': 0, 'confidence': 0}"
ACI.NS,482.75,InvestmentDecision.AVOID,0,0,"{'fundamental_score': 6.7, 'technical_score': 0, 'confidence': 0}"
SHILPAMED.NS,1025.25,InvestmentDecision.AVOID,0,0,"{'fundamental_score': 7.9, 'technical_score': 0, 'confidence': 0}"
DBL.NS,412.45001220703125,InvestmentDecision.AVOID,0,0,"{'fundamental_score': 6.699999999999999, 'technical_score': 0, 'confidence': 0}"
MAXESTATES.NS,571.8499755859375,InvestmentDecision.AVOID,0,0,"{'fundamental_score': 6.25, 'technical_score': 0, 'confidence': 0}"
THOMASCOOK.NS,103.47000122070312,InvestmentDecision.AVOID,0,0,"{'fundamental_score': 5.9, 'technical_score': 0, 'confidence': 0}"
SUDEEPPHRM.NS,1164.9000244140625,InvestmentDecision.AVOID,0,0,"{'fundamental_score': 8.2, 'technical_score': 0, 'confidence': 0}"
AARTIPHARM.NS,914.0,InvestmentDecision.AVOID,0,0,"{'fundamental_score': 6.7, 'technical_score': 0, 'confidence': 0}"
GNFC.NS,620.6500244140625,InvestmentDecision.AVOID,0,0,"{'fundamental_score': 7.6, 'technical_score': 0, 'confidence': 0}"
THANGAMAYL.NS,5134.5,InvestmentDecision.AVOID,0,0,"{'fundamental_score': 5.45, 'technical_score': 0, 'confidence': 0}"
PRSMJOHNSN.NS,115.1500015258789,InvestmentDecision.AVOID,0,0,"{'fundamental_score': 6.25, 'technical_score': 0, 'confidence': 0}"
RUSTOMJEE.NS,366.5,InvestmentDecision.AVOID,0,0,"{'fundamental_score': 6.25, 'technical_score': 0, 'confidence': 0}"
AKUMS.NS,799.9500122070312,InvestmentDecision.AVOID,0,0,"{'fundamental_score': 6.7, 'technical_score': 0, 'confidence': 0}"
AJAXENGG.NS,607.75,InvestmentDecision.AVOID,0,0,"{'fundamental_score': 6.7, 'technical_score': 0, 'confidence': 0}"
ETHOSLTD.NS,2552.800048828125,InvestmentDecision.AVOID,0,0,"{'fundamental_score': 5.9, 'technical_score': 0, 'confidence': 0}"
PNCINFRA.NS,131.25999450683594,InvestmentDecision.AVOID,0,0,"{'fundamental_score': 7.15, 'technical_score': 0, 'confidence': 0}"
FDC.NS,341.0,InvestmentDecision.AVOID,0,0,"{'fundamental_score': 7.6, 'technical_score': 0, 'confidence': 0}"
LLOYDSENGG.NS,95.97000122070312,InvestmentDecision.AVOID,0,0,"{'fundamental_score': 7.6, 'technical_score': 0, 'confidence': 0}"
REDTAPE.NS,121.05000305175781,InvestmentDecision.AVOID,0,0,"{'fundamental_score': 5.45, 'technical_score': 0, 'confidence': 0}"
TMB.NS,861.75,InvestmentDecision.AVOID,0,0,"{'fundamental_score': 7.000000000000001, 'technical_score': 0, 'confidence': 0}"
TIPSMUSIC.NS,668.9500122070312,InvestmentDecision.AVOID,0,0,"{'fundamental_score': 8.2, 'technical_score': 0, 'confidence': 0}"
ATLANTAELE.NS,1613.300048828125,InvestmentDecision.AVOID,0,0,"{'fundamental_score': 6.7, 'technical_score': 0, 'confidence': 0}"
EPIGRAL.NS,1060.5999755859375,InvestmentDecision.AVOID,0,0,"{'fundamental_score': 6.7, 'technical_score': 0, 'confidence': 0}"
INOXGREEN.NS,170.0,InvestmentDecision.AVOID,0,0,"{'fundamental_score': 8.2, 'technical_score': 0, 'confidence': 0}"
SFL.NS,634.5999755859375,InvestmentDecision.AVOID,0,0,"{'fundamental_score': 5.9, 'technical_score': 0, 'confidence': 0}"
V2RETAIL.NS,214.72000122070312,InvestmentDecision.AVOID,0,0,"{'fundamental_score': 5.0, 'technical_score': 0, 'confidence': 0}"
MASTEK.NS,1582.800048828125,InvestmentDecision.AVOID,0,0,"{'fundamental_score': 6.7, 'technical_score': 0, 'confidence': 0}"
BALUFORGE.NS,506.79998779296875,InvestmentDecision.AVOID,0,0,"{'fundamental_score': 8.2, 'technical_score': 0, 'confidence': 0}"
MOIL.NS,242.0500030517578,InvestmentDecision.AVOID,0,0,"{'fundamental_score': 8.2, 'technical_score': 0, 'confidence': 0}"
GANESHHOU.NS,734.75,InvestmentDecision.AVOID,0,0,"{'fundamental_score': 8.2, 'technical_score': 0, 'confidence': 0}"
RTNINDIA.NS,26.959999084472656,InvestmentDecision.AVOID,0,0,"{'fundamental_score': 5.0, 'technical_score': 0, 'confidence': 0}"
PFOCUS.NS,315.20001220703125,InvestmentDecision.AVOID,0,0,"{'fundamental_score': 5.2, 'technical_score': 0, 'confidence': 0}"
WELENT.NS,754.5,InvestmentDecision.AVOID,0,0,"{'fundamental_score': 6.25, 'technical_score': 0, 'confidence': 0}"
RAYMONDLSL.NS,687.5999755859375,InvestmentDecision.AVOID,0,0,"{'fundamental_score': 5.9, 'technical_score': 0, 'confidence': 0}"
ISGEC.NS,890.5499877929688,InvestmentDecision.AVOID,0,0,"{'fundamental_score': 6.7, 'technical_score': 0, 'confidence': 0}"
PRAJIND.NS,311.95001220703125,InvestmentDecision.AVOID,0,0,"{'fundamental_score': 6.7, 'technical_score': 0, 'confidence': 0}"
RATEGAIN.NS,828.7000122070312,InvestmentDecision.AVOID,0,0,"{'fundamental_score': 6.7, 'technical_score': 0, 'confidence': 0}"
MIDHANI.NS,416.0,InvestmentDecision.AVOID,0,0,"{'fundamental_score': 6.7, 'technical_score': 0, 'confidence': 0}"
KTKBANK.NS,321.8500061035156,InvestmentDecision.AVOID,0,0,"{'fundamental_score': 7.4, 'technical_score': 0, 'confidence': 0}"
YATHARTH.NS,1121.4000244140625,InvestmentDecision.AVOID,0,0,"{'fundamental_score': 7.6, 'technical_score': 0, 'confidence': 0}"
CSBBANK.NS,323.75,InvestmentDecision.AVOID,0,0,"{'fundamental_score': 7.4, 'technical_score': 0, 'confidence': 0}"
EPL.NS,238.10000610351562,InvestmentDecision.AVOID,0,0,"{'fundamental_score': 5.9, 'technical_score': 0, 'confidence': 0}"
AURIONPRO.NS,642.5,InvestmentDecision.AVOID,0,0,"{'fundamental_score': 7.6, 'technical_score': 0, 'confidence': 0}"
JUSTDIAL.NS,672.2000122070312,InvestmentDecision.AVOID,0,0,"{'fundamental_score': 8.2, 'technical_score': 0, 'confidence': 0}"
MHRIL.NS,195.9199981689453,InvestmentDecision.AVOID,0,0,"{'fundamental_score': 4.4, 'technical_score': 0, 'confidence': 0}"
THYROCARE.NS,566.8499755859375,InvestmentDecision.AVOID,0,0,"{'fundamental_score': 8.2, 'technical_score': 0, 'confidence': 0}"
ARVINDFASN.NS,413.75,InvestmentDecision.AVOID,0,0,"{'fundamental_score': 5.0, 'technical_score': 0, 'confidence': 0}"
EQUITASBNK.NS,66.0199966430664,InvestmentDecision.AVOID,0,0,"{'fundamental_score': 5.45, 'technical_score': 0, 'confidence': 0}"
ELLEN.NS,368.5,InvestmentDecision.AVOID,0,0,"{'fundamental_score': 8.2, 'technical_score': 0, 'confidence': 0}"
CMSINFO.NS,233.1699981689453,InvestmentDecision.AVOID,0,0,"{'fundamental_score': 5.5, 'technical_score': 0, 'confidence': 0}"
PGIL.NS,1296.0999755859375,InvestmentDecision.AVOID,0,0,"{'fundamental_score': 5.45, 'technical_score': 0, 'confidence': 0}"
DHANUKA.NS,964.3499755859375,InvestmentDecision.AVOID,0,0,"{'fundamental_score': 7.6, 'technical_score': 0, 'confidence': 0}"
SYMPHONY.NS,588.7999877929688,InvestmentDecision.AVOID,0,0,"{'fundamental_score': 5.9, 'technical_score': 0, 'confidence': 0}"
QPOWER.NS,1592.699951171875,InvestmentDecision.AVOID,0,0,"{'fundamental_score': 7.6, 'technical_score': 0, 'confidence': 0}"
CUPID.NS,264.5,InvestmentDecision.AVOID,0,0,"{'fundamental_score': 7.4, 'technical_score': 0, 'confidence': 0}"
AHLUCONT.NS,585.5499877929688,InvestmentDecision.AVOID,0,0,"{'fundamental_score': 6.7, 'technical_score': 0, 'confidence': 0}"
IFBIND.NS,1225.199951171875,InvestmentDecision.AVOID,0,0,"{'fundamental_score': 5.9, 'technical_score': 0, 'confidence': 0}"
BAJAJELEC.NS,314.6499938964844,InvestmentDecision.AVOID,0,0,"{'fundamental_score': 5.0, 'technical_score': 0, 'confidence': 0}"
JKPAPER.NS,398.1499938964844,InvestmentDecision.AVOID,0,0,"{'fundamental_score': 6.7, 'technical_score': 0, 'confidence': 0}"
PRICOLLTD.NS,759.4000244140625,InvestmentDecision.AVOID,0,0,"{'fundamental_score': 5.9, 'technical_score': 0, 'confidence': 0}"
AVALON.NS,2328.5,InvestmentDecision.AVOID,0,0,"{'fundamental_score': 6.7, 'technical_score': 0, 'confidence': 0}"
SURYAROSNI.NS,220.10000610351562,InvestmentDecision.AVOID,0,0,"{'fundamental_score': 6.7, 'technical_score': 0, 'confidence': 0}"
HNDFDS.NS,612.3499755859375,InvestmentDecision.AVOID,0,0,"{'fundamental_score': 6.25, 'technical_score': 0, 'confidence': 0}"
PURVA.NS,213.8699951171875,InvestmentDecision.AVOID,0,0,"{'fundamental_score': 5.2, 'technical_score': 0, 'confidence': 0}"
UTLSOLAR.NS,422.1000061035156,InvestmentDecision.AVOID,0,0,"{'fundamental_score': 6.7, 'technical_score': 0, 'confidence': 0}"
AVL.NS,619.5,InvestmentDecision.AVOID,0,0,"{'fundamental_score': 5.45, 'technical_score': 0, 'confidence': 0}"
RTNPOWER.NS,6.860000133514404,InvestmentDecision.AVOID,0,0,"{'fundamental_score': 6.25, 'technical_score': 0, 'confidence': 0}"
RENUKA.NS,22.90999984741211,InvestmentDecision.AVOID,0,0,"{'fundamental_score': 5.9, 'technical_score': 0, 'confidence': 0}"
GREENLAM.NS,224.32000732421875,InvestmentDecision.AVOID,0,0,"{'fundamental_score': 6.25, 'technical_score': 0, 'confidence': 0}"
SUPRAJIT.NS,488.0,InvestmentDecision.AVOID,0,0,"{'fundamental_score': 5.45, 'technical_score': 0, 'confidence': 0}"
JAYNECOIND.NS,88.55000305175781,InvestmentDecision.AVOID,0,0,"{'fundamental_score': 6.25, 'technical_score': 0, 'confidence': 0}"
VMART.NS,760.0999755859375,InvestmentDecision.AVOID,0,0,"{'fundamental_score': 5.0, 'technical_score': 0, 'confidence': 0}"
IONEXCHANG.NS,420.1499938964844,InvestmentDecision.AVOID,0,0,"{'fundamental_score': 6.7, 'technical_score': 0, 'confidence': 0}"
SUNTECK.NS,283.0,InvestmentDecision.AVOID,0,0,"{'fundamental_score': 8.2, 'technical_score': 0, 'confidence': 0}"
JUNIPER.NS,216.2899932861328,InvestmentDecision.AVOID,0,0,"{'fundamental_score': 7.1000000000000005, 'technical_score': 0, 'confidence': 0}"
HGINFRA.NS,444.54998779296875,InvestmentDecision.AVOID,0,0,"{'fundamental_score': 5.2, 'technical_score': 0, 'confidence': 0}"
ICRA.NS,4377.89990234375,InvestmentDecision.AVOID,0,0,"{'fundamental_score': 7.4, 'technical_score': 0, 'confidence': 0}"
SUBROS.NS,720.9000244140625,InvestmentDecision.AVOID,0,0,"{'fundamental_score': 5.9, 'technical_score': 0, 'confidence': 0}"
AXISCADES.NS,1892.0999755859375,InvestmentDecision.AVOID,0,0,"{'fundamental_score': 6.25, 'technical_score': 0, 'confidence': 0}"
CRAMC.NS,225.39999389648438,InvestmentDecision.AVOID,0,0,"{'fundamental_score': 7.4, 'technical_score': 0, 'confidence': 0}"
RALLIS.NS,200.3800048828125,InvestmentDecision.AVOID,0,0,"{'fundamental_score': 6.7, 'technical_score': 0, 'confidence': 0}"
GOKEX.NS,689.5999755859375,InvestmentDecision.AVOID,0,0,"{'fundamental_score': 5.45, 'technical_score': 0, 'confidence': 0}"
MTARTECH.NS,7072.5,InvestmentDecision.AVOID,0,0,"{'fundamental_score': 7.6, 'technical_score': 0, 'confidence': 0}"
GULFOILLUB.NS,1110.5,InvestmentDecision.AVOID,0,0,"{'fundamental_score': 6.7, 'technical_score': 0, 'confidence': 0}"
CHEMPLASTS.NS,197.47000122070312,InvestmentDecision.AVOID,0,0,"{'fundamental_score': 5.8, 'technical_score': 0, 'confidence': 0}"
ASHAPURMIN.NS,506.5,InvestmentDecision.AVOID,0,0,"{'fundamental_score': 6.25, 'technical_score': 0, 'confidence': 0}"
SWSOLAR.NS,170.74000549316406,InvestmentDecision.AVOID,0,0,"{'fundamental_score': 5.2, 'technical_score': 0, 'confidence': 0}"
SHARDAMOTR.NS,956.3499755859375,InvestmentDecision.AVOID,0,0,"{'fundamental_score': 5.9, 'technical_score': 0, 'confidence': 0}"
PICCADIL.NS,613.0,InvestmentDecision.AVOID,0,0,"{'fundamental_score': 6.35, 'technical_score': 0, 'confidence': 0}"
INDIAGLYCO.NS,297.5,InvestmentDecision.AVOID,0,0,"{'fundamental_score': 6.25, 'technical_score': 0, 'confidence': 0}"
MANINFRA.NS,129.9499969482422,InvestmentDecision.AVOID,0,0,"{'fundamental_score': 8.2, 'technical_score': 0, 'confidence': 0}"
VIPIND.NS,296.25,InvestmentDecision.AVOID,0,0,"{'fundamental_score': 4.4, 'technical_score': 0, 'confidence': 0}"
ELECTCAST.NS,72.33999633789062,InvestmentDecision.AVOID,0,0,"{'fundamental_score': 6.7, 'technical_score': 0, 'confidence': 0}"
TIIL.NS,3003.39990234375,InvestmentDecision.AVOID,0,0,"{'fundamental_score': 6.7, 'technical_score': 0, 'confidence': 0}"
PILANIINVS.NS,4015.0,InvestmentDecision.AVOID,0,0,"{'fundamental_score': 5.9, 'technical_score': 0, 'confidence': 0}"
SMARTWORKS.NS,529.9000244140625,InvestmentDecision.AVOID,0,0,"{'fundamental_score': 5.2, 'technical_score': 0, 'confidence': 0}"
IMFA.NS,1230.4000244140625,InvestmentDecision.AVOID,0,0,"{'fundamental_score': 7.9, 'technical_score': 0, 'confidence': 0}"
SUPRIYA.NS,985.2000122070312,InvestmentDecision.AVOID,0,0,"{'fundamental_score': 8.2, 'technical_score': 0, 'confidence': 0}"
PARAS.NS,1315.0,InvestmentDecision.AVOID,0,0,"{'fundamental_score': 8.2, 'technical_score': 0, 'confidence': 0}"
GHCL.NS,419.79998779296875,InvestmentDecision.AVOID,0,0,"{'fundamental_score': 7.9, 'technical_score': 0, 'confidence': 0}"
SAATVIKGL.NS,427.45001220703125,InvestmentDecision.AVOID,0,0,"{'fundamental_score': 6.25, 'technical_score': 0, 'confidence': 0}"
EMUDHRA.NS,653.4500122070312,InvestmentDecision.AVOID,0,0,"{'fundamental_score': 7.9, 'technical_score': 0, 'confidence': 0}"
MASFIN.NS,282.75,InvestmentDecision.AVOID,0,0,"{'fundamental_score': 5.9, 'technical_score': 0, 'confidence': 0}"
TEXRAIL.NS,123.13999938964844,InvestmentDecision.AVOID,0,0,"{'fundamental_score': 6.7, 'technical_score': 0, 'confidence': 0}"
SKIPPER.NS,551.1500244140625,InvestmentDecision.AVOID,0,0,"{'fundamental_score': 6.25, 'technical_score': 0, 'confidence': 0}"
RAJESHEXPO.NS,67.44000244140625,InvestmentDecision.AVOID,0,0,"{'fundamental_score': 5.9, 'technical_score': 0, 'confidence': 0}"
STLTECH.NS,837.2000122070312,InvestmentDecision.AVOID,0,0,"{'fundamental_score': 6.25, 'technical_score': 0, 'confidence': 0}"
SENCO.NS,331.1000061035156,InvestmentDecision.AVOID,0,0,"{'fundamental_score': 5.0, 'technical_score': 0, 'confidence': 0}"
FISCHER.NS,34.290000915527344,InvestmentDecision.AVOID,0,0,"{'fundamental_score': 6.7, 'technical_score': 0, 'confidence': 0}"
STYL.NS,370.3500061035156,InvestmentDecision.AVOID,0,0,"{'fundamental_score': 7.9, 'technical_score': 0, 'confidence': 0}"
KSCL.NS,769.5,InvestmentDecision.AVOID,0,0,"{'fundamental_score': 8.2, 'technical_score': 0, 'confidence': 0}"
ICIL.NS,445.75,InvestmentDecision.AVOID,0,0,"{'fundamental_score': 5.45, 'technical_score': 0, 'confidence': 0}"
SHOPERSTOP.NS,421.79998779296875,InvestmentDecision.AVOID,0,0,"{'fundamental_score': 4.4, 'technical_score': 0, 'confidence': 0}"
INDIGOPNTS.NS,1110.0,InvestmentDecision.AVOID,0,0,"{'fundamental_score': 6.7, 'technical_score': 0, 'confidence': 0}"
FIEMIND.NS,1965.5,InvestmentDecision.AVOID,0,0,"{'fundamental_score': 5.9, 'technical_score': 0, 'confidence': 0}"
TVSSCS.NS,130.25999450683594,InvestmentDecision.AVOID,0,0,"{'fundamental_score': 5.8, 'technical_score': 0, 'confidence': 0}"
RESPONIND.NS,161.60000610351562,InvestmentDecision.AVOID,0,0,"{'fundamental_score': 5.7, 'technical_score': 0, 'confidence': 0}"
BANSALWIRE.NS,321.3999938964844,InvestmentDecision.AVOID,0,0,"{'fundamental_score': 6.7, 'technical_score': 0, 'confidence': 0}"
LXCHEM.NS,181.4199981689453,InvestmentDecision.AVOID,0,0,"{'fundamental_score': 6.7, 'technical_score': 0, 'confidence': 0}"
CRIZAC.NS,182.7899932861328,InvestmentDecision.AVOID,0,0,"{'fundamental_score': 7.4, 'technical_score': 0, 'confidence': 0}"
AGI.NS,803.3499755859375,InvestmentDecision.AVOID,0,0,"{'fundamental_score': 6.800000000000001, 'technical_score': 0, 'confidence': 0}"
CAPILLARY.NS,599.4500122070312,InvestmentDecision.AVOID,0,0,"{'fundamental_score': 6.7, 'technical_score': 0, 'confidence': 0}"
KNRCON.NS,117.38999938964844,InvestmentDecision.AVOID,0,0,"{'fundamental_score': 7.6, 'technical_score': 0, 'confidence': 0}"
UNIMECH.NS,1665.0999755859375,InvestmentDecision.AVOID,0,0,"{'fundamental_score': 8.2, 'technical_score': 0, 'confidence': 0}"
GMMPFAUDLR.NS,1505.199951171875,InvestmentDecision.AVOID,0,0,"{'fundamental_score': 6.25, 'technical_score': 0, 'confidence': 0}"
ASHOKA.NS,113.12000274658203,InvestmentDecision.AVOID,0,0,"{'fundamental_score': 8.2, 'technical_score': 0, 'confidence': 0}"
DYNAMATECH.NS,13153.0,InvestmentDecision.AVOID,0,0,"{'fundamental_score': 5.45, 'technical_score': 0, 'confidence': 0}"
E2E.NS,625.9000244140625,InvestmentDecision.AVOID,0,0,"{'fundamental_score': 6.7, 'technical_score': 0, 'confidence': 0}"
GOKULAGRO.NS,221.88999938964844,InvestmentDecision.AVOID,0,0,"{'fundamental_score': 5.9, 'technical_score': 0, 'confidence': 0}"
FEDFINA.NS,150.72000122070312,InvestmentDecision.AVOID,0,0,"{'fundamental_score': 5.9, 'technical_score': 0, 'confidence': 0}"
OPTIEMUS.NS,809.9500122070312,InvestmentDecision.AVOID,0,0,"{'fundamental_score': 6.7, 'technical_score': 0, 'confidence': 0}"
KINGFA.NS,6237.5,InvestmentDecision.AVOID,0,0,"{'fundamental_score': 6.7, 'technical_score': 0, 'confidence': 0}"
KRN.NS,1381.800048828125,InvestmentDecision.AVOID,0,0,"{'fundamental_score': 7.6, 'technical_score': 0, 'confidence': 0}"
DATAMATICS.NS,784.2000122070312,InvestmentDecision.AVOID,0,0,"{'fundamental_score': 6.7, 'technical_score': 0, 'confidence': 0}"
WEBELSOLAR.NS,73.2300033569336,InvestmentDecision.AVOID,0,0,"{'fundamental_score': 8.2, 'technical_score': 0, 'confidence': 0}"
EMIL.NS,200.22000122070312,InvestmentDecision.AVOID,0,0,"{'fundamental_score': 5.0, 'technical_score': 0, 'confidence': 0}"
PTC.NS,155.08999633789062,InvestmentDecision.AVOID,0,0,"{'fundamental_score': 6.7, 'technical_score': 0, 'confidence': 0}"
ROUTE.NS,453.45001220703125,InvestmentDecision.AVOID,0,0,"{'fundamental_score': 6.7, 'technical_score': 0, 'confidence': 0}"
ITDC.NS,679.7000122070312,InvestmentDecision.AVOID,0,0,"{'fundamental_score': 7.1000000000000005, 'technical_score': 0, 'confidence': 0}"
RSYSTEMS.NS,275.2099914550781,InvestmentDecision.AVOID,0,0,"{'fundamental_score': 6.7, 'technical_score': 0, 'confidence': 0}"
ZAGGLE.NS,175.5500030517578,InvestmentDecision.AVOID,0,0,"{'fundamental_score': 6.7, 'technical_score': 0, 'confidence': 0}"
GAEL.NS,163.8699951171875,InvestmentDecision.AVOID,0,0,"{'fundamental_score': 5.9, 'technical_score': 0, 'confidence': 0}"
ORIANA.NS,309.8500061035156,InvestmentDecision.AVOID,0,0,"{'fundamental_score': 6.7, 'technical_score': 0, 'confidence': 0}"
SIS.NS,394.20001220703125,InvestmentDecision.AVOID,0,0,"{'fundamental_score': 6.25, 'technical_score': 0, 'confidence': 0}"
PDSL.NS,357.6499938964844,InvestmentDecision.AVOID,0,0,"{'fundamental_score': 6.25, 'technical_score': 0, 'confidence': 0}"
SMLMAH.NS,6825.5,InvestmentDecision.AVOID,0,0,"{'fundamental_score': 5.45, 'technical_score': 0, 'confidence': 0}"
HCC.NS,20.549999237060547,InvestmentDecision.AVOID,0,0,"{'fundamental_score': 3.1, 'technical_score': 0, 'confidence': 0}"
VRLLOG.NS,289.70001220703125,InvestmentDecision.AVOID,0,0,"{'fundamental_score': 5.8, 'technical_score': 0, 'confidence': 0}"
ENTERO.NS,1790.0999755859375,InvestmentDecision.AVOID,0,0,"{'fundamental_score': 6.7, 'technical_score': 0, 'confidence': 0}"
SUNFLAG.NS,449.20001220703125,InvestmentDecision.AVOID,0,0,"{'fundamental_score': 6.7, 'technical_score': 0, 'confidence': 0}"
SWARAJENG.NS,3545.699951171875,InvestmentDecision.AVOID,0,0,"{'fundamental_score': 5.9, 'technical_score': 0, 'confidence': 0}"
JSFB.NS,499.20001220703125,InvestmentDecision.AVOID,0,0,"{'fundamental_score': 6.800000000000001, 'technical_score': 0, 'confidence': 0}"
JKIL.NS,461.25,InvestmentDecision.AVOID,0,0,"{'fundamental_score': 6.7, 'technical_score': 0, 'confidence': 0}"
CARERATING.NS,1627.5999755859375,InvestmentDecision.AVOID,0,0,"{'fundamental_score': 7.4, 'technical_score': 0, 'confidence': 0}"
MIDWESTLTD.NS,899.9000244140625,InvestmentDecision.AVOID,0,0,"{'fundamental_score': 7.9, 'technical_score': 0, 'confidence': 0}"
ANUP.NS,1677.0999755859375,InvestmentDecision.AVOID,0,0,"{'fundamental_score': 6.7, 'technical_score': 0, 'confidence': 0}"
GREAVESCOT.NS,230.39999389648438,InvestmentDecision.AVOID,0,0,"{'fundamental_score': 6.7, 'technical_score': 0, 'confidence': 0}"
SUVEN.NS,321.6499938964844,InvestmentDecision.AVOID,0,0,"{'fundamental_score': 6.7, 'technical_score': 0, 'confidence': 0}"
LGBBROSLTD.NS,1735.300048828125,InvestmentDecision.AVOID,0,0,"{'fundamental_score': 5.9, 'technical_score': 0, 'confidence': 0}"
SKYGOLD.NS,793.5499877929688,InvestmentDecision.AVOID,0,0,"{'fundamental_score': 5.45, 'technical_score': 0, 'confidence': 0}"
REFEX.NS,275.79998779296875,InvestmentDecision.AVOID,0,0,"{'fundamental_score': 5.9, 'technical_score': 0, 'confidence': 0}"
TARC.NS,129.36000061035156,InvestmentDecision.AVOID,0,0,"{'fundamental_score': 5.2, 'technical_score': 0, 'confidence': 0}"
NIITMTS.NS,212.0800018310547,InvestmentDecision.AVOID,0,0,"{'fundamental_score': 6.800000000000001, 'technical_score': 0, 'confidence': 0}"
DBCORP.NS,181.7100067138672,InvestmentDecision.AVOID,0,0,"{'fundamental_score': 7.6, 'technical_score': 0, 'confidence': 0}"
INNOVACAP.NS,1281.0,InvestmentDecision.AVOID,0,0,"{'fundamental_score': 6.7, 'technical_score': 0, 'confidence': 0}"
BALAMINES.NS,2189.60009765625,InvestmentDecision.AVOID,0,0,"{'fundamental_score': 7.6, 'technical_score': 0, 'confidence': 0}"
NACLIND.NS,139.6699981689453,InvestmentDecision.AVOID,0,0,"{'fundamental_score': 6.7, 'technical_score': 0, 'confidence': 0}"
DCBBANK.NS,214.08999633789062,InvestmentDecision.AVOID,0,0,"{'fundamental_score': 7.4, 'technical_score': 0, 'confidence': 0}"
SJS.NS,2261.699951171875,InvestmentDecision.AVOID,0,0,"{'fundamental_score': 7.4, 'technical_score': 0, 'confidence': 0}"
BOSCH-HCIL.NS,1811.5999755859375,InvestmentDecision.AVOID,0,0,"{'fundamental_score': 5.9, 'technical_score': 0, 'confidence': 0}"
NFL.NS,66.66999816894531,InvestmentDecision.AVOID,0,0,"{'fundamental_score': 5.8, 'technical_score': 0, 'confidence': 0}"
SPARC.NS,209.0500030517578,InvestmentDecision.AVOID,0,0,"{'fundamental_score': 8.2, 'technical_score': 0, 'confidence': 0}"
INDIQUBE.NS,199.44000244140625,InvestmentDecision.AVOID,0,0,"{'fundamental_score': 5.2, 'technical_score': 0, 'confidence': 0}"
BANARISUG.NS,3401.89990234375,InvestmentDecision.AVOID,0,0,"{'fundamental_score': 5.9, 'technical_score': 0, 'confidence': 0}"
SHREEJISPG.NS,752.7999877929688,InvestmentDecision.AVOID,0,0,"{'fundamental_score': 8.2, 'technical_score': 0, 'confidence': 0}"
SHILCTECH.NS,4103.60009765625,InvestmentDecision.AVOID,0,0,"{'fundamental_score': 8.2, 'technical_score': 0, 'confidence': 0}"
VSTTILLERS.NS,4307.2998046875,InvestmentDecision.AVOID,0,0,"{'fundamental_score': 6.7, 'technical_score': 0, 'confidence': 0}"
INDRAMEDCO.NS,365.70001220703125,InvestmentDecision.AVOID,0,0,"{'fundamental_score': 7.6, 'technical_score': 0, 'confidence': 0}"
PACEDIGITK.NS,166.35000610351562,InvestmentDecision.AVOID,0,0,"{'fundamental_score': 6.7, 'technical_score': 0, 'confidence': 0}"
VSTIND.NS,204.0,InvestmentDecision.AVOID,0,0,"{'fundamental_score': 7.4, 'technical_score': 0, 'confidence': 0}"
RAIN.NS,215.4499969482422,InvestmentDecision.AVOID,0,0,"{'fundamental_score': 3.8000000000000003, 'technical_score': 0, 'confidence': 0}"
SAMHI.NS,150.16000366210938,InvestmentDecision.AVOID,0,0,"{'fundamental_score': 6.95, 'technical_score': 0, 'confidence': 0}"
HEIDELBERG.NS,131.4499969482422,InvestmentDecision.AVOID,0,0,"{'fundamental_score': 6.7, 'technical_score': 0, 'confidence': 0}"
CEIGALL.NS,384.1000061035156,InvestmentDecision.AVOID,0,0,"{'fundamental_score': 6.25, 'technical_score': 0, 'confidence': 0}"
SGMART.NS,731.0,InvestmentDecision.AVOID,0,0,"{'fundamental_score': 6.7, 'technical_score': 0, 'confidence': 0}"
HERITGFOOD.NS,407.3999938964844,InvestmentDecision.AVOID,0,0,"{'fundamental_score': 5.9, 'technical_score': 0, 'confidence': 0}"
STYRENIX.NS,2036.4000244140625,InvestmentDecision.AVOID,0,0,"{'fundamental_score': 6.7, 'technical_score': 0, 'confidence': 0}"
ORIENTCEM.NS,119.43000030517578,InvestmentDecision.AVOID,0,0,"{'fundamental_score': 6.7, 'technical_score': 0, 'confidence': 0}"
AARTIDRUGS.NS,427.3999938964844,InvestmentDecision.AVOID,0,0,"{'fundamental_score': 6.7, 'technical_score': 0, 'confidence': 0}"
ORIENTELEC.NS,162.25999450683594,InvestmentDecision.AVOID,0,0,"{'fundamental_score': 5.9, 'technical_score': 0, 'confidence': 0}"
GUJTHEM.NS,417.0,InvestmentDecision.AVOID,0,0,"{'fundamental_score': 7.75, 'technical_score': 0, 'confidence': 0}"
GOPAL.NS,260.95001220703125,InvestmentDecision.AVOID,0,0,"{'fundamental_score': 5.9, 'technical_score': 0, 'confidence': 0}"
BHARATRAS.NS,1096.800048828125,InvestmentDecision.AVOID,0,0,"{'fundamental_score': 6.7, 'technical_score': 0, 'confidence': 0}"
RBA.NS,92.51000213623047,InvestmentDecision.AVOID,0,0,"{'fundamental_score': 4.4, 'technical_score': 0, 'confidence': 0}"
LUMAXIND.NS,5769.0,InvestmentDecision.AVOID,0,0,"{'fundamental_score': 5.0, 'technical_score': 0, 'confidence': 0}"
ZOTA.NS,1336.5999755859375,InvestmentDecision.AVOID,0,0,"{'fundamental_score': 6.7, 'technical_score': 0, 'confidence': 0}"
AVANTEL.NS,151.3699951171875,InvestmentDecision.AVOID,0,0,"{'fundamental_score': 6.7, 'technical_score': 0, 'confidence': 0}"
EIEL.NS,198.85000610351562,InvestmentDecision.AVOID,0,0,"{'fundamental_score': 7.6, 'technical_score': 0, 'confidence': 0}"
HUBTOWN.NS,167.8699951171875,InvestmentDecision.AVOID,0,0,"{'fundamental_score': 7.9, 'technical_score': 0, 'confidence': 0}"
KITEX.NS,116.12999725341797,InvestmentDecision.AVOID,0,0,"{'fundamental_score': 5.45, 'technical_score': 0, 'confidence': 0}"
RAYMONDREL.NS,672.9500122070312,InvestmentDecision.AVOID,0,0,"{'fundamental_score': 6.25, 'technical_score': 0, 'confidence': 0}"
SANATHAN.NS,523.2000122070312,InvestmentDecision.AVOID,0,0,"{'fundamental_score': 5.45, 'technical_score': 0, 'confidence': 0}"
NORTHARC.NS,291.1000061035156,InvestmentDecision.AVOID,0,0,"{'fundamental_score': 5.9, 'technical_score': 0, 'confidence': 0}"
JAMNAAUTO.NS,138.1999969482422,InvestmentDecision.AVOID,0,0,"{'fundamental_score': 5.9, 'technical_score': 0, 'confidence': 0}"
GUJALKALI.NS,606.2000122070312,InvestmentDecision.AVOID,0,0,"{'fundamental_score': 6.7, 'technical_score': 0, 'confidence': 0}"
DCAL.NS,168.19000244140625,InvestmentDecision.AVOID,0,0,"{'fundamental_score': 6.7, 'technical_score': 0, 'confidence': 0}"
AWFIS.NS,250.1999969482422,InvestmentDecision.AVOID,0,0,"{'fundamental_score': 5.2, 'technical_score': 0, 'confidence': 0}"
MOSCHIP.NS,200.2100067138672,InvestmentDecision.AVOID,0,0,"{'fundamental_score': 6.7, 'technical_score': 0, 'confidence': 0}"
RAMKY.NS,306.25,InvestmentDecision.AVOID,0,0,"{'fundamental_score': 7.6, 'technical_score': 0, 'confidence': 0}"
GOLDIAM.NS,325.04998779296875,InvestmentDecision.AVOID,0,0,"{'fundamental_score': 7.4, 'technical_score': 0, 'confidence': 0}"
JTEKTINDIA.NS,118.06999969482422,InvestmentDecision.AVOID,0,0,"{'fundamental_score': 5.9, 'technical_score': 0, 'confidence': 0}"
HEMIPROP.NS,115.94999694824219,InvestmentDecision.AVOID,0,0,"{'fundamental_score': 6.7, 'technical_score': 0, 'confidence': 0}"
63MOONS.NS,857.6500244140625,InvestmentDecision.AVOID,0,0,"{'fundamental_score': 6.7, 'technical_score': 0, 'confidence': 0}"
KIRLOSIND.NS,3597.5,InvestmentDecision.AVOID,0,0,"{'fundamental_score': 6.7, 'technical_score': 0, 'confidence': 0}"
SHANTIGEAR.NS,633.2999877929688,InvestmentDecision.AVOID,0,0,"{'fundamental_score': 7.6, 'technical_score': 0, 'confidence': 0}"
SINDHUTRAD.NS,23.75,InvestmentDecision.AVOID,0,0,"{'fundamental_score': 5.6, 'technical_score': 0, 'confidence': 0}"
BOROLTD.NS,280.79998779296875,InvestmentDecision.AVOID,0,0,"{'fundamental_score': 5.9, 'technical_score': 0, 'confidence': 0}"
MARATHON.NS,411.70001220703125,InvestmentDecision.AVOID,0,0,"{'fundamental_score': 8.2, 'technical_score': 0, 'confidence': 0}"
CAMLINFINE.NS,95.4000015258789,InvestmentDecision.AVOID,0,0,"{'fundamental_score': 6.25, 'technical_score': 0, 'confidence': 0}"
UFLEX.NS,664.2000122070312,InvestmentDecision.AVOID,0,0,"{'fundamental_score': 5.0, 'technical_score': 0, 'confidence': 0}"
VAIBHAVGBL.NS,206.3800048828125,InvestmentDecision.AVOID,0,0,"{'fundamental_score': 5.9, 'technical_score': 0, 'confidence': 0}"
UEL.NS,183.72999572753906,InvestmentDecision.AVOID,0,0,"{'fundamental_score': 8.2, 'technical_score': 0, 'confidence': 0}"
RPGLIFE.NS,3050.60009765625,InvestmentDecision.AVOID,0,0,"{'fundamental_score': 7.9, 'technical_score': 0, 'confidence': 0}"
RAYMOND.NS,1179.949951171875,InvestmentDecision.AVOID,0,0,"{'fundamental_score': 6.7, 'technical_score': 0, 'confidence': 0}"
ORCHPHARMA.NS,1064.9000244140625,InvestmentDecision.AVOID,0,0,"{'fundamental_score': 6.7, 'technical_score': 0, 'confidence': 0}"
LUXIND.NS,1174.699951171875,InvestmentDecision.AVOID,0,0,"{'fundamental_score': 5.9, 'technical_score': 0, 'confidence': 0}"
MPSLTD.NS,2666.89990234375,InvestmentDecision.AVOID,0,0,"{'fundamental_score': 8.2, 'technical_score': 0, 'confidence': 0}"
MCLOUD.NS,24.440000534057617,InvestmentDecision.AVOID,0,0,"{'fundamental_score': 7.9, 'technical_score': 0, 'confidence': 0}"
TRUALT.NS,441.8999938964844,InvestmentDecision.AVOID,0,0,"{'fundamental_score': 5.0, 'technical_score': 0, 'confidence': 0}"
AJMERA.NS,120.81999969482422,InvestmentDecision.AVOID,0,0,"{'fundamental_score': 7.6, 'technical_score': 0, 'confidence': 0}"
GOODLUCK.NS,525.6500244140625,InvestmentDecision.AVOID,0,0,"{'fundamental_score': 6.25, 'technical_score': 0, 'confidence': 0}"
VADILALIND.NS,7534.5,InvestmentDecision.AVOID,0,0,"{'fundamental_score': 6.800000000000001, 'technical_score': 0, 'confidence': 0}"
EBGNG.NS,669.0,InvestmentDecision.AVOID,0,0,"{'fundamental_score': 6.25, 'technical_score': 0, 'confidence': 0}"
QUESS.NS,340.8999938964844,InvestmentDecision.AVOID,0,0,"{'fundamental_score': 6.7, 'technical_score': 0, 'confidence': 0}"
WONDERLA.NS,510.1499938964844,InvestmentDecision.AVOID,0,0,"{'fundamental_score': 7.1000000000000005, 'technical_score': 0, 'confidence': 0}"
GREENPLY.NS,287.25,InvestmentDecision.AVOID,0,0,"{'fundamental_score': 6.25, 'technical_score': 0, 'confidence': 0}"
NEOGEN.NS,2385.199951171875,InvestmentDecision.AVOID,0,0,"{'fundamental_score': 5.2, 'technical_score': 0, 'confidence': 0}"
INTERARCH.NS,1719.699951171875,InvestmentDecision.AVOID,0,0,"{'fundamental_score': 6.7, 'technical_score': 0, 'confidence': 0}"
PRECWIRE.NS,480.6499938964844,InvestmentDecision.AVOID,0,0,"{'fundamental_score': 6.7, 'technical_score': 0, 'confidence': 0}"
KOLTEPATIL.NS,432.0,InvestmentDecision.AVOID,0,0,"{'fundamental_score': 6.25, 'technical_score': 0, 'confidence': 0}"
JINDWORLD.NS,48.689998626708984,InvestmentDecision.AVOID,0,0,"{'fundamental_score': 5.45, 'technical_score': 0, 'confidence': 0}"
MBAPL.NS,168.47000122070312,InvestmentDecision.AVOID,0,0,"{'fundamental_score': 5.2, 'technical_score': 0, 'confidence': 0}"
ARSSBL.NS,496.8999938964844,InvestmentDecision.AVOID,0,0,"{'fundamental_score': 6.65, 'technical_score': 0, 'confidence': 0}"
MEDIASSIST.NS,307.75,InvestmentDecision.AVOID,0,0,"{'fundamental_score': 6.7, 'technical_score': 0, 'confidence': 0}"
NPST.NS,1796.300048828125,InvestmentDecision.AVOID,0,0,"{'fundamental_score': 8.2, 'technical_score': 0, 'confidence': 0}"
CENTUM.NS,4571.2001953125,InvestmentDecision.AVOID,0,0,"{'fundamental_score': 6.7, 'technical_score': 0, 'confidence': 0}"
HARSHA.NS,465.54998779296875,InvestmentDecision.AVOID,0,0,"{'fundamental_score': 6.7, 'technical_score': 0, 'confidence': 0}"
GOCOLORS.NS,317.3500061035156,InvestmentDecision.AVOID,0,0,"{'fundamental_score': 5.45, 'technical_score': 0, 'confidence': 0}"
NSIL.NS,5468.0,InvestmentDecision.AVOID,0,0,"{'fundamental_score': 7.4, 'technical_score': 0, 'confidence': 0}"
GKENERGY.NS,123.68000030517578,InvestmentDecision.AVOID,0,0,"{'fundamental_score': 6.7, 'technical_score': 0, 'confidence': 0}"
INDOSTAR.NS,218.63999938964844,InvestmentDecision.AVOID,0,0,"{'fundamental_score': 5.0, 'technical_score': 0, 'confidence': 0}"
KSL.NS,952.3499755859375,InvestmentDecision.AVOID,0,0,"{'fundamental_score': 7.6, 'technical_score': 0, 'confidence': 0}"
ROLEXRINGS.NS,193.4499969482422,InvestmentDecision.AVOID,0,0,"{'fundamental_score': 7.6, 'technical_score': 0, 'confidence': 0}"
ADVENZYMES.NS,283.1499938964844,InvestmentDecision.AVOID,0,0,"{'fundamental_score': 8.2, 'technical_score': 0, 'confidence': 0}"
SHAREINDIA.NS,206.10000610351562,InvestmentDecision.AVOID,0,0,"{'fundamental_score': 7.4, 'technical_score': 0, 'confidence': 0}"
POCL.NS,452.6499938964844,InvestmentDecision.AVOID,0,0,"{'fundamental_score': 6.7, 'technical_score': 0, 'confidence': 0}"
GUFICBIO.NS,423.75,InvestmentDecision.AVOID,0,0,"{'fundamental_score': 6.25, 'technical_score': 0, 'confidence': 0}"
UNICHEMLAB.NS,536.4000244140625,InvestmentDecision.AVOID,0,0,"{'fundamental_score': 7.6, 'technical_score': 0, 'confidence': 0}"
MSTCLTD.NS,710.4000244140625,InvestmentDecision.AVOID,0,0,"{'fundamental_score': 8.2, 'technical_score': 0, 'confidence': 0}"
ROSSARI.NS,444.20001220703125,InvestmentDecision.AVOID,0,0,"{'fundamental_score': 6.7, 'technical_score': 0, 'confidence': 0}"
JUBLCPL.NS,2117.300048828125,InvestmentDecision.AVOID,0,0,"{'fundamental_score': 6.7, 'technical_score': 0, 'confidence': 0}"
CYIENTDLM.NS,917.9500122070312,InvestmentDecision.AVOID,0,0,"{'fundamental_score': 6.7, 'technical_score': 0, 'confidence': 0}"
SUNCLAY.NS,1229.9000244140625,InvestmentDecision.AVOID,0,0,"{'fundamental_score': 5.8, 'technical_score': 0, 'confidence': 0}"
RPEL.NS,1699.5,InvestmentDecision.AVOID,0,0,"{'fundamental_score': 8.2, 'technical_score': 0, 'confidence': 0}"
BALMLAWRIE.NS,162.47999572753906,InvestmentDecision.AVOID,0,0,"{'fundamental_score': 6.7, 'technical_score': 0, 'confidence': 0}"
ARTEMISMED.NS,365.8999938964844,InvestmentDecision.AVOID,0,0,"{'fundamental_score': 6.7, 'technical_score': 0, 'confidence': 0}"
PRINCEPIPE.NS,261.79998779296875,InvestmentDecision.AVOID,0,0,"{'fundamental_score': 6.7, 'technical_score': 0, 'confidence': 0}"
JISLJALEQS.NS,28.8799991607666,InvestmentDecision.AVOID,0,0,"{'fundamental_score': 6.25, 'technical_score': 0, 'confidence': 0}"
PITTIENG.NS,1162.4000244140625,InvestmentDecision.AVOID,0,0,"{'fundamental_score': 6.25, 'technical_score': 0, 'confidence': 0}"
FOSECOIND.NS,6468.0,InvestmentDecision.AVOID,0,0,"{'fundamental_score': 7.1, 'technical_score': 0, 'confidence': 0}"
DPABHUSHAN.NS,1417.699951171875,InvestmentDecision.AVOID,0,0,"{'fundamental_score': 5.9, 'technical_score': 0, 'confidence': 0}"
SSWL.NS,388.6499938964844,InvestmentDecision.AVOID,0,0,"{'fundamental_score': 5.9, 'technical_score': 0, 'confidence': 0}"
BHAGCHEM.NS,245.60000610351562,InvestmentDecision.AVOID,0,0,"{'fundamental_score': 6.7, 'technical_score': 0, 'confidence': 0}"
BAJAJCON.NS,480.04998779296875,InvestmentDecision.AVOID,0,0,"{'fundamental_score': 7.4, 'technical_score': 0, 'confidence': 0}"
NAVNETEDUL.NS,122.76000213623047,InvestmentDecision.AVOID,0,0,"{'fundamental_score': 8.2, 'technical_score': 0, 'confidence': 0}"
INDOTHAI.NS,31.860000610351562,InvestmentDecision.AVOID,0,0,"{'fundamental_score': 7.4, 'technical_score': 0, 'confidence': 0}"
GREENPANEL.NS,162.61000061035156,InvestmentDecision.AVOID,0,0,"{'fundamental_score': 6.7, 'technical_score': 0, 'confidence': 0}"
BBL.NS,2112.199951171875,InvestmentDecision.AVOID,0,0,"{'fundamental_score': 6.7, 'technical_score': 0, 'confidence': 0}"
PROTEAN.NS,691.5,InvestmentDecision.AVOID,0,0,"{'fundamental_score': 6.7, 'technical_score': 0, 'confidence': 0}"
VISHNU.NS,697.6500244140625,InvestmentDecision.AVOID,0,0,"{'fundamental_score': 6.7, 'technical_score': 0, 'confidence': 0}"
SAMBHV.NS,154.0,InvestmentDecision.AVOID,0,0,"{'fundamental_score': 6.7, 'technical_score': 0, 'confidence': 0}"
BOMDYEING.NS,107.38999938964844,InvestmentDecision.AVOID,0,0,"{'fundamental_score': 5.9, 'technical_score': 0, 'confidence': 0}"
SWANDEF.NS,2679.699951171875,InvestmentDecision.AVOID,0,0,"{'fundamental_score': 5.2, 'technical_score': 0, 'confidence': 0}"
PARAGMILK.NS,268.8999938964844,InvestmentDecision.AVOID,0,0,"{'fundamental_score': 5.9, 'technical_score': 0, 'confidence': 0}"
SENORES.NS,1351.800048828125,InvestmentDecision.AVOID,0,0,"{'fundamental_score': 8.2, 'technical_score': 0, 'confidence': 0}"
HLEGLAS.NS,441.1000061035156,InvestmentDecision.AVOID,0,0,"{'fundamental_score': 6.25, 'technical_score': 0, 'confidence': 0}"
HIKAL.NS,208.8000030517578,InvestmentDecision.AVOID,0,0,"{'fundamental_score': 6.25, 'technical_score': 0, 'confidence': 0}"
FLAIR.NS,237.5800018310547,InvestmentDecision.AVOID,0,0,"{'fundamental_score': 6.7, 'technical_score': 0, 'confidence': 0}"
KIRIINDUS.NS,541.9500122070312,InvestmentDecision.AVOID,0,0,"{'fundamental_score': 8.2, 'technical_score': 0, 'confidence': 0}"
KKCL.NS,467.8500061035156,InvestmentDecision.AVOID,0,0,"{'fundamental_score': 5.500000000000001, 'technical_score': 0, 'confidence': 0}"
MAHLOG.NS,421.79998779296875,InvestmentDecision.AVOID,0,0,"{'fundamental_score': 6.25, 'technical_score': 0, 'confidence': 0}"
EPACK.NS,178.22999572753906,InvestmentDecision.AVOID,0,0,"{'fundamental_score': 5.45, 'technical_score': 0, 'confidence': 0}"
ARKADE.NS,123.22000122070312,InvestmentDecision.AVOID,0,0,"{'fundamental_score': 5.5, 'technical_score': 0, 'confidence': 0}"
PSPPROJECT.NS,806.6500244140625,InvestmentDecision.AVOID,0,0,"{'fundamental_score': 6.7, 'technical_score': 0, 'confidence': 0}"
STYLAMIND.NS,3369.39990234375,InvestmentDecision.AVOID,0,0,"{'fundamental_score': 6.800000000000001, 'technical_score': 0, 'confidence': 0}"
KRISHANA.NS,187.24000549316406,InvestmentDecision.AVOID,0,0,"{'fundamental_score': 5.8, 'technical_score': 0, 'confidence': 0}"
PARKHOTELS.NS,104.9000015258789,InvestmentDecision.AVOID,0,0,"{'fundamental_score': 5.9, 'technical_score': 0, 'confidence': 0}"
GATEWAY.NS,51.880001068115234,InvestmentDecision.AVOID,0,0,"{'fundamental_score': 6.7, 'technical_score': 0, 'confidence': 0}"
PRABHA.NS,230.8699951171875,InvestmentDecision.AVOID,0,0,"{'fundamental_score': 7.1000000000000005, 'technical_score': 0, 'confidence': 0}"
IMAGICAA.NS,52.290000915527344,InvestmentDecision.AVOID,0,0,"{'fundamental_score': 6.7, 'technical_score': 0, 'confidence': 0}"
JASH.NS,593.8499755859375,InvestmentDecision.AVOID,0,0,"{'fundamental_score': 6.7, 'technical_score': 0, 'confidence': 0}"
GLOBUSSPR.NS,832.5499877929688,InvestmentDecision.AVOID,0,0,"{'fundamental_score': 5.9, 'technical_score': 0, 'confidence': 0}"
PAISALO.NS,79.5999984741211,InvestmentDecision.AVOID,0,0,"{'fundamental_score': 5.9, 'technical_score': 0, 'confidence': 0}"
DDEVPLSTIK.NS,256.1499938964844,InvestmentDecision.AVOID,0,0,"{'fundamental_score': 6.7, 'technical_score': 0, 'confidence': 0}"
PATELENG.NS,26.899999618530273,InvestmentDecision.AVOID,0,0,"{'fundamental_score': 6.7, 'technical_score': 0, 'confidence': 0}"
PENIND.NS,184.89999389648438,InvestmentDecision.AVOID,0,0,"{'fundamental_score': 6.25, 'technical_score': 0, 'confidence': 0}"
WSTCSTPAPR.NS,731.9000244140625,InvestmentDecision.AVOID,0,0,"{'fundamental_score': 6.7, 'technical_score': 0, 'confidence': 0}"
GANECOS.NS,1028.5999755859375,InvestmentDecision.AVOID,0,0,"{'fundamental_score': 5.9, 'technical_score': 0, 'confidence': 0}"
KDDL.NS,4033.39990234375,InvestmentDecision.AVOID,0,0,"{'fundamental_score': 5.9, 'technical_score': 0, 'confidence': 0}"
MAITHANALL.NS,955.1500244140625,InvestmentDecision.AVOID,0,0,"{'fundamental_score': 7.6, 'technical_score': 0, 'confidence': 0}"
POLYPLEX.NS,1063.0999755859375,InvestmentDecision.AVOID,0,0,"{'fundamental_score': 6.7, 'technical_score': 0, 'confidence': 0}"
DEEPINDS.NS,781.0999755859375,InvestmentDecision.AVOID,0,0,"{'fundamental_score': 7.4, 'technical_score': 0, 'confidence': 0}"
SAGCEM.NS,152.63999938964844,InvestmentDecision.AVOID,0,0,"{'fundamental_score': 6.25, 'technical_score': 0, 'confidence': 0}"
SIYSIL.NS,533.3499755859375,InvestmentDecision.AVOID,0,0,"{'fundamental_score': 5.9, 'technical_score': 0, 'confidence': 0}"
EUROPRATIK.NS,213.14999389648438,InvestmentDecision.AVOID,0,0,"{'fundamental_score': 8.2, 'technical_score': 0, 'confidence': 0}"
HPL.NS,278.1499938964844,InvestmentDecision.AVOID,0,0,"{'fundamental_score': 6.25, 'technical_score': 0, 'confidence': 0}"
EASEMYTRIP.NS,5.96999979019165,InvestmentDecision.AVOID,0,0,"{'fundamental_score': 5.9, 'technical_score': 0, 'confidence': 0}"
ASHIANA.NS,389.70001220703125,InvestmentDecision.AVOID,0,0,"{'fundamental_score': 7.1, 'technical_score': 0, 'confidence': 0}"
TCPLPACK.NS,4106.7998046875,InvestmentDecision.AVOID,0,0,"{'fundamental_score': 5.45, 'technical_score': 0, 'confidence': 0}"
BRIGHOTEL.NS,56.130001068115234,InvestmentDecision.AVOID,0,0,"{'fundamental_score': 6.800000000000001, 'technical_score': 0, 'confidence': 0}"
SANDHAR.NS,574.0,InvestmentDecision.AVOID,0,0,"{'fundamental_score': 5.45, 'technical_score': 0, 'confidence': 0}"
SHK.NS,142.36000061035156,InvestmentDecision.AVOID,0,0,"{'fundamental_score': 6.25, 'technical_score': 0, 'confidence': 0}"
TFCILTD.NS,138.30999755859375,InvestmentDecision.AVOID,0,0,"{'fundamental_score': 6.95, 'technical_score': 0, 'confidence': 0}"
RAMRAT.NS,570.0,InvestmentDecision.AVOID,0,0,"{'fundamental_score': 5.8, 'technical_score': 0, 'confidence': 0}"
SUNDROP.NS,745.75,InvestmentDecision.AVOID,0,0,"{'fundamental_score': 5.9, 'technical_score': 0, 'confidence': 0}"
EFCIL.NS,179.74000549316406,InvestmentDecision.AVOID,0,0,"{'fundamental_score': 6.7, 'technical_score': 0, 'confidence': 0}"
ORISSAMINE.NS,3734.699951171875,InvestmentDecision.AVOID,0,0,"{'fundamental_score': 6.7, 'technical_score': 0, 'confidence': 0}"
VEEDOL.NS,1364.0999755859375,InvestmentDecision.AVOID,0,0,"{'fundamental_score': 6.7, 'technical_score': 0, 'confidence': 0}"
TEAMLEASE.NS,1173.0,InvestmentDecision.AVOID,0,0,"{'fundamental_score': 6.7, 'technical_score': 0, 'confidence': 0}"
AGIIL.NS,264.54998779296875,InvestmentDecision.AVOID,0,0,"{'fundamental_score': 8.2, 'technical_score': 0, 'confidence': 0}"
NOCIL.NS,188.41000366210938,InvestmentDecision.AVOID,0,0,"{'fundamental_score': 6.7, 'technical_score': 0, 'confidence': 0}"
EMSLIMITED.NS,342.54998779296875,InvestmentDecision.AVOID,0,0,"{'fundamental_score': 6.7, 'technical_score': 0, 'confidence': 0}"
PREMEXPLN.NS,680.3499755859375,InvestmentDecision.AVOID,0,0,"{'fundamental_score': 6.7, 'technical_score': 0, 'confidence': 0}"
MANINDS.NS,953.3499755859375,InvestmentDecision.AVOID,0,0,"{'fundamental_score': 6.7, 'technical_score': 0, 'confidence': 0}"
TIRUMALCHM.NS,160.92999267578125,InvestmentDecision.AVOID,0,0,"{'fundamental_score': 5.8, 'technical_score': 0, 'confidence': 0}"
SANGHVIMOV.NS,456.0,InvestmentDecision.AVOID,0,0,"{'fundamental_score': 7.45, 'technical_score': 0, 'confidence': 0}"
FMGOETZE.NS,458.6499938964844,InvestmentDecision.AVOID,0,0,"{'fundamental_score': 5.9, 'technical_score': 0, 'confidence': 0}"
SBCL.NS,1154.5,InvestmentDecision.AVOID,0,0,"{'fundamental_score': 7.9, 'technical_score': 0, 'confidence': 0}"
FCL.NS,57.400001525878906,InvestmentDecision.AVOID,0,0,"{'fundamental_score': 7.6, 'technical_score': 0, 'confidence': 0}"
VIMTALABS.NS,599.2999877929688,InvestmentDecision.AVOID,0,0,"{'fundamental_score': 8.2, 'technical_score': 0, 'confidence': 0}"
MUTHOOTMF.NS,178.83999633789062,InvestmentDecision.AVOID,0,0,"{'fundamental_score': 5.9, 'technical_score': 0, 'confidence': 0}"
MARINE.NS,428.20001220703125,InvestmentDecision.AVOID,0,0,"{'fundamental_score': 6.7, 'technical_score': 0, 'confidence': 0}"
ARVSMART.NS,614.0499877929688,InvestmentDecision.AVOID,0,0,"{'fundamental_score': 7.75, 'technical_score': 0, 'confidence': 0}"
DALMIASUG.NS,428.75,InvestmentDecision.AVOID,0,0,"{'fundamental_score': 5.45, 'technical_score': 0, 'confidence': 0}"
KPEL.NS,222.42999267578125,InvestmentDecision.AVOID,0,0,"{'fundamental_score': 5.8, 'technical_score': 0, 'confidence': 0}"
GIPCL.NS,182.22000122070312,InvestmentDecision.AVOID,0,0,"{'fundamental_score': 7.75, 'technical_score': 0, 'confidence': 0}"
ALPEXSOLAR.NS,862.6500244140625,InvestmentDecision.AVOID,0,0,"{'fundamental_score': 6.7, 'technical_score': 0, 'confidence': 0}"
PRAKASH.NS,118.80999755859375,InvestmentDecision.AVOID,0,0,"{'fundamental_score': 6.7, 'technical_score': 0, 'confidence': 0}"
RPSGVENT.NS,837.2999877929688,InvestmentDecision.AVOID,0,0,"{'fundamental_score': 5.2, 'technical_score': 0, 'confidence': 0}"
BCG.NS,9.550000190734863,InvestmentDecision.AVOID,0,0,"{'fundamental_score': 7.6, 'technical_score': 0, 'confidence': 0}"
TATVA.NS,1760.199951171875,InvestmentDecision.AVOID,0,0,"{'fundamental_score': 6.7, 'technical_score': 0, 'confidence': 0}"
IOLCP.NS,196.2899932861328,InvestmentDecision.AVOID,0,0,"{'fundamental_score': 6.7, 'technical_score': 0, 'confidence': 0}"
BAJAJHIND.NS,20.450000762939453,InvestmentDecision.AVOID,0,0,"{'fundamental_score': 5.45, 'technical_score': 0, 'confidence': 0}"
BFUTILITIE.NS,515.9000244140625,InvestmentDecision.AVOID,0,0,"{'fundamental_score': 8.4, 'technical_score': 0, 'confidence': 0}"
RAMCOIND.NS,310.8999938964844,InvestmentDecision.AVOID,0,0,"{'fundamental_score': 7.9, 'technical_score': 0, 'confidence': 0}"
TVSSRICHAK.NS,4609.5,InvestmentDecision.AVOID,0,0,"{'fundamental_score': 5.45, 'technical_score': 0, 'confidence': 0}"
EPACKPEB.NS,245.3800048828125,InvestmentDecision.AVOID,0,0,"{'fundamental_score': 6.7, 'technical_score': 0, 'confidence': 0}"
POKARNA.NS,718.1500244140625,InvestmentDecision.AVOID,0,0,"{'fundamental_score': 7.45, 'technical_score': 0, 'confidence': 0}"
JTLIND.NS,87.87000274658203,InvestmentDecision.AVOID,0,0,"{'fundamental_score': 6.7, 'technical_score': 0, 'confidence': 0}"
EVEREADY.NS,321.75,InvestmentDecision.AVOID,0,0,"{'fundamental_score': 6.7, 'technical_score': 0, 'confidence': 0}"
CARRARO.NS,535.0,InvestmentDecision.AVOID,0,0,"{'fundamental_score': 5.9, 'technical_score': 0, 'confidence': 0}"
NRBBEARING.NS,541.5,InvestmentDecision.AVOID,0,0,"{'fundamental_score': 5.9, 'technical_score': 0, 'confidence': 0}"
HONDAPOWER.NS,1915.199951171875,InvestmentDecision.AVOID,0,0,"{'fundamental_score': 6.7, 'technical_score': 0, 'confidence': 0}"
SAKSOFT.NS,141.52000427246094,InvestmentDecision.AVOID,0,0,"{'fundamental_score': 7.6, 'technical_score': 0, 'confidence': 0}"
MOREPENLAB.NS,120.70999908447266,InvestmentDecision.AVOID,0,0,"{'fundamental_score': 6.7, 'technical_score': 0, 'confidence': 0}"
HIRECT.NS,1179.4000244140625,InvestmentDecision.AVOID,0,0,"{'fundamental_score': 5.8, 'technical_score': 0, 'confidence': 0}"
VENUSPIPES.NS,2163.199951171875,InvestmentDecision.AVOID,0,0,"{'fundamental_score': 6.7, 'technical_score': 0, 'confidence': 0}"
SOTL.NS,713.2000122070312,InvestmentDecision.AVOID,0,0,"{'fundamental_score': 6.7, 'technical_score': 0, 'confidence': 0}"
ALLCARGO.NS,10.670000076293945,InvestmentDecision.AVOID,0,0,"{'fundamental_score': 5.8, 'technical_score': 0, 'confidence': 0}"
MTNL.NS,22.940000534057617,InvestmentDecision.AVOID,0,0,"{'fundamental_score': 6.7, 'technical_score': 0, 'confidence': 0}"
RELTD.NS,148.77000427246094,InvestmentDecision.AVOID,0,0,"{'fundamental_score': 6.699999999999999, 'technical_score': 0, 'confidence': 0}"
ALEMBICLTD.NS,106.52999877929688,InvestmentDecision.AVOID,0,0,"{'fundamental_score': 8.2, 'technical_score': 0, 'confidence': 0}"
DIGITIDE.NS,78.56999969482422,InvestmentDecision.AVOID,0,0,"{'fundamental_score': 6.25, 'technical_score': 0, 'confidence': 0}"
UTKARSHBNK.NS,13.59000015258789,InvestmentDecision.AVOID,0,0,"{'fundamental_score': 5.9, 'technical_score': 0, 'confidence': 0}"
NUCLEUS.NS,679.5499877929688,InvestmentDecision.AVOID,0,0,"{'fundamental_score': 7.6, 'technical_score': 0, 'confidence': 0}"
SERVOTECH.NS,70.76000213623047,InvestmentDecision.AVOID,0,0,"{'fundamental_score': 6.25, 'technical_score': 0, 'confidence': 0}"
AUTOAXLES.NS,1709.800048828125,InvestmentDecision.AVOID,0,0,"{'fundamental_score': 5.9, 'technical_score': 0, 'confidence': 0}"
HMT.NS,61.310001373291016,InvestmentDecision.AVOID,0,0,"{'fundamental_score': 6.7, 'technical_score': 0, 'confidence': 0}"
LAOPALA.NS,160.77999877929688,InvestmentDecision.AVOID,0,0,"{'fundamental_score': 7.4, 'technical_score': 0, 'confidence': 0}"
DCXINDIA.NS,159.24000549316406,InvestmentDecision.AVOID,0,0,"{'fundamental_score': 6.7, 'technical_score': 0, 'confidence': 0}"
HINDWAREAP.NS,173.67999267578125,InvestmentDecision.AVOID,0,0,"{'fundamental_score': 5.0, 'technical_score': 0, 'confidence': 0}"
JAYKAY.NS,203.80999755859375,InvestmentDecision.AVOID,0,0,"{'fundamental_score': 8.2, 'technical_score': 0, 'confidence': 0}"
INDOCO.NS,254.4600067138672,InvestmentDecision.AVOID,0,0,"{'fundamental_score': 5.8, 'technical_score': 0, 'confidence': 0}"
WINDMACHIN.NS,299.5,InvestmentDecision.AVOID,0,0,"{'fundamental_score': 6.7, 'technical_score': 0, 'confidence': 0}"
SOLARWORLD.NS,131.49000549316406,InvestmentDecision.AVOID,0,0,"{'fundamental_score': 6.7, 'technical_score': 0, 'confidence': 0}"
TAJGVK.NS,324.3500061035156,InvestmentDecision.AVOID,0,0,"{'fundamental_score': 7.4, 'technical_score': 0, 'confidence': 0}"
NITCO.NS,87.95999908447266,InvestmentDecision.AVOID,0,0,"{'fundamental_score': 6.25, 'technical_score': 0, 'confidence': 0}"
SIRCA.NS,410.29998779296875,InvestmentDecision.AVOID,0,0,"{'fundamental_score': 7.6, 'technical_score': 0, 'confidence': 0}"
VIKRAN.NS,57.2599983215332,InvestmentDecision.AVOID,0,0,"{'fundamental_score': 6.7, 'technical_score': 0, 'confidence': 0}"
KALAMANDIR.NS,77.19000244140625,InvestmentDecision.AVOID,0,0,"{'fundamental_score': 5.9, 'technical_score': 0, 'confidence': 0}"
VSSL.NS,411.5,InvestmentDecision.AVOID,0,0,"{'fundamental_score': 6.7, 'technical_score': 0, 'confidence': 0}"
KRSNAA.NS,534.0499877929688,InvestmentDecision.AVOID,0,0,"{'fundamental_score': 6.25, 'technical_score': 0, 'confidence': 0}"
SDBL.NS,80.62000274658203,InvestmentDecision.AVOID,0,0,"{'fundamental_score': 5.9, 'technical_score': 0, 'confidence': 0}"
CARYSIL.NS,1064.4000244140625,InvestmentDecision.AVOID,0,0,"{'fundamental_score': 5.9, 'technical_score': 0, 'confidence': 0}"
TCIEXP.NS,501.54998779296875,InvestmentDecision.AVOID,0,0,"{'fundamental_score': 6.7, 'technical_score': 0, 'confidence': 0}"
KCP.NS,163.2899932861328,InvestmentDecision.AVOID,0,0,"{'fundamental_score': 6.2, 'technical_score': 0, 'confidence': 0}"
BEPL.NS,125.37999725341797,InvestmentDecision.AVOID,0,0,"{'fundamental_score': 7.6, 'technical_score': 0, 'confidence': 0}"
KMEW.NS,2865.10009765625,InvestmentDecision.AVOID,0,0,"{'fundamental_score': 8.2, 'technical_score': 0, 'confidence': 0}"
XPROINDIA.NS,1197.0999755859375,InvestmentDecision.AVOID,0,0,"{'fundamental_score': 6.7, 'technical_score': 0, 'confidence': 0}"
HATHWAY.NS,9.930000305175781,InvestmentDecision.AVOID,0,0,"{'fundamental_score': 6.7, 'technical_score': 0, 'confidence': 0}"
REPCOHOME.NS,347.70001220703125,InvestmentDecision.AVOID,0,0,"{'fundamental_score': 5.9, 'technical_score': 0, 'confidence': 0}"
ADFFOODS.NS,270.6000061035156,InvestmentDecision.AVOID,0,0,"{'fundamental_score': 6.800000000000001, 'technical_score': 0, 'confidence': 0}"
UNIVCABLES.NS,1494.0,InvestmentDecision.AVOID,0,0,"{'fundamental_score': 6.25, 'technical_score': 0, 'confidence': 0}"
PANACEABIO.NS,372.6000061035156,InvestmentDecision.AVOID,0,0,"{'fundamental_score': 6.7, 'technical_score': 0, 'confidence': 0}"
GRMOVER.NS,80.62999725341797,InvestmentDecision.AVOID,0,0,"{'fundamental_score': 5.45, 'technical_score': 0, 'confidence': 0}"
DIAMONDYD.NS,1071.0,InvestmentDecision.AVOID,0,0,"{'fundamental_score': 4.300000000000001, 'technical_score': 0, 'confidence': 0}"
CAPACITE.NS,191.13999938964844,InvestmentDecision.AVOID,0,0,"{'fundamental_score': 6.7, 'technical_score': 0, 'confidence': 0}"
ROSSTECH.NS,1398.800048828125,InvestmentDecision.AVOID,0,0,"{'fundamental_score': 5.2, 'technical_score': 0, 'confidence': 0}"
FILATEX.NS,106.94000244140625,InvestmentDecision.AVOID,0,0,"{'fundamental_score': 5.9, 'technical_score': 0, 'confidence': 0}"
JINDALPOLY.NS,694.0999755859375,InvestmentDecision.AVOID,0,0,"{'fundamental_score': 3.4000000000000004, 'technical_score': 0, 'confidence': 0}"
SMSPHARMA.NS,475.0,InvestmentDecision.AVOID,0,0,"{'fundamental_score': 6.7, 'technical_score': 0, 'confidence': 0}"
MONARCH.NS,362.75,InvestmentDecision.AVOID,0,0,"{'fundamental_score': 7.4, 'technical_score': 0, 'confidence': 0}"
TASTYBITE.NS,9856.0,InvestmentDecision.AVOID,0,0,"{'fundamental_score': 5.9, 'technical_score': 0, 'confidence': 0}"
AEROFLEX.NS,513.4000244140625,InvestmentDecision.AVOID,0,0,"{'fundamental_score': 7.6, 'technical_score': 0, 'confidence': 0}"
HGS.NS,372.3500061035156,InvestmentDecision.AVOID,0,0,"{'fundamental_score': 6.7, 'technical_score': 0, 'confidence': 0}"
JAICORPLTD.NS,94.43000030517578,InvestmentDecision.AVOID,0,0,"{'fundamental_score': 7.9, 'technical_score': 0, 'confidence': 0}"
MOLDTKPAC.NS,649.4000244140625,InvestmentDecision.AVOID,0,0,"{'fundamental_score': 5.9, 'technical_score': 0, 'confidence': 0}"
COSMOFIRST.NS,849.4000244140625,InvestmentDecision.AVOID,0,0,"{'fundamental_score': 5.0, 'technical_score': 0, 'confidence': 0}"
PFS.NS,27.1200008392334,InvestmentDecision.AVOID,0,0,"{'fundamental_score': 6.95, 'technical_score': 0, 'confidence': 0}"
MBEL.NS,257.70001220703125,InvestmentDecision.AVOID,0,0,"{'fundamental_score': 6.7, 'technical_score': 0, 'confidence': 0}"
BAJEL.NS,173.13999938964844,InvestmentDecision.AVOID,0,0,"{'fundamental_score': 6.7, 'technical_score': 0, 'confidence': 0}"
INSECTICID.NS,602.5,InvestmentDecision.AVOID,0,0,"{'fundamental_score': 6.7, 'technical_score': 0, 'confidence': 0}"
SHALBY.NS,147.1199951171875,InvestmentDecision.AVOID,0,0,"{'fundamental_score': 6.25, 'technical_score': 0, 'confidence': 0}"
NDRAUTO.NS,746.5999755859375,InvestmentDecision.AVOID,0,0,"{'fundamental_score': 5.9, 'technical_score': 0, 'confidence': 0}"
FINOPB.NS,128.25,InvestmentDecision.AVOID,0,0,"{'fundamental_score': 5.9, 'technical_score': 0, 'confidence': 0}"
ORIENTHOT.NS,140.92999267578125,InvestmentDecision.AVOID,0,0,"{'fundamental_score': 6.800000000000001, 'technical_score': 0, 'confidence': 0}"
STYLEBAAZA.NS,375.79998779296875,InvestmentDecision.AVOID,0,0,"{'fundamental_score': 4.4, 'technical_score': 0, 'confidence': 0}"
SCILAL.NS,36.900001525878906,InvestmentDecision.AVOID,0,0,"{'fundamental_score': 8.2, 'technical_score': 0, 'confidence': 0}"
NILKAMAL.NS,1884.0,InvestmentDecision.AVOID,0,0,"{'fundamental_score': 5.9, 'technical_score': 0, 'confidence': 0}"
LANDMARK.NS,488.54998779296875,InvestmentDecision.AVOID,0,0,"{'fundamental_score': 4.4, 'technical_score': 0, 'confidence': 0}"
EIHAHOTELS.NS,294.29998779296875,InvestmentDecision.AVOID,0,0,"{'fundamental_score': 7.4, 'technical_score': 0, 'confidence': 0}"
IPL.NS,133.9199981689453,InvestmentDecision.AVOID,0,0,"{'fundamental_score': 6.7, 'technical_score': 0, 'confidence': 0}"
SUMMITSEC.NS,1337.4000244140625,InvestmentDecision.AVOID,0,0,"{'fundamental_score': 7.4, 'technical_score': 0, 'confidence': 0}"
SEAMECLTD.NS,1712.199951171875,InvestmentDecision.AVOID,0,0,"{'fundamental_score': 8.2, 'technical_score': 0, 'confidence': 0}"
MAYURUNIQ.NS,729.5999755859375,InvestmentDecision.AVOID,0,0,"{'fundamental_score': 7.4, 'technical_score': 0, 'confidence': 0}"
RML.NS,1322.300048828125,InvestmentDecision.AVOID,0,0,"{'fundamental_score': 5.0, 'technical_score': 0, 'confidence': 0}"
YATRA.NS,103.83999633789062,InvestmentDecision.AVOID,0,0,"{'fundamental_score': 5.9, 'technical_score': 0, 'confidence': 0}"
STEELCAS.NS,370.75,InvestmentDecision.AVOID,0,0,"{'fundamental_score': 8.2, 'technical_score': 0, 'confidence': 0}"
GENESYS.NS,282.1300048828125,InvestmentDecision.AVOID,0,0,"{'fundamental_score': 6.7, 'technical_score': 0, 'confidence': 0}"
GVPIL.NS,651.4000244140625,InvestmentDecision.AVOID,0,0,"{'fundamental_score': 8.2, 'technical_score': 0, 'confidence': 0}"
SOLARA.NS,736.2999877929688,InvestmentDecision.AVOID,0,0,"{'fundamental_score': 6.25, 'technical_score': 0, 'confidence': 0}"
KICL.NS,5009.5,InvestmentDecision.AVOID,0,0,"{'fundamental_score': 7.4, 'technical_score': 0, 'confidence': 0}"
SPECTRUM.NS,3518.800048828125,InvestmentDecision.AVOID,0,0,"{'fundamental_score': 5.8, 'technical_score': 0, 'confidence': 0}"
SULA.NS,135.1300048828125,InvestmentDecision.AVOID,0,0,"{'fundamental_score': 5.45, 'technical_score': 0, 'confidence': 0}"
SIMPLEXINF.NS,250.6999969482422,InvestmentDecision.AVOID,0,0,"{'fundamental_score': 5.2, 'technical_score': 0, 'confidence': 0}"
SGFIN.NS,609.7000122070312,InvestmentDecision.AVOID,0,0,"{'fundamental_score': 5.9, 'technical_score': 0, 'confidence': 0}"
CANTABIL.NS,236.75,InvestmentDecision.AVOID,0,0,"{'fundamental_score': 5.0, 'technical_score': 0, 'confidence': 0}"
SYSTMTXC.NS,77.5,InvestmentDecision.AVOID,0,0,"{'fundamental_score': 5.9, 'technical_score': 0, 'confidence': 0}"
DELTACORP.NS,72.19999694824219,InvestmentDecision.AVOID,0,0,"{'fundamental_score': 5.9, 'technical_score': 0, 'confidence': 0}"
STUDDS.NS,410.0,InvestmentDecision.AVOID,0,0,"{'fundamental_score': 5.9, 'technical_score': 0, 'confidence': 0}"
SASKEN.NS,1658.199951171875,InvestmentDecision.AVOID,0,0,"{'fundamental_score': 4.7, 'technical_score': 0, 'confidence': 0}"
SANGAMIND.NS,619.9000244140625,InvestmentDecision.AVOID,0,0,"{'fundamental_score': 5.0, 'technical_score': 0, 'confidence': 0}"
RANEHOLDIN.NS,1584.4000244140625,InvestmentDecision.AVOID,0,0,"{'fundamental_score': 5.45, 'technical_score': 0, 'confidence': 0}"
HINDOILEXP.NS,173.3800048828125,InvestmentDecision.AVOID,0,0,"{'fundamental_score': 5.9, 'technical_score': 0, 'confidence': 0}"
STOVEKRAFT.NS,814.4000244140625,InvestmentDecision.AVOID,0,0,"{'fundamental_score': 5.9, 'technical_score': 0, 'confidence': 0}"
GEOJITFSL.NS,81.51000213623047,InvestmentDecision.AVOID,0,0,"{'fundamental_score': 5.9, 'technical_score': 0, 'confidence': 0}"
IDEAFORGE.NS,716.4000244140625,InvestmentDecision.AVOID,0,0,"{'fundamental_score': 6.7, 'technical_score': 0, 'confidence': 0}"
RPTECH.NS,893.0,InvestmentDecision.AVOID,0,0,"{'fundamental_score': 6.7, 'technical_score': 0, 'confidence': 0}"
ACCELYA.NS,1110.0,InvestmentDecision.AVOID,0,0,"{'fundamental_score': 8.4, 'technical_score': 0, 'confidence': 0}"
VENKEYS.NS,1632.800048828125,InvestmentDecision.AVOID,0,0,"{'fundamental_score': 5.9, 'technical_score': 0, 'confidence': 0}"
TIL.NS,251.11000061035156,InvestmentDecision.AVOID,0,0,"{'fundamental_score': 5.2, 'technical_score': 0, 'confidence': 0}"
YASHO.NS,4234.10009765625,InvestmentDecision.AVOID,0,0,"{'fundamental_score': 5.8, 'technical_score': 0, 'confidence': 0}"
WEL.NS,74.62000274658203,InvestmentDecision.AVOID,0,0,"{'fundamental_score': 5.0, 'technical_score': 0, 'confidence': 0}"
DOLLAR.NS,270.45001220703125,InvestmentDecision.AVOID,0,0,"{'fundamental_score': 5.9, 'technical_score': 0, 'confidence': 0}"
INDIANHUME.NS,357.45001220703125,InvestmentDecision.AVOID,0,0,"{'fundamental_score': 6.7, 'technical_score': 0, 'confidence': 0}"
DREDGECORP.NS,941.4000244140625,InvestmentDecision.AVOID,0,0,"{'fundamental_score': 4.25, 'technical_score': 0, 'confidence': 0}"
MOL.NS,58.52000045776367,InvestmentDecision.AVOID,0,0,"{'fundamental_score': 6.7, 'technical_score': 0, 'confidence': 0}"
DCW.NS,46.810001373291016,InvestmentDecision.AVOID,0,0,"{'fundamental_score': 6.7, 'technical_score': 0, 'confidence': 0}"
UGROCAP.NS,82.0199966430664,InvestmentDecision.AVOID,0,0,"{'fundamental_score': 5.9, 'technical_score': 0, 'confidence': 0}"
THEJO.NS,2185.0,InvestmentDecision.AVOID,0,0,"{'fundamental_score': 6.7, 'technical_score': 0, 'confidence': 0}"
HITECH.NS,73.5999984741211,InvestmentDecision.AVOID,0,0,"{'fundamental_score': 6.7, 'technical_score': 0, 'confidence': 0}"
MANGLMCEM.NS,1028.5999755859375,InvestmentDecision.AVOID,0,0,"{'fundamental_score': 6.25, 'technical_score': 0, 'confidence': 0}"
AMRUTANJAN.NS,506.3500061035156,InvestmentDecision.AVOID,0,0,"{'fundamental_score': 6.7, 'technical_score': 0, 'confidence': 0}"
SHRINGARMS.NS,218.0399932861328,InvestmentDecision.AVOID,0,0,"{'fundamental_score': 5.9, 'technical_score': 0, 'confidence': 0}"
WHEELS.NS,2296.39990234375,InvestmentDecision.AVOID,0,0,"{'fundamental_score': 5.45, 'technical_score': 0, 'confidence': 0}"
APCOTEXIND.NS,586.0,InvestmentDecision.AVOID,0,0,"{'fundamental_score': 6.7, 'technical_score': 0, 'confidence': 0}"
GMBREW.NS,978.7999877929688,InvestmentDecision.AVOID,0,0,"{'fundamental_score': 5.9, 'technical_score': 0, 'confidence': 0}"
VERANDA.NS,232.58999633789062,InvestmentDecision.AVOID,0,0,"{'fundamental_score': 7.4, 'technical_score': 0, 'confidence': 0}"
PIXTRANS.NS,1734.800048828125,InvestmentDecision.AVOID,0,0,"{'fundamental_score': 8.2, 'technical_score': 0, 'confidence': 0}"
MOBIKWIK.NS,199.05999755859375,InvestmentDecision.AVOID,0,0,"{'fundamental_score': 6.25, 'technical_score': 0, 'confidence': 0}"
UNIPARTS.NS,847.2000122070312,InvestmentDecision.AVOID,0,0,"{'fundamental_score': 7.6, 'technical_score': 0, 'confidence': 0}"
WAAREEINDO.NS,230.85000610351562,InvestmentDecision.AVOID,0,0,"{'fundamental_score': 8.2, 'technical_score': 0, 'confidence': 0}"
RAJRATAN.NS,472.5,InvestmentDecision.AVOID,0,0,"{'fundamental_score': 6.7, 'technical_score': 0, 'confidence': 0}"
EXICOM.NS,156.07000732421875,InvestmentDecision.AVOID,0,0,"{'fundamental_score': 5.8, 'technical_score': 0, 'confidence': 0}"
INDNIPPON.NS,1318.199951171875,InvestmentDecision.AVOID,0,0,"{'fundamental_score': 5.9, 'technical_score': 0, 'confidence': 0}"
VINCOFE.NS,179.97000122070312,InvestmentDecision.AVOID,0,0,"{'fundamental_score': 6.800000000000001, 'technical_score': 0, 'confidence': 0}"
MUKANDLTD.NS,167.0500030517578,InvestmentDecision.AVOID,0,0,"{'fundamental_score': 6.699999999999999, 'technical_score': 0, 'confidence': 0}"
SOMANYCERA.NS,620.0499877929688,InvestmentDecision.AVOID,0,0,"{'fundamental_score': 6.7, 'technical_score': 0, 'confidence': 0}"
DYCL.NS,435.1499938964844,InvestmentDecision.AVOID,0,0,"{'fundamental_score': 6.7, 'technical_score': 0, 'confidence': 0}"
NELCO.NS,916.4500122070312,InvestmentDecision.AVOID,0,0,"{'fundamental_score': 6.25, 'technical_score': 0, 'confidence': 0}"
DIVGIITTS.NS,1218.5999755859375,InvestmentDecision.AVOID,0,0,"{'fundamental_score': 7.1000000000000005, 'technical_score': 0, 'confidence': 0}"
MSPL.NS,33.72999954223633,InvestmentDecision.AVOID,0,0,"{'fundamental_score': 6.7, 'technical_score': 0, 'confidence': 0}"
KERNEX.NS,1693.5,InvestmentDecision.AVOID,0,0,"{'fundamental_score': 7.75, 'technical_score': 0, 'confidence': 0}"
NITINSPIN.NS,612.3499755859375,InvestmentDecision.AVOID,0,0,"{'fundamental_score': 5.45, 'technical_score': 0, 'confidence': 0}"
BGRENERGY.NS,255.80999755859375,InvestmentDecision.AVOID,0,0,"{'fundamental_score': 6.7, 'technical_score': 0, 'confidence': 0}"
WINDLAS.NS,1102.550048828125,InvestmentDecision.AVOID,0,0,"{'fundamental_score': 6.7, 'technical_score': 0, 'confidence': 0}"
RAMCOSYS.NS,580.2000122070312,InvestmentDecision.AVOID,0,0,"{'fundamental_score': 6.7, 'technical_score': 0, 'confidence': 0}"
SPAL.NS,965.5999755859375,InvestmentDecision.AVOID,0,0,"{'fundamental_score': 5.9, 'technical_score': 0, 'confidence': 0}"
GTLINFRA.NS,1.090000033378601,InvestmentDecision.AVOID,0,0,"{'fundamental_score': 8.2, 'technical_score': 0, 'confidence': 0}"
NIBE.NS,1261.4000244140625,InvestmentDecision.AVOID,0,0,"{'fundamental_score': 6.7, 'technical_score': 0, 'confidence': 0}"
SPIC.NS,64.7300033569336,InvestmentDecision.AVOID,0,0,"{'fundamental_score': 6.25, 'technical_score': 0, 'confidence': 0}"
LAXMIDENTL.NS,192.6999969482422,InvestmentDecision.AVOID,0,0,"{'fundamental_score': 6.7, 'technical_score': 0, 'confidence': 0}"
ASALCBR.NS,644.9500122070312,InvestmentDecision.AVOID,0,0,"{'fundamental_score': 5.9, 'technical_score': 0, 'confidence': 0}"
SPANDANA.NS,228.35000610351562,InvestmentDecision.AVOID,0,0,"{'fundamental_score': 4.4, 'technical_score': 0, 'confidence': 0}"
PANAMAPET.NS,473.3999938964844,InvestmentDecision.AVOID,0,0,"{'fundamental_score': 5.9, 'technical_score': 0, 'confidence': 0}"
INDOTECH.NS,3177.699951171875,InvestmentDecision.AVOID,0,0,"{'fundamental_score': 6.7, 'technical_score': 0, 'confidence': 0}"
ALLTIME.NS,197.91000366210938,InvestmentDecision.AVOID,0,0,"{'fundamental_score': 5.9, 'technical_score': 0, 'confidence': 0}"
VIDHIING.NS,345.75,InvestmentDecision.AVOID,0,0,"{'fundamental_score': 7.6, 'technical_score': 0, 'confidence': 0}"
RHETAN.NS,15.170000076293945,InvestmentDecision.AVOID,0,0,"{'fundamental_score': 8.2, 'technical_score': 0, 'confidence': 0}"
WENDT.NS,8459.0,InvestmentDecision.AVOID,0,0,"{'fundamental_score': 6.7, 'technical_score': 0, 'confidence': 0}"
UNITECH.NS,4.090000152587891,InvestmentDecision.AVOID,0,0,"{'fundamental_score': 6.7, 'technical_score': 0, 'confidence': 0}"
RMDRIP.NS,23.290000915527344,InvestmentDecision.AVOID,0,0,"{'fundamental_score': 7.9, 'technical_score': 0, 'confidence': 0}"
MOTISONS.NS,18.040000915527344,InvestmentDecision.AVOID,0,0,"{'fundamental_score': 6.800000000000001, 'technical_score': 0, 'confidence': 0}"
DEEDEV.NS,666.2000122070312,InvestmentDecision.AVOID,0,0,"{'fundamental_score': 6.25, 'technical_score': 0, 'confidence': 0}"
SEPC.NS,5.119999885559082,InvestmentDecision.AVOID,0,0,"{'fundamental_score': 6.7, 'technical_score': 0, 'confidence': 0}"
ADOR.NS,1638.9000244140625,InvestmentDecision.AVOID,0,0,"{'fundamental_score': 6.7, 'technical_score': 0, 'confidence': 0}"
GARUDA.NS,176.8699951171875,InvestmentDecision.AVOID,0,0,"{'fundamental_score': 8.2, 'technical_score': 0, 'confidence': 0}"
VINDHYATEL.NS,2719.800048828125,InvestmentDecision.AVOID,0,0,"{'fundamental_score': 6.7, 'technical_score': 0, 'confidence': 0}"
PRECAM.NS,116.77999877929688,InvestmentDecision.AVOID,0,0,"{'fundamental_score': 5.9, 'technical_score': 0, 'confidence': 0}"
ASTEC.NS,739.0,InvestmentDecision.AVOID,0,0,"{'fundamental_score': 5.8, 'technical_score': 0, 'confidence': 0}"
BETA.NS,2040.300048828125,InvestmentDecision.AVOID,0,0,"{'fundamental_score': 6.25, 'technical_score': 0, 'confidence': 0}"
FUSION.NS,177.13999938964844,InvestmentDecision.AVOID,0,0,"{'fundamental_score': 5.9, 'technical_score': 0, 'confidence': 0}"
TALBROAUTO.NS,457.3500061035156,InvestmentDecision.AVOID,0,0,"{'fundamental_score': 6.800000000000001, 'technical_score': 0, 'confidence': 0}"
IFGLEXPOR.NS,197.4499969482422,InvestmentDecision.AVOID,0,0,"{'fundamental_score': 6.7, 'technical_score': 0, 'confidence': 0}"
BLSE.NS,324.54998779296875,InvestmentDecision.AVOID,0,0,"{'fundamental_score': 6.7, 'technical_score': 0, 'confidence': 0}"
BFINVEST.NS,442.3999938964844,InvestmentDecision.AVOID,0,0,"{'fundamental_score': 7.4, 'technical_score': 0, 'confidence': 0}"
NAVKARCORP.NS,88.20999908447266,InvestmentDecision.AVOID,0,0,"{'fundamental_score': 6.7, 'technical_score': 0, 'confidence': 0}"
SPMLINFRA.NS,165.86000061035156,InvestmentDecision.AVOID,0,0,"{'fundamental_score': 6.7, 'technical_score': 0, 'confidence': 0}"
JYOTISTRUC.NS,9.029999732971191,InvestmentDecision.AVOID,0,0,"{'fundamental_score': 5.2, 'technical_score': 0, 'confidence': 0}"
JGCHEM.NS,620.0999755859375,InvestmentDecision.AVOID,0,0,"{'fundamental_score': 6.7, 'technical_score': 0, 'confidence': 0}"
GOCLCORP.NS,379.0,InvestmentDecision.AVOID,0,0,"{'fundamental_score': 8.2, 'technical_score': 0, 'confidence': 0}"
HUHTAMAKI.NS,234.1999969482422,InvestmentDecision.AVOID,0,0,"{'fundamental_score': 5.1000000000000005, 'technical_score': 0, 'confidence': 0}"
QUICKHEAL.NS,143.39999389648438,InvestmentDecision.AVOID,0,0,"{'fundamental_score': 6.7, 'technical_score': 0, 'confidence': 0}"
PNBGILTS.NS,74.7300033569336,InvestmentDecision.AVOID,0,0,"{'fundamental_score': 5.9, 'technical_score': 0, 'confidence': 0}"
JINDRILL.NS,624.1500244140625,InvestmentDecision.AVOID,0,0,"{'fundamental_score': 7.4, 'technical_score': 0, 'confidence': 0}"
DLINKINDIA.NS,420.8999938964844,InvestmentDecision.AVOID,0,0,"{'fundamental_score': 6.7, 'technical_score': 0, 'confidence': 0}"
BLISSGVS.NS,737.6500244140625,InvestmentDecision.AVOID,0,0,"{'fundamental_score': 7.6, 'technical_score': 0, 'confidence': 0}"
SANSTAR.NS,108.41999816894531,InvestmentDecision.AVOID,0,0,"{'fundamental_score': 6.7, 'technical_score': 0, 'confidence': 0}"
EXPLEOSOL.NS,883.25,InvestmentDecision.AVOID,0,0,"{'fundamental_score': 7.6, 'technical_score': 0, 'confidence': 0}"
SESHAPAPER.NS,246.27000427246094,InvestmentDecision.AVOID,0,0,"{'fundamental_score': 6.7, 'technical_score': 0, 'confidence': 0}"
DEN.NS,26.0,InvestmentDecision.AVOID,0,0,"{'fundamental_score': 7.9, 'technical_score': 0, 'confidence': 0}"
TTKHLTCARE.NS,1031.0999755859375,InvestmentDecision.AVOID,0,0,"{'fundamental_score': 6.7, 'technical_score': 0, 'confidence': 0}"
DAMCAPITAL.NS,158.66000366210938,InvestmentDecision.AVOID,0,0,"{'fundamental_score': 7.4, 'technical_score': 0, 'confidence': 0}"
ARMANFIN.NS,1700.0999755859375,InvestmentDecision.AVOID,0,0,"{'fundamental_score': 5.9, 'technical_score': 0, 'confidence': 0}"
ARIHANTSUP.NS,242.6999969482422,InvestmentDecision.AVOID,0,0,"{'fundamental_score': 5.2, 'technical_score': 0, 'confidence': 0}"
SATIN.NS,236.64999389648438,InvestmentDecision.AVOID,0,0,"{'fundamental_score': 5.9, 'technical_score': 0, 'confidence': 0}"
RAMASTEEL.NS,4.480000019073486,InvestmentDecision.AVOID,0,0,"{'fundamental_score': 6.7, 'technical_score': 0, 'confidence': 0}"
DOLPHIN.NS,648.0,InvestmentDecision.AVOID,0,0,"{'fundamental_score': 6.95, 'technical_score': 0, 'confidence': 0}"
RAJOOENG.NS,53.08000183105469,InvestmentDecision.AVOID,0,0,"{'fundamental_score': 7.6, 'technical_score': 0, 'confidence': 0}"
STANLEY.NS,144.32000732421875,InvestmentDecision.AVOID,0,0,"{'fundamental_score': 5.45, 'technical_score': 0, 'confidence': 0}"
MUFIN.NS,133.02000427246094,InvestmentDecision.AVOID,0,0,"{'fundamental_score': 5.9, 'technical_score': 0, 'confidence': 0}"
JNKINDIA.NS,420.3999938964844,InvestmentDecision.AVOID,0,0,"{'fundamental_score': 6.7, 'technical_score': 0, 'confidence': 0}"
TARSONS.NS,332.75,InvestmentDecision.AVOID,0,0,"{'fundamental_score': 6.25, 'technical_score': 0, 'confidence': 0}"
HIMATSEIDE.NS,68.79000091552734,InvestmentDecision.AVOID,0,0,"{'fundamental_score': 5.0, 'technical_score': 0, 'confidence': 0}"
SOLEX.NS,705.2000122070312,InvestmentDecision.AVOID,0,0,"{'fundamental_score': 5.8, 'technical_score': 0, 'confidence': 0}"
MMFL.NS,616.1500244140625,InvestmentDecision.AVOID,0,0,"{'fundamental_score': 5.8, 'technical_score': 0, 'confidence': 0}"
UDS.NS,207.89999389648438,InvestmentDecision.AVOID,0,0,"{'fundamental_score': 6.7, 'technical_score': 0, 'confidence': 0}"
SYNCOMF.NS,22.200000762939453,InvestmentDecision.AVOID,0,0,"{'fundamental_score': 7.9, 'technical_score': 0, 'confidence': 0}"
IGARASHI.NS,422.79998779296875,InvestmentDecision.AVOID,0,0,"{'fundamental_score': 5.9, 'technical_score': 0, 'confidence': 0}"
TINNARUBR.NS,978.0999755859375,InvestmentDecision.AVOID,0,0,"{'fundamental_score': 6.7, 'technical_score': 0, 'confidence': 0}"
GREENPOWER.NS,8.960000038146973,InvestmentDecision.AVOID,0,0,"{'fundamental_score': 8.2, 'technical_score': 0, 'confidence': 0}"
PUNJABCHEM.NS,1077.5999755859375,InvestmentDecision.AVOID,0,0,"{'fundamental_score': 6.7, 'technical_score': 0, 'confidence': 0}"
SURAKSHA.NS,343.29998779296875,InvestmentDecision.AVOID,0,0,"{'fundamental_score': 6.25, 'technical_score': 0, 'confidence': 0}"
AIMTRON.NS,1890.25,InvestmentDecision.AVOID,0,0,"{'fundamental_score': 6.7, 'technical_score': 0, 'confidence': 0}"
APOLLOPIPE.NS,511.45001220703125,InvestmentDecision.AVOID,0,0,"{'fundamental_score': 6.7, 'technical_score': 0, 'confidence': 0}"
SHANTIGOLD.NS,308.7699890136719,InvestmentDecision.AVOID,0,0,"{'fundamental_score': 5.9, 'technical_score': 0, 'confidence': 0}"
MASTERTR.NS,84.87000274658203,InvestmentDecision.AVOID,0,0,"{'fundamental_score': 7.4, 'technical_score': 0, 'confidence': 0}"
IKIO.NS,205.42999267578125,InvestmentDecision.AVOID,0,0,"{'fundamental_score': 6.7, 'technical_score': 0, 'confidence': 0}"
AWHCL.NS,378.3500061035156,InvestmentDecision.AVOID,0,0,"{'fundamental_score': 6.25, 'technical_score': 0, 'confidence': 0}"
STALLION.NS,221.5399932861328,InvestmentDecision.AVOID,0,0,"{'fundamental_score': 6.7, 'technical_score': 0, 'confidence': 0}"
LGHL.NS,182.99000549316406,InvestmentDecision.AVOID,0,0,"{'fundamental_score': 4.4, 'technical_score': 0, 'confidence': 0}"
ECOSMOBLTY.NS,106.36000061035156,InvestmentDecision.AVOID,0,0,"{'fundamental_score': 6.7, 'technical_score': 0, 'confidence': 0}"
JAGRAN.NS,62.650001525878906,InvestmentDecision.AVOID,0,0,"{'fundamental_score': 6.7, 'technical_score': 0, 'confidence': 0}"
RUPA.NS,136.07000732421875,InvestmentDecision.AVOID,0,0,"{'fundamental_score': 5.9, 'technical_score': 0, 'confidence': 0}"
VINYAS.NS,1527.300048828125,InvestmentDecision.AVOID,0,0,"{'fundamental_score': 6.7, 'technical_score': 0, 'confidence': 0}"
OMAXE.NS,110.2699966430664,InvestmentDecision.AVOID,0,0,"{'fundamental_score': 6.7, 'technical_score': 0, 'confidence': 0}"
SHRIRAMPPS.NS,71.19999694824219,InvestmentDecision.AVOID,0,0,"{'fundamental_score': 6.7, 'technical_score': 0, 'confidence': 0}"
IVALUE.NS,225.22000122070312,InvestmentDecision.AVOID,0,0,"{'fundamental_score': 6.7, 'technical_score': 0, 'confidence': 0}"
HESTERBIO.NS,2182.89990234375,InvestmentDecision.AVOID,0,0,"{'fundamental_score': 7.75, 'technical_score': 0, 'confidence': 0}"
FINKURVE.NS,69.30999755859375,InvestmentDecision.AVOID,0,0,"{'fundamental_score': 5.9, 'technical_score': 0, 'confidence': 0}"
QUADFUTURE.NS,531.5,InvestmentDecision.AVOID,0,0,"{'fundamental_score': 6.7, 'technical_score': 0, 'confidence': 0}"
HMAAGRO.NS,23.979999542236328,InvestmentDecision.AVOID,0,0,"{'fundamental_score': 5.45, 'technical_score': 0, 'confidence': 0}"
JAGSNPHARM.NS,242.2899932861328,InvestmentDecision.AVOID,0,0,"{'fundamental_score': 7.9, 'technical_score': 0, 'confidence': 0}"
PLATIND.NS,210.63999938964844,InvestmentDecision.AVOID,0,0,"{'fundamental_score': 6.7, 'technical_score': 0, 'confidence': 0}"
ORIENTTECH.NS,237.3000030517578,InvestmentDecision.AVOID,0,0,"{'fundamental_score': 6.7, 'technical_score': 0, 'confidence': 0}"
EKC.NS,110.27999877929688,InvestmentDecision.AVOID,0,0,"{'fundamental_score': 6.7, 'technical_score': 0, 'confidence': 0}"
ANDHRAPAP.NS,74.05000305175781,InvestmentDecision.AVOID,0,0,"{'fundamental_score': 6.7, 'technical_score': 0, 'confidence': 0}"
SALASAR.NS,4.510000228881836,InvestmentDecision.AVOID,0,0,"{'fundamental_score': 6.25, 'technical_score': 0, 'confidence': 0}"
ESAFSFB.NS,43.0,InvestmentDecision.AVOID,0,0,"{'fundamental_score': 5.9, 'technical_score': 0, 'confidence': 0}"
CONFIPET.NS,85.6500015258789,InvestmentDecision.AVOID,0,0,"{'fundamental_score': 5.9, 'technical_score': 0, 'confidence': 0}"
SMCGLOBAL.NS,85.5999984741211,InvestmentDecision.AVOID,0,0,"{'fundamental_score': 4.4, 'technical_score': 0, 'confidence': 0}"
CENTRUM.NS,21.239999771118164,InvestmentDecision.AVOID,0,0,"{'fundamental_score': 4.4, 'technical_score': 0, 'confidence': 0}"
DOLATALGO.NS,67.4800033569336,InvestmentDecision.AVOID,0,0,"{'fundamental_score': 7.4, 'technical_score': 0, 'confidence': 0}"
ROTO.NS,62.79999923706055,InvestmentDecision.AVOID,0,0,"{'fundamental_score': 6.7, 'technical_score': 0, 'confidence': 0}"
NIITLTD.NS,88.5,InvestmentDecision.AVOID,0,0,"{'fundamental_score': 5.9, 'technical_score': 0, 'confidence': 0}"
GPTINFRA.NS,114.43000030517578,InvestmentDecision.AVOID,0,0,"{'fundamental_score': 6.7, 'technical_score': 0, 'confidence': 0}"
SURYODAY.NS,149.1199951171875,InvestmentDecision.AVOID,0,0,"{'fundamental_score': 6.800000000000001, 'technical_score': 0, 'confidence': 0}"
BIRLANU.NS,1438.800048828125,InvestmentDecision.AVOID,0,0,"{'fundamental_score': 5.8, 'technical_score': 0, 'confidence': 0}"
RISHABH.NS,713.5,InvestmentDecision.AVOID,0,0,"{'fundamental_score': 6.7, 'technical_score': 0, 'confidence': 0}"
PAUSHAKLTD.NS,667.1500244140625,InvestmentDecision.AVOID,0,0,"{'fundamental_score': 7.9, 'technical_score': 0, 'confidence': 0}"
ASIANENE.NS,487.75,InvestmentDecision.AVOID,0,0,"{'fundamental_score': 5.9, 'technical_score': 0, 'confidence': 0}"
GANDHAR.NS,262.04998779296875,InvestmentDecision.AVOID,0,0,"{'fundamental_score': 5.9, 'technical_score': 0, 'confidence': 0}"
EXCELINDUS.NS,928.9000244140625,InvestmentDecision.AVOID,0,0,"{'fundamental_score': 6.7, 'technical_score': 0, 'confidence': 0}"
BAJAJHCARE.NS,344.1499938964844,InvestmentDecision.AVOID,0,0,"{'fundamental_score': 6.7, 'technical_score': 0, 'confidence': 0}"
ALICON.NS,730.0499877929688,InvestmentDecision.AVOID,0,0,"{'fundamental_score': 6.25, 'technical_score': 0, 'confidence': 0}"
DCMSRIND.NS,39.709999084472656,InvestmentDecision.AVOID,0,0,"{'fundamental_score': 5.0, 'technical_score': 0, 'confidence': 0}"
CLSEL.NS,294.70001220703125,InvestmentDecision.AVOID,0,0,"{'fundamental_score': 5.9, 'technical_score': 0, 'confidence': 0}"
RAJRILTD.NS,20.899999618530273,InvestmentDecision.AVOID,0,0,"{'fundamental_score': 5.0, 'technical_score': 0, 'confidence': 0}"
INDORAMA.NS,99.36000061035156,InvestmentDecision.AVOID,0,0,"{'fundamental_score': 4.4, 'technical_score': 0, 'confidence': 0}"
PARACABLES.NS,56.349998474121094,InvestmentDecision.AVOID,0,0,"{'fundamental_score': 6.7, 'technical_score': 0, 'confidence': 0}"
VPRPL.NS,32.5,InvestmentDecision.AVOID,0,0,"{'fundamental_score': 5.8, 'technical_score': 0, 'confidence': 0}"
SALZERELEC.NS,541.25,InvestmentDecision.AVOID,0,0,"{'fundamental_score': 6.25, 'technical_score': 0, 'confidence': 0}"
MANAKCOAT.NS,125.54000091552734,InvestmentDecision.AVOID,0,0,"{'fundamental_score': 6.7, 'technical_score': 0, 'confidence': 0}"
SIGACHI.NS,28.770000457763672,InvestmentDecision.AVOID,0,0,"{'fundamental_score': 6.7, 'technical_score': 0, 'confidence': 0}"
INFOBEAN.NS,146.5500030517578,InvestmentDecision.AVOID,0,0,"{'fundamental_score': 7.9, 'technical_score': 0, 'confidence': 0}"
ALLDIGI.NS,776.9500122070312,InvestmentDecision.AVOID,0,0,"{'fundamental_score': 7.15, 'technical_score': 0, 'confidence': 0}"
BLKASHYAP.NS,54.2599983215332,InvestmentDecision.AVOID,0,0,"{'fundamental_score': 6.25, 'technical_score': 0, 'confidence': 0}"
SPORTKING.NS,207.4199981689453,InvestmentDecision.AVOID,0,0,"{'fundamental_score': 5.9, 'technical_score': 0, 'confidence': 0}"
GODAVARIB.NS,236.52000427246094,InvestmentDecision.AVOID,0,0,"{'fundamental_score': 6.25, 'technical_score': 0, 'confidence': 0}"
JARO.NS,442.95001220703125,InvestmentDecision.AVOID,0,0,"{'fundamental_score': 7.4, 'technical_score': 0, 'confidence': 0}"
SURAJEST.NS,221.75,InvestmentDecision.AVOID,0,0,"{'fundamental_score': 7.45, 'technical_score': 0, 'confidence': 0}"
CIFL.NS,22.040000915527344,InvestmentDecision.AVOID,0,0,"{'fundamental_score': 5.0, 'technical_score': 0, 'confidence': 0}"
UNIECOM.NS,82.18000030517578,InvestmentDecision.AVOID,0,0,"{'fundamental_score': 6.7, 'technical_score': 0, 'confidence': 0}"
MONTECARLO.NS,524.0999755859375,InvestmentDecision.AVOID,0,0,"{'fundamental_score': 5.45, 'technical_score': 0, 'confidence': 0}"
MADRASFERT.NS,60.16999816894531,InvestmentDecision.AVOID,0,0,"{'fundamental_score': 5.2, 'technical_score': 0, 'confidence': 0}"
HARIOMPIPE.NS,344.54998779296875,InvestmentDecision.AVOID,0,0,"{'fundamental_score': 6.25, 'technical_score': 0, 'confidence': 0}"
DECCANCE.NS,553.5499877929688,InvestmentDecision.AVOID,0,0,"{'fundamental_score': 5.8, 'technical_score': 0, 'confidence': 0}"
SHANKARA.NS,127.33999633789062,InvestmentDecision.AVOID,0,0,"{'fundamental_score': 4.300000000000001, 'technical_score': 0, 'confidence': 0}"
GNA.NS,594.7000122070312,InvestmentDecision.AVOID,0,0,"{'fundamental_score': 5.500000000000001, 'technical_score': 0, 'confidence': 0}"
RIIL.NS,685.5999755859375,InvestmentDecision.AVOID,0,0,"{'fundamental_score': 8.2, 'technical_score': 0, 'confidence': 0}"
VMARCIND.NS,322.45001220703125,InvestmentDecision.AVOID,0,0,"{'fundamental_score': 6.7, 'technical_score': 0, 'confidence': 0}"
SUMEETINDS.NS,12.180000305175781,InvestmentDecision.AVOID,0,0,"{'fundamental_score': 5.45, 'technical_score': 0, 'confidence': 0}"
IMPAL.NS,1064.199951171875,InvestmentDecision.AVOID,0,0,"{'fundamental_score': 5.9, 'technical_score': 0, 'confidence': 0}"
IGPL.NS,581.5499877929688,InvestmentDecision.AVOID,0,0,"{'fundamental_score': 6.7, 'technical_score': 0, 'confidence': 0}"
TAC.NS,446.8500061035156,InvestmentDecision.AVOID,0,0,"{'fundamental_score': 6.7, 'technical_score': 0, 'confidence': 0}"
RGL.NS,167.47000122070312,InvestmentDecision.AVOID,0,0,"{'fundamental_score': 5.9, 'technical_score': 0, 'confidence': 0}"
BSHSL.NS,86.9000015258789,InvestmentDecision.AVOID,0,0,"{'fundamental_score': 6.25, 'technical_score': 0, 'confidence': 0}"
SHREDIGCEM.NS,67.8499984741211,InvestmentDecision.AVOID,0,0,"{'fundamental_score': 5.8, 'technical_score': 0, 'confidence': 0}"
SIGNPOST.NS,271.20001220703125,InvestmentDecision.AVOID,0,0,"{'fundamental_score': 7.15, 'technical_score': 0, 'confidence': 0}"
BALAJITELE.NS,93.8499984741211,InvestmentDecision.AVOID,0,0,"{'fundamental_score': 6.7, 'technical_score': 0, 'confidence': 0}"
HITECHGEAR.NS,618.3499755859375,InvestmentDecision.AVOID,0,0,"{'fundamental_score': 5.9, 'technical_score': 0, 'confidence': 0}"
ATULAUTO.NS,448.25,InvestmentDecision.AVOID,0,0,"{'fundamental_score': 5.9, 'technical_score': 0, 'confidence': 0}"
AGARIND.NS,397.8999938964844,InvestmentDecision.AVOID,0,0,"{'fundamental_score': 6.7, 'technical_score': 0, 'confidence': 0}"
YUKEN.NS,1127.5999755859375,InvestmentDecision.AVOID,0,0,"{'fundamental_score': 6.7, 'technical_score': 0, 'confidence': 0}"
DIFFNKG.NS,430.45001220703125,InvestmentDecision.AVOID,0,0,"{'fundamental_score': 7.6, 'technical_score': 0, 'confidence': 0}"
ONEPOINT.NS,69.43000030517578,InvestmentDecision.AVOID,0,0,"{'fundamental_score': 6.7, 'technical_score': 0, 'confidence': 0}"
CAPITALSFB.NS,282.75,InvestmentDecision.AVOID,0,0,"{'fundamental_score': 6.6000000000000005, 'technical_score': 0, 'confidence': 0}"
ASIANTILES.NS,50.689998626708984,InvestmentDecision.AVOID,0,0,"{'fundamental_score': 6.7, 'technical_score': 0, 'confidence': 0}"
RICOAUTO.NS,132.22999572753906,InvestmentDecision.AVOID,0,0,"{'fundamental_score': 5.45, 'technical_score': 0, 'confidence': 0}"
AURUM.NS,222.4499969482422,InvestmentDecision.AVOID,0,0,"{'fundamental_score': 6.7, 'technical_score': 0, 'confidence': 0}"
ADVENTHTL.NS,126.94999694824219,InvestmentDecision.AVOID,0,0,"{'fundamental_score': 5.45, 'technical_score': 0, 'confidence': 0}"
BUTTERFLY.NS,566.7000122070312,InvestmentDecision.AVOID,0,0,"{'fundamental_score': 5.9, 'technical_score': 0, 'confidence': 0}"
FAZE3Q.NS,434.04998779296875,InvestmentDecision.AVOID,0,0,"{'fundamental_score': 5.45, 'technical_score': 0, 'confidence': 0}"
MICEL.NS,36.099998474121094,InvestmentDecision.AVOID,0,0,"{'fundamental_score': 6.7, 'technical_score': 0, 'confidence': 0}"
BHARATWIRE.NS,164.97000122070312,InvestmentDecision.AVOID,0,0,"{'fundamental_score': 6.7, 'technical_score': 0, 'confidence': 0}"
VASCONEQ.NS,34.7599983215332,InvestmentDecision.AVOID,0,0,"{'fundamental_score': 4.7, 'technical_score': 0, 'confidence': 0}"
WALCHANNAG.NS,203.02999877929688,InvestmentDecision.AVOID,0,0,"{'fundamental_score': 6.25, 'technical_score': 0, 'confidence': 0}"
TEXINFRA.NS,118.25,InvestmentDecision.AVOID,0,0,"{'fundamental_score': 8.2, 'technical_score': 0, 'confidence': 0}"
WCIL.NS,94.7699966430664,InvestmentDecision.AVOID,0,0,"{'fundamental_score': 6.7, 'technical_score': 0, 'confidence': 0}"
HERANBA.NS,179.94000244140625,InvestmentDecision.AVOID,0,0,"{'fundamental_score': 6.25, 'technical_score': 0, 'confidence': 0}"
BOROSCI.NS,115.55000305175781,InvestmentDecision.AVOID,0,0,"{'fundamental_score': 5.9, 'technical_score': 0, 'confidence': 0}"
GPTHEALTH.NS,156.10000610351562,InvestmentDecision.AVOID,0,0,"{'fundamental_score': 6.7, 'technical_score': 0, 'confidence': 0}"
IRMENERGY.NS,268.25,InvestmentDecision.AVOID,0,0,"{'fundamental_score': 6.7, 'technical_score': 0, 'confidence': 0}"
SHREEPUSHK.NS,506.04998779296875,InvestmentDecision.AVOID,0,0,"{'fundamental_score': 6.7, 'technical_score': 0, 'confidence': 0}"
MEIL.NS,270.79998779296875,InvestmentDecision.AVOID,0,0,"{'fundamental_score': 6.7, 'technical_score': 0, 'confidence': 0}"
GTPL.NS,54.86000061035156,InvestmentDecision.AVOID,0,0,"{'fundamental_score': 6.7, 'technical_score': 0, 'confidence': 0}"
ROHLTD.NS,308.6000061035156,InvestmentDecision.AVOID,0,0,"{'fundamental_score': 4.4, 'technical_score': 0, 'confidence': 0}"
VHL.NS,3329.300048828125,InvestmentDecision.AVOID,0,0,"{'fundamental_score': 7.4, 'technical_score': 0, 'confidence': 0}"
DSSL.NS,1021.2000122070312,InvestmentDecision.AVOID,0,0,"{'fundamental_score': 6.25, 'technical_score': 0, 'confidence': 0}"
TBZ.NS,630.75,InvestmentDecision.AVOID,0,0,"{'fundamental_score': 5.0, 'technical_score': 0, 'confidence': 0}"
BAJAJINDEF.NS,218.08999633789062,InvestmentDecision.AVOID,0,0,"{'fundamental_score': 6.7, 'technical_score': 0, 'confidence': 0}"
STLNETWORK.NS,52.060001373291016,InvestmentDecision.AVOID,0,0,"{'fundamental_score': 5.8, 'technical_score': 0, 'confidence': 0}"
WEALTH.NS,832.7999877929688,InvestmentDecision.AVOID,0,0,"{'fundamental_score': 7.4, 'technical_score': 0, 'confidence': 0}"
CONTROLPR.NS,591.7999877929688,InvestmentDecision.AVOID,0,0,"{'fundamental_score': 6.7, 'technical_score': 0, 'confidence': 0}"
JINDALPHOT.NS,1058.4000244140625,InvestmentDecision.AVOID,0,0,"{'fundamental_score': 5.9, 'technical_score': 0, 'confidence': 0}"
ELECTHERM.NS,806.6500244140625,InvestmentDecision.AVOID,0,0,"{'fundamental_score': 6.7, 'technical_score': 0, 'confidence': 0}"
ABINFRA.NS,12.579999923706055,InvestmentDecision.AVOID,0,0,"{'fundamental_score': 6.25, 'technical_score': 0, 'confidence': 0}"
SRM.NS,416.25,InvestmentDecision.AVOID,0,0,"{'fundamental_score': 6.7, 'technical_score': 0, 'confidence': 0}"
VILAS.NS,395.0,InvestmentDecision.AVOID,0,0,"{'fundamental_score': 6.7, 'technical_score': 0, 'confidence': 0}"
KROSS.NS,267.8699951171875,InvestmentDecision.AVOID,0,0,"{'fundamental_score': 5.9, 'technical_score': 0, 'confidence': 0}"
AMNPLST.NS,163.14999389648438,InvestmentDecision.AVOID,0,0,"{'fundamental_score': 6.7, 'technical_score': 0, 'confidence': 0}"
ZUARI.NS,221.10000610351562,InvestmentDecision.AVOID,0,0,"{'fundamental_score': 8.2, 'technical_score': 0, 'confidence': 0}"
STEELXIND.NS,11.289999961853027,InvestmentDecision.AVOID,0,0,"{'fundamental_score': 6.25, 'technical_score': 0, 'confidence': 0}"
ICEMAKE.NS,648.75,InvestmentDecision.AVOID,0,0,"{'fundamental_score': 5.8, 'technical_score': 0, 'confidence': 0}"
KELLTONTEC.NS,13.460000038146973,InvestmentDecision.AVOID,0,0,"{'fundamental_score': 6.7, 'technical_score': 0, 'confidence': 0}"
RACLGEAR.NS,1613.0999755859375,InvestmentDecision.AVOID,0,0,"{'fundamental_score': 5.45, 'technical_score': 0, 'confidence': 0}"
BLUSPRING.NS,149.44000244140625,InvestmentDecision.AVOID,0,0,"{'fundamental_score': 6.7, 'technical_score': 0, 'confidence': 0}"
PASHUPATI.NS,79.69000244140625,InvestmentDecision.AVOID,0,0,"{'fundamental_score': 5.45, 'technical_score': 0, 'confidence': 0}"
MANALIPETC.NS,84.6500015258789,InvestmentDecision.AVOID,0,0,"{'fundamental_score': 7.9, 'technical_score': 0, 'confidence': 0}"
DVL.NS,281.8999938964844,InvestmentDecision.AVOID,0,0,"{'fundamental_score': 7.4, 'technical_score': 0, 'confidence': 0}"
KRISHNADEF.NS,1006.7999877929688,InvestmentDecision.AVOID,0,0,"{'fundamental_score': 8.2, 'technical_score': 0, 'confidence': 0}"
BCLIND.NS,33.720001220703125,InvestmentDecision.AVOID,0,0,"{'fundamental_score': 5.45, 'technical_score': 0, 'confidence': 0}"
DPSCLTD.NS,6.96999979019165,InvestmentDecision.AVOID,0,0,"{'fundamental_score': 4.7, 'technical_score': 0, 'confidence': 0}"
NELCAST.NS,118.38999938964844,InvestmentDecision.AVOID,0,0,"{'fundamental_score': 6.7, 'technical_score': 0, 'confidence': 0}"
EIMCOELECO.NS,2301.60009765625,InvestmentDecision.AVOID,0,0,"{'fundamental_score': 7.9, 'technical_score': 0, 'confidence': 0}"
OAL.NS,533.6500244140625,InvestmentDecision.AVOID,0,0,"{'fundamental_score': 6.25, 'technical_score': 0, 'confidence': 0}"
STERTOOLS.NS,239.4600067138672,InvestmentDecision.AVOID,0,0,"{'fundamental_score': 6.7, 'technical_score': 0, 'confidence': 0}"
GRPLTD.NS,1999.0,InvestmentDecision.AVOID,0,0,"{'fundamental_score': 5.0, 'technical_score': 0, 'confidence': 0}"
GEMAROMA.NS,158.92999267578125,InvestmentDecision.AVOID,0,0,"{'fundamental_score': 6.7, 'technical_score': 0, 'confidence': 0}"
EXCELSOFT.NS,86.62000274658203,InvestmentDecision.AVOID,0,0,"{'fundamental_score': 7.9, 'technical_score': 0, 'confidence': 0}"
PROSTARM.NS,141.1699981689453,InvestmentDecision.AVOID,0,0,"{'fundamental_score': 6.7, 'technical_score': 0, 'confidence': 0}"
IZMO.NS,873.5499877929688,InvestmentDecision.AVOID,0,0,"{'fundamental_score': 8.2, 'technical_score': 0, 'confidence': 0}"
ANTELOPUS.NS,1159.449951171875,InvestmentDecision.AVOID,0,0,"{'fundamental_score': 7.000000000000001, 'technical_score': 0, 'confidence': 0}"
MATRIMONY.NS,535.4000244140625,InvestmentDecision.AVOID,0,0,"{'fundamental_score': 6.7, 'technical_score': 0, 'confidence': 0}"
SWELECTES.NS,587.0,InvestmentDecision.AVOID,0,0,"{'fundamental_score': 6.25, 'technical_score': 0, 'confidence': 0}"
PDMJEPAPER.NS,94.47000122070312,InvestmentDecision.AVOID,0,0,"{'fundamental_score': 6.7, 'technical_score': 0, 'confidence': 0}"
AYMSYNTEX.NS,293.95001220703125,InvestmentDecision.AVOID,0,0,"{'fundamental_score': 5.9, 'technical_score': 0, 'confidence': 0}"
OMINFRAL.NS,79.02999877929688,InvestmentDecision.AVOID,0,0,"{'fundamental_score': 6.7, 'technical_score': 0, 'confidence': 0}"
RNBDENIMS.NS,9.039999961853027,InvestmentDecision.AVOID,0,0,"{'fundamental_score': 5.9, 'technical_score': 0, 'confidence': 0}"
VIDYAWIRES.NS,91.06999969482422,InvestmentDecision.AVOID,0,0,"{'fundamental_score': 6.7, 'technical_score': 0, 'confidence': 0}"
5PAISA.NS,308.8999938964844,InvestmentDecision.AVOID,0,0,"{'fundamental_score': 6.35, 'technical_score': 0, 'confidence': 0}"
PENINLAND.NS,16.700000762939453,InvestmentDecision.AVOID,0,0,"{'fundamental_score': 5.2, 'technical_score': 0, 'confidence': 0}"
BIL.NS,1010.8499755859375,InvestmentDecision.AVOID,0,0,"{'fundamental_score': 5.0, 'technical_score': 0, 'confidence': 0}"
MAMATA.NS,411.8999938964844,InvestmentDecision.AVOID,0,0,"{'fundamental_score': 6.7, 'technical_score': 0, 'confidence': 0}"
AFSL.NS,201.0,InvestmentDecision.AVOID,0,0,"{'fundamental_score': 5.45, 'technical_score': 0, 'confidence': 0}"
ESTER.NS,85.2300033569336,InvestmentDecision.AVOID,0,0,"{'fundamental_score': 6.25, 'technical_score': 0, 'confidence': 0}"
TNPL.NS,147.63999938964844,InvestmentDecision.AVOID,0,0,"{'fundamental_score': 6.25, 'technical_score': 0, 'confidence': 0}"
GANESHCP.NS,159.94000244140625,InvestmentDecision.AVOID,0,0,"{'fundamental_score': 5.9, 'technical_score': 0, 'confidence': 0}"
AVTNPL.NS,92.58000183105469,InvestmentDecision.AVOID,0,0,"{'fundamental_score': 6.7, 'technical_score': 0, 'confidence': 0}"
KOKUYOCMLN.NS,76.02999877929688,InvestmentDecision.AVOID,0,0,"{'fundamental_score': 6.7, 'technical_score': 0, 'confidence': 0}"
MAXIND.NS,155.35000610351562,InvestmentDecision.AVOID,0,0,"{'fundamental_score': 6.7, 'technical_score': 0, 'confidence': 0}"
ANDHRSUGAR.NS,95.12999725341797,InvestmentDecision.AVOID,0,0,"{'fundamental_score': 6.7, 'technical_score': 0, 'confidence': 0}"
CREST.NS,362.8999938964844,InvestmentDecision.AVOID,0,0,"{'fundamental_score': 7.4, 'technical_score': 0, 'confidence': 0}"
LINCOLN.NS,591.0,InvestmentDecision.AVOID,0,0,"{'fundamental_score': 7.6, 'technical_score': 0, 'confidence': 0}"
THEMISMED.NS,116.8499984741211,InvestmentDecision.AVOID,0,0,"{'fundamental_score': 7.6, 'technical_score': 0, 'confidence': 0}"
CENTENKA.NS,553.0499877929688,InvestmentDecision.AVOID,0,0,"{'fundamental_score': 5.9, 'technical_score': 0, 'confidence': 0}"
ARIHANTCAP.NS,93.33999633789062,InvestmentDecision.AVOID,0,0,"{'fundamental_score': 6.95, 'technical_score': 0, 'confidence': 0}"
DHANBANK.NS,29.309999465942383,InvestmentDecision.AVOID,0,0,"{'fundamental_score': 5.200000000000001, 'technical_score': 0, 'confidence': 0}"
UNIENTER.NS,90.0999984741211,InvestmentDecision.AVOID,0,0,"{'fundamental_score': 8.2, 'technical_score': 0, 'confidence': 0}"
SCODATUBES.NS,130.52999877929688,InvestmentDecision.AVOID,0,0,"{'fundamental_score': 6.7, 'technical_score': 0, 'confidence': 0}"
INDOFARM.NS,138.16000366210938,InvestmentDecision.AVOID,0,0,"{'fundamental_score': 6.7, 'technical_score': 0, 'confidence': 0}"
SBC.NS,53.02000045776367,InvestmentDecision.AVOID,0,0,"{'fundamental_score': 5.2, 'technical_score': 0, 'confidence': 0}"
GGBL.NS,210.35000610351562,InvestmentDecision.AVOID,0,0,"{'fundamental_score': 6.7, 'technical_score': 0, 'confidence': 0}"
CEWATER.NS,264.45001220703125,InvestmentDecision.AVOID,0,0,"{'fundamental_score': 6.7, 'technical_score': 0, 'confidence': 0}"
RADHIKAJWE.NS,69.87999725341797,InvestmentDecision.AVOID,0,0,"{'fundamental_score': 5.9, 'technical_score': 0, 'confidence': 0}"
GKWLIMITED.NS,1556.0,InvestmentDecision.AVOID,0,0,"{'fundamental_score': 6.7, 'technical_score': 0, 'confidence': 0}"
NDTV.NS,70.08000183105469,InvestmentDecision.AVOID,0,0,"{'fundamental_score': 5.2, 'technical_score': 0, 'confidence': 0}"
INNOVANA.NS,301.0,InvestmentDecision.AVOID,0,0,"{'fundamental_score': 8.2, 'technical_score': 0, 'confidence': 0}"
KHAICHEM.NS,49.59000015258789,InvestmentDecision.AVOID,0,0,"{'fundamental_score': 5.8, 'technical_score': 0, 'confidence': 0}"
FAIRCHEMOR.NS,671.5499877929688,InvestmentDecision.AVOID,0,0,"{'fundamental_score': 6.7, 'technical_score': 0, 'confidence': 0}"
AEROENTER.NS,125.63999938964844,InvestmentDecision.AVOID,0,0,"{'fundamental_score': 7.9, 'technical_score': 0, 'confidence': 0}"
INDOAMIN.NS,136.5,InvestmentDecision.AVOID,0,0,"{'fundamental_score': 6.25, 'technical_score': 0, 'confidence': 0}"
DHARMAJ.NS,295.1499938964844,InvestmentDecision.AVOID,0,0,"{'fundamental_score': 6.7, 'technical_score': 0, 'confidence': 0}"
BHARATSE.NS,212.4499969482422,InvestmentDecision.AVOID,0,0,"{'fundamental_score': 6.3, 'technical_score': 0, 'confidence': 0}"
GALAPREC.NS,1148.5999755859375,InvestmentDecision.AVOID,0,0,"{'fundamental_score': 6.7, 'technical_score': 0, 'confidence': 0}"
OSWALGREEN.NS,19.989999771118164,InvestmentDecision.AVOID,0,0,"{'fundamental_score': 5.9, 'technical_score': 0, 'confidence': 0}"
DENTALKART.NS,414.0,InvestmentDecision.AVOID,0,0,"{'fundamental_score': 6.7, 'technical_score': 0, 'confidence': 0}"
DENTA.NS,276.70001220703125,InvestmentDecision.AVOID,0,0,"{'fundamental_score': 8.2, 'technical_score': 0, 'confidence': 0}"
SAHANA.NS,861.2999877929688,InvestmentDecision.AVOID,0,0,"{'fundamental_score': 6.7, 'technical_score': 0, 'confidence': 0}"
LEMERITE.NS,20.010000228881836,InvestmentDecision.AVOID,0,0,"{'fundamental_score': 5.9, 'technical_score': 0, 'confidence': 0}"
SRHHYPOLTD.NS,594.7999877929688,InvestmentDecision.AVOID,0,0,"{'fundamental_score': 7.6, 'technical_score': 0, 'confidence': 0}"
GANDHITUBE.NS,966.5,InvestmentDecision.AVOID,0,0,"{'fundamental_score': 8.2, 'technical_score': 0, 'confidence': 0}"
CNL.NS,1098.199951171875,InvestmentDecision.AVOID,0,0,"{'fundamental_score': 6.25, 'technical_score': 0, 'confidence': 0}"
FABTECH.NS,145.8300018310547,InvestmentDecision.AVOID,0,0,"{'fundamental_score': 6.7, 'technical_score': 0, 'confidence': 0}"
UTTAMSUGAR.NS,294.75,InvestmentDecision.AVOID,0,0,"{'fundamental_score': 5.45, 'technical_score': 0, 'confidence': 0}"
XCHANGING.NS,61.41999816894531,InvestmentDecision.AVOID,0,0,"{'fundamental_score': 8.2, 'technical_score': 0, 'confidence': 0}"
KRISHIVAL.NS,413.3999938964844,InvestmentDecision.AVOID,0,0,"{'fundamental_score': 5.9, 'technical_score': 0, 'confidence': 0}"
JPOLYINVST.NS,911.5,InvestmentDecision.AVOID,0,0,"{'fundamental_score': 7.4, 'technical_score': 0, 'confidence': 0}"
OSWALAGRO.NS,34.0,InvestmentDecision.AVOID,0,0,"{'fundamental_score': 6.7, 'technical_score': 0, 'confidence': 0}"
MVGJL.NS,224.3800048828125,InvestmentDecision.AVOID,0,0,"{'fundamental_score': 5.45, 'technical_score': 0, 'confidence': 0}"
KODYTECH.NS,1515.0,InvestmentDecision.AVOID,0,0,"{'fundamental_score': 6.7, 'technical_score': 0, 'confidence': 0}"
ADSL.NS,115.5199966430664,InvestmentDecision.AVOID,0,0,"{'fundamental_score': 6.7, 'technical_score': 0, 'confidence': 0}"
HEXATRADEX.NS,157.35000610351562,InvestmentDecision.AVOID,0,0,"{'fundamental_score': 5.9, 'technical_score': 0, 'confidence': 0}"
SARTELE.NS,91.6500015258789,InvestmentDecision.AVOID,0,0,"{'fundamental_score': 6.7, 'technical_score': 0, 'confidence': 0}"
GULPOLY.NS,170.36000061035156,InvestmentDecision.AVOID,0,0,"{'fundamental_score': 6.7, 'technical_score': 0, 'confidence': 0}"
SILVERTUC.NS,147.7899932861328,InvestmentDecision.AVOID,0,0,"{'fundamental_score': 6.7, 'technical_score': 0, 'confidence': 0}"
JAYBARMARU.NS,121.55000305175781,InvestmentDecision.AVOID,0,0,"{'fundamental_score': 5.45, 'technical_score': 0, 'confidence': 0}"
KUANTUM.NS,79.58999633789062,InvestmentDecision.AVOID,0,0,"{'fundamental_score': 6.25, 'technical_score': 0, 'confidence': 0}"
TNPETRO.NS,124.98999786376953,InvestmentDecision.AVOID,0,0,"{'fundamental_score': 6.7, 'technical_score': 0, 'confidence': 0}"
GICHSGFIN.NS,137.32000732421875,InvestmentDecision.AVOID,0,0,"{'fundamental_score': 5.9, 'technical_score': 0, 'confidence': 0}"
PRIMESECU.NS,301.8999938964844,InvestmentDecision.AVOID,0,0,"{'fundamental_score': 5.9, 'technical_score': 0, 'confidence': 0}"
KARNIKA.NS,123.0,InvestmentDecision.AVOID,0,0,"{'fundamental_score': 6.7, 'technical_score': 0, 'confidence': 0}"
IFBAGRO.NS,858.5999755859375,InvestmentDecision.AVOID,0,0,"{'fundamental_score': 5.9, 'technical_score': 0, 'confidence': 0}"
BIRLAMONEY.NS,118.87000274658203,InvestmentDecision.AVOID,0,0,"{'fundamental_score': 5.6000000000000005, 'technical_score': 0, 'confidence': 0}"
APS.NS,235.35000610351562,InvestmentDecision.AVOID,0,0,"{'fundamental_score': 6.7, 'technical_score': 0, 'confidence': 0}"
PVSL.NS,98.66999816894531,InvestmentDecision.AVOID,0,0,"{'fundamental_score': 4.4, 'technical_score': 0, 'confidence': 0}"
NCLIND.NS,179.25999450683594,InvestmentDecision.AVOID,0,0,"{'fundamental_score': 6.7, 'technical_score': 0, 'confidence': 0}"
BASILIC.NS,167.3000030517578,InvestmentDecision.AVOID,0,0,"{'fundamental_score': 6.7, 'technical_score': 0, 'confidence': 0}"
COOLCAPS.NS,24.450000762939453,InvestmentDecision.AVOID,0,0,"{'fundamental_score': 6.7, 'technical_score': 0, 'confidence': 0}"
ELIN.NS,88.56999969482422,InvestmentDecision.AVOID,0,0,"{'fundamental_score': 6.7, 'technical_score': 0, 'confidence': 0}"
SKMEGGPROD.NS,220.39999389648438,InvestmentDecision.AVOID,0,0,"{'fundamental_score': 6.800000000000001, 'technical_score': 0, 'confidence': 0}"
REMUS.NS,946.0,InvestmentDecision.AVOID,0,0,"{'fundamental_score': 6.7, 'technical_score': 0, 'confidence': 0}"
VAKRANGEE.NS,5.179999828338623,InvestmentDecision.AVOID,0,0,"{'fundamental_score': 6.7, 'technical_score': 0, 'confidence': 0}"
ZUARIIND.NS,290.20001220703125,InvestmentDecision.AVOID,0,0,"{'fundamental_score': 6.25, 'technical_score': 0, 'confidence': 0}"
SAURASHCEM.NS,55.720001220703125,InvestmentDecision.AVOID,0,0,"{'fundamental_score': 6.7, 'technical_score': 0, 'confidence': 0}"
EVERESTIND.NS,426.29998779296875,InvestmentDecision.AVOID,0,0,"{'fundamental_score': 6.7, 'technical_score': 0, 'confidence': 0}"
LIKHITHA.NS,230.22999572753906,InvestmentDecision.AVOID,0,0,"{'fundamental_score': 5.9, 'technical_score': 0, 'confidence': 0}"
REGAAL.NS,89.9800033569336,InvestmentDecision.AVOID,0,0,"{'fundamental_score': 5.0, 'technical_score': 0, 'confidence': 0}"
UFBL.NS,698.25,InvestmentDecision.AVOID,0,0,"{'fundamental_score': 4.4, 'technical_score': 0, 'confidence': 0}"
TVSELECT.NS,378.8500061035156,InvestmentDecision.AVOID,0,0,"{'fundamental_score': 6.25, 'technical_score': 0, 'confidence': 0}"
ABCOTS.NS,203.07000732421875,InvestmentDecision.AVOID,0,0,"{'fundamental_score': 5.45, 'technical_score': 0, 'confidence': 0}"
MACPOWER.NS,2062.5,InvestmentDecision.AVOID,0,0,"{'fundamental_score': 6.7, 'technical_score': 0, 'confidence': 0}"
BESTAGRO.NS,17.690000534057617,InvestmentDecision.AVOID,0,0,"{'fundamental_score': 6.25, 'technical_score': 0, 'confidence': 0}"
TEMBO.NS,58.279998779296875,InvestmentDecision.AVOID,0,0,"{'fundamental_score': 6.25, 'technical_score': 0, 'confidence': 0}"
VALIANTORG.NS,410.45001220703125,InvestmentDecision.AVOID,0,0,"{'fundamental_score': 6.7, 'technical_score': 0, 'confidence': 0}"
KABRAEXTRU.NS,863.1500244140625,InvestmentDecision.AVOID,0,0,"{'fundamental_score': 6.7, 'technical_score': 0, 'confidence': 0}"
ARROWGREEN.NS,905.7999877929688,InvestmentDecision.AVOID,0,0,"{'fundamental_score': 7.4, 'technical_score': 0, 'confidence': 0}"
DISHTV.NS,2.259999990463257,InvestmentDecision.AVOID,0,0,"{'fundamental_score': 6.7, 'technical_score': 0, 'confidence': 0}"
CCCL.NS,13.319999694824219,InvestmentDecision.AVOID,0,0,"{'fundamental_score': 6.7, 'technical_score': 0, 'confidence': 0}"
TVTODAY.NS,106.36000061035156,InvestmentDecision.AVOID,0,0,"{'fundamental_score': 6.7, 'technical_score': 0, 'confidence': 0}"
KOTHARIPET.NS,133.52000427246094,InvestmentDecision.AVOID,0,0,"{'fundamental_score': 7.6, 'technical_score': 0, 'confidence': 0}"
CHEMFAB.NS,352.6499938964844,InvestmentDecision.AVOID,0,0,"{'fundamental_score': 6.7, 'technical_score': 0, 'confidence': 0}"
SANDESH.NS,1034.4000244140625,InvestmentDecision.AVOID,0,0,"{'fundamental_score': 7.6, 'technical_score': 0, 'confidence': 0}"
DHAMPURSUG.NS,172.4199981689453,InvestmentDecision.AVOID,0,0,"{'fundamental_score': 3.8500000000000005, 'technical_score': 0, 'confidence': 0}"
ANUHPHR.NS,89.45999908447266,InvestmentDecision.AVOID,0,0,"{'fundamental_score': 6.7, 'technical_score': 0, 'confidence': 0}"
BLAL.NS,161.9600067138672,InvestmentDecision.AVOID,0,0,"{'fundamental_score': 5.9, 'technical_score': 0, 'confidence': 0}"
MAHASTEEL.NS,1232.0999755859375,InvestmentDecision.AVOID,0,0,"{'fundamental_score': 6.7, 'technical_score': 0, 'confidence': 0}"
SVLL.NS,834.7000122070312,InvestmentDecision.AVOID,0,0,"{'fundamental_score': 5.2, 'technical_score': 0, 'confidence': 0}"
VIVIANA.NS,719.5499877929688,InvestmentDecision.AVOID,0,0,"{'fundamental_score': 6.25, 'technical_score': 0, 'confidence': 0}"
SUYOG.NS,650.4000244140625,InvestmentDecision.AVOID,0,0,"{'fundamental_score': 7.75, 'technical_score': 0, 'confidence': 0}"
MUNJALAU.NS,106.87000274658203,InvestmentDecision.AVOID,0,0,"{'fundamental_score': 5.45, 'technical_score': 0, 'confidence': 0}"
AVADHSUGAR.NS,808.4000244140625,InvestmentDecision.AVOID,0,0,"{'fundamental_score': 5.0, 'technical_score': 0, 'confidence': 0}"
NGLFINE.NS,2906.10009765625,InvestmentDecision.AVOID,0,0,"{'fundamental_score': 6.7, 'technical_score': 0, 'confidence': 0}"
SNOWMAN.NS,35.09000015258789,InvestmentDecision.AVOID,0,0,"{'fundamental_score': 6.25, 'technical_score': 0, 'confidence': 0}"
DHUNINV.NS,982.7999877929688,InvestmentDecision.AVOID,0,0,"{'fundamental_score': 7.4, 'technical_score': 0, 'confidence': 0}"
JITFINFRA.NS,284.1499938964844,InvestmentDecision.AVOID,0,0,"{'fundamental_score': 6.7, 'technical_score': 0, 'confidence': 0}"
KRYSTAL.NS,631.5499877929688,InvestmentDecision.AVOID,0,0,"{'fundamental_score': 6.7, 'technical_score': 0, 'confidence': 0}"
ORICONENT.NS,51.400001525878906,InvestmentDecision.AVOID,0,0,"{'fundamental_score': 7.4, 'technical_score': 0, 'confidence': 0}"
STEL.NS,619.2999877929688,InvestmentDecision.AVOID,0,0,"{'fundamental_score': 7.4, 'technical_score': 0, 'confidence': 0}"
SGIL.NS,642.5,InvestmentDecision.AVOID,0,0,"{'fundamental_score': 5.2, 'technical_score': 0, 'confidence': 0}"
WANBURY.NS,222.25,InvestmentDecision.AVOID,0,0,"{'fundamental_score': 5.2, 'technical_score': 0, 'confidence': 0}"
CHEMCON.NS,227.83999633789062,InvestmentDecision.AVOID,0,0,"{'fundamental_score': 6.7, 'technical_score': 0, 'confidence': 0}"
VLSFINANCE.NS,239.74000549316406,InvestmentDecision.AVOID,0,0,"{'fundamental_score': 7.4, 'technical_score': 0, 'confidence': 0}"
BHAGERIA.NS,394.6000061035156,InvestmentDecision.AVOID,0,0,"{'fundamental_score': 6.7, 'technical_score': 0, 'confidence': 0}"
ASAL.NS,438.5,InvestmentDecision.AVOID,0,0,"{'fundamental_score': 4.4, 'technical_score': 0, 'confidence': 0}"
ARFIN.NS,90.30999755859375,InvestmentDecision.AVOID,0,0,"{'fundamental_score': 6.25, 'technical_score': 0, 'confidence': 0}"
SARLAPOLY.NS,100.29000091552734,InvestmentDecision.AVOID,0,0,"{'fundamental_score': 5.9, 'technical_score': 0, 'confidence': 0}"
COFFEEDAY.NS,30.290000915527344,InvestmentDecision.AVOID,0,0,"{'fundamental_score': 7.1000000000000005, 'technical_score': 0, 'confidence': 0}"
BIGBLOC.NS,40.0099983215332,InvestmentDecision.AVOID,0,0,"{'fundamental_score': 5.8, 'technical_score': 0, 'confidence': 0}"
OWAIS.NS,72.6500015258789,InvestmentDecision.AVOID,0,0,"{'fundamental_score': 6.7, 'technical_score': 0, 'confidence': 0}"
ZTECH.NS,441.6000061035156,InvestmentDecision.AVOID,0,0,"{'fundamental_score': 6.7, 'technical_score': 0, 'confidence': 0}"
AMBIKCO.NS,1546.0999755859375,InvestmentDecision.AVOID,0,0,"{'fundamental_score': 5.9, 'technical_score': 0, 'confidence': 0}"
UNITEDPOLY.NS,46.810001373291016,InvestmentDecision.AVOID,0,0,"{'fundamental_score': 5.45, 'technical_score': 0, 'confidence': 0}"
VHLTD.NS,125.36000061035156,InvestmentDecision.AVOID,0,0,"{'fundamental_score': 6.35, 'technical_score': 0, 'confidence': 0}"
ADVANCE.NS,123.12000274658203,InvestmentDecision.AVOID,0,0,"{'fundamental_score': 6.7, 'technical_score': 0, 'confidence': 0}"
INDOBORAX.NS,477.54998779296875,InvestmentDecision.AVOID,0,0,"{'fundamental_score': 7.7, 'technical_score': 0, 'confidence': 0}"
RATNAVEER.NS,330.95001220703125,InvestmentDecision.AVOID,0,0,"{'fundamental_score': 6.25, 'technical_score': 0, 'confidence': 0}"
SAKAR.NS,1135.8499755859375,InvestmentDecision.AVOID,0,0,"{'fundamental_score': 7.6, 'technical_score': 0, 'confidence': 0}"
ELDEHSG.NS,765.5,InvestmentDecision.AVOID,0,0,"{'fundamental_score': 8.2, 'technical_score': 0, 'confidence': 0}"
NINSYS.NS,708.75,InvestmentDecision.AVOID,0,0,"{'fundamental_score': 8.2, 'technical_score': 0, 'confidence': 0}"
MALLCOM.NS,946.8499755859375,InvestmentDecision.AVOID,0,0,"{'fundamental_score': 6.7, 'technical_score': 0, 'confidence': 0}"
BODALCHEM.NS,201.92999267578125,InvestmentDecision.AVOID,0,0,"{'fundamental_score': 6.25, 'technical_score': 0, 'confidence': 0}"
MUKKA.NS,27.399999618530273,InvestmentDecision.AVOID,0,0,"{'fundamental_score': 5.0, 'technical_score': 0, 'confidence': 0}"
TECHLABS.NS,117.8499984741211,InvestmentDecision.AVOID,0,0,"{'fundamental_score': 6.7, 'technical_score': 0, 'confidence': 0}"
MUFTI.NS,72.13999938964844,InvestmentDecision.AVOID,0,0,"{'fundamental_score': 5.45, 'technical_score': 0, 'confidence': 0}"
KAMATHOTEL.NS,237.1300048828125,InvestmentDecision.AVOID,0,0,"{'fundamental_score': 5.45, 'technical_score': 0, 'confidence': 0}"
SATIA.NS,67.0,InvestmentDecision.AVOID,0,0,"{'fundamental_score': 6.7, 'technical_score': 0, 'confidence': 0}"
DWARKESH.NS,43.369998931884766,InvestmentDecision.AVOID,0,0,"{'fundamental_score': 5.9, 'technical_score': 0, 'confidence': 0}"
KECL.NS,126.16999816894531,InvestmentDecision.AVOID,0,0,"{'fundamental_score': 6.25, 'technical_score': 0, 'confidence': 0}"
NAHARSPING.NS,269.95001220703125,InvestmentDecision.AVOID,0,0,"{'fundamental_score': 5.45, 'technical_score': 0, 'confidence': 0}"
KAMDHENU.NS,39.959999084472656,InvestmentDecision.AVOID,0,0,"{'fundamental_score': 6.7, 'technical_score': 0, 'confidence': 0}"
RITCO.NS,285.70001220703125,InvestmentDecision.AVOID,0,0,"{'fundamental_score': 5.8, 'technical_score': 0, 'confidence': 0}"
APEX.NS,347.6000061035156,InvestmentDecision.AVOID,0,0,"{'fundamental_score': 5.9, 'technical_score': 0, 'confidence': 0}"
KOPRAN.NS,277.9700012207031,InvestmentDecision.AVOID,0,0,"{'fundamental_score': 6.7, 'technical_score': 0, 'confidence': 0}"
MAGADSUGAR.NS,551.4500122070312,InvestmentDecision.AVOID,0,0,"{'fundamental_score': 5.45, 'technical_score': 0, 'confidence': 0}"
ATL.NS,25.600000381469727,InvestmentDecision.AVOID,0,0,"{'fundamental_score': 5.2, 'technical_score': 0, 'confidence': 0}"
PATELRMART.NS,206.27999877929688,InvestmentDecision.AVOID,0,0,"{'fundamental_score': 5.9, 'technical_score': 0, 'confidence': 0}"
20MICRONS.NS,217.5800018310547,InvestmentDecision.AVOID,0,0,"{'fundamental_score': 6.7, 'technical_score': 0, 'confidence': 0}"
RUBYMILLS.NS,510.6000061035156,InvestmentDecision.AVOID,0,0,"{'fundamental_score': 5.45, 'technical_score': 0, 'confidence': 0}"
GHCLTEXTIL.NS,139.1199951171875,InvestmentDecision.AVOID,0,0,"{'fundamental_score': 5.9, 'technical_score': 0, 'confidence': 0}"
ESFL.NS,121.80000305175781,InvestmentDecision.AVOID,0,0,"{'fundamental_score': 6.7, 'technical_score': 0, 'confidence': 0}"
PROZONER.NS,56.2599983215332,InvestmentDecision.AVOID,0,0,"{'fundamental_score': 5.8, 'technical_score': 0, 'confidence': 0}"
STCINDIA.NS,109.3499984741211,InvestmentDecision.AVOID,0,0,"{'fundamental_score': 6.7, 'technical_score': 0, 'confidence': 0}"
TREL.NS,28.31999969482422,InvestmentDecision.AVOID,0,0,"{'fundamental_score': 8.2, 'technical_score': 0, 'confidence': 0}"
LINC.NS,93.2300033569336,InvestmentDecision.AVOID,0,0,"{'fundamental_score': 6.7, 'technical_score': 0, 'confidence': 0}"
MVKAGRO.NS,230.89999389648438,InvestmentDecision.AVOID,0,0,"{'fundamental_score': 6.7, 'technical_score': 0, 'confidence': 0}"
KSOLVES.NS,248.5,InvestmentDecision.AVOID,0,0,"{'fundamental_score': 8.2, 'technical_score': 0, 'confidence': 0}"
LAXMIINDIA.NS,122.05999755859375,InvestmentDecision.AVOID,0,0,"{'fundamental_score': 5.9, 'technical_score': 0, 'confidence': 0}"
GEECEE.NS,360.6000061035156,InvestmentDecision.AVOID,0,0,"{'fundamental_score': 8.2, 'technical_score': 0, 'confidence': 0}"
RUSHIL.NS,16.100000381469727,InvestmentDecision.AVOID,0,0,"{'fundamental_score': 5.9, 'technical_score': 0, 'confidence': 0}"
NBIFIN.NS,1926.4000244140625,InvestmentDecision.AVOID,0,0,"{'fundamental_score': 7.4, 'technical_score': 0, 'confidence': 0}"
HLVLTD.NS,6.53000020980835,InvestmentDecision.AVOID,0,0,"{'fundamental_score': 5.9, 'technical_score': 0, 'confidence': 0}"
THEINVEST.NS,93.86000061035156,InvestmentDecision.AVOID,0,0,"{'fundamental_score': 6.800000000000001, 'technical_score': 0, 'confidence': 0}"
PVP.NS,61.939998626708984,InvestmentDecision.AVOID,0,0,"{'fundamental_score': 6.25, 'technical_score': 0, 'confidence': 0}"
PPL.NS,263.04998779296875,InvestmentDecision.AVOID,0,0,"{'fundamental_score': 6.7, 'technical_score': 0, 'confidence': 0}"
RSWM.NS,218.33999633789062,InvestmentDecision.AVOID,0,0,"{'fundamental_score': 3.4000000000000004, 'technical_score': 0, 'confidence': 0}"
DMCC.NS,305.3500061035156,InvestmentDecision.AVOID,0,0,"{'fundamental_score': 6.7, 'technical_score': 0, 'confidence': 0}"
SHIVALIK.NS,408.45001220703125,InvestmentDecision.AVOID,0,0,"{'fundamental_score': 6.7, 'technical_score': 0, 'confidence': 0}"
RKSWAMY.NS,90.58999633789062,InvestmentDecision.AVOID,0,0,"{'fundamental_score': 6.7, 'technical_score': 0, 'confidence': 0}"
NAHARPOLY.NS,227.67999267578125,InvestmentDecision.AVOID,0,0,"{'fundamental_score': 5.9, 'technical_score': 0, 'confidence': 0}"
VENUSREM.NS,1668.4000244140625,InvestmentDecision.AVOID,0,0,"{'fundamental_score': 7.6, 'technical_score': 0, 'confidence': 0}"
SUBEXLTD.NS,20.329999923706055,InvestmentDecision.AVOID,0,0,"{'fundamental_score': 6.7, 'technical_score': 0, 'confidence': 0}"
SARVESHWAR.NS,3.5299999713897705,InvestmentDecision.AVOID,0,0,"{'fundamental_score': 5.45, 'technical_score': 0, 'confidence': 0}"
REPRO.NS,333.79998779296875,InvestmentDecision.AVOID,0,0,"{'fundamental_score': 7.75, 'technical_score': 0, 'confidence': 0}"
ZEEMEDIA.NS,7.519999980926514,InvestmentDecision.AVOID,0,0,"{'fundamental_score': 6.7, 'technical_score': 0, 'confidence': 0}"
SEJALLTD.NS,682.7000122070312,InvestmentDecision.AVOID,0,0,"{'fundamental_score': 5.8, 'technical_score': 0, 'confidence': 0}"
GLOSTERLTD.NS,545.5,InvestmentDecision.AVOID,0,0,"{'fundamental_score': 5.45, 'technical_score': 0, 'confidence': 0}"
MINDTECK.NS,156.5500030517578,InvestmentDecision.AVOID,0,0,"{'fundamental_score': 6.7, 'technical_score': 0, 'confidence': 0}"
AHCL.NS,31.510000228881836,InvestmentDecision.AVOID,0,0,"{'fundamental_score': 7.6, 'technical_score': 0, 'confidence': 0}"
NRAIL.NS,647.5999755859375,InvestmentDecision.AVOID,0,0,"{'fundamental_score': 5.8, 'technical_score': 0, 'confidence': 0}"
HARDWYN.NS,9.270000457763672,InvestmentDecision.AVOID,0,0,"{'fundamental_score': 6.7, 'technical_score': 0, 'confidence': 0}"
DREAMFOLKS.NS,63.310001373291016,InvestmentDecision.AVOID,0,0,"{'fundamental_score': 6.7, 'technical_score': 0, 'confidence': 0}"
CELLECOR.NS,29.600000381469727,InvestmentDecision.AVOID,0,0,"{'fundamental_score': 6.7, 'technical_score': 0, 'confidence': 0}"
ONWARDTEC.NS,287.6499938964844,InvestmentDecision.AVOID,0,0,"{'fundamental_score': 6.7, 'technical_score': 0, 'confidence': 0}"
SHREERAMA.NS,45.040000915527344,InvestmentDecision.AVOID,0,0,"{'fundamental_score': 5.9, 'technical_score': 0, 'confidence': 0}"
ACL.NS,39.939998626708984,InvestmentDecision.AVOID,0,0,"{'fundamental_score': 5.2, 'technical_score': 0, 'confidence': 0}"
JAYAGROGN.NS,234.83999633789062,InvestmentDecision.AVOID,0,0,"{'fundamental_score': 6.7, 'technical_score': 0, 'confidence': 0}"
ACCENTMIC.NS,674.8499755859375,InvestmentDecision.AVOID,0,0,"{'fundamental_score': 6.7, 'technical_score': 0, 'confidence': 0}"
APTECHT.NS,91.22000122070312,InvestmentDecision.AVOID,0,0,"{'fundamental_score': 5.9, 'technical_score': 0, 'confidence': 0}"
MANBA.NS,139.35000610351562,InvestmentDecision.AVOID,0,0,"{'fundamental_score': 5.9, 'technical_score': 0, 'confidence': 0}"
MAANALU.NS,100.18000030517578,InvestmentDecision.AVOID,0,0,"{'fundamental_score': 6.7, 'technical_score': 0, 'confidence': 0}"
EMKAY.NS,270.3500061035156,InvestmentDecision.AVOID,0,0,"{'fundamental_score': 5.9, 'technical_score': 0, 'confidence': 0}"
URJA.NS,8.75,InvestmentDecision.AVOID,0,0,"{'fundamental_score': 6.7, 'technical_score': 0, 'confidence': 0}"
IRIS.NS,235.94000244140625,InvestmentDecision.AVOID,0,0,"{'fundamental_score': 8.2, 'technical_score': 0, 'confidence': 0}"
VISAKAIND.NS,90.9800033569336,InvestmentDecision.AVOID,0,0,"{'fundamental_score': 6.7, 'technical_score': 0, 'confidence': 0}"
MODIS.NS,363.1000061035156,InvestmentDecision.AVOID,0,0,"{'fundamental_score': 7.9, 'technical_score': 0, 'confidence': 0}"
MMP.NS,460.25,InvestmentDecision.AVOID,0,0,"{'fundamental_score': 6.25, 'technical_score': 0, 'confidence': 0}"
HINDCOMPOS.NS,387.3500061035156,InvestmentDecision.AVOID,0,0,"{'fundamental_score': 5.9, 'technical_score': 0, 'confidence': 0}"
PARSVNATH.NS,2.009999990463257,InvestmentDecision.AVOID,0,0,"{'fundamental_score': 6.7, 'technical_score': 0, 'confidence': 0}"
ENIL.NS,96.01000213623047,InvestmentDecision.AVOID,0,0,"{'fundamental_score': 6.7, 'technical_score': 0, 'confidence': 0}"
PAKKA.NS,75.05999755859375,InvestmentDecision.AVOID,0,0,"{'fundamental_score': 6.25, 'technical_score': 0, 'confidence': 0}"
GFLLIMITED.NS,57.290000915527344,InvestmentDecision.AVOID,0,0,"{'fundamental_score': 7.4, 'technical_score': 0, 'confidence': 0}"
MENONBE.NS,298.25,InvestmentDecision.AVOID,0,0,"{'fundamental_score': 6.800000000000001, 'technical_score': 0, 'confidence': 0}"
CSLFINANCE.NS,215.19000244140625,InvestmentDecision.AVOID,0,0,"{'fundamental_score': 6.5, 'technical_score': 0, 'confidence': 0}"
GCSL.NS,653.4500122070312,InvestmentDecision.AVOID,0,0,"{'fundamental_score': 7.4, 'technical_score': 0, 'confidence': 0}"
CHEVIOT.NS,1182.800048828125,InvestmentDecision.AVOID,0,0,"{'fundamental_score': 5.9, 'technical_score': 0, 'confidence': 0}"
SCHAND.NS,145.17999267578125,InvestmentDecision.AVOID,0,0,"{'fundamental_score': 6.7, 'technical_score': 0, 'confidence': 0}"
KILITCH.NS,224.27000427246094,InvestmentDecision.AVOID,0,0,"{'fundamental_score': 7.6, 'technical_score': 0, 'confidence': 0}"
KRITI.NS,61.209999084472656,InvestmentDecision.AVOID,0,0,"{'fundamental_score': 6.7, 'technical_score': 0, 'confidence': 0}"
DBEIL.NS,6.630000114440918,InvestmentDecision.AVOID,0,0,"{'fundamental_score': 6.7, 'technical_score': 0, 'confidence': 0}"
INDSWFTLAB.NS,408.1000061035156,InvestmentDecision.AVOID,0,0,"{'fundamental_score': 6.7, 'technical_score': 0, 'confidence': 0}"
VERTOZ.NS,36.290000915527344,InvestmentDecision.AVOID,0,0,"{'fundamental_score': 6.7, 'technical_score': 0, 'confidence': 0}"
FOODSIN.NS,52.970001220703125,InvestmentDecision.AVOID,0,0,"{'fundamental_score': 5.45, 'technical_score': 0, 'confidence': 0}"
SICALLOG.NS,89.13999938964844,InvestmentDecision.AVOID,0,0,"{'fundamental_score': 6.4, 'technical_score': 0, 'confidence': 0}"
MWL.NS,43.06999969482422,InvestmentDecision.AVOID,0,0,"{'fundamental_score': 5.2, 'technical_score': 0, 'confidence': 0}"
ASIANHOTNR.NS,394.3500061035156,InvestmentDecision.AVOID,0,0,"{'fundamental_score': 5.9, 'technical_score': 0, 'confidence': 0}"
GANESHBE.NS,137.32000732421875,InvestmentDecision.AVOID,0,0,"{'fundamental_score': 7.9, 'technical_score': 0, 'confidence': 0}"
IGCL.NS,59.939998626708984,InvestmentDecision.AVOID,0,0,"{'fundamental_score': 6.7, 'technical_score': 0, 'confidence': 0}"
BORANA.NS,288.0,InvestmentDecision.AVOID,0,0,"{'fundamental_score': 7.1000000000000005, 'technical_score': 0, 'confidence': 0}"
TIRUPATI.NS,292.5,InvestmentDecision.AVOID,0,0,"{'fundamental_score': 6.7, 'technical_score': 0, 'confidence': 0}"
SHALPAINTS.NS,76.8499984741211,InvestmentDecision.AVOID,0,0,"{'fundamental_score': 6.25, 'technical_score': 0, 'confidence': 0}"
SBGLP.NS,23.549999237060547,InvestmentDecision.AVOID,0,0,"{'fundamental_score': 7.75, 'technical_score': 0, 'confidence': 0}"
TOLINS.NS,88.11000061035156,InvestmentDecision.AVOID,0,0,"{'fundamental_score': 5.9, 'technical_score': 0, 'confidence': 0}"
ONMOBILE.NS,52.810001373291016,InvestmentDecision.AVOID,0,0,"{'fundamental_score': 6.7, 'technical_score': 0, 'confidence': 0}"
GLOTTIS.NS,65.62000274658203,InvestmentDecision.AVOID,0,0,"{'fundamental_score': 6.7, 'technical_score': 0, 'confidence': 0}"
IRISDOREME.NS,66.1500015258789,InvestmentDecision.AVOID,0,0,"{'fundamental_score': 5.9, 'technical_score': 0, 'confidence': 0}"
NILASPACES.NS,11.0600004196167,InvestmentDecision.AVOID,0,0,"{'fundamental_score': 7.9, 'technical_score': 0, 'confidence': 0}"
GIRIRAJ.NS,67.25,InvestmentDecision.AVOID,0,0,"{'fundamental_score': 6.7, 'technical_score': 0, 'confidence': 0}"
SILINV.NS,452.95001220703125,InvestmentDecision.AVOID,0,0,"{'fundamental_score': 7.4, 'technical_score': 0, 'confidence': 0}"
SPECIALITY.NS,152.75999450683594,InvestmentDecision.AVOID,0,0,"{'fundamental_score': 5.9, 'technical_score': 0, 'confidence': 0}"
GPECO.NS,402.04998779296875,InvestmentDecision.AVOID,0,0,"{'fundamental_score': 6.7, 'technical_score': 0, 'confidence': 0}"
OCCLLTD.NS,167.6699981689453,InvestmentDecision.AVOID,0,0,"{'fundamental_score': 6.7, 'technical_score': 0, 'confidence': 0}"
MOS.NS,8.0,InvestmentDecision.AVOID,0,0,"{'fundamental_score': 6.7, 'technical_score': 0, 'confidence': 0}"
SUTLEJTEX.NS,37.310001373291016,InvestmentDecision.AVOID,0,0,"{'fundamental_score': 5.0, 'technical_score': 0, 'confidence': 0}"
RPPINFRA.NS,53.630001068115234,InvestmentDecision.AVOID,0,0,"{'fundamental_score': 6.7, 'technical_score': 0, 'confidence': 0}"
PYRAMID.NS,162.2899932861328,InvestmentDecision.AVOID,0,0,"{'fundamental_score': 5.45, 'technical_score': 0, 'confidence': 0}"
PRIMO.NS,25.280000686645508,InvestmentDecision.AVOID,0,0,"{'fundamental_score': 6.7, 'technical_score': 0, 'confidence': 0}"
FOCUS.NS,59.439998626708984,InvestmentDecision.AVOID,0,0,"{'fundamental_score': 5.9, 'technical_score': 0, 'confidence': 0}"
SJLOGISTIC.NS,316.04998779296875,InvestmentDecision.AVOID,0,0,"{'fundamental_score': 6.7, 'technical_score': 0, 'confidence': 0}"
TARACHAND.NS,48.459999084472656,InvestmentDecision.AVOID,0,0,"{'fundamental_score': 6.75, 'technical_score': 0, 'confidence': 0}"
CONSOFINVT.NS,285.1000061035156,InvestmentDecision.AVOID,0,0,"{'fundamental_score': 7.4, 'technical_score': 0, 'confidence': 0}"
KRONOX.NS,206.5800018310547,InvestmentDecision.AVOID,0,0,"{'fundamental_score': 8.2, 'technical_score': 0, 'confidence': 0}"
RADIANTCMS.NS,35.66999816894531,InvestmentDecision.AVOID,0,0,"{'fundamental_score': 6.25, 'technical_score': 0, 'confidence': 0}"
BAHETI.NS,761.4000244140625,InvestmentDecision.AVOID,0,0,"{'fundamental_score': 6.7, 'technical_score': 0, 'confidence': 0}"
HMVL.NS,68.95999908447266,InvestmentDecision.AVOID,0,0,"{'fundamental_score': 6.7, 'technical_score': 0, 'confidence': 0}"
KAYA.NS,316.79998779296875,InvestmentDecision.AVOID,0,0,"{'fundamental_score': 5.9, 'technical_score': 0, 'confidence': 0}"
ESSARSHPNG.NS,16.1200008392334,InvestmentDecision.AVOID,0,0,"{'fundamental_score': 8.2, 'technical_score': 0, 'confidence': 0}"
INTLCONV.NS,81.16999816894531,InvestmentDecision.AVOID,0,0,"{'fundamental_score': 8.2, 'technical_score': 0, 'confidence': 0}"
EMAMIPAP.NS,111.87000274658203,InvestmentDecision.AVOID,0,0,"{'fundamental_score': 5.8, 'technical_score': 0, 'confidence': 0}"
ZODIAC.NS,219.1999969482422,InvestmentDecision.AVOID,0,0,"{'fundamental_score': 5.2, 'technical_score': 0, 'confidence': 0}"
EIFFL.NS,271.70001220703125,InvestmentDecision.AVOID,0,0,"{'fundamental_score': 5.45, 'technical_score': 0, 'confidence': 0}"
DIGISPICE.NS,16.079999923706055,InvestmentDecision.AVOID,0,0,"{'fundamental_score': 5.9, 'technical_score': 0, 'confidence': 0}"
SURAJLTD.NS,198.0800018310547,InvestmentDecision.AVOID,0,0,"{'fundamental_score': 6.7, 'technical_score': 0, 'confidence': 0}"
MBLINFRA.NS,21.1200008392334,InvestmentDecision.AVOID,0,0,"{'fundamental_score': 5.8, 'technical_score': 0, 'confidence': 0}"
COMSYN.NS,280.8500061035156,InvestmentDecision.AVOID,0,0,"{'fundamental_score': 5.45, 'technical_score': 0, 'confidence': 0}"
PRECOT.NS,640.7000122070312,InvestmentDecision.AVOID,0,0,"{'fundamental_score': 5.45, 'technical_score': 0, 'confidence': 0}"
VINSYS.NS,573.7999877929688,InvestmentDecision.AVOID,0,0,"{'fundamental_score': 6.7, 'technical_score': 0, 'confidence': 0}"
TPLPLASTEH.NS,65.8499984741211,InvestmentDecision.AVOID,0,0,"{'fundamental_score': 5.9, 'technical_score': 0, 'confidence': 0}"
ALLETEC.NS,129.14999389648438,InvestmentDecision.AVOID,0,0,"{'fundamental_score': 6.7, 'technical_score': 0, 'confidence': 0}"
RBZJEWEL.NS,180.8699951171875,InvestmentDecision.AVOID,0,0,"{'fundamental_score': 5.45, 'technical_score': 0, 'confidence': 0}"
HERCULES.NS,159.32000732421875,InvestmentDecision.AVOID,0,0,"{'fundamental_score': 7.4, 'technical_score': 0, 'confidence': 0}"
HILINFRA.NS,42.86000061035156,InvestmentDecision.AVOID,0,0,"{'fundamental_score': 6.7, 'technical_score': 0, 'confidence': 0}"
RAMAPHO.NS,122.25,InvestmentDecision.AVOID,0,0,"{'fundamental_score': 6.7, 'technical_score': 0, 'confidence': 0}"
ORIENTPPR.NS,16.760000228881836,InvestmentDecision.AVOID,0,0,"{'fundamental_score': 6.7, 'technical_score': 0, 'confidence': 0}"
GVKPIL.NS,2.630000114440918,InvestmentDecision.AVOID,0,0,"{'fundamental_score': 6.7, 'technical_score': 0, 'confidence': 0}"
LIBERTSHOE.NS,226.1999969482422,InvestmentDecision.AVOID,0,0,"{'fundamental_score': 5.45, 'technical_score': 0, 'confidence': 0}"
KNAGRI.NS,204.75999450683594,InvestmentDecision.AVOID,0,0,"{'fundamental_score': 5.9, 'technical_score': 0, 'confidence': 0}"
ANNAPURNA.NS,131.97000122070312,InvestmentDecision.AVOID,0,0,"{'fundamental_score': 5.45, 'technical_score': 0, 'confidence': 0}"
BELLACASA.NS,274.9800109863281,InvestmentDecision.AVOID,0,0,"{'fundamental_score': 5.9, 'technical_score': 0, 'confidence': 0}"
BMWVENTLTD.NS,52.16999816894531,InvestmentDecision.AVOID,0,0,"{'fundamental_score': 6.25, 'technical_score': 0, 'confidence': 0}"
PARIN.NS,736.7999877929688,InvestmentDecision.AVOID,0,0,"{'fundamental_score': 4.200000000000001, 'technical_score': 0, 'confidence': 0}"
KAPSTON.NS,535.7000122070312,InvestmentDecision.AVOID,0,0,"{'fundamental_score': 5.2, 'technical_score': 0, 'confidence': 0}"
ADVANIHOTR.NS,47.939998626708984,InvestmentDecision.AVOID,0,0,"{'fundamental_score': 7.4, 'technical_score': 0, 'confidence': 0}"
DBOL.NS,122.25,InvestmentDecision.AVOID,0,0,"{'fundamental_score': 5.0, 'technical_score': 0, 'confidence': 0}"
TRACXN.NS,32.630001068115234,InvestmentDecision.AVOID,0,0,"{'fundamental_score': 6.7, 'technical_score': 0, 'confidence': 0}"
MUNJALSHOW.NS,124.26000213623047,InvestmentDecision.AVOID,0,0,"{'fundamental_score': 5.9, 'technical_score': 0, 'confidence': 0}"
SREEL.NS,298.510009765625,InvestmentDecision.AVOID,0,0,"{'fundamental_score': 6.800000000000001, 'technical_score': 0, 'confidence': 0}"
ORBTEXP.NS,226.89999389648438,InvestmentDecision.AVOID,0,0,"{'fundamental_score': 7.1000000000000005, 'technical_score': 0, 'confidence': 0}"
MAZDA.NS,280.04998779296875,InvestmentDecision.AVOID,0,0,"{'fundamental_score': 7.6, 'technical_score': 0, 'confidence': 0}"
GUJAPOLLO.NS,329.1000061035156,InvestmentDecision.AVOID,0,0,"{'fundamental_score': 6.7, 'technical_score': 0, 'confidence': 0}"
TRANSWORLD.NS,166.10000610351562,InvestmentDecision.AVOID,0,0,"{'fundamental_score': 6.7, 'technical_score': 0, 'confidence': 0}"
PTL.NS,38.2400016784668,InvestmentDecision.AVOID,0,0,"{'fundamental_score': 8.2, 'technical_score': 0, 'confidence': 0}"
DPEL.NS,626.0,InvestmentDecision.AVOID,0,0,"{'fundamental_score': 6.7, 'technical_score': 0, 'confidence': 0}"
EFFWA.NS,356.20001220703125,InvestmentDecision.AVOID,0,0,"{'fundamental_score': 6.7, 'technical_score': 0, 'confidence': 0}"
MEGATHERM.NS,244.9499969482422,InvestmentDecision.AVOID,0,0,"{'fundamental_score': 6.7, 'technical_score': 0, 'confidence': 0}"
AVONMORE.NS,13.34000015258789,InvestmentDecision.AVOID,0,0,"{'fundamental_score': 6.800000000000001, 'technical_score': 0, 'confidence': 0}"
WSI.NS,55.939998626708984,InvestmentDecision.AVOID,0,0,"{'fundamental_score': 6.7, 'technical_score': 0, 'confidence': 0}"
SUPREMEPWR.NS,210.5,InvestmentDecision.AVOID,0,0,"{'fundamental_score': 6.7, 'technical_score': 0, 'confidence': 0}"
SUKHJITS.NS,159.86000061035156,InvestmentDecision.AVOID,0,0,"{'fundamental_score': 6.25, 'technical_score': 0, 'confidence': 0}"
MGEL.NS,15.989999771118164,InvestmentDecision.AVOID,0,0,"{'fundamental_score': 5.45, 'technical_score': 0, 'confidence': 0}"
CGRAPHICS.NS,134.0500030517578,InvestmentDecision.AVOID,0,0,"{'fundamental_score': 6.7, 'technical_score': 0, 'confidence': 0}"
DONEAR.NS,82.63999938964844,InvestmentDecision.AVOID,0,0,"{'fundamental_score': 4.4, 'technical_score': 0, 'confidence': 0}"
TERASOFT.NS,218.89999389648438,InvestmentDecision.AVOID,0,0,"{'fundamental_score': 6.7, 'technical_score': 0, 'confidence': 0}"
MODISONLTD.NS,444.04998779296875,InvestmentDecision.AVOID,0,0,"{'fundamental_score': 6.25, 'technical_score': 0, 'confidence': 0}"
VINYLINDIA.NS,219.85000610351562,InvestmentDecision.AVOID,0,0,"{'fundamental_score': 6.7, 'technical_score': 0, 'confidence': 0}"
DICIND.NS,656.5,InvestmentDecision.AVOID,0,0,"{'fundamental_score': 6.7, 'technical_score': 0, 'confidence': 0}"
CPEDU.NS,177.13999938964844,InvestmentDecision.AVOID,0,0,"{'fundamental_score': 5.9, 'technical_score': 0, 'confidence': 0}"
EUROBOND.NS,150.55999755859375,InvestmentDecision.AVOID,0,0,"{'fundamental_score': 5.8, 'technical_score': 0, 'confidence': 0}"
MIRZAINT.NS,28.68000030517578,InvestmentDecision.AVOID,0,0,"{'fundamental_score': 5.9, 'technical_score': 0, 'confidence': 0}"
ATMASTCO.NS,112.55000305175781,InvestmentDecision.AVOID,0,0,"{'fundamental_score': 6.7, 'technical_score': 0, 'confidence': 0}"
CLEDUCATE.NS,54.84000015258789,InvestmentDecision.AVOID,0,0,"{'fundamental_score': 5.0, 'technical_score': 0, 'confidence': 0}"
PAVNAIND.NS,15.460000038146973,InvestmentDecision.AVOID,0,0,"{'fundamental_score': 5.45, 'technical_score': 0, 'confidence': 0}"
SOFTTECH.NS,479.79998779296875,InvestmentDecision.AVOID,0,0,"{'fundamental_score': 6.7, 'technical_score': 0, 'confidence': 0}"
NAHARINDUS.NS,132.89999389648438,InvestmentDecision.AVOID,0,0,"{'fundamental_score': 5.45, 'technical_score': 0, 'confidence': 0}"
CYBERTECH.NS,137.8800048828125,InvestmentDecision.AVOID,0,0,"{'fundamental_score': 7.6, 'technical_score': 0, 'confidence': 0}"
MEDICAMEQ.NS,326.95001220703125,InvestmentDecision.AVOID,0,0,"{'fundamental_score': 6.7, 'technical_score': 0, 'confidence': 0}"
PANACHE.NS,525.0,InvestmentDecision.AVOID,0,0,"{'fundamental_score': 6.7, 'technical_score': 0, 'confidence': 0}"
HCL-INSYS.NS,10.569999694824219,InvestmentDecision.AVOID,0,0,"{'fundamental_score': 6.7, 'technical_score': 0, 'confidence': 0}"
ABSMARINE.NS,317.0,InvestmentDecision.AVOID,0,0,"{'fundamental_score': 6.7, 'technical_score': 0, 'confidence': 0}"
KOTHARIPRO.NS,67.97000122070312,InvestmentDecision.AVOID,0,0,"{'fundamental_score': 6.7, 'technical_score': 0, 'confidence': 0}"
HTMEDIA.NS,24.059999465942383,InvestmentDecision.AVOID,0,0,"{'fundamental_score': 6.7, 'technical_score': 0, 'confidence': 0}"
VRAJ.NS,126.23999786376953,InvestmentDecision.AVOID,0,0,"{'fundamental_score': 6.7, 'technical_score': 0, 'confidence': 0}"
UGARSUGAR.NS,62.290000915527344,InvestmentDecision.AVOID,0,0,"{'fundamental_score': 4.4, 'technical_score': 0, 'confidence': 0}"
XTGLOBAL.NS,29.440000534057617,InvestmentDecision.AVOID,0,0,"{'fundamental_score': 6.7, 'technical_score': 0, 'confidence': 0}"
SINCLAIR.NS,78.95999908447266,InvestmentDecision.AVOID,0,0,"{'fundamental_score': 7.1000000000000005, 'technical_score': 0, 'confidence': 0}"
DAVANGERE.NS,2.4000000953674316,InvestmentDecision.AVOID,0,0,"{'fundamental_score': 5.45, 'technical_score': 0, 'confidence': 0}"
HIGREEN.NS,129.5,InvestmentDecision.AVOID,0,0,"{'fundamental_score': 6.7, 'technical_score': 0, 'confidence': 0}"
MOLDTECH.NS,200.0800018310547,InvestmentDecision.AVOID,0,0,"{'fundamental_score': 6.7, 'technical_score': 0, 'confidence': 0}"
PREMIERPOL.NS,95.4000015258789,InvestmentDecision.AVOID,0,0,"{'fundamental_score': 6.7, 'technical_score': 0, 'confidence': 0}"
ARIES.NS,473.29998779296875,InvestmentDecision.AVOID,0,0,"{'fundamental_score': 6.7, 'technical_score': 0, 'confidence': 0}"
NDL.NS,2.609999895095825,InvestmentDecision.AVOID,0,0,"{'fundamental_score': 5.9, 'technical_score': 0, 'confidence': 0}"
SIGMA.NS,45.61000061035156,InvestmentDecision.AVOID,0,0,"{'fundamental_score': 8.2, 'technical_score': 0, 'confidence': 0}"
SAHAJSOLAR.NS,90.0,InvestmentDecision.AVOID,0,0,"{'fundamental_score': 6.7, 'technical_score': 0, 'confidence': 0}"
NAHARCAP.NS,248.6999969482422,InvestmentDecision.AVOID,0,0,"{'fundamental_score': 7.4, 'technical_score': 0, 'confidence': 0}"
SPENCERS.NS,27.40999984741211,InvestmentDecision.AVOID,0,0,"{'fundamental_score': 5.9, 'technical_score': 0, 'confidence': 0}"
POLYSIL.NS,60.900001525878906,InvestmentDecision.AVOID,0,0,"{'fundamental_score': 6.7, 'technical_score': 0, 'confidence': 0}"
ORIENTCER.NS,47.79999923706055,InvestmentDecision.AVOID,0,0,"{'fundamental_score': 6.7, 'technical_score': 0, 'confidence': 0}"
PLASTIBLEN.NS,202.99000549316406,InvestmentDecision.AVOID,0,0,"{'fundamental_score': 6.7, 'technical_score': 0, 'confidence': 0}"
BIRLACABLE.NS,351.3999938964844,InvestmentDecision.AVOID,0,0,"{'fundamental_score': 6.7, 'technical_score': 0, 'confidence': 0}"
LORDSCHLO.NS,148.1999969482422,InvestmentDecision.AVOID,0,0,"{'fundamental_score': 6.25, 'technical_score': 0, 'confidence': 0}"
AMANTA.NS,186.0,InvestmentDecision.AVOID,0,0,"{'fundamental_score': 5.8, 'technical_score': 0, 'confidence': 0}"
GSLSU.NS,31.1299991607666,InvestmentDecision.AVOID,0,0,"{'fundamental_score': 6.25, 'technical_score': 0, 'confidence': 0}"
THOMASCOTT.NS,248.64999389648438,InvestmentDecision.AVOID,0,0,"{'fundamental_score': 5.9, 'technical_score': 0, 'confidence': 0}"
KANPRPLA.NS,257.45001220703125,InvestmentDecision.AVOID,0,0,"{'fundamental_score': 5.9, 'technical_score': 0, 'confidence': 0}"
NRL.NS,161.6999969482422,InvestmentDecision.AVOID,0,0,"{'fundamental_score': 6.7, 'technical_score': 0, 'confidence': 0}"
MCLEODRUSS.NS,43.66999816894531,InvestmentDecision.AVOID,0,0,"{'fundamental_score': 5.9, 'technical_score': 0, 'confidence': 0}"
MUTHOOTCAP.NS,221.1699981689453,InvestmentDecision.AVOID,0,0,"{'fundamental_score': 4.4, 'technical_score': 0, 'confidence': 0}"
PANSARI.NS,289.95001220703125,InvestmentDecision.AVOID,0,0,"{'fundamental_score': 7.25, 'technical_score': 0, 'confidence': 0}"
MONEYBOXX.NS,51.209999084472656,InvestmentDecision.AVOID,0,0,"{'fundamental_score': 4.4, 'technical_score': 0, 'confidence': 0}"
SOUTHWEST.NS,186.7100067138672,InvestmentDecision.AVOID,0,0,"{'fundamental_score': 7.1000000000000005, 'technical_score': 0, 'confidence': 0}"
ALBERTDAVD.NS,873.7999877929688,InvestmentDecision.AVOID,0,0,"{'fundamental_score': 6.7, 'technical_score': 0, 'confidence': 0}"
SRD.NS,39.189998626708984,InvestmentDecision.AVOID,0,0,"{'fundamental_score': 6.7, 'technical_score': 0, 'confidence': 0}"
SRGHFL.NS,146.8000030517578,InvestmentDecision.AVOID,0,0,"{'fundamental_score': 5.9, 'technical_score': 0, 'confidence': 0}"
RAMANEWS.NS,31.100000381469727,InvestmentDecision.AVOID,0,0,"{'fundamental_score': 5.9, 'technical_score': 0, 'confidence': 0}"
KRITINUT.NS,75.54000091552734,InvestmentDecision.AVOID,0,0,"{'fundamental_score': 5.9, 'technical_score': 0, 'confidence': 0}"
CHEMBONDCH.NS,242.39999389648438,InvestmentDecision.AVOID,0,0,"{'fundamental_score': 7.2, 'technical_score': 0, 'confidence': 0}"
TIRUPATIFL.NS,78.27999877929688,InvestmentDecision.AVOID,0,0,"{'fundamental_score': 6.7, 'technical_score': 0, 'confidence': 0}"
PCCL.NS,445.29998779296875,InvestmentDecision.AVOID,0,0,"{'fundamental_score': 6.7, 'technical_score': 0, 'confidence': 0}"
RBMINFRA.NS,262.8500061035156,InvestmentDecision.AVOID,0,0,"{'fundamental_score': 6.7, 'technical_score': 0, 'confidence': 0}"
VALIANTLAB.NS,124.87000274658203,InvestmentDecision.AVOID,0,0,"{'fundamental_score': 6.7, 'technical_score': 0, 'confidence': 0}"
EMAMIREAL.NS,68.4000015258789,InvestmentDecision.AVOID,0,0,"{'fundamental_score': 6.7, 'technical_score': 0, 'confidence': 0}"
MANAKSIA.NS,60.189998626708984,InvestmentDecision.AVOID,0,0,"{'fundamental_score': 6.7, 'technical_score': 0, 'confidence': 0}"
NOVAAGRI.NS,22.899999618530273,InvestmentDecision.AVOID,0,0,"{'fundamental_score': 6.7, 'technical_score': 0, 'confidence': 0}"
SWARAJ.NS,338.6000061035156,InvestmentDecision.AVOID,0,0,"{'fundamental_score': 5.45, 'technical_score': 0, 'confidence': 0}"
MANORG.NS,458.8999938964844,InvestmentDecision.AVOID,0,0,"{'fundamental_score': 5.8, 'technical_score': 0, 'confidence': 0}"
REMSONSIND.NS,116.80000305175781,InvestmentDecision.AVOID,0,0,"{'fundamental_score': 5.45, 'technical_score': 0, 'confidence': 0}"
TIGERLOGS.NS,26.329999923706055,InvestmentDecision.AVOID,0,0,"{'fundamental_score': 6.7, 'technical_score': 0, 'confidence': 0}"
GLOBECIVIL.NS,43.119998931884766,InvestmentDecision.AVOID,0,0,"{'fundamental_score': 6.25, 'technical_score': 0, 'confidence': 0}"
KHADIM.NS,118.0999984741211,InvestmentDecision.AVOID,0,0,"{'fundamental_score': 5.0, 'technical_score': 0, 'confidence': 0}"
PASUPTAC.NS,75.87000274658203,InvestmentDecision.AVOID,0,0,"{'fundamental_score': 5.9, 'technical_score': 0, 'confidence': 0}"
ASHIMASYN.NS,15.960000038146973,InvestmentDecision.AVOID,0,0,"{'fundamental_score': 6.25, 'technical_score': 0, 'confidence': 0}"
BANSWRAS.NS,108.7300033569336,InvestmentDecision.AVOID,0,0,"{'fundamental_score': 3.8500000000000005, 'technical_score': 0, 'confidence': 0}"
FILATFASH.NS,0.18000000715255737,InvestmentDecision.AVOID,0,0,"{'fundamental_score': 5.9, 'technical_score': 0, 'confidence': 0}"
S&SPOWER.NS,307.8999938964844,InvestmentDecision.AVOID,0,0,"{'fundamental_score': 6.7, 'technical_score': 0, 'confidence': 0}"
HPAL.NS,34.959999084472656,InvestmentDecision.AVOID,0,0,"{'fundamental_score': 6.7, 'technical_score': 0, 'confidence': 0}"
RUBFILA.NS,63.310001373291016,InvestmentDecision.AVOID,0,0,"{'fundamental_score': 4.7, 'technical_score': 0, 'confidence': 0}"
GENUSPAPER.NS,10.109999656677246,InvestmentDecision.AVOID,0,0,"{'fundamental_score': 6.25, 'technical_score': 0, 'confidence': 0}"
DENORA.NS,766.5,InvestmentDecision.AVOID,0,0,"{'fundamental_score': 6.7, 'technical_score': 0, 'confidence': 0}"
ORIENTBELL.NS,395.70001220703125,InvestmentDecision.AVOID,0,0,"{'fundamental_score': 6.7, 'technical_score': 0, 'confidence': 0}"
RHL.NS,171.41000366210938,InvestmentDecision.AVOID,0,0,"{'fundamental_score': 7.1000000000000005, 'technical_score': 0, 'confidence': 0}"
TICL.NS,6.420000076293945,InvestmentDecision.AVOID,0,0,"{'fundamental_score': 5.8, 'technical_score': 0, 'confidence': 0}"
SPCENET.NS,3.3499999046325684,InvestmentDecision.AVOID,0,0,"{'fundamental_score': 6.800000000000001, 'technical_score': 0, 'confidence': 0}"
JKIPL.NS,96.27999877929688,InvestmentDecision.AVOID,0,0,"{'fundamental_score': 6.7, 'technical_score': 0, 'confidence': 0}"
BEDMUTHA.NS,110.70999908447266,InvestmentDecision.AVOID,0,0,"{'fundamental_score': 5.8, 'technical_score': 0, 'confidence': 0}"
INFOLLION.NS,153.35000610351562,InvestmentDecision.AVOID,0,0,"{'fundamental_score': 6.7, 'technical_score': 0, 'confidence': 0}"
WELINV.NS,2499.89990234375,InvestmentDecision.AVOID,0,0,"{'fundamental_score': 5.800000000000001, 'technical_score': 0, 'confidence': 0}"
NILAINFRA.NS,6.829999923706055,InvestmentDecision.AVOID,0,0,"{'fundamental_score': 6.7, 'technical_score': 0, 'confidence': 0}"
UNIDT.NS,229.30999755859375,InvestmentDecision.AVOID,0,0,"{'fundamental_score': 5.9, 'technical_score': 0, 'confidence': 0}"
VISHNUINFR.NS,147.8000030517578,InvestmentDecision.AVOID,0,0,"{'fundamental_score': 6.7, 'technical_score': 0, 'confidence': 0}"
AVPINFRA.NS,56.099998474121094,InvestmentDecision.AVOID,0,0,"{'fundamental_score': 6.7, 'technical_score': 0, 'confidence': 0}"
DEVX.NS,35.970001220703125,InvestmentDecision.AVOID,0,0,"{'fundamental_score': 5.2, 'technical_score': 0, 'confidence': 0}"
AARON.NS,124.11000061035156,InvestmentDecision.AVOID,0,0,"{'fundamental_score': 6.25, 'technical_score': 0, 'confidence': 0}"
GICL.NS,23.450000762939453,InvestmentDecision.AVOID,0,0,"{'fundamental_score': 6.7, 'technical_score': 0, 'confidence': 0}"
GOKUL.NS,39.689998626708984,InvestmentDecision.AVOID,0,0,"{'fundamental_score': 5.0, 'technical_score': 0, 'confidence': 0}"
GOACARBON.NS,401.79998779296875,InvestmentDecision.AVOID,0,0,"{'fundamental_score': 6.25, 'technical_score': 0, 'confidence': 0}"
RUCHIRA.NS,104.95999908447266,InvestmentDecision.AVOID,0,0,"{'fundamental_score': 6.7, 'technical_score': 0, 'confidence': 0}"
SHIVAUM.NS,510.1499938964844,InvestmentDecision.AVOID,0,0,"{'fundamental_score': 6.25, 'technical_score': 0, 'confidence': 0}"
PHANTOMFX.NS,90.0,InvestmentDecision.AVOID,0,0,"{'fundamental_score': 6.7, 'technical_score': 0, 'confidence': 0}"
MANAKSTEEL.NS,105.08000183105469,InvestmentDecision.AVOID,0,0,"{'fundamental_score': 6.7, 'technical_score': 0, 'confidence': 0}"
AARTISURF.NS,515.7000122070312,InvestmentDecision.AVOID,0,0,"{'fundamental_score': 6.7, 'technical_score': 0, 'confidence': 0}"
SAKUMA.NS,1.6699999570846558,InvestmentDecision.AVOID,0,0,"{'fundamental_score': 5.9, 'technical_score': 0, 'confidence': 0}"
ASMS.NS,6.380000114440918,InvestmentDecision.AVOID,0,0,"{'fundamental_score': 6.7, 'technical_score': 0, 'confidence': 0}"
VIKASLIFE.NS,1.2300000190734863,InvestmentDecision.AVOID,0,0,"{'fundamental_score': 4.300000000000001, 'technical_score': 0, 'confidence': 0}"
BBTCL.NS,229.02000427246094,InvestmentDecision.AVOID,0,0,"{'fundamental_score': 4.4, 'technical_score': 0, 'confidence': 0}"
MAHEPC.NS,97.05999755859375,InvestmentDecision.AVOID,0,0,"{'fundamental_score': 6.7, 'technical_score': 0, 'confidence': 0}"
GOLDKART.NS,107.0999984741211,InvestmentDecision.AVOID,0,0,"{'fundamental_score': 6.7, 'technical_score': 0, 'confidence': 0}"
DYNPRO.NS,229.22000122070312,InvestmentDecision.AVOID,0,0,"{'fundamental_score': 6.7, 'technical_score': 0, 'confidence': 0}"
IL&FSENGG.NS,40.0,InvestmentDecision.AVOID,0,0,"{'fundamental_score': 6.7, 'technical_score': 0, 'confidence': 0}"
INFINIUM.NS,262.1000061035156,InvestmentDecision.AVOID,0,0,"{'fundamental_score': 6.7, 'technical_score': 0, 'confidence': 0}"
FCSSOFT.NS,1.399999976158142,InvestmentDecision.AVOID,0,0,"{'fundamental_score': 6.7, 'technical_score': 0, 'confidence': 0}"
ZIMLAB.NS,138.47999572753906,InvestmentDecision.AVOID,0,0,"{'fundamental_score': 6.7, 'technical_score': 0, 'confidence': 0}"
APCL.NS,95.5199966430664,InvestmentDecision.AVOID,0,0,"{'fundamental_score': 6.25, 'technical_score': 0, 'confidence': 0}"
SUMIT.NS,49.189998626708984,InvestmentDecision.AVOID,0,0,"{'fundamental_score': 6.7, 'technical_score': 0, 'confidence': 0}"
SHREEKARNI.NS,385.0,InvestmentDecision.AVOID,0,0,"{'fundamental_score': 6.7, 'technical_score': 0, 'confidence': 0}"
ROSSELLIND.NS,51.630001068115234,InvestmentDecision.AVOID,0,0,"{'fundamental_score': 6.7, 'technical_score': 0, 'confidence': 0}"
BCONCEPTS.NS,148.16000366210938,InvestmentDecision.AVOID,0,0,"{'fundamental_score': 4.4, 'technical_score': 0, 'confidence': 0}"
VARDMNPOLY.NS,5.849999904632568,InvestmentDecision.AVOID,0,0,"{'fundamental_score': 7.4, 'technical_score': 0, 'confidence': 0}"
INM.NS,143.0,InvestmentDecision.AVOID,0,0,"{'fundamental_score': 6.7, 'technical_score': 0, 'confidence': 0}"
SYSTANGO.NS,222.85000610351562,InvestmentDecision.AVOID,0,0,"{'fundamental_score': 6.7, 'technical_score': 0, 'confidence': 0}"
OILCOUNTUB.NS,72.19999694824219,InvestmentDecision.AVOID,0,0,"{'fundamental_score': 5.9, 'technical_score': 0, 'confidence': 0}"
VGL.NS,67.27999877929688,InvestmentDecision.AVOID,0,0,"{'fundamental_score': 5.9, 'technical_score': 0, 'confidence': 0}"
3IINFOLTD.NS,24.350000381469727,InvestmentDecision.AVOID,0,0,"{'fundamental_score': 6.7, 'technical_score': 0, 'confidence': 0}"
IITL.NS,137.27000427246094,InvestmentDecision.AVOID,0,0,"{'fundamental_score': 5.9, 'technical_score': 0, 'confidence': 0}"
DCI.NS,302.0,InvestmentDecision.AVOID,0,0,"{'fundamental_score': 6.25, 'technical_score': 0, 'confidence': 0}"
INSPIRISYS.NS,88.4800033569336,InvestmentDecision.AVOID,0,0,"{'fundamental_score': 6.25, 'technical_score': 0, 'confidence': 0}"
WTICAB.NS,96.0,InvestmentDecision.AVOID,0,0,"{'fundamental_score': 6.7, 'technical_score': 0, 'confidence': 0}"
SHIVAMAUTO.NS,17.3700008392334,InvestmentDecision.AVOID,0,0,"{'fundamental_score': 5.9, 'technical_score': 0, 'confidence': 0}"
GINNIFILA.NS,42.4900016784668,InvestmentDecision.AVOID,0,0,"{'fundamental_score': 5.9, 'technical_score': 0, 'confidence': 0}"
PROV.NS,1920.5,InvestmentDecision.AVOID,0,0,"{'fundamental_score': 6.7, 'technical_score': 0, 'confidence': 0}"
MEDICO.NS,22.299999237060547,InvestmentDecision.AVOID,0,0,"{'fundamental_score': 6.7, 'technical_score': 0, 'confidence': 0}"
BALAJEE.NS,25.56999969482422,InvestmentDecision.AVOID,0,0,"{'fundamental_score': 5.45, 'technical_score': 0, 'confidence': 0}"
RCOM.NS,0.9300000071525574,InvestmentDecision.AVOID,0,0,"{'fundamental_score': 6.7, 'technical_score': 0, 'confidence': 0}"
BROOKS.NS,59.0099983215332,InvestmentDecision.AVOID,0,0,"{'fundamental_score': 7.9, 'technical_score': 0, 'confidence': 0}"
NDGL.NS,2575.60009765625,InvestmentDecision.AVOID,0,0,"{'fundamental_score': 5.9, 'technical_score': 0, 'confidence': 0}"
LOKESHMACH.NS,340.20001220703125,InvestmentDecision.AVOID,0,0,"{'fundamental_score': 6.25, 'technical_score': 0, 'confidence': 0}"
NECLIFE.NS,10.84000015258789,InvestmentDecision.AVOID,0,0,"{'fundamental_score': 6.7, 'technical_score': 0, 'confidence': 0}"
EXXARO.NS,6.210000038146973,InvestmentDecision.AVOID,0,0,"{'fundamental_score': 6.7, 'technical_score': 0, 'confidence': 0}"
BPL.NS,46.40999984741211,InvestmentDecision.AVOID,0,0,"{'fundamental_score': 4.25, 'technical_score': 0, 'confidence': 0}"
TRF.NS,215.64999389648438,InvestmentDecision.AVOID,0,0,"{'fundamental_score': 3.2, 'technical_score': 0, 'confidence': 0}"
HALEOSLABS.NS,1501.800048828125,InvestmentDecision.AVOID,0,0,"{'fundamental_score': 6.7, 'technical_score': 0, 'confidence': 0}"
HARRMALAYA.NS,172.58999633789062,InvestmentDecision.AVOID,0,0,"{'fundamental_score': 5.45, 'technical_score': 0, 'confidence': 0}"
MANCREDIT.NS,221.92999267578125,InvestmentDecision.AVOID,0,0,"{'fundamental_score': 5.9, 'technical_score': 0, 'confidence': 0}"
ASAHISONG.NS,402.75,InvestmentDecision.AVOID,0,0,"{'fundamental_score': 6.7, 'technical_score': 0, 'confidence': 0}"
GLOBAL.NS,133.61000061035156,InvestmentDecision.AVOID,0,0,"{'fundamental_score': 7.8, 'technical_score': 0, 'confidence': 0}"
URAVIDEF.NS,103.0,InvestmentDecision.AVOID,0,0,"{'fundamental_score': 5.9, 'technical_score': 0, 'confidence': 0}"
RACE.NS,121.69999694824219,InvestmentDecision.AVOID,0,0,"{'fundamental_score': 5.8, 'technical_score': 0, 'confidence': 0}"
EFACTOR.NS,171.14999389648438,InvestmentDecision.AVOID,0,0,"{'fundamental_score': 6.7, 'technical_score': 0, 'confidence': 0}"
KANORICHEM.NS,198.5500030517578,InvestmentDecision.AVOID,0,0,"{'fundamental_score': 7.15, 'technical_score': 0, 'confidence': 0}"
MARKOLINES.NS,169.77999877929688,InvestmentDecision.AVOID,0,0,"{'fundamental_score': 6.7, 'technical_score': 0, 'confidence': 0}"
ALANKIT.NS,7.849999904632568,InvestmentDecision.AVOID,0,0,"{'fundamental_score': 6.7, 'technical_score': 0, 'confidence': 0}"
GEEKAYWIRE.NS,32.900001525878906,InvestmentDecision.AVOID,0,0,"{'fundamental_score': 6.25, 'technical_score': 0, 'confidence': 0}"
SKP.NS,159.25,InvestmentDecision.AVOID,0,0,"{'fundamental_score': 6.7, 'technical_score': 0, 'confidence': 0}"
CMNL.NS,116.9000015258789,InvestmentDecision.AVOID,0,0,"{'fundamental_score': 6.7, 'technical_score': 0, 'confidence': 0}"
VLEGOV.NS,10.59000015258789,InvestmentDecision.AVOID,0,0,"{'fundamental_score': 6.7, 'technical_score': 0, 'confidence': 0}"
DPWIRES.NS,163.42999267578125,InvestmentDecision.AVOID,0,0,"{'fundamental_score': 6.7, 'technical_score': 0, 'confidence': 0}"
MASON.NS,113.0,InvestmentDecision.AVOID,0,0,"{'fundamental_score': 6.7, 'technical_score': 0, 'confidence': 0}"
VIKASECO.NS,1.0399999618530273,InvestmentDecision.AVOID,0,0,"{'fundamental_score': 6.7, 'technical_score': 0, 'confidence': 0}"
BHAGYANGR.NS,425.54998779296875,InvestmentDecision.AVOID,0,0,"{'fundamental_score': 5.8, 'technical_score': 0, 'confidence': 0}"
KCPSUGIND.NS,30.329999923706055,InvestmentDecision.AVOID,0,0,"{'fundamental_score': 6.800000000000001, 'technical_score': 0, 'confidence': 0}"
MAWANASUG.NS,149.63999938964844,InvestmentDecision.AVOID,0,0,"{'fundamental_score': 5.45, 'technical_score': 0, 'confidence': 0}"
APOLSINHOT.NS,1202.4000244140625,InvestmentDecision.AVOID,0,0,"{'fundamental_score': 6.25, 'technical_score': 0, 'confidence': 0}"
BYKE.NS,29.760000228881836,InvestmentDecision.AVOID,0,0,"{'fundamental_score': 5.9, 'technical_score': 0, 'confidence': 0}"
SSDL.NS,73.30999755859375,InvestmentDecision.AVOID,0,0,"{'fundamental_score': 5.9, 'technical_score': 0, 'confidence': 0}"
VARDHACRLC.NS,44.189998626708984,InvestmentDecision.AVOID,0,0,"{'fundamental_score': 6.800000000000001, 'technical_score': 0, 'confidence': 0}"
SHRADHA.NS,29.75,InvestmentDecision.AVOID,0,0,"{'fundamental_score': 8.2, 'technical_score': 0, 'confidence': 0}"
MANOMAY.NS,229.1199951171875,InvestmentDecision.AVOID,0,0,"{'fundamental_score': 4.4, 'technical_score': 0, 'confidence': 0}"
LYKALABS.NS,85.8499984741211,InvestmentDecision.AVOID,0,0,"{'fundamental_score': 6.25, 'technical_score': 0, 'confidence': 0}"
AVG.NS,164.05999755859375,InvestmentDecision.AVOID,0,0,"{'fundamental_score': 6.25, 'technical_score': 0, 'confidence': 0}"
AFFORDABLE.NS,178.25,InvestmentDecision.AVOID,0,0,"{'fundamental_score': 6.25, 'technical_score': 0, 'confidence': 0}"
NIPPOBATRY.NS,320.1499938964844,InvestmentDecision.AVOID,0,0,"{'fundamental_score': 6.7, 'technical_score': 0, 'confidence': 0}"
ATLANTAA.NS,35.31999969482422,InvestmentDecision.AVOID,0,0,"{'fundamental_score': 5.8, 'technical_score': 0, 'confidence': 0}"
FROG.NS,269.6499938964844,InvestmentDecision.AVOID,0,0,"{'fundamental_score': 6.7, 'technical_score': 0, 'confidence': 0}"
ALMONDZ.NS,21.3799991607666,InvestmentDecision.AVOID,0,0,"{'fundamental_score': 7.1000000000000005, 'technical_score': 0, 'confidence': 0}"
SINTERCOM.NS,77.93000030517578,InvestmentDecision.AVOID,0,0,"{'fundamental_score': 5.45, 'technical_score': 0, 'confidence': 0}"
GOLDTECH.NS,48.5099983215332,InvestmentDecision.AVOID,0,0,"{'fundamental_score': 6.7, 'technical_score': 0, 'confidence': 0}"
PPAP.NS,246.25,InvestmentDecision.AVOID,0,0,"{'fundamental_score': 5.45, 'technical_score': 0, 'confidence': 0}"
HITECHCORP.NS,330.1499938964844,InvestmentDecision.AVOID,0,0,"{'fundamental_score': 5.9, 'technical_score': 0, 'confidence': 0}"
NATHBIOGEN.NS,149.35000610351562,InvestmentDecision.AVOID,0,0,"{'fundamental_score': 6.7, 'technical_score': 0, 'confidence': 0}"
VMSTMT.NS,46.47999954223633,InvestmentDecision.AVOID,0,0,"{'fundamental_score': 5.8, 'technical_score': 0, 'confidence': 0}"
SHERA.NS,177.89999389648438,InvestmentDecision.AVOID,0,0,"{'fundamental_score': 6.7, 'technical_score': 0, 'confidence': 0}"
DIAMINESQ.NS,248.25,InvestmentDecision.AVOID,0,0,"{'fundamental_score': 6.7, 'technical_score': 0, 'confidence': 0}"
VIPCLOTHNG.NS,21.6299991607666,InvestmentDecision.AVOID,0,0,"{'fundamental_score': 5.9, 'technical_score': 0, 'confidence': 0}"
TREJHARA.NS,144.7899932861328,InvestmentDecision.AVOID,0,0,"{'fundamental_score': 6.7, 'technical_score': 0, 'confidence': 0}"
AXITA.NS,7.949999809265137,InvestmentDecision.AVOID,0,0,"{'fundamental_score': 5.9, 'technical_score': 0, 'confidence': 0}"
AUTOIND.NS,81.7300033569336,InvestmentDecision.AVOID,0,0,"{'fundamental_score': 4.4, 'technical_score': 0, 'confidence': 0}"
SAAKSHI.NS,365.70001220703125,InvestmentDecision.AVOID,0,0,"{'fundamental_score': 6.7, 'technical_score': 0, 'confidence': 0}"
AFIL.NS,8.039999961853027,InvestmentDecision.AVOID,0,0,"{'fundamental_score': 6.5, 'technical_score': 0, 'confidence': 0}"
JAINAM.NS,209.0,InvestmentDecision.AVOID,0,0,"{'fundamental_score': 6.7, 'technical_score': 0, 'confidence': 0}"
A2ZINFRA.NS,14.720000267028809,InvestmentDecision.AVOID,0,0,"{'fundamental_score': 5.2, 'technical_score': 0, 'confidence': 0}"
SHEMAROO.NS,124.51000213623047,InvestmentDecision.AVOID,0,0,"{'fundamental_score': 5.8, 'technical_score': 0, 'confidence': 0}"
RVHL.NS,39.31999969482422,InvestmentDecision.AVOID,0,0,"{'fundamental_score': 8.2, 'technical_score': 0, 'confidence': 0}"
SOMATEX.NS,80.04000091552734,InvestmentDecision.AVOID,0,0,"{'fundamental_score': 5.9, 'technical_score': 0, 'confidence': 0}"
PRAMARA.NS,102.5999984741211,InvestmentDecision.AVOID,0,0,"{'fundamental_score': 6.7, 'technical_score': 0, 'confidence': 0}"
NAGAFERT.NS,1.7699999809265137,InvestmentDecision.AVOID,0,0,"{'fundamental_score': 6.7, 'technical_score': 0, 'confidence': 0}"
GRETEX.NS,214.0,InvestmentDecision.AVOID,0,0,"{'fundamental_score': 6.7, 'technical_score': 0, 'confidence': 0}"
SUPREME.NS,31.389999389648438,InvestmentDecision.AVOID,0,0,"{'fundamental_score': 7.6, 'technical_score': 0, 'confidence': 0}"
PRIZOR.NS,1128.0999755859375,InvestmentDecision.AVOID,0,0,"{'fundamental_score': 6.7, 'technical_score': 0, 'confidence': 0}"
OMFREIGHT.NS,90.6500015258789,InvestmentDecision.AVOID,0,0,"{'fundamental_score': 6.7, 'technical_score': 0, 'confidence': 0}"
PILITA.NS,7.710000038146973,InvestmentDecision.AVOID,0,0,"{'fundamental_score': 5.9, 'technical_score': 0, 'confidence': 0}"
UNIHEALTH.NS,638.8499755859375,InvestmentDecision.AVOID,0,0,"{'fundamental_score': 6.7, 'technical_score': 0, 'confidence': 0}"
BAFNAPH.NS,350.04998779296875,InvestmentDecision.AVOID,0,0,"{'fundamental_score': 6.7, 'technical_score': 0, 'confidence': 0}"
KRISHCA.NS,206.85000610351562,InvestmentDecision.AVOID,0,0,"{'fundamental_score': 6.7, 'technical_score': 0, 'confidence': 0}"
GLOBALVECT.NS,134.05999755859375,InvestmentDecision.AVOID,0,0,"{'fundamental_score': 6.7, 'technical_score': 0, 'confidence': 0}"
GOYALSALT.NS,102.0,InvestmentDecision.AVOID,0,0,"{'fundamental_score': 6.7, 'technical_score': 0, 'confidence': 0}"
SUNDRMBRAK.NS,698.7999877929688,InvestmentDecision.AVOID,0,0,"{'fundamental_score': 5.9, 'technical_score': 0, 'confidence': 0}"
CINELINE.NS,89.19000244140625,InvestmentDecision.AVOID,0,0,"{'fundamental_score': 6.25, 'technical_score': 0, 'confidence': 0}"
KCEIL.NS,78.75,InvestmentDecision.AVOID,0,0,"{'fundamental_score': 6.7, 'technical_score': 0, 'confidence': 0}"
AIRAN.NS,17.030000686645508,InvestmentDecision.AVOID,0,0,"{'fundamental_score': 7.6, 'technical_score': 0, 'confidence': 0}"
DJML.NS,71.8499984741211,InvestmentDecision.AVOID,0,0,"{'fundamental_score': 6.7, 'technical_score': 0, 'confidence': 0}"
STARTECK.NS,262.5,InvestmentDecision.AVOID,0,0,"{'fundamental_score': 6.5, 'technical_score': 0, 'confidence': 0}"
DELPHIFX.NS,6.199999809265137,InvestmentDecision.AVOID,0,0,"{'fundamental_score': 3.4000000000000004, 'technical_score': 0, 'confidence': 0}"
MODIRUBBER.NS,121.62000274658203,InvestmentDecision.AVOID,0,0,"{'fundamental_score': 6.7, 'technical_score': 0, 'confidence': 0}"
ELGIRUBCO.NS,54.959999084472656,InvestmentDecision.AVOID,0,0,"{'fundamental_score': 4.4, 'technical_score': 0, 'confidence': 0}"
SHREYANIND.NS,130.14999389648438,InvestmentDecision.AVOID,0,0,"{'fundamental_score': 6.7, 'technical_score': 0, 'confidence': 0}"
SAHYADRI.NS,362.6000061035156,InvestmentDecision.AVOID,0,0,"{'fundamental_score': 6.7, 'technical_score': 0, 'confidence': 0}"
OSIAHYPER.NS,2.190000057220459,InvestmentDecision.AVOID,0,0,"{'fundamental_score': 5.9, 'technical_score': 0, 'confidence': 0}"
PODDARMENT.NS,271.3999938964844,InvestmentDecision.AVOID,0,0,"{'fundamental_score': 6.7, 'technical_score': 0, 'confidence': 0}"
UFO.NS,59.72999954223633,InvestmentDecision.AVOID,0,0,"{'fundamental_score': 6.7, 'technical_score': 0, 'confidence': 0}"
DCMNVL.NS,179.14999389648438,InvestmentDecision.AVOID,0,0,"{'fundamental_score': 5.45, 'technical_score': 0, 'confidence': 0}"
UCAL.NS,142.55999755859375,InvestmentDecision.AVOID,0,0,"{'fundamental_score': 5.45, 'technical_score': 0, 'confidence': 0}"
UYFINCORP.NS,19.31999969482422,InvestmentDecision.AVOID,0,0,"{'fundamental_score': 7.4, 'technical_score': 0, 'confidence': 0}"
YASHOPTICS.NS,134.4499969482422,InvestmentDecision.AVOID,0,0,"{'fundamental_score': 6.7, 'technical_score': 0, 'confidence': 0}"
GSMFOILS.NS,77.55000305175781,InvestmentDecision.AVOID,0,0,"{'fundamental_score': 6.7, 'technical_score': 0, 'confidence': 0}"
INDOUS.NS,77.5999984741211,InvestmentDecision.AVOID,0,0,"{'fundamental_score': 6.7, 'technical_score': 0, 'confidence': 0}"
VSTL.NS,113.76000213623047,InvestmentDecision.AVOID,0,0,"{'fundamental_score': 6.25, 'technical_score': 0, 'confidence': 0}"
JAYSREETEA.NS,89.37000274658203,InvestmentDecision.AVOID,0,0,"{'fundamental_score': 5.0, 'technical_score': 0, 'confidence': 0}"
UNIVPHOTO.NS,547.25,InvestmentDecision.AVOID,0,0,"{'fundamental_score': 6.7, 'technical_score': 0, 'confidence': 0}"
UNIVASTU.NS,138.0800018310547,InvestmentDecision.AVOID,0,0,"{'fundamental_score': 6.7, 'technical_score': 0, 'confidence': 0}"
KOTYARK.NS,31.200000762939453,InvestmentDecision.AVOID,0,0,"{'fundamental_score': 6.7, 'technical_score': 0, 'confidence': 0}"
ZEELEARN.NS,6.940000057220459,InvestmentDecision.AVOID,0,0,"{'fundamental_score': 4.4, 'technical_score': 0, 'confidence': 0}"
TRANSTEEL.NS,85.69999694824219,InvestmentDecision.AVOID,0,0,"{'fundamental_score': 6.7, 'technical_score': 0, 'confidence': 0}"
NDLVENTURE.NS,119.69000244140625,InvestmentDecision.AVOID,0,0,"{'fundamental_score': 8.2, 'technical_score': 0, 'confidence': 0}"
CCHHL.NS,13.140000343322754,InvestmentDecision.AVOID,0,0,"{'fundamental_score': 5.9, 'technical_score': 0, 'confidence': 0}"
MEGASTAR.NS,253.60000610351562,InvestmentDecision.AVOID,0,0,"{'fundamental_score': 5.0, 'technical_score': 0, 'confidence': 0}"
SURANAT&P.NS,15.920000076293945,InvestmentDecision.AVOID,0,0,"{'fundamental_score': 8.2, 'technical_score': 0, 'confidence': 0}"
TAKE.NS,15.510000228881836,InvestmentDecision.AVOID,0,0,"{'fundamental_score': 7.9, 'technical_score': 0, 'confidence': 0}"
RVTH.NS,654.5999755859375,InvestmentDecision.AVOID,0,0,"{'fundamental_score': 6.7, 'technical_score': 0, 'confidence': 0}"
TTL.NS,7.130000114440918,InvestmentDecision.AVOID,0,0,"{'fundamental_score': 5.45, 'technical_score': 0, 'confidence': 0}"
RADIOCITY.NS,6.050000190734863,InvestmentDecision.AVOID,0,0,"{'fundamental_score': 6.7, 'technical_score': 0, 'confidence': 0}"
PRITIKAUTO.NS,17.15999984741211,InvestmentDecision.AVOID,0,0,"{'fundamental_score': 6.25, 'technical_score': 0, 'confidence': 0}"
VIRINCHI.NS,13.8100004196167,InvestmentDecision.AVOID,0,0,"{'fundamental_score': 6.25, 'technical_score': 0, 'confidence': 0}"
CHAVDA.NS,73.30000305175781,InvestmentDecision.AVOID,0,0,"{'fundamental_score': 6.7, 'technical_score': 0, 'confidence': 0}"
DUGLOBAL.NS,21.399999618530273,InvestmentDecision.AVOID,0,0,"{'fundamental_score': 6.7, 'technical_score': 0, 'confidence': 0}"
RBS.NS,83.5999984741211,InvestmentDecision.AVOID,0,0,"{'fundamental_score': 6.7, 'technical_score': 0, 'confidence': 0}"
MADHAVBAUG.NS,161.25,InvestmentDecision.AVOID,0,0,"{'fundamental_score': 6.7, 'technical_score': 0, 'confidence': 0}"
SCPL.NS,632.0999755859375,InvestmentDecision.AVOID,0,0,"{'fundamental_score': 5.9, 'technical_score': 0, 'confidence': 0}"
KDL.NS,57.849998474121094,InvestmentDecision.AVOID,0,0,"{'fundamental_score': 6.7, 'technical_score': 0, 'confidence': 0}"
PRATHAM.NS,126.0,InvestmentDecision.AVOID,0,0,"{'fundamental_score': 6.7, 'technical_score': 0, 'confidence': 0}"
REPL.NS,61.4900016784668,InvestmentDecision.AVOID,0,0,"{'fundamental_score': 6.7, 'technical_score': 0, 'confidence': 0}"
IPSL.NS,215.0,InvestmentDecision.AVOID,0,0,"{'fundamental_score': 6.7, 'technical_score': 0, 'confidence': 0}"
KAMOPAINTS.NS,4.190000057220459,InvestmentDecision.AVOID,0,0,"{'fundamental_score': 6.7, 'technical_score': 0, 'confidence': 0}"
TCL.NS,124.0,InvestmentDecision.AVOID,0,0,"{'fundamental_score': 6.7, 'technical_score': 0, 'confidence': 0}"
SUPREMEINF.NS,81.29000091552734,InvestmentDecision.AVOID,0,0,"{'fundamental_score': 6.7, 'technical_score': 0, 'confidence': 0}"
STARPAPER.NS,155.05999755859375,InvestmentDecision.AVOID,0,0,"{'fundamental_score': 6.7, 'technical_score': 0, 'confidence': 0}"
NURECA.NS,351.5,InvestmentDecision.AVOID,0,0,"{'fundamental_score': 6.7, 'technical_score': 0, 'confidence': 0}"
FELIX.NS,202.4499969482422,InvestmentDecision.AVOID,0,0,"{'fundamental_score': 6.7, 'technical_score': 0, 'confidence': 0}"
IVC.NS,7.800000190734863,InvestmentDecision.AVOID,0,0,"{'fundamental_score': 5.9, 'technical_score': 0, 'confidence': 0}"
ANLON.NS,791.0,InvestmentDecision.AVOID,0,0,"{'fundamental_score': 6.7, 'technical_score': 0, 'confidence': 0}"
ESCONET.NS,218.10000610351562,InvestmentDecision.AVOID,0,0,"{'fundamental_score': 6.7, 'technical_score': 0, 'confidence': 0}"
KOTARISUG.NS,27.520000457763672,InvestmentDecision.AVOID,0,0,"{'fundamental_score': 5.9, 'technical_score': 0, 'confidence': 0}"
DUCOL.NS,130.5,InvestmentDecision.AVOID,0,0,"{'fundamental_score': 6.7, 'technical_score': 0, 'confidence': 0}"
SADHNANIQ.NS,2.819999933242798,InvestmentDecision.AVOID,0,0,"{'fundamental_score': 6.7, 'technical_score': 0, 'confidence': 0}"
GILLANDERS.NS,108.69000244140625,InvestmentDecision.AVOID,0,0,"{'fundamental_score': 5.45, 'technical_score': 0, 'confidence': 0}"
COASTCORP.NS,36.130001068115234,InvestmentDecision.AVOID,0,0,"{'fundamental_score': 4.4, 'technical_score': 0, 'confidence': 0}"
AHLEAST.NS,136.13999938964844,InvestmentDecision.AVOID,0,0,"{'fundamental_score': 4.4, 'technical_score': 0, 'confidence': 0}"
SAKHTISUG.NS,18.420000076293945,InvestmentDecision.AVOID,0,0,"{'fundamental_score': 4.4, 'technical_score': 0, 'confidence': 0}"
ZODIACLOTH.NS,70.2699966430664,InvestmentDecision.AVOID,0,0,"{'fundamental_score': 5.45, 'technical_score': 0, 'confidence': 0}"
KMSUGAR.NS,32.459999084472656,InvestmentDecision.AVOID,0,0,"{'fundamental_score': 5.45, 'technical_score': 0, 'confidence': 0}"
DRCSYSTEMS.NS,12.6899995803833,InvestmentDecision.AVOID,0,0,"{'fundamental_score': 8.2, 'technical_score': 0, 'confidence': 0}"
OMAXAUTO.NS,200.24000549316406,InvestmentDecision.AVOID,0,0,"{'fundamental_score': 5.9, 'technical_score': 0, 'confidence': 0}"
INTENTECH.NS,85.06999969482422,InvestmentDecision.AVOID,0,0,"{'fundamental_score': 6.7, 'technical_score': 0, 'confidence': 0}"
COMMITTED.NS,322.54998779296875,InvestmentDecision.AVOID,0,0,"{'fundamental_score': 6.7, 'technical_score': 0, 'confidence': 0}"
PIGL.NS,100.47000122070312,InvestmentDecision.AVOID,0,0,"{'fundamental_score': 6.7, 'technical_score': 0, 'confidence': 0}"
KALYANIFRG.NS,974.25,InvestmentDecision.AVOID,0,0,"{'fundamental_score': 5.0, 'technical_score': 0, 'confidence': 0}"
MKPL.NS,4.03000020980835,InvestmentDecision.AVOID,0,0,"{'fundamental_score': 5.9, 'technical_score': 0, 'confidence': 0}"
ARIHANTACA.NS,470.04998779296875,InvestmentDecision.AVOID,0,0,"{'fundamental_score': 6.7, 'technical_score': 0, 'confidence': 0}"
PONNIERODE.NS,399.79998779296875,InvestmentDecision.AVOID,0,0,"{'fundamental_score': 5.9, 'technical_score': 0, 'confidence': 0}"
MURUDCERA.NS,28.1200008392334,InvestmentDecision.AVOID,0,0,"{'fundamental_score': 6.7, 'technical_score': 0, 'confidence': 0}"
CPCAP.NS,153.92999267578125,InvestmentDecision.AVOID,0,0,"{'fundamental_score': 7.4, 'technical_score': 0, 'confidence': 0}"
AERONEU.NS,80.22000122070312,InvestmentDecision.AVOID,0,0,"{'fundamental_score': 5.9, 'technical_score': 0, 'confidence': 0}"
GENCON.NS,38.16999816894531,InvestmentDecision.AVOID,0,0,"{'fundamental_score': 4.7, 'technical_score': 0, 'confidence': 0}"
SALSTEEL.NS,93.02999877929688,InvestmentDecision.AVOID,0,0,"{'fundamental_score': 5.2, 'technical_score': 0, 'confidence': 0}"
NIRAJ.NS,28.110000610351562,InvestmentDecision.AVOID,0,0,"{'fundamental_score': 6.7, 'technical_score': 0, 'confidence': 0}"
ATALREAL.NS,13.520000457763672,InvestmentDecision.AVOID,0,0,"{'fundamental_score': 6.7, 'technical_score': 0, 'confidence': 0}"
SPCL.NS,65.6500015258789,InvestmentDecision.AVOID,0,0,"{'fundamental_score': 6.7, 'technical_score': 0, 'confidence': 0}"
SHIVATEX.NS,167.72999572753906,InvestmentDecision.AVOID,0,0,"{'fundamental_score': 5.45, 'technical_score': 0, 'confidence': 0}"
CHEMBOND.NS,191.99000549316406,InvestmentDecision.AVOID,0,0,"{'fundamental_score': 6.7, 'technical_score': 0, 'confidence': 0}"
SHAH.NS,3.2200000286102295,InvestmentDecision.AVOID,0,0,"{'fundamental_score': 6.25, 'technical_score': 0, 'confidence': 0}"
NAVKARURB.NS,0.8899999856948853,InvestmentDecision.AVOID,0,0,"{'fundamental_score': 7.6, 'technical_score': 0, 'confidence': 0}"
CORDSCABLE.NS,348.79998779296875,InvestmentDecision.AVOID,0,0,"{'fundamental_score': 6.25, 'technical_score': 0, 'confidence': 0}"
ABAN.NS,13.850000381469727,InvestmentDecision.AVOID,0,0,"{'fundamental_score': 5.9, 'technical_score': 0, 'confidence': 0}"
WORTHPERI.NS,144.94000244140625,InvestmentDecision.AVOID,0,0,"{'fundamental_score': 5.9, 'technical_score': 0, 'confidence': 0}"
DEVIT.NS,22.280000686645508,InvestmentDecision.AVOID,0,0,"{'fundamental_score': 8.2, 'technical_score': 0, 'confidence': 0}"
TRIGYN.NS,56.619998931884766,InvestmentDecision.AVOID,0,0,"{'fundamental_score': 6.7, 'technical_score': 0, 'confidence': 0}"
KCK.NS,14.0,InvestmentDecision.AVOID,0,0,"{'fundamental_score': 6.7, 'technical_score': 0, 'confidence': 0}"
BALAXI.NS,22.81999969482422,InvestmentDecision.AVOID,0,0,"{'fundamental_score': 4.7, 'technical_score': 0, 'confidence': 0}"
MHLXMIRU.NS,170.80999755859375,InvestmentDecision.AVOID,0,0,"{'fundamental_score': 7.4, 'technical_score': 0, 'confidence': 0}"
FIDEL.NS,168.0,InvestmentDecision.AVOID,0,0,"{'fundamental_score': 6.7, 'technical_score': 0, 'confidence': 0}"
SPECTSTM.NS,60.349998474121094,InvestmentDecision.AVOID,0,0,"{'fundamental_score': 6.7, 'technical_score': 0, 'confidence': 0}"
UNITEDTEA.NS,425.1000061035156,InvestmentDecision.AVOID,0,0,"{'fundamental_score': 7.4, 'technical_score': 0, 'confidence': 0}"
PKTEA.NS,1001.3499755859375,InvestmentDecision.AVOID,0,0,"{'fundamental_score': 5.9, 'technical_score': 0, 'confidence': 0}"
BASML.NS,24.510000228881836,InvestmentDecision.AVOID,0,0,"{'fundamental_score': 5.45, 'technical_score': 0, 'confidence': 0}"
KRITIKA.NS,5.039999961853027,InvestmentDecision.AVOID,0,0,"{'fundamental_score': 6.25, 'technical_score': 0, 'confidence': 0}"
DHARAN.NS,0.14000000059604645,InvestmentDecision.AVOID,0,0,"{'fundamental_score': 4.7, 'technical_score': 0, 'confidence': 0}"
AMJLAND.NS,37.70000076293945,InvestmentDecision.AVOID,0,0,"{'fundamental_score': 8.2, 'technical_score': 0, 'confidence': 0}"
INDOWIND.NS,8.880000114440918,InvestmentDecision.AVOID,0,0,"{'fundamental_score': 6.7, 'technical_score': 0, 'confidence': 0}"
NEPHROCARE.NS,93.55000305175781,InvestmentDecision.AVOID,0,0,"{'fundamental_score': 6.7, 'technical_score': 0, 'confidence': 0}"
TEAMGTY.NS,241.4499969482422,InvestmentDecision.AVOID,0,0,"{'fundamental_score': 7.1000000000000005, 'technical_score': 0, 'confidence': 0}"
MARALOVER.NS,58.61000061035156,InvestmentDecision.AVOID,0,0,"{'fundamental_score': 4.4, 'technical_score': 0, 'confidence': 0}"
VETO.NS,150.32000732421875,InvestmentDecision.AVOID,0,0,"{'fundamental_score': 6.7, 'technical_score': 0, 'confidence': 0}"
PRITIKA.NS,62.79999923706055,InvestmentDecision.AVOID,0,0,"{'fundamental_score': 6.7, 'technical_score': 0, 'confidence': 0}"
GRCL.NS,597.9000244140625,InvestmentDecision.AVOID,0,0,"{'fundamental_score': 6.7, 'technical_score': 0, 'confidence': 0}"
PLAZACABLE.NS,59.939998626708984,InvestmentDecision.AVOID,0,0,"{'fundamental_score': 6.7, 'technical_score': 0, 'confidence': 0}"
AKIKO.NS,421.0,InvestmentDecision.AVOID,0,0,"{'fundamental_score': 6.7, 'technical_score': 0, 'confidence': 0}"
GOLDSTAR.NS,10.649999618530273,InvestmentDecision.AVOID,0,0,"{'fundamental_score': 6.7, 'technical_score': 0, 'confidence': 0}"
SETCO.NS,18.469999313354492,InvestmentDecision.AVOID,0,0,"{'fundamental_score': 5.9, 'technical_score': 0, 'confidence': 0}"
LOTUSEYE.NS,115.06999969482422,InvestmentDecision.AVOID,0,0,"{'fundamental_score': 6.7, 'technical_score': 0, 'confidence': 0}"
RANASUG.NS,13.859999656677246,InvestmentDecision.AVOID,0,0,"{'fundamental_score': 5.45, 'technical_score': 0, 'confidence': 0}"
WINSOL.NS,107.30000305175781,InvestmentDecision.AVOID,0,0,"{'fundamental_score': 6.7, 'technical_score': 0, 'confidence': 0}"
RAJTV.NS,10.760000228881836,InvestmentDecision.AVOID,0,0,"{'fundamental_score': 6.7, 'technical_score': 0, 'confidence': 0}"
AKSHARCHEM.NS,394.3999938964844,InvestmentDecision.AVOID,0,0,"{'fundamental_score': 6.7, 'technical_score': 0, 'confidence': 0}"
ANIKINDS.NS,43.029998779296875,InvestmentDecision.AVOID,0,0,"{'fundamental_score': 5.9, 'technical_score': 0, 'confidence': 0}"
IBULLSLTD.NS,29.829999923706055,InvestmentDecision.AVOID,0,0,"{'fundamental_score': 8.2, 'technical_score': 0, 'confidence': 0}"
EMMIL.NS,124.94999694824219,InvestmentDecision.AVOID,0,0,"{'fundamental_score': 6.7, 'technical_score': 0, 'confidence': 0}"
AAREYDRUGS.NS,101.56999969482422,InvestmentDecision.AVOID,0,0,"{'fundamental_score': 6.7, 'technical_score': 0, 'confidence': 0}"
NATCAPSUQ.NS,169.52000427246094,InvestmentDecision.AVOID,0,0,"{'fundamental_score': 6.7, 'technical_score': 0, 'confidence': 0}"
PRAXIS.NS,4.670000076293945,InvestmentDecision.AVOID,0,0,"{'fundamental_score': 5.9, 'technical_score': 0, 'confidence': 0}"
KAVDEFENCE.NS,82.33999633789062,InvestmentDecision.AVOID,0,0,"{'fundamental_score': 6.7, 'technical_score': 0, 'confidence': 0}"
DGCONTENT.NS,23.899999618530273,InvestmentDecision.AVOID,0,0,"{'fundamental_score': 5.2, 'technical_score': 0, 'confidence': 0}"
SADBHAV.NS,7.190000057220459,InvestmentDecision.AVOID,0,0,"{'fundamental_score': 6.7, 'technical_score': 0, 'confidence': 0}"
ASPINWALL.NS,253.75,InvestmentDecision.AVOID,0,0,"{'fundamental_score': 5.9, 'technical_score': 0, 'confidence': 0}"
DRONE.NS,33.45000076293945,InvestmentDecision.AVOID,0,0,"{'fundamental_score': 6.7, 'technical_score': 0, 'confidence': 0}"
GULFPETRO.NS,60.880001068115234,InvestmentDecision.AVOID,0,0,"{'fundamental_score': 5.9, 'technical_score': 0, 'confidence': 0}"
PROPEQUITY.NS,192.85000610351562,InvestmentDecision.AVOID,0,0,"{'fundamental_score': 6.7, 'technical_score': 0, 'confidence': 0}"
JMA.NS,88.19000244140625,InvestmentDecision.AVOID,0,0,"{'fundamental_score': 5.9, 'technical_score': 0, 'confidence': 0}"
NECCLTD.NS,19.18000030517578,InvestmentDecision.AVOID,0,0,"{'fundamental_score': 6.25, 'technical_score': 0, 'confidence': 0}"
NITIRAJ.NS,217.83999633789062,InvestmentDecision.AVOID,0,0,"{'fundamental_score': 6.7, 'technical_score': 0, 'confidence': 0}"
ALUWIND.NS,51.04999923706055,InvestmentDecision.AVOID,0,0,"{'fundamental_score': 6.7, 'technical_score': 0, 'confidence': 0}"
EQUIPPP.NS,22.860000610351562,InvestmentDecision.AVOID,0,0,"{'fundamental_score': 6.25, 'technical_score': 0, 'confidence': 0}"
LLOYDS.NS,63.0,InvestmentDecision.AVOID,0,0,"{'fundamental_score': 6.7, 'technical_score': 0, 'confidence': 0}"
RHFL.NS,1.649999976158142,InvestmentDecision.AVOID,0,0,"{'fundamental_score': 5.9, 'technical_score': 0, 'confidence': 0}"
INCREDIBLE.NS,32.7400016784668,InvestmentDecision.AVOID,0,0,"{'fundamental_score': 6.7, 'technical_score': 0, 'confidence': 0}"
TIPSFILMS.NS,341.45001220703125,InvestmentDecision.AVOID,0,0,"{'fundamental_score': 5.2, 'technical_score': 0, 'confidence': 0}"
ARCHIDPLY.NS,102.76000213623047,InvestmentDecision.AVOID,0,0,"{'fundamental_score': 5.2, 'technical_score': 0, 'confidence': 0}"
MADHUSUDAN.NS,235.5,InvestmentDecision.AVOID,0,0,"{'fundamental_score': 6.7, 'technical_score': 0, 'confidence': 0}"
CENTEXT.NS,18.559999465942383,InvestmentDecision.AVOID,0,0,"{'fundamental_score': 6.25, 'technical_score': 0, 'confidence': 0}"
EMMBI.NS,87.01000213623047,InvestmentDecision.AVOID,0,0,"{'fundamental_score': 5.45, 'technical_score': 0, 'confidence': 0}"
KEYFINSERV.NS,227.35000610351562,InvestmentDecision.AVOID,0,0,"{'fundamental_score': 7.1000000000000005, 'technical_score': 0, 'confidence': 0}"
ESSENTIA.NS,1.0199999809265137,InvestmentDecision.AVOID,0,0,"{'fundamental_score': 5.9, 'technical_score': 0, 'confidence': 0}"
TAINWALCHM.NS,209.1999969482422,InvestmentDecision.AVOID,0,0,"{'fundamental_score': 8.2, 'technical_score': 0, 'confidence': 0}"
ENFUSE.NS,145.0,InvestmentDecision.AVOID,0,0,"{'fundamental_score': 6.7, 'technical_score': 0, 'confidence': 0}"
ARVEE.NS,213.19000244140625,InvestmentDecision.AVOID,0,0,"{'fundamental_score': 6.7, 'technical_score': 0, 'confidence': 0}"
SIKKO.NS,6.510000228881836,InvestmentDecision.AVOID,0,0,"{'fundamental_score': 6.7, 'technical_score': 0, 'confidence': 0}"
DENEERS.NS,182.8000030517578,InvestmentDecision.AVOID,0,0,"{'fundamental_score': 6.7, 'technical_score': 0, 'confidence': 0}"
PRLIND.NS,45.95000076293945,InvestmentDecision.AVOID,0,0,"{'fundamental_score': 6.7, 'technical_score': 0, 'confidence': 0}"
ALPA.NS,59.099998474121094,InvestmentDecision.AVOID,0,0,"{'fundamental_score': 6.7, 'technical_score': 0, 'confidence': 0}"
KESORAMIND.NS,11.569999694824219,InvestmentDecision.AVOID,0,0,"{'fundamental_score': 6.25, 'technical_score': 0, 'confidence': 0}"
DTIL.NS,140.35000610351562,InvestmentDecision.AVOID,0,0,"{'fundamental_score': 5.9, 'technical_score': 0, 'confidence': 0}"
AVROIND.NS,6.889999866485596,InvestmentDecision.AVOID,0,0,"{'fundamental_score': 5.9, 'technical_score': 0, 'confidence': 0}"
PURVFLEXI.NS,43.349998474121094,InvestmentDecision.AVOID,0,0,"{'fundamental_score': 6.7, 'technical_score': 0, 'confidence': 0}"
DESTINY.NS,100.6500015258789,InvestmentDecision.AVOID,0,0,"{'fundamental_score': 6.7, 'technical_score': 0, 'confidence': 0}"
BEWLTD.NS,67.6500015258789,InvestmentDecision.AVOID,0,0,"{'fundamental_score': 6.7, 'technical_score': 0, 'confidence': 0}"
IEML.NS,51.04999923706055,InvestmentDecision.AVOID,0,0,"{'fundamental_score': 6.7, 'technical_score': 0, 'confidence': 0}"
BRNL.NS,16.690000534057617,InvestmentDecision.AVOID,0,0,"{'fundamental_score': 6.25, 'technical_score': 0, 'confidence': 0}"
TUNWAL.NS,25.450000762939453,InvestmentDecision.AVOID,0,0,"{'fundamental_score': 6.7, 'technical_score': 0, 'confidence': 0}"
MANAKALUCO.NS,35.630001068115234,InvestmentDecision.AVOID,0,0,"{'fundamental_score': 5.2, 'technical_score': 0, 'confidence': 0}"
DCM.NS,75.0,InvestmentDecision.AVOID,0,0,"{'fundamental_score': 6.7, 'technical_score': 0, 'confidence': 0}"
CPS.NS,1150.0,InvestmentDecision.AVOID,0,0,"{'fundamental_score': 6.7, 'technical_score': 0, 'confidence': 0}"
AARTECH.NS,50.11000061035156,InvestmentDecision.AVOID,0,0,"{'fundamental_score': 6.7, 'technical_score': 0, 'confidence': 0}"
SHRITECH.NS,62.0,InvestmentDecision.AVOID,0,0,"{'fundamental_score': 6.7, 'technical_score': 0, 'confidence': 0}"
LAL.NS,8.829999923706055,InvestmentDecision.AVOID,0,0,"{'fundamental_score': 5.9, 'technical_score': 0, 'confidence': 0}"
SONAMLTD.NS,69.37000274658203,InvestmentDecision.AVOID,0,0,"{'fundamental_score': 5.9, 'technical_score': 0, 'confidence': 0}"
VISHWARAJ.NS,5.400000095367432,InvestmentDecision.AVOID,0,0,"{'fundamental_score': 2.8000000000000003, 'technical_score': 0, 'confidence': 0}"
VIVIMEDLAB.NS,5.550000190734863,InvestmentDecision.AVOID,0,0,"{'fundamental_score': 6.7, 'technical_score': 0, 'confidence': 0}"
PRAENG.NS,23.700000762939453,InvestmentDecision.AVOID,0,0,"{'fundamental_score': 6.7, 'technical_score': 0, 'confidence': 0}"
INDTERRAIN.NS,29.93000030517578,InvestmentDecision.AVOID,0,0,"{'fundamental_score': 5.45, 'technical_score': 0, 'confidence': 0}"
KORE.NS,180.14999389648438,InvestmentDecision.AVOID,0,0,"{'fundamental_score': 6.7, 'technical_score': 0, 'confidence': 0}"
LANCORHOL.NS,33.59000015258789,InvestmentDecision.AVOID,0,0,"{'fundamental_score': 8.2, 'technical_score': 0, 'confidence': 0}"
AARVI.NS,135.74000549316406,InvestmentDecision.AVOID,0,0,"{'fundamental_score': 6.7, 'technical_score': 0, 'confidence': 0}"
VASWANI.NS,45.349998474121094,InvestmentDecision.AVOID,0,0,"{'fundamental_score': 5.2, 'technical_score': 0, 'confidence': 0}"
SUPERHOUSE.NS,164.7100067138672,InvestmentDecision.AVOID,0,0,"{'fundamental_score': 5.9, 'technical_score': 0, 'confidence': 0}"
RSSOFTWARE.NS,30.559999465942383,InvestmentDecision.AVOID,0,0,"{'fundamental_score': 4.25, 'technical_score': 0, 'confidence': 0}"
DYNAMIC.NS,139.9499969482422,InvestmentDecision.AVOID,0,0,"{'fundamental_score': 6.7, 'technical_score': 0, 'confidence': 0}"
CORALFINAC.NS,31.770000457763672,InvestmentDecision.AVOID,0,0,"{'fundamental_score': 8.2, 'technical_score': 0, 'confidence': 0}"
CANARYS.NS,30.350000381469727,InvestmentDecision.AVOID,0,0,"{'fundamental_score': 6.7, 'technical_score': 0, 'confidence': 0}"
IVP.NS,228.6199951171875,InvestmentDecision.AVOID,0,0,"{'fundamental_score': 6.7, 'technical_score': 0, 'confidence': 0}"
BSL.NS,118.48999786376953,InvestmentDecision.AVOID,0,0,"{'fundamental_score': 4.4, 'technical_score': 0, 'confidence': 0}"
QMSMEDI.NS,196.63999938964844,InvestmentDecision.AVOID,0,0,"{'fundamental_score': 6.25, 'technical_score': 0, 'confidence': 0}"
EMKAYTOOLS.NS,95.0,InvestmentDecision.AVOID,0,0,"{'fundamental_score': 6.7, 'technical_score': 0, 'confidence': 0}"
RUCHINFRA.NS,5.090000152587891,InvestmentDecision.AVOID,0,0,"{'fundamental_score': 6.7, 'technical_score': 0, 'confidence': 0}"
TBI.NS,69.69999694824219,InvestmentDecision.AVOID,0,0,"{'fundamental_score': 6.7, 'technical_score': 0, 'confidence': 0}"
CROWN.NS,119.36000061035156,InvestmentDecision.AVOID,0,0,"{'fundamental_score': 7.75, 'technical_score': 0, 'confidence': 0}"
GAYAPROJ.NS,21.959999084472656,InvestmentDecision.AVOID,0,0,"{'fundamental_score': 7.75, 'technical_score': 0, 'confidence': 0}"
ENSER.NS,15.149999618530273,InvestmentDecision.AVOID,0,0,"{'fundamental_score': 6.7, 'technical_score': 0, 'confidence': 0}"
WEIZMANIND.NS,73.0,InvestmentDecision.AVOID,0,0,"{'fundamental_score': 5.9, 'technical_score': 0, 'confidence': 0}"
SOMICONVEY.NS,89.58999633789062,InvestmentDecision.AVOID,0,0,"{'fundamental_score': 6.7, 'technical_score': 0, 'confidence': 0}"
MAITREYA.NS,112.0,InvestmentDecision.AVOID,0,0,"{'fundamental_score': 6.7, 'technical_score': 0, 'confidence': 0}"
USK.NS,19.860000610351562,InvestmentDecision.AVOID,0,0,"{'fundamental_score': 6.7, 'technical_score': 0, 'confidence': 0}"
MAHESHWARI.NS,73.4000015258789,InvestmentDecision.AVOID,0,0,"{'fundamental_score': 5.8, 'technical_score': 0, 'confidence': 0}"
VR.NS,100.5,InvestmentDecision.AVOID,0,0,"{'fundamental_score': 6.7, 'technical_score': 0, 'confidence': 0}"
MODTHREAD.NS,47.31999969482422,InvestmentDecision.AVOID,0,0,"{'fundamental_score': 5.9, 'technical_score': 0, 'confidence': 0}"
RKEC.NS,24.260000228881836,InvestmentDecision.AVOID,0,0,"{'fundamental_score': 3.2, 'technical_score': 0, 'confidence': 0}"
DUCON.NS,1.559999942779541,InvestmentDecision.AVOID,0,0,"{'fundamental_score': 6.25, 'technical_score': 0, 'confidence': 0}"
SIGIND.NS,68.0199966430664,InvestmentDecision.AVOID,0,0,"{'fundamental_score': 5.2, 'technical_score': 0, 'confidence': 0}"
DOLLEX.NS,36.04999923706055,InvestmentDecision.AVOID,0,0,"{'fundamental_score': 5.0, 'technical_score': 0, 'confidence': 0}"
IBLFL.NS,62.0,InvestmentDecision.AVOID,0,0,"{'fundamental_score': 6.7, 'technical_score': 0, 'confidence': 0}"
HINDCON.NS,27.600000381469727,InvestmentDecision.AVOID,0,0,"{'fundamental_score': 6.7, 'technical_score': 0, 'confidence': 0}"
XELPMOC.NS,89.5,InvestmentDecision.AVOID,0,0,"{'fundamental_score': 6.7, 'technical_score': 0, 'confidence': 0}"
TEXMOPIPES.NS,56.90999984741211,InvestmentDecision.AVOID,0,0,"{'fundamental_score': 6.7, 'technical_score': 0, 'confidence': 0}"
WOMANCART.NS,99.5999984741211,InvestmentDecision.AVOID,0,0,"{'fundamental_score': 6.7, 'technical_score': 0, 'confidence': 0}"
KHFM.NS,42.25,InvestmentDecision.AVOID,0,0,"{'fundamental_score': 6.7, 'technical_score': 0, 'confidence': 0}"
UMIYA-MRO.NS,97.25,InvestmentDecision.AVOID,0,0,"{'fundamental_score': 5.8, 'technical_score': 0, 'confidence': 0}"
MAGNUM.NS,19.020000457763672,InvestmentDecision.AVOID,0,0,"{'fundamental_score': 4.7, 'technical_score': 0, 'confidence': 0}"
SHREEOSFM.NS,51.95000076293945,InvestmentDecision.AVOID,0,0,"{'fundamental_score': 6.7, 'technical_score': 0, 'confidence': 0}"
ISFT.NS,98.79000091552734,InvestmentDecision.AVOID,0,0,"{'fundamental_score': 5.9, 'technical_score': 0, 'confidence': 0}"
AIROLAM.NS,92.29000091552734,InvestmentDecision.AVOID,0,0,"{'fundamental_score': 3.4000000000000004, 'technical_score': 0, 'confidence': 0}"
MUKTAARTS.NS,56.209999084472656,InvestmentDecision.AVOID,0,0,"{'fundamental_score': 6.7, 'technical_score': 0, 'confidence': 0}"
GLOBALPET.NS,160.0,InvestmentDecision.AVOID,0,0,"{'fundamental_score': 6.7, 'technical_score': 0, 'confidence': 0}"
USASEEDS.NS,89.5,InvestmentDecision.AVOID,0,0,"{'fundamental_score': 6.7, 'technical_score': 0, 'confidence': 0}"
INDIANCARD.NS,200.58999633789062,InvestmentDecision.AVOID,0,0,"{'fundamental_score': 6.800000000000001, 'technical_score': 0, 'confidence': 0}"
MDL.NS,64.9000015258789,InvestmentDecision.AVOID,0,0,"{'fundamental_score': 6.7, 'technical_score': 0, 'confidence': 0}"
ALPHAGEO.NS,283.1499938964844,InvestmentDecision.AVOID,0,0,"{'fundamental_score': 5.9, 'technical_score': 0, 'confidence': 0}"
GVPTECH.NS,7.940000057220459,InvestmentDecision.AVOID,0,0,"{'fundamental_score': 6.7, 'technical_score': 0, 'confidence': 0}"
BHARATGEAR.NS,101.51000213623047,InvestmentDecision.AVOID,0,0,"{'fundamental_score': 5.45, 'technical_score': 0, 'confidence': 0}"
KREBSBIO.NS,56.939998626708984,InvestmentDecision.AVOID,0,0,"{'fundamental_score': 6.7, 'technical_score': 0, 'confidence': 0}"
INDBANK.NS,26.149999618530273,InvestmentDecision.AVOID,0,0,"{'fundamental_score': 7.4, 'technical_score': 0, 'confidence': 0}"
RPPL.NS,19.0,InvestmentDecision.AVOID,0,0,"{'fundamental_score': 5.45, 'technical_score': 0, 'confidence': 0}"
UMAEXPORTS.NS,21.219999313354492,InvestmentDecision.AVOID,0,0,"{'fundamental_score': 5.45, 'technical_score': 0, 'confidence': 0}"
SHEETAL.NS,358.79998779296875,InvestmentDecision.AVOID,0,0,"{'fundamental_score': 6.7, 'technical_score': 0, 'confidence': 0}"
SADHAV.NS,104.0,InvestmentDecision.AVOID,0,0,"{'fundamental_score': 6.7, 'technical_score': 0, 'confidence': 0}"
HECPROJECT.NS,115.4800033569336,InvestmentDecision.AVOID,0,0,"{'fundamental_score': 6.25, 'technical_score': 0, 'confidence': 0}"
HPIL.NS,115.4000015258789,InvestmentDecision.AVOID,0,0,"{'fundamental_score': 6.25, 'technical_score': 0, 'confidence': 0}"
SLONE.NS,171.8000030517578,InvestmentDecision.AVOID,0,0,"{'fundamental_score': 6.7, 'technical_score': 0, 'confidence': 0}"
GANGESSECU.NS,114.61000061035156,InvestmentDecision.AVOID,0,0,"{'fundamental_score': 5.9, 'technical_score': 0, 'confidence': 0}"
SURANASOL.NS,25.299999237060547,InvestmentDecision.AVOID,0,0,"{'fundamental_score': 8.2, 'technical_score': 0, 'confidence': 0}"
QUESTLAB.NS,87.05000305175781,InvestmentDecision.AVOID,0,0,"{'fundamental_score': 6.7, 'technical_score': 0, 'confidence': 0}"
INVENTURE.NS,0.8700000047683716,InvestmentDecision.AVOID,0,0,"{'fundamental_score': 5.9, 'technical_score': 0, 'confidence': 0}"
STEELCITY.NS,80.81999969482422,InvestmentDecision.AVOID,0,0,"{'fundamental_score': 7.4, 'technical_score': 0, 'confidence': 0}"
BTML.NS,7.460000038146973,InvestmentDecision.AVOID,0,0,"{'fundamental_score': 6.7, 'technical_score': 0, 'confidence': 0}"
ZEAL.NS,82.30000305175781,InvestmentDecision.AVOID,0,0,"{'fundamental_score': 6.7, 'technical_score': 0, 'confidence': 0}"
VEEKAYEM.NS,97.1500015258789,InvestmentDecision.AVOID,0,0,"{'fundamental_score': 6.7, 'technical_score': 0, 'confidence': 0}"
COMPUSOFT.NS,13.1899995803833,InvestmentDecision.AVOID,0,0,"{'fundamental_score': 5.9, 'technical_score': 0, 'confidence': 0}"
SHYAMCENT.NS,5.0,InvestmentDecision.AVOID,0,0,"{'fundamental_score': 6.7, 'technical_score': 0, 'confidence': 0}"
LAGNAM.NS,74.98999786376953,InvestmentDecision.AVOID,0,0,"{'fundamental_score': 4.4, 'technical_score': 0, 'confidence': 0}"
SAMBHAAV.NS,5.920000076293945,InvestmentDecision.AVOID,0,0,"{'fundamental_score': 6.7, 'technical_score': 0, 'confidence': 0}"
SILGO.NS,69.79000091552734,InvestmentDecision.AVOID,0,0,"{'fundamental_score': 6.800000000000001, 'technical_score': 0, 'confidence': 0}"
MASTER.NS,395.0,InvestmentDecision.AVOID,0,0,"{'fundamental_score': 6.7, 'technical_score': 0, 'confidence': 0}"
MAL.NS,41.75,InvestmentDecision.AVOID,0,0,"{'fundamental_score': 6.7, 'technical_score': 0, 'confidence': 0}"
SMLT.NS,59.349998474121094,InvestmentDecision.AVOID,0,0,"{'fundamental_score': 4.7, 'technical_score': 0, 'confidence': 0}"
AUSOMENT.NS,143.88999938964844,InvestmentDecision.AVOID,0,0,"{'fundamental_score': 5.9, 'technical_score': 0, 'confidence': 0}"
GTL.NS,7.03000020980835,InvestmentDecision.AVOID,0,0,"{'fundamental_score': 8.2, 'technical_score': 0, 'confidence': 0}"
VISAMAN.NS,30.200000762939453,InvestmentDecision.AVOID,0,0,"{'fundamental_score': 6.7, 'technical_score': 0, 'confidence': 0}"
GREENCHEF.NS,71.0,InvestmentDecision.AVOID,0,0,"{'fundamental_score': 6.7, 'technical_score': 0, 'confidence': 0}"
BAIDFIN.NS,10.6899995803833,InvestmentDecision.AVOID,0,0,"{'fundamental_score': 6.5, 'technical_score': 0, 'confidence': 0}"
SMARTLINK.NS,215.42999267578125,InvestmentDecision.AVOID,0,0,"{'fundamental_score': 6.7, 'technical_score': 0, 'confidence': 0}"
MAHAPEXLTD.NS,51.58000183105469,InvestmentDecision.AVOID,0,0,"{'fundamental_score': 5.9, 'technical_score': 0, 'confidence': 0}"
SADBHIN.NS,2.6500000953674316,InvestmentDecision.AVOID,0,0,"{'fundamental_score': 6.7, 'technical_score': 0, 'confidence': 0}"
SEMAC.NS,247.89999389648438,InvestmentDecision.AVOID,0,0,"{'fundamental_score': 6.7, 'technical_score': 0, 'confidence': 0}"
REXPIPES.NS,160.64999389648438,InvestmentDecision.AVOID,0,0,"{'fundamental_score': 6.7, 'technical_score': 0, 'confidence': 0}"
SOTAC.NS,90.05000305175781,InvestmentDecision.AVOID,0,0,"{'fundamental_score': 6.7, 'technical_score': 0, 'confidence': 0}"
VITAL.NS,53.0,InvestmentDecision.AVOID,0,0,"{'fundamental_score': 6.25, 'technical_score': 0, 'confidence': 0}"
TRU.NS,4.199999809265137,InvestmentDecision.AVOID,0,0,"{'fundamental_score': 4.4, 'technical_score': 0, 'confidence': 0}"
JOCIL.NS,147.60000610351562,InvestmentDecision.AVOID,0,0,"{'fundamental_score': 6.7, 'technical_score': 0, 'confidence': 0}"
URBAN.NS,118.8499984741211,InvestmentDecision.AVOID,0,0,"{'fundamental_score': 6.7, 'technical_score': 0, 'confidence': 0}"
SYLVANPLY.NS,52.0,InvestmentDecision.AVOID,0,0,"{'fundamental_score': 6.7, 'technical_score': 0, 'confidence': 0}"
TRUST.NS,26.549999237060547,InvestmentDecision.AVOID,0,0,"{'fundamental_score': 6.7, 'technical_score': 0, 'confidence': 0}"
MCL.NS,59.36000061035156,InvestmentDecision.AVOID,0,0,"{'fundamental_score': 6.25, 'technical_score': 0, 'confidence': 0}"
WIPL.NS,168.4600067138672,InvestmentDecision.AVOID,0,0,"{'fundamental_score': 6.7, 'technical_score': 0, 'confidence': 0}"
BALPHARMA.NS,107.70999908447266,InvestmentDecision.AVOID,0,0,"{'fundamental_score': 5.2, 'technical_score': 0, 'confidence': 0}"
VIPULLTD.NS,10.359999656677246,InvestmentDecision.AVOID,0,0,"{'fundamental_score': 6.7, 'technical_score': 0, 'confidence': 0}"
SALONA.NS,274.75,InvestmentDecision.AVOID,0,0,"{'fundamental_score': 4.4, 'technical_score': 0, 'confidence': 0}"
LAMBODHARA.NS,144.57000732421875,InvestmentDecision.AVOID,0,0,"{'fundamental_score': 5.9, 'technical_score': 0, 'confidence': 0}"
LOVABLE.NS,69.68000030517578,InvestmentDecision.AVOID,0,0,"{'fundamental_score': 5.9, 'technical_score': 0, 'confidence': 0}"
ISHANCH.NS,50.220001220703125,InvestmentDecision.AVOID,0,0,"{'fundamental_score': 6.25, 'technical_score': 0, 'confidence': 0}"
SHIGAN.NS,58.54999923706055,InvestmentDecision.AVOID,0,0,"{'fundamental_score': 6.7, 'technical_score': 0, 'confidence': 0}"
SURANI.NS,93.0999984741211,InvestmentDecision.AVOID,0,0,"{'fundamental_score': 6.7, 'technical_score': 0, 'confidence': 0}"
HDIL.NS,1.4500000476837158,InvestmentDecision.AVOID,0,0,"{'fundamental_score': 6.7, 'technical_score': 0, 'confidence': 0}"
LOYALTEX.NS,222.19000244140625,InvestmentDecision.AVOID,0,0,"{'fundamental_score': 5.0, 'technical_score': 0, 'confidence': 0}"
RAJSREESUG.NS,30.84000015258789,InvestmentDecision.AVOID,0,0,"{'fundamental_score': 5.0, 'technical_score': 0, 'confidence': 0}"
OSWALSEEDS.NS,13.079999923706055,InvestmentDecision.AVOID,0,0,"{'fundamental_score': 5.8, 'technical_score': 0, 'confidence': 0}"
BAGFILMS.NS,4.28000020980835,InvestmentDecision.AVOID,0,0,"{'fundamental_score': 6.25, 'technical_score': 0, 'confidence': 0}"
SHAHALLOYS.NS,92.83000183105469,InvestmentDecision.AVOID,0,0,"{'fundamental_score': 7.75, 'technical_score': 0, 'confidence': 0}"
DRSDILIP.NS,107.0,InvestmentDecision.AVOID,0,0,"{'fundamental_score': 6.7, 'technical_score': 0, 'confidence': 0}"
SECMARK.NS,137.1199951171875,InvestmentDecision.AVOID,0,0,"{'fundamental_score': 6.25, 'technical_score': 0, 'confidence': 0}"
ZENITHEXPO.NS,203.0,InvestmentDecision.AVOID,0,0,"{'fundamental_score': 5.9, 'technical_score': 0, 'confidence': 0}"
CUBEXTUB.NS,152.24000549316406,InvestmentDecision.AVOID,0,0,"{'fundamental_score': 6.25, 'technical_score': 0, 'confidence': 0}"
LATTEYS.NS,20.670000076293945,InvestmentDecision.AVOID,0,0,"{'fundamental_score': 6.25, 'technical_score': 0, 'confidence': 0}"
DELAPLEX.NS,91.9000015258789,InvestmentDecision.AVOID,0,0,"{'fundamental_score': 6.7, 'technical_score': 0, 'confidence': 0}"
SAMPANN.NS,24.559999465942383,InvestmentDecision.AVOID,0,0,"{'fundamental_score': 5.7, 'technical_score': 0, 'confidence': 0}"
ARTNIRMAN.NS,39.970001220703125,InvestmentDecision.AVOID,0,0,"{'fundamental_score': 5.2, 'technical_score': 0, 'confidence': 0}"
SSFL.NS,288.1000061035156,InvestmentDecision.AVOID,0,0,"{'fundamental_score': 6.7, 'technical_score': 0, 'confidence': 0}"
GENSOL.NS,16.709999084472656,InvestmentDecision.AVOID,0,0,"{'fundamental_score': 5.2, 'technical_score': 0, 'confidence': 0}"
TARMAT.NS,56.869998931884766,InvestmentDecision.AVOID,0,0,"{'fundamental_score': 6.7, 'technical_score': 0, 'confidence': 0}"
SIDDHIKA.NS,218.35000610351562,InvestmentDecision.AVOID,0,0,"{'fundamental_score': 6.7, 'technical_score': 0, 'confidence': 0}"
FIBERWEB.NS,26.540000915527344,InvestmentDecision.AVOID,0,0,"{'fundamental_score': 5.9, 'technical_score': 0, 'confidence': 0}"
SCML.NS,75.0,InvestmentDecision.AVOID,0,0,"{'fundamental_score': 6.7, 'technical_score': 0, 'confidence': 0}"
OMFURN.NS,52.95000076293945,InvestmentDecision.AVOID,0,0,"{'fundamental_score': 6.7, 'technical_score': 0, 'confidence': 0}"
NEWJAISA.NS,17.649999618530273,InvestmentDecision.AVOID,0,0,"{'fundamental_score': 6.7, 'technical_score': 0, 'confidence': 0}"
DCG.NS,74.5999984741211,InvestmentDecision.AVOID,0,0,"{'fundamental_score': 6.7, 'technical_score': 0, 'confidence': 0}"
RAJMET.NS,3.109999895095825,InvestmentDecision.AVOID,0,0,"{'fundamental_score': 6.7, 'technical_score': 0, 'confidence': 0}"
MAXPOSURE.NS,38.75,InvestmentDecision.AVOID,0,0,"{'fundamental_score': 6.7, 'technical_score': 0, 'confidence': 0}"
PAR.NS,131.41000366210938,InvestmentDecision.AVOID,0,0,"{'fundamental_score': 7.6, 'technical_score': 0, 'confidence': 0}"
BEARDSELL.NS,24.469999313354492,InvestmentDecision.AVOID,0,0,"{'fundamental_score': 6.7, 'technical_score': 0, 'confidence': 0}"
RELIABLE.NS,147.6999969482422,InvestmentDecision.AVOID,0,0,"{'fundamental_score': 6.7, 'technical_score': 0, 'confidence': 0}"
AKSHOPTFBR.NS,7.070000171661377,InvestmentDecision.AVOID,0,0,"{'fundamental_score': 6.7, 'technical_score': 0, 'confidence': 0}"
MOKSH.NS,9.920000076293945,InvestmentDecision.AVOID,0,0,"{'fundamental_score': 5.9, 'technical_score': 0, 'confidence': 0}"
BEACON.NS,87.94999694824219,InvestmentDecision.AVOID,0,0,"{'fundamental_score': 6.7, 'technical_score': 0, 'confidence': 0}"
CRAYONS.NS,24.5,InvestmentDecision.AVOID,0,0,"{'fundamental_score': 6.7, 'technical_score': 0, 'confidence': 0}"
DTL.NS,129.5,InvestmentDecision.AVOID,0,0,"{'fundamental_score': 6.7, 'technical_score': 0, 'confidence': 0}"
GROBTEA.NS,894.3499755859375,InvestmentDecision.AVOID,0,0,"{'fundamental_score': 5.45, 'technical_score': 0, 'confidence': 0}"
REGENCERAM.NS,33.38999938964844,InvestmentDecision.AVOID,0,0,"{'fundamental_score': 6.7, 'technical_score': 0, 'confidence': 0}"
SURYALAXMI.NS,57.0,InvestmentDecision.AVOID,0,0,"{'fundamental_score': 5.0, 'technical_score': 0, 'confidence': 0}"
MAHICKRA.NS,304.79998779296875,InvestmentDecision.AVOID,0,0,"{'fundamental_score': 6.7, 'technical_score': 0, 'confidence': 0}"
RELCHEMQ.NS,118.22000122070312,InvestmentDecision.AVOID,0,0,"{'fundamental_score': 4.4, 'technical_score': 0, 'confidence': 0}"
KOHINOOR.NS,30.06999969482422,InvestmentDecision.AVOID,0,0,"{'fundamental_score': 7.4, 'technical_score': 0, 'confidence': 0}"
HILTON.NS,16.850000381469727,InvestmentDecision.AVOID,0,0,"{'fundamental_score': 6.7, 'technical_score': 0, 'confidence': 0}"
PALASHSECU.NS,88.91999816894531,InvestmentDecision.AVOID,0,0,"{'fundamental_score': 7.4, 'technical_score': 0, 'confidence': 0}"
TOTAL.NS,70.86000061035156,InvestmentDecision.AVOID,0,0,"{'fundamental_score': 6.7, 'technical_score': 0, 'confidence': 0}"
ASCOM.NS,207.89999389648438,InvestmentDecision.AVOID,0,0,"{'fundamental_score': 6.7, 'technical_score': 0, 'confidence': 0}"
OLIL.NS,426.45001220703125,InvestmentDecision.AVOID,0,0,"{'fundamental_score': 6.7, 'technical_score': 0, 'confidence': 0}"
VAISHALI.NS,8.5,InvestmentDecision.AVOID,0,0,"{'fundamental_score': 6.7, 'technical_score': 0, 'confidence': 0}"
SIL.NS,16.739999771118164,InvestmentDecision.AVOID,0,0,"{'fundamental_score': 7.4, 'technical_score': 0, 'confidence': 0}"
OBCL.NS,57.599998474121094,InvestmentDecision.AVOID,0,0,"{'fundamental_score': 6.25, 'technical_score': 0, 'confidence': 0}"
ROCKINGDCE.NS,222.5,InvestmentDecision.AVOID,0,0,"{'fundamental_score': 6.7, 'technical_score': 0, 'confidence': 0}"
TOKYOPLAST.NS,74.0,InvestmentDecision.AVOID,0,0,"{'fundamental_score': 5.45, 'technical_score': 0, 'confidence': 0}"
REFRACTORY.NS,37.900001525878906,InvestmentDecision.AVOID,0,0,"{'fundamental_score': 6.7, 'technical_score': 0, 'confidence': 0}"
DIGIDRIVE.NS,18.389999389648438,InvestmentDecision.AVOID,0,0,"{'fundamental_score': 6.800000000000001, 'technical_score': 0, 'confidence': 0}"
BHANDARI.NS,2.9000000953674316,InvestmentDecision.AVOID,0,0,"{'fundamental_score': 5.45, 'technical_score': 0, 'confidence': 0}"
ODIGMA.NS,21.0,InvestmentDecision.AVOID,0,0,"{'fundamental_score': 6.7, 'technical_score': 0, 'confidence': 0}"
KAKATCEM.NS,106.72000122070312,InvestmentDecision.AVOID,0,0,"{'fundamental_score': 6.7, 'technical_score': 0, 'confidence': 0}"
KLL.NS,44.45000076293945,InvestmentDecision.AVOID,0,0,"{'fundamental_score': 6.7, 'technical_score': 0, 'confidence': 0}"
MITCON.NS,86.7699966430664,InvestmentDecision.AVOID,0,0,"{'fundamental_score': 4.25, 'technical_score': 0, 'confidence': 0}"
TOUCHWOOD.NS,60.13999938964844,InvestmentDecision.AVOID,0,0,"{'fundamental_score': 6.7, 'technical_score': 0, 'confidence': 0}"
AAATECH.NS,101.5,InvestmentDecision.AVOID,0,0,"{'fundamental_score': 6.7, 'technical_score': 0, 'confidence': 0}"
SPLIL.NS,30.989999771118164,InvestmentDecision.AVOID,0,0,"{'fundamental_score': 5.9, 'technical_score': 0, 'confidence': 0}"
HOLMARC.NS,122.4000015258789,InvestmentDecision.AVOID,0,0,"{'fundamental_score': 6.7, 'technical_score': 0, 'confidence': 0}"
HOACFOODS.NS,858.5999755859375,InvestmentDecision.AVOID,0,0,"{'fundamental_score': 6.7, 'technical_score': 0, 'confidence': 0}"
ZENITHSTL.NS,5.260000228881836,InvestmentDecision.AVOID,0,0,"{'fundamental_score': 6.7, 'technical_score': 0, 'confidence': 0}"
ARSSINFRA.NS,54.27000045776367,InvestmentDecision.AVOID,0,0,"{'fundamental_score': 6.7, 'technical_score': 0, 'confidence': 0}"
NAMAN.NS,48.599998474121094,InvestmentDecision.AVOID,0,0,"{'fundamental_score': 6.7, 'technical_score': 0, 'confidence': 0}"
PIONEEREMB.NS,21.350000381469727,InvestmentDecision.AVOID,0,0,"{'fundamental_score': 5.45, 'technical_score': 0, 'confidence': 0}"
ZENITHDRUG.NS,42.79999923706055,InvestmentDecision.AVOID,0,0,"{'fundamental_score': 6.7, 'technical_score': 0, 'confidence': 0}"
GLOBE.NS,2.240000009536743,InvestmentDecision.AVOID,0,0,"{'fundamental_score': 5.0, 'technical_score': 0, 'confidence': 0}"
DHRUV.NS,21.5,InvestmentDecision.AVOID,0,0,"{'fundamental_score': 6.7, 'technical_score': 0, 'confidence': 0}"
SONUINFRA.NS,44.0,InvestmentDecision.AVOID,0,0,"{'fundamental_score': 6.7, 'technical_score': 0, 'confidence': 0}"
SELMC.NS,26.40999984741211,InvestmentDecision.AVOID,0,0,"{'fundamental_score': 5.9, 'technical_score': 0, 'confidence': 0}"
MAGSON.NS,180.0,InvestmentDecision.AVOID,0,0,"{'fundamental_score': 6.7, 'technical_score': 0, 'confidence': 0}"
PATTECH.NS,114.8499984741211,InvestmentDecision.AVOID,0,0,"{'fundamental_score': 6.7, 'technical_score': 0, 'confidence': 0}"
CAPTRUST.NS,18.719999313354492,InvestmentDecision.AVOID,0,0,"{'fundamental_score': 5.45, 'technical_score': 0, 'confidence': 0}"
ATAM.NS,57.06999969482422,InvestmentDecision.AVOID,0,0,"{'fundamental_score': 6.7, 'technical_score': 0, 'confidence': 0}"
PARAGON.NS,50.599998474121094,InvestmentDecision.AVOID,0,0,"{'fundamental_score': 6.7, 'technical_score': 0, 'confidence': 0}"
LPDC.NS,6.510000228881836,InvestmentDecision.AVOID,0,0,"{'fundamental_score': 8.2, 'technical_score': 0, 'confidence': 0}"
ROXHITECH.NS,46.099998474121094,InvestmentDecision.AVOID,0,0,"{'fundamental_score': 6.7, 'technical_score': 0, 'confidence': 0}"
DIGJAMLMTD.NS,54.400001525878906,InvestmentDecision.AVOID,0,0,"{'fundamental_score': 4.4, 'technical_score': 0, 'confidence': 0}"
NIRMAN.NS,26.200000762939453,InvestmentDecision.AVOID,0,0,"{'fundamental_score': 6.7, 'technical_score': 0, 'confidence': 0}"
PATINTLOG.NS,13.59000015258789,InvestmentDecision.AVOID,0,0,"{'fundamental_score': 6.7, 'technical_score': 0, 'confidence': 0}"
GOYALALUM.NS,5.909999847412109,InvestmentDecision.AVOID,0,0,"{'fundamental_score': 6.7, 'technical_score': 0, 'confidence': 0}"
MANGALAM.NS,31.829999923706055,InvestmentDecision.AVOID,0,0,"{'fundamental_score': 5.8, 'technical_score': 0, 'confidence': 0}"
IL&FSTRANS.NS,1.909999966621399,InvestmentDecision.AVOID,0,0,"{'fundamental_score': 5.2, 'technical_score': 0, 'confidence': 0}"
ACCURACY.NS,4.28000020980835,InvestmentDecision.AVOID,0,0,"{'fundamental_score': 5.8, 'technical_score': 0, 'confidence': 0}"
PRUDMOULI.NS,13.930000305175781,InvestmentDecision.AVOID,0,0,"{'fundamental_score': 5.9, 'technical_score': 0, 'confidence': 0}"
DIGIKORE.NS,35.54999923706055,InvestmentDecision.AVOID,0,0,"{'fundamental_score': 6.7, 'technical_score': 0, 'confidence': 0}"
AMDIND.NS,58.79999923706055,InvestmentDecision.AVOID,0,0,"{'fundamental_score': 5.45, 'technical_score': 0, 'confidence': 0}"
SILKFLEX.NS,285.6499938964844,InvestmentDecision.AVOID,0,0,"{'fundamental_score': 6.7, 'technical_score': 0, 'confidence': 0}"
BVCL.NS,41.2599983215332,InvestmentDecision.AVOID,0,0,"{'fundamental_score': 6.7, 'technical_score': 0, 'confidence': 0}"
CINEVISTA.NS,14.039999961853027,InvestmentDecision.AVOID,0,0,"{'fundamental_score': 8.2, 'technical_score': 0, 'confidence': 0}"
MOTOGENFIN.NS,25.920000076293945,InvestmentDecision.AVOID,0,0,"{'fundamental_score': 8.2, 'technical_score': 0, 'confidence': 0}"
HISARMETAL.NS,152.8800048828125,InvestmentDecision.AVOID,0,0,"{'fundamental_score': 5.8, 'technical_score': 0, 'confidence': 0}"
JHS.NS,8.430000305175781,InvestmentDecision.AVOID,0,0,"{'fundamental_score': 5.9, 'technical_score': 0, 'confidence': 0}"
PRITI.NS,33.779998779296875,InvestmentDecision.AVOID,0,0,"{'fundamental_score': 5.9, 'technical_score': 0, 'confidence': 0}"
ENERGYDEV.NS,15.25,InvestmentDecision.AVOID,0,0,"{'fundamental_score': 6.7, 'technical_score': 0, 'confidence': 0}"
AAKASH.NS,8.920000076293945,InvestmentDecision.AVOID,0,0,"{'fundamental_score': 5.9, 'technical_score': 0, 'confidence': 0}"
KANDARP.NS,73.1500015258789,InvestmentDecision.AVOID,0,0,"{'fundamental_score': 6.7, 'technical_score': 0, 'confidence': 0}"
EFORCE.NS,18.049999237060547,InvestmentDecision.AVOID,0,0,"{'fundamental_score': 6.7, 'technical_score': 0, 'confidence': 0}"
FONEBOX.NS,167.64999389648438,InvestmentDecision.AVOID,0,0,"{'fundamental_score': 6.7, 'technical_score': 0, 'confidence': 0}"
ORCHASP.NS,1.3799999952316284,InvestmentDecision.AVOID,0,0,"{'fundamental_score': 6.7, 'technical_score': 0, 'confidence': 0}"
SONAMAC.NS,31.0,InvestmentDecision.AVOID,0,0,"{'fundamental_score': 6.7, 'technical_score': 0, 'confidence': 0}"
TGL.NS,14.199999809265137,InvestmentDecision.AVOID,0,0,"{'fundamental_score': 6.7, 'technical_score': 0, 'confidence': 0}"
CLSL.NS,66.5,InvestmentDecision.AVOID,0,0,"{'fundamental_score': 6.7, 'technical_score': 0, 'confidence': 0}"
AISL.NS,55.099998474121094,InvestmentDecision.AVOID,0,0,"{'fundamental_score': 6.7, 'technical_score': 0, 'confidence': 0}"
PRAKASHSTL.NS,3.619999885559082,InvestmentDecision.AVOID,0,0,"{'fundamental_score': 6.7, 'technical_score': 0, 'confidence': 0}"
CURAA.NS,72.0,InvestmentDecision.AVOID,0,0,"{'fundamental_score': 6.25, 'technical_score': 0, 'confidence': 0}"
SUNDARAM.NS,1.1399999856948853,InvestmentDecision.AVOID,0,0,"{'fundamental_score': 6.7, 'technical_score': 0, 'confidence': 0}"
DBSTOCKBRO.NS,31.1299991607666,InvestmentDecision.AVOID,0,0,"{'fundamental_score': 5.9, 'technical_score': 0, 'confidence': 0}"
MHHL.NS,32.0,InvestmentDecision.AVOID,0,0,"{'fundamental_score': 6.7, 'technical_score': 0, 'confidence': 0}"
KONSTELEC.NS,59.849998474121094,InvestmentDecision.AVOID,0,0,"{'fundamental_score': 6.7, 'technical_score': 0, 'confidence': 0}"
SANGANI.NS,53.650001525878906,InvestmentDecision.AVOID,0,0,"{'fundamental_score': 6.7, 'technical_score': 0, 'confidence': 0}"
AURIGROW.NS,0.2800000011920929,InvestmentDecision.AVOID,0,0,"{'fundamental_score': 4.7, 'technical_score': 0, 'confidence': 0}"
VIAZ.NS,75.5,InvestmentDecision.AVOID,0,0,"{'fundamental_score': 6.7, 'technical_score': 0, 'confidence': 0}"
ALKALI.NS,93.93000030517578,InvestmentDecision.AVOID,0,0,"{'fundamental_score': 6.7, 'technical_score': 0, 'confidence': 0}"
PARTYCRUS.NS,98.94999694824219,InvestmentDecision.AVOID,0,0,"{'fundamental_score': 6.7, 'technical_score': 0, 'confidence': 0}"
BAWEJA.NS,26.450000762939453,InvestmentDecision.AVOID,0,0,"{'fundamental_score': 6.7, 'technical_score': 0, 'confidence': 0}"
AKI.NS,6.630000114440918,InvestmentDecision.AVOID,0,0,"{'fundamental_score': 5.9, 'technical_score': 0, 'confidence': 0}"
FCONSUMER.NS,0.2199999988079071,InvestmentDecision.AVOID,0,0,"{'fundamental_score': 5.9, 'technical_score': 0, 'confidence': 0}"
AJOONI.NS,3.190000057220459,InvestmentDecision.AVOID,0,0,"{'fundamental_score': 4.300000000000001, 'technical_score': 0, 'confidence': 0}"
ANMOL.NS,13.25,InvestmentDecision.AVOID,0,0,"{'fundamental_score': 4.4, 'technical_score': 0, 'confidence': 0}"
BANKA.NS,73.41999816894531,InvestmentDecision.AVOID,0,0,"{'fundamental_score': 6.25, 'technical_score': 0, 'confidence': 0}"
NAGREEKEXP.NS,22.309999465942383,InvestmentDecision.AVOID,0,0,"{'fundamental_score': 5.0, 'technical_score': 0, 'confidence': 0}"
DELTAMAGNT.NS,57.15999984741211,InvestmentDecision.AVOID,0,0,"{'fundamental_score': 4.4, 'technical_score': 0, 'confidence': 0}"
MEGAFLEX.NS,99.0,InvestmentDecision.AVOID,0,0,"{'fundamental_score': 6.7, 'technical_score': 0, 'confidence': 0}"
HGM.NS,42.18000030517578,InvestmentDecision.AVOID,0,0,"{'fundamental_score': 5.8, 'technical_score': 0, 'confidence': 0}"
CEREBRAINT.NS,2.759999990463257,InvestmentDecision.AVOID,0,0,"{'fundamental_score': 6.7, 'technical_score': 0, 'confidence': 0}"
CTE.NS,43.47999954223633,InvestmentDecision.AVOID,0,0,"{'fundamental_score': 5.8, 'technical_score': 0, 'confidence': 0}"
SUVIDHAA.NS,2.2100000381469727,InvestmentDecision.AVOID,0,0,"{'fundamental_score': 4.7, 'technical_score': 0, 'confidence': 0}"
ORIENTLTD.NS,80.4800033569336,InvestmentDecision.AVOID,0,0,"{'fundamental_score': 5.45, 'technical_score': 0, 'confidence': 0}"
ARISTO.NS,105.8499984741211,InvestmentDecision.AVOID,0,0,"{'fundamental_score': 6.7, 'technical_score': 0, 'confidence': 0}"
SRIVASAVI.NS,85.94999694824219,InvestmentDecision.AVOID,0,0,"{'fundamental_score': 6.7, 'technical_score': 0, 'confidence': 0}"
NARMADA.NS,13.369999885559082,InvestmentDecision.AVOID,0,0,"{'fundamental_score': 6.7, 'technical_score': 0, 'confidence': 0}"
ONDOOR.NS,265.45001220703125,InvestmentDecision.AVOID,0,0,"{'fundamental_score': 6.7, 'technical_score': 0, 'confidence': 0}"
PULZ.NS,20.450000762939453,InvestmentDecision.AVOID,0,0,"{'fundamental_score': 6.7, 'technical_score': 0, 'confidence': 0}"
TFL.NS,11.760000228881836,InvestmentDecision.AVOID,0,0,"{'fundamental_score': 5.0, 'technical_score': 0, 'confidence': 0}"
AGRITECH.NS,96.02999877929688,InvestmentDecision.AVOID,0,0,"{'fundamental_score': 5.9, 'technical_score': 0, 'confidence': 0}"
ARABIAN.NS,88.0,InvestmentDecision.AVOID,0,0,"{'fundamental_score': 6.7, 'technical_score': 0, 'confidence': 0}"
BLBLIMITED.NS,17.100000381469727,InvestmentDecision.AVOID,0,0,"{'fundamental_score': 5.9, 'technical_score': 0, 'confidence': 0}"
BLUECOAST.NS,21.059999465942383,InvestmentDecision.AVOID,0,0,"{'fundamental_score': 5.9, 'technical_score': 0, 'confidence': 0}"
BANARBEADS.NS,123.86000061035156,InvestmentDecision.AVOID,0,0,"{'fundamental_score': 5.9, 'technical_score': 0, 'confidence': 0}"
AGROPHOS.NS,24.200000762939453,InvestmentDecision.AVOID,0,0,"{'fundamental_score': 5.7, 'technical_score': 0, 'confidence': 0}"
DAMODARIND.NS,28.450000762939453,InvestmentDecision.AVOID,0,0,"{'fundamental_score': 5.0, 'technical_score': 0, 'confidence': 0}"
K2INFRA.NS,42.75,InvestmentDecision.AVOID,0,0,"{'fundamental_score': 6.7, 'technical_score': 0, 'confidence': 0}"
NOIDATOLL.NS,3.9600000381469727,InvestmentDecision.AVOID,0,0,"{'fundamental_score': 8.2, 'technical_score': 0, 'confidence': 0}"
3PLAND.NS,30.989999771118164,InvestmentDecision.AVOID,0,0,"{'fundamental_score': 6.7, 'technical_score': 0, 'confidence': 0}"
AMEYA.NS,146.1999969482422,InvestmentDecision.AVOID,0,0,"{'fundamental_score': 6.7, 'technical_score': 0, 'confidence': 0}"
SECURKLOUD.NS,17.100000381469727,InvestmentDecision.AVOID,0,0,"{'fundamental_score': 6.7, 'technical_score': 0, 'confidence': 0}"
ROML.NS,42.790000915527344,InvestmentDecision.AVOID,0,0,"{'fundamental_score': 4.4, 'technical_score': 0, 'confidence': 0}"
PARASPETRO.NS,2.0799999237060547,InvestmentDecision.AVOID,0,0,"{'fundamental_score': 5.9, 'technical_score': 0, 'confidence': 0}"
MARCO.NS,30.0,InvestmentDecision.AVOID,0,0,"{'fundamental_score': 6.7, 'technical_score': 0, 'confidence': 0}"
AHLADA.NS,39.15999984741211,InvestmentDecision.AVOID,0,0,"{'fundamental_score': 6.7, 'technical_score': 0, 'confidence': 0}"
HOMESFY.NS,116.0,InvestmentDecision.AVOID,0,0,"{'fundamental_score': 6.7, 'technical_score': 0, 'confidence': 0}"
VELS.NS,73.0,InvestmentDecision.AVOID,0,0,"{'fundamental_score': 6.7, 'technical_score': 0, 'confidence': 0}"
TPHQ.NS,0.5099999904632568,InvestmentDecision.AVOID,0,0,"{'fundamental_score': 6.7, 'technical_score': 0, 'confidence': 0}"
ATLASCYCLE.NS,94.31999969482422,InvestmentDecision.AVOID,0,0,"{'fundamental_score': 5.9, 'technical_score': 0, 'confidence': 0}"
SHEKHAWATI.NS,27.389999389648438,InvestmentDecision.AVOID,0,0,"{'fundamental_score': 7.4, 'technical_score': 0, 'confidence': 0}"
ORIENTALTL.NS,4.989999771118164,InvestmentDecision.AVOID,0,0,"{'fundamental_score': 6.7, 'technical_score': 0, 'confidence': 0}"
FMNL.NS,7.940000057220459,InvestmentDecision.AVOID,0,0,"{'fundamental_score': 5.8, 'technical_score': 0, 'confidence': 0}"
SAIFL.NS,4.25,InvestmentDecision.AVOID,0,0,"{'fundamental_score': 6.7, 'technical_score': 0, 'confidence': 0}"
SYNOPTICS.NS,49.45000076293945,InvestmentDecision.AVOID,0,0,"{'fundamental_score': 6.7, 'technical_score': 0, 'confidence': 0}"
NORBTEAEXP.NS,70.12000274658203,InvestmentDecision.AVOID,0,0,"{'fundamental_score': 5.9, 'technical_score': 0, 'confidence': 0}"
BANG.NS,32.36000061035156,InvestmentDecision.AVOID,0,0,"{'fundamental_score': 5.9, 'technical_score': 0, 'confidence': 0}"
BIRDYS.NS,85.44999694824219,InvestmentDecision.AVOID,0,0,"{'fundamental_score': 6.7, 'technical_score': 0, 'confidence': 0}"
FLEXITUFF.NS,2.819999933242798,InvestmentDecision.AVOID,0,0,"{'fundamental_score': 5.9, 'technical_score': 0, 'confidence': 0}"
LRRPL.NS,93.5,InvestmentDecision.AVOID,0,0,"{'fundamental_score': 6.7, 'technical_score': 0, 'confidence': 0}"
ANSALAPI.NS,3.930000066757202,InvestmentDecision.AVOID,0,0,"{'fundamental_score': 6.7, 'technical_score': 0, 'confidence': 0}"
GATECH.NS,0.699999988079071,InvestmentDecision.AVOID,0,0,"{'fundamental_score': 7.4, 'technical_score': 0, 'confidence': 0}"
BALKRISHNA.NS,16.0,InvestmentDecision.AVOID,0,0,"{'fundamental_score': 5.9, 'technical_score': 0, 'confidence': 0}"
SWASTIK.NS,18.600000381469727,InvestmentDecision.AVOID,0,0,"{'fundamental_score': 6.7, 'technical_score': 0, 'confidence': 0}"
NIBL.NS,32.650001525878906,InvestmentDecision.AVOID,0,0,"{'fundamental_score': 6.7, 'technical_score': 0, 'confidence': 0}"
JAIPURKURT.NS,25.1299991607666,InvestmentDecision.AVOID,0,0,"{'fundamental_score': 5.45, 'technical_score': 0, 'confidence': 0}"
VERTEXPLUS.NS,69.3499984741211,InvestmentDecision.AVOID,0,0,"{'fundamental_score': 6.7, 'technical_score': 0, 'confidence': 0}"
CELEBRITY.NS,6.630000114440918,InvestmentDecision.AVOID,0,0,"{'fundamental_score': 4.4, 'technical_score': 0, 'confidence': 0}"
GRAPHISAD.NS,24.0,InvestmentDecision.AVOID,0,0,"{'fundamental_score': 6.7, 'technical_score': 0, 'confidence': 0}"
RILINFRA.NS,32.79999923706055,InvestmentDecision.AVOID,0,0,"{'fundamental_score': 6.7, 'technical_score': 0, 'confidence': 0}"
DURLAX.NS,65.75,InvestmentDecision.AVOID,0,0,"{'fundamental_score': 6.7, 'technical_score': 0, 'confidence': 0}"
JETFREIGHT.NS,21.43000030517578,InvestmentDecision.AVOID,0,0,"{'fundamental_score': 5.8, 'technical_score': 0, 'confidence': 0}"
SERVICE.NS,66.3499984741211,InvestmentDecision.AVOID,0,0,"{'fundamental_score': 6.7, 'technical_score': 0, 'confidence': 0}"
GSS.NS,10.720000267028809,InvestmentDecision.AVOID,0,0,"{'fundamental_score': 6.7, 'technical_score': 0, 'confidence': 0}"
BIOFILCHEM.NS,32.439998626708984,InvestmentDecision.AVOID,0,0,"{'fundamental_score': 6.7, 'technical_score': 0, 'confidence': 0}"
DHANLAXMI.NS,25.299999237060547,InvestmentDecision.AVOID,0,0,"{'fundamental_score': 4.300000000000001, 'technical_score': 0, 'confidence': 0}"
ARCHIES.NS,12.300000190734863,InvestmentDecision.AVOID,0,0,"{'fundamental_score': 5.9, 'technical_score': 0, 'confidence': 0}"
GAYAHWS.NS,1.850000023841858,InvestmentDecision.AVOID,0,0,"{'fundamental_score': 6.7, 'technical_score': 0, 'confidence': 0}"
AVSL.NS,119.69999694824219,InvestmentDecision.AVOID,0,0,"{'fundamental_score': 6.7, 'technical_score': 0, 'confidence': 0}"
DANGEE.NS,2.940000057220459,InvestmentDecision.AVOID,0,0,"{'fundamental_score': 4.4, 'technical_score': 0, 'confidence': 0}"
KARMAENG.NS,38.970001220703125,InvestmentDecision.AVOID,0,0,"{'fundamental_score': 6.7, 'technical_score': 0, 'confidence': 0}"
TNTELE.NS,9.90999984741211,InvestmentDecision.AVOID,0,0,"{'fundamental_score': 6.7, 'technical_score': 0, 'confidence': 0}"
MALUPAPER.NS,32.59000015258789,InvestmentDecision.AVOID,0,0,"{'fundamental_score': 6.7, 'technical_score': 0, 'confidence': 0}"
BLUEPEBBLE.NS,71.25,InvestmentDecision.AVOID,0,0,"{'fundamental_score': 6.7, 'technical_score': 0, 'confidence': 0}"
RKDL.NS,18.600000381469727,InvestmentDecision.AVOID,0,0,"{'fundamental_score': 5.0, 'technical_score': 0, 'confidence': 0}"
ICDSLTD.NS,56.9900016784668,InvestmentDecision.AVOID,0,0,"{'fundamental_score': 6.7, 'technical_score': 0, 'confidence': 0}"
PALREDTEC.NS,46.84000015258789,InvestmentDecision.AVOID,0,0,"{'fundamental_score': 5.2, 'technical_score': 0, 'confidence': 0}"
AGSTRA.NS,2.4000000953674316,InvestmentDecision.AVOID,0,0,"{'fundamental_score': 5.2, 'technical_score': 0, 'confidence': 0}"
MANUGRAPH.NS,19.81999969482422,InvestmentDecision.AVOID,0,0,"{'fundamental_score': 6.7, 'technical_score': 0, 'confidence': 0}"
LFIC.NS,133.05999755859375,InvestmentDecision.AVOID,0,0,"{'fundamental_score': 5.9, 'technical_score': 0, 'confidence': 0}"
GOLDENTOBC.NS,24.610000610351562,InvestmentDecision.AVOID,0,0,"{'fundamental_score': 7.4, 'technical_score': 0, 'confidence': 0}"
SECL.NS,3.0,InvestmentDecision.AVOID,0,0,"{'fundamental_score': 6.7, 'technical_score': 0, 'confidence': 0}"
PRESSTONIC.NS,52.5,InvestmentDecision.AVOID,0,0,"{'fundamental_score': 6.7, 'technical_score': 0, 'confidence': 0}"
CADSYS.NS,43.70000076293945,InvestmentDecision.AVOID,0,0,"{'fundamental_score': 6.7, 'technical_score': 0, 'confidence': 0}"
VINNY.NS,0.9300000071525574,InvestmentDecision.AVOID,0,0,"{'fundamental_score': 5.9, 'technical_score': 0, 'confidence': 0}"
SHIVAMILLS.NS,58.5099983215332,InvestmentDecision.AVOID,0,0,"{'fundamental_score': 5.9, 'technical_score': 0, 'confidence': 0}"
UWCSL.NS,122.44999694824219,InvestmentDecision.AVOID,0,0,"{'fundamental_score': 6.7, 'technical_score': 0, 'confidence': 0}"
LEXUS.NS,12.180000305175781,InvestmentDecision.AVOID,0,0,"{'fundamental_score': 5.2, 'technical_score': 0, 'confidence': 0}"
BABAFP.NS,23.700000762939453,InvestmentDecision.AVOID,0,0,"{'fundamental_score': 6.7, 'technical_score': 0, 'confidence': 0}"
HBSL.NS,56.08000183105469,InvestmentDecision.AVOID,0,0,"{'fundamental_score': 5.9, 'technical_score': 0, 'confidence': 0}"
BMETRICS.NS,41.400001525878906,InvestmentDecision.AVOID,0,0,"{'fundamental_score': 6.7, 'technical_score': 0, 'confidence': 0}"
ADROITINFO.NS,13.510000228881836,InvestmentDecision.AVOID,0,0,"{'fundamental_score': 6.7, 'technical_score': 0, 'confidence': 0}"
AUROIMPEX.NS,42.95000076293945,InvestmentDecision.AVOID,0,0,"{'fundamental_score': 6.7, 'technical_score': 0, 'confidence': 0}"
TARAPUR.NS,12.1899995803833,InvestmentDecision.AVOID,0,0,"{'fundamental_score': 6.7, 'technical_score': 0, 'confidence': 0}"
RCDL.NS,17.049999237060547,InvestmentDecision.AVOID,0,0,"{'fundamental_score': 6.7, 'technical_score': 0, 'confidence': 0}"
SEL.NS,343.25,InvestmentDecision.AVOID,0,0,"{'fundamental_score': 6.7, 'technical_score': 0, 'confidence': 0}"
JAKHARIA.NS,59.5,InvestmentDecision.AVOID,0,0,"{'fundamental_score': 6.7, 'technical_score': 0, 'confidence': 0}"
LCCINFOTEC.NS,4.230000019073486,InvestmentDecision.AVOID,0,0,"{'fundamental_score': 5.9, 'technical_score': 0, 'confidence': 0}"
MCON.NS,41.5,InvestmentDecision.AVOID,0,0,"{'fundamental_score': 6.7, 'technical_score': 0, 'confidence': 0}"
ASTRON.NS,2.9700000286102295,InvestmentDecision.AVOID,0,0,"{'fundamental_score': 3.8000000000000003, 'technical_score': 0, 'confidence': 0}"
KHAITANLTD.NS,146.00999450683594,InvestmentDecision.AVOID,0,0,"{'fundamental_score': 6.7, 'technical_score': 0, 'confidence': 0}"
AROGRANITE.NS,24.139999389648438,InvestmentDecision.AVOID,0,0,"{'fundamental_score': 6.25, 'technical_score': 0, 'confidence': 0}"
SIMBHALS.NS,6.309999942779541,InvestmentDecision.AVOID,0,0,"{'fundamental_score': 5.9, 'technical_score': 0, 'confidence': 0}"
HYBRIDFIN.NS,16.700000762939453,InvestmentDecision.AVOID,0,0,"{'fundamental_score': 7.4, 'technical_score': 0, 'confidence': 0}"
VISHWAS.NS,40.400001525878906,InvestmentDecision.AVOID,0,0,"{'fundamental_score': 6.7, 'technical_score': 0, 'confidence': 0}"
QUICKTOUCH.NS,15.5,InvestmentDecision.AVOID,0,0,"{'fundamental_score': 6.7, 'technical_score': 0, 'confidence': 0}"
21STCENMGM.NS,39.63999938964844,InvestmentDecision.AVOID,0,0,"{'fundamental_score': 5.9, 'technical_score': 0, 'confidence': 0}"
DKEGL.NS,69.94999694824219,InvestmentDecision.AVOID,0,0,"{'fundamental_score': 6.7, 'technical_score': 0, 'confidence': 0}"
DNAMEDIA.NS,2.5299999713897705,InvestmentDecision.AVOID,0,0,"{'fundamental_score': 6.7, 'technical_score': 0, 'confidence': 0}"
LASA.NS,5.889999866485596,InvestmentDecision.AVOID,0,0,"{'fundamental_score': 6.7, 'technical_score': 0, 'confidence': 0}"
PENTAGON.NS,90.5,InvestmentDecision.AVOID,0,0,"{'fundamental_score': 6.7, 'technical_score': 0, 'confidence': 0}"
RULKA.NS,102.5999984741211,InvestmentDecision.AVOID,0,0,"{'fundamental_score': 6.7, 'technical_score': 0, 'confidence': 0}"
UCL.NS,221.39999389648438,InvestmentDecision.AVOID,0,0,"{'fundamental_score': 6.7, 'technical_score': 0, 'confidence': 0}"
SUPERSPIN.NS,7.929999828338623,InvestmentDecision.AVOID,0,0,"{'fundamental_score': 5.9, 'technical_score': 0, 'confidence': 0}"
COUNCODOS.NS,6.460000038146973,InvestmentDecision.AVOID,0,0,"{'fundamental_score': 6.7, 'technical_score': 0, 'confidence': 0}"
WEWIN.NS,48.2599983215332,InvestmentDecision.AVOID,0,0,"{'fundamental_score': 6.7, 'technical_score': 0, 'confidence': 0}"
MADHUCON.NS,4.190000057220459,InvestmentDecision.AVOID,0,0,"{'fundamental_score': 6.7, 'technical_score': 0, 'confidence': 0}"
AGNI.NS,16.0,InvestmentDecision.AVOID,0,0,"{'fundamental_score': 6.7, 'technical_score': 0, 'confidence': 0}"
MASKINVEST.NS,145.05999755859375,InvestmentDecision.AVOID,0,0,"{'fundamental_score': 7.4, 'technical_score': 0, 'confidence': 0}"
ITALIANE.NS,31.0,InvestmentDecision.AVOID,0,0,"{'fundamental_score': 6.7, 'technical_score': 0, 'confidence': 0}"
ARSHIYA.NS,0.7400000095367432,InvestmentDecision.AVOID,0,0,"{'fundamental_score': 6.7, 'technical_score': 0, 'confidence': 0}"
MOXSH.NS,95.0,InvestmentDecision.AVOID,0,0,"{'fundamental_score': 6.7, 'technical_score': 0, 'confidence': 0}"
SEYAIND.NS,13.869999885559082,InvestmentDecision.AVOID,0,0,"{'fundamental_score': 6.25, 'technical_score': 0, 'confidence': 0}"
PEARLPOLY.NS,18.030000686645508,InvestmentDecision.AVOID,0,0,"{'fundamental_score': 5.9, 'technical_score': 0, 'confidence': 0}"
SVPGLOB.NS,3.2699999809265137,InvestmentDecision.AVOID,0,0,"{'fundamental_score': 7.4, 'technical_score': 0, 'confidence': 0}"
MILTON.NS,35.099998474121094,InvestmentDecision.AVOID,0,0,"{'fundamental_score': 6.7, 'technical_score': 0, 'confidence': 0}"
SAGARDEEP.NS,23.190000534057617,InvestmentDecision.AVOID,0,0,"{'fundamental_score': 6.7, 'technical_score': 0, 'confidence': 0}"
PROLIFE.NS,80.0,InvestmentDecision.AVOID,0,0,"{'fundamental_score': 6.7, 'technical_score': 0, 'confidence': 0}"
GANGAFORGE.NS,1.4600000381469727,InvestmentDecision.AVOID,0,0,"{'fundamental_score': 6.25, 'technical_score': 0, 'confidence': 0}"
NGIL.NS,39.5,InvestmentDecision.AVOID,0,0,"{'fundamental_score': 5.9, 'technical_score': 0, 'confidence': 0}"
UMA.NS,17.5,InvestmentDecision.AVOID,0,0,"{'fundamental_score': 6.7, 'technical_score': 0, 'confidence': 0}"
ADL.NS,69.80999755859375,InvestmentDecision.AVOID,0,0,"{'fundamental_score': 5.9, 'technical_score': 0, 'confidence': 0}"
ABMINTLLTD.NS,45.20000076293945,InvestmentDecision.AVOID,0,0,"{'fundamental_score': 6.25, 'technical_score': 0, 'confidence': 0}"
AKASH.NS,25.040000915527344,InvestmentDecision.AVOID,0,0,"{'fundamental_score': 5.8, 'technical_score': 0, 'confidence': 0}"
AATMAJ.NS,20.399999618530273,InvestmentDecision.AVOID,0,0,"{'fundamental_score': 6.7, 'technical_score': 0, 'confidence': 0}"
HRHNEXT.NS,24.299999237060547,InvestmentDecision.AVOID,0,0,"{'fundamental_score': 6.7, 'technical_score': 0, 'confidence': 0}"
PRECISION.NS,6.800000190734863,InvestmentDecision.AVOID,0,0,"{'fundamental_score': 6.7, 'technical_score': 0, 'confidence': 0}"
DEEM.NS,47.400001525878906,InvestmentDecision.AVOID,0,0,"{'fundamental_score': 6.7, 'technical_score': 0, 'confidence': 0}"
AMBICAAGAR.NS,25.219999313354492,InvestmentDecision.AVOID,0,0,"{'fundamental_score': 5.45, 'technical_score': 0, 'confidence': 0}"
MOHITIND.NS,23.0,InvestmentDecision.AVOID,0,0,"{'fundamental_score': 5.45, 'technical_score': 0, 'confidence': 0}"
JFLLIFE.NS,10.350000381469727,InvestmentDecision.AVOID,0,0,"{'fundamental_score': 6.7, 'technical_score': 0, 'confidence': 0}"
KONTOR.NS,57.95000076293945,InvestmentDecision.AVOID,0,0,"{'fundamental_score': 6.7, 'technical_score': 0, 'confidence': 0}"
VIJIFIN.NS,16.40999984741211,InvestmentDecision.AVOID,0,0,"{'fundamental_score': 7.4, 'technical_score': 0, 'confidence': 0}"
SIGNORIA.NS,145.0,InvestmentDecision.AVOID,0,0,"{'fundamental_score': 6.7, 'technical_score': 0, 'confidence': 0}"
AKSHAR.NS,0.4099999964237213,InvestmentDecision.AVOID,0,0,"{'fundamental_score': 5.9, 'technical_score': 0, 'confidence': 0}"
KEEPLEARN.NS,1.850000023841858,InvestmentDecision.AVOID,0,0,"{'fundamental_score': 5.9, 'technical_score': 0, 'confidence': 0}"
RADIOWALLA.NS,28.600000381469727,InvestmentDecision.AVOID,0,0,"{'fundamental_score': 6.7, 'technical_score': 0, 'confidence': 0}"
JETKNIT.NS,48.45000076293945,InvestmentDecision.AVOID,0,0,"{'fundamental_score': 6.7, 'technical_score': 0, 'confidence': 0}"
PNC.NS,16.889999389648438,InvestmentDecision.AVOID,0,0,"{'fundamental_score': 6.7, 'technical_score': 0, 'confidence': 0}"
NEXTMEDIA.NS,3.75,InvestmentDecision.AVOID,0,0,"{'fundamental_score': 6.7, 'technical_score': 0, 'confidence': 0}"
WALPAR.NS,27.450000762939453,InvestmentDecision.AVOID,0,0,"{'fundamental_score': 6.7, 'technical_score': 0, 'confidence': 0}"
ASHOKAMET.NS,15.670000076293945,InvestmentDecision.AVOID,0,0,"{'fundamental_score': 8.2, 'technical_score': 0, 'confidence': 0}"
BOHRAIND.NS,15.970000267028809,InvestmentDecision.AVOID,0,0,"{'fundamental_score': 6.7, 'technical_score': 0, 'confidence': 0}"
TIMESCAN.NS,41.400001525878906,InvestmentDecision.AVOID,0,0,"{'fundamental_score': 6.7, 'technical_score': 0, 'confidence': 0}"
NKIND.NS,60.36000061035156,InvestmentDecision.AVOID,0,0,"{'fundamental_score': 5.9, 'technical_score': 0, 'confidence': 0}"
AKG.NS,9.59000015258789,InvestmentDecision.AVOID,0,0,"{'fundamental_score': 6.7, 'technical_score': 0, 'confidence': 0}"
AGARWALFT.NS,25.950000762939453,InvestmentDecision.AVOID,0,0,"{'fundamental_score': 6.7, 'technical_score': 0, 'confidence': 0}"
LAXMICOT.NS,13.3100004196167,InvestmentDecision.AVOID,0,0,"{'fundamental_score': 5.45, 'technical_score': 0, 'confidence': 0}"
SITINET.NS,0.2800000011920929,InvestmentDecision.AVOID,0,0,"{'fundamental_score': 6.7, 'technical_score': 0, 'confidence': 0}"
MEDIORG.NS,24.149999618530273,InvestmentDecision.AVOID,0,0,"{'fundamental_score': 6.7, 'technical_score': 0, 'confidence': 0}"
MADHAV.NS,35.77000045776367,InvestmentDecision.AVOID,0,0,"{'fundamental_score': 6.7, 'technical_score': 0, 'confidence': 0}"
TRIDHYA.NS,7.050000190734863,InvestmentDecision.AVOID,0,0,"{'fundamental_score': 6.7, 'technical_score': 0, 'confidence': 0}"
MONOPHARMA.NS,8.600000381469727,InvestmentDecision.AVOID,0,0,"{'fundamental_score': 6.7, 'technical_score': 0, 'confidence': 0}"
SGL.NS,9.029999732971191,InvestmentDecision.AVOID,0,0,"{'fundamental_score': 5.9, 'technical_score': 0, 'confidence': 0}"
KRIDHANINF.NS,1.8600000143051147,InvestmentDecision.AVOID,0,0,"{'fundamental_score': 8.2, 'technical_score': 0, 'confidence': 0}"
KANANIIND.NS,1.399999976158142,InvestmentDecision.AVOID,0,0,"{'fundamental_score': 5.9, 'technical_score': 0, 'confidence': 0}"
KSR.NS,38.4900016784668,InvestmentDecision.AVOID,0,0,"{'fundamental_score': 5.9, 'technical_score': 0, 'confidence': 0}"
KKVAPOW.NS,310.8500061035156,InvestmentDecision.AVOID,0,0,"{'fundamental_score': 6.7, 'technical_score': 0, 'confidence': 0}"
NEUEON.NS,14.390000343322754,InvestmentDecision.AVOID,0,0,"{'fundamental_score': 6.7, 'technical_score': 0, 'confidence': 0}"
VINEETLAB.NS,34.849998474121094,InvestmentDecision.AVOID,0,0,"{'fundamental_score': 4.25, 'technical_score': 0, 'confidence': 0}"
SATIPOLY.NS,33.0,InvestmentDecision.AVOID,0,0,"{'fundamental_score': 6.7, 'technical_score': 0, 'confidence': 0}"
TAPIFRUIT.NS,43.5,InvestmentDecision.AVOID,0,0,"{'fundamental_score': 6.7, 'technical_score': 0, 'confidence': 0}"
WILLAMAGOR.NS,22.440000534057617,InvestmentDecision.AVOID,0,0,"{'fundamental_score': 5.9, 'technical_score': 0, 'confidence': 0}"
TECILCHEM.NS,8.8100004196167,InvestmentDecision.AVOID,0,0,"{'fundamental_score': 5.9, 'technical_score': 0, 'confidence': 0}"
MEP.NS,0.6600000262260437,InvestmentDecision.AVOID,0,0,"{'fundamental_score': 6.7, 'technical_score': 0, 'confidence': 0}"
KHANDSE.NS,17.81999969482422,InvestmentDecision.AVOID,0,0,"{'fundamental_score': 5.9, 'technical_score': 0, 'confidence': 0}"
NAGREEKCAP.NS,28.059999465942383,InvestmentDecision.AVOID,0,0,"{'fundamental_score': 4.4, 'technical_score': 0, 'confidence': 0}"
KAUSHALYA.NS,835.7000122070312,InvestmentDecision.AVOID,0,0,"{'fundamental_score': 4.7, 'technical_score': 0, 'confidence': 0}"
INFOMEDIA.NS,5.309999942779541,InvestmentDecision.AVOID,0,0,"{'fundamental_score': 5.9, 'technical_score': 0, 'confidence': 0}"
BILVYAPAR.NS,4.389999866485596,InvestmentDecision.AVOID,0,0,"{'fundamental_score': 6.7, 'technical_score': 0, 'confidence': 0}"
VILINBIO.NS,51.5,InvestmentDecision.AVOID,0,0,"{'fundamental_score': 6.7, 'technical_score': 0, 'confidence': 0}"
MITTAL.NS,0.7099999785423279,InvestmentDecision.AVOID,0,0,"{'fundamental_score': 5.9, 'technical_score': 0, 'confidence': 0}"
AGUL.NS,45.75,InvestmentDecision.AVOID,0,0,"{'fundamental_score': 6.7, 'technical_score': 0, 'confidence': 0}"
VERA.NS,86.25,InvestmentDecision.AVOID,0,0,"{'fundamental_score': 6.7, 'technical_score': 0, 'confidence': 0}"
SKIL.NS,0.9300000071525574,InvestmentDecision.AVOID,0,0,"{'fundamental_score': 6.7, 'technical_score': 0, 'confidence': 0}"
CELLPOINT.NS,14.649999618530273,InvestmentDecision.AVOID,0,0,"{'fundamental_score': 6.7, 'technical_score': 0, 'confidence': 0}"
ROLLT.NS,5.789999961853027,InvestmentDecision.AVOID,0,0,"{'fundamental_score': 5.8, 'technical_score': 0, 'confidence': 0}"
TGBHOTELS.NS,9.579999923706055,InvestmentDecision.AVOID,0,0,"{'fundamental_score': 5.9, 'technical_score': 0, 'confidence': 0}"
ASPIRE.NS,13.800000190734863,InvestmentDecision.AVOID,0,0,"{'fundamental_score': 6.7, 'technical_score': 0, 'confidence': 0}"
SHRENIK.NS,0.28999999165534973,InvestmentDecision.AVOID,0,0,"{'fundamental_score': 6.7, 'technical_score': 0, 'confidence': 0}"
VSCL.NS,20.25,InvestmentDecision.AVOID,0,0,"{'fundamental_score': 6.7, 'technical_score': 0, 'confidence': 0}"
TREEHOUSE.NS,6.050000190734863,InvestmentDecision.AVOID,0,0,"{'fundamental_score': 5.9, 'technical_score': 0, 'confidence': 0}"
LIBAS.NS,12.380000114440918,InvestmentDecision.AVOID,0,0,"{'fundamental_score': 5.9, 'technical_score': 0, 'confidence': 0}"
DIL.NS,0.6499999761581421,InvestmentDecision.AVOID,0,0,"{'fundamental_score': 4.7, 'technical_score': 0, 'confidence': 0}"
FLFL.NS,1.1200000047683716,InvestmentDecision.AVOID,0,0,"{'fundamental_score': 5.9, 'technical_score': 0, 'confidence': 0}"
YUDIZ.NS,23.0,InvestmentDecision.AVOID,0,0,"{'fundamental_score': 6.7, 'technical_score': 0, 'confidence': 0}"
MICROPRO.NS,18.25,InvestmentDecision.AVOID,0,0,"{'fundamental_score': 6.7, 'technical_score': 0, 'confidence': 0}"
CONTI.NS,10.199999809265137,InvestmentDecision.AVOID,0,0,"{'fundamental_score': 6.7, 'technical_score': 0, 'confidence': 0}"
HAVISHA.NS,1.3799999952316284,InvestmentDecision.AVOID,0,0,"{'fundamental_score': 4.4, 'technical_score': 0, 'confidence': 0}"
GFSTEELS.NS,32.45000076293945,InvestmentDecision.AVOID,0,0,"{'fundamental_score': 6.7, 'technical_score': 0, 'confidence': 0}"
MFML.NS,18.75,InvestmentDecision.AVOID,0,0,"{'fundamental_score': 5.45, 'technical_score': 0, 'confidence': 0}"
GOENKA.NS,0.8199999928474426,InvestmentDecision.AVOID,0,0,"{'fundamental_score': 5.45, 'technical_score': 0, 'confidence': 0}"
MINDPOOL.NS,71.0999984741211,InvestmentDecision.AVOID,0,0,"{'fundamental_score': 6.7, 'technical_score': 0, 'confidence': 0}"
MORARJEE.NS,8.329999923706055,InvestmentDecision.AVOID,0,0,"{'fundamental_score': 5.9, 'technical_score': 0, 'confidence': 0}"
KSHITIJPOL.NS,4.809999942779541,InvestmentDecision.AVOID,0,0,"{'fundamental_score': 6.7, 'technical_score': 0, 'confidence': 0}"
SRPL.NS,0.3400000035762787,InvestmentDecision.AVOID,0,0,"{'fundamental_score': 4.4, 'technical_score': 0, 'confidence': 0}"
EASTSILK.NS,72.0,InvestmentDecision.AVOID,0,0,"{'fundamental_score': 4.4, 'technical_score': 0, 'confidence': 0}"
AILIMITED.NS,15.600000381469727,InvestmentDecision.AVOID,0,0,"{'fundamental_score': 6.7, 'technical_score': 0, 'confidence': 0}"
SPRL.NS,120.3499984741211,InvestmentDecision.AVOID,0,0,"{'fundamental_score': 6.7, 'technical_score': 0, 'confidence': 0}"
MANDEEP.NS,18.049999237060547,InvestmentDecision.AVOID,0,0,"{'fundamental_score': 6.7, 'technical_score': 0, 'confidence': 0}"
CYBERMEDIA.NS,20.18000030517578,InvestmentDecision.AVOID,0,0,"{'fundamental_score': 5.2, 'technical_score': 0, 'confidence': 0}"
MANAV.NS,40.75,InvestmentDecision.AVOID,0,0,"{'fundamental_score': 6.7, 'technical_score': 0, 'confidence': 0}"
SUPREMEENG.NS,3.930000066757202,InvestmentDecision.AVOID,0,0,"{'fundamental_score': 6.7, 'technical_score': 0, 'confidence': 0}"
TVVISION.NS,2.9200000762939453,InvestmentDecision.AVOID,0,0,"{'fundamental_score': 6.7, 'technical_score': 0, 'confidence': 0}"
NIDAN.NS,13.300000190734863,InvestmentDecision.AVOID,0,0,"{'fundamental_score': 6.7, 'technical_score': 0, 'confidence': 0}"
ANKITMETAL.NS,1.909999966621399,InvestmentDecision.AVOID,0,0,"{'fundamental_score': 6.7, 'technical_score': 0, 'confidence': 0}"
SANGINITA.NS,72.41999816894531,InvestmentDecision.AVOID,0,0,"{'fundamental_score': 6.7, 'technical_score': 0, 'confidence': 0}"
GUJRAFFIA.NS,40.439998626708984,InvestmentDecision.AVOID,0,0,"{'fundamental_score': 6.7, 'technical_score': 0, 'confidence': 0}"
CALSOFT.NS,36.119998931884766,InvestmentDecision.AVOID,0,0,"{'fundamental_score': 8.2, 'technical_score': 0, 'confidence': 0}"
GTECJAINX.NS,26.520000457763672,InvestmentDecision.AVOID,0,0,"{'fundamental_score': 4.4, 'technical_score': 0, 'confidence': 0}"
ACEINTEG.NS,17.579999923706055,InvestmentDecision.AVOID,0,0,"{'fundamental_score': 6.7, 'technical_score': 0, 'confidence': 0}"
RETAIL.NS,20.059999465942383,InvestmentDecision.AVOID,0,0,"{'fundamental_score': 5.9, 'technical_score': 0, 'confidence': 0}"
FEL.NS,0.36000001430511475,InvestmentDecision.AVOID,0,0,"{'fundamental_score': 4.300000000000001, 'technical_score': 0, 'confidence': 0}"
YCCL.NS,8.25,InvestmentDecision.AVOID,0,0,"{'fundamental_score': 6.7, 'technical_score': 0, 'confidence': 0}"
CMRSL.NS,74.3499984741211,InvestmentDecision.AVOID,0,0,"{'fundamental_score': 6.7, 'technical_score': 0, 'confidence': 0}"
SANWARIA.NS,0.1899999976158142,InvestmentDecision.AVOID,0,0,"{'fundamental_score': 5.9, 'technical_score': 0, 'confidence': 0}"
VCL.NS,1.3799999952316284,InvestmentDecision.AVOID,0,0,"{'fundamental_score': 7.4, 'technical_score': 0, 'confidence': 0}"
INSPIRE.NS,9.0,InvestmentDecision.AVOID,0,0,"{'fundamental_score': 6.7, 'technical_score': 0, 'confidence': 0}"
VIVIDHA.NS,0.5299999713897705,InvestmentDecision.AVOID,0,0,"{'fundamental_score': 5.9, 'technical_score': 0, 'confidence': 0}"
DHTL.NS,25.649999618530273,InvestmentDecision.AVOID,0,0,"{'fundamental_score': 6.7, 'technical_score': 0, 'confidence': 0}"
HEADSUP.NS,6.650000095367432,InvestmentDecision.AVOID,0,0,"{'fundamental_score': 5.9, 'technical_score': 0, 'confidence': 0}"
BLUECHIP.NS,2.0199999809265137,InvestmentDecision.AVOID,0,0,"{'fundamental_score': 5.9, 'technical_score': 0, 'confidence': 0}"
SHANTHALA.NS,15.399999618530273,InvestmentDecision.AVOID,0,0,"{'fundamental_score': 6.7, 'technical_score': 0, 'confidence': 0}"
MPTODAY.NS,41.54999923706055,InvestmentDecision.AVOID,0,0,"{'fundamental_score': 6.7, 'technical_score': 0, 'confidence': 0}"
MAKS.NS,15.0,InvestmentDecision.AVOID,0,0,"{'fundamental_score': 6.7, 'technical_score': 0, 'confidence': 0}"
MARINETRAN.NS,13.850000381469727,InvestmentDecision.AVOID,0,0,"{'fundamental_score': 6.7, 'technical_score': 0, 'confidence': 0}"
NIRAJISPAT.NS,288.6000061035156,InvestmentDecision.AVOID,0,0,"{'fundamental_score': 5.9, 'technical_score': 0, 'confidence': 0}"
SUNREST.NS,37.5,InvestmentDecision.AVOID,0,0,"{'fundamental_score': 6.7, 'technical_score': 0, 'confidence': 0}"
QFIL.NS,52.349998474121094,InvestmentDecision.AVOID,0,0,"{'fundamental_score': 6.7, 'technical_score': 0, 'confidence': 0}"
TIJARIA.NS,6.929999828338623,InvestmentDecision.AVOID,0,0,"{'fundamental_score': 6.7, 'technical_score': 0, 'confidence': 0}"
RADAAN.NS,2.990000009536743,InvestmentDecision.AVOID,0,0,"{'fundamental_score': 6.7, 'technical_score': 0, 'confidence': 0}"
UNIINFO.NS,10.970000267028809,InvestmentDecision.AVOID,0,0,"{'fundamental_score': 6.7, 'technical_score': 0, 'confidence': 0}"
ISHAN.NS,0.5,InvestmentDecision.AVOID,0,0,"{'fundamental_score': 6.7, 'technical_score': 0, 'confidence': 0}"
JIWANRAM.NS,4.400000095367432,InvestmentDecision.AVOID,0,0,"{'fundamental_score': 6.7, 'technical_score': 0, 'confidence': 0}"
VERITAAS.NS,26.700000762939453,InvestmentDecision.AVOID,0,0,"{'fundamental_score': 6.7, 'technical_score': 0, 'confidence': 0}"
UNIVAFOODS.NS,9.479999542236328,InvestmentDecision.AVOID,0,0,"{'fundamental_score': 7.4, 'technical_score': 0, 'confidence': 0}"
EDUCOMP.NS,0.8600000143051147,InvestmentDecision.AVOID,0,0,"{'fundamental_score': 5.9, 'technical_score': 0, 'confidence': 0}"
SHUBHLAXMI.NS,19.700000762939453,InvestmentDecision.AVOID,0,0,"{'fundamental_score': 6.7, 'technical_score': 0, 'confidence': 0}"
ONELIFECAP.NS,36.04999923706055,InvestmentDecision.AVOID,0,0,"{'fundamental_score': 7.4, 'technical_score': 0, 'confidence': 0}"
WINNY.NS,32.45000076293945,InvestmentDecision.AVOID,0,0,"{'fundamental_score': 6.7, 'technical_score': 0, 'confidence': 0}"
GLFL.NS,5.119999885559082,InvestmentDecision.AVOID,0,0,"{'fundamental_score': 5.9, 'technical_score': 0, 'confidence': 0}"
TCIFINANCE.NS,14.859999656677246,InvestmentDecision.AVOID,0,0,"{'fundamental_score': 5.9, 'technical_score': 0, 'confidence': 0}"
GSTL.NS,11.399999618530273,InvestmentDecision.AVOID,0,0,"{'fundamental_score': 6.7, 'technical_score': 0, 'confidence': 0}"
IMPEXFERRO.NS,6.139999866485596,InvestmentDecision.AVOID,0,0,"{'fundamental_score': 6.7, 'technical_score': 0, 'confidence': 0}"
SAROJA.NS,38.900001525878906,InvestmentDecision.AVOID,0,0,"{'fundamental_score': 6.7, 'technical_score': 0, 'confidence': 0}"
COMPINFO.NS,1.0299999713897705,InvestmentDecision.AVOID,0,0,"{'fundamental_score': 5.2, 'technical_score': 0, 'confidence': 0}"
ANTGRAPHIC.NS,0.6899999976158142,InvestmentDecision.AVOID,0,0,"{'fundamental_score': 5.500000000000001, 'technical_score': 0, 'confidence': 0}"
QUADPRO.NS,4.0,InvestmentDecision.AVOID,0,0,"{'fundamental_score': 6.7, 'technical_score': 0, 'confidence': 0}"
PLADAINFO.NS,13.050000190734863,InvestmentDecision.AVOID,0,0,"{'fundamental_score': 6.7, 'technical_score': 0, 'confidence': 0}"
SHYAMTEL.NS,11.069999694824219,InvestmentDecision.AVOID,0,0,"{'fundamental_score': 6.7, 'technical_score': 0, 'confidence': 0}"
CREATIVEYE.NS,6.190000057220459,InvestmentDecision.AVOID,0,0,"{'fundamental_score': 6.7, 'technical_score': 0, 'confidence': 0}"
ARENTERP.NS,34.70000076293945,InvestmentDecision.AVOID,0,0,"{'fundamental_score': 6.7, 'technical_score': 0, 'confidence': 0}"
MTEDUCARE.NS,1.7000000476837158,InvestmentDecision.AVOID,0,0,"{'fundamental_score': 5.9, 'technical_score': 0, 'confidence': 0}"
UMESLTD.NS,4.550000190734863,InvestmentDecision.AVOID,0,0,"{'fundamental_score': 7.4, 'technical_score': 0, 'confidence': 0}"
VIVO.NS,151.0500030517578,InvestmentDecision.AVOID,0,0,"{'fundamental_score': 6.7, 'technical_score': 0, 'confidence': 0}"
GLOBALE.NS,10.59000015258789,InvestmentDecision.AVOID,0,0,"{'fundamental_score': 5.0, 'technical_score': 0, 'confidence': 0}"
KALYANI.NS,144.99000549316406,InvestmentDecision.AVOID,0,0,"{'fundamental_score': 5.9, 'technical_score': 0, 'confidence': 0}"
MARSHALL.NS,3.640000104904175,InvestmentDecision.AVOID,0,0,"{'fundamental_score': 6.25, 'technical_score': 0, 'confidence': 0}"
WINSOME.NS,836.6666870117188,InvestmentDecision.AVOID,0,0,"{'fundamental_score': 5.9, 'technical_score': 0, 'confidence': 0}"
EUROTEXIND.NS,11.75,InvestmentDecision.AVOID,0,0,"{'fundamental_score': 6.7, 'technical_score': 0, 'confidence': 0}"
AHIMSA.NS,25.75,InvestmentDecision.AVOID,0,0,"{'fundamental_score': 6.7, 'technical_score': 0, 'confidence': 0}"
SUULD.NS,1.5700000524520874,InvestmentDecision.AVOID,0,0,"{'fundamental_score': 5.9, 'technical_score': 0, 'confidence': 0}"
INDIFRA.NS,12.850000381469727,InvestmentDecision.AVOID,0,0,"{'fundamental_score': 6.7, 'technical_score': 0, 'confidence': 0}"
AMIABLE.NS,70.0,InvestmentDecision.AVOID,0,0,"{'fundamental_score': 6.7, 'technical_score': 0, 'confidence': 0}"
OMKARCHEM.NS,3.4100000858306885,InvestmentDecision.AVOID,0,0,"{'fundamental_score': 6.7, 'technical_score': 0, 'confidence': 0}"
SHANTI.NS,5.679999828338623,InvestmentDecision.AVOID,0,0,"{'fundamental_score': 4.4, 'technical_score': 0, 'confidence': 0}"
SAHAJ.NS,3.8499999046325684,InvestmentDecision.AVOID,0,0,"{'fundamental_score': 6.7, 'technical_score': 0, 'confidence': 0}"
DCMFINSERV.NS,5.019999980926514,InvestmentDecision.AVOID,0,0,"{'fundamental_score': 5.9, 'technical_score': 0, 'confidence': 0}"
TRANSWIND.NS,11.300000190734863,InvestmentDecision.AVOID,0,0,"{'fundamental_score': 6.7, 'technical_score': 0, 'confidence': 0}"
RITEZONE.NS,17.600000381469727,InvestmentDecision.AVOID,0,0,"{'fundamental_score': 6.7, 'technical_score': 0, 'confidence': 0}"
PREMIER.NS,2.799999952316284,InvestmentDecision.AVOID,0,0,"{'fundamental_score': 6.7, 'technical_score': 0, 'confidence': 0}"
ORTINGLOBE.NS,15.229999542236328,InvestmentDecision.AVOID,0,0,"{'fundamental_score': 6.25, 'technical_score': 0, 'confidence': 0}"
PERFECT.NS,8.100000381469727,InvestmentDecision.AVOID,0,0,"{'fundamental_score': 6.7, 'technical_score': 0, 'confidence': 0}"
KTL.NS,4.849999904632568,InvestmentDecision.AVOID,0,0,"{'fundamental_score': 6.7, 'technical_score': 0, 'confidence': 0}"
SABAR.NS,9.5,InvestmentDecision.AVOID,0,0,"{'fundamental_score': 6.7, 'technical_score': 0, 'confidence': 0}"
FALCONTECH.NS,13.0,InvestmentDecision.AVOID,0,0,"{'fundamental_score': 6.7, 'technical_score': 0, 'confidence': 0}"
CBAZAAR.NS,5.099999904632568,InvestmentDecision.AVOID,0,0,"{'fundamental_score': 6.7, 'technical_score': 0, 'confidence': 0}"
ALPSINDUS.NS,34.29999923706055,InvestmentDecision.AVOID,0,0,"{'fundamental_score': 7.4, 'technical_score': 0, 'confidence': 0}"
ACCORD.NS,188.4499969482422,InvestmentDecision.AVOID,0,0,"{'fundamental_score': 6.7, 'technical_score': 0, 'confidence': 0}"
SMVD.NS,14.600000381469727,InvestmentDecision.AVOID,0,0,"{'fundamental_score': 6.7, 'technical_score': 0, 'confidence': 0}"
SETUINFRA.NS,0.550000011920929,InvestmentDecision.AVOID,0,0,"{'fundamental_score': 3.2, 'technical_score': 0, 'confidence': 0}"
SABEVENTS.NS,132.60000610351562,InvestmentDecision.AVOID,0,0,"{'fundamental_score': 6.7, 'technical_score': 0, 'confidence': 0}"
JALAN.NS,1.7000000476837158,InvestmentDecision.AVOID,0,0,"{'fundamental_score': 6.7, 'technical_score': 0, 'confidence': 0}"
CMICABLES.NS,2.75,InvestmentDecision.AVOID,0,0,"{'fundamental_score': 6.7, 'technical_score': 0, 'confidence': 0}"
LAKPRE.NS,5.090000152587891,InvestmentDecision.AVOID,0,0,"{'fundamental_score': 4.7, 'technical_score': 0, 'confidence': 0}"
BGLOBAL.NS,3.130000114440918,InvestmentDecision.AVOID,0,0,"{'fundamental_score': 8.2, 'technical_score': 0, 'confidence': 0}"
ORTEL.NS,1.7400000095367432,InvestmentDecision.AVOID,0,0,"{'fundamental_score': 6.7, 'technical_score': 0, 'confidence': 0}"
QUINTEGRA.NS,1.1200000047683716,InvestmentDecision.AVOID,0,0,"{'fundamental_score': 6.7, 'technical_score': 0, 'confidence': 0}"
RAJVIR.NS,5.210000038146973,InvestmentDecision.AVOID,0,0,"{'fundamental_score': 5.9, 'technical_score': 0, 'confidence': 0}"
VASA.NS,3.549999952316284,InvestmentDecision.AVOID,0,0,"{'fundamental_score': 6.7, 'technical_score': 0, 'confidence': 0}"
SANCO.NS,2.9000000953674316,InvestmentDecision.AVOID,0,0,"{'fundamental_score': 4.7, 'technical_score': 0, 'confidence': 0}"
GANGOTRI.NS,0.6100000143051147,InvestmentDecision.AVOID,0,0,"{'fundamental_score': 5.9, 'technical_score': 0, 'confidence': 0}"
3RDROCK.NS,64.5999984741211,InvestmentDecision.AVOID,0,0,"{'fundamental_score': 3.2, 'technical_score': 0, 'confidence': 0}"
AHLWEST.NS,520.2999877929688,InvestmentDecision.AVOID,0,0,"{'fundamental_score': 7.1000000000000005, 'technical_score': 0, 'confidence': 0}"
ATCOM.NS,7.050000190734863,InvestmentDecision.AVOID,0,0,"{'fundamental_score': 6.7, 'technical_score': 0, 'confidence': 0}"
BKMINDST.NS,45.0,InvestmentDecision.AVOID,0,0,"{'fundamental_score': 5.45, 'technical_score': 0, 'confidence': 0}"
BRIGHT.NS,2.799999952316284,InvestmentDecision.AVOID,0,0,"{'fundamental_score': 6.7, 'technical_score': 0, 'confidence': 0}"
BURNPUR.NS,15.319999694824219,InvestmentDecision.AVOID,0,0,"{'fundamental_score': 6.7, 'technical_score': 0, 'confidence': 0}"
CLCIND.NS,45.29999923706055,InvestmentDecision.AVOID,0,0,"{'fundamental_score': 4.4, 'technical_score': 0, 'confidence': 0}"
CMMIPL.NS,195.0,InvestmentDecision.AVOID,0,0,"{'fundamental_score': 6.7, 'technical_score': 0, 'confidence': 0}"
DSKULKARNI.NS,24.09000015258789,InvestmentDecision.AVOID,0,0,"{'fundamental_score': 6.7, 'technical_score': 0, 'confidence': 0}"
EROSMEDIA.NS,7.809999942779541,InvestmentDecision.AVOID,0,0,"{'fundamental_score': 6.7, 'technical_score': 0, 'confidence': 0}"
FRETAIL.NS,2.2799999713897705,InvestmentDecision.AVOID,0,0,"{'fundamental_score': 5.9, 'technical_score': 0, 'confidence': 0}"
GIRRESORTS.NS,113.6500015258789,InvestmentDecision.AVOID,0,0,"{'fundamental_score': 6.7, 'technical_score': 0, 'confidence': 0}"
INDLMETER.NS,23.68865966796875,InvestmentDecision.AVOID,0,0,"{'fundamental_score': 6.7, 'technical_score': 0, 'confidence': 0}"
JETAIRWAYS.NS,34.15999984741211,InvestmentDecision.AVOID,0,0,"{'fundamental_score': 6.7, 'technical_score': 0, 'confidence': 0}"
MBECL.NS,456.3999938964844,InvestmentDecision.AVOID,0,0,"{'fundamental_score': 8.2, 'technical_score': 0, 'confidence': 0}"
MELSTAR.NS,4.25,InvestmentDecision.AVOID,0,0,"{'fundamental_score': 4.4, 'technical_score': 0, 'confidence': 0}"
PODDARHOUS.NS,43.369998931884766,InvestmentDecision.AVOID,0,0,"{'fundamental_score': 3.2, 'technical_score': 0, 'confidence': 0}"
SECURCRED.NS,1.559999942779541,InvestmentDecision.AVOID,0,0,"{'fundamental_score': 4.25, 'technical_score': 0, 'confidence': 0}"
SHAIVAL.NS,33.0,InvestmentDecision.AVOID,0,0,"{'fundamental_score': 6.7, 'technical_score': 0, 'confidence': 0}"
SKSTEXTILE.NS,13.050000190734863,InvestmentDecision.AVOID,0,0,"{'fundamental_score': 6.7, 'technical_score': 0, 'confidence': 0}"
SRIRAM.NS,10.100000381469727,InvestmentDecision.AVOID,0,0,"{'fundamental_score': 6.7, 'technical_score': 0, 'confidence': 0}"
TECHIN.NS,14.0,InvestmentDecision.AVOID,0,0,"{'fundamental_score': 3.2, 'technical_score': 0, 'confidence': 0}"
MCX.NS,3263.5,InvestmentDecision.AVOID,0,0,"{'fundamental_score': 7.4, 'technical_score': 0, 'confidence': 0}"
