Ticker,Signal,Current_Price,Trend_Percent,Momentum_Percent,Volatility_Percent,Buy_Range_Low,Buy_Range_High,Stop_Loss,Target,RR_Ratio,Risk_Context,Confidence
RELIANCE.NS,HOLD,1318.1,-1.95,4.36,1.18,,,1277.81,1371.81,1.33,LOW,100
HDFCBANK.NS,BUY,796.3,4.66,8.71,1.32,780.37,812.23,764.7,875.31,2.5,LOW,100
BHARTIARTL.NS,HOLD,1850.7,0.24,3.82,1.11,,,1797.73,1921.33,1.33,LOW,80
TCS.NS,SELL,2094.7,-8.73,-1.92,2.89,,,2200.09,1831.24,2.5,LOW,80
ICICIBANK.NS,BUY,1387.5,7.44,5.35,1.21,1359.75,1415.25,1333.57,1522.32,2.5,LOW,100
SBIN.NS,BUY,1045.4,3.4,4.47,0.98,1024.49,1066.31,1008.19,1138.44,2.5,LOW,100
INFY.NS,SELL,1041.2,-9.25,-6.59,2.79,,,1108.78,872.26,2.5,LOW,100
BAJFINANCE.NS,BUY,980.4,5.82,12.62,1.98,960.79,1000.01,934.0,1096.4,2.5,LOW,100
HINDUNILVR.NS,HOLD,2174.2,-1.14,2.64,1.35,,,2116.26,2251.45,1.33,LOW,100
LICI.NS,BUY,423.35,6.03,10.19,1.45,414.88,431.82,402.98,474.27,2.5,LOW,100
LT.NS,BUY,4216.4,5.23,9.18,1.53,4132.07,4300.73,4055.01,4619.86,2.5,LOW,100
ITC.NS,HOLD,290.0,-1.21,2.69,1.12,,,283.86,298.19,1.33,LOW,100
MARUTI.NS,BUY,13745.0,3.51,4.94,1.5,13470.1,14019.9,13172.29,15176.79,2.5,LOW,100
M&M.NS,BUY,3182.2,2.28,6.04,1.71,3118.56,3245.84,3029.13,3564.88,2.5,LOW,100
HCLTECH.NS,HOLD,1100.7,-6.94,-0.86,2.04,,,1055.1,1161.5,1.33,LOW,80
KOTAKBANK.NS,BUY,409.0,5.98,3.98,1.07,400.82,417.18,394.01,446.46,2.5,LOW,100
SUNPHARMA.NS,BUY,1862.8,3.1,3.82,0.79,1825.54,1900.06,1812.3,1989.05,2.5,LOW,100
AXISBANK.NS,BUY,1377.2,5.54,4.55,1.21,1349.66,1404.74,1328.36,1499.31,2.5,LOW,100
ULTRACEMCO.NS,HOLD,11489.0,-0.48,6.08,1.31,,,11180.64,11900.14,1.33,LOW,80
BAJAJFINSV.NS,HOLD,1764.6,-0.04,7.26,1.54,,,1708.5,1839.4,1.33,LOW,80
TITAN.NS,BUY,4291.3,0.75,6.61,1.71,4205.47,4377.13,4097.73,4775.23,2.5,LOW,80
NTPC.NS,HOLD,352.05,-8.0,0.06,1.44,,,340.5,367.45,1.33,LOW,80
HAL.NS,HOLD,4368.7,-0.56,4.71,1.76,,,4202.69,4590.04,1.33,LOW,80
ADANIPORTS.NS,HOLD,1796.0,2.82,0.92,1.27,,,1739.37,1871.5,1.33,LOW,80
ONGC.NS,SELL,233.1,-15.24,-7.72,1.38,,,244.64,204.24,2.5,LOW,100
ETERNAL.NS,BUY,255.15,1.64,8.48,2.03,250.05,260.25,239.93,293.2,2.5,LOW,100
BEL.NS,HOLD,407.2,-4.13,1.22,1.42,,,393.12,425.97,1.33,LOW,80
ADANIENT.NS,BUY,3038.0,12.03,4.49,1.74,2977.24,3098.76,2879.29,3434.77,2.5,LOW,100
DMART.NS,HOLD,4294.6,0.04,7.72,1.48,,,4137.07,4504.64,1.33,LOW,80
JSWSTEEL.NS,SELL,1231.0,-3.64,-4.0,1.29,,,1283.71,1099.21,2.5,LOW,100
ADANIPOWER.NS,BUY,229.27,2.14,6.38,2.16,224.68,233.86,215.19,264.46,2.5,LOW,100
WIPRO.NS,SELL,175.0,-9.96,-1.34,2.32,,,184.4,151.5,2.5,LOW,80
POWERGRID.NS,HOLD,283.9,-5.61,-0.96,1.25,,,275.26,295.42,1.33,LOW,80
ASIANPAINT.NS,HOLD,2645.2,2.27,-0.85,1.05,,,2567.1,2749.33,1.33,LOW,80
BAJAJ-AUTO.NS,SELL,9843.0,-2.34,-2.68,1.03,,,10242.86,8843.36,2.5,LOW,100
COALINDIA.NS,SELL,435.4,-5.15,-2.42,1.47,,,454.29,388.17,2.5,LOW,100
NESTLEIND.NS,SELL,1402.6,-1.09,-1.4,1.27,,,1465.39,1245.64,2.5,LOW,80
INDIGO.NS,BUY,5450.0,19.59,21.05,2.45,5341.0,5559.0,5161.87,6170.32,2.5,LOW,100
IOC.NS,BUY,143.89,1.4,7.19,1.86,141.01,146.77,136.67,161.94,2.5,LOW,100
TATASTEEL.NS,SELL,188.71,-7.81,-2.71,1.39,,,197.05,167.87,2.5,LOW,100
TMPV.NS,SELL,353.2,-2.73,-5.26,2.43,,,378.79,289.23,2.5,LOW,100
HINDZINC.NS,SELL,518.05,-13.86,-4.94,2.27,,,552.64,431.57,2.5,LOW,100
JIOFIN.NS,HOLD,239.43,-0.33,5.0,1.63,,,231.65,249.8,1.33,LOW,80
HYUNDAI.NS,BUY,1969.4,4.52,1.51,1.62,1930.01,2008.79,1877.09,2200.19,2.5,LOW,80
GRASIM.NS,BUY,3126.6,4.27,1.2,0.86,3064.07,3189.13,3012.51,3411.81,2.5,LOW,80
SBILIFE.NS,HOLD,1744.9,-4.44,1.5,1.26,,,1687.74,1821.11,1.33,LOW,80
VEDL.NS,SELL,273.45,-30.5,-10.31,2.5,,,296.11,216.81,2.5,LOW,100
DLF.NS,BUY,621.35,4.57,10.36,2.25,608.92,633.78,584.04,714.64,2.5,LOW,100
EICHERMOT.NS,BUY,7598.0,5.0,5.83,1.5,7446.04,7749.96,7266.07,8427.82,2.5,LOW,100
TRENT.NS,BUY,3216.2,12.8,18.81,2.44,3151.88,3280.52,3006.99,3739.23,2.5,LOW,100
HINDALCO.NS,SELL,953.2,-9.88,-6.94,1.69,,,1013.4,802.7,2.5,LOW,100
DIVISLAB.NS,HOLD,6713.5,1.1,0.87,1.3,,,6510.41,6984.29,1.33,LOW,80
HDFCLIFE.NS,HOLD,585.45,-1.23,7.76,1.65,,,566.0,611.38,1.33,LOW,100
IRFC.NS,SELL,91.77,-8.26,-1.67,2.01,,,96.87,79.02,2.5,LOW,80
ADANIGREEN.NS,BUY,1526.1,10.21,4.92,2.5,1495.58,1556.62,1435.41,1752.81,2.5,LOW,100
VBL.NS,SELL,507.65,-1.46,-2.36,1.51,,,537.19,433.81,2.5,LOW,100
TVSMOTOR.NS,BUY,3569.7,2.84,8.59,1.62,3498.31,3641.09,3410.81,3966.91,2.5,LOW,100
PIDILITIND.NS,BUY,1597.0,8.75,6.55,1.07,1565.06,1628.94,1531.01,1761.96,2.5,LOW,100
BPCL.NS,BUY,309.75,2.59,8.17,2.13,303.56,315.94,292.41,353.11,2.5,LOW,100
TECHM.NS,SELL,1437.1,-0.94,-1.91,2.34,,,1523.61,1220.81,2.5,LOW,60
BAJAJHLDNG.NS,BUY,10599.0,2.16,7.46,1.86,10387.02,10810.98,10033.86,12011.86,2.5,LOW,100
BRITANNIA.NS,HOLD,5237.0,-3.06,2.43,0.92,,,5124.71,5386.71,1.33,LOW,100
AMBUJACEM.NS,HOLD,423.75,-2.7,4.88,1.99,,,407.89,444.89,1.33,LOW,100
TATACAP.NS,BUY,363.65,12.22,13.16,2.26,356.38,370.92,337.15,429.9,2.5,LOW,100
BANKBARODA.NS,BUY,279.15,5.45,4.32,1.87,273.57,284.73,264.0,317.03,2.5,LOW,100
CHOLAFIN.NS,BUY,1799.2,13.57,23.66,2.73,1763.22,1835.18,1702.27,2041.52,2.5,LOW,100
SHRIRAMFIN.NS,BUY,1031.8,6.99,16.42,2.49,1011.16,1052.44,973.38,1177.85,2.5,LOW,100
TMCV.NS,BUY,431.9,9.15,21.89,2.96,423.26,440.54,400.74,509.8,2.5,LOW,100
PNB.NS,BUY,107.87,2.66,4.56,1.63,105.71,110.03,103.29,119.33,2.5,LOW,100
ICICIAMC.NS,BUY,3326.9,1.18,4.17,2.14,3260.36,3393.44,3118.57,3847.73,2.5,LOW,100
PFC.NS,HOLD,432.65,-2.11,4.62,1.72,,,415.96,454.9,1.33,LOW,100
SOLARINDS.NS,BUY,17428.0,2.34,1.67,1.91,17079.44,17776.56,16248.86,20375.86,2.5,LOW,80
MUTHOOTFIN.NS,HOLD,3025.6,-8.67,4.69,2.63,,,2862.8,3242.67,1.33,LOW,100
TATAPOWER.NS,HOLD,388.95,-6.56,0.28,1.0,,,377.51,404.2,1.33,LOW,80
CIPLA.NS,BUY,1440.1,6.36,4.11,1.38,1411.3,1468.9,1385.71,1576.06,2.5,LOW,100
TORNTPHARM.NS,HOLD,4516.2,3.32,-1.22,1.21,,,4361.5,4722.47,1.33,LOW,80
GODREJCP.NS,HOLD,1034.6,-0.63,2.55,1.31,,,1000.75,1079.73,1.33,LOW,80
LODHA.NS,BUY,947.45,5.39,9.15,2.29,928.5,966.4,885.21,1103.06,2.5,LOW,100
HDFCAMC.NS,HOLD,2649.7,0.49,10.88,2.33,,,2543.68,2791.06,1.33,LOW,80
GAIL.NS,BUY,172.85,4.05,4.07,1.51,169.39,176.31,165.03,192.4,2.5,LOW,100
CANBK.NS,HOLD,128.95,-0.99,1.28,2.14,,,123.71,135.94,1.33,LOW,60
MAXHEALTH.NS,BUY,1123.35,10.04,11.27,2.09,1100.88,1145.82,1065.71,1267.46,2.5,LOW,100
ENRIN.NS,BUY,3685.8,7.39,8.01,2.68,3612.08,3759.52,3395.3,4412.05,2.5,LOW,100
SIEMENS.NS,HOLD,3627.9,-2.36,3.01,1.61,,,3487.86,3814.61,1.33,LOW,100
MAZDOCK.NS,HOLD,2472.5,-2.29,5.32,1.52,,,2375.68,2601.6,1.33,LOW,100
BOSCHLTD.NS,BUY,40440.0,7.8,7.65,1.44,39631.2,41248.8,38640.0,44940.0,2.5,LOW,100
ABB.NS,HOLD,6993.0,0.01,4.08,1.6,,,6732.32,7340.57,1.33,LOW,80
MOTHERSON.NS,BUY,151.71,12.25,7.79,2.15,148.68,154.74,142.62,174.44,2.5,LOW,100
CUMMINSIND.NS,BUY,5642.0,2.85,1.53,1.7,5529.16,5754.84,5344.93,6384.68,2.5,LOW,80
TATACONSUM.NS,HOLD,1131.3,-1.99,2.05,1.47,,,1096.26,1178.01,1.33,LOW,100
LGEINDIA.NS,BUY,1571.3,1.15,3.31,1.41,1539.87,1602.73,1476.51,1808.26,2.5,LOW,100
POLYCAB.NS,BUY,9531.0,5.13,2.18,1.54,9340.38,9721.62,9093.25,10625.36,2.5,LOW,100
CGPOWER.NS,BUY,942.1,7.59,4.52,1.96,923.26,960.94,891.86,1067.69,2.5,LOW,100
UNIONBANK.NS,BUY,174.71,2.99,6.18,1.66,171.22,178.2,166.61,194.96,2.5,LOW,100
ADANIENSOL.NS,BUY,1507.8,5.59,2.8,2.11,1477.64,1537.96,1405.57,1763.37,2.5,LOW,100
APOLLOHOSP.NS,BUY,8592.0,5.75,1.17,0.92,8420.16,8763.84,8321.93,9267.18,2.5,LOW,80
INDHOTEL.NS,BUY,720.65,8.72,10.39,1.49,706.24,735.06,690.98,794.82,2.5,LOW,100
HEROMOTOCO.NS,HOLD,4896.1,-2.5,1.24,1.33,,,4753.61,5086.09,1.33,LOW,80
DRREDDY.NS,BUY,1350.5,4.31,5.84,0.93,1323.49,1377.51,1300.84,1474.64,2.5,LOW,100
SHREECEM.NS,BUY,25735.0,3.4,8.59,1.63,25220.3,26249.7,24482.14,28867.14,2.5,LOW,100
JINDALSTEL.NS,SELL,1059.5,-12.08,-5.51,1.47,,,1118.57,911.82,2.5,LOW,100
IDBI.NS,BUY,86.4,14.09,19.49,4.75,84.67,88.13,77.46,108.76,2.5,LOW,100
SWIGGY.NS,HOLD,240.75,-8.19,0.23,2.38,,,226.63,259.57,1.33,LOW,80
BSE.NS,HOLD,3872.1,-1.13,-0.42,2.14,,,3681.72,4125.94,1.33,LOW,80
MANKIND.NS,BUY,2462.3,3.87,3.78,1.75,2413.05,2511.55,2332.5,2786.8,2.5,LOW,100
INDIANB.NS,HOLD,832.6,-0.88,0.84,1.82,,,802.26,873.05,1.33,LOW,60
INDUSTOWER.NS,SELL,393.55,-5.61,-4.71,1.24,,,412.56,346.03,2.5,LOW,100
UNITDSPR.NS,BUY,1384.9,6.16,10.1,1.58,1357.2,1412.6,1325.93,1532.33,2.5,LOW,100
GMRAIRPORT.NS,BUY,108.44,8.68,8.33,1.85,106.27,110.61,102.75,122.68,2.5,LOW,100
RECLTD.NS,BUY,364.65,3.45,8.25,2.0,357.36,371.94,346.87,409.1,2.5,LOW,100
ZYDUSLIFE.NS,HOLD,1101.4,8.31,-0.41,1.13,,,1066.12,1148.44,1.33,LOW,80
ICICIGI.NS,BUY,1813.6,1.03,5.91,1.75,1777.33,1849.87,1723.06,2039.96,2.5,LOW,100
GROWW.NS,BUY,199.79,0.52,4.1,2.25,195.79,203.79,186.66,232.61,2.5,LOW,80
DIXON.NS,BUY,12013.0,4.91,5.65,2.17,11772.74,12253.26,11234.71,13958.71,2.5,LOW,100
IDEA.NS,HOLD,14.06,9.88,-0.78,2.29,,,13.25,15.15,1.33,LOW,80
HAVELLS.NS,HOLD,1178.3,-2.48,4.37,1.61,,,1141.59,1227.24,1.33,LOW,100
MARICO.NS,BUY,825.8,1.86,1.85,0.98,809.28,842.32,792.62,908.75,2.5,LOW,80
HINDPETRO.NS,BUY,409.25,6.1,11.91,2.4,401.06,417.44,383.79,472.89,2.5,LOW,100
WAAREEENER.NS,HOLD,3009.4,-4.28,-0.15,0.96,,,2910.98,3140.63,1.33,LOW,80
BAJAJHFL.NS,BUY,87.5,1.59,5.63,1.38,85.75,89.25,83.36,97.85,2.5,LOW,100
DABUR.NS,HOLD,423.9,-4.45,0.52,1.41,,,411.93,439.86,1.33,LOW,80
LUPIN.NS,BUY,2343.5,1.9,3.09,0.87,2296.63,2390.37,2262.97,2544.82,2.5,LOW,100
JSWENERGY.NS,BUY,573.5,2.29,3.85,1.44,562.03,584.97,542.37,651.32,2.5,LOW,100
ICICIPRULI.NS,HOLD,491.05,-4.43,6.66,2.24,,,470.96,517.84,1.33,LOW,100
PERSISTENT.NS,HOLD,4841.5,-2.98,-0.67,2.33,,,4603.27,5159.14,1.33,LOW,80
BHARTIHEXA.NS,HOLD,1477.0,-2.22,-0.1,1.53,,,1414.61,1560.19,1.33,LOW,80
NAUKRI.NS,HOLD,978.85,-0.66,1.56,1.54,,,931.89,1041.46,1.33,LOW,60
SRF.NS,BUY,2732.9,2.75,2.8,1.35,2678.24,2787.56,2598.66,3068.51,2.5,LOW,100
BHEL.NS,BUY,402.7,4.23,8.65,2.3,394.65,410.75,376.64,467.84,2.5,LOW,100
POWERINDIA.NS,HOLD,33965.0,-0.59,2.15,2.95,,,32043.93,36526.43,1.33,LOW,80
MEESHO.NS,BUY,186.45,2.31,10.76,2.77,182.72,190.18,169.84,227.97,2.5,LOW,100
NTPCGREEN.NS,SELL,95.72,-8.71,-1.39,1.32,,,99.72,85.72,2.5,LOW,80
NHPC.NS,BUY,79.4,0.8,10.08,2.32,77.81,80.99,75.95,88.02,2.5,LOW,80
POLICYBZR.NS,HOLD,1615.2,-2.46,7.38,2.08,,,1544.25,1709.8,1.33,LOW,100
SBICARD.NS,HOLD,624.85,-0.61,9.96,2.01,,,599.57,658.55,1.33,LOW,80
ASHOKLEY.NS,BUY,160.68,2.56,15.95,3.3,157.47,163.89,150.38,186.44,2.5,LOW,100
SUZLON.NS,BUY,57.14,3.6,7.22,2.2,56.0,58.28,53.55,66.13,2.5,LOW,100
ABCAPITAL.NS,BUY,390.8,9.54,16.1,2.58,382.98,398.62,366.86,450.66,2.5,LOW,100
PAYTM.NS,BUY,1124.8,0.86,9.94,2.48,1102.3,1147.3,1046.99,1319.34,2.5,LOW,80
IOB.NS,BUY,34.47,0.85,6.32,1.66,33.78,35.16,32.72,38.84,2.5,LOW,80
OFSS.NS,BUY,10974.5,16.24,18.44,2.48,10755.01,11193.99,10283.43,12702.18,2.5,LOW,100
LENSKART.NS,HOLD,508.9,0.03,1.32,0.95,,,486.06,539.35,1.33,LOW,60
GVT&D.NS,BUY,5043.0,6.48,6.5,3.88,4942.14,5143.86,4521.5,6346.75,2.5,LOW,100
RVNL.NS,HOLD,240.85,-10.43,8.4,2.12,,,230.06,255.24,1.33,LOW,100
PRESTIGE.NS,BUY,1556.3,10.09,17.43,2.57,1525.17,1587.43,1453.61,1813.01,2.5,LOW,100
LLOYDSME.NS,HOLD,1721.4,-1.3,2.88,1.97,,,1640.74,1828.94,1.33,LOW,100
UNOMINDA.NS,BUY,1136.5,2.62,6.48,2.38,1113.77,1159.23,1062.47,1321.57,2.5,LOW,100
FORTIS.NS,HOLD,954.8,0.09,-3.46,1.45,,,919.34,1002.09,1.33,LOW,80
NYKAA.NS,BUY,301.35,10.73,15.79,2.18,295.32,307.38,284.71,342.96,2.5,LOW,100
OIL.NS,SELL,406.8,-13.19,-5.25,2.53,,,433.07,341.12,2.5,LOW,100
ATGL.NS,HOLD,719.8,6.02,0.54,2.54,,,679.65,773.33,1.33,LOW,80
COROMANDEL.NS,BUY,2000.4,4.07,7.23,2.37,1960.39,2040.41,1868.03,2331.33,2.5,LOW,100
GICRE.NS,SELL,360.95,-6.47,-2.55,2.38,,,384.51,302.06,2.5,LOW,100
YESBANK.NS,BUY,24.87,11.63,11.93,2.11,24.37,25.37,23.4,28.54,2.5,LOW,100
VMM.NS,SELL,116.39,-3.73,-1.07,1.39,,,122.75,100.5,2.5,LOW,80
TORNTPOWER.NS,HOLD,1413.7,-7.59,3.07,1.47,,,1349.43,1499.39,1.33,LOW,100
AUROPHARMA.NS,BUY,1555.2,6.91,6.22,1.66,1524.1,1586.3,1482.66,1736.56,2.5,LOW,100
NMDC.NS,SELL,84.94,-5.26,-3.99,2.33,,,89.43,73.73,2.5,LOW,100
ALKEM.NS,HOLD,5425.0,0.03,2.33,1.06,,,5285.29,5611.29,1.33,LOW,80
BERGEPAINT.NS,BUY,538.65,7.41,4.81,2.8,527.88,549.42,500.38,634.33,2.5,LOW,100
MRF.NS,BUY,129550.0,0.65,5.38,1.22,126959.0,132141.0,124977.14,140982.14,2.5,LOW,80
PATANJALI.NS,SELL,412.55,-7.7,-1.56,1.14,,,429.47,370.25,2.5,LOW,80
GODREJPROP.NS,BUY,1850.6,4.65,14.38,2.1,1813.59,1887.61,1746.57,2110.67,2.5,LOW,100
HDBFS.NS,BUY,743.55,10.58,19.65,2.39,728.68,758.42,693.17,869.5,2.5,LOW,100
LTF.NS,BUY,299.0,6.26,16.39,2.91,293.02,304.98,280.73,344.68,2.5,LOW,100
JSWINFRA.NS,BUY,329.9,17.41,20.13,2.86,323.3,336.5,305.27,391.48,2.5,LOW,100
SCHAEFFLER.NS,BUY,4157.6,0.61,7.7,2.06,4074.45,4240.75,3876.83,4859.53,2.5,LOW,80
INDUSINDBK.NS,BUY,918.95,1.46,3.54,1.94,900.57,937.33,868.72,1044.53,2.5,LOW,100
JSL.NS,HOLD,695.05,-4.88,2.31,2.18,,,665.39,734.6,1.33,LOW,100
AUBANK.NS,BUY,1033.85,2.68,7.32,2.08,1013.17,1054.53,973.19,1185.49,2.5,LOW,100
COLPAL.NS,SELL,1993.0,-3.97,-1.75,1.42,,,2087.16,1757.61,2.5,LOW,80
OBEROIRLTY.NS,BUY,1749.2,4.69,10.52,1.81,1714.22,1784.18,1657.14,1979.34,2.5,LOW,100
BHARATFORG.NS,BUY,2145.3,10.52,10.42,1.57,2102.39,2188.21,2031.04,2430.94,2.5,LOW,100
FACT.NS,HOLD,890.0,-0.75,0.09,3.38,,,825.19,976.41,1.33,LOW,60
COFORGE.NS,BUY,1492.9,10.16,7.11,2.39,1463.04,1522.76,1399.56,1726.26,2.5,LOW,100
PHOENIXLTD.NS,BUY,1904.6,6.48,9.91,1.72,1866.51,1942.69,1792.84,2183.99,2.5,LOW,100
BANKINDIA.NS,BUY,144.72,2.87,2.36,1.87,141.83,147.61,137.02,163.97,2.5,LOW,100
TIINDIA.NS,HOLD,3054.0,0.41,2.65,2.29,,,2891.7,3270.4,1.33,LOW,80
IRCTC.NS,SELL,514.1,-3.84,-1.33,1.32,,,531.92,469.55,2.5,LOW,80
BDL.NS,BUY,1368.4,3.59,17.94,2.64,1341.03,1395.77,1282.06,1584.26,2.5,LOW,100
UPL.NS,HOLD,590.5,-6.92,-0.55,1.32,,,567.04,621.78,1.33,LOW,80
IDFCFIRSTB.NS,BUY,79.22,10.76,8.59,1.66,77.64,80.8,75.22,89.21,2.5,LOW,100
PIIND.NS,SELL,2684.9,-8.11,-4.15,2.12,,,2834.63,2310.58,2.5,LOW,100
MOTILALOFS.NS,BUY,946.15,9.94,13.77,2.83,927.23,965.07,887.94,1091.67,2.5,LOW,100
GLENMARK.NS,HOLD,2154.4,-5.35,0.46,1.68,,,2069.09,2268.14,1.33,LOW,80
MFSL.NS,HOLD,1611.4,-1.35,3.16,1.94,,,1544.25,1700.93,1.33,LOW,100
SAIL.NS,SELL,170.79,-8.92,-5.83,1.71,,,182.2,142.27,2.5,LOW,100
FEDERALBNK.NS,BUY,324.05,8.61,4.62,1.27,317.57,330.53,311.59,355.19,2.5,LOW,100
NAM-INDIA.NS,BUY,1139.0,6.35,10.54,2.52,1116.22,1161.78,1067.53,1317.68,2.5,LOW,100
MPHASIS.NS,HOLD,2263.4,-0.12,-0.63,1.72,,,2163.32,2396.84,1.33,LOW,60
KALYANKJIL.NS,HOLD,377.8,0.01,14.21,3.45,,,356.38,406.36,1.33,LOW,80
LINDEINDIA.NS,HOLD,7021.5,-2.8,4.55,1.96,,,6723.8,7418.43,1.33,LOW,100
SUNDARMFIN.NS,BUY,4627.1,2.69,12.52,2.32,4534.56,4719.64,4350.24,5319.24,2.5,LOW,100
SUPREMEIND.NS,HOLD,3421.9,-3.68,0.07,1.54,,,3290.94,3596.51,1.33,LOW,80
BIOCON.NS,HOLD,416.15,3.5,0.05,0.96,,,402.26,434.67,1.33,LOW,80
TATACOMM.NS,BUY,1991.9,12.63,2.24,2.06,1952.06,2031.74,1835.28,2383.44,2.5,LOW,100
LAURUSLABS.NS,BUY,1450.0,11.57,4.26,1.75,1421.0,1479.0,1365.29,1661.79,2.5,LOW,100
AIIL.NS,BUY,518.0,4.89,12.62,4.19,507.64,528.36,467.39,644.52,2.5,LOW,100
GODFRYPHLP.NS,HOLD,2247.3,-0.8,2.47,1.84,,,2154.4,2371.17,1.33,LOW,80
JKCEMENT.NS,BUY,5577.0,4.0,18.63,2.5,5465.46,5688.54,5233.93,6434.68,2.5,LOW,100
UBL.NS,HOLD,1328.8,-3.9,0.61,1.31,,,1289.04,1381.81,1.33,LOW,80
APLAPOLLO.NS,HOLD,1793.5,-5.15,1.67,1.38,,,1735.76,1870.49,1.33,LOW,80
PAGEIND.NS,BUY,40950.0,7.8,8.51,1.6,40131.0,41769.0,38864.29,46164.29,2.5,LOW,100
GLAXO.NS,BUY,2354.8,2.81,11.96,1.66,2307.7,2401.9,2235.96,2651.91,2.5,LOW,100
BALKRISIND.NS,BUY,2233.6,1.75,13.15,2.75,2188.93,2278.27,2085.84,2602.99,2.5,LOW,100
ITCHOTELS.NS,BUY,173.68,9.42,16.34,2.15,170.21,177.15,162.44,201.78,2.5,LOW,100
COCHINSHIP.NS,HOLD,1458.4,-6.24,5.09,2.24,,,1388.31,1551.86,1.33,LOW,100
PREMIERENE.NS,HOLD,1050.6,1.93,-0.7,1.29,,,1002.37,1114.9,1.33,LOW,80
HEXT.NS,HOLD,494.85,0.97,-1.47,2.07,,,467.0,531.99,1.33,LOW,60
LTTS.NS,HOLD,3322.4,-4.26,0.95,2.78,,,3172.0,3522.93,1.33,LOW,80
VOLTAS.NS,HOLD,1302.4,-2.25,2.29,1.7,,,1240.86,1384.46,1.33,LOW,100
HUDCO.NS,HOLD,208.27,-0.91,2.43,1.2,,,199.33,220.19,1.33,LOW,80
360ONE.NS,HOLD,1085.4,-0.5,2.0,1.61,,,1039.64,1146.41,1.33,LOW,80
MAHABANK.NS,BUY,88.71,9.9,6.78,1.99,86.94,90.48,83.25,102.36,2.5,LOW,100
PGHH.NS,HOLD,9020.5,-6.58,-0.04,1.58,,,8729.29,9408.79,1.33,LOW,80
PETRONET.NS,BUY,282.25,3.12,8.54,1.94,276.61,287.89,268.22,317.32,2.5,LOW,100
IREDA.NS,HOLD,127.47,-1.45,7.75,2.15,,,122.59,133.98,1.33,LOW,100
ANTHEM.NS,SELL,761.7,-0.72,-2.1,1.62,,,810.62,639.4,2.5,LOW,80
CONCOR.NS,HOLD,469.8,-4.03,6.71,1.29,,,454.99,489.54,1.33,LOW,100
M&MFIN.NS,BUY,328.55,7.69,19.17,2.74,321.98,335.12,307.86,380.26,2.5,LOW,100
NATIONALUM.NS,SELL,332.15,-17.53,-10.38,2.73,,,361.37,259.1,2.5,LOW,100
DALBHARAT.NS,HOLD,1720.4,-4.2,7.16,1.7,,,1656.12,1806.1,1.33,LOW,100
JUBLFOOD.NS,HOLD,423.2,-5.51,2.32,1.54,,,407.43,444.22,1.33,LOW,100
ESCORTS.NS,HOLD,2949.7,-1.66,8.26,1.54,,,2838.55,3097.9,1.33,LOW,100
RADICO.NS,BUY,3829.8,9.92,11.01,1.35,3753.2,3906.4,3669.1,4231.55,2.5,LOW,100
KAYNES.NS,HOLD,3264.7,-8.88,7.86,2.24,,,3099.31,3485.21,1.33,LOW,100
FLUOROCHEM.NS,BUY,3909.2,7.15,6.21,1.46,3831.02,3987.38,3674.46,4496.06,2.5,LOW,100
ENDURANCE.NS,BUY,2699.2,6.06,8.83,1.61,2645.22,2753.18,2549.89,3072.49,2.5,LOW,100
KEI.NS,BUY,5268.0,1.7,1.67,2.32,5162.64,5373.36,4915.21,6149.96,2.5,LOW,80
ASTRAL.NS,HOLD,1486.9,-3.72,-0.22,1.54,,,1428.99,1564.11,1.33,LOW,80
THERMAX.NS,BUY,4828.8,7.38,5.63,2.71,4732.22,4925.38,4514.93,5613.48,2.5,LOW,100
PWL.NS,BUY,125.34,13.85,18.3,4.84,122.83,127.85,113.78,154.23,2.5,LOW,100
UCOBANK.NS,BUY,27.16,4.54,8.12,2.31,26.62,27.7,25.28,31.87,2.5,LOW,100
BLUESTARCO.NS,HOLD,1637.2,-3.28,5.16,2.01,,,1570.87,1725.64,1.33,LOW,100
NH.NS,BUY,1956.8,4.89,5.29,1.5,1917.66,1995.94,1856.67,2207.12,2.5,LOW,100
TATAINVEST.NS,HOLD,678.85,-0.9,6.8,1.9,,,649.28,718.27,1.33,LOW,80
GODREJIND.NS,BUY,1160.7,8.8,15.01,2.11,1137.49,1183.91,1077.63,1368.38,2.5,LOW,100
POONAWALLA.NS,BUY,440.3,6.9,18.2,2.23,431.49,449.11,414.08,505.85,2.5,LOW,100
CRISIL.NS,HOLD,4089.9,-0.34,4.92,1.68,,,3917.65,4319.57,1.33,LOW,80
KPRMILL.NS,BUY,1191.3,19.7,12.95,4.31,1167.47,1215.13,1072.24,1488.96,2.5,LOW,100
CHOLAHLDNG.NS,BUY,1653.4,3.59,15.98,2.62,1620.33,1686.47,1552.46,1905.76,2.5,LOW,100
3MINDIA.NS,BUY,33380.0,3.07,7.11,1.06,32712.4,34047.6,32026.43,36763.93,2.5,LOW,100
IPCALAB.NS,HOLD,1618.3,3.28,0.29,1.82,,,1554.15,1703.83,1.33,LOW,80
PIRAMALFIN.NS,BUY,2131.0,9.87,9.89,2.39,2088.38,2173.62,1985.12,2495.69,2.5,LOW,100
APARINDS.NS,BUY,16022.0,19.69,10.11,2.78,15701.56,16342.44,14589.0,19604.5,2.5,LOW,100
SJVN.NS,HOLD,72.09,-4.59,2.52,1.54,,,69.62,75.39,1.33,LOW,100
MEDANTA.NS,BUY,1312.4,9.06,6.78,1.48,1286.15,1338.65,1241.26,1490.26,2.5,LOW,100
ACC.NS,HOLD,1337.9,-2.44,3.22,1.37,,,1301.26,1386.75,1.33,LOW,100
TATAELXSI.NS,HOLD,4028.3,-3.19,0.48,1.85,,,3884.89,4219.51,1.33,LOW,80
NLCINDIA.NS,HOLD,320.1,-2.24,3.14,2.22,,,304.12,341.4,1.33,LOW,100
AWL.NS,SELL,182.03,-6.05,-1.32,1.61,,,193.1,154.36,2.5,LOW,80
CENTRALBK.NS,HOLD,32.2,-3.32,6.73,2.06,,,30.82,34.04,1.33,LOW,100
KPITTECH.NS,HOLD,742.6,-0.73,0.77,1.82,,,706.85,790.26,1.33,LOW,60
CDSL.NS,BUY,1317.0,4.36,10.65,1.87,1290.66,1343.34,1245.04,1496.89,2.5,LOW,100
DELHIVERY.NS,BUY,464.8,1.36,7.53,2.0,455.5,474.1,437.39,533.34,2.5,LOW,100
ASTERDM.NS,HOLD,769.05,3.23,-5.49,2.02,,,721.26,832.77,1.33,LOW,100
EXIDEIND.NS,BUY,389.8,5.92,1.08,2.12,382.0,397.6,368.09,444.07,2.5,LOW,80
GODIGIT.NS,BUY,312.65,1.2,5.41,1.68,306.4,318.9,293.7,360.03,2.5,LOW,100
HONAUT.NS,BUY,39405.0,17.66,11.85,1.6,38616.9,40193.1,37141.43,45063.93,2.5,LOW,100
AJANTPHARM.NS,BUY,3180.4,5.54,1.18,1.7,3116.79,3244.01,2996.57,3639.97,2.5,LOW,80
METROBRAND.NS,HOLD,1031.3,-0.57,5.51,1.34,,,993.22,1082.07,1.33,LOW,80
AIAENG.NS,BUY,4829.9,14.34,11.84,1.66,4733.3,4926.5,4536.09,5564.44,2.5,LOW,100
COHANCE.NS,BUY,458.05,5.67,8.17,3.2,448.89,467.21,419.13,555.35,2.5,LOW,100
LICHSGFIN.NS,HOLD,549.85,-0.38,2.6,1.76,,,530.91,575.11,1.33,LOW,80
GILLETTE.NS,HOLD,7719.0,-1.94,0.66,1.13,,,7471.93,8048.43,1.33,LOW,80
GLAND.NS,HOLD,2314.8,11.68,0.36,1.91,,,2188.07,2483.77,1.33,LOW,80
APOLLOTYRE.NS,BUY,430.65,6.0,13.24,2.05,422.04,439.26,406.01,492.26,2.5,LOW,100
NIACL.NS,BUY,184.63,12.3,25.66,4.72,180.94,188.32,163.28,238.02,2.5,LOW,100
NBCC.NS,BUY,107.17,8.03,6.62,2.34,105.03,109.31,99.4,126.59,2.5,LOW,100
ITI.NS,BUY,301.6,1.16,4.43,1.46,295.57,307.63,282.08,350.4,2.5,LOW,100
HINDCOPPER.NS,SELL,491.4,-9.34,-1.57,1.76,,,521.38,416.45,2.5,LOW,80
GRSE.NS,HOLD,2724.8,-1.21,7.44,2.32,,,2591.36,2902.71,1.33,LOW,100
MSUMI.NS,BUY,41.26,4.78,13.41,2.71,40.43,42.09,38.74,47.56,2.5,LOW,100
GUJGASLTD.NS,SELL,344.0,-9.98,-8.7,2.88,,,369.95,279.13,2.5,LOW,100
IGL.NS,BUY,170.38,3.94,5.96,1.55,166.97,173.79,162.66,189.68,2.5,LOW,100
SONACOMS.NS,BUY,619.25,4.42,6.14,1.33,606.87,631.63,591.26,689.22,2.5,LOW,100
AEGISVOPAK.NS,BUY,233.19,13.32,17.1,3.56,228.53,237.85,208.69,294.44,2.5,LOW,100
KIMS.NS,BUY,795.35,7.13,3.91,1.97,779.44,811.26,746.53,917.4,2.5,LOW,100
TATATECH.NS,BUY,748.35,12.48,3.88,2.22,733.38,763.32,703.7,859.97,2.5,LOW,100
PINELABS.NS,HOLD,160.07,-3.67,10.26,2.8,,,149.53,174.13,1.33,LOW,100
IKS.NS,BUY,1704.3,4.6,3.35,1.5,1670.21,1738.39,1615.81,1925.51,2.5,LOW,100
STARHEALTH.NS,BUY,577.1,9.59,10.99,1.72,565.56,588.64,540.09,669.64,2.5,LOW,100
JBCHEPHARM.NS,HOLD,2243.9,5.02,-0.39,1.07,,,2164.44,2349.84,1.33,LOW,80
TVSHLTD.NS,HOLD,13518.0,-2.18,1.52,1.51,,,13034.79,14162.29,1.33,LOW,80
IRB.NS,HOLD,21.19,-0.71,4.85,1.59,,,20.41,22.23,1.33,LOW,80
SUMICHEM.NS,SELL,435.3,-5.5,-2.94,2.03,,,464.45,362.42,2.5,LOW,100
AFFLE.NS,HOLD,1449.7,-1.21,0.94,1.66,,,1376.38,1547.46,1.33,LOW,80
AEGISLOG.NS,BUY,1140.65,45.0,23.19,4.02,1117.84,1163.46,1030.0,1417.28,2.5,LOW,100
NAVINFLUOR.NS,BUY,7609.0,8.56,6.44,1.58,7456.82,7761.18,7174.52,8695.21,2.5,LOW,100
SYNGENE.NS,SELL,436.5,-3.04,-2.28,1.77,,,463.13,369.93,2.5,LOW,100
BANDHANBNK.NS,BUY,201.76,1.48,4.05,2.47,197.72,205.8,185.56,242.25,2.5,LOW,100
EMCURE.NS,BUY,1880.2,10.18,11.7,1.64,1842.6,1917.8,1749.03,2208.13,2.5,LOW,100
LALPATHLAB.NS,BUY,1689.2,7.95,6.26,1.26,1655.42,1722.98,1570.9,1984.95,2.5,LOW,100
AMBER.NS,HOLD,7659.0,-2.28,5.06,1.81,,,7251.86,8201.86,1.33,LOW,100
PPLPHARMA.NS,HOLD,167.69,-0.03,3.96,2.28,,,157.86,180.8,1.33,LOW,80
ZFCVINDIA.NS,BUY,2616.0,5.9,7.49,1.77,2563.68,2668.32,2400.19,3155.52,2.5,LOW,100
NUVAMA.NS,BUY,1748.6,15.73,15.79,1.99,1713.63,1783.57,1625.23,2057.03,2.5,LOW,100
MRPL.NS,SELL,153.93,-3.75,-1.14,3.01,,,167.27,120.59,2.5,LOW,80
RAMCOCEM.NS,BUY,919.1,0.57,8.0,1.98,900.72,937.48,865.86,1052.21,2.5,LOW,80
SHYAMMETL.NS,HOLD,945.75,2.5,-2.44,1.3,,,910.4,992.89,1.33,LOW,100
FSL.NS,HOLD,243.45,-0.41,-1.44,1.66,,,230.9,260.19,1.33,LOW,60
EMAMILTD.NS,HOLD,396.95,-5.85,2.72,1.37,,,379.96,419.61,1.33,LOW,100
DEEPAKNTR.NS,HOLD,1622.4,-5.18,0.62,1.66,,,1545.28,1725.23,1.33,LOW,80
INOXWIND.NS,HOLD,89.52,-5.54,10.38,3.6,,,84.42,96.33,1.33,LOW,100
EIHOTEL.NS,BUY,326.45,3.15,12.72,2.23,319.92,332.98,308.29,371.86,2.5,LOW,100
WOCKPHARMA.NS,BUY,1965.2,14.69,2.15,5.02,1925.9,2004.5,1785.67,2414.02,2.5,LOW,100
PTCIL.NS,HOLD,17429.0,2.13,-4.13,4.1,,,16489.46,18681.71,1.33,LOW,100
PFIZER.NS,SELL,4460.7,-4.25,-2.45,1.01,,,4660.87,3960.27,2.5,LOW,100
ANANDRATHI.NS,BUY,1932.5,7.62,10.81,1.51,1893.85,1971.15,1832.57,2182.32,2.5,LOW,100
KIOCL.NS,HOLD,391.75,-2.08,1.38,2.72,,,369.49,421.44,1.33,LOW,80
MANAPPURAM.NS,BUY,318.5,3.46,9.06,2.49,312.13,324.87,297.29,371.52,2.5,LOW,100
PNBHOUSING.NS,BUY,1044.8,1.67,9.53,2.01,1023.9,1065.7,989.84,1182.19,2.5,LOW,100
BRIGADE.NS,HOLD,525.2,-2.14,7.99,2.51,,,493.95,566.86,1.33,LOW,100
ABSLAMC.NS,BUY,1141.2,7.12,6.79,2.93,1118.38,1164.02,1042.49,1387.99,2.5,LOW,100
TIMKEN.NS,BUY,3653.7,2.3,4.05,1.72,3580.63,3726.77,3428.06,4217.81,2.5,LOW,100
HSCL.NS,HOLD,678.1,10.4,-0.29,2.87,,,626.69,746.65,1.33,LOW,80
FORCEMOT.NS,HOLD,18391.0,-5.4,7.59,3.04,,,17403.25,19708.0,1.33,LOW,100
WELCORP.NS,BUY,1455.1,10.45,4.73,1.94,1426.0,1484.2,1364.79,1680.89,2.5,LOW,100
ANGELONE.NS,BUY,335.25,2.1,3.55,2.24,328.55,341.95,312.08,393.18,2.5,LOW,100
TATACHEM.NS,HOLD,746.2,0.86,0.67,1.48,,,711.03,793.09,1.33,LOW,60
ASAHIINDIA.NS,BUY,898.9,4.43,4.46,1.83,880.92,916.88,848.23,1025.58,2.5,LOW,100
ASTRAZEN.NS,HOLD,8391.0,-1.09,1.97,1.28,,,8092.45,8789.07,1.33,LOW,80
ERIS.NS,BUY,1459.0,5.86,6.84,1.67,1429.82,1488.18,1384.71,1644.71,2.5,LOW,100
CESC.NS,HOLD,168.03,-6.19,0.02,1.46,,,161.29,177.01,1.33,LOW,80
HBLENGINE.NS,BUY,827.25,3.85,10.89,1.92,810.71,843.79,777.45,951.75,2.5,LOW,100
SUNTV.NS,HOLD,513.5,-5.91,2.41,1.31,,,496.67,535.94,1.33,LOW,100
KARURVYSYA.NS,HOLD,290.5,-0.33,5.31,1.99,,,276.61,309.01,1.33,LOW,80
SAGILITY.NS,HOLD,40.37,-2.25,2.83,1.72,,,38.82,42.43,1.33,LOW,100
JYOTICNC.NS,BUY,761.45,8.54,20.31,3.86,746.22,776.68,697.68,920.88,2.5,LOW,100
KEC.NS,HOLD,528.15,-1.03,8.18,1.77,,,505.55,558.29,1.33,LOW,100
AADHARHFC.NS,BUY,518.5,7.09,14.45,2.46,508.13,528.87,481.87,610.07,2.5,LOW,100
IIFL.NS,BUY,509.7,6.3,3.79,2.9,499.51,519.89,471.86,604.29,2.5,LOW,100
REDINGTON.NS,BUY,286.4,23.17,23.96,3.13,280.67,292.13,263.03,344.84,2.5,LOW,100
HATSUN.NS,HOLD,917.55,-1.64,1.89,1.53,,,889.89,954.44,1.33,LOW,80
CREDITACC.NS,BUY,1462.3,9.89,15.47,2.44,1433.05,1491.55,1371.44,1689.44,2.5,LOW,100
URBANCO.NS,HOLD,129.83,-1.02,5.57,2.22,,,123.01,138.93,1.33,LOW,100
JSWHL.NS,HOLD,12150.0,-3.83,0.73,1.92,,,11623.39,12852.14,1.33,LOW,80
PSB.NS,BUY,24.63,0.82,5.26,2.14,24.14,25.12,22.93,28.89,2.5,LOW,80
ONESOURCE.NS,SELL,1556.0,-10.41,-5.78,1.67,,,1670.87,1268.82,2.5,LOW,100
KPIL.NS,BUY,1384.2,7.44,10.51,2.13,1356.52,1411.88,1285.13,1631.88,2.5,LOW,100
ATHERENERG.NS,HOLD,998.75,5.01,-2.79,2.8,,,937.17,1080.85,1.33,LOW,100
SUNDRMFAST.NS,BUY,929.0,9.67,11.14,1.41,910.42,947.58,882.81,1044.46,2.5,LOW,100
ABREL.NS,BUY,1346.7,0.86,14.05,2.27,1319.77,1373.63,1251.33,1585.13,2.5,LOW,80
OLAELEC.NS,HOLD,41.8,6.07,-8.21,3.7,,,38.02,46.84,1.33,LOW,100
CHALET.NS,BUY,818.95,4.93,12.92,1.97,802.57,835.33,766.41,950.31,2.5,LOW,100
CHAMBLFERT.NS,HOLD,469.05,2.19,0.81,2.08,,,448.27,496.75,1.33,LOW,80
ANANTRAJ.NS,BUY,522.55,0.79,1.81,3.11,512.1,533.0,487.24,610.82,2.5,LOW,60
ECLERX.NS,HOLD,1404.5,-5.56,5.06,2.61,,,1326.95,1507.9,1.33,LOW,100
CASTROLIND.NS,BUY,185.37,0.85,1.79,0.64,181.66,189.08,180.74,196.93,2.5,LOW,60
SCHNEIDER.NS,BUY,1335.3,7.6,22.58,4.57,1308.59,1362.01,1190.17,1698.12,2.5,LOW,100
POLYMED.NS,BUY,1650.2,9.56,11.58,2.74,1617.2,1683.2,1515.77,1986.27,2.5,LOW,100
DCMSHRIRAM.NS,HOLD,1045.6,-6.52,1.43,1.51,,,1000.7,1105.47,1.33,LOW,80
BASF.NS,BUY,3652.4,1.6,12.31,2.16,3579.35,3725.45,3405.19,4270.44,2.5,LOW,100
TENNIND.NS,HOLD,578.8,-2.63,3.07,2.64,,,544.5,624.53,1.33,LOW,100
KANSAINER.NS,HOLD,212.41,0.55,-1.68,1.03,,,203.55,224.22,1.33,LOW,60
DEVYANI.NS,HOLD,112.84,-1.84,5.96,1.67,,,106.09,121.84,1.33,LOW,100
NEULANDLAB.NS,BUY,17961.0,8.63,5.82,1.59,17601.78,18320.22,16834.14,20778.14,2.5,LOW,100
CROMPTON.NS,HOLD,275.3,0.01,8.81,1.98,,,263.85,290.57,1.33,LOW,80
EIDPARRY.NS,HOLD,709.75,-9.48,-0.06,1.6,,,676.51,754.06,1.33,LOW,80
CAMS.NS,BUY,798.3,2.83,10.47,2.12,782.33,814.27,753.61,910.01,2.5,LOW,100
KFINTECH.NS,HOLD,874.15,-0.66,8.51,2.12,,,836.88,923.84,1.33,LOW,80
RPOWER.NS,SELL,24.88,-9.78,-3.27,2.47,,,26.97,19.64,2.5,LOW,100
BIKAJI.NS,SELL,640.6,-3.32,-4.62,1.46,,,674.99,554.64,2.5,LOW,100
KAJARIACER.NS,BUY,1196.6,6.64,11.1,1.37,1172.67,1220.53,1139.39,1339.64,2.5,LOW,100
ATUL.NS,HOLD,6670.5,-1.56,2.68,1.25,,,6463.23,6946.86,1.33,LOW,100
SARDAEN.NS,HOLD,521.1,-5.75,-0.19,1.35,,,500.07,549.14,1.33,LOW,80
APLLTD.NS,BUY,771.5,1.91,5.02,1.33,756.07,786.93,731.26,872.09,2.5,LOW,100
DEEPAKFERT.NS,BUY,1566.4,13.11,4.32,2.06,1535.07,1597.73,1448.67,1860.72,2.5,LOW,100
FIRSTCRY.NS,HOLD,222.96,-3.18,4.98,1.66,,,212.09,237.45,1.33,LOW,100
JSWCEMENT.NS,BUY,133.55,5.15,7.15,1.67,130.88,136.22,126.75,150.55,2.5,LOW,100
SAILIFE.NS,BUY,1221.3,8.55,3.39,1.71,1196.87,1245.73,1140.36,1423.66,2.5,LOW,100
CGCL.NS,BUY,217.44,10.74,9.11,1.84,213.09,221.79,204.31,250.27,2.5,LOW,100
ARE&M.NS,HOLD,834.8,-2.08,4.83,1.68,,,800.27,880.84,1.33,LOW,100
GRINDWELL.NS,BUY,2228.0,21.06,17.56,2.08,2183.44,2272.56,2072.84,2615.89,2.5,LOW,100
VINATIORGA.NS,BUY,1367.3,3.15,4.74,1.41,1339.95,1394.65,1299.31,1537.26,2.5,LOW,100
SKFINDIA.NS,HOLD,1658.0,-0.92,6.11,1.41,,,1595.33,1741.56,1.33,LOW,80
MAHSCOOTER.NS,HOLD,12506.0,0.28,3.81,1.34,,,12043.46,13122.71,1.33,LOW,80
JUBLPHARMA.NS,HOLD,964.4,-0.56,1.96,1.41,,,924.69,1017.34,1.33,LOW,60
ZENSARTECH.NS,HOLD,445.4,-10.81,0.59,2.43,,,423.14,475.09,1.33,LOW,80
FIVESTAR.NS,BUY,497.0,6.31,17.38,2.88,487.06,506.94,452.31,608.71,2.5,LOW,100
TRITURBINE.NS,BUY,669.35,5.37,4.47,3.73,655.96,682.74,604.47,831.55,2.5,LOW,100
CARBORUNIV.NS,BUY,1143.3,10.16,14.58,2.85,1120.43,1166.17,1019.81,1452.01,2.5,LOW,100
RBLBANK.NS,BUY,371.05,8.14,3.33,1.75,363.63,378.47,350.21,423.16,2.5,LOW,100
RATNAMANI.NS,BUY,2647.1,0.85,4.53,2.0,2594.16,2700.04,2475.41,3076.31,2.5,LOW,80
PGEL.NS,BUY,545.9,6.53,18.93,2.94,534.98,556.82,506.44,644.54,2.5,LOW,100
VENTIVE.NS,BUY,643.9,1.37,6.84,1.91,631.02,656.78,602.98,746.2,2.5,LOW,100
NAVA.NS,HOLD,607.15,-4.89,7.28,1.96,,,577.42,646.79,1.33,LOW,100
CUB.NS,BUY,198.85,2.12,3.25,2.09,194.87,202.83,183.24,237.86,2.5,LOW,100
CENTURYPLY.NS,HOLD,754.55,-1.92,2.9,1.4,,,718.5,802.61,1.33,LOW,100
BEML.NS,HOLD,1748.7,-2.85,1.23,1.86,,,1672.95,1849.7,1.33,LOW,80
MANYAVAR.NS,HOLD,412.6,-2.97,4.05,1.55,,,394.5,436.74,1.33,LOW,100
ABLBL.NS,HOLD,97.57,-4.75,2.3,2.02,,,92.64,104.14,1.33,LOW,100
NETWEB.NS,BUY,4943.8,15.42,17.95,5.29,4844.92,5042.68,4429.39,6229.84,2.5,LOW,100
TBOTEK.NS,BUY,1460.8,14.83,16.34,2.83,1431.58,1490.02,1336.39,1771.84,2.5,LOW,100
CONCORDBIO.NS,HOLD,1286.1,8.79,-4.26,3.38,,,1209.43,1388.33,1.33,LOW,100
TRAVELFOOD.NS,BUY,1334.1,7.62,9.68,2.51,1307.42,1360.78,1226.46,1603.21,2.5,LOW,100
CPPLUS.NS,BUY,3558.5,26.34,6.43,3.49,3487.33,3629.67,3264.79,4292.79,2.5,LOW,100
UTIAMC.NS,HOLD,938.2,-2.0,2.6,1.17,,,907.24,979.49,1.33,LOW,100
SOBHA.NS,BUY,1408.0,1.17,10.41,2.02,1379.84,1436.16,1322.89,1620.79,2.5,LOW,100
LMW.NS,BUY,16146.0,6.38,3.62,1.45,15823.08,16468.92,15322.0,18206.0,2.5,LOW,100
ACMESOLAR.NS,BUY,357.2,14.09,6.8,2.96,350.06,364.34,327.3,431.95,2.5,LOW,100
IRCON.NS,HOLD,134.16,-6.79,2.99,1.77,,,128.39,141.85,1.33,LOW,100
GABRIEL.NS,BUY,1229.2,13.44,21.85,3.72,1204.62,1253.78,1119.61,1503.16,2.5,LOW,100
GMDCLTD.NS,HOLD,586.3,-11.44,-0.42,2.58,,,555.2,627.77,1.33,LOW,80
CRAFTSMAN.NS,BUY,9252.0,7.71,5.23,2.36,9066.96,9437.04,8618.93,10834.68,2.5,LOW,100
ELGIEQUIP.NS,BUY,604.05,5.66,1.79,1.54,591.97,616.13,570.82,687.12,2.5,LOW,80
NATCOPHARM.NS,HOLD,903.7,-13.13,7.3,3.72,,,860.67,961.07,1.33,LOW,100
CHOICEIN.NS,BUY,723.85,5.69,10.33,1.94,709.37,738.33,684.58,822.03,2.5,LOW,100
VGUARD.NS,HOLD,306.2,-3.27,4.34,1.65,,,296.32,319.38,1.33,LOW,100
APTUS.NS,BUY,265.1,1.02,2.57,1.86,259.8,270.4,248.18,307.4,2.5,LOW,100
SIGNATURE.NS,SELL,756.5,-8.7,-2.73,2.14,,,810.16,622.36,2.5,LOW,100
CIEINDIA.NS,BUY,471.3,1.8,8.07,1.85,461.87,480.73,444.39,538.57,2.5,LOW,100
TECHNOE.NS,HOLD,1087.1,-6.85,7.69,1.8,,,1040.6,1149.1,1.33,LOW,100
WHIRLPOOL.NS,HOLD,802.8,-7.5,4.35,1.69,,,770.89,845.34,1.33,LOW,100
JMFINANCIL.NS,HOLD,125.81,-2.82,10.42,3.64,,,119.74,133.9,1.33,LOW,100
GPIL.NS,SELL,265.4,-7.76,-4.5,1.51,,,278.74,232.04,2.5,LOW,100
AFCONS.NS,HOLD,319.35,-1.61,0.82,2.54,,,303.21,340.86,1.33,LOW,80
ABDL.NS,BUY,622.3,9.9,3.16,2.62,609.85,634.75,578.92,730.75,2.5,LOW,100
CAPLIPOINT.NS,BUY,2506.4,23.62,7.52,2.46,2456.27,2556.53,2286.91,3055.11,2.5,LOW,100
DATAPATTNS.NS,BUY,4506.6,8.44,7.17,4.32,4416.47,4596.73,3988.63,5801.53,2.5,LOW,100
IGIL.NS,BUY,359.7,0.86,1.62,1.7,352.51,366.89,335.39,420.49,2.5,LOW,60
DOMS.NS,HOLD,2252.1,-0.72,-0.15,1.93,,,2127.01,2418.89,1.33,LOW,60
LTFOODS.NS,HOLD,385.55,-4.32,3.05,1.84,,,367.91,409.07,1.33,LOW,100
KIRLOSBROS.NS,BUY,2018.5,17.09,21.3,2.57,1978.13,2058.87,1850.74,2437.89,2.5,LOW,100
AGARWALEYE.NS,BUY,484.65,5.78,10.3,1.6,474.96,494.34,458.34,550.42,2.5,LOW,100
JBMA.NS,BUY,693.1,6.06,7.48,2.82,679.24,706.96,641.7,821.6,2.5,LOW,100
RRKABEL.NS,BUY,2488.3,27.71,17.22,2.32,2438.53,2538.07,2305.52,2945.26,2.5,LOW,100
GALLANTT.NS,HOLD,711.15,-5.18,8.96,2.76,,,669.12,767.19,1.33,LOW,100
IFCI.NS,BUY,77.0,11.89,9.25,6.8,75.46,78.54,64.71,107.74,2.5,LOW,100
NIVABUPA.NS,BUY,84.79,3.24,2.19,1.33,83.09,86.49,79.73,97.43,2.5,LOW,100
INDIAMART.NS,HOLD,1955.4,-2.03,2.22,1.42,,,1882.2,2053.0,1.33,LOW,100
GESHIP.NS,HOLD,1499.0,-0.01,7.88,2.57,,,1416.55,1608.93,1.33,LOW,80
PARADEEP.NS,BUY,136.14,6.09,12.04,2.08,133.42,138.86,127.4,158.0,2.5,LOW,100
CEATLTD.NS,BUY,3490.0,3.84,10.83,2.02,3420.2,3559.8,3306.19,3949.54,2.5,LOW,100
TRIDENT.NS,BUY,26.45,6.01,12.22,1.83,25.92,26.98,24.97,30.15,2.5,LOW,100
RAINBOW.NS,BUY,1434.5,7.4,7.06,1.35,1405.81,1463.19,1358.39,1624.79,2.5,LOW,100
INTELLECT.NS,BUY,747.05,2.34,2.38,1.81,732.11,761.99,698.75,867.8,2.5,LOW,100
SYRMA.NS,BUY,1440.5,28.83,16.58,2.14,1411.69,1469.31,1325.6,1727.75,2.5,LOW,100
FINEORG.NS,BUY,5236.1,9.66,11.95,1.99,5131.38,5340.82,4890.1,6101.1,2.5,LOW,100
NUVOCO.NS,HOLD,306.2,-2.69,1.63,2.31,,,289.28,328.76,1.33,LOW,80
BATAINDIA.NS,BUY,715.1,1.34,8.7,4.2,700.8,729.4,655.81,863.31,2.5,LOW,100
SWANCORP.NS,HOLD,318.25,-2.7,1.86,1.77,,,302.21,339.64,1.33,LOW,80
KIRLOSENG.NS,BUY,2484.3,36.57,38.18,5.13,2434.61,2533.99,2231.89,3115.34,2.5,LOW,100
BLS.NS,HOLD,259.3,-4.18,3.37,1.79,,,246.04,276.99,1.33,LOW,100
AARTIIND.NS,HOLD,466.05,-1.78,8.93,3.77,,,438.19,503.2,1.33,LOW,100
THELEELA.NS,BUY,483.9,12.78,19.0,2.87,474.22,493.58,443.7,584.4,2.5,LOW,100
EMMVEE.NS,BUY,337.25,14.79,4.87,3.11,330.5,344.0,309.68,406.18,2.5,LOW,100
SPLPETRO.NS,BUY,740.5,2.53,10.99,2.34,725.69,755.31,688.94,869.41,2.5,LOW,100
BLUEDART.NS,HOLD,4982.3,-1.7,5.78,1.11,,,4818.65,5200.5,1.33,LOW,100
ZYDUSWELL.NS,BUY,518.1,2.78,3.55,2.28,507.74,528.46,477.59,619.37,2.5,LOW,100
KSB.NS,BUY,934.35,6.64,15.74,2.09,915.66,953.04,876.27,1079.55,2.5,LOW,100
PCBL.NS,BUY,317.4,8.31,14.28,2.0,311.05,323.75,295.19,372.92,2.5,LOW,100
JWL.NS,HOLD,262.95,-6.75,-0.55,2.25,,,249.93,280.31,1.33,LOW,80
CEMPRO.NS,BUY,1213.4,26.24,3.51,4.47,1189.13,1237.67,1088.18,1526.46,2.5,LOW,100
ZENTEC.NS,BUY,1771.2,4.26,3.27,3.17,1735.78,1806.62,1597.37,2205.77,2.5,LOW,100
JAINREC.NS,HOLD,349.55,-15.82,14.51,4.96,,,315.62,394.79,1.33,LOW,100
GODREJAGRO.NS,HOLD,562.05,-3.23,0.74,1.04,,,545.64,583.94,1.33,LOW,80
IEX.NS,HOLD,125.0,0.12,6.77,1.53,,,120.77,130.64,1.33,LOW,80
BBTC.NS,BUY,1556.7,2.16,4.48,1.7,1525.57,1587.83,1472.29,1767.74,2.5,LOW,100
CYIENT.NS,HOLD,886.25,-0.88,4.68,1.81,,,849.89,934.74,1.33,LOW,80
INDGN.NS,BUY,518.05,0.59,2.23,1.51,507.69,528.41,485.42,599.62,2.5,LOW,80
AAVAS.NS,BUY,1489.9,7.73,12.17,2.17,1460.1,1519.7,1373.9,1779.9,2.5,LOW,100
MINDACORP.NS,BUY,670.45,15.39,5.93,1.58,657.04,683.86,626.99,779.09,2.5,LOW,100
BELRISE.NS,BUY,245.66,11.11,11.47,2.72,240.75,250.57,226.81,292.79,2.5,LOW,100
CELLO.NS,HOLD,378.45,-5.02,1.98,2.17,,,362.46,399.76,1.33,LOW,80
JPPOWER.NS,HOLD,17.94,-5.7,1.13,3.56,,,17.09,19.08,1.33,LOW,80
TARIL.NS,BUY,334.45,4.44,11.3,3.19,327.76,341.14,304.83,408.5,2.5,LOW,100
NEWGEN.NS,HOLD,473.1,-0.29,3.92,4.4,,,447.13,507.73,1.33,LOW,80
ANURAS.NS,HOLD,1275.1,-3.77,1.36,1.84,,,1213.57,1357.14,1.33,LOW,80
GRANULES.NS,HOLD,764.2,2.82,0.14,1.78,,,725.39,815.95,1.33,LOW,80
GRAVITA.NS,BUY,1671.0,0.79,6.37,2.16,1637.58,1704.42,1553.51,1964.71,2.5,LOW,80
HOMEFIRST.NS,BUY,1191.7,6.8,15.73,2.7,1167.87,1215.53,1110.0,1395.95,2.5,LOW,100
MGL.NS,BUY,1174.6,4.94,10.71,2.12,1151.11,1198.09,1105.34,1347.74,2.5,LOW,100
USHAMART.NS,HOLD,473.1,-0.44,-1.46,2.03,,,450.68,502.99,1.33,LOW,60
LEMONTREE.NS,BUY,119.69,4.35,15.44,2.35,117.3,122.08,112.64,137.31,2.5,LOW,100
TEGA.NS,BUY,1730.2,1.88,2.49,3.2,1695.6,1764.8,1600.71,2053.91,2.5,LOW,100
VTL.NS,BUY,634.3,3.91,3.23,2.18,621.61,646.99,586.98,752.6,2.5,LOW,100
NCC.NS,HOLD,153.59,-1.74,5.9,1.69,,,146.53,163.0,1.33,LOW,100
FINCABLES.NS,BUY,1116.5,6.04,10.23,4.01,1094.17,1138.83,1022.14,1352.39,2.5,LOW,100
SKFINDUS.NS,BUY,2906.0,26.26,21.9,2.45,2847.88,2964.12,2688.63,3449.43,2.5,LOW,100
ACE.NS,BUY,988.1,8.58,10.78,2.01,968.34,1007.86,922.14,1153.01,2.5,LOW,100
ELECON.NS,HOLD,522.2,1.39,-0.84,2.4,,,488.93,566.56,1.33,LOW,80
EMBDL.NS,BUY,63.71,8.0,13.0,3.63,62.44,64.98,56.91,80.71,2.5,LOW,100
JINDALSAW.NS,BUY,260.72,9.36,16.66,3.3,255.51,265.93,238.24,316.92,2.5,LOW,100
WELSPUNLIV.NS,BUY,167.32,19.23,23.44,3.3,163.97,170.67,154.92,198.33,2.5,LOW,100
NSLNISP.NS,SELL,43.68,-2.98,-4.02,3.93,,,46.77,35.97,2.5,LOW,100
ACUTAAS.NS,BUY,3300.0,14.44,5.5,2.64,3234.0,3366.0,3037.24,3956.89,2.5,LOW,100
RITES.NS,HOLD,208.88,-1.52,4.17,1.78,,,201.13,219.21,1.33,LOW,100
CCL.NS,BUY,1163.2,4.22,2.66,2.61,1139.94,1186.46,1061.27,1418.02,2.5,LOW,100
FINPIPE.NS,BUY,176.25,0.94,4.5,2.13,172.72,179.78,165.26,203.73,2.5,LOW,80
SAMMAANCAP.NS,BUY,169.81,6.02,1.1,2.43,166.41,173.21,156.69,202.6,2.5,LOW,80
INGERRAND.NS,BUY,4489.8,4.63,12.22,3.57,4400.0,4579.6,4198.53,5217.98,2.5,LOW,100
INDIACEM.NS,HOLD,383.85,-3.17,-0.21,1.66,,,370.07,402.23,1.33,LOW,80
BLUEJET.NS,BUY,527.6,13.54,5.85,2.77,517.05,538.15,483.29,638.37,2.5,LOW,100
CARTRADE.NS,BUY,2694.4,36.59,12.95,4.22,2640.51,2748.29,2379.57,3481.47,2.5,LOW,100
CHENNPETRO.NS,HOLD,1102.2,1.3,-3.32,2.9,,,1028.04,1201.09,1.33,LOW,100
TSFINV.NS,HOLD,396.75,-1.68,2.89,1.49,,,377.95,421.81,1.33,LOW,100
SBFC.NS,HOLD,90.82,-2.47,1.07,2.04,,,86.47,96.62,1.33,LOW,80
CANHLIFE.NS,SELL,134.83,-3.69,-3.23,1.41,,,143.08,114.21,2.5,LOW,100
RAILTEL.NS,HOLD,314.05,-2.55,6.64,2.14,,,299.03,334.07,1.33,LOW,100
CLEAN.NS,HOLD,779.05,-1.35,5.12,2.37,,,735.38,837.28,1.33,LOW,100
TITAGARH.NS,BUY,888.45,8.68,7.99,2.46,870.68,906.22,820.81,1057.56,2.5,LOW,100
JYOTHYLAB.NS,HOLD,200.4,-10.35,0.21,1.06,,,192.47,210.97,1.33,LOW,80
SHRIPISTON.NS,BUY,4033.0,14.74,15.19,2.29,3952.34,4113.66,3751.87,4735.82,2.5,LOW,100
ALIVUS.NS,BUY,1108.3,4.39,8.96,1.6,1086.13,1130.47,1043.87,1269.37,2.5,LOW,100
ENGINERSIN.NS,BUY,251.82,3.56,12.44,2.63,246.78,256.86,231.23,303.3,2.5,LOW,100
J&KBANK.NS,BUY,158.4,11.33,3.48,2.05,155.23,161.57,147.89,184.67,2.5,LOW,100
OLECTRA.NS,BUY,1493.4,16.29,19.24,3.43,1463.53,1523.27,1365.04,1814.29,2.5,LOW,100
GRINFRA.NS,BUY,942.85,2.95,12.24,2.35,923.99,961.71,877.51,1106.19,2.5,LOW,100
JUBLINGREA.NS,HOLD,621.65,-9.07,0.7,1.67,,,595.1,657.05,1.33,LOW,80
SANOFI.NS,BUY,3355.6,1.79,6.68,1.66,3288.49,3422.71,3195.89,3754.89,2.5,LOW,100
SANOFICONR.NS,HOLD,4618.1,-0.44,1.9,1.58,,,4437.27,4859.21,1.33,LOW,60
EUREKAFORB.NS,HOLD,458.3,-4.04,4.91,1.59,,,437.31,486.29,1.33,LOW,100
WAAREERTL.NS,BUY,1020.65,2.51,10.63,1.81,1000.24,1041.06,957.53,1178.45,2.5,LOW,100
RELAXO.NS,BUY,413.55,29.34,22.82,4.97,405.28,421.82,377.04,504.82,2.5,LOW,100
PRUDENT.NS,BUY,2988.7,6.68,6.1,2.17,2928.93,3048.47,2762.31,3554.66,2.5,LOW,100
VIKRAMSOLR.NS,SELL,185.28,-11.74,-8.34,2.73,,,204.22,137.92,2.5,LOW,100
TTML.NS,HOLD,42.78,-1.73,1.49,3.16,,,39.94,46.56,1.33,LOW,80
CANFINHOME.NS,BUY,886.2,2.97,4.94,1.0,868.48,903.92,847.06,984.06,2.5,LOW,100
BSOFT.NS,SELL,300.7,-11.3,-3.27,2.31,,,321.46,248.81,2.5,LOW,100
GRAPHITE.NS,SELL,605.8,-14.33,-2.98,2.03,,,652.11,490.03,2.5,LOW,100
JKTYRE.NS,BUY,397.15,0.89,12.68,2.75,389.21,405.09,368.41,469.01,2.5,LOW,80
BLACKBUCK.NS,BUY,562.8,2.38,5.71,1.76,551.54,574.06,524.34,658.94,2.5,LOW,100
ZEEL.NS,HOLD,111.36,15.82,-0.08,3.98,,,102.3,123.44,1.33,LOW,80
SAFARI.NS,BUY,1590.6,3.62,4.81,3.05,1558.79,1622.41,1467.96,1897.21,2.5,LOW,100
INOXINDIA.NS,BUY,1872.9,18.0,1.3,4.51,1835.44,1910.36,1596.14,2564.8,2.5,LOW,80
HFCL.NS,BUY,215.0,38.76,31.35,3.82,210.7,219.3,194.04,267.39,2.5,LOW,100
RUBICON.NS,BUY,1416.6,30.45,10.22,5.25,1388.27,1444.93,1252.87,1825.92,2.5,LOW,100
PVRINOX.NS,HOLD,986.4,-0.87,4.36,1.13,,,950.86,1033.79,1.33,LOW,80
SCI.NS,HOLD,311.8,0.47,8.62,2.6,,,292.97,336.91,1.33,LOW,80
JKLAKSHMI.NS,HOLD,594.6,-5.22,1.88,1.23,,,577.3,617.66,1.33,LOW,80
VIJAYA.NS,BUY,1367.8,10.55,6.93,3.29,1340.44,1395.16,1262.61,1630.76,2.5,LOW,100
PRIVISCL.NS,BUY,3550.5,7.3,9.48,2.19,3479.49,3621.51,3327.19,4108.79,2.5,LOW,100
SONATSOFTW.NS,BUY,284.25,4.61,11.54,4.94,278.56,289.94,256.24,354.27,2.5,LOW,100
AETHER.NS,BUY,1325.1,14.45,17.39,2.66,1298.6,1351.6,1226.31,1572.06,2.5,LOW,100
AZAD.NS,SELL,2020.1,-3.63,-4.07,2.48,,,2212.57,1538.92,2.5,LOW,100
EDELWEISS.NS,BUY,122.45,5.19,16.11,2.93,120.0,124.9,111.5,149.82,2.5,LOW,100
NAZARA.NS,BUY,300.65,7.37,6.78,2.0,294.64,306.66,280.43,351.2,2.5,LOW,100
METROPOLIS.NS,BUY,543.35,4.52,4.46,1.79,532.48,554.22,502.65,645.1,2.5,LOW,100
IXIGO.NS,BUY,189.83,11.53,19.51,3.66,186.03,193.63,172.66,232.77,2.5,LOW,100
BALRAMCHIN.NS,HOLD,534.2,0.41,-2.62,2.06,,,509.36,567.31,1.33,LOW,80
VESUVIUS.NS,HOLD,469.05,-2.76,4.59,1.32,,,450.06,494.37,1.33,LOW,100
WESTLIFE.NS,BUY,486.3,3.97,10.89,2.73,476.57,496.03,448.24,581.46,2.5,LOW,100
RKFORGE.NS,HOLD,563.7,-1.91,0.31,2.01,,,537.39,598.78,1.33,LOW,80
STARCEMENT.NS,HOLD,210.65,-4.04,1.43,1.49,,,203.26,220.5,1.33,LOW,80
GENUSPOWER.NS,BUY,334.0,6.15,7.85,2.32,327.32,340.68,307.46,400.36,2.5,LOW,100
RELINFRA.NS,HOLD,77.48,1.97,-9.74,3.07,,,76.15,79.26,1.33,LOW,100
HEG.NS,HOLD,520.05,-10.8,1.57,1.53,,,497.37,550.29,1.33,LOW,80
PGHL.NS,HOLD,6232.5,9.86,0.41,1.1,,,6064.34,6456.71,1.33,LOW,80
ALKYLAMINE.NS,HOLD,1788.7,6.44,-0.56,3.18,,,1682.03,1930.93,1.33,LOW,80
TEJASNET.NS,BUY,622.75,24.08,8.59,3.38,610.29,635.21,564.08,769.43,2.5,LOW,100
SHAILY.NS,HOLD,2849.7,5.64,-3.05,3.68,,,2646.33,3120.86,1.33,LOW,100
TIMETECHNO.NS,BUY,182.08,1.35,11.6,2.08,178.44,185.72,170.53,210.97,2.5,LOW,100
BANCOINDIA.NS,HOLD,658.85,3.73,-1.51,2.79,,,617.17,714.43,1.33,LOW,80
AVANTIFEED.NS,SELL,962.2,-22.47,-6.95,2.6,,,1055.23,729.63,2.5,LOW,100
IIFLCAPS.NS,HOLD,340.95,1.24,-0.39,0.74,,,333.1,351.42,1.33,LOW,80
ASKAUTOLTD.NS,BUY,464.8,4.08,9.91,1.79,455.5,474.1,439.57,527.87,2.5,LOW,100
MEDPLUS.NS,SELL,835.0,-5.11,-4.66,1.54,,,878.25,726.88,2.5,LOW,100
SHAKTIPUMP.NS,BUY,580.9,7.67,14.56,2.5,569.28,592.52,539.85,683.53,2.5,LOW,100
ABFRL.NS,HOLD,60.12,-4.53,3.23,1.9,,,57.48,63.65,1.33,LOW,100
MMTC.NS,BUY,68.63,2.51,8.82,3.53,67.26,70.0,60.99,87.73,2.5,LOW,100
SUDARSCHEM.NS,HOLD,891.25,-1.59,4.03,2.19,,,839.12,960.75,1.33,LOW,100
RHIM.NS,HOLD,376.2,-4.1,5.03,4.3,,,356.2,402.86,1.33,LOW,100
AEQUS.NS,BUY,228.95,16.29,29.97,4.17,224.37,233.53,200.38,300.37,2.5,LOW,100
JLHL.NS,BUY,1375.3,5.47,4.67,0.87,1347.79,1402.81,1310.04,1538.44,2.5,LOW,100
INDIASHLTR.NS,HOLD,768.75,-1.9,6.97,2.68,,,724.85,827.28,1.33,LOW,100
ASTRAMICRO.NS,BUY,1721.7,33.61,23.3,2.98,1687.27,1756.13,1576.77,2084.02,2.5,LOW,100
TDPOWERSYS.NS,BUY,1255.1,3.41,11.47,4.02,1230.0,1280.2,1119.04,1595.24,2.5,LOW,100
KPIGREEN.NS,HOLD,398.7,-7.19,4.45,1.97,,,381.81,421.22,1.33,LOW,100
TRANSRAILL.NS,HOLD,511.95,-3.33,9.74,1.87,,,490.99,539.9,1.33,LOW,100
BIRLACORPN.NS,BUY,1003.9,2.43,8.14,2.19,983.82,1023.98,938.06,1168.49,2.5,LOW,100
SAPPHIRE.NS,HOLD,180.37,-0.46,8.06,2.27,,,168.65,196.0,1.33,LOW,80
MAPMYINDIA.NS,HOLD,840.65,-7.2,-0.24,2.09,,,785.53,914.14,1.33,LOW,80
UJJIVANSFB.NS,HOLD,56.14,-0.38,5.41,2.01,,,53.54,59.61,1.33,LOW,80
HCG.NS,SELL,600.4,-2.6,-4.61,1.35,,,633.28,518.2,2.5,LOW,100
NESCO.NS,HOLD,1087.8,-8.47,-0.12,1.68,,,1043.68,1146.63,1.33,LOW,80
HAPPYFORGE.NS,BUY,1509.3,8.75,11.95,2.54,1479.11,1539.49,1405.57,1768.62,2.5,LOW,100
HONASA.NS,HOLD,417.7,10.19,0.01,1.64,,,395.07,447.87,1.33,LOW,80
KRBL.NS,BUY,385.35,6.76,11.57,2.34,377.64,393.06,357.06,456.06,2.5,LOW,100
VARROC.NS,BUY,611.65,7.98,8.93,2.52,599.42,623.88,570.35,714.9,2.5,LOW,100
SANSERA.NS,BUY,3146.2,16.09,9.95,2.24,3083.28,3209.12,2926.24,3696.09,2.5,LOW,100
LATENTVIEW.NS,HOLD,297.9,-2.29,4.16,2.56,,,282.45,318.5,1.33,LOW,100
BLUESTONE.NS,BUY,533.15,5.14,3.46,2.37,522.49,543.81,490.09,640.81,2.5,LOW,100
WABAG.NS,BUY,2110.8,34.91,38.5,3.05,2068.58,2153.02,1942.47,2531.62,2.5,LOW,100
LLOYDSENT.NS,BUY,73.17,4.56,13.51,3.4,71.71,74.63,65.68,91.89,2.5,LOW,100
TI.NS,HOLD,433.8,-2.48,1.36,1.85,,,414.57,459.44,1.33,LOW,80
ALOKINDS.NS,HOLD,12.83,-2.56,8.0,1.97,,,12.19,13.68,1.33,LOW,100
SANDUMA.NS,HOLD,207.03,-5.78,0.01,2.28,,,197.5,219.74,1.33,LOW,80
TTKPRESTIG.NS,BUY,570.55,7.6,7.24,1.95,559.14,581.96,535.46,658.26,2.5,LOW,100
DBREALTY.NS,HOLD,112.96,-2.72,3.35,2.85,,,105.0,123.58,1.33,LOW,100
MARKSANS.NS,BUY,256.07,15.76,2.5,2.54,250.95,261.19,232.21,315.71,2.5,LOW,100
TCI.NS,HOLD,928.65,-0.45,0.55,1.49,,,889.4,980.98,1.33,LOW,60
BBOX.NS,HOLD,957.9,11.06,-3.1,2.92,,,870.13,1074.93,1.33,LOW,100
POWERMECH.NS,BUY,2760.1,7.77,6.22,2.61,2704.9,2815.3,2531.56,3331.46,2.5,LOW,100
ORKLAINDIA.NS,HOLD,621.3,-1.36,1.79,1.45,,,595.78,655.33,1.33,LOW,80
SOUTHBANK.NS,HOLD,45.41,7.83,0.2,2.03,,,42.91,48.74,1.33,LOW,80
LOTUSDEV.NS,BUY,150.69,6.65,16.57,2.44,147.68,153.7,139.7,178.16,2.5,LOW,100
JAIBALAJI.NS,HOLD,68.19,-7.99,6.21,2.44,,,63.93,73.87,1.33,LOW,100
SAREGAMA.NS,BUY,480.7,18.93,6.28,2.86,471.09,490.31,444.59,570.97,2.5,LOW,100
JSLL.NS,HOLD,602.25,-6.67,1.44,8.37,,,552.35,668.78,1.33,LOW,80
PCJEWELLER.NS,SELL,8.57,-5.29,-1.95,2.04,,,9.08,7.29,2.5,LOW,80
LUMAXTECH.NS,SELL,1548.9,-6.87,-3.41,2.79,,,1673.46,1237.51,2.5,LOW,100
CORONA.NS,BUY,1893.3,10.04,13.1,1.83,1855.43,1931.17,1715.28,2338.35,2.5,LOW,100
TANLA.NS,HOLD,520.05,-0.18,3.87,1.99,,,497.59,550.0,1.33,LOW,80
MANORAMA.NS,BUY,1573.5,6.62,2.56,1.72,1542.03,1604.97,1455.99,1867.29,2.5,LOW,100
ARVIND.NS,BUY,547.25,18.97,10.95,2.41,536.3,558.2,507.09,647.66,2.5,LOW,100
APOLLO.NS,HOLD,384.4,7.11,0.69,3.89,,,353.2,426.0,1.33,LOW,80
PNGJL.NS,HOLD,532.65,-10.46,-0.87,1.66,,,508.82,564.43,1.33,LOW,80
MAHSEAMLES.NS,HOLD,628.4,-0.94,5.68,1.78,,,600.83,665.16,1.33,LOW,80
HAPPSTMNDS.NS,HOLD,342.45,-6.45,-0.74,1.31,,,328.9,360.51,1.33,LOW,80
CAMPUS.NS,HOLD,237.85,-2.25,2.59,1.66,,,227.24,251.99,1.33,LOW,100
RELIGARE.NS,BUY,274.43,17.6,18.75,1.77,268.94,279.92,256.78,318.57,2.5,LOW,100
GMRP&UI.NS,SELL,99.6,-7.42,-2.34,1.74,,,105.66,84.44,2.5,LOW,100
BECTORFOOD.NS,HOLD,182.67,-2.05,2.94,2.18,,,173.37,195.08,1.33,LOW,100
WEWORK.NS,HOLD,626.55,8.81,-1.93,1.56,,,590.85,674.15,1.33,LOW,80
RCF.NS,BUY,132.62,2.66,6.41,1.8,129.97,135.27,123.87,154.49,2.5,LOW,100
ESABINDIA.NS,HOLD,5760.0,-7.88,2.64,2.1,,,5550.91,6038.79,1.33,LOW,100
VOLTAMP.NS,BUY,10304.0,2.93,8.1,2.27,10097.92,10510.08,9567.0,12146.5,2.5,LOW,100
STAR.NS,HOLD,1082.2,-0.71,9.4,2.71,,,1020.94,1163.89,1.33,LOW,80
GALAXYSURF.NS,BUY,2012.5,10.13,20.09,2.37,1972.25,2052.75,1867.81,2374.21,2.5,LOW,100
MAHLIFE.NS,BUY,361.25,7.67,13.26,1.6,354.02,368.48,340.78,412.43,2.5,LOW,100
GPPL.NS,HOLD,153.81,-1.26,3.09,1.42,,,147.83,161.78,1.33,LOW,100
SHARDACROP.NS,HOLD,876.55,-11.49,0.1,1.98,,,834.48,932.64,1.33,LOW,80
OSWALPUMPS.NS,BUY,431.85,8.16,15.89,3.16,423.21,440.49,394.45,525.35,2.5,LOW,100
DODLA.NS,BUY,1108.7,1.68,3.89,1.54,1086.53,1130.87,1050.04,1255.34,2.5,LOW,100
NETWORK18.NS,HOLD,32.63,-1.18,9.79,3.78,,,30.46,35.52,1.33,LOW,100
DIACABS.NS,BUY,206.28,10.99,6.48,3.6,202.15,210.41,186.51,255.72,2.5,LOW,100
GRWRHITECH.NS,BUY,6688.5,23.53,7.17,2.92,6554.73,6822.27,6165.07,7997.07,2.5,LOW,100
CERA.NS,BUY,6330.5,10.59,8.13,2.65,6203.89,6457.11,5860.5,7505.5,2.5,LOW,100
KIRLPNU.NS,BUY,1899.2,19.59,20.59,4.04,1861.22,1937.18,1683.97,2437.27,2.5,LOW,100
BORORENEW.NS,BUY,615.7,15.76,19.16,2.99,603.39,628.01,570.38,729.0,2.5,LOW,100
KALPATARU.NS,HOLD,307.55,-6.62,-0.89,1.92,,,290.48,330.31,1.33,LOW,80
TRIVENI.NS,BUY,409.8,4.47,7.11,1.9,401.6,418.0,381.18,481.35,2.5,LOW,100
GSFC.NS,HOLD,163.13,-3.46,0.55,1.27,,,157.72,170.34,1.33,LOW,80
GARFIBRES.NS,BUY,728.35,10.41,5.6,3.76,713.78,742.92,668.15,878.85,2.5,LOW,100
ACI.NS,SELL,522.5,-6.48,-1.4,1.84,,,558.56,432.34,2.5,LOW,80
SHILPAMED.NS,BUY,571.6,18.0,6.08,3.27,560.17,583.03,512.93,718.28,2.5,LOW,100
DBL.NS,BUY,459.7,2.76,8.37,1.7,450.51,468.89,433.09,526.22,2.5,LOW,100
MAXESTATES.NS,BUY,443.9,5.03,3.4,1.86,435.02,452.78,416.96,511.26,2.5,LOW,100
THOMASCOOK.NS,BUY,111.5,11.51,3.09,4.06,109.27,113.73,98.44,144.15,2.5,LOW,100
SUDEEPPHRM.NS,BUY,809.2,12.59,10.88,3.92,793.02,825.38,727.87,1012.52,2.5,LOW,100
AARTIPHARM.NS,HOLD,690.7,0.04,10.98,2.63,,,653.48,740.33,1.33,LOW,80
GNFC.NS,BUY,546.85,7.9,11.28,2.31,535.91,557.79,502.96,656.56,2.5,LOW,100
THANGAMAYL.NS,BUY,5594.2,25.73,3.3,4.3,5482.32,5706.08,5085.49,6865.99,2.5,LOW,100
PRSMJOHNSN.NS,HOLD,117.92,-5.44,0.28,1.42,,,113.71,123.54,1.33,LOW,80
RUSTOMJEE.NS,HOLD,384.55,-3.35,1.13,1.67,,,367.24,407.63,1.33,LOW,80
AKUMS.NS,HOLD,609.35,10.13,0.04,2.42,,,574.83,655.37,1.33,LOW,80
AJAXENGG.NS,SELL,533.25,-3.08,-2.75,2.39,,,584.79,404.39,2.5,LOW,100
ETHOSLTD.NS,BUY,2436.9,1.09,3.33,1.49,2388.16,2485.64,2270.04,2854.04,2.5,LOW,100
PNCINFRA.NS,BUY,232.3,8.19,17.36,2.08,227.65,236.95,217.18,270.1,2.5,LOW,100
FDC.NS,BUY,408.3,7.27,7.76,2.44,400.13,416.47,381.24,475.96,2.5,LOW,100
LLOYDSENGG.NS,BUY,84.91,22.37,27.24,4.69,83.21,86.61,74.95,109.81,2.5,LOW,100
REDTAPE.NS,BUY,136.9,3.49,3.78,1.31,134.16,139.64,128.18,158.71,2.5,LOW,100
TMB.NS,HOLD,732.6,3.2,-2.95,2.25,,,690.46,788.79,1.33,LOW,100
TIPSMUSIC.NS,HOLD,637.85,-1.56,0.37,2.1,,,606.49,679.66,1.33,LOW,80
ATLANTAELE.NS,HOLD,1812.0,2.47,-0.72,3.16,,,1646.05,2033.27,1.33,LOW,80
EPIGRAL.NS,HOLD,1106.2,-7.53,4.02,2.61,,,1049.82,1181.37,1.33,LOW,100
INOXGREEN.NS,BUY,204.15,11.89,13.57,2.19,200.07,208.23,186.36,248.62,2.5,LOW,100
SFL.NS,BUY,725.6,18.85,6.65,2.41,711.09,740.11,674.36,853.69,2.5,LOW,100
V2RETAIL.NS,HOLD,221.23,-0.84,2.77,3.33,,,204.44,243.61,1.33,LOW,80
MASTEK.NS,HOLD,1575.2,-4.47,0.04,1.95,,,1500.18,1675.23,1.33,LOW,80
BALUFORGE.NS,HOLD,453.95,-6.2,6.16,2.98,,,426.5,490.55,1.33,LOW,100
MOIL.NS,SELL,279.55,-8.02,-1.1,1.36,,,294.18,242.98,2.5,LOW,80
GANESHHOU.NS,HOLD,755.2,6.63,-0.06,1.98,,,718.38,804.29,1.33,LOW,80
RTNINDIA.NS,SELL,33.88,-4.48,-3.2,3.49,,,36.63,27.02,2.5,LOW,100
PFOCUS.NS,SELL,209.94,-20.63,-7.87,3.23,,,235.62,145.74,2.5,LOW,100
WELENT.NS,BUY,572.45,9.08,4.01,1.74,561.0,583.9,539.29,655.34,2.5,LOW,100
RAYMONDLSL.NS,BUY,794.95,2.24,3.31,2.68,779.05,810.85,734.89,945.09,2.5,LOW,100
ISGEC.NS,HOLD,922.9,-8.28,5.11,2.83,,,879.46,980.81,1.33,LOW,100
PRAJIND.NS,HOLD,348.65,-6.22,6.13,2.68,,,330.76,372.5,1.33,LOW,100
RATEGAIN.NS,BUY,840.95,19.63,8.83,2.56,824.13,857.77,770.23,1017.75,2.5,LOW,100
MIDHANI.NS,HOLD,413.05,0.35,-2.13,3.23,,,385.95,449.18,1.33,LOW,80
KTKBANK.NS,HOLD,265.6,1.17,0.21,2.01,,,252.21,283.46,1.33,LOW,80
YATHARTH.NS,BUY,837.05,2.68,1.36,1.49,820.31,853.79,785.5,965.92,2.5,LOW,80
CSBBANK.NS,SELL,324.6,-11.79,-8.33,2.37,,,347.8,266.6,2.5,LOW,100
EPL.NS,BUY,229.22,2.49,5.63,1.93,224.64,233.8,214.67,265.6,2.5,LOW,100
AURIONPRO.NS,BUY,895.1,7.67,18.95,3.34,877.2,913.0,820.93,1080.53,2.5,LOW,100
JUSTDIAL.NS,BUY,537.7,0.77,1.47,1.33,526.95,548.45,509.34,608.61,2.5,LOW,60
MHRIL.NS,BUY,240.06,2.08,4.06,2.68,235.26,244.86,217.0,297.71,2.5,LOW,100
THYROCARE.NS,HOLD,517.2,9.02,0.87,2.5,,,477.58,570.03,1.33,LOW,80
ARVINDFASN.NS,BUY,469.25,2.62,5.22,1.58,459.87,478.63,435.66,553.21,2.5,LOW,100
EQUITASBNK.NS,BUY,75.14,6.03,5.25,2.19,73.64,76.64,69.54,89.14,2.5,LOW,100
ELLEN.NS,HOLD,269.85,-0.71,4.57,3.54,,,253.28,291.94,1.33,LOW,80
CMSINFO.NS,HOLD,291.1,-3.19,0.76,1.33,,,279.38,306.73,1.33,LOW,80
PGIL.NS,BUY,2071.0,26.39,27.64,3.15,2029.58,2112.42,1881.31,2545.21,2.5,LOW,100
DHANUKA.NS,HOLD,1062.6,-2.21,1.08,1.75,,,1020.03,1119.36,1.33,LOW,80
SYMPHONY.NS,HOLD,682.1,-8.25,3.13,1.5,,,653.94,719.64,1.33,LOW,100
QPOWER.NS,BUY,1255.4,3.86,7.94,2.77,1230.29,1280.51,1130.89,1566.69,2.5,LOW,100
CUPID.NS,BUY,182.61,36.05,17.68,1.59,178.96,186.26,167.0,221.64,2.5,LOW,100
AHLUCONT.NS,BUY,848.1,2.39,7.92,2.31,831.14,865.06,797.67,974.17,2.5,LOW,100
IFBIND.NS,BUY,1278.4,7.09,3.24,2.48,1252.83,1303.97,1186.34,1508.54,2.5,LOW,100
BAJAJELEC.NS,HOLD,322.35,-9.21,5.71,2.04,,,309.34,339.69,1.33,LOW,100
PARKHOSPS.NS,BUY,285.5,10.04,4.48,3.32,279.79,291.21,260.04,349.16,2.5,LOW,100
JKPAPER.NS,SELL,341.9,-7.12,-1.24,1.49,,,359.16,298.74,2.5,LOW,80
PRICOLLTD.NS,BUY,586.7,1.84,6.58,1.75,574.97,598.43,550.19,677.97,2.5,LOW,100
AVALON.NS,BUY,1750.3,24.25,11.61,3.48,1715.29,1785.31,1587.84,2156.44,2.5,LOW,100
SURYAROSNI.NS,BUY,261.56,4.77,4.61,2.26,256.33,266.79,243.11,307.68,2.5,LOW,100
HNDFDS.NS,BUY,559.75,6.65,5.75,1.85,548.55,570.95,523.41,650.59,2.5,LOW,100
PURVA.NS,HOLD,212.97,-1.87,4.71,1.84,,,202.26,227.25,1.33,LOW,100
UTLSOLAR.NS,BUY,309.5,4.54,1.68,3.44,303.31,315.69,273.89,398.52,2.5,LOW,80
AVL.NS,BUY,660.5,20.19,26.69,2.52,647.29,673.71,602.1,806.5,2.5,LOW,100
RTNPOWER.NS,HOLD,9.12,-4.78,1.56,1.81,,,8.7,9.68,1.33,LOW,80
RENUKA.NS,HOLD,22.4,-10.01,3.32,2.61,,,21.21,23.98,1.33,LOW,100
GREENLAM.NS,BUY,260.67,11.07,7.93,1.91,255.46,265.88,241.26,309.2,2.5,LOW,100
SUPRAJIT.NS,BUY,468.4,5.83,4.76,1.81,459.03,477.77,440.66,537.74,2.5,LOW,100
JAYNECOIND.NS,SELL,85.76,-14.28,-1.78,2.7,,,94.28,64.46,2.5,LOW,80
VMART.NS,BUY,762.1,13.17,9.21,2.28,746.86,777.34,699.85,917.72,2.5,LOW,100
IONEXCHANG.NS,BUY,398.65,3.44,20.95,2.82,390.68,406.62,365.96,480.36,2.5,LOW,100
SUNTECK.NS,BUY,319.0,1.45,16.55,2.72,312.62,325.38,294.63,379.93,2.5,LOW,100
JUNIPER.NS,HOLD,196.7,-2.84,1.95,1.93,,,185.91,211.09,1.33,LOW,80
WAKEFIT.NS,HOLD,119.83,-8.33,5.37,3.0,,,110.68,132.03,1.33,LOW,100
HGINFRA.NS,HOLD,567.5,-4.52,4.12,1.81,,,541.91,601.62,1.33,LOW,100
ICRA.NS,HOLD,5346.0,0.47,5.67,1.24,,,5152.88,5603.5,1.33,LOW,80
SUBROS.NS,BUY,835.45,10.52,18.98,3.87,818.74,852.16,764.91,1011.79,2.5,LOW,100
AXISCADES.NS,SELL,1691.0,-12.96,-9.76,3.65,,,1888.4,1197.5,2.5,LOW,100
CRAMC.NS,HOLD,247.61,-1.87,2.88,1.65,,,236.45,262.48,1.33,LOW,100
RALLIS.NS,HOLD,227.52,-7.65,2.1,1.55,,,218.59,239.43,1.33,LOW,100
GOKEX.NS,BUY,854.75,19.3,30.39,2.81,837.65,871.85,788.56,1020.23,2.5,LOW,100
MTARTECH.NS,BUY,7976.5,14.87,26.49,5.97,7816.97,8136.03,6874.21,10732.21,2.5,LOW,100
GULFOILLUB.NS,BUY,1085.5,12.69,19.27,2.27,1063.79,1107.21,1026.49,1233.04,2.5,LOW,100
CHEMPLASTS.NS,HOLD,203.56,-8.83,3.59,3.32,,,187.64,224.79,1.33,LOW,100
ASHAPURMIN.NS,HOLD,671.3,0.46,-1.02,3.87,,,633.26,722.02,1.33,LOW,60
SWSOLAR.NS,BUY,246.68,18.34,27.72,2.99,241.75,251.61,223.9,303.63,2.5,LOW,100
SHARDAMOTR.NS,HOLD,829.75,-2.25,8.24,1.73,,,792.2,879.81,1.33,LOW,100
PICCADIL.NS,SELL,564.75,-4.8,-1.92,1.01,,,591.97,496.7,2.5,LOW,80
INDIAGLYCO.NS,HOLD,955.45,-4.57,1.14,1.62,,,912.95,1012.11,1.33,LOW,80
MANINFRA.NS,SELL,104.38,-9.14,-5.26,2.64,,,113.67,81.15,2.5,LOW,100
VIPIND.NS,BUY,312.45,1.31,4.87,3.53,306.2,318.7,291.97,363.65,2.5,LOW,100
ELECTCAST.NS,HOLD,78.6,-2.34,13.34,3.07,,,73.34,85.61,1.33,LOW,100
TIIL.NS,BUY,2559.0,1.75,1.73,2.3,2507.82,2610.18,2404.31,2945.71,2.5,LOW,80
PILANIINVS.NS,HOLD,4397.6,-3.18,4.49,1.43,,,4267.22,4571.44,1.33,LOW,100
SMARTWORKS.NS,BUY,489.55,9.0,11.17,1.97,479.76,499.34,453.08,580.73,2.5,LOW,100
IMFA.NS,SELL,1327.0,-9.52,-3.71,2.51,,,1431.31,1066.21,2.5,LOW,100
SUPRIYA.NS,HOLD,928.15,15.96,-0.94,6.31,,,858.82,1020.59,1.33,LOW,80
PARAS.NS,BUY,1233.75,34.18,24.73,6.01,1209.08,1258.42,1058.26,1672.48,2.5,LOW,100
GHCL.NS,HOLD,429.1,-6.4,5.07,1.81,,,411.8,452.16,1.33,LOW,100
SAATVIKGL.NS,BUY,475.35,2.73,2.69,2.08,465.84,484.86,435.63,574.65,2.5,LOW,100
EMUDHRA.NS,SELL,440.75,-7.61,-5.85,1.41,,,468.34,371.77,2.5,LOW,100
MASFIN.NS,HOLD,311.95,-1.82,7.13,1.91,,,297.63,331.05,1.33,LOW,100
TEXRAIL.NS,BUY,110.0,1.58,8.96,2.16,107.8,112.2,102.77,128.08,2.5,LOW,100
SKIPPER.NS,BUY,533.15,6.55,2.37,2.61,522.49,543.81,491.03,638.45,2.5,LOW,100
RAJESHEXPO.NS,HOLD,97.02,-11.22,20.63,4.83,,,89.77,106.68,1.33,LOW,100
STLTECH.NS,BUY,613.35,33.29,7.91,4.17,601.08,625.62,539.94,796.87,2.5,LOW,100
SENCO.NS,SELL,323.55,-3.75,-1.37,1.95,,,347.33,264.1,2.5,LOW,80
FISCHER.NS,BUY,36.96,1.92,6.12,3.77,36.22,37.7,33.08,46.67,2.5,LOW,100
STYL.NS,BUY,308.75,16.42,18.54,2.34,302.57,314.93,286.48,364.43,2.5,LOW,100
KSCL.NS,BUY,925.6,1.04,6.38,2.92,907.09,944.11,857.6,1095.6,2.5,LOW,100
ICIL.NS,BUY,426.4,35.0,31.56,5.46,417.87,434.93,383.21,534.38,2.5,LOW,100
SHOPERSTOP.NS,HOLD,356.4,5.78,-2.21,1.97,,,333.65,386.73,1.33,LOW,100
INDIGOPNTS.NS,BUY,1006.25,5.69,5.64,2.03,986.12,1026.38,936.06,1181.73,2.5,LOW,100
FIEMIND.NS,HOLD,2229.1,-0.94,-0.79,1.91,,,2139.88,2348.06,1.33,LOW,60
TVSSCS.NS,BUY,131.49,8.56,9.36,3.65,128.86,134.12,119.18,162.27,2.5,LOW,100
RESPONIND.NS,BUY,193.48,12.33,17.67,3.65,189.61,197.35,174.71,240.41,2.5,LOW,100
BANSALWIRE.NS,BUY,314.9,2.08,8.92,2.45,308.6,321.2,291.72,372.85,2.5,LOW,100
LXCHEM.NS,BUY,155.99,2.24,5.56,3.39,152.87,159.11,143.74,186.63,2.5,LOW,100
CRIZAC.NS,SELL,201.39,-6.04,-2.68,1.98,,,216.65,163.24,2.5,LOW,100
AGI.NS,BUY,688.7,11.01,11.49,2.28,674.93,702.47,637.22,817.4,2.5,LOW,100
CAPILLARY.NS,HOLD,507.55,-3.54,2.02,0.99,,,479.78,544.57,1.33,LOW,100
KNRCON.NS,BUY,134.2,3.97,13.87,2.84,131.52,136.88,123.06,162.05,2.5,LOW,100
UNIMECH.NS,BUY,1135.4,10.03,5.44,4.33,1112.69,1158.11,1002.09,1468.69,2.5,LOW,100
GMMPFAUDLR.NS,HOLD,804.55,-4.41,8.99,1.85,,,772.71,847.0,1.33,LOW,100
ASHOKA.NS,BUY,131.03,1.14,13.79,2.87,128.41,133.65,120.19,158.13,2.5,LOW,100
DYNAMATECH.NS,HOLD,10232.0,-6.46,3.54,2.67,,,9648.61,11009.86,1.33,LOW,100
E2E.NS,BUY,412.3,15.72,11.73,4.36,404.05,420.55,363.16,535.16,2.5,LOW,100
GOKULAGRO.NS,SELL,217.58,-5.03,-5.62,1.63,,,233.88,176.82,2.5,LOW,100
FEDFINA.NS,HOLD,148.37,-3.47,-0.4,2.58,,,139.2,160.6,1.33,LOW,80
OPTIEMUS.NS,BUY,469.3,10.1,13.54,3.72,459.91,478.69,426.64,575.94,2.5,LOW,100
KINGFA.NS,HOLD,5059.0,-0.92,-0.24,1.47,,,4808.55,5392.93,1.33,LOW,60
KRN.NS,HOLD,1191.0,-0.81,-0.85,3.29,,,1107.86,1301.86,1.33,LOW,60
DATAMATICS.NS,BUY,799.8,4.04,6.14,2.34,783.8,815.8,751.51,920.53,2.5,LOW,100
WEBELSOLAR.NS,HOLD,101.48,-5.39,1.51,2.43,,,95.81,109.04,1.33,LOW,80
EMIL.NS,BUY,119.14,3.67,17.31,2.54,116.76,121.52,109.17,144.06,2.5,LOW,100
PTC.NS,HOLD,181.8,-7.13,-0.74,2.26,,,172.7,193.93,1.33,LOW,80
ROUTE.NS,HOLD,525.0,0.05,3.03,2.34,,,498.82,559.9,1.33,LOW,80
ITDC.NS,BUY,599.35,2.46,3.53,4.83,587.36,611.34,542.83,740.65,2.5,LOW,100
RSYSTEMS.NS,HOLD,249.6,-7.11,2.65,2.37,,,235.22,268.77,1.33,LOW,100
ZAGGLE.NS,HOLD,205.6,-9.56,5.6,2.25,,,194.29,220.68,1.33,LOW,100
GAEL.NS,HOLD,158.27,0.03,1.89,1.58,,,151.26,167.61,1.33,LOW,60
ORIANA.NS,HOLD,1595.45,-14.04,1.62,2.91,,,1494.9,1729.51,1.33,LOW,80
SIS.NS,BUY,435.4,10.94,1.57,1.78,426.69,444.11,397.01,531.36,2.5,LOW,80
PDSL.NS,BUY,360.15,18.75,19.91,2.33,352.95,367.35,329.77,436.1,2.5,LOW,100
SMLMAH.NS,BUY,4092.9,6.47,11.01,2.25,4011.04,4174.76,3804.54,4813.79,2.5,LOW,100
HCC.NS,BUY,26.76,16.97,23.43,3.65,26.22,27.3,23.98,33.7,2.5,LOW,100
VRLLOG.NS,HOLD,239.58,-2.45,4.32,1.84,,,229.75,252.69,1.33,LOW,100
ENTERO.NS,HOLD,1180.4,-1.2,5.74,2.32,,,1121.86,1258.46,1.33,LOW,100
SUNFLAG.NS,HOLD,345.15,-1.63,2.97,3.54,,,322.11,375.87,1.33,LOW,100
SWARAJENG.NS,BUY,3954.0,2.52,7.25,1.19,3874.92,4033.08,3810.19,4313.54,2.5,LOW,100
JSFB.NS,SELL,448.5,-3.6,-3.09,1.64,,,477.51,375.96,2.5,LOW,100
JKIL.NS,BUY,503.65,0.84,9.25,1.8,493.58,513.72,474.94,575.42,2.5,LOW,80
CARERATING.NS,BUY,1653.1,0.79,4.26,1.65,1620.04,1686.16,1556.13,1895.53,2.5,LOW,80
MIDWESTLTD.NS,HOLD,1289.8,0.31,6.45,1.62,,,1229.29,1370.49,1.33,LOW,80
ANUP.NS,BUY,2297.9,13.08,27.75,3.26,2251.94,2343.86,2100.63,2791.08,2.5,LOW,100
GREAVESCOT.NS,BUY,214.09,20.75,21.44,3.06,209.81,218.37,195.13,261.48,2.5,LOW,100
SUVEN.NS,BUY,267.25,10.12,1.56,4.56,261.9,272.6,235.96,345.46,2.5,LOW,80
LGBBROSLTD.NS,HOLD,1587.4,-1.54,7.6,1.67,,,1520.21,1676.99,1.33,LOW,100
SKYGOLD.NS,BUY,499.15,3.57,1.71,3.87,489.17,509.13,452.17,616.6,2.5,LOW,80
REFEX.NS,BUY,348.95,20.93,17.87,3.01,341.97,355.93,320.39,420.36,2.5,LOW,100
TARC.NS,HOLD,123.77,-5.81,2.1,2.13,,,116.6,133.33,1.33,LOW,100
NIITMTS.NS,HOLD,227.43,-11.86,7.3,2.99,,,212.3,247.6,1.33,LOW,100
DBCORP.NS,HOLD,199.55,-5.07,0.09,0.95,,,193.73,207.31,1.33,LOW,80
INNOVACAP.NS,HOLD,941.35,10.35,-0.99,1.87,,,881.03,1021.78,1.33,LOW,80
NEPHROPLUS.NS,HOLD,657.95,5.63,-12.43,3.27,,,600.03,735.17,1.33,LOW,100
BALAMINES.NS,HOLD,1989.0,15.02,-3.16,4.79,,,1824.88,2207.83,1.33,LOW,100
NACLIND.NS,BUY,205.0,22.14,28.64,5.19,200.9,209.1,178.16,272.11,2.5,LOW,100
DCBBANK.NS,BUY,186.15,2.47,7.64,1.56,182.43,189.87,175.83,211.95,2.5,LOW,100
SJS.NS,BUY,2141.4,9.24,2.42,1.98,2098.57,2184.23,1985.62,2530.84,2.5,LOW,100
BOSCH-HCIL.NS,HOLD,1370.4,-1.01,3.68,2.96,,,1283.57,1486.17,1.33,LOW,100
NFL.NS,HOLD,75.18,-1.56,1.72,1.62,,,71.64,79.9,1.33,LOW,80
SPARC.NS,BUY,224.92,19.16,10.2,3.7,220.42,229.42,199.95,287.34,2.5,LOW,100
INDIQUBE.NS,BUY,169.82,2.57,13.07,2.19,166.42,173.22,153.8,209.86,2.5,LOW,100
BANARISUG.NS,SELL,3377.9,-6.36,-6.27,0.88,,,3499.54,3073.79,2.5,LOW,100
SHREEJISPG.NS,BUY,481.15,9.44,6.21,2.39,471.53,490.77,447.96,564.13,2.5,LOW,100
SHILCTECH.NS,BUY,4516.8,2.57,18.15,2.69,4426.46,4607.14,4138.79,5461.84,2.5,LOW,100
VSTTILLERS.NS,HOLD,4483.1,-6.96,2.98,1.59,,,4292.38,4737.4,1.33,LOW,100
INDRAMEDCO.NS,HOLD,385.45,-1.65,2.3,2.23,,,366.07,411.29,1.33,LOW,100
PACEDIGITK.NS,BUY,200.03,8.15,8.49,4.17,196.03,204.03,182.13,244.79,2.5,LOW,100
VSTIND.NS,BUY,261.1,0.94,1.87,0.71,255.88,266.32,251.48,285.15,2.5,LOW,60
RAIN.NS,HOLD,185.49,12.27,-4.73,3.75,,,168.91,207.6,1.33,LOW,100
SAMHI.NS,BUY,179.85,11.07,12.6,1.85,176.25,183.45,167.47,210.79,2.5,LOW,100
HEIDELBERG.NS,HOLD,154.93,-0.67,5.8,1.2,,,150.01,161.49,1.33,LOW,80
CEIGALL.NS,BUY,382.2,9.37,3.31,1.87,374.56,389.84,349.81,463.16,2.5,LOW,100
SGMART.NS,BUY,588.7,1.31,1.92,2.39,576.93,600.47,541.84,705.86,2.5,LOW,80
HERITGFOOD.NS,HOLD,336.8,-0.46,6.94,1.68,,,321.89,356.69,1.33,LOW,80
STYRENIX.NS,BUY,2334.4,3.3,10.3,1.69,2287.71,2381.09,2190.57,2693.97,2.5,LOW,100
ORIENTCEM.NS,HOLD,133.92,-3.27,3.5,1.84,,,128.73,140.84,1.33,LOW,100
AARTIDRUGS.NS,HOLD,372.7,-1.23,1.35,1.35,,,356.93,393.72,1.33,LOW,80
ORIENTELEC.NS,HOLD,177.95,-3.32,2.18,1.66,,,170.19,188.29,1.33,LOW,100
GUJTHEM.NS,BUY,393.5,4.03,2.66,2.51,385.63,401.37,360.39,476.29,2.5,LOW,100
GOPAL.NS,HOLD,280.05,-3.53,-0.41,0.8,,,268.29,295.73,1.33,LOW,80
BHARATRAS.NS,HOLD,1368.5,-4.03,-0.01,1.66,,,1306.34,1451.39,1.33,LOW,80
RBA.NS,BUY,79.38,16.37,16.65,2.33,77.79,80.97,74.4,91.84,2.5,LOW,100
LUMAXIND.NS,HOLD,5291.5,-1.46,3.33,2.09,,,5074.54,5580.79,1.33,LOW,100
ZOTA.NS,BUY,1389.5,11.29,16.12,2.92,1361.71,1417.29,1281.74,1658.89,2.5,LOW,100
AVANTEL.NS,BUY,171.83,5.14,9.47,2.91,168.39,175.27,155.8,211.89,2.5,LOW,100
EIEL.NS,BUY,218.55,8.36,23.34,3.63,214.18,222.92,198.55,268.56,2.5,LOW,100
HUBTOWN.NS,BUY,209.79,1.71,16.26,2.82,205.59,213.99,191.37,255.85,2.5,LOW,100
KITEX.NS,BUY,162.43,0.54,13.99,3.36,159.18,165.68,147.19,200.53,2.5,LOW,80
RAYMONDREL.NS,BUY,624.55,12.2,11.01,3.13,612.06,637.04,554.88,798.73,2.5,LOW,100
SANATHAN.NS,BUY,444.9,4.2,8.76,1.87,436.0,453.8,409.69,532.92,2.5,LOW,100
NORTHARC.NS,BUY,288.1,2.91,3.76,2.59,282.34,293.86,264.34,347.49,2.5,LOW,100
JAMNAAUTO.NS,BUY,130.79,6.03,14.09,2.55,128.17,133.41,122.05,152.64,2.5,LOW,100
GUJALKALI.NS,HOLD,623.7,-10.27,0.96,1.88,,,585.79,674.25,1.33,LOW,80
DCAL.NS,SELL,170.02,-7.47,-3.64,2.29,,,185.67,130.89,2.5,LOW,100
AWFIS.NS,HOLD,304.85,-8.2,5.59,2.35,,,286.67,329.09,1.33,LOW,100
MOSCHIP.NS,HOLD,204.46,-2.32,1.69,2.92,,,191.69,221.49,1.33,LOW,80
RAMKY.NS,SELL,404.45,-12.57,-2.55,2.24,,,433.46,331.91,2.5,LOW,100
GOLDIAM.NS,BUY,464.85,11.39,9.69,3.81,455.55,474.15,414.47,590.8,2.5,LOW,100
JTEKTINDIA.NS,BUY,134.8,2.49,11.62,2.19,132.1,137.5,124.3,161.04,2.5,LOW,100
HEMIPROP.NS,HOLD,139.55,-0.18,2.79,2.14,,,133.22,147.99,1.33,LOW,80
63MOONS.NS,HOLD,669.5,-1.07,4.22,1.51,,,633.89,716.99,1.33,LOW,100
KIRLOSIND.NS,BUY,3928.3,18.89,28.53,4.81,3849.73,4006.87,3449.36,5125.66,2.5,LOW,100
SHANTIGEAR.NS,HOLD,441.2,-2.58,0.22,0.62,,,428.7,457.87,1.33,LOW,80
SINDHUTRAD.NS,BUY,24.99,1.29,2.63,1.85,24.49,25.49,22.9,30.23,2.5,LOW,100
BOROLTD.NS,BUY,237.31,0.93,9.08,1.51,232.56,242.06,223.21,272.55,2.5,LOW,80
MARATHON.NS,HOLD,405.1,-11.38,4.33,2.26,,,382.53,435.19,1.33,LOW,100
CAMLINFINE.NS,BUY,136.37,7.88,9.34,4.65,133.64,139.1,121.33,173.97,2.5,LOW,100
UFLEX.NS,BUY,426.45,2.07,5.73,1.79,417.92,434.98,398.28,496.87,2.5,LOW,100
VAIBHAVGBL.NS,BUY,232.9,3.15,4.82,2.33,228.24,237.56,214.68,278.45,2.5,LOW,100
UEL.NS,SELL,132.93,-10.41,-7.39,2.64,,,147.73,95.93,2.5,LOW,100
RPGLIFE.NS,BUY,2276.4,2.2,3.49,1.86,2230.87,2321.93,2108.94,2695.04,2.5,LOW,100
RAYMOND.NS,BUY,592.3,14.69,6.71,2.24,580.45,604.15,546.57,706.62,2.5,LOW,100
ORCHPHARMA.NS,BUY,963.3,26.9,13.87,3.66,944.03,982.57,843.05,1263.92,2.5,LOW,100
LUXIND.NS,SELL,1220.0,-12.66,-3.13,2.03,,,1310.19,994.54,2.5,LOW,100
MPSLTD.NS,BUY,1815.1,3.11,2.73,1.89,1778.8,1851.4,1712.64,2071.24,2.5,LOW,100
MCLOUD.NS,BUY,27.13,2.99,21.17,6.56,26.59,27.67,22.21,39.42,2.5,LOW,100
TRUALT.NS,SELL,467.65,-3.29,-6.22,1.91,,,511.65,357.65,2.5,LOW,100
AJMERA.NS,BUY,131.47,5.64,17.94,4.87,128.84,134.1,115.8,170.65,2.5,LOW,100
GOODLUCK.NS,BUY,1404.7,5.56,8.97,2.57,1376.61,1432.79,1298.81,1669.41,2.5,LOW,100
VADILALIND.NS,BUY,6377.1,26.51,7.34,2.93,6249.56,6504.64,5933.79,7485.39,2.5,LOW,100
EBGNG.NS,BUY,565.75,29.41,35.17,4.47,554.43,577.07,504.19,719.66,2.5,LOW,100
QUESS.NS,BUY,251.1,15.62,3.71,2.41,246.08,256.12,234.31,293.07,2.5,LOW,100
WONDERLA.NS,HOLD,495.8,-0.09,6.49,1.31,,,476.1,522.06,1.33,LOW,80
GREENPLY.NS,BUY,303.46,13.54,3.75,2.34,297.39,309.53,282.06,356.96,2.5,LOW,100
NEOGEN.NS,HOLD,1874.8,5.43,-7.59,2.57,,,1742.55,2051.13,1.33,LOW,100
INTERARCH.NS,BUY,1925.2,1.59,11.81,2.09,1886.7,1963.7,1806.96,2220.81,2.5,LOW,100
PRECWIRE.NS,BUY,420.35,2.47,8.34,3.47,411.94,428.76,380.2,520.73,2.5,LOW,100
KOLTEPATIL.NS,HOLD,368.35,-1.87,6.74,1.59,,,350.7,391.89,1.33,LOW,100
JINDWORLD.NS,BUY,30.84,9.52,11.74,3.56,30.22,31.46,27.3,39.68,2.5,LOW,100
MBAPL.NS,BUY,576.7,6.19,3.17,1.44,565.17,588.23,543.31,660.16,2.5,LOW,100
ARSSBL.NS,HOLD,541.15,-1.69,6.92,2.14,,,514.71,576.41,1.33,LOW,100
MEDIASSIST.NS,HOLD,363.15,-0.85,4.68,2.13,,,342.4,390.82,1.33,LOW,80
NPST.NS,BUY,1584.9,22.24,3.52,5.12,1553.2,1616.6,1375.04,2109.54,2.5,LOW,100
CENTUM.NS,BUY,3562.3,11.35,5.09,3.03,3491.05,3633.55,3225.8,4403.55,2.5,LOW,100
HARSHA.NS,BUY,416.25,2.86,5.46,1.97,407.93,424.57,385.24,493.79,2.5,LOW,100
GOCOLORS.NS,BUY,403.5,25.22,17.62,4.88,395.43,411.57,351.87,532.57,2.5,LOW,100
NSIL.NS,HOLD,5503.0,-2.65,1.73,1.23,,,5308.21,5762.71,1.33,LOW,80
GKENERGY.NS,BUY,146.37,10.33,8.89,3.75,143.44,149.3,129.59,188.33,2.5,LOW,100
INDOSTAR.NS,BUY,258.43,16.36,10.44,2.95,253.26,263.6,233.01,321.98,2.5,LOW,100
KSL.NS,HOLD,818.7,-0.55,4.93,1.8,,,782.06,867.56,1.33,LOW,80
ROLEXRINGS.NS,BUY,148.07,2.47,8.25,1.44,145.11,151.03,141.7,163.99,2.5,LOW,100
ADVENZYMES.NS,SELL,348.35,-3.09,-3.61,2.26,,,375.77,279.8,2.5,LOW,100
SHAREINDIA.NS,HOLD,135.19,-3.63,6.48,2.24,,,128.34,144.33,1.33,LOW,100
POCL.NS,HOLD,1317.3,-1.58,11.31,2.53,,,1245.73,1412.73,1.33,LOW,100
GUFICBIO.NS,BUY,361.65,12.28,2.39,2.98,354.42,368.88,325.42,452.22,2.5,LOW,100
UNICHEMLAB.NS,HOLD,433.0,11.88,-6.4,4.39,,,388.95,491.74,1.33,LOW,100
MSTCLTD.NS,BUY,647.4,30.7,15.45,6.33,634.45,660.35,560.77,863.97,2.5,LOW,100
ROSSARI.NS,BUY,534.85,3.74,9.45,2.63,524.15,545.55,488.69,650.24,2.5,LOW,100
JUBLCPL.NS,BUY,2023.0,11.67,10.81,2.91,1982.54,2063.46,1877.87,2385.82,2.5,LOW,100
CYIENTDLM.NS,BUY,465.0,9.46,7.68,2.77,455.7,474.3,426.84,560.41,2.5,LOW,100
SUNCLAY.NS,HOLD,1329.1,-4.16,0.67,1.43,,,1258.95,1422.63,1.33,LOW,80
RPEL.NS,BUY,1171.35,26.39,1.45,3.22,1147.92,1194.78,1070.04,1424.63,2.5,LOW,80
BALMLAWRIE.NS,HOLD,179.27,-2.19,5.21,1.61,,,172.03,188.93,1.33,LOW,100
ARTEMISMED.NS,HOLD,261.1,0.38,2.49,1.79,,,247.68,278.99,1.33,LOW,80
PRINCEPIPE.NS,BUY,280.55,5.01,3.72,2.69,274.94,286.16,257.98,336.98,2.5,LOW,100
JISLJALEQS.NS,BUY,34.98,9.18,18.1,2.92,34.28,35.68,31.94,42.59,2.5,LOW,100
PITTIENG.NS,BUY,978.8,2.85,5.22,2.2,959.22,998.38,904.37,1164.87,2.5,LOW,100
FOSECOIND.NS,BUY,5191.4,5.39,11.72,2.13,5087.57,5295.23,4792.54,6188.54,2.5,LOW,100
DPABHUSHAN.NS,HOLD,953.25,-2.97,7.41,1.52,,,908.38,1013.07,1.33,LOW,100
SSWL.NS,BUY,229.87,5.9,1.79,2.93,225.27,234.47,210.92,277.25,2.5,LOW,80
BHAGCHEM.NS,BUY,281.91,10.57,9.55,4.12,276.27,287.55,247.58,367.75,2.5,LOW,100
BAJAJCON.NS,BUY,578.45,7.77,2.15,2.56,566.88,590.02,525.31,711.29,2.5,LOW,100
NAVNETEDUL.NS,HOLD,141.46,-0.74,1.27,1.62,,,135.43,149.5,1.33,LOW,60
INDOTHAI.NS,SELL,231.58,-11.56,-1.75,3.05,,,258.61,164.02,2.5,LOW,80
GREENPANEL.NS,HOLD,195.61,-3.48,2.59,2.9,,,184.38,210.58,1.33,LOW,100
BBL.NS,HOLD,2820.8,-0.06,4.66,1.75,,,2690.5,2994.53,1.33,LOW,80
PROTEAN.NS,BUY,597.1,2.59,1.61,2.73,585.16,609.04,551.17,711.92,2.5,LOW,80
VISHNU.NS,BUY,608.4,2.03,5.31,2.55,596.23,620.57,566.31,713.61,2.5,LOW,100
SAMBHV.NS,HOLD,110.69,-1.87,6.65,1.95,,,104.23,119.3,1.33,LOW,100
BOMDYEING.NS,BUY,131.37,5.65,7.38,2.07,128.74,134.0,120.75,157.91,2.5,LOW,100
SWANDEF.NS,BUY,2215.6,13.67,12.28,2.43,2171.29,2259.91,2029.41,2681.06,2.5,LOW,100
PARAGMILK.NS,BUY,233.81,3.92,1.35,2.75,229.13,238.49,215.93,278.51,2.5,LOW,80
SENORES.NS,BUY,1269.7,19.79,9.39,3.8,1244.31,1295.09,1138.54,1597.59,2.5,LOW,100
HLEGLAS.NS,BUY,380.45,9.99,5.58,4.32,372.84,388.06,347.01,464.04,2.5,LOW,100
HIKAL.NS,BUY,214.93,8.61,22.02,3.87,210.63,219.23,196.94,259.91,2.5,LOW,100
FLAIR.NS,SELL,265.2,-13.27,-1.21,2.25,,,286.39,212.24,2.5,LOW,80
KIRIINDUS.NS,SELL,386.9,-3.88,-1.35,2.07,,,416.55,312.77,2.5,LOW,80
KKCL.NS,BUY,504.55,9.29,17.31,1.83,494.46,514.64,475.28,577.73,2.5,LOW,100
MAHLOG.NS,HOLD,368.0,-1.52,10.81,2.17,,,347.52,395.3,1.33,LOW,100
EPACK.NS,HOLD,233.85,-3.93,5.36,3.19,,,218.64,254.13,1.33,LOW,100
ARKADE.NS,BUY,123.12,5.1,10.7,2.37,120.66,125.58,116.33,140.09,2.5,LOW,100
PSPPROJECT.NS,BUY,988.3,18.91,12.58,3.69,968.53,1008.07,898.71,1212.28,2.5,LOW,100
STYLAMIND.NS,BUY,3326.2,21.16,8.82,2.1,3259.68,3392.72,3083.81,3932.16,2.5,LOW,100
KRISHANA.NS,BUY,724.6,8.59,8.77,2.21,710.11,739.09,679.99,836.12,2.5,LOW,100
PARKHOTELS.NS,BUY,122.23,0.88,8.52,2.02,119.79,124.67,114.15,142.43,2.5,LOW,80
GATEWAY.NS,BUY,58.65,1.44,3.06,2.0,57.48,59.82,54.01,70.25,2.5,LOW,100
PRABHA.NS,SELL,153.39,-4.86,-1.34,1.55,,,163.5,128.11,2.5,LOW,80
IMAGICAA.NS,BUY,49.18,8.78,21.04,3.07,48.2,50.16,44.51,60.86,2.5,LOW,100
JASH.NS,BUY,550.3,26.89,23.8,3.93,539.29,561.31,498.7,679.3,2.5,LOW,100
GLOBUSSPR.NS,HOLD,866.5,-7.29,3.63,1.39,,,832.22,912.21,1.33,LOW,100
PAISALO.NS,BUY,59.34,14.95,1.42,1.91,58.15,60.53,55.7,68.44,2.5,LOW,80
DDEVPLSTIK.NS,BUY,272.43,9.45,10.06,2.5,266.98,277.88,250.04,328.4,2.5,LOW,100
PATELENG.NS,BUY,33.87,20.64,29.27,3.57,33.19,34.55,30.66,41.88,2.5,LOW,100
PENIND.NS,HOLD,162.3,0.1,9.79,2.51,,,154.38,172.86,1.33,LOW,80
WSTCSTPAPR.NS,HOLD,496.85,-0.23,2.52,2.04,,,475.16,525.77,1.33,LOW,80
GANECOS.NS,SELL,889.9,-9.48,-2.13,1.9,,,952.94,732.31,2.5,LOW,100
KDDL.NS,BUY,3170.4,19.46,12.75,3.23,3106.99,3233.81,2869.47,3922.72,2.5,LOW,100
MAITHANALL.NS,BUY,1012.8,0.78,6.63,3.25,992.54,1033.06,914.07,1259.62,2.5,LOW,80
POLYPLEX.NS,BUY,984.3,6.96,10.94,2.38,964.61,1003.99,911.45,1166.42,2.5,LOW,100
DEEPINDS.NS,SELL,474.8,-1.84,-5.72,2.43,,,513.19,378.84,2.5,LOW,100
SAGCEM.NS,HOLD,178.32,-0.79,6.44,1.76,,,170.76,188.4,1.33,LOW,80
SIYSIL.NS,BUY,645.3,9.22,7.4,2.28,632.39,658.21,595.48,769.85,2.5,LOW,100
EUROPRATIK.NS,BUY,275.3,4.28,8.66,2.57,269.79,280.81,251.98,333.6,2.5,LOW,100
HPL.NS,BUY,366.15,0.67,7.44,3.62,358.83,373.47,330.19,456.06,2.5,LOW,80
EASEMYTRIP.NS,SELL,7.2,-7.31,-13.36,5.47,,,8.15,4.81,2.5,LOW,100
ASHIANA.NS,BUY,385.05,6.76,7.8,2.25,377.35,392.75,354.1,462.42,2.5,LOW,100
TCPLPACK.NS,BUY,2997.3,12.2,22.09,3.07,2937.35,3057.25,2725.06,3677.91,2.5,LOW,100
BRIGHOTEL.NS,HOLD,63.54,-0.38,2.38,1.3,,,60.43,67.69,1.33,LOW,80
SANDHAR.NS,HOLD,683.95,13.39,-6.9,2.25,,,634.2,750.29,1.33,LOW,100
SHK.NS,HOLD,134.75,-1.88,10.38,2.74,,,126.56,145.67,1.33,LOW,100
TFCILTD.NS,BUY,78.44,4.42,6.06,1.49,76.87,80.01,72.92,92.25,2.5,LOW,100
RAMRAT.NS,HOLD,404.4,-2.82,10.25,3.27,,,380.26,436.59,1.33,LOW,100
SUNDROP.NS,HOLD,661.75,-0.21,1.41,1.88,,,627.53,707.37,1.33,LOW,60
EFCIL.NS,HOLD,186.08,-1.05,-0.47,2.72,,,174.09,202.07,1.33,LOW,80
ORISSAMINE.NS,HOLD,3929.8,-4.34,1.96,2.06,,,3723.34,4205.09,1.33,LOW,80
VEEDOL.NS,BUY,1467.8,1.62,4.52,1.42,1438.44,1497.16,1387.23,1669.23,2.5,LOW,100
TEAMLEASE.NS,BUY,1450.2,7.09,2.57,0.81,1421.2,1479.2,1394.14,1590.34,2.5,LOW,100
AGIIL.NS,HOLD,370.25,-0.99,0.37,3.29,,,344.66,404.36,1.33,LOW,60
NOCIL.NS,BUY,181.86,5.93,16.12,5.02,178.22,185.5,164.82,224.46,2.5,LOW,100
EMSLIMITED.NS,BUY,419.9,23.23,41.33,6.27,411.5,428.3,366.08,554.45,2.5,LOW,100
PREMEXPLN.NS,BUY,741.45,19.24,13.22,4.01,726.62,756.28,651.46,966.43,2.5,LOW,100
MANINDS.NS,BUY,569.15,4.65,11.81,4.08,557.77,580.53,508.57,720.6,2.5,LOW,100
TIRUMALCHM.NS,HOLD,162.24,-16.41,-0.66,3.34,,,150.76,177.55,1.33,LOW,80
SANGHVIMOV.NS,BUY,411.1,16.57,10.72,3.33,402.88,419.32,370.04,513.76,2.5,LOW,100
FMGOETZE.NS,BUY,452.55,1.32,2.71,2.11,443.5,461.6,420.36,533.03,2.5,LOW,100
SBCL.NS,BUY,754.0,13.64,12.82,2.72,738.92,769.08,678.84,941.89,2.5,LOW,100
FCL.NS,BUY,40.9,22.97,10.45,4.16,40.08,41.72,34.93,55.84,2.5,LOW,100
VIMTALABS.NS,BUY,598.0,21.11,15.15,3.19,586.04,609.96,547.73,723.67,2.5,LOW,100
MUTHOOTMF.NS,BUY,210.55,11.27,16.56,2.7,206.34,214.76,191.99,256.96,2.5,LOW,100
MARINE.NS,BUY,268.75,12.29,15.44,3.98,263.38,274.12,240.86,338.48,2.5,LOW,100
ARVSMART.NS,HOLD,600.35,-0.56,6.85,1.8,,,571.25,639.15,1.33,LOW,80
DALMIASUG.NS,HOLD,324.95,-8.68,0.42,1.62,,,310.49,344.23,1.33,LOW,80
KPEL.NS,HOLD,348.95,-2.86,6.42,2.07,,,331.83,371.77,1.33,LOW,100
GIPCL.NS,BUY,159.54,1.21,2.51,2.7,156.35,162.73,148.84,186.3,2.5,LOW,100
ALPEXSOLAR.NS,HOLD,922.55,-7.58,0.21,2.05,,,873.25,988.28,1.33,LOW,80
PRAKASH.NS,HOLD,142.97,-1.83,5.02,2.43,,,133.81,155.19,1.33,LOW,100
RPSGVENT.NS,HOLD,889.75,-2.18,2.25,1.46,,,849.85,942.95,1.33,LOW,100
BCG.NS,SELL,9.82,-2.29,-4.01,3.83,,,10.92,7.07,2.5,LOW,100
TATVA.NS,HOLD,1180.7,-4.56,2.39,2.52,,,1116.04,1266.91,1.33,LOW,100
IOLCP.NS,BUY,133.66,16.46,4.55,3.02,130.99,136.33,119.04,170.2,2.5,LOW,100
BAJAJHIND.NS,SELL,18.15,-4.61,-1.94,2.36,,,19.49,14.8,2.5,LOW,80
BFUTILITIE.NS,BUY,622.45,6.66,7.6,3.27,610.0,634.9,554.04,793.49,2.5,LOW,100
RAMCOIND.NS,BUY,342.75,19.75,22.76,4.13,335.89,349.61,310.92,422.32,2.5,LOW,100
TVSSRICHAK.NS,BUY,4137.9,6.19,6.72,1.85,4055.14,4220.66,3879.4,4784.15,2.5,LOW,100
EPACKPEB.NS,BUY,239.96,15.13,5.58,4.82,235.16,244.76,206.99,322.4,2.5,LOW,100
POKARNA.NS,BUY,1086.05,23.46,32.69,3.0,1064.33,1107.77,984.34,1340.32,2.5,LOW,100
JTLIND.NS,BUY,77.42,4.93,8.55,3.4,75.87,78.97,68.72,99.16,2.5,LOW,100
EVEREADY.NS,BUY,364.5,10.27,8.85,2.55,357.21,371.79,337.49,432.04,2.5,LOW,100
CARRARO.NS,HOLD,560.65,0.34,11.59,2.5,,,529.89,601.66,1.33,LOW,80
NRBBEARING.NS,HOLD,429.2,20.17,-1.49,3.11,,,396.61,472.66,1.33,LOW,80
HONDAPOWER.NS,HOLD,2196.6,-2.29,0.7,2.16,,,2089.73,2339.1,1.33,LOW,80
SAKSOFT.NS,BUY,160.45,12.47,16.13,3.91,157.24,163.66,148.42,190.53,2.5,LOW,100
MOREPENLAB.NS,BUY,53.16,17.97,12.41,4.25,52.1,54.22,47.27,67.89,2.5,LOW,100
HIRECT.NS,HOLD,1121.0,10.13,0.83,2.74,,,1034.39,1236.49,1.33,LOW,80
VENUSPIPES.NS,BUY,1696.5,20.34,25.56,3.04,1662.57,1730.43,1570.07,2012.57,2.5,LOW,100
SOTL.NS,HOLD,527.95,15.18,-2.88,5.65,,,474.95,598.61,1.33,LOW,100
ALLCARGO.NS,SELL,8.15,-10.12,-6.32,2.16,,,8.91,6.24,2.5,LOW,100
MTNL.NS,HOLD,30.15,-1.79,5.57,2.65,,,28.31,32.6,1.33,LOW,100
RELTD.NS,BUY,161.5,17.73,22.47,6.15,158.27,164.73,138.22,219.71,2.5,LOW,100
ALEMBICLTD.NS,BUY,91.54,1.8,7.24,1.7,89.71,93.37,86.26,104.73,2.5,LOW,100
DIGITIDE.NS,HOLD,86.36,-4.79,6.12,3.06,,,79.95,94.91,1.33,LOW,100
UTKARSHBNK.NS,BUY,14.52,5.23,17.29,3.11,14.23,14.81,13.01,18.29,2.5,LOW,100
NUCLEUS.NS,HOLD,758.05,-2.58,0.92,4.24,,,699.09,836.66,1.33,LOW,80
SERVOTECH.NS,BUY,98.45,2.32,2.35,4.05,96.48,100.42,89.98,119.62,2.5,LOW,100
AUTOAXLES.NS,BUY,1781.7,0.66,8.69,1.89,1746.07,1817.33,1677.9,2041.2,2.5,LOW,80
HMT.NS,BUY,68.39,14.71,27.33,3.2,67.02,69.76,62.34,83.51,2.5,LOW,100
LAOPALA.NS,BUY,180.18,1.42,3.05,2.0,176.58,183.78,168.79,208.67,2.5,LOW,100
DCXINDIA.NS,HOLD,191.3,-3.58,9.61,3.6,,,178.04,208.98,1.33,LOW,100
HINDWAREAP.NS,BUY,250.63,9.33,17.66,4.72,245.62,255.64,227.44,308.61,2.5,LOW,100
JAYKAY.NS,HOLD,174.19,-0.47,2.56,5.07,,,161.67,190.89,1.33,LOW,80
INDOCO.NS,HOLD,231.6,6.34,-4.69,4.69,,,213.02,256.38,1.33,LOW,100
WINDMACHIN.NS,HOLD,305.15,2.1,-4.07,2.92,,,282.0,336.01,1.33,LOW,100
SOLARWORLD.NS,SELL,183.1,-8.66,-1.77,1.97,,,195.91,151.07,2.5,LOW,80
TAJGVK.NS,BUY,333.0,1.84,5.53,2.6,326.34,339.66,312.96,383.09,2.5,LOW,100
NITCO.NS,BUY,108.25,11.46,15.47,3.72,106.08,110.42,94.68,142.18,2.5,LOW,100
SIRCA.NS,SELL,407.05,-3.92,-2.01,0.61,,,424.7,362.93,2.5,LOW,100
VIKRAN.NS,HOLD,70.24,-1.59,6.85,2.99,,,65.67,76.34,1.33,LOW,100
KALAMANDIR.NS,BUY,109.98,2.97,6.47,2.07,107.78,112.18,100.82,132.87,2.5,LOW,100
VSSL.NS,BUY,282.9,2.95,5.58,1.68,277.24,288.56,263.17,332.22,2.5,LOW,100
KRSNAA.NS,HOLD,538.25,-4.92,0.97,1.2,,,516.82,566.83,1.33,LOW,80
SDBL.NS,SELL,69.85,-16.04,-5.82,5.39,,,79.49,45.75,2.5,LOW,100
CARYSIL.NS,BUY,1179.1,14.47,1.31,3.33,1155.52,1202.68,1057.03,1484.28,2.5,LOW,80
TCIEXP.NS,BUY,533.35,1.44,5.79,5.45,522.68,544.02,473.44,683.14,2.5,LOW,100
KCP.NS,BUY,170.57,1.63,6.16,2.48,167.16,173.98,158.3,201.25,2.5,LOW,100
BEPL.NS,BUY,99.01,1.37,5.1,2.08,97.03,100.99,90.63,119.95,2.5,LOW,100
KMEW.NS,BUY,2240.0,13.62,19.93,4.85,2195.2,2284.8,1983.37,2881.57,2.5,LOW,100
XPROINDIA.NS,BUY,1341.2,17.05,14.28,4.03,1314.38,1368.02,1183.7,1734.95,2.5,LOW,100
HATHWAY.NS,BUY,11.73,7.37,13.33,2.67,11.5,11.96,10.65,14.42,2.5,LOW,100
REPCOHOME.NS,BUY,420.0,6.62,13.88,2.36,411.6,428.4,394.08,484.8,2.5,LOW,100
ADFFOODS.NS,BUY,300.5,10.11,9.83,2.98,294.49,306.51,271.91,371.96,2.5,LOW,100
UNIVCABLES.NS,BUY,1216.1,13.38,7.21,5.09,1191.78,1240.42,1036.77,1664.42,2.5,LOW,100
PANACEABIO.NS,BUY,557.2,26.96,6.68,6.13,546.06,568.34,478.66,753.54,2.5,LOW,100
GRMOVER.NS,HOLD,92.24,-35.52,5.3,6.66,,,77.25,112.22,1.33,LOW,100
DIAMONDYD.NS,HOLD,1130.2,7.24,0.79,2.64,,,1081.54,1195.09,1.33,LOW,80
CAPACITE.NS,BUY,263.91,11.03,24.72,3.72,258.63,269.19,239.36,325.27,2.5,LOW,100
ROSSTECH.NS,SELL,932.5,-4.62,-3.95,4.57,,,1052.46,632.61,2.5,LOW,100
FILATEX.NS,BUY,52.72,12.56,7.29,2.9,51.67,53.77,48.22,63.98,2.5,LOW,100
JINDALPOLY.NS,SELL,643.35,-7.68,-12.08,2.99,,,714.67,465.05,2.5,LOW,100
SMSPHARMA.NS,HOLD,376.55,-3.93,-0.7,1.67,,,357.48,401.97,1.33,LOW,80
MONARCH.NS,BUY,337.75,5.23,2.33,1.76,331.0,344.5,314.44,396.02,2.5,LOW,100
TASTYBITE.NS,BUY,8478.0,10.59,5.84,1.86,8308.44,8647.56,7917.29,9879.79,2.5,LOW,100
AEROFLEX.NS,BUY,466.65,19.46,14.22,4.86,457.32,475.98,402.33,627.45,2.5,LOW,100
HGS.NS,HOLD,420.25,1.07,-1.63,3.23,,,395.65,453.05,1.33,LOW,80
JAICORPLTD.NS,HOLD,116.08,0.03,7.27,2.21,,,109.13,125.34,1.33,LOW,80
MOLDTKPAC.NS,BUY,689.5,6.29,2.59,1.99,675.71,703.29,637.64,819.16,2.5,LOW,100
COSMOFIRST.NS,BUY,803.55,7.86,11.74,2.41,787.48,819.62,741.66,958.28,2.5,LOW,100
PFS.NS,HOLD,30.65,-0.72,2.65,1.32,,,29.33,32.4,1.33,LOW,80
MBEL.NS,HOLD,303.5,-1.75,7.13,2.51,,,284.43,328.93,1.33,LOW,100
BAJEL.NS,HOLD,195.73,4.11,0.74,2.59,,,183.71,211.76,1.33,LOW,80
KSHINTL.NS,BUY,844.4,16.2,3.18,3.75,827.51,861.29,742.2,1099.9,2.5,LOW,100
INSECTICID.NS,SELL,658.6,-7.95,-6.83,1.52,,,700.78,553.15,2.5,LOW,100
SHALBY.NS,BUY,172.15,3.09,4.64,1.62,168.71,175.59,162.02,197.46,2.5,LOW,100
NDRAUTO.NS,BUY,819.8,2.22,4.37,2.35,803.4,836.2,759.39,970.82,2.5,LOW,100
FINOPB.NS,BUY,146.6,9.95,11.64,4.35,143.67,149.53,130.33,187.26,2.5,LOW,100
ORIENTHOT.NS,BUY,139.32,32.9,34.84,4.97,136.53,142.11,122.63,181.05,2.5,LOW,100
STYLEBAAZA.NS,SELL,279.9,-21.77,-14.63,2.71,,,308.04,209.56,2.5,LOW,100
SCILAL.NS,HOLD,44.89,-2.78,3.22,1.5,,,42.92,47.51,1.33,LOW,100
NILKAMAL.NS,HOLD,1276.6,-0.9,1.61,1.27,,,1229.76,1339.06,1.33,LOW,60
LANDMARK.NS,BUY,432.85,7.41,3.15,3.01,424.19,441.51,393.0,532.48,2.5,LOW,100
EIHAHOTELS.NS,BUY,322.05,1.36,9.32,1.56,315.61,328.49,302.98,369.73,2.5,LOW,100
IPL.NS,BUY,163.49,1.54,4.09,2.35,160.22,166.76,151.62,193.17,2.5,LOW,100
SUMMITSEC.NS,HOLD,1524.4,-2.79,6.35,1.73,,,1450.74,1622.61,1.33,LOW,100
SEAMECLTD.NS,SELL,1488.0,-3.67,-6.33,4.07,,,1644.77,1096.07,2.5,LOW,100
MAYURUNIQ.NS,HOLD,789.85,15.33,-0.41,3.06,,,734.66,863.44,1.33,LOW,80
RML.NS,BUY,1041.4,15.77,16.84,3.95,1020.57,1062.23,950.19,1269.42,2.5,LOW,100
YATRA.NS,BUY,109.69,4.98,13.59,2.6,107.5,111.88,100.78,131.96,2.5,LOW,100
STEELCAS.NS,BUY,297.95,3.16,5.66,2.08,291.99,303.91,264.6,381.33,2.5,LOW,100
GENESYS.NS,HOLD,326.5,19.28,-1.48,5.36,,,292.18,372.26,1.33,LOW,80
GVPIL.NS,BUY,987.25,29.58,11.52,3.8,967.5,1007.0,873.86,1270.71,2.5,LOW,100
SOLARA.NS,HOLD,568.05,5.46,-2.18,3.17,,,521.02,630.75,1.33,LOW,100
KICL.NS,BUY,5393.5,8.17,8.31,1.51,5285.63,5501.37,5084.5,6166.0,2.5,LOW,100
SPECTRUM.NS,BUY,1789.1,24.91,12.64,3.77,1753.32,1824.88,1588.97,2289.42,2.5,LOW,100
SULA.NS,HOLD,154.34,-5.09,2.1,1.47,,,148.64,161.94,1.33,LOW,100
SIMPLEXINF.NS,BUY,253.9,6.45,2.19,4.01,248.82,258.98,223.48,329.95,2.5,LOW,100
SGFIN.NS,BUY,587.15,2.82,2.98,2.66,575.41,598.89,535.86,715.36,2.5,LOW,100
CANTABIL.NS,BUY,238.68,4.28,11.49,2.07,233.91,243.45,223.31,277.11,2.5,LOW,100
SYSTMTXC.NS,HOLD,62.98,-7.29,-0.74,2.23,,,58.01,69.6,1.33,LOW,80
DELTACORP.NS,HOLD,64.45,-7.65,1.85,4.26,,,61.9,67.86,1.33,LOW,80
STUDDS.NS,HOLD,480.15,1.37,-5.28,4.68,,,442.79,529.96,1.33,LOW,100
SASKEN.NS,BUY,2250.4,21.65,8.56,5.12,2205.39,2295.41,1918.89,3079.19,2.5,LOW,100
SANGAMIND.NS,BUY,541.85,5.1,2.74,1.43,531.01,552.69,499.79,647.01,2.5,LOW,100
RANEHOLDIN.NS,BUY,1644.2,22.25,19.93,2.76,1611.32,1677.08,1477.51,2060.91,2.5,LOW,100
HINDOILEXP.NS,SELL,160.08,-2.17,-4.54,2.91,,,179.01,112.77,2.5,LOW,100
STOVEKRAFT.NS,BUY,779.2,30.04,19.58,2.39,763.62,794.78,717.34,933.84,2.5,LOW,100
GEOJITFSL.NS,BUY,79.25,9.92,8.4,2.11,77.66,80.84,74.0,92.39,2.5,LOW,100
IDEAFORGE.NS,HOLD,824.75,6.33,-5.3,3.55,,,741.27,936.06,1.33,LOW,100
RPTECH.NS,BUY,780.9,41.78,47.02,4.6,765.28,796.52,688.51,1011.88,2.5,LOW,100
ACCELYA.NS,HOLD,1102.8,-3.48,-0.58,1.0,,,1061.5,1157.87,1.33,LOW,80
VENKEYS.NS,HOLD,1421.5,-5.85,4.18,1.83,,,1358.16,1505.96,1.33,LOW,100
TIL.NS,BUY,207.37,5.25,15.41,4.73,203.22,211.52,180.74,273.95,2.5,LOW,100
YASHO.NS,BUY,2868.5,39.72,12.35,4.32,2811.13,2925.87,2506.53,3773.43,2.5,LOW,100
WEL.NS,HOLD,97.28,-1.11,5.67,1.23,,,93.52,102.29,1.33,LOW,100
DOLLAR.NS,HOLD,263.1,-4.15,7.81,1.42,,,251.42,278.68,1.33,LOW,100
INDIANHUME.NS,BUY,332.55,4.38,17.93,2.87,325.9,339.2,303.69,404.69,2.5,LOW,100
DREDGECORP.NS,BUY,1067.4,1.94,2.61,4.13,1046.05,1088.75,935.87,1396.22,2.5,LOW,100
MOL.NS,HOLD,49.36,-3.53,7.05,2.46,,,46.39,53.32,1.33,LOW,100
DCW.NS,BUY,48.19,1.05,7.18,2.68,47.23,49.15,44.48,57.46,2.5,LOW,100
UGROCAP.NS,HOLD,98.04,-3.0,5.87,1.82,,,93.94,103.51,1.33,LOW,100
THEJO.NS,BUY,1822.2,6.85,22.17,2.2,1785.76,1858.64,1682.94,2170.34,2.5,LOW,100
HITECH.NS,BUY,89.85,0.62,5.33,3.14,88.05,91.65,83.34,106.12,2.5,LOW,80
MANGLMCEM.NS,BUY,921.8,5.21,10.47,1.68,903.36,940.24,866.54,1059.94,2.5,LOW,100
AMRUTANJAN.NS,SELL,537.3,-3.66,-4.45,1.4,,,569.11,457.76,2.5,LOW,100
SHRINGARMS.NS,BUY,216.58,3.75,7.63,1.81,212.25,220.91,204.63,246.46,2.5,LOW,100
WHEELS.NS,BUY,1674.4,18.23,3.81,3.0,1640.91,1707.89,1489.27,2137.22,2.5,LOW,100
APCOTEXIND.NS,HOLD,511.85,7.73,-0.85,2.92,,,470.72,566.69,1.33,LOW,80
GMBREW.NS,HOLD,925.9,-0.01,6.27,1.65,,,887.39,977.25,1.33,LOW,80
VERANDA.NS,BUY,234.37,7.66,7.32,2.48,229.68,239.06,210.78,293.36,2.5,LOW,100
PIXTRANS.NS,BUY,1796.1,14.74,12.64,2.73,1760.18,1832.02,1684.74,2074.49,2.5,LOW,100
MOBIKWIK.NS,HOLD,200.65,-0.54,6.09,1.29,,,191.95,212.25,1.33,LOW,80
UNIPARTS.NS,BUY,651.85,11.78,2.31,1.87,638.81,664.89,598.83,784.4,2.5,LOW,100
WAAREEINDO.NS,HOLD,404.7,-2.87,8.22,2.5,,,378.14,440.11,1.33,LOW,100
RAJRATAN.NS,HOLD,433.5,0.56,-0.91,2.27,,,405.8,470.43,1.33,LOW,60
EXICOM.NS,BUY,158.07,16.03,16.42,6.13,154.91,161.23,133.75,218.86,2.5,LOW,100
INDNIPPON.NS,BUY,957.65,14.23,11.23,3.32,938.5,976.8,898.59,1105.31,2.5,LOW,100
VINCOFE.NS,HOLD,151.17,5.92,-4.83,2.44,,,140.06,165.99,1.33,LOW,100
MUKANDLTD.NS,HOLD,133.06,-3.78,0.77,1.29,,,127.61,140.33,1.33,LOW,80
SOMANYCERA.NS,BUY,513.95,5.34,3.48,2.27,503.67,524.23,477.95,603.95,2.5,LOW,100
DYCL.NS,BUY,377.4,9.88,24.43,3.83,369.85,384.95,342.53,464.58,2.5,LOW,100
NELCO.NS,BUY,863.05,20.24,22.35,4.56,845.79,880.31,764.95,1108.29,2.5,LOW,100
DIVGIITTS.NS,BUY,855.25,11.88,6.68,2.37,838.14,872.36,786.73,1026.55,2.5,LOW,100
MSPL.NS,BUY,41.9,4.66,4.8,2.19,41.06,42.74,38.4,50.64,2.5,LOW,100
KERNEX.NS,BUY,2035.7,27.52,7.5,4.12,1994.99,2076.41,1841.47,2521.27,2.5,LOW,100
NITINSPIN.NS,BUY,550.4,10.02,3.12,2.74,539.39,561.41,504.84,664.31,2.5,LOW,100
BGRENERGY.NS,HOLD,315.0,0.93,-1.58,2.71,,,291.99,345.68,1.33,LOW,60
WINDLAS.NS,BUY,859.0,3.79,5.88,1.71,841.82,876.18,804.83,994.43,2.5,LOW,100
RAMCOSYS.NS,BUY,709.8,51.25,29.1,6.3,695.6,724.0,629.76,909.89,2.5,LOW,100
SPAL.NS,BUY,1099.95,33.48,38.42,5.55,1077.95,1121.95,952.58,1468.38,2.5,LOW,100
GTLINFRA.NS,HOLD,1.4,2.01,-2.78,3.34,,,1.28,1.56,1.33,LOW,100
NIBE.NS,BUY,1656.2,25.7,15.41,4.56,1623.08,1689.32,1442.71,2189.91,2.5,LOW,100
SPIC.NS,HOLD,69.08,-1.17,2.98,2.3,,,65.69,73.59,1.33,LOW,100
LAXMIDENTL.NS,BUY,224.76,3.9,5.26,2.23,220.26,229.26,207.61,267.65,2.5,LOW,100
ASALCBR.NS,HOLD,860.2,0.4,5.31,1.57,,,826.57,905.04,1.33,LOW,80
SPANDANA.NS,BUY,266.8,7.12,18.11,3.34,261.46,272.14,239.48,335.1,2.5,LOW,100
PANAMAPET.NS,BUY,404.85,22.19,7.72,6.64,396.75,412.95,341.1,564.23,2.5,LOW,100
INDOTECH.NS,BUY,2935.2,14.59,16.32,3.03,2876.5,2993.9,2701.33,3519.88,2.5,LOW,100
ALLTIME.NS,HOLD,234.52,-1.21,7.77,3.32,,,217.25,257.55,1.33,LOW,100
VIDHIING.NS,SELL,279.25,-5.61,-2.19,1.32,,,295.29,239.14,2.5,LOW,100
RHETAN.NS,SELL,26.55,-6.53,-15.55,3.15,,,30.39,16.95,2.5,LOW,100
WENDT.NS,BUY,7559.5,5.95,11.45,3.33,7408.31,7710.69,6799.07,9460.57,2.5,LOW,100
UNITECH.NS,HOLD,4.77,-1.62,2.36,2.79,,,4.46,5.19,1.33,LOW,100
RMDRIP.NS,BUY,19.5,2.64,10.23,3.78,19.11,19.89,17.18,25.3,2.5,LOW,100
MOTISONS.NS,BUY,14.12,8.87,6.81,4.75,13.84,14.4,11.97,19.49,2.5,LOW,100
DEEDEV.NS,BUY,667.3,22.03,6.69,3.96,653.95,680.65,576.51,894.26,2.5,LOW,100
SEPC.NS,HOLD,6.59,-11.55,6.63,4.27,,,5.87,7.55,1.33,LOW,100
ADOR.NS,BUY,1229.3,11.3,10.85,2.09,1204.71,1253.89,1157.04,1409.94,2.5,LOW,100
GARUDA.NS,BUY,179.27,2.7,12.37,3.22,175.68,182.86,164.1,217.21,2.5,LOW,100
VINDHYATEL.NS,BUY,2141.2,19.0,8.16,5.15,2098.38,2184.02,1825.94,2929.34,2.5,LOW,100
PRECAM.NS,HOLD,150.79,-2.15,10.27,2.47,,,141.09,163.72,1.33,LOW,100
ASTEC.NS,SELL,725.45,-2.01,-5.97,2.59,,,795.26,550.93,2.5,LOW,100
BETA.NS,BUY,2096.6,40.88,42.05,5.22,2054.67,2138.53,1823.0,2780.6,2.5,LOW,100
FUSION.NS,BUY,192.77,4.9,18.21,2.91,188.91,196.63,176.97,232.28,2.5,LOW,100
TALBROAUTO.NS,BUY,406.5,20.95,13.91,2.05,398.37,414.63,365.67,508.57,2.5,LOW,100
IFGLEXPOR.NS,HOLD,185.54,1.24,0.88,3.19,,,173.61,201.44,1.33,LOW,80
BLSE.NS,HOLD,225.26,8.28,0.03,1.37,,,214.04,240.22,1.33,LOW,80
BFINVEST.NS,BUY,457.6,7.43,7.99,2.26,448.45,466.75,431.71,522.31,2.5,LOW,100
NAVKARCORP.NS,BUY,110.23,9.82,15.75,2.94,108.03,112.43,99.0,138.29,2.5,LOW,100
SPMLINFRA.NS,HOLD,199.07,-2.84,8.3,3.25,,,184.45,218.57,1.33,LOW,100
JYOTISTRUC.NS,HOLD,11.68,-8.11,0.43,3.3,,,10.89,12.73,1.33,LOW,80
JGCHEM.NS,HOLD,416.8,0.88,-1.73,2.46,,,389.63,453.03,1.33,LOW,60
GOCLCORP.NS,BUY,408.8,13.85,7.03,3.3,400.62,416.98,370.23,505.23,2.5,LOW,100
HUHTAMAKI.NS,BUY,197.0,11.99,16.6,2.37,193.06,200.94,183.68,230.29,2.5,LOW,100
QUICKHEAL.NS,HOLD,176.69,-3.43,5.95,3.51,,,165.88,191.1,1.33,LOW,100
PNBGILTS.NS,BUY,91.09,13.98,6.58,3.38,89.27,92.91,82.8,111.82,2.5,LOW,100
JINDRILL.NS,SELL,553.3,-5.41,-9.18,1.7,,,589.91,461.78,2.5,LOW,100
DLINKINDIA.NS,BUY,516.05,8.38,5.12,1.48,505.73,526.37,487.45,587.55,2.5,LOW,100
BLISSGVS.NS,BUY,491.95,39.75,12.69,3.79,482.11,501.79,448.7,600.08,2.5,LOW,100
SANSTAR.NS,BUY,125.04,18.17,11.8,3.22,122.54,127.54,113.0,155.14,2.5,LOW,100
EXPLEOSOL.NS,HOLD,826.4,-2.63,6.5,2.12,,,783.47,883.64,1.33,LOW,100
SESHAPAPER.NS,HOLD,223.36,-7.5,-0.75,1.7,,,210.07,241.08,1.33,LOW,80
DEN.NS,BUY,31.24,11.37,18.29,3.58,30.62,31.86,27.96,39.44,2.5,LOW,100
TTKHLTCARE.NS,BUY,922.75,2.08,3.69,1.68,904.29,941.21,852.93,1097.3,2.5,LOW,100
DAMCAPITAL.NS,HOLD,150.0,-2.59,7.07,2.39,,,142.37,160.17,1.33,LOW,100
ARMANFIN.NS,BUY,1668.0,1.18,5.49,2.79,1634.64,1701.36,1540.41,1986.96,2.5,LOW,100
ARIHANTSUP.NS,HOLD,254.6,-2.9,1.43,1.84,,,240.8,273.0,1.33,LOW,80
SATIN.NS,BUY,231.03,8.67,5.16,2.7,226.41,235.65,209.56,284.69,2.5,LOW,100
RAMASTEEL.NS,SELL,4.64,-14.0,-9.9,1.77,,,4.98,3.8,2.5,LOW,100
DOLPHIN.NS,SELL,372.25,-7.92,-3.95,0.81,,,396.76,310.96,2.5,LOW,100
RAJOOENG.NS,HOLD,54.41,-6.18,2.18,1.47,,,51.29,58.57,1.33,LOW,100
STANLEY.NS,HOLD,144.74,-4.42,5.37,2.7,,,135.72,156.77,1.33,LOW,100
MUFIN.NS,BUY,128.1,6.6,8.13,1.9,125.54,130.66,120.35,147.49,2.5,LOW,100
JNKINDIA.NS,BUY,475.5,19.53,1.17,5.25,465.99,485.01,407.58,645.3,2.5,LOW,80
TARSONS.NS,BUY,259.03,17.02,28.87,5.57,253.85,264.21,226.72,339.81,2.5,LOW,100
HIMATSEIDE.NS,BUY,89.85,9.06,21.44,2.24,88.05,91.65,83.09,106.75,2.5,LOW,100
SOLEX.NS,HOLD,1091.0,-11.41,5.72,2.9,,,1017.75,1188.67,1.33,LOW,100
MMFL.NS,HOLD,461.05,-0.4,4.43,2.19,,,435.46,495.16,1.33,LOW,80
UDS.NS,HOLD,181.27,4.92,-1.55,2.23,,,169.92,196.4,1.33,LOW,80
SYNCOMF.NS,HOLD,13.89,-2.61,-0.14,1.68,,,13.25,14.74,1.33,LOW,80
IGARASHI.NS,BUY,473.45,20.97,29.45,4.13,463.98,482.92,422.29,601.36,2.5,LOW,100
TINNARUBR.NS,BUY,926.15,15.66,6.62,2.67,907.63,944.67,847.55,1122.65,2.5,LOW,100
GREENPOWER.NS,HOLD,10.74,-5.77,-0.74,1.65,,,10.29,11.34,1.33,LOW,80
PUNJABCHEM.NS,HOLD,1031.9,-0.82,3.36,2.38,,,971.35,1112.63,1.33,LOW,80
SURAKSHA.NS,HOLD,271.65,-4.67,1.34,1.97,,,255.39,293.34,1.33,LOW,80
AIMTRON.NS,BUY,1273.65,10.97,2.61,3.3,1248.18,1299.12,1151.56,1578.88,2.5,LOW,100
APOLLOPIPE.NS,HOLD,481.7,-0.5,0.64,2.7,,,454.69,517.71,1.33,LOW,60
SHANTIGOLD.NS,HOLD,221.91,2.23,0.28,1.92,,,207.33,241.34,1.33,LOW,80
MASTERTR.NS,HOLD,76.21,-7.31,1.37,5.49,,,66.03,89.78,1.33,LOW,80
IKIO.NS,HOLD,156.43,-0.23,3.85,2.13,,,148.35,167.2,1.33,LOW,80
AWHCL.NS,HOLD,472.0,-1.82,8.67,1.63,,,447.97,504.04,1.33,LOW,100
STALLION.NS,BUY,182.05,6.93,5.53,4.06,178.41,185.69,159.45,238.55,2.5,LOW,100
LGHL.NS,SELL,221.97,-8.35,-1.28,1.53,,,239.48,178.19,2.5,LOW,80
ECOSMOBLTY.NS,HOLD,133.59,-1.81,8.08,3.59,,,125.17,144.82,1.33,LOW,100
JAGRAN.NS,BUY,65.19,6.53,5.95,2.35,63.89,66.49,62.31,72.39,2.5,LOW,100
RUPA.NS,BUY,167.18,9.99,15.62,2.31,163.84,170.52,155.56,196.22,2.5,LOW,100
VINYAS.NS,BUY,1425.65,20.38,1.68,4.24,1397.14,1454.16,1250.89,1862.54,2.5,LOW,80
OMAXE.NS,HOLD,77.48,-2.05,4.28,1.67,,,72.13,84.61,1.33,LOW,100
SHRIRAMPPS.NS,BUY,88.85,1.85,8.42,2.13,87.07,90.63,82.24,105.38,2.5,LOW,100
IVALUE.NS,BUY,276.23,9.58,19.98,2.54,270.71,281.75,251.74,337.47,2.5,LOW,100
HESTERBIO.NS,BUY,2230.8,21.16,13.82,2.25,2186.18,2275.42,2042.06,2702.66,2.5,LOW,100
FINKURVE.NS,HOLD,66.08,-1.88,3.72,2.76,,,59.8,74.46,1.33,LOW,100
QUADFUTURE.NS,BUY,448.5,35.27,34.52,4.71,439.53,457.47,397.56,575.84,2.5,LOW,100
HMAAGRO.NS,HOLD,21.98,-6.96,-0.23,1.82,,,20.74,23.63,1.33,LOW,80
JAGSNPHARM.NS,BUY,223.5,7.67,6.62,2.0,219.03,227.97,206.85,265.11,2.5,LOW,100
PLATIND.NS,HOLD,221.14,-3.51,2.47,2.03,,,209.54,236.61,1.33,LOW,100
ORIENTTECH.NS,HOLD,248.95,-8.59,1.57,2.01,,,237.08,264.77,1.33,LOW,80
EKC.NS,BUY,120.14,2.8,14.64,3.35,117.74,122.54,108.28,149.79,2.5,LOW,100
ANDHRAPAP.NS,HOLD,63.61,-1.38,5.11,1.14,,,61.16,66.87,1.33,LOW,100
SALASAR.NS,SELL,6.17,-13.61,-3.89,3.35,,,6.79,4.63,2.5,LOW,100
ESAFSFB.NS,BUY,32.94,16.63,23.93,4.28,32.28,33.6,28.77,43.37,2.5,LOW,100
CONFIPET.NS,HOLD,71.87,13.13,-0.95,4.36,,,65.13,80.86,1.33,LOW,80
SMCGLOBAL.NS,BUY,72.27,10.6,2.47,2.52,70.82,73.72,65.14,90.08,2.5,LOW,100
CENTRUM.NS,HOLD,21.83,-6.19,1.53,3.11,,,20.28,23.89,1.33,LOW,80
DOLATALGO.NS,HOLD,72.99,-4.48,0.72,1.61,,,69.81,77.24,1.33,LOW,80
ROTO.NS,BUY,74.37,23.36,27.87,3.95,72.88,75.86,65.87,95.62,2.5,LOW,100
NIITLTD.NS,BUY,100.38,27.11,18.02,7.45,98.37,102.39,85.35,137.96,2.5,LOW,100
GPTINFRA.NS,BUY,131.37,12.04,16.68,3.1,128.74,134.0,119.94,159.95,2.5,LOW,100
SURYODAY.NS,BUY,171.98,5.12,4.33,1.84,168.54,175.42,158.55,205.55,2.5,LOW,100
BIRLANU.NS,HOLD,1377.2,-1.67,9.69,2.91,,,1286.41,1498.26,1.33,LOW,100
RISHABH.NS,BUY,567.4,9.54,5.78,2.84,556.05,578.75,522.38,679.95,2.5,LOW,100
PAUSHAKLTD.NS,BUY,493.4,4.23,9.15,3.61,483.53,503.27,450.99,599.44,2.5,LOW,100
ASIANENE.NS,BUY,368.3,8.84,1.74,2.26,360.93,375.67,336.31,448.28,2.5,LOW,80
GANDHAR.NS,BUY,175.15,13.02,12.69,3.33,171.65,178.65,159.22,214.96,2.5,LOW,100
EXCELINDUS.NS,HOLD,906.5,-4.49,-0.13,1.3,,,870.51,954.49,1.33,LOW,80
BAJAJHCARE.NS,HOLD,304.05,-1.75,7.59,2.65,,,286.03,328.07,1.33,LOW,100
ALICON.NS,HOLD,645.05,-4.53,2.06,1.45,,,613.79,686.73,1.33,LOW,100
DCMSRIND.NS,HOLD,37.93,-6.35,0.85,2.1,,,35.39,41.32,1.33,LOW,80
CLSEL.NS,BUY,285.35,1.61,7.64,3.52,279.64,291.06,260.88,346.53,2.5,LOW,100
RAJRILTD.NS,BUY,23.33,11.85,14.64,1.2,22.86,23.8,22.18,26.21,2.5,LOW,100
INDORAMA.NS,BUY,45.63,11.44,3.07,2.85,44.72,46.54,40.97,57.28,2.5,LOW,100
PARACABLES.NS,BUY,70.34,24.55,15.6,4.97,68.93,71.75,61.65,92.07,2.5,LOW,100
VPRPL.NS,HOLD,29.05,-22.51,15.32,4.1,,,27.09,31.67,1.33,LOW,100
SALZERELEC.NS,HOLD,644.8,-1.98,4.1,2.57,,,608.82,692.78,1.33,LOW,100
MANAKCOAT.NS,HOLD,104.63,-1.39,0.98,2.24,,,97.27,114.45,1.33,LOW,80
SIGACHI.NS,BUY,24.8,15.3,20.21,2.59,24.3,25.3,23.05,29.18,2.5,LOW,100
INFOBEAN.NS,SELL,157.85,-5.19,-4.01,4.02,,,172.67,120.8,2.5,LOW,100
ALLDIGI.NS,SELL,802.9,-2.59,-1.81,0.8,,,843.8,700.65,2.5,LOW,80
BLKASHYAP.NS,HOLD,54.59,-0.97,6.43,2.13,,,51.26,59.03,1.33,LOW,80
SPORTKING.NS,BUY,178.09,9.6,2.58,3.76,174.53,181.65,159.07,225.65,2.5,LOW,100
GODAVARIB.NS,HOLD,280.85,-6.37,1.46,2.19,,,263.05,304.58,1.33,LOW,80
JARO.NS,HOLD,513.25,2.49,-5.84,2.97,,,470.53,570.21,1.33,LOW,100
SURAJEST.NS,HOLD,191.61,-11.32,2.59,2.77,,,180.18,206.84,1.33,LOW,100
CIFL.NS,HOLD,25.67,-2.24,11.13,1.99,,,23.68,28.32,1.33,LOW,100
UNIECOM.NS,SELL,89.48,-1.5,-1.49,2.18,,,98.56,66.78,2.5,LOW,80
MONTECARLO.NS,HOLD,556.95,-0.08,7.02,1.69,,,532.52,589.53,1.33,LOW,80
MADRASFERT.NS,HOLD,68.77,0.05,2.84,2.28,,,64.41,74.59,1.33,LOW,80
HARIOMPIPE.NS,BUY,401.35,10.32,5.65,3.67,393.32,409.38,351.36,526.33,2.5,LOW,100
DECCANCE.NS,HOLD,590.75,-4.37,3.23,1.42,,,566.8,622.68,1.33,LOW,100
SHANKARA.NS,BUY,122.51,3.1,9.38,1.74,120.06,124.96,118.03,133.71,2.5,LOW,100
GNA.NS,BUY,436.7,10.39,24.21,2.73,427.97,445.43,390.01,553.42,2.5,LOW,100
RIIL.NS,BUY,833.7,6.23,8.47,2.29,817.03,850.37,767.59,998.98,2.5,LOW,100
VMARCIND.NS,BUY,1580.5,29.4,15.96,5.0,1548.89,1612.11,1415.5,1993.0,2.5,LOW,100
SUMEETINDS.NS,HOLD,27.2,-3.49,14.62,4.05,,,25.28,29.77,1.33,LOW,100
IMPAL.NS,BUY,1094.4,3.98,4.59,1.99,1072.51,1116.29,1013.17,1297.47,2.5,LOW,100
IGPL.NS,BUY,450.05,2.61,4.86,2.35,441.05,459.05,420.46,524.01,2.5,LOW,100
TAC.NS,HOLD,389.0,-10.96,11.65,3.54,,,359.14,428.81,1.33,LOW,100
RGL.NS,BUY,114.15,8.67,11.18,2.85,111.87,116.43,103.33,141.2,2.5,LOW,100
BSHSL.NS,SELL,91.4,-5.2,-3.18,1.75,,,98.12,74.59,2.5,LOW,100
SHREDIGCEM.NS,BUY,76.01,3.88,10.19,2.09,74.49,77.53,70.81,89.0,2.5,LOW,100
SIGNPOST.NS,SELL,248.1,-9.11,-10.88,3.27,,,278.19,172.89,2.5,LOW,100
BALAJITELE.NS,HOLD,88.26,-7.39,3.95,1.94,,,81.86,96.8,1.33,LOW,100
HITECHGEAR.NS,BUY,641.65,7.67,10.99,2.19,628.82,654.48,601.71,741.51,2.5,LOW,100
ATULAUTO.NS,HOLD,467.8,-2.29,6.89,1.64,,,447.27,495.18,1.33,LOW,100
AGARIND.NS,BUY,546.2,18.77,21.66,7.09,535.28,557.12,481.05,709.08,2.5,LOW,100
YUKEN.NS,BUY,748.95,6.02,11.58,1.71,733.97,763.93,698.8,874.33,2.5,LOW,100
DIFFNKG.NS,BUY,388.3,17.83,7.15,2.03,380.53,396.07,353.89,474.32,2.5,LOW,100
ONEPOINT.NS,HOLD,57.9,-0.63,3.25,2.47,,,54.37,62.61,1.33,LOW,80
CAPITALSFB.NS,BUY,280.1,2.96,2.49,1.63,274.5,285.7,264.54,319.01,2.5,LOW,100
ASIANTILES.NS,SELL,54.36,-14.01,-8.07,1.88,,,58.68,43.56,2.5,LOW,100
RICOAUTO.NS,BUY,134.74,9.22,5.74,4.59,132.05,137.43,119.67,172.42,2.5,LOW,100
AURUM.NS,BUY,215.1,16.45,18.11,2.04,210.8,219.4,197.93,258.03,2.5,LOW,100
ADVENTHTL.NS,HOLD,144.57,-1.6,19.58,3.64,,,132.64,160.47,1.33,LOW,100
BUTTERFLY.NS,BUY,656.85,1.72,4.99,2.34,643.71,669.99,605.01,786.44,2.5,LOW,100
FAZE3Q.NS,BUY,621.85,23.16,19.74,2.61,609.41,634.29,566.72,759.67,2.5,LOW,100
MICEL.NS,SELL,40.42,-7.75,-2.67,1.48,,,43.07,33.8,2.5,LOW,100
BHARATWIRE.NS,HOLD,202.4,-8.78,2.19,2.83,,,188.34,221.14,1.33,LOW,100
VASCONEQ.NS,HOLD,34.73,-3.42,0.12,2.46,,,32.52,37.67,1.33,LOW,80
WALCHANNAG.NS,BUY,273.75,10.97,12.65,4.36,268.27,279.23,236.34,367.29,2.5,LOW,100
TEXINFRA.NS,BUY,110.23,10.29,12.26,1.86,108.03,112.43,102.83,128.72,2.5,LOW,100
WCIL.NS,BUY,101.01,0.52,10.94,2.26,98.99,103.03,94.41,117.52,2.5,LOW,80
HERANBA.NS,HOLD,187.04,-6.22,3.04,2.97,,,174.79,203.37,1.33,LOW,100
BOROSCI.NS,BUY,154.84,14.51,1.95,0.99,151.74,157.94,144.44,180.84,2.5,LOW,80
GPTHEALTH.NS,BUY,147.51,3.29,2.08,1.93,144.56,150.46,137.32,172.99,2.5,LOW,100
IRMENERGY.NS,HOLD,265.5,-5.87,8.46,3.26,,,244.05,294.1,1.33,LOW,100
SHREEPUSHK.NS,BUY,403.15,8.22,14.08,2.44,395.09,411.21,373.92,476.22,2.5,LOW,100
MEIL.NS,HOLD,306.3,-2.81,1.56,1.73,,,288.77,329.68,1.33,LOW,80
GTPL.NS,SELL,60.98,-7.65,-4.85,2.13,,,66.74,46.58,2.5,LOW,100
ROHLTD.NS,HOLD,335.9,0.4,8.93,2.07,,,317.2,360.84,1.33,LOW,80
VHL.NS,BUY,3562.4,2.51,5.13,1.69,3491.15,3633.65,3351.49,4089.69,2.5,LOW,100
DSSL.NS,BUY,1378.8,1.63,5.47,4.31,1351.22,1406.38,1228.04,1755.69,2.5,LOW,100
TBZ.NS,BUY,185.67,18.03,11.79,5.51,181.96,189.38,166.62,233.29,2.5,LOW,100
BAJAJINDEF.NS,HOLD,259.75,-4.96,9.9,3.2,,,240.64,285.24,1.33,LOW,100
STLNETWORK.NS,HOLD,27.25,-2.8,3.81,3.14,,,25.32,29.83,1.33,LOW,100
WEALTH.NS,BUY,994.9,6.15,9.24,2.83,975.0,1014.8,916.94,1189.79,2.5,LOW,100
CONTROLPR.NS,BUY,640.05,1.01,7.42,1.32,627.25,652.85,608.97,717.75,2.5,LOW,100
JINDALPHOT.NS,SELL,1068.2,-0.79,-2.53,2.49,,,1158.83,841.63,2.5,LOW,80
ELECTHERM.NS,HOLD,1139.55,28.85,-3.64,6.4,,,975.31,1358.54,1.33,LOW,100
ABINFRA.NS,HOLD,11.73,-8.83,29.33,5.91,,,10.11,13.89,1.33,LOW,100
SRM.NS,BUY,508.65,0.59,9.71,2.77,498.48,518.82,468.75,608.4,2.5,LOW,80
VILAS.NS,HOLD,386.8,-3.52,5.12,2.23,,,360.95,421.26,1.33,LOW,100
KROSS.NS,HOLD,189.46,-0.98,7.31,2.38,,,179.66,202.53,1.33,LOW,80
AMNPLST.NS,BUY,191.76,3.83,2.24,3.63,187.92,195.6,173.35,237.78,2.5,LOW,100
ZUARI.NS,BUY,230.98,0.65,10.02,2.33,226.36,235.6,210.18,282.97,2.5,LOW,80
STEELXIND.NS,BUY,12.41,11.39,12.92,3.61,12.16,12.66,10.83,16.35,2.5,LOW,100
ICEMAKE.NS,SELL,768.7,-2.2,-1.13,2.11,,,819.11,642.66,2.5,LOW,80
KELLTONTEC.NS,HOLD,15.38,-2.16,2.47,2.49,,,14.6,16.42,1.33,LOW,100
RACLGEAR.NS,BUY,1342.7,3.63,9.15,2.66,1315.85,1369.55,1214.0,1664.45,2.5,LOW,100
BLUSPRING.NS,BUY,107.94,38.39,28.85,6.71,105.78,110.1,91.55,148.93,2.5,LOW,100
PASHUPATI.NS,SELL,86.95,-3.13,-1.06,0.9,,,94.69,67.6,2.5,LOW,80
MANALIPETC.NS,BUY,63.53,7.14,7.28,3.6,62.26,64.8,56.94,80.02,2.5,LOW,100
DVL.NS,HOLD,235.72,-3.33,0.93,1.26,,,225.03,249.97,1.33,LOW,80
KRISHNADEF.NS,BUY,1275.0,10.26,9.47,3.53,1249.5,1300.5,1124.37,1651.57,2.5,LOW,100
BCLIND.NS,SELL,34.15,-2.19,-10.46,3.12,,,38.07,24.35,2.5,LOW,100
DPSCLTD.NS,SELL,7.47,-15.69,-1.19,1.54,,,8.21,5.62,2.5,LOW,80
NELCAST.NS,SELL,132.57,-5.23,-2.18,2.02,,,144.25,103.38,2.5,LOW,100
EIMCOELECO.NS,BUY,1728.9,7.9,13.5,3.16,1694.32,1763.48,1566.19,2135.69,2.5,LOW,100
OAL.NS,HOLD,323.95,1.92,0.48,2.57,,,299.24,356.9,1.33,LOW,80
STERTOOLS.NS,BUY,250.94,4.38,22.69,4.97,245.92,255.96,219.72,328.99,2.5,LOW,100
GRPLTD.NS,BUY,1899.7,4.63,14.88,2.98,1861.71,1937.69,1747.33,2280.63,2.5,LOW,100
GEMAROMA.NS,BUY,184.83,12.26,12.99,3.22,181.13,188.53,166.0,231.89,2.5,LOW,100
EXCELSOFT.NS,SELL,74.87,-13.95,-4.53,1.91,,,81.18,59.08,2.5,LOW,100
PROSTARM.NS,HOLD,138.64,-6.22,0.33,1.36,,,132.41,146.95,1.33,LOW,80
IZMO.NS,BUY,1015.7,26.21,8.46,3.7,995.39,1036.01,885.84,1340.36,2.5,LOW,100
ANTELOPUS.NS,HOLD,808.1,8.09,-6.0,3.65,,,740.91,897.69,1.33,LOW,100
MATRIMONY.NS,HOLD,401.6,-3.94,3.75,1.26,,,383.64,425.55,1.33,LOW,100
SWELECTES.NS,SELL,612.5,-5.25,-1.17,2.04,,,658.36,497.86,2.5,LOW,80
PDMJEPAPER.NS,HOLD,84.12,0.45,5.97,1.64,,,80.11,89.46,1.33,LOW,80
AYMSYNTEX.NS,HOLD,214.48,-3.55,-0.29,1.58,,,201.09,232.34,1.33,LOW,80
OMINFRAL.NS,HOLD,87.05,-2.31,8.22,2.3,,,81.32,94.69,1.33,LOW,100
RNBDENIMS.NS,HOLD,10.64,-12.24,4.01,3.66,,,9.7,11.89,1.33,LOW,100
VIDYAWIRES.NS,BUY,97.65,4.26,15.1,4.2,95.7,99.6,86.92,124.48,2.5,LOW,100
5PAISA.NS,BUY,353.6,8.95,16.51,2.01,346.53,360.67,329.69,413.39,2.5,LOW,100
PENINLAND.NS,HOLD,15.7,-7.25,7.61,2.27,,,14.68,17.06,1.33,LOW,100
BIL.NS,BUY,805.25,9.03,19.62,3.45,789.14,821.36,721.76,1013.98,2.5,LOW,100
MAMATA.NS,BUY,409.6,3.3,18.38,2.76,401.41,417.79,383.16,475.69,2.5,LOW,100
AFSL.NS,HOLD,201.0,-0.4,-0.0,0.06,,,199.1,203.54,1.33,LOW,60
ESTER.NS,HOLD,89.84,-3.41,5.35,1.7,,,85.03,96.25,1.33,LOW,100
TNPL.NS,HOLD,144.99,-1.97,0.95,1.12,,,140.21,151.36,1.33,LOW,80
GANESHCP.NS,SELL,193.67,-3.2,-2.28,2.33,,,208.83,155.78,2.5,LOW,100
AVTNPL.NS,BUY,70.09,1.65,1.54,2.26,68.69,71.49,64.94,82.96,2.5,LOW,80
KOKUYOCMLN.NS,HOLD,88.48,-0.28,7.24,2.36,,,84.19,94.2,1.33,LOW,80
MAXIND.NS,HOLD,159.04,-1.16,3.03,2.94,,,147.44,174.51,1.33,LOW,100
ANDHRSUGAR.NS,SELL,80.42,-9.85,-3.57,3.82,,,88.52,60.18,2.5,LOW,100
CREST.NS,BUY,392.75,6.85,6.45,2.17,384.89,400.61,356.78,482.68,2.5,LOW,100
LINCOLN.NS,HOLD,631.55,-2.77,0.3,4.43,,,599.16,674.74,1.33,LOW,80
THEMISMED.NS,BUY,114.33,12.1,13.98,4.3,112.04,116.62,100.63,148.57,2.5,LOW,100
CENTENKA.NS,BUY,517.9,9.59,5.73,2.52,507.54,528.26,477.34,619.31,2.5,LOW,100
ARIHANTCAP.NS,HOLD,69.53,0.05,12.24,3.37,,,64.5,76.23,1.33,LOW,80
DHANBANK.NS,HOLD,32.0,0.21,2.43,2.98,,,29.65,35.14,1.33,LOW,80
UNIENTER.NS,BUY,108.69,1.99,6.84,1.61,106.52,110.86,98.38,134.46,2.5,LOW,100
SCODATUBES.NS,BUY,144.05,2.62,21.45,3.01,141.17,146.93,130.22,178.62,2.5,LOW,100
INDOFARM.NS,BUY,144.69,6.03,13.25,3.52,141.8,147.58,130.34,180.57,2.5,LOW,100
SBC.NS,BUY,41.59,14.38,12.5,3.33,40.76,42.42,38.79,48.59,2.5,LOW,100
GGBL.NS,SELL,289.25,-11.35,-3.61,2.5,,,315.46,223.72,2.5,LOW,100
CEWATER.NS,BUY,355.35,18.14,41.69,4.79,348.24,362.46,308.39,472.74,2.5,LOW,100
RADHIKAJWE.NS,HOLD,55.43,-7.73,0.16,1.61,,,52.84,58.88,1.33,LOW,80
GKWLIMITED.NS,HOLD,1787.5,4.56,-2.28,1.93,,,1682.31,1927.76,1.33,LOW,100
NDTV.NS,BUY,81.08,0.89,3.25,2.19,79.46,82.7,74.79,96.79,2.5,LOW,80
INNOVANA.NS,SELL,309.6,-12.84,-2.99,3.56,,,344.89,221.37,2.5,LOW,100
KHAICHEM.NS,HOLD,55.62,-1.75,1.89,1.4,,,52.76,59.43,1.33,LOW,80
FAIRCHEMOR.NS,BUY,634.4,6.16,11.32,2.05,621.71,647.09,581.76,766.01,2.5,LOW,100
AEROENTER.NS,BUY,137.6,33.05,33.8,4.12,134.85,140.35,119.36,183.19,2.5,LOW,100
INDOAMIN.NS,BUY,137.95,9.26,8.66,3.32,135.19,140.71,126.1,167.58,2.5,LOW,100
DHARMAJ.NS,SELL,265.05,-2.09,-3.78,1.31,,,279.86,228.03,2.5,LOW,100
BHARATSE.NS,BUY,186.61,0.54,8.15,2.46,182.88,190.34,171.0,225.64,2.5,LOW,80
GALAPREC.NS,BUY,1083.65,22.6,17.69,4.52,1061.98,1105.32,961.61,1388.76,2.5,LOW,100
OSWALGREEN.NS,HOLD,22.6,-11.53,-0.92,1.84,,,21.29,24.34,1.33,LOW,80
DENTALKART.NS,SELL,373.35,-7.56,-3.31,2.55,,,402.54,300.37,2.5,LOW,100
DENTA.NS,BUY,324.75,17.99,34.95,3.64,318.25,331.25,291.08,408.93,2.5,LOW,100
SAHANA.NS,BUY,921.25,9.94,29.05,3.74,902.82,939.68,826.22,1158.82,2.5,LOW,100
LEMERITE.NS,SELL,24.28,-59.53,-2.57,3.95,,,27.92,15.17,2.5,LOW,100
SRHHYPOLTD.NS,HOLD,486.35,-4.05,-0.06,1.93,,,464.42,515.59,1.33,LOW,80
GANDHITUBE.NS,HOLD,859.55,-0.32,2.28,0.58,,,839.78,885.91,1.33,LOW,80
CNL.NS,BUY,731.6,11.95,4.6,3.56,716.97,746.23,648.82,938.55,2.5,LOW,100
FABTECH.NS,HOLD,156.92,0.26,9.28,2.35,,,146.6,170.68,1.33,LOW,80
UTTAMSUGAR.NS,SELL,227.31,-6.9,-1.69,2.07,,,243.07,187.92,2.5,LOW,80
XCHANGING.NS,HOLD,62.46,-4.89,1.36,1.83,,,59.09,66.95,1.33,LOW,80
KRISHIVAL.NS,HOLD,404.6,7.35,-0.1,0.52,,,399.18,411.82,1.33,LOW,80
JPOLYINVST.NS,BUY,1100.3,2.33,4.13,3.05,1078.29,1122.31,1017.56,1307.16,2.5,LOW,100
OSWALAGRO.NS,HOLD,43.4,-5.72,2.05,1.95,,,40.77,46.9,1.33,LOW,100
MVGJL.NS,HOLD,143.8,-10.78,-0.08,1.62,,,135.39,155.02,1.33,LOW,80
KODYTECH.NS,BUY,1012.65,18.21,11.99,3.75,992.4,1032.9,886.15,1328.9,2.5,LOW,100
ADSL.NS,BUY,128.25,4.8,12.36,2.54,125.69,130.81,116.77,156.94,2.5,LOW,100
HEXATRADEX.NS,HOLD,161.47,-1.92,3.5,1.79,,,153.51,172.08,1.33,LOW,100
SARTELE.NS,HOLD,136.1,-5.41,26.55,7.24,,,118.43,159.66,1.33,LOW,100
GULPOLY.NS,SELL,190.59,-0.5,-6.84,3.07,,,211.25,138.95,2.5,LOW,80
SILVERTUC.NS,HOLD,184.59,12.32,-2.52,3.42,,,168.11,206.57,1.33,LOW,100
JAYBARMARU.NS,BUY,166.85,42.97,26.87,4.88,163.51,170.19,144.2,223.48,2.5,LOW,100
KUANTUM.NS,HOLD,76.42,-1.89,4.36,1.84,,,72.14,82.13,1.33,LOW,100
TNPETRO.NS,BUY,94.0,4.95,4.6,2.37,92.12,95.88,86.85,111.87,2.5,LOW,100
GICHSGFIN.NS,BUY,159.7,6.68,5.5,1.09,156.51,162.89,151.39,180.48,2.5,LOW,100
PRIMESECU.NS,BUY,299.2,4.87,4.73,2.53,293.22,305.18,269.57,373.27,2.5,LOW,100
KARNIKA.NS,SELL,127.95,-3.93,-5.22,1.83,,,136.41,106.81,2.5,LOW,100
IFBAGRO.NS,HOLD,896.8,-5.95,-0.93,2.0,,,847.18,962.96,1.33,LOW,80
BIRLAMONEY.NS,HOLD,140.87,0.01,13.05,2.7,,,130.75,154.37,1.33,LOW,80
APS.NS,SELL,293.3,-14.03,-2.91,2.13,,,311.86,246.91,2.5,LOW,100
PVSL.NS,HOLD,92.79,-7.8,-0.3,1.33,,,88.42,98.62,1.33,LOW,80
NCLIND.NS,BUY,192.85,7.87,7.12,2.18,188.99,196.71,180.74,223.12,2.5,LOW,100
BASILIC.NS,HOLD,204.35,-8.75,-0.49,3.23,,,191.83,221.05,1.33,LOW,80
SASTASUNDR.NS,BUY,328.25,12.09,17.91,2.21,321.69,334.81,303.39,390.41,2.5,LOW,100
COOLCAPS.NS,HOLD,25.4,-0.35,-3.79,3.65,,,22.43,29.36,1.33,LOW,80
ELIN.NS,SELL,99.43,-14.17,-2.21,2.14,,,108.86,75.86,2.5,LOW,100
SKMEGGPROD.NS,BUY,276.01,36.09,20.78,4.23,270.49,281.53,245.83,351.47,2.5,LOW,100
REMUS.NS,BUY,793.7,8.45,16.24,3.54,777.83,809.57,732.64,946.34,2.5,LOW,100
VAKRANGEE.NS,HOLD,6.15,-6.34,1.65,1.25,,,5.91,6.47,1.33,LOW,80
ZUARIIND.NS,HOLD,260.65,0.4,9.08,2.2,,,245.83,280.41,1.33,LOW,80
SAURASHCEM.NS,HOLD,58.18,-3.85,2.27,1.48,,,54.97,62.46,1.33,LOW,100
EVERESTIND.NS,BUY,461.55,19.77,39.27,4.12,452.32,470.78,405.59,601.46,2.5,LOW,100
LIKHITHA.NS,BUY,257.6,17.0,13.22,2.35,252.45,262.75,234.85,314.48,2.5,LOW,100
REGAAL.NS,SELL,78.93,-5.78,-2.46,1.84,,,85.85,61.64,2.5,LOW,100
UFBL.NS,BUY,690.85,51.86,24.13,3.93,677.03,704.67,613.94,883.14,2.5,LOW,100
TVSELECT.NS,BUY,501.5,5.84,14.47,2.64,491.47,511.53,453.91,620.48,2.5,LOW,100
ABCOTS.NS,HOLD,225.22,-6.62,13.53,5.0,,,205.4,251.65,1.33,LOW,100
MACPOWER.NS,BUY,1154.3,5.13,19.85,4.49,1131.21,1177.39,1041.81,1435.51,2.5,LOW,100
BESTAGRO.NS,HOLD,15.58,-9.2,1.63,2.5,,,14.64,16.83,1.33,LOW,80
TEMBO.NS,HOLD,554.35,-5.67,1.77,2.3,,,518.66,601.94,1.33,LOW,80
VALIANTORG.NS,HOLD,284.9,-0.33,7.17,3.66,,,263.25,313.76,1.33,LOW,80
KABRAEXTRU.NS,BUY,245.02,3.36,7.51,2.43,240.12,249.92,226.18,292.12,2.5,LOW,100
ARROWGREEN.NS,BUY,588.8,8.62,2.75,3.77,577.02,600.58,520.27,760.12,2.5,LOW,100
DISHTV.NS,HOLD,3.16,-7.94,5.69,2.27,,,2.96,3.43,1.33,LOW,100
CCCL.NS,BUY,18.49,17.01,25.95,4.87,18.12,18.86,16.4,23.7,2.5,LOW,100
TVTODAY.NS,BUY,124.89,10.52,20.23,2.74,122.39,127.39,114.34,151.25,2.5,LOW,100
KOTHARIPET.NS,HOLD,123.86,-3.56,6.72,1.5,,,116.61,133.52,1.33,LOW,100
CHEMFAB.NS,SELL,365.0,-9.53,-5.77,2.1,,,408.0,257.5,2.5,LOW,100
SANDESH.NS,HOLD,972.4,-3.21,4.55,2.23,,,926.43,1033.7,1.33,LOW,100
DHAMPURSUG.NS,SELL,136.75,-5.11,-4.48,1.4,,,144.85,116.5,2.5,LOW,100
ANUHPHR.NS,HOLD,78.2,-1.3,2.52,1.84,,,73.09,85.01,1.33,LOW,100
BLAL.NS,HOLD,182.11,-3.75,-0.2,0.95,,,175.21,191.31,1.33,LOW,80
MAHASTEEL.NS,SELL,791.45,-8.15,-9.16,2.09,,,876.7,578.33,2.5,LOW,100
SVLL.NS,BUY,711.5,13.65,1.2,5.05,697.27,725.73,601.94,985.39,2.5,LOW,80
VIVIANA.NS,HOLD,837.9,-0.79,3.13,2.49,,,778.78,916.72,1.33,LOW,80
SUYOG.NS,BUY,804.75,4.25,19.54,2.98,788.65,820.85,715.59,1027.66,2.5,LOW,100
MUNJALAU.NS,HOLD,94.16,5.15,-1.41,3.56,,,87.68,102.8,1.33,LOW,80
AVADHSUGAR.NS,SELL,445.85,-5.53,-1.91,1.67,,,474.84,373.39,2.5,LOW,80
NGLFINE.NS,BUY,2989.9,15.59,10.06,4.2,2930.1,3049.7,2565.64,4050.54,2.5,LOW,100
SNOWMAN.NS,HOLD,37.86,-3.41,3.93,1.65,,,35.93,40.43,1.33,LOW,100
DHUNINV.NS,HOLD,850.1,-2.15,9.88,2.16,,,799.18,917.99,1.33,LOW,100
JITFINFRA.NS,BUY,314.0,3.39,6.95,2.96,307.72,320.28,284.93,386.68,2.5,LOW,100
KRYSTAL.NS,BUY,600.7,1.76,4.4,1.1,588.69,612.71,572.94,670.11,2.5,LOW,100
ORICONENT.NS,HOLD,55.53,-10.5,-0.66,2.45,,,51.66,60.69,1.33,LOW,80
STEL.NS,BUY,597.6,20.24,9.89,3.89,585.65,609.55,522.56,785.19,2.5,LOW,100
SGIL.NS,BUY,583.95,5.54,5.93,3.7,572.27,595.63,541.09,691.11,2.5,LOW,100
WANBURY.NS,BUY,274.35,3.23,7.19,4.28,268.86,279.84,244.34,349.37,2.5,LOW,100
CHEMCON.NS,HOLD,189.1,7.06,-0.2,4.27,,,174.55,208.49,1.33,LOW,80
VLSFINANCE.NS,BUY,262.27,11.15,15.48,2.06,257.02,267.52,243.78,308.5,2.5,LOW,100
BHAGERIA.NS,BUY,219.13,22.43,6.7,5.2,214.75,223.51,199.04,269.34,2.5,LOW,100
ASAL.NS,BUY,519.05,2.7,6.71,2.19,508.67,529.43,482.92,609.37,2.5,LOW,100
ARFIN.NS,HOLD,89.81,-3.6,8.02,3.16,,,82.15,100.03,1.33,LOW,100
SARLAPOLY.NS,BUY,99.49,3.84,3.83,1.59,97.5,101.48,93.5,114.47,2.5,LOW,100
COFFEEDAY.NS,HOLD,33.29,11.49,-3.95,5.97,,,30.83,36.57,1.33,LOW,100
BIGBLOC.NS,HOLD,49.74,-3.48,4.32,2.71,,,45.75,55.06,1.33,LOW,100
GKSL.NS,HOLD,129.23,-0.34,2.61,1.51,,,120.63,140.7,1.33,LOW,80
OWAIS.NS,HOLD,119.5,-17.46,32.41,4.67,,,109.63,132.66,1.33,LOW,100
ZTECH.NS,BUY,617.2,3.02,5.78,2.36,604.86,629.54,571.63,731.13,2.5,LOW,100
AMBIKCO.NS,BUY,1724.8,8.71,8.16,2.14,1690.3,1759.3,1595.1,2049.05,2.5,LOW,100
UNITEDPOLY.NS,SELL,32.03,-1.74,-3.78,1.35,,,35.75,22.73,2.5,LOW,100
VHLTD.NS,SELL,128.42,-6.89,-6.19,1.53,,,140.83,97.39,2.5,LOW,100
ADVANCE.NS,BUY,110.13,4.22,14.81,2.7,107.93,112.33,100.62,133.9,2.5,LOW,100
INDOBORAX.NS,BUY,380.5,21.63,6.0,2.3,372.89,388.11,338.29,486.02,2.5,LOW,100
RATNAVEER.NS,BUY,180.51,5.87,12.89,3.13,176.9,184.12,160.0,231.79,2.5,LOW,100
SAKAR.NS,HOLD,808.05,11.74,0.62,2.93,,,734.94,905.54,1.33,LOW,80
ELDEHSG.NS,HOLD,813.95,-0.37,-0.65,1.98,,,764.43,879.97,1.33,LOW,60
NINSYS.NS,BUY,773.0,23.97,12.05,2.14,757.54,788.46,691.3,977.25,2.5,LOW,100
MALLCOM.NS,HOLD,1006.8,-3.53,4.78,3.26,,,923.21,1118.25,1.33,LOW,100
BODALCHEM.NS,HOLD,66.29,-4.57,-0.84,2.66,,,61.31,72.93,1.33,LOW,80
MUKKA.NS,BUY,24.32,3.3,15.53,3.07,23.83,24.81,22.27,29.45,2.5,LOW,100
TECHLABS.NS,SELL,116.05,-39.97,-14.45,2.99,,,132.1,75.93,2.5,LOW,100
MUFTI.NS,BUY,87.46,4.55,3.72,3.05,85.71,89.21,80.31,105.33,2.5,LOW,100
KAMATHOTEL.NS,BUY,185.13,8.38,17.06,2.96,181.43,188.83,168.55,226.57,2.5,LOW,100
SATIA.NS,HOLD,55.79,-10.07,6.06,1.61,,,52.87,59.68,1.33,LOW,100
DWARKESH.NS,SELL,42.69,-5.02,-5.26,1.72,,,45.49,35.68,2.5,LOW,100
KECL.NS,HOLD,113.16,-3.33,13.73,1.87,,,110.11,117.23,1.33,LOW,100
NAHARSPING.NS,SELL,252.1,-2.78,-2.78,1.96,,,271.61,203.31,2.5,LOW,100
KAMDHENU.NS,HOLD,28.23,10.83,0.11,3.34,,,25.95,31.28,1.33,LOW,80
RITCO.NS,BUY,265.25,7.21,7.39,2.4,259.94,270.56,241.23,325.3,2.5,LOW,100
APEX.NS,HOLD,407.8,-8.52,2.15,2.75,,,383.4,440.34,1.33,LOW,100
KOPRAN.NS,BUY,189.63,8.68,6.65,3.3,185.84,193.42,171.29,235.48,2.5,LOW,100
MAGADSUGAR.NS,HOLD,455.05,-5.63,0.91,1.28,,,432.14,485.6,1.33,LOW,80
ATL.NS,HOLD,24.21,-3.63,2.37,1.63,,,22.93,25.92,1.33,LOW,100
PATELRMART.NS,BUY,212.55,3.45,1.79,3.95,208.3,216.8,188.98,271.46,2.5,LOW,80
20MICRONS.NS,BUY,200.08,9.21,11.85,3.28,196.08,204.08,180.76,248.37,2.5,LOW,100
RUBYMILLS.NS,HOLD,332.0,22.64,-3.18,5.31,,,307.23,365.03,1.33,LOW,100
GHCLTEXTIL.NS,BUY,92.59,1.03,1.3,2.47,90.74,94.44,84.78,112.12,2.5,LOW,80
ESFL.NS,SELL,116.1,-7.59,-2.68,1.75,,,124.45,95.23,2.5,LOW,100
PROZONER.NS,SELL,46.18,-12.94,-3.35,1.37,,,50.18,36.18,2.5,LOW,100
STCINDIA.NS,BUY,129.31,6.49,14.48,4.33,126.72,131.9,113.1,169.85,2.5,LOW,100
TREL.NS,BUY,26.56,1.49,3.63,1.5,26.03,27.09,24.22,32.4,2.5,LOW,100
LINC.NS,BUY,115.46,14.05,17.1,2.96,113.15,117.77,105.26,140.97,2.5,LOW,100
MVKAGRO.NS,SELL,389.15,-18.68,-13.94,3.72,,,435.9,272.28,2.5,LOW,100
KSOLVES.NS,HOLD,285.25,-3.13,2.39,1.99,,,269.66,306.04,1.33,LOW,100
LAXMIINDIA.NS,HOLD,101.74,-11.42,1.91,2.86,,,94.58,111.28,1.33,LOW,80
GEECEE.NS,BUY,342.25,7.36,5.62,1.66,335.4,349.1,311.34,419.52,2.5,LOW,100
RUSHIL.NS,BUY,17.38,6.25,19.12,5.08,17.03,17.73,15.12,23.03,2.5,LOW,100
NBIFIN.NS,HOLD,1911.8,-2.06,5.61,1.87,,,1789.44,2074.94,1.33,LOW,100
HLVLTD.NS,HOLD,7.83,-4.35,2.22,1.61,,,7.35,8.47,1.33,LOW,100
THEINVEST.NS,HOLD,98.76,-4.71,6.42,2.33,,,92.16,107.56,1.33,LOW,100
PVP.NS,SELL,28.78,-4.46,-6.77,3.5,,,31.9,20.97,2.5,LOW,100
PPL.NS,BUY,262.74,20.27,10.94,3.34,257.49,267.99,237.25,326.48,2.5,LOW,100
RSWM.NS,HOLD,193.36,9.5,-5.69,3.67,,,174.74,218.19,1.33,LOW,100
DMCC.NS,HOLD,258.85,-5.77,8.17,2.12,,,240.82,282.89,1.33,LOW,100
SHIVALIK.NS,SELL,212.9,-15.66,-6.7,4.46,,,234.23,159.58,2.5,LOW,100
RKSWAMY.NS,BUY,100.5,5.84,2.47,2.24,98.49,102.51,92.73,119.93,2.5,LOW,100
NAHARPOLY.NS,HOLD,253.35,-0.02,4.39,1.27,,,239.85,271.35,1.33,LOW,80
VENUSREM.NS,BUY,1947.0,52.9,13.52,3.62,1908.06,1985.94,1701.81,2559.96,2.5,LOW,100
SUBEXLTD.NS,BUY,11.72,11.42,17.08,3.22,11.49,11.95,10.51,14.74,2.5,LOW,100
SARVESHWAR.NS,HOLD,3.82,-0.05,11.37,2.46,,,3.55,4.18,1.33,LOW,80
REPRO.NS,BUY,372.15,2.16,6.09,2.39,364.71,379.59,342.5,446.28,2.5,LOW,100
ZEEMEDIA.NS,SELL,8.23,-0.78,-3.4,2.02,,,8.95,6.43,2.5,LOW,80
SEJALLTD.NS,HOLD,740.5,-2.7,11.98,3.45,,,681.43,819.26,1.33,LOW,100
GLOSTERLTD.NS,BUY,720.2,10.29,9.64,1.37,705.8,734.6,681.42,817.15,2.5,LOW,100
MINDTECK.NS,HOLD,205.49,-1.46,2.32,1.79,,,194.81,219.73,1.33,LOW,100
AHCL.NS,BUY,16.29,13.99,8.53,2.93,15.96,16.62,14.44,20.92,2.5,LOW,100
NRAIL.NS,HOLD,455.4,-2.66,2.58,1.93,,,426.87,493.44,1.33,LOW,100
HARDWYN.NS,HOLD,24.73,-0.9,2.4,2.14,,,22.97,27.08,1.33,LOW,80
DREAMFOLKS.NS,HOLD,67.54,-11.95,1.14,2.27,,,62.97,73.64,1.33,LOW,80
CELLECOR.NS,HOLD,36.15,-3.98,4.03,2.69,,,33.96,39.06,1.33,LOW,100
ONWARDTEC.NS,BUY,284.7,10.75,13.79,2.37,279.01,290.39,259.56,347.54,2.5,LOW,100
SHREERAMA.NS,HOLD,42.4,-5.55,3.9,3.49,,,38.49,47.61,1.33,LOW,100
ACL.NS,HOLD,52.34,-5.06,-0.96,1.07,,,49.46,56.18,1.33,LOW,80
JAYAGROGN.NS,SELL,210.85,-1.4,-2.52,2.48,,,231.8,158.48,2.5,LOW,100
ACCENTMIC.NS,BUY,459.65,2.98,2.17,2.19,450.46,468.84,426.62,542.22,2.5,LOW,100
APTECHT.NS,HOLD,105.63,2.78,-1.04,3.49,,,95.57,119.05,1.33,LOW,80
MANBA.NS,BUY,132.4,15.17,10.95,2.17,129.75,135.05,121.51,159.63,2.5,LOW,100
MAANALU.NS,HOLD,125.59,-9.03,3.56,2.52,,,119.02,134.34,1.33,LOW,100
EMKAY.NS,BUY,279.27,13.63,5.42,6.27,273.68,284.86,247.42,358.9,2.5,LOW,100
URJA.NS,SELL,9.93,-7.54,-1.97,2.1,,,10.75,7.87,2.5,LOW,80
IRIS.NS,BUY,266.6,8.99,19.2,4.08,261.27,271.93,232.1,352.85,2.5,LOW,100
VISAKAIND.NS,BUY,75.44,6.03,2.28,2.21,73.93,76.95,69.7,89.79,2.5,LOW,100
MODIS.NS,SELL,335.0,-4.94,-3.11,1.08,,,349.67,298.32,2.5,LOW,100
MMP.NS,BUY,279.8,3.6,11.14,2.97,274.2,285.4,253.31,346.01,2.5,LOW,100
HINDCOMPOS.NS,HOLD,411.55,-4.85,2.25,1.55,,,392.64,436.76,1.33,LOW,100
PARSVNATH.NS,SELL,2.81,-46.6,-16.86,0.1,,,2.93,2.51,2.5,LOW,100
ENIL.NS,HOLD,108.44,-4.5,-0.14,1.75,,,100.85,118.56,1.33,LOW,80
PAKKA.NS,HOLD,80.97,-9.75,4.56,2.08,,,76.5,86.92,1.33,LOW,100
GFLLIMITED.NS,HOLD,46.61,-0.98,0.69,2.06,,,43.63,50.58,1.33,LOW,60
MENONBE.NS,HOLD,161.7,11.3,-2.74,5.06,,,144.0,185.3,1.33,LOW,100
CSLFINANCE.NS,HOLD,225.97,-1.81,-0.27,1.22,,,215.84,239.47,1.33,LOW,80
GCSL.NS,HOLD,411.95,5.03,-3.51,1.68,,,387.92,443.99,1.33,LOW,100
MIRCELECTR.NS,BUY,42.06,9.72,17.65,2.86,41.22,42.9,38.72,50.4,2.5,LOW,100
CHEVIOT.NS,HOLD,1120.2,-1.95,4.33,1.34,,,1083.66,1168.91,1.33,LOW,100
SCHAND.NS,HOLD,147.31,-6.65,3.11,1.79,,,140.76,156.05,1.33,LOW,100
KILITCH.NS,BUY,185.31,9.66,1.94,3.51,181.6,189.02,164.21,238.05,2.5,LOW,80
KRITI.NS,HOLD,70.77,-7.81,1.1,2.09,,,66.19,76.87,1.33,LOW,80
DBEIL.NS,BUY,8.35,2.34,6.67,3.28,8.18,8.52,7.48,10.52,2.5,LOW,100
INDSWFTLAB.NS,BUY,200.9,34.24,26.65,4.2,196.88,204.92,182.17,247.73,2.5,LOW,100
VERTOZ.NS,SELL,37.92,-18.4,-17.37,3.27,,,43.4,24.22,2.5,LOW,100
FOODSIN.NS,HOLD,55.96,-3.52,3.76,2.39,,,52.46,60.63,1.33,LOW,100
SICALLOG.NS,BUY,95.91,31.6,20.61,2.95,93.99,97.83,89.47,112.01,2.5,LOW,100
MWL.NS,HOLD,371.05,5.18,-1.3,0.78,,,358.43,387.87,1.33,LOW,80
ASIANHOTNR.NS,HOLD,296.35,-1.05,-0.08,1.27,,,279.92,318.26,1.33,LOW,80
GANESHBE.NS,HOLD,103.64,3.17,-4.24,3.71,,,95.7,114.23,1.33,LOW,100
IGCL.NS,HOLD,59.39,-3.94,6.34,3.76,,,54.41,66.03,1.33,LOW,100
BORANA.NS,SELL,304.45,-8.47,-5.95,2.36,,,328.43,244.5,2.5,LOW,100
TIRUPATI.NS,BUY,510.0,5.46,2.41,1.13,499.8,520.2,507.83,515.43,2.5,LOW,100
SHALPAINTS.NS,BUY,52.11,0.66,1.72,3.23,51.07,53.15,47.47,63.71,2.5,LOW,60
SBGLP.NS,SELL,25.55,-3.66,-1.2,2.16,,,28.14,19.07,2.5,LOW,80
TOLINS.NS,HOLD,106.06,-0.25,7.96,3.2,,,100.93,112.9,1.33,LOW,80
ONMOBILE.NS,BUY,57.08,8.29,17.79,2.13,55.94,58.22,53.09,67.07,2.5,LOW,100
GLOTTIS.NS,HOLD,67.51,6.72,0.04,1.14,,,63.62,72.7,1.33,LOW,80
IRISDOREME.NS,BUY,39.65,8.29,10.48,1.98,38.86,40.44,35.59,49.79,2.5,LOW,100
NILASPACES.NS,HOLD,12.86,-2.34,7.89,2.39,,,11.93,14.1,1.33,LOW,100
GIRIRAJ.NS,SELL,130.0,-19.84,-2.26,3.83,,,144.61,93.48,2.5,LOW,100
SILINV.NS,HOLD,421.05,-4.57,2.4,1.13,,,399.21,450.17,1.33,LOW,100
SPECIALITY.NS,BUY,127.24,17.99,23.03,3.9,124.7,129.78,111.83,165.76,2.5,LOW,100
GPECO.NS,HOLD,425.4,3.8,-3.16,2.98,,,399.37,460.1,1.33,LOW,100
OCCLLTD.NS,BUY,126.66,14.02,3.09,4.91,124.13,129.19,109.02,170.75,2.5,LOW,100
MOS.NS,SELL,11.85,-15.82,-27.96,3.76,,,13.38,8.03,2.5,LOW,100
SUTLEJTEX.NS,BUY,37.28,0.53,6.09,3.44,36.53,38.03,33.35,47.1,2.5,LOW,80
RPPINFRA.NS,HOLD,64.95,-8.95,9.23,4.62,,,60.38,71.04,1.33,LOW,100
PYRAMID.NS,BUY,170.54,1.56,5.34,1.69,167.13,173.95,157.34,203.53,2.5,LOW,100
PRIMO.NS,HOLD,24.11,1.12,-0.33,5.13,,,22.23,26.62,1.33,LOW,80
FOCUS.NS,HOLD,88.7,3.95,-1.1,2.39,,,82.88,96.45,1.33,LOW,80
SJLOGISTIC.NS,HOLD,335.85,2.83,-1.74,3.74,,,309.58,370.88,1.33,LOW,80
TARACHAND.NS,HOLD,57.12,-3.74,6.11,2.48,,,53.57,61.86,1.33,LOW,100
CONSOFINVT.NS,HOLD,225.11,-1.1,0.03,1.69,,,210.83,244.15,1.33,LOW,80
KRONOX.NS,BUY,153.12,11.23,16.31,3.3,150.06,156.18,139.3,187.68,2.5,LOW,100
RADIANTCMS.NS,HOLD,39.35,-3.56,0.49,1.73,,,37.21,42.2,1.33,LOW,80
BAHETI.NS,BUY,719.25,17.1,20.23,2.31,704.87,733.63,671.19,839.41,2.5,LOW,100
HMVL.NS,BUY,85.29,18.65,8.18,3.02,83.58,87.0,76.6,107.03,2.5,LOW,100
KAYA.NS,HOLD,246.94,-2.24,4.8,3.69,,,230.47,268.9,1.33,LOW,100
ESSARSHPNG.NS,HOLD,23.23,-6.03,4.17,2.04,,,21.71,25.26,1.33,LOW,100
INTLCONV.NS,BUY,81.98,2.52,5.1,1.93,80.34,83.62,75.99,96.96,2.5,LOW,100
EMAMIPAP.NS,BUY,85.25,5.02,5.85,3.0,83.55,86.95,78.31,102.6,2.5,LOW,100
ZODIAC.NS,HOLD,275.9,-7.89,3.96,1.87,,,261.82,294.68,1.33,LOW,100
EIFFL.NS,BUY,331.04,31.0,43.38,6.16,324.42,337.66,286.78,441.69,2.5,LOW,100
DIGISPICE.NS,SELL,19.68,-1.84,-3.15,1.53,,,21.72,14.58,2.5,LOW,100
SURAJLTD.NS,HOLD,228.53,-2.89,1.47,1.93,,,217.47,243.28,1.33,LOW,80
MBLINFRA.NS,SELL,25.0,-5.44,-6.16,4.25,,,28.73,15.67,2.5,LOW,100
COMSYN.NS,HOLD,162.13,3.02,-4.28,3.08,,,148.77,179.94,1.33,LOW,100
PRECOT.NS,BUY,736.2,9.16,10.85,3.66,721.48,750.92,657.71,932.43,2.5,LOW,100
VINSYS.NS,BUY,464.6,31.85,26.51,3.44,455.31,473.89,426.49,559.89,2.5,LOW,100
TPLPLASTEH.NS,BUY,71.89,6.99,10.5,2.76,70.45,73.33,66.07,86.44,2.5,LOW,100
ALLETEC.NS,HOLD,140.5,-9.31,2.14,3.17,,,130.31,154.09,1.33,LOW,100
RBZJEWEL.NS,HOLD,128.61,-3.73,-0.23,2.64,,,119.11,141.28,1.33,LOW,80
HILINFRA.NS,HOLD,47.14,-5.56,0.73,1.07,,,45.13,49.82,1.33,LOW,80
RAMAPHO.NS,HOLD,129.72,0.16,7.19,2.3,,,121.02,141.31,1.33,LOW,80
ORIENTPPR.NS,HOLD,17.11,-4.84,1.48,1.62,,,16.29,18.2,1.33,LOW,80
GVKPIL.NS,SELL,2.7,-11.93,-5.26,1.14,,,2.84,2.34,2.5,LOW,100
LIBERTSHOE.NS,BUY,269.59,8.22,15.79,2.49,264.2,274.98,245.16,330.67,2.5,LOW,100
KNAGRI.NS,BUY,210.98,7.57,10.01,2.19,206.76,215.2,195.49,249.72,2.5,LOW,100
ANNAPURNA.NS,SELL,129.65,-11.74,-4.7,2.37,,,137.17,110.85,2.5,LOW,100
BELLACASA.NS,HOLD,244.96,-1.85,8.64,2.8,,,226.62,269.41,1.33,LOW,100
BMWVENTLTD.NS,SELL,57.87,-5.75,-2.18,1.7,,,61.48,48.85,2.5,LOW,100
PARIN.NS,HOLD,720.55,6.89,0.06,0.88,,,672.54,784.56,1.33,LOW,80
KAPSTON.NS,BUY,364.45,7.35,8.97,1.77,357.16,371.74,332.41,444.54,2.5,LOW,100
ADVANIHOTR.NS,HOLD,53.24,0.47,5.82,1.59,,,50.69,56.65,1.33,LOW,80
DBOL.NS,HOLD,112.05,-1.1,-0.33,2.25,,,104.51,122.1,1.33,LOW,80
TRACXN.NS,SELL,30.44,-6.36,-1.2,1.75,,,32.52,25.24,2.5,LOW,80
MUNJALSHOW.NS,HOLD,128.25,-2.81,0.14,1.85,,,124.62,133.09,1.33,LOW,80
SREEL.NS,BUY,218.21,13.59,12.56,2.22,213.85,222.57,199.14,265.9,2.5,LOW,100
ORBTEXP.NS,BUY,235.98,30.99,22.79,8.12,231.26,240.7,192.37,345.0,2.5,LOW,100
MAZDA.NS,BUY,235.66,8.22,5.56,2.98,230.95,240.37,216.26,284.16,2.5,LOW,100
VISASTEEL.NS,HOLD,41.16,-9.61,0.76,3.48,,,37.02,46.68,1.33,LOW,80
GUJAPOLLO.NS,HOLD,359.5,-9.74,-0.76,1.85,,,338.03,388.12,1.33,LOW,80
TRANSWORLD.NS,BUY,171.24,2.85,8.7,3.52,167.82,174.66,150.67,222.65,2.5,LOW,100
PTL.NS,BUY,42.13,5.17,5.27,1.08,41.29,42.97,40.09,47.24,2.5,LOW,100
DPEL.NS,SELL,476.05,-2.82,-2.48,0.76,,,499.5,417.42,2.5,LOW,100
EFFWA.NS,BUY,365.0,30.03,18.45,2.9,357.7,372.3,329.79,453.02,2.5,LOW,100
MEGATHERM.NS,HOLD,216.7,-9.86,13.81,4.49,,,200.1,238.84,1.33,LOW,100
AVONMORE.NS,HOLD,10.55,-6.78,4.66,2.72,,,9.61,11.81,1.33,LOW,100
WSI.NS,SELL,67.41,-3.66,-2.38,1.76,,,72.6,54.45,2.5,LOW,100
SUPREMEPWR.NS,BUY,256.8,4.45,9.3,3.26,251.66,261.94,235.86,309.16,2.5,LOW,100
SUKHJITS.NS,HOLD,178.64,-1.88,5.34,2.69,,,169.23,191.19,1.33,LOW,100
MGEL.NS,HOLD,16.1,10.77,0.5,2.36,,,14.77,17.87,1.33,LOW,80
CGRAPHICS.NS,HOLD,144.95,-6.0,-0.28,1.63,,,136.55,156.15,1.33,LOW,80
DONEAR.NS,HOLD,90.58,-0.91,3.12,1.39,,,87.08,95.25,1.33,LOW,80
TERASOFT.NS,HOLD,408.55,8.91,-1.98,3.12,,,376.46,451.34,1.33,LOW,80
MODISONLTD.NS,HOLD,321.15,38.46,0.06,4.3,,,288.99,364.03,1.33,LOW,80
VINYLINDIA.NS,HOLD,257.0,-0.08,7.67,1.76,,,241.62,277.51,1.33,LOW,80
DICIND.NS,HOLD,509.65,-2.08,3.99,2.74,,,468.61,564.36,1.33,LOW,100
CPEDU.NS,BUY,216.89,13.42,24.97,3.23,212.55,221.23,197.26,265.96,2.5,LOW,100
EUROBOND.NS,HOLD,171.16,-3.47,0.95,2.41,,,156.87,190.22,1.33,LOW,80
MIRZAINT.NS,BUY,35.49,11.8,23.23,3.01,34.78,36.2,32.48,43.01,2.5,LOW,100
ATMASTCO.NS,SELL,169.75,-1.4,-2.08,2.17,,,186.84,127.04,2.5,LOW,100
CLEDUCATE.NS,HOLD,49.0,2.27,-10.71,3.11,,,46.89,51.82,1.33,LOW,100
PAVNAIND.NS,HOLD,17.64,-5.02,9.23,2.45,,,16.28,19.45,1.33,LOW,100
SOFTTECH.NS,BUY,440.0,7.95,5.28,2.41,431.2,448.8,424.51,478.71,2.5,LOW,100
NAHARINDUS.NS,BUY,119.7,4.21,3.28,1.82,117.31,122.09,112.26,138.3,2.5,LOW,100
CYBERTECH.NS,BUY,151.12,9.1,13.05,3.35,148.1,154.14,137.65,184.8,2.5,LOW,100
MEDICAMEQ.NS,HOLD,228.2,-11.52,1.92,3.78,,,208.8,254.07,1.33,LOW,80
PANACHE.NS,BUY,434.35,21.04,18.67,3.37,425.66,443.04,388.48,549.03,2.5,LOW,100
HCL-INSYS.NS,HOLD,12.31,-0.07,4.77,3.43,,,11.35,13.59,1.33,LOW,80
MODINATUR.NS,SELL,399.85,-2.1,-4.59,2.57,,,445.34,286.14,2.5,LOW,100
ABSMARINE.NS,HOLD,239.95,-0.75,4.9,2.74,,,223.96,261.27,1.33,LOW,80
KOTHARIPRO.NS,HOLD,71.09,-1.83,3.78,1.78,,,66.95,76.62,1.33,LOW,100
HTMEDIA.NS,HOLD,22.38,0.24,-0.53,1.44,,,21.2,23.95,1.33,LOW,60
VRAJ.NS,SELL,117.97,-5.88,-1.88,1.67,,,126.69,96.16,2.5,LOW,80
UGARSUGAR.NS,SELL,38.6,-6.95,-1.03,1.65,,,41.34,31.75,2.5,LOW,80
XTGLOBAL.NS,HOLD,30.96,-0.26,8.29,2.94,,,28.32,34.48,1.33,LOW,80
SINCLAIR.NS,BUY,78.16,0.75,3.55,1.47,76.6,79.72,72.31,92.78,2.5,LOW,80
DAVANGERE.NS,HOLD,3.59,-4.18,-0.55,1.98,,,3.43,3.8,1.33,LOW,80
HIGREEN.NS,BUY,141.8,3.17,21.09,3.76,138.96,144.64,126.65,179.67,2.5,LOW,100
MOLDTECH.NS,BUY,133.1,4.37,7.39,2.31,130.44,135.76,121.95,160.97,2.5,LOW,100
PREMIERPOL.NS,BUY,62.69,11.92,13.84,1.95,61.44,63.94,57.22,76.37,2.5,LOW,100
ARIES.NS,HOLD,339.3,-3.93,3.95,2.36,,,322.59,361.59,1.33,LOW,100
NDL.NS,SELL,2.46,-8.22,-1.2,2.39,,,2.69,1.88,2.5,LOW,80
SIGMA.NS,SELL,39.02,-6.79,-3.49,1.67,,,42.54,30.21,2.5,LOW,100
SAHAJSOLAR.NS,HOLD,131.35,-8.84,1.86,2.08,,,124.36,140.66,1.33,LOW,80
NAHARCAP.NS,HOLD,252.5,-0.83,2.77,1.66,,,239.79,269.44,1.33,LOW,80
SPENCERS.NS,HOLD,36.0,-0.58,3.75,2.35,,,33.68,39.09,1.33,LOW,80
POLYSIL.NS,HOLD,139.0,-5.38,5.9,3.36,,,126.05,156.27,1.33,LOW,100
ORIENTCER.NS,HOLD,39.77,-1.77,6.17,2.43,,,36.62,43.97,1.33,LOW,100
PLASTIBLEN.NS,BUY,176.34,4.04,4.86,1.83,172.81,179.87,165.15,204.3,2.5,LOW,100
BIRLACABLE.NS,BUY,207.74,14.12,12.36,4.26,203.59,211.89,182.62,270.55,2.5,LOW,100
LORDSCHLO.NS,HOLD,133.16,-4.79,-0.53,2.19,,,124.45,144.77,1.33,LOW,80
AMANTA.NS,BUY,160.68,17.24,8.11,3.81,157.47,163.89,141.66,208.24,2.5,LOW,100
GSLSU.NS,SELL,45.72,-16.43,-4.85,3.87,,,52.85,27.9,2.5,LOW,100
THOMASCOTT.NS,BUY,320.8,16.51,27.48,4.52,314.38,327.22,287.29,404.57,2.5,LOW,100
KANPRPLA.NS,HOLD,189.69,-5.04,0.29,2.05,,,175.21,208.99,1.33,LOW,80
NRL.NS,BUY,83.01,30.87,10.5,3.01,81.35,84.67,74.2,105.05,2.5,LOW,100
MCLEODRUSS.NS,SELL,59.97,-6.46,-8.33,1.5,,,62.57,53.46,2.5,LOW,100
MUTHOOTCAP.NS,HOLD,202.68,-0.36,4.09,1.41,,,190.44,219.0,1.33,LOW,80
PANSARI.NS,HOLD,286.25,-0.55,2.45,2.85,,,258.79,322.86,1.33,LOW,80
MONEYBOXX.NS,SELL,66.78,-7.17,-3.11,1.49,,,72.07,53.54,2.5,LOW,100
SOUTHWEST.NS,SELL,223.75,-8.71,-6.83,3.44,,,256.8,141.13,2.5,LOW,100
ALBERTDAVD.NS,HOLD,708.5,-1.93,1.96,1.46,,,676.58,751.06,1.33,LOW,80
SRD.NS,HOLD,41.18,-1.77,2.69,2.15,,,38.22,45.13,1.33,LOW,100
SRGHFL.NS,BUY,296.5,3.87,6.33,1.69,290.57,302.43,273.64,353.66,2.5,LOW,100
RAMANEWS.NS,HOLD,29.06,-5.13,0.24,1.33,,,27.14,31.62,1.33,LOW,80
KRITINUT.NS,HOLD,82.93,-7.59,1.75,2.04,,,77.54,90.11,1.33,LOW,80
CHEMBONDCH.NS,BUY,225.6,25.23,29.62,3.23,221.09,230.11,203.83,280.04,2.5,LOW,100
TIRUPATIFL.NS,BUY,48.36,8.57,10.99,2.01,47.39,49.33,43.87,59.57,2.5,LOW,100
PCCL.NS,SELL,247.95,-10.9,-8.69,4.36,,,284.23,157.25,2.5,LOW,100
RBMINFRA.NS,SELL,286.05,-19.53,-6.21,5.17,,,312.7,219.42,2.5,LOW,100
VALIANTLAB.NS,HOLD,68.0,-8.15,1.45,2.32,,,63.23,74.35,1.33,LOW,80
EMAMIREAL.NS,HOLD,83.42,-6.45,0.26,2.26,,,79.41,88.76,1.33,LOW,80
MANAKSIA.NS,HOLD,58.41,-2.32,2.6,1.9,,,55.17,62.73,1.33,LOW,100
NOVAAGRI.NS,SELL,24.87,-10.69,-9.69,2.23,,,27.08,19.34,2.5,LOW,100
SWARAJ.NS,BUY,266.8,0.59,6.89,3.64,261.46,272.14,241.15,330.92,2.5,LOW,80
MANORG.NS,BUY,552.2,4.75,23.23,3.49,541.16,563.24,498.01,687.66,2.5,LOW,100
REMSONSIND.NS,SELL,81.99,-15.33,-2.94,2.44,,,89.94,62.1,2.5,LOW,100
TIGERLOGS.NS,BUY,37.95,5.98,8.49,2.59,37.19,38.71,34.46,46.69,2.5,LOW,100
GLOBECIVIL.NS,HOLD,43.38,-2.54,12.79,2.63,,,40.36,47.41,1.33,LOW,100
KHADIM.NS,BUY,108.89,4.06,13.99,2.33,106.71,111.07,99.79,131.63,2.5,LOW,100
PASUPTAC.NS,HOLD,63.58,7.87,-5.78,4.75,,,57.21,72.07,1.33,LOW,100
ASHIMASYN.NS,SELL,15.2,-5.84,-4.94,1.58,,,16.7,11.44,2.5,LOW,100
BANSWRAS.NS,BUY,133.15,7.43,4.83,3.54,130.49,135.81,115.14,178.18,2.5,LOW,100
FILATFASH.NS,HOLD,0.19,-18.52,0.0,3.44,,,0.17,0.22,1.33,LOW,80
S&SPOWER.NS,SELL,378.5,-2.38,-4.71,2.32,,,422.79,267.79,2.5,LOW,100
HPAL.NS,HOLD,35.5,-4.99,1.54,2.21,,,33.23,38.53,1.33,LOW,80
RUBFILA.NS,HOLD,70.85,-4.31,0.98,2.11,,,67.2,75.72,1.33,LOW,80
GENUSPAPER.NS,HOLD,12.1,-6.28,3.42,1.76,,,11.35,13.1,1.33,LOW,100
DENORA.NS,BUY,929.4,19.61,26.85,3.35,910.81,947.99,838.0,1157.9,2.5,LOW,100
ORIENTBELL.NS,HOLD,319.0,-1.52,0.9,1.92,,,301.93,341.76,1.33,LOW,80
RHL.NS,HOLD,177.3,-3.15,0.16,2.13,,,165.68,192.79,1.33,LOW,80
TICL.NS,SELL,17.06,-22.75,-17.98,3.25,,,19.81,10.18,2.5,LOW,100
SPCENET.NS,BUY,3.85,0.87,18.46,4.36,3.77,3.93,3.33,5.14,2.5,LOW,80
JKIPL.NS,BUY,106.03,11.45,8.49,3.22,103.91,108.15,95.23,133.02,2.5,LOW,100
BEDMUTHA.NS,HOLD,108.33,-2.47,-0.07,2.07,,,101.64,117.25,1.33,LOW,80
INFOLLION.NS,SELL,171.55,-14.89,-1.41,2.57,,,181.76,146.03,2.5,LOW,80
WELINV.NS,BUY,1798.9,6.16,4.16,2.56,1762.92,1834.88,1657.49,2152.44,2.5,LOW,100
NILAINFRA.NS,SELL,7.68,-5.77,-1.16,1.2,,,8.2,6.37,2.5,LOW,80
UNIDT.NS,SELL,218.72,-1.98,-7.48,1.94,,,242.13,160.19,2.5,LOW,100
VISHNUINFR.NS,SELL,162.0,-0.92,-1.22,2.68,,,173.03,134.43,2.5,LOW,60
AVPINFRA.NS,SELL,67.7,-17.44,-6.04,2.14,,,72.93,54.63,2.5,LOW,100
DEVX.NS,HOLD,35.72,-8.75,-0.2,1.2,,,33.89,38.16,1.33,LOW,80
AARON.NS,HOLD,118.16,-7.51,2.97,1.72,,,111.42,127.15,1.33,LOW,100
GICL.NS,SELL,18.09,-47.74,-18.0,6.44,,,21.26,10.15,2.5,LOW,100
GOKUL.NS,BUY,41.6,1.62,4.03,2.67,40.77,42.43,37.45,51.97,2.5,LOW,100
GOACARBON.NS,BUY,395.4,0.81,5.2,2.11,387.49,403.31,363.01,476.36,2.5,LOW,80
RUCHIRA.NS,HOLD,112.36,-3.83,4.07,2.06,,,107.28,119.14,1.33,LOW,100
SHIVAUM.NS,BUY,405.0,17.86,13.84,2.79,396.9,413.1,379.61,468.48,2.5,LOW,100
PHANTOMFX.NS,HOLD,184.05,-3.74,11.55,2.58,,,172.16,199.9,1.33,LOW,100
MANAKSTEEL.NS,BUY,73.87,7.72,11.67,1.79,72.39,75.35,67.14,90.7,2.5,LOW,100
AARTISURF.NS,HOLD,373.75,-4.83,3.95,2.21,,,352.36,402.26,1.33,LOW,100
SAKUMA.NS,HOLD,1.9,0.06,1.6,2.72,,,1.78,2.06,1.33,LOW,60
ASMS.NS,HOLD,7.23,-6.0,2.12,2.84,,,6.73,7.89,1.33,LOW,100
VIKASLIFE.NS,HOLD,1.46,-4.05,1.39,1.25,,,1.39,1.55,1.33,LOW,80
BBTCL.NS,HOLD,214.07,4.26,-4.89,3.42,,,197.99,235.51,1.33,LOW,100
MAHEPC.NS,BUY,121.12,3.47,14.36,2.26,118.7,123.54,111.63,144.84,2.5,LOW,100
GOLDKART.NS,SELL,136.9,-17.99,-9.73,1.54,,,139.01,131.63,2.5,LOW,100
DYNPRO.NS,HOLD,235.2,-0.11,1.2,3.25,,,221.38,253.63,1.33,LOW,60
IL&FSENGG.NS,BUY,30.45,7.68,4.86,3.11,29.84,31.06,26.95,39.2,2.5,LOW,100
INFINIUM.NS,HOLD,209.75,-0.07,4.88,2.23,,,197.69,225.84,1.33,LOW,80
FCSSOFT.NS,SELL,1.52,-7.06,-9.52,2.66,,,1.58,1.37,2.5,LOW,100
ZIMLAB.NS,BUY,124.9,23.09,11.52,2.91,122.4,127.4,109.21,164.13,2.5,LOW,100
APCL.NS,HOLD,109.68,-5.11,4.9,3.1,,,99.44,123.34,1.33,LOW,100
SUMIT.NS,HOLD,40.1,-13.33,0.65,2.97,,,37.14,44.04,1.33,LOW,80
SHREEKARNI.NS,BUY,475.0,9.56,12.83,2.39,465.5,484.5,451.19,534.52,2.5,LOW,100
ROSSELLIND.NS,BUY,57.64,3.93,6.9,1.66,56.49,58.79,52.79,69.78,2.5,LOW,100
BCONCEPTS.NS,SELL,167.14,-21.63,-6.13,2.29,,,185.26,121.83,2.5,LOW,100
VARDMNPOLY.NS,BUY,6.97,1.06,1.46,2.68,6.83,7.11,5.7,10.14,2.5,LOW,80
INM.NS,BUY,179.0,6.0,5.29,4.38,175.42,182.58,168.25,205.87,2.5,LOW,100
SYSTANGO.NS,HOLD,231.6,-4.97,5.95,2.67,,,219.97,247.11,1.33,LOW,100
OILCOUNTUB.NS,BUY,59.13,2.0,5.4,2.33,57.95,60.31,53.51,73.17,2.5,LOW,100
VGL.NS,HOLD,66.03,1.2,-3.94,3.76,,,58.87,75.58,1.33,LOW,100
3IINFOLTD.NS,HOLD,17.29,-0.75,1.53,1.65,,,16.39,18.49,1.33,LOW,60
IITL.NS,SELL,128.72,-16.17,-7.6,3.48,,,147.74,81.16,2.5,LOW,100
DCI.NS,HOLD,269.05,-4.88,0.54,1.49,,,256.82,285.35,1.33,LOW,80
INSPIRISYS.NS,HOLD,109.0,3.53,-1.12,1.9,,,100.18,120.75,1.33,LOW,80
WTICAB.NS,BUY,112.0,9.92,19.66,5.51,109.76,114.24,93.9,157.25,2.5,LOW,100
SHIVAMAUTO.NS,SELL,16.63,-8.85,-1.01,1.09,,,18.17,12.78,2.5,LOW,80
GINNIFILA.NS,BUY,49.16,13.19,16.03,4.75,48.18,50.14,43.58,63.12,2.5,LOW,100
PROV.NS,BUY,1530.0,4.99,3.31,2.52,1499.4,1560.6,1407.45,1836.37,2.5,LOW,100
MEDICO.NS,SELL,40.28,-7.42,-2.87,1.66,,,44.33,30.14,2.5,LOW,100
BALAJEE.NS,HOLD,29.29,-4.78,3.43,1.28,,,27.35,31.88,1.33,LOW,100
RCOM.NS,SELL,0.91,-3.76,-1.09,1.92,,,0.98,0.75,2.5,LOW,80
BROOKS.NS,BUY,73.55,20.85,13.07,3.1,72.08,75.02,66.75,90.55,2.5,LOW,100
NDGL.NS,HOLD,2595.3,-0.85,5.19,2.3,,,2391.39,2867.19,1.33,LOW,80
LOKESHMACH.NS,BUY,272.45,4.43,6.43,2.81,267.0,277.9,244.31,342.79,2.5,LOW,100
NECLIFE.NS,HOLD,11.42,-6.63,0.26,2.03,,,10.63,12.48,1.33,LOW,80
EXXARO.NS,BUY,6.85,1.07,7.03,5.3,6.71,6.99,5.73,9.64,2.5,LOW,100
BPL.NS,BUY,56.6,3.02,11.13,3.09,55.47,57.73,51.81,68.59,2.5,LOW,100
TRF.NS,HOLD,246.37,-0.27,10.78,2.91,,,227.36,271.72,1.33,LOW,80
HALEOSLABS.NS,HOLD,1399.4,-5.27,-0.26,3.04,,,1288.24,1547.61,1.33,LOW,80
HARRMALAYA.NS,HOLD,204.7,-3.26,1.41,2.43,,,189.85,224.5,1.33,LOW,80
MANCREDIT.NS,BUY,232.73,23.34,8.32,2.77,228.08,237.38,209.07,291.88,2.5,LOW,100
ASAHISONG.NS,BUY,255.96,3.3,1.71,2.8,250.84,261.08,236.17,305.43,2.5,LOW,80
GLOBAL.NS,BUY,106.02,1.33,5.11,2.68,103.9,108.14,97.01,128.55,2.5,LOW,100
URAVIDEF.NS,HOLD,113.83,-9.08,-0.48,1.61,,,104.05,126.86,1.33,LOW,80
RACE.NS,HOLD,111.21,-6.21,3.93,1.83,,,104.5,120.16,1.33,LOW,100
EFACTOR.NS,SELL,181.0,-12.15,-2.16,2.15,,,193.38,150.05,2.5,LOW,100
KANORICHEM.NS,BUY,132.07,37.22,43.03,3.28,129.43,134.71,118.37,166.31,2.5,LOW,100
MARKOLINES.NS,BUY,173.59,7.1,5.51,1.46,170.12,177.06,163.15,199.69,2.5,LOW,100
ALANKIT.NS,HOLD,8.33,-5.56,2.21,1.73,,,7.78,9.07,1.33,LOW,100
GEEKAYWIRE.NS,BUY,26.51,4.68,24.93,3.61,25.98,27.04,23.96,32.89,2.5,LOW,100
SKP.NS,HOLD,155.6,-2.46,5.14,2.42,,,147.99,165.74,1.33,LOW,100
CMNL.NS,SELL,100.0,-14.88,-4.76,3.98,,,109.68,75.8,2.5,LOW,100
VLEGOV.NS,SELL,12.95,-9.11,-4.07,1.96,,,14.33,9.49,2.5,LOW,100
DPWIRES.NS,BUY,213.03,17.03,24.33,2.9,208.77,217.29,192.13,265.27,2.5,LOW,100
MASON.NS,HOLD,126.0,-5.12,9.47,6.61,,,113.16,143.12,1.33,LOW,100
VIKASECO.NS,SELL,1.23,-7.39,-1.6,1.13,,,1.3,1.06,2.5,LOW,80
BHAGYANGR.NS,BUY,392.15,30.46,28.66,4.25,384.31,399.99,352.55,491.15,2.5,LOW,100
KCPSUGIND.NS,SELL,22.13,-9.83,-1.78,3.08,,,23.6,18.45,2.5,LOW,80
MAWANASUG.NS,BUY,105.59,3.36,8.25,2.62,103.48,107.7,97.58,125.61,2.5,LOW,100
APOLSINHOT.NS,HOLD,1275.9,5.79,-1.41,2.77,,,1174.16,1411.56,1.33,LOW,80
BYKE.NS,HOLD,33.64,-7.28,0.78,2.7,,,30.81,37.41,1.33,LOW,80
SSDL.NS,HOLD,57.28,-4.76,5.37,2.04,,,53.52,62.29,1.33,LOW,100
VARDHACRLC.NS,BUY,44.6,5.84,2.84,2.07,43.71,45.49,41.07,53.41,2.5,LOW,100
SHRADHA.NS,HOLD,33.97,-6.17,1.46,1.95,,,31.65,37.06,1.33,LOW,80
MANOMAY.NS,SELL,185.19,-4.02,-3.74,3.01,,,211.27,119.99,2.5,LOW,100
LYKALABS.NS,BUY,69.85,11.71,1.23,3.47,68.45,71.25,60.24,93.87,2.5,LOW,80
AVG.NS,BUY,183.96,11.46,9.36,3.6,180.28,187.64,157.25,250.74,2.5,LOW,100
AFFORDABLE.NS,SELL,169.49,-3.03,-2.27,2.37,,,183.6,134.2,2.5,LOW,100
NIPPOBATRY.NS,HOLD,345.3,-3.57,3.54,2.52,,,320.72,378.08,1.33,LOW,100
ATLANTAA.NS,HOLD,39.85,-3.99,0.68,1.63,,,37.24,43.32,1.33,LOW,80
FROG.NS,HOLD,168.05,-0.09,-2.38,2.98,,,154.65,185.92,1.33,LOW,80
ALMONDZ.NS,SELL,13.03,-12.08,-3.55,2.29,,,14.61,9.08,2.5,LOW,100
SINTERCOM.NS,HOLD,74.24,-2.81,3.07,2.85,,,68.24,82.24,1.33,LOW,100
GOLDTECH.NS,BUY,51.88,23.01,26.32,5.44,50.84,52.92,46.29,65.87,2.5,LOW,100
PPAP.NS,HOLD,231.17,5.66,-5.58,5.1,,,209.27,260.37,1.33,LOW,100
HITECHCORP.NS,BUY,318.04,50.52,2.35,3.66,311.68,324.4,293.35,379.77,2.5,LOW,100
NATHBIOGEN.NS,HOLD,168.4,-1.24,1.8,2.36,,,159.02,180.91,1.33,LOW,80
VMSTMT.NS,SELL,43.6,-7.16,-1.38,1.42,,,46.38,36.64,2.5,LOW,80
SHERA.NS,BUY,160.55,1.89,5.63,2.43,157.34,163.76,147.54,193.07,2.5,LOW,100
DIAMINESQ.NS,SELL,240.96,-6.38,-1.55,1.8,,,260.32,192.57,2.5,LOW,80
VIPCLOTHNG.NS,HOLD,25.11,1.97,0.8,1.73,,,23.48,27.29,1.33,LOW,80
TREJHARA.NS,HOLD,141.97,-6.87,5.12,2.25,,,128.44,160.01,1.33,LOW,100
AXITA.NS,SELL,7.57,-5.29,-1.17,1.24,,,8.13,6.18,2.5,LOW,80
AUTOIND.NS,BUY,88.08,15.86,23.79,2.57,86.32,89.84,80.16,107.89,2.5,LOW,100
SAAKSHI.NS,BUY,305.0,26.12,19.14,2.78,298.9,311.1,279.09,369.77,2.5,LOW,100
AFIL.NS,BUY,10.38,7.64,5.6,2.44,10.17,10.59,9.14,13.48,2.5,LOW,100
JAINAM.NS,HOLD,255.0,1.63,-3.76,2.95,,,246.51,266.31,1.33,LOW,100
A2ZINFRA.NS,SELL,13.82,-10.0,-2.06,1.88,,,15.03,10.79,2.5,LOW,100
SHEMAROO.NS,BUY,128.27,18.04,11.93,3.79,125.7,130.84,111.27,170.76,2.5,LOW,100
RVHL.NS,HOLD,45.95,9.13,-2.28,4.86,,,40.68,52.97,1.33,LOW,100
SOMATEX.NS,HOLD,94.68,-9.07,0.55,2.85,,,86.54,105.53,1.33,LOW,80
PRAMARA.NS,SELL,132.95,-44.17,-2.78,3.78,,,149.08,92.63,2.5,LOW,100
NAGAFERT.NS,SELL,3.35,-11.38,-9.46,1.49,,,3.4,3.22,2.5,LOW,100
GRETEX.NS,HOLD,265.0,-0.94,4.0,1.75,,,261.57,269.57,1.33,LOW,80
SUPREME.NS,HOLD,47.63,-3.33,7.93,3.29,,,43.81,52.73,1.33,LOW,100
PRIZOR.NS,BUY,906.5,27.97,9.14,3.23,888.37,924.63,819.16,1124.86,2.5,LOW,100
OMFREIGHT.NS,BUY,91.24,7.92,11.13,2.37,89.42,93.06,83.97,109.42,2.5,LOW,100
PILITA.NS,BUY,8.43,2.81,5.64,1.86,8.26,8.6,7.65,10.39,2.5,LOW,100
UNIHEALTH.NS,BUY,575.0,20.79,23.46,3.31,563.5,586.5,514.56,726.09,2.5,LOW,100
BAFNAPH.NS,BUY,194.68,33.19,11.79,5.49,190.79,198.57,169.26,258.23,2.5,LOW,100
KRISHCA.NS,HOLD,175.05,-3.06,0.37,2.25,,,167.85,184.65,1.33,LOW,80
GLOBALVECT.NS,HOLD,168.23,-2.64,6.38,1.89,,,157.07,183.11,1.33,LOW,100
GOYALSALT.NS,BUY,119.1,1.37,6.34,2.02,116.72,121.48,113.87,132.17,2.5,LOW,100
SUNDRMBRAK.NS,BUY,815.85,19.46,14.45,3.28,799.53,832.17,735.84,1015.87,2.5,LOW,100
CINELINE.NS,HOLD,78.13,-5.17,-0.23,1.68,,,73.8,83.9,1.33,LOW,80
KCEIL.NS,SELL,76.15,-29.14,-14.0,2.06,,,83.06,58.86,2.5,LOW,100
AIRAN.NS,HOLD,16.16,-3.44,1.13,1.71,,,15.19,17.45,1.33,LOW,80
DJML.NS,BUY,117.11,15.6,8.11,3.14,114.77,119.45,105.16,146.99,2.5,LOW,100
STARTECK.NS,BUY,287.7,11.29,9.0,1.63,281.95,293.45,266.62,340.4,2.5,LOW,100
DELPHIFX.NS,SELL,8.27,-21.6,-3.16,6.78,,,9.76,4.56,2.5,LOW,100
MODIRUBBER.NS,HOLD,131.31,0.08,5.99,1.85,,,125.05,139.65,1.33,LOW,80
ELGIRUBCO.NS,SELL,48.61,-2.97,-3.3,4.02,,,54.77,33.22,2.5,LOW,100
SHREYANIND.NS,HOLD,139.07,-9.91,1.17,2.01,,,128.05,153.77,1.33,LOW,80
SAHYADRI.NS,HOLD,281.4,0.24,5.67,2.35,,,266.5,301.26,1.33,LOW,80
OSIAHYPER.NS,HOLD,3.31,-25.3,11.45,4.16,,,2.98,3.75,1.33,LOW,100
PODDARMENT.NS,SELL,253.55,-0.52,-1.3,2.47,,,277.69,193.21,2.5,LOW,60
UFO.NS,HOLD,72.14,-1.93,0.24,1.64,,,68.26,77.31,1.33,LOW,80
DCMNVL.NS,HOLD,150.3,0.58,-7.73,2.39,,,137.98,166.72,1.33,LOW,80
UCAL.NS,BUY,121.8,20.39,24.16,2.63,119.36,124.24,112.03,146.22,2.5,LOW,100
UYFINCORP.NS,SELL,14.02,-2.8,-1.13,1.59,,,15.42,10.51,2.5,LOW,80
YASHOPTICS.NS,SELL,119.65,-4.44,-2.72,2.27,,,124.94,106.42,2.5,LOW,100
GSMFOILS.NS,BUY,233.0,12.57,14.81,2.09,228.34,237.66,218.28,269.8,2.5,LOW,100
INDOUS.NS,SELL,88.75,-11.43,-2.01,1.66,,,98.85,63.49,2.5,LOW,100
VSTL.NS,SELL,116.37,-4.95,-2.23,1.23,,,124.11,97.02,2.5,LOW,100
JAYSREETEA.NS,BUY,89.16,1.06,8.74,2.26,87.38,90.94,82.41,106.03,2.5,LOW,100
UNIVPHOTO.NS,HOLD,366.0,-12.15,0.04,1.9,,,349.14,388.49,1.33,LOW,80
UNIVASTU.NS,BUY,85.15,12.05,8.73,3.24,83.45,86.85,74.72,111.24,2.5,LOW,100
KOTYARK.NS,BUY,45.45,19.22,24.18,3.33,44.54,46.36,41.72,54.79,2.5,LOW,100
ZEELEARN.NS,BUY,8.93,36.98,29.23,4.45,8.75,9.11,7.83,11.68,2.5,LOW,100
TRANSTEEL.NS,HOLD,122.6,-3.82,3.33,2.52,,,114.85,132.94,1.33,LOW,100
NDLVENTURE.NS,BUY,130.05,3.1,2.65,1.62,127.45,132.65,118.72,158.38,2.5,LOW,100
CCHHL.NS,SELL,12.68,-5.97,-1.78,1.82,,,14.11,9.12,2.5,LOW,80
MEGASTAR.NS,BUY,351.85,15.81,14.81,3.05,344.81,358.89,312.18,451.03,2.5,LOW,100
SURANAT&P.NS,BUY,19.06,2.57,5.83,2.04,18.68,19.44,17.22,23.67,2.5,LOW,100
TAKE.NS,SELL,28.02,-17.13,-5.27,1.03,,,30.74,21.22,2.5,LOW,100
RVTH.NS,BUY,716.8,4.71,4.31,2.18,702.46,731.14,636.61,917.26,2.5,LOW,100
TTL.NS,SELL,6.81,-10.08,-3.27,2.35,,,7.6,4.84,2.5,LOW,100
RADIOCITY.NS,HOLD,6.16,0.39,0.33,1.61,,,5.67,6.81,1.33,LOW,60
PRITIKAUTO.NS,BUY,17.15,18.91,22.15,4.72,16.81,17.49,14.59,23.55,2.5,LOW,100
VIRINCHI.NS,HOLD,16.86,-0.55,12.7,3.19,,,15.84,18.23,1.33,LOW,80
CHAVDA.NS,HOLD,89.0,-7.74,3.49,1.65,,,84.96,94.39,1.33,LOW,100
DUGLOBAL.NS,HOLD,38.1,-1.02,15.45,4.21,,,35.78,41.19,1.33,LOW,100
RBS.NS,SELL,82.0,-15.1,-6.92,2.67,,,89.09,64.29,2.5,LOW,100
MADHAVBAUG.NS,SELL,175.0,-14.63,-4.84,3.6,,,192.89,130.27,2.5,LOW,100
SCPL.NS,BUY,480.65,13.12,2.85,4.61,471.04,490.26,416.85,640.15,2.5,LOW,100
KDL.NS,SELL,115.9,-16.81,-3.34,3.82,,,131.15,77.78,2.5,LOW,100
PRATHAM.NS,SELL,107.0,-18.11,-7.12,2.79,,,115.81,84.98,2.5,LOW,100
REPL.NS,SELL,65.76,-11.1,-5.42,3.29,,,74.44,44.05,2.5,LOW,100
IPSL.NS,HOLD,259.95,11.72,-0.02,4.1,,,255.84,265.43,1.33,LOW,80
KAMOPAINTS.NS,HOLD,5.11,-4.41,-0.2,1.46,,,4.8,5.53,1.33,LOW,80
TCL.NS,BUY,100.0,2.49,6.27,2.85,98.0,102.0,94.76,113.09,2.5,LOW,100
SUPREMEINF.NS,SELL,71.29,-10.11,-11.1,4.17,,,83.67,40.35,2.5,LOW,100
STARPAPER.NS,HOLD,138.1,-1.04,4.18,1.19,,,132.29,145.84,1.33,LOW,100
NURECA.NS,HOLD,240.3,-6.99,4.25,3.6,,,229.71,254.41,1.33,LOW,100
FELIX.NS,HOLD,186.75,-6.61,1.72,2.48,,,173.28,204.71,1.33,LOW,80
IVC.NS,HOLD,8.28,4.11,0.12,1.72,,,7.86,8.84,1.33,LOW,80
ANLON.NS,BUY,692.7,17.18,1.42,2.27,678.85,706.55,638.82,827.4,2.5,LOW,80
RUDRA.NS,HOLD,17.4,-11.53,-0.57,1.47,,,16.53,18.57,1.33,LOW,80
ESCONET.NS,BUY,129.55,1.05,19.46,2.8,126.96,132.14,119.39,154.94,2.5,LOW,100
KOTARISUG.NS,HOLD,24.96,-4.61,-0.44,1.78,,,23.22,27.28,1.33,LOW,80
DUCOL.NS,SELL,109.0,-4.65,-1.27,3.92,,,117.06,88.84,2.5,LOW,80
SADHNANIQ.NS,BUY,2.97,19.59,33.18,2.86,2.91,3.03,2.74,3.54,2.5,LOW,100
GILLANDERS.NS,HOLD,90.96,-2.08,1.6,2.17,,,84.33,99.8,1.33,LOW,80
COASTCORP.NS,HOLD,50.11,-8.81,10.86,5.16,,,46.48,54.95,1.33,LOW,100
AHLEAST.NS,SELL,149.25,-6.48,-2.43,1.17,,,160.93,120.06,2.5,LOW,100
SAKHTISUG.NS,SELL,16.93,-6.2,-3.92,1.9,,,18.24,13.66,2.5,LOW,100
ZODIACLOTH.NS,BUY,83.28,7.2,13.71,4.63,81.61,84.95,73.97,106.57,2.5,LOW,100
KMSUGAR.NS,SELL,26.07,-7.35,-1.18,1.19,,,27.85,21.61,2.5,LOW,80
DRCSYSTEMS.NS,HOLD,14.21,-5.77,0.35,1.32,,,13.35,15.36,1.33,LOW,80
OMAXAUTO.NS,BUY,223.53,11.7,3.37,3.21,219.06,228.0,201.76,277.97,2.5,LOW,100
INTENTECH.NS,HOLD,100.26,-0.42,2.03,2.97,,,91.36,112.13,1.33,LOW,80
COMMITTED.NS,BUY,325.0,17.37,22.23,2.95,318.5,331.5,303.03,379.93,2.5,LOW,100
PIGL.NS,BUY,112.7,3.76,11.6,5.64,110.45,114.95,100.66,142.8,2.5,LOW,100
KALYANIFRG.NS,HOLD,601.65,-1.7,0.27,1.71,,,573.49,639.2,1.33,LOW,80
MKPL.NS,HOLD,4.81,-5.24,3.0,1.58,,,4.54,5.18,1.33,LOW,100
ARIHANTACA.NS,HOLD,469.0,1.19,0.86,0.82,,,464.93,474.43,1.33,LOW,80
PONNIERODE.NS,HOLD,314.4,2.56,-0.16,3.27,,,296.31,338.52,1.33,LOW,80
MURUDCERA.NS,HOLD,32.12,-2.17,5.48,2.65,,,29.1,36.14,1.33,LOW,100
CPCAP.NS,BUY,106.37,9.77,14.12,2.75,104.24,108.5,95.1,134.54,2.5,LOW,100
AERONEU.NS,BUY,90.01,3.03,4.76,2.27,88.21,91.81,81.61,111.01,2.5,LOW,100
GENCON.NS,BUY,43.47,8.08,18.22,3.1,42.6,44.34,39.12,54.33,2.5,LOW,100
SALSTEEL.NS,SELL,56.29,-3.21,-2.68,2.94,,,63.56,38.1,2.5,LOW,100
NIRAJ.NS,HOLD,30.03,0.4,5.0,3.01,,,27.79,33.02,1.33,LOW,80
ATALREAL.NS,BUY,31.06,9.2,7.88,5.97,30.44,31.68,26.88,41.5,2.5,LOW,100
SPCL.NS,HOLD,70.45,-7.95,6.5,2.57,,,66.49,75.73,1.33,LOW,100
SHIVATEX.NS,HOLD,146.39,-8.45,-0.99,2.15,,,137.34,158.46,1.33,LOW,80
CHEMBOND.NS,BUY,184.0,10.05,20.18,2.74,180.32,187.68,164.02,233.96,2.5,LOW,100
SHAH.NS,SELL,4.08,-20.11,-12.26,4.04,,,4.57,2.85,2.5,LOW,100
NAVKARURB.NS,BUY,1.1,21.04,13.4,3.27,1.08,1.12,0.98,1.39,2.5,LOW,100
CORDSCABLE.NS,BUY,208.39,1.09,3.22,2.38,204.22,212.56,190.22,253.82,2.5,LOW,100
ABAN.NS,SELL,13.87,-17.63,-9.64,2.04,,,14.22,13.01,2.5,LOW,100
WORTHPERI.NS,HOLD,130.52,-2.11,4.67,2.02,,,122.93,140.64,1.33,LOW,100
DEVIT.NS,SELL,26.27,-10.81,-4.26,2.87,,,29.0,19.43,2.5,LOW,100
TRIGYN.NS,SELL,52.17,-8.98,-3.85,2.59,,,57.24,39.49,2.5,LOW,100
KCK.NS,SELL,13.1,-5.62,-4.03,2.65,,,14.32,10.05,2.5,LOW,100
BALAXI.NS,HOLD,23.12,-9.16,-0.52,2.23,,,21.48,25.31,1.33,LOW,80
MHLXMIRU.NS,SELL,131.91,-24.97,-25.2,4.42,,,159.37,63.26,2.5,LOW,100
FIDEL.NS,SELL,149.8,-7.63,-9.35,2.98,,,157.99,129.34,2.5,LOW,100
SPECTSTM.NS,SELL,55.15,-11.7,-6.84,3.83,,,61.64,38.92,2.5,LOW,100
UNITEDTEA.NS,SELL,477.85,-8.78,-6.34,1.34,,,510.13,397.15,2.5,LOW,100
PKTEA.NS,SELL,764.65,-4.88,-1.97,1.84,,,821.98,621.33,2.5,LOW,80
BASML.NS,BUY,28.08,13.86,12.82,4.11,27.52,28.64,24.74,36.42,2.5,LOW,100
KRITIKA.NS,SELL,5.84,-5.16,-1.85,0.84,,,6.37,4.51,2.5,LOW,80
DHARAN.NS,BUY,0.16,10.65,6.67,4.03,0.16,0.16,0.14,0.21,2.5,LOW,100
AMJLAND.NS,HOLD,38.66,-1.36,9.18,1.81,,,35.77,42.51,1.33,LOW,100
INDOWIND.NS,HOLD,9.1,-8.23,1.0,1.56,,,8.59,9.77,1.33,LOW,80
NEPHROCARE.NS,SELL,67.35,-13.64,-2.39,2.54,,,73.48,52.03,2.5,LOW,100
TEAMGTY.NS,SELL,236.0,-6.5,-1.03,1.55,,,255.84,186.41,2.5,LOW,80
MARALOVER.NS,HOLD,54.87,3.22,0.04,1.62,,,50.91,60.15,1.33,LOW,80
VETO.NS,HOLD,125.8,4.49,-12.75,3.94,,,114.85,140.4,1.33,LOW,100
PRITIKA.NS,SELL,63.7,-2.52,-2.97,2.66,,,68.81,50.91,2.5,LOW,100
GRCL.NS,BUY,575.0,14.84,12.75,3.14,563.5,586.5,541.81,657.96,2.5,LOW,100
PLAZACABLE.NS,HOLD,47.05,0.29,1.8,2.07,,,44.47,50.49,1.33,LOW,60
AKIKO.NS,BUY,283.0,9.23,15.04,3.55,277.34,288.66,257.76,346.09,2.5,LOW,100
GOLDSTAR.NS,BUY,7.85,5.13,1.95,3.04,7.69,8.01,7.49,8.74,2.5,LOW,80
SETCO.NS,HOLD,16.82,10.01,-7.89,1.85,,,16.26,17.56,1.33,LOW,100
LOTUSEYE.NS,HOLD,125.02,6.19,-6.86,4.51,,,111.2,143.45,1.33,LOW,100
RANASUG.NS,HOLD,12.84,-2.22,2.07,2.01,,,12.13,13.79,1.33,LOW,100
WINSOL.NS,SELL,124.25,-5.64,-1.35,2.69,,,135.37,96.45,2.5,LOW,80
RAJTV.NS,HOLD,12.65,-32.26,4.37,3.79,,,11.66,13.96,1.33,LOW,100
AKSHARCHEM.NS,BUY,239.58,14.58,18.45,6.11,234.79,244.37,214.6,302.04,2.5,LOW,100
ANIKINDS.NS,BUY,45.6,2.78,7.19,1.94,44.69,46.51,40.98,57.16,2.5,LOW,100
IBULLSLTD.NS,BUY,25.75,21.88,9.67,3.21,25.23,26.27,22.92,32.84,2.5,LOW,100
EMMIL.NS,HOLD,132.85,-5.06,4.61,2.31,,,126.38,141.48,1.33,LOW,100
AAREYDRUGS.NS,BUY,92.5,9.26,21.55,2.12,90.65,94.35,84.17,113.33,2.5,LOW,100
NATCAPSUQ.NS,HOLD,157.07,-0.62,2.3,1.97,,,147.22,170.2,1.33,LOW,80
PRAXIS.NS,BUY,8.48,13.24,18.11,3.13,8.31,8.65,7.48,10.99,2.5,LOW,100
KAVDEFENCE.NS,HOLD,63.8,-0.37,7.97,2.91,,,58.71,70.58,1.33,LOW,80
DGCONTENT.NS,HOLD,27.73,-1.99,11.32,3.49,,,24.88,31.53,1.33,LOW,100
SADBHAV.NS,SELL,8.76,-6.39,-5.19,1.69,,,9.86,6.02,2.5,LOW,100
ASPINWALL.NS,BUY,243.26,2.38,1.3,2.24,238.39,248.13,221.0,298.91,2.5,LOW,80
DRONE.NS,HOLD,42.0,-6.96,3.7,2.53,,,38.84,46.21,1.33,LOW,100
GULFPETRO.NS,BUY,39.86,10.18,4.84,3.14,39.06,40.66,35.92,49.71,2.5,LOW,100
PROPEQUITY.NS,BUY,225.0,0.66,2.32,4.55,220.5,229.5,206.87,270.32,2.5,LOW,80
JMA.NS,HOLD,91.47,2.38,-3.16,1.47,,,85.86,98.96,1.33,LOW,100
NECCLTD.NS,HOLD,16.05,0.52,-4.75,5.0,,,14.23,18.47,1.33,LOW,80
NITIRAJ.NS,SELL,186.04,-5.63,-5.35,4.66,,,213.45,117.5,2.5,LOW,100
ALUWIND.NS,SELL,49.35,-4.64,-1.4,2.35,,,53.21,39.69,2.5,LOW,80
EQUIPPP.NS,BUY,21.65,25.05,20.34,3.07,21.22,22.08,19.23,27.71,2.5,LOW,100
LLOYDS.NS,SELL,72.55,-19.22,-13.73,3.48,,,79.91,54.14,2.5,LOW,100
RHFL.NS,BUY,2.18,0.96,1.4,1.52,2.14,2.22,1.99,2.66,2.5,LOW,60
INCREDIBLE.NS,SELL,32.9,-6.54,-4.17,1.76,,,36.41,24.12,2.5,LOW,100
TIPSFILMS.NS,SELL,330.95,-10.0,-3.36,2.57,,,356.85,266.2,2.5,LOW,100
ARCHIDPLY.NS,HOLD,80.14,-1.41,-0.47,1.63,,,74.89,87.14,1.33,LOW,80
MADHUSUDAN.NS,BUY,213.3,33.97,42.29,6.2,209.03,217.57,190.53,270.23,2.5,LOW,100
CENTEXT.NS,HOLD,19.73,-3.32,0.87,1.39,,,18.38,21.53,1.33,LOW,80
EMMBI.NS,BUY,96.16,11.62,16.77,3.4,94.24,98.08,86.29,120.84,2.5,LOW,100
KEYFINSERV.NS,SELL,243.95,-10.04,-1.69,1.81,,,265.6,189.83,2.5,LOW,80
ESSENTIA.NS,SELL,1.37,-9.38,-11.61,2.3,,,1.5,1.06,2.5,LOW,100
TAINWALCHM.NS,HOLD,197.89,-1.85,-0.53,1.95,,,187.35,211.94,1.33,LOW,80
ENFUSE.NS,SELL,158.0,-12.96,-4.82,4.77,,,167.44,134.39,2.5,LOW,100
ARVEE.NS,HOLD,165.04,0.15,-3.06,2.43,,,147.99,187.77,1.33,LOW,80
SIKKO.NS,SELL,3.83,-11.4,-1.03,2.14,,,4.2,2.9,2.5,LOW,80
DENEERS.NS,SELL,194.95,-4.36,-11.39,3.53,,,215.99,142.36,2.5,LOW,100
PRLIND.NS,HOLD,49.0,-14.72,4.81,4.83,,,45.59,53.54,1.33,LOW,100
ALPA.NS,HOLD,68.5,-0.64,2.12,1.53,,,64.39,73.98,1.33,LOW,80
KESORAMIND.NS,HOLD,11.13,-4.11,6.41,2.99,,,10.42,12.07,1.33,LOW,100
DTIL.NS,HOLD,139.01,0.4,5.12,1.51,,,130.66,150.14,1.33,LOW,80
AVROIND.NS,HOLD,10.59,-6.08,0.09,3.59,,,9.41,12.16,1.33,LOW,80
PURVFLEXI.NS,SELL,50.0,-14.28,-1.96,2.92,,,53.06,42.36,2.5,LOW,80
BEWLTD.NS,SELL,65.7,-11.07,-1.28,4.33,,,74.49,43.74,2.5,LOW,80
IEML.NS,HOLD,45.6,-25.28,5.31,4.44,,,41.07,51.64,1.33,LOW,100
BRNL.NS,HOLD,18.75,-6.72,-0.42,1.28,,,17.42,20.52,1.33,LOW,80
TUNWAL.NS,SELL,27.2,-12.19,-2.33,2.2,,,29.14,22.36,2.5,LOW,100
MANAKALUCO.NS,HOLD,37.71,4.61,-2.31,4.78,,,33.23,43.68,1.33,LOW,100
DCM.NS,BUY,98.34,13.31,5.79,3.37,96.37,100.31,88.66,122.54,2.5,LOW,100
CPS.NS,BUY,1032.55,3.43,4.83,3.14,1011.9,1053.2,958.14,1218.59,2.5,LOW,100
AARTECH.NS,BUY,52.29,14.35,28.54,4.63,51.24,53.34,46.41,66.98,2.5,LOW,100
SHRITECH.NS,HOLD,64.0,-1.88,6.67,4.09,,,60.62,68.5,1.33,LOW,100
LAL.NS,BUY,9.17,24.37,27.18,3.06,8.99,9.35,8.09,11.87,2.5,LOW,100
SONAMLTD.NS,SELL,52.52,-2.45,-2.72,2.12,,,57.08,41.13,2.5,LOW,100
VISHWARAJ.NS,SELL,5.39,-5.99,-1.28,2.66,,,6.02,3.82,2.5,LOW,80
VIVIMEDLAB.NS,SELL,5.71,-12.58,-6.39,2.08,,,6.35,4.1,2.5,LOW,100
PRAENG.NS,HOLD,21.05,-4.61,4.0,2.19,,,19.45,23.18,1.33,LOW,100
INDTERRAIN.NS,BUY,33.47,4.35,7.9,2.43,32.8,34.14,30.12,41.84,2.5,LOW,100
KORE.NS,BUY,139.95,4.08,6.02,5.05,137.15,142.75,118.88,192.63,2.5,LOW,100
LANCORHOL.NS,HOLD,24.69,0.43,2.32,2.62,,,22.62,27.45,1.33,LOW,80
AARVI.NS,HOLD,143.1,8.19,0.56,3.3,,,129.92,160.67,1.33,LOW,80
VASWANI.NS,SELL,53.5,-5.98,-7.79,3.35,,,60.06,37.1,2.5,LOW,100
SUPERHOUSE.NS,BUY,159.64,4.19,5.49,2.16,156.45,162.83,142.46,202.58,2.5,LOW,100
RSSOFTWARE.NS,BUY,36.2,2.46,15.77,2.66,35.48,36.92,33.21,43.67,2.5,LOW,100
DYNAMIC.NS,BUY,180.85,27.43,27.36,3.73,177.23,184.47,156.29,242.26,2.5,LOW,100
CORALFINAC.NS,HOLD,31.65,-4.26,1.12,1.2,,,29.74,34.2,1.33,LOW,80
CANARYS.NS,BUY,20.9,4.28,10.0,4.62,20.48,21.32,19.09,25.42,2.5,LOW,100
IVP.NS,HOLD,159.61,0.66,-1.44,1.98,,,150.85,171.3,1.33,LOW,60
BSL.NS,BUY,127.38,0.82,3.87,1.88,124.83,129.93,115.7,156.59,2.5,LOW,80
QMSMEDI.NS,BUY,102.25,13.95,13.11,4.36,100.2,104.3,90.22,132.32,2.5,LOW,100
EMKAYTOOLS.NS,HOLD,94.8,-8.51,-0.21,2.67,,,88.44,103.29,1.33,LOW,80
RUCHINFRA.NS,HOLD,6.24,-0.95,3.14,1.58,,,5.88,6.72,1.33,LOW,80
TBI.NS,HOLD,64.75,-5.04,-0.92,3.3,,,59.66,71.54,1.33,LOW,80
CROWN.NS,HOLD,110.68,-9.94,2.2,1.88,,,103.87,119.76,1.33,LOW,100
GAYAPROJ.NS,BUY,21.91,10.14,4.43,3.5,21.47,22.35,19.35,28.3,2.5,LOW,100
ENSER.NS,HOLD,15.5,-1.55,0.0,2.6,,,14.49,16.85,1.33,LOW,80
WEIZMANIND.NS,BUY,85.55,1.99,8.04,2.45,83.84,87.26,76.52,108.11,2.5,LOW,100
SOMICONVEY.NS,BUY,115.33,8.91,18.98,4.2,113.02,117.64,107.09,135.93,2.5,LOW,100
MAITREYA.NS,SELL,137.85,-16.33,-10.49,3.05,,,154.41,96.44,2.5,LOW,100
USK.NS,HOLD,23.46,-0.21,-1.72,3.43,,,21.28,26.36,1.33,LOW,60
MAHESHWARI.NS,BUY,74.08,25.92,5.41,2.87,72.6,75.56,67.11,91.51,2.5,LOW,100
VR.NS,SELL,119.1,-14.08,-9.7,1.75,,,120.93,114.53,2.5,LOW,100
MODTHREAD.NS,BUY,45.98,0.72,4.19,2.54,45.06,46.9,41.1,58.18,2.5,LOW,80
RKEC.NS,HOLD,27.42,-15.81,1.18,4.92,,,23.81,32.23,1.33,LOW,80
DUCON.NS,SELL,3.32,-2.26,-7.52,2.98,,,3.74,2.26,2.5,LOW,100
SIGIND.NS,HOLD,47.9,-3.87,2.57,2.19,,,44.39,52.57,1.33,LOW,100
DOLLEX.NS,SELL,30.1,-2.88,-5.2,2.06,,,32.06,25.21,2.5,LOW,100
IBLFL.NS,HOLD,57.2,-1.63,-0.52,1.88,,,56.58,58.02,1.33,LOW,80
HINDCON.NS,HOLD,20.51,-8.57,1.33,1.85,,,19.19,22.28,1.33,LOW,80
XELPMOC.NS,SELL,85.99,-11.72,-2.78,2.68,,,96.1,60.71,2.5,LOW,100
TEXMOPIPES.NS,BUY,46.18,0.92,6.65,3.27,45.26,47.1,41.66,57.48,2.5,LOW,80
WOMANCART.NS,SELL,104.8,-17.79,-2.96,2.31,,,114.75,79.93,2.5,LOW,100
KHFM.NS,BUY,63.9,11.54,8.4,6.28,62.62,65.18,54.59,87.17,2.5,LOW,100
UMIYA-MRO.NS,BUY,91.08,5.29,4.55,2.01,89.26,92.9,83.54,109.94,2.5,LOW,100
MAGNUM.NS,HOLD,19.56,-4.36,0.05,1.27,,,17.9,21.77,1.33,LOW,80
SHREEOSFM.NS,HOLD,61.7,-2.86,18.43,3.51,,,57.7,67.04,1.33,LOW,100
ISFT.NS,SELL,78.08,-3.51,-6.55,1.39,,,83.27,65.09,2.5,LOW,100
AIROLAM.NS,BUY,95.68,12.24,12.6,5.38,93.77,97.59,82.55,128.52,2.5,LOW,100
MUKTAARTS.NS,BUY,60.99,3.63,1.16,2.67,59.77,62.21,54.43,77.38,2.5,LOW,80
GLOBALPET.NS,HOLD,150.0,8.71,-1.96,2.76,,,146.83,154.22,1.33,LOW,80
USASEEDS.NS,SELL,93.0,-8.43,-6.91,2.53,,,95.26,87.36,2.5,LOW,100
INDIANCARD.NS,HOLD,214.96,0.89,0.23,2.75,,,198.9,236.37,1.33,LOW,60
MDL.NS,BUY,75.65,32.54,4.78,4.78,74.14,77.16,68.68,93.08,2.5,LOW,100
ALPHAGEO.NS,SELL,198.81,-8.48,-1.6,3.13,,,218.13,150.51,2.5,LOW,80
GVPTECH.NS,BUY,7.04,3.79,11.04,2.26,6.9,7.18,6.25,9.01,2.5,LOW,100
BHARATGEAR.NS,BUY,131.22,13.97,19.79,4.64,128.6,133.84,117.73,164.94,2.5,LOW,100
KREBSBIO.NS,BUY,66.24,6.46,4.35,2.16,64.92,67.56,58.42,85.8,2.5,LOW,100
INDBANK.NS,HOLD,33.74,-0.41,2.34,1.21,,,32.05,35.99,1.33,LOW,80
RPPL.NS,BUY,20.94,19.79,17.71,4.44,20.52,21.36,18.23,27.72,2.5,LOW,100
UMAEXPORTS.NS,HOLD,22.01,-11.77,1.48,3.37,,,19.54,25.3,1.33,LOW,80
SHEETAL.NS,BUY,295.6,5.9,1.58,1.4,289.69,301.51,285.34,321.26,2.5,LOW,80
SADHAV.NS,HOLD,116.0,0.41,-5.65,2.9,,,109.2,125.06,1.33,LOW,80
HECPROJECT.NS,HOLD,128.19,0.2,10.28,4.31,,,115.27,145.41,1.33,LOW,80
HPIL.NS,HOLD,127.5,-3.77,0.39,1.44,,,120.91,136.29,1.33,LOW,80
SLONE.NS,HOLD,162.0,-5.18,34.61,7.6,,,145.57,183.91,1.33,LOW,100
GANGESSECU.NS,HOLD,120.23,-3.36,1.35,1.65,,,111.76,131.52,1.33,LOW,80
SURANASOL.NS,BUY,27.13,0.55,1.8,1.51,26.59,27.67,25.11,32.18,2.5,LOW,60
QUESTLAB.NS,SELL,98.05,-14.99,-1.7,4.75,,,109.54,69.32,2.5,LOW,80
INVENTURE.NS,HOLD,0.95,-3.08,2.15,1.78,,,0.91,1.01,1.33,LOW,100
STEELCITY.NS,HOLD,77.35,-2.35,4.36,1.4,,,73.83,82.05,1.33,LOW,100
BTML.NS,SELL,6.13,-4.6,-7.12,2.85,,,6.63,4.88,2.5,LOW,100
ZEAL.NS,HOLD,68.0,-3.56,0.67,1.7,,,66.19,70.41,1.33,LOW,80
VEEKAYEM.NS,SELL,126.1,-7.15,-1.48,2.79,,,138.66,94.69,2.5,LOW,80
COMPUSOFT.NS,SELL,13.31,-3.28,-1.99,1.42,,,14.37,10.66,2.5,LOW,80
SHYAMCENT.NS,BUY,5.48,3.73,9.38,1.89,5.37,5.59,4.75,7.3,2.5,LOW,100
LAGNAM.NS,HOLD,80.13,-0.63,0.79,2.62,,,73.82,88.54,1.33,LOW,60
SAMBHAAV.NS,HOLD,6.51,-4.45,4.33,3.14,,,5.85,7.39,1.33,LOW,100
SILGO.NS,SELL,75.66,-2.15,-1.33,1.87,,,81.37,61.38,2.5,LOW,80
MASTER.NS,HOLD,346.05,1.2,-0.63,1.54,,,340.16,353.91,1.33,LOW,80
MAL.NS,HOLD,34.0,-7.61,17.04,3.9,,,32.02,36.64,1.33,LOW,100
SMLT.NS,HOLD,69.71,-3.48,1.29,1.88,,,64.62,76.5,1.33,LOW,80
AUSOMENT.NS,SELL,114.75,-11.56,-1.28,2.19,,,127.66,82.49,2.5,LOW,80
GTL.NS,HOLD,7.84,1.73,-4.39,3.33,,,7.08,8.85,1.33,LOW,100
VISAMAN.NS,SELL,107.6,-6.07,-4.99,1.12,,,108.41,105.58,2.5,LOW,100
GREENCHEF.NS,HOLD,52.4,-0.73,9.85,3.86,,,49.39,56.41,1.33,LOW,80
BAIDFIN.NS,HOLD,9.78,-8.16,-0.1,1.45,,,9.11,10.67,1.33,LOW,80
SMARTLINK.NS,BUY,179.27,15.24,11.83,2.03,175.68,182.86,162.92,220.15,2.5,LOW,100
MAHAPEXLTD.NS,SELL,47.04,-5.65,-1.3,1.6,,,51.22,36.59,2.5,LOW,80
SADBHIN.NS,SELL,2.72,-4.96,-9.63,2.49,,,3.0,2.01,2.5,LOW,100
SEMAC.NS,BUY,353.0,9.43,14.05,4.06,345.94,360.06,316.56,444.09,2.5,LOW,100
SOTAC.NS,SELL,105.0,-5.85,-5.41,1.12,,,106.0,102.5,2.5,LOW,100
VITAL.NS,SELL,53.35,-7.07,-2.47,2.97,,,59.96,36.82,2.5,LOW,100
TRU.NS,SELL,5.37,-10.67,-8.83,2.52,,,6.07,3.62,2.5,LOW,100
JOCIL.NS,HOLD,147.05,4.71,-4.51,2.0,,,137.55,159.72,1.33,LOW,100
URBAN.NS,HOLD,131.45,-4.92,2.62,1.54,,,125.16,139.84,1.33,LOW,100
SYLVANPLY.NS,SELL,50.0,-10.53,-3.85,2.19,,,51.41,46.46,2.5,LOW,100
TRUST.NS,HOLD,31.75,-10.29,2.42,3.58,,,29.63,34.58,1.33,LOW,100
MCL.NS,HOLD,57.24,-5.08,4.57,2.65,,,53.2,62.63,1.33,LOW,100
WIPL.NS,BUY,174.52,13.06,20.13,2.1,171.03,178.01,150.51,234.54,2.5,LOW,100
BALPHARMA.NS,HOLD,83.27,0.31,-1.01,2.34,,,76.87,91.81,1.33,LOW,60
VIPULLTD.NS,BUY,12.98,33.22,35.77,4.31,12.72,13.24,11.17,17.5,2.5,LOW,100
SALONA.NS,SELL,258.9,-6.19,-2.78,2.25,,,283.5,197.4,2.5,LOW,100
LAMBODHARA.NS,BUY,114.58,6.89,12.0,4.74,112.29,116.87,103.88,141.32,2.5,LOW,100
LOVABLE.NS,HOLD,72.84,-0.18,4.75,1.74,,,68.39,78.77,1.33,LOW,80
ISHANCH.NS,SELL,57.02,-7.26,-4.01,1.96,,,62.83,42.48,2.5,LOW,100
SHIGAN.NS,SELL,65.45,-11.07,-3.25,3.85,,,71.31,50.79,2.5,LOW,100
SURANI.NS,SELL,108.8,-14.65,-12.26,3.05,,,119.53,81.98,2.5,LOW,100
HDIL.NS,SELL,1.81,-9.0,-1.63,1.42,,,1.98,1.38,2.5,LOW,80
LOYALTEX.NS,HOLD,213.31,-0.32,4.56,1.69,,,205.39,223.87,1.33,LOW,80
RAJSREESUG.NS,HOLD,31.9,-6.77,1.56,1.94,,,29.53,35.07,1.33,LOW,80
OSWALSEEDS.NS,HOLD,10.91,-7.04,0.65,0.9,,,10.34,11.67,1.33,LOW,80
BAGFILMS.NS,SELL,4.6,-9.08,-6.31,1.62,,,5.28,2.9,2.5,LOW,100
SHAHALLOYS.NS,BUY,71.17,1.97,6.93,1.99,69.75,72.59,63.14,91.24,2.5,LOW,100
DRSDILIP.NS,HOLD,110.0,-6.01,0.0,1.78,,,108.98,111.36,1.33,LOW,80
SECMARK.NS,SELL,123.5,-2.46,-3.61,3.26,,,143.55,73.38,2.5,LOW,100
ZENITHEXPO.NS,HOLD,200.04,-4.43,-0.52,2.88,,,188.21,215.81,1.33,LOW,80
CUBEXTUB.NS,HOLD,84.34,-8.06,2.88,1.48,,,79.64,90.61,1.33,LOW,100
LATTEYS.NS,HOLD,21.72,-4.31,-0.78,2.16,,,20.16,23.8,1.33,LOW,80
DELAPLEX.NS,HOLD,100.2,-11.04,1.01,3.94,,,95.54,106.41,1.33,LOW,80
SAMPANN.NS,HOLD,27.55,-1.26,2.49,1.65,,,25.33,30.52,1.33,LOW,100
ARTNIRMAN.NS,BUY,42.09,0.59,6.96,3.01,41.25,42.93,36.34,56.47,2.5,LOW,80
SSFL.NS,BUY,254.4,71.6,16.7,4.31,249.31,259.49,223.84,330.79,2.5,LOW,100
GENSOL.NS,HOLD,22.5,1.07,-9.71,2.98,,,22.11,23.01,1.33,LOW,100
TARMAT.NS,SELL,50.9,-2.62,-1.81,0.77,,,54.63,41.58,2.5,LOW,80
SIDDHIKA.NS,HOLD,218.0,-0.24,11.17,2.86,,,205.64,234.49,1.33,LOW,80
FIBERWEB.NS,HOLD,30.11,-8.06,9.37,1.62,,,28.41,32.38,1.33,LOW,100
SCML.NS,HOLD,76.05,-29.25,-0.33,2.42,,,74.16,78.57,1.33,LOW,80
OMFURN.NS,HOLD,54.05,-7.38,0.75,2.78,,,51.81,57.04,1.33,LOW,80
NEWJAISA.NS,HOLD,17.35,-19.22,18.03,4.31,,,16.06,19.07,1.33,LOW,100
DCG.NS,SELL,56.5,-10.66,-4.56,3.99,,,61.3,44.5,2.5,LOW,100
RAJMET.NS,HOLD,3.69,-5.58,0.54,1.32,,,3.46,4.0,1.33,LOW,80
MAXPOSURE.NS,HOLD,36.0,-2.79,13.21,3.81,,,34.21,38.39,1.33,LOW,100
PAR.NS,HOLD,91.0,0.4,6.0,2.7,,,84.69,99.41,1.33,LOW,80
BEARDSELL.NS,BUY,31.1,14.36,15.19,4.28,30.48,31.72,27.69,39.63,2.5,LOW,100
RELIABLE.NS,BUY,151.84,10.01,4.87,1.87,148.8,154.88,135.86,191.79,2.5,LOW,100
AKSHOPTFBR.NS,BUY,7.27,10.72,4.45,3.02,7.12,7.42,6.69,8.73,2.5,LOW,100
MOKSH.NS,HOLD,12.14,-0.79,0.0,2.14,,,11.21,13.38,1.33,LOW,60
BEACON.NS,HOLD,93.9,-1.11,11.72,3.14,,,89.02,100.41,1.33,LOW,100
CRAYONS.NS,SELL,27.5,-16.86,-11.15,3.44,,,29.64,22.16,2.5,LOW,100
DTL.NS,SELL,120.2,-3.61,-14.39,2.86,,,129.45,97.08,2.5,LOW,100
GROBTEA.NS,HOLD,912.1,-0.03,2.02,2.33,,,831.06,1020.16,1.33,LOW,80
REGENCERAM.NS,HOLD,42.0,-1.52,5.34,1.71,,,39.11,45.86,1.33,LOW,100
SURYALAXMI.NS,BUY,62.5,6.19,13.31,2.61,61.25,63.75,55.91,78.97,2.5,LOW,100
MAHICKRA.NS,BUY,248.0,4.4,4.2,2.37,243.04,252.96,237.94,273.14,2.5,LOW,100
RELCHEMQ.NS,BUY,138.33,10.94,16.04,4.6,135.56,141.1,122.4,178.17,2.5,LOW,100
KOHINOOR.NS,BUY,25.84,1.62,9.72,1.84,25.32,26.36,23.84,30.83,2.5,LOW,100
HILTON.NS,BUY,24.03,7.34,28.99,3.46,23.55,24.51,21.59,30.13,2.5,LOW,100
PALASHSECU.NS,SELL,91.62,-5.57,-1.97,2.03,,,98.94,73.33,2.5,LOW,80
TOTAL.NS,HOLD,50.34,-6.87,1.02,1.97,,,47.37,54.3,1.33,LOW,80
ASCOM.NS,BUY,269.0,5.92,14.61,2.63,263.62,274.38,257.92,296.7,2.5,LOW,100
OLIL.NS,HOLD,436.0,3.82,-2.9,2.37,,,412.58,467.22,1.33,LOW,100
VAISHALI.NS,HOLD,7.29,-1.34,1.53,1.64,,,6.67,8.11,1.33,LOW,80
SIL.NS,HOLD,15.31,-2.94,3.31,2.09,,,14.2,16.79,1.33,LOW,100
OBCL.NS,HOLD,56.5,2.15,-3.86,3.06,,,51.0,63.83,1.33,LOW,100
ROCKINGDCE.NS,HOLD,187.9,-5.63,1.98,4.69,,,171.5,209.77,1.33,LOW,80
TOKYOPLAST.NS,HOLD,83.16,-5.68,0.43,1.78,,,77.3,90.97,1.33,LOW,80
REFRACTORY.NS,SELL,30.55,-16.58,-1.45,2.98,,,32.06,26.76,2.5,LOW,80
DIGIDRIVE.NS,HOLD,18.54,-10.97,3.63,1.64,,,17.11,20.45,1.33,LOW,100
BHANDARI.NS,HOLD,3.01,-6.29,0.67,1.51,,,2.82,3.26,1.33,LOW,80
ODIGMA.NS,HOLD,24.84,-2.26,18.79,3.2,,,22.96,27.35,1.33,LOW,100
KAKATCEM.NS,HOLD,120.8,-5.19,-0.74,2.41,,,112.53,131.83,1.33,LOW,80
KLL.NS,SELL,32.95,-13.58,-5.86,3.49,,,36.36,24.41,2.5,LOW,100
MITCON.NS,BUY,82.6,1.97,2.7,2.49,80.95,84.25,73.39,105.64,2.5,LOW,100
TOUCHWOOD.NS,HOLD,69.04,-4.91,-0.3,2.49,,,63.0,77.1,1.33,LOW,80
AAATECH.NS,SELL,95.16,-1.39,-3.04,1.52,,,101.78,78.61,2.5,LOW,100
SPLIL.NS,BUY,31.99,2.09,10.77,3.5,31.35,32.63,28.25,41.35,2.5,LOW,100
HOLMARC.NS,BUY,105.0,5.13,3.55,3.63,102.9,107.1,96.4,126.5,2.5,LOW,100
HOACFOODS.NS,BUY,680.0,26.84,13.4,2.92,666.4,693.6,624.44,818.91,2.5,LOW,100
ZENITHSTL.NS,HOLD,5.59,-8.9,-0.36,3.01,,,4.96,6.44,1.33,LOW,80
NAMAN.NS,HOLD,48.9,-5.73,8.67,2.72,,,46.3,52.36,1.33,LOW,100
MARC.NS,BUY,87.8,4.5,17.07,3.9,86.04,89.56,81.61,103.28,2.5,LOW,100
PIONEEREMB.NS,SELL,22.6,-11.79,-8.98,2.82,,,25.46,15.45,2.5,LOW,100
ZENITHDRUG.NS,BUY,46.25,9.35,12.26,4.28,45.32,47.18,41.63,57.8,2.5,LOW,100
GLOBE.NS,SELL,2.23,-6.96,-1.76,1.19,,,2.4,1.8,2.5,LOW,80
DHRUV.NS,SELL,28.18,-9.47,-1.43,3.02,,,31.14,20.77,2.5,LOW,80
SONUINFRA.NS,BUY,56.05,6.82,33.14,3.28,54.93,57.17,52.55,64.8,2.5,LOW,100
SELMC.NS,HOLD,29.11,-4.67,-0.92,1.46,,,26.08,33.15,1.33,LOW,80
MAGSON.NS,HOLD,175.0,0.34,6.12,2.27,,,170.28,181.3,1.33,LOW,80
KEL.NS,SELL,74.3,-12.43,-14.1,3.56,,,80.35,59.18,2.5,LOW,100
PATTECH.NS,HOLD,114.85,2.99,0.0,0.38,,,114.3,115.59,1.33,LOW,80
CAPTRUST.NS,HOLD,12.89,-3.65,-0.62,3.32,,,11.78,14.37,1.33,LOW,80
ATAM.NS,HOLD,70.02,-2.74,0.0,1.31,,,66.77,74.35,1.33,LOW,80
PARAGON.NS,BUY,48.4,4.22,5.91,3.45,47.43,49.37,43.6,60.4,2.5,LOW,100
LPDC.NS,HOLD,6.55,-7.04,2.02,2.28,,,5.86,7.47,1.33,LOW,100
ROXHITECH.NS,BUY,37.3,7.46,13.03,4.38,36.55,38.05,34.12,45.25,2.5,LOW,100
DIGJAMLMTD.NS,BUY,47.0,1.81,7.7,2.6,46.06,47.94,41.41,60.99,2.5,LOW,100
NIRMAN.NS,HOLD,43.25,-11.78,0.23,4.02,,,39.63,48.07,1.33,LOW,80
PATINTLOG.NS,BUY,15.96,25.12,24.01,2.6,15.64,16.28,14.68,19.17,2.5,LOW,100
GOYALALUM.NS,BUY,6.97,0.62,5.29,1.99,6.83,7.11,6.28,8.69,2.5,LOW,80
MANGALAM.NS,HOLD,28.79,-1.66,3.15,1.45,,,26.63,31.68,1.33,LOW,100
IL&FSTRANS.NS,HOLD,2.38,-0.73,0.85,2.83,,,2.15,2.69,1.33,LOW,60
ACCURACY.NS,BUY,5.59,2.36,2.19,2.38,5.48,5.7,5.0,7.06,2.5,LOW,100
PRUDMOULI.NS,HOLD,16.0,-0.37,7.6,2.14,,,14.62,17.83,1.33,LOW,80
AMBEY.NS,SELL,21.0,-21.54,-2.33,3.27,,,22.72,16.7,2.5,LOW,100
DIGIKORE.NS,SELL,48.85,-20.94,-4.03,5.35,,,56.37,30.05,2.5,LOW,100
AMDIND.NS,SELL,45.22,-1.88,-2.25,1.66,,,49.41,34.75,2.5,LOW,100
SILKFLEX.NS,BUY,216.6,9.68,1.45,4.16,212.27,220.93,196.24,267.51,2.5,LOW,80
BVCL.NS,HOLD,41.28,-3.22,3.17,2.31,,,38.52,44.96,1.33,LOW,100
CINEVISTA.NS,BUY,16.22,3.75,6.85,2.18,15.9,16.54,14.9,19.53,2.5,LOW,100
MOTOGENFIN.NS,BUY,30.0,13.02,2.56,2.99,29.4,30.6,27.25,36.87,2.5,LOW,100
HISARMETAL.NS,BUY,155.66,1.81,1.8,2.08,152.55,158.77,142.34,188.96,2.5,LOW,80
JHS.NS,SELL,7.73,-10.4,-3.01,2.99,,,8.73,5.22,2.5,LOW,100
PRITI.NS,HOLD,42.03,-3.93,9.51,1.92,,,38.84,46.28,1.33,LOW,100
ENERGYDEV.NS,HOLD,16.29,-3.22,-0.61,1.87,,,15.08,17.9,1.33,LOW,80
AAKASH.NS,HOLD,8.84,-0.41,-11.6,2.58,,,8.23,9.65,1.33,LOW,80
KANDARP.NS,HOLD,100.55,-27.59,1.16,6.05,,,85.69,120.36,1.33,LOW,80
EFORCE.NS,SELL,21.85,-11.47,-4.17,4.53,,,24.18,16.03,2.5,LOW,100
FONEBOX.NS,HOLD,76.1,0.51,-4.64,2.65,,,74.03,78.86,1.33,LOW,80
ORCHASP.NS,HOLD,1.98,-0.44,1.02,3.93,,,1.73,2.31,1.33,LOW,60
SONAMAC.NS,HOLD,33.75,-10.96,0.45,3.49,,,30.97,37.45,1.33,LOW,80
TGL.NS,SELL,16.75,-28.34,-17.89,3.12,,,19.09,10.89,2.5,LOW,100
CLSL.NS,HOLD,43.0,-1.82,2.38,2.04,,,41.97,44.37,1.33,LOW,100
AISL.NS,SELL,52.8,-6.56,-7.61,3.06,,,54.58,48.35,2.5,LOW,100
PRAKASHSTL.NS,SELL,4.22,-6.46,-2.09,1.89,,,4.65,3.14,2.5,LOW,100
CURAA.NS,HOLD,80.76,-9.61,4.1,4.62,,,69.51,95.76,1.33,LOW,100
SUNDARAM.NS,SELL,1.35,-3.05,-2.88,1.07,,,1.44,1.13,2.5,LOW,100
DBSTOCKBRO.NS,BUY,31.0,4.92,1.31,3.71,30.38,31.62,25.81,43.97,2.5,LOW,80
MHHL.NS,HOLD,35.35,-7.1,3.97,3.44,,,33.79,37.43,1.33,LOW,100
KONSTELEC.NS,HOLD,43.85,-0.67,2.69,3.79,,,40.95,47.72,1.33,LOW,80
SANGANI.NS,SELL,43.0,-12.64,-3.91,2.09,,,44.66,38.84,2.5,LOW,100
AURIGROW.NS,SELL,0.31,-6.79,-13.89,4.01,,,0.35,0.22,2.5,LOW,100
VIAZ.NS,BUY,64.9,3.2,2.85,2.23,63.6,66.2,61.81,72.61,2.5,LOW,100
ALKALI.NS,HOLD,84.21,10.11,-0.58,3.63,,,78.01,92.48,1.33,LOW,80
PARTYCRUS.NS,SELL,92.0,-4.35,-7.07,2.37,,,96.07,81.82,2.5,LOW,100
BAWEJA.NS,HOLD,29.9,-5.53,0.67,3.44,,,28.47,31.8,1.33,LOW,80
AKI.NS,HOLD,4.77,-3.69,1.27,1.67,,,4.41,5.25,1.33,LOW,80
FCONSUMER.NS,HOLD,0.31,-6.12,0.0,1.4,,,0.3,0.32,0,LOW,80
AJOONI.NS,SELL,3.69,-9.66,-2.89,2.1,,,4.13,2.6,2.5,LOW,100
ANMOL.NS,HOLD,11.16,-4.51,3.24,2.82,,,10.25,12.38,1.33,LOW,100
BANKA.NS,HOLD,90.09,6.96,-2.52,2.12,,,85.47,96.25,1.33,LOW,100
NAGREEKEXP.NS,HOLD,26.55,-2.18,-0.86,1.8,,,24.13,29.78,1.33,LOW,80
DELTAMAGNT.NS,HOLD,60.82,-1.04,3.97,2.68,,,56.05,67.17,1.33,LOW,100
HGM.NS,HOLD,52.01,-8.56,0.06,3.36,,,47.94,57.43,1.33,LOW,80
CEREBRAINT.NS,HOLD,3.65,-6.55,2.53,3.03,,,3.29,4.13,1.33,LOW,100
CTE.NS,HOLD,31.18,-1.95,-0.13,2.31,,,27.76,35.74,1.33,LOW,80
SUVIDHAA.NS,HOLD,2.69,-5.06,1.51,1.64,,,2.51,2.93,1.33,LOW,80
ORIENTLTD.NS,BUY,71.31,11.44,22.97,2.78,69.88,72.74,65.11,86.81,2.5,LOW,100
ARISTO.NS,HOLD,99.7,-7.33,9.5,2.56,,,97.07,103.21,1.33,LOW,100
SRIVASAVI.NS,BUY,69.0,21.09,32.69,4.33,67.62,70.38,60.9,89.25,2.5,LOW,100
NARMADA.NS,BUY,42.73,17.63,21.01,6.4,41.88,43.58,36.42,58.5,2.5,LOW,100
ONDOOR.NS,BUY,201.45,15.53,15.78,3.11,197.42,205.48,183.9,245.32,2.5,LOW,100
PULZ.NS,BUY,25.75,5.43,10.04,2.86,25.23,26.27,24.33,29.3,2.5,LOW,100
TFL.NS,HOLD,12.1,-1.73,1.51,2.74,,,10.77,13.87,1.33,LOW,80
AGRITECH.NS,HOLD,115.07,0.66,-1.73,7.14,,,101.59,133.04,1.33,LOW,60
ARABIAN.NS,HOLD,64.0,-7.06,-0.31,3.08,,,60.44,68.75,1.33,LOW,80
BLBLIMITED.NS,SELL,14.65,-11.31,-7.04,1.9,,,15.8,11.79,2.5,LOW,100
BLUECOAST.NS,SELL,29.64,-1.45,-1.17,2.56,,,33.0,21.25,2.5,LOW,80
BANARBEADS.NS,HOLD,102.74,-5.57,1.05,1.66,,,95.37,112.57,1.33,LOW,80
AGROPHOS.NS,HOLD,30.32,-3.52,0.93,1.77,,,28.37,32.92,1.33,LOW,80
DAMODARIND.NS,BUY,31.36,3.84,6.81,2.52,30.73,31.99,27.77,40.35,2.5,LOW,100
K2INFRA.NS,BUY,65.85,17.92,34.53,7.35,64.53,67.17,53.74,96.12,2.5,LOW,100
NOIDATOLL.NS,HOLD,4.82,2.16,-3.21,3.43,,,4.42,5.35,1.33,LOW,100
3PLAND.NS,HOLD,31.64,-4.6,0.25,2.22,,,28.27,36.13,1.33,LOW,80
AMEYA.NS,SELL,106.0,-3.96,-1.26,1.84,,,108.46,99.86,2.5,LOW,80
SECURKLOUD.NS,SELL,19.01,-11.31,-4.18,2.17,,,21.41,13.01,2.5,LOW,100
ROML.NS,BUY,46.73,2.5,4.8,1.54,45.8,47.66,43.07,55.87,2.5,LOW,100
PARASPETRO.NS,HOLD,2.04,-2.53,8.51,2.77,,,1.8,2.36,1.33,LOW,100
MARCO.NS,SELL,31.0,-14.23,-1.59,2.87,,,33.14,25.66,2.5,LOW,80
AHLADA.NS,HOLD,39.69,-6.4,-0.38,1.65,,,36.49,43.96,1.33,LOW,80
HOMESFY.NS,HOLD,111.0,-7.34,-0.89,3.08,,,108.03,114.96,1.33,LOW,80
VELS.NS,BUY,69.85,2.02,2.19,0.49,68.45,71.25,69.64,70.39,2.5,LOW,100
TPHQ.NS,SELL,0.48,-9.13,-2.04,1.39,,,0.53,0.37,2.5,LOW,100
ATLASCYCLE.NS,HOLD,98.55,-2.21,0.99,2.36,,,94.1,104.48,1.33,LOW,80
SHEKHAWATI.NS,SELL,13.7,-7.42,-5.65,2.37,,,15.38,9.5,2.5,LOW,100
ORIENTALTL.NS,SELL,6.0,-9.08,-4.91,1.4,,,6.73,4.17,2.5,LOW,100
FMNL.NS,BUY,10.98,8.17,6.71,2.12,10.76,11.2,9.73,14.11,2.5,LOW,100
SAIFL.NS,HOLD,5.7,-16.42,14.0,2.66,,,5.36,6.15,1.33,LOW,100
SYNOPTICS.NS,BUY,67.0,14.76,4.36,3.73,65.66,68.34,59.22,86.45,2.5,LOW,100
ASLIND.NS,BUY,164.85,23.06,9.68,2.25,161.55,168.15,162.2,171.48,2.5,LOW,100
NORBTEAEXP.NS,SELL,71.97,-3.67,-2.82,2.98,,,79.91,52.11,2.5,LOW,100
BANG.NS,SELL,31.92,-13.67,-5.2,4.18,,,38.74,14.88,2.5,LOW,100
BIRDYS.NS,SELL,95.8,-22.56,-18.47,2.21,,,99.78,85.85,2.5,LOW,100
FLEXITUFF.NS,SELL,6.06,-11.96,-13.06,1.97,,,6.75,4.34,2.5,LOW,100
LRRPL.NS,BUY,92.0,10.16,6.98,2.64,90.16,93.84,82.89,114.79,2.5,LOW,100
ANSALAPI.NS,SELL,2.99,-20.13,-13.83,1.21,,,3.12,2.65,2.5,LOW,100
GATECH.NS,SELL,0.5,-2.15,-1.96,1.76,,,0.54,0.4,2.5,LOW,80
BALKRISHNA.NS,HOLD,18.45,-0.12,4.12,2.4,,,17.06,20.3,1.33,LOW,80
SWASTIK.NS,SELL,17.9,-18.63,-17.89,1.97,,,18.51,16.36,2.5,LOW,100
NIBL.NS,SELL,30.03,-3.0,-1.77,1.66,,,33.49,21.39,2.5,LOW,80
JAIPURKURT.NS,SELL,27.86,-9.44,-1.28,2.11,,,30.93,20.17,2.5,LOW,80
VERTEXPLUS.NS,SELL,37.5,-46.92,-33.8,2.88,,,41.86,26.59,2.5,LOW,100
CELEBRITY.NS,BUY,7.89,1.6,7.35,2.26,7.73,8.05,6.86,10.46,2.5,LOW,100
GRAPHISAD.NS,SELL,28.0,-15.57,-6.67,2.08,,,29.63,23.93,2.5,LOW,100
RILINFRA.NS,BUY,43.35,22.94,24.75,4.02,42.48,44.22,38.31,55.96,2.5,LOW,100
DURLAX.NS,SELL,47.0,-10.46,-2.79,2.77,,,52.1,34.25,2.5,LOW,100
JETFREIGHT.NS,SELL,20.86,-1.06,-4.27,3.31,,,23.16,15.1,2.5,LOW,100
SERVICE.NS,HOLD,50.7,-2.69,2.94,2.31,,,49.67,52.08,1.33,LOW,100
GSS.NS,HOLD,13.18,-4.26,7.59,2.08,,,12.22,14.46,1.33,LOW,100
BIOFILCHEM.NS,BUY,36.07,5.12,1.89,1.79,35.35,36.79,31.93,46.42,2.5,LOW,80
DHANLAXMI.NS,HOLD,29.7,-3.61,6.07,4.21,,,28.16,31.76,1.33,LOW,100
ARCHIES.NS,HOLD,14.29,-2.69,4.54,1.81,,,13.14,15.82,1.33,LOW,100
GAYAHWS.NS,HOLD,2.15,-6.86,-0.92,1.37,,,1.97,2.39,1.33,LOW,80
DANGEE.NS,HOLD,3.25,-3.94,3.83,2.01,,,3.05,3.52,1.33,LOW,100
KARMAENG.NS,HOLD,43.44,-6.9,6.55,2.98,,,39.46,48.75,1.33,LOW,100
TNTELE.NS,SELL,8.98,-5.5,-1.21,1.7,,,10.03,6.34,2.5,LOW,80
MALUPAPER.NS,HOLD,30.95,-4.65,0.0,1.67,,,29.07,33.46,1.33,LOW,80
BLUEPEBBLE.NS,HOLD,78.0,-23.45,8.18,4.54,,,71.98,86.03,1.33,LOW,100
RKDL.NS,HOLD,19.38,-5.79,7.49,2.49,,,17.63,21.71,1.33,LOW,100
ICDSLTD.NS,HOLD,42.32,-5.69,-0.66,3.47,,,38.5,47.41,1.33,LOW,80
PALREDTEC.NS,BUY,58.0,32.14,34.7,2.93,56.84,59.16,53.58,69.04,2.5,LOW,100
AGSTRA.NS,HOLD,2.69,2.02,-9.43,2.97,,,2.65,2.75,1.33,LOW,100
MANUGRAPH.NS,HOLD,15.21,2.48,-6.28,3.82,,,13.73,17.19,1.33,LOW,100
LFIC.NS,BUY,145.3,0.6,3.17,2.43,142.39,148.21,131.28,180.35,2.5,LOW,80
GOLDENTOBC.NS,BUY,27.24,3.27,8.35,2.81,26.7,27.78,24.6,33.83,2.5,LOW,100
SECL.NS,SELL,3.0,-8.59,-4.76,1.06,,,3.02,2.95,2.5,LOW,100
PRESSTONIC.NS,SELL,29.4,-19.59,-1.84,2.61,,,33.11,20.13,2.5,LOW,80
VINNY.NS,BUY,1.18,3.47,10.28,3.02,1.16,1.2,1.04,1.54,2.5,LOW,100
SHIVAMILLS.NS,HOLD,62.0,-2.47,-0.94,2.91,,,57.07,68.58,1.33,LOW,80
UWCSL.NS,BUY,107.1,10.88,15.22,2.18,104.96,109.24,104.49,113.64,2.5,LOW,100
LEXUS.NS,SELL,14.15,-19.76,-3.15,3.9,,,16.87,7.35,2.5,LOW,100
BABAFP.NS,HOLD,25.0,-4.43,10.13,7.61,,,21.49,29.69,1.33,LOW,100
HBSL.NS,HOLD,51.52,-11.54,-0.81,1.25,,,48.83,55.11,1.33,LOW,80
BMETRICS.NS,HOLD,36.8,-4.24,4.55,1.84,,,35.63,38.36,1.33,LOW,100
ADROITINFO.NS,SELL,8.82,-6.29,-5.97,1.57,,,9.71,6.59,2.5,LOW,100
AUROIMPEX.NS,SELL,25.75,-15.97,-8.04,3.48,,,27.18,22.18,2.5,LOW,100
TARAPUR.NS,HOLD,18.48,-15.13,0.76,3.55,,,16.73,20.81,1.33,LOW,80
RCDL.NS,HOLD,27.0,8.26,0.56,5.06,,,24.79,29.95,1.33,LOW,80
SEL.NS,HOLD,183.3,-4.09,-0.89,3.25,,,176.15,192.83,1.33,LOW,80
LCCINFOTEC.NS,HOLD,4.72,1.23,0.43,4.23,,,4.27,5.32,1.33,LOW,80
MCON.NS,SELL,46.0,-5.87,-5.93,4.98,,,51.62,31.95,2.5,LOW,100
ASTRON.NS,HOLD,3.9,-6.01,2.09,1.52,,,3.58,4.32,1.33,LOW,100
KHAITANLTD.NS,BUY,138.42,5.26,4.45,2.01,135.65,141.19,128.31,163.71,2.5,LOW,100
AROGRANITE.NS,HOLD,25.71,-1.59,4.64,1.98,,,23.76,28.31,1.33,LOW,100
SIMBHALS.NS,SELL,6.78,-19.89,-1.88,2.71,,,7.52,4.92,2.5,LOW,80
HYBRIDFIN.NS,BUY,21.88,14.77,36.75,7.03,21.44,22.32,18.17,31.16,2.5,LOW,100
VISHWAS.NS,BUY,53.4,10.05,19.46,2.8,52.33,54.47,50.22,61.35,2.5,LOW,100
QUICKTOUCH.NS,SELL,24.45,-7.02,-4.49,3.53,,,26.88,18.38,2.5,LOW,100
21STCENMGM.NS,HOLD,33.2,-1.02,4.24,1.65,,,31.51,35.46,1.33,LOW,100
DKEGL.NS,HOLD,70.85,-1.93,10.44,3.21,,,68.93,73.41,1.33,LOW,100
DNAMEDIA.NS,SELL,2.78,-6.35,-3.81,1.56,,,3.16,1.84,2.5,LOW,100
LASA.NS,HOLD,7.6,-4.26,5.85,2.69,,,6.79,8.67,1.33,LOW,100
PENTAGON.NS,HOLD,58.95,-7.47,6.12,3.16,,,57.62,60.72,1.33,LOW,100
RULKA.NS,SELL,86.9,-12.22,-10.37,4.24,,,95.07,66.47,2.5,LOW,100
UCL.NS,BUY,185.9,29.52,19.36,1.79,182.18,189.62,177.06,207.99,2.5,LOW,100
SUPERSPIN.NS,BUY,5.46,3.91,6.64,3.42,5.35,5.57,4.74,7.26,2.5,LOW,100
COUNCODOS.NS,SELL,4.79,-4.49,-3.62,1.5,,,5.33,3.45,2.5,LOW,100
WEWIN.NS,SELL,48.5,-13.48,-7.09,2.56,,,54.04,34.64,2.5,LOW,100
MADHUCON.NS,BUY,6.1,9.97,12.34,4.13,5.98,6.22,5.17,8.43,2.5,LOW,100
AGNI.NS,HOLD,18.8,-4.34,4.74,3.02,,,17.86,20.06,1.33,LOW,100
MASKINVEST.NS,HOLD,152.4,0.11,2.97,2.77,,,142.54,165.55,1.33,LOW,80
ITALIANE.NS,HOLD,36.0,-1.13,0.0,3.42,,,34.5,38.0,1.33,LOW,80
ARSHIYA.NS,SELL,1.05,-12.46,-1.87,2.16,,,1.16,0.77,2.5,LOW,80
MOXSH.NS,HOLD,114.0,-9.33,0.0,2.41,,,112.3,116.26,1.33,LOW,80
SEYAIND.NS,HOLD,13.08,-6.75,0.23,1.56,,,12.47,13.9,1.33,LOW,80
PEARLPOLY.NS,HOLD,18.79,-4.09,3.81,2.66,,,17.13,21.0,1.33,LOW,100
SVPGLOB.NS,BUY,3.94,2.79,5.07,2.28,3.86,4.02,3.5,5.05,2.5,LOW,100
MILTON.NS,SELL,40.0,-6.89,-1.23,1.03,,,40.49,38.77,2.5,LOW,80
SAGARDEEP.NS,BUY,24.94,1.14,1.8,2.45,24.44,25.44,22.28,31.59,2.5,LOW,80
PROLIFE.NS,BUY,75.8,20.27,20.7,3.16,74.28,77.32,72.46,84.16,2.5,LOW,100
GANGAFORGE.NS,SELL,2.4,-6.33,-1.23,3.12,,,2.78,1.44,2.5,LOW,80
NGIL.NS,SELL,37.24,-3.28,-6.41,2.19,,,41.28,27.14,2.5,LOW,100
UMA.NS,HOLD,18.4,-5.44,1.38,1.68,,,18.2,18.66,1.33,LOW,80
ADL.NS,SELL,68.2,-7.28,-5.01,2.5,,,75.88,49.01,2.5,LOW,100
ABMINTLLTD.NS,SELL,40.74,-7.08,-5.12,3.33,,,43.84,32.99,2.5,LOW,100
AKASH.NS,HOLD,26.48,-2.34,1.73,1.75,,,24.95,28.52,1.33,LOW,80
AATMAJ.NS,HOLD,20.0,-0.89,4.17,2.67,,,19.74,20.35,1.33,LOW,80
HRHNEXT.NS,SELL,26.75,-7.09,-1.47,3.18,,,29.44,20.04,2.5,LOW,80
PRECISION.NS,SELL,6.95,-11.48,-10.32,3.07,,,7.39,5.84,2.5,LOW,100
DEEM.NS,BUY,54.0,28.34,15.14,7.08,52.92,55.08,49.79,64.54,2.5,LOW,100
AMBICAAGAR.NS,BUY,24.55,1.95,1.53,2.32,24.06,25.04,21.98,30.97,2.5,LOW,80
MOHITIND.NS,BUY,24.74,5.09,10.94,4.51,24.25,25.23,21.85,31.98,2.5,LOW,100
JFLLIFE.NS,SELL,9.05,-3.27,-4.23,2.98,,,9.39,8.21,2.5,LOW,100
KONTOR.NS,SELL,58.5,-15.73,-2.42,6.48,,,62.26,49.11,2.5,LOW,100
VIJIFIN.NS,BUY,5.46,36.07,40.0,2.8,5.35,5.57,5.04,6.52,2.5,LOW,100
SIGNORIA.NS,BUY,105.85,58.69,53.07,3.63,103.73,107.97,97.58,126.53,2.5,LOW,100
AKSHAR.NS,SELL,0.44,-6.42,-2.22,1.43,,,0.48,0.35,2.5,LOW,100
KEEPLEARN.NS,SELL,1.96,-4.31,-1.51,1.55,,,2.21,1.34,2.5,LOW,80
RADIOWALLA.NS,HOLD,27.35,-12.6,0.92,3.0,,,26.26,28.81,1.33,LOW,80
JETKNIT.NS,SELL,76.55,-12.77,-14.18,2.38,,,78.36,72.03,2.5,LOW,100
PNC.NS,BUY,22.63,10.34,13.15,2.98,22.18,23.08,19.63,30.13,2.5,LOW,100
NEXTMEDIA.NS,HOLD,4.04,-2.02,6.88,2.3,,,3.64,4.58,1.33,LOW,100
WALPAR.NS,HOLD,25.25,-22.03,12.98,3.66,,,24.13,26.74,1.33,LOW,100
ASHOKAMET.NS,HOLD,15.23,-3.67,0.46,0.97,,,14.41,16.32,1.33,LOW,80
BOHRAIND.NS,SELL,14.75,-18.32,-12.77,3.54,,,17.51,7.84,2.5,LOW,100
TIMESCAN.NS,HOLD,42.0,2.15,-2.21,2.7,,,41.26,42.99,1.33,LOW,100
NKIND.NS,SELL,62.11,-5.91,-5.54,1.95,,,67.16,49.48,2.5,LOW,100
AKG.NS,HOLD,10.62,-5.55,-0.93,2.07,,,9.61,11.96,1.33,LOW,80
AGARWALFT.NS,BUY,39.6,13.28,31.78,3.62,38.81,40.39,37.66,44.44,2.5,LOW,100
LAXMICOT.NS,BUY,15.03,2.98,3.3,2.89,14.73,15.33,12.82,20.56,2.5,LOW,100
SITINET.NS,SELL,0.34,-3.68,-2.86,1.83,,,0.38,0.25,2.5,LOW,100
MEDIORG.NS,HOLD,23.75,-6.7,19.65,4.95,,,22.33,25.64,1.33,LOW,100
MADHAV.NS,SELL,36.5,-2.51,-2.33,2.32,,,40.19,27.28,2.5,LOW,100
TRIDHYA.NS,BUY,11.75,18.59,21.76,2.47,11.52,11.98,11.23,13.05,2.5,LOW,100
MONOPHARMA.NS,SELL,10.9,-9.75,-6.44,2.99,,,11.56,9.26,2.5,LOW,100
SGL.NS,SELL,10.21,-9.76,-3.95,2.15,,,11.19,7.75,2.5,LOW,100
KRIDHANINF.NS,BUY,2.96,2.39,3.86,2.26,2.9,3.02,2.57,3.93,2.5,LOW,100
KANANIIND.NS,SELL,1.52,-4.68,-1.94,1.47,,,1.68,1.12,2.5,LOW,80
KSR.NS,HOLD,31.59,-8.18,1.67,2.76,,,28.95,35.11,1.33,LOW,80
KKVAPOW.NS,SELL,553.25,-9.25,-9.75,1.54,,,561.79,531.91,2.5,LOW,100
NEUEON.NS,SELL,19.78,-10.8,-9.72,2.05,,,20.25,18.61,2.5,LOW,100
VINEETLAB.NS,SELL,34.0,-5.12,-1.45,1.85,,,36.6,27.49,2.5,LOW,80
SATIPOLY.NS,SELL,30.35,-15.65,-22.08,3.5,,,32.89,24.01,2.5,LOW,100
TAPIFRUIT.NS,SELL,49.0,-10.96,-1.71,2.69,,,50.82,44.45,2.5,LOW,80
WILLAMAGOR.NS,HOLD,26.18,-3.85,1.51,2.73,,,24.1,28.95,1.33,LOW,80
TECILCHEM.NS,SELL,10.35,-14.88,-6.33,2.58,,,11.97,6.3,2.5,LOW,100
MEP.NS,SELL,0.74,-20.09,-10.84,0.28,,,0.77,0.67,2.5,LOW,100
KHANDSE.NS,HOLD,17.67,0.76,-1.89,3.08,,,15.87,20.07,1.33,LOW,60
NAGREEKCAP.NS,SELL,24.84,-14.91,-9.01,2.38,,,28.14,16.6,2.5,LOW,100
KAUSHALYA.NS,HOLD,837.55,-4.65,0.22,1.39,,,795.5,893.61,1.33,LOW,80
INFOMEDIA.NS,HOLD,5.73,-0.97,1.78,3.29,,,5.23,6.4,1.33,LOW,60
BILVYAPAR.NS,HOLD,4.28,-12.69,9.18,2.91,,,3.94,4.73,1.33,LOW,100
VILINBIO.NS,SELL,41.55,-7.8,-12.98,2.36,,,43.68,36.23,2.5,LOW,100
MITTAL.NS,HOLD,0.98,0.64,-2.97,1.79,,,0.91,1.07,1.33,LOW,80
SKIL.NS,SELL,0.92,-4.96,-3.16,1.45,,,0.94,0.86,2.5,LOW,100
CELLPOINT.NS,SELL,15.0,-8.28,-5.96,4.16,,,16.08,12.3,2.5,LOW,100
ROLLT.NS,BUY,3.07,36.57,18.08,3.48,3.01,3.13,2.67,4.08,2.5,LOW,100
TGBHOTELS.NS,HOLD,8.93,-4.05,0.34,1.08,,,8.42,9.61,1.33,LOW,80
ASPIRE.NS,HOLD,14.55,-5.84,2.11,3.46,,,13.95,15.35,1.33,LOW,100
SHRENIK.NS,BUY,0.4,4.11,8.11,1.47,0.39,0.41,0.37,0.49,2.5,LOW,100
VSCL.NS,BUY,30.2,21.36,11.85,2.15,29.6,30.8,29.67,31.52,2.5,LOW,100
TREEHOUSE.NS,SELL,6.59,-10.95,-5.04,2.35,,,7.59,4.09,2.5,LOW,100
LIBAS.NS,SELL,11.64,-4.19,-2.35,1.76,,,12.58,9.29,2.5,LOW,100
DIL.NS,SELL,0.93,-4.69,-2.11,1.21,,,0.96,0.85,2.5,LOW,100
FLFL.NS,HOLD,1.39,-6.13,6.92,2.23,,,1.26,1.56,1.33,LOW,100
YUDIZ.NS,BUY,28.1,7.11,20.6,3.56,27.54,28.66,26.35,32.48,2.5,LOW,100
MICROPRO.NS,SELL,19.25,-0.75,-1.03,4.71,,,21.02,14.82,2.5,LOW,60
CONTI.NS,SELL,11.75,-11.55,-6.37,2.04,,,12.16,10.73,2.5,LOW,100
HAVISHA.NS,SELL,1.28,-14.29,-7.25,2.07,,,1.51,0.71,2.5,LOW,100
GFSTEELS.NS,HOLD,13.61,5.06,0.0,1.1,,,13.54,13.7,1.33,LOW,80
MFML.NS,SELL,22.73,-6.56,-2.03,1.71,,,25.14,16.69,2.5,LOW,100
MORARJEE.NS,BUY,8.83,11.26,23.32,4.19,8.65,9.01,7.82,11.35,2.5,LOW,100
KSHITIJPOL.NS,SELL,4.35,-2.52,-39.5,4.95,,,4.94,2.89,2.5,LOW,100
SRPL.NS,SELL,0.37,-10.89,-5.13,1.04,,,0.38,0.34,2.5,LOW,100
EASTSILK.NS,SELL,48.88,-13.14,-8.96,2.69,,,54.41,35.07,2.5,LOW,100
AILIMITED.NS,HOLD,36.0,-9.67,-0.14,3.43,,,34.82,37.58,1.33,LOW,80
SPRL.NS,BUY,110.75,18.57,33.43,2.75,108.53,112.97,106.31,121.86,2.5,LOW,100
MANDEEP.NS,HOLD,19.2,-8.0,6.96,3.19,,,18.56,20.06,1.33,LOW,100
CYBERMEDIA.NS,HOLD,16.74,-1.83,2.07,2.11,,,15.4,18.53,1.33,LOW,100
MANAV.NS,SELL,36.55,-11.84,-11.39,2.38,,,37.22,34.87,2.5,LOW,100
SUPREMEENG.NS,BUY,1.38,27.26,16.95,2.04,1.35,1.41,1.31,1.56,2.5,LOW,100
TVVISION.NS,HOLD,5.17,-2.19,3.4,2.79,,,4.65,5.86,1.33,LOW,100
NIDAN.NS,HOLD,13.6,-5.07,-0.73,1.96,,,12.68,14.82,1.33,LOW,80
ANKITMETAL.NS,SELL,1.45,-8.11,-6.45,2.18,,,1.64,0.97,2.5,LOW,100
SANGINITA.NS,BUY,41.57,48.32,21.73,0.01,40.74,42.4,40.03,45.41,2.5,LOW,100
GUJRAFFIA.NS,HOLD,40.72,-0.42,0.25,2.17,,,37.28,45.3,1.33,LOW,60
CALSOFT.NS,BUY,23.87,19.62,18.7,4.25,23.39,24.35,21.23,30.47,2.5,LOW,100
GTECJAINX.NS,HOLD,29.34,27.41,-10.79,9.41,,,26.3,33.39,1.33,LOW,100
ACEINTEG.NS,BUY,20.86,3.62,4.2,4.39,20.44,21.28,17.98,28.06,2.5,LOW,100
RETAIL.NS,HOLD,18.2,-7.37,1.05,4.66,,,15.74,21.48,1.33,LOW,80
FEL.NS,SELL,0.4,-9.46,-4.76,1.77,,,0.44,0.3,2.5,LOW,100
YCCL.NS,SELL,9.8,-2.54,-3.92,6.17,,,10.92,7.0,2.5,LOW,100
CMRSL.NS,SELL,68.25,-5.07,-2.5,3.14,,,72.92,56.57,2.5,LOW,100
SANWARIA.NS,SELL,0.21,-5.66,-4.55,2.11,,,0.24,0.14,2.5,LOW,100
VCL.NS,SELL,1.32,-8.35,-1.49,3.15,,,1.47,0.94,2.5,LOW,80
INSPIRE.NS,SELL,8.35,-20.37,-13.92,1.68,,,8.59,7.74,2.5,LOW,100
VIVIDHA.NS,HOLD,0.54,-1.68,1.89,2.78,,,0.5,0.6,1.33,LOW,80
DHTL.NS,SELL,40.5,-9.78,-2.64,2.16,,,42.18,36.3,2.5,LOW,100
HEADSUP.NS,HOLD,7.04,-3.55,0.57,2.86,,,6.31,8.02,1.33,LOW,80
BLUECHIP.NS,HOLD,2.37,8.65,-3.27,1.12,,,2.35,2.39,1.33,LOW,100
SHANTHALA.NS,BUY,25.95,5.02,9.96,6.92,25.43,26.47,23.09,33.09,2.5,LOW,100
MAKS.NS,SELL,23.05,-10.81,-11.35,1.71,,,23.77,21.25,2.5,LOW,100
MARINETRAN.NS,SELL,13.5,-16.79,-15.62,1.75,,,13.87,12.57,2.5,LOW,100
NIRAJISPAT.NS,SELL,203.0,-9.17,-5.58,3.81,,,221.33,157.18,2.5,LOW,100
SUNREST.NS,HOLD,35.05,-1.35,5.89,3.06,,,34.24,36.13,1.33,LOW,100
QFIL.NS,BUY,59.4,32.95,16.93,3.05,58.21,60.59,55.36,69.49,2.5,LOW,100
TIJARIA.NS,SELL,4.25,-6.29,-5.97,4.72,,,5.01,2.34,2.5,LOW,100
SILLYMONKS.NS,SELL,16.72,-0.65,-8.83,3.21,,,19.48,9.83,2.5,LOW,80
RADAAN.NS,SELL,3.01,-4.57,-1.95,2.97,,,3.41,2.02,2.5,LOW,80
UNIINFO.NS,HOLD,11.88,-4.4,8.0,2.36,,,10.76,13.37,1.33,LOW,100
ISHAN.NS,HOLD,0.6,-6.98,0.0,2.6,,,0.57,0.64,1.33,LOW,80
JIWANRAM.NS,BUY,5.85,5.5,13.59,3.08,5.73,5.97,5.46,6.81,2.5,LOW,100
VERITAAS.NS,SELL,37.05,-20.7,-18.75,2.19,,,38.53,33.35,2.5,LOW,100
LYPSAGEMS.NS,HOLD,4.83,-5.57,-0.62,1.2,,,4.59,5.15,1.33,LOW,80
UNIVAFOODS.NS,HOLD,8.57,4.29,0.0,1.09,,,8.53,8.63,1.33,LOW,80
EDUCOMP.NS,BUY,0.99,2.4,1.02,1.3,0.97,1.01,0.96,1.07,2.5,LOW,80
SHUBHLAXMI.NS,BUY,27.3,17.91,5.81,2.96,26.75,27.85,23.84,35.94,2.5,LOW,100
ONELIFECAP.NS,BUY,32.33,37.54,28.24,3.38,31.68,32.98,28.76,41.24,2.5,LOW,100
WINNY.NS,HOLD,41.25,-6.96,4.83,1.91,,,41.05,41.52,1.33,LOW,100
GLFL.NS,HOLD,6.5,-0.05,2.85,2.75,,,5.92,7.27,1.33,LOW,80
TCIFINANCE.NS,HOLD,18.53,12.85,-26.76,8.3,,,16.09,21.79,1.33,LOW,100
GSTL.NS,SELL,18.6,-18.09,-7.0,1.55,,,18.86,17.96,2.5,LOW,100
IMPEXFERRO.NS,HOLD,2.41,21.09,-9.4,3.16,,,2.35,2.5,1.33,LOW,100
SAROJA.NS,HOLD,33.0,0.26,2.17,2.7,,,32.11,34.19,1.33,LOW,80
COMPINFO.NS,SELL,1.26,-5.56,-5.26,2.58,,,1.44,0.82,2.5,LOW,100
ANTGRAPHIC.NS,HOLD,0.81,-2.36,2.53,1.72,,,0.74,0.91,1.33,LOW,100
QUADPRO.NS,BUY,2.35,12.06,9.3,2.43,2.3,2.4,2.28,2.53,2.5,LOW,100
PLADAINFO.NS,BUY,11.45,1.26,4.57,3.22,11.22,11.68,11.22,12.02,2.5,LOW,100
SHYAMTEL.NS,BUY,20.58,7.66,35.31,3.35,20.17,20.99,19.32,23.73,2.5,LOW,100
CREATIVEYE.NS,SELL,6.31,-7.56,-1.87,2.57,,,7.23,4.0,2.5,LOW,80
ARENTERP.NS,HOLD,37.18,-4.4,2.85,3.11,,,34.02,41.4,1.33,LOW,100
MTEDUCARE.NS,BUY,2.3,36.09,27.78,2.99,2.25,2.35,1.98,3.09,2.5,LOW,100
UMESLTD.NS,HOLD,5.58,0.06,-1.06,2.47,,,5.0,6.35,1.33,LOW,60
VIVO.NS,HOLD,73.75,-4.78,-0.34,2.33,,,72.38,75.57,1.33,LOW,80
GLOBALE.NS,HOLD,12.5,-4.73,8.13,3.26,,,11.17,14.27,1.33,LOW,100
WINSOME.NS,HOLD,2.41,9.49,-5.49,1.24,,,2.38,2.45,1.33,LOW,100
EUROTEXIND.NS,HOLD,17.97,8.85,-12.51,7.34,,,15.37,21.43,1.33,LOW,100
INDIFRA.NS,SELL,12.65,-3.58,-8.0,2.41,,,13.15,11.4,2.5,LOW,100
AMIABLE.NS,BUY,84.95,13.28,10.54,3.31,83.25,86.65,76.65,105.7,2.5,LOW,100
SHANTI.NS,SELL,6.32,-6.47,-1.86,1.41,,,7.03,4.56,2.5,LOW,80
DCMFINSERV.NS,HOLD,5.5,4.84,-1.43,2.12,,,5.32,5.74,1.33,LOW,80
TRANSWIND.NS,HOLD,13.2,-10.0,0.0,1.56,,,13.13,13.29,1.33,LOW,80
RITEZONE.NS,HOLD,18.95,-9.0,10.17,3.0,,,18.29,19.83,1.33,LOW,100
PREMIER.NS,BUY,2.98,1.04,1.36,2.45,2.92,3.04,2.72,3.64,2.5,LOW,80
ORTINGLOBE.NS,HOLD,17.44,9.63,-1.91,4.67,,,15.54,19.97,1.33,LOW,80
SABAR.NS,BUY,6.3,16.9,6.78,2.52,6.17,6.43,6.08,6.85,2.5,LOW,100
FALCONTECH.NS,SELL,11.3,-17.55,-10.32,4.36,,,13.19,6.59,2.5,LOW,100
CBAZAAR.NS,BUY,4.9,8.7,18.07,2.62,4.8,5.0,4.74,5.31,2.5,LOW,100
ACCORD.NS,BUY,133.25,112.46,62.5,3.32,130.59,135.91,123.86,156.71,2.5,LOW,100
AMJUMBO.NS,BUY,11.35,3.35,4.61,1.97,11.12,11.58,11.15,11.85,2.5,LOW,100
SETUINFRA.NS,HOLD,0.44,-18.4,10.0,3.39,,,0.4,0.49,1.33,LOW,100
SABEVENTS.NS,HOLD,8.53,-0.97,22.73,4.07,,,7.81,9.49,1.33,LOW,80
JALAN.NS,HOLD,2.15,8.97,0.0,2.45,,,2.06,2.27,1.33,LOW,80
CMICABLES.NS,SELL,2.95,-6.18,-3.59,1.24,,,3.08,2.64,2.5,LOW,100
LAKPRE.NS,SELL,4.7,-12.62,-6.93,3.09,,,5.23,3.36,2.5,LOW,100
BGLOBAL.NS,HOLD,3.3,4.88,-0.6,1.84,,,3.2,3.43,1.33,LOW,80
ORTEL.NS,SELL,1.52,-9.2,-10.06,3.05,,,1.79,0.85,2.5,LOW,100
QUINTEGRA.NS,SELL,1.35,-0.52,-2.17,1.24,,,1.4,1.22,2.5,LOW,80
RAJVIR.NS,SELL,6.86,-8.48,-4.99,1.53,,,6.97,6.6,2.5,LOW,100
VASA.NS,HOLD,4.45,-3.13,0.0,0.96,,,4.43,4.48,1.33,LOW,80
AHLWEST.NS,BUY,596.6,17.21,6.16,3.53,584.67,608.53,542.63,731.53,2.5,LOW,100
CLCIND.NS,BUY,44.49,39.07,10.21,2.51,43.6,45.38,43.63,46.65,2.5,LOW,100
MCX.NS,HOLD,2831.7,-5.21,1.9,2.19,,,2702.34,3004.19,1.33,LOW,80
