Ticker,Signal,Current_Price,Trend_Percent,Momentum_Percent,Volatility_Percent,Buy_Range_Low,Buy_Range_High,Stop_Loss,Target,RR_Ratio,Risk_Context,Confidence
RELIANCE.NS,SELL,1291.3,-0.92,-1.95,1.0,,,1332.11,1189.26,2.5,LOW,60
HDFCBANK.NS,SELL,704.4,-6.36,-3.18,0.9,,,728.71,643.63,2.5,LOW,100
BHARTIARTL.NS,SELL,1839.0,-3.77,-5.55,1.69,,,1904.99,1674.04,2.5,LOW,100
TCS.NS,HOLD,2270.0,-0.31,-1.14,1.68,,,2188.16,2379.11,1.33,LOW,60
ICICIBANK.NS,SELL,1403.7,-1.13,-1.34,0.98,,,1445.06,1300.31,2.5,LOW,80
SBIN.NS,SELL,1009.0,-3.09,-3.72,0.95,,,1041.29,928.29,2.5,LOW,100
INFY.NS,SELL,1083.7,-2.62,-5.27,1.59,,,1137.41,949.41,2.5,LOW,100
BAJFINANCE.NS,SELL,1054.4,-1.12,-3.03,0.85,,,1091.69,961.19,2.5,LOW,100
HINDUNILVR.NS,SELL,1982.7,-5.04,-2.33,0.89,,,2038.91,1842.16,2.5,LOW,100
LICI.NS,SELL,411.85,-2.0,-2.87,1.26,,,428.89,369.26,2.5,LOW,100
LT.NS,HOLD,3966.9,-0.16,-3.69,0.82,,,3892.96,4065.49,1.33,LOW,80
ITC.NS,SELL,265.25,-4.5,-2.27,1.6,,,275.47,239.7,2.5,LOW,100
MARUTI.NS,SELL,12648.0,-7.33,-7.53,1.19,,,13144.29,11407.29,2.5,LOW,100
M&M.NS,SELL,3142.0,-4.13,-8.74,0.95,,,3273.39,2813.54,2.5,LOW,100
HCLTECH.NS,HOLD,1282.0,0.82,-2.57,1.54,,,1234.13,1345.83,1.33,LOW,80
KOTAKBANK.NS,BUY,422.5,6.8,5.2,1.19,414.05,430.95,407.58,459.8,2.5,LOW,100
SUNPHARMA.NS,SELL,1889.7,-2.11,-1.68,1.29,,,1956.09,1723.74,2.5,LOW,80
AXISBANK.NS,HOLD,1243.3,-1.99,0.59,1.37,,,1208.38,1289.86,1.33,LOW,80
ULTRACEMCO.NS,SELL,11022.0,-4.94,-4.49,1.02,,,11379.71,10127.71,2.5,LOW,100
BAJAJFINSV.NS,SELL,1938.2,-0.93,-3.28,0.88,,,2004.21,1773.16,2.5,LOW,80
TITAN.NS,HOLD,5008.5,3.0,-2.27,0.62,,,4895.2,5159.57,1.33,LOW,100
NTPC.NS,SELL,330.05,-2.72,-1.83,0.84,,,341.03,302.61,2.5,LOW,80
HAL.NS,BUY,5054.0,7.58,3.02,1.42,4952.92,5155.08,4848.57,5567.57,2.5,LOW,100
ADANIPORTS.NS,HOLD,1697.4,-2.64,1.51,2.05,,,1643.06,1769.86,1.33,LOW,80
ONGC.NS,HOLD,232.81,-2.77,-0.09,0.76,,,228.03,239.19,1.33,LOW,80
ETERNAL.NS,HOLD,322.25,5.39,-1.5,1.05,,,311.32,336.82,1.33,LOW,80
BEL.NS,HOLD,414.15,1.86,0.22,1.02,,,403.62,428.19,1.33,LOW,80
ADANIENT.NS,SELL,2953.0,-3.34,-5.05,2.54,,,3110.81,2558.46,2.5,LOW,100
DMART.NS,SELL,3697.8,-6.55,-5.42,1.01,,,3869.89,3267.59,2.5,LOW,100
JSWSTEEL.NS,HOLD,1309.1,2.65,-0.85,1.15,,,1271.72,1358.94,1.33,LOW,80
ADANIPOWER.NS,HOLD,207.25,-2.07,0.45,2.13,,,198.26,219.24,1.33,LOW,80
WIPRO.NS,SELL,171.77,-3.74,-4.62,1.32,,,179.34,152.86,2.5,LOW,100
POWERGRID.NS,SELL,265.05,-4.32,-2.34,1.05,,,274.54,241.32,2.5,LOW,100
ASIANPAINT.NS,SELL,2493.7,-6.81,-5.53,1.12,,,2587.34,2259.59,2.5,LOW,100
BAJAJ-AUTO.NS,HOLD,11769.0,4.81,-1.32,1.15,,,11438.89,12209.14,1.33,LOW,80
COALINDIA.NS,BUY,419.2,2.13,5.08,1.12,410.82,427.58,403.54,458.35,2.5,LOW,100
NESTLEIND.NS,SELL,1406.7,-4.07,-4.89,1.37,,,1468.14,1253.09,2.5,LOW,100
INDIGO.NS,SELL,4992.5,-4.56,-2.39,1.16,,,5206.5,4457.5,2.5,LOW,100
IOC.NS,SELL,134.54,-3.13,-3.21,0.97,,,139.14,123.03,2.5,LOW,100
TATASTEEL.NS,HOLD,185.59,-0.63,-0.72,1.01,,,179.04,194.32,1.33,LOW,60
TMPV.NS,SELL,303.9,-8.04,-3.29,1.48,,,315.94,273.81,2.5,LOW,100
HINDZINC.NS,BUY,599.15,6.68,1.11,2.48,587.17,611.13,559.06,699.36,2.5,LOW,80
JIOFIN.NS,SELL,233.61,-3.94,-3.47,1.18,,,242.09,212.41,2.5,LOW,100
HYUNDAI.NS,HOLD,2208.3,5.67,0.06,1.31,,,2128.29,2314.99,1.33,LOW,80
GRASIM.NS,HOLD,3301.7,2.89,0.42,1.05,,,3204.06,3431.89,1.33,LOW,80
SBILIFE.NS,SELL,1714.7,-5.45,-2.3,1.19,,,1780.19,1550.99,2.5,LOW,100
VEDL.NS,HOLD,270.35,-0.22,-1.69,2.03,,,257.73,287.17,1.33,LOW,60
DLF.NS,HOLD,673.3,1.88,-2.28,1.16,,,649.38,705.19,1.33,LOW,100
EICHERMOT.NS,HOLD,7703.0,-0.15,-4.27,0.93,,,7489.57,7987.57,1.33,LOW,80
TRENT.NS,SELL,2797.3,-5.58,-4.53,0.79,,,2902.14,2535.19,2.5,LOW,100
HINDALCO.NS,HOLD,1017.0,2.02,-3.92,1.54,,,984.09,1060.88,1.33,LOW,100
DIVISLAB.NS,BUY,9507.0,18.42,8.72,1.64,9316.86,9697.14,9091.29,10546.29,2.5,LOW,100
HDFCLIFE.NS,SELL,537.25,-2.42,-1.73,1.22,,,558.86,483.23,2.5,LOW,80
IRFC.NS,SELL,82.21,-6.05,-4.4,0.76,,,85.17,74.82,2.5,LOW,100
ADANIGREEN.NS,SELL,1290.0,-7.76,-3.01,2.44,,,1363.0,1107.5,2.5,LOW,100
VBL.NS,SELL,405.55,-9.33,-7.41,1.67,,,427.64,350.32,2.5,LOW,100
TVSMOTOR.NS,HOLD,4101.0,0.64,-7.22,1.21,,,3941.7,4313.4,1.33,LOW,80
PIDILITIND.NS,SELL,1572.0,-3.09,-4.79,1.42,,,1633.84,1417.39,2.5,LOW,100
BPCL.NS,SELL,307.2,-2.45,-3.43,1.16,,,321.53,271.38,2.5,LOW,100
TECHM.NS,SELL,1557.8,-0.66,-2.63,1.26,,,1628.59,1380.84,2.5,LOW,80
BAJAJHLDNG.NS,HOLD,11042.0,-0.04,-2.2,1.42,,,10651.36,11562.86,1.33,LOW,80
BRITANNIA.NS,SELL,5040.0,-5.79,-6.36,1.06,,,5238.29,4544.29,2.5,LOW,100
AMBUJACEM.NS,SELL,397.5,-6.19,-3.78,1.06,,,412.72,359.45,2.5,LOW,100
TATACAP.NS,HOLD,367.3,1.7,0.78,1.12,,,356.81,381.29,1.33,LOW,80
BANKBARODA.NS,SELL,235.84,-4.07,-2.14,0.99,,,244.1,215.19,2.5,LOW,100
CHOLAFIN.NS,SELL,1814.8,-0.96,-1.73,0.99,,,1895.0,1614.3,2.5,LOW,60
SHRIRAMFIN.NS,SELL,1026.9,-4.28,-9.8,1.53,,,1086.21,878.61,2.5,LOW,100
TMCV.NS,HOLD,457.0,3.24,-3.8,1.73,,,436.7,484.07,1.33,LOW,100
PNB.NS,HOLD,116.31,3.7,0.33,1.3,,,113.21,120.44,1.33,LOW,80
ICICIAMC.NS,SELL,3010.0,-4.27,-6.81,2.07,,,3192.9,2552.75,2.5,LOW,100
PFC.NS,SELL,354.3,-8.53,-2.42,1.62,,,370.34,314.2,2.5,LOW,100
SOLARINDS.NS,BUY,22335.0,16.21,12.8,2.47,21888.3,22781.7,21261.57,25018.57,2.5,LOW,100
MUTHOOTFIN.NS,SELL,2891.3,-3.31,-9.68,2.3,,,3074.5,2433.3,2.5,LOW,100
TATAPOWER.NS,SELL,362.95,-3.04,-2.06,1.36,,,377.67,326.15,2.5,LOW,100
CIPLA.NS,SELL,1387.3,-3.52,-3.52,0.79,,,1431.21,1277.51,2.5,LOW,100
TORNTPHARM.NS,HOLD,4942.5,0.2,0.21,1.3,,,4788.54,5147.79,1.33,LOW,60
GODREJCP.NS,SELL,866.7,-13.52,-6.73,2.79,,,902.29,777.74,2.5,LOW,100
LODHA.NS,HOLD,1211.9,1.5,-3.7,2.05,,,1153.58,1289.66,1.33,LOW,100
HDFCAMC.NS,SELL,2444.0,-6.04,-6.65,1.73,,,2571.71,2124.71,2.5,LOW,100
GAIL.NS,HOLD,175.14,1.0,0.08,1.4,,,170.4,181.46,1.33,LOW,80
CANBK.NS,SELL,124.29,-2.43,-3.51,0.88,,,128.86,112.86,2.5,LOW,100
MAXHEALTH.NS,HOLD,993.4,-6.6,0.29,1.67,,,959.44,1038.69,1.33,LOW,80
ENRIN.NS,SELL,3193.8,-5.4,-8.37,1.5,,,3383.69,2719.09,2.5,LOW,100
SIEMENS.NS,HOLD,3982.1,4.68,-2.65,1.47,,,3842.78,4167.86,1.33,LOW,100
MAZDOCK.NS,HOLD,2469.8,0.38,-2.76,1.14,,,2381.84,2587.08,1.33,LOW,80
BOSCHLTD.NS,HOLD,48665.0,10.23,-0.03,1.72,,,46985.0,50905.0,1.33,LOW,80
ABB.NS,HOLD,7410.0,1.08,-1.25,1.21,,,7168.66,7731.79,1.33,LOW,80
MOTHERSON.NS,HOLD,162.44,4.3,-2.41,1.23,,,156.79,169.97,1.33,LOW,100
CUMMINSIND.NS,SELL,4996.5,-7.27,-3.73,1.11,,,5187.43,4519.18,2.5,LOW,100
TATACONSUM.NS,SELL,1013.0,-5.92,-4.48,1.05,,,1046.31,929.71,2.5,LOW,100
LGEINDIA.NS,HOLD,1641.8,3.18,-1.35,2.56,,,1582.57,1720.77,1.33,LOW,80
POLYCAB.NS,SELL,8376.5,-8.1,-7.93,2.28,,,8860.86,7165.61,2.5,LOW,100
CGPOWER.NS,BUY,910.0,2.09,3.59,1.84,891.8,928.2,867.14,1017.16,2.5,LOW,100
UNIONBANK.NS,HOLD,183.6,3.82,-1.81,1.27,,,177.06,192.32,1.33,LOW,80
ADANIENSOL.NS,SELL,1391.2,-12.98,-12.75,2.9,,,1497.39,1125.74,2.5,LOW,100
APOLLOHOSP.NS,HOLD,8828.0,0.1,1.45,1.41,,,8623.36,9100.86,1.33,LOW,60
INDHOTEL.NS,SELL,721.95,-1.09,-1.1,1.48,,,754.06,641.68,2.5,LOW,80
HEROMOTOCO.NS,HOLD,5321.0,0.28,-5.4,1.37,,,5138.05,5564.93,1.33,LOW,80
DRREDDY.NS,SELL,1150.2,-4.35,-3.63,0.86,,,1185.14,1062.84,2.5,LOW,100
SHREECEM.NS,SELL,23340.0,-8.82,-4.5,1.4,,,24381.43,20736.43,2.5,LOW,100
JINDALSTEL.NS,HOLD,1141.6,4.69,-0.64,1.56,,,1097.6,1200.27,1.33,LOW,80
IDBI.NS,BUY,89.65,4.75,1.52,2.5,87.86,91.44,82.5,107.52,2.5,LOW,80
SWIGGY.NS,HOLD,278.0,1.74,-2.2,1.42,,,265.34,294.89,1.33,LOW,100
BSE.NS,HOLD,3381.9,-4.42,2.09,2.12,,,3218.56,3599.69,1.33,LOW,100
MANKIND.NS,SELL,2321.8,-5.81,-2.22,1.15,,,2417.66,2082.16,2.5,LOW,100
INDIANB.NS,HOLD,857.0,0.59,-1.55,1.24,,,827.59,896.21,1.33,LOW,60
INDUSTOWER.NS,SELL,374.4,-1.04,-3.32,1.83,,,392.07,330.22,2.5,LOW,100
UNITDSPR.NS,SELL,1435.8,-2.35,-7.37,1.04,,,1496.07,1285.12,2.5,LOW,100
GMRAIRPORT.NS,SELL,96.67,-8.21,-3.18,1.55,,,101.32,85.04,2.5,LOW,100
RECLTD.NS,SELL,315.55,-8.33,-3.21,1.37,,,330.19,278.94,2.5,LOW,100
ZYDUSLIFE.NS,BUY,1162.0,2.22,3.33,1.91,1138.76,1185.24,1101.31,1313.71,2.5,LOW,100
ICICIGI.NS,SELL,1483.0,-10.46,-8.46,0.69,,,1540.73,1338.68,2.5,LOW,100
GROWW.NS,HOLD,194.77,-1.59,-0.87,1.83,,,186.37,205.97,1.33,LOW,80
DIXON.NS,HOLD,14146.0,0.94,-5.63,1.57,,,13619.71,14847.71,1.33,LOW,80
IDEA.NS,BUY,15.51,11.97,2.11,2.9,15.2,15.82,14.5,18.03,2.5,LOW,100
HAVELLS.NS,SELL,1141.5,-7.32,-10.01,1.35,,,1203.89,985.54,2.5,LOW,100
MARICO.NS,SELL,817.55,-3.67,-3.37,1.04,,,846.67,744.75,2.5,LOW,100
HINDPETRO.NS,SELL,351.2,-5.45,-5.89,1.03,,,364.96,316.81,2.5,LOW,100
WAAREEENER.NS,SELL,2590.3,-5.01,-3.16,0.89,,,2696.21,2325.51,2.5,LOW,100
BAJAJHFL.NS,SELL,83.04,-3.25,-1.2,0.68,,,85.27,77.47,2.5,LOW,80
DABUR.NS,SELL,375.1,-9.24,-5.05,0.68,,,386.12,347.55,2.5,LOW,100
LUPIN.NS,SELL,2111.8,-9.28,-2.93,0.78,,,2184.3,1930.55,2.5,LOW,100
JSWENERGY.NS,SELL,526.3,-4.3,-4.03,1.34,,,549.97,467.12,2.5,LOW,100
ICICIPRULI.NS,SELL,468.55,-6.88,-8.35,1.84,,,496.53,398.6,2.5,LOW,100
PERSISTENT.NS,HOLD,5575.0,4.37,-1.41,2.07,,,5342.45,5885.07,1.33,LOW,80
BHARTIHEXA.NS,HOLD,1553.7,-0.49,-3.24,2.13,,,1494.35,1632.83,1.33,LOW,80
NAUKRI.NS,HOLD,1284.1,2.78,-4.88,1.51,,,1230.9,1355.03,1.33,LOW,100
SRF.NS,SELL,2526.2,-5.37,-2.12,1.02,,,2611.17,2313.77,2.5,LOW,100
BHEL.NS,BUY,426.5,3.28,2.28,2.15,417.97,435.03,403.61,483.73,2.5,LOW,100
POWERINDIA.NS,SELL,31330.0,-4.98,-7.42,1.76,,,33403.48,26146.3,2.5,LOW,100
MEESHO.NS,BUY,211.57,9.06,3.17,1.86,207.34,215.8,195.03,252.91,2.5,LOW,100
NTPCGREEN.NS,SELL,87.92,-4.62,-3.85,0.7,,,90.45,81.6,2.5,LOW,100
NHPC.NS,SELL,75.0,-3.67,-2.11,0.98,,,77.79,68.03,2.5,LOW,100
POLICYBZR.NS,BUY,1822.3,8.8,2.09,1.96,1785.85,1858.75,1723.3,2069.8,2.5,LOW,100
SBICARD.NS,BUY,667.05,4.59,2.58,1.98,653.71,680.39,626.56,768.28,2.5,LOW,100
ASHOKLEY.NS,HOLD,169.27,1.64,-3.1,1.49,,,163.52,176.93,1.33,LOW,100
SUZLON.NS,SELL,45.48,-8.47,-2.72,1.55,,,47.26,41.02,2.5,LOW,100
ABCAPITAL.NS,SELL,397.75,-1.5,-3.67,1.46,,,416.03,352.05,2.5,LOW,100
PAYTM.NS,BUY,1656.4,14.4,2.03,2.48,1623.27,1689.53,1546.96,1930.01,2.5,LOW,100
IOB.NS,HOLD,32.98,-2.23,-0.15,0.8,,,32.22,33.99,1.33,LOW,80
OFSS.NS,HOLD,11660.0,0.75,-0.59,1.82,,,11149.57,12340.57,1.33,LOW,60
LENSKART.NS,BUY,688.9,17.32,4.42,1.52,675.12,702.68,643.95,801.28,2.5,LOW,100
GVT&D.NS,BUY,4749.0,8.6,13.48,2.78,4654.02,4843.98,4432.46,5540.35,2.5,LOW,100
RVNL.NS,SELL,208.95,-7.02,-5.75,1.27,,,219.67,182.15,2.5,LOW,100
PRESTIGE.NS,SELL,1562.0,-4.04,-3.76,1.74,,,1662.76,1310.11,2.5,LOW,100
LLOYDSME.NS,SELL,1784.2,-5.64,-3.28,1.54,,,1875.43,1556.13,2.5,LOW,100
UNOMINDA.NS,HOLD,1234.6,2.35,-1.5,1.47,,,1193.16,1289.86,1.33,LOW,80
FORTIS.NS,SELL,907.8,-3.19,-1.11,1.46,,,941.45,823.67,2.5,LOW,80
NYKAA.NS,BUY,340.65,3.69,3.13,1.67,333.84,347.46,324.89,380.04,2.5,LOW,100
OIL.NS,BUY,490.0,7.53,5.03,1.36,480.2,499.8,466.85,547.88,2.5,LOW,100
ATGL.NS,SELL,605.5,-9.58,-5.33,1.09,,,637.14,526.39,2.5,LOW,100
COROMANDEL.NS,HOLD,1949.6,-3.55,1.88,1.28,,,1879.52,2043.04,1.33,LOW,80
GICRE.NS,BUY,348.15,0.84,1.3,1.49,341.19,355.11,334.0,383.54,2.5,LOW,60
YESBANK.NS,HOLD,22.48,-2.34,-0.09,1.38,,,21.91,23.24,1.33,LOW,80
VMM.NS,SELL,103.35,-6.6,-8.94,2.88,,,110.98,84.29,2.5,LOW,100
TORNTPOWER.NS,HOLD,1265.0,-6.21,1.5,1.6,,,1216.15,1330.13,1.33,LOW,80
AUROPHARMA.NS,BUY,1691.7,5.66,5.21,1.58,1657.87,1725.53,1612.81,1888.91,2.5,LOW,100
NMDC.NS,HOLD,84.52,-0.38,-1.65,1.5,,,81.35,88.74,1.33,LOW,60
ALKEM.NS,SELL,5176.0,-6.11,-3.25,0.89,,,5342.71,4759.21,2.5,LOW,100
BERGEPAINT.NS,SELL,480.6,-5.93,-6.77,1.48,,,503.93,422.28,2.5,LOW,100
MRF.NS,SELL,128735.0,-2.95,-2.69,0.91,,,133026.43,118006.43,2.5,LOW,100
PATANJALI.NS,SELL,341.2,-5.14,-2.76,0.46,,,352.27,313.53,2.5,LOW,100
GODREJPROP.NS,SELL,1911.2,-6.52,-6.73,1.57,,,2022.83,1632.13,2.5,LOW,100
HDBFS.NS,SELL,678.1,-3.56,-1.57,1.33,,,708.09,603.14,2.5,LOW,80
LTF.NS,SELL,310.8,-1.36,-2.72,1.88,,,326.52,271.5,2.5,LOW,100
JSWINFRA.NS,HOLD,331.85,-0.28,-2.45,1.18,,,320.37,347.16,1.33,LOW,80
SCHAEFFLER.NS,SELL,3954.0,-3.13,-1.65,0.88,,,4101.61,3584.96,2.5,LOW,80
INDUSINDBK.NS,SELL,1003.5,-0.61,-1.13,1.24,,,1044.63,900.68,2.5,LOW,60
JSL.NS,BUY,737.05,2.42,4.93,1.42,722.31,751.79,705.4,816.17,2.5,LOW,100
AUBANK.NS,HOLD,1067.5,0.75,-4.17,1.11,,,1035.62,1110.0,1.33,LOW,80
COLPAL.NS,SELL,1829.0,-8.2,-2.55,1.4,,,1902.13,1646.18,2.5,LOW,100
OBEROIRLTY.NS,SELL,1846.3,-0.69,-1.79,1.73,,,1924.76,1650.16,2.5,LOW,60
BHARATFORG.NS,SELL,1977.5,-6.31,-3.65,1.56,,,2072.79,1739.29,2.5,LOW,100
FACT.NS,HOLD,795.65,-4.19,1.45,2.94,,,747.31,860.11,1.33,LOW,80
COFORGE.NS,BUY,1917.9,12.34,1.33,1.96,1879.54,1956.26,1819.99,2162.69,2.5,LOW,80
PHOENIXLTD.NS,SELL,1902.9,-3.84,-1.4,1.04,,,1975.97,1720.22,2.5,LOW,80
BANKINDIA.NS,SELL,141.12,-0.93,-1.99,1.04,,,146.85,126.78,2.5,LOW,60
TIINDIA.NS,SELL,2641.0,-7.41,-8.3,2.23,,,2769.43,2319.93,2.5,LOW,100
IRCTC.NS,SELL,472.75,-4.89,-2.15,0.89,,,486.01,439.61,2.5,LOW,100
BDL.NS,SELL,1246.5,-4.75,-8.88,1.85,,,1322.57,1056.32,2.5,LOW,100
UPL.NS,SELL,572.9,-2.12,-2.07,1.22,,,593.79,520.69,2.5,LOW,100
IDFCFIRSTB.NS,BUY,86.88,4.19,2.21,1.33,85.14,88.62,83.61,95.06,2.5,LOW,100
PIIND.NS,SELL,2397.0,-7.47,-4.43,2.32,,,2497.1,2146.75,2.5,LOW,100
MOTILALOFS.NS,BUY,1052.4,11.03,4.04,1.86,1031.35,1073.45,991.27,1205.22,2.5,LOW,100
GLENMARK.NS,BUY,2490.4,8.23,3.87,1.53,2440.59,2540.21,2365.49,2802.68,2.5,LOW,100
MFSL.NS,SELL,1499.7,-3.42,-4.47,1.67,,,1570.66,1322.31,2.5,LOW,100
SAIL.NS,BUY,189.67,8.9,2.75,2.48,185.88,193.46,175.16,225.93,2.5,LOW,100
FEDERALBNK.NS,HOLD,344.7,-0.66,-0.65,1.51,,,333.0,360.3,1.33,LOW,60
NAM-INDIA.NS,HOLD,1187.8,0.16,-2.99,1.75,,,1137.22,1255.24,1.33,LOW,80
MPHASIS.NS,SELL,2345.6,-1.49,-3.35,1.49,,,2480.89,2007.39,2.5,LOW,100
KALYANKJIL.NS,HOLD,608.2,9.15,0.04,1.97,,,576.67,650.24,1.33,LOW,80
LINDEINDIA.NS,SELL,6391.5,-6.35,-2.14,1.01,,,6653.93,5735.43,2.5,LOW,100
SUNDARMFIN.NS,BUY,4711.1,3.53,4.57,1.44,4616.88,4805.32,4535.5,5150.1,2.5,LOW,100
SUPREMEIND.NS,HOLD,3560.3,3.11,-1.13,1.35,,,3433.36,3729.56,1.33,LOW,80
BIOCON.NS,SELL,396.5,-5.63,-4.96,1.21,,,411.41,359.21,2.5,LOW,100
TATACOMM.NS,HOLD,1740.8,-1.98,3.1,1.67,,,1674.1,1829.73,1.33,LOW,100
LAURUSLABS.NS,BUY,1932.0,12.01,7.27,1.96,1893.36,1970.64,1831.14,2184.14,2.5,LOW,100
AIIL.NS,SELL,516.55,-4.86,-8.84,2.67,,,557.31,414.64,2.5,LOW,100
GODFRYPHLP.NS,SELL,2010.5,-5.07,-4.28,1.19,,,2101.94,1781.89,2.5,LOW,100
JKCEMENT.NS,SELL,5043.0,-6.26,-3.31,0.96,,,5269.86,4475.86,2.5,LOW,100
UBL.NS,SELL,1253.4,-7.78,-6.93,0.89,,,1316.96,1094.51,2.5,LOW,100
APLAPOLLO.NS,BUY,2187.1,11.2,2.63,1.75,2143.36,2230.84,2069.46,2481.2,2.5,LOW,100
PAGEIND.NS,HOLD,36110.0,-6.46,1.72,1.61,,,35132.86,37412.86,1.33,LOW,80
GLAXO.NS,BUY,2990.0,11.97,1.99,2.27,2930.2,3049.8,2811.53,3436.18,2.5,LOW,80
BALKRISIND.NS,HOLD,2272.4,-0.04,-3.65,1.42,,,2175.44,2401.69,1.33,LOW,80
ITCHOTELS.NS,SELL,158.27,-6.3,-3.84,1.11,,,164.9,141.69,2.5,LOW,100
COCHINSHIP.NS,HOLD,1525.0,4.35,0.43,1.34,,,1476.68,1589.43,1.33,LOW,80
PREMIERENE.NS,SELL,983.1,-5.29,-4.55,1.75,,,1043.64,831.74,2.5,LOW,100
HEXT.NS,SELL,515.05,-7.21,-8.44,1.77,,,553.28,419.48,2.5,LOW,100
LTTS.NS,SELL,3413.6,-1.07,-4.77,1.43,,,3592.96,2965.21,2.5,LOW,100
VOLTAS.NS,SELL,1147.1,-10.1,-7.72,1.8,,,1197.24,1021.74,2.5,LOW,100
HUDCO.NS,SELL,178.55,-7.96,-4.12,1.0,,,187.11,157.16,2.5,LOW,100
360ONE.NS,SELL,1110.7,-2.95,-6.65,1.34,,,1171.86,957.81,2.5,LOW,100
MAHABANK.NS,BUY,85.54,4.48,4.7,1.96,83.83,87.25,80.68,97.68,2.5,LOW,100
PGHH.NS,SELL,7726.0,-8.49,-3.76,0.64,,,7958.43,7144.92,2.5,LOW,100
PETRONET.NS,HOLD,287.2,1.88,-2.96,1.26,,,278.5,298.8,1.33,LOW,100
IREDA.NS,SELL,112.15,-6.41,-2.82,1.41,,,116.92,100.24,2.5,LOW,100
ANTHEM.NS,BUY,945.0,13.69,6.98,2.12,926.1,963.9,884.19,1097.02,2.5,LOW,100
CONCOR.NS,HOLD,499.7,-0.34,-3.16,1.9,,,482.28,522.93,1.33,LOW,80
M&MFIN.NS,HOLD,374.1,2.06,-1.93,1.12,,,358.91,394.36,1.33,LOW,80
NATIONALUM.NS,HOLD,374.4,2.11,-5.88,3.14,,,358.07,396.17,1.33,LOW,100
DALBHARAT.NS,SELL,1692.8,-6.64,-8.65,1.65,,,1813.79,1390.34,2.5,LOW,100
JUBLFOOD.NS,HOLD,478.8,3.52,-7.03,1.6,,,460.14,503.68,1.33,LOW,100
ESCORTS.NS,HOLD,3007.2,-0.12,-2.91,1.18,,,2912.79,3133.09,1.33,LOW,80
RADICO.NS,HOLD,4438.0,1.88,-4.15,1.22,,,4306.4,4613.47,1.33,LOW,100
KAYNES.NS,HOLD,3671.5,3.07,-4.39,2.67,,,3451.6,3964.7,1.33,LOW,100
FLUOROCHEM.NS,HOLD,4543.3,2.8,-1.72,1.69,,,4339.22,4815.4,1.33,LOW,80
ENDURANCE.NS,SELL,2705.2,-3.66,-9.47,1.53,,,2844.4,2357.2,2.5,LOW,100
KEI.NS,SELL,4683.0,-11.17,-16.2,3.1,,,5102.99,3633.04,2.5,LOW,100
ASTRAL.NS,HOLD,1503.5,3.86,-1.91,2.28,,,1455.31,1567.76,1.33,LOW,80
THERMAX.NS,SELL,3627.2,-14.86,-9.32,1.47,,,3803.07,3187.52,2.5,LOW,100
PWL.NS,HOLD,126.95,-1.01,4.52,2.51,,,119.28,137.17,1.33,LOW,100
UCOBANK.NS,SELL,24.33,-6.66,-6.03,1.03,,,25.27,21.97,2.5,LOW,100
BLUESTARCO.NS,SELL,1474.8,-6.93,-1.94,1.35,,,1543.94,1301.94,2.5,LOW,80
NH.NS,HOLD,1896.6,-2.09,1.98,1.31,,,1835.52,1978.04,1.33,LOW,80
TATAINVEST.NS,SELL,626.1,-5.06,-2.83,0.8,,,647.12,573.55,2.5,LOW,100
GODREJIND.NS,SELL,1141.8,-9.25,-3.6,1.84,,,1221.27,943.12,2.5,LOW,100
POONAWALLA.NS,SELL,455.3,-3.94,-4.34,1.58,,,479.14,395.71,2.5,LOW,100
CRISIL.NS,BUY,4785.1,8.5,6.81,1.35,4689.4,4880.8,4547.3,5379.6,2.5,LOW,100
KPRMILL.NS,BUY,1134.6,1.75,2.0,1.98,1111.91,1157.29,1058.07,1325.92,2.5,LOW,100
CHOLAHLDNG.NS,SELL,1502.7,-4.5,-2.95,1.43,,,1576.4,1318.45,2.5,LOW,100
3MINDIA.NS,SELL,33005.0,-4.76,-2.6,1.43,,,34475.0,29330.0,2.5,LOW,100
IPCALAB.NS,BUY,1982.0,8.39,2.77,2.21,1942.36,2021.64,1894.73,2200.18,2.5,LOW,100
PIRAMALFIN.NS,BUY,2287.9,6.89,4.75,1.7,2242.14,2333.66,2147.36,2639.26,2.5,LOW,100
APARINDS.NS,BUY,17482.0,12.63,4.65,3.17,17132.36,17831.64,16246.43,20570.93,2.5,LOW,100
SJVN.NS,HOLD,65.19,-3.93,-0.93,0.66,,,63.72,67.15,1.33,LOW,80
MEDANTA.NS,HOLD,1407.6,0.81,0.15,2.26,,,1335.61,1503.59,1.33,LOW,60
ACC.NS,SELL,1262.5,-5.83,-2.95,1.02,,,1306.39,1152.79,2.5,LOW,100
TATAELXSI.NS,SELL,3484.9,-4.32,-4.94,1.3,,,3659.97,3047.22,2.5,LOW,100
NLCINDIA.NS,HOLD,270.25,-6.52,-0.39,1.4,,,261.27,282.22,1.33,LOW,80
AWL.NS,SELL,186.79,-2.03,-3.66,1.52,,,197.39,160.29,2.5,LOW,100
CENTRALBK.NS,HOLD,30.92,-1.53,0.62,0.69,,,30.19,31.89,1.33,LOW,80
KPITTECH.NS,SELL,560.5,-3.8,-5.32,1.66,,,589.19,488.79,2.5,LOW,100
CDSL.NS,BUY,1402.7,3.02,1.27,1.39,1374.65,1430.75,1338.09,1564.24,2.5,LOW,80
DELHIVERY.NS,HOLD,456.05,-4.22,2.54,1.46,,,441.21,475.84,1.33,LOW,100
ASTERDM.NS,HOLD,788.45,-1.59,5.0,1.67,,,753.1,835.58,1.33,LOW,100
EXIDEIND.NS,SELL,419.55,-5.27,-6.51,1.14,,,441.48,364.73,2.5,LOW,100
GODIGIT.NS,SELL,255.3,-6.99,-1.96,1.24,,,268.24,222.96,2.5,LOW,80
HONAUT.NS,SELL,35155.0,-6.6,-4.05,1.09,,,36787.86,31072.86,2.5,LOW,100
AJANTPHARM.NS,HOLD,3572.8,3.03,-0.2,1.39,,,3415.88,3782.03,1.33,LOW,80
METROBRAND.NS,HOLD,944.45,-4.47,4.14,1.48,,,909.97,990.43,1.33,LOW,100
AIAENG.NS,HOLD,4258.3,-6.4,-0.05,1.67,,,4110.44,4455.44,1.33,LOW,80
COHANCE.NS,HOLD,452.75,1.77,0.89,2.55,,,427.8,486.02,1.33,LOW,80
LICHSGFIN.NS,BUY,554.05,5.91,12.75,1.46,542.97,565.13,523.38,630.72,2.5,LOW,100
GILLETTE.NS,HOLD,7512.0,-1.05,0.98,0.73,,,7318.77,7769.64,1.33,LOW,80
GLAND.NS,BUY,2945.2,11.13,4.27,1.3,2886.3,3004.1,2775.73,3368.88,2.5,LOW,100
APOLLOTYRE.NS,SELL,413.35,-5.14,-6.35,1.21,,,433.91,361.94,2.5,LOW,100
NIACL.NS,BUY,208.96,14.26,11.57,5.01,204.78,213.14,183.79,271.88,2.5,LOW,100
NBCC.NS,SELL,85.6,-7.8,-3.86,1.19,,,88.66,77.95,2.5,LOW,100
ITI.NS,SELL,269.55,-4.34,-3.39,0.8,,,280.36,242.53,2.5,LOW,100
HINDCOPPER.NS,HOLD,532.5,3.41,-0.03,3.33,,,502.06,573.09,1.33,LOW,80
GRSE.NS,SELL,2548.7,-2.44,-1.83,1.23,,,2661.27,2267.27,2.5,LOW,80
MSUMI.NS,SELL,36.59,-7.69,-3.07,1.34,,,38.42,32.02,2.5,LOW,100
IGL.NS,BUY,153.13,0.67,3.66,1.87,150.07,156.19,145.61,171.93,2.5,LOW,80
SONACOMS.NS,HOLD,785.65,4.22,-2.86,1.47,,,755.31,826.11,1.33,LOW,100
AEGISVOPAK.NS,BUY,286.25,2.92,5.9,2.07,280.52,291.98,264.31,341.11,2.5,LOW,100
KIMS.NS,HOLD,771.15,-3.21,0.63,1.23,,,740.89,811.49,1.33,LOW,80
TATATECH.NS,HOLD,799.05,3.12,0.19,1.89,,,757.47,854.49,1.33,LOW,80
PINELABS.NS,BUY,172.85,10.85,9.72,2.66,169.39,176.31,158.7,208.22,2.5,LOW,100
IKS.NS,HOLD,1782.8,-1.62,-0.37,1.52,,,1703.71,1888.26,1.33,LOW,80
STARHEALTH.NS,SELL,560.2,-3.99,-2.23,0.94,,,585.59,496.74,2.5,LOW,100
TVSHLTD.NS,SELL,13325.0,-5.67,-1.78,1.35,,,13952.86,11755.36,2.5,LOW,80
IRB.NS,HOLD,19.18,-2.78,1.97,1.27,,,18.53,20.05,1.33,LOW,80
SUMICHEM.NS,SELL,490.8,-5.29,-6.24,1.5,,,518.16,422.41,2.5,LOW,100
AFFLE.NS,HOLD,1610.7,1.73,-7.43,2.45,,,1533.92,1713.07,1.33,LOW,100
AEGISLOG.NS,SELL,1238.5,-5.43,-6.29,2.99,,,1352.49,953.54,2.5,LOW,100
NAVINFLUOR.NS,BUY,8637.0,8.0,5.21,1.41,8464.26,8809.74,8214.21,9693.96,2.5,LOW,100
SYNGENE.NS,SELL,387.4,-5.22,-4.68,1.4,,,406.97,338.47,2.5,LOW,100
BANDHANBNK.NS,SELL,169.96,-5.99,-2.04,1.49,,,179.43,146.28,2.5,LOW,100
EMCURE.NS,BUY,1928.7,2.56,4.25,1.56,1890.13,1967.27,1835.62,2161.4,2.5,LOW,100
LALPATHLAB.NS,HOLD,1900.1,4.28,0.87,1.23,,,1832.01,1990.89,1.33,LOW,80
AMBER.NS,HOLD,7317.5,-1.95,-0.82,1.34,,,7071.55,7645.43,1.33,LOW,80
PPLPHARMA.NS,BUY,228.16,16.41,8.06,2.2,223.6,232.72,213.88,263.86,2.5,LOW,100
ZFCVINDIA.NS,HOLD,2518.0,1.24,-4.98,1.12,,,2422.86,2644.86,1.33,LOW,100
NUVAMA.NS,BUY,1834.0,1.54,4.8,1.78,1797.32,1870.68,1718.96,2121.61,2.5,LOW,100
MRPL.NS,HOLD,173.04,3.11,0.7,1.65,,,165.38,183.26,1.33,LOW,80
RAMCOCEM.NS,SELL,873.85,-4.56,-3.32,1.77,,,922.29,752.76,2.5,LOW,100
SHYAMMETL.NS,BUY,1092.1,7.45,8.54,1.71,1070.26,1113.94,1028.2,1251.85,2.5,LOW,100
FSL.NS,SELL,258.65,-4.14,-6.08,1.47,,,273.78,220.83,2.5,LOW,100
EMAMILTD.NS,SELL,366.65,-8.72,-8.95,1.73,,,389.83,308.7,2.5,LOW,100
DEEPAKNTR.NS,SELL,1649.2,-2.64,-4.69,1.76,,,1752.71,1390.41,2.5,LOW,100
INOXWIND.NS,HOLD,74.89,-3.2,1.56,2.24,,,71.88,78.9,1.33,LOW,80
EIHOTEL.NS,SELL,296.95,-5.71,-1.92,1.9,,,313.39,255.86,2.5,LOW,80
WOCKPHARMA.NS,BUY,2200.7,14.65,15.85,3.04,2156.69,2244.71,2036.14,2612.09,2.5,LOW,100
PTCIL.NS,BUY,23890.0,24.9,10.23,3.34,23412.2,24367.8,22033.43,28531.43,2.5,LOW,100
PFIZER.NS,SELL,4339.7,-7.75,-11.1,1.83,,,4566.23,3773.38,2.5,LOW,100
ANANDRATHI.NS,BUY,2233.9,5.68,3.04,0.75,2189.22,2278.58,2159.09,2420.94,2.5,LOW,100
KIOCL.NS,SELL,375.05,-1.14,-1.25,1.41,,,394.37,326.75,2.5,LOW,80
MANAPPURAM.NS,SELL,326.5,-5.78,-11.14,1.95,,,346.91,275.48,2.5,LOW,100
PNBHOUSING.NS,HOLD,1175.3,5.56,0.88,1.07,,,1133.14,1231.51,1.33,LOW,80
BRIGADE.NS,BUY,684.5,17.21,4.65,3.24,670.81,698.19,620.64,844.16,2.5,LOW,100
ABSLAMC.NS,HOLD,1030.6,-1.82,3.19,1.56,,,989.38,1085.56,1.33,LOW,100
TIMKEN.NS,SELL,3097.6,-3.09,-1.09,1.36,,,3240.51,2740.31,2.5,LOW,80
HSCL.NS,HOLD,673.95,-5.82,2.15,2.67,,,634.41,726.66,1.33,LOW,100
FORCEMOT.NS,HOLD,17645.0,-2.12,0.26,1.75,,,17065.57,18417.57,1.33,LOW,80
WELCORP.NS,BUY,2599.9,37.06,10.85,4.02,2547.9,2651.9,2332.37,3268.72,2.5,LOW,100
ANGELONE.NS,HOLD,298.55,-3.15,4.39,2.03,,,284.36,317.46,1.33,LOW,100
TATACHEM.NS,SELL,610.1,-8.88,-2.59,1.32,,,640.87,533.17,2.5,LOW,100
ASAHIINDIA.NS,HOLD,951.0,4.33,-1.16,1.4,,,923.06,988.25,1.33,LOW,80
ASTRAZEN.NS,SELL,6910.0,-11.37,-4.45,0.9,,,7220.21,6134.46,2.5,LOW,100
ERIS.NS,HOLD,1326.9,-4.02,1.32,1.13,,,1280.04,1389.39,1.33,LOW,80
CESC.NS,SELL,144.9,-7.6,-6.68,1.3,,,151.42,128.61,2.5,LOW,100
HBLENGINE.NS,HOLD,702.85,-2.11,1.19,2.15,,,667.61,749.84,1.33,LOW,80
SUNTV.NS,SELL,455.2,-6.21,-2.89,1.29,,,475.82,403.65,2.5,LOW,100
KARURVYSYA.NS,HOLD,336.25,2.36,-2.82,1.29,,,323.63,353.08,1.33,LOW,100
SAGILITY.NS,BUY,45.87,6.79,6.11,1.52,44.95,46.79,43.19,52.57,2.5,LOW,100
JYOTICNC.NS,BUY,1056.45,22.79,7.77,3.24,1035.32,1077.58,972.48,1266.38,2.5,LOW,100
KEC.NS,SELL,406.0,-11.38,-4.77,1.38,,,426.22,355.45,2.5,LOW,100
AADHARHFC.NS,HOLD,470.25,-6.13,0.81,1.4,,,452.52,493.89,1.33,LOW,80
IIFL.NS,HOLD,647.75,8.03,-2.78,2.45,,,601.45,709.48,1.33,LOW,100
REDINGTON.NS,BUY,377.5,18.48,7.05,2.6,369.95,385.05,348.59,449.79,2.5,LOW,100
HATSUN.NS,BUY,1188.0,22.06,15.28,3.12,1164.24,1211.76,1071.08,1480.3,2.5,LOW,100
CREDITACC.NS,SELL,1399.0,-7.27,-3.0,1.73,,,1491.29,1168.29,2.5,LOW,100
URBANCO.NS,BUY,171.37,18.81,1.5,2.96,167.94,174.8,155.13,211.96,2.5,LOW,80
JSWHL.NS,HOLD,11334.0,-1.74,1.55,2.04,,,10668.75,12221.0,1.33,LOW,80
PSB.NS,SELL,22.91,-3.46,-1.84,0.91,,,23.77,20.76,2.5,LOW,80
ONESOURCE.NS,HOLD,1599.0,-0.15,4.39,1.84,,,1529.37,1691.84,1.33,LOW,80
KPIL.NS,BUY,1420.1,5.26,2.25,1.58,1391.7,1448.5,1354.27,1584.67,2.5,LOW,100
ATHERENERG.NS,BUY,1573.0,14.65,8.25,3.12,1541.54,1604.46,1444.69,1893.79,2.5,LOW,100
SUNDRMFAST.NS,BUY,1256.2,17.4,3.03,2.18,1231.08,1281.32,1197.38,1403.25,2.5,LOW,100
ABREL.NS,SELL,1372.0,-2.14,-2.56,1.69,,,1461.51,1148.21,2.5,LOW,100
OLAELEC.NS,HOLD,37.58,-4.86,0.62,2.73,,,34.96,41.08,1.33,LOW,80
CHALET.NS,BUY,891.6,5.02,2.54,1.23,873.77,909.43,837.64,1026.49,2.5,LOW,100
CHAMBLFERT.NS,SELL,417.85,-4.97,-3.04,0.85,,,434.35,376.6,2.5,LOW,100
ANANTRAJ.NS,BUY,631.85,5.14,3.05,1.91,619.21,644.49,592.4,730.48,2.5,LOW,100
ECLERX.NS,BUY,1925.4,7.14,5.63,1.93,1886.89,1963.91,1768.42,2317.84,2.5,LOW,100
CASTROLIND.NS,BUY,189.27,3.51,1.28,0.69,185.48,193.06,184.75,200.56,2.5,LOW,80
SCHNEIDER.NS,HOLD,1214.9,-8.16,4.88,3.57,,,1141.71,1312.49,1.33,LOW,100
POLYMED.NS,BUY,1745.6,1.84,1.01,1.87,1710.69,1780.51,1616.02,2069.56,2.5,LOW,80
DCMSHRIRAM.NS,SELL,1010.8,-1.67,-4.0,1.34,,,1066.86,870.66,2.5,LOW,100
BASF.NS,HOLD,3788.8,0.01,-2.15,1.42,,,3664.7,3954.27,1.33,LOW,80
TENNIND.NS,SELL,525.3,-5.52,-5.09,1.5,,,554.58,452.1,2.5,LOW,100
KANSAINER.NS,SELL,194.0,-4.18,-3.75,1.21,,,202.65,172.39,2.5,LOW,100
DEVYANI.NS,HOLD,137.58,8.86,-7.74,2.53,,,130.03,147.65,1.33,LOW,100
NEULANDLAB.NS,BUY,23725.0,13.74,3.58,1.84,23250.5,24199.5,22584.29,26576.79,2.5,LOW,100
CROMPTON.NS,SELL,232.35,-7.72,-5.55,1.42,,,246.61,196.69,2.5,LOW,100
EIDPARRY.NS,SELL,773.1,-0.62,-4.6,1.66,,,827.14,638.01,2.5,LOW,80
CAMS.NS,SELL,731.45,-5.04,-2.73,1.58,,,766.12,644.77,2.5,LOW,100
KFINTECH.NS,HOLD,924.3,0.4,-4.32,1.61,,,884.47,977.4,1.33,LOW,80
RPOWER.NS,SELL,21.79,-7.9,-4.01,1.83,,,23.04,18.65,2.5,LOW,100
BIKAJI.NS,SELL,584.45,-6.77,-3.07,1.31,,,611.29,517.36,2.5,LOW,100
KAJARIACER.NS,BUY,1241.2,1.77,2.25,1.43,1216.38,1266.02,1177.56,1400.31,2.5,LOW,100
ATUL.NS,SELL,6319.0,-2.72,-1.65,1.04,,,6586.57,5650.07,2.5,LOW,80
SARDAEN.NS,BUY,522.25,3.63,3.01,2.11,511.81,532.7,499.54,579.04,2.5,LOW,100
APLLTD.NS,SELL,797.4,-2.37,-2.39,1.43,,,842.34,685.04,2.5,LOW,100
DEEPAKFERT.NS,SELL,1348.8,-11.12,-8.0,1.71,,,1426.89,1153.58,2.5,LOW,100
FIRSTCRY.NS,SELL,174.88,-14.93,-9.75,2.05,,,188.92,139.79,2.5,LOW,100
JSWCEMENT.NS,SELL,120.96,-8.21,-4.6,1.16,,,126.41,107.34,2.5,LOW,100
SAILIFE.NS,BUY,1643.0,20.2,14.42,2.03,1610.14,1675.86,1539.59,1901.54,2.5,LOW,100
CGCL.NS,BUY,272.25,12.4,13.68,3.11,266.81,277.69,245.12,340.07,2.5,LOW,100
ARE&M.NS,SELL,838.25,-6.57,-8.97,1.03,,,874.09,748.66,2.5,LOW,100
GRINDWELL.NS,SELL,1935.3,-6.48,-5.74,1.55,,,2034.6,1687.05,2.5,LOW,100
VINATIORGA.NS,HOLD,1334.0,0.92,0.06,0.87,,,1294.26,1386.99,1.33,LOW,60
SKFINDIA.NS,SELL,1530.0,-1.05,-2.44,1.97,,,1609.16,1332.11,2.5,LOW,100
MAHSCOOTER.NS,HOLD,13289.0,0.45,1.73,1.34,,,12787.89,13957.14,1.33,LOW,60
JUBLPHARMA.NS,BUY,1012.2,7.69,12.89,2.71,991.96,1032.44,949.49,1168.99,2.5,LOW,100
ZENSARTECH.NS,SELL,451.1,-7.58,-4.45,1.4,,,478.51,382.56,2.5,LOW,100
FIVESTAR.NS,HOLD,523.45,-2.94,4.69,1.96,,,496.4,559.52,1.33,LOW,100
TRITURBINE.NS,HOLD,573.65,-5.4,-0.2,1.79,,,549.24,606.19,1.33,LOW,80
CARBORUNIV.NS,HOLD,1100.7,0.01,-0.54,2.53,,,1035.67,1187.4,1.33,LOW,60
RBLBANK.NS,BUY,418.5,10.75,7.86,1.51,410.13,426.87,400.81,462.71,2.5,LOW,100
RATNAMANI.NS,HOLD,2648.6,6.69,-1.79,3.67,,,2446.2,2918.47,1.33,LOW,80
PGEL.NS,SELL,552.85,-6.65,-6.98,1.32,,,578.81,487.94,2.5,LOW,100
VENTIVE.NS,SELL,576.0,-5.1,-1.66,1.56,,,611.67,486.82,2.5,LOW,80
NAVA.NS,SELL,555.85,-3.12,-1.97,1.43,,,585.04,482.87,2.5,LOW,80
CUB.NS,BUY,235.35,6.79,6.2,2.2,230.64,240.06,218.32,277.91,2.5,LOW,100
CENTURYPLY.NS,HOLD,744.3,-3.36,-0.09,1.29,,,716.48,781.39,1.33,LOW,80
BEML.NS,BUY,2132.7,14.29,10.9,1.73,2090.05,2175.35,2007.33,2446.13,2.5,LOW,100
MANYAVAR.NS,BUY,577.55,22.75,8.17,1.82,566.0,589.1,539.49,672.69,2.5,LOW,100
ABLBL.NS,HOLD,84.55,-7.66,-0.68,1.51,,,81.54,88.56,1.33,LOW,80
NETWEB.NS,HOLD,5118.0,7.99,-6.17,3.37,,,4740.1,5621.87,1.33,LOW,100
TBOTEK.NS,HOLD,1683.9,6.45,-1.15,2.01,,,1599.12,1796.94,1.33,LOW,80
CONCORDBIO.NS,HOLD,1459.1,5.05,-5.22,2.15,,,1386.77,1555.54,1.33,LOW,100
TRAVELFOOD.NS,SELL,1282.1,-2.82,-1.89,1.38,,,1368.06,1067.21,2.5,LOW,80
CPPLUS.NS,BUY,3795.1,6.19,10.98,2.96,3719.2,3871.0,3497.64,4538.74,2.5,LOW,100
UTIAMC.NS,HOLD,900.0,-1.27,1.13,0.87,,,881.22,925.04,1.33,LOW,80
SOBHA.NS,SELL,1254.3,-7.85,-1.98,1.21,,,1317.27,1096.87,2.5,LOW,80
LMW.NS,HOLD,18505.0,7.13,-5.38,2.32,,,17677.96,19607.71,1.33,LOW,100
ACMESOLAR.NS,BUY,414.7,8.71,1.36,1.96,406.41,422.99,377.45,507.83,2.5,LOW,80
IRCON.NS,SELL,117.19,-7.59,-4.99,1.14,,,123.26,102.0,2.5,LOW,100
GABRIEL.NS,HOLD,1355.0,-2.06,-0.29,2.09,,,1272.08,1465.56,1.33,LOW,80
GMDCLTD.NS,HOLD,568.25,-1.51,0.16,1.3,,,548.82,594.15,1.33,LOW,80
CRAFTSMAN.NS,BUY,11460.0,14.06,8.13,1.76,11230.8,11689.2,10799.29,13111.79,2.5,LOW,100
ELGIEQUIP.NS,BUY,637.85,7.01,2.56,2.39,625.09,650.61,600.71,730.69,2.5,LOW,100
NATCOPHARM.NS,SELL,831.7,-8.85,-5.92,1.7,,,871.96,731.04,2.5,LOW,100
CHOICEIN.NS,SELL,752.25,-6.05,-4.63,0.77,,,780.86,680.73,2.5,LOW,100
VGUARD.NS,HOLD,328.45,3.86,-0.93,1.96,,,315.61,345.56,1.33,LOW,80
APTUS.NS,HOLD,256.57,-5.29,0.87,1.31,,,246.69,269.75,1.33,LOW,80
SIGNATURE.NS,HOLD,796.7,-0.01,0.16,1.42,,,764.59,839.51,1.33,LOW,60
CIEINDIA.NS,SELL,384.8,-9.53,-3.64,0.62,,,397.84,352.19,2.5,LOW,100
TECHNOE.NS,SELL,967.0,-4.59,-3.11,2.33,,,1017.19,841.52,2.5,LOW,100
WHIRLPOOL.NS,BUY,800.55,1.59,4.72,2.45,784.54,816.56,751.21,923.89,2.5,LOW,100
JMFINANCIL.NS,HOLD,129.22,1.88,-0.22,1.77,,,123.22,137.21,1.33,LOW,80
GPIL.NS,HOLD,242.96,-0.74,-0.53,2.52,,,233.48,255.6,1.33,LOW,60
AFCONS.NS,HOLD,284.55,-0.58,2.12,1.48,,,273.73,298.97,1.33,LOW,80
ABDL.NS,SELL,597.1,-4.59,-2.17,2.03,,,632.93,507.53,2.5,LOW,100
CAPLIPOINT.NS,BUY,2786.5,7.87,11.63,2.71,2730.77,2842.23,2596.13,3262.43,2.5,LOW,100
DATAPATTNS.NS,BUY,4920.0,9.69,3.88,2.83,4821.6,5018.4,4551.5,5841.25,2.5,LOW,100
IGIL.NS,SELL,319.6,-7.0,-6.18,1.56,,,339.89,268.88,2.5,LOW,100
DOMS.NS,HOLD,2190.6,-2.7,-0.34,0.68,,,2134.36,2265.59,1.33,LOW,80
LTFOODS.NS,BUY,464.55,13.53,4.21,2.33,455.26,473.84,428.94,553.57,2.5,LOW,100
KIRLOSBROS.NS,SELL,1845.8,-2.78,-3.98,1.4,,,1930.44,1634.19,2.5,LOW,100
AGARWALEYE.NS,BUY,518.65,4.22,4.19,1.66,508.28,529.02,495.85,575.65,2.5,LOW,100
JBMA.NS,SELL,616.0,-6.07,-4.87,2.29,,,652.61,524.48,2.5,LOW,100
RRKABEL.NS,SELL,2452.1,-5.05,-14.56,2.86,,,2692.69,1850.64,2.5,LOW,100
GALLANTT.NS,SELL,565.95,-7.06,-2.46,1.39,,,601.53,477.0,2.5,LOW,100
IFCI.NS,BUY,95.27,20.48,14.44,4.17,93.36,97.18,83.39,124.97,2.5,LOW,100
NIVABUPA.NS,SELL,80.5,-5.05,-2.44,0.96,,,84.18,71.31,2.5,LOW,100
INDIAMART.NS,SELL,1688.0,-6.77,-3.32,0.8,,,1746.67,1541.32,2.5,LOW,100
GESHIP.NS,BUY,1381.5,1.87,2.9,1.57,1353.87,1409.13,1309.16,1562.36,2.5,LOW,100
PARADEEP.NS,BUY,161.77,10.89,9.35,2.54,158.53,165.01,149.63,192.12,2.5,LOW,100
CEATLTD.NS,SELL,3326.4,-6.85,-5.85,1.11,,,3468.77,2970.47,2.5,LOW,100
TRIDENT.NS,SELL,23.92,-4.21,-2.09,0.56,,,24.66,22.08,2.5,LOW,100
RAINBOW.NS,HOLD,1456.2,-1.19,-0.27,1.27,,,1403.64,1526.29,1.33,LOW,80
INTELLECT.NS,HOLD,685.6,-4.65,0.41,1.22,,,660.38,719.22,1.33,LOW,80
SYRMA.NS,BUY,1643.0,15.54,12.54,3.21,1610.14,1675.86,1537.06,1907.86,2.5,LOW,100
FINEORG.NS,HOLD,5136.0,1.55,-2.68,1.47,,,4907.51,5440.66,1.33,LOW,100
NUVOCO.NS,BUY,343.7,2.29,6.96,1.65,336.83,350.57,325.61,388.91,2.5,LOW,100
BATAINDIA.NS,SELL,663.05,-2.05,-3.16,1.4,,,686.98,603.23,2.5,LOW,100
SWANCORP.NS,SELL,277.15,-9.6,-7.39,0.82,,,291.31,241.75,2.5,LOW,100
KIRLOSENG.NS,BUY,2237.6,1.4,8.19,2.18,2192.85,2282.35,2072.13,2651.28,2.5,LOW,100
BLS.NS,SELL,238.77,-3.18,-1.87,2.89,,,256.75,193.82,2.5,LOW,80
AARTIIND.NS,HOLD,500.55,-0.14,-7.84,2.0,,,475.79,533.56,1.33,LOW,80
THELEELA.NS,HOLD,541.5,6.14,-1.49,1.92,,,512.15,580.63,1.33,LOW,80
EMMVEE.NS,HOLD,328.8,-0.17,1.09,1.31,,,315.16,346.99,1.33,LOW,60
SPLPETRO.NS,BUY,811.35,13.0,17.35,2.6,795.12,827.58,764.63,928.15,2.5,LOW,100
BLUEDART.NS,SELL,4935.1,-1.55,-2.34,1.17,,,5122.89,4465.64,2.5,LOW,100
ZYDUSWELL.NS,BUY,560.65,2.21,6.7,1.84,549.44,571.86,526.86,645.11,2.5,LOW,100
KSB.NS,HOLD,814.8,-4.65,2.91,1.42,,,779.62,861.7,1.33,LOW,100
PCBL.NS,BUY,326.85,2.56,1.76,1.52,320.31,333.39,309.49,370.24,2.5,LOW,80
JWL.NS,SELL,242.84,-3.86,-1.64,0.8,,,254.48,213.74,2.5,LOW,80
CEMPRO.NS,HOLD,1286.0,-6.76,0.48,2.43,,,1218.82,1375.57,1.33,LOW,80
ZENTEC.NS,HOLD,1841.1,2.59,-3.27,2.41,,,1748.42,1964.67,1.33,LOW,100
JAINREC.NS,SELL,283.35,-11.06,-3.72,1.98,,,305.4,228.22,2.5,LOW,100
GODREJAGRO.NS,BUY,666.3,15.83,16.33,2.71,652.97,679.63,614.68,795.35,2.5,LOW,100
IEX.NS,SELL,117.16,-5.3,-5.67,0.67,,,121.01,107.52,2.5,LOW,100
BBTC.NS,HOLD,1476.8,-1.36,3.84,3.42,,,1408.5,1567.87,1.33,LOW,100
CYIENT.NS,BUY,1080.1,18.6,10.32,3.35,1058.5,1101.7,975.3,1342.1,2.5,LOW,100
INDGN.NS,BUY,588.0,9.04,3.77,1.68,576.24,599.76,555.97,668.07,2.5,LOW,100
AAVAS.NS,SELL,1303.4,-7.11,-2.46,1.32,,,1379.6,1112.9,2.5,LOW,100
MINDACORP.NS,SELL,692.7,-1.59,-3.78,1.67,,,733.91,589.68,2.5,LOW,100
BELRISE.NS,HOLD,228.2,-3.14,-0.44,2.23,,,219.12,240.31,1.33,LOW,80
CELLO.NS,SELL,341.6,-4.73,-4.77,1.62,,,357.03,303.03,2.5,LOW,100
JPPOWER.NS,SELL,16.55,-4.06,-2.47,1.14,,,17.35,14.55,2.5,LOW,100
TARIL.NS,SELL,297.0,-4.32,-3.52,1.85,,,317.36,246.11,2.5,LOW,100
NEWGEN.NS,SELL,515.6,-2.14,-2.42,2.82,,,557.85,409.97,2.5,LOW,100
ANURAS.NS,SELL,1230.5,-0.9,-2.7,0.73,,,1270.04,1131.64,2.5,LOW,80
GRANULES.NS,BUY,881.7,3.34,4.23,1.29,864.07,899.33,835.05,998.33,2.5,LOW,100
GRAVITA.NS,SELL,1689.3,-3.97,-6.17,1.44,,,1784.91,1450.26,2.5,LOW,100
HOMEFIRST.NS,BUY,1238.4,3.33,3.81,1.04,1213.63,1263.17,1178.74,1387.54,2.5,LOW,100
MGL.NS,HOLD,1098.9,0.02,-2.55,1.45,,,1056.92,1154.87,1.33,LOW,80
USHAMART.NS,BUY,503.95,0.92,2.72,1.55,493.87,514.03,474.79,576.86,2.5,LOW,80
LEMONTREE.NS,SELL,105.84,-4.97,-2.51,0.79,,,110.13,95.11,2.5,LOW,100
TEGA.NS,HOLD,1642.0,0.95,-3.66,2.41,,,1547.95,1767.4,1.33,LOW,80
VTL.NS,SELL,587.65,-3.52,-1.15,1.88,,,623.65,497.64,2.5,LOW,80
NCC.NS,BUY,150.7,5.51,1.61,2.07,147.69,153.71,140.5,176.19,2.5,LOW,80
FINCABLES.NS,BUY,1274.0,13.53,1.84,3.34,1248.52,1299.48,1170.8,1532.0,2.5,LOW,80
SKFINDUS.NS,BUY,2929.4,5.46,6.6,2.14,2870.81,2987.99,2680.67,3551.22,2.5,LOW,100
ACE.NS,HOLD,1114.1,4.21,-4.37,2.51,,,1053.47,1194.94,1.33,LOW,100
ELECON.NS,HOLD,423.55,-6.05,-0.63,2.21,,,400.83,453.84,1.33,LOW,80
EMBDL.NS,SELL,58.45,-6.38,-8.08,1.82,,,62.47,48.39,2.5,LOW,100
JINDALSAW.NS,BUY,304.5,10.99,8.07,2.75,298.41,310.59,279.46,367.09,2.5,LOW,100
WELSPUNLIV.NS,BUY,205.11,18.04,7.78,2.28,201.01,209.21,191.08,240.19,2.5,LOW,100
NSLNISP.NS,BUY,45.88,5.91,14.53,3.76,44.96,46.8,42.26,54.92,2.5,LOW,100
ACUTAAS.NS,HOLD,3230.7,-3.42,1.82,2.75,,,3061.27,3456.6,1.33,LOW,80
RITES.NS,SELL,213.75,-2.6,-2.9,1.02,,,221.54,194.28,2.5,LOW,100
CCL.NS,HOLD,1093.7,-4.91,1.38,1.51,,,1049.02,1153.28,1.33,LOW,80
FINPIPE.NS,SELL,157.41,-4.12,-4.89,1.22,,,164.68,139.22,2.5,LOW,100
SAMMAANCAP.NS,HOLD,154.3,-3.34,2.89,2.06,,,147.69,163.11,1.33,LOW,100
INGERRAND.NS,BUY,4718.0,4.64,2.7,2.58,4623.64,4812.36,4463.81,5353.46,2.5,LOW,100
INDIACEM.NS,SELL,355.0,-7.18,-3.47,1.18,,,371.23,314.43,2.5,LOW,100
BLUEJET.NS,SELL,575.0,-1.74,-2.34,1.23,,,605.07,499.82,2.5,LOW,100
CARTRADE.NS,BUY,3189.5,11.85,1.62,2.41,3125.71,3253.29,2921.67,3859.07,2.5,LOW,80
CHENNPETRO.NS,BUY,1451.4,15.34,3.58,2.17,1422.37,1480.43,1351.36,1701.51,2.5,LOW,100
TSFINV.NS,HOLD,415.9,-5.09,0.7,1.34,,,401.36,435.29,1.33,LOW,80
SBFC.NS,BUY,98.78,5.34,7.1,2.26,96.8,100.76,91.82,116.18,2.5,LOW,100
CANHLIFE.NS,HOLD,153.09,2.73,-1.04,1.43,,,144.44,164.63,1.33,LOW,80
RAILTEL.NS,SELL,267.2,-7.77,-5.27,1.42,,,281.3,231.95,2.5,LOW,100
CLEAN.NS,BUY,834.65,6.4,1.25,1.77,817.96,851.34,789.8,946.78,2.5,LOW,80
TITAGARH.NS,BUY,887.0,4.97,6.58,1.79,869.26,904.74,833.22,1021.45,2.5,LOW,100
JYOTHYLAB.NS,SELL,193.86,-4.0,-8.83,2.25,,,206.04,163.42,2.5,LOW,100
SHRIPISTON.NS,HOLD,4462.3,1.71,-5.99,1.5,,,4239.16,4759.81,1.33,LOW,100
ALIVUS.NS,BUY,1399.0,11.56,2.77,1.9,1371.02,1426.98,1286.75,1679.63,2.5,LOW,100
ENGINERSIN.NS,BUY,279.4,15.8,9.64,2.52,273.81,284.99,258.29,332.18,2.5,LOW,100
J&KBANK.NS,HOLD,147.23,-8.73,0.7,1.88,,,141.42,154.98,1.33,LOW,80
OLECTRA.NS,SELL,1212.0,-10.43,-6.6,1.82,,,1297.31,998.71,2.5,LOW,100
GRINFRA.NS,SELL,861.55,-3.08,-2.0,1.07,,,905.79,750.94,2.5,LOW,80
JUBLINGREA.NS,SELL,672.0,-6.18,-4.92,1.52,,,710.26,576.36,2.5,LOW,100
SANOFI.NS,SELL,3115.5,-6.0,-2.59,1.22,,,3239.46,2805.61,2.5,LOW,100
SANOFICONR.NS,SELL,4095.5,-8.11,-2.96,1.15,,,4297.14,3591.39,2.5,LOW,100
EUREKAFORB.NS,SELL,410.65,-7.84,-1.84,1.82,,,438.8,340.27,2.5,LOW,80
WAAREERTL.NS,SELL,847.65,-9.1,-2.83,0.83,,,877.38,773.33,2.5,LOW,100
RELAXO.NS,SELL,334.95,-14.49,-11.28,1.72,,,355.33,284.0,2.5,LOW,100
PRUDENT.NS,HOLD,3326.0,4.68,-0.32,3.12,,,3055.15,3687.13,1.33,LOW,80
VIKRAMSOLR.NS,SELL,167.0,-6.25,-2.92,3.69,,,177.53,140.68,2.5,LOW,100
TTML.NS,SELL,36.83,-6.52,-1.92,1.89,,,39.16,31.02,2.5,LOW,80
CANFINHOME.NS,HOLD,810.5,-3.45,0.05,1.29,,,782.11,848.35,1.33,LOW,80
BSOFT.NS,SELL,281.75,-4.91,-3.18,1.76,,,301.24,233.02,2.5,LOW,100
GRAPHITE.NS,BUY,739.3,9.71,2.86,1.7,724.51,754.09,690.32,861.75,2.5,LOW,100
JKTYRE.NS,SELL,364.05,-7.01,-4.85,1.0,,,377.91,329.41,2.5,LOW,100
BLACKBUCK.NS,HOLD,574.7,0.54,-4.91,2.12,,,545.93,613.06,1.33,LOW,80
ZEEL.NS,SELL,87.38,-13.74,-16.64,3.62,,,97.09,63.11,2.5,LOW,100
SAFARI.NS,HOLD,1532.4,-1.4,2.49,0.99,,,1481.96,1599.66,1.33,LOW,100
INOXINDIA.NS,BUY,2197.6,11.26,13.19,3.48,2153.65,2241.55,1992.86,2709.46,2.5,LOW,100
HFCL.NS,BUY,252.81,15.51,6.22,3.26,247.75,257.87,231.29,306.61,2.5,LOW,100
RUBICON.NS,BUY,1794.3,13.22,1.02,3.43,1758.41,1830.19,1642.43,2173.98,2.5,LOW,80
PVRINOX.NS,HOLD,1221.7,8.96,-0.76,2.34,,,1153.03,1313.26,1.33,LOW,80
SCI.NS,BUY,291.2,0.86,1.42,1.57,285.38,297.02,274.04,334.11,2.5,LOW,60
JKLAKSHMI.NS,SELL,498.85,-10.57,-10.1,1.2,,,521.96,441.06,2.5,LOW,100
VIJAYA.NS,BUY,1516.1,7.16,2.2,1.97,1485.78,1546.42,1437.84,1711.74,2.5,LOW,100
PRIVISCL.NS,SELL,3412.0,-4.32,-1.01,1.1,,,3555.46,3053.36,2.5,LOW,80
SONATSOFTW.NS,SELL,276.4,-8.16,-7.39,2.12,,,298.25,221.77,2.5,LOW,100
AETHER.NS,HOLD,1630.6,6.09,-2.23,1.59,,,1558.21,1727.11,1.33,LOW,100
AZAD.NS,BUY,2825.9,12.49,1.06,2.69,2769.38,2882.42,2630.04,3315.54,2.5,LOW,80
EDELWEISS.NS,BUY,133.56,9.21,4.22,2.51,130.89,136.23,121.79,162.99,2.5,LOW,100
NAZARA.NS,BUY,368.75,10.84,5.98,1.69,361.38,376.12,348.26,419.98,2.5,LOW,100
METROPOLIS.NS,BUY,587.55,3.41,4.3,1.48,575.8,599.3,557.74,662.07,2.5,LOW,100
IXIGO.NS,HOLD,168.11,-10.31,0.26,1.97,,,160.31,178.51,1.33,LOW,80
BALRAMCHIN.NS,BUY,712.15,12.88,6.59,5.21,697.91,726.39,612.93,960.2,2.5,LOW,100
VESUVIUS.NS,SELL,421.6,-5.76,-2.55,1.65,,,443.19,367.62,2.5,LOW,100
WESTLIFE.NS,HOLD,529.85,-0.16,-9.37,1.66,,,500.1,569.51,1.33,LOW,80
RKFORGE.NS,HOLD,698.55,5.56,-3.13,1.99,,,661.82,747.52,1.33,LOW,100
STARCEMENT.NS,HOLD,194.1,-3.05,-0.38,1.29,,,185.78,205.2,1.33,LOW,80
GENUSPOWER.NS,HOLD,332.85,4.19,-0.66,2.78,,,310.78,362.27,1.33,LOW,80
RELINFRA.NS,SELL,57.0,-12.59,-9.13,1.4,,,60.56,48.1,2.5,LOW,100
HEG.NS,SELL,260.5,-58.76,-63.9,14.26,,,374.84,-25.34,2.5,NORMAL,100
PGHL.NS,SELL,5630.0,-9.39,-3.39,1.06,,,5850.46,5078.85,2.5,LOW,100
ALKYLAMINE.NS,HOLD,1994.2,4.76,-4.3,2.25,,,1881.59,2144.34,1.33,LOW,100
TEJASNET.NS,BUY,590.95,9.9,17.17,3.08,579.13,602.77,540.42,717.27,2.5,LOW,100
SHAILY.NS,BUY,3356.5,8.3,3.99,1.33,3289.37,3423.63,3152.57,3866.32,2.5,LOW,100
TIMETECHNO.NS,HOLD,184.02,-5.32,-0.44,1.76,,,177.1,193.25,1.33,LOW,80
BANCOINDIA.NS,HOLD,627.45,-2.38,1.73,1.07,,,610.18,650.47,1.33,LOW,80
AVANTIFEED.NS,SELL,809.25,-9.77,-4.11,1.48,,,854.72,695.57,2.5,LOW,100
IIFLCAPS.NS,BUY,341.7,1.38,2.38,0.52,334.87,348.53,333.48,362.25,2.5,LOW,100
ASKAUTOLTD.NS,HOLD,605.95,8.55,-1.54,2.2,,,572.19,650.96,1.33,LOW,80
MEDPLUS.NS,SELL,659.4,-9.08,-2.54,1.87,,,700.09,557.69,2.5,LOW,100
SHAKTIPUMP.NS,SELL,474.15,-9.35,-3.62,1.2,,,496.19,419.06,2.5,LOW,100
ABFRL.NS,SELL,52.41,-8.36,-3.8,1.6,,,55.42,44.88,2.5,LOW,100
MMTC.NS,HOLD,63.59,-0.29,-0.49,1.89,,,60.9,67.18,1.33,LOW,60
SUDARSCHEM.NS,HOLD,1236.6,13.54,0.43,2.59,,,1171.67,1323.17,1.33,LOW,80
RHIM.NS,HOLD,373.5,-4.48,-0.29,1.9,,,362.07,388.74,1.33,LOW,80
AEQUS.NS,SELL,234.65,-3.03,-8.36,2.19,,,252.05,191.15,2.5,LOW,100
JLHL.NS,SELL,284.6,-7.31,-7.55,1.69,,,306.21,230.56,2.5,LOW,100
INDIASHLTR.NS,HOLD,671.6,-7.02,0.28,2.16,,,642.12,710.9,1.33,LOW,80
ASTRAMICRO.NS,HOLD,1743.3,-0.2,2.07,2.19,,,1665.89,1846.51,1.33,LOW,80
TDPOWERSYS.NS,BUY,772.05,19.72,5.85,4.52,756.61,787.49,705.56,938.26,2.5,LOW,100
KPIGREEN.NS,SELL,296.2,-18.17,-7.77,2.31,,,313.27,253.52,2.5,LOW,100
TRANSRAILL.NS,SELL,420.4,-12.19,-11.0,1.26,,,442.41,365.36,2.5,LOW,100
BIRLACORPN.NS,SELL,862.05,-6.27,-2.05,1.03,,,899.05,769.55,2.5,LOW,100
SAPPHIRE.NS,HOLD,227.08,9.55,-8.91,2.37,,,212.21,246.91,1.33,LOW,100
MAPMYINDIA.NS,HOLD,967.9,-6.48,0.64,2.17,,,914.09,1039.64,1.33,LOW,80
UJJIVANSFB.NS,SELL,65.03,-3.61,-7.48,1.94,,,69.54,53.75,2.5,LOW,100
HCG.NS,SELL,678.7,-0.86,-5.58,2.32,,,732.53,544.13,2.5,LOW,80
NESCO.NS,BUY,1130.8,6.48,9.17,1.98,1108.18,1153.42,1074.26,1272.16,2.5,LOW,100
HAPPYFORGE.NS,BUY,2231.7,19.58,1.86,2.99,2187.07,2276.33,2025.23,2747.88,2.5,LOW,80
HONASA.NS,HOLD,479.65,2.88,-1.66,2.17,,,456.98,509.88,1.33,LOW,80
KRBL.NS,HOLD,436.95,14.27,-0.19,2.86,,,410.9,471.68,1.33,LOW,80
VARROC.NS,HOLD,818.85,11.27,0.79,2.06,,,768.67,885.75,1.33,LOW,80
SANSERA.NS,BUY,4015.5,13.37,4.45,2.72,3935.19,4095.81,3734.03,4719.18,2.5,LOW,100
LATENTVIEW.NS,SELL,261.05,-10.02,-6.27,1.42,,,276.89,221.46,2.5,LOW,100
BLUESTONE.NS,BUY,857.55,15.06,4.38,2.56,840.4,874.7,792.74,1019.57,2.5,LOW,100
WABAG.NS,HOLD,2015.0,-0.55,-0.32,2.65,,,1902.36,2165.19,1.33,LOW,60
LLOYDSENT.NS,SELL,71.44,-7.38,-3.54,2.2,,,76.23,59.48,2.5,LOW,100
TI.NS,HOLD,534.85,7.4,-7.56,1.99,,,505.7,573.72,1.33,LOW,100
ALOKINDS.NS,SELL,7.69,-33.17,-33.01,3.9,,,9.05,4.29,2.5,LOW,100
SANDUMA.NS,SELL,196.73,-2.81,-4.08,1.38,,,207.64,169.45,2.5,LOW,100
TTKPRESTIG.NS,SELL,559.3,-9.78,-4.86,1.58,,,592.21,477.01,2.5,LOW,100
DBREALTY.NS,SELL,102.09,-8.12,-4.84,1.74,,,110.78,80.36,2.5,LOW,100
MARKSANS.NS,BUY,336.8,17.21,3.98,3.87,330.06,343.54,310.56,402.4,2.5,LOW,100
TCI.NS,SELL,877.3,-4.21,-2.61,1.09,,,919.73,771.23,2.5,LOW,100
BBOX.NS,HOLD,765.25,-4.57,2.6,3.45,,,721.64,823.4,1.33,LOW,100
POWERMECH.NS,SELL,2400.0,-6.02,-4.53,1.96,,,2540.3,2049.25,2.5,LOW,100
ORKLAINDIA.NS,BUY,595.2,3.11,4.37,1.72,583.3,607.1,557.27,690.02,2.5,LOW,100
SOUTHBANK.NS,BUY,46.7,1.85,2.98,1.3,45.77,47.63,44.49,52.23,2.5,LOW,100
LOTUSDEV.NS,BUY,199.0,17.26,15.0,2.96,195.02,202.98,182.75,239.63,2.5,LOW,100
JAIBALAJI.NS,BUY,69.0,4.61,5.31,2.61,67.62,70.38,62.8,84.49,2.5,LOW,100
SAREGAMA.NS,SELL,497.95,-1.15,-2.37,2.04,,,531.63,413.75,2.5,LOW,100
JSLL.NS,SELL,504.5,-8.19,-1.33,2.16,,,539.12,417.95,2.5,LOW,80
PCJEWELLER.NS,BUY,13.67,35.27,24.27,5.64,13.4,13.94,11.97,17.91,2.5,LOW,100
LUMAXTECH.NS,HOLD,1937.2,12.51,0.26,2.1,,,1828.97,2081.5,1.33,LOW,80
CORONA.NS,HOLD,2077.7,0.14,-3.32,1.44,,,2000.21,2181.01,1.33,LOW,80
TANLA.NS,SELL,517.1,-8.86,-7.0,1.96,,,555.5,421.1,2.5,LOW,100
MANORAMA.NS,BUY,2124.4,24.32,11.26,4.18,2081.91,2166.89,1978.34,2489.54,2.5,LOW,100
ARVIND.NS,BUY,570.0,5.91,6.54,2.25,558.6,581.4,534.35,659.13,2.5,LOW,100
APOLLO.NS,BUY,416.5,5.19,6.89,1.55,408.17,424.83,393.79,473.27,2.5,LOW,100
PNGJL.NS,BUY,630.1,3.03,2.73,1.7,617.5,642.7,592.99,722.87,2.5,LOW,100
MAHSEAMLES.NS,BUY,684.15,14.33,9.43,1.89,670.47,697.83,638.41,798.5,2.5,LOW,100
HAPPSTMNDS.NS,SELL,340.4,-11.78,-23.67,3.89,,,380.97,238.97,2.5,LOW,100
CAMPUS.NS,SELL,218.87,-2.3,-4.24,1.17,,,229.12,193.25,2.5,LOW,100
RELIGARE.NS,BUY,254.44,1.7,12.11,1.87,249.35,259.53,239.5,291.78,2.5,LOW,100
GMRP&UI.NS,SELL,92.04,-5.21,-4.22,1.89,,,98.84,75.03,2.5,LOW,100
BECTORFOOD.NS,HOLD,230.16,7.53,-10.54,2.29,,,216.67,248.15,1.33,LOW,100
WEWORK.NS,HOLD,668.6,-5.62,-0.52,1.24,,,635.88,712.22,1.33,LOW,80
RCF.NS,SELL,113.91,-8.83,-4.3,1.79,,,120.35,97.81,2.5,LOW,100
ESABINDIA.NS,HOLD,6056.0,3.42,-2.71,1.48,,,5842.73,6340.36,1.33,LOW,100
VOLTAMP.NS,HOLD,11272.0,12.61,-0.18,2.39,,,10590.3,12180.93,1.33,LOW,80
STAR.NS,BUY,1188.9,14.62,20.5,3.01,1165.12,1212.68,1102.86,1404.01,2.5,LOW,100
GALAXYSURF.NS,HOLD,2268.0,8.68,-2.09,5.11,,,2133.62,2447.17,1.33,LOW,100
MAHLIFE.NS,SELL,358.95,-4.48,-4.67,0.99,,,376.76,314.43,2.5,LOW,100
GPPL.NS,BUY,161.55,6.61,1.86,1.57,158.32,164.78,153.6,181.42,2.5,LOW,80
SHARDACROP.NS,HOLD,802.15,-3.2,4.53,1.86,,,769.83,845.24,1.33,LOW,100
OSWALPUMPS.NS,SELL,277.15,-19.12,-6.6,1.86,,,294.24,234.42,2.5,LOW,100
DODLA.NS,SELL,1074.5,-0.87,-6.52,1.94,,,1139.46,912.11,2.5,LOW,80
NETWORK18.NS,SELL,27.56,-7.2,-9.22,3.08,,,30.12,21.17,2.5,LOW,100
DIACABS.NS,HOLD,338.4,12.01,-4.19,2.0,,,314.46,370.32,1.33,LOW,100
GRWRHITECH.NS,SELL,6950.0,-1.39,-3.93,1.28,,,7333.36,5991.61,2.5,LOW,100
CERA.NS,HOLD,5765.0,-4.63,-0.48,1.25,,,5551.2,6050.07,1.33,LOW,80
KIRLPNU.NS,HOLD,758.7,-4.07,3.99,1.5,,,725.08,803.53,1.33,LOW,100
BORORENEW.NS,SELL,503.9,-11.3,-4.75,1.52,,,533.89,428.92,2.5,LOW,100
KALPATARU.NS,SELL,272.8,-3.91,-4.91,1.72,,,289.45,231.17,2.5,LOW,100
TRIVENI.NS,SELL,272.1,-16.23,-8.03,3.17,,,298.54,205.99,2.5,LOW,100
GSFC.NS,BUY,160.84,0.55,1.06,0.81,157.62,164.06,154.99,175.47,2.5,LOW,60
GARFIBRES.NS,BUY,816.55,6.42,1.01,2.3,800.22,832.88,756.76,966.04,2.5,LOW,80
ACI.NS,SELL,493.6,-5.8,-4.33,1.65,,,528.08,407.4,2.5,LOW,100
SHILPAMED.NS,BUY,955.5,30.28,10.97,2.81,936.39,974.61,872.53,1162.93,2.5,LOW,100
DBL.NS,SELL,393.0,-6.66,-5.21,1.39,,,407.99,355.54,2.5,LOW,100
MAXESTATES.NS,HOLD,540.15,20.05,-1.64,3.54,,,496.93,597.78,1.33,LOW,80
THOMASCOOK.NS,HOLD,109.38,4.45,-3.13,3.28,,,101.54,119.83,1.33,LOW,100
SUDEEPPHRM.NS,BUY,1320.8,34.04,16.77,2.36,1294.38,1347.22,1209.36,1599.41,2.5,LOW,100
AARTIPHARM.NS,BUY,877.1,15.51,4.03,2.63,859.56,894.64,810.76,1042.94,2.5,LOW,100
GNFC.NS,HOLD,588.5,8.28,0.09,1.84,,,567.37,616.67,1.33,LOW,80
THANGAMAYL.NS,HOLD,5418.5,-7.11,0.4,1.59,,,5171.54,5747.79,1.33,LOW,80
PRSMJOHNSN.NS,BUY,112.32,1.86,4.04,1.68,110.07,114.57,107.13,125.29,2.5,LOW,100
RUSTOMJEE.NS,SELL,352.95,-10.81,-6.89,1.6,,,373.5,301.57,2.5,LOW,100
AKUMS.NS,HOLD,741.25,5.17,-3.78,2.11,,,701.19,794.66,1.33,LOW,100
AJAXENGG.NS,BUY,592.1,3.58,2.64,1.38,580.26,603.94,560.36,671.44,2.5,LOW,100
ETHOSLTD.NS,HOLD,2768.8,2.21,-4.26,1.37,,,2665.2,2906.93,1.33,LOW,100
PNCINFRA.NS,SELL,178.0,-20.76,-12.89,2.0,,,189.72,148.69,2.5,LOW,100
FDC.NS,HOLD,345.2,-10.7,0.26,1.17,,,331.11,363.99,1.33,LOW,80
LLOYDSENGG.NS,SELL,82.58,-6.83,-5.27,1.97,,,88.42,67.98,2.5,LOW,100
REDTAPE.NS,SELL,117.73,-8.22,-3.46,1.88,,,124.73,100.22,2.5,LOW,100
TMB.NS,BUY,925.15,9.89,5.72,2.15,906.65,943.65,869.99,1063.06,2.5,LOW,100
TIPSMUSIC.NS,HOLD,649.9,-2.84,0.96,1.21,,,626.88,680.59,1.33,LOW,80
ATLANTAELE.NS,BUY,1916.4,12.94,5.33,3.6,1878.07,1954.73,1743.89,2347.69,2.5,LOW,100
EPIGRAL.NS,HOLD,1191.2,6.6,-0.96,2.49,,,1119.76,1286.46,1.33,LOW,80
INOXGREEN.NS,SELL,172.75,-6.13,-1.99,2.26,,,186.29,138.9,2.5,LOW,80
SFL.NS,HOLD,669.15,-6.93,1.98,1.52,,,642.96,704.06,1.33,LOW,80
V2RETAIL.NS,HOLD,219.6,-0.95,0.63,1.26,,,211.47,230.44,1.33,LOW,60
MASTEK.NS,HOLD,1663.0,-3.98,0.64,4.9,,,1531.91,1837.79,1.33,LOW,80
BALUFORGE.NS,HOLD,545.55,9.89,-10.51,4.92,,,495.63,612.11,1.33,LOW,100
MOIL.NS,SELL,252.0,-6.48,-1.33,2.22,,,265.88,217.31,2.5,LOW,80
GANESHHOU.NS,SELL,751.7,-6.07,-6.81,2.35,,,799.99,630.97,2.5,LOW,100
RTNINDIA.NS,SELL,28.24,-9.63,-5.9,1.92,,,30.06,23.7,2.5,LOW,100
PFOCUS.NS,BUY,322.3,15.35,4.71,3.35,315.85,328.75,295.25,389.92,2.5,LOW,100
WELENT.NS,BUY,793.5,26.39,20.05,2.9,777.63,809.37,719.17,979.32,2.5,LOW,100
RAYMONDLSL.NS,HOLD,714.0,-1.44,-0.44,2.71,,,673.48,768.03,1.33,LOW,80
ISGEC.NS,HOLD,778.5,-6.57,-0.61,2.62,,,743.58,825.06,1.33,LOW,80
PRAJIND.NS,HOLD,336.1,-0.02,-4.69,2.21,,,318.4,359.7,1.33,LOW,80
RATEGAIN.NS,SELL,855.4,-7.9,-11.09,2.85,,,927.11,676.13,2.5,LOW,100
MIDHANI.NS,BUY,470.75,12.91,12.59,4.14,461.33,480.17,441.17,544.7,2.5,LOW,100
KTKBANK.NS,HOLD,332.7,11.02,-0.57,1.99,,,317.25,353.3,1.33,LOW,80
YATHARTH.NS,BUY,982.0,12.53,8.2,2.43,962.36,1001.64,911.71,1157.71,2.5,LOW,100
CSBBANK.NS,SELL,316.25,-6.52,-4.72,1.97,,,339.41,258.34,2.5,LOW,100
EPL.NS,HOLD,247.85,2.94,-4.05,3.21,,,229.24,272.67,1.33,LOW,100
AURIONPRO.NS,SELL,674.0,-11.81,-5.25,1.73,,,718.29,563.27,2.5,LOW,100
JUSTDIAL.NS,BUY,692.7,2.33,4.17,2.63,678.85,706.55,648.6,802.95,2.5,LOW,100
MHRIL.NS,SELL,206.68,-7.06,-5.67,0.95,,,217.46,179.72,2.5,LOW,100
THYROCARE.NS,HOLD,571.9,-0.43,-2.07,2.76,,,541.89,611.91,1.33,LOW,80
ARVINDFASN.NS,HOLD,440.4,-3.43,-0.58,1.67,,,419.43,468.36,1.33,LOW,80
EQUITASBNK.NS,SELL,72.71,-4.74,-3.05,1.28,,,76.04,64.38,2.5,LOW,100
ELLEN.NS,BUY,318.95,7.45,1.22,3.12,312.57,325.33,291.29,388.09,2.5,LOW,80
CMSINFO.NS,SELL,237.1,-9.9,-4.7,2.15,,,251.38,201.41,2.5,LOW,100
PGIL.NS,HOLD,2333.1,6.62,-1.65,2.41,,,2201.98,2507.93,1.33,LOW,80
DHANUKA.NS,HOLD,1017.8,-0.07,2.3,1.11,,,988.4,1057.0,1.33,LOW,80
SYMPHONY.NS,HOLD,607.6,-6.89,1.65,1.71,,,581.85,641.93,1.33,LOW,80
QPOWER.NS,BUY,1491.1,21.13,13.55,2.91,1461.28,1520.92,1366.27,1803.17,2.5,LOW,100
CUPID.NS,HOLD,277.6,12.49,-1.48,3.03,,,264.96,294.45,1.33,LOW,80
AHLUCONT.NS,SELL,593.3,-23.65,-8.67,3.08,,,638.67,479.87,2.5,LOW,100
IFBIND.NS,SELL,1296.2,-3.66,-7.88,1.31,,,1360.11,1136.41,2.5,LOW,100
BAJAJELEC.NS,HOLD,337.7,-0.2,1.0,1.76,,,323.59,356.51,1.33,LOW,60
PARKHOSPS.NS,HOLD,284.95,0.31,1.75,1.54,,,272.91,301.0,1.33,LOW,60
JKPAPER.NS,BUY,417.8,9.68,7.43,1.8,409.44,426.16,390.02,487.25,2.5,LOW,100
PRICOLLTD.NS,HOLD,759.05,7.61,-4.03,2.26,,,717.67,814.23,1.33,LOW,100
AVALON.NS,BUY,2325.0,21.13,9.7,3.59,2278.5,2371.5,2051.4,3009.0,2.5,LOW,100
SURYAROSNI.NS,HOLD,218.4,-6.6,-0.83,1.36,,,211.21,227.98,1.33,LOW,80
HNDFDS.NS,HOLD,630.0,6.77,-1.47,2.13,,,597.29,673.61,1.33,LOW,80
PURVA.NS,HOLD,217.57,-0.09,1.53,2.97,,,204.68,234.76,1.33,LOW,60
UTLSOLAR.NS,HOLD,429.75,7.48,-6.55,3.26,,,399.22,470.46,1.33,LOW,100
AVL.NS,HOLD,606.0,-2.11,5.41,1.3,,,580.74,639.67,1.33,LOW,100
RTNPOWER.NS,SELL,7.27,-13.39,-7.03,1.83,,,7.79,5.97,2.5,LOW,100
RENUKA.NS,BUY,25.25,9.49,2.35,3.12,24.75,25.75,22.41,32.34,2.5,LOW,100
GREENLAM.NS,SELL,236.19,-6.37,-6.01,1.34,,,247.68,207.46,2.5,LOW,100
SUPRAJIT.NS,SELL,475.15,-4.71,-5.21,1.03,,,498.95,415.65,2.5,LOW,100
JAYNECOIND.NS,SELL,89.78,-1.84,-11.0,3.28,,,99.38,65.79,2.5,LOW,100
VMART.NS,HOLD,827.25,4.17,-3.42,1.75,,,785.42,883.02,1.33,LOW,100
IONEXCHANG.NS,BUY,425.5,5.66,15.54,2.66,416.99,434.01,397.13,496.42,2.5,LOW,100
SUNTECK.NS,SELL,296.35,-3.74,-3.58,1.45,,,311.5,258.47,2.5,LOW,100
JUNIPER.NS,BUY,215.04,7.17,2.83,1.61,210.74,219.34,201.67,248.46,2.5,LOW,100
WAKEFIT.NS,BUY,154.8,16.8,12.33,2.45,151.7,157.9,140.35,190.91,2.5,LOW,100
HGINFRA.NS,SELL,482.8,-9.32,-4.71,1.46,,,508.21,419.28,2.5,LOW,100
ICRA.NS,SELL,4869.4,-3.11,-1.97,1.89,,,5153.14,4160.04,2.5,LOW,80
SUBROS.NS,SELL,699.0,-10.42,-4.15,0.73,,,726.89,629.29,2.5,LOW,100
AXISCADES.NS,BUY,1840.0,15.1,18.18,2.74,1803.2,1876.8,1706.24,2174.39,2.5,LOW,100
CRAMC.NS,SELL,239.4,-6.91,-6.68,1.77,,,252.64,206.29,2.5,LOW,100
RALLIS.NS,SELL,205.38,-6.02,-3.55,0.83,,,213.29,185.59,2.5,LOW,100
GOKEX.NS,SELL,775.55,-4.45,-2.69,1.63,,,813.15,681.55,2.5,LOW,100
MTARTECH.NS,BUY,7828.5,17.01,14.92,2.95,7671.93,7985.07,7293.36,9166.36,2.5,LOW,100
GULFOILLUB.NS,SELL,1058.3,-0.99,-5.78,1.08,,,1110.21,928.52,2.5,LOW,80
CHEMPLASTS.NS,HOLD,181.38,-4.66,1.21,2.85,,,170.52,195.86,1.33,LOW,80
ASHAPURMIN.NS,SELL,555.05,-13.59,-2.71,2.08,,,594.77,455.75,2.5,LOW,100
SWSOLAR.NS,SELL,185.62,-12.03,-3.05,1.39,,,196.81,157.66,2.5,LOW,100
SHARDAMOTR.NS,HOLD,888.75,0.78,-0.49,2.35,,,852.95,936.49,1.33,LOW,60
PICCADIL.NS,SELL,617.8,-11.02,-8.72,3.49,,,655.59,523.32,2.5,LOW,100
INDIAGLYCO.NS,SELL,287.0,-72.67,-75.91,18.24,,,494.49,-231.71,2.5,NORMAL,80
MANINFRA.NS,BUY,129.6,19.83,13.82,2.47,127.01,132.19,120.8,151.6,2.5,LOW,100
VIPIND.NS,BUY,317.0,4.11,5.77,1.87,310.66,323.34,297.06,366.84,2.5,LOW,100
ELECTCAST.NS,BUY,80.1,7.07,7.47,1.87,78.5,81.7,73.7,96.1,2.5,LOW,100
TIIL.NS,HOLD,3182.3,13.23,-7.53,3.61,,,2977.63,3455.2,1.33,LOW,100
PILANIINVS.NS,HOLD,4331.0,-0.86,-0.71,1.33,,,4213.86,4487.19,1.33,LOW,60
SMARTWORKS.NS,HOLD,539.25,9.23,-2.04,1.78,,,515.57,570.83,1.33,LOW,100
IMFA.NS,SELL,1287.0,-6.72,-7.45,1.61,,,1378.54,1058.14,2.5,LOW,100
SUPRIYA.NS,BUY,914.1,7.1,14.81,3.16,895.82,932.38,856.6,1057.85,2.5,LOW,100
PARAS.NS,HOLD,1526.0,15.44,0.46,3.57,,,1412.84,1676.88,1.33,LOW,80
GHCL.NS,SELL,430.4,-1.26,-3.03,0.71,,,447.9,386.65,2.5,LOW,100
SAATVIKGL.NS,SELL,415.4,-4.17,-1.47,2.13,,,440.91,351.61,2.5,LOW,80
EMUDHRA.NS,HOLD,512.2,3.83,-6.34,2.52,,,482.97,551.18,1.33,LOW,100
MASFIN.NS,HOLD,290.25,-5.97,-0.55,1.62,,,278.0,306.58,1.33,LOW,80
TEXRAIL.NS,BUY,119.35,7.21,10.45,1.84,116.96,121.74,111.14,139.87,2.5,LOW,100
SKIPPER.NS,BUY,601.75,10.25,9.59,2.72,589.72,613.78,551.76,726.73,2.5,LOW,100
RAJESHEXPO.NS,HOLD,78.99,-7.13,2.23,2.14,,,73.9,85.77,1.33,LOW,100
STLTECH.NS,BUY,825.6,35.59,25.38,3.63,809.09,842.11,751.6,1010.6,2.5,LOW,100
SENCO.NS,SELL,361.75,-0.75,-2.69,3.96,,,385.82,301.58,2.5,LOW,80
FISCHER.NS,SELL,35.6,-6.29,-2.39,2.39,,,38.8,27.6,2.5,LOW,100
STYL.NS,HOLD,383.4,2.07,-1.05,2.13,,,355.0,421.27,1.33,LOW,80
KSCL.NS,SELL,730.55,-9.97,-4.92,1.77,,,766.6,640.43,2.5,LOW,100
ICIL.NS,BUY,444.1,6.26,3.18,4.47,435.22,452.98,395.35,565.97,2.5,LOW,100
SHOPERSTOP.NS,SELL,388.3,-0.74,-1.6,2.01,,,418.3,313.3,2.5,LOW,60
INDIGOPNTS.NS,BUY,1151.4,4.56,1.21,1.63,1128.37,1174.43,1081.08,1327.21,2.5,LOW,80
FIEMIND.NS,SELL,2043.0,-9.58,-5.6,2.64,,,2155.31,1762.21,2.5,LOW,100
TVSSCS.NS,SELL,127.17,-4.04,-4.38,2.98,,,138.22,99.54,2.5,LOW,100
RESPONIND.NS,SELL,145.51,-16.1,-5.33,1.89,,,159.57,110.35,2.5,LOW,100
BANSALWIRE.NS,SELL,314.15,-3.1,-2.41,0.86,,,328.37,278.6,2.5,LOW,100
LXCHEM.NS,BUY,180.94,4.82,4.48,2.25,177.32,184.56,169.3,210.04,2.5,LOW,100
CRIZAC.NS,HOLD,173.21,-6.32,-0.12,2.4,,,163.13,186.66,1.33,LOW,80
AGI.NS,BUY,757.75,6.14,2.17,2.34,742.6,772.9,699.71,902.84,2.5,LOW,100
CAPILLARY.NS,SELL,480.65,-5.63,-4.24,1.29,,,511.62,403.22,2.5,LOW,100
KNRCON.NS,SELL,121.1,-4.47,-2.17,1.98,,,129.95,98.99,2.5,LOW,100
UNIMECH.NS,BUY,1522.0,13.9,1.51,1.98,1491.56,1552.44,1420.49,1775.79,2.5,LOW,80
GMMPFAUDLR.NS,BUY,1268.2,39.43,28.19,3.11,1242.84,1293.56,1165.7,1524.45,2.5,LOW,100
ASHOKA.NS,HOLD,114.67,-5.2,1.28,2.06,,,109.2,121.96,1.33,LOW,80
DYNAMATECH.NS,HOLD,11582.0,6.0,0.63,2.09,,,11042.42,12301.44,1.33,LOW,80
E2E.NS,BUY,623.0,17.85,1.65,2.62,610.54,635.46,559.89,780.79,2.5,LOW,80
GOKULAGRO.NS,HOLD,232.5,3.36,-4.73,1.95,,,219.28,250.13,1.33,LOW,100
FEDFINA.NS,BUY,163.55,5.83,2.83,1.4,160.28,166.82,153.9,187.68,2.5,LOW,100
OPTIEMUS.NS,SELL,556.9,-2.56,-4.92,2.5,,,602.23,443.58,2.5,LOW,100
KINGFA.NS,BUY,6083.0,11.5,5.9,2.15,5961.34,6204.66,5704.86,7028.36,2.5,LOW,100
KRN.NS,BUY,1626.3,21.64,10.54,2.99,1593.77,1658.83,1469.69,2017.84,2.5,LOW,100
DATAMATICS.NS,SELL,749.05,-9.72,-6.28,0.94,,,786.02,656.62,2.5,LOW,100
WEBELSOLAR.NS,SELL,75.81,-17.04,-4.87,2.69,,,82.05,60.22,2.5,LOW,100
EMIL.NS,HOLD,177.89,15.06,-3.05,2.03,,,167.21,192.13,1.33,LOW,100
PTC.NS,SELL,154.07,-1.83,-2.52,1.61,,,160.07,139.08,2.5,LOW,100
ROUTE.NS,HOLD,504.6,-4.83,2.3,1.54,,,483.31,532.99,1.33,LOW,100
ITDC.NS,SELL,639.05,-7.42,-6.09,2.15,,,676.45,545.55,2.5,LOW,100
RSYSTEMS.NS,HOLD,246.55,0.13,2.84,1.77,,,234.36,262.8,1.33,LOW,80
ZAGGLE.NS,SELL,181.11,-9.24,-5.34,5.75,,,198.38,137.94,2.5,LOW,100
GAEL.NS,HOLD,169.52,2.89,-4.34,2.75,,,159.07,183.45,1.33,LOW,100
ORIANA.NS,HOLD,1205.7,-13.56,1.15,2.82,,,1107.34,1336.85,1.33,LOW,80
SIS.NS,HOLD,429.75,0.19,2.8,1.32,,,414.64,449.89,1.33,LOW,80
PDSL.NS,SELL,348.8,-3.68,-4.78,1.56,,,370.21,295.28,2.5,LOW,100
SMLMAH.NS,BUY,6343.5,30.85,22.18,3.36,6216.63,6470.37,5859.21,7554.21,2.5,LOW,100
HCC.NS,BUY,23.87,6.6,5.57,3.08,23.39,24.35,21.54,29.71,2.5,LOW,100
VRLLOG.NS,BUY,294.6,10.0,2.13,2.05,288.71,300.49,279.9,331.35,2.5,LOW,100
ENTERO.NS,BUY,1877.8,36.49,22.75,3.17,1840.24,1915.36,1719.53,2273.48,2.5,LOW,100
SUNFLAG.NS,SELL,338.85,-4.01,-2.73,1.3,,,359.51,287.19,2.5,LOW,100
SWARAJENG.NS,HOLD,3633.3,-0.5,2.09,0.67,,,3549.79,3744.64,1.33,LOW,80
JSFB.NS,HOLD,539.5,1.6,-7.23,2.66,,,507.57,582.07,1.33,LOW,100
JKIL.NS,SELL,491.15,-0.62,-2.68,1.08,,,511.01,441.51,2.5,LOW,80
CARERATING.NS,BUY,1710.2,1.4,5.18,1.83,1676.0,1744.4,1600.99,1983.24,2.5,LOW,100
MIDWESTLTD.NS,SELL,1063.3,-11.65,-7.75,2.0,,,1130.74,894.69,2.5,LOW,100
ANUP.NS,SELL,1753.4,-12.81,-2.02,1.02,,,1846.3,1521.15,2.5,LOW,100
GREAVESCOT.NS,HOLD,193.3,-10.73,0.58,1.52,,,185.83,203.26,1.33,LOW,80
SUVEN.NS,BUY,374.2,11.11,1.2,3.91,366.72,381.68,332.66,478.04,2.5,LOW,80
LGBBROSLTD.NS,BUY,1713.4,8.51,6.94,1.46,1679.13,1747.67,1624.94,1934.54,2.5,LOW,100
SKYGOLD.NS,HOLD,813.9,15.47,-3.37,3.34,,,760.12,885.61,1.33,LOW,100
REFEX.NS,SELL,277.9,-9.87,-4.17,1.43,,,295.03,235.08,2.5,LOW,100
TARC.NS,BUY,133.71,6.31,9.12,2.07,131.04,136.38,124.49,156.76,2.5,LOW,100
NIITMTS.NS,HOLD,223.83,-4.53,-0.85,1.34,,,213.23,237.97,1.33,LOW,80
DBCORP.NS,SELL,194.57,-4.62,-5.91,0.77,,,203.22,172.94,2.5,LOW,100
INNOVACAP.NS,BUY,1168.0,15.71,9.87,2.39,1144.64,1191.36,1067.47,1419.32,2.5,LOW,100
NEPHROPLUS.NS,BUY,721.8,6.35,5.03,2.04,707.36,736.24,670.38,850.35,2.5,LOW,100
BALAMINES.NS,BUY,2508.0,11.86,7.01,2.74,2457.84,2558.16,2276.51,3086.71,2.5,LOW,100
NACLIND.NS,SELL,162.38,-14.79,-10.61,2.05,,,173.48,134.63,2.5,LOW,100
DCBBANK.NS,BUY,229.26,17.24,10.56,2.6,224.67,233.85,211.52,273.62,2.5,LOW,100
SJS.NS,SELL,2273.9,-3.44,-11.23,2.01,,,2423.21,1900.61,2.5,LOW,100
BOSCH-HCIL.NS,BUY,1824.1,19.25,9.57,1.91,1787.62,1860.58,1685.8,2169.85,2.5,LOW,100
NFL.NS,HOLD,70.33,-2.32,-0.65,0.84,,,68.46,72.82,1.33,LOW,80
SPARC.NS,HOLD,204.88,-6.06,5.36,2.4,,,192.71,221.11,1.33,LOW,100
INDIQUBE.NS,BUY,203.49,13.01,5.04,1.85,199.42,207.56,188.35,241.33,2.5,LOW,100
BANARISUG.NS,HOLD,3768.8,4.89,-5.73,4.52,,,3444.06,4201.79,1.33,LOW,100
SHREEJISPG.NS,BUY,702.8,14.45,10.62,3.24,688.74,716.86,650.83,832.73,2.5,LOW,100
SHILCTECH.NS,HOLD,4170.5,-2.12,6.4,3.87,,,4012.68,4380.93,1.33,LOW,100
VSTTILLERS.NS,SELL,4134.9,-7.04,-7.08,1.39,,,4314.77,3685.22,2.5,LOW,100
INDRAMEDCO.NS,SELL,350.8,-5.61,-5.67,1.09,,,366.52,311.5,2.5,LOW,100
PACEDIGITK.NS,SELL,162.32,-15.33,-10.19,1.71,,,171.35,139.75,2.5,LOW,100
VSTIND.NS,SELL,206.49,-8.2,-1.61,0.54,,,211.49,193.98,2.5,LOW,80
RAIN.NS,BUY,220.09,4.99,2.99,2.65,215.69,224.49,203.24,262.22,2.5,LOW,100
SAMHI.NS,SELL,155.76,-7.13,-2.39,1.1,,,162.33,139.33,2.5,LOW,100
HEIDELBERG.NS,HOLD,160.49,1.59,-0.76,0.95,,,156.82,165.39,1.33,LOW,80
CEIGALL.NS,BUY,377.25,10.0,17.1,1.98,369.7,384.8,349.17,447.45,2.5,LOW,100
SGMART.NS,HOLD,818.15,13.27,-2.3,2.58,,,764.8,889.28,1.33,LOW,100
HERITGFOOD.NS,HOLD,381.5,9.32,-1.56,2.49,,,360.35,409.7,1.33,LOW,80
STYRENIX.NS,HOLD,2142.0,-4.21,3.16,1.55,,,2051.11,2263.19,1.33,LOW,100
ORIENTCEM.NS,SELL,126.54,-5.86,-3.28,1.21,,,132.73,111.06,2.5,LOW,100
AARTIDRUGS.NS,BUY,426.65,3.68,1.33,1.82,418.12,435.18,401.43,489.7,2.5,LOW,80
ORIENTELEC.NS,SELL,175.41,-1.82,-5.18,1.53,,,185.76,149.53,2.5,LOW,100
GUJTHEM.NS,BUY,455.5,20.18,12.55,3.22,446.39,464.61,408.98,571.8,2.5,LOW,100
GOPAL.NS,SELL,263.85,-2.74,-7.21,1.67,,,280.42,222.42,2.5,LOW,100
BHARATRAS.NS,SELL,1173.0,-10.09,-8.58,1.39,,,1235.37,1017.07,2.5,LOW,100
RBA.NS,HOLD,95.57,13.46,-10.22,2.9,,,88.96,104.38,1.33,LOW,100
LUMAXIND.NS,BUY,6107.5,9.22,5.15,2.37,5985.35,6229.65,5602.43,7370.18,2.5,LOW,100
ZOTA.NS,HOLD,1111.2,-10.89,1.53,2.88,,,1048.76,1194.46,1.33,LOW,80
AVANTEL.NS,HOLD,157.87,-4.69,0.06,1.31,,,152.21,165.41,1.33,LOW,80
EIEL.NS,HOLD,196.86,-8.01,0.79,1.98,,,189.05,207.27,1.33,LOW,80
HUBTOWN.NS,SELL,187.36,-3.27,-2.48,3.41,,,203.72,146.45,2.5,LOW,100
KITEX.NS,HOLD,127.67,-9.74,0.4,2.17,,,121.62,135.74,1.33,LOW,80
RAYMONDREL.NS,HOLD,590.0,-6.3,-0.53,3.65,,,552.12,640.51,1.33,LOW,80
SANATHAN.NS,BUY,475.85,3.21,6.05,2.81,466.33,485.37,434.44,579.37,2.5,LOW,100
NORTHARC.NS,BUY,312.25,5.27,9.81,2.86,306.0,318.5,287.35,374.5,2.5,LOW,100
JAMNAAUTO.NS,HOLD,128.2,-1.35,7.89,1.99,,,123.46,134.52,1.33,LOW,100
GUJALKALI.NS,HOLD,714.05,7.64,-1.74,1.94,,,675.22,765.82,1.33,LOW,80
DCAL.NS,HOLD,173.54,-6.23,0.87,2.66,,,164.88,185.09,1.33,LOW,80
AWFIS.NS,SELL,252.9,-9.27,-8.93,2.08,,,272.19,204.67,2.5,LOW,100
MOSCHIP.NS,HOLD,215.1,-1.42,4.75,1.93,,,205.59,227.78,1.33,LOW,100
RAMKY.NS,SELL,339.05,-11.44,-10.85,1.48,,,363.6,277.67,2.5,LOW,100
GOLDIAM.NS,SELL,337.45,-4.86,-6.41,1.81,,,356.81,289.06,2.5,LOW,100
JTEKTINDIA.NS,SELL,120.59,-10.45,-4.7,1.35,,,126.79,105.09,2.5,LOW,100
HEMIPROP.NS,SELL,124.99,-7.01,-3.03,0.94,,,130.13,112.15,2.5,LOW,100
63MOONS.NS,BUY,872.25,13.18,9.0,3.25,854.8,889.7,798.69,1056.16,2.5,LOW,100
KIRLOSIND.NS,HOLD,3685.2,-3.78,0.58,1.25,,,3568.02,3841.44,1.33,LOW,80
SHANTIGEAR.NS,BUY,704.0,54.31,26.19,6.66,689.92,718.08,614.07,928.82,2.5,LOW,100
SINDHUTRAD.NS,BUY,25.1,0.99,4.5,2.61,24.6,25.6,22.78,30.89,2.5,LOW,80
BOROLTD.NS,HOLD,254.0,4.67,-0.02,2.47,,,234.11,280.52,1.33,LOW,80
MARATHON.NS,BUY,451.0,13.51,6.67,5.15,441.98,460.02,399.51,579.73,2.5,LOW,100
CAMLINFINE.NS,SELL,104.95,-11.63,-1.41,4.31,,,111.53,88.49,2.5,LOW,80
UFLEX.NS,BUY,667.15,28.8,7.74,5.3,653.81,680.49,602.8,828.03,2.5,LOW,100
VAIBHAVGBL.NS,SELL,215.98,-9.85,-1.6,1.31,,,227.46,187.29,2.5,LOW,80
UEL.NS,BUY,218.05,26.11,26.65,5.27,213.69,222.41,195.13,275.35,2.5,LOW,100
RPGLIFE.NS,HOLD,2682.8,-0.43,2.26,2.52,,,2562.5,2843.2,1.33,LOW,80
RAYMOND.NS,BUY,852.0,36.08,34.77,4.87,834.96,869.04,782.32,1026.2,2.5,LOW,100
ORCHPHARMA.NS,SELL,965.0,-3.41,-7.04,2.83,,,1054.27,741.82,2.5,LOW,100
LUXIND.NS,SELL,1134.1,-8.14,-6.46,1.49,,,1195.49,980.64,2.5,LOW,100
MPSLTD.NS,HOLD,2702.2,7.89,-1.19,2.06,,,2565.32,2884.7,1.33,LOW,80
MCLOUD.NS,SELL,25.97,-9.79,-12.2,2.8,,,28.61,19.37,2.5,LOW,100
TRUALT.NS,SELL,419.2,-5.79,-5.13,1.77,,,445.74,352.84,2.5,LOW,100
AJMERA.NS,SELL,116.31,-6.28,-1.93,1.29,,,123.62,98.03,2.5,LOW,80
GOODLUCK.NS,HOLD,473.0,-2.8,3.68,3.05,,,439.56,517.59,1.33,LOW,100
VADILALIND.NS,BUY,7500.0,6.78,1.58,2.67,7350.0,7650.0,7036.07,8659.81,2.5,LOW,80
EBGNG.NS,BUY,648.0,10.11,7.41,4.15,635.04,660.96,574.34,832.14,2.5,LOW,100
QUESS.NS,HOLD,325.2,1.61,-6.28,2.99,,,298.51,360.79,1.33,LOW,100
WONDERLA.NS,BUY,521.75,6.64,1.91,2.11,511.31,532.19,486.97,608.7,2.5,LOW,80
GREENPLY.NS,BUY,301.5,1.21,3.41,1.79,295.47,307.53,282.83,348.18,2.5,LOW,100
NEOGEN.NS,BUY,2190.0,3.36,2.69,2.41,2146.2,2233.8,2025.11,2602.21,2.5,LOW,100
INTERARCH.NS,HOLD,1701.7,-3.77,1.35,0.95,,,1637.2,1787.7,1.33,LOW,80
PRECWIRE.NS,BUY,481.95,16.91,12.33,5.88,472.31,491.59,427.18,618.88,2.5,LOW,100
KOLTEPATIL.NS,HOLD,446.5,7.14,-1.24,3.41,,,421.06,480.42,1.33,LOW,80
JINDWORLD.NS,BUY,56.32,53.06,61.1,6.71,55.19,57.45,48.81,75.09,2.5,LOW,100
MBAPL.NS,HOLD,167.9,10.65,-0.39,1.71,,,158.53,180.39,1.33,LOW,80
ARSSBL.NS,SELL,511.8,-2.73,-2.74,1.68,,,543.71,432.01,2.5,LOW,100
MEDIASSIST.NS,SELL,331.6,-5.97,-7.13,1.6,,,355.14,272.76,2.5,LOW,100
NPST.NS,BUY,1734.7,8.51,11.07,2.4,1700.01,1769.39,1587.33,2103.13,2.5,LOW,100
CENTUM.NS,BUY,4307.2,18.89,31.53,4.66,4221.06,4393.34,3974.91,5137.91,2.5,LOW,100
HARSHA.NS,BUY,457.65,7.91,3.33,2.14,448.5,466.8,429.35,528.4,2.5,LOW,100
GOCOLORS.NS,SELL,329.4,-2.25,-6.76,2.4,,,354.07,267.72,2.5,LOW,100
NSIL.NS,HOLD,5700.0,2.62,-0.42,1.14,,,5492.3,5976.93,1.33,LOW,80
GKENERGY.NS,HOLD,128.27,-4.16,3.14,2.26,,,120.92,138.07,1.33,LOW,100
INDOSTAR.NS,SELL,253.0,-1.14,-3.62,2.26,,,270.35,209.61,2.5,LOW,100
KSL.NS,BUY,920.0,3.85,5.24,2.78,901.6,938.4,840.16,1119.59,2.5,LOW,100
ROLEXRINGS.NS,HOLD,175.79,10.89,-2.98,3.88,,,165.83,189.07,1.33,LOW,100
ADVENZYMES.NS,HOLD,299.8,-3.51,-0.84,1.06,,,288.75,314.53,1.33,LOW,80
SHAREINDIA.NS,HOLD,171.0,-0.27,-1.46,1.52,,,165.17,178.78,1.33,LOW,60
POCL.NS,SELL,469.4,-10.25,-7.05,1.35,,,496.79,400.94,2.5,LOW,100
GUFICBIO.NS,BUY,447.75,10.63,7.14,1.96,438.8,456.7,415.32,528.83,2.5,LOW,100
UNICHEMLAB.NS,BUY,557.25,3.19,5.93,2.45,546.11,568.39,502.77,693.45,2.5,LOW,100
MSTCLTD.NS,BUY,763.3,15.49,4.86,3.47,748.03,778.57,695.48,932.85,2.5,LOW,100
ROSSARI.NS,SELL,455.0,-10.15,-8.88,1.51,,,485.89,377.79,2.5,LOW,100
JUBLCPL.NS,BUY,2207.5,7.56,3.78,5.77,2163.35,2251.65,1964.29,2815.54,2.5,LOW,100
CYIENTDLM.NS,BUY,911.0,35.81,23.8,3.05,892.78,929.22,835.31,1100.21,2.5,LOW,100
SUNCLAY.NS,HOLD,1299.0,-0.48,2.42,1.72,,,1239.46,1378.39,1.33,LOW,80
RPEL.NS,BUY,1687.2,19.24,1.49,4.42,1653.46,1720.94,1473.43,2221.63,2.5,LOW,80
BALMLAWRIE.NS,HOLD,176.43,-0.12,0.2,0.79,,,171.97,182.37,1.33,LOW,60
ARTEMISMED.NS,BUY,344.8,15.17,6.52,1.73,337.9,351.7,323.37,398.37,2.5,LOW,100
PRINCEPIPE.NS,HOLD,280.1,1.64,-1.36,1.82,,,268.15,296.04,1.33,LOW,80
JISLJALEQS.NS,BUY,31.34,3.65,12.13,3.29,30.71,31.97,28.74,37.85,2.5,LOW,100
PITTIENG.NS,BUY,1157.1,15.92,5.36,2.94,1133.96,1180.24,1054.18,1414.4,2.5,LOW,100
FOSECOIND.NS,BUY,6133.0,12.63,14.46,2.81,6010.34,6255.66,5564.36,7554.61,2.5,LOW,100
DPABHUSHAN.NS,HOLD,1415.0,5.66,-7.72,2.93,,,1324.96,1535.06,1.33,LOW,100
SSWL.NS,BUY,364.8,24.56,23.79,4.21,357.5,372.1,333.83,442.23,2.5,LOW,100
BHAGCHEM.NS,SELL,260.0,-7.09,-8.09,1.8,,,276.4,219.0,2.5,LOW,100
BAJAJCON.NS,HOLD,514.8,-4.36,11.14,2.94,,,483.09,557.09,1.33,LOW,100
NAVNETEDUL.NS,SELL,130.37,-6.24,-2.4,0.64,,,135.11,118.52,2.5,LOW,100
INDOTHAI.NS,SELL,39.4,-72.79,-30.49,3.4,,,45.05,25.26,2.5,LOW,100
GREENPANEL.NS,HOLD,162.21,-10.72,2.59,2.0,,,153.64,173.64,1.33,LOW,100
BBL.NS,SELL,2244.6,-9.64,-5.88,1.26,,,2362.57,1949.67,2.5,LOW,100
PROTEAN.NS,SELL,504.35,-10.48,-7.45,1.37,,,532.9,432.97,2.5,LOW,100
VISHNU.NS,BUY,730.3,17.13,14.52,1.54,715.69,744.91,684.6,844.54,2.5,LOW,100
SAMBHV.NS,HOLD,127.78,5.74,-2.59,2.5,,,119.54,138.77,1.33,LOW,100
BOMDYEING.NS,HOLD,114.47,-4.17,3.82,1.78,,,108.99,121.78,1.33,LOW,100
SWANDEF.NS,BUY,2502.5,4.73,7.37,1.8,2452.45,2552.55,2275.0,3071.25,2.5,LOW,100
PARAGMILK.NS,HOLD,251.5,10.05,0.6,3.33,,,233.45,275.56,1.33,LOW,80
SENORES.NS,HOLD,1494.8,5.2,-1.38,2.16,,,1408.79,1609.49,1.33,LOW,80
HLEGLAS.NS,HOLD,338.4,-10.91,7.91,5.74,,,322.73,359.29,1.33,LOW,100
HIKAL.NS,BUY,242.98,9.85,16.8,5.44,238.12,247.84,217.58,306.48,2.5,LOW,100
FLAIR.NS,SELL,244.5,-3.58,-2.61,1.06,,,254.29,220.02,2.5,LOW,100
KIRIINDUS.NS,BUY,575.5,31.22,15.4,4.41,563.99,587.01,505.06,751.59,2.5,LOW,100
KKCL.NS,SELL,504.9,-0.79,-3.44,1.65,,,533.41,433.61,2.5,LOW,80
MAHLOG.NS,HOLD,403.2,1.11,0.02,0.93,,,387.48,424.16,1.33,LOW,80
EPACK.NS,SELL,188.86,-14.65,-6.18,1.87,,,199.23,162.93,2.5,LOW,100
ARKADE.NS,SELL,124.35,-5.97,-5.67,2.63,,,132.91,102.95,2.5,LOW,100
PSPPROJECT.NS,SELL,870.0,-10.86,-4.35,1.34,,,916.91,752.73,2.5,LOW,100
STYLAMIND.NS,SELL,3393.0,-0.74,-5.04,2.1,,,3622.86,2818.36,2.5,LOW,80
KRISHANA.NS,HOLD,184.89,9.05,-7.41,1.95,,,174.38,198.91,1.33,LOW,100
PARKHOTELS.NS,SELL,112.75,-6.48,-3.61,1.16,,,119.92,94.84,2.5,LOW,100
GATEWAY.NS,HOLD,53.68,-4.25,-0.3,1.34,,,51.73,56.27,1.33,LOW,80
PRABHA.NS,BUY,253.2,49.52,18.32,4.78,248.14,258.26,219.11,338.42,2.5,LOW,100
IMAGICAA.NS,BUY,55.05,11.91,10.56,4.95,53.95,56.15,49.13,69.85,2.5,LOW,100
JASH.NS,BUY,507.55,1.98,8.06,2.41,497.4,517.7,472.84,594.34,2.5,LOW,100
GLOBUSSPR.NS,SELL,854.7,-5.44,-6.17,1.72,,,893.03,758.88,2.5,LOW,100
PAISALO.NS,BUY,77.49,9.61,11.83,2.65,75.94,79.04,72.49,89.99,2.5,LOW,100
DDEVPLSTIK.NS,SELL,272.5,-2.73,-1.48,1.42,,,286.53,237.43,2.5,LOW,80
PATELENG.NS,SELL,27.0,-8.27,-4.53,1.64,,,28.49,23.26,2.5,LOW,100
PENIND.NS,BUY,181.9,10.12,15.61,2.16,178.26,185.54,169.56,212.74,2.5,LOW,100
WSTCSTPAPR.NS,BUY,691.5,18.89,14.08,2.97,677.67,705.33,635.85,830.63,2.5,LOW,100
GANECOS.NS,SELL,994.3,-9.05,-6.92,1.84,,,1059.37,831.62,2.5,LOW,100
KDDL.NS,BUY,3990.2,12.08,1.88,1.83,3910.4,4070.0,3691.69,4736.49,2.5,LOW,80
MAITHANALL.NS,BUY,1079.0,8.29,9.13,1.95,1057.42,1100.58,1002.74,1269.66,2.5,LOW,100
POLYPLEX.NS,HOLD,1157.0,3.29,-1.11,2.06,,,1111.16,1218.11,1.33,LOW,80
DEEPINDS.NS,BUY,811.0,39.24,19.61,3.86,794.78,827.22,729.72,1014.2,2.5,LOW,100
SAGCEM.NS,SELL,153.97,-10.43,-6.87,1.51,,,164.75,127.02,2.5,LOW,100
SIYSIL.NS,SELL,557.9,-9.02,-5.19,2.13,,,594.51,466.36,2.5,LOW,100
EUROPRATIK.NS,SELL,257.6,-11.9,-3.66,2.26,,,277.35,208.22,2.5,LOW,100
HPL.NS,SELL,303.5,-8.29,-3.45,1.37,,,319.46,263.61,2.5,LOW,100
EASEMYTRIP.NS,SELL,6.01,-8.21,-1.64,1.86,,,6.31,5.25,2.5,LOW,80
ASHIANA.NS,SELL,348.15,-7.43,-5.03,1.53,,,365.14,305.67,2.5,LOW,100
TCPLPACK.NS,HOLD,3865.6,11.32,-2.68,5.78,,,3611.55,4204.33,1.33,LOW,100
BRIGHOTEL.NS,SELL,57.28,-6.04,-3.29,1.15,,,60.38,49.54,2.5,LOW,100
SANDHAR.NS,SELL,619.4,-3.61,-8.99,2.07,,,663.91,508.13,2.5,LOW,100
SHK.NS,HOLD,148.69,-0.46,-3.82,1.51,,,141.7,158.01,1.33,LOW,80
TFCILTD.NS,BUY,141.82,33.09,9.46,2.32,138.98,144.66,130.12,171.08,2.5,LOW,100
RAMRAT.NS,BUY,531.9,15.18,8.65,3.93,521.26,542.54,471.71,682.38,2.5,LOW,100
SUNDROP.NS,BUY,660.0,0.61,2.48,0.96,646.8,673.2,630.06,734.86,2.5,LOW,80
EFCIL.NS,SELL,190.42,-1.08,-5.95,2.78,,,207.13,148.64,2.5,LOW,100
ORISSAMINE.NS,HOLD,4244.0,1.55,-5.93,2.44,,,4046.76,4506.99,1.33,LOW,100
VEEDOL.NS,HOLD,1453.7,0.15,-1.56,1.16,,,1403.02,1521.27,1.33,LOW,60
TEAMLEASE.NS,HOLD,1254.5,-4.05,0.57,0.81,,,1204.13,1321.66,1.33,LOW,80
AGIIL.NS,SELL,274.8,-12.1,-4.68,1.39,,,297.16,218.91,2.5,LOW,100
NOCIL.NS,BUY,173.51,3.43,5.84,1.39,170.04,176.98,163.27,199.11,2.5,LOW,100
EMSLIMITED.NS,SELL,379.3,-5.52,-1.3,2.29,,,408.05,307.42,2.5,LOW,80
PREMEXPLN.NS,HOLD,674.8,-0.4,1.12,0.95,,,658.01,697.19,1.33,LOW,60
MANINDS.NS,BUY,823.1,35.14,14.62,3.6,806.64,839.56,743.91,1021.08,2.5,LOW,100
TIRUMALCHM.NS,SELL,156.52,-5.45,-3.01,2.8,,,170.86,120.68,2.5,LOW,100
SANGHVIMOV.NS,SELL,439.6,-3.7,-4.1,2.13,,,480.68,336.9,2.5,LOW,100
FMGOETZE.NS,BUY,474.4,12.57,4.89,3.94,464.91,483.89,421.53,606.58,2.5,LOW,100
SBCL.NS,BUY,1111.8,27.0,11.24,3.21,1089.56,1134.04,991.51,1412.51,2.5,LOW,100
FCL.NS,BUY,57.96,35.83,18.94,3.99,56.8,59.12,51.82,73.32,2.5,LOW,100
VIMTALABS.NS,BUY,625.45,3.31,1.56,1.98,612.94,637.96,576.85,746.95,2.5,LOW,80
MUTHOOTMF.NS,SELL,199.42,-10.9,-5.64,2.03,,,213.75,163.59,2.5,LOW,100
MARINE.NS,BUY,419.55,31.4,9.57,3.3,411.16,427.94,379.32,520.12,2.5,LOW,100
ARVSMART.NS,HOLD,638.25,2.11,-7.83,2.09,,,606.18,681.01,1.33,LOW,100
DALMIASUG.NS,HOLD,447.0,9.99,-4.94,3.57,,,403.5,505.0,1.33,LOW,100
KPEL.NS,SELL,236.83,-18.77,-7.76,3.15,,,257.65,184.77,2.5,LOW,100
GIPCL.NS,BUY,199.18,16.01,11.65,2.84,195.2,203.16,183.41,238.61,2.5,LOW,100
ALPEXSOLAR.NS,BUY,889.3,6.24,9.01,3.61,871.51,907.09,808.99,1090.09,2.5,LOW,100
PRAKASH.NS,SELL,126.41,-1.03,-1.0,3.17,,,134.18,106.97,2.5,LOW,80
RPSGVENT.NS,SELL,814.25,-8.16,-5.69,0.97,,,854.7,713.12,2.5,LOW,100
BCG.NS,BUY,10.29,8.73,13.2,2.79,10.08,10.5,9.65,11.89,2.5,LOW,100
TATVA.NS,BUY,1675.4,5.5,5.97,1.77,1641.89,1708.91,1537.43,2020.33,2.5,LOW,100
IOLCP.NS,BUY,213.2,28.36,23.69,3.17,208.94,217.46,191.4,267.71,2.5,LOW,100
BAJAJHIND.NS,HOLD,22.62,19.61,-0.83,4.81,,,20.31,25.71,1.33,LOW,80
BFUTILITIE.NS,HOLD,531.6,-5.47,3.07,2.58,,,502.21,570.79,1.33,LOW,100
RAMCOIND.NS,SELL,322.3,-6.06,-5.64,1.74,,,343.26,269.91,2.5,LOW,100
TVSSRICHAK.NS,BUY,5390.0,22.21,9.82,4.31,5282.2,5497.8,4887.73,6645.68,2.5,LOW,100
EPACKPEB.NS,HOLD,234.58,-4.17,2.24,2.37,,,222.19,251.09,1.33,LOW,100
POKARNA.NS,SELL,795.65,-15.52,-9.1,1.49,,,861.13,631.95,2.5,LOW,100
JTLIND.NS,BUY,89.93,13.74,14.1,3.26,88.13,91.73,81.57,110.82,2.5,LOW,100
EVEREADY.NS,HOLD,341.45,-1.95,-0.09,1.68,,,324.11,364.56,1.33,LOW,80
CARRARO.NS,BUY,542.9,2.05,2.86,1.35,532.04,553.76,511.29,621.92,2.5,LOW,100
NRBBEARING.NS,BUY,481.05,8.44,2.33,2.55,471.43,490.67,450.02,558.62,2.5,LOW,100
HONDAPOWER.NS,SELL,1994.9,-4.12,-3.77,1.0,,,2086.77,1765.22,2.5,LOW,100
SAKSOFT.NS,SELL,150.98,-9.92,-5.4,1.66,,,159.41,129.89,2.5,LOW,100
MOREPENLAB.NS,BUY,120.6,56.71,28.43,4.58,118.19,123.01,106.48,155.9,2.5,LOW,100
HIRECT.NS,BUY,1274.6,3.58,4.19,2.19,1249.11,1300.09,1183.37,1502.67,2.5,LOW,100
VENUSPIPES.NS,BUY,1912.9,14.43,23.43,4.24,1874.64,1951.16,1766.49,2278.93,2.5,LOW,100
SOTL.NS,BUY,685.9,6.2,1.82,3.57,672.18,699.62,602.42,894.61,2.5,LOW,80
ALLCARGO.NS,BUY,13.06,35.25,6.53,5.49,12.8,13.32,11.15,17.85,2.5,LOW,100
MTNL.NS,SELL,25.5,-7.52,-4.03,1.37,,,26.94,21.9,2.5,LOW,100
RELTD.NS,SELL,159.5,-4.99,-1.18,2.25,,,172.66,126.59,2.5,LOW,80
ALEMBICLTD.NS,BUY,109.18,19.87,15.34,3.13,107.0,111.36,98.43,136.06,2.5,LOW,100
DIGITIDE.NS,SELL,94.61,-5.5,-4.38,2.0,,,101.71,76.85,2.5,LOW,100
UTKARSHBNK.NS,BUY,15.8,8.41,7.56,2.36,15.48,16.12,14.68,18.59,2.5,LOW,100
NUCLEUS.NS,SELL,718.6,-1.77,-2.62,1.3,,,753.34,631.76,2.5,LOW,100
SERVOTECH.NS,SELL,78.62,-12.05,-4.42,0.93,,,82.38,69.22,2.5,LOW,100
AUTOAXLES.NS,SELL,1679.8,-5.1,-3.67,1.04,,,1763.17,1471.37,2.5,LOW,100
HMT.NS,BUY,68.5,8.88,12.35,2.92,67.13,69.87,62.18,84.3,2.5,LOW,100
LAOPALA.NS,HOLD,170.84,-4.63,-0.02,1.51,,,163.78,180.25,1.33,LOW,80
DCXINDIA.NS,HOLD,176.42,-3.66,0.4,2.1,,,168.81,186.57,1.33,LOW,80
HINDWAREAP.NS,SELL,181.45,-16.14,-7.77,1.51,,,192.42,154.02,2.5,LOW,100
JAYKAY.NS,HOLD,159.41,-1.29,10.95,4.28,,,144.19,179.7,1.33,LOW,100
INDOCO.NS,BUY,244.61,3.36,11.6,3.95,239.72,249.5,215.67,316.95,2.5,LOW,100
WINDMACHIN.NS,HOLD,308.3,2.0,-2.79,2.01,,,293.04,328.64,1.33,LOW,100
SOLARWORLD.NS,SELL,148.42,-16.49,-1.14,1.97,,,158.21,123.94,2.5,LOW,80
TAJGVK.NS,SELL,335.25,-4.28,-4.55,1.8,,,353.1,290.63,2.5,LOW,100
NITCO.NS,SELL,92.53,-9.17,-3.89,2.15,,,100.73,72.04,2.5,LOW,100
SIRCA.NS,HOLD,435.0,3.86,-1.08,1.37,,,420.51,454.32,1.33,LOW,80
VIKRAN.NS,SELL,59.53,-12.76,-2.62,3.06,,,63.33,50.04,2.5,LOW,100
KALAMANDIR.NS,SELL,84.97,-6.07,-3.85,1.25,,,88.97,74.97,2.5,LOW,100
VSSL.NS,BUY,356.6,12.59,2.47,2.8,349.47,363.73,328.19,427.62,2.5,LOW,100
KRSNAA.NS,HOLD,552.05,-0.14,-1.94,1.88,,,527.76,584.44,1.33,LOW,60
SDBL.NS,BUY,73.74,3.11,1.39,1.67,72.27,75.21,69.72,83.79,2.5,LOW,80
CARYSIL.NS,HOLD,1158.2,-0.59,1.14,1.41,,,1100.69,1234.89,1.33,LOW,60
TCIEXP.NS,BUY,552.15,0.51,1.15,1.51,541.11,563.19,517.64,638.44,2.5,LOW,60
KCP.NS,HOLD,162.81,-0.43,-7.82,3.06,,,151.62,177.73,1.33,LOW,80
BEPL.NS,BUY,133.0,13.38,2.61,2.63,130.34,135.66,122.66,158.85,2.5,LOW,100
KMEW.NS,BUY,2975.6,15.41,9.69,3.0,2916.09,3035.11,2724.24,3603.99,2.5,LOW,100
XPROINDIA.NS,BUY,1380.0,7.65,16.31,3.43,1352.4,1407.6,1263.16,1672.11,2.5,LOW,100
HATHWAY.NS,SELL,10.31,-4.52,-2.37,1.02,,,10.8,9.09,2.5,LOW,100
REPCOHOME.NS,HOLD,360.1,-6.18,1.52,1.45,,,347.1,377.43,1.33,LOW,80
ADFFOODS.NS,SELL,265.25,-6.99,-2.7,1.44,,,283.1,220.62,2.5,LOW,100
UNIVCABLES.NS,HOLD,1532.2,8.11,-3.63,3.05,,,1411.88,1692.63,1.33,LOW,100
PANACEABIO.NS,SELL,383.0,-14.59,-5.64,2.13,,,408.64,318.89,2.5,LOW,100
GRMOVER.NS,SELL,85.97,-5.37,-4.73,1.92,,,91.29,72.68,2.5,LOW,100
DIAMONDYD.NS,SELL,1129.0,-3.35,-4.04,0.85,,,1189.03,978.93,2.5,LOW,100
CAPACITE.NS,SELL,201.81,-9.05,-8.64,2.68,,,220.18,155.89,2.5,LOW,100
ROSSTECH.NS,BUY,1181.7,13.62,12.15,2.13,1158.07,1205.33,1084.43,1424.88,2.5,LOW,100
FILATEX.NS,HOLD,76.16,3.41,-7.25,3.23,,,70.16,84.16,1.33,LOW,100
JINDALPOLY.NS,BUY,683.6,5.52,7.34,3.1,669.93,697.27,639.54,793.74,2.5,LOW,100
SMSPHARMA.NS,BUY,399.05,4.8,11.86,1.85,391.07,407.03,367.76,477.28,2.5,LOW,100
MONARCH.NS,HOLD,381.3,2.42,-0.91,1.58,,,359.75,410.03,1.33,LOW,80
TASTYBITE.NS,HOLD,9853.0,5.16,-2.53,2.88,,,9351.84,10521.21,1.33,LOW,100
AEROFLEX.NS,BUY,552.55,20.32,9.58,3.42,541.5,563.6,499.01,686.41,2.5,LOW,100
HGS.NS,SELL,397.4,-4.23,-1.16,0.81,,,418.69,344.19,2.5,LOW,80
JAICORPLTD.NS,SELL,97.83,-6.25,-3.63,1.42,,,102.78,85.45,2.5,LOW,100
MOLDTKPAC.NS,HOLD,707.25,2.25,-1.26,1.53,,,675.34,749.8,1.33,LOW,80
COSMOFIRST.NS,HOLD,910.5,2.66,0.28,1.79,,,859.82,978.08,1.33,LOW,80
PFS.NS,SELL,27.51,-4.86,-1.43,0.82,,,28.73,24.46,2.5,LOW,80
MBEL.NS,SELL,267.65,-9.0,-1.85,1.64,,,284.84,224.69,2.5,LOW,80
BAJEL.NS,SELL,183.71,-0.86,-4.36,2.19,,,197.3,149.74,2.5,LOW,80
KSHINTL.NS,BUY,1115.9,21.39,13.99,3.4,1093.58,1138.22,1034.04,1320.56,2.5,LOW,100
INSECTICID.NS,HOLD,612.25,-2.96,5.53,2.12,,,579.95,655.32,1.33,LOW,100
SHALBY.NS,SELL,151.01,-6.5,-1.96,1.16,,,159.54,129.7,2.5,LOW,80
NDRAUTO.NS,SELL,719.05,-10.35,-3.27,1.53,,,763.35,608.3,2.5,LOW,100
FINOPB.NS,SELL,140.71,-7.72,-4.87,2.6,,,150.57,116.05,2.5,LOW,100
ORIENTHOT.NS,HOLD,141.25,5.09,-0.24,3.66,,,135.09,149.46,1.33,LOW,80
STYLEBAAZA.NS,HOLD,393.45,17.67,-0.84,3.33,,,366.16,429.84,1.33,LOW,80
SCILAL.NS,SELL,38.84,-4.78,-1.6,0.95,,,40.45,34.8,2.5,LOW,80
NILKAMAL.NS,BUY,2097.3,20.88,4.04,3.11,2055.35,2139.25,1949.36,2467.16,2.5,LOW,100
LANDMARK.NS,SELL,496.0,-1.8,-8.44,2.7,,,535.48,397.3,2.5,LOW,100
EIHAHOTELS.NS,HOLD,297.5,-3.44,-0.12,1.63,,,285.66,313.29,1.33,LOW,80
IPL.NS,SELL,134.69,-8.44,-3.75,1.16,,,140.38,120.46,2.5,LOW,100
SUMMITSEC.NS,HOLD,1411.2,-4.67,-0.4,0.8,,,1363.03,1475.43,1.33,LOW,80
SEAMECLTD.NS,BUY,1790.5,17.71,8.19,1.81,1754.69,1826.31,1668.16,2096.36,2.5,LOW,100
MAYURUNIQ.NS,SELL,738.7,-5.57,-4.07,1.99,,,796.23,594.87,2.5,LOW,100
RML.NS,BUY,1392.5,20.6,19.96,4.08,1364.65,1420.35,1288.84,1651.64,2.5,LOW,100
YATRA.NS,HOLD,113.85,2.17,-1.27,3.3,,,107.03,122.95,1.33,LOW,80
STEELCAS.NS,SELL,321.15,-0.9,-7.32,2.57,,,350.37,248.1,2.5,LOW,80
GENESYS.NS,BUY,282.61,12.32,31.91,8.1,276.96,288.26,246.24,373.53,2.5,LOW,100
GVPIL.NS,HOLD,664.55,-11.47,3.11,2.91,,,625.67,716.39,1.33,LOW,100
SOLARA.NS,BUY,710.0,25.31,12.96,4.56,695.8,724.2,636.35,894.13,2.5,LOW,100
KICL.NS,SELL,5126.0,-4.67,-2.78,1.2,,,5394.93,4453.68,2.5,LOW,100
SPECTRUM.NS,BUY,2611.1,19.13,21.77,4.21,2558.88,2663.32,2363.24,3230.74,2.5,LOW,100
SULA.NS,HOLD,146.83,-3.58,1.59,0.83,,,142.28,152.89,1.33,LOW,80
SIMPLEXINF.NS,BUY,261.4,2.83,3.01,2.88,256.17,266.63,237.95,320.03,2.5,LOW,100
SGFIN.NS,HOLD,675.3,0.68,-2.04,1.24,,,641.47,720.4,1.33,LOW,80
CANTABIL.NS,SELL,237.77,-2.54,-2.03,2.21,,,253.2,199.19,2.5,LOW,100
SYSTMTXC.NS,BUY,66.4,9.57,16.53,2.85,65.07,67.73,61.2,79.4,2.5,LOW,100
DELTACORP.NS,SELL,55.84,-9.37,-9.23,1.62,,,59.18,47.48,2.5,LOW,100
STUDDS.NS,SELL,425.3,-4.18,-4.85,1.75,,,442.71,381.78,2.5,LOW,100
SASKEN.NS,SELL,1906.0,-1.27,-1.04,2.21,,,2056.46,1529.86,2.5,LOW,80
SANGAMIND.NS,HOLD,574.4,-2.71,2.28,1.83,,,547.52,610.24,1.33,LOW,100
RANEHOLDIN.NS,HOLD,1685.6,0.16,5.87,2.15,,,1606.14,1791.54,1.33,LOW,80
HINDOILEXP.NS,BUY,188.0,16.54,18.56,3.16,184.24,191.76,173.76,223.6,2.5,LOW,100
STOVEKRAFT.NS,BUY,833.1,6.06,1.87,2.75,816.44,849.76,766.56,999.44,2.5,LOW,80
GEOJITFSL.NS,HOLD,81.51,2.63,-1.77,1.43,,,77.04,87.47,1.33,LOW,80
IDEAFORGE.NS,SELL,787.4,-6.31,-1.14,2.73,,,851.64,626.79,2.5,LOW,80
RPTECH.NS,SELL,805.2,-0.52,-7.13,3.4,,,897.69,573.99,2.5,LOW,80
ACCELYA.NS,HOLD,1130.3,-0.2,-0.6,0.37,,,1105.58,1163.26,1.33,LOW,60
VENKEYS.NS,BUY,1717.3,12.34,9.49,2.47,1682.95,1751.65,1599.43,2011.98,2.5,LOW,100
TIL.NS,BUY,252.0,9.63,1.67,2.6,246.96,257.04,233.23,298.91,2.5,LOW,80
YASHO.NS,HOLD,4069.8,10.28,-5.54,4.32,,,3741.0,4508.2,1.33,LOW,100
WEL.NS,SELL,68.81,-39.23,-49.38,8.47,,,97.45,-2.8,2.5,LOW,100
DOLLAR.NS,SELL,264.25,-0.92,-3.45,1.63,,,276.66,233.23,2.5,LOW,80
INDIANHUME.NS,HOLD,389.05,2.72,-1.83,2.25,,,365.36,420.64,1.33,LOW,80
DREDGECORP.NS,SELL,1054.2,-2.27,-4.31,3.08,,,1136.77,847.77,2.5,LOW,100
MOL.NS,BUY,67.17,20.6,4.25,3.14,65.83,68.51,60.83,83.03,2.5,LOW,100
DCW.NS,BUY,48.3,3.7,6.43,2.58,47.33,49.27,44.34,58.2,2.5,LOW,100
UGROCAP.NS,SELL,85.39,-8.13,-3.05,1.31,,,90.08,73.68,2.5,LOW,100
THEJO.NS,BUY,2140.4,6.71,5.32,1.79,2097.59,2183.21,1992.6,2509.9,2.5,LOW,100
HITECH.NS,SELL,75.01,-9.7,-7.58,2.99,,,80.37,61.61,2.5,LOW,100
MANGLMCEM.NS,BUY,1077.1,10.93,3.03,2.62,1055.56,1098.64,979.16,1321.96,2.5,LOW,100
AMRUTANJAN.NS,SELL,496.6,-4.72,-4.88,2.63,,,533.56,404.19,2.5,LOW,100
SHRINGARMS.NS,SELL,217.67,-3.2,-4.81,1.22,,,228.97,189.43,2.5,LOW,100
WHEELS.NS,BUY,1894.9,27.15,26.39,2.99,1857.0,1932.8,1734.93,2294.83,2.5,LOW,100
APCOTEXIND.NS,HOLD,617.05,5.41,-0.28,2.17,,,583.15,662.25,1.33,LOW,80
GMBREW.NS,BUY,928.65,1.87,5.79,1.02,910.08,947.22,892.11,1020.01,2.5,LOW,100
VERANDA.NS,SELL,236.27,-2.6,-5.55,3.1,,,257.89,182.22,2.5,LOW,100
PIXTRANS.NS,SELL,1741.5,-3.65,-2.69,1.7,,,1853.3,1462.0,2.5,LOW,100
MOBIKWIK.NS,HOLD,193.71,-4.67,-0.78,1.46,,,186.16,203.78,1.33,LOW,80
UNIPARTS.NS,BUY,899.2,19.33,11.26,2.56,881.22,917.18,830.89,1069.97,2.5,LOW,100
WAAREEINDO.NS,SELL,264.05,-19.8,-5.29,1.55,,,285.6,210.17,2.5,LOW,100
RAJRATAN.NS,HOLD,493.85,-0.33,0.84,1.29,,,469.3,526.59,1.33,LOW,60
EXICOM.NS,BUY,184.0,13.18,15.09,3.63,180.32,187.68,168.66,222.34,2.5,LOW,100
INDNIPPON.NS,HOLD,1103.4,-1.8,2.88,2.32,,,1044.09,1182.49,1.33,LOW,100
VINCOFE.NS,BUY,179.69,12.77,11.68,2.91,176.1,183.28,161.01,226.39,2.5,LOW,100
MUKANDLTD.NS,BUY,137.5,1.12,1.34,1.32,134.75,140.25,130.99,153.77,2.5,LOW,80
SOMANYCERA.NS,BUY,557.85,6.95,1.04,2.0,546.69,569.01,523.14,644.64,2.5,LOW,80
DYCL.NS,BUY,466.3,10.53,7.52,4.83,456.97,475.63,405.84,617.44,2.5,LOW,100
NELCO.NS,HOLD,928.95,-1.24,1.49,3.93,,,877.17,997.99,1.33,LOW,80
DIVGIITTS.NS,HOLD,1169.0,9.3,-4.26,4.39,,,1073.17,1296.77,1.33,LOW,100
MSPL.NS,HOLD,34.87,-4.56,3.23,2.59,,,32.78,37.66,1.33,LOW,100
KERNEX.NS,SELL,1728.0,-17.98,-12.14,5.79,,,1927.87,1228.32,2.5,LOW,100
NITINSPIN.NS,BUY,660.2,15.32,5.86,3.49,647.0,673.4,615.21,772.68,2.5,LOW,100
BGRENERGY.NS,HOLD,261.0,-4.56,11.97,3.63,,,241.15,287.47,1.33,LOW,100
WINDLAS.NS,BUY,1136.0,23.77,14.64,3.09,1113.28,1158.72,1043.42,1367.45,2.5,LOW,100
RAMCOSYS.NS,HOLD,609.5,-10.15,6.92,2.82,,,576.64,653.31,1.33,LOW,100
SPAL.NS,BUY,1042.1,1.4,11.02,3.35,1021.26,1062.94,948.13,1277.03,2.5,LOW,100
GTLINFRA.NS,SELL,1.19,-4.42,-2.46,1.12,,,1.26,1.01,2.5,LOW,100
NIBE.NS,SELL,1331.0,-9.56,-7.44,2.45,,,1439.79,1059.04,2.5,LOW,100
SPIC.NS,BUY,71.73,5.7,3.51,1.25,70.3,73.16,67.9,81.3,2.5,LOW,100
LAXMIDENTL.NS,HOLD,195.81,-7.26,0.42,1.95,,,187.53,206.85,1.33,LOW,80
ASALCBR.NS,SELL,703.15,-8.78,-3.06,1.21,,,734.29,625.31,2.5,LOW,100
SPANDANA.NS,SELL,238.18,-10.4,-1.17,1.48,,,251.04,206.03,2.5,LOW,80
PANAMAPET.NS,BUY,484.35,4.45,1.57,3.21,474.66,494.04,451.12,567.42,2.5,LOW,80
INDOTECH.NS,HOLD,3615.5,2.98,-6.11,2.61,,,3376.07,3934.74,1.33,LOW,100
ALLTIME.NS,HOLD,210.53,-5.65,4.59,1.4,,,198.03,227.2,1.33,LOW,100
VIDHIING.NS,BUY,352.2,11.06,1.94,2.13,345.16,359.24,320.76,430.81,2.5,LOW,80
RHETAN.NS,BUY,28.01,6.18,28.43,8.77,27.45,28.57,24.62,36.49,2.5,LOW,100
WENDT.NS,BUY,8470.0,5.58,2.22,1.82,8300.6,8639.4,7961.71,9740.71,2.5,LOW,100
UNITECH.NS,HOLD,4.09,-3.6,2.0,2.81,,,3.85,4.41,1.33,LOW,80
RMDRIP.NS,BUY,22.81,19.63,23.9,2.66,22.35,23.27,20.91,27.56,2.5,LOW,100
MOTISONS.NS,HOLD,16.35,9.71,-0.67,4.38,,,15.01,18.14,1.33,LOW,80
DEEDEV.NS,BUY,681.6,3.48,7.42,2.71,667.97,695.23,620.19,835.12,2.5,LOW,100
SEPC.NS,SELL,5.36,-11.08,-7.9,1.77,,,5.84,4.16,2.5,LOW,100
ADOR.NS,HOLD,1633.8,10.37,0.52,2.81,,,1520.72,1784.57,1.33,LOW,80
GARUDA.NS,BUY,188.3,5.38,2.97,2.42,184.53,192.07,174.65,222.43,2.5,LOW,100
VINDHYATEL.NS,BUY,2710.8,21.54,13.82,3.01,2656.58,2765.02,2434.56,3401.41,2.5,LOW,100
PRECAM.NS,SELL,122.58,-10.79,-6.0,1.21,,,131.82,99.47,2.5,LOW,100
ASTEC.NS,HOLD,630.6,-0.54,5.58,3.64,,,589.95,684.8,1.33,LOW,80
BETA.NS,SELL,2149.0,-6.42,-6.85,3.17,,,2388.34,1550.64,2.5,LOW,100
FUSION.NS,HOLD,201.0,-4.53,-0.68,2.68,,,189.46,216.39,1.33,LOW,80
TALBROAUTO.NS,BUY,424.25,3.01,3.63,1.92,415.76,432.74,393.73,500.55,2.5,LOW,100
IFGLEXPOR.NS,SELL,199.87,-5.69,-6.36,1.97,,,217.75,155.16,2.5,LOW,100
BLSE.NS,HOLD,317.5,7.8,0.79,1.48,,,301.41,338.95,1.33,LOW,80
BFINVEST.NS,HOLD,453.25,-1.48,0.98,1.66,,,433.47,479.62,1.33,LOW,80
NAVKARCORP.NS,SELL,95.6,-6.52,-1.86,0.85,,,99.84,84.99,2.5,LOW,80
SPMLINFRA.NS,SELL,179.47,-6.6,-4.03,2.23,,,192.32,147.33,2.5,LOW,100
JYOTISTRUC.NS,HOLD,10.57,-3.86,-0.94,1.96,,,10.02,11.3,1.33,LOW,80
JGCHEM.NS,HOLD,609.9,14.58,0.29,3.86,,,556.15,681.56,1.33,LOW,80
GOCLCORP.NS,BUY,439.4,8.39,11.04,2.83,430.61,448.19,413.18,504.95,2.5,LOW,100
HUHTAMAKI.NS,SELL,249.6,-4.32,-8.69,1.91,,,266.96,206.19,2.5,LOW,100
QUICKHEAL.NS,BUY,154.76,0.55,9.98,2.49,151.66,157.86,143.26,183.5,2.5,LOW,80
PNBGILTS.NS,HOLD,81.79,-2.08,4.03,1.76,,,77.42,87.62,1.33,LOW,100
JINDRILL.NS,BUY,666.0,9.92,5.73,3.04,652.68,679.32,618.46,784.84,2.5,LOW,100
DLINKINDIA.NS,SELL,443.7,-2.53,-1.07,2.01,,,470.56,376.56,2.5,LOW,80
BLISSGVS.NS,BUY,710.0,35.0,25.69,2.72,695.8,724.2,641.96,880.11,2.5,LOW,100
SANSTAR.NS,HOLD,109.81,-1.59,3.02,1.65,,,103.99,117.57,1.33,LOW,100
EXPLEOSOL.NS,BUY,886.6,11.09,1.83,3.35,868.87,904.33,829.64,1028.99,2.5,LOW,80
SESHAPAPER.NS,BUY,242.0,5.54,6.53,1.4,237.16,246.84,227.49,278.27,2.5,LOW,100
DEN.NS,SELL,27.71,-1.01,-1.53,1.13,,,29.31,23.7,2.5,LOW,80
TTKHLTCARE.NS,BUY,1140.5,9.48,2.51,2.25,1117.69,1163.31,1042.47,1385.57,2.5,LOW,100
DAMCAPITAL.NS,HOLD,145.87,-3.36,0.61,1.57,,,139.15,154.83,1.33,LOW,80
ARMANFIN.NS,BUY,2014.0,4.41,3.05,2.06,1973.72,2054.28,1882.71,2342.21,2.5,LOW,100
ARIHANTSUP.NS,SELL,235.55,-8.38,-7.08,2.26,,,254.42,188.37,2.5,LOW,100
SATIN.NS,SELL,216.18,-10.12,-3.33,1.41,,,230.46,180.48,2.5,LOW,100
RAMASTEEL.NS,HOLD,4.18,-4.48,2.2,1.99,,,4.05,4.35,1.33,LOW,100
DOLPHIN.NS,BUY,709.0,51.31,15.01,5.03,694.82,723.18,627.48,912.8,2.5,LOW,100
RAJOOENG.NS,BUY,55.44,8.23,11.04,2.35,54.33,56.55,51.32,65.74,2.5,LOW,100
STANLEY.NS,HOLD,136.68,-7.7,0.48,1.9,,,131.07,144.16,1.33,LOW,80
MUFIN.NS,HOLD,136.6,2.68,-1.45,1.16,,,131.63,143.23,1.33,LOW,80
JNKINDIA.NS,HOLD,445.55,-3.09,-0.99,3.13,,,420.96,478.34,1.33,LOW,80
TARSONS.NS,HOLD,324.4,2.73,-6.47,4.55,,,305.37,349.77,1.33,LOW,100
HIMATSEIDE.NS,SELL,68.92,-12.41,-4.82,1.64,,,72.95,58.84,2.5,LOW,100
SOLEX.NS,SELL,726.15,-19.29,-8.8,2.75,,,792.58,560.08,2.5,LOW,100
MMFL.NS,HOLD,620.5,7.54,-2.41,3.21,,,578.18,676.93,1.33,LOW,100
UDS.NS,HOLD,218.65,5.98,-1.11,2.36,,,205.11,236.71,1.33,LOW,80
SYNCOMF.NS,BUY,20.97,37.06,19.42,4.3,20.55,21.39,18.14,28.05,2.5,LOW,100
IGARASHI.NS,SELL,415.95,-7.77,-2.71,1.41,,,438.46,359.66,2.5,LOW,100
TINNARUBR.NS,SELL,1005.0,-3.49,-2.2,2.17,,,1073.46,833.84,2.5,LOW,100
GREENPOWER.NS,SELL,9.15,-6.84,-3.68,0.97,,,9.62,7.98,2.5,LOW,100
PUNJABCHEM.NS,HOLD,1098.6,-1.89,0.31,1.66,,,1039.29,1177.69,1.33,LOW,80
SURAKSHA.NS,BUY,339.05,19.68,4.94,3.85,332.27,345.83,313.1,403.92,2.5,LOW,100
AIMTRON.NS,HOLD,1582.6,6.49,-5.52,2.34,,,1495.57,1698.64,1.33,LOW,100
APOLLOPIPE.NS,HOLD,599.25,11.6,-9.72,3.14,,,560.23,651.28,1.33,LOW,100
SHANTIGOLD.NS,HOLD,263.93,14.7,-2.44,4.23,,,241.48,293.87,1.33,LOW,100
MASTERTR.NS,BUY,94.27,13.85,11.77,3.52,92.38,96.16,84.99,117.47,2.5,LOW,100
IKIO.NS,BUY,213.56,6.0,10.05,4.05,209.29,217.83,193.65,263.32,2.5,LOW,100
AWHCL.NS,SELL,370.95,-11.66,-2.66,1.71,,,387.51,329.56,2.5,LOW,100
STALLION.NS,SELL,212.77,-5.56,-5.5,2.98,,,232.33,163.87,2.5,LOW,100
LGHL.NS,HOLD,176.55,-10.75,-0.93,2.67,,,163.36,194.14,1.33,LOW,80
ECOSMOBLTY.NS,HOLD,112.9,-8.4,1.57,1.89,,,106.94,120.84,1.33,LOW,80
JAGRAN.NS,HOLD,61.81,-1.51,-0.21,0.58,,,60.62,63.39,1.33,LOW,80
RUPA.NS,SELL,141.88,-11.03,-6.55,1.51,,,149.57,122.67,2.5,LOW,100
VINYAS.NS,HOLD,1559.35,11.87,-3.25,4.1,,,1403.94,1766.56,1.33,LOW,100
OMAXE.NS,BUY,128.5,32.81,26.27,6.68,125.93,131.07,107.72,180.46,2.5,LOW,100
SHRIRAMPPS.NS,SELL,74.71,-10.29,-2.76,1.98,,,78.98,64.04,2.5,LOW,100
IVALUE.NS,SELL,238.01,-14.41,-16.24,2.41,,,262.61,176.5,2.5,LOW,100
HESTERBIO.NS,HOLD,2347.0,-0.66,-0.74,2.68,,,2206.33,2534.56,1.33,LOW,60
FINKURVE.NS,HOLD,70.04,4.79,-12.04,5.33,,,62.41,80.21,1.33,LOW,100
QUADFUTURE.NS,HOLD,436.5,10.18,-2.41,5.73,,,394.69,492.24,1.33,LOW,100
HMAAGRO.NS,SELL,20.9,-3.24,-1.79,2.99,,,22.42,17.11,2.5,LOW,80
JAGSNPHARM.NS,BUY,240.19,4.85,1.43,1.55,235.39,244.99,226.05,275.53,2.5,LOW,80
PLATIND.NS,BUY,234.94,3.88,11.74,2.41,230.24,239.64,216.16,281.89,2.5,LOW,100
ORIENTTECH.NS,SELL,232.99,-8.85,-4.63,1.36,,,246.82,198.43,2.5,LOW,100
EKC.NS,SELL,103.5,-6.97,-6.93,1.94,,,108.9,89.99,2.5,LOW,100
ANDHRAPAP.NS,BUY,74.14,20.55,24.27,3.06,72.66,75.62,67.5,90.73,2.5,LOW,100
SALASAR.NS,SELL,5.05,-14.37,-14.55,2.65,,,5.54,3.83,2.5,LOW,100
ESAFSFB.NS,HOLD,40.75,5.04,-6.36,2.45,,,37.99,44.43,1.33,LOW,100
CONFIPET.NS,BUY,84.09,9.09,8.02,3.15,82.41,85.77,75.93,104.49,2.5,LOW,100
SMCGLOBAL.NS,BUY,85.38,9.21,7.09,1.4,83.67,87.09,80.61,97.3,2.5,LOW,100
CENTRUM.NS,SELL,22.4,-6.74,-3.82,2.4,,,23.91,18.62,2.5,LOW,100
DOLATALGO.NS,SELL,69.25,-2.38,-8.02,1.91,,,74.72,55.59,2.5,LOW,100
ROTO.NS,HOLD,66.87,-0.72,4.03,2.09,,,63.6,71.23,1.33,LOW,80
NIITLTD.NS,SELL,95.98,-1.22,-6.53,2.44,,,103.62,76.87,2.5,LOW,100
GPTINFRA.NS,HOLD,112.43,-4.65,-0.8,1.36,,,106.72,120.04,1.33,LOW,80
SURYODAY.NS,SELL,154.4,-7.89,-1.73,2.16,,,164.37,129.47,2.5,LOW,80
BIRLANU.NS,HOLD,1449.3,2.32,-3.57,2.09,,,1378.81,1543.29,1.33,LOW,100
RISHABH.NS,BUY,814.1,23.08,16.37,3.77,797.82,830.38,735.64,1010.24,2.5,LOW,100
PAUSHAKLTD.NS,HOLD,752.75,14.18,0.17,3.04,,,698.38,825.24,1.33,LOW,80
ASIANENE.NS,BUY,563.0,38.63,20.58,5.03,551.74,574.26,504.94,708.14,2.5,LOW,100
GANDHAR.NS,BUY,262.7,13.04,2.37,1.77,257.45,267.95,247.57,300.54,2.5,LOW,100
EXCELINDUS.NS,HOLD,996.7,0.96,-5.73,3.83,,,947.09,1062.85,1.33,LOW,80
BAJAJHCARE.NS,HOLD,332.85,-0.49,3.98,1.52,,,318.6,351.85,1.33,LOW,80
ALICON.NS,HOLD,682.95,0.14,-5.99,2.53,,,648.58,728.78,1.33,LOW,80
DCMSRIND.NS,HOLD,43.84,1.48,-17.38,3.88,,,39.16,50.08,1.33,LOW,100
CLSEL.NS,HOLD,304.55,5.82,-2.62,2.72,,,284.59,331.16,1.33,LOW,100
RAJRILTD.NS,SELL,21.89,-0.72,-3.95,1.31,,,23.33,18.3,2.5,LOW,80
INDORAMA.NS,BUY,71.33,26.31,17.84,3.24,69.9,72.76,62.08,94.46,2.5,LOW,100
PARACABLES.NS,BUY,68.42,4.83,11.2,2.55,67.05,69.79,62.49,83.25,2.5,LOW,100
VPRPL.NS,BUY,36.23,19.04,7.96,4.53,35.51,36.95,32.02,46.76,2.5,LOW,100
SALZERELEC.NS,SELL,553.9,-4.62,-2.28,1.01,,,584.44,477.54,2.5,LOW,100
MANAKCOAT.NS,SELL,120.16,-0.9,-3.66,1.78,,,128.75,98.67,2.5,LOW,80
SIGACHI.NS,BUY,35.55,31.26,16.6,4.46,34.84,36.26,31.38,45.99,2.5,LOW,100
INFOBEAN.NS,HOLD,157.72,-2.5,1.64,2.25,,,145.67,173.78,1.33,LOW,80
ALLDIGI.NS,HOLD,805.15,0.12,-1.19,0.97,,,779.22,839.73,1.33,LOW,60
BLKASHYAP.NS,BUY,56.49,2.55,7.72,2.99,55.36,57.62,50.29,71.98,2.5,LOW,100
SPORTKING.NS,HOLD,215.84,5.35,0.89,2.67,,,200.12,236.8,1.33,LOW,80
GODAVARIB.NS,HOLD,242.52,-6.11,0.69,3.69,,,232.49,255.89,1.33,LOW,80
JARO.NS,SELL,440.55,-6.82,-1.04,2.11,,,470.12,366.62,2.5,LOW,80
SURAJEST.NS,SELL,175.0,-12.16,-10.39,2.04,,,186.62,145.95,2.5,LOW,100
CIFL.NS,HOLD,20.43,-4.06,0.1,1.46,,,19.03,22.3,1.33,LOW,80
UNIECOM.NS,SELL,84.17,-2.75,-2.16,3.23,,,90.77,67.66,2.5,LOW,100
MONTECARLO.NS,BUY,565.25,5.29,3.7,1.8,553.94,576.56,532.6,646.87,2.5,LOW,100
MADRASFERT.NS,SELL,64.86,-3.03,-1.22,1.91,,,69.33,53.67,2.5,LOW,80
HARIOMPIPE.NS,HOLD,363.45,-4.01,4.42,2.26,,,348.39,383.54,1.33,LOW,100
DECCANCE.NS,BUY,568.05,0.58,3.88,1.21,556.69,579.41,533.26,655.03,2.5,LOW,80
SHANKARA.NS,BUY,148.2,5.91,2.33,0.52,145.24,151.16,143.0,161.2,2.5,LOW,100
GNA.NS,HOLD,553.9,5.28,-0.27,1.83,,,525.2,592.17,1.33,LOW,80
RIIL.NS,SELL,728.25,-4.32,-4.62,1.79,,,770.81,621.86,2.5,LOW,100
VMARCIND.NS,HOLD,320.1,2.09,-18.58,5.82,,,288.16,362.69,1.33,LOW,100
SUMEETINDS.NS,SELL,11.34,-48.31,-13.96,3.16,,,12.5,8.43,2.5,LOW,100
IMPAL.NS,HOLD,1093.2,-0.76,0.62,2.06,,,1032.65,1173.93,1.33,LOW,60
IGPL.NS,BUY,581.0,22.75,15.96,2.6,569.38,592.62,536.81,691.46,2.5,LOW,100
TAC.NS,HOLD,433.35,-4.39,3.71,2.46,,,404.95,471.22,1.33,LOW,100
RGL.NS,BUY,147.15,17.76,10.75,5.72,144.21,150.09,129.29,191.79,2.5,LOW,100
BSHSL.NS,BUY,91.26,3.12,3.89,1.54,89.43,93.09,84.29,108.68,2.5,LOW,100
SHREDIGCEM.NS,HOLD,72.49,-1.48,0.24,2.37,,,67.28,79.44,1.33,LOW,80
SIGNPOST.NS,HOLD,266.15,-6.41,1.16,2.58,,,251.27,285.99,1.33,LOW,80
BALAJITELE.NS,HOLD,93.81,4.38,-1.35,2.05,,,88.2,101.29,1.33,LOW,80
HITECHGEAR.NS,HOLD,570.0,-3.63,3.84,1.76,,,537.67,613.1,1.33,LOW,100
ATULAUTO.NS,SELL,459.0,-7.26,-5.44,1.21,,,480.24,405.89,2.5,LOW,100
AGARIND.NS,SELL,434.1,-12.98,-10.64,1.82,,,464.36,358.46,2.5,LOW,100
YUKEN.NS,BUY,1036.45,26.48,11.26,3.21,1015.72,1057.18,942.68,1270.86,2.5,LOW,100
DIFFNKG.NS,BUY,452.4,10.96,13.06,5.01,443.35,461.45,405.44,569.81,2.5,LOW,100
ONEPOINT.NS,BUY,57.01,1.21,3.2,1.45,55.87,58.15,53.65,65.4,2.5,LOW,100
CAPITALSFB.NS,SELL,280.25,-3.61,-1.84,1.1,,,293.61,246.84,2.5,LOW,80
ASIANTILES.NS,HOLD,50.0,-0.64,7.83,2.65,,,47.18,53.77,1.33,LOW,80
RICOAUTO.NS,HOLD,131.96,-1.65,3.62,3.19,,,125.61,140.42,1.33,LOW,100
AURUM.NS,HOLD,226.79,-0.35,-2.32,1.7,,,216.17,240.95,1.33,LOW,80
ADVENTHTL.NS,HOLD,131.78,-7.75,0.6,2.6,,,123.94,142.23,1.33,LOW,80
BUTTERFLY.NS,SELL,614.9,-11.14,-4.34,1.26,,,644.14,541.79,2.5,LOW,100
FAZE3Q.NS,HOLD,496.5,-8.19,0.74,3.52,,,473.07,527.74,1.33,LOW,80
MICEL.NS,HOLD,36.3,-3.2,0.41,2.49,,,34.42,38.81,1.33,LOW,80
BHARATWIRE.NS,SELL,176.14,-10.53,-5.67,1.88,,,187.89,146.77,2.5,LOW,100
VASCONEQ.NS,SELL,29.96,-6.79,-4.13,2.13,,,31.84,25.27,2.5,LOW,100
WALCHANNAG.NS,HOLD,223.49,-3.63,1.58,2.12,,,212.02,238.79,1.33,LOW,80
TEXINFRA.NS,BUY,118.19,5.14,6.36,1.47,115.83,120.55,111.6,134.67,2.5,LOW,100
WCIL.NS,SELL,82.17,-8.89,-4.79,1.4,,,86.51,71.33,2.5,LOW,100
HERANBA.NS,SELL,172.5,-2.14,-3.28,2.5,,,186.93,136.43,2.5,LOW,100
BOROSCI.NS,HOLD,130.16,-10.83,3.06,1.76,,,123.24,139.39,1.33,LOW,100
GPTHEALTH.NS,BUY,163.92,5.17,9.28,1.57,160.64,167.2,155.83,184.15,2.5,LOW,100
IRMENERGY.NS,HOLD,282.0,2.74,0.02,1.47,,,267.61,301.19,1.33,LOW,80
SHREEPUSHK.NS,BUY,523.2,24.96,15.22,3.78,512.74,533.66,466.21,665.68,2.5,LOW,100
MEIL.NS,HOLD,286.8,-0.29,9.86,2.68,,,265.71,314.92,1.33,LOW,80
GTPL.NS,HOLD,58.53,0.0,7.41,3.39,,,55.51,62.55,1.33,LOW,80
ROHLTD.NS,HOLD,305.85,-1.84,0.82,1.45,,,293.87,321.82,1.33,LOW,80
VHL.NS,BUY,3649.9,4.2,7.06,1.44,3576.9,3722.9,3405.94,4259.8,2.5,LOW,100
DSSL.NS,SELL,1065.5,-10.97,-1.35,2.11,,,1148.86,857.11,2.5,LOW,80
TBZ.NS,BUY,555.3,102.73,95.36,8.04,544.19,566.41,490.28,717.84,2.5,LOW,100
BAJAJINDEF.NS,HOLD,220.65,-4.47,2.11,2.33,,,207.69,237.93,1.33,LOW,100
STLNETWORK.NS,BUY,31.82,23.86,24.25,3.44,31.18,32.46,29.12,38.57,2.5,LOW,100
WEALTH.NS,HOLD,843.75,-8.41,-0.72,1.22,,,811.4,886.88,1.33,LOW,80
CONTROLPR.NS,HOLD,598.1,-1.4,-0.28,1.54,,,571.93,632.99,1.33,LOW,80
JINDALPHOT.NS,HOLD,1022.9,-5.54,0.3,1.23,,,966.62,1097.94,1.33,LOW,80
ELECTHERM.NS,SELL,974.0,-6.59,-7.63,1.91,,,1037.96,814.11,2.5,LOW,100
ABINFRA.NS,HOLD,11.34,4.0,-12.36,4.34,,,10.0,13.13,1.33,LOW,100
SRM.NS,SELL,457.4,-6.82,-1.43,2.18,,,495.6,361.9,2.5,LOW,80
VILAS.NS,HOLD,353.7,-3.06,2.48,2.65,,,335.74,377.64,1.33,LOW,100
KROSS.NS,HOLD,206.73,3.52,-1.37,2.33,,,194.91,222.49,1.33,LOW,80
AMNPLST.NS,SELL,169.0,-12.18,-10.54,1.7,,,184.53,130.16,2.5,LOW,100
ZUARI.NS,SELL,227.83,-0.68,-1.8,1.89,,,242.33,191.58,2.5,LOW,60
STEELXIND.NS,BUY,11.8,3.26,8.26,2.1,11.56,12.04,10.82,14.26,2.5,LOW,100
ICEMAKE.NS,HOLD,730.15,-6.95,0.56,2.14,,,699.77,770.66,1.33,LOW,80
KELLTONTEC.NS,HOLD,13.82,-3.85,0.44,2.95,,,12.82,15.15,1.33,LOW,80
RACLGEAR.NS,BUY,1556.2,11.55,2.82,2.04,1525.08,1587.32,1405.79,1932.24,2.5,LOW,100
BLUSPRING.NS,HOLD,128.1,9.42,-3.69,4.82,,,114.83,145.8,1.33,LOW,100
PASHUPATI.NS,SELL,81.2,-5.35,-6.01,0.87,,,85.92,69.39,2.5,LOW,100
MANALIPETC.NS,BUY,90.55,30.39,20.94,4.27,88.74,92.36,80.23,116.35,2.5,LOW,100
DVL.NS,BUY,296.95,15.36,4.7,2.85,291.01,302.89,272.19,358.86,2.5,LOW,100
KRISHNADEF.NS,HOLD,1112.8,-5.15,9.27,3.57,,,1048.6,1198.4,1.33,LOW,100
BCLIND.NS,HOLD,35.92,-0.45,-5.45,1.85,,,34.18,38.24,1.33,LOW,80
DPSCLTD.NS,HOLD,7.18,-1.92,0.98,1.76,,,6.65,7.89,1.33,LOW,80
NELCAST.NS,SELL,114.96,-8.15,-1.04,1.32,,,122.06,97.21,2.5,LOW,80
EIMCOELECO.NS,BUY,2275.5,16.68,1.32,2.83,2229.99,2321.01,2118.76,2667.36,2.5,LOW,80
OAL.NS,BUY,511.75,36.77,51.18,5.62,501.51,521.99,449.58,667.18,2.5,LOW,100
STERTOOLS.NS,HOLD,218.64,-6.04,-0.93,1.67,,,208.76,231.81,1.33,LOW,80
GRPLTD.NS,HOLD,1998.1,1.87,0.76,1.81,,,1901.98,2126.26,1.33,LOW,80
GEMAROMA.NS,SELL,159.21,-12.18,-8.33,2.09,,,171.58,128.29,2.5,LOW,100
EXCELSOFT.NS,SELL,68.9,-9.16,-1.75,1.02,,,72.52,59.84,2.5,LOW,80
PROSTARM.NS,HOLD,136.1,2.24,-1.51,2.3,,,128.41,146.36,1.33,LOW,80
IZMO.NS,HOLD,912.5,-6.66,8.47,3.02,,,847.76,998.82,1.33,LOW,100
ANTELOPUS.NS,BUY,1005.65,20.15,27.85,5.49,985.54,1025.76,903.8,1260.28,2.5,LOW,100
MATRIMONY.NS,HOLD,520.2,10.72,-0.24,3.1,,,494.61,554.31,1.33,LOW,80
SWELECTES.NS,HOLD,589.25,-5.06,-0.8,2.48,,,559.82,628.49,1.33,LOW,80
PDMJEPAPER.NS,BUY,100.75,12.35,12.14,3.76,98.73,102.77,91.1,124.87,2.5,LOW,100
AYMSYNTEX.NS,BUY,321.9,26.11,29.51,3.37,315.46,328.34,285.32,413.35,2.5,LOW,100
OMINFRAL.NS,HOLD,83.38,-3.75,0.72,1.48,,,79.38,88.71,1.33,LOW,80
RNBDENIMS.NS,BUY,10.25,7.68,26.39,3.84,10.04,10.46,9.22,12.82,2.5,LOW,100
VIDYAWIRES.NS,HOLD,89.21,-3.09,3.13,2.3,,,84.56,95.41,1.33,LOW,100
5PAISA.NS,SELL,338.1,-8.49,-11.18,2.17,,,364.31,272.58,2.5,LOW,100
PENINLAND.NS,SELL,15.97,-2.31,-1.84,3.13,,,17.4,12.39,2.5,LOW,80
BIL.NS,BUY,925.3,16.06,10.75,1.88,906.79,943.81,854.23,1102.98,2.5,LOW,100
MAMATA.NS,HOLD,414.75,2.89,-0.66,1.74,,,399.18,435.51,1.33,LOW,80
AFSL.NS,HOLD,202.02,-0.49,0.5,2.18,,,192.64,214.53,1.33,LOW,60
ESTER.NS,SELL,91.52,-0.6,-4.53,2.52,,,97.3,77.06,2.5,LOW,80
TNPL.NS,BUY,161.45,9.75,13.63,2.96,158.22,164.68,151.23,187.01,2.5,LOW,100
GANESHCP.NS,HOLD,169.66,-1.58,4.9,2.1,,,159.49,183.21,1.33,LOW,100
AVTNPL.NS,BUY,89.9,18.07,3.16,4.38,88.1,91.7,80.79,112.69,2.5,LOW,100
KOKUYOCMLN.NS,HOLD,79.4,-5.13,0.37,2.15,,,75.62,84.44,1.33,LOW,80
MAXIND.NS,SELL,148.23,-7.9,-3.98,2.09,,,158.24,123.22,2.5,LOW,100
ANDHRSUGAR.NS,HOLD,98.21,7.64,0.48,2.19,,,91.85,106.7,1.33,LOW,80
CREST.NS,HOLD,361.0,-2.47,-0.89,1.52,,,339.39,389.81,1.33,LOW,80
LINCOLN.NS,BUY,642.45,6.04,4.93,1.61,629.6,655.3,610.9,721.33,2.5,LOW,100
THEMISMED.NS,BUY,132.6,16.58,9.76,4.57,129.95,135.25,117.64,169.99,2.5,LOW,100
CENTENKA.NS,BUY,591.1,5.41,6.92,2.86,579.28,602.92,550.62,692.3,2.5,LOW,100
ARIHANTCAP.NS,BUY,78.15,3.14,2.55,1.98,76.59,79.71,72.24,92.93,2.5,LOW,100
DHANBANK.NS,SELL,31.03,-6.28,-6.31,1.35,,,32.9,26.36,2.5,LOW,100
UNIENTER.NS,SELL,93.99,-4.5,-1.05,1.28,,,100.75,77.09,2.5,LOW,80
SCODATUBES.NS,HOLD,129.74,-7.58,-0.22,2.23,,,122.2,139.79,1.33,LOW,80
INDOFARM.NS,HOLD,144.14,-4.13,3.14,2.25,,,136.29,154.61,1.33,LOW,100
SBC.NS,BUY,46.92,12.79,17.83,2.1,45.98,47.86,44.42,53.16,2.5,LOW,100
GGBL.NS,SELL,222.9,-11.38,-6.48,2.38,,,244.05,170.03,2.5,LOW,100
CEWATER.NS,HOLD,268.55,-7.55,6.08,2.5,,,251.9,290.75,1.33,LOW,100
RADHIKAJWE.NS,BUY,89.8,32.72,34.19,5.37,88.0,91.6,79.32,115.99,2.5,LOW,100
GKWLIMITED.NS,SELL,1583.0,-4.13,-1.12,1.48,,,1675.61,1351.46,2.5,LOW,80
NDTV.NS,SELL,72.74,-5.64,-3.19,1.76,,,77.47,60.9,2.5,LOW,100
INNOVANA.NS,SELL,306.0,-4.99,-4.35,1.94,,,336.36,230.11,2.5,LOW,100
KHAICHEM.NS,HOLD,52.5,0.49,-2.71,4.05,,,48.95,57.23,1.33,LOW,80
FAIRCHEMOR.NS,SELL,618.55,-13.73,-7.68,1.9,,,647.77,545.5,2.5,LOW,100
AEROENTER.NS,BUY,153.37,18.26,9.29,3.39,150.3,156.44,138.36,190.9,2.5,LOW,100
INDOAMIN.NS,BUY,127.23,0.54,2.9,1.94,124.69,129.77,118.28,149.6,2.5,LOW,80
DHARMAJ.NS,BUY,269.7,1.42,3.47,1.34,264.31,275.09,256.97,301.52,2.5,LOW,100
BHARATSE.NS,HOLD,225.85,-0.96,1.61,2.87,,,213.22,242.7,1.33,LOW,60
GALAPREC.NS,SELL,1030.8,-6.21,-5.77,2.47,,,1121.76,803.41,2.5,LOW,100
OSWALGREEN.NS,SELL,20.2,-5.55,-3.81,1.55,,,21.48,17.01,2.5,LOW,100
DENTALKART.NS,BUY,412.0,2.99,4.15,2.43,403.76,420.24,386.54,475.66,2.5,LOW,100
DENTA.NS,HOLD,281.1,-11.95,-0.51,2.06,,,267.08,299.79,1.33,LOW,80
SAHANA.NS,BUY,920.3,8.01,7.88,1.86,901.89,938.71,859.0,1073.55,2.5,LOW,100
LEMERITE.NS,SELL,20.78,-6.54,-7.48,2.0,,,22.81,15.7,2.5,LOW,100
SRHHYPOLTD.NS,BUY,531.95,8.24,11.54,1.94,521.31,542.59,500.24,611.24,2.5,LOW,100
GANDHITUBE.NS,HOLD,896.95,2.51,0.21,2.35,,,871.39,931.04,1.33,LOW,80
CNL.NS,HOLD,1153.6,10.38,-4.04,3.0,,,1067.29,1268.69,1.33,LOW,100
FABTECH.NS,HOLD,148.1,-1.84,0.71,0.75,,,141.55,156.83,1.33,LOW,80
UTTAMSUGAR.NS,HOLD,284.0,9.37,-14.98,4.48,,,250.54,328.62,1.33,LOW,100
XCHANGING.NS,BUY,64.16,2.38,4.97,1.58,62.88,65.44,61.24,71.45,2.5,LOW,100
KRISHIVAL.NS,BUY,416.9,4.59,2.06,3.67,408.56,425.24,394.18,473.7,2.5,LOW,100
JPOLYINVST.NS,HOLD,1007.0,-3.48,6.44,2.56,,,938.35,1098.53,1.33,LOW,100
OSWALAGRO.NS,SELL,36.07,-7.19,-3.01,1.32,,,38.48,30.04,2.5,LOW,100
MVGJL.NS,BUY,213.33,33.23,40.73,5.23,209.06,217.6,189.62,272.61,2.5,LOW,100
KODYTECH.NS,BUY,1569.95,18.43,9.4,1.78,1538.55,1601.35,1458.09,1849.59,2.5,LOW,100
ADSL.NS,SELL,100.3,-11.07,-6.26,0.94,,,106.37,85.12,2.5,LOW,100
HEXATRADEX.NS,BUY,161.8,1.89,2.56,1.31,158.56,165.04,152.31,185.52,2.5,LOW,100
SARTELE.NS,SELL,89.4,-22.47,-15.54,2.71,,,100.04,62.79,2.5,LOW,100
GULPOLY.NS,SELL,183.5,-3.32,-5.76,1.99,,,194.81,155.22,2.5,LOW,100
SILVERTUC.NS,SELL,163.99,-13.78,-8.96,2.04,,,181.87,119.29,2.5,LOW,100
JAYBARMARU.NS,SELL,117.0,-22.49,-7.74,2.53,,,125.44,95.91,2.5,LOW,100
KUANTUM.NS,BUY,79.42,5.37,8.79,2.63,77.83,81.01,73.67,93.79,2.5,LOW,100
TNPETRO.NS,BUY,141.24,33.43,23.67,3.59,138.42,144.06,126.77,177.42,2.5,LOW,100
GICHSGFIN.NS,HOLD,139.8,-4.47,-0.46,1.96,,,134.49,146.88,1.33,LOW,80
PRIMESECU.NS,HOLD,282.25,0.08,2.25,1.46,,,268.11,301.1,1.33,LOW,80
KARNIKA.NS,BUY,118.3,2.02,5.3,1.82,115.93,120.67,110.54,137.69,2.5,LOW,100
IFBAGRO.NS,SELL,888.85,-8.08,-9.37,1.62,,,958.65,714.35,2.5,LOW,100
BIRLAMONEY.NS,HOLD,125.3,-6.81,-0.8,0.89,,,119.71,132.75,1.33,LOW,80
APS.NS,SELL,244.75,-9.35,-5.81,3.0,,,269.85,182.0,2.5,LOW,100
PVSL.NS,SELL,100.8,-3.56,-8.49,3.08,,,111.06,75.15,2.5,LOW,100
NCLIND.NS,HOLD,176.41,-2.24,1.75,1.28,,,169.74,185.3,1.33,LOW,80
BASILIC.NS,HOLD,188.65,-3.92,-0.87,4.43,,,173.44,208.94,1.33,LOW,80
COOLCAPS.NS,BUY,24.5,12.51,20.99,2.96,24.01,24.99,21.74,31.39,2.5,LOW,100
ELIN.NS,SELL,98.21,-2.42,-1.48,2.29,,,105.93,78.91,2.5,LOW,80
SKMEGGPROD.NS,SELL,253.85,-9.62,-2.12,2.13,,,275.59,199.49,2.5,LOW,100
REMUS.NS,HOLD,890.05,10.19,-7.45,2.84,,,834.81,963.71,1.33,LOW,100
VAKRANGEE.NS,SELL,5.63,-5.35,-4.9,1.05,,,5.97,4.77,2.5,LOW,100
ZUARIIND.NS,HOLD,277.45,4.69,-2.85,2.49,,,258.89,302.19,1.33,LOW,100
SAURASHCEM.NS,SELL,56.18,-3.61,-1.33,1.84,,,59.99,46.65,2.5,LOW,80
EVERESTIND.NS,HOLD,420.0,-10.69,-0.1,1.75,,,392.65,456.47,1.33,LOW,80
LIKHITHA.NS,SELL,203.46,-10.34,-3.56,2.88,,,218.19,166.63,2.5,LOW,100
REGAAL.NS,HOLD,87.16,2.01,-8.27,3.15,,,80.75,95.71,1.33,LOW,100
UFBL.NS,SELL,712.05,-2.59,-15.02,3.15,,,802.77,485.25,2.5,LOW,100
TVSELECT.NS,SELL,412.65,-13.29,-6.02,1.02,,,437.44,350.67,2.5,LOW,100
ABCOTS.NS,HOLD,208.99,1.18,0.27,2.6,,,193.63,229.46,1.33,LOW,80
MACPOWER.NS,HOLD,1858.9,16.3,-5.32,3.98,,,1688.94,2085.51,1.33,LOW,100
BESTAGRO.NS,BUY,19.7,13.3,11.24,3.5,19.31,20.09,17.82,24.39,2.5,LOW,100
TEMBO.NS,BUY,58.7,2.04,4.26,1.98,57.53,59.87,53.55,71.58,2.5,LOW,100
VALIANTORG.NS,BUY,342.4,18.71,16.9,3.57,335.55,349.25,311.19,420.44,2.5,LOW,100
KABRAEXTRU.NS,BUY,666.6,50.24,9.43,4.16,653.27,679.93,595.91,843.31,2.5,LOW,100
ARROWGREEN.NS,BUY,803.9,12.56,16.38,3.1,787.82,819.98,737.96,968.76,2.5,LOW,100
DISHTV.NS,SELL,2.53,-10.9,-8.33,1.33,,,2.68,2.17,2.5,LOW,100
CCCL.NS,SELL,14.2,-9.37,-6.02,1.99,,,15.1,11.96,2.5,LOW,100
TVTODAY.NS,HOLD,111.97,-4.43,-0.3,1.58,,,105.64,120.4,1.33,LOW,80
KOTHARIPET.NS,BUY,146.0,8.08,8.75,3.47,143.08,148.92,135.15,173.13,2.5,LOW,100
CHEMFAB.NS,SELL,361.75,-1.61,-1.48,1.8,,,396.49,274.9,2.5,LOW,80
SANDESH.NS,BUY,1055.0,3.88,2.02,1.34,1033.9,1076.1,977.11,1249.73,2.5,LOW,100
DHAMPURSUG.NS,HOLD,169.82,8.85,-5.51,3.68,,,153.25,191.91,1.33,LOW,100
ANUHPHR.NS,BUY,96.49,22.09,24.87,3.44,94.56,98.42,88.42,116.68,2.5,LOW,100
BLAL.NS,SELL,161.86,-7.3,-3.79,0.62,,,168.0,146.52,2.5,LOW,100
MAHASTEEL.NS,BUY,1300.0,29.65,10.57,2.79,1274.0,1326.0,1161.99,1645.04,2.5,LOW,100
SVLL.NS,BUY,801.0,7.1,3.22,1.2,784.98,817.02,764.59,892.02,2.5,LOW,100
VIVIANA.NS,BUY,765.4,3.37,5.28,2.3,750.09,780.71,703.21,920.86,2.5,LOW,100
SUYOG.NS,SELL,721.6,-12.59,-3.32,1.67,,,780.87,573.42,2.5,LOW,100
MUNJALAU.NS,HOLD,112.91,5.76,0.2,4.84,,,105.9,122.25,1.33,LOW,80
AVADHSUGAR.NS,HOLD,826.9,31.54,-0.64,3.83,,,747.58,932.66,1.33,LOW,80
NGLFINE.NS,SELL,2787.0,-10.57,-2.7,4.75,,,3106.83,1987.43,2.5,LOW,100
SNOWMAN.NS,SELL,37.0,-1.22,-1.57,1.27,,,38.88,32.31,2.5,LOW,80
DHUNINV.NS,BUY,1029.45,8.73,6.36,4.85,1008.86,1050.04,916.7,1311.32,2.5,LOW,100
JITFINFRA.NS,SELL,307.1,-7.3,-2.92,2.13,,,331.94,244.99,2.5,LOW,100
KRYSTAL.NS,BUY,653.1,5.88,1.98,2.97,640.04,666.16,589.12,813.05,2.5,LOW,80
ORICONENT.NS,SELL,53.73,-2.65,-5.64,2.08,,,58.79,41.07,2.5,LOW,100
STEL.NS,HOLD,610.0,6.14,-1.23,2.47,,,566.52,667.98,1.33,LOW,80
SGIL.NS,BUY,599.25,1.81,4.06,2.87,587.26,611.24,556.1,707.12,2.5,LOW,100
WANBURY.NS,SELL,248.9,-12.21,-6.87,2.76,,,267.14,203.29,2.5,LOW,100
CHEMCON.NS,BUY,200.0,6.4,3.66,1.41,196.0,204.0,188.55,228.63,2.5,LOW,100
VLSFINANCE.NS,SELL,245.02,-3.45,-1.28,1.21,,,255.56,218.66,2.5,LOW,80
BHAGERIA.NS,BUY,335.0,51.95,50.0,3.05,328.3,341.7,307.0,405.0,2.5,LOW,100
ASAL.NS,SELL,470.0,-6.9,-4.03,1.32,,,497.66,400.86,2.5,LOW,100
ARFIN.NS,BUY,91.26,4.52,7.97,2.79,89.43,93.09,84.07,109.25,2.5,LOW,100
SARLAPOLY.NS,HOLD,100.26,-0.18,0.24,1.43,,,95.71,106.33,1.33,LOW,60
COFFEEDAY.NS,BUY,33.3,7.18,10.34,2.98,32.63,33.97,29.87,41.87,2.5,LOW,100
BIGBLOC.NS,SELL,41.37,-9.33,-3.52,1.19,,,44.23,34.23,2.5,LOW,100
GKSL.NS,BUY,175.92,25.86,15.33,2.78,172.4,179.44,161.53,211.89,2.5,LOW,100
OWAIS.NS,HOLD,80.45,-12.87,31.56,4.07,,,75.54,87.0,1.33,LOW,100
ZTECH.NS,SELL,476.3,-11.44,-3.66,2.23,,,508.03,396.98,2.5,LOW,100
AMBIKCO.NS,SELL,1635.9,-3.49,-1.58,1.17,,,1714.0,1440.65,2.5,LOW,80
UNITEDPOLY.NS,BUY,42.49,29.31,10.68,2.38,41.64,43.34,37.48,55.02,2.5,LOW,100
VHLTD.NS,HOLD,120.75,-3.66,3.09,2.5,,,114.97,128.45,1.33,LOW,100
ADVANCE.NS,SELL,115.99,-0.68,-1.7,1.64,,,125.34,92.61,2.5,LOW,60
INDOBORAX.NS,BUY,509.55,17.3,4.54,3.97,499.36,519.74,448.86,661.28,2.5,LOW,100
RATNAVEER.NS,BUY,297.2,36.59,9.98,3.6,291.26,303.14,259.8,390.69,2.5,LOW,100
SAKAR.NS,BUY,1148.35,29.19,27.67,4.57,1125.38,1171.32,1035.36,1430.81,2.5,LOW,100
ELDEHSG.NS,HOLD,793.45,0.51,-3.89,2.16,,,743.83,859.61,1.33,LOW,80
NINSYS.NS,SELL,709.9,-10.42,-1.02,1.14,,,762.69,577.92,2.5,LOW,80
MALLCOM.NS,HOLD,995.4,-1.35,2.7,2.13,,,932.36,1079.45,1.33,LOW,100
BODALCHEM.NS,BUY,177.65,125.64,114.27,5.49,174.1,181.2,154.21,236.25,2.5,LOW,100
MUKKA.NS,BUY,30.66,24.75,18.84,3.79,30.05,31.27,27.53,38.49,2.5,LOW,100
TECHLABS.NS,HOLD,115.2,-7.8,1.45,2.38,,,106.21,127.19,1.33,LOW,80
MUFTI.NS,HOLD,74.08,-7.16,-0.48,1.86,,,70.6,78.73,1.33,LOW,80
KAMATHOTEL.NS,BUY,229.21,20.49,1.45,3.91,224.63,233.79,202.06,297.1,2.5,LOW,80
SATIA.NS,BUY,68.01,14.99,17.44,2.62,66.65,69.37,62.94,80.69,2.5,LOW,100
DWARKESH.NS,HOLD,47.83,6.8,-12.94,4.64,,,41.86,55.79,1.33,LOW,100
KECL.NS,SELL,122.12,-5.85,-7.18,1.98,,,132.98,94.96,2.5,LOW,100
NAHARSPING.NS,SELL,279.35,-2.41,-6.25,1.67,,,301.03,225.15,2.5,LOW,100
KAMDHENU.NS,BUY,40.39,17.57,16.84,2.3,39.58,41.2,36.44,50.27,2.5,LOW,100
RITCO.NS,BUY,323.1,10.76,2.59,2.61,316.64,329.56,299.28,382.65,2.5,LOW,100
APEX.NS,SELL,374.0,-3.87,-5.52,4.11,,,400.13,308.68,2.5,LOW,100
KOPRAN.NS,BUY,242.78,23.87,25.22,3.17,237.92,247.64,217.72,305.43,2.5,LOW,100
MAGADSUGAR.NS,HOLD,564.3,7.37,-6.11,3.37,,,515.67,629.14,1.33,LOW,100
ATL.NS,HOLD,26.0,7.46,-5.76,3.74,,,23.7,29.07,1.33,LOW,100
PATELRMART.NS,SELL,216.5,-3.32,-5.05,2.32,,,232.66,176.11,2.5,LOW,100
20MICRONS.NS,BUY,220.51,8.95,3.4,2.68,216.1,224.92,200.68,270.09,2.5,LOW,100
RUBYMILLS.NS,BUY,450.3,17.81,14.92,2.72,441.29,459.31,406.94,558.71,2.5,LOW,100
GHCLTEXTIL.NS,BUY,132.36,11.8,6.56,2.79,129.71,135.01,120.91,161.0,2.5,LOW,100
ESFL.NS,HOLD,120.75,-0.32,-0.98,2.79,,,113.96,129.8,1.33,LOW,60
PROZONER.NS,BUY,48.83,11.51,17.04,2.84,47.85,49.81,43.78,61.46,2.5,LOW,100
STCINDIA.NS,SELL,114.03,-4.54,-6.45,1.49,,,120.87,96.94,2.5,LOW,100
TREL.NS,HOLD,27.29,5.84,1.0,1.75,,,25.43,29.77,1.33,LOW,80
LINC.NS,HOLD,99.01,-2.79,2.91,1.6,,,94.77,104.67,1.33,LOW,100
MVKAGRO.NS,HOLD,236.35,-21.97,33.31,5.12,,,221.16,256.61,1.33,LOW,100
KSOLVES.NS,SELL,267.45,-4.55,-2.55,1.57,,,284.14,225.72,2.5,LOW,100
LAXMIINDIA.NS,BUY,130.57,5.67,4.04,3.55,127.96,133.18,116.69,165.26,2.5,LOW,100
GEECEE.NS,HOLD,369.7,4.11,0.82,1.23,,,354.4,390.1,1.33,LOW,80
RUSHIL.NS,SELL,16.12,-3.4,-3.63,1.64,,,17.36,13.01,2.5,LOW,100
NBIFIN.NS,HOLD,1973.1,-4.69,-0.75,1.06,,,1876.97,2101.27,1.33,LOW,80
HLVLTD.NS,SELL,6.37,-9.85,-2.45,1.46,,,6.8,5.3,2.5,LOW,100
THEINVEST.NS,HOLD,96.39,-0.96,-0.3,1.78,,,91.41,103.03,1.33,LOW,60
PVP.NS,BUY,64.18,67.25,24.99,5.29,62.9,65.46,54.7,87.89,2.5,LOW,100
PPL.NS,BUY,271.25,0.7,1.02,1.57,265.82,276.68,255.46,310.73,2.5,LOW,60
RSWM.NS,BUY,219.55,6.6,12.19,2.44,215.16,223.94,204.02,258.38,2.5,LOW,100
DMCC.NS,BUY,293.15,6.2,3.92,2.34,287.29,299.01,270.1,350.79,2.5,LOW,100
SHIVALIK.NS,BUY,313.9,22.18,15.61,3.73,307.62,320.18,279.83,399.08,2.5,LOW,100
RKSWAMY.NS,SELL,93.78,-5.28,-1.4,1.97,,,99.8,78.74,2.5,LOW,80
NAHARPOLY.NS,SELL,239.62,-4.76,-1.48,1.5,,,256.37,197.74,2.5,LOW,80
VENUSREM.NS,SELL,1628.0,-2.71,-3.49,2.94,,,1788.64,1226.39,2.5,LOW,100
SUBEXLTD.NS,BUY,18.7,30.76,2.47,5.18,18.33,19.07,16.17,25.02,2.5,LOW,100
SARVESHWAR.NS,BUY,4.03,15.69,17.15,4.59,3.95,4.11,3.77,4.67,2.5,LOW,100
REPRO.NS,HOLD,320.4,-8.58,2.71,2.77,,,302.9,343.74,1.33,LOW,100
ZEEMEDIA.NS,SELL,7.87,-4.39,-15.56,5.83,,,8.83,5.48,2.5,LOW,100
SEJALLTD.NS,SELL,659.2,-7.67,-3.93,2.18,,,712.19,526.72,2.5,LOW,100
GLOSTERLTD.NS,HOLD,609.8,-5.6,2.48,1.47,,,583.87,644.38,1.33,LOW,100
MINDTECK.NS,HOLD,169.0,-10.56,-0.05,1.79,,,160.65,180.13,1.33,LOW,80
AHCL.NS,BUY,15.62,3.36,1.23,2.23,15.31,15.93,14.4,18.66,2.5,LOW,80
NRAIL.NS,BUY,625.05,30.36,20.95,4.68,612.55,637.55,575.17,749.75,2.5,LOW,100
HARDWYN.NS,HOLD,9.14,-23.24,0.44,3.35,,,8.7,9.72,1.33,LOW,80
DREAMFOLKS.NS,SELL,65.43,-3.91,-4.82,1.75,,,70.12,53.7,2.5,LOW,100
CELLECOR.NS,HOLD,32.85,-3.19,4.62,2.62,,,30.44,36.06,1.33,LOW,100
ONWARDTEC.NS,BUY,290.0,1.38,1.29,1.3,284.2,295.8,273.85,330.38,2.5,LOW,80
SHREERAMA.NS,HOLD,42.99,2.55,-5.12,3.64,,,39.75,47.31,1.33,LOW,100
ACL.NS,SELL,43.24,-8.78,-3.5,1.17,,,45.77,36.9,2.5,LOW,100
JAYAGROGN.NS,BUY,241.06,9.84,5.44,2.61,236.24,245.88,221.45,290.09,2.5,LOW,100
ACCENTMIC.NS,BUY,617.8,14.58,2.11,1.45,605.44,630.16,586.93,694.98,2.5,LOW,100
APTECHT.NS,SELL,89.48,-5.42,-1.62,1.07,,,94.78,76.22,2.5,LOW,80
MANBA.NS,HOLD,131.0,-2.27,1.49,1.18,,,125.58,138.23,1.33,LOW,80
MAANALU.NS,SELL,115.42,-3.94,-3.04,1.66,,,125.07,91.3,2.5,LOW,100
EMKAY.NS,BUY,263.2,5.97,6.99,2.21,257.94,268.46,242.08,316.0,2.5,LOW,100
URJA.NS,SELL,9.13,-2.87,-1.62,0.78,,,9.58,8.01,2.5,LOW,80
IRIS.NS,BUY,254.42,1.6,5.11,2.83,249.33,259.51,231.07,312.79,2.5,LOW,100
VISAKAIND.NS,HOLD,93.41,7.84,0.97,2.17,,,87.67,101.06,1.33,LOW,80
MODIS.NS,HOLD,379.7,0.24,0.12,2.59,,,358.66,407.75,1.33,LOW,60
MMP.NS,BUY,479.25,46.93,22.22,4.81,469.66,488.84,423.44,618.78,2.5,LOW,100
HINDCOMPOS.NS,SELL,393.0,-7.38,-4.4,0.83,,,420.07,325.32,2.5,LOW,100
PARSVNATH.NS,HOLD,1.63,-12.29,18.98,1.84,,,1.59,1.68,1.33,LOW,100
ENIL.NS,HOLD,101.94,-2.68,0.92,1.65,,,96.17,109.63,1.33,LOW,80
PAKKA.NS,HOLD,78.37,3.28,-3.54,5.81,,,71.65,87.33,1.33,LOW,100
GFLLIMITED.NS,BUY,62.56,25.42,12.9,3.77,61.31,63.81,56.51,77.69,2.5,LOW,100
MENONBE.NS,BUY,306.0,34.27,17.26,3.61,299.88,312.12,270.01,395.97,2.5,LOW,100
CSLFINANCE.NS,BUY,242.56,8.69,7.79,1.93,237.71,247.41,225.01,286.42,2.5,LOW,100
GCSL.NS,BUY,602.0,16.85,17.54,4.07,589.96,614.04,558.06,711.86,2.5,LOW,100
CHEVIOT.NS,BUY,1225.0,7.96,5.03,1.81,1200.5,1249.5,1162.36,1381.61,2.5,LOW,100
SCHAND.NS,SELL,134.2,-6.31,-1.37,1.43,,,142.53,113.36,2.5,LOW,80
KILITCH.NS,BUY,187.0,3.08,12.05,2.84,183.26,190.74,172.02,224.46,2.5,LOW,100
KRITI.NS,SELL,61.55,-8.06,-5.47,1.38,,,68.2,44.91,2.5,LOW,100
DBEIL.NS,HOLD,7.11,-2.59,9.38,3.14,,,6.53,7.88,1.33,LOW,100
INDSWFTLAB.NS,BUY,391.0,43.73,19.47,6.44,383.18,398.82,348.36,497.6,2.5,LOW,100
VERTOZ.NS,HOLD,37.8,1.75,-1.56,2.16,,,34.94,41.61,1.33,LOW,80
FOODSIN.NS,BUY,57.25,2.1,5.63,2.99,56.1,58.4,52.87,68.2,2.5,LOW,100
SICALLOG.NS,HOLD,101.8,0.12,1.42,3.84,,,92.41,114.32,1.33,LOW,60
MWL.NS,SELL,38.36,-0.8,-5.96,1.62,,,41.68,30.05,2.5,LOW,80
ASIANHOTNR.NS,BUY,410.0,29.65,36.17,3.99,401.8,418.2,367.92,515.2,2.5,LOW,100
GANESHBE.NS,BUY,132.11,16.91,8.3,3.42,129.47,134.75,119.34,164.05,2.5,LOW,100
IGCL.NS,HOLD,72.13,-0.21,0.75,0.88,,,69.44,75.72,1.33,LOW,60
BORANA.NS,BUY,323.35,1.95,5.76,2.36,316.88,329.82,300.35,380.85,2.5,LOW,100
TIRUPATI.NS,SELL,308.0,-23.26,-7.23,1.94,,,324.14,267.64,2.5,LOW,100
SHALPAINTS.NS,HOLD,85.1,19.54,0.41,3.34,,,79.84,92.11,1.33,LOW,80
SBGLP.NS,HOLD,24.3,-2.27,0.62,2.47,,,21.8,27.63,1.33,LOW,80
TOLINS.NS,SELL,91.59,-8.83,-5.14,1.31,,,96.59,79.1,2.5,LOW,100
ONMOBILE.NS,SELL,49.15,-21.37,-12.01,1.14,,,51.37,43.59,2.5,LOW,100
GLOTTIS.NS,SELL,58.34,-11.59,-13.77,1.75,,,62.34,48.34,2.5,LOW,100
IRISDOREME.NS,BUY,60.87,17.23,5.68,2.16,59.65,62.09,56.1,72.8,2.5,LOW,100
NILASPACES.NS,HOLD,12.58,1.44,-1.33,2.16,,,11.51,14.01,1.33,LOW,80
GIRIRAJ.NS,SELL,74.65,-18.65,-10.6,4.62,,,83.49,52.54,2.5,LOW,100
SILINV.NS,HOLD,468.05,6.8,-3.04,2.13,,,436.6,509.98,1.33,LOW,100
SPECIALITY.NS,SELL,133.99,-1.27,-7.7,3.45,,,148.36,98.06,2.5,LOW,100
GPECO.NS,BUY,441.55,6.49,16.5,2.77,432.72,450.38,408.12,525.12,2.5,LOW,100
OCCLLTD.NS,BUY,163.16,10.29,3.82,2.21,159.9,166.42,151.5,192.31,2.5,LOW,100
MOS.NS,SELL,7.55,-34.99,-36.29,4.0,,,8.61,4.91,2.5,LOW,100
SUTLEJTEX.NS,BUY,40.35,5.15,4.97,1.52,39.54,41.16,37.37,47.81,2.5,LOW,100
RPPINFRA.NS,SELL,54.28,-9.9,-6.06,2.16,,,58.56,43.57,2.5,LOW,100
PYRAMID.NS,SELL,152.62,-8.79,-6.74,1.41,,,161.32,130.88,2.5,LOW,100
PRIMO.NS,SELL,20.5,-10.83,-1.44,2.83,,,22.47,15.57,2.5,LOW,80
FOCUS.NS,SELL,62.22,-14.1,-9.35,1.75,,,67.83,48.19,2.5,LOW,100
SJLOGISTIC.NS,SELL,315.7,-3.27,-10.71,2.57,,,344.56,243.54,2.5,LOW,100
TARACHAND.NS,SELL,47.88,-8.63,-1.34,1.37,,,50.79,40.6,2.5,LOW,80
CONSOFINVT.NS,BUY,305.0,11.64,12.86,2.51,298.9,311.1,282.72,360.7,2.5,LOW,100
KRONOX.NS,HOLD,177.0,8.04,-13.81,7.29,,,154.22,207.37,1.33,LOW,100
RADIANTCMS.NS,BUY,41.97,10.66,17.69,3.16,41.13,42.81,37.87,52.22,2.5,LOW,100
BAHETI.NS,BUY,846.0,11.48,3.79,1.33,829.08,862.92,797.51,967.21,2.5,LOW,100
HMVL.NS,SELL,81.1,-11.23,-10.3,2.24,,,88.73,62.02,2.5,LOW,100
KAYA.NS,BUY,370.0,26.82,5.76,4.96,362.6,377.4,327.09,477.27,2.5,LOW,100
ESSARSHPNG.NS,HOLD,16.84,-13.67,-0.82,3.54,,,15.49,18.64,1.33,LOW,80
INTLCONV.NS,BUY,80.1,3.72,4.49,2.06,78.5,81.7,74.16,94.94,2.5,LOW,100
EMAMIPAP.NS,BUY,118.08,14.5,4.2,2.04,115.72,120.44,109.37,139.86,2.5,LOW,100
ZODIAC.NS,SELL,236.12,-7.06,-3.94,2.92,,,258.23,180.85,2.5,LOW,100
EIFFL.NS,HOLD,263.55,-11.79,1.38,3.07,,,249.01,282.94,1.33,LOW,80
DIGISPICE.NS,HOLD,16.71,-7.96,0.24,1.48,,,15.81,17.92,1.33,LOW,80
SURAJLTD.NS,SELL,204.79,-6.56,-2.25,2.41,,,222.14,161.42,2.5,LOW,100
MBLINFRA.NS,HOLD,23.55,-4.98,-0.55,2.19,,,21.54,26.23,1.33,LOW,80
COMSYN.NS,BUY,298.2,28.02,3.12,2.09,292.24,304.16,267.5,374.95,2.5,LOW,100
PRECOT.NS,HOLD,689.6,-9.71,2.9,2.95,,,635.61,761.59,1.33,LOW,100
VINSYS.NS,BUY,597.0,9.74,1.19,0.94,585.06,608.94,577.83,644.93,2.5,LOW,80
TPLPLASTEH.NS,SELL,67.81,-13.01,-14.9,2.5,,,75.54,48.47,2.5,LOW,100
ALLETEC.NS,BUY,137.25,2.15,14.61,2.94,134.5,140.0,125.44,166.77,2.5,LOW,100
RBZJEWEL.NS,BUY,183.8,23.33,27.07,6.28,180.12,187.48,156.2,252.81,2.5,LOW,100
HILINFRA.NS,SELL,43.77,-3.38,-5.87,1.82,,,46.46,37.06,2.5,LOW,100
RAMAPHO.NS,BUY,125.15,0.51,3.65,1.48,122.65,127.65,117.53,144.21,2.5,LOW,80
ORIENTPPR.NS,BUY,18.61,7.25,10.12,2.72,18.24,18.98,17.28,21.92,2.5,LOW,100
GVKPIL.NS,SELL,2.13,-10.24,-3.18,1.38,,,2.24,1.84,2.5,LOW,100
LIBERTSHOE.NS,SELL,227.1,-11.08,-6.85,1.58,,,239.91,195.09,2.5,LOW,100
KNAGRI.NS,SELL,202.0,-3.7,-8.68,2.77,,,219.71,157.73,2.5,LOW,100
ANNAPURNA.NS,HOLD,141.0,0.72,-4.73,3.32,,,128.8,157.27,1.33,LOW,80
BELLACASA.NS,HOLD,241.03,-0.97,5.17,2.92,,,223.12,264.9,1.33,LOW,80
BMWVENTLTD.NS,SELL,55.0,-4.43,-3.58,0.84,,,58.05,47.38,2.5,LOW,100
PARIN.NS,HOLD,716.3,0.23,1.32,0.91,,,684.9,758.16,1.33,LOW,60
KAPSTON.NS,BUY,568.0,17.08,10.89,4.12,556.64,579.36,522.29,682.27,2.5,LOW,100
ADVANIHOTR.NS,SELL,49.2,-3.78,-2.26,1.27,,,51.6,43.2,2.5,LOW,100
DBOL.NS,HOLD,125.74,9.58,-2.11,2.55,,,115.81,138.98,1.33,LOW,100
TRACXN.NS,HOLD,29.67,-0.62,0.34,1.6,,,28.52,31.21,1.33,LOW,60
MUNJALSHOW.NS,SELL,128.95,-2.2,-2.15,1.62,,,134.99,113.86,2.5,LOW,100
SREEL.NS,BUY,277.25,20.69,11.03,3.04,271.7,282.8,251.35,341.99,2.5,LOW,100
ORBTEXP.NS,BUY,237.65,0.54,1.44,2.64,232.9,242.4,221.44,278.17,2.5,LOW,60
MAZDA.NS,BUY,264.5,13.67,13.99,2.11,259.21,269.79,244.36,314.85,2.5,LOW,100
GUJAPOLLO.NS,SELL,343.45,-2.72,-1.7,2.24,,,374.94,264.74,2.5,LOW,80
TRANSWORLD.NS,HOLD,170.0,3.31,-10.98,2.69,,,161.86,180.85,1.33,LOW,100
PTL.NS,HOLD,38.78,-1.71,0.36,0.66,,,37.68,40.25,1.33,LOW,80
DPEL.NS,BUY,578.75,3.36,1.46,2.02,567.17,590.33,551.93,645.8,2.5,LOW,80
EFFWA.NS,HOLD,360.0,-0.62,4.93,3.15,,,335.24,393.01,1.33,LOW,80
MEGATHERM.NS,BUY,228.75,7.49,4.91,3.94,224.17,233.33,204.81,288.59,2.5,LOW,100
AVONMORE.NS,BUY,14.01,22.29,4.24,2.95,13.73,14.29,12.55,17.66,2.5,LOW,100
WSI.NS,SELL,59.87,-2.95,-3.2,2.21,,,64.59,48.07,2.5,LOW,100
SUPREMEPWR.NS,HOLD,222.6,2.41,-4.13,5.16,,,203.78,247.69,1.33,LOW,100
SUKHJITS.NS,HOLD,159.98,-2.05,0.02,1.14,,,152.88,169.44,1.33,LOW,80
MGEL.NS,BUY,15.62,0.6,7.72,2.64,15.31,15.93,14.23,19.11,2.5,LOW,80
CGRAPHICS.NS,HOLD,147.6,4.27,0.41,2.84,,,136.72,162.11,1.33,LOW,80
DONEAR.NS,BUY,89.4,4.38,5.7,2.19,87.61,91.19,83.03,105.33,2.5,LOW,100
TERASOFT.NS,SELL,272.0,-25.03,-9.78,2.96,,,307.19,184.04,2.5,LOW,100
MODISONLTD.NS,BUY,495.85,46.39,19.53,4.29,485.93,505.77,431.99,655.49,2.5,LOW,100
VINYLINDIA.NS,SELL,227.45,-6.62,-4.76,1.17,,,240.31,195.31,2.5,LOW,100
DICIND.NS,BUY,625.55,15.58,5.66,3.95,613.04,638.06,568.35,768.55,2.5,LOW,100
CPEDU.NS,HOLD,193.7,-2.17,1.32,2.77,,,179.05,213.23,1.33,LOW,80
EUROBOND.NS,SELL,152.5,-5.06,-3.55,1.65,,,167.72,114.46,2.5,LOW,100
MIRZAINT.NS,SELL,30.92,-8.98,-4.27,1.08,,,32.98,25.77,2.5,LOW,100
ATMASTCO.NS,SELL,139.5,-8.43,-4.68,2.63,,,152.37,107.32,2.5,LOW,100
CLEDUCATE.NS,HOLD,59.79,1.79,-5.0,2.29,,,55.07,66.09,1.33,LOW,100
PAVNAIND.NS,SELL,16.15,-8.58,-11.36,3.07,,,18.59,10.06,2.5,LOW,100
SOFTTECH.NS,BUY,436.0,3.24,4.02,1.64,427.28,444.72,412.28,495.3,2.5,LOW,100
NAHARINDUS.NS,HOLD,136.45,11.19,-7.55,5.0,,,124.22,152.75,1.33,LOW,100
CYBERTECH.NS,HOLD,137.59,-0.73,2.17,1.2,,,132.36,144.56,1.33,LOW,80
MEDICAMEQ.NS,BUY,278.0,13.79,19.04,3.82,272.44,283.56,248.74,351.15,2.5,LOW,100
PANACHE.NS,HOLD,520.0,10.59,-5.2,2.25,,,493.59,555.21,1.33,LOW,100
HCL-INSYS.NS,SELL,10.14,-10.73,-7.99,1.4,,,11.05,7.86,2.5,LOW,100
MODINATUR.NS,HOLD,350.4,-10.46,-0.95,3.13,,,325.35,383.8,1.33,LOW,80
ABSMARINE.NS,BUY,337.9,40.66,36.53,3.69,331.14,344.66,304.82,420.6,2.5,LOW,100
KOTHARIPRO.NS,SELL,66.33,-2.92,-3.2,1.23,,,70.86,55.0,2.5,LOW,100
HTMEDIA.NS,SELL,25.6,-1.17,-5.99,1.98,,,27.73,20.27,2.5,LOW,100
VRAJ.NS,HOLD,121.35,-2.08,-0.1,1.29,,,116.13,128.31,1.33,LOW,80
UGARSUGAR.NS,HOLD,53.75,16.88,-3.43,5.27,,,46.89,62.9,1.33,LOW,100
XTGLOBAL.NS,BUY,31.25,4.24,10.31,3.1,30.62,31.88,27.54,40.54,2.5,LOW,100
SINCLAIR.NS,BUY,85.47,11.94,13.48,1.84,83.76,87.18,78.61,102.63,2.5,LOW,100
DAVANGERE.NS,SELL,1.95,-36.43,-32.06,5.17,,,2.35,0.95,2.5,LOW,100
HIGREEN.NS,SELL,124.0,-8.51,-6.56,2.27,,,133.21,100.98,2.5,LOW,100
MOLDTECH.NS,BUY,222.15,37.35,14.74,3.36,217.71,226.59,201.32,274.22,2.5,LOW,100
PREMIERPOL.NS,BUY,91.0,18.09,2.11,4.17,89.18,92.82,79.61,119.49,2.5,LOW,100
ARIES.NS,BUY,497.3,28.71,8.33,4.79,487.35,507.25,435.51,651.78,2.5,LOW,100
NDL.NS,HOLD,2.98,19.31,-3.25,5.62,,,2.71,3.34,1.33,LOW,100
SIGMA.NS,HOLD,47.7,9.6,-1.61,1.74,,,43.67,53.07,1.33,LOW,80
SAHAJSOLAR.NS,SELL,99.95,-12.98,-7.75,1.85,,,108.17,79.4,2.5,LOW,100
NAHARCAP.NS,BUY,259.0,2.44,1.28,1.16,253.82,264.18,244.98,294.06,2.5,LOW,80
SPENCERS.NS,SELL,29.0,-11.22,-5.17,1.43,,,31.51,22.72,2.5,LOW,100
POLYSIL.NS,HOLD,70.4,-25.11,27.88,4.96,,,65.35,77.14,1.33,LOW,100
ORIENTCER.NS,HOLD,44.31,4.74,-0.07,3.01,,,40.68,49.14,1.33,LOW,80
PLASTIBLEN.NS,BUY,193.78,2.95,2.46,1.58,189.9,197.66,181.19,225.25,2.5,LOW,100
BIRLACABLE.NS,BUY,339.9,41.15,25.42,4.43,333.1,346.7,307.75,420.29,2.5,LOW,100
LORDSCHLO.NS,HOLD,138.03,-1.5,4.37,2.45,,,129.25,149.74,1.33,LOW,100
AMANTA.NS,HOLD,201.86,16.16,-1.61,3.15,,,191.88,215.17,1.33,LOW,80
GSLSU.NS,SELL,28.75,-7.56,-8.44,4.62,,,32.79,18.64,2.5,LOW,100
THOMASCOTT.NS,SELL,255.45,-15.74,-8.47,3.96,,,275.96,204.16,2.5,LOW,100
KANPRPLA.NS,HOLD,238.55,6.17,-13.56,4.89,,,213.65,271.75,1.33,LOW,100
NRL.NS,BUY,126.15,14.34,5.12,1.56,123.63,128.67,120.68,139.83,2.5,LOW,100
MCLEODRUSS.NS,SELL,45.73,-10.94,-8.38,2.5,,,50.24,34.46,2.5,LOW,100
MUTHOOTCAP.NS,HOLD,235.02,0.1,-5.39,1.25,,,218.64,256.86,1.33,LOW,80
PANSARI.NS,SELL,296.0,-10.22,-9.74,1.81,,,333.96,201.11,2.5,LOW,100
MONEYBOXX.NS,HOLD,56.95,-4.01,1.7,1.97,,,52.08,63.44,1.33,LOW,80
SOUTHWEST.NS,HOLD,221.25,-1.14,1.5,2.68,,,208.3,238.51,1.33,LOW,80
ALBERTDAVD.NS,HOLD,856.8,12.42,-3.59,1.86,,,815.24,912.21,1.33,LOW,100
SRD.NS,HOLD,39.62,1.17,-2.75,2.72,,,37.44,42.52,1.33,LOW,100
SRGHFL.NS,SELL,241.75,-15.14,-5.57,1.92,,,259.51,197.34,2.5,LOW,100
RAMANEWS.NS,BUY,33.95,10.69,6.66,2.78,33.27,34.63,30.51,42.55,2.5,LOW,100
KRITINUT.NS,HOLD,82.5,0.75,-6.97,2.54,,,75.75,91.5,1.33,LOW,80
CHEMBONDCH.NS,HOLD,266.5,6.48,-2.71,2.95,,,244.85,295.37,1.33,LOW,100
TIRUPATIFL.NS,HOLD,69.56,0.05,-1.65,2.26,,,64.23,76.67,1.33,LOW,60
PCCL.NS,BUY,425.15,41.74,21.44,2.38,416.65,433.65,384.37,527.1,2.5,LOW,100
RBMINFRA.NS,SELL,236.9,-9.0,-2.29,3.62,,,260.97,176.72,2.5,LOW,100
VALIANTLAB.NS,BUY,114.13,50.98,13.54,3.85,111.85,116.41,100.82,147.39,2.5,LOW,100
EMAMIREAL.NS,SELL,67.5,-11.17,-3.68,1.96,,,72.7,54.49,2.5,LOW,100
MANAKSIA.NS,BUY,68.41,18.12,17.75,2.57,67.04,69.78,63.61,80.41,2.5,LOW,100
NOVAAGRI.NS,SELL,23.38,-2.33,-3.87,2.43,,,25.51,18.07,2.5,LOW,100
SWARAJ.NS,HOLD,358.0,1.1,-3.91,1.19,,,341.43,380.1,1.33,LOW,100
MANORG.NS,HOLD,493.5,-2.01,2.71,2.2,,,458.33,540.4,1.33,LOW,100
REMSONSIND.NS,BUY,98.72,16.86,19.57,4.27,96.75,100.69,88.1,125.26,2.5,LOW,100
TIGERLOGS.NS,SELL,27.82,-7.23,-8.79,2.8,,,31.0,19.87,2.5,LOW,100
GLOBECIVIL.NS,BUY,45.79,7.75,8.71,3.11,44.87,46.71,41.24,57.16,2.5,LOW,100
KHADIM.NS,BUY,114.0,12.16,11.93,2.95,111.72,116.28,105.04,136.4,2.5,LOW,100
PASUPTAC.NS,BUY,66.8,9.15,9.03,2.03,65.46,68.14,61.82,79.24,2.5,LOW,100
ASHIMASYN.NS,HOLD,17.35,1.99,-5.45,2.36,,,15.74,19.5,1.33,LOW,100
BANSWRAS.NS,SELL,114.73,-6.85,-5.64,2.04,,,124.45,90.43,2.5,LOW,100
FILATFASH.NS,HOLD,0.18,-1.1,0.0,0.0,,,0.16,0.2,1.33,LOW,80
S&SPOWER.NS,BUY,350.7,5.48,6.69,4.9,343.69,357.71,305.52,463.65,2.5,LOW,100
HPAL.NS,BUY,35.63,2.66,3.28,4.5,34.92,36.34,32.57,43.28,2.5,LOW,100
RUBFILA.NS,HOLD,70.54,-0.8,6.48,3.1,,,66.23,76.29,1.33,LOW,80
GENUSPAPER.NS,BUY,13.03,9.31,17.18,2.95,12.77,13.29,11.75,16.24,2.5,LOW,100
DENORA.NS,HOLD,816.0,-5.19,-0.77,1.39,,,775.19,870.41,1.33,LOW,80
ORIENTBELL.NS,BUY,419.45,23.2,10.47,2.77,411.06,427.84,380.84,515.97,2.5,LOW,100
RHL.NS,HOLD,169.7,-1.2,0.41,1.56,,,161.73,180.33,1.33,LOW,80
TICL.NS,SELL,7.8,-23.68,-17.98,2.12,,,8.78,5.35,2.5,LOW,100
SPCENET.NS,HOLD,3.52,-0.53,4.14,2.89,,,3.26,3.86,1.33,LOW,80
JKIPL.NS,SELL,96.35,-3.72,-7.71,2.73,,,105.47,73.56,2.5,LOW,100
BEDMUTHA.NS,HOLD,108.1,-1.44,-0.37,2.46,,,100.95,117.63,1.33,LOW,80
INFOLLION.NS,HOLD,159.8,-2.22,0.76,1.91,,,152.23,169.9,1.33,LOW,80
WELINV.NS,BUY,2320.8,20.45,9.31,2.62,2274.38,2367.22,2139.87,2773.12,2.5,LOW,100
NILAINFRA.NS,SELL,6.82,-5.48,-1.73,0.89,,,7.18,5.93,2.5,LOW,80
UNIDT.NS,BUY,232.0,3.59,5.56,1.98,227.36,236.64,209.25,288.89,2.5,LOW,100
VISHNUINFR.NS,HOLD,158.0,-0.27,3.57,3.41,,,147.79,171.61,1.33,LOW,80
AVPINFRA.NS,SELL,58.25,-6.83,-1.6,2.55,,,63.7,44.63,2.5,LOW,80
DEVX.NS,SELL,33.71,-1.78,-3.49,2.84,,,37.49,24.25,2.5,LOW,100
AARON.NS,SELL,125.02,-2.75,-8.86,1.98,,,135.03,100.01,2.5,LOW,100
GICL.NS,HOLD,23.55,17.69,-1.42,1.83,,,21.99,25.63,1.33,LOW,80
GOKUL.NS,HOLD,42.89,5.34,-3.31,2.09,,,39.51,47.4,1.33,LOW,100
GOACARBON.NS,BUY,388.75,3.44,10.53,1.54,380.97,396.53,367.96,440.73,2.5,LOW,100
RUCHIRA.NS,BUY,112.5,6.15,8.75,2.16,110.25,114.75,106.98,126.31,2.5,LOW,100
SHIVAUM.NS,BUY,461.05,7.58,3.79,1.54,451.83,470.27,435.04,526.09,2.5,LOW,100
PHANTOMFX.NS,SELL,116.85,-25.46,-8.78,5.95,,,131.27,80.8,2.5,LOW,100
MANAKSTEEL.NS,BUY,105.0,27.21,20.16,2.83,102.9,107.1,96.0,127.51,2.5,LOW,100
AARTISURF.NS,HOLD,539.0,13.36,-0.98,4.13,,,485.79,609.94,1.33,LOW,80
SAKUMA.NS,HOLD,1.64,-1.44,0.61,3.7,,,1.5,1.83,1.33,LOW,80
ASMS.NS,HOLD,7.0,-1.45,0.14,1.45,,,6.6,7.54,1.33,LOW,80
VIKASLIFE.NS,HOLD,1.28,-2.3,5.79,2.37,,,1.2,1.39,1.33,LOW,100
BBTCL.NS,HOLD,227.7,1.26,-5.49,2.91,,,211.96,248.69,1.33,LOW,100
MAHEPC.NS,SELL,103.52,-5.9,-2.97,0.93,,,109.04,89.71,2.5,LOW,100
GOLDKART.NS,HOLD,102.0,-9.75,21.43,3.18,,,98.42,106.77,1.33,LOW,100
DYNPRO.NS,HOLD,230.1,-3.81,0.68,2.74,,,213.78,251.86,1.33,LOW,80
IL&FSENGG.NS,HOLD,36.0,9.16,0.0,2.52,,,33.83,38.89,1.33,LOW,80
INFINIUM.NS,BUY,264.0,18.84,15.92,4.51,258.72,269.28,233.75,339.63,2.5,LOW,100
FCSSOFT.NS,SELL,1.44,-3.86,-2.04,2.44,,,1.56,1.15,2.5,LOW,100
ZIMLAB.NS,BUY,127.0,7.08,2.46,4.05,124.46,129.54,112.36,163.61,2.5,LOW,100
APCL.NS,HOLD,101.18,-1.98,-0.29,1.48,,,96.37,107.6,1.33,LOW,80
SUMIT.NS,HOLD,50.76,0.14,0.07,1.97,,,46.27,56.75,1.33,LOW,60
SHREEKARNI.NS,HOLD,380.2,-3.97,8.12,4.74,,,350.36,419.99,1.33,LOW,100
ROSSELLIND.NS,HOLD,56.7,-1.41,-0.12,2.97,,,51.22,64.0,1.33,LOW,80
BCONCEPTS.NS,HOLD,170.9,-5.31,6.61,2.14,,,157.38,188.93,1.33,LOW,100
VARDMNPOLY.NS,SELL,5.9,-5.82,-1.67,1.16,,,6.37,4.73,2.5,LOW,80
INM.NS,SELL,148.0,-12.18,-9.78,1.57,,,152.3,137.25,2.5,LOW,100
SYSTANGO.NS,BUY,225.25,2.89,3.49,2.68,220.75,229.75,206.9,271.12,2.5,LOW,100
OILCOUNTUB.NS,BUY,63.4,7.97,6.7,2.41,62.13,64.67,58.63,75.31,2.5,LOW,100
VGL.NS,SELL,53.0,-12.31,-2.91,2.78,,,60.13,35.17,2.5,LOW,100
3IINFOLTD.NS,HOLD,22.5,2.75,-8.24,3.04,,,20.87,24.67,1.33,LOW,100
IITL.NS,HOLD,147.91,5.22,-4.45,2.22,,,134.98,165.14,1.33,LOW,100
DCI.NS,SELL,301.2,-7.15,-21.56,4.87,,,360.53,152.88,2.5,LOW,100
INSPIRISYS.NS,SELL,88.0,-9.24,-5.41,3.28,,,97.49,64.29,2.5,LOW,100
WTICAB.NS,HOLD,104.15,-9.33,1.86,2.7,,,97.33,113.25,1.33,LOW,80
SHIVAMAUTO.NS,HOLD,17.05,-2.23,4.6,2.89,,,15.6,18.99,1.33,LOW,100
GINNIFILA.NS,SELL,42.6,-9.69,-4.89,1.7,,,45.53,35.27,2.5,LOW,100
PROV.NS,BUY,1910.0,10.3,3.52,2.09,1871.8,1948.2,1860.0,2035.0,2.5,LOW,100
MEDICO.NS,SELL,39.36,-6.73,-6.35,2.79,,,43.71,28.49,2.5,LOW,100
BALAJEE.NS,SELL,25.71,-6.5,-3.31,1.25,,,27.49,21.26,2.5,LOW,100
RCOM.NS,BUY,0.89,6.33,9.88,2.57,0.87,0.91,0.84,1.01,2.5,LOW,100
BROOKS.NS,BUY,67.55,3.31,9.52,3.1,66.2,68.9,62.03,81.36,2.5,LOW,100
NDGL.NS,BUY,2800.0,1.6,3.32,2.3,2744.0,2856.0,2557.79,3405.54,2.5,LOW,100
LOKESHMACH.NS,BUY,352.75,6.37,10.17,3.67,345.69,359.81,307.91,464.84,2.5,LOW,100
NECLIFE.NS,BUY,12.1,8.8,12.87,3.73,11.86,12.34,10.75,15.48,2.5,LOW,100
EXXARO.NS,BUY,6.54,2.34,6.51,5.19,6.41,6.67,5.69,8.66,2.5,LOW,100
BPL.NS,HOLD,48.8,-8.27,-0.61,1.77,,,45.9,52.67,1.33,LOW,80
TRF.NS,HOLD,233.1,-0.18,1.35,1.07,,,226.09,242.45,1.33,LOW,60
HALEOSLABS.NS,SELL,1481.0,-2.73,-1.97,1.6,,,1585.89,1218.79,2.5,LOW,80
HARRMALAYA.NS,SELL,190.41,-8.34,-5.12,2.93,,,205.93,151.61,2.5,LOW,100
MANCREDIT.NS,HOLD,224.6,-3.68,0.88,3.32,,,206.51,248.72,1.33,LOW,80
ASAHISONG.NS,BUY,388.9,17.54,3.39,2.8,381.12,396.68,358.77,464.22,2.5,LOW,100
GLOBAL.NS,BUY,123.77,17.89,15.13,2.38,121.29,126.25,112.39,152.21,2.5,LOW,100
URAVIDEF.NS,HOLD,113.53,-0.58,5.94,2.84,,,105.6,124.1,1.33,LOW,80
RACE.NS,SELL,97.6,-8.4,-3.79,1.93,,,107.12,73.81,2.5,LOW,100
EFACTOR.NS,SELL,173.0,-3.29,-14.78,2.6,,,192.23,124.93,2.5,LOW,100
KANORICHEM.NS,BUY,158.12,6.88,2.23,1.65,154.96,161.28,143.13,195.58,2.5,LOW,100
MARKOLINES.NS,BUY,177.35,1.6,3.71,1.14,173.8,180.9,167.94,200.88,2.5,LOW,100
ALANKIT.NS,HOLD,8.08,0.46,-0.37,1.43,,,7.63,8.68,1.33,LOW,60
GEEKAYWIRE.NS,BUY,29.58,23.63,33.19,3.51,28.99,30.17,26.03,38.47,2.5,LOW,100
SKP.NS,HOLD,151.5,-2.79,-0.33,2.41,,,144.43,160.93,1.33,LOW,80
CMNL.NS,BUY,115.75,10.3,5.28,4.01,113.44,118.06,105.44,141.52,2.5,LOW,100
VLEGOV.NS,HOLD,10.41,-2.88,2.06,2.85,,,9.64,11.44,1.33,LOW,100
DPWIRES.NS,SELL,154.0,-8.37,-2.75,1.27,,,164.98,126.56,2.5,LOW,100
MASON.NS,SELL,113.9,-5.94,-5.04,2.12,,,124.11,88.36,2.5,LOW,100
VIKASECO.NS,HOLD,1.06,-6.13,0.0,1.69,,,1.01,1.12,1.33,LOW,80
BHAGYANGR.NS,HOLD,392.05,1.49,0.8,2.73,,,368.67,423.22,1.33,LOW,80
KCPSUGIND.NS,HOLD,31.95,11.9,-5.14,2.24,,,29.12,35.73,1.33,LOW,100
MAWANASUG.NS,HOLD,143.49,17.77,-0.13,3.93,,,127.42,164.92,1.33,LOW,80
APOLSINHOT.NS,HOLD,1207.0,-1.06,0.47,1.43,,,1146.0,1288.33,1.33,LOW,80
BYKE.NS,HOLD,32.4,-1.04,2.4,2.01,,,30.38,35.09,1.33,LOW,100
SSDL.NS,HOLD,57.33,2.07,-0.23,4.86,,,54.16,61.55,1.33,LOW,80
VARDHACRLC.NS,BUY,43.5,1.29,2.43,1.46,42.63,44.37,41.18,49.29,2.5,LOW,100
SHRADHA.NS,SELL,31.12,-6.45,-5.55,1.15,,,34.42,22.86,2.5,LOW,100
MANOMAY.NS,BUY,233.16,13.75,8.57,1.57,228.5,237.82,216.64,274.47,2.5,LOW,100
LYKALABS.NS,BUY,81.51,17.03,8.55,1.8,79.88,83.14,77.37,91.86,2.5,LOW,100
AVG.NS,SELL,165.08,-16.6,-12.18,1.6,,,177.76,133.38,2.5,LOW,100
AFFORDABLE.NS,HOLD,166.99,-6.12,0.69,3.04,,,155.67,182.09,1.33,LOW,80
NIPPOBATRY.NS,SELL,325.0,-1.91,-1.44,1.18,,,346.46,271.34,2.5,LOW,80
ATLANTAA.NS,HOLD,38.5,-0.12,1.32,2.81,,,35.83,42.05,1.33,LOW,60
FROG.NS,BUY,257.65,26.36,19.42,2.08,252.5,262.8,238.38,305.83,2.5,LOW,100
ALMONDZ.NS,BUY,19.37,33.98,27.02,3.56,18.98,19.76,17.32,24.49,2.5,LOW,100
SINTERCOM.NS,BUY,83.3,3.52,1.93,2.69,81.63,84.97,73.68,107.35,2.5,LOW,80
GOLDTECH.NS,SELL,48.0,-11.88,-4.34,2.58,,,52.67,36.31,2.5,LOW,100
PPAP.NS,SELL,255.0,-9.56,-3.02,2.21,,,275.84,202.91,2.5,LOW,100
HITECHCORP.NS,BUY,337.0,3.92,1.61,0.58,330.26,343.74,321.13,376.68,2.5,LOW,80
NATHBIOGEN.NS,SELL,152.7,-4.08,-1.25,1.18,,,160.39,133.48,2.5,LOW,80
VMSTMT.NS,SELL,44.51,-3.67,-5.68,1.58,,,47.42,37.24,2.5,LOW,100
SHERA.NS,BUY,182.3,8.54,2.04,2.49,178.65,185.95,165.43,224.48,2.5,LOW,100
DIAMINESQ.NS,HOLD,242.32,-3.06,1.54,1.44,,,231.71,256.46,1.33,LOW,80
VIPCLOTHNG.NS,SELL,20.2,-6.97,-2.74,1.56,,,21.77,16.27,2.5,LOW,100
TREJHARA.NS,HOLD,146.81,-0.03,-6.02,2.24,,,134.31,163.48,1.33,LOW,80
AXITA.NS,HOLD,8.0,6.33,0.25,1.55,,,7.55,8.6,1.33,LOW,80
AUTOIND.NS,SELL,86.79,-3.77,-3.43,4.19,,,97.5,60.01,2.5,LOW,100
SAAKSHI.NS,BUY,317.3,6.97,11.06,2.79,310.95,323.65,291.3,382.3,2.5,LOW,100
AFIL.NS,SELL,9.1,-4.64,-9.45,2.23,,,9.96,6.95,2.5,LOW,100
JAINAM.NS,SELL,203.5,-14.71,-13.03,1.62,,,208.03,192.18,2.5,LOW,100
A2ZINFRA.NS,HOLD,15.57,5.94,-3.11,2.49,,,14.4,17.13,1.33,LOW,100
SHEMAROO.NS,HOLD,126.2,1.37,-0.25,2.32,,,118.27,136.77,1.33,LOW,80
RVHL.NS,HOLD,40.0,-7.93,0.2,2.26,,,36.32,44.9,1.33,LOW,80
SOMATEX.NS,HOLD,86.08,-9.36,-0.82,3.18,,,78.58,96.08,1.33,LOW,80
PRAMARA.NS,SELL,102.25,-16.91,-14.61,3.82,,,117.28,64.68,2.5,LOW,100
NAGAFERT.NS,SELL,2.05,-20.57,-9.29,1.95,,,2.08,1.97,2.5,LOW,100
GRETEX.NS,SELL,237.0,-18.08,-21.0,2.32,,,246.21,213.96,2.5,LOW,100
SUPREME.NS,SELL,37.44,-14.03,-5.62,2.19,,,41.6,27.03,2.5,LOW,100
PRIZOR.NS,BUY,1200.4,32.67,23.53,2.75,1176.39,1224.41,1130.21,1375.86,2.5,LOW,100
OMFREIGHT.NS,SELL,88.02,-5.61,-5.96,1.39,,,95.24,69.97,2.5,LOW,100
PILITA.NS,SELL,7.8,-8.82,-2.74,1.77,,,8.57,5.89,2.5,LOW,100
UNIHEALTH.NS,HOLD,724.0,0.48,-3.61,2.59,,,679.12,783.84,1.33,LOW,80
BAFNAPH.NS,BUY,307.75,22.17,20.9,3.12,301.59,313.91,286.59,360.66,2.5,LOW,100
KRISHCA.NS,SELL,161.85,-2.74,-6.01,3.02,,,174.8,129.48,2.5,LOW,100
GLOBALVECT.NS,SELL,139.58,-9.78,-6.38,1.46,,,148.89,116.3,2.5,LOW,100
GOYALSALT.NS,SELL,105.0,-7.07,-3.45,2.14,,,109.43,93.93,2.5,LOW,100
SUNDRMBRAK.NS,SELL,748.0,-6.49,-5.29,2.46,,,813.41,584.46,2.5,LOW,100
CINELINE.NS,BUY,96.83,13.41,7.17,1.92,94.89,98.77,89.65,114.77,2.5,LOW,100
KCEIL.NS,SELL,79.1,-7.43,-6.61,3.24,,,86.58,60.4,2.5,LOW,100
AIRAN.NS,BUY,17.42,13.74,14.83,3.13,17.07,17.77,15.99,21.01,2.5,LOW,100
DJML.NS,SELL,73.91,-27.92,-14.97,6.25,,,89.38,35.24,2.5,LOW,100
STARTECK.NS,SELL,246.85,-6.36,-2.04,1.51,,,269.44,190.37,2.5,LOW,100
DELPHIFX.NS,SELL,5.91,-16.5,-8.94,1.49,,,6.68,4.0,2.5,LOW,100
MODIRUBBER.NS,HOLD,129.9,2.53,0.41,3.91,,,116.34,147.98,1.33,LOW,80
ELGIRUBCO.NS,SELL,57.13,-1.65,-3.77,2.26,,,63.07,42.28,2.5,LOW,100
SHREYANIND.NS,HOLD,134.0,-0.21,8.27,2.2,,,126.15,144.47,1.33,LOW,80
SAHYADRI.NS,BUY,379.45,18.98,8.03,3.76,371.86,387.04,341.78,473.62,2.5,LOW,100
OSIAHYPER.NS,SELL,2.48,-13.21,-9.16,3.11,,,2.77,1.76,2.5,LOW,100
PODDARMENT.NS,BUY,320.0,26.61,26.48,5.77,313.6,326.4,293.58,386.05,2.5,LOW,100
UFO.NS,SELL,64.68,-4.43,-1.54,1.32,,,69.35,53.0,2.5,LOW,80
DCMNVL.NS,BUY,183.41,13.51,6.73,2.57,179.74,187.08,164.99,229.46,2.5,LOW,100
UCAL.NS,BUY,147.44,15.19,4.47,4.38,144.49,150.39,132.53,184.73,2.5,LOW,100
UYFINCORP.NS,HOLD,20.0,7.77,-0.45,2.72,,,18.5,22.0,1.33,LOW,80
YASHOPTICS.NS,BUY,123.75,6.16,7.19,2.21,121.27,126.23,114.99,145.64,2.5,LOW,100
GSMFOILS.NS,HOLD,111.15,-39.71,20.49,5.07,,,101.88,123.51,1.33,LOW,100
INDOUS.NS,SELL,78.5,-6.56,-5.18,2.13,,,88.63,53.18,2.5,LOW,100
VSTL.NS,BUY,123.5,10.86,10.73,1.41,121.03,125.97,115.08,144.55,2.5,LOW,100
JAYSREETEA.NS,HOLD,93.92,5.61,-9.43,3.32,,,85.02,105.79,1.33,LOW,100
UNIVPHOTO.NS,BUY,540.0,22.54,20.24,3.41,529.2,550.8,499.49,641.29,2.5,LOW,100
UNIVASTU.NS,HOLD,165.4,23.18,0.57,3.59,,,149.51,186.58,1.33,LOW,80
KOTYARK.NS,SELL,32.2,-9.69,-9.35,3.77,,,35.88,22.99,2.5,LOW,100
ZEELEARN.NS,SELL,6.72,-17.42,-15.89,2.06,,,7.4,5.01,2.5,LOW,100
TRANSTEEL.NS,SELL,75.9,-29.27,-17.95,5.03,,,87.27,47.47,2.5,LOW,100
NDLVENTURE.NS,HOLD,124.0,-1.95,0.8,2.1,,,115.79,134.95,1.33,LOW,80
CCHHL.NS,HOLD,12.73,0.19,-1.7,1.87,,,11.88,13.87,1.33,LOW,60
MEGASTAR.NS,SELL,298.0,-10.36,-3.64,1.87,,,317.99,248.02,2.5,LOW,100
SURANAT&P.NS,HOLD,16.36,-6.63,0.8,1.43,,,15.53,17.47,1.33,LOW,80
TAKE.NS,SELL,15.23,-26.25,-19.03,3.73,,,17.15,10.44,2.5,LOW,100
RVTH.NS,BUY,769.95,6.05,5.05,1.89,754.55,785.35,714.97,907.4,2.5,LOW,100
TTL.NS,BUY,6.7,3.96,6.35,2.17,6.57,6.83,5.89,8.73,2.5,LOW,100
RADIOCITY.NS,SELL,6.15,-4.23,-5.82,1.06,,,6.7,4.76,2.5,LOW,100
PRITIKAUTO.NS,SELL,15.16,-13.27,-13.96,1.73,,,16.65,11.42,2.5,LOW,100
VIRINCHI.NS,SELL,14.3,-7.17,-7.92,1.54,,,15.9,10.3,2.5,LOW,100
CHAVDA.NS,HOLD,124.5,3.74,-9.22,1.92,,,119.03,131.8,1.33,LOW,100
DUGLOBAL.NS,HOLD,25.55,-6.55,7.35,3.92,,,23.88,27.78,1.33,LOW,100
RBS.NS,HOLD,88.1,4.03,-4.24,2.66,,,82.59,95.44,1.33,LOW,100
MADHAVBAUG.NS,SELL,160.5,-12.88,-5.56,2.63,,,169.62,137.7,2.5,LOW,100
SCPL.NS,BUY,663.0,11.94,1.75,2.5,649.74,676.26,601.49,816.77,2.5,LOW,80
KDL.NS,HOLD,92.45,-12.45,4.52,5.64,,,81.96,106.44,1.33,LOW,100
PRATHAM.NS,HOLD,119.0,0.18,-0.87,1.85,,,113.07,126.91,1.33,LOW,60
REPL.NS,SELL,61.05,-5.69,-3.87,2.41,,,68.97,41.25,2.5,LOW,100
IPSL.NS,HOLD,215.0,-5.59,-0.46,1.02,,,210.27,221.3,1.33,LOW,80
KAMOPAINTS.NS,SELL,4.44,-4.08,-3.9,1.74,,,5.02,2.98,2.5,LOW,100
TCL.NS,HOLD,123.0,0.87,-13.53,3.58,,,110.61,139.51,1.33,LOW,80
SUPREMEINF.NS,HOLD,85.21,0.84,-1.33,2.36,,,79.42,92.93,1.33,LOW,60
STARPAPER.NS,BUY,160.11,9.05,9.73,2.19,156.91,163.31,146.86,193.24,2.5,LOW,100
NURECA.NS,BUY,322.85,7.22,7.47,2.77,316.39,329.31,289.62,405.92,2.5,LOW,100
FELIX.NS,BUY,210.2,14.26,17.56,2.85,206.0,214.4,195.32,247.4,2.5,LOW,100
IVC.NS,BUY,9.91,17.65,22.35,2.51,9.71,10.11,8.94,12.32,2.5,LOW,100
ANLON.NS,HOLD,670.0,5.01,0.0,4.0,,,646.56,701.25,1.33,LOW,80
RUDRA.NS,HOLD,20.1,6.47,-7.2,4.34,,,18.48,22.26,1.33,LOW,100
ESCONET.NS,BUY,238.6,52.97,29.11,7.62,233.83,243.37,204.76,323.21,2.5,LOW,100
KOTARISUG.NS,HOLD,29.45,7.54,-24.8,6.3,,,25.01,35.36,1.33,LOW,100
DUCOL.NS,HOLD,108.0,0.05,1.22,2.44,,,102.87,114.84,1.33,LOW,60
SADHNANIQ.NS,SELL,2.77,-2.51,-6.1,1.91,,,2.88,2.5,2.5,LOW,100
GILLANDERS.NS,BUY,104.0,11.78,1.7,2.55,101.92,106.08,92.32,133.21,2.5,LOW,80
COASTCORP.NS,SELL,40.19,-12.88,-2.76,2.13,,,43.47,32.0,2.5,LOW,100
AHLEAST.NS,SELL,138.0,-3.19,-3.64,1.88,,,147.81,113.47,2.5,LOW,100
SAKHTISUG.NS,HOLD,19.9,9.43,-8.42,4.17,,,17.96,22.49,1.33,LOW,100
ZODIACLOTH.NS,SELL,71.84,-5.79,-2.52,0.99,,,76.39,60.48,2.5,LOW,100
KMSUGAR.NS,HOLD,30.22,3.65,-11.25,4.15,,,26.98,34.54,1.33,LOW,100
DRCSYSTEMS.NS,HOLD,13.0,-2.83,0.08,2.4,,,12.08,14.23,1.33,LOW,80
OMAXAUTO.NS,SELL,175.4,-14.93,-8.69,2.09,,,192.63,132.34,2.5,LOW,100
INTENTECH.NS,HOLD,80.02,-8.33,-0.27,2.32,,,73.66,88.5,1.33,LOW,80
COMMITTED.NS,HOLD,345.0,1.39,0.0,2.52,,,333.99,359.68,1.33,LOW,80
PIGL.NS,SELL,97.0,-9.75,-5.27,1.46,,,105.77,75.09,2.5,LOW,100
KALYANIFRG.NS,BUY,975.65,43.27,43.52,7.5,956.14,995.16,809.8,1390.27,2.5,LOW,100
MKPL.NS,SELL,4.0,-6.73,-3.85,0.79,,,4.22,3.46,2.5,LOW,100
ARIHANTACA.NS,BUY,498.25,6.01,7.15,2.92,488.28,508.22,470.02,568.82,2.5,LOW,100
PONNIERODE.NS,HOLD,379.45,10.46,-10.05,3.9,,,339.46,432.77,1.33,LOW,100
MURUDCERA.NS,SELL,29.15,-5.29,-4.89,0.96,,,31.26,23.88,2.5,LOW,100
CPCAP.NS,BUY,138.0,19.21,15.63,5.16,135.24,140.76,122.27,177.34,2.5,LOW,100
AERONEU.NS,SELL,76.21,-11.0,-6.1,2.57,,,86.65,50.12,2.5,LOW,100
GENCON.NS,HOLD,41.92,1.47,0.84,4.58,,,37.43,47.91,1.33,LOW,80
SALSTEEL.NS,BUY,80.4,24.76,4.33,4.49,78.79,82.01,70.69,104.68,2.5,LOW,100
NIRAJ.NS,HOLD,28.89,-0.52,2.41,1.8,,,26.95,31.48,1.33,LOW,80
ATALREAL.NS,SELL,21.2,-32.51,-37.02,6.4,,,25.36,10.79,2.5,LOW,100
SPCL.NS,HOLD,62.6,-5.25,3.47,2.05,,,59.39,66.89,1.33,LOW,100
SHIVATEX.NS,BUY,180.1,12.46,6.59,1.42,176.5,183.7,162.76,223.44,2.5,LOW,100
CHEMBOND.NS,BUY,190.0,7.24,9.56,3.15,186.2,193.8,163.38,256.55,2.5,LOW,100
SHAH.NS,SELL,3.36,-18.18,-15.79,8.85,,,4.24,1.15,2.5,LOW,100
NAVKARURB.NS,SELL,0.91,-8.62,-5.21,1.39,,,1.0,0.69,2.5,LOW,100
CORDSCABLE.NS,BUY,355.9,53.98,43.79,5.17,348.78,363.02,306.37,479.73,2.5,LOW,100
ABAN.NS,SELL,14.55,-8.55,-11.17,1.21,,,15.31,12.64,2.5,LOW,100
WORTHPERI.NS,HOLD,156.3,5.76,0.63,2.07,,,148.0,167.37,1.33,LOW,80
DEVIT.NS,SELL,24.38,-8.27,-4.13,1.45,,,26.88,18.13,2.5,LOW,100
TRIGYN.NS,BUY,58.4,5.69,10.79,3.1,57.23,59.57,52.24,73.8,2.5,LOW,100
KCK.NS,HOLD,15.35,-1.36,0.99,2.66,,,14.34,16.69,1.33,LOW,80
BALAXI.NS,BUY,24.36,2.11,6.8,3.16,23.87,24.85,21.55,31.4,2.5,LOW,100
MHLXMIRU.NS,HOLD,168.6,7.45,-10.88,3.61,,,158.38,182.23,1.33,LOW,100
FIDEL.NS,HOLD,142.0,-1.67,1.43,1.85,,,134.07,152.57,1.33,LOW,80
SPECTSTM.NS,SELL,56.0,-8.4,-10.47,2.57,,,58.46,49.86,2.5,LOW,100
UNITEDTEA.NS,SELL,440.75,-5.11,-2.16,0.73,,,463.66,383.48,2.5,LOW,100
PKTEA.NS,BUY,999.85,36.43,29.79,5.99,979.85,1019.85,868.69,1327.76,2.5,LOW,100
BASML.NS,HOLD,24.81,-4.75,-0.72,2.14,,,23.64,26.37,1.33,LOW,80
KRITIKA.NS,SELL,5.36,-4.47,-2.19,1.24,,,5.78,4.32,2.5,LOW,100
DHARAN.NS,SELL,0.14,-7.16,-12.5,4.11,,,0.17,0.07,2.5,LOW,100
AMJLAND.NS,HOLD,38.9,1.6,0.88,2.18,,,36.83,41.66,1.33,LOW,80
INDOWIND.NS,SELL,8.99,-1.85,-3.85,2.06,,,9.68,7.25,2.5,LOW,100
NEPHROCARE.NS,BUY,93.55,22.2,4.53,4.16,91.68,95.42,80.5,126.17,2.5,LOW,100
TEAMGTY.NS,BUY,235.0,2.77,2.17,2.09,230.3,239.7,213.16,289.59,2.5,LOW,100
MARALOVER.NS,BUY,66.5,20.13,20.56,3.6,65.17,67.83,59.5,84.01,2.5,LOW,100
VETO.NS,HOLD,125.2,0.5,-4.02,1.6,,,119.18,133.22,1.33,LOW,80
PRITIKA.NS,BUY,63.35,3.36,6.38,2.03,62.08,64.62,62.09,66.49,2.5,LOW,100
GRCL.NS,BUY,575.0,1.22,8.25,2.9,563.5,586.5,539.83,662.93,2.5,LOW,100
PLAZACABLE.NS,BUY,58.13,20.3,14.43,3.9,56.97,59.29,51.06,75.8,2.5,LOW,100
AKIKO.NS,BUY,416.15,22.17,6.09,2.78,407.83,424.47,383.36,498.11,2.5,LOW,100
GOLDSTAR.NS,HOLD,7.7,3.05,-1.28,3.56,,,7.27,8.28,1.33,LOW,80
SETCO.NS,HOLD,17.48,-0.87,-0.34,1.55,,,16.08,19.35,1.33,LOW,60
LOTUSEYE.NS,SELL,109.99,-6.28,-4.77,1.37,,,118.27,89.29,2.5,LOW,100
RANASUG.NS,HOLD,14.99,14.71,-5.84,3.67,,,13.52,16.95,1.33,LOW,100
WINSOL.NS,HOLD,116.0,-0.18,4.04,2.2,,,108.41,126.11,1.33,LOW,80
RAJTV.NS,SELL,8.46,-22.56,-19.2,3.03,,,9.66,5.46,2.5,LOW,100
AKSHARCHEM.NS,BUY,460.0,61.98,44.48,2.88,450.8,469.2,421.53,556.18,2.5,LOW,100
ANIKINDS.NS,HOLD,45.5,3.83,-1.0,2.52,,,41.82,50.41,1.33,LOW,80
IBULLSLTD.NS,SELL,26.11,-7.04,-3.62,2.16,,,28.35,20.52,2.5,LOW,100
EMMIL.NS,SELL,120.1,-5.02,-3.57,2.29,,,130.96,92.94,2.5,LOW,100
AAREYDRUGS.NS,BUY,96.71,16.49,23.83,2.89,94.78,98.64,88.67,116.82,2.5,LOW,100
NATCAPSUQ.NS,BUY,199.0,24.34,20.84,6.44,195.02,202.98,165.46,282.85,2.5,LOW,100
PRAXIS.NS,SELL,4.75,-27.2,-9.87,3.4,,,5.29,3.4,2.5,LOW,100
KAVDEFENCE.NS,BUY,66.7,12.82,12.08,4.67,65.37,68.03,59.88,83.74,2.5,LOW,100
DGCONTENT.NS,HOLD,25.0,-0.08,0.77,2.22,,,22.5,28.34,1.33,LOW,60
SADBHAV.NS,SELL,7.99,-5.66,-1.24,2.95,,,8.83,5.9,2.5,LOW,80
ASPINWALL.NS,BUY,259.25,4.95,4.75,2.18,254.06,264.44,241.06,304.72,2.5,LOW,100
DRONE.NS,SELL,33.5,-13.35,-8.72,3.36,,,38.01,22.23,2.5,LOW,100
GULFPETRO.NS,HOLD,64.6,23.98,-8.39,2.44,,,59.08,71.96,1.33,LOW,100
PROPEQUITY.NS,BUY,225.0,1.16,6.13,2.53,220.5,229.5,216.91,245.23,2.5,LOW,100
JMA.NS,BUY,90.0,3.24,1.17,1.69,88.2,91.8,81.26,111.85,2.5,LOW,80
NECCLTD.NS,BUY,19.8,24.53,19.35,3.35,19.4,20.2,17.83,24.74,2.5,LOW,100
NITIRAJ.NS,BUY,228.0,11.23,13.52,2.3,223.44,232.56,197.08,305.3,2.5,LOW,100
ALUWIND.NS,HOLD,49.2,2.64,-3.05,2.33,,,46.22,53.17,1.33,LOW,100
EQUIPPP.NS,HOLD,23.89,3.8,-0.33,3.2,,,22.11,26.26,1.33,LOW,80
LLOYDS.NS,SELL,58.0,-14.03,-9.38,2.6,,,61.44,49.39,2.5,LOW,100
RHFL.NS,HOLD,1.85,-3.87,0.0,2.3,,,1.73,2.01,1.33,LOW,80
INCREDIBLE.NS,SELL,32.19,-2.15,-3.85,2.49,,,36.14,22.33,2.5,LOW,100
TIPSFILMS.NS,SELL,329.3,-5.65,-4.88,1.91,,,356.6,261.05,2.5,LOW,100
ARCHIDPLY.NS,HOLD,104.29,16.3,-6.47,4.22,,,93.68,118.44,1.33,LOW,100
MADHUSUDAN.NS,BUY,236.0,1.73,8.58,2.15,231.28,240.72,218.64,279.39,2.5,LOW,100
CENTEXT.NS,HOLD,21.26,3.7,-4.83,3.58,,,19.46,23.66,1.33,LOW,100
EMMBI.NS,BUY,90.5,2.83,10.69,1.97,88.69,92.31,83.48,108.04,2.5,LOW,100
KEYFINSERV.NS,SELL,252.0,-2.82,-4.18,1.95,,,271.53,203.18,2.5,LOW,100
ESSENTIA.NS,SELL,1.09,-7.78,-7.63,3.83,,,1.22,0.77,2.5,LOW,100
TAINWALCHM.NS,HOLD,210.01,1.85,-3.71,1.79,,,195.4,229.49,1.33,LOW,100
ENFUSE.NS,SELL,155.0,-5.63,-5.49,2.01,,,166.59,126.02,2.5,LOW,100
ARVEE.NS,HOLD,165.17,1.35,0.45,4.54,,,148.64,187.21,1.33,LOW,80
SIKKO.NS,BUY,5.3,8.6,3.31,2.74,5.19,5.41,4.74,6.7,2.5,LOW,100
DENEERS.NS,HOLD,172.3,-4.26,1.35,2.9,,,159.16,189.82,1.33,LOW,80
PRLIND.NS,SELL,38.05,-15.14,-11.51,1.85,,,40.85,31.05,2.5,LOW,100
ALPA.NS,HOLD,63.47,-4.08,2.94,1.74,,,59.48,68.79,1.33,LOW,100
KESORAMIND.NS,HOLD,11.33,-1.82,-0.18,1.68,,,11.01,11.76,1.33,LOW,80
DTIL.NS,BUY,144.0,3.44,2.92,5.77,141.12,146.88,122.13,198.67,2.5,LOW,100
AVROIND.NS,SELL,8.4,-8.35,-7.59,4.05,,,9.97,4.46,2.5,LOW,100
PURVFLEXI.NS,SELL,45.8,-5.51,-5.57,3.87,,,50.19,34.82,2.5,LOW,100
BEWLTD.NS,SELL,49.3,-12.27,-2.67,2.52,,,54.31,36.78,2.5,LOW,100
IEML.NS,HOLD,42.05,-0.52,4.21,2.86,,,39.34,45.66,1.33,LOW,80
BRNL.NS,HOLD,17.18,-2.65,0.0,0.59,,,16.48,18.11,1.33,LOW,80
TUNWAL.NS,SELL,25.1,-4.41,-4.02,1.06,,,26.32,22.05,2.5,LOW,100
MANAKALUCO.NS,BUY,40.02,7.47,7.41,3.34,39.22,40.82,36.03,49.98,2.5,LOW,100
DCM.NS,SELL,76.0,-13.12,-4.37,1.54,,,81.59,62.01,2.5,LOW,100
CPS.NS,HOLD,1130.0,6.67,-1.4,2.08,,,1085.89,1188.81,1.33,LOW,80
AARTECH.NS,BUY,49.15,1.28,3.58,2.64,48.17,50.13,44.73,60.19,2.5,LOW,100
SHRITECH.NS,HOLD,59.55,-2.56,5.03,2.8,,,57.04,62.89,1.33,LOW,100
LAL.NS,HOLD,8.88,1.8,-1.44,1.38,,,8.16,9.84,1.33,LOW,80
SONAMLTD.NS,BUY,71.55,22.47,11.09,5.77,70.12,72.98,60.45,99.3,2.5,LOW,100
VISHWARAJ.NS,HOLD,5.85,5.91,-13.84,5.13,,,5.18,6.74,1.33,LOW,100
VIVIMEDLAB.NS,HOLD,6.33,12.66,-3.36,3.11,,,6.02,6.75,1.33,LOW,100
PRAENG.NS,BUY,23.92,16.68,26.76,3.95,23.44,24.4,21.1,30.96,2.5,LOW,100
INDTERRAIN.NS,HOLD,30.06,-2.24,-0.76,1.38,,,28.72,31.85,1.33,LOW,80
KORE.NS,SELL,123.8,-16.75,-2.94,6.79,,,163.59,24.34,2.5,LOW,100
LANCORHOL.NS,BUY,38.42,35.92,19.54,5.67,37.65,39.19,32.82,52.42,2.5,LOW,100
AARVI.NS,SELL,141.5,-5.36,-7.34,1.84,,,154.3,109.5,2.5,LOW,100
VASWANI.NS,HOLD,46.5,-9.45,1.33,2.6,,,43.34,50.71,1.33,LOW,80
SUPERHOUSE.NS,HOLD,167.6,2.91,-0.15,2.47,,,156.52,182.37,1.33,LOW,80
RSSOFTWARE.NS,SELL,29.15,-9.0,-2.77,3.64,,,32.74,20.19,2.5,LOW,100
DYNAMIC.NS,HOLD,146.3,-0.69,3.61,1.96,,,139.57,155.28,1.33,LOW,80
CORALFINAC.NS,SELL,32.37,-1.91,-2.71,1.85,,,35.92,23.51,2.5,LOW,100
CANARYS.NS,BUY,26.1,21.92,11.78,3.83,25.58,26.62,22.98,33.9,2.5,LOW,100
IVP.NS,BUY,218.3,27.12,20.29,2.5,213.93,222.67,202.79,257.07,2.5,LOW,100
BSL.NS,SELL,122.0,-2.6,-1.72,0.94,,,129.5,103.26,2.5,LOW,80
QMSMEDI.NS,BUY,161.65,30.63,10.57,3.08,158.42,164.88,147.23,197.71,2.5,LOW,100
EMKAYTOOLS.NS,BUY,98.0,5.3,4.81,3.07,96.04,99.96,88.14,122.64,2.5,LOW,100
RUCHINFRA.NS,SELL,5.67,-3.09,-1.56,2.88,,,6.33,4.02,2.5,LOW,80
TBI.NS,BUY,73.55,14.49,24.87,3.48,72.08,75.02,65.27,94.25,2.5,LOW,100
CROWN.NS,BUY,116.75,5.11,10.98,2.01,114.41,119.09,107.61,139.59,2.5,LOW,100
GAYAPROJ.NS,BUY,23.28,10.49,4.21,3.37,22.81,23.75,20.9,29.23,2.5,LOW,100
ENSER.NS,HOLD,15.3,6.05,-0.33,3.01,,,13.84,17.24,1.33,LOW,80
WEIZMANIND.NS,SELL,75.0,-3.45,-1.06,1.03,,,80.31,61.74,2.5,LOW,80
SOMICONVEY.NS,SELL,91.68,-3.86,-5.83,4.45,,,103.85,61.26,2.5,LOW,100
MAITREYA.NS,HOLD,120.0,-3.5,8.11,3.57,,,109.16,134.46,1.33,LOW,100
USK.NS,SELL,20.8,-5.43,-1.47,1.57,,,22.49,16.57,2.5,LOW,80
MAHESHWARI.NS,SELL,71.03,-2.57,-4.72,1.12,,,75.74,59.25,2.5,LOW,100
VR.NS,SELL,102.0,-13.97,-25.33,3.16,,,108.61,85.48,2.5,LOW,100
MODTHREAD.NS,HOLD,53.08,6.3,-2.08,6.0,,,44.77,64.16,1.33,LOW,100
RKEC.NS,SELL,20.25,-19.66,-8.99,2.79,,,23.82,11.34,2.5,LOW,100
DUCON.NS,SELL,1.91,-30.66,-20.42,7.89,,,2.37,0.77,2.5,LOW,100
SIGIND.NS,HOLD,69.08,18.76,0.77,3.35,,,63.04,77.13,1.33,LOW,80
DOLLEX.NS,BUY,36.8,17.03,11.18,2.47,36.06,37.54,33.59,44.84,2.5,LOW,100
IBLFL.NS,SELL,58.0,-3.72,-5.61,2.4,,,60.23,52.43,2.5,LOW,100
HINDCON.NS,BUY,24.26,8.9,8.89,3.29,23.77,24.75,20.95,32.54,2.5,LOW,100
XELPMOC.NS,SELL,78.45,-3.85,-5.66,2.46,,,87.36,56.17,2.5,LOW,100
TEXMOPIPES.NS,BUY,52.72,18.02,12.94,4.63,51.67,53.77,48.25,63.89,2.5,LOW,100
WOMANCART.NS,HOLD,105.7,0.24,-12.97,3.57,,,93.11,122.49,1.33,LOW,80
KHFM.NS,SELL,44.95,-8.66,-5.27,3.96,,,49.97,32.4,2.5,LOW,100
UMIYA-MRO.NS,BUY,98.98,8.87,11.11,2.85,97.0,100.96,89.67,122.24,2.5,LOW,100
MAGNUM.NS,SELL,18.86,-2.41,-2.08,0.94,,,20.38,15.07,2.5,LOW,100
SHREEOSFM.NS,SELL,56.5,-3.92,-6.61,3.59,,,60.93,45.43,2.5,LOW,100
ISFT.NS,HOLD,84.01,3.56,-3.89,3.49,,,75.29,95.64,1.33,LOW,100
AIROLAM.NS,SELL,86.7,-2.4,-2.57,1.09,,,91.52,74.65,2.5,LOW,100
MUKTAARTS.NS,BUY,58.9,4.92,5.03,2.68,57.72,60.08,54.51,69.88,2.5,LOW,100
GLOBALPET.NS,BUY,165.0,5.84,9.27,1.9,161.7,168.3,160.7,175.75,2.5,LOW,100
USASEEDS.NS,HOLD,92.4,2.7,-2.63,3.32,,,86.12,100.78,1.33,LOW,100
INDIANCARD.NS,HOLD,218.98,-0.39,6.16,1.94,,,206.25,235.95,1.33,LOW,80
MDL.NS,HOLD,62.0,-5.29,19.23,3.64,,,59.79,64.95,1.33,LOW,100
ALPHAGEO.NS,HOLD,319.25,26.92,-0.12,5.74,,,291.54,356.2,1.33,LOW,80
GVPTECH.NS,BUY,8.0,11.55,9.44,5.36,7.84,8.16,6.51,11.71,2.5,LOW,100
BHARATGEAR.NS,HOLD,102.68,-9.82,0.88,1.33,,,98.01,108.9,1.33,LOW,80
KREBSBIO.NS,BUY,57.13,3.33,7.49,2.9,55.99,58.27,51.58,71.0,2.5,LOW,100
INDBANK.NS,SELL,27.99,-13.5,-12.15,1.95,,,29.97,23.04,2.5,LOW,100
RPPL.NS,HOLD,22.93,1.02,-5.56,2.28,,,21.26,25.16,1.33,LOW,100
UMAEXPORTS.NS,HOLD,23.03,5.04,-5.42,2.73,,,21.67,24.84,1.33,LOW,100
SHEETAL.NS,BUY,348.1,11.34,7.77,1.96,341.14,355.06,321.44,414.76,2.5,LOW,100
SADHAV.NS,SELL,110.65,-4.3,-3.32,1.75,,,120.29,86.56,2.5,LOW,100
HECPROJECT.NS,HOLD,126.13,-1.57,9.67,3.49,,,115.44,140.38,1.33,LOW,100
HPIL.NS,BUY,127.0,1.22,1.41,1.85,124.46,129.54,116.07,154.32,2.5,LOW,80
SLONE.NS,BUY,187.0,33.38,21.67,2.34,183.26,190.74,171.17,226.57,2.5,LOW,100
GANGESSECU.NS,HOLD,121.8,2.95,-0.97,1.48,,,115.87,129.7,1.33,LOW,80
SURANASOL.NS,HOLD,26.0,-0.58,1.8,1.55,,,24.61,27.85,1.33,LOW,60
QUESTLAB.NS,HOLD,85.5,-5.67,-0.41,1.41,,,82.67,89.28,1.33,LOW,80
INVENTURE.NS,BUY,0.92,0.94,1.1,2.61,0.9,0.94,0.83,1.15,2.5,LOW,60
STEELCITY.NS,BUY,83.1,3.62,1.08,2.64,81.44,84.76,76.26,100.21,2.5,LOW,80
BTML.NS,BUY,7.92,9.04,1.02,4.97,7.76,8.08,6.72,10.92,2.5,LOW,80
ZEAL.NS,BUY,65.5,1.32,6.85,2.82,64.19,66.81,62.09,74.02,2.5,LOW,100
VEEKAYEM.NS,HOLD,113.05,-5.97,9.86,3.44,,,104.69,124.19,1.33,LOW,100
COMPUSOFT.NS,BUY,13.17,0.99,2.91,2.34,12.91,13.43,11.72,16.8,2.5,LOW,80
SHYAMCENT.NS,HOLD,4.98,-5.14,1.84,1.52,,,4.63,5.45,1.33,LOW,80
LAGNAM.NS,SELL,74.15,-8.92,-2.38,1.04,,,79.13,61.69,2.5,LOW,100
SAMBHAAV.NS,SELL,5.9,-5.94,-6.94,1.27,,,6.8,3.64,2.5,LOW,100
SILGO.NS,HOLD,72.06,-0.6,-0.54,1.78,,,67.69,77.88,1.33,LOW,60
MASTER.NS,SELL,429.95,-1.81,-7.54,2.16,,,448.13,384.5,2.5,LOW,100
MAL.NS,BUY,38.2,17.6,19.38,4.29,37.44,38.96,35.44,45.11,2.5,LOW,100
SMLT.NS,SELL,64.3,-5.45,-6.93,2.05,,,69.79,50.58,2.5,LOW,100
AUSOMENT.NS,BUY,156.89,14.67,6.23,1.84,153.75,160.03,142.61,192.6,2.5,LOW,100
GTL.NS,SELL,7.22,-1.95,-1.9,1.53,,,7.83,5.71,2.5,LOW,80
VISAMAN.NS,SELL,61.4,-39.61,-39.95,2.98,,,68.0,44.9,2.5,LOW,100
GREENCHEF.NS,BUY,66.2,27.64,29.8,4.71,64.88,67.52,58.09,86.49,2.5,LOW,100
BAIDFIN.NS,BUY,11.9,18.58,23.44,4.23,11.66,12.14,10.9,14.39,2.5,LOW,100
SMARTLINK.NS,SELL,207.05,-0.56,-7.21,1.87,,,227.59,155.69,2.5,LOW,80
MAHAPEXLTD.NS,HOLD,54.57,10.55,-9.02,4.61,,,48.87,62.17,1.33,LOW,100
SADBHIN.NS,HOLD,2.62,0.32,-2.24,2.64,,,2.42,2.88,1.33,LOW,80
SEMAC.NS,SELL,280.0,-9.86,-4.57,2.77,,,305.74,215.66,2.5,LOW,100
REXPIPES.NS,SELL,160.65,-5.18,-5.0,1.13,,,161.86,157.63,2.5,LOW,100
SOTAC.NS,HOLD,90.05,-4.8,0.0,0.46,,,89.85,90.32,1.33,LOW,80
VITAL.NS,BUY,58.4,13.59,8.59,2.93,57.23,59.57,50.82,77.36,2.5,LOW,100
TRU.NS,HOLD,4.1,-11.94,-0.97,2.77,,,3.7,4.64,1.33,LOW,80
JOCIL.NS,BUY,167.5,15.57,11.92,2.14,164.15,170.85,153.48,202.56,2.5,LOW,100
URBAN.NS,SELL,117.6,-12.43,-18.5,3.32,,,130.02,86.55,2.5,LOW,100
SYLVANPLY.NS,BUY,55.55,1.94,12.68,2.86,54.44,56.66,52.79,62.46,2.5,LOW,100
TRUST.NS,BUY,30.0,4.41,20.24,6.84,29.4,30.6,23.89,45.29,2.5,LOW,100
MCL.NS,BUY,59.0,5.19,2.18,2.46,57.82,60.18,54.7,69.75,2.5,LOW,100
WIPL.NS,HOLD,165.11,-1.92,0.07,1.94,,,156.53,176.55,1.33,LOW,80
BALPHARMA.NS,BUY,96.78,12.51,13.56,2.23,94.84,98.72,89.31,115.47,2.5,LOW,100
VIPULLTD.NS,SELL,13.44,-6.66,-16.37,2.58,,,14.08,11.84,2.5,LOW,100
SALONA.NS,HOLD,263.75,2.78,-1.72,2.32,,,241.68,293.18,1.33,LOW,80
LAMBODHARA.NS,HOLD,132.21,11.44,-6.69,5.36,,,118.26,150.81,1.33,LOW,100
LOVABLE.NS,SELL,70.8,-4.15,-2.25,1.76,,,76.24,57.2,2.5,LOW,100
ISHANCH.NS,SELL,44.77,-11.62,-5.29,2.57,,,50.39,30.72,2.5,LOW,100
SHIGAN.NS,BUY,71.1,9.97,5.3,3.68,69.68,72.52,64.76,86.95,2.5,LOW,100
SURANI.NS,HOLD,99.7,-0.29,-2.11,5.74,,,86.15,117.76,1.33,LOW,80
HDIL.NS,HOLD,1.5,-6.91,0.67,1.83,,,1.4,1.64,1.33,LOW,80
LOYALTEX.NS,BUY,221.8,5.33,5.62,2.61,217.36,226.24,188.07,306.12,2.5,LOW,100
RAJSREESUG.NS,HOLD,35.57,7.96,-6.62,3.9,,,31.8,40.6,1.33,LOW,100
OSWALSEEDS.NS,HOLD,12.2,9.27,-1.29,5.89,,,11.19,13.54,1.33,LOW,80
BAGFILMS.NS,BUY,4.78,6.81,9.13,2.82,4.68,4.88,4.35,5.84,2.5,LOW,100
SHAHALLOYS.NS,BUY,101.75,32.81,29.83,5.99,99.72,103.78,86.05,141.01,2.5,LOW,100
DRSDILIP.NS,HOLD,107.0,-2.07,-0.93,0.43,,,106.69,107.41,1.33,LOW,80
SECMARK.NS,BUY,139.4,7.99,10.63,5.56,136.61,142.19,118.37,191.97,2.5,LOW,100
ZENITHEXPO.NS,HOLD,198.54,-3.36,-0.23,3.41,,,188.23,212.28,1.33,LOW,80
CUBEXTUB.NS,HOLD,79.12,0.08,-0.15,1.83,,,75.25,84.29,1.33,LOW,60
LATTEYS.NS,HOLD,21.66,3.6,-6.15,3.87,,,19.86,24.06,1.33,LOW,100
DELAPLEX.NS,BUY,100.0,4.65,20.26,6.16,98.0,102.0,85.96,135.11,2.5,LOW,100
SAMPANN.NS,SELL,24.49,-9.04,-5.99,1.79,,,26.79,18.75,2.5,LOW,100
ARTNIRMAN.NS,HOLD,40.41,-0.23,-0.59,1.63,,,37.4,44.42,1.33,LOW,60
SSFL.NS,BUY,260.0,1.19,13.04,3.29,254.8,265.2,236.68,318.3,2.5,LOW,100
GENSOL.NS,SELL,17.21,-6.31,-5.6,2.84,,,19.11,12.46,2.5,LOW,100
TARMAT.NS,BUY,62.87,18.62,25.39,6.91,61.61,64.13,53.52,86.25,2.5,LOW,100
SIDDHIKA.NS,BUY,225.0,4.61,8.17,2.84,220.5,229.5,212.31,256.73,2.5,LOW,100
FIBERWEB.NS,SELL,25.98,-10.66,-2.7,2.06,,,28.4,19.92,2.5,LOW,100
SCML.NS,HOLD,81.0,-0.3,-1.7,1.92,,,77.3,85.93,1.33,LOW,60
OMFURN.NS,SELL,53.85,-6.7,-9.42,2.52,,,55.42,49.92,2.5,LOW,100
NEWJAISA.NS,BUY,17.75,5.0,5.97,1.6,17.39,18.11,17.2,19.12,2.5,LOW,100
DCG.NS,BUY,68.8,26.08,24.86,6.22,67.42,70.18,60.47,89.62,2.5,LOW,100
RAJMET.NS,SELL,3.14,-6.76,-10.29,2.98,,,3.58,2.03,2.5,LOW,100
MAXPOSURE.NS,SELL,29.8,-9.99,-1.16,2.41,,,31.41,25.76,2.5,LOW,80
PAR.NS,BUY,141.44,36.74,39.42,7.86,138.61,144.27,119.99,195.08,2.5,LOW,100
BEARDSELL.NS,SELL,24.75,-7.96,-7.61,2.06,,,27.71,17.35,2.5,LOW,100
RELIABLE.NS,SELL,137.21,-3.85,-3.5,1.86,,,149.26,107.09,2.5,LOW,100
AKSHOPTFBR.NS,BUY,8.19,25.32,4.07,4.42,8.03,8.35,7.13,10.85,2.5,LOW,100
MOKSH.NS,SELL,10.11,-6.68,-2.22,2.31,,,11.16,7.5,2.5,LOW,100
BEACON.NS,SELL,83.6,-6.48,-1.18,2.21,,,90.59,66.14,2.5,LOW,80
CRAYONS.NS,SELL,25.1,-6.69,-6.34,3.1,,,26.52,21.55,2.5,LOW,100
DTL.NS,BUY,128.0,4.73,6.67,3.53,125.44,130.56,121.86,143.34,2.5,LOW,100
GROBTEA.NS,BUY,977.65,5.45,5.46,2.11,958.1,997.2,903.62,1162.72,2.5,LOW,100
REGENCERAM.NS,HOLD,35.9,0.0,5.81,5.86,,,31.94,41.18,1.33,LOW,80
SURYALAXMI.NS,HOLD,57.37,-2.17,1.22,2.69,,,53.04,63.15,1.33,LOW,80
MAHICKRA.NS,BUY,290.0,8.39,12.62,4.55,284.2,295.8,253.39,381.52,2.5,LOW,100
RELCHEMQ.NS,HOLD,113.15,-8.64,-0.17,2.03,,,105.23,123.7,1.33,LOW,80
KOHINOOR.NS,HOLD,31.2,15.73,-12.8,6.33,,,27.77,35.77,1.33,LOW,100
HILTON.NS,SELL,18.65,-11.91,-6.23,1.56,,,20.2,14.78,2.5,LOW,100
PALASHSECU.NS,SELL,88.2,-1.93,-4.68,2.55,,,96.61,67.17,2.5,LOW,100
TOTAL.NS,BUY,72.61,22.73,1.34,2.59,71.16,74.06,64.84,92.04,2.5,LOW,80
ASCOM.NS,HOLD,221.95,-10.06,0.0,1.83,,,220.7,223.61,1.33,LOW,80
OLIL.NS,BUY,427.05,2.42,4.39,2.61,418.51,435.59,390.69,517.96,2.5,LOW,100
VAISHALI.NS,BUY,8.39,6.5,3.33,1.9,8.22,8.56,7.51,10.58,2.5,LOW,100
SIL.NS,HOLD,19.02,8.29,-5.61,4.26,,,17.37,21.22,1.33,LOW,100
OBCL.NS,BUY,55.75,3.13,1.72,1.33,54.63,56.87,50.31,69.35,2.5,LOW,80
ROCKINGDCE.NS,BUY,234.25,22.85,13.74,6.05,229.56,238.94,195.52,331.07,2.5,LOW,100
TOKYOPLAST.NS,SELL,75.0,-6.87,-3.97,1.78,,,80.99,60.04,2.5,LOW,100
REFRACTORY.NS,SELL,25.25,-6.66,-7.68,3.64,,,28.12,18.07,2.5,LOW,100
DIGIDRIVE.NS,HOLD,17.95,-0.39,0.39,1.61,,,16.84,19.42,1.33,LOW,60
BHANDARI.NS,HOLD,3.02,2.68,-1.31,1.73,,,2.87,3.21,1.33,LOW,80
ODIGMA.NS,HOLD,22.25,-3.57,0.36,1.92,,,20.64,24.4,1.33,LOW,80
KAKATCEM.NS,SELL,110.18,-4.04,-6.13,2.47,,,119.52,86.84,2.5,LOW,100
KLL.NS,HOLD,25.0,-5.86,14.68,3.45,,,23.33,27.23,1.33,LOW,100
MITCON.NS,HOLD,79.57,3.57,-0.36,1.79,,,74.01,86.99,1.33,LOW,80
TOUCHWOOD.NS,SELL,62.0,-5.47,-1.59,2.62,,,66.99,49.53,2.5,LOW,80
AAATECH.NS,SELL,92.5,-0.83,-2.63,1.91,,,97.96,78.85,2.5,LOW,80
SPLIL.NS,HOLD,30.99,-1.58,2.45,3.58,,,27.92,35.09,1.33,LOW,100
HOLMARC.NS,HOLD,105.05,0.05,-1.37,2.29,,,98.87,113.29,1.33,LOW,60
HOACFOODS.NS,BUY,1009.95,32.15,21.83,2.42,989.75,1030.15,940.87,1182.65,2.5,LOW,100
ZENITHSTL.NS,BUY,6.17,11.46,12.8,2.64,6.05,6.29,5.54,7.74,2.5,LOW,100
NAMAN.NS,SELL,40.1,-8.81,-8.86,3.25,,,43.08,32.65,2.5,LOW,100
MARC.NS,BUY,148.6,25.66,5.99,2.77,145.63,151.57,139.98,170.15,2.5,LOW,100
PIONEEREMB.NS,HOLD,21.89,-4.03,-0.5,1.46,,,20.87,23.25,1.33,LOW,80
ZENITHDRUG.NS,HOLD,42.75,-7.85,0.23,4.24,,,39.87,46.59,1.33,LOW,80
GLOBE.NS,SELL,1.86,-10.19,-7.0,1.6,,,1.99,1.52,2.5,LOW,100
DHRUV.NS,SELL,22.95,-7.74,-1.25,2.93,,,25.47,16.65,2.5,LOW,80
SONUINFRA.NS,BUY,44.45,8.2,27.0,3.21,43.56,45.34,42.19,50.09,2.5,LOW,100
SELMC.NS,SELL,27.37,-2.33,-2.53,1.44,,,31.2,17.79,2.5,LOW,100
MAGSON.NS,HOLD,184.0,1.43,0.44,2.53,,,176.6,193.86,1.33,LOW,80
CAPTRUST.NS,HOLD,19.41,13.63,-3.34,2.69,,,17.98,21.32,1.33,LOW,100
ATAM.NS,HOLD,55.02,-12.83,-0.86,4.82,,,50.09,61.59,1.33,LOW,80
PARAGON.NS,SELL,47.5,-2.58,-1.04,2.62,,,51.16,38.34,2.5,LOW,80
LPDC.NS,SELL,6.36,-3.82,-12.28,5.6,,,7.51,3.49,2.5,LOW,100
ROXHITECH.NS,HOLD,46.3,1.94,-13.86,3.81,,,42.95,50.76,1.33,LOW,100
DIGJAMLMTD.NS,BUY,52.0,9.65,1.34,1.84,50.96,53.04,47.5,63.25,2.5,LOW,80
NIRMAN.NS,SELL,28.3,-22.19,-2.58,3.03,,,32.24,18.46,2.5,LOW,100
PATINTLOG.NS,SELL,13.16,-7.7,-1.72,1.22,,,14.35,10.19,2.5,LOW,80
GOYALALUM.NS,SELL,6.2,-4.75,-3.58,1.0,,,6.58,5.25,2.5,LOW,100
MANGALAM.NS,HOLD,29.65,4.98,-2.6,3.65,,,26.35,34.05,1.33,LOW,100
IL&FSTRANS.NS,BUY,2.15,0.97,3.86,2.63,2.11,2.19,1.91,2.74,2.5,LOW,80
ACCURACY.NS,SELL,4.35,-10.26,-4.19,1.97,,,4.67,3.55,2.5,LOW,100
PRUDMOULI.NS,BUY,16.9,17.36,5.62,3.06,16.56,17.24,15.03,21.59,2.5,LOW,100
DIGIKORE.NS,HOLD,40.1,-9.66,10.62,5.11,,,34.28,47.86,1.33,LOW,100
AMDIND.NS,BUY,59.3,18.47,10.9,3.43,58.11,60.49,52.63,75.97,2.5,LOW,100
SILKFLEX.NS,BUY,288.3,34.32,37.29,3.31,282.53,294.07,264.92,346.75,2.5,LOW,100
BVCL.NS,BUY,42.23,0.5,1.44,1.65,41.39,43.07,37.82,53.26,2.5,LOW,60
CINEVISTA.NS,HOLD,14.65,-2.69,2.66,1.47,,,13.58,16.08,1.33,LOW,100
MOTOGENFIN.NS,BUY,30.51,11.7,14.1,2.65,29.9,31.12,27.64,37.69,2.5,LOW,100
HISARMETAL.NS,BUY,163.5,7.5,9.49,1.9,160.23,166.77,151.19,194.27,2.5,LOW,100
JHS.NS,HOLD,8.0,1.22,-10.01,3.36,,,7.22,9.05,1.33,LOW,100
PRITI.NS,HOLD,33.36,-8.89,-0.8,1.64,,,31.53,35.8,1.33,LOW,80
ENERGYDEV.NS,SELL,15.55,-6.71,-4.13,1.51,,,16.6,12.93,2.5,LOW,100
AAKASH.NS,SELL,8.5,-4.35,-3.08,2.29,,,9.27,6.58,2.5,LOW,100
KANDARP.NS,SELL,97.0,-2.23,-4.43,3.61,,,104.42,78.45,2.5,LOW,100
EFORCE.NS,SELL,20.05,-5.72,-3.84,4.1,,,22.47,14.0,2.5,LOW,100
FONEBOX.NS,BUY,100.0,16.53,5.6,3.29,98.0,102.0,94.1,114.75,2.5,LOW,100
ORCHASP.NS,HOLD,1.35,-15.52,4.65,3.21,,,1.19,1.56,1.33,LOW,100
SONAMAC.NS,SELL,33.0,-1.75,-1.49,3.03,,,36.02,25.45,2.5,LOW,80
TGL.NS,HOLD,18.05,-4.28,16.08,4.14,,,16.86,19.64,1.33,LOW,100
CLSL.NS,BUY,87.25,30.62,9.06,3.62,85.5,89.0,78.2,109.87,2.5,LOW,100
AISL.NS,BUY,59.95,3.55,3.63,2.72,58.75,61.15,55.24,71.74,2.5,LOW,100
PRAKASHSTL.NS,SELL,3.81,-4.75,-2.81,1.63,,,4.15,2.97,2.5,LOW,100
CURAA.NS,BUY,76.5,3.91,4.01,4.34,74.97,78.03,63.53,108.91,2.5,LOW,100
SUNDARAM.NS,SELL,1.22,-2.21,-2.4,4.08,,,1.32,0.96,2.5,LOW,100
DBSTOCKBRO.NS,HOLD,28.92,-14.88,-0.96,2.31,,,26.55,32.08,1.33,LOW,80
MHHL.NS,SELL,31.4,-8.9,-9.77,2.2,,,32.7,28.15,2.5,LOW,100
KONSTELEC.NS,BUY,62.05,5.68,16.64,4.15,60.81,63.29,55.17,79.25,2.5,LOW,100
SANGANI.NS,BUY,54.6,14.25,4.5,3.69,53.51,55.69,50.19,65.62,2.5,LOW,100
VIAZ.NS,HOLD,67.5,4.87,-3.57,3.75,,,63.62,72.67,1.33,LOW,100
ALKALI.NS,BUY,88.7,21.32,31.41,8.16,86.93,90.47,79.79,110.97,2.5,LOW,100
PARTYCRUS.NS,HOLD,79.7,-6.54,3.04,3.32,,,74.19,87.04,1.33,LOW,100
BAWEJA.NS,HOLD,26.1,-1.67,11.78,3.28,,,24.51,28.21,1.33,LOW,100
AKI.NS,BUY,7.2,57.49,73.49,6.71,7.06,7.34,6.27,9.53,2.5,LOW,100
FCONSUMER.NS,SELL,0.22,-16.98,-8.33,1.68,,,0.22,0.21,0,LOW,100
AJOONI.NS,SELL,3.47,-9.93,-4.14,2.59,,,3.8,2.64,2.5,LOW,100
ANMOL.NS,BUY,10.45,0.72,5.24,1.32,10.24,10.66,9.77,12.14,2.5,LOW,80
BANKA.NS,SELL,79.0,-8.09,-3.54,2.9,,,87.25,58.36,2.5,LOW,100
NAGREEKEXP.NS,SELL,22.43,-2.99,-1.15,4.14,,,25.03,15.94,2.5,LOW,80
DELTAMAGNT.NS,HOLD,57.0,-2.44,-0.56,1.6,,,52.18,63.43,1.33,LOW,80
MEGAFLEX.NS,SELL,91.0,-9.59,-4.21,2.61,,,92.93,86.18,2.5,LOW,100
HGM.NS,BUY,50.7,4.29,15.94,3.28,49.69,51.71,43.13,69.62,2.5,LOW,100
CEREBRAINT.NS,BUY,2.92,1.07,3.55,3.22,2.86,2.98,2.57,3.8,2.5,LOW,100
CTE.NS,HOLD,42.0,13.32,-19.23,4.04,,,37.77,47.64,1.33,LOW,100
SUVIDHAA.NS,SELL,2.27,-8.39,-3.81,4.66,,,2.8,0.95,2.5,LOW,100
ORIENTLTD.NS,HOLD,80.6,4.42,-2.3,2.18,,,75.52,87.37,1.33,LOW,100
ARISTO.NS,SELL,103.0,-2.28,-4.63,0.87,,,103.71,101.21,2.5,LOW,100
SRIVASAVI.NS,SELL,79.0,-3.09,-2.47,2.69,,,83.85,66.88,2.5,LOW,100
NARMADA.NS,SELL,14.07,-12.07,-2.97,2.88,,,15.61,10.21,2.5,LOW,100
ONDOOR.NS,BUY,289.6,18.79,18.18,4.83,283.81,295.39,244.2,403.1,2.5,LOW,100
PULZ.NS,SELL,22.1,-6.79,-9.61,3.56,,,23.46,18.71,2.5,LOW,100
TFL.NS,HOLD,12.1,5.31,0.92,3.2,,,10.84,13.78,1.33,LOW,80
AGRITECH.NS,SELL,100.4,-7.24,-1.62,1.29,,,108.39,80.42,2.5,LOW,80
ARABIAN.NS,BUY,86.25,11.95,5.18,2.82,84.52,87.98,82.34,96.02,2.5,LOW,100
BLBLIMITED.NS,BUY,16.55,3.07,2.99,1.54,16.22,16.88,15.24,19.84,2.5,LOW,100
BLUECOAST.NS,SELL,22.47,-12.16,-2.52,3.35,,,25.23,15.57,2.5,LOW,100
BANARBEADS.NS,HOLD,113.6,0.25,0.83,2.1,,,105.53,124.35,1.33,LOW,60
AGROPHOS.NS,SELL,24.75,-12.38,-5.46,2.22,,,27.86,16.97,2.5,LOW,100
DAMODARIND.NS,HOLD,29.0,0.22,4.32,1.85,,,27.58,30.89,1.33,LOW,80
K2INFRA.NS,SELL,48.8,-11.67,-6.69,2.32,,,53.37,37.37,2.5,LOW,100
NOIDATOLL.NS,SELL,4.01,-8.59,-2.67,1.98,,,4.46,2.89,2.5,LOW,100
3PLAND.NS,BUY,32.5,1.26,2.43,1.14,31.85,33.15,30.45,37.63,2.5,LOW,100
AMEYA.NS,SELL,107.15,-2.52,-1.24,2.41,,,111.51,96.26,2.5,LOW,80
SECURKLOUD.NS,SELL,16.99,-6.12,-5.4,1.4,,,18.98,12.02,2.5,LOW,100
ROML.NS,HOLD,43.27,-2.26,1.29,1.92,,,40.46,47.01,1.33,LOW,80
PARASPETRO.NS,SELL,2.13,-3.86,-4.05,2.03,,,2.39,1.48,2.5,LOW,100
MARCO.NS,SELL,31.15,-2.7,-4.15,4.46,,,34.74,22.19,2.5,LOW,100
AHLADA.NS,SELL,36.5,-4.2,-3.03,3.93,,,40.88,25.54,2.5,LOW,100
HOMESFY.NS,HOLD,111.3,-4.12,3.58,1.79,,,109.64,113.51,1.33,LOW,100
TPHQ.NS,HOLD,0.53,9.64,-10.17,7.34,,,0.47,0.6,1.33,LOW,100
ATLASCYCLE.NS,BUY,101.0,3.71,4.47,1.26,98.98,103.02,93.86,118.85,2.5,LOW,100
SHEKHAWATI.NS,HOLD,16.81,12.38,-8.24,7.25,,,15.03,19.18,1.33,LOW,100
ORIENTALTL.NS,HOLD,5.17,-1.8,0.58,1.95,,,4.71,5.78,1.33,LOW,80
FMNL.NS,HOLD,9.5,-1.58,3.26,3.78,,,8.46,10.89,1.33,LOW,100
SAIFL.NS,SELL,4.8,-5.16,-5.88,1.88,,,5.15,3.93,2.5,LOW,100
SYNOPTICS.NS,SELL,49.35,-28.48,-18.56,2.9,,,52.89,40.49,2.5,LOW,100
NORBTEAEXP.NS,BUY,70.69,3.67,1.8,3.14,69.28,72.1,63.36,89.03,2.5,LOW,80
BANG.NS,HOLD,33.7,10.76,-1.0,4.78,,,30.51,37.95,1.33,LOW,80
BIRDYS.NS,HOLD,86.2,-3.47,0.0,1.27,,,85.5,87.13,1.33,LOW,80
FLEXITUFF.NS,SELL,2.12,-46.56,-20.6,2.11,,,2.36,1.51,2.5,LOW,100
LRRPL.NS,HOLD,88.0,-0.05,2.33,1.61,,,85.9,90.8,1.33,LOW,80
ANSALAPI.NS,BUY,3.41,8.56,1.79,1.53,3.34,3.48,3.25,3.81,2.5,LOW,80
GATECH.NS,HOLD,0.83,21.27,-13.54,3.74,,,0.76,0.92,1.33,LOW,100
BALKRISHNA.NS,SELL,17.0,-3.71,-1.51,1.53,,,18.38,13.55,2.5,LOW,80
SWASTIK.NS,HOLD,19.0,4.26,0.0,2.89,,,18.15,20.13,1.33,LOW,80
NIBL.NS,SELL,30.61,-6.59,-2.24,1.52,,,33.85,22.51,2.5,LOW,100
JAIPURKURT.NS,SELL,25.74,-5.35,-3.56,1.63,,,27.84,20.48,2.5,LOW,100
VERTEXPLUS.NS,BUY,56.7,18.88,12.5,2.4,55.57,57.83,54.63,61.88,2.5,LOW,100
CELEBRITY.NS,HOLD,6.8,-3.91,0.59,1.48,,,6.32,7.44,1.33,LOW,80
GRAPHISAD.NS,SELL,25.5,-7.96,-2.49,2.15,,,27.49,20.54,2.5,LOW,100
RILINFRA.NS,SELL,35.15,-7.14,-4.09,0.93,,,37.47,29.35,2.5,LOW,100
DURLAX.NS,BUY,64.5,15.39,1.02,4.66,63.21,65.79,57.13,82.93,2.5,LOW,80
JETFREIGHT.NS,SELL,20.49,-8.46,-8.97,1.65,,,22.52,15.41,2.5,LOW,100
SERVICE.NS,BUY,69.45,14.3,13.11,1.92,68.06,70.84,62.76,86.18,2.5,LOW,100
GSS.NS,SELL,11.13,-11.69,-10.75,2.4,,,12.69,7.23,2.5,LOW,100
BIOFILCHEM.NS,SELL,31.98,-2.32,-1.11,1.94,,,35.17,24.01,2.5,LOW,80
DHANLAXMI.NS,HOLD,25.0,-1.54,0.0,4.28,,,23.69,26.74,1.33,LOW,80
ARCHIES.NS,SELL,13.2,-4.29,-1.86,1.52,,,14.27,10.53,2.5,LOW,80
GAYAHWS.NS,BUY,1.95,0.58,1.56,1.87,1.91,1.99,1.71,2.54,2.5,LOW,60
DANGEE.NS,HOLD,2.87,-4.47,0.7,2.11,,,2.61,3.22,1.33,LOW,80
KARMAENG.NS,SELL,37.7,-3.23,-1.33,2.35,,,41.7,27.7,2.5,LOW,80
TNTELE.NS,SELL,8.9,-1.51,-1.77,0.88,,,9.57,7.21,2.5,LOW,80
MALUPAPER.NS,BUY,34.63,8.3,8.18,2.49,33.94,35.32,31.79,41.74,2.5,LOW,100
BLUEPEBBLE.NS,BUY,84.0,18.49,26.89,5.95,82.32,85.68,77.4,100.5,2.5,LOW,100
RKDL.NS,HOLD,18.35,-2.6,1.33,1.34,,,17.19,19.89,1.33,LOW,80
ICDSLTD.NS,BUY,60.64,42.24,47.9,7.87,59.43,61.85,51.38,83.79,2.5,LOW,100
PALREDTEC.NS,HOLD,54.0,3.55,-7.36,3.36,,,49.62,59.84,1.33,LOW,100
AGSTRA.NS,SELL,1.93,-10.71,-2.03,1.51,,,2.12,1.46,2.5,LOW,100
MANUGRAPH.NS,SELL,14.55,-3.74,-8.61,2.74,,,16.17,10.49,2.5,LOW,100
LFIC.NS,SELL,133.99,-4.63,-2.93,1.29,,,144.3,108.23,2.5,LOW,100
GOLDENTOBC.NS,SELL,24.0,-3.74,-3.88,2.38,,,26.38,18.04,2.5,LOW,100
PRESSTONIC.NS,HOLD,33.05,11.55,-5.03,5.74,,,29.19,38.19,1.33,LOW,100
CADSYS.NS,SELL,46.45,-19.26,-8.56,1.69,,,47.07,44.9,2.5,LOW,100
VINNY.NS,SELL,1.01,-4.97,-5.61,1.04,,,1.05,0.9,2.5,LOW,100
SHIVAMILLS.NS,HOLD,60.03,-1.92,0.65,2.18,,,56.17,65.17,1.33,LOW,80
UWCSL.NS,BUY,110.25,9.78,9.37,1.73,108.05,112.45,108.9,113.62,2.5,LOW,100
LEXUS.NS,SELL,13.26,-7.79,-3.91,3.17,,,15.44,7.81,2.5,LOW,100
BABAFP.NS,BUY,23.85,0.62,7.19,5.22,23.37,24.33,22.13,28.15,2.5,LOW,80
HBSL.NS,BUY,54.98,4.66,1.85,1.49,53.88,56.08,49.81,67.9,2.5,LOW,80
BMETRICS.NS,HOLD,35.15,-2.54,1.88,3.77,,,32.62,38.53,1.33,LOW,80
ADROITINFO.NS,BUY,10.68,10.45,3.39,2.32,10.47,10.89,9.41,13.87,2.5,LOW,100
AUROIMPEX.NS,BUY,27.5,6.12,10.0,2.89,26.95,28.05,25.46,32.61,2.5,LOW,100
TARAPUR.NS,SELL,12.9,-18.74,-15.3,2.96,,,15.26,6.99,2.5,LOW,100
RCDL.NS,SELL,14.15,-41.96,-26.68,9.22,,,17.58,5.57,2.5,LOW,100
SEL.NS,BUY,317.95,24.14,5.28,3.84,311.59,324.31,296.19,372.36,2.5,LOW,100
LCCINFOTEC.NS,HOLD,3.79,-8.13,7.37,3.9,,,3.25,4.51,1.33,LOW,100
MCON.NS,HOLD,44.0,0.01,-9.28,3.82,,,41.74,47.01,1.33,LOW,80
ASTRON.NS,SELL,2.96,-17.18,-1.99,2.17,,,3.31,2.09,2.5,LOW,80
KHAITANLTD.NS,BUY,163.0,16.09,7.28,3.3,159.74,166.26,144.74,208.66,2.5,LOW,100
AROGRANITE.NS,SELL,24.25,-3.66,-2.26,1.62,,,26.12,19.57,2.5,LOW,100
SIMBHALS.NS,HOLD,7.5,2.92,-13.69,3.26,,,7.06,8.08,1.33,LOW,100
HYBRIDFIN.NS,HOLD,17.4,-3.63,1.81,2.18,,,16.39,18.74,1.33,LOW,80
VISHWAS.NS,HOLD,44.2,0.37,10.36,2.6,,,42.77,46.11,1.33,LOW,80
QUICKTOUCH.NS,SELL,16.0,-23.18,-4.19,3.48,,,17.31,12.71,2.5,LOW,100
21STCENMGM.NS,HOLD,38.75,1.07,-11.87,1.66,,,36.9,41.22,1.33,LOW,100
DKEGL.NS,SELL,65.25,-3.05,-6.79,2.83,,,68.93,56.05,2.5,LOW,100
DNAMEDIA.NS,HOLD,2.63,-3.91,3.54,2.58,,,2.26,3.12,1.33,LOW,100
LASA.NS,SELL,6.72,-6.75,-7.44,1.48,,,7.64,4.42,2.5,LOW,100
PENTAGON.NS,BUY,82.3,50.85,55.28,6.57,80.65,83.95,76.46,96.91,2.5,LOW,100
RULKA.NS,HOLD,106.25,-0.31,-1.62,2.29,,,99.17,115.69,1.33,LOW,60
UCL.NS,HOLD,249.75,14.67,-3.94,1.92,,,248.65,251.21,1.33,LOW,100
SUPERSPIN.NS,BUY,6.98,19.69,16.72,2.11,6.84,7.12,6.54,8.08,2.5,LOW,100
COUNCODOS.NS,HOLD,6.49,4.03,-4.14,2.31,,,6.0,7.14,1.33,LOW,100
WEWIN.NS,SELL,42.85,-6.77,-5.87,2.12,,,46.79,33.0,2.5,LOW,100
MADHUCON.NS,SELL,4.63,-13.67,-10.1,2.7,,,5.3,2.95,2.5,LOW,100
AGNI.NS,HOLD,15.25,-9.15,-0.33,2.99,,,14.51,16.24,1.33,LOW,80
MASKINVEST.NS,HOLD,148.64,-1.17,1.35,2.91,,,140.78,159.12,1.33,LOW,80
ITALIANE.NS,HOLD,33.5,0.45,-0.3,2.9,,,31.79,35.78,1.33,LOW,60
ARSHIYA.NS,SELL,0.72,-23.74,-20.88,2.18,,,0.81,0.48,2.5,LOW,100
MOXSH.NS,SELL,99.0,-8.14,-9.17,2.23,,,102.29,90.79,2.5,LOW,100
SEYAIND.NS,HOLD,12.49,-0.74,2.29,1.48,,,11.94,13.22,1.33,LOW,80
PEARLPOLY.NS,SELL,15.69,-6.74,-2.97,1.98,,,17.38,11.47,2.5,LOW,100
SVPGLOB.NS,SELL,3.58,-6.13,-4.28,1.69,,,3.99,2.54,2.5,LOW,100
MILTON.NS,HOLD,38.1,2.28,-5.93,3.23,,,36.45,40.3,1.33,LOW,100
SAGARDEEP.NS,HOLD,23.72,-2.23,-0.67,1.03,,,22.04,25.96,1.33,LOW,80
PROLIFE.NS,HOLD,79.0,1.01,-0.57,3.07,,,76.8,81.93,1.33,LOW,80
GANGAFORGE.NS,SELL,1.61,-19.68,-17.44,4.55,,,1.81,1.11,2.5,LOW,100
NGIL.NS,HOLD,39.1,-2.46,-0.38,2.91,,,35.88,43.4,1.33,LOW,80
UMA.NS,BUY,18.0,10.32,23.29,4.62,17.64,18.36,16.35,22.13,2.5,LOW,100
ADL.NS,HOLD,74.8,4.32,-0.35,2.95,,,68.52,83.18,1.33,LOW,80
ABMINTLLTD.NS,HOLD,54.75,13.92,-6.2,8.07,,,50.98,59.78,1.33,LOW,100
AKASH.NS,HOLD,25.5,-2.37,2.82,2.08,,,23.96,27.55,1.33,LOW,100
AATMAJ.NS,SELL,18.25,-2.42,-1.62,1.48,,,18.73,17.05,2.5,LOW,80
HRHNEXT.NS,SELL,25.4,-4.64,-5.93,3.75,,,27.95,19.03,2.5,LOW,100
PRECISION.NS,SELL,6.5,-11.27,-10.96,3.34,,,6.99,5.29,2.5,LOW,100
DEEM.NS,HOLD,42.3,-11.1,5.22,2.86,,,40.63,44.53,1.33,LOW,100
AMBICAAGAR.NS,BUY,27.0,8.23,8.61,2.46,26.46,27.54,24.27,33.82,2.5,LOW,100
MOHITIND.NS,HOLD,23.75,-0.1,2.55,2.86,,,21.35,26.95,1.33,LOW,80
JFLLIFE.NS,SELL,9.85,-12.94,-9.63,2.47,,,10.69,7.74,2.5,LOW,100
KONTOR.NS,SELL,52.95,-9.58,-5.36,3.22,,,57.79,40.86,2.5,LOW,100
VIJIFIN.NS,BUY,17.24,57.94,23.85,0.45,16.9,17.58,16.62,18.8,2.5,LOW,100
SIGNORIA.NS,HOLD,159.0,8.16,-1.85,1.97,,,155.29,163.95,1.33,LOW,80
AKSHAR.NS,BUY,0.44,4.96,7.32,1.62,0.43,0.45,0.4,0.53,2.5,LOW,100
KEEPLEARN.NS,BUY,1.92,1.17,5.49,3.89,1.88,1.96,1.62,2.67,2.5,LOW,100
RADIOWALLA.NS,BUY,28.7,6.97,14.8,2.92,28.13,29.27,27.16,32.54,2.5,LOW,100
JETKNIT.NS,SELL,48.45,-21.99,-14.1,2.03,,,50.01,44.56,2.5,LOW,100
PNC.NS,SELL,16.5,-13.92,-10.57,2.18,,,19.06,10.1,2.5,LOW,100
NEXTMEDIA.NS,HOLD,3.84,-2.88,0.79,7.01,,,3.22,4.67,1.33,LOW,80
WALPAR.NS,SELL,23.75,-26.85,-24.6,3.26,,,26.31,17.36,2.5,LOW,100
ASHOKAMET.NS,HOLD,14.05,-0.8,1.37,1.61,,,13.08,15.34,1.33,LOW,60
BOHRAIND.NS,SELL,12.85,-7.36,-11.74,3.99,,,15.46,6.32,2.5,LOW,100
TIMESCAN.NS,HOLD,39.5,-3.0,-0.25,1.22,,,38.65,40.64,1.33,LOW,80
NKIND.NS,BUY,61.25,0.67,3.71,5.66,60.02,62.48,48.94,92.01,2.5,LOW,80
AKG.NS,HOLD,9.64,-0.45,8.07,2.06,,,8.66,10.95,1.33,LOW,80
AGARWALFT.NS,SELL,28.6,-23.55,-22.28,3.44,,,30.54,23.76,2.5,LOW,100
LAXMICOT.NS,SELL,13.37,-5.81,-2.19,3.78,,,15.23,8.72,2.5,LOW,100
SITINET.NS,HOLD,0.29,-4.86,3.57,1.64,,,0.27,0.32,1.33,LOW,100
MEDIORG.NS,BUY,26.5,7.31,9.05,3.44,25.97,27.03,24.79,30.77,2.5,LOW,100
MADHAV.NS,HOLD,35.01,-0.6,-0.37,2.31,,,32.46,38.41,1.33,LOW,60
TRIDHYA.NS,SELL,7.2,-25.1,-12.2,2.82,,,7.51,6.41,2.5,LOW,100
MONOPHARMA.NS,HOLD,8.95,-6.58,5.92,2.42,,,8.6,9.41,1.33,LOW,100
SGL.NS,SELL,9.92,-0.65,-1.78,1.86,,,11.02,7.17,2.5,LOW,60
KRIDHANINF.NS,SELL,2.01,-14.83,-1.47,1.5,,,2.25,1.4,2.5,LOW,80
KANANIIND.NS,BUY,1.52,0.81,2.01,2.41,1.49,1.55,1.39,1.85,2.5,LOW,80
KSR.NS,BUY,35.85,20.78,24.48,4.92,35.13,36.57,31.58,46.53,2.5,LOW,100
KKVAPOW.NS,SELL,368.0,-20.74,-9.68,2.04,,,376.69,346.27,2.5,LOW,100
NEUEON.NS,SELL,12.36,-16.14,-14.88,4.94,,,14.3,7.51,2.5,LOW,100
VINEETLAB.NS,HOLD,37.21,0.53,-0.43,2.34,,,34.32,41.07,1.33,LOW,60
SATIPOLY.NS,SELL,38.9,-1.5,-12.98,3.84,,,41.61,32.11,2.5,LOW,100
TAPIFRUIT.NS,SELL,49.0,-1.44,-5.77,1.36,,,49.73,47.18,2.5,LOW,100
WILLAMAGOR.NS,SELL,23.88,-6.37,-3.98,2.48,,,27.54,14.73,2.5,LOW,100
TECILCHEM.NS,HOLD,9.22,-3.55,5.13,6.14,,,7.55,11.45,1.33,LOW,100
MEP.NS,BUY,0.69,9.66,1.47,1.37,0.68,0.7,0.67,0.75,2.5,LOW,80
KHANDSE.NS,BUY,17.71,1.63,3.51,2.71,17.36,18.06,15.01,24.47,2.5,LOW,100
NAGREEKCAP.NS,BUY,23.59,1.07,1.77,2.4,23.12,24.06,20.78,30.61,2.5,LOW,80
KAUSHALYA.NS,SELL,853.0,-8.2,-3.62,1.55,,,909.94,710.64,2.5,LOW,100
INFOMEDIA.NS,HOLD,5.45,0.23,2.25,2.66,,,4.91,6.16,1.33,LOW,80
BILVYAPAR.NS,HOLD,4.1,0.03,-2.84,2.0,,,3.77,4.54,1.33,LOW,80
VILINBIO.NS,BUY,54.25,23.57,32.0,3.41,53.16,55.34,51.34,61.52,2.5,LOW,100
MITTAL.NS,BUY,0.99,9.68,12.5,5.7,0.97,1.01,0.87,1.28,2.5,LOW,100
AGUL.NS,SELL,45.9,-17.04,-14.45,2.03,,,47.01,43.13,2.5,LOW,100
VERA.NS,HOLD,86.25,12.96,0.0,1.54,,,85.81,86.84,1.33,LOW,80
SKIL.NS,SELL,0.83,-6.85,-3.49,1.68,,,0.85,0.78,2.5,LOW,100
CELLPOINT.NS,HOLD,16.3,-1.5,6.89,3.76,,,15.12,17.87,1.33,LOW,100
ROLLT.NS,BUY,4.8,61.57,25.65,3.59,4.7,4.9,4.27,6.13,2.5,LOW,100
TGBHOTELS.NS,HOLD,9.58,4.31,-0.83,2.42,,,8.54,10.96,1.33,LOW,80
ASPIRE.NS,HOLD,13.25,-5.73,0.0,3.39,,,12.38,14.41,1.33,LOW,80
SHRENIK.NS,HOLD,0.29,-12.07,3.57,2.29,,,0.27,0.32,1.33,LOW,100
VSCL.NS,SELL,20.9,-20.74,-3.46,3.98,,,22.16,17.76,2.5,LOW,100
TREEHOUSE.NS,HOLD,6.18,-2.4,-0.96,2.6,,,5.46,7.14,1.33,LOW,80
LIBAS.NS,HOLD,10.0,-3.11,0.4,2.14,,,8.92,11.44,1.33,LOW,80
DIL.NS,SELL,0.65,-15.8,-8.45,1.7,,,0.66,0.63,0,LOW,100
FLFL.NS,BUY,1.29,2.43,13.16,2.04,1.26,1.32,1.14,1.67,2.5,LOW,100
YUDIZ.NS,BUY,26.95,7.79,17.43,3.45,26.41,27.49,24.81,32.29,2.5,LOW,100
MICROPRO.NS,BUY,19.85,4.11,5.03,2.66,19.45,20.25,19.19,21.51,2.5,LOW,100
CONTI.NS,HOLD,11.1,-1.4,0.0,3.53,,,10.49,11.91,1.33,LOW,80
HAVISHA.NS,HOLD,1.32,0.86,-5.71,3.4,,,1.13,1.57,1.33,LOW,80
GFSTEELS.NS,BUY,16.5,13.83,10.0,2.24,16.17,16.83,16.29,17.04,2.5,LOW,100
MFML.NS,SELL,18.59,-3.35,-3.28,2.38,,,20.82,13.01,2.5,LOW,100
MORARJEE.NS,SELL,9.7,-8.05,-4.81,1.74,,,9.84,9.34,2.5,LOW,100
KSHITIJPOL.NS,BUY,3.63,19.0,28.27,3.89,3.56,3.7,3.31,4.44,2.5,LOW,100
EASTSILK.NS,HOLD,57.0,-0.07,-10.73,4.35,,,51.02,64.98,1.33,LOW,80
AILIMITED.NS,HOLD,22.25,-25.83,36.09,12.26,,,21.49,23.26,1.33,NORMAL,100
SPRL.NS,HOLD,102.5,-1.0,0.0,0.11,,,101.96,103.22,1.33,LOW,60
MANDEEP.NS,HOLD,18.0,-5.8,2.86,2.54,,,17.27,18.98,1.33,LOW,100
CYBERMEDIA.NS,BUY,23.92,40.9,36.37,5.89,23.44,24.4,19.9,33.97,2.5,LOW,100
MANAV.NS,BUY,38.7,27.06,29.87,2.22,37.93,39.47,36.65,43.83,2.5,LOW,100
SUPREMEENG.NS,BUY,3.15,46.05,22.09,1.2,3.09,3.21,3.04,3.43,2.5,LOW,100
TVVISION.NS,SELL,3.2,-26.36,-5.88,3.76,,,3.74,1.85,2.5,LOW,100
NIDAN.NS,BUY,14.1,4.82,5.62,5.74,13.82,14.38,11.7,20.1,2.5,LOW,100
ANKITMETAL.NS,HOLD,1.64,4.73,-4.65,3.23,,,1.53,1.78,1.33,LOW,100
SANGINITA.NS,BUY,61.9,10.51,15.49,4.23,60.66,63.14,55.16,78.75,2.5,LOW,100
GUJRAFFIA.NS,BUY,41.4,2.69,1.92,2.78,40.57,42.23,37.9,50.14,2.5,LOW,80
CALSOFT.NS,BUY,37.0,43.89,26.67,4.44,36.26,37.74,32.95,47.12,2.5,LOW,100
GTECJAINX.NS,HOLD,29.25,2.26,-1.32,2.99,,,27.0,32.25,1.33,LOW,80
ACEINTEG.NS,SELL,17.63,-8.11,-1.01,2.53,,,19.76,12.3,2.5,LOW,80
RETAIL.NS,SELL,16.56,-5.02,-2.59,2.97,,,19.42,9.42,2.5,LOW,100
FEL.NS,SELL,0.37,-3.04,-7.5,1.94,,,0.4,0.29,2.5,LOW,100
YCCL.NS,SELL,8.6,-11.27,-10.88,2.33,,,8.79,8.14,2.5,LOW,100
CMRSL.NS,BUY,73.15,12.22,6.01,3.51,71.69,74.61,67.81,86.49,2.5,LOW,100
SANWARIA.NS,HOLD,0.19,-3.16,0.0,3.15,,,0.17,0.22,1.33,LOW,80
VCL.NS,HOLD,1.58,8.44,-29.15,4.73,,,1.42,1.79,1.33,LOW,100
INSPIRE.NS,SELL,8.45,-2.32,-1.17,2.95,,,8.87,7.4,2.5,LOW,80
VIVIDHA.NS,HOLD,0.53,1.18,0.0,1.87,,,0.48,0.6,1.33,LOW,80
DHTL.NS,HOLD,32.6,-6.83,3.66,3.39,,,31.44,34.14,1.33,LOW,100
HEADSUP.NS,BUY,7.01,2.1,2.19,3.16,6.87,7.15,6.13,9.2,2.5,LOW,100
BLUECHIP.NS,BUY,2.14,6.28,9.18,0.97,2.1,2.18,2.09,2.28,2.5,LOW,100
SHANTHALA.NS,HOLD,16.6,-14.25,0.61,5.74,,,15.74,17.75,1.33,LOW,80
MPTODAY.NS,SELL,41.55,-8.42,-9.67,1.53,,,42.19,39.96,2.5,LOW,100
MAKS.NS,SELL,13.75,-22.67,-2.14,3.21,,,14.74,11.29,2.5,LOW,100
MARINETRAN.NS,HOLD,16.1,7.51,0.0,2.77,,,15.92,16.34,1.33,LOW,80
NIRAJISPAT.NS,BUY,350.05,53.38,62.06,8.03,343.05,357.05,300.91,472.91,2.5,LOW,100
SUNREST.NS,HOLD,39.0,5.92,-4.88,6.61,,,35.3,43.93,1.33,LOW,100
QFIL.NS,BUY,63.0,3.45,5.0,1.54,61.74,64.26,62.57,64.07,2.5,LOW,100
TIJARIA.NS,BUY,8.62,62.38,46.85,7.55,8.45,8.79,6.95,12.8,2.5,LOW,100
SILLYMONKS.NS,BUY,16.2,1.13,2.02,2.48,15.88,16.52,14.64,20.09,2.5,LOW,100
RADAAN.NS,SELL,2.96,-1.44,-2.31,2.16,,,3.36,1.96,2.5,LOW,100
UNIINFO.NS,SELL,10.95,-7.75,-3.18,1.58,,,12.09,8.11,2.5,LOW,100
ISHAN.NS,BUY,0.55,9.13,10.0,5.63,0.54,0.56,0.51,0.66,2.5,LOW,100
JIWANRAM.NS,SELL,4.3,-13.98,-8.51,2.47,,,4.67,3.37,2.5,LOW,100
VERITAAS.NS,SELL,29.9,-14.59,-10.21,2.15,,,30.99,27.19,2.5,LOW,100
UNIVAFOODS.NS,HOLD,9.03,1.65,0.0,1.12,,,8.98,9.09,1.33,LOW,80
EDUCOMP.NS,HOLD,0.9,-1.96,1.12,1.25,,,0.89,0.92,1.33,LOW,80
SHUBHLAXMI.NS,SELL,18.5,-11.48,-7.04,2.09,,,18.92,17.45,2.5,LOW,100
ONELIFECAP.NS,SELL,30.78,-11.88,-5.67,3.07,,,34.94,20.37,2.5,LOW,100
WINNY.NS,SELL,31.0,-10.32,-8.01,2.1,,,31.61,29.46,2.5,LOW,100
GLFL.NS,SELL,5.35,-5.84,-7.28,3.31,,,6.12,3.44,2.5,LOW,100
TCIFINANCE.NS,HOLD,14.97,-3.11,-0.93,1.13,,,13.82,16.5,1.33,LOW,80
GSTL.NS,SELL,12.0,-22.08,-13.67,2.77,,,13.2,9.0,2.5,LOW,100
IMPEXFERRO.NS,BUY,4.9,58.27,22.81,0.44,4.8,5.0,4.73,5.33,2.5,LOW,100
SAROJA.NS,BUY,38.95,18.71,13.23,3.07,38.17,39.73,36.67,44.65,2.5,LOW,100
COMPINFO.NS,SELL,1.07,-5.98,-3.6,2.39,,,1.21,0.73,2.5,LOW,100
ANTGRAPHIC.NS,HOLD,0.73,-2.95,0.0,1.85,,,0.67,0.81,1.33,LOW,80
QUADPRO.NS,BUY,2.5,4.04,4.17,0.63,2.45,2.55,2.49,2.54,2.5,LOW,100
PLADAINFO.NS,BUY,10.85,2.14,9.6,2.52,10.63,11.07,10.6,11.48,2.5,LOW,100
SHYAMTEL.NS,SELL,11.02,-28.46,-21.23,4.8,,,13.04,5.96,2.5,LOW,100
CREATIVEYE.NS,SELL,6.01,-2.42,-3.06,2.25,,,6.82,3.99,2.5,LOW,100
ARENTERP.NS,SELL,34.76,-7.31,-4.92,2.82,,,37.61,27.64,2.5,LOW,100
MTEDUCARE.NS,HOLD,1.89,-0.64,3.28,3.11,,,1.68,2.17,1.33,LOW,80
UMESLTD.NS,SELL,5.11,-8.78,-12.65,5.21,,,6.22,2.34,2.5,LOW,100
VIVO.NS,HOLD,151.05,37.59,-3.79,3.2,,,145.85,157.99,1.33,LOW,100
GLOBALE.NS,HOLD,11.64,3.96,-1.02,1.73,,,10.55,13.09,1.33,LOW,80
KALYANI.NS,BUY,144.99,4.37,5.0,1.12,142.09,147.89,144.0,147.45,2.5,LOW,100
EUROTEXIND.NS,SELL,13.73,-1.21,-1.93,0.97,,,13.78,13.6,2.5,LOW,80
AHIMSA.NS,HOLD,25.75,2.45,-0.19,1.1,,,25.46,26.14,1.33,LOW,80
INDIFRA.NS,BUY,12.85,6.48,7.53,1.2,12.59,13.11,12.69,13.26,2.5,LOW,100
AMIABLE.NS,BUY,77.0,8.49,18.46,4.91,75.46,78.54,74.74,82.64,2.5,LOW,100
SHANTI.NS,HOLD,6.5,-2.08,2.69,3.12,,,5.79,7.45,1.33,LOW,100
DCMFINSERV.NS,HOLD,5.2,-1.64,1.36,2.82,,,4.68,5.89,1.33,LOW,80
TRANSWIND.NS,SELL,11.3,-11.09,-5.04,2.33,,,11.79,10.09,2.5,LOW,100
RITEZONE.NS,BUY,20.5,2.15,14.21,2.64,20.09,20.91,19.46,23.09,2.5,LOW,100
PREMIER.NS,HOLD,2.84,-0.43,4.41,3.05,,,2.59,3.17,1.33,LOW,80
ORTINGLOBE.NS,BUY,16.1,3.22,5.3,2.54,15.78,16.42,14.52,20.06,2.5,LOW,100
SABAR.NS,BUY,9.5,50.96,36.69,3.55,9.31,9.69,8.8,11.25,2.5,LOW,100
FALCONTECH.NS,HOLD,12.45,4.75,-2.73,2.39,,,11.72,13.42,1.33,LOW,100
CBAZAAR.NS,SELL,4.5,-19.66,-10.0,1.82,,,4.61,4.23,2.5,LOW,100
ACCORD.NS,SELL,188.45,-3.06,-4.99,1.12,,,189.86,184.91,2.5,LOW,100
SMVD.NS,BUY,17.0,15.05,4.62,1.74,16.66,17.34,16.71,17.71,2.5,LOW,100
SETUINFRA.NS,BUY,0.61,35.92,35.56,2.6,0.6,0.62,0.55,0.75,2.5,LOW,100
JALAN.NS,SELL,1.8,-0.99,-5.26,1.99,,,1.86,1.64,2.5,LOW,80
CMICABLES.NS,SELL,2.53,-8.99,-1.94,1.24,,,2.56,2.45,2.5,LOW,80
LAKPRE.NS,BUY,5.35,6.88,25.0,4.19,5.24,5.46,4.65,7.09,2.5,LOW,100
BGLOBAL.NS,HOLD,3.16,-0.35,0.32,0.83,,,3.1,3.24,1.33,LOW,60
ORTEL.NS,HOLD,1.9,1.48,-9.52,2.17,,,1.88,1.93,1.33,LOW,100
QUINTEGRA.NS,SELL,1.21,-8.95,-4.72,1.74,,,1.24,1.12,2.5,LOW,100
RAJVIR.NS,SELL,5.32,-10.8,-5.0,1.12,,,5.36,5.22,2.5,LOW,100
VASA.NS,SELL,4.05,-7.49,-4.71,1.42,,,4.11,3.91,2.5,LOW,100
AHLWEST.NS,SELL,522.0,-5.61,-1.93,2.93,,,575.26,388.84,2.5,LOW,80
BURNPUR.NS,HOLD,19.47,-27.1,44.33,10.45,,,17.58,21.99,1.33,LOW,100
CLCIND.NS,SELL,47.48,-7.09,-1.39,2.11,,,50.48,39.98,2.5,LOW,80
DSKULKARNI.NS,BUY,19.42,37.14,20.32,2.62,19.03,19.81,18.55,21.61,2.5,LOW,100
MBECL.NS,BUY,285.42,240.4,336.42,53.88,279.71,291.13,253.99,364.0,2.5,ELEVATED,80
MCX.NS,BUY,3321.0,13.57,1.5,2.39,3254.58,3387.42,3109.79,3849.04,2.5,LOW,80
