Ticker,Signal,Current_Price,Trend_Percent,Momentum_Percent,Volatility_Percent,Buy_Range_Low,Buy_Range_High,Stop_Loss,Target,RR_Ratio,Risk_Context,Confidence
RELIANCE.NS,SELL,1245.0,-3.92,-5.82,1.06,,,1284.66,1145.86,2.5,LOW,100
HDFCBANK.NS,HOLD,725.75,-1.34,1.92,1.28,,,707.15,750.55,1.33,LOW,80
BHARTIARTL.NS,HOLD,1840.5,-3.29,0.03,1.48,,,1803.28,1890.13,1.33,LOW,80
TCS.NS,SELL,2132.0,-7.33,-7.47,1.7,,,2255.4,1823.5,2.5,LOW,100
ICICIBANK.NS,SELL,1343.4,-5.15,-5.61,1.01,,,1383.01,1244.36,2.5,LOW,100
SBIN.NS,SELL,991.5,-4.13,-2.42,1.23,,,1025.07,907.57,2.5,LOW,100
INFY.NS,SELL,1044.5,-6.16,-7.57,1.96,,,1100.69,904.04,2.5,LOW,100
BAJFINANCE.NS,SELL,1026.4,-3.82,-2.15,1.06,,,1064.04,932.29,2.5,LOW,100
HINDUNILVR.NS,HOLD,1956.9,-4.57,-0.26,0.93,,,1914.01,2014.09,1.33,LOW,80
LICI.NS,SELL,400.5,-3.49,-3.58,1.24,,,414.42,365.7,2.5,LOW,100
LT.NS,SELL,3870.5,-2.17,-2.36,0.93,,,3988.39,3575.79,2.5,LOW,100
ITC.NS,HOLD,264.95,-3.21,0.32,1.57,,,257.92,274.33,1.33,LOW,80
MARUTI.NS,SELL,12201.0,-8.79,-3.88,1.23,,,12673.29,11020.29,2.5,LOW,100
M&M.NS,SELL,3071.1,-6.1,-3.12,1.02,,,3199.17,2750.92,2.5,LOW,100
HCLTECH.NS,SELL,1238.6,-3.99,-4.24,1.83,,,1311.9,1055.35,2.5,LOW,100
KOTAKBANK.NS,HOLD,415.7,3.81,-2.07,1.27,,,406.73,427.66,1.33,LOW,100
SUNPHARMA.NS,SELL,1853.7,-3.58,-2.39,1.21,,,1909.46,1714.31,2.5,LOW,100
AXISBANK.NS,SELL,1243.7,-0.75,-1.84,1.35,,,1293.49,1119.24,2.5,LOW,60
ULTRACEMCO.NS,SELL,11031.0,-4.25,-3.3,1.24,,,11419.0,10061.0,2.5,LOW,100
BAJAJFINSV.NS,SELL,1861.2,-5.05,-6.57,1.18,,,1935.36,1675.81,2.5,LOW,100
TITAN.NS,SELL,4792.0,-2.79,-4.54,0.98,,,4948.64,4400.39,2.5,LOW,100
NTPC.NS,SELL,328.1,-2.49,-1.32,0.8,,,336.88,306.15,2.5,LOW,80
HAL.NS,BUY,4833.0,1.34,1.41,1.6,4736.34,4929.66,4612.63,5383.93,2.5,LOW,80
ADANIPORTS.NS,BUY,1767.0,2.14,3.55,2.26,1731.66,1802.34,1681.44,1980.89,2.5,LOW,100
ONGC.NS,HOLD,233.59,-2.06,-0.45,1.03,,,227.29,241.99,1.33,LOW,80
ETERNAL.NS,HOLD,327.65,5.0,0.88,0.95,,,316.26,342.84,1.33,LOW,80
BEL.NS,SELL,398.2,-1.39,-1.76,1.6,,,413.41,360.16,2.5,LOW,80
ADANIENT.NS,HOLD,2951.1,-2.69,0.45,2.92,,,2839.71,3099.61,1.33,LOW,80
DMART.NS,SELL,3686.6,-5.29,-2.21,1.02,,,3804.87,3390.92,2.5,LOW,100
JSWSTEEL.NS,SELL,1272.3,-0.71,-2.73,1.51,,,1322.8,1146.05,2.5,LOW,80
ADANIPOWER.NS,HOLD,207.66,-0.99,0.22,2.46,,,200.08,217.76,1.33,LOW,60
WIPRO.NS,SELL,163.88,-7.77,-7.1,1.43,,,170.92,146.29,2.5,LOW,100
POWERGRID.NS,HOLD,265.85,-3.11,-0.36,1.22,,,259.82,273.89,1.33,LOW,80
ASIANPAINT.NS,SELL,2445.4,-7.19,-3.24,1.21,,,2532.21,2228.36,2.5,LOW,100
BAJAJ-AUTO.NS,HOLD,11446.0,-0.12,-3.98,1.3,,,11116.43,11885.43,1.33,LOW,80
COALINDIA.NS,HOLD,410.6,-0.03,-1.14,1.35,,,397.41,428.19,1.33,LOW,60
NESTLEIND.NS,SELL,1380.9,-5.18,-2.48,1.37,,,1438.07,1237.97,2.5,LOW,100
INDIGO.NS,HOLD,4947.0,-4.11,-0.66,1.6,,,4771.82,5180.57,1.33,LOW,80
IOC.NS,SELL,135.57,-1.9,-1.48,1.2,,,140.11,124.21,2.5,LOW,80
TATASTEEL.NS,HOLD,187.26,0.58,-0.81,1.3,,,180.21,196.66,1.33,LOW,60
TMPV.NS,SELL,305.1,-5.99,-2.05,1.61,,,320.61,266.31,2.5,LOW,100
HINDZINC.NS,HOLD,585.0,2.78,-2.66,2.39,,,562.04,615.61,1.33,LOW,100
JIOFIN.NS,SELL,231.3,-4.37,-2.59,1.16,,,239.85,209.92,2.5,LOW,100
HYUNDAI.NS,HOLD,2172.5,2.02,0.95,1.22,,,2092.49,2279.19,1.33,LOW,80
GRASIM.NS,SELL,3181.0,-1.28,-3.46,1.2,,,3297.14,2890.64,2.5,LOW,100
SBILIFE.NS,HOLD,1765.1,-1.76,-0.56,1.75,,,1710.38,1838.06,1.33,LOW,80
VEDL.NS,SELL,260.6,-3.08,-4.23,1.78,,,273.24,229.01,2.5,LOW,100
DLF.NS,SELL,650.45,-1.51,-4.58,1.65,,,687.06,558.91,2.5,LOW,100
EICHERMOT.NS,SELL,7495.0,-3.47,-2.54,1.04,,,7768.0,6812.5,2.5,LOW,100
TRENT.NS,SELL,2785.0,-4.29,-2.38,1.01,,,2894.19,2512.04,2.5,LOW,100
HINDALCO.NS,SELL,989.8,-1.17,-1.97,1.55,,,1032.14,883.94,2.5,LOW,80
DIVISLAB.NS,BUY,9345.0,10.65,2.69,1.79,9158.1,9531.9,8937.36,10364.11,2.5,LOW,100
HDFCLIFE.NS,BUY,561.6,2.97,2.78,2.03,550.37,572.83,533.54,631.74,2.5,LOW,100
IRFC.NS,SELL,80.35,-6.54,-2.78,0.86,,,83.18,73.27,2.5,LOW,100
ADANIGREEN.NS,HOLD,1295.7,-5.03,0.96,2.43,,,1237.03,1373.93,1.33,LOW,80
VBL.NS,HOLD,421.1,-3.07,3.31,1.66,,,408.25,438.23,1.33,LOW,100
TVSMOTOR.NS,HOLD,4159.8,0.19,0.65,1.29,,,4004.98,4366.23,1.33,LOW,60
PIDILITIND.NS,SELL,1589.0,-1.81,-2.49,1.69,,,1648.49,1440.29,2.5,LOW,100
BPCL.NS,HOLD,313.65,-0.2,-0.65,1.34,,,303.3,327.45,1.33,LOW,60
TECHM.NS,SELL,1536.7,-3.05,-5.32,1.58,,,1626.07,1313.27,2.5,LOW,100
BAJAJHLDNG.NS,HOLD,11236.0,1.26,0.64,1.59,,,10906.86,11674.86,1.33,LOW,80
BRITANNIA.NS,SELL,5010.0,-5.56,-1.79,0.82,,,5175.36,4596.61,2.5,LOW,80
AMBUJACEM.NS,SELL,390.45,-6.34,-3.59,1.23,,,403.0,359.07,2.5,LOW,100
TATACAP.NS,SELL,347.6,-3.93,-6.52,1.34,,,362.5,310.35,2.5,LOW,100
BANKBARODA.NS,SELL,232.52,-4.51,-3.29,1.07,,,240.4,212.83,2.5,LOW,100
CHOLAFIN.NS,SELL,1785.5,-2.66,-2.21,1.23,,,1870.41,1573.21,2.5,LOW,100
SHRIRAMFIN.NS,SELL,1015.3,-4.85,-2.47,1.84,,,1068.33,882.73,2.5,LOW,100
TMCV.NS,SELL,437.75,-1.53,-4.46,1.68,,,463.28,373.93,2.5,LOW,100
PNB.NS,HOLD,117.3,2.87,0.26,0.94,,,114.1,121.57,1.33,LOW,80
ICICIAMC.NS,HOLD,3109.4,0.07,4.34,1.53,,,3011.36,3240.11,1.33,LOW,80
PFC.NS,HOLD,346.4,-8.58,0.26,1.63,,,335.44,361.01,1.33,LOW,80
SOLARINDS.NS,SELL,18870.0,-3.74,-12.01,3.54,,,20355.71,15155.71,2.5,LOW,100
MUTHOOTFIN.NS,SELL,2833.3,-4.31,-3.55,2.52,,,2987.4,2448.05,2.5,LOW,100
TATAPOWER.NS,HOLD,368.0,-1.26,0.0,1.49,,,356.68,383.1,1.33,LOW,80
CIPLA.NS,SELL,1380.3,-3.15,-2.3,0.97,,,1420.86,1278.91,2.5,LOW,100
TORNTPHARM.NS,SELL,4846.0,-2.07,-1.21,1.3,,,5052.43,4329.93,2.5,LOW,80
GODREJCP.NS,HOLD,882.05,-9.36,0.23,1.07,,,856.43,916.21,1.33,LOW,80
LODHA.NS,SELL,1138.8,-5.37,-7.71,2.54,,,1231.89,906.09,2.5,LOW,100
HDFCAMC.NS,SELL,2431.3,-4.86,-3.74,1.75,,,2539.11,2161.76,2.5,LOW,100
GAIL.NS,HOLD,173.2,-0.14,-0.12,1.33,,,169.07,178.7,1.33,LOW,60
CANBK.NS,SELL,123.45,-2.84,-1.63,0.84,,,127.41,113.56,2.5,LOW,80
MAXHEALTH.NS,HOLD,1046.8,-0.28,5.22,1.71,,,1014.42,1089.97,1.33,LOW,80
ENRIN.NS,HOLD,3126.0,-5.9,-0.93,1.87,,,2986.6,3311.87,1.33,LOW,80
SIEMENS.NS,SELL,3786.7,-1.77,-6.04,1.76,,,3974.24,3317.84,2.5,LOW,100
MAZDOCK.NS,SELL,2242.9,-7.62,-9.34,1.56,,,2370.56,1923.76,2.5,LOW,100
BOSCHLTD.NS,BUY,48065.0,6.89,1.72,1.58,47103.7,49026.3,45551.43,54348.93,2.5,LOW,80
ABB.NS,SELL,7184.5,-2.63,-3.53,1.53,,,7521.93,6340.93,2.5,LOW,100
MOTHERSON.NS,BUY,164.62,3.77,2.44,1.62,161.33,167.91,156.72,184.37,2.5,LOW,100
CUMMINSIND.NS,HOLD,5088.5,-4.26,0.35,1.48,,,4921.57,5311.07,1.33,LOW,80
TATACONSUM.NS,HOLD,1002.4,-5.36,-0.75,0.91,,,978.95,1033.67,1.33,LOW,80
LGEINDIA.NS,BUY,1675.4,4.24,2.11,1.2,1641.89,1708.91,1604.83,1851.83,2.5,LOW,100
POLYCAB.NS,HOLD,8304.5,-6.96,0.05,2.18,,,7986.39,8728.64,1.33,LOW,80
CGPOWER.NS,BUY,908.7,2.5,1.99,2.36,890.53,926.87,859.59,1031.47,2.5,LOW,80
UNIONBANK.NS,SELL,178.28,-0.63,-4.78,1.29,,,186.26,158.32,2.5,LOW,80
ADANIENSOL.NS,HOLD,1421.0,-9.1,0.81,2.97,,,1360.31,1501.91,1.33,LOW,80
APOLLOHOSP.NS,HOLD,8828.5,0.01,1.57,1.07,,,8628.79,9094.79,1.33,LOW,60
INDHOTEL.NS,BUY,737.1,1.24,2.37,1.52,722.36,751.84,707.36,811.44,2.5,LOW,100
HEROMOTOCO.NS,HOLD,5296.5,-1.41,-0.07,1.59,,,5117.62,5535.0,1.33,LOW,80
DRREDDY.NS,BUY,1196.4,1.59,3.58,1.51,1172.47,1220.33,1152.03,1307.33,2.5,LOW,100
SHREECEM.NS,SELL,22600.0,-9.48,-5.26,1.63,,,23577.86,20155.36,2.5,LOW,100
JINDALSTEL.NS,HOLD,1129.3,2.52,-2.6,1.51,,,1080.39,1194.51,1.33,LOW,100
IDBI.NS,SELL,82.77,-3.03,-8.67,3.54,,,89.45,66.07,2.5,LOW,100
SWIGGY.NS,HOLD,276.65,-0.05,0.2,1.48,,,264.78,292.47,1.33,LOW,60
BSE.NS,SELL,3258.5,-5.79,-1.44,2.14,,,3480.76,2702.86,2.5,LOW,80
MANKIND.NS,SELL,2296.0,-5.34,-3.07,1.39,,,2397.83,2041.43,2.5,LOW,100
INDIANB.NS,SELL,842.0,-1.96,-4.19,1.07,,,880.5,745.75,2.5,LOW,100
INDUSTOWER.NS,HOLD,377.9,-0.33,0.79,1.9,,,364.94,395.18,1.33,LOW,60
UNITDSPR.NS,SELL,1395.4,-5.14,-5.18,1.0,,,1449.09,1261.19,2.5,LOW,100
GMRAIRPORT.NS,HOLD,97.53,-5.34,0.68,2.3,,,93.49,102.92,1.33,LOW,80
RECLTD.NS,HOLD,312.25,-7.69,-0.43,1.14,,,303.18,324.34,1.33,LOW,80
ZYDUSLIFE.NS,BUY,1158.9,2.19,3.47,1.84,1135.72,1182.08,1101.59,1302.19,2.5,LOW,100
ICICIGI.NS,SELL,1479.8,-8.2,-3.72,1.12,,,1539.07,1331.62,2.5,LOW,100
GROWW.NS,SELL,189.15,-3.87,-2.5,1.79,,,199.11,164.25,2.5,LOW,100
DIXON.NS,SELL,13202.0,-6.33,-8.61,1.35,,,13922.71,11400.21,2.5,LOW,100
IDEA.NS,HOLD,14.22,2.08,-5.33,2.81,,,13.5,15.18,1.33,LOW,100
HAVELLS.NS,SELL,1094.5,-10.25,-8.26,1.25,,,1150.57,954.32,2.5,LOW,100
MARICO.NS,SELL,816.3,-3.36,-2.6,1.22,,,849.71,732.76,2.5,LOW,100
HINDPETRO.NS,SELL,354.1,-3.69,-2.01,1.28,,,369.47,315.67,2.5,LOW,100
WAAREEENER.NS,SELL,2512.0,-5.8,-4.59,1.37,,,2627.8,2222.51,2.5,LOW,100
BAJAJHFL.NS,HOLD,82.85,-2.5,-0.28,0.84,,,80.8,85.58,1.33,LOW,80
DABUR.NS,HOLD,385.6,-4.48,1.23,0.99,,,376.38,397.89,1.33,LOW,80
LUPIN.NS,HOLD,2089.0,-7.95,-1.0,1.0,,,2034.69,2161.41,1.33,LOW,80
JSWENERGY.NS,SELL,515.75,-5.38,-4.46,1.68,,,538.74,458.27,2.5,LOW,100
ICICIPRULI.NS,HOLD,498.05,-0.57,0.61,2.32,,,474.04,530.06,1.33,LOW,60
PERSISTENT.NS,SELL,5405.0,-0.89,-4.45,1.95,,,5724.93,4605.18,2.5,LOW,80
BHARTIHEXA.NS,SELL,1503.0,-4.27,-1.84,1.39,,,1577.4,1317.0,2.5,LOW,80
NAUKRI.NS,SELL,1259.0,-1.08,-6.3,1.38,,,1333.64,1072.39,2.5,LOW,100
SRF.NS,SELL,2545.5,-3.1,-2.73,1.08,,,2638.86,2312.11,2.5,LOW,100
BHEL.NS,HOLD,432.2,3.17,0.26,2.24,,,414.2,456.2,1.33,LOW,80
POWERINDIA.NS,HOLD,32020.0,-2.12,0.06,1.83,,,30688.75,33795.0,1.33,LOW,80
MEESHO.NS,BUY,214.25,8.08,2.51,1.55,209.97,218.53,199.88,250.18,2.5,LOW,100
NTPCGREEN.NS,SELL,87.08,-4.35,-1.86,0.82,,,89.66,80.63,2.5,LOW,80
NHPC.NS,HOLD,75.81,-1.98,-0.58,0.96,,,73.96,78.28,1.33,LOW,80
POLICYBZR.NS,HOLD,1776.3,4.32,-5.01,2.14,,,1688.9,1892.83,1.33,LOW,100
SBICARD.NS,SELL,638.05,-1.13,-3.47,1.98,,,678.54,536.84,2.5,LOW,100
ASHOKLEY.NS,SELL,161.43,-3.1,-4.48,1.56,,,169.86,140.35,2.5,LOW,100
SUZLON.NS,SELL,43.37,-9.27,-4.37,1.4,,,45.57,37.88,2.5,LOW,100
ABCAPITAL.NS,HOLD,402.55,-0.13,0.14,1.75,,,387.98,421.98,1.33,LOW,60
PAYTM.NS,BUY,1782.5,15.98,8.89,2.87,1746.85,1818.15,1651.27,2110.57,2.5,LOW,100
IOB.NS,SELL,32.05,-4.31,-4.47,0.93,,,33.2,29.17,2.5,LOW,100
OFSS.NS,SELL,11578.0,-0.72,-3.98,1.54,,,12155.14,10135.14,2.5,LOW,80
LENSKART.NS,BUY,700.1,13.87,2.22,1.43,686.1,714.1,665.79,785.87,2.5,LOW,100
GVT&D.NS,BUY,4370.0,0.52,1.48,3.09,4282.6,4457.4,4049.24,5171.89,2.5,LOW,60
RVNL.NS,SELL,204.3,-7.15,-2.39,1.46,,,213.78,180.61,2.5,LOW,100
PRESTIGE.NS,SELL,1466.0,-8.53,-9.24,2.26,,,1574.8,1194.0,2.5,LOW,100
LLOYDSME.NS,SELL,1825.0,-3.76,-1.28,1.21,,,1902.2,1632.0,2.5,LOW,80
UNOMINDA.NS,HOLD,1241.3,1.9,-0.67,1.72,,,1195.26,1302.69,1.33,LOW,80
FORTIS.NS,SELL,892.95,-3.74,-2.41,1.2,,,927.44,806.72,2.5,LOW,100
NYKAA.NS,SELL,324.0,-2.39,-3.05,1.77,,,339.21,285.98,2.5,LOW,100
OIL.NS,HOLD,477.0,2.3,-2.31,1.31,,,458.77,501.31,1.33,LOW,100
ATGL.NS,HOLD,632.0,-3.17,2.77,2.12,,,606.81,665.59,1.33,LOW,100
COROMANDEL.NS,HOLD,1961.1,-2.32,1.15,1.28,,,1907.53,2032.53,1.33,LOW,80
GICRE.NS,HOLD,342.3,-0.76,0.02,1.65,,,330.39,358.17,1.33,LOW,60
YESBANK.NS,BUY,23.22,1.58,3.2,1.8,22.76,23.68,22.17,25.84,2.5,LOW,100
VMM.NS,SELL,101.37,-5.9,-4.49,2.79,,,106.21,89.27,2.5,LOW,100
TORNTPOWER.NS,SELL,1264.7,-5.09,-1.91,1.47,,,1335.94,1086.59,2.5,LOW,80
AUROPHARMA.NS,BUY,1676.9,3.88,1.74,1.59,1643.36,1710.44,1592.97,1886.72,2.5,LOW,80
NMDC.NS,SELL,80.63,-4.51,-4.81,1.63,,,83.97,72.28,2.5,LOW,100
ALKEM.NS,HOLD,5336.0,-2.09,2.75,1.06,,,5191.52,5528.64,1.33,LOW,100
BERGEPAINT.NS,SELL,450.55,-10.35,-8.31,0.88,,,471.92,397.12,2.5,LOW,100
MRF.NS,SELL,124420.0,-5.52,-4.67,0.85,,,128562.86,114062.86,2.5,LOW,100
PATANJALI.NS,BUY,360.45,3.09,5.24,1.99,353.24,367.66,345.59,397.61,2.5,LOW,100
GODREJPROP.NS,SELL,1697.2,-15.57,-15.2,2.2,,,1830.73,1363.38,2.5,LOW,100
HDBFS.NS,HOLD,680.25,-1.57,-0.36,1.04,,,660.46,706.64,1.33,LOW,80
LTF.NS,SELL,307.7,-1.57,-2.9,1.87,,,324.75,265.07,2.5,LOW,100
JSWINFRA.NS,BUY,337.35,0.8,1.31,1.76,330.6,344.1,318.16,385.33,2.5,LOW,60
SCHAEFFLER.NS,BUY,4088.4,0.78,3.06,1.26,4006.63,4170.17,3924.86,4497.26,2.5,LOW,80
INDUSINDBK.NS,SELL,963.8,-4.27,-4.43,1.38,,,1003.09,865.59,2.5,LOW,100
JSL.NS,BUY,745.8,2.44,1.48,2.26,730.88,760.72,698.13,864.98,2.5,LOW,80
AUBANK.NS,SELL,1038.0,-1.95,-3.82,1.2,,,1082.4,927.0,2.5,LOW,100
COLPAL.NS,HOLD,1869.1,-4.58,1.03,1.33,,,1809.16,1949.01,1.33,LOW,80
OBEROIRLTY.NS,SELL,1750.0,-4.84,-7.99,1.61,,,1843.21,1516.96,2.5,LOW,100
BHARATFORG.NS,HOLD,1984.6,-4.83,0.18,2.14,,,1900.14,2097.21,1.33,LOW,80
FACT.NS,SELL,755.25,-7.62,-7.36,3.01,,,797.36,649.98,2.5,LOW,100
COFORGE.NS,HOLD,1764.1,0.26,-10.53,2.18,,,1676.36,1881.09,1.33,LOW,80
PHOENIXLTD.NS,SELL,1894.3,-2.93,-3.22,1.25,,,1981.37,1676.62,2.5,LOW,100
BANKINDIA.NS,SELL,138.7,-2.39,-4.34,0.99,,,143.99,125.46,2.5,LOW,100
TIINDIA.NS,SELL,2585.3,-7.31,-5.49,1.29,,,2722.66,2241.91,2.5,LOW,100
IRCTC.NS,SELL,466.8,-4.83,-1.64,0.98,,,480.08,433.6,2.5,LOW,80
BDL.NS,SELL,1170.2,-8.32,-6.96,1.77,,,1234.23,1010.13,2.5,LOW,100
UPL.NS,SELL,559.8,-3.84,-3.84,1.3,,,579.69,510.09,2.5,LOW,100
IDFCFIRSTB.NS,HOLD,86.61,2.61,-0.12,1.32,,,84.46,89.48,1.33,LOW,80
PIIND.NS,SELL,2328.5,-8.39,-5.54,1.6,,,2436.66,2058.11,2.5,LOW,100
MOTILALOFS.NS,HOLD,998.9,4.45,-1.37,1.76,,,956.38,1055.59,1.33,LOW,80
GLENMARK.NS,HOLD,2400.6,3.06,-1.5,1.29,,,2321.69,2505.81,1.33,LOW,80
MFSL.NS,BUY,1562.2,1.62,3.8,2.26,1530.96,1593.44,1476.39,1776.74,2.5,LOW,100
SAIL.NS,HOLD,177.07,0.67,-10.03,2.51,,,168.97,187.87,1.33,LOW,80
FEDERALBNK.NS,SELL,327.15,-6.24,-4.62,1.48,,,339.54,296.17,2.5,LOW,100
NAM-INDIA.NS,SELL,1145.9,-2.79,-1.21,1.56,,,1208.6,989.15,2.5,LOW,80
MPHASIS.NS,SELL,2281.9,-4.78,-7.99,1.69,,,2425.89,1921.94,2.5,LOW,100
KALYANKJIL.NS,HOLD,585.3,-0.61,0.41,2.12,,,553.79,627.31,1.33,LOW,60
LINDEINDIA.NS,SELL,6155.5,-7.99,-3.1,1.02,,,6398.36,5548.36,2.5,LOW,100
SUNDARMFIN.NS,BUY,4681.9,2.59,3.12,1.08,4588.26,4775.54,4471.61,5207.61,2.5,LOW,100
SUPREMEIND.NS,SELL,3459.1,-0.59,-2.03,1.92,,,3650.24,2981.24,2.5,LOW,80
BIOCON.NS,SELL,381.8,-8.12,-3.93,1.23,,,398.67,339.62,2.5,LOW,100
TATACOMM.NS,BUY,1772.8,0.98,3.67,1.64,1737.34,1808.26,1687.34,1986.44,2.5,LOW,80
LAURUSLABS.NS,BUY,1959.0,9.67,5.1,2.05,1919.82,1998.18,1847.33,2238.18,2.5,LOW,100
AIIL.NS,HOLD,544.5,-0.2,4.73,2.72,,,515.09,583.71,1.33,LOW,80
GODFRYPHLP.NS,SELL,1984.5,-5.24,-2.02,1.41,,,2071.79,1766.29,2.5,LOW,100
JKCEMENT.NS,HOLD,5085.5,-3.97,0.91,1.83,,,4874.43,5366.93,1.33,LOW,80
UBL.NS,SELL,1231.5,-8.52,-3.98,0.91,,,1289.87,1085.57,2.5,LOW,100
APLAPOLLO.NS,BUY,2191.6,8.59,1.88,1.86,2147.77,2235.43,2070.61,2494.08,2.5,LOW,80
PAGEIND.NS,SELL,35600.0,-5.22,-1.93,1.23,,,37207.86,31580.36,2.5,LOW,80
GLAXO.NS,HOLD,2814.9,3.51,-6.05,1.93,,,2692.19,2978.51,1.33,LOW,100
BALKRISIND.NS,SELL,2235.2,-1.52,-4.03,1.74,,,2363.73,1913.88,2.5,LOW,100
ITCHOTELS.NS,SELL,158.57,-3.39,-1.65,1.21,,,164.57,143.57,2.5,LOW,80
COCHINSHIP.NS,SELL,1363.3,-5.91,-8.96,2.68,,,1454.82,1134.51,2.5,LOW,100
PREMIERENE.NS,SELL,886.2,-13.35,-12.08,1.73,,,933.14,768.84,2.5,LOW,100
HEXT.NS,SELL,523.7,-4.94,-1.02,1.95,,,552.61,451.43,2.5,LOW,80
LTTS.NS,SELL,3311.3,-4.63,-7.71,1.12,,,3481.54,2885.69,2.5,LOW,100
VOLTAS.NS,SELL,1131.4,-9.81,-3.3,1.47,,,1178.47,1013.72,2.5,LOW,100
HUDCO.NS,SELL,172.7,-8.4,-4.33,1.12,,,180.62,152.89,2.5,LOW,100
360ONE.NS,SELL,1076.5,-5.61,-6.8,1.47,,,1137.07,925.07,2.5,LOW,100
MAHABANK.NS,HOLD,82.4,1.34,-4.13,2.19,,,78.78,87.23,1.33,LOW,100
PGHH.NS,HOLD,7632.0,-7.34,-0.46,0.79,,,7433.04,7897.29,1.33,LOW,80
PETRONET.NS,HOLD,286.85,1.26,-0.92,1.2,,,278.19,298.4,1.33,LOW,80
IREDA.NS,SELL,110.53,-5.06,-2.09,1.48,,,114.14,101.5,2.5,LOW,100
ANTHEM.NS,HOLD,931.65,8.06,-0.26,2.12,,,886.92,991.29,1.33,LOW,80
CONCOR.NS,SELL,495.0,-2.09,-2.56,1.81,,,514.55,446.13,2.5,LOW,100
M&MFIN.NS,SELL,347.8,-6.25,-7.51,1.46,,,367.19,299.34,2.5,LOW,100
NATIONALUM.NS,SELL,357.5,-3.2,-4.44,1.85,,,377.53,307.43,2.5,LOW,100
DALBHARAT.NS,SELL,1741.5,-3.85,-1.78,1.9,,,1845.94,1480.39,2.5,LOW,80
JUBLFOOD.NS,BUY,491.15,4.66,1.75,1.49,481.33,500.97,470.31,543.24,2.5,LOW,80
ESCORTS.NS,SELL,2813.1,-6.36,-6.73,1.18,,,2950.61,2469.31,2.5,LOW,100
RADICO.NS,HOLD,4400.1,-0.4,-2.09,1.3,,,4259.14,4588.04,1.33,LOW,80
KAYNES.NS,HOLD,3523.0,-2.09,1.09,2.53,,,3325.91,3785.79,1.33,LOW,80
FLUOROCHEM.NS,HOLD,4587.9,1.14,-2.21,1.81,,,4348.64,4906.92,1.33,LOW,100
ENDURANCE.NS,SELL,2694.4,-4.26,-5.18,1.38,,,2852.71,2298.61,2.5,LOW,100
KEI.NS,SELL,4568.5,-11.76,-5.8,2.91,,,4923.69,3680.54,2.5,LOW,100
ASTRAL.NS,SELL,1408.0,-3.39,-5.83,1.11,,,1477.24,1234.89,2.5,LOW,100
THERMAX.NS,SELL,3550.6,-13.34,-4.91,1.34,,,3755.99,3037.14,2.5,LOW,100
PWL.NS,BUY,133.4,5.21,5.52,3.14,130.73,136.07,122.89,159.66,2.5,LOW,100
UCOBANK.NS,SELL,23.59,-8.08,-3.28,1.13,,,24.49,21.33,2.5,LOW,100
BLUESTARCO.NS,HOLD,1561.2,-0.82,8.02,2.23,,,1487.25,1659.8,1.33,LOW,80
NH.NS,HOLD,1905.6,-0.8,1.24,1.53,,,1838.23,1995.43,1.33,LOW,60
TATAINVEST.NS,BUY,694.7,5.33,9.63,3.23,680.81,708.59,638.29,835.72,2.5,LOW,100
GODREJIND.NS,SELL,1108.4,-10.96,-3.98,1.73,,,1177.07,936.72,2.5,LOW,100
POONAWALLA.NS,SELL,453.25,-3.88,-2.55,1.79,,,476.66,394.71,2.5,LOW,100
CRISIL.NS,HOLD,4563.6,1.67,-2.94,1.47,,,4382.4,4805.2,1.33,LOW,100
KPRMILL.NS,HOLD,1107.2,-0.13,-4.43,1.9,,,1047.95,1186.2,1.33,LOW,80
CHOLAHLDNG.NS,HOLD,1497.3,-3.72,1.51,1.0,,,1435.16,1580.16,1.33,LOW,80
3MINDIA.NS,SELL,32635.0,-5.38,-2.04,1.64,,,34270.71,28545.71,2.5,LOW,100
IPCALAB.NS,HOLD,1971.5,5.92,0.32,0.8,,,1903.89,2061.64,1.33,LOW,80
PIRAMALFIN.NS,BUY,2271.5,5.44,3.89,1.82,2226.07,2316.93,2131.07,2622.57,2.5,LOW,100
APARINDS.NS,BUY,18300.0,14.7,3.73,2.71,17934.0,18666.0,16832.2,21969.5,2.5,LOW,100
SJVN.NS,HOLD,64.35,-3.84,-0.97,1.04,,,62.3,67.09,1.33,LOW,80
MEDANTA.NS,BUY,1478.8,4.85,1.42,2.44,1449.22,1508.38,1365.29,1762.59,2.5,LOW,80
ACC.NS,SELL,1250.0,-5.43,-1.73,1.06,,,1293.63,1140.93,2.5,LOW,80
TATAELXSI.NS,SELL,3342.1,-7.31,-6.65,1.36,,,3510.3,2921.6,2.5,LOW,100
NLCINDIA.NS,SELL,267.6,-5.14,-2.0,1.42,,,281.79,232.12,2.5,LOW,80
AWL.NS,SELL,184.95,-2.91,-3.06,1.46,,,192.45,166.19,2.5,LOW,100
CENTRALBK.NS,HOLD,31.02,-0.38,-0.19,0.87,,,30.27,32.02,1.33,LOW,60
KPITTECH.NS,SELL,549.7,-5.71,-4.47,1.63,,,573.91,489.18,2.5,LOW,100
CDSL.NS,HOLD,1373.3,0.63,-1.48,1.9,,,1322.09,1441.59,1.33,LOW,60
DELHIVERY.NS,SELL,431.2,-7.55,-5.19,1.82,,,452.92,376.9,2.5,LOW,100
ASTERDM.NS,HOLD,762.85,-4.34,0.39,1.8,,,736.42,798.09,1.33,LOW,80
EXIDEIND.NS,HOLD,436.4,-1.51,2.84,1.68,,,419.82,458.51,1.33,LOW,100
GODIGIT.NS,SELL,253.0,-4.62,-1.88,1.32,,,265.69,221.29,2.5,LOW,80
HONAUT.NS,HOLD,35350.0,-4.62,-0.65,1.69,,,33956.07,37208.57,1.33,LOW,80
AJANTPHARM.NS,BUY,3585.9,2.66,2.31,1.37,3514.18,3657.62,3390.79,4073.69,2.5,LOW,100
METROBRAND.NS,HOLD,941.85,-3.59,4.92,1.44,,,909.32,985.22,1.33,LOW,100
AIAENG.NS,SELL,3933.8,-11.56,-6.94,1.75,,,4167.21,3350.28,2.5,LOW,100
COHANCE.NS,SELL,439.35,-0.9,-4.67,1.84,,,468.05,367.6,2.5,LOW,80
LICHSGFIN.NS,HOLD,546.65,4.1,1.0,1.72,,,522.33,579.08,1.33,LOW,80
GILLETTE.NS,SELL,7235.0,-4.11,-1.44,0.85,,,7461.29,6669.29,2.5,LOW,80
GLAND.NS,BUY,2962.2,8.71,1.02,1.54,2902.96,3021.44,2777.47,3424.02,2.5,LOW,80
APOLLOTYRE.NS,SELL,410.5,-4.78,-4.43,1.33,,,430.77,359.82,2.5,LOW,100
NIACL.NS,HOLD,187.55,1.6,-18.42,5.83,,,165.03,217.58,1.33,LOW,100
NBCC.NS,SELL,82.79,-8.17,-4.4,1.18,,,85.86,75.13,2.5,LOW,100
ITI.NS,SELL,254.8,-7.95,-4.82,0.9,,,265.69,227.59,2.5,LOW,100
HINDCOPPER.NS,SELL,491.4,-4.57,-5.44,2.69,,,521.02,417.34,2.5,LOW,100
GRSE.NS,SELL,2387.6,-6.54,-4.6,1.32,,,2511.33,2078.27,2.5,LOW,100
MSUMI.NS,SELL,36.08,-7.37,-2.57,1.54,,,37.67,32.12,2.5,LOW,100
IGL.NS,HOLD,149.66,-1.23,0.16,1.71,,,144.79,156.15,1.33,LOW,80
SONACOMS.NS,BUY,802.3,3.53,1.69,1.75,786.25,818.35,759.18,910.1,2.5,LOW,80
AEGISVOPAK.NS,BUY,306.5,7.76,7.73,2.18,300.37,312.63,279.99,372.79,2.5,LOW,100
KIMS.NS,BUY,804.35,1.95,4.75,1.4,788.26,820.44,768.05,895.1,2.5,LOW,100
TATATECH.NS,SELL,737.0,-6.16,-7.88,1.69,,,787.08,611.8,2.5,LOW,100
PINELABS.NS,BUY,189.45,16.86,13.87,4.67,185.66,193.24,167.61,244.04,2.5,LOW,100
IKS.NS,HOLD,1780.0,-1.38,2.06,1.38,,,1699.99,1886.69,1.33,LOW,100
STARHEALTH.NS,SELL,549.35,-5.27,-2.42,1.48,,,581.29,469.51,2.5,LOW,100
TVSHLTD.NS,SELL,12731.0,-8.94,-2.41,1.63,,,13534.0,10723.5,2.5,LOW,100
IRB.NS,SELL,18.8,-3.63,-4.33,1.74,,,19.8,16.31,2.5,LOW,100
SUMICHEM.NS,SELL,461.7,-11.12,-8.6,1.51,,,489.06,393.29,2.5,LOW,100
AFFLE.NS,HOLD,1549.2,-3.11,2.06,2.07,,,1480.24,1641.14,1.33,LOW,100
AEGISLOG.NS,BUY,1388.4,5.32,9.31,2.95,1360.63,1416.17,1266.77,1692.47,2.5,LOW,100
NAVINFLUOR.NS,HOLD,8399.5,3.26,-1.85,1.7,,,8089.54,8812.79,1.33,LOW,80
SYNGENE.NS,SELL,374.25,-7.12,-6.11,1.34,,,390.76,332.98,2.5,LOW,100
BANDHANBNK.NS,BUY,178.1,0.56,8.45,1.7,174.54,181.66,168.01,203.34,2.5,LOW,80
EMCURE.NS,BUY,1980.7,4.18,7.0,1.51,1941.09,2020.31,1874.68,2245.76,2.5,LOW,100
LALPATHLAB.NS,HOLD,1920.8,3.34,0.25,1.01,,,1838.87,2030.04,1.33,LOW,80
AMBER.NS,SELL,7116.5,-4.0,-4.03,1.53,,,7444.93,6295.43,2.5,LOW,100
PPLPHARMA.NS,HOLD,207.15,2.6,-3.42,2.18,,,196.46,221.41,1.33,LOW,100
ZFCVINDIA.NS,SELL,2426.4,-2.67,-4.76,1.33,,,2562.99,2084.94,2.5,LOW,100
NUVAMA.NS,SELL,1710.8,-4.4,-7.07,1.79,,,1836.59,1396.34,2.5,LOW,100
MRPL.NS,SELL,165.55,-3.36,-5.31,2.31,,,180.4,128.41,2.5,LOW,100
RAMCOCEM.NS,HOLD,877.0,-3.35,0.19,1.69,,,844.4,920.46,1.33,LOW,80
SHYAMMETL.NS,BUY,1095.5,6.28,2.14,2.0,1073.59,1117.41,1026.5,1268.0,2.5,LOW,100
FSL.NS,HOLD,273.25,0.04,3.35,3.56,,,258.31,293.16,1.33,LOW,80
EMAMILTD.NS,HOLD,370.8,-6.16,0.71,1.85,,,354.25,392.87,1.33,LOW,80
DEEPAKNTR.NS,SELL,1606.4,-5.45,-7.36,1.62,,,1698.3,1376.65,2.5,LOW,100
INOXWIND.NS,HOLD,74.83,-1.15,0.58,1.7,,,71.51,79.26,1.33,LOW,80
EIHOTEL.NS,HOLD,306.05,-0.99,4.85,2.17,,,293.87,322.29,1.33,LOW,80
WOCKPHARMA.NS,HOLD,2056.0,4.95,-1.57,3.11,,,1927.91,2226.79,1.33,LOW,80
PTCIL.NS,BUY,23020.0,16.5,1.16,3.34,22559.6,23480.4,20948.86,28197.86,2.5,LOW,80
PFIZER.NS,SELL,3997.6,-13.87,-13.91,1.67,,,4187.56,3522.71,2.5,LOW,100
ANANDRATHI.NS,BUY,2239.9,4.89,1.95,0.93,2195.1,2284.7,2147.49,2470.94,2.5,LOW,80
KIOCL.NS,SELL,338.4,-9.74,-11.08,1.96,,,361.21,281.38,2.5,LOW,100
MANAPPURAM.NS,SELL,317.35,-8.15,-6.94,2.05,,,337.09,267.99,2.5,LOW,100
PNBHOUSING.NS,SELL,1115.9,-0.96,-2.58,1.5,,,1175.8,966.15,2.5,LOW,80
BRIGADE.NS,HOLD,619.65,2.97,-3.18,3.57,,,573.52,681.16,1.33,LOW,100
ABSLAMC.NS,BUY,1098.3,5.34,5.08,2.28,1076.33,1120.27,1010.5,1317.8,2.5,LOW,100
TIMKEN.NS,HOLD,3192.1,0.34,2.14,2.02,,,3045.39,3387.71,1.33,LOW,80
HSCL.NS,SELL,663.25,-7.3,-1.16,1.74,,,696.77,579.45,2.5,LOW,80
FORCEMOT.NS,HOLD,17810.0,-0.12,2.06,1.57,,,17136.18,18708.43,1.33,LOW,80
WELCORP.NS,HOLD,2550.8,23.6,-1.54,3.86,,,2351.96,2815.91,1.33,LOW,80
ANGELONE.NS,HOLD,301.65,-0.36,8.02,2.19,,,286.77,321.49,1.33,LOW,80
TATACHEM.NS,BUY,713.4,7.3,14.13,5.28,699.13,727.67,640.01,896.88,2.5,LOW,100
ASAHIINDIA.NS,HOLD,961.05,3.88,0.08,0.97,,,928.72,1004.15,1.33,LOW,80
ASTRAZEN.NS,SELL,6696.5,-11.53,-3.52,0.86,,,6950.0,6062.75,2.5,LOW,100
ERIS.NS,HOLD,1305.0,-4.58,0.12,1.08,,,1252.32,1375.24,1.33,LOW,80
CESC.NS,SELL,140.9,-8.73,-3.78,1.21,,,148.32,122.36,2.5,LOW,100
HBLENGINE.NS,BUY,761.0,7.52,9.53,2.47,745.78,776.22,709.71,889.23,2.5,LOW,100
SUNTV.NS,HOLD,461.25,-3.8,0.14,1.73,,,441.31,487.84,1.33,LOW,80
KARURVYSYA.NS,HOLD,337.8,1.13,-3.49,1.52,,,326.28,353.16,1.33,LOW,100
SAGILITY.NS,HOLD,45.89,4.85,-1.99,1.68,,,44.29,48.02,1.33,LOW,80
JYOTICNC.NS,BUY,1035.85,15.16,3.18,2.86,1015.13,1056.57,952.34,1244.62,2.5,LOW,100
KEC.NS,SELL,401.25,-9.38,-1.79,1.85,,,425.04,341.79,2.5,LOW,80
AADHARHFC.NS,SELL,465.05,-5.28,-2.18,1.43,,,490.88,400.48,2.5,LOW,100
IIFL.NS,HOLD,607.3,-0.44,-5.61,2.9,,,569.71,657.41,1.33,LOW,80
REDINGTON.NS,BUY,400.7,18.83,7.92,2.37,392.69,408.71,371.21,474.41,2.5,LOW,100
HATSUN.NS,HOLD,1150.8,12.64,-1.54,3.33,,,1060.8,1270.8,1.33,LOW,80
CREDITACC.NS,SELL,1368.8,-7.91,-4.77,1.8,,,1450.43,1164.73,2.5,LOW,100
URBANCO.NS,HOLD,168.22,11.94,-7.11,2.82,,,156.93,183.28,1.33,LOW,100
JSWHL.NS,SELL,11075.0,-3.07,-5.47,2.03,,,11901.43,9008.93,2.5,LOW,100
PSB.NS,SELL,21.77,-7.06,-6.28,0.93,,,22.61,19.68,2.5,LOW,100
ONESOURCE.NS,HOLD,1594.9,0.34,1.22,1.6,,,1509.22,1709.14,1.33,LOW,60
KPIL.NS,BUY,1429.9,5.61,1.53,1.39,1401.3,1458.5,1350.1,1629.4,2.5,LOW,80
ATHERENERG.NS,HOLD,1593.4,9.77,0.59,3.28,,,1503.25,1713.6,1.33,LOW,80
SUNDRMFAST.NS,BUY,1228.5,11.05,1.98,1.73,1203.93,1253.07,1142.01,1444.73,2.5,LOW,80
ABREL.NS,SELL,1263.7,-8.54,-8.0,1.84,,,1334.56,1086.56,2.5,LOW,100
OLAELEC.NS,SELL,36.28,-5.98,-5.03,2.83,,,39.27,28.81,2.5,LOW,100
CHALET.NS,SELL,849.35,-0.59,-5.3,1.35,,,900.86,720.59,2.5,LOW,80
CHAMBLFERT.NS,SELL,412.5,-4.58,-1.39,0.98,,,427.68,374.55,2.5,LOW,80
ANANTRAJ.NS,SELL,601.1,-1.26,-3.89,2.07,,,642.04,498.76,2.5,LOW,100
ECLERX.NS,HOLD,1907.7,1.89,-3.25,1.81,,,1792.34,2061.51,1.33,LOW,100
CASTROLIND.NS,BUY,195.48,5.84,2.74,0.81,191.57,199.39,190.43,208.11,2.5,LOW,100
SCHNEIDER.NS,HOLD,1221.1,-5.25,4.41,2.26,,,1153.03,1311.86,1.33,LOW,100
POLYMED.NS,HOLD,1721.9,0.11,-3.47,1.48,,,1633.75,1839.43,1.33,LOW,80
DCMSHRIRAM.NS,SELL,986.5,-3.51,-3.37,0.82,,,1025.61,888.71,2.5,LOW,100
BASF.NS,SELL,3604.5,-5.18,-5.95,1.28,,,3780.4,3164.75,2.5,LOW,100
TENNIND.NS,HOLD,520.95,-4.1,1.02,1.43,,,500.2,548.61,1.33,LOW,80
KANSAINER.NS,SELL,183.07,-8.34,-6.0,1.18,,,191.75,161.36,2.5,LOW,100
DEVYANI.NS,HOLD,139.03,7.2,0.7,1.79,,,132.97,147.11,1.33,LOW,80
NEULANDLAB.NS,HOLD,22480.0,4.74,-2.09,2.12,,,21356.71,23977.71,1.33,LOW,100
CROMPTON.NS,HOLD,225.9,-8.35,-0.8,1.51,,,217.48,237.13,1.33,LOW,80
EIDPARRY.NS,SELL,693.1,-10.4,-11.29,1.51,,,733.87,591.17,2.5,LOW,100
CAMS.NS,SELL,717.05,-5.76,-3.34,1.61,,,759.87,610.0,2.5,LOW,100
KFINTECH.NS,SELL,907.95,-1.95,-2.13,1.42,,,951.27,799.65,2.5,LOW,100
RPOWER.NS,SELL,21.08,-8.33,-4.53,1.03,,,22.21,18.26,2.5,LOW,100
BIKAJI.NS,SELL,553.6,-9.48,-5.71,1.56,,,581.98,482.65,2.5,LOW,100
KAJARIACER.NS,SELL,1205.6,-1.35,-4.4,1.35,,,1271.34,1041.24,2.5,LOW,100
ATUL.NS,SELL,6126.0,-5.22,-5.05,1.24,,,6412.07,5410.82,2.5,LOW,100
SARDAEN.NS,HOLD,508.55,0.4,2.31,2.1,,,485.13,539.77,1.33,LOW,80
APLLTD.NS,HOLD,846.5,3.48,0.31,1.54,,,807.08,899.06,1.33,LOW,80
DEEPAKFERT.NS,SELL,1318.0,-10.98,-6.97,1.63,,,1392.84,1130.89,2.5,LOW,100
FIRSTCRY.NS,SELL,164.39,-16.69,-8.75,1.8,,,178.14,130.0,2.5,LOW,100
JSWCEMENT.NS,SELL,117.44,-9.08,-4.81,0.92,,,121.5,107.28,2.5,LOW,100
SAILIFE.NS,HOLD,1580.3,11.03,0.35,2.38,,,1490.69,1699.79,1.33,LOW,80
CGCL.NS,BUY,272.85,10.91,6.41,3.46,267.39,278.31,247.17,337.04,2.5,LOW,100
ARE&M.NS,SELL,799.5,-10.21,-7.49,1.06,,,834.02,713.2,2.5,LOW,100
GRINDWELL.NS,SELL,1893.0,-7.1,-4.12,1.54,,,1989.19,1652.54,2.5,LOW,100
VINATIORGA.NS,SELL,1241.6,-4.98,-4.63,1.22,,,1298.84,1098.5,2.5,LOW,100
SKFINDIA.NS,BUY,1571.9,2.28,2.03,1.04,1540.46,1603.34,1507.47,1732.97,2.5,LOW,100
MAHSCOOTER.NS,HOLD,13392.0,1.01,-2.21,1.38,,,12905.36,14040.86,1.33,LOW,100
JUBLPHARMA.NS,BUY,1020.15,7.65,10.35,1.67,999.75,1040.55,960.05,1170.4,2.5,LOW,100
ZENSARTECH.NS,SELL,434.8,-10.21,-5.8,1.84,,,466.98,354.35,2.5,LOW,100
FIVESTAR.NS,HOLD,537.2,-0.58,2.35,2.08,,,512.08,570.69,1.33,LOW,80
TRITURBINE.NS,SELL,559.15,-5.89,-3.01,1.73,,,597.91,462.24,2.5,LOW,100
CARBORUNIV.NS,BUY,1113.0,1.7,3.87,2.75,1090.74,1135.26,1024.9,1333.25,2.5,LOW,100
RBLBANK.NS,HOLD,409.15,6.21,0.26,1.51,,,395.27,427.65,1.33,LOW,80
RATNAMANI.NS,BUY,2748.6,9.24,5.51,3.79,2693.63,2803.57,2501.41,3366.56,2.5,LOW,100
PGEL.NS,SELL,534.25,-8.91,-4.94,1.56,,,562.47,463.71,2.5,LOW,100
VENTIVE.NS,SELL,560.95,-6.29,-3.08,1.54,,,592.9,481.07,2.5,LOW,100
NAVA.NS,HOLD,567.35,0.02,0.67,1.51,,,542.77,600.13,1.33,LOW,60
CUB.NS,HOLD,238.16,7.4,0.91,2.1,,,225.49,255.05,1.33,LOW,80
CENTURYPLY.NS,SELL,719.9,-5.72,-3.69,1.38,,,749.45,646.04,2.5,LOW,100
BEML.NS,HOLD,2072.9,9.54,-0.31,2.24,,,1950.57,2236.0,1.33,LOW,80
MANYAVAR.NS,BUY,552.7,12.68,1.07,1.92,541.65,563.75,508.09,664.24,2.5,LOW,80
ABLBL.NS,SELL,81.85,-8.42,-4.9,1.34,,,85.58,72.51,2.5,LOW,100
NETWEB.NS,SELL,4604.0,-4.19,-12.64,2.62,,,4996.79,3622.04,2.5,LOW,100
TBOTEK.NS,HOLD,1710.8,6.41,0.64,2.02,,,1623.11,1827.71,1.33,LOW,80
CONCORDBIO.NS,BUY,1485.5,4.75,2.82,2.08,1455.79,1515.21,1383.71,1739.96,2.5,LOW,100
TRAVELFOOD.NS,SELL,1223.2,-5.96,-3.18,1.49,,,1297.12,1038.4,2.5,LOW,100
CPPLUS.NS,SELL,3451.3,-3.84,-6.84,2.54,,,3774.84,2642.44,2.5,LOW,100
UTIAMC.NS,HOLD,895.0,-1.41,1.66,1.01,,,870.97,927.04,1.33,LOW,80
SOBHA.NS,SELL,1213.4,-8.72,-3.63,1.28,,,1278.53,1050.58,2.5,LOW,100
LMW.NS,HOLD,17990.0,2.75,-5.37,1.62,,,16930.79,19402.29,1.33,LOW,100
ACMESOLAR.NS,BUY,428.15,10.79,6.53,2.04,419.59,436.71,395.08,510.83,2.5,LOW,100
IRCON.NS,SELL,109.36,-10.84,-7.7,1.12,,,114.74,95.91,2.5,LOW,100
GABRIEL.NS,SELL,1314.4,-5.85,-5.09,2.19,,,1426.51,1034.11,2.5,LOW,100
GMDCLTD.NS,SELL,554.2,-3.07,-1.55,1.45,,,582.47,483.52,2.5,LOW,80
CRAFTSMAN.NS,HOLD,11193.0,8.52,-0.53,2.02,,,10448.79,12185.29,1.33,LOW,80
ELGIEQUIP.NS,HOLD,602.05,0.41,-4.49,2.01,,,575.91,636.9,1.33,LOW,80
NATCOPHARM.NS,SELL,809.35,-9.55,-4.02,0.69,,,846.1,717.47,2.5,LOW,100
CHOICEIN.NS,HOLD,764.6,-4.1,0.16,1.79,,,736.52,802.04,1.33,LOW,80
VGUARD.NS,HOLD,331.3,3.7,-2.9,1.33,,,317.18,350.12,1.33,LOW,100
APTUS.NS,SELL,234.66,-11.39,-8.8,1.4,,,249.21,198.28,2.5,LOW,100
SIGNATURE.NS,SELL,746.0,-6.3,-4.01,1.49,,,790.81,633.96,2.5,LOW,100
CIEINDIA.NS,HOLD,384.5,-7.01,-0.13,0.81,,,373.53,399.13,1.33,LOW,80
TECHNOE.NS,BUY,1001.95,0.85,4.04,1.75,981.91,1021.99,944.36,1145.93,2.5,LOW,80
WHIRLPOOL.NS,SELL,719.95,-7.88,-10.5,2.55,,,757.22,626.77,2.5,LOW,100
JMFINANCIL.NS,SELL,125.0,-0.97,-3.39,1.94,,,132.77,105.58,2.5,LOW,80
GPIL.NS,SELL,235.44,-3.36,-1.86,1.47,,,248.8,202.04,2.5,LOW,80
AFCONS.NS,SELL,260.1,-6.67,-11.17,2.34,,,291.38,181.9,2.5,LOW,100
ABDL.NS,BUY,653.75,5.76,7.28,1.79,640.67,666.83,618.32,742.32,2.5,LOW,100
CAPLIPOINT.NS,HOLD,2716.4,4.61,-4.37,3.03,,,2538.72,2953.3,1.33,LOW,100
DATAPATTNS.NS,SELL,4470.0,-0.87,-2.56,3.51,,,4834.49,3558.79,2.5,LOW,80
IGIL.NS,SELL,319.75,-5.23,-1.16,1.27,,,336.51,277.84,2.5,LOW,80
DOMS.NS,SELL,2110.6,-5.32,-4.34,0.88,,,2195.71,1897.81,2.5,LOW,100
LTFOODS.NS,HOLD,418.9,0.47,-5.34,2.39,,,399.24,445.11,1.33,LOW,80
KIRLOSBROS.NS,SELL,1810.1,-3.88,-4.04,1.78,,,1902.33,1579.53,2.5,LOW,100
AGARWALEYE.NS,SELL,496.5,-1.11,-3.45,0.97,,,527.33,419.43,2.5,LOW,100
JBMA.NS,SELL,597.45,-7.18,-4.9,2.46,,,631.3,512.83,2.5,LOW,100
RRKABEL.NS,SELL,2425.2,-6.74,-7.35,2.56,,,2622.31,1932.41,2.5,LOW,100
GALLANTT.NS,HOLD,548.9,-7.39,-0.71,1.75,,,519.41,588.21,1.33,LOW,80
IFCI.NS,SELL,75.88,-4.86,-25.15,4.93,,,88.61,44.04,2.5,LOW,100
NIVABUPA.NS,HOLD,80.23,-4.36,-0.62,1.07,,,77.48,83.9,1.33,LOW,80
INDIAMART.NS,SELL,1625.5,-8.36,-6.01,1.57,,,1720.0,1389.25,2.5,LOW,100
GESHIP.NS,BUY,1421.6,4.71,3.79,1.51,1393.17,1450.03,1359.77,1576.17,2.5,LOW,100
PARADEEP.NS,HOLD,154.81,4.89,-0.74,2.89,,,146.05,166.49,1.33,LOW,80
CEATLTD.NS,HOLD,3459.2,-1.32,4.34,1.47,,,3354.36,3598.99,1.33,LOW,100
TRIDENT.NS,SELL,23.08,-5.9,-3.79,0.49,,,23.81,21.26,2.5,LOW,100
RAINBOW.NS,HOLD,1459.4,-1.21,0.9,1.01,,,1408.97,1526.64,1.33,LOW,80
INTELLECT.NS,SELL,651.75,-7.7,-5.08,1.13,,,687.67,561.95,2.5,LOW,100
SYRMA.NS,BUY,1737.0,19.41,19.56,3.88,1702.26,1771.74,1581.59,2125.54,2.5,LOW,100
FINEORG.NS,HOLD,5169.5,2.19,-1.64,1.21,,,4986.8,5413.1,1.33,LOW,80
NUVOCO.NS,SELL,326.5,-3.25,-3.43,2.06,,,349.54,268.91,2.5,LOW,100
BATAINDIA.NS,SELL,628.55,-6.91,-6.57,0.78,,,650.54,573.57,2.5,LOW,100
SWANCORP.NS,HOLD,290.5,-4.06,2.25,1.94,,,274.06,312.42,1.33,LOW,100
KIRLOSENG.NS,SELL,2140.3,-1.84,-5.61,2.62,,,2344.49,1629.84,2.5,LOW,100
BLS.NS,SELL,228.26,-6.4,-4.74,2.58,,,240.36,198.0,2.5,LOW,100
AARTIIND.NS,SELL,483.55,-3.72,-3.46,2.05,,,513.16,409.52,2.5,LOW,100
THELEELA.NS,HOLD,538.3,3.96,-5.54,2.17,,,510.13,575.86,1.33,LOW,100
EMMVEE.NS,HOLD,328.25,0.21,0.57,1.94,,,311.62,350.43,1.33,LOW,60
SPLPETRO.NS,BUY,853.6,16.53,18.25,3.1,836.53,870.67,786.11,1022.31,2.5,LOW,100
BLUEDART.NS,SELL,4831.3,-3.56,-5.36,1.1,,,5025.1,4346.8,2.5,LOW,100
ZYDUSWELL.NS,HOLD,527.6,-2.97,-0.77,1.98,,,502.46,561.11,1.33,LOW,80
KSB.NS,HOLD,800.15,-4.09,-0.7,1.81,,,764.39,847.83,1.33,LOW,80
PCBL.NS,BUY,330.2,2.7,5.08,1.9,323.6,336.8,308.88,383.5,2.5,LOW,100
JWL.NS,SELL,229.1,-7.97,-5.81,1.11,,,241.46,198.19,2.5,LOW,100
CEMPRO.NS,SELL,1277.2,-5.24,-1.52,2.17,,,1375.61,1031.16,2.5,LOW,80
ZENTEC.NS,SELL,1682.4,-5.56,-8.02,1.79,,,1798.49,1392.19,2.5,LOW,100
JAINREC.NS,HOLD,275.45,-10.17,-0.9,1.98,,,261.19,294.46,1.33,LOW,80
GODREJAGRO.NS,HOLD,651.0,10.03,-2.87,2.75,,,613.7,700.73,1.33,LOW,100
IEX.NS,SELL,113.92,-7.04,-4.2,0.99,,,118.12,103.43,2.5,LOW,100
BBTC.NS,HOLD,1479.3,-0.34,-3.88,3.58,,,1392.96,1594.41,1.33,LOW,80
CYIENT.NS,HOLD,1055.8,12.9,-5.92,3.19,,,986.33,1148.42,1.33,LOW,100
INDGN.NS,HOLD,594.35,7.33,-1.19,1.72,,,572.64,623.3,1.33,LOW,80
AAVAS.NS,HOLD,1295.0,-5.86,3.73,1.2,,,1239.2,1369.4,1.33,LOW,100
MINDACORP.NS,SELL,690.45,-1.89,-2.46,1.55,,,726.45,600.45,2.5,LOW,100
BELRISE.NS,SELL,233.3,-0.56,-1.26,1.11,,,243.63,207.47,2.5,LOW,60
CELLO.NS,SELL,324.5,-8.34,-6.65,0.96,,,340.38,284.8,2.5,LOW,100
JPPOWER.NS,SELL,15.32,-9.77,-5.95,1.24,,,16.2,13.11,2.5,LOW,100
TARIL.NS,SELL,281.1,-6.63,-6.51,1.59,,,296.07,243.68,2.5,LOW,100
NEWGEN.NS,SELL,493.75,-7.03,-4.92,2.69,,,533.48,394.43,2.5,LOW,100
ANURAS.NS,SELL,1194.3,-3.21,-3.71,1.15,,,1252.96,1047.66,2.5,LOW,100
GRANULES.NS,BUY,881.55,2.67,3.92,2.17,863.92,899.18,821.8,1030.92,2.5,LOW,100
GRAVITA.NS,SELL,1605.9,-7.89,-3.35,1.26,,,1697.73,1376.33,2.5,LOW,100
HOMEFIRST.NS,HOLD,1207.1,0.73,0.87,1.45,,,1151.33,1281.46,1.33,LOW,60
MGL.NS,HOLD,1070.3,-2.07,0.37,1.45,,,1037.33,1114.26,1.33,LOW,80
USHAMART.NS,HOLD,502.65,0.87,-2.52,1.76,,,481.87,530.35,1.33,LOW,80
LEMONTREE.NS,HOLD,104.65,-4.11,-0.23,0.89,,,101.72,108.55,1.33,LOW,80
TEGA.NS,BUY,1961.0,19.42,26.43,3.61,1921.78,2000.22,1792.68,2381.79,2.5,LOW,100
VTL.NS,SELL,565.05,-5.59,-3.81,2.23,,,605.88,462.98,2.5,LOW,100
NCC.NS,SELL,135.51,-4.43,-9.48,1.6,,,144.21,113.75,2.5,LOW,100
FINCABLES.NS,BUY,1411.0,20.21,15.64,3.44,1382.78,1439.22,1266.84,1771.41,2.5,LOW,100
SKFINDUS.NS,HOLD,2977.0,6.61,-2.05,1.97,,,2782.89,3235.81,1.33,LOW,100
ACE.NS,BUY,1226.9,12.11,7.11,2.02,1202.36,1251.44,1138.94,1446.79,2.5,LOW,100
ELECON.NS,SELL,416.05,-4.12,-4.08,1.79,,,439.64,357.07,2.5,LOW,100
EMBDL.NS,SELL,53.64,-12.36,-8.45,1.78,,,57.51,43.98,2.5,LOW,100
JINDALSAW.NS,HOLD,290.2,3.66,-6.64,3.36,,,272.63,313.63,1.33,LOW,100
WELSPUNLIV.NS,BUY,213.34,19.43,6.66,2.01,209.07,217.61,197.43,253.12,2.5,LOW,100
NSLNISP.NS,SELL,42.28,-2.17,-6.87,3.58,,,45.39,34.52,2.5,LOW,100
ACUTAAS.NS,BUY,3347.3,1.11,4.65,2.51,3280.35,3414.25,3115.85,3925.92,2.5,LOW,100
RITES.NS,SELL,205.51,-4.22,-2.58,0.87,,,212.87,187.1,2.5,LOW,100
CCL.NS,SELL,1063.4,-6.44,-2.09,1.69,,,1126.45,905.77,2.5,LOW,100
FINPIPE.NS,SELL,154.2,-2.87,-1.23,1.29,,,161.36,136.3,2.5,LOW,80
SAMMAANCAP.NS,SELL,143.19,-8.01,-9.6,1.65,,,151.8,121.68,2.5,LOW,100
INGERRAND.NS,SELL,4175.0,-7.64,-13.85,1.99,,,4441.53,3508.68,2.5,LOW,100
INDIACEM.NS,SELL,352.85,-6.48,-1.66,1.76,,,371.09,307.26,2.5,LOW,80
BLUEJET.NS,HOLD,570.55,-2.38,0.34,1.31,,,548.4,600.09,1.33,LOW,80
CARTRADE.NS,BUY,3015.0,4.38,2.82,3.03,2954.7,3075.3,2752.24,3671.89,2.5,LOW,100
CHENNPETRO.NS,HOLD,1416.3,6.62,-2.47,3.19,,,1305.4,1564.17,1.33,LOW,100
TSFINV.NS,BUY,453.6,3.93,12.51,1.85,444.53,462.67,427.0,520.1,2.5,LOW,100
SBFC.NS,SELL,92.9,-1.5,-7.05,2.58,,,99.85,75.53,2.5,LOW,100
CANHLIFE.NS,HOLD,152.68,1.38,-0.09,1.53,,,143.7,164.66,1.33,LOW,80
RAILTEL.NS,SELL,262.2,-6.97,-3.21,1.38,,,274.69,230.99,2.5,LOW,100
CLEAN.NS,BUY,855.05,8.0,3.87,1.89,837.95,872.15,801.11,989.89,2.5,LOW,100
TITAGARH.NS,HOLD,838.9,-0.36,1.69,1.99,,,790.8,903.04,1.33,LOW,60
JYOTHYLAB.NS,SELL,196.24,-2.99,-2.12,1.44,,,206.57,170.43,2.5,LOW,100
SHRIPISTON.NS,HOLD,4536.2,2.98,-1.35,2.03,,,4311.04,4836.41,1.33,LOW,80
ALIVUS.NS,HOLD,1421.9,10.89,-1.51,2.09,,,1331.93,1541.86,1.33,LOW,80
ENGINERSIN.NS,HOLD,266.5,8.41,-5.48,2.42,,,251.68,286.26,1.33,LOW,100
J&KBANK.NS,HOLD,148.49,-6.66,2.8,1.52,,,143.25,155.48,1.33,LOW,100
OLECTRA.NS,SELL,1199.0,-8.77,-3.22,1.53,,,1272.14,1016.14,2.5,LOW,100
GRINFRA.NS,SELL,831.1,-5.57,-4.9,1.25,,,874.95,721.47,2.5,LOW,100
JUBLINGREA.NS,SELL,619.45,-12.81,-8.94,1.42,,,654.66,531.41,2.5,LOW,100
SANOFI.NS,SELL,3089.9,-5.28,-2.16,1.04,,,3183.33,2856.33,2.5,LOW,100
SANOFICONR.NS,SELL,4023.0,-8.14,-3.81,1.05,,,4247.17,3462.57,2.5,LOW,100
EUREKAFORB.NS,SELL,390.65,-9.93,-7.81,1.63,,,414.5,331.03,2.5,LOW,100
WAAREERTL.NS,SELL,816.85,-9.11,-4.9,1.09,,,849.61,734.96,2.5,LOW,100
RELAXO.NS,SELL,296.8,-20.79,-12.73,1.63,,,319.07,241.14,2.5,LOW,100
PRUDENT.NS,BUY,3506.1,8.93,4.59,3.47,3435.98,3576.22,3082.89,4564.14,2.5,LOW,100
VIKRAMSOLR.NS,SELL,163.47,-6.12,-2.96,1.21,,,171.38,143.7,2.5,LOW,100
TTML.NS,SELL,35.94,-6.5,-4.77,2.23,,,38.1,30.53,2.5,LOW,100
CANFINHOME.NS,SELL,771.1,-6.64,-2.81,1.33,,,805.22,685.8,2.5,LOW,100
BSOFT.NS,SELL,279.6,-5.9,-4.65,1.88,,,297.06,235.94,2.5,LOW,100
GRAPHITE.NS,BUY,834.85,17.81,15.74,3.99,818.15,851.55,754.21,1036.46,2.5,LOW,100
JKTYRE.NS,SELL,345.25,-10.17,-6.73,1.04,,,359.56,309.48,2.5,LOW,100
BLACKBUCK.NS,BUY,621.7,7.04,6.07,2.38,609.27,634.13,581.53,722.13,2.5,LOW,100
ZEEL.NS,SELL,77.3,-19.13,-13.6,2.43,,,83.46,61.9,2.5,LOW,100
SAFARI.NS,SELL,1488.3,-3.52,-2.78,1.35,,,1580.3,1258.3,2.5,LOW,100
INOXINDIA.NS,HOLD,2091.1,3.93,-0.4,4.63,,,1912.85,2328.77,1.33,LOW,80
HFCL.NS,SELL,210.0,-4.66,-9.26,3.46,,,233.01,152.47,2.5,LOW,100
RUBICON.NS,HOLD,1801.0,9.42,-1.52,2.88,,,1689.62,1949.5,1.33,LOW,80
PVRINOX.NS,BUY,1312.1,13.02,6.92,2.97,1285.86,1338.34,1213.76,1557.96,2.5,LOW,100
SCI.NS,SELL,272.3,-5.03,-7.37,1.63,,,289.18,230.09,2.5,LOW,100
JKLAKSHMI.NS,HOLD,516.5,-5.66,0.41,1.25,,,499.04,539.78,1.33,LOW,80
VIJAYA.NS,BUY,1550.5,8.55,4.83,2.38,1519.49,1581.51,1436.41,1835.74,2.5,LOW,100
PRIVISCL.NS,HOLD,3471.2,-2.12,3.74,1.53,,,3318.15,3675.27,1.33,LOW,100
SONATSOFTW.NS,SELL,276.2,-8.25,-3.17,2.69,,,297.63,222.63,2.5,LOW,100
AETHER.NS,HOLD,1640.5,4.13,-0.36,1.97,,,1551.81,1758.76,1.33,LOW,80
AZAD.NS,HOLD,2718.8,4.3,-2.11,2.29,,,2554.75,2937.53,1.33,LOW,100
EDELWEISS.NS,HOLD,133.15,8.7,-0.1,2.94,,,123.46,146.07,1.33,LOW,80
NAZARA.NS,BUY,375.05,9.32,2.53,2.15,367.55,382.55,351.68,433.48,2.5,LOW,100
METROPOLIS.NS,HOLD,593.4,3.48,0.25,1.49,,,569.57,625.17,1.33,LOW,80
IXIGO.NS,HOLD,166.58,-6.89,-0.1,2.09,,,157.76,178.34,1.33,LOW,80
BALRAMCHIN.NS,HOLD,665.45,2.32,-3.64,2.81,,,624.97,719.42,1.33,LOW,100
VESUVIUS.NS,SELL,402.9,-8.31,-2.42,1.54,,,423.34,351.79,2.5,LOW,100
WESTLIFE.NS,BUY,559.2,3.54,3.45,1.82,548.02,570.38,519.59,658.24,2.5,LOW,100
RKFORGE.NS,BUY,721.0,5.35,2.88,2.26,706.58,735.42,671.46,844.84,2.5,LOW,100
STARCEMENT.NS,HOLD,189.44,-4.42,2.05,1.83,,,180.33,201.59,1.33,LOW,100
GENUSPOWER.NS,SELL,309.2,-3.22,-8.32,2.35,,,330.79,255.23,2.5,LOW,100
RELINFRA.NS,SELL,49.99,-19.61,-10.59,1.4,,,52.9,42.73,2.5,LOW,100
HEG.NS,SELL,237.05,-59.5,-67.45,14.27,,,338.96,-17.74,2.5,NORMAL,100
PGHL.NS,SELL,5461.5,-10.05,-5.14,1.07,,,5705.43,4851.68,2.5,LOW,100
ALKYLAMINE.NS,SELL,1847.7,-3.36,-8.12,2.6,,,1979.51,1518.16,2.5,LOW,100
TEJASNET.NS,SELL,517.15,-2.9,-15.79,3.49,,,571.98,380.08,2.5,LOW,100
SHAILY.NS,HOLD,3142.0,-0.46,-3.74,1.84,,,2972.18,3368.43,1.33,LOW,80
TIMETECHNO.NS,SELL,179.77,-6.92,-4.27,1.46,,,189.69,154.96,2.5,LOW,100
BANCOINDIA.NS,HOLD,604.0,-3.57,-0.83,1.37,,,582.28,632.96,1.33,LOW,80
AVANTIFEED.NS,SELL,765.15,-12.84,-3.86,2.21,,,816.6,636.53,2.5,LOW,100
IIFLCAPS.NS,HOLD,338.8,0.59,-0.4,0.62,,,332.42,347.31,1.33,LOW,60
ASKAUTOLTD.NS,BUY,641.2,9.67,1.42,2.55,628.38,654.02,594.01,759.18,2.5,LOW,80
MEDPLUS.NS,HOLD,656.2,-6.27,-0.67,1.7,,,632.36,687.99,1.33,LOW,80
SHAKTIPUMP.NS,SELL,466.85,-8.35,-1.13,2.26,,,495.67,394.8,2.5,LOW,80
ABFRL.NS,SELL,50.23,-9.65,-5.17,1.74,,,53.24,42.7,2.5,LOW,100
MMTC.NS,SELL,60.35,-4.47,-2.82,1.91,,,63.47,52.54,2.5,LOW,100
SUDARSCHEM.NS,BUY,1262.1,10.79,3.21,2.11,1236.86,1287.34,1161.79,1512.89,2.5,LOW,100
RHIM.NS,HOLD,369.15,-4.53,0.3,1.09,,,356.96,385.4,1.33,LOW,80
AEQUS.NS,SELL,228.49,-4.52,-5.65,1.5,,,245.26,186.56,2.5,LOW,100
JLHL.NS,SELL,281.95,-7.79,-3.82,1.45,,,302.27,231.15,2.5,LOW,100
INDIASHLTR.NS,HOLD,671.5,-4.97,3.12,1.9,,,643.1,709.37,1.33,LOW,100
ASTRAMICRO.NS,SELL,1623.3,-5.6,-5.98,2.16,,,1741.26,1328.41,2.5,LOW,100
TDPOWERSYS.NS,BUY,758.55,12.45,2.49,3.95,743.38,773.72,681.11,952.14,2.5,LOW,100
KPIGREEN.NS,SELL,277.7,-19.58,-8.83,1.72,,,293.26,238.81,2.5,LOW,100
TRANSRAILL.NS,SELL,409.4,-11.29,-3.76,1.32,,,432.05,352.78,2.5,LOW,100
BIRLACORPN.NS,SELL,818.2,-8.9,-7.79,1.21,,,861.61,709.68,2.5,LOW,100
SAPPHIRE.NS,HOLD,231.23,8.98,0.55,1.95,,,216.78,250.49,1.33,LOW,80
MAPMYINDIA.NS,SELL,890.9,-14.06,-9.33,2.19,,,953.54,734.29,2.5,LOW,100
UJJIVANSFB.NS,HOLD,64.81,-4.7,-0.84,1.99,,,61.27,69.53,1.33,LOW,80
HCG.NS,BUY,712.65,3.14,1.17,2.63,698.4,726.9,655.83,854.7,2.5,LOW,80
NESCO.NS,BUY,1080.2,1.96,3.47,1.82,1058.6,1101.8,1010.6,1254.2,2.5,LOW,100
HAPPYFORGE.NS,HOLD,2150.6,9.09,-6.27,2.62,,,2001.3,2349.67,1.33,LOW,100
HONASA.NS,HOLD,472.8,1.21,0.61,1.68,,,448.18,505.63,1.33,LOW,80
KRBL.NS,HOLD,391.85,1.4,-7.6,3.08,,,369.46,421.7,1.33,LOW,100
VARROC.NS,BUY,869.05,13.41,5.42,2.67,851.67,886.43,790.16,1066.26,2.5,LOW,100
SANSERA.NS,BUY,4216.8,15.07,10.77,2.98,4132.46,4301.14,3866.97,5091.38,2.5,LOW,100
LATENTVIEW.NS,SELL,255.15,-10.56,-4.08,1.45,,,269.27,219.85,2.5,LOW,100
BLUESTONE.NS,HOLD,847.0,6.18,0.5,2.8,,,786.49,927.69,1.33,LOW,80
WABAG.NS,BUY,2105.2,3.65,4.98,3.32,2063.1,2147.3,1936.74,2526.34,2.5,LOW,100
LLOYDSENT.NS,SELL,69.0,-9.74,-2.76,1.87,,,73.63,57.43,2.5,LOW,100
TI.NS,BUY,563.1,10.39,3.66,1.97,551.84,574.36,521.92,666.05,2.5,LOW,100
ALOKINDS.NS,SELL,7.07,-33.42,-6.11,4.09,,,8.08,4.53,2.5,LOW,100
SANDUMA.NS,SELL,184.7,-7.72,-6.67,1.92,,,195.63,157.39,2.5,LOW,100
TTKPRESTIG.NS,SELL,529.7,-13.1,-8.63,1.48,,,561.97,449.02,2.5,LOW,100
DBREALTY.NS,SELL,94.75,-12.95,-8.05,1.26,,,101.47,77.94,2.5,LOW,100
MARKSANS.NS,HOLD,319.0,7.59,-3.97,2.05,,,299.15,345.46,1.33,LOW,100
TCI.NS,SELL,826.2,-8.75,-6.46,1.02,,,877.84,697.11,2.5,LOW,100
BBOX.NS,BUY,785.4,1.74,10.27,3.46,769.69,801.11,711.17,970.97,2.5,LOW,100
POWERMECH.NS,SELL,2355.9,-6.29,-4.98,2.17,,,2527.0,1928.14,2.5,LOW,100
ORKLAINDIA.NS,HOLD,579.45,0.95,-1.54,1.7,,,559.04,606.66,1.33,LOW,60
SOUTHBANK.NS,HOLD,46.29,0.74,-2.96,1.52,,,44.5,48.68,1.33,LOW,80
LOTUSDEV.NS,BUY,212.55,17.6,10.15,2.53,208.3,216.8,193.19,260.94,2.5,LOW,100
JAIBALAJI.NS,SELL,64.4,-1.69,-8.78,2.62,,,69.58,51.45,2.5,LOW,100
SAREGAMA.NS,HOLD,504.1,-0.22,2.1,2.19,,,475.88,541.72,1.33,LOW,80
JSLL.NS,HOLD,498.45,-7.33,-0.6,1.7,,,473.91,531.16,1.33,LOW,80
PCJEWELLER.NS,BUY,12.66,18.64,6.75,5.81,12.41,12.91,10.84,17.21,2.5,LOW,100
LUMAXTECH.NS,BUY,2102.1,17.34,5.88,2.8,2060.06,2144.14,1931.1,2529.6,2.5,LOW,100
CORONA.NS,BUY,2180.9,3.58,2.5,1.94,2137.28,2224.52,2031.33,2554.83,2.5,LOW,100
TANLA.NS,SELL,492.6,-12.4,-4.31,1.89,,,523.04,416.49,2.5,LOW,100
MANORAMA.NS,BUY,1966.9,10.99,8.52,3.03,1927.56,2006.24,1810.09,2358.94,2.5,LOW,100
ARVIND.NS,HOLD,547.35,1.11,-1.01,1.78,,,513.58,592.37,1.33,LOW,80
APOLLO.NS,SELL,378.05,-3.99,-1.36,2.7,,,409.81,298.64,2.5,LOW,80
PNGJL.NS,HOLD,606.1,-2.12,2.51,1.38,,,578.96,642.29,1.33,LOW,100
MAHSEAMLES.NS,BUY,716.05,15.91,9.57,2.52,701.73,730.37,662.5,849.91,2.5,LOW,100
HAPPSTMNDS.NS,SELL,323.9,-15.36,-8.5,2.85,,,347.99,263.69,2.5,LOW,100
CAMPUS.NS,SELL,212.54,-3.88,-5.1,1.05,,,220.99,191.41,2.5,LOW,100
RELIGARE.NS,HOLD,251.72,1.5,-0.07,1.76,,,240.37,266.85,1.33,LOW,80
GMRP&UI.NS,HOLD,93.22,-3.1,1.67,1.96,,,87.75,100.51,1.33,LOW,80
BECTORFOOD.NS,SELL,218.9,-1.19,-3.85,2.53,,,238.08,170.95,2.5,LOW,100
WEWORK.NS,HOLD,687.25,-1.89,4.97,1.25,,,654.86,730.44,1.33,LOW,100
RCF.NS,SELL,107.96,-10.12,-4.56,1.84,,,113.49,94.14,2.5,LOW,100
ESABINDIA.NS,SELL,5630.0,-4.05,-6.76,1.14,,,5895.07,4967.32,2.5,LOW,100
VOLTAMP.NS,HOLD,10848.0,6.99,0.61,2.86,,,10178.79,11740.29,1.33,LOW,80
STAR.NS,BUY,1207.3,14.79,13.94,2.86,1183.15,1231.45,1107.79,1456.09,2.5,LOW,100
GALAXYSURF.NS,HOLD,2222.0,5.17,-0.33,2.16,,,2092.19,2395.09,1.33,LOW,80
MAHLIFE.NS,HOLD,364.8,-2.42,0.66,1.81,,,347.25,388.2,1.33,LOW,80
GPPL.NS,HOLD,159.12,3.64,-3.81,1.25,,,153.28,166.91,1.33,LOW,100
SHARDACROP.NS,SELL,739.25,-8.44,-3.79,1.81,,,772.51,656.11,2.5,LOW,100
OSWALPUMPS.NS,SELL,271.7,-15.87,-2.37,1.9,,,290.39,224.97,2.5,LOW,100
DODLA.NS,SELL,1054.1,-2.25,-1.13,1.4,,,1115.03,901.78,2.5,LOW,80
NETWORK18.NS,SELL,26.72,-7.58,-3.01,2.3,,,28.47,22.35,2.5,LOW,100
DIACABS.NS,BUY,365.0,12.84,10.31,3.18,357.7,372.3,327.42,458.95,2.5,LOW,100
GRWRHITECH.NS,SELL,6660.5,-5.04,-7.45,1.97,,,7113.31,5528.48,2.5,LOW,100
CERA.NS,HOLD,5630.5,-5.16,-0.57,1.18,,,5474.71,5838.21,1.33,LOW,80
KIRLPNU.NS,SELL,690.65,-9.52,-6.72,1.74,,,733.97,582.35,2.5,LOW,100
BORORENEW.NS,SELL,452.75,-17.45,-8.99,2.08,,,482.21,379.09,2.5,LOW,100
KALPATARU.NS,SELL,261.8,-6.09,-4.77,1.95,,,275.7,227.05,2.5,LOW,100
TRIVENI.NS,SELL,236.6,-21.34,-14.88,2.71,,,257.58,184.14,2.5,LOW,100
GSFC.NS,SELL,151.11,-2.26,-4.24,1.06,,,157.54,135.04,2.5,LOW,100
GARFIBRES.NS,HOLD,804.5,3.79,-4.53,2.25,,,761.41,861.96,1.33,LOW,100
ACI.NS,SELL,468.75,-9.29,-4.85,1.9,,,502.96,383.23,2.5,LOW,100
SHILPAMED.NS,BUY,997.95,27.47,4.44,3.46,977.99,1017.91,898.07,1247.65,2.5,LOW,100
DBL.NS,BUY,425.45,1.98,7.76,1.72,416.94,433.96,398.24,493.47,2.5,LOW,100
MAXESTATES.NS,BUY,581.35,24.38,11.66,3.13,569.72,592.98,527.68,715.53,2.5,LOW,100
THOMASCOOK.NS,SELL,103.72,-1.1,-2.23,3.25,,,110.98,85.57,2.5,LOW,100
SUDEEPPHRM.NS,HOLD,1132.1,9.17,-8.26,3.04,,,1029.76,1268.56,1.33,LOW,100
AARTIPHARM.NS,HOLD,831.65,7.35,-3.87,2.2,,,783.53,895.81,1.33,LOW,100
GNFC.NS,HOLD,581.05,8.66,0.98,2.33,,,555.32,615.36,1.33,LOW,80
THANGAMAYL.NS,SELL,5027.0,-11.05,-5.06,1.89,,,5375.21,4156.46,2.5,LOW,100
PRSMJOHNSN.NS,BUY,116.65,5.86,4.98,1.45,114.32,118.98,111.4,129.77,2.5,LOW,100
RUSTOMJEE.NS,SELL,349.95,-9.03,-7.7,1.65,,,370.89,297.59,2.5,LOW,100
AKUMS.NS,HOLD,774.7,6.83,-0.75,1.78,,,737.85,823.83,1.33,LOW,80
AJAXENGG.NS,SELL,562.1,-2.76,-1.5,1.47,,,601.24,464.24,2.5,LOW,80
ETHOSLTD.NS,SELL,2642.7,-3.12,-8.22,1.18,,,2805.27,2236.27,2.5,LOW,100
PNCINFRA.NS,SELL,138.5,-34.66,-24.3,4.66,,,156.86,92.59,2.5,LOW,100
FDC.NS,HOLD,350.25,-6.65,2.83,1.35,,,335.0,370.58,1.33,LOW,100
LLOYDSENGG.NS,SELL,82.12,-6.71,-3.33,2.03,,,87.69,68.19,2.5,LOW,100
REDTAPE.NS,HOLD,117.93,-6.26,-0.89,1.96,,,110.5,127.83,1.33,LOW,80
TMB.NS,HOLD,898.7,4.09,-0.87,2.46,,,858.99,951.64,1.33,LOW,80
TIPSMUSIC.NS,HOLD,656.35,-1.62,3.94,1.16,,,630.0,691.49,1.33,LOW,100
ATLANTAELE.NS,SELL,1690.5,-0.74,-8.07,3.71,,,1845.47,1303.07,2.5,LOW,80
EPIGRAL.NS,SELL,1098.2,-2.58,-11.4,2.64,,,1182.04,888.59,2.5,LOW,100
INOXGREEN.NS,HOLD,172.6,-4.59,7.68,2.15,,,161.29,187.68,1.33,LOW,100
SFL.NS,HOLD,665.9,-6.14,2.95,1.62,,,633.44,709.18,1.33,LOW,100
V2RETAIL.NS,SELL,213.85,-2.72,-3.34,1.29,,,225.32,185.16,2.5,LOW,100
MASTEK.NS,SELL,1606.9,-7.44,-10.36,4.81,,,1740.03,1274.08,2.5,LOW,100
BALUFORGE.NS,HOLD,517.45,2.32,-9.84,4.46,,,475.55,573.31,1.33,LOW,100
MOIL.NS,SELL,241.57,-8.59,-3.63,1.99,,,253.42,211.95,2.5,LOW,100
GANESHHOU.NS,SELL,746.1,-6.2,-3.75,1.75,,,794.16,625.94,2.5,LOW,100
RTNINDIA.NS,SELL,26.51,-12.48,-4.71,1.84,,,28.5,21.55,2.5,LOW,100
PFOCUS.NS,BUY,340.95,17.11,21.62,2.68,334.13,347.77,314.75,406.45,2.5,LOW,100
WELENT.NS,BUY,784.65,21.09,5.79,3.45,768.96,800.34,713.38,962.83,2.5,LOW,100
RAYMONDLSL.NS,HOLD,658.45,-7.05,-0.78,2.22,,,608.38,725.21,1.33,LOW,80
ISGEC.NS,HOLD,776.0,-4.73,-0.2,1.82,,,741.64,821.81,1.33,LOW,80
PRAJIND.NS,SELL,314.7,-5.07,-5.92,2.12,,,332.01,271.41,2.5,LOW,100
RATEGAIN.NS,SELL,859.2,-6.71,-5.71,2.21,,,924.41,696.18,2.5,LOW,100
MIDHANI.NS,HOLD,417.3,-0.34,0.1,4.14,,,387.1,457.57,1.33,LOW,60
KTKBANK.NS,HOLD,315.15,3.93,-5.79,1.48,,,301.81,332.94,1.33,LOW,100
YATHARTH.NS,BUY,1093.9,21.77,13.68,2.91,1072.02,1115.78,1008.77,1306.72,2.5,LOW,100
CSBBANK.NS,HOLD,330.75,-0.61,1.78,3.26,,,311.0,357.09,1.33,LOW,60
EPL.NS,SELL,238.2,-1.26,-3.39,2.54,,,256.66,192.05,2.5,LOW,100
AURIONPRO.NS,HOLD,692.0,-6.87,-0.14,1.58,,,658.69,736.41,1.33,LOW,80
JUSTDIAL.NS,SELL,668.7,-3.67,-4.18,2.62,,,716.12,550.15,2.5,LOW,100
MHRIL.NS,SELL,196.96,-9.24,-5.27,1.21,,,207.02,171.81,2.5,LOW,100
THYROCARE.NS,SELL,561.0,-2.62,-3.05,1.98,,,591.43,484.93,2.5,LOW,100
ARVINDFASN.NS,SELL,424.9,-6.03,-7.39,2.0,,,453.84,352.54,2.5,LOW,100
EQUITASBNK.NS,SELL,72.13,-4.57,-1.25,1.15,,,75.55,63.58,2.5,LOW,80
ELLEN.NS,BUY,372.65,19.34,12.77,3.68,365.2,380.1,333.77,469.85,2.5,LOW,100
CMSINFO.NS,SELL,231.12,-9.08,-6.26,1.69,,,246.06,193.78,2.5,LOW,100
PGIL.NS,HOLD,1141.6,2.33,-3.32,3.03,,,1052.24,1260.74,1.33,LOW,100
DHANUKA.NS,HOLD,980.6,-2.5,-0.98,1.21,,,942.37,1031.58,1.33,LOW,80
SYMPHONY.NS,HOLD,583.3,-8.75,2.74,2.07,,,555.41,620.49,1.33,LOW,100
QPOWER.NS,BUY,1498.8,17.22,5.25,3.24,1468.82,1528.78,1339.29,1897.59,2.5,LOW,100
CUPID.NS,HOLD,278.7,7.71,-1.57,1.44,,,266.82,294.54,1.33,LOW,80
AHLUCONT.NS,SELL,566.85,-23.54,-5.87,1.94,,,606.05,468.85,2.5,LOW,100
IFBIND.NS,SELL,1215.2,-9.62,-6.23,1.32,,,1286.7,1036.45,2.5,LOW,100
BAJAJELEC.NS,SELL,323.8,-4.66,-3.11,1.69,,,341.11,280.53,2.5,LOW,100
PARKHOSPS.NS,HOLD,277.25,-1.95,0.18,1.36,,,263.28,295.87,1.33,LOW,80
JKPAPER.NS,BUY,423.8,8.98,7.24,1.97,415.32,432.28,393.24,500.21,2.5,LOW,100
PRICOLLTD.NS,HOLD,771.05,6.45,0.43,1.89,,,732.02,823.09,1.33,LOW,80
AVALON.NS,BUY,2444.5,22.69,11.64,3.95,2395.61,2493.39,2156.66,3164.11,2.5,LOW,100
SURYAROSNI.NS,SELL,210.22,-8.05,-2.81,0.94,,,220.7,184.01,2.5,LOW,100
HNDFDS.NS,HOLD,625.75,4.75,-2.85,1.94,,,595.5,666.09,1.33,LOW,100
PURVA.NS,HOLD,214.49,-1.15,0.99,3.0,,,201.43,231.9,1.33,LOW,80
UTLSOLAR.NS,HOLD,416.9,0.55,-2.99,2.8,,,389.36,453.62,1.33,LOW,80
AVL.NS,BUY,637.2,3.44,6.13,1.65,624.46,649.94,597.78,735.75,2.5,LOW,100
RTNPOWER.NS,SELL,7.04,-13.41,-2.76,1.69,,,7.53,5.82,2.5,LOW,100
RENUKA.NS,SELL,22.39,-3.5,-7.75,2.69,,,24.58,16.91,2.5,LOW,100
GREENLAM.NS,SELL,234.18,-5.97,-3.47,1.4,,,247.15,201.76,2.5,LOW,100
SUPRAJIT.NS,SELL,488.85,-2.21,-2.48,1.48,,,521.0,408.48,2.5,LOW,100
JAYNECOIND.NS,HOLD,89.32,-2.49,0.31,2.75,,,84.19,96.16,1.33,LOW,80
VMART.NS,SELL,788.5,-0.89,-7.27,1.67,,,838.56,663.34,2.5,LOW,80
IONEXCHANG.NS,BUY,430.25,5.76,12.57,2.7,421.64,438.86,392.16,525.46,2.5,LOW,100
SUNTECK.NS,SELL,283.5,-5.86,-6.01,1.73,,,299.19,244.27,2.5,LOW,100
JUNIPER.NS,HOLD,215.84,5.75,-0.85,1.99,,,204.89,230.44,1.33,LOW,80
WAKEFIT.NS,HOLD,144.77,5.86,-3.25,2.4,,,135.73,156.82,1.33,LOW,100
HGINFRA.NS,SELL,458.5,-11.56,-4.46,1.16,,,479.8,405.25,2.5,LOW,100
ICRA.NS,SELL,4545.1,-8.46,-9.31,1.63,,,4798.16,3912.46,2.5,LOW,100
SUBROS.NS,HOLD,700.95,-7.62,-0.41,1.67,,,673.38,737.71,1.33,LOW,80
AXISCADES.NS,BUY,1828.1,12.97,11.18,3.51,1791.54,1864.66,1640.76,2296.46,2.5,LOW,100
CRAMC.NS,SELL,236.0,-7.68,-6.66,1.94,,,248.31,205.23,2.5,LOW,100
RALLIS.NS,SELL,202.12,-6.24,-3.52,0.73,,,210.96,180.01,2.5,LOW,100
GOKEX.NS,SELL,730.55,-8.49,-5.14,1.69,,,777.18,613.98,2.5,LOW,100
MTARTECH.NS,BUY,7240.0,8.28,6.16,3.26,7095.2,7384.8,6551.5,8961.25,2.5,LOW,100
GULFOILLUB.NS,HOLD,1071.2,-0.23,-2.14,1.17,,,1028.28,1128.42,1.33,LOW,80
CHEMPLASTS.NS,HOLD,171.0,-7.87,0.69,2.48,,,158.91,187.12,1.33,LOW,80
ASHAPURMIN.NS,SELL,519.0,-17.23,-5.28,1.89,,,556.31,425.73,2.5,LOW,100
SWSOLAR.NS,SELL,178.61,-11.14,-4.89,1.58,,,190.2,149.62,2.5,LOW,100
SHARDAMOTR.NS,BUY,958.3,7.99,8.37,1.73,939.13,977.47,899.8,1104.55,2.5,LOW,100
PICCADIL.NS,SELL,590.6,-14.31,-5.09,1.23,,,628.07,496.92,2.5,LOW,100
INDIAGLYCO.NS,HOLD,271.6,-71.21,14.99,18.26,,,141.21,445.46,1.33,NORMAL,80
MANINFRA.NS,BUY,126.4,14.0,2.54,1.99,123.87,128.93,117.24,149.29,2.5,LOW,100
VIPIND.NS,SELL,295.0,-2.79,-4.95,1.89,,,313.54,248.66,2.5,LOW,100
ELECTCAST.NS,SELL,73.57,-1.58,-12.26,2.19,,,79.41,58.98,2.5,LOW,100
TIIL.NS,HOLD,3095.3,7.31,-5.27,2.22,,,2901.01,3354.36,1.33,LOW,100
PILANIINVS.NS,SELL,4063.3,-6.26,-6.66,1.47,,,4285.3,3508.3,2.5,LOW,100
SMARTWORKS.NS,HOLD,522.35,3.8,-1.7,1.84,,,499.79,552.43,1.33,LOW,80
IMFA.NS,SELL,1258.9,-8.19,-3.24,1.71,,,1341.44,1052.54,2.5,LOW,100
SUPRIYA.NS,BUY,896.8,5.77,6.74,2.44,878.86,914.74,831.26,1060.65,2.5,LOW,100
PARAS.NS,HOLD,1368.9,2.28,-3.02,3.0,,,1267.69,1503.84,1.33,LOW,100
GHCL.NS,SELL,421.0,-3.12,-3.78,0.6,,,435.59,384.52,2.5,LOW,100
SAATVIKGL.NS,SELL,401.95,-5.95,-4.67,2.18,,,429.83,332.25,2.5,LOW,100
EMUDHRA.NS,BUY,605.3,18.06,16.44,5.28,593.19,617.41,544.97,756.12,2.5,LOW,100
MASFIN.NS,SELL,286.8,-6.18,-5.81,1.7,,,304.96,241.41,2.5,LOW,100
TEXRAIL.NS,HOLD,114.08,3.17,-1.02,2.36,,,107.25,123.18,1.33,LOW,80
SKIPPER.NS,HOLD,561.05,2.82,-5.07,3.26,,,521.82,613.36,1.33,LOW,100
RAJESHEXPO.NS,SELL,75.88,-7.95,-8.6,2.42,,,82.86,58.43,2.5,LOW,100
STLTECH.NS,BUY,816.85,24.88,14.53,3.87,800.51,833.19,718.34,1063.14,2.5,LOW,100
SENCO.NS,HOLD,347.4,-5.32,-0.34,2.61,,,330.9,369.4,1.33,LOW,80
FISCHER.NS,SELL,33.0,-11.66,-12.54,2.35,,,36.08,25.29,2.5,LOW,100
STYL.NS,SELL,364.8,-4.58,-5.49,2.46,,,400.19,276.32,2.5,LOW,100
KSCL.NS,SELL,704.35,-9.88,-5.43,1.44,,,738.49,618.99,2.5,LOW,100
ICIL.NS,HOLD,442.95,5.59,-0.94,3.23,,,407.27,490.52,1.33,LOW,80
SHOPERSTOP.NS,BUY,405.4,2.17,6.2,2.52,397.29,413.51,365.39,505.42,2.5,LOW,100
INDIGOPNTS.NS,SELL,1082.0,-2.04,-7.32,1.99,,,1158.87,889.82,2.5,LOW,100
FIEMIND.NS,SELL,1955.4,-12.22,-4.71,1.72,,,2059.67,1694.72,2.5,LOW,100
TVSSCS.NS,BUY,135.49,3.09,8.92,3.35,132.78,138.2,125.43,160.65,2.5,LOW,100
RESPONIND.NS,HOLD,159.48,-5.16,5.01,4.08,,,145.01,178.77,1.33,LOW,100
BANSALWIRE.NS,HOLD,316.1,-0.67,-0.91,1.4,,,302.61,334.09,1.33,LOW,60
LXCHEM.NS,BUY,178.44,1.58,1.63,3.12,174.87,182.01,162.77,217.63,2.5,LOW,80
CRIZAC.NS,HOLD,175.0,-3.55,7.84,2.48,,,163.46,190.39,1.33,LOW,100
AGI.NS,HOLD,724.4,0.56,-7.4,2.94,,,676.57,788.17,1.33,LOW,80
CAPILLARY.NS,SELL,468.5,-6.54,-2.41,1.91,,,502.91,382.48,2.5,LOW,100
KNRCON.NS,HOLD,121.38,-3.35,1.97,2.05,,,114.38,130.72,1.33,LOW,80
UNIMECH.NS,BUY,1586.2,12.6,5.56,2.81,1554.48,1617.92,1446.23,1936.13,2.5,LOW,100
GMMPFAUDLR.NS,BUY,1441.4,43.98,34.27,3.35,1412.57,1470.23,1311.58,1765.95,2.5,LOW,100
ASHOKA.NS,SELL,109.59,-7.15,-6.59,2.06,,,116.98,91.1,2.5,LOW,100
DYNAMATECH.NS,BUY,12201.0,9.5,4.69,1.97,11956.98,12445.02,11336.14,14363.14,2.5,LOW,100
E2E.NS,BUY,608.0,7.99,2.58,2.06,595.84,620.16,550.99,750.52,2.5,LOW,100
GOKULAGRO.NS,SELL,220.72,-2.71,-6.7,1.76,,,234.45,186.39,2.5,LOW,100
FEDFINA.NS,HOLD,154.54,-0.48,-1.92,1.85,,,146.06,165.84,1.33,LOW,60
OPTIEMUS.NS,BUY,592.15,1.79,4.83,3.08,580.31,603.99,543.74,713.19,2.5,LOW,100
KINGFA.NS,HOLD,5885.5,5.0,-0.04,2.2,,,5586.57,6284.07,1.33,LOW,80
KRN.NS,HOLD,1423.0,2.22,-9.86,3.04,,,1318.56,1562.26,1.33,LOW,100
DATAMATICS.NS,HOLD,761.7,-6.19,0.22,1.55,,,720.19,817.04,1.33,LOW,80
WEBELSOLAR.NS,SELL,72.65,-16.18,-2.2,2.33,,,78.61,57.75,2.5,LOW,100
EMIL.NS,BUY,197.29,20.57,11.99,3.05,193.34,201.24,178.39,244.53,2.5,LOW,100
PTC.NS,SELL,154.08,-1.74,-1.41,1.43,,,159.87,139.62,2.5,LOW,80
ROUTE.NS,SELL,470.6,-10.02,-6.56,1.86,,,496.96,404.71,2.5,LOW,100
ITDC.NS,HOLD,658.05,-5.05,3.72,2.32,,,613.4,717.58,1.33,LOW,100
RSYSTEMS.NS,SELL,242.68,-2.08,-5.11,1.75,,,260.04,199.28,2.5,LOW,100
ZAGGLE.NS,SELL,179.22,-8.46,-2.77,2.42,,,190.63,150.69,2.5,LOW,100
GAEL.NS,SELL,157.76,-4.21,-7.68,2.06,,,168.24,131.57,2.5,LOW,100
ORIANA.NS,SELL,269.77,-77.28,-77.92,18.25,,,460.44,-206.89,2.5,NORMAL,80
SIS.NS,HOLD,426.85,-0.28,-2.06,1.06,,,412.41,446.11,1.33,LOW,80
PDSL.NS,SELL,346.65,-3.64,-3.67,1.73,,,370.09,288.04,2.5,LOW,100
SMLMAH.NS,HOLD,6355.0,21.53,0.9,4.09,,,5839.7,7042.07,1.33,LOW,80
HCC.NS,SELL,21.44,-2.72,-6.7,3.18,,,23.2,17.04,2.5,LOW,100
VRLLOG.NS,HOLD,288.15,5.27,-3.9,1.29,,,277.68,302.11,1.33,LOW,100
ENTERO.NS,HOLD,1688.5,15.72,-6.06,3.2,,,1574.39,1840.64,1.33,LOW,100
SUNFLAG.NS,HOLD,346.5,-1.47,0.06,1.82,,,328.69,370.25,1.33,LOW,80
SWARAJENG.NS,HOLD,3550.6,-1.51,-0.12,0.8,,,3457.77,3674.37,1.33,LOW,80
JSFB.NS,HOLD,527.2,-2.16,0.73,2.46,,,494.88,570.29,1.33,LOW,80
JKIL.NS,SELL,478.1,-2.91,-1.72,0.9,,,499.96,423.44,2.5,LOW,80
CARERATING.NS,SELL,1643.8,-2.66,-2.33,1.75,,,1743.64,1394.19,2.5,LOW,100
MIDWESTLTD.NS,SELL,979.8,-15.78,-5.51,1.79,,,1057.3,786.05,2.5,LOW,100
ANUP.NS,SELL,1674.9,-13.57,-7.47,1.53,,,1780.71,1410.36,2.5,LOW,100
GREAVESCOT.NS,HOLD,196.44,-6.66,0.45,1.52,,,188.34,207.24,1.33,LOW,80
SUVEN.NS,HOLD,342.85,0.2,-10.15,4.03,,,315.93,378.74,1.33,LOW,80
LGBBROSLTD.NS,HOLD,1711.6,7.0,0.69,1.36,,,1659.19,1781.49,1.33,LOW,80
SKYGOLD.NS,BUY,788.95,6.78,6.33,2.82,773.17,804.73,717.77,966.9,2.5,LOW,100
REFEX.NS,SELL,272.6,-7.76,-3.52,1.81,,,289.73,229.78,2.5,LOW,100
TARC.NS,BUY,131.01,3.9,6.96,1.97,128.39,133.63,120.48,157.34,2.5,LOW,100
NIITMTS.NS,SELL,220.53,-5.54,-4.18,1.69,,,236.71,180.07,2.5,LOW,100
DBCORP.NS,SELL,187.0,-8.13,-3.74,1.11,,,195.59,165.52,2.5,LOW,100
INNOVACAP.NS,HOLD,1168.9,12.16,-0.55,2.01,,,1094.86,1267.61,1.33,LOW,80
NEPHROPLUS.NS,BUY,742.55,7.09,6.53,1.87,727.7,757.4,689.01,876.41,2.5,LOW,100
BALAMINES.NS,SELL,2170.0,-3.54,-10.25,3.6,,,2390.3,1619.25,2.5,LOW,100
NACLIND.NS,SELL,145.04,-19.24,-13.07,2.03,,,157.04,115.05,2.5,LOW,100
DCBBANK.NS,HOLD,221.98,10.18,0.56,1.9,,,212.06,235.21,1.33,LOW,80
SJS.NS,SELL,2347.4,-1.07,-2.64,1.81,,,2496.59,1974.44,2.5,LOW,100
BOSCH-HCIL.NS,HOLD,1693.4,7.27,-4.74,2.17,,,1588.96,1832.66,1.33,LOW,100
NFL.NS,SELL,66.75,-4.69,-3.65,0.9,,,68.93,61.29,2.5,LOW,100
SPARC.NS,SELL,193.75,-7.46,-4.34,2.56,,,209.45,154.5,2.5,LOW,100
INDIQUBE.NS,BUY,195.55,5.9,1.23,1.48,191.64,199.46,178.43,238.34,2.5,LOW,80
BANARISUG.NS,SELL,3321.7,-7.17,-11.48,4.75,,,3611.12,2598.15,2.5,LOW,100
SHREEJISPG.NS,BUY,682.15,6.03,2.69,1.68,668.51,695.79,632.77,805.6,2.5,LOW,100
SHILCTECH.NS,HOLD,4137.8,-1.86,1.78,1.52,,,3958.85,4376.4,1.33,LOW,80
VSTTILLERS.NS,SELL,4101.7,-5.78,-1.15,1.21,,,4288.93,3633.64,2.5,LOW,80
INDRAMEDCO.NS,HOLD,364.4,0.14,3.4,1.22,,,352.22,380.64,1.33,LOW,80
PACEDIGITK.NS,SELL,155.29,-15.25,-6.58,1.7,,,165.97,128.6,2.5,LOW,100
VSTIND.NS,SELL,205.44,-5.83,-1.21,0.67,,,210.93,191.7,2.5,LOW,80
RAIN.NS,SELL,207.33,-2.41,-2.07,3.32,,,225.83,161.08,2.5,LOW,100
SAMHI.NS,HOLD,159.83,-3.34,5.53,2.01,,,151.17,171.38,1.33,LOW,100
HEIDELBERG.NS,SELL,142.01,-5.72,-6.09,1.18,,,148.0,127.04,2.5,LOW,100
CEIGALL.NS,BUY,380.25,10.83,9.55,1.47,372.64,387.86,355.12,443.07,2.5,LOW,100
SGMART.NS,SELL,735.05,-0.7,-10.88,2.51,,,800.91,570.39,2.5,LOW,80
HERITGFOOD.NS,BUY,406.6,13.17,7.35,3.21,398.47,414.73,371.98,493.15,2.5,LOW,100
STYRENIX.NS,HOLD,2081.0,-6.02,3.44,1.64,,,1988.27,2204.64,1.33,LOW,100
ORIENTCEM.NS,SELL,124.33,-6.02,-4.13,1.38,,,130.21,109.63,2.5,LOW,100
AARTIDRUGS.NS,BUY,430.25,2.82,1.03,1.62,421.64,438.86,400.65,504.25,2.5,LOW,80
ORIENTELEC.NS,SELL,167.61,-5.85,-5.66,1.53,,,177.68,142.43,2.5,LOW,100
GUJTHEM.NS,BUY,433.5,12.88,4.95,3.54,424.83,442.17,386.33,551.43,2.5,LOW,100
GOPAL.NS,SELL,250.6,-6.8,-5.4,1.26,,,263.59,218.14,2.5,LOW,100
BHARATRAS.NS,HOLD,1175.0,-7.9,-0.73,1.18,,,1122.04,1245.61,1.33,LOW,80
RBA.NS,HOLD,94.94,8.83,-2.87,2.39,,,89.53,102.16,1.33,LOW,100
LUMAXIND.NS,HOLD,5892.0,4.0,-8.26,2.4,,,5513.52,6396.64,1.33,LOW,100
ZOTA.NS,HOLD,1145.1,-4.33,3.99,1.9,,,1091.46,1216.61,1.33,LOW,100
AVANTEL.NS,SELL,146.92,-9.17,-6.12,2.26,,,158.3,118.46,2.5,LOW,100
EIEL.NS,HOLD,196.85,-6.12,0.61,2.27,,,185.64,211.79,1.33,LOW,80
HUBTOWN.NS,SELL,175.54,-6.94,-8.67,2.15,,,189.11,141.62,2.5,LOW,100
KITEX.NS,SELL,119.82,-12.53,-4.9,1.83,,,128.14,99.01,2.5,LOW,100
RAYMONDREL.NS,HOLD,590.2,-4.15,9.96,3.04,,,546.97,647.84,1.33,LOW,100
SANATHAN.NS,BUY,475.25,2.34,9.5,2.55,465.75,484.75,431.84,583.77,2.5,LOW,100
NORTHARC.NS,BUY,311.45,5.14,3.08,2.87,305.22,317.68,289.97,365.15,2.5,LOW,100
JAMNAAUTO.NS,HOLD,122.64,-4.95,0.49,2.37,,,115.61,132.01,1.33,LOW,80
GUJALKALI.NS,SELL,633.95,-4.07,-9.78,2.01,,,685.27,505.66,2.5,LOW,100
DCAL.NS,SELL,165.36,-9.19,-6.5,1.57,,,179.88,129.05,2.5,LOW,100
AWFIS.NS,HOLD,268.85,-1.39,3.09,4.67,,,249.43,294.75,1.33,LOW,100
MOSCHIP.NS,SELL,208.5,-3.13,-1.75,2.29,,,222.29,174.03,2.5,LOW,80
RAMKY.NS,SELL,320.9,-14.12,-6.67,1.87,,,344.01,263.11,2.5,LOW,100
GOLDIAM.NS,SELL,323.5,-8.31,-5.99,0.92,,,344.2,271.75,2.5,LOW,100
JTEKTINDIA.NS,SELL,120.09,-8.1,-1.42,1.28,,,126.03,105.23,2.5,LOW,80
HEMIPROP.NS,SELL,121.04,-8.11,-4.4,1.23,,,126.59,107.16,2.5,LOW,100
63MOONS.NS,BUY,871.15,8.68,2.58,2.78,853.73,888.57,789.13,1076.2,2.5,LOW,100
KIRLOSIND.NS,HOLD,3738.7,-1.44,1.07,1.93,,,3541.94,4001.04,1.33,LOW,80
SHANTIGEAR.NS,BUY,669.9,34.79,7.74,5.57,656.5,683.3,590.06,869.49,2.5,LOW,100
SINDHUTRAD.NS,SELL,23.04,-6.17,-5.96,2.58,,,25.1,17.9,2.5,LOW,100
BOROLTD.NS,BUY,253.39,3.41,1.39,2.61,248.32,258.46,231.73,307.53,2.5,LOW,80
MARATHON.NS,HOLD,415.75,4.39,-4.32,5.17,,,388.2,452.48,1.33,LOW,100
CAMLINFINE.NS,SELL,99.21,-12.73,-3.8,1.37,,,106.04,82.13,2.5,LOW,100
UFLEX.NS,HOLD,653.7,17.88,-4.81,3.06,,,608.69,713.71,1.33,LOW,100
VAIBHAVGBL.NS,SELL,208.55,-12.02,-4.53,1.31,,,220.63,178.35,2.5,LOW,100
UEL.NS,HOLD,196.5,7.08,-10.34,5.28,,,178.7,220.24,1.33,LOW,100
RPGLIFE.NS,BUY,2807.4,2.09,9.45,1.85,2751.25,2863.55,2559.13,3428.08,2.5,LOW,100
RAYMOND.NS,BUY,986.0,44.53,30.1,6.29,966.28,1005.72,842.01,1345.98,2.5,LOW,100
ORCHPHARMA.NS,HOLD,983.75,-1.99,4.87,3.04,,,923.42,1064.19,1.33,LOW,100
LUXIND.NS,SELL,1060.7,-12.65,-11.07,1.65,,,1131.86,882.81,2.5,LOW,100
MPSLTD.NS,BUY,2638.8,1.31,1.7,2.28,2586.02,2691.58,2452.74,3103.94,2.5,LOW,80
MCLOUD.NS,SELL,25.26,-9.91,-3.88,1.37,,,26.82,21.37,2.5,LOW,100
TRUALT.NS,HOLD,428.85,-2.17,0.85,1.17,,,409.49,454.66,1.33,LOW,80
AJMERA.NS,HOLD,114.34,-5.57,-0.28,1.12,,,108.37,122.3,1.33,LOW,80
GOODLUCK.NS,BUY,518.75,5.81,10.51,2.95,508.38,529.12,474.46,629.46,2.5,LOW,100
VADILALIND.NS,HOLD,7227.5,1.29,-6.29,2.16,,,6804.54,7791.45,1.33,LOW,100
EBGNG.NS,BUY,696.5,17.44,11.96,4.11,682.57,710.43,619.91,887.98,2.5,LOW,100
QUESS.NS,HOLD,348.85,5.61,-1.66,3.05,,,323.78,382.28,1.33,LOW,80
WONDERLA.NS,HOLD,519.25,5.49,-3.17,2.06,,,494.17,552.69,1.33,LOW,100
GREENPLY.NS,HOLD,290.55,-1.58,1.52,2.08,,,274.79,311.56,1.33,LOW,80
NEOGEN.NS,BUY,2452.8,12.62,14.77,2.48,2403.74,2501.86,2242.69,2978.09,2.5,LOW,100
INTERARCH.NS,HOLD,1701.1,-2.68,1.56,1.4,,,1620.28,1808.86,1.33,LOW,80
PRECWIRE.NS,HOLD,478.95,13.2,-1.82,5.36,,,444.47,524.93,1.33,LOW,80
KOLTEPATIL.NS,HOLD,430.85,1.01,-2.26,1.87,,,407.43,462.07,1.33,LOW,100
JINDWORLD.NS,HOLD,50.45,25.05,-12.28,7.1,,,43.37,59.89,1.33,LOW,100
MBAPL.NS,HOLD,162.17,3.15,0.06,1.76,,,153.46,173.78,1.33,LOW,80
ARSSBL.NS,SELL,500.7,-2.86,-2.77,1.76,,,529.01,429.91,2.5,LOW,100
MEDIASSIST.NS,SELL,321.45,-6.28,-4.96,1.53,,,341.5,271.31,2.5,LOW,100
NPST.NS,BUY,1859.1,15.29,8.3,3.26,1821.92,1896.28,1683.32,2298.54,2.5,LOW,100
CENTUM.NS,BUY,4382.2,17.76,16.32,4.44,4294.56,4469.84,3964.94,5425.34,2.5,LOW,100
HARSHA.NS,HOLD,444.5,4.21,-2.03,2.12,,,418.95,478.57,1.33,LOW,100
GOCOLORS.NS,SELL,309.0,-6.48,-4.2,2.34,,,327.86,261.84,2.5,LOW,100
NSIL.NS,SELL,5526.0,-0.67,-2.98,1.3,,,5783.93,4881.18,2.5,LOW,80
GKENERGY.NS,SELL,120.0,-8.6,-7.37,2.31,,,128.33,99.18,2.5,LOW,100
INDOSTAR.NS,SELL,234.87,-7.4,-10.04,2.42,,,253.2,189.05,2.5,LOW,100
KSL.NS,BUY,965.0,7.78,6.71,2.92,945.7,984.3,875.49,1188.77,2.5,LOW,100
ROLEXRINGS.NS,HOLD,170.98,5.8,-4.31,2.13,,,160.88,184.45,1.33,LOW,100
ADVENZYMES.NS,SELL,289.45,-5.71,-2.21,1.24,,,304.51,251.81,2.5,LOW,100
SHAREINDIA.NS,BUY,227.25,26.7,34.65,3.73,222.7,231.8,204.99,282.91,2.5,LOW,100
POCL.NS,SELL,465.8,-8.72,-3.91,1.84,,,502.66,373.66,2.5,LOW,100
GUFICBIO.NS,BUY,435.15,6.38,3.35,2.16,426.45,443.85,400.95,520.65,2.5,LOW,100
UNICHEMLAB.NS,SELL,542.4,-0.57,-3.08,2.41,,,597.82,403.85,2.5,LOW,80
MSTCLTD.NS,HOLD,703.0,7.02,-0.08,2.96,,,646.91,777.79,1.33,LOW,80
ROSSARI.NS,SELL,435.2,-12.17,-8.61,1.5,,,459.64,374.11,2.5,LOW,100
JUBLCPL.NS,SELL,1999.8,-2.68,-9.83,3.03,,,2220.34,1448.44,2.5,LOW,100
CYIENTDLM.NS,BUY,920.75,24.95,10.07,3.81,902.34,939.16,814.79,1185.66,2.5,LOW,100
SUNCLAY.NS,HOLD,1260.1,-2.78,-0.98,1.32,,,1191.87,1351.07,1.33,LOW,80
RPEL.NS,HOLD,1633.3,9.59,-9.62,5.01,,,1459.17,1865.47,1.33,LOW,100
BALMLAWRIE.NS,SELL,163.1,-4.64,-5.04,1.01,,,168.73,149.03,2.5,LOW,100
ARTEMISMED.NS,BUY,340.75,10.05,6.53,2.29,333.94,347.56,309.81,418.11,2.5,LOW,100
PRINCEPIPE.NS,SELL,260.25,-4.93,-8.36,1.84,,,277.08,218.16,2.5,LOW,100
JISLJALEQS.NS,BUY,30.35,2.32,8.12,3.21,29.74,30.96,27.6,37.23,2.5,LOW,100
PITTIENG.NS,BUY,1147.3,12.61,6.98,2.87,1124.35,1170.25,1046.54,1399.2,2.5,LOW,100
FOSECOIND.NS,BUY,6670.5,19.04,7.88,3.51,6537.09,6803.91,6078.57,8150.32,2.5,LOW,100
DPABHUSHAN.NS,HOLD,1386.7,-0.46,1.19,2.64,,,1313.17,1484.74,1.33,LOW,60
SSWL.NS,BUY,373.55,20.52,6.82,4.91,366.08,381.02,332.34,476.57,2.5,LOW,100
BHAGCHEM.NS,SELL,249.5,-9.61,-7.27,1.64,,,266.19,207.77,2.5,LOW,100
BAJAJCON.NS,HOLD,515.1,-1.25,1.21,2.5,,,487.29,552.19,1.33,LOW,80
NAVNETEDUL.NS,SELL,124.5,-8.73,-7.05,0.94,,,129.9,110.99,2.5,LOW,100
INDOTHAI.NS,SELL,34.36,-69.74,-8.48,4.41,,,39.12,22.46,2.5,LOW,100
GREENPANEL.NS,SELL,156.3,-11.59,-1.08,1.65,,,167.24,128.94,2.5,LOW,80
BBL.NS,SELL,2197.0,-9.25,-5.27,1.31,,,2318.66,1892.86,2.5,LOW,100
PROTEAN.NS,SELL,491.0,-10.88,-1.34,1.76,,,522.01,413.46,2.5,LOW,80
VISHNU.NS,BUY,719.4,13.34,8.71,2.26,705.01,733.79,662.3,862.15,2.5,LOW,100
SAMBHV.NS,BUY,140.39,13.62,11.26,3.21,137.58,143.2,128.5,170.12,2.5,LOW,100
BOMDYEING.NS,SELL,109.95,-6.05,-2.86,1.91,,,116.47,93.66,2.5,LOW,100
SWANDEF.NS,BUY,2715.2,11.5,12.49,1.94,2660.9,2769.5,2446.59,3386.74,2.5,LOW,100
PARAGMILK.NS,BUY,267.6,14.5,7.21,3.42,262.25,272.95,241.47,332.92,2.5,LOW,100
SENORES.NS,HOLD,1415.7,-1.31,-0.89,1.99,,,1338.55,1518.57,1.33,LOW,80
HLEGLAS.NS,BUY,448.9,17.8,40.26,3.69,439.92,457.88,401.94,566.31,2.5,LOW,100
HIKAL.NS,BUY,229.3,3.54,3.15,5.81,224.71,233.89,198.07,307.38,2.5,LOW,100
FLAIR.NS,SELL,235.92,-5.39,-4.91,0.96,,,249.42,202.17,2.5,LOW,100
KIRIINDUS.NS,HOLD,531.2,14.81,-4.99,4.58,,,482.12,596.64,1.33,LOW,100
KKCL.NS,SELL,486.15,-4.35,-2.7,1.68,,,515.76,412.11,2.5,LOW,100
MAHLOG.NS,HOLD,390.6,-2.38,0.88,1.19,,,374.75,411.74,1.33,LOW,80
EPACK.NS,SELL,178.79,-16.45,-4.66,1.24,,,190.03,150.68,2.5,LOW,100
ARKADE.NS,HOLD,118.47,-9.91,0.46,2.32,,,112.12,126.93,1.33,LOW,80
PSPPROJECT.NS,SELL,803.05,-15.6,-8.17,1.15,,,855.44,672.09,2.5,LOW,100
STYLAMIND.NS,HOLD,3282.0,-4.43,1.27,1.88,,,3126.51,3489.31,1.33,LOW,80
KRISHANA.NS,HOLD,180.81,3.14,-3.86,2.03,,,171.69,192.98,1.33,LOW,100
PARKHOTELS.NS,SELL,107.58,-9.42,-5.67,1.31,,,113.67,92.37,2.5,LOW,100
GATEWAY.NS,HOLD,52.9,-4.28,-0.38,1.26,,,51.08,55.33,1.33,LOW,80
PRABHA.NS,BUY,232.94,26.73,5.42,2.89,228.28,237.6,201.75,310.92,2.5,LOW,100
IMAGICAA.NS,HOLD,53.34,6.54,-3.68,5.17,,,49.4,58.59,1.33,LOW,100
JASH.NS,BUY,521.9,4.75,14.26,3.05,511.46,532.34,480.8,624.65,2.5,LOW,100
GLOBUSSPR.NS,SELL,821.55,-7.85,-10.67,1.61,,,866.1,710.17,2.5,LOW,100
PAISALO.NS,BUY,89.1,22.48,20.39,2.71,87.32,90.88,81.9,107.11,2.5,LOW,100
DDEVPLSTIK.NS,SELL,253.8,-8.56,-7.39,1.23,,,268.26,217.66,2.5,LOW,100
PATELENG.NS,SELL,25.83,-9.06,-3.83,1.35,,,27.32,22.1,2.5,LOW,100
PENIND.NS,HOLD,169.41,2.32,-0.09,1.97,,,161.13,180.45,1.33,LOW,80
WSTCSTPAPR.NS,BUY,727.7,19.32,11.91,2.99,713.15,742.25,666.89,879.72,2.5,LOW,100
GANECOS.NS,SELL,995.4,-8.97,-2.52,1.96,,,1068.0,813.91,2.5,LOW,100
KDDL.NS,HOLD,3861.3,6.11,0.42,1.58,,,3699.14,4077.52,1.33,LOW,80
MAITHANALL.NS,HOLD,1012.0,1.3,-0.72,2.34,,,938.72,1109.71,1.33,LOW,80
POLYPLEX.NS,SELL,1086.5,-4.38,-8.73,1.67,,,1148.89,930.54,2.5,LOW,100
DEEPINDS.NS,HOLD,743.65,17.74,-0.16,3.46,,,686.18,820.28,1.33,LOW,80
SAGCEM.NS,SELL,152.4,-9.5,-2.95,1.65,,,163.64,124.31,2.5,LOW,100
SIYSIL.NS,SELL,516.9,-13.44,-7.47,2.15,,,550.74,432.29,2.5,LOW,100
EUROPRATIK.NS,SELL,231.5,-18.28,-13.3,1.73,,,252.23,179.68,2.5,LOW,100
HPL.NS,SELL,282.55,-11.58,-6.49,1.29,,,298.43,242.84,2.5,LOW,100
EASEMYTRIP.NS,SELL,5.77,-9.22,-3.35,1.19,,,6.06,5.03,2.5,LOW,100
ASHIANA.NS,SELL,351.0,-5.45,-3.48,1.33,,,368.96,306.11,2.5,LOW,100
TCPLPACK.NS,HOLD,3880.6,8.36,0.53,2.6,,,3646.57,4192.64,1.33,LOW,80
BRIGHOTEL.NS,SELL,56.26,-5.89,-4.56,0.98,,,58.52,50.6,2.5,LOW,100
SANDHAR.NS,SELL,599.7,-4.37,-4.77,1.85,,,639.59,499.97,2.5,LOW,100
SHK.NS,SELL,140.9,-6.46,-5.03,2.02,,,150.38,117.2,2.5,LOW,100
TFCILTD.NS,HOLD,139.19,19.33,-5.13,1.99,,,132.81,147.69,1.33,LOW,100
RAMRAT.NS,BUY,554.4,16.18,3.61,4.01,543.31,565.49,494.32,704.6,2.5,LOW,100
SUNDROP.NS,BUY,663.0,0.7,1.14,0.95,649.74,676.26,630.26,744.84,2.5,LOW,60
EFCIL.NS,SELL,179.05,-6.12,-7.34,2.27,,,190.49,150.45,2.5,LOW,100
ORISSAMINE.NS,SELL,3838.9,-8.15,-11.24,1.35,,,4121.09,3133.44,2.5,LOW,100
VEEDOL.NS,SELL,1383.1,-4.52,-7.16,1.28,,,1444.19,1230.39,2.5,LOW,100
TEAMLEASE.NS,SELL,1229.2,-4.35,-2.79,1.03,,,1299.6,1053.2,2.5,LOW,100
AGIIL.NS,SELL,271.15,-10.0,-3.42,1.94,,,296.36,208.13,2.5,LOW,100
NOCIL.NS,BUY,188.67,11.12,9.41,2.42,184.9,192.44,174.42,224.3,2.5,LOW,100
EMSLIMITED.NS,SELL,363.55,-7.62,-5.76,1.76,,,388.93,300.09,2.5,LOW,100
PREMEXPLN.NS,HOLD,669.05,0.5,0.77,0.73,,,653.86,689.3,1.33,LOW,60
MANINDS.NS,BUY,828.75,27.49,4.46,4.35,812.17,845.33,725.58,1086.68,2.5,LOW,100
TIRUMALCHM.NS,HOLD,160.1,-1.62,0.18,2.52,,,151.74,171.24,1.33,LOW,80
SANGHVIMOV.NS,SELL,431.0,-4.65,-1.87,2.23,,,466.29,342.79,2.5,LOW,80
FMGOETZE.NS,HOLD,449.9,4.11,-10.28,4.09,,,421.41,487.88,1.33,LOW,100
SBCL.NS,HOLD,1091.9,17.39,-5.54,3.42,,,993.09,1223.65,1.33,LOW,100
FCL.NS,BUY,55.23,21.14,7.22,3.91,54.13,56.33,48.87,71.12,2.5,LOW,100
VIMTALABS.NS,SELL,601.75,-1.84,-7.74,1.83,,,649.02,483.57,2.5,LOW,100
MUTHOOTMF.NS,SELL,188.71,-14.4,-8.79,2.22,,,202.24,154.88,2.5,LOW,100
MARINE.NS,HOLD,376.4,11.83,-12.71,3.88,,,339.95,425.01,1.33,LOW,100
ARVSMART.NS,SELL,556.75,-10.51,-15.13,2.18,,,599.82,449.07,2.5,LOW,100
DALMIASUG.NS,SELL,385.25,-7.11,-16.44,2.21,,,426.74,281.52,2.5,LOW,100
KPEL.NS,SELL,215.0,-21.42,-10.75,1.83,,,234.24,166.89,2.5,LOW,100
GIPCL.NS,HOLD,186.49,7.51,-7.56,2.93,,,176.63,199.63,1.33,LOW,100
ALPEXSOLAR.NS,BUY,893.35,5.75,5.2,2.61,875.48,911.22,812.92,1094.42,2.5,LOW,100
PRAKASH.NS,SELL,117.74,-5.28,-3.33,1.4,,,124.26,101.44,2.5,LOW,100
RPSGVENT.NS,HOLD,842.8,-4.76,0.05,1.64,,,802.7,896.26,1.33,LOW,80
BCG.NS,BUY,10.04,5.53,11.8,2.96,9.84,10.24,9.15,12.27,2.5,LOW,100
TATVA.NS,BUY,1726.0,5.01,8.26,2.64,1691.48,1760.52,1583.72,2081.7,2.5,LOW,100
IOLCP.NS,HOLD,197.46,14.47,-1.25,4.2,,,178.62,222.58,1.33,LOW,80
BAJAJHIND.NS,SELL,19.1,-1.28,-12.63,3.22,,,20.75,14.97,2.5,LOW,100
BFUTILITIE.NS,HOLD,544.95,-1.94,0.17,2.86,,,505.15,598.01,1.33,LOW,80
RAMCOIND.NS,SELL,318.9,-6.02,-1.57,1.22,,,336.37,275.22,2.5,LOW,80
TVSSRICHAK.NS,HOLD,4892.0,8.41,-6.11,3.47,,,4551.67,5345.77,1.33,LOW,100
EPACKPEB.NS,HOLD,228.0,-5.71,0.31,2.92,,,212.38,248.83,1.33,LOW,80
POKARNA.NS,SELL,747.75,-17.64,-10.91,1.93,,,815.33,578.8,2.5,LOW,100
JTLIND.NS,HOLD,88.73,10.87,-3.07,3.32,,,82.45,97.1,1.33,LOW,100
EVEREADY.NS,HOLD,335.0,-3.39,4.26,2.82,,,313.38,363.82,1.33,LOW,100
CARRARO.NS,SELL,525.5,-1.21,-1.82,1.8,,,563.56,430.35,2.5,LOW,80
NRBBEARING.NS,BUY,529.4,16.52,17.37,4.15,518.81,539.99,481.18,649.95,2.5,LOW,100
HONDAPOWER.NS,SELL,1961.8,-4.58,-1.59,1.06,,,2059.86,1716.66,2.5,LOW,80
SAKSOFT.NS,SELL,141.83,-13.36,-5.69,1.6,,,151.38,117.95,2.5,LOW,100
MOREPENLAB.NS,BUY,118.8,38.9,4.62,4.45,116.42,121.18,102.8,158.8,2.5,LOW,100
HIRECT.NS,HOLD,1259.3,1.13,0.89,2.54,,,1180.89,1363.84,1.33,LOW,80
VENUSPIPES.NS,BUY,2205.9,29.06,38.36,5.11,2161.78,2250.02,1981.27,2767.48,2.5,LOW,100
SOTL.NS,HOLD,707.25,5.62,-4.52,3.56,,,642.18,794.01,1.33,LOW,100
ALLCARGO.NS,HOLD,11.0,7.41,-11.58,4.3,,,10.11,12.19,1.33,LOW,100
MTNL.NS,SELL,23.83,-10.93,-10.24,1.45,,,25.05,20.78,2.5,LOW,100
RELTD.NS,SELL,145.79,-11.66,-4.17,2.38,,,159.34,111.93,2.5,LOW,100
ALEMBICLTD.NS,HOLD,103.49,11.05,-5.5,3.25,,,95.5,114.14,1.33,LOW,100
DIGITIDE.NS,SELL,84.1,-14.75,-12.29,2.06,,,91.67,65.17,2.5,LOW,100
UTKARSHBNK.NS,SELL,13.99,-3.88,-6.04,2.94,,,15.43,10.4,2.5,LOW,100
NUCLEUS.NS,SELL,690.05,-4.9,-6.84,0.96,,,718.03,620.1,2.5,LOW,100
SERVOTECH.NS,SELL,72.55,-15.92,-7.67,1.5,,,77.45,60.3,2.5,LOW,100
AUTOAXLES.NS,HOLD,1683.0,-4.27,-0.47,1.18,,,1615.84,1772.54,1.33,LOW,80
HMT.NS,SELL,61.48,-1.35,-4.34,3.17,,,67.85,45.55,2.5,LOW,100
LAOPALA.NS,SELL,162.49,-8.26,-5.28,1.95,,,171.1,140.96,2.5,LOW,100
DCXINDIA.NS,SELL,162.48,-8.69,-5.11,1.56,,,173.19,135.72,2.5,LOW,100
HINDWAREAP.NS,SELL,176.13,-13.95,-5.21,1.57,,,187.06,148.79,2.5,LOW,100
JAYKAY.NS,SELL,154.01,-3.56,-9.09,4.1,,,173.23,105.96,2.5,LOW,100
INDOCO.NS,HOLD,255.25,7.28,-6.27,5.17,,,226.92,293.03,1.33,LOW,100
WINDMACHIN.NS,SELL,296.2,-1.39,-5.09,1.34,,,318.16,241.31,2.5,LOW,100
SOLARWORLD.NS,SELL,133.5,-19.9,-10.59,2.21,,,144.27,106.56,2.5,LOW,100
TAJGVK.NS,HOLD,332.2,-4.8,0.99,1.89,,,317.28,352.09,1.33,LOW,80
NITCO.NS,SELL,86.08,-13.13,-7.87,2.41,,,93.13,68.45,2.5,LOW,100
SIRCA.NS,SELL,405.15,-4.01,-8.0,1.23,,,425.81,353.49,2.5,LOW,100
VIKRAN.NS,SELL,55.88,-14.13,-8.05,1.75,,,59.02,48.03,2.5,LOW,100
KALAMANDIR.NS,SELL,77.48,-10.91,-9.77,1.43,,,81.37,67.76,2.5,LOW,100
VSSL.NS,BUY,406.5,21.78,12.26,2.91,398.37,414.63,369.36,499.36,2.5,LOW,100
KRSNAA.NS,SELL,536.45,-2.4,-2.27,1.47,,,572.39,446.61,2.5,LOW,100
SDBL.NS,SELL,68.53,-4.33,-5.58,1.61,,,73.41,56.32,2.5,LOW,100
CARYSIL.NS,SELL,1106.8,-4.98,-2.84,1.39,,,1185.1,911.05,2.5,LOW,100
TCIEXP.NS,SELL,491.15,-10.64,-9.37,1.82,,,524.47,407.85,2.5,LOW,100
KCP.NS,SELL,158.15,-2.7,-5.8,3.02,,,167.79,134.04,2.5,LOW,100
BEPL.NS,HOLD,127.61,5.07,-1.64,3.03,,,119.66,138.21,1.33,LOW,80
KMEW.NS,HOLD,2854.2,6.38,-5.91,3.25,,,2659.53,3113.76,1.33,LOW,100
XPROINDIA.NS,SELL,1232.5,-2.22,-4.13,3.84,,,1361.91,908.96,2.5,LOW,100
HATHWAY.NS,SELL,10.03,-5.69,-4.66,1.07,,,10.44,8.99,2.5,LOW,100
REPCOHOME.NS,SELL,347.05,-6.98,-3.26,1.25,,,364.31,303.89,2.5,LOW,100
ADFFOODS.NS,SELL,261.6,-6.37,-2.28,1.8,,,280.08,215.4,2.5,LOW,100
UNIVCABLES.NS,HOLD,1471.7,0.1,-6.64,2.85,,,1361.9,1618.1,1.33,LOW,80
PANACEABIO.NS,SELL,362.15,-15.05,-6.91,1.98,,,390.67,290.85,2.5,LOW,100
GRMOVER.NS,SELL,82.0,-8.17,-4.68,1.63,,,88.01,66.98,2.5,LOW,100
DIAMONDYD.NS,SELL,1107.7,-4.46,-3.24,0.81,,,1171.44,948.34,2.5,LOW,100
CAPACITE.NS,SELL,196.54,-7.75,-5.91,2.92,,,211.29,159.66,2.5,LOW,100
ROSSTECH.NS,BUY,1435.9,32.92,26.65,2.78,1407.18,1464.62,1302.85,1768.51,2.5,LOW,100
FILATEX.NS,BUY,91.73,17.88,18.43,4.78,89.9,93.56,81.67,116.87,2.5,LOW,100
JINDALPOLY.NS,BUY,711.15,8.06,3.63,3.42,696.93,725.37,645.29,875.79,2.5,LOW,100
SMSPHARMA.NS,BUY,439.95,14.86,12.09,4.26,431.15,448.75,387.91,570.06,2.5,LOW,100
MONARCH.NS,SELL,368.05,-1.94,-1.75,1.32,,,391.53,309.35,2.5,LOW,80
TASTYBITE.NS,HOLD,10013.0,5.03,0.67,1.76,,,9509.91,10683.79,1.33,LOW,80
AEROFLEX.NS,HOLD,502.9,6.72,-7.0,4.36,,,458.35,562.3,1.33,LOW,100
HGS.NS,SELL,379.8,-7.48,-3.38,0.96,,,401.23,326.23,2.5,LOW,100
JAICORPLTD.NS,SELL,93.38,-8.45,-5.05,1.25,,,98.35,80.95,2.5,LOW,100
MOLDTKPAC.NS,SELL,659.4,-3.69,-5.33,1.65,,,691.31,579.62,2.5,LOW,100
COSMOFIRST.NS,SELL,875.05,-2.26,-8.16,1.52,,,931.08,734.98,2.5,LOW,100
PFS.NS,SELL,26.2,-7.76,-2.82,1.28,,,27.83,22.12,2.5,LOW,100
MBEL.NS,SELL,253.1,-10.24,-5.96,1.22,,,270.74,209.0,2.5,LOW,100
BAJEL.NS,SELL,174.32,-5.07,-5.93,2.7,,,188.09,139.9,2.5,LOW,100
KSHINTL.NS,BUY,1038.0,7.54,1.5,3.81,1017.24,1058.76,924.07,1322.82,2.5,LOW,80
INSECTICID.NS,HOLD,598.6,-4.14,0.04,2.2,,,562.94,646.14,1.33,LOW,80
SHALBY.NS,SELL,139.56,-11.28,-7.78,1.62,,,149.34,115.12,2.5,LOW,100
NDRAUTO.NS,HOLD,720.8,-7.88,-0.22,2.38,,,685.13,768.36,1.33,LOW,80
FINOPB.NS,HOLD,136.02,-10.78,-0.31,1.42,,,128.02,146.68,1.33,LOW,80
ORIENTHOT.NS,BUY,143.31,6.04,2.42,1.18,140.44,146.18,136.06,161.43,2.5,LOW,100
STYLEBAAZA.NS,HOLD,388.0,11.09,-3.06,2.32,,,365.95,417.4,1.33,LOW,100
SCILAL.NS,SELL,37.58,-6.17,-4.79,1.04,,,39.48,32.83,2.5,LOW,100
NILKAMAL.NS,HOLD,1903.8,4.39,-7.72,2.12,,,1783.25,2064.53,1.33,LOW,100
LANDMARK.NS,SELL,490.55,-3.65,-2.74,2.6,,,530.27,391.25,2.5,LOW,100
EIHAHOTELS.NS,HOLD,303.15,-0.15,-0.23,1.87,,,289.24,321.69,1.33,LOW,60
IPL.NS,HOLD,137.5,-4.02,0.0,1.46,,,131.69,145.24,1.33,LOW,80
SUMMITSEC.NS,HOLD,1403.0,-4.24,-0.76,1.07,,,1344.46,1481.06,1.33,LOW,80
SEAMECLTD.NS,BUY,1730.6,11.01,3.09,2.05,1695.99,1765.21,1604.53,2045.78,2.5,LOW,100
MAYURUNIQ.NS,HOLD,750.0,-2.09,2.92,1.67,,,710.62,802.51,1.33,LOW,100
RML.NS,BUY,1277.0,8.76,15.7,4.36,1251.46,1302.54,1153.11,1586.71,2.5,LOW,100
YATRA.NS,SELL,105.22,-5.07,-6.95,2.95,,,114.08,83.08,2.5,LOW,100
STEELCAS.NS,SELL,318.8,-2.17,-3.61,2.7,,,349.96,240.91,2.5,LOW,100
GENESYS.NS,BUY,287.7,17.18,24.61,7.75,281.95,293.45,242.64,400.35,2.5,LOW,100
GVPIL.NS,SELL,656.1,-8.55,-1.15,2.65,,,708.09,526.14,2.5,LOW,80
SOLARA.NS,BUY,734.7,24.87,16.65,3.08,720.01,749.39,654.84,934.34,2.5,LOW,100
KICL.NS,SELL,4948.0,-7.08,-4.42,1.65,,,5248.79,4196.04,2.5,LOW,100
SPECTRUM.NS,BUY,3030.0,30.61,41.87,3.72,2969.4,3090.6,2737.46,3761.36,2.5,LOW,100
SULA.NS,SELL,134.87,-10.08,-9.09,1.45,,,143.2,114.04,2.5,LOW,100
SIMPLEXINF.NS,HOLD,255.15,0.99,-0.57,3.05,,,235.15,281.81,1.33,LOW,60
SGFIN.NS,SELL,628.1,-6.18,-7.2,1.38,,,670.31,522.58,2.5,LOW,100
CANTABIL.NS,HOLD,244.0,0.83,0.86,1.89,,,233.99,257.35,1.33,LOW,60
SYSTMTXC.NS,BUY,74.12,20.7,30.45,2.41,72.64,75.6,69.4,85.93,2.5,LOW,100
DELTACORP.NS,HOLD,56.75,-5.54,1.12,1.6,,,53.9,60.55,1.33,LOW,80
STUDDS.NS,SELL,404.05,-7.56,-6.77,0.88,,,427.22,346.12,2.5,LOW,100
SASKEN.NS,SELL,1726.2,-8.62,-9.35,2.06,,,1880.6,1340.2,2.5,LOW,100
SANGAMIND.NS,SELL,576.0,-2.95,-1.82,1.68,,,612.19,485.52,2.5,LOW,80
RANEHOLDIN.NS,SELL,1575.0,-6.18,-3.69,1.6,,,1688.5,1291.25,2.5,LOW,100
HINDOILEXP.NS,HOLD,180.62,8.95,-2.37,3.3,,,166.69,199.19,1.33,LOW,100
STOVEKRAFT.NS,HOLD,826.0,4.27,-2.08,2.58,,,782.0,884.67,1.33,LOW,100
GEOJITFSL.NS,HOLD,82.79,3.99,-0.52,2.2,,,78.17,88.95,1.33,LOW,80
IDEAFORGE.NS,SELL,717.45,-12.93,-6.79,1.63,,,770.47,584.9,2.5,LOW,100
RPTECH.NS,HOLD,811.35,-0.68,-0.53,3.28,,,760.1,879.69,1.33,LOW,60
ACCELYA.NS,SELL,1120.5,-1.19,-1.29,0.34,,,1152.11,1041.46,2.5,LOW,80
VENKEYS.NS,HOLD,1651.7,5.43,-0.93,2.89,,,1550.15,1787.1,1.33,LOW,80
TIL.NS,BUY,253.0,7.52,8.43,2.59,247.94,258.06,233.34,302.16,2.5,LOW,100
YASHO.NS,HOLD,3999.3,4.04,-3.15,3.07,,,3699.19,4399.44,1.33,LOW,100
WEL.NS,SELL,72.11,-34.07,-10.8,8.5,,,92.93,20.06,2.5,LOW,100
DOLLAR.NS,BUY,271.5,1.7,1.84,1.55,266.07,276.93,254.26,314.59,2.5,LOW,80
INDIANHUME.NS,SELL,358.1,-6.21,-3.78,2.55,,,387.18,285.4,2.5,LOW,100
DREDGECORP.NS,SELL,988.8,-7.52,-7.99,1.66,,,1060.79,808.84,2.5,LOW,100
MOL.NS,HOLD,60.91,6.33,-6.08,3.03,,,55.79,67.74,1.33,LOW,100
DCW.NS,SELL,45.3,-1.4,-1.04,2.6,,,49.03,35.97,2.5,LOW,80
UGROCAP.NS,SELL,83.24,-8.87,-2.19,1.04,,,87.77,71.9,2.5,LOW,100
THEJO.NS,BUY,2181.1,6.98,5.09,1.46,2137.48,2224.72,2051.23,2505.78,2.5,LOW,100
HITECH.NS,SELL,73.8,-9.37,-1.8,2.58,,,78.62,61.76,2.5,LOW,80
MANGLMCEM.NS,HOLD,1026.1,4.44,-5.34,2.95,,,965.82,1106.47,1.33,LOW,100
AMRUTANJAN.NS,SELL,491.7,-3.77,-2.51,1.32,,,517.11,428.17,2.5,LOW,100
SHRINGARMS.NS,HOLD,214.5,-3.93,-0.8,1.35,,,205.33,226.73,1.33,LOW,80
WHEELS.NS,BUY,2165.0,34.78,25.51,5.97,2121.7,2208.3,1866.43,2911.43,2.5,LOW,100
APCOTEXIND.NS,HOLD,602.15,1.16,-5.8,2.23,,,562.96,654.41,1.33,LOW,100
GMBREW.NS,BUY,956.8,5.9,5.08,1.19,937.66,975.94,911.69,1069.59,2.5,LOW,100
VERANDA.NS,SELL,216.16,-9.79,-11.02,2.96,,,233.81,172.04,2.5,LOW,100
PIXTRANS.NS,SELL,1735.0,-3.51,-3.58,1.46,,,1812.21,1541.96,2.5,LOW,100
MOBIKWIK.NS,BUY,204.19,0.78,6.28,2.37,200.11,208.27,184.67,252.98,2.5,LOW,80
UNIPARTS.NS,HOLD,856.85,9.02,-3.33,2.5,,,803.01,928.64,1.33,LOW,100
WAAREEINDO.NS,SELL,271.1,-12.05,-1.36,2.33,,,293.62,214.8,2.5,LOW,80
RAJRATAN.NS,SELL,455.25,-8.75,-8.65,2.52,,,497.2,350.38,2.5,LOW,100
EXICOM.NS,SELL,162.66,-0.55,-8.54,3.43,,,182.2,113.8,2.5,LOW,80
INDNIPPON.NS,BUY,1263.5,8.19,18.72,4.63,1238.23,1288.77,1100.36,1671.36,2.5,LOW,100
VINCOFE.NS,HOLD,174.06,7.73,-1.37,3.18,,,161.34,191.02,1.33,LOW,80
MUKANDLTD.NS,SELL,134.41,-1.85,-1.19,1.41,,,142.82,113.37,2.5,LOW,80
SOMANYCERA.NS,HOLD,564.9,7.36,-0.91,2.05,,,539.33,598.99,1.33,LOW,80
DYCL.NS,HOLD,456.15,5.07,-14.83,4.96,,,409.53,518.31,1.33,LOW,100
NELCO.NS,BUY,1007.45,6.38,7.89,2.41,987.3,1027.6,923.29,1217.84,2.5,LOW,100
DIVGIITTS.NS,HOLD,1126.5,3.76,-10.96,2.87,,,1019.4,1269.3,1.33,LOW,100
MSPL.NS,SELL,33.56,-5.6,-1.79,2.53,,,36.48,26.27,2.5,LOW,80
KERNEX.NS,HOLD,1719.9,-14.85,0.6,3.61,,,1585.63,1898.93,1.33,LOW,80
NITINSPIN.NS,HOLD,619.8,6.79,-0.19,2.29,,,587.42,662.98,1.33,LOW,80
BGRENERGY.NS,HOLD,255.62,-3.2,4.43,4.59,,,234.73,283.47,1.33,LOW,100
WINDLAS.NS,HOLD,1107.45,15.85,-1.74,2.44,,,1039.49,1198.06,1.33,LOW,80
RAMCOSYS.NS,SELL,560.7,-13.52,-5.12,2.54,,,604.06,452.31,2.5,LOW,100
SPAL.NS,SELL,994.2,-1.66,-7.03,2.72,,,1092.79,747.74,2.5,LOW,100
GTLINFRA.NS,HOLD,1.15,-5.21,-0.86,1.4,,,1.1,1.21,1.33,LOW,80
NIBE.NS,SELL,1236.7,-13.19,-7.91,2.35,,,1327.74,1009.09,2.5,LOW,100
SPIC.NS,HOLD,67.97,0.16,-4.44,1.36,,,65.17,71.7,1.33,LOW,80
LAXMIDENTL.NS,HOLD,199.08,-4.23,2.31,1.47,,,189.74,211.54,1.33,LOW,100
ASALCBR.NS,SELL,650.7,-12.61,-5.93,1.33,,,692.41,546.43,2.5,LOW,100
SPANDANA.NS,SELL,228.5,-11.68,-3.36,1.5,,,240.36,198.84,2.5,LOW,100
PANAMAPET.NS,HOLD,469.9,-0.23,-3.02,2.42,,,441.48,507.79,1.33,LOW,80
INDOTECH.NS,SELL,3425.1,-3.67,-4.86,1.99,,,3689.74,2763.5,2.5,LOW,100
ALLTIME.NS,HOLD,209.6,-4.05,5.0,2.33,,,194.47,229.77,1.33,LOW,100
VIDHIING.NS,HOLD,342.55,5.91,-3.33,2.69,,,320.91,371.4,1.33,LOW,100
RHETAN.NS,SELL,19.57,-24.11,-23.01,5.93,,,22.22,12.93,2.5,LOW,100
WENDT.NS,BUY,8700.0,7.01,4.73,2.17,8526.0,8874.0,8042.64,10343.39,2.5,LOW,100
UNITECH.NS,BUY,4.21,0.88,13.48,3.87,4.13,4.29,3.75,5.36,2.5,LOW,80
RMDRIP.NS,BUY,23.06,18.33,5.93,2.69,22.6,23.52,21.15,27.82,2.5,LOW,100
MOTISONS.NS,BUY,18.44,20.48,11.89,3.56,18.07,18.81,16.36,23.64,2.5,LOW,100
DEEDEV.NS,BUY,664.3,1.5,3.35,3.46,651.01,677.59,591.46,846.41,2.5,LOW,100
SEPC.NS,SELL,5.13,-11.74,-4.47,1.35,,,5.44,4.35,2.5,LOW,100
ADOR.NS,HOLD,1579.5,4.03,-7.13,2.89,,,1473.02,1721.47,1.33,LOW,100
GARUDA.NS,HOLD,175.11,-1.94,0.44,2.13,,,164.85,188.79,1.33,LOW,80
VINDHYATEL.NS,HOLD,2641.0,12.99,-3.48,3.01,,,2423.09,2931.54,1.33,LOW,100
PRECAM.NS,SELL,114.17,-13.65,-7.94,1.12,,,122.54,93.24,2.5,LOW,100
ASTEC.NS,BUY,727.0,14.13,31.12,6.86,712.46,741.54,629.66,970.36,2.5,LOW,100
BETA.NS,SELL,2100.8,-8.31,-4.8,2.45,,,2320.1,1552.55,2.5,LOW,100
FUSION.NS,SELL,183.04,-11.45,-5.37,2.48,,,195.72,151.35,2.5,LOW,100
TALBROAUTO.NS,BUY,473.0,14.25,16.15,2.72,463.54,482.46,439.96,555.61,2.5,LOW,100
IFGLEXPOR.NS,SELL,199.52,-5.31,-3.82,2.45,,,218.36,152.41,2.5,LOW,100
BLSE.NS,HOLD,318.25,4.89,-1.51,1.46,,,304.49,336.59,1.33,LOW,80
BFINVEST.NS,SELL,444.35,-3.43,-1.9,1.66,,,475.49,366.49,2.5,LOW,80
NAVKARCORP.NS,SELL,88.08,-11.81,-7.74,1.86,,,93.41,74.74,2.5,LOW,100
SPMLINFRA.NS,SELL,170.54,-9.86,-5.07,1.98,,,183.7,137.64,2.5,LOW,100
JYOTISTRUC.NS,SELL,9.12,-14.36,-6.94,1.96,,,9.88,7.22,2.5,LOW,100
JGCHEM.NS,BUY,610.0,9.77,1.52,4.04,597.8,622.2,534.21,799.46,2.5,LOW,80
GOCLCORP.NS,BUY,449.75,9.39,5.22,2.58,440.75,458.75,416.59,532.64,2.5,LOW,100
HUHTAMAKI.NS,SELL,242.9,-8.65,-6.2,2.51,,,265.56,186.26,2.5,LOW,100
QUICKHEAL.NS,BUY,155.22,2.71,10.13,3.03,152.12,158.32,138.65,196.64,2.5,LOW,100
PNBGILTS.NS,HOLD,78.51,-4.32,0.41,2.21,,,73.47,85.23,1.33,LOW,80
JINDRILL.NS,SELL,578.65,-5.92,-10.96,2.34,,,637.07,432.61,2.5,LOW,100
DLINKINDIA.NS,SELL,425.8,-4.38,-4.92,1.63,,,447.78,370.85,2.5,LOW,100
BLISSGVS.NS,BUY,690.0,25.98,9.45,3.32,676.2,703.8,615.69,875.79,2.5,LOW,100
SANSTAR.NS,BUY,115.97,4.92,4.19,1.7,113.65,118.29,108.27,135.23,2.5,LOW,100
EXPLEOSOL.NS,HOLD,889.8,8.31,-1.0,1.65,,,846.86,947.05,1.33,LOW,80
SESHAPAPER.NS,BUY,245.13,5.88,6.73,1.54,240.23,250.03,228.88,285.75,2.5,LOW,100
DEN.NS,SELL,26.48,-4.31,-4.65,1.1,,,27.91,22.9,2.5,LOW,100
TTKHLTCARE.NS,SELL,1049.0,-2.22,-4.91,2.87,,,1157.9,776.75,2.5,LOW,100
DAMCAPITAL.NS,SELL,137.0,-8.55,-4.97,1.38,,,144.91,117.24,2.5,LOW,100
ARMANFIN.NS,HOLD,1955.2,-0.21,0.15,2.46,,,1838.96,2110.19,1.33,LOW,60
ARIHANTSUP.NS,SELL,223.7,-11.13,-10.47,2.27,,,244.94,170.6,2.5,LOW,100
SATIN.NS,HOLD,219.72,-6.87,1.17,1.33,,,208.74,234.35,1.33,LOW,80
RAMASTEEL.NS,HOLD,4.27,-0.72,0.47,3.23,,,4.06,4.55,1.33,LOW,60
DOLPHIN.NS,BUY,662.0,31.81,13.49,3.35,648.76,675.24,576.02,876.95,2.5,LOW,100
RAJOOENG.NS,BUY,52.5,1.83,7.87,2.36,51.45,53.55,46.56,67.36,2.5,LOW,100
STANLEY.NS,HOLD,137.9,-5.06,0.32,1.09,,,133.22,144.15,1.33,LOW,80
MUFIN.NS,HOLD,134.11,0.63,-2.51,1.05,,,129.01,140.9,1.33,LOW,80
JNKINDIA.NS,SELL,415.2,-7.8,-1.35,1.76,,,452.4,322.2,2.5,LOW,80
TARSONS.NS,SELL,309.4,-3.33,-10.08,1.99,,,338.61,236.36,2.5,LOW,100
HIMATSEIDE.NS,SELL,64.73,-13.76,-9.13,1.44,,,68.23,55.97,2.5,LOW,100
SOLEX.NS,SELL,685.3,-19.9,-5.66,2.02,,,753.72,514.25,2.5,LOW,100
MMFL.NS,HOLD,625.8,5.46,-4.81,2.54,,,582.33,683.76,1.33,LOW,100
UDS.NS,SELL,187.53,-9.75,-17.43,3.19,,,208.12,136.04,2.5,LOW,100
SYNCOMF.NS,HOLD,19.97,23.81,-2.96,4.38,,,17.89,22.75,1.33,LOW,100
IGARASHI.NS,HOLD,432.3,-2.43,3.86,1.82,,,408.88,463.52,1.33,LOW,100
TINNARUBR.NS,HOLD,1010.35,-3.67,-0.63,2.17,,,939.72,1104.53,1.33,LOW,80
GREENPOWER.NS,HOLD,9.16,-5.27,0.0,1.52,,,8.64,9.85,1.33,LOW,80
PUNJABCHEM.NS,SELL,1061.4,-5.12,-4.32,1.77,,,1125.66,900.76,2.5,LOW,100
SURAKSHA.NS,HOLD,337.3,15.57,-0.9,2.53,,,317.86,363.22,1.33,LOW,80
AIMTRON.NS,HOLD,1616.45,3.7,-0.24,2.57,,,1506.65,1762.85,1.33,LOW,80
APOLLOPIPE.NS,SELL,532.6,-2.27,-11.09,3.34,,,580.02,414.05,2.5,LOW,100
SHANTIGOLD.NS,BUY,254.65,7.92,3.92,3.57,249.56,259.74,229.19,318.31,2.5,LOW,100
MASTERTR.NS,BUY,89.45,5.82,10.39,3.59,87.66,91.24,79.12,115.26,2.5,LOW,100
IKIO.NS,HOLD,210.0,1.41,0.81,4.35,,,192.29,233.61,1.33,LOW,80
AWHCL.NS,HOLD,369.05,-8.63,-0.63,2.77,,,347.36,397.97,1.33,LOW,80
STALLION.NS,HOLD,216.4,-5.86,1.86,2.84,,,201.42,236.38,1.33,LOW,80
LGHL.NS,HOLD,183.66,-4.92,2.24,3.08,,,165.23,208.23,1.33,LOW,100
ECOSMOBLTY.NS,SELL,107.0,-11.1,-6.79,1.3,,,114.74,87.66,2.5,LOW,100
JAGRAN.NS,HOLD,62.15,-0.51,1.6,0.78,,,60.55,64.28,1.33,LOW,60
RUPA.NS,SELL,134.21,-11.61,-4.2,1.39,,,140.65,118.11,2.5,LOW,100
VINYAS.NS,HOLD,1413.2,0.73,-8.56,4.05,,,1292.25,1574.47,1.33,LOW,80
OMAXE.NS,HOLD,119.28,16.95,-10.09,5.58,,,104.37,139.16,1.33,LOW,100
SHRIRAMPPS.NS,SELL,70.81,-12.05,-6.43,1.62,,,75.41,59.31,2.5,LOW,100
IVALUE.NS,SELL,224.21,-16.87,-5.07,2.53,,,244.53,173.41,2.5,LOW,100
HESTERBIO.NS,HOLD,2237.4,-5.62,1.68,2.91,,,2074.03,2455.23,1.33,LOW,80
FINKURVE.NS,BUY,73.08,8.35,5.11,3.62,71.62,74.54,61.63,101.71,2.5,LOW,100
QUADFUTURE.NS,BUY,536.8,34.04,26.13,6.01,526.06,547.54,478.29,683.07,2.5,LOW,100
HMAAGRO.NS,BUY,23.77,10.52,13.79,4.06,23.29,24.25,21.55,29.32,2.5,LOW,100
JAGSNPHARM.NS,SELL,227.43,-0.62,-2.44,1.42,,,242.53,189.69,2.5,LOW,80
PLATIND.NS,SELL,211.57,-5.71,-8.62,2.0,,,226.07,175.31,2.5,LOW,100
ORIENTTECH.NS,HOLD,237.44,-6.3,-0.55,2.08,,,223.11,256.54,1.33,LOW,80
EKC.NS,SELL,100.35,-8.0,-6.21,1.21,,,105.31,87.96,2.5,LOW,100
ANDHRAPAP.NS,BUY,71.53,14.13,17.09,3.64,70.1,72.96,62.42,94.31,2.5,LOW,100
SALASAR.NS,SELL,4.87,-15.13,-4.13,2.74,,,5.42,3.5,2.5,LOW,100
ESAFSFB.NS,SELL,39.3,-0.98,-7.22,1.86,,,42.59,31.08,2.5,LOW,80
CONFIPET.NS,BUY,91.65,16.2,11.02,3.59,89.82,93.48,82.06,115.63,2.5,LOW,100
SMCGLOBAL.NS,BUY,82.38,2.9,3.79,1.96,80.73,84.03,75.39,99.86,2.5,LOW,100
CENTRUM.NS,HOLD,22.18,-6.3,-0.67,1.6,,,20.87,23.92,1.33,LOW,80
DOLATALGO.NS,SELL,67.37,-4.39,-5.02,1.72,,,71.55,56.92,2.5,LOW,100
ROTO.NS,SELL,62.75,-5.19,-1.58,1.8,,,68.36,48.72,2.5,LOW,80
NIITLTD.NS,SELL,86.93,-9.15,-10.9,2.67,,,94.12,68.95,2.5,LOW,100
GPTINFRA.NS,BUY,117.44,1.37,9.02,1.83,115.09,119.79,108.06,140.89,2.5,LOW,100
SURYODAY.NS,SELL,145.51,-10.66,-5.25,2.04,,,153.15,126.4,2.5,LOW,100
BIRLANU.NS,SELL,1380.0,-3.08,-4.01,1.51,,,1472.57,1148.57,2.5,LOW,100
RISHABH.NS,BUY,777.05,13.29,4.16,3.48,761.51,792.59,694.32,983.87,2.5,LOW,100
PAUSHAKLTD.NS,HOLD,727.15,6.53,-7.45,3.15,,,664.59,810.56,1.33,LOW,100
ASIANENE.NS,HOLD,489.0,12.95,-6.26,3.73,,,444.94,547.74,1.33,LOW,100
GANDHAR.NS,BUY,272.4,10.4,1.79,1.67,266.95,277.85,253.14,320.56,2.5,LOW,80
EXCELINDUS.NS,SELL,955.0,-2.69,-5.71,1.25,,,1010.94,815.14,2.5,LOW,100
BAJAJHCARE.NS,HOLD,326.75,-1.55,-0.23,1.8,,,310.11,348.93,1.33,LOW,80
ALICON.NS,BUY,706.65,2.14,6.18,2.44,692.52,720.78,646.49,857.04,2.5,LOW,100
DCMSRIND.NS,SELL,38.1,-12.1,-18.26,3.41,,,42.7,26.61,2.5,LOW,100
CLSEL.NS,HOLD,294.35,1.97,-2.66,3.25,,,274.99,320.16,1.33,LOW,100
RAJRILTD.NS,SELL,21.31,-2.08,-6.58,1.42,,,22.69,17.86,2.5,LOW,100
INDORAMA.NS,BUY,90.42,44.06,23.93,4.2,88.61,92.23,75.94,126.61,2.5,LOW,100
PARACABLES.NS,SELL,61.7,-4.03,-5.82,2.79,,,67.56,47.04,2.5,LOW,100
VPRPL.NS,HOLD,34.55,9.58,-4.0,3.99,,,30.61,39.8,1.33,LOW,100
SALZERELEC.NS,HOLD,543.3,-4.56,1.12,1.72,,,515.58,580.26,1.33,LOW,80
MANAKCOAT.NS,BUY,128.7,5.05,6.84,1.78,126.13,131.27,117.39,156.97,2.5,LOW,100
SIGACHI.NS,HOLD,31.78,9.97,-2.37,5.81,,,28.1,36.69,1.33,LOW,100
INFOBEAN.NS,SELL,150.32,-6.58,-4.57,2.11,,,166.31,110.35,2.5,LOW,100
ALLDIGI.NS,SELL,782.6,-2.86,-3.12,0.98,,,817.61,695.06,2.5,LOW,100
BLKASHYAP.NS,SELL,53.39,-2.84,-4.39,3.09,,,59.98,36.92,2.5,LOW,100
SPORTKING.NS,SELL,202.91,-2.72,-11.36,2.77,,,222.58,153.74,2.5,LOW,100
GODAVARIB.NS,SELL,240.67,-4.7,-1.87,1.86,,,258.89,195.12,2.5,LOW,80
JARO.NS,BUY,466.9,0.74,4.77,1.98,457.56,476.24,439.56,535.24,2.5,LOW,80
SURAJEST.NS,HOLD,188.39,-3.54,-0.82,3.58,,,175.33,205.8,1.33,LOW,80
CIFL.NS,SELL,20.06,-3.94,-1.71,1.59,,,21.84,15.61,2.5,LOW,80
UNIECOM.NS,SELL,83.5,-2.61,-4.7,2.02,,,88.87,70.08,2.5,LOW,100
MONTECARLO.NS,HOLD,551.35,2.69,-2.32,1.61,,,528.47,581.85,1.33,LOW,100
MADRASFERT.NS,SELL,61.38,-7.02,-5.13,2.03,,,65.26,51.67,2.5,LOW,100
HARIOMPIPE.NS,HOLD,352.05,-5.9,2.77,1.61,,,334.37,375.63,1.33,LOW,100
DECCANCE.NS,HOLD,563.55,-0.06,-1.89,1.21,,,535.94,600.36,1.33,LOW,60
SHANKARA.NS,BUY,148.73,3.95,1.11,0.54,145.76,151.7,145.35,157.17,2.5,LOW,80
GNA.NS,BUY,559.0,4.26,4.99,2.04,547.82,570.18,508.88,684.3,2.5,LOW,100
RIIL.NS,SELL,701.0,-6.43,-5.75,1.85,,,735.69,614.27,2.5,LOW,100
VMARCIND.NS,HOLD,331.8,2.85,-7.62,4.45,,,293.94,382.28,1.33,LOW,100
SUMEETINDS.NS,SELL,9.4,-50.98,-17.11,2.45,,,10.33,7.08,2.5,LOW,100
IMPAL.NS,SELL,1088.8,-1.1,-3.77,2.25,,,1178.37,864.87,2.5,LOW,100
IGPL.NS,BUY,559.1,15.07,1.96,3.05,547.92,570.28,513.72,672.55,2.5,LOW,80
TAC.NS,BUY,487.95,5.43,19.98,2.58,478.19,497.71,446.99,590.36,2.5,LOW,100
RGL.NS,BUY,154.4,19.69,12.05,5.3,151.31,157.49,138.2,194.91,2.5,LOW,100
BSHSL.NS,HOLD,87.9,-0.31,-1.27,1.79,,,81.16,96.89,1.33,LOW,60
SHREDIGCEM.NS,SELL,67.59,-5.74,-7.16,2.56,,,74.5,50.31,2.5,LOW,100
SIGNPOST.NS,HOLD,260.6,-6.87,7.58,3.07,,,238.81,289.65,1.33,LOW,100
BALAJITELE.NS,BUY,95.3,5.64,2.29,2.15,93.39,97.21,87.78,114.1,2.5,LOW,100
HITECHGEAR.NS,SELL,530.0,-8.0,-6.9,2.09,,,579.54,406.16,2.5,LOW,100
ATULAUTO.NS,SELL,443.15,-8.59,-3.29,1.0,,,466.89,383.81,2.5,LOW,100
AGARIND.NS,SELL,407.1,-14.86,-6.83,1.66,,,437.31,331.57,2.5,LOW,100
YUKEN.NS,BUY,1090.0,27.06,12.13,3.21,1068.2,1111.8,967.28,1396.81,2.5,LOW,100
DIFFNKG.NS,HOLD,439.05,6.56,-7.92,4.64,,,395.56,497.04,1.33,LOW,100
ONEPOINT.NS,BUY,59.33,5.41,8.64,1.97,58.14,60.52,54.2,72.16,2.5,LOW,100
CAPITALSFB.NS,SELL,279.1,-3.51,-1.47,1.09,,,293.54,242.99,2.5,LOW,80
ASIANTILES.NS,SELL,49.42,-1.89,-1.67,1.53,,,52.41,41.96,2.5,LOW,80
RICOAUTO.NS,HOLD,129.1,-3.5,2.06,2.12,,,122.11,138.42,1.33,LOW,100
AURUM.NS,SELL,219.75,-3.11,-1.87,1.55,,,233.46,185.48,2.5,LOW,80
ADVENTHTL.NS,SELL,125.85,-10.47,-6.76,2.5,,,134.94,103.14,2.5,LOW,100
BUTTERFLY.NS,SELL,570.05,-15.57,-7.1,1.26,,,606.74,478.34,2.5,LOW,100
FAZE3Q.NS,SELL,442.8,-15.52,-9.73,1.73,,,475.01,362.28,2.5,LOW,100
MICEL.NS,SELL,33.37,-9.73,-14.48,2.57,,,35.31,28.51,2.5,LOW,100
BHARATWIRE.NS,SELL,171.52,-10.27,-2.41,1.84,,,184.67,138.64,2.5,LOW,100
VASCONEQ.NS,HOLD,30.35,-4.21,-0.56,1.69,,,28.66,32.6,1.33,LOW,80
WALCHANNAG.NS,SELL,199.64,-11.51,-4.3,2.41,,,217.27,155.55,2.5,LOW,100
TEXINFRA.NS,HOLD,113.44,0.62,0.23,1.94,,,107.6,121.22,1.33,LOW,60
WCIL.NS,BUY,97.18,9.54,15.75,2.35,95.24,99.12,90.48,113.94,2.5,LOW,100
HERANBA.NS,SELL,167.21,-4.14,-4.97,2.48,,,179.24,137.14,2.5,LOW,100
BOROSCI.NS,SELL,118.76,-14.34,-10.14,1.89,,,129.28,92.47,2.5,LOW,100
GPTHEALTH.NS,BUY,168.38,7.16,11.64,1.43,165.01,171.75,158.13,194.01,2.5,LOW,100
IRMENERGY.NS,SELL,270.6,-1.35,-3.95,1.72,,,290.36,221.19,2.5,LOW,100
SHREEPUSHK.NS,BUY,500.8,16.52,5.81,3.01,490.78,510.82,448.27,632.12,2.5,LOW,100
MEIL.NS,SELL,271.15,-4.53,-2.78,2.88,,,292.31,218.26,2.5,LOW,100
GTPL.NS,HOLD,56.86,-2.31,1.23,2.34,,,53.38,61.5,1.33,LOW,80
ROHLTD.NS,HOLD,299.3,-3.07,0.64,1.24,,,286.48,316.39,1.33,LOW,80
VHL.NS,SELL,3423.7,-1.71,-4.11,1.72,,,3668.27,2812.27,2.5,LOW,100
DSSL.NS,HOLD,1014.3,-12.58,-0.64,2.03,,,953.0,1096.03,1.33,LOW,80
TBZ.NS,BUY,603.55,83.48,38.06,6.94,591.48,615.62,516.9,820.16,2.5,LOW,100
BAJAJINDEF.NS,SELL,214.85,-5.29,-2.71,1.95,,,229.29,178.75,2.5,LOW,100
STLNETWORK.NS,BUY,42.95,57.03,56.18,3.19,42.09,43.81,39.18,52.38,2.5,LOW,100
WEALTH.NS,SELL,835.0,-7.23,-1.25,1.18,,,876.78,730.54,2.5,LOW,80
CONTROLPR.NS,HOLD,605.95,1.58,0.44,1.78,,,579.34,641.44,1.33,LOW,80
JINDALPHOT.NS,BUY,1111.0,4.18,8.12,2.39,1088.78,1133.22,1028.2,1318.0,2.5,LOW,100
ELECTHERM.NS,SELL,936.85,-8.03,-6.06,1.51,,,994.09,793.74,2.5,LOW,100
ABINFRA.NS,BUY,11.57,5.66,2.21,3.17,11.34,11.8,10.37,14.57,2.5,LOW,100
SRM.NS,SELL,422.6,-12.15,-10.14,1.91,,,456.9,336.85,2.5,LOW,100
VILAS.NS,SELL,316.25,-11.8,-9.49,2.18,,,339.53,258.05,2.5,LOW,100
KROSS.NS,BUY,242.02,16.08,14.39,2.75,237.18,246.86,221.55,293.19,2.5,LOW,100
AMNPLST.NS,SELL,171.5,-9.04,-4.61,2.32,,,186.51,133.98,2.5,LOW,100
ZUARI.NS,SELL,216.82,-4.43,-3.87,2.13,,,228.52,187.57,2.5,LOW,100
STEELXIND.NS,HOLD,11.36,0.53,0.44,2.53,,,10.41,12.63,1.33,LOW,60
ICEMAKE.NS,SELL,680.85,-12.17,-7.17,1.58,,,728.65,561.35,2.5,LOW,100
KELLTONTEC.NS,SELL,13.66,-3.12,-2.36,2.9,,,14.85,10.69,2.5,LOW,100
RACLGEAR.NS,BUY,1778.0,21.33,12.81,3.25,1742.44,1813.56,1568.87,2300.82,2.5,LOW,100
BLUSPRING.NS,HOLD,123.58,3.17,-7.95,4.85,,,110.45,141.09,1.33,LOW,100
PASHUPATI.NS,SELL,80.26,-5.13,-3.42,0.97,,,86.29,65.19,2.5,LOW,100
MANALIPETC.NS,HOLD,82.13,13.5,-8.47,4.31,,,73.82,93.21,1.33,LOW,100
DVL.NS,BUY,290.05,10.2,2.67,2.71,284.25,295.85,266.65,348.56,2.5,LOW,100
KRISHNADEF.NS,HOLD,1015.0,-11.68,1.33,2.87,,,949.63,1102.16,1.33,LOW,80
BCLIND.NS,SELL,32.85,-8.61,-9.23,1.85,,,35.09,27.26,2.5,LOW,100
DPSCLTD.NS,SELL,7.18,-1.44,-2.31,1.62,,,7.89,5.4,2.5,LOW,100
NELCAST.NS,SELL,107.01,-11.82,-8.06,1.75,,,115.6,85.53,2.5,LOW,100
EIMCOELECO.NS,BUY,2257.1,12.89,2.9,1.75,2211.96,2302.24,2090.11,2674.56,2.5,LOW,100
OAL.NS,BUY,525.0,30.05,14.64,5.44,514.5,535.5,451.07,709.82,2.5,LOW,100
STERTOOLS.NS,SELL,210.7,-8.05,-4.25,1.13,,,223.3,179.19,2.5,LOW,100
GRPLTD.NS,HOLD,1982.4,0.23,-2.13,2.32,,,1872.21,2129.31,1.33,LOW,80
GEMAROMA.NS,SELL,150.52,-14.9,-8.31,1.38,,,163.17,118.89,2.5,LOW,100
EXCELSOFT.NS,BUY,78.62,3.96,11.27,2.96,77.05,80.19,70.99,97.68,2.5,LOW,100
PROSTARM.NS,SELL,130.1,-1.94,-1.11,2.38,,,141.37,101.91,2.5,LOW,80
IZMO.NS,HOLD,918.75,-4.8,-0.35,2.97,,,852.84,1006.64,1.33,LOW,80
ANTELOPUS.NS,BUY,1100.5,23.59,14.98,6.49,1078.49,1122.51,897.23,1608.68,2.5,LOW,100
MATRIMONY.NS,BUY,533.0,10.62,2.7,2.42,522.34,543.66,499.45,616.88,2.5,LOW,100
SWELECTES.NS,SELL,554.9,-9.11,-5.04,1.32,,,594.99,454.67,2.5,LOW,100
PDMJEPAPER.NS,BUY,100.8,9.5,6.59,3.25,98.78,102.82,89.66,128.64,2.5,LOW,100
AYMSYNTEX.NS,HOLD,279.2,7.65,-5.1,4.0,,,244.88,324.96,1.33,LOW,100
OMINFRAL.NS,SELL,79.05,-7.63,-3.06,1.33,,,85.89,61.94,2.5,LOW,100
RNBDENIMS.NS,SELL,9.2,-1.9,-19.09,4.17,,,10.49,5.96,2.5,LOW,100
VIDYAWIRES.NS,SELL,85.97,-4.92,-3.89,1.97,,,92.23,70.33,2.5,LOW,100
5PAISA.NS,SELL,319.05,-11.93,-6.83,1.61,,,343.19,258.71,2.5,LOW,100
PENINLAND.NS,HOLD,15.45,-5.15,-0.26,3.64,,,14.06,17.3,1.33,LOW,80
BIL.NS,BUY,1020.1,22.58,15.21,4.51,999.7,1040.5,886.31,1354.58,2.5,LOW,100
MAMATA.NS,HOLD,403.9,-0.0,0.69,1.8,,,382.55,432.37,1.33,LOW,60
AFSL.NS,SELL,201.0,-0.98,-3.24,1.55,,,212.66,171.84,2.5,LOW,80
ESTER.NS,SELL,87.04,-4.87,-7.18,1.36,,,92.86,72.5,2.5,LOW,100
TNPL.NS,BUY,146.48,1.57,3.26,2.38,143.55,149.41,135.49,173.95,2.5,LOW,100
GANESHCP.NS,SELL,166.32,-0.95,-4.67,2.13,,,177.28,138.93,2.5,LOW,80
AVTNPL.NS,HOLD,86.1,9.92,-2.61,2.79,,,79.19,95.31,1.33,LOW,100
KOKUYOCMLN.NS,HOLD,77.35,-6.28,-0.63,1.56,,,74.19,81.56,1.33,LOW,80
MAXIND.NS,HOLD,147.49,-7.41,-0.99,2.32,,,138.69,159.23,1.33,LOW,80
ANDHRSUGAR.NS,HOLD,92.13,0.36,-6.21,1.77,,,87.6,98.17,1.33,LOW,80
CREST.NS,HOLD,363.35,-1.2,-0.3,1.49,,,341.44,392.56,1.33,LOW,80
LINCOLN.NS,SELL,600.05,-0.58,-1.29,1.53,,,635.04,512.58,2.5,LOW,60
THEMISMED.NS,HOLD,120.55,4.9,-2.44,4.5,,,111.35,132.81,1.33,LOW,100
CENTENKA.NS,SELL,558.95,-1.48,-7.21,2.97,,,602.72,449.52,2.5,LOW,100
ARIHANTCAP.NS,HOLD,79.99,4.17,-0.05,2.2,,,75.7,85.71,1.33,LOW,80
DHANBANK.NS,SELL,29.11,-10.41,-8.63,1.39,,,30.74,25.03,2.5,LOW,100
UNIENTER.NS,SELL,91.0,-6.0,-4.6,1.28,,,97.45,74.87,2.5,LOW,100
SCODATUBES.NS,HOLD,127.51,-7.44,-0.86,2.03,,,119.38,138.35,1.33,LOW,80
INDOFARM.NS,HOLD,135.5,-7.95,1.1,2.65,,,126.75,147.17,1.33,LOW,80
SBC.NS,BUY,49.11,15.63,14.72,1.84,48.13,50.09,46.27,56.2,2.5,LOW,100
GGBL.NS,SELL,207.0,-14.7,-4.83,2.35,,,227.11,156.73,2.5,LOW,100
CEWATER.NS,HOLD,268.1,-5.04,1.02,2.85,,,250.34,291.78,1.33,LOW,80
RADHIKAJWE.NS,SELL,66.76,-5.74,-19.72,6.16,,,80.47,32.48,2.5,LOW,100
GKWLIMITED.NS,HOLD,1599.8,-2.06,3.21,1.94,,,1518.38,1708.36,1.33,LOW,100
NDTV.NS,HOLD,71.02,-6.55,-0.56,1.88,,,67.18,76.14,1.33,LOW,80
INNOVANA.NS,HOLD,303.0,-5.38,1.0,2.62,,,276.96,337.71,1.33,LOW,80
KHAICHEM.NS,SELL,50.17,-3.65,-8.81,2.44,,,54.46,39.46,2.5,LOW,100
FAIRCHEMOR.NS,SELL,615.0,-12.89,-7.4,1.73,,,656.16,512.11,2.5,LOW,100
AEROENTER.NS,SELL,122.1,-5.97,-13.9,5.2,,,142.01,72.32,2.5,LOW,100
INDOAMIN.NS,HOLD,123.7,-1.36,3.1,1.61,,,117.32,132.21,1.33,LOW,100
DHARMAJ.NS,BUY,278.5,4.32,3.24,1.47,272.93,284.07,266.66,308.09,2.5,LOW,100
BHARATSE.NS,HOLD,213.92,-5.01,0.11,2.6,,,200.44,231.89,1.33,LOW,80
GALAPREC.NS,SELL,1007.1,-6.09,-1.65,1.58,,,1080.47,823.67,2.5,LOW,80
OSWALGREEN.NS,SELL,19.12,-8.91,-6.55,1.55,,,20.52,15.61,2.5,LOW,100
DENTALKART.NS,SELL,394.5,-1.84,-2.19,1.9,,,424.52,319.45,2.5,LOW,100
DENTA.NS,HOLD,278.45,-9.17,2.05,1.71,,,262.06,300.31,1.33,LOW,100
SAHANA.NS,HOLD,864.55,1.4,-6.85,2.23,,,820.62,923.13,1.33,LOW,100
LEMERITE.NS,SELL,18.57,-15.42,-11.57,2.63,,,20.9,12.74,2.5,LOW,100
SRHHYPOLTD.NS,BUY,522.15,5.66,5.6,2.43,511.71,532.59,482.21,622.01,2.5,LOW,100
GANDHITUBE.NS,HOLD,883.35,0.4,-1.48,1.13,,,851.29,926.1,1.33,LOW,60
CNL.NS,HOLD,1111.3,2.33,-10.77,2.87,,,1019.01,1234.35,1.33,LOW,100
FABTECH.NS,HOLD,148.01,-0.4,-1.46,0.71,,,142.8,154.95,1.33,LOW,60
UTTAMSUGAR.NS,SELL,252.45,-3.8,-12.94,4.36,,,280.74,181.73,2.5,LOW,100
XCHANGING.NS,HOLD,61.7,-2.09,1.16,1.63,,,58.57,65.88,1.33,LOW,80
KRISHIVAL.NS,HOLD,412.45,3.02,0.27,2.07,,,403.45,424.45,1.33,LOW,80
JPOLYINVST.NS,SELL,982.9,-4.35,-2.86,2.36,,,1057.66,796.01,2.5,LOW,100
OSWALAGRO.NS,SELL,33.76,-10.9,-8.48,1.81,,,36.69,26.42,2.5,LOW,100
MVGJL.NS,BUY,218.62,30.17,35.15,4.87,214.25,222.99,184.53,303.84,2.5,LOW,100
KODYTECH.NS,HOLD,1420.0,3.65,-4.66,2.17,,,1325.34,1546.21,1.33,LOW,100
ADSL.NS,SELL,95.81,-12.91,-7.79,1.26,,,102.51,79.06,2.5,LOW,100
HEXATRADEX.NS,SELL,156.03,-1.53,-1.69,1.15,,,163.81,136.58,2.5,LOW,80
SARTELE.NS,SELL,73.8,-31.43,-18.27,2.5,,,82.64,51.69,2.5,LOW,100
GULPOLY.NS,SELL,168.44,-10.24,-9.57,0.99,,,177.26,146.39,2.5,LOW,100
SILVERTUC.NS,SELL,147.01,-20.6,-13.38,2.01,,,164.31,103.76,2.5,LOW,100
JAYBARMARU.NS,SELL,112.54,-21.07,-8.09,2.06,,,121.97,88.96,2.5,LOW,100
KUANTUM.NS,BUY,76.0,0.53,6.12,2.04,74.48,77.52,70.02,90.95,2.5,LOW,80
TNPETRO.NS,HOLD,124.14,13.17,-5.34,3.81,,,110.95,141.72,1.33,LOW,100
GICHSGFIN.NS,SELL,136.41,-5.3,-3.98,1.36,,,143.59,118.47,2.5,LOW,100
PRIMESECU.NS,BUY,291.0,3.39,2.94,1.66,285.18,296.82,268.44,347.39,2.5,LOW,100
KARNIKA.NS,BUY,118.7,2.0,3.17,1.63,116.33,121.07,111.08,137.75,2.5,LOW,100
IFBAGRO.NS,SELL,887.0,-7.48,-1.38,1.67,,,950.5,728.25,2.5,LOW,80
BIRLAMONEY.NS,SELL,119.97,-8.95,-5.55,1.12,,,128.33,99.08,2.5,LOW,100
APS.NS,SELL,230.75,-11.82,-7.79,3.16,,,248.64,186.02,2.5,LOW,100
PVSL.NS,SELL,99.26,-5.94,-3.06,1.85,,,109.07,74.74,2.5,LOW,100
NCLIND.NS,HOLD,173.0,-2.24,0.47,1.35,,,166.31,181.92,1.33,LOW,80
BASILIC.NS,SELL,179.0,-7.93,-10.05,3.02,,,195.52,137.7,2.5,LOW,100
COOLCAPS.NS,BUY,25.15,14.75,21.2,2.67,24.65,25.65,22.33,32.2,2.5,LOW,100
ELIN.NS,SELL,88.0,-11.5,-8.5,2.42,,,96.12,67.71,2.5,LOW,100
SKMEGGPROD.NS,SELL,229.05,-14.39,-10.46,2.22,,,245.87,186.99,2.5,LOW,100
REMUS.NS,HOLD,866.35,5.23,-3.68,2.91,,,813.5,936.82,1.33,LOW,100
VAKRANGEE.NS,SELL,5.3,-9.49,-7.99,1.21,,,5.66,4.41,2.5,LOW,100
ZUARIIND.NS,SELL,257.6,-2.69,-4.1,2.62,,,277.42,208.04,2.5,LOW,100
SAURASHCEM.NS,SELL,53.4,-7.96,-3.3,1.91,,,57.43,43.34,2.5,LOW,100
EVERESTIND.NS,SELL,399.0,-13.08,-5.17,1.77,,,429.99,321.52,2.5,LOW,100
LIKHITHA.NS,BUY,224.6,1.05,9.97,2.49,220.11,229.09,198.84,288.99,2.5,LOW,100
REGAAL.NS,SELL,80.24,-6.11,-11.33,1.69,,,87.54,62.0,2.5,LOW,100
UFBL.NS,HOLD,703.05,-4.19,1.45,3.24,,,639.83,787.34,1.33,LOW,80
TVSELECT.NS,SELL,399.6,-13.86,-5.49,1.24,,,428.6,327.1,2.5,LOW,100
ABCOTS.NS,HOLD,210.69,2.75,-1.14,1.81,,,194.54,232.22,1.33,LOW,80
MACPOWER.NS,BUY,2115.6,26.67,12.41,3.9,2073.29,2157.91,1885.27,2691.41,2.5,LOW,100
BESTAGRO.NS,BUY,18.57,4.55,8.53,3.51,18.2,18.94,16.48,23.8,2.5,LOW,100
TEMBO.NS,HOLD,56.47,-1.61,-0.35,1.97,,,53.37,60.61,1.33,LOW,80
VALIANTORG.NS,BUY,425.0,40.74,48.19,3.6,416.5,433.5,380.63,535.93,2.5,LOW,100
KABRAEXTRU.NS,BUY,678.0,33.96,17.07,4.61,664.44,691.56,592.71,891.21,2.5,LOW,100
ARROWGREEN.NS,BUY,900.5,22.0,17.49,3.06,882.49,918.51,821.86,1097.11,2.5,LOW,100
DISHTV.NS,SELL,2.61,-6.22,-2.25,2.37,,,2.81,2.11,2.5,LOW,100
CCCL.NS,SELL,13.81,-10.02,-4.43,1.25,,,14.69,11.6,2.5,LOW,100
TVTODAY.NS,SELL,107.12,-6.5,-3.62,1.64,,,114.22,89.36,2.5,LOW,100
KOTHARIPET.NS,HOLD,135.01,-0.85,3.14,3.25,,,124.9,148.49,1.33,LOW,80
CHEMFAB.NS,HOLD,370.1,0.48,2.36,2.54,,,339.62,410.73,1.33,LOW,80
SANDESH.NS,HOLD,1039.7,1.78,-0.98,1.37,,,982.33,1116.19,1.33,LOW,80
DHAMPURSUG.NS,SELL,151.56,-4.53,-9.57,2.83,,,165.88,115.76,2.5,LOW,100
ANUHPHR.NS,BUY,92.22,13.77,15.74,3.97,90.38,94.06,81.89,118.05,2.5,LOW,100
BLAL.NS,SELL,161.99,-5.64,-1.75,0.54,,,168.12,146.67,2.5,LOW,80
MAHASTEEL.NS,HOLD,1141.9,7.68,-18.09,3.57,,,999.0,1332.43,1.33,LOW,100
SVLL.NS,HOLD,814.0,7.14,-0.13,1.21,,,776.36,864.19,1.33,LOW,80
VIVIANA.NS,SELL,718.85,-1.43,-6.2,3.17,,,798.63,519.4,2.5,LOW,100
SUYOG.NS,SELL,652.1,-18.1,-10.7,1.58,,,711.99,502.37,2.5,LOW,100
MUNJALAU.NS,SELL,105.0,-2.35,-6.48,2.04,,,112.84,85.39,2.5,LOW,100
AVADHSUGAR.NS,HOLD,712.05,7.72,-13.51,3.55,,,652.59,791.33,1.33,LOW,100
NGLFINE.NS,HOLD,2722.1,-11.27,2.43,3.28,,,2494.48,3025.6,1.33,LOW,100
SNOWMAN.NS,SELL,34.77,-6.6,-5.21,1.17,,,36.94,29.35,2.5,LOW,100
DHUNINV.NS,HOLD,990.0,3.1,0.27,4.35,,,928.77,1071.64,1.33,LOW,80
JITFINFRA.NS,SELL,288.9,-12.3,-6.88,2.0,,,312.66,229.51,2.5,LOW,100
KRYSTAL.NS,BUY,681.15,9.64,3.15,3.15,667.53,694.77,628.98,811.58,2.5,LOW,100
ORICONENT.NS,SELL,52.23,-4.48,-2.01,1.71,,,57.02,40.24,2.5,LOW,100
STEL.NS,BUY,651.4,11.93,7.32,2.71,638.37,664.43,593.37,796.47,2.5,LOW,100
SGIL.NS,HOLD,599.35,1.48,-0.51,1.62,,,565.32,644.72,1.33,LOW,80
WANBURY.NS,SELL,223.0,-19.04,-8.36,1.84,,,239.74,181.16,2.5,LOW,100
CHEMCON.NS,BUY,219.1,13.82,9.76,2.31,214.72,223.48,200.5,265.61,2.5,LOW,100
VLSFINANCE.NS,HOLD,241.52,-4.23,-0.65,1.15,,,232.65,253.34,1.33,LOW,80
BHAGERIA.NS,BUY,334.75,44.14,27.18,4.28,328.06,341.44,294.37,435.69,2.5,LOW,100
ASAL.NS,SELL,446.5,-10.2,-8.18,1.24,,,474.18,377.3,2.5,LOW,100
ARFIN.NS,BUY,91.75,5.67,2.99,3.86,89.91,93.59,82.66,114.47,2.5,LOW,100
SARLAPOLY.NS,SELL,97.25,-2.94,-6.32,1.71,,,104.37,79.44,2.5,LOW,100
COFFEEDAY.NS,SELL,30.32,-1.93,-7.73,3.62,,,33.86,21.47,2.5,LOW,100
BIGBLOC.NS,SELL,40.18,-9.83,-4.08,1.56,,,43.18,32.68,2.5,LOW,100
GKSL.NS,BUY,184.0,25.9,9.33,2.24,180.32,187.68,166.92,226.69,2.5,LOW,100
OWAIS.NS,SELL,76.45,-12.37,-5.68,3.45,,,81.57,63.65,2.5,LOW,100
ZTECH.NS,SELL,406.15,-20.85,-17.12,2.12,,,451.13,293.7,2.5,LOW,100
AMBIKCO.NS,SELL,1590.0,-5.18,-2.16,1.05,,,1654.63,1428.43,2.5,LOW,100
UNITEDPOLY.NS,BUY,43.74,27.92,18.5,2.46,42.87,44.61,39.25,54.96,2.5,LOW,100
VHLTD.NS,BUY,125.5,0.94,8.73,2.17,122.99,128.01,117.39,145.77,2.5,LOW,80
ADVANCE.NS,SELL,110.93,-5.38,-5.9,2.05,,,120.31,87.48,2.5,LOW,100
INDOBORAX.NS,HOLD,472.95,5.09,-7.77,2.46,,,436.4,521.69,1.33,LOW,100
RATNAVEER.NS,BUY,303.95,28.55,6.24,3.68,297.87,310.03,264.68,402.13,2.5,LOW,100
SAKAR.NS,BUY,1180.0,25.53,17.19,4.52,1156.4,1203.6,1031.45,1551.37,2.5,LOW,100
ELDEHSG.NS,HOLD,789.45,1.69,0.56,1.5,,,750.2,841.78,1.33,LOW,80
NINSYS.NS,HOLD,711.25,-8.08,0.13,0.75,,,679.61,753.44,1.33,LOW,80
MALLCOM.NS,SELL,960.0,-4.02,-4.43,2.6,,,1042.86,752.86,2.5,LOW,100
BODALCHEM.NS,BUY,191.23,101.89,31.47,6.54,187.41,195.05,161.45,265.69,2.5,LOW,100
MUKKA.NS,HOLD,26.95,4.89,-6.16,4.52,,,23.58,31.44,1.33,LOW,100
TECHLABS.NS,HOLD,125.6,-0.71,9.26,3.15,,,114.46,140.46,1.33,LOW,80
MUFTI.NS,HOLD,73.54,-5.72,0.92,1.48,,,69.89,78.4,1.33,LOW,80
KAMATHOTEL.NS,HOLD,223.1,14.7,-4.61,4.37,,,203.24,249.58,1.33,LOW,100
SATIA.NS,BUY,67.15,10.89,17.68,2.67,65.81,68.49,61.54,81.17,2.5,LOW,100
DWARKESH.NS,SELL,40.1,-10.43,-17.79,4.45,,,44.67,28.66,2.5,LOW,100
KECL.NS,SELL,122.13,-6.21,-3.33,2.27,,,134.15,92.09,2.5,LOW,100
NAHARSPING.NS,SELL,271.0,-5.61,-9.22,2.07,,,294.41,212.48,2.5,LOW,100
KAMDHENU.NS,BUY,40.45,14.61,11.86,2.01,39.64,41.26,36.41,50.54,2.5,LOW,100
RITCO.NS,SELL,292.95,-1.14,-2.45,2.08,,,318.46,229.18,2.5,LOW,100
APEX.NS,SELL,344.4,-9.93,-7.48,1.42,,,370.35,279.54,2.5,LOW,100
KOPRAN.NS,BUY,264.4,28.46,13.85,3.0,259.11,269.69,232.51,344.13,2.5,LOW,100
MAGADSUGAR.NS,SELL,501.1,-5.99,-11.79,3.23,,,554.22,368.3,2.5,LOW,100
ATL.NS,HOLD,24.3,0.09,-4.07,3.82,,,22.21,27.09,1.33,LOW,80
PATELRMART.NS,SELL,204.5,-7.85,-7.29,1.44,,,217.26,172.61,2.5,LOW,100
20MICRONS.NS,HOLD,205.5,0.98,-3.52,2.73,,,192.22,223.21,1.33,LOW,80
RUBYMILLS.NS,BUY,445.9,12.43,12.99,3.54,436.98,454.82,386.21,595.13,2.5,LOW,100
GHCLTEXTIL.NS,HOLD,123.76,1.81,-11.19,2.84,,,114.83,135.67,1.33,LOW,100
ESFL.NS,BUY,124.6,2.68,3.32,2.35,122.11,127.09,114.57,149.67,2.5,LOW,100
PROZONER.NS,BUY,52.61,18.27,17.12,2.71,51.56,53.66,46.99,66.66,2.5,LOW,100
STCINDIA.NS,SELL,112.09,-4.86,-3.12,1.5,,,117.06,99.66,2.5,LOW,100
TREL.NS,BUY,29.26,12.57,8.61,3.02,28.67,29.85,26.1,37.15,2.5,LOW,100
LINC.NS,HOLD,92.68,-5.94,-0.24,1.81,,,87.56,99.51,1.33,LOW,80
MVKAGRO.NS,HOLD,270.65,-5.63,32.54,4.86,,,251.09,296.73,1.33,LOW,100
KSOLVES.NS,SELL,253.9,-8.24,-7.06,1.8,,,273.69,204.42,2.5,LOW,100
LAXMIINDIA.NS,HOLD,126.36,0.33,0.34,2.8,,,115.59,140.72,1.33,LOW,60
GEECEE.NS,HOLD,361.05,1.12,-1.5,1.74,,,340.91,387.91,1.33,LOW,80
RUSHIL.NS,SELL,15.84,-4.79,-1.25,1.41,,,17.09,12.72,2.5,LOW,80
NBIFIN.NS,SELL,1960.0,-6.05,-1.18,0.99,,,2070.64,1683.39,2.5,LOW,80
HLVLTD.NS,HOLD,6.84,-0.63,6.71,2.41,,,6.47,7.34,1.33,LOW,80
THEINVEST.NS,HOLD,95.45,-1.77,0.9,1.4,,,89.83,102.94,1.33,LOW,80
PVP.NS,HOLD,58.86,36.14,-9.31,5.02,,,52.65,67.14,1.33,LOW,100
PPL.NS,BUY,272.0,2.54,4.9,1.99,266.56,277.44,251.34,323.66,2.5,LOW,100
RSWM.NS,BUY,214.1,2.45,3.46,2.64,209.82,218.38,196.69,257.63,2.5,LOW,100
DMCC.NS,HOLD,280.3,0.34,-4.45,3.46,,,259.42,308.14,1.33,LOW,80
SHIVALIK.NS,BUY,363.2,31.28,11.46,6.0,355.94,370.46,309.79,496.74,2.5,LOW,100
RKSWAMY.NS,SELL,90.0,-7.66,-2.32,1.56,,,96.98,72.55,2.5,LOW,100
NAHARPOLY.NS,SELL,226.2,-9.2,-9.1,1.61,,,243.3,183.45,2.5,LOW,100
VENUSREM.NS,SELL,1577.0,-4.79,-1.49,2.51,,,1744.97,1157.07,2.5,LOW,80
SUBEXLTD.NS,BUY,19.8,26.76,11.93,4.11,19.4,20.2,17.26,26.16,2.5,LOW,100
SARVESHWAR.NS,BUY,3.71,5.55,10.75,5.08,3.64,3.78,3.3,4.72,2.5,LOW,100
REPRO.NS,SELL,297.85,-13.11,-9.36,2.37,,,324.01,232.46,2.5,LOW,100
ZEEMEDIA.NS,SELL,7.38,-8.97,-10.87,2.08,,,8.25,5.21,2.5,LOW,100
SEJALLTD.NS,BUY,715.75,1.99,6.38,3.7,701.43,730.07,652.73,873.3,2.5,LOW,100
GLOSTERLTD.NS,SELL,579.0,-8.67,-1.08,1.23,,,615.41,487.98,2.5,LOW,80
MINDTECK.NS,SELL,158.56,-13.46,-7.73,1.5,,,171.59,125.99,2.5,LOW,100
AHCL.NS,BUY,23.98,53.13,53.72,5.41,23.5,24.46,21.37,30.5,2.5,LOW,100
NRAIL.NS,BUY,608.05,18.81,22.58,5.21,595.89,620.21,524.83,816.1,2.5,LOW,100
HARDWYN.NS,HOLD,9.12,-16.32,1.0,1.16,,,8.6,9.81,1.33,LOW,80
DREAMFOLKS.NS,SELL,65.0,-3.96,-2.09,2.12,,,69.37,54.07,2.5,LOW,100
CELLECOR.NS,SELL,30.45,-8.5,-3.33,2.61,,,33.24,23.49,2.5,LOW,100
ONWARDTEC.NS,BUY,294.1,2.65,3.59,1.79,288.22,299.98,273.25,346.23,2.5,LOW,100
SHREERAMA.NS,BUY,44.9,6.68,7.85,3.42,44.0,45.8,39.1,59.41,2.5,LOW,100
ACL.NS,SELL,42.0,-9.37,-4.42,0.96,,,44.53,35.69,2.5,LOW,100
JAYAGROGN.NS,HOLD,225.02,0.41,-1.92,3.29,,,203.97,253.09,1.33,LOW,60
ACCENTMIC.NS,BUY,660.1,16.88,8.95,2.76,646.9,673.3,608.81,788.33,2.5,LOW,100
APTECHT.NS,SELL,89.75,-3.33,-1.13,1.25,,,95.92,74.32,2.5,LOW,80
MANBA.NS,BUY,134.06,0.63,4.48,1.38,131.38,136.74,125.74,154.86,2.5,LOW,80
MAANALU.NS,SELL,105.13,-10.66,-12.95,1.97,,,114.82,80.92,2.5,LOW,100
EMKAY.NS,HOLD,247.0,0.29,-6.47,2.45,,,229.31,270.59,1.33,LOW,80
URJA.NS,HOLD,9.16,-1.46,-0.22,1.21,,,8.8,9.65,1.33,LOW,80
IRIS.NS,SELL,238.0,-3.9,-4.82,2.58,,,262.45,176.87,2.5,LOW,100
VISAKAIND.NS,BUY,92.77,5.09,5.61,2.25,90.91,94.63,85.5,110.95,2.5,LOW,100
MODIS.NS,SELL,349.65,-8.67,-8.19,2.03,,,371.42,295.22,2.5,LOW,100
MMP.NS,BUY,465.65,33.56,22.12,4.82,456.34,474.96,403.9,620.02,2.5,LOW,100
HINDCOMPOS.NS,SELL,379.1,-8.98,-6.44,0.99,,,406.65,310.23,2.5,LOW,100
PARSVNATH.NS,BUY,1.84,4.72,23.49,1.49,1.8,1.88,1.77,2.0,2.5,LOW,100
ENIL.NS,HOLD,100.0,-1.75,2.42,1.78,,,95.49,106.01,1.33,LOW,100
PAKKA.NS,BUY,77.97,3.05,2.86,2.69,76.41,79.53,71.21,94.87,2.5,LOW,100
GFLLIMITED.NS,HOLD,56.21,10.0,-0.16,4.0,,,51.38,62.65,1.33,LOW,80
MENONBE.NS,BUY,318.0,30.02,5.51,4.16,311.64,324.36,278.46,416.86,2.5,LOW,100
CSLFINANCE.NS,HOLD,218.81,1.83,-4.51,2.26,,,206.02,235.86,1.33,LOW,100
GCSL.NS,BUY,609.85,14.1,6.65,2.54,597.65,622.05,570.95,707.1,2.5,LOW,100
CHEVIOT.NS,BUY,1161.8,1.5,3.31,1.89,1138.56,1185.04,1093.87,1331.62,2.5,LOW,100
SCHAND.NS,HOLD,135.2,-4.45,1.24,1.61,,,128.77,143.77,1.33,LOW,80
KILITCH.NS,BUY,190.0,5.13,11.4,2.06,186.2,193.8,175.28,226.8,2.5,LOW,100
KRITI.NS,HOLD,60.3,-8.43,-0.43,1.61,,,55.51,66.69,1.33,LOW,80
DBEIL.NS,BUY,7.15,0.74,11.2,4.46,7.01,7.29,6.21,9.5,2.5,LOW,80
INDSWFTLAB.NS,BUY,374.45,26.79,2.07,4.18,366.96,381.94,330.64,483.97,2.5,LOW,100
VERTOZ.NS,SELL,36.66,-1.15,-2.81,2.5,,,41.04,25.7,2.5,LOW,100
FOODSIN.NS,HOLD,53.76,-3.24,0.56,2.44,,,49.37,59.61,1.33,LOW,80
SICALLOG.NS,SELL,92.95,-8.98,-10.37,3.36,,,104.31,64.55,2.5,LOW,100
MWL.NS,BUY,43.21,10.87,14.58,2.93,42.35,44.07,37.28,58.03,2.5,LOW,100
ASIANHOTNR.NS,BUY,374.05,15.19,1.31,4.19,366.57,381.53,316.69,517.44,2.5,LOW,80
GANESHBE.NS,BUY,128.7,10.93,10.6,3.84,126.13,131.27,113.23,167.38,2.5,LOW,100
IGCL.NS,SELL,65.9,-8.97,-10.06,1.77,,,71.13,52.83,2.5,LOW,100
BORANA.NS,SELL,297.95,-6.16,-3.14,2.23,,,323.81,233.29,2.5,LOW,100
TIRUPATI.NS,SELL,308.0,-17.44,-5.23,1.94,,,318.71,281.21,2.5,LOW,100
SHALPAINTS.NS,BUY,81.05,8.18,2.1,2.92,79.43,82.67,73.37,100.24,2.5,LOW,100
SBGLP.NS,SELL,24.0,-1.6,-2.23,5.59,,,28.29,13.29,2.5,LOW,100
TOLINS.NS,SELL,87.82,-10.37,-4.48,0.99,,,92.71,75.61,2.5,LOW,100
ONMOBILE.NS,HOLD,49.89,-16.4,0.79,2.32,,,47.88,52.57,1.33,LOW,80
GLOTTIS.NS,SELL,59.11,-8.93,-5.0,1.85,,,63.18,48.92,2.5,LOW,100
IRISDOREME.NS,BUY,62.57,15.84,8.16,2.98,61.32,63.82,57.08,76.29,2.5,LOW,100
NILASPACES.NS,HOLD,12.43,0.69,-0.64,2.21,,,11.55,13.61,1.33,LOW,60
GIRIRAJ.NS,HOLD,84.3,-2.31,1.69,4.79,,,76.19,95.11,1.33,LOW,80
SILINV.NS,HOLD,450.0,1.8,-7.26,2.53,,,418.31,492.26,1.33,LOW,100
SPECIALITY.NS,BUY,140.5,2.55,1.88,2.85,137.69,143.31,127.26,173.59,2.5,LOW,80
GPECO.NS,SELL,395.0,-3.89,-1.27,2.96,,,429.58,308.55,2.5,LOW,80
OCCLLTD.NS,HOLD,153.0,-0.36,-6.89,2.11,,,143.57,165.57,1.33,LOW,80
MOS.NS,SELL,5.45,-49.12,-40.44,3.62,,,6.34,3.24,2.5,LOW,100
SUTLEJTEX.NS,HOLD,38.9,0.88,-1.37,1.69,,,36.05,42.7,1.33,LOW,60
RPPINFRA.NS,SELL,53.6,-9.88,-5.25,4.72,,,60.29,36.87,2.5,LOW,100
PYRAMID.NS,SELL,155.41,-5.87,-1.37,1.23,,,164.6,132.43,2.5,LOW,80
PRIMO.NS,HOLD,21.37,-5.92,2.74,3.31,,,19.37,24.04,1.33,LOW,100
FOCUS.NS,SELL,60.7,-12.79,-8.22,1.57,,,65.51,48.67,2.5,LOW,100
SJLOGISTIC.NS,SELL,311.3,-3.81,-3.86,1.72,,,328.5,268.3,2.5,LOW,100
TARACHAND.NS,SELL,46.8,-8.8,-1.87,1.13,,,49.89,39.08,2.5,LOW,80
CONSOFINVT.NS,BUY,300.05,6.72,14.21,3.14,294.05,306.05,275.25,362.05,2.5,LOW,100
KRONOX.NS,HOLD,173.0,4.2,-8.53,6.77,,,158.4,192.46,1.33,LOW,100
RADIANTCMS.NS,HOLD,35.62,0.1,-3.07,3.69,,,32.62,39.62,1.33,LOW,80
BAHETI.NS,SELL,744.5,-3.1,-13.61,2.03,,,809.76,581.34,2.5,LOW,100
HMVL.NS,SELL,78.0,-13.5,-9.9,1.34,,,85.08,60.3,2.5,LOW,100
KAYA.NS,BUY,340.65,12.74,1.63,4.65,333.84,347.46,304.12,431.97,2.5,LOW,80
ESSARSHPNG.NS,SELL,16.35,-12.2,-2.85,2.72,,,17.95,12.35,2.5,LOW,100
INTLCONV.NS,HOLD,77.15,1.01,-2.49,1.92,,,72.62,83.19,1.33,LOW,100
EMAMIPAP.NS,BUY,111.02,3.26,1.56,2.24,108.8,113.24,99.7,139.32,2.5,LOW,80
ZODIAC.NS,SELL,220.65,-10.75,-7.83,1.25,,,238.11,177.0,2.5,LOW,100
EIFFL.NS,SELL,259.45,-11.26,-10.55,2.72,,,274.77,221.15,2.5,LOW,100
DIGISPICE.NS,HOLD,17.0,-4.08,0.0,1.64,,,15.81,18.58,1.33,LOW,80
SURAJLTD.NS,SELL,199.0,-7.39,-2.52,2.05,,,214.47,160.32,2.5,LOW,100
MBLINFRA.NS,SELL,22.3,-8.37,-4.46,2.32,,,24.8,16.04,2.5,LOW,100
COMSYN.NS,HOLD,305.45,22.63,0.93,2.14,,,279.57,339.96,1.33,LOW,80
PRECOT.NS,SELL,654.55,-13.11,-5.81,1.98,,,715.29,502.71,2.5,LOW,100
VINSYS.NS,HOLD,580.0,3.89,-4.45,1.03,,,567.91,596.12,1.33,LOW,100
TPLPLASTEH.NS,SELL,64.5,-13.56,-9.35,2.47,,,70.02,50.69,2.5,LOW,100
ALLETEC.NS,HOLD,125.7,-5.73,0.32,3.3,,,114.86,140.16,1.33,LOW,80
RBZJEWEL.NS,HOLD,171.26,11.03,-14.66,6.08,,,148.47,201.65,1.33,LOW,100
HILINFRA.NS,HOLD,44.76,-0.3,2.75,1.86,,,41.73,48.8,1.33,LOW,80
RAMAPHO.NS,HOLD,121.12,-2.24,-0.9,2.03,,,115.21,129.0,1.33,LOW,80
ORIENTPPR.NS,HOLD,16.99,-2.5,-0.82,3.04,,,15.87,18.48,1.33,LOW,80
GVKPIL.NS,BUY,2.41,3.51,15.87,1.83,2.36,2.46,2.3,2.68,2.5,LOW,100
LIBERTSHOE.NS,SELL,217.51,-13.1,-9.16,1.6,,,232.0,181.3,2.5,LOW,100
KNAGRI.NS,SELL,199.09,-4.01,-7.4,3.29,,,219.91,147.04,2.5,LOW,100
ANNAPURNA.NS,SELL,132.6,-5.65,-9.03,1.9,,,145.94,99.25,2.5,LOW,100
BELLACASA.NS,BUY,252.25,4.47,3.85,2.91,247.2,257.3,226.63,316.3,2.5,LOW,100
BMWVENTLTD.NS,SELL,50.87,-10.18,-8.11,1.37,,,54.73,41.22,2.5,LOW,100
PARIN.NS,SELL,697.25,-2.25,-1.8,1.45,,,759.46,541.71,2.5,LOW,80
KAPSTON.NS,BUY,583.5,14.51,1.96,3.39,571.83,595.17,529.43,718.68,2.5,LOW,80
ADVANIHOTR.NS,SELL,48.33,-4.21,-1.73,1.07,,,50.82,42.11,2.5,LOW,80
DBOL.NS,SELL,114.35,-1.02,-9.79,2.72,,,126.16,84.82,2.5,LOW,100
TRACXN.NS,BUY,30.92,3.36,3.0,3.09,30.3,31.54,28.77,36.29,2.5,LOW,100
MUNJALSHOW.NS,SELL,126.7,-3.86,-1.93,0.77,,,132.54,112.1,2.5,LOW,80
SREEL.NS,BUY,290.0,19.01,16.12,6.28,284.2,295.8,245.28,401.81,2.5,LOW,100
ORBTEXP.NS,SELL,230.99,-2.74,-3.34,2.04,,,249.99,183.48,2.5,LOW,100
MAZDA.NS,BUY,273.8,16.22,11.42,2.8,268.32,279.28,246.14,342.95,2.5,LOW,100
GUJAPOLLO.NS,SELL,325.8,-7.0,-6.37,2.07,,,354.37,254.37,2.5,LOW,100
TRANSWORLD.NS,HOLD,165.99,0.77,-2.21,2.8,,,160.74,173.0,1.33,LOW,80
PTL.NS,HOLD,38.2,-2.11,-0.65,0.66,,,37.13,39.63,1.33,LOW,80
DPEL.NS,BUY,627.65,8.73,8.03,1.52,615.1,640.2,598.12,701.47,2.5,LOW,100
EFFWA.NS,HOLD,356.25,-1.23,6.03,3.32,,,326.77,395.55,1.33,LOW,100
MEGATHERM.NS,BUY,267.1,23.21,23.46,4.42,261.76,272.44,234.99,347.37,2.5,LOW,100
AVONMORE.NS,HOLD,12.32,3.77,-5.95,3.12,,,11.17,13.85,1.33,LOW,100
WSI.NS,SELL,58.17,-4.45,-4.61,2.52,,,64.65,41.96,2.5,LOW,100
SUPREMEPWR.NS,SELL,204.75,-4.57,-5.3,2.53,,,224.29,155.89,2.5,LOW,100
SUKHJITS.NS,BUY,162.5,0.56,2.21,1.25,159.25,165.75,154.16,183.35,2.5,LOW,80
MGEL.NS,BUY,15.89,2.96,10.89,2.41,15.57,16.21,14.17,20.19,2.5,LOW,100
CGRAPHICS.NS,SELL,138.65,-2.1,-5.55,3.15,,,150.94,107.94,2.5,LOW,100
DONEAR.NS,SELL,83.39,-1.96,-5.61,2.48,,,89.29,68.65,2.5,LOW,100
TERASOFT.NS,SELL,233.0,-32.35,-19.81,2.07,,,263.95,155.63,2.5,LOW,100
MODISONLTD.NS,HOLD,458.0,26.67,-12.03,4.74,,,407.61,525.19,1.33,LOW,100
VINYLINDIA.NS,SELL,222.02,-7.09,-3.56,1.5,,,236.22,186.51,2.5,LOW,100
DICIND.NS,BUY,619.5,12.24,11.9,2.52,607.11,631.89,556.19,777.79,2.5,LOW,100
CPEDU.NS,SELL,174.9,-10.41,-6.44,2.82,,,191.3,133.91,2.5,LOW,100
EUROBOND.NS,HOLD,149.12,-5.81,0.74,1.55,,,138.03,163.9,1.33,LOW,80
MIRZAINT.NS,SELL,29.22,-11.88,-5.71,1.45,,,31.52,23.46,2.5,LOW,100
ATMASTCO.NS,SELL,123.35,-16.28,-13.29,2.43,,,135.01,94.19,2.5,LOW,100
CLEDUCATE.NS,SELL,55.23,-6.78,-12.28,2.25,,,61.66,39.15,2.5,LOW,100
PAVNAIND.NS,SELL,15.16,-12.53,-10.14,2.49,,,17.92,8.25,2.5,LOW,100
SOFTTECH.NS,BUY,523.45,22.96,26.1,2.68,512.98,533.92,484.68,620.38,2.5,LOW,100
NAHARINDUS.NS,HOLD,133.04,6.96,-0.95,4.81,,,124.39,144.58,1.33,LOW,80
CYBERTECH.NS,BUY,141.5,2.43,6.11,1.41,138.67,144.33,133.78,160.8,2.5,LOW,100
MEDICAMEQ.NS,BUY,335.9,32.19,26.64,4.32,329.18,342.62,286.57,459.22,2.5,LOW,100
PANACHE.NS,HOLD,515.0,6.82,-0.85,1.61,,,498.08,537.56,1.33,LOW,80
HCL-INSYS.NS,HOLD,10.34,-6.76,1.97,1.32,,,9.76,11.11,1.33,LOW,80
MODINATUR.NS,HOLD,371.6,-1.97,9.04,4.36,,,344.09,408.29,1.33,LOW,100
ABSMARINE.NS,BUY,292.7,16.35,1.46,4.06,286.85,298.55,246.96,407.06,2.5,LOW,80
KOTHARIPRO.NS,SELL,63.53,-6.22,-6.83,0.94,,,67.98,52.4,2.5,LOW,100
HTMEDIA.NS,SELL,23.7,-8.71,-11.83,2.39,,,26.33,17.13,2.5,LOW,100
VRAJ.NS,HOLD,125.1,-0.15,2.2,1.56,,,119.07,133.14,1.33,LOW,80
UGARSUGAR.NS,BUY,54.26,13.06,1.71,4.64,53.17,55.35,47.28,71.72,2.5,LOW,80
XTGLOBAL.NS,HOLD,29.77,-1.36,0.13,2.96,,,26.43,34.22,1.33,LOW,80
SINCLAIR.NS,BUY,82.75,8.13,1.05,2.34,81.09,84.41,75.75,100.24,2.5,LOW,80
DAVANGERE.NS,HOLD,2.04,-26.9,4.08,6.48,,,1.84,2.31,1.33,LOW,100
HIGREEN.NS,SELL,120.0,-9.78,-5.85,2.23,,,127.76,100.59,2.5,LOW,100
MOLDTECH.NS,HOLD,195.0,13.69,-5.04,2.83,,,177.45,218.4,1.33,LOW,100
PREMIERPOL.NS,HOLD,82.23,2.76,-10.8,2.58,,,74.98,91.9,1.33,LOW,100
ARIES.NS,BUY,473.9,17.78,3.28,4.01,464.42,483.38,415.94,618.79,2.5,LOW,100
NDL.NS,HOLD,2.77,8.19,-2.12,5.91,,,2.53,3.1,1.33,LOW,100
SIGMA.NS,HOLD,47.21,7.55,0.96,2.02,,,43.67,51.93,1.33,LOW,80
SAHAJSOLAR.NS,SELL,95.4,-13.14,-1.34,2.07,,,102.79,76.92,2.5,LOW,80
NAHARCAP.NS,SELL,250.0,-1.46,-2.54,1.07,,,266.44,208.9,2.5,LOW,100
SPENCERS.NS,SELL,28.17,-11.27,-2.49,1.32,,,30.85,21.47,2.5,LOW,100
POLYSIL.NS,HOLD,73.25,-15.76,20.28,5.14,,,67.16,81.36,1.33,LOW,100
ORIENTCER.NS,BUY,46.01,7.39,5.54,2.59,45.09,46.93,41.55,57.16,2.5,LOW,100
PLASTIBLEN.NS,HOLD,186.49,-1.97,-0.98,1.73,,,175.96,200.53,1.33,LOW,80
BIRLACABLE.NS,BUY,394.2,49.74,21.16,4.21,386.32,402.08,345.58,515.74,2.5,LOW,100
LORDSCHLO.NS,SELL,136.75,-2.39,-3.39,2.52,,,147.8,109.11,2.5,LOW,100
AMANTA.NS,BUY,189.0,6.4,1.34,2.8,185.22,192.78,181.36,208.1,2.5,LOW,80
GSLSU.NS,HOLD,27.83,-5.87,13.5,4.06,,,25.25,31.27,1.33,LOW,100
THOMASCOTT.NS,SELL,231.0,-20.1,-12.08,1.39,,,254.93,171.18,2.5,LOW,100
KANPRPLA.NS,HOLD,252.55,8.22,-0.32,3.97,,,229.93,282.71,1.33,LOW,80
NRL.NS,BUY,134.27,16.18,11.85,1.75,131.58,136.96,124.24,159.35,2.5,LOW,100
MCLEODRUSS.NS,SELL,44.33,-10.51,-5.76,2.3,,,48.12,34.85,2.5,LOW,100
MUTHOOTCAP.NS,HOLD,238.0,0.36,-2.95,1.82,,,222.45,258.73,1.33,LOW,80
PANSARI.NS,SELL,291.7,-10.82,-3.68,2.34,,,325.94,206.09,2.5,LOW,100
MONEYBOXX.NS,SELL,54.49,-4.36,-2.7,7.73,,,64.94,28.37,2.5,LOW,100
SOUTHWEST.NS,SELL,197.77,-11.22,-5.19,3.3,,,217.48,148.48,2.5,LOW,100
ALBERTDAVD.NS,HOLD,839.0,6.86,-3.58,1.5,,,803.25,886.66,1.33,LOW,100
SRD.NS,BUY,39.37,0.93,2.05,1.89,38.58,40.16,36.62,46.24,2.5,LOW,80
SRGHFL.NS,SELL,131.0,-49.97,-47.54,6.76,,,161.37,55.07,2.5,LOW,100
RAMANEWS.NS,HOLD,31.65,2.2,0.51,2.81,,,29.08,35.08,1.33,LOW,80
KRITINUT.NS,HOLD,82.89,1.41,-4.34,2.49,,,77.05,90.67,1.33,LOW,100
CHEMBONDCH.NS,BUY,267.0,4.89,2.14,2.92,261.66,272.34,236.51,343.21,2.5,LOW,100
TIRUPATIFL.NS,SELL,67.4,-3.19,-1.07,2.31,,,73.72,51.6,2.5,LOW,80
PCCL.NS,BUY,441.15,34.9,8.7,2.32,432.33,449.97,395.52,555.22,2.5,LOW,100
RBMINFRA.NS,BUY,290.75,10.46,20.54,6.73,284.94,296.56,249.64,393.52,2.5,LOW,100
VALIANTLAB.NS,BUY,125.0,49.12,30.03,4.34,122.5,127.5,111.26,159.34,2.5,LOW,100
EMAMIREAL.NS,SELL,67.15,-9.37,-2.07,2.46,,,73.03,52.46,2.5,LOW,100
MANAKSIA.NS,BUY,63.55,7.7,9.97,3.3,62.28,64.82,56.39,81.46,2.5,LOW,100
NOVAAGRI.NS,SELL,22.64,-4.13,-3.7,1.94,,,24.8,17.25,2.5,LOW,100
SWARAJ.NS,SELL,273.05,-23.25,-22.98,2.19,,,298.4,209.67,2.5,LOW,100
MANORG.NS,SELL,456.0,-7.81,-8.21,2.7,,,504.14,335.66,2.5,LOW,100
REMSONSIND.NS,BUY,101.0,17.0,6.45,4.49,98.98,103.02,87.99,133.53,2.5,LOW,100
TIGERLOGS.NS,SELL,26.75,-8.16,-5.31,2.24,,,29.38,20.17,2.5,LOW,100
GLOBECIVIL.NS,SELL,42.5,-0.68,-9.27,2.97,,,47.61,29.74,2.5,LOW,80
KHADIM.NS,BUY,125.84,21.6,6.22,2.43,123.32,128.36,117.76,146.04,2.5,LOW,100
PASUPTAC.NS,BUY,70.25,12.8,5.18,1.93,68.84,71.66,64.43,84.81,2.5,LOW,100
ASHIMASYN.NS,SELL,15.9,-8.01,-11.07,2.29,,,17.72,11.35,2.5,LOW,100
BANSWRAS.NS,SELL,109.2,-9.35,-7.28,1.66,,,117.69,87.98,2.5,LOW,100
FILATFASH.NS,SELL,0.17,-5.97,-5.56,1.24,,,0.19,0.11,2.5,LOW,100
S&SPOWER.NS,HOLD,330.4,0.4,-0.32,4.44,,,298.41,373.06,1.33,LOW,60
HPAL.NS,HOLD,34.91,1.2,0.78,1.88,,,32.35,38.32,1.33,LOW,80
RUBFILA.NS,HOLD,65.96,-6.15,-0.38,2.91,,,60.98,72.6,1.33,LOW,80
GENUSPAPER.NS,SELL,11.3,-5.05,-5.75,3.09,,,12.69,7.82,2.5,LOW,100
DENORA.NS,SELL,787.0,-6.99,-2.83,1.23,,,841.7,650.25,2.5,LOW,100
ORIENTBELL.NS,HOLD,390.0,10.88,-2.66,2.54,,,361.16,428.45,1.33,LOW,100
RHL.NS,BUY,172.52,1.1,1.81,1.81,169.07,175.97,159.02,206.28,2.5,LOW,80
TICL.NS,SELL,5.85,-37.93,-30.27,2.97,,,6.74,3.63,2.5,LOW,100
SPCENET.NS,HOLD,3.2,-8.7,3.56,2.92,,,2.94,3.54,1.33,LOW,100
JKIPL.NS,SELL,97.04,-2.0,-9.78,2.67,,,106.08,74.43,2.5,LOW,100
BEDMUTHA.NS,SELL,102.85,-5.76,-3.53,1.76,,,112.23,79.4,2.5,LOW,100
INFOLLION.NS,HOLD,155.9,-3.43,-0.7,1.8,,,148.29,166.05,1.33,LOW,80
WELINV.NS,BUY,2299.0,15.45,5.94,2.76,2253.02,2344.98,2177.5,2602.75,2.5,LOW,100
NILAINFRA.NS,SELL,6.51,-8.27,-3.7,0.94,,,7.13,4.97,2.5,LOW,100
UNIDT.NS,BUY,226.3,0.69,2.13,2.58,221.77,230.83,199.07,294.37,2.5,LOW,80
VISHNUINFR.NS,SELL,154.95,-1.49,-3.97,3.51,,,167.19,124.34,2.5,LOW,100
AVPINFRA.NS,SELL,56.9,-7.63,-4.21,2.51,,,61.24,46.06,2.5,LOW,100
DEVX.NS,SELL,32.79,-3.61,-1.5,2.45,,,36.05,24.65,2.5,LOW,80
AARON.NS,HOLD,125.98,-3.21,0.02,2.91,,,115.17,140.39,1.33,LOW,80
GICL.NS,BUY,24.25,16.91,2.15,1.12,23.77,24.73,21.85,30.25,2.5,LOW,100
GOKUL.NS,SELL,39.88,-1.92,-3.97,2.41,,,43.85,29.95,2.5,LOW,100
GOACARBON.NS,BUY,382.15,0.78,4.47,5.35,374.51,389.79,335.81,498.01,2.5,LOW,80
RUCHIRA.NS,BUY,108.5,2.23,5.68,1.58,106.33,110.67,101.65,125.61,2.5,LOW,100
SHIVAUM.NS,BUY,470.0,8.07,4.83,0.84,460.6,479.4,432.26,564.34,2.5,LOW,100
PHANTOMFX.NS,SELL,93.9,-36.79,-21.09,4.73,,,107.59,59.69,2.5,LOW,100
MANAKSTEEL.NS,BUY,107.0,23.51,2.79,3.46,104.86,109.14,94.93,137.17,2.5,LOW,100
AARTISURF.NS,BUY,535.15,9.0,4.02,3.03,524.45,545.85,478.91,675.76,2.5,LOW,100
SAKUMA.NS,SELL,1.52,-7.27,-5.0,3.64,,,1.66,1.17,2.5,LOW,100
ASMS.NS,SELL,6.79,-3.76,-4.5,1.44,,,7.33,5.43,2.5,LOW,100
VIKASLIFE.NS,SELL,1.22,-4.88,-2.4,2.53,,,1.31,0.99,2.5,LOW,100
BBTCL.NS,BUY,231.97,2.71,5.14,2.56,227.33,236.61,212.13,281.56,2.5,LOW,100
MAHEPC.NS,HOLD,102.12,-5.36,-0.18,0.98,,,97.89,107.76,1.33,LOW,80
GOLDKART.NS,HOLD,107.1,-1.86,11.21,2.82,,,104.59,110.44,1.33,LOW,100
DYNPRO.NS,SELL,228.35,-3.74,-3.37,1.45,,,246.56,182.82,2.5,LOW,100
IL&FSENGG.NS,BUY,39.05,14.63,11.57,2.39,38.27,39.83,35.71,47.4,2.5,LOW,100
INFINIUM.NS,BUY,268.0,16.45,1.9,4.56,262.64,273.36,237.1,345.25,2.5,LOW,80
FCSSOFT.NS,SELL,1.42,-4.49,-2.07,2.08,,,1.51,1.18,2.5,LOW,100
ZIMLAB.NS,BUY,131.0,9.0,11.07,4.07,128.38,133.62,113.21,175.47,2.5,LOW,100
APCL.NS,SELL,97.18,-5.1,-3.0,1.09,,,102.94,82.77,2.5,LOW,100
SUMIT.NS,SELL,49.0,-4.88,-4.98,2.12,,,54.52,35.2,2.5,LOW,100
SHREEKARNI.NS,SELL,366.2,-5.87,-8.32,3.19,,,397.46,288.04,2.5,LOW,100
ROSSELLIND.NS,SELL,51.9,-9.4,-10.72,3.37,,,58.98,34.21,2.5,LOW,100
BCONCEPTS.NS,SELL,153.0,-13.05,-5.99,2.0,,,172.07,105.31,2.5,LOW,100
VARDMNPOLY.NS,SELL,5.78,-6.02,-3.51,0.8,,,6.17,4.82,2.5,LOW,100
INM.NS,HOLD,162.5,-2.12,4.49,2.35,,,158.12,168.34,1.33,LOW,100
SYSTANGO.NS,HOLD,222.55,1.36,-0.27,2.73,,,206.13,244.44,1.33,LOW,80
OILCOUNTUB.NS,HOLD,65.54,10.8,-2.51,2.47,,,62.11,70.12,1.33,LOW,100
VGL.NS,BUY,66.25,9.69,15.98,4.69,64.92,67.58,57.88,87.17,2.5,LOW,100
3IINFOLTD.NS,BUY,25.7,12.98,14.58,2.91,25.19,26.21,23.9,30.21,2.5,LOW,100
IITL.NS,HOLD,147.85,3.86,-3.37,2.25,,,134.94,165.07,1.33,LOW,100
DCI.NS,SELL,280.95,-13.01,-21.42,5.29,,,335.51,144.54,2.5,LOW,100
INSPIRISYS.NS,SELL,84.99,-10.42,-1.42,2.82,,,95.45,58.83,2.5,LOW,80
WTICAB.NS,SELL,100.0,-11.36,-8.42,2.61,,,110.04,74.91,2.5,LOW,100
SHIVAMAUTO.NS,BUY,19.42,11.73,8.25,4.94,19.03,19.81,16.99,25.49,2.5,LOW,100
GINNIFILA.NS,SELL,41.64,-9.33,-4.36,1.59,,,44.74,33.89,2.5,LOW,100
PROV.NS,SELL,1650.0,-5.63,-12.28,2.16,,,1739.14,1427.14,2.5,LOW,100
MEDICO.NS,SELL,34.89,-16.3,-10.33,3.27,,,40.19,21.63,2.5,LOW,100
BALAJEE.NS,SELL,25.11,-6.88,-4.34,1.2,,,27.1,20.13,2.5,LOW,100
RCOM.NS,BUY,0.92,8.62,13.58,3.89,0.9,0.94,0.84,1.12,2.5,LOW,100
BROOKS.NS,SELL,62.49,-2.35,-5.99,2.85,,,70.79,41.73,2.5,LOW,100
NDGL.NS,SELL,2636.8,-4.56,-3.53,1.58,,,2841.13,2125.98,2.5,LOW,100
LOKESHMACH.NS,HOLD,347.0,3.09,0.22,3.76,,,311.41,394.45,1.33,LOW,80
NECLIFE.NS,SELL,11.0,-1.02,-10.64,3.56,,,12.09,8.27,2.5,LOW,100
EXXARO.NS,SELL,6.26,-1.45,-3.4,5.15,,,7.15,4.03,2.5,LOW,100
BPL.NS,SELL,46.1,-11.22,-7.39,1.54,,,49.6,37.34,2.5,LOW,100
TRF.NS,SELL,215.49,-6.81,-3.64,1.5,,,231.07,176.54,2.5,LOW,100
HALEOSLABS.NS,BUY,1524.9,1.15,3.03,1.32,1494.4,1555.4,1414.9,1799.9,2.5,LOW,100
HARRMALAYA.NS,SELL,179.99,-12.43,-6.77,1.67,,,193.0,147.47,2.5,LOW,100
MANCREDIT.NS,SELL,222.19,-2.99,-2.35,2.65,,,237.8,183.16,2.5,LOW,100
ASAHISONG.NS,HOLD,369.95,7.42,-1.23,2.59,,,345.58,402.44,1.33,LOW,80
GLOBAL.NS,BUY,127.12,17.13,8.36,2.51,124.58,129.66,114.79,157.96,2.5,LOW,100
URAVIDEF.NS,SELL,109.5,-2.71,-7.96,2.71,,,117.84,88.66,2.5,LOW,100
RACE.NS,SELL,96.86,-7.44,-2.83,1.41,,,105.48,75.31,2.5,LOW,100
EFACTOR.NS,SELL,162.05,-8.0,-11.96,2.22,,,181.99,112.2,2.5,LOW,100
KANORICHEM.NS,BUY,184.95,20.09,19.52,2.42,181.25,188.65,168.31,226.54,2.5,LOW,100
MARKOLINES.NS,HOLD,171.45,-1.14,-0.7,1.73,,,162.44,183.46,1.33,LOW,80
ALANKIT.NS,SELL,7.74,-3.22,-3.49,1.16,,,8.35,6.22,2.5,LOW,100
GEEKAYWIRE.NS,BUY,34.18,37.9,16.3,4.13,33.5,34.86,29.35,46.25,2.5,LOW,100
SKP.NS,BUY,160.0,1.68,9.22,3.23,156.8,163.2,145.88,195.3,2.5,LOW,100
CMNL.NS,HOLD,114.95,7.97,-2.58,2.61,,,107.06,125.46,1.33,LOW,100
VLEGOV.NS,HOLD,10.22,-3.62,-0.1,3.05,,,9.27,11.49,1.33,LOW,80
DPWIRES.NS,SELL,147.98,-9.34,-6.35,1.63,,,158.59,121.47,2.5,LOW,100
MASON.NS,SELL,112.0,-6.41,-4.19,1.79,,,119.7,92.75,2.5,LOW,100
VIKASECO.NS,SELL,1.04,-6.09,-4.59,1.71,,,1.1,0.89,2.5,LOW,100
BHAGYANGR.NS,BUY,443.25,13.55,16.52,2.92,434.38,452.12,403.2,543.38,2.5,LOW,100
KCPSUGIND.NS,SELL,29.0,-1.63,-9.06,2.27,,,32.11,21.24,2.5,LOW,100
MAWANASUG.NS,SELL,124.0,-1.02,-15.23,3.25,,,137.34,90.66,2.5,LOW,100
APOLSINHOT.NS,HOLD,1220.0,0.31,0.04,1.6,,,1162.1,1297.2,1.33,LOW,60
BYKE.NS,SELL,30.3,-6.73,-4.93,1.94,,,33.1,23.29,2.5,LOW,100
SSDL.NS,BUY,62.25,9.59,11.1,5.17,61.0,63.5,55.08,80.17,2.5,LOW,100
VARDHACRLC.NS,BUY,43.8,1.72,1.34,1.38,42.92,44.68,41.25,50.18,2.5,LOW,80
SHRADHA.NS,SELL,30.5,-7.55,-4.24,1.94,,,34.45,20.62,2.5,LOW,100
MANOMAY.NS,BUY,229.97,8.91,2.83,1.89,225.37,234.57,212.36,274.0,2.5,LOW,100
LYKALABS.NS,BUY,83.34,17.62,12.84,1.96,81.67,85.01,79.22,93.64,2.5,LOW,100
AVG.NS,HOLD,172.95,-10.62,-0.96,2.87,,,161.18,188.64,1.33,LOW,80
AFFORDABLE.NS,HOLD,164.17,-6.78,2.99,1.74,,,153.27,178.7,1.33,LOW,100
NIPPOBATRY.NS,SELL,323.8,-1.38,-1.3,1.06,,,343.01,275.78,2.5,LOW,80
ATLANTAA.NS,SELL,35.87,-6.27,-11.82,2.09,,,39.53,26.73,2.5,LOW,100
FROG.NS,BUY,290.95,34.85,17.22,2.68,285.13,296.77,253.35,384.95,2.5,LOW,100
ALMONDZ.NS,BUY,18.5,20.85,3.41,4.77,18.13,18.87,16.14,24.4,2.5,LOW,100
SINTERCOM.NS,SELL,76.4,-5.26,-2.43,3.04,,,87.15,49.53,2.5,LOW,100
GOLDTECH.NS,SELL,40.78,-22.04,-13.69,2.58,,,44.85,30.6,2.5,LOW,100
PPAP.NS,SELL,238.6,-14.5,-10.85,2.13,,,260.43,184.03,2.5,LOW,100
HITECHCORP.NS,HOLD,332.8,2.0,-1.14,0.74,,,322.2,346.93,1.33,LOW,80
NATHBIOGEN.NS,HOLD,149.0,-3.98,-0.87,1.29,,,142.67,157.43,1.33,LOW,80
VMSTMT.NS,BUY,50.45,9.39,10.81,2.44,49.44,51.46,47.22,58.51,2.5,LOW,100
SHERA.NS,BUY,182.45,6.41,3.64,2.79,178.8,186.1,163.61,229.54,2.5,LOW,100
DIAMINESQ.NS,BUY,257.21,3.05,6.28,1.65,252.07,262.35,241.41,296.71,2.5,LOW,100
VIPCLOTHNG.NS,HOLD,20.84,-1.94,4.36,2.1,,,19.38,22.79,1.33,LOW,100
TREJHARA.NS,SELL,135.0,-8.1,-6.88,2.07,,,149.02,99.96,2.5,LOW,100
AXITA.NS,BUY,8.0,6.01,1.01,1.53,7.84,8.16,7.64,8.9,2.5,LOW,80
AUTOIND.NS,SELL,78.79,-12.11,-6.96,3.5,,,87.56,56.87,2.5,LOW,100
SAAKSHI.NS,BUY,368.5,22.12,25.17,2.9,361.13,375.87,336.93,447.43,2.5,LOW,100
AFIL.NS,SELL,8.43,-9.84,-10.22,2.29,,,9.19,6.52,2.5,LOW,100
JAINAM.NS,SELL,216.0,-7.97,-7.69,3.39,,,227.84,186.39,2.5,LOW,100
A2ZINFRA.NS,HOLD,14.95,0.55,-10.26,2.37,,,13.81,16.47,1.33,LOW,80
SHEMAROO.NS,SELL,118.49,-4.28,-6.08,2.26,,,128.07,94.54,2.5,LOW,100
RVHL.NS,HOLD,39.5,-7.78,0.66,2.2,,,36.3,43.76,1.33,LOW,80
SOMATEX.NS,SELL,80.95,-13.54,-3.79,3.26,,,90.49,57.1,2.5,LOW,100
PRAMARA.NS,SELL,88.15,-25.28,-21.19,4.28,,,102.42,52.47,2.5,LOW,100
NAGAFERT.NS,SELL,1.86,-22.82,-9.27,1.95,,,1.9,1.76,2.5,LOW,100
GRETEX.NS,SELL,225.0,-20.33,-17.28,2.66,,,239.64,188.39,2.5,LOW,100
SUPREME.NS,SELL,33.0,-20.74,-10.71,2.46,,,37.28,22.3,2.5,LOW,100
PRIZOR.NS,BUY,1152.5,20.6,1.88,2.53,1129.45,1175.55,1099.6,1284.75,2.5,LOW,80
OMFREIGHT.NS,SELL,85.51,-6.3,-2.92,1.38,,,93.2,66.29,2.5,LOW,100
PILITA.NS,SELL,7.61,-9.31,-5.82,1.6,,,8.4,5.64,2.5,LOW,100
UNIHEALTH.NS,SELL,685.25,-6.2,-5.48,1.86,,,734.04,563.27,2.5,LOW,100
BAFNAPH.NS,BUY,317.2,20.68,1.47,2.87,310.86,323.54,298.5,363.95,2.5,LOW,80
KRISHCA.NS,HOLD,158.95,-3.66,1.6,2.36,,,150.95,169.62,1.33,LOW,80
GLOBALVECT.NS,SELL,126.99,-15.96,-10.7,1.36,,,137.35,101.1,2.5,LOW,100
GOYALSALT.NS,SELL,103.0,-6.5,-3.29,1.73,,,106.09,95.29,2.5,LOW,100
SUNDRMBRAK.NS,SELL,717.0,-8.69,-4.14,1.88,,,771.1,581.75,2.5,LOW,100
CINELINE.NS,BUY,92.11,7.58,5.9,2.42,90.27,93.95,83.18,114.42,2.5,LOW,100
KCEIL.NS,SELL,76.0,-9.59,-5.0,3.06,,,80.86,63.86,2.5,LOW,100
AIRAN.NS,BUY,16.5,7.2,10.59,3.47,16.17,16.83,14.2,22.25,2.5,LOW,100
DJML.NS,HOLD,77.3,-21.14,7.48,6.56,,,69.69,87.45,1.33,LOW,100
STARTECK.NS,SELL,246.0,-4.67,-1.22,1.47,,,268.88,188.81,2.5,LOW,80
DELPHIFX.NS,SELL,4.96,-26.6,-22.62,2.46,,,5.74,3.0,2.5,LOW,100
MODIRUBBER.NS,SELL,123.4,-1.76,-3.81,4.15,,,136.68,90.21,2.5,LOW,100
ELGIRUBCO.NS,HOLD,61.01,3.42,0.21,3.41,,,55.28,68.65,1.33,LOW,80
SHREYANIND.NS,HOLD,130.02,-2.56,3.43,1.96,,,122.61,139.9,1.33,LOW,100
SAHYADRI.NS,BUY,364.85,10.45,3.42,3.39,357.55,372.15,324.53,465.65,2.5,LOW,100
OSIAHYPER.NS,SELL,2.26,-16.98,-8.87,2.12,,,2.48,1.7,2.5,LOW,100
PODDARMENT.NS,BUY,280.0,10.23,10.77,5.35,274.4,285.6,241.8,375.5,2.5,LOW,100
UFO.NS,SELL,61.01,-8.31,-5.95,1.49,,,65.47,49.87,2.5,LOW,100
DCMNVL.NS,HOLD,174.01,5.43,-6.18,2.24,,,162.5,189.35,1.33,LOW,100
UCAL.NS,HOLD,140.88,7.9,-4.08,2.71,,,129.84,155.6,1.33,LOW,100
UYFINCORP.NS,BUY,19.64,2.45,1.76,1.62,19.25,20.03,17.89,24.0,2.5,LOW,80
YASHOPTICS.NS,BUY,130.6,11.95,6.01,3.21,127.99,133.21,119.63,158.03,2.5,LOW,100
GSMFOILS.NS,SELL,85.85,-47.63,-33.76,5.1,,,98.08,55.28,2.5,LOW,100
INDOUS.NS,HOLD,79.96,-3.39,2.32,1.52,,,72.69,89.65,1.33,LOW,100
VSTL.NS,HOLD,112.65,0.61,-0.98,1.84,,,105.43,122.28,1.33,LOW,60
JAYSREETEA.NS,HOLD,90.38,0.55,-9.43,2.71,,,84.55,98.15,1.33,LOW,80
UNIVPHOTO.NS,BUY,595.0,27.7,33.83,3.54,583.1,606.9,538.7,735.75,2.5,LOW,100
UNIVASTU.NS,HOLD,152.26,6.62,-5.25,3.82,,,139.59,169.15,1.33,LOW,100
KOTYARK.NS,SELL,31.41,-10.03,-1.35,3.55,,,34.93,22.62,2.5,LOW,80
ZEELEARN.NS,SELL,6.82,-12.47,-3.81,2.69,,,7.77,4.44,2.5,LOW,100
TRANSTEEL.NS,HOLD,89.55,-10.76,21.84,4.15,,,82.1,99.49,1.33,LOW,100
NDLVENTURE.NS,HOLD,122.48,-1.63,-0.03,1.99,,,113.65,134.25,1.33,LOW,80
CCHHL.NS,SELL,12.61,-0.56,-1.25,1.85,,,13.71,9.86,2.5,LOW,60
MEGASTAR.NS,SELL,280.25,-12.92,-9.57,2.0,,,306.29,215.16,2.5,LOW,100
SURANAT&P.NS,HOLD,16.05,-6.12,-0.19,1.35,,,15.16,17.24,1.33,LOW,80
TAKE.NS,HOLD,15.96,-18.98,21.18,5.07,,,14.62,17.74,1.33,LOW,100
RVTH.NS,SELL,681.6,-5.57,-5.84,3.04,,,763.17,477.67,2.5,LOW,100
TTL.NS,BUY,7.21,11.79,8.58,3.1,7.07,7.35,6.27,9.56,2.5,LOW,100
RADIOCITY.NS,SELL,6.03,-6.23,-5.93,1.97,,,6.77,4.17,2.5,LOW,100
PRITIKAUTO.NS,SELL,14.9,-13.78,-11.04,1.9,,,16.32,11.35,2.5,LOW,100
VIRINCHI.NS,SELL,13.83,-8.71,-6.24,1.74,,,15.36,10.01,2.5,LOW,100
CHAVDA.NS,HOLD,123.45,-0.47,-4.71,1.95,,,117.7,131.11,1.33,LOW,80
DUGLOBAL.NS,SELL,23.45,-10.54,-6.2,4.92,,,26.04,16.97,2.5,LOW,100
RBS.NS,SELL,83.5,-2.5,-6.34,2.57,,,91.26,64.11,2.5,LOW,100
MADHAVBAUG.NS,SELL,159.35,-12.08,-5.71,3.01,,,168.26,137.06,2.5,LOW,100
SCPL.NS,HOLD,631.0,4.17,-2.02,1.72,,,588.31,687.92,1.33,LOW,100
KDL.NS,SELL,87.6,-14.25,-4.0,4.98,,,100.49,55.39,2.5,LOW,100
PRATHAM.NS,HOLD,120.0,0.79,0.54,2.09,,,115.52,125.97,1.33,LOW,60
REPL.NS,SELL,58.0,-9.13,-9.8,2.34,,,64.72,41.21,2.5,LOW,100
IPSL.NS,HOLD,215.0,-3.36,2.48,0.82,,,210.37,221.18,1.33,LOW,100
KAMOPAINTS.NS,SELL,4.39,-3.33,-2.01,2.25,,,4.8,3.38,2.5,LOW,100
TCL.NS,SELL,121.85,-1.01,-5.18,3.55,,,138.72,79.67,2.5,LOW,100
SUPREMEINF.NS,SELL,81.69,-3.58,-3.81,2.2,,,89.98,60.97,2.5,LOW,100
STARPAPER.NS,BUY,155.03,5.26,4.8,2.79,151.93,158.13,138.89,195.39,2.5,LOW,100
NURECA.NS,BUY,348.0,10.99,2.65,3.11,341.04,354.96,312.27,437.32,2.5,LOW,100
FELIX.NS,BUY,205.6,9.63,19.02,3.01,201.49,209.71,182.34,263.74,2.5,LOW,100
IVC.NS,HOLD,7.9,0.04,-10.77,3.22,,,7.12,8.94,1.33,LOW,80
ANLON.NS,BUY,675.0,5.28,8.0,2.35,661.5,688.5,628.0,792.5,2.5,LOW,100
RUDRA.NS,HOLD,20.38,5.73,-1.64,1.67,,,19.04,22.16,1.33,LOW,80
ESCONET.NS,BUY,225.2,31.05,3.59,5.17,220.7,229.7,191.3,309.95,2.5,LOW,100
KOTARISUG.NS,SELL,26.98,-2.58,-13.91,6.52,,,30.33,18.62,2.5,LOW,100
DUCOL.NS,BUY,122.4,11.61,10.17,3.38,119.95,124.85,109.86,153.74,2.5,LOW,100
SADHNANIQ.NS,HOLD,2.75,-3.0,-0.36,1.69,,,2.67,2.86,1.33,LOW,80
GILLANDERS.NS,HOLD,102.0,8.0,-3.62,2.4,,,93.91,112.78,1.33,LOW,100
COASTCORP.NS,SELL,37.37,-16.43,-6.2,2.51,,,40.95,28.42,2.5,LOW,100
AHLEAST.NS,SELL,133.15,-5.72,-6.24,1.87,,,141.97,111.1,2.5,LOW,100
SAKHTISUG.NS,HOLD,18.56,0.26,-8.8,3.14,,,17.11,20.49,1.33,LOW,80
ZODIACLOTH.NS,SELL,69.21,-7.92,-5.24,0.72,,,73.76,57.84,2.5,LOW,100
KMSUGAR.NS,SELL,28.22,-4.57,-11.81,2.86,,,30.72,21.97,2.5,LOW,100
DRCSYSTEMS.NS,SELL,12.57,-4.84,-8.65,2.48,,,13.84,9.39,2.5,LOW,100
OMAXAUTO.NS,SELL,181.51,-9.08,-1.61,3.04,,,201.21,132.26,2.5,LOW,80
INTENTECH.NS,SELL,77.99,-8.02,-3.95,2.26,,,85.14,60.11,2.5,LOW,100
COMMITTED.NS,SELL,340.0,-0.78,-2.28,2.73,,,360.39,289.04,2.5,LOW,80
PIGL.NS,HOLD,100.4,-5.32,0.72,2.51,,,92.76,110.58,1.33,LOW,80
KALYANIFRG.NS,HOLD,964.75,33.03,-10.99,7.4,,,820.29,1157.36,1.33,LOW,100
MKPL.NS,HOLD,4.06,-3.31,0.74,1.09,,,3.79,4.42,1.33,LOW,80
ARIHANTACA.NS,BUY,498.75,5.47,4.98,2.75,488.77,508.73,483.86,535.97,2.5,LOW,100
PONNIERODE.NS,HOLD,356.65,2.18,-6.19,4.12,,,328.16,394.64,1.33,LOW,100
MURUDCERA.NS,SELL,28.5,-6.6,-4.62,1.74,,,31.35,21.38,2.5,LOW,100
CPCAP.NS,BUY,145.83,22.23,23.88,3.29,142.91,148.75,129.77,185.99,2.5,LOW,100
AERONEU.NS,SELL,66.91,-18.98,-14.18,3.11,,,77.32,40.88,2.5,LOW,100
GENCON.NS,SELL,40.0,-2.48,-10.97,4.72,,,45.68,25.79,2.5,LOW,100
SALSTEEL.NS,HOLD,82.26,23.19,-0.21,4.39,,,74.87,92.11,1.33,LOW,80
NIRAJ.NS,SELL,28.27,-1.82,-3.42,1.67,,,31.11,21.18,2.5,LOW,100
ATALREAL.NS,SELL,14.29,-51.16,-44.83,8.47,,,19.03,2.44,2.5,LOW,100
SPCL.NS,HOLD,63.4,-2.8,4.02,2.1,,,60.39,67.41,1.33,LOW,100
SHIVATEX.NS,HOLD,175.98,7.32,-1.32,1.48,,,159.31,198.21,1.33,LOW,80
CHEMBOND.NS,BUY,191.84,6.73,13.52,5.38,188.0,195.68,157.69,277.21,2.5,LOW,100
SHAH.NS,SELL,3.28,-17.2,-10.63,8.9,,,3.77,2.06,2.5,LOW,100
NAVKARURB.NS,SELL,0.83,-15.46,-6.74,1.72,,,0.94,0.56,2.5,LOW,100
CORDSCABLE.NS,BUY,362.9,41.78,14.48,5.93,355.64,370.16,295.57,531.22,2.5,LOW,100
ABAN.NS,SELL,14.21,-10.58,-2.27,1.54,,,15.1,11.99,2.5,LOW,100
WORTHPERI.NS,SELL,146.5,-1.25,-4.57,2.2,,,158.03,117.67,2.5,LOW,100
DEVIT.NS,SELL,23.27,-10.59,-6.99,1.21,,,25.29,18.21,2.5,LOW,100
TRIGYN.NS,SELL,54.16,-2.85,-8.76,3.46,,,60.96,37.17,2.5,LOW,100
KCK.NS,SELL,14.8,-6.15,-1.33,2.27,,,16.16,11.39,2.5,LOW,80
BALAXI.NS,HOLD,23.53,-1.04,3.34,3.5,,,21.1,26.77,1.33,LOW,100
MHLXMIRU.NS,SELL,153.85,-3.73,-12.99,2.01,,,166.03,123.39,2.5,LOW,100
FIDEL.NS,BUY,150.0,3.43,7.14,4.14,147.0,153.0,136.34,184.14,2.5,LOW,100
SPECTSTM.NS,SELL,59.25,-3.48,-1.25,2.34,,,62.15,52.0,2.5,LOW,80
UNITEDTEA.NS,SELL,431.9,-5.91,-3.49,0.86,,,455.24,373.56,2.5,LOW,100
PKTEA.NS,BUY,925.0,19.61,26.95,7.16,906.5,943.5,731.16,1409.59,2.5,LOW,100
BASML.NS,SELL,24.0,-6.88,-6.14,1.91,,,25.75,19.64,2.5,LOW,100
KRITIKA.NS,SELL,5.21,-6.12,-2.62,1.1,,,5.63,4.16,2.5,LOW,100
DHARAN.NS,HOLD,0.14,-5.28,0.0,3.77,,,0.12,0.17,1.33,LOW,80
AMJLAND.NS,SELL,37.6,-1.79,-2.21,1.75,,,40.53,30.29,2.5,LOW,100
INDOWIND.NS,HOLD,8.99,-1.22,-0.55,1.88,,,8.57,9.55,1.33,LOW,80
NEPHROCARE.NS,HOLD,95.85,20.46,-4.82,4.76,,,84.21,111.36,1.33,LOW,100
TEAMGTY.NS,HOLD,235.5,2.74,-2.28,1.86,,,220.06,256.08,1.33,LOW,100
MARALOVER.NS,BUY,60.19,6.92,10.56,3.81,58.99,61.39,52.01,80.65,2.5,LOW,100
VETO.NS,BUY,138.25,10.75,9.68,2.21,135.48,141.02,128.95,161.51,2.5,LOW,100
PRITIKA.NS,BUY,64.5,5.08,4.37,1.74,63.21,65.79,61.75,71.37,2.5,LOW,100
GRCL.NS,BUY,580.0,2.24,1.4,2.38,568.4,591.6,539.44,681.39,2.5,LOW,80
PLAZACABLE.NS,BUY,61.4,22.27,4.21,3.68,60.17,62.63,53.47,81.23,2.5,LOW,100
AKIKO.NS,BUY,425.15,17.91,10.95,2.32,416.65,433.65,400.07,487.85,2.5,LOW,100
GOLDSTAR.NS,BUY,8.6,15.76,14.67,3.4,8.43,8.77,7.99,10.12,2.5,LOW,100
SETCO.NS,SELL,17.08,-3.52,-2.46,1.73,,,19.01,12.27,2.5,LOW,100
LOTUSEYE.NS,HOLD,113.5,-2.32,4.35,1.61,,,107.61,121.36,1.33,LOW,100
RANASUG.NS,HOLD,14.5,8.15,-2.68,3.49,,,13.67,15.61,1.33,LOW,100
WINSOL.NS,SELL,104.5,-8.73,-9.21,2.47,,,114.61,79.21,2.5,LOW,100
RAJTV.NS,SELL,8.7,-16.31,-2.58,3.9,,,9.78,5.99,2.5,LOW,100
AKSHARCHEM.NS,BUY,392.15,28.92,1.95,4.11,384.31,399.99,344.2,512.01,2.5,LOW,80
ANIKINDS.NS,HOLD,44.2,1.34,-1.27,2.84,,,40.12,49.64,1.33,LOW,80
IBULLSLTD.NS,BUY,30.5,9.61,18.82,2.71,29.89,31.11,27.88,37.05,2.5,LOW,100
EMMIL.NS,SELL,117.05,-5.33,-3.26,2.76,,,127.67,90.5,2.5,LOW,100
AAREYDRUGS.NS,BUY,101.04,19.66,9.24,2.83,99.02,103.06,92.03,123.57,2.5,LOW,100
NATCAPSUQ.NS,HOLD,173.69,4.48,-23.48,6.19,,,155.86,197.46,1.33,LOW,100
PRAXIS.NS,SELL,4.22,-30.74,-10.02,2.51,,,4.73,2.94,2.5,LOW,100
KAVDEFENCE.NS,BUY,73.52,22.09,30.93,6.69,72.05,74.99,60.44,106.21,2.5,LOW,100
DGCONTENT.NS,HOLD,24.2,-2.42,-0.12,2.25,,,21.76,27.45,1.33,LOW,80
SADBHAV.NS,SELL,7.63,-8.37,-4.98,2.86,,,8.43,5.62,2.5,LOW,100
ASPINWALL.NS,HOLD,250.5,0.93,-3.67,2.12,,,234.37,272.0,1.33,LOW,80
DRONE.NS,SELL,33.15,-12.09,-3.77,3.43,,,36.83,23.95,2.5,LOW,100
GULFPETRO.NS,HOLD,63.06,13.3,-6.66,2.66,,,58.1,69.68,1.33,LOW,100
PROPEQUITY.NS,SELL,196.1,-10.64,-6.62,2.5,,,207.84,166.76,2.5,LOW,100
JMA.NS,HOLD,91.6,4.14,0.36,2.9,,,83.0,103.06,1.33,LOW,80
NECCLTD.NS,BUY,18.4,13.76,14.29,3.36,18.03,18.77,16.34,23.56,2.5,LOW,100
NITIRAJ.NS,BUY,227.61,8.31,11.3,2.53,223.06,232.16,200.3,295.89,2.5,LOW,100
ALUWIND.NS,SELL,46.0,-4.49,-2.34,2.76,,,49.04,38.41,2.5,LOW,100
EQUIPPP.NS,BUY,24.0,3.04,8.11,2.84,23.52,24.48,21.53,30.18,2.5,LOW,100
LLOYDS.NS,SELL,55.6,-15.35,-7.33,3.01,,,58.72,47.8,2.5,LOW,100
RHFL.NS,SELL,1.74,-7.57,-3.87,2.52,,,1.89,1.36,2.5,LOW,100
INCREDIBLE.NS,BUY,33.44,1.64,1.92,3.07,32.77,34.11,29.65,42.9,2.5,LOW,80
TIPSFILMS.NS,SELL,319.0,-8.32,-4.33,1.6,,,339.91,266.73,2.5,LOW,100
ARCHIDPLY.NS,BUY,104.75,13.64,2.98,4.32,102.66,106.84,93.96,131.72,2.5,LOW,100
MADHUSUDAN.NS,BUY,239.5,2.65,6.09,1.87,234.71,244.29,221.46,284.61,2.5,LOW,100
CENTEXT.NS,SELL,19.12,-7.14,-9.98,3.26,,,21.46,13.26,2.5,LOW,100
EMMBI.NS,SELL,86.55,-0.56,-5.0,1.95,,,94.53,66.61,2.5,LOW,80
KEYFINSERV.NS,SELL,244.95,-4.53,-2.68,1.73,,,264.45,196.2,2.5,LOW,100
ESSENTIA.NS,HOLD,1.03,-10.73,-0.96,2.83,,,0.96,1.12,1.33,LOW,80
TAINWALCHM.NS,BUY,213.7,2.9,2.86,1.77,209.43,217.97,200.34,247.11,2.5,LOW,100
ENFUSE.NS,SELL,153.95,-5.6,-3.78,2.61,,,163.06,131.16,2.5,LOW,100
ARVEE.NS,BUY,176.0,5.7,6.67,5.99,172.48,179.52,149.98,241.06,2.5,LOW,100
SIKKO.NS,BUY,5.83,13.86,14.09,2.36,5.71,5.95,5.21,7.37,2.5,LOW,100
DENEERS.NS,SELL,162.65,-8.55,-4.58,2.08,,,175.53,130.45,2.5,LOW,100
PRLIND.NS,HOLD,41.75,-5.07,0.36,5.49,,,38.01,46.74,1.33,LOW,80
ALPA.NS,SELL,60.46,-7.46,-2.06,1.68,,,65.9,46.85,2.5,LOW,100
KESORAMIND.NS,BUY,12.21,4.3,8.34,2.02,11.97,12.45,11.61,13.72,2.5,LOW,100
DTIL.NS,SELL,137.9,-0.97,-10.16,5.74,,,154.28,96.96,2.5,LOW,80
AVROIND.NS,SELL,7.71,-12.96,-15.55,3.51,,,9.02,4.44,2.5,LOW,100
PURVFLEXI.NS,SELL,42.4,-11.15,-12.4,3.37,,,46.12,33.1,2.5,LOW,100
BEWLTD.NS,SELL,48.1,-11.62,-3.8,1.67,,,51.56,39.44,2.5,LOW,100
IEML.NS,SELL,41.2,-1.6,-2.94,2.17,,,45.61,30.18,2.5,LOW,100
BRNL.NS,SELL,16.42,-5.72,-4.98,0.86,,,17.49,13.76,2.5,LOW,100
TUNWAL.NS,HOLD,25.0,-3.66,-0.6,1.21,,,23.93,26.42,1.33,LOW,80
MANAKALUCO.NS,SELL,35.65,-4.58,-3.83,2.59,,,39.26,26.63,2.5,LOW,100
DCM.NS,HOLD,77.61,-8.49,-0.08,1.67,,,73.8,82.69,1.33,LOW,80
CPS.NS,HOLD,1152.0,6.81,0.17,2.68,,,1105.35,1214.2,1.33,LOW,80
AARTECH.NS,BUY,50.37,3.46,2.92,2.65,49.36,51.38,46.13,60.98,2.5,LOW,100
SHRITECH.NS,SELL,59.0,-2.47,-3.2,2.02,,,61.36,53.09,2.5,LOW,100
LAL.NS,HOLD,8.8,0.96,-1.9,1.61,,,7.84,10.07,1.33,LOW,60
SONAMLTD.NS,HOLD,69.5,14.43,-1.54,5.9,,,61.33,80.39,1.33,LOW,80
VISHWARAJ.NS,SELL,5.32,-3.61,-10.29,5.1,,,5.75,4.23,2.5,LOW,100
VIVIMEDLAB.NS,SELL,5.58,-1.19,-17.94,3.01,,,5.93,4.71,2.5,LOW,100
PRAENG.NS,HOLD,22.6,8.93,-7.53,4.37,,,20.06,25.99,1.33,LOW,100
INDTERRAIN.NS,SELL,29.0,-4.14,-3.85,2.54,,,31.66,22.34,2.5,LOW,100
KORE.NS,BUY,172.55,13.33,45.24,7.94,169.1,176.0,141.22,250.87,2.5,LOW,100
LANCORHOL.NS,HOLD,36.95,22.9,-8.43,5.29,,,33.09,42.1,1.33,LOW,100
AARVI.NS,SELL,140.26,-6.19,-5.82,1.82,,,150.64,114.3,2.5,LOW,100
VASWANI.NS,SELL,45.0,-10.38,-8.41,1.9,,,49.37,34.09,2.5,LOW,100
SUPERHOUSE.NS,HOLD,167.0,1.38,-3.52,2.64,,,152.89,185.82,1.33,LOW,100
RSSOFTWARE.NS,HOLD,30.43,-2.9,5.95,3.09,,,28.16,33.46,1.33,LOW,100
DYNAMIC.NS,HOLD,133.4,-7.67,-0.93,2.41,,,124.04,145.89,1.33,LOW,80
CORALFINAC.NS,HOLD,32.29,-1.91,0.25,1.65,,,30.05,35.28,1.33,LOW,80
CANARYS.NS,HOLD,23.15,5.76,-5.32,3.9,,,20.56,26.6,1.33,LOW,100
IVP.NS,BUY,218.8,21.78,6.08,2.39,214.42,223.18,200.14,265.46,2.5,LOW,100
BSL.NS,SELL,118.9,-4.01,-3.53,0.94,,,126.67,99.48,2.5,LOW,100
QMSMEDI.NS,BUY,177.36,35.88,9.95,3.0,173.81,180.91,162.91,213.48,2.5,LOW,100
EMKAYTOOLS.NS,HOLD,93.0,0.04,-2.11,3.02,,,85.75,102.66,1.33,LOW,80
RUCHINFRA.NS,SELL,5.15,-10.75,-9.33,2.79,,,5.83,3.44,2.5,LOW,100
TBI.NS,BUY,77.9,18.23,12.57,5.63,76.34,79.46,65.59,108.67,2.5,LOW,100
CROWN.NS,HOLD,108.11,-2.43,-0.85,2.27,,,99.88,119.08,1.33,LOW,80
GAYAPROJ.NS,BUY,24.79,14.5,11.77,3.55,24.29,25.29,22.03,31.69,2.5,LOW,100
ENSER.NS,HOLD,14.7,1.53,-1.34,2.73,,,13.49,16.31,1.33,LOW,80
WEIZMANIND.NS,SELL,71.36,-6.67,-4.73,1.4,,,77.04,57.16,2.5,LOW,100
SOMICONVEY.NS,BUY,95.1,1.11,4.94,3.95,93.2,97.0,85.22,119.8,2.5,LOW,100
MAITREYA.NS,SELL,114.95,-5.25,-4.61,2.6,,,131.66,73.16,2.5,LOW,100
USK.NS,SELL,20.16,-7.04,-3.45,1.19,,,21.98,15.62,2.5,LOW,100
MAHESHWARI.NS,HOLD,71.46,-1.66,0.96,1.28,,,67.69,76.49,1.33,LOW,80
VR.NS,HOLD,105.8,-10.88,1.73,3.08,,,101.84,111.08,1.33,LOW,80
MODTHREAD.NS,SELL,49.0,-3.26,-9.88,2.85,,,54.42,35.45,2.5,LOW,100
RKEC.NS,SELL,18.64,-21.77,-14.22,2.56,,,21.46,11.59,2.5,LOW,100
DUCON.NS,SELL,1.25,-50.13,-34.9,6.7,,,1.6,0.38,2.5,LOW,100
SIGIND.NS,HOLD,70.0,14.99,-0.13,2.4,,,64.36,77.53,1.33,LOW,80
DOLLEX.NS,BUY,37.5,15.1,3.16,2.57,36.75,38.25,33.42,47.7,2.5,LOW,100
IBLFL.NS,HOLD,61.0,0.69,0.0,1.98,,,59.39,63.14,1.33,LOW,60
HINDCON.NS,BUY,23.72,5.27,1.07,3.1,23.25,24.19,20.63,31.46,2.5,LOW,80
XELPMOC.NS,SELL,74.63,-7.19,-5.94,2.37,,,82.32,55.41,2.5,LOW,100
TEXMOPIPES.NS,BUY,61.6,30.74,33.25,5.28,60.37,62.83,53.24,82.49,2.5,LOW,100
WOMANCART.NS,SELL,101.5,-3.02,-7.22,3.03,,,115.44,66.64,2.5,LOW,100
KHFM.NS,SELL,43.0,-9.77,-8.9,3.68,,,47.5,31.75,2.5,LOW,100
UMIYA-MRO.NS,HOLD,97.11,5.91,-1.79,3.12,,,88.08,109.15,1.33,LOW,80
MAGNUM.NS,HOLD,19.13,-0.67,-0.26,0.85,,,17.79,20.92,1.33,LOW,60
SHREEOSFM.NS,SELL,51.55,-11.61,-11.88,4.24,,,56.64,38.84,2.5,LOW,100
ISFT.NS,HOLD,90.27,10.85,-3.15,5.48,,,80.97,102.67,1.33,LOW,100
AIROLAM.NS,BUY,89.32,1.37,3.05,1.67,87.53,91.11,81.96,107.71,2.5,LOW,100
MUKTAARTS.NS,SELL,54.31,-3.38,-4.72,2.69,,,59.3,41.84,2.5,LOW,100
GLOBALPET.NS,BUY,163.05,3.42,4.25,2.64,159.79,166.31,155.19,182.69,2.5,LOW,100
USASEEDS.NS,SELL,88.9,-0.89,-7.4,2.91,,,96.39,70.19,2.5,LOW,80
INDIANCARD.NS,HOLD,210.0,-3.91,-0.7,1.87,,,197.77,226.3,1.33,LOW,80
MDL.NS,SELL,60.0,-5.09,-3.15,3.24,,,61.49,56.27,2.5,LOW,100
ALPHAGEO.NS,HOLD,295.0,11.18,-4.87,2.55,,,273.19,324.08,1.33,LOW,100
GVPTECH.NS,HOLD,7.49,3.32,-8.99,5.5,,,6.4,8.94,1.33,LOW,100
BHARATGEAR.NS,HOLD,101.48,-7.67,-0.59,1.3,,,97.35,106.98,1.33,LOW,80
KREBSBIO.NS,HOLD,55.65,0.82,-1.14,3.38,,,49.66,63.64,1.33,LOW,60
INDBANK.NS,SELL,25.8,-17.74,-10.14,2.48,,,28.36,19.41,2.5,LOW,100
RPPL.NS,SELL,20.24,-10.11,-12.53,2.61,,,22.44,14.73,2.5,LOW,100
UMAEXPORTS.NS,SELL,20.55,-6.01,-19.22,2.68,,,21.73,17.6,2.5,LOW,100
SHEETAL.NS,BUY,357.5,11.54,5.46,1.87,350.35,364.65,341.16,398.36,2.5,LOW,100
SADHAV.NS,SELL,108.5,-5.62,-3.08,2.22,,,119.06,82.09,2.5,LOW,100
HECPROJECT.NS,HOLD,121.42,-3.85,4.34,2.81,,,110.88,135.47,1.33,LOW,100
HPIL.NS,HOLD,123.99,-0.67,2.33,1.98,,,117.28,132.94,1.33,LOW,80
SLONE.NS,HOLD,170.1,15.85,-0.23,2.46,,,157.94,186.31,1.33,LOW,80
GANGESSECU.NS,SELL,114.6,-2.65,-2.91,1.33,,,122.66,94.46,2.5,LOW,100
SURANASOL.NS,SELL,25.02,-3.73,-4.72,1.57,,,26.83,20.5,2.5,LOW,100
QUESTLAB.NS,SELL,78.0,-12.3,-8.93,3.03,,,84.28,62.3,2.5,LOW,100
INVENTURE.NS,SELL,0.9,-0.92,-2.17,2.71,,,0.96,0.76,2.5,LOW,80
STEELCITY.NS,BUY,85.6,6.41,4.12,3.22,83.89,87.31,78.4,103.6,2.5,LOW,100
BTML.NS,SELL,7.14,-4.13,-11.41,4.77,,,8.33,4.15,2.5,LOW,100
ZEAL.NS,BUY,77.5,18.55,26.35,9.84,75.95,79.05,67.62,102.2,2.5,LOW,100
VEEKAYEM.NS,HOLD,104.4,-10.88,1.36,3.52,,,95.28,116.56,1.33,LOW,80
COMPUSOFT.NS,BUY,13.7,4.89,3.55,2.79,13.43,13.97,12.58,16.5,2.5,LOW,100
SHYAMCENT.NS,HOLD,4.93,-4.19,-0.4,0.95,,,4.6,5.37,1.33,LOW,80
LAGNAM.NS,SELL,72.0,-10.6,-5.18,0.95,,,78.54,55.64,2.5,LOW,100
SAMBHAAV.NS,HOLD,5.97,-3.95,-0.5,2.05,,,5.31,6.84,1.33,LOW,80
SILGO.NS,HOLD,70.31,-2.17,-0.89,1.91,,,65.87,76.23,1.33,LOW,80
MASTER.NS,SELL,400.0,-10.12,-8.05,1.94,,,417.24,356.89,2.5,LOW,100
MAL.NS,BUY,44.0,30.73,45.94,4.82,43.12,44.88,39.94,54.16,2.5,LOW,100
SMLT.NS,SELL,61.54,-8.1,-4.75,1.92,,,68.08,45.19,2.5,LOW,100
AUSOMENT.NS,HOLD,147.0,4.85,-1.19,1.61,,,136.13,161.49,1.33,LOW,80
GTL.NS,SELL,7.07,-3.16,-2.21,1.53,,,7.62,5.69,2.5,LOW,100
VISAMAN.NS,SELL,43.0,-54.09,-39.86,2.19,,,49.39,27.04,2.5,LOW,100
GREENCHEF.NS,BUY,68.5,26.9,18.1,4.81,67.13,69.87,58.69,93.04,2.5,LOW,100
BAIDFIN.NS,BUY,10.85,7.86,7.97,5.9,10.63,11.07,9.26,14.82,2.5,LOW,100
SMARTLINK.NS,BUY,218.0,1.4,2.48,2.57,213.64,222.36,194.23,277.44,2.5,LOW,100
MAHAPEXLTD.NS,HOLD,55.0,9.15,-2.08,3.26,,,48.95,63.07,1.33,LOW,100
SADBHIN.NS,SELL,2.54,-1.59,-1.55,2.2,,,2.77,1.95,2.5,LOW,80
SEMAC.NS,SELL,278.4,-8.07,-4.66,2.4,,,300.33,223.58,2.5,LOW,100
VITAL.NS,BUY,55.4,6.64,1.19,2.84,54.29,56.51,48.82,71.86,2.5,LOW,80
TRU.NS,HOLD,4.2,-6.64,3.19,2.1,,,3.81,4.72,1.33,LOW,100
JOCIL.NS,SELL,144.3,-0.72,-2.06,2.81,,,163.74,95.69,2.5,LOW,80
URBAN.NS,HOLD,121.8,-9.04,1.2,3.91,,,112.15,134.66,1.33,LOW,80
SYLVANPLY.NS,SELL,52.0,-3.4,-1.98,3.08,,,54.68,45.3,2.5,LOW,80
TRUST.NS,SELL,28.1,-1.08,-13.94,6.7,,,33.61,14.31,2.5,LOW,100
MCL.NS,SELL,55.54,-1.45,-1.12,2.34,,,60.95,42.01,2.5,LOW,80
WIPL.NS,BUY,169.99,1.4,4.9,2.06,166.59,173.39,160.23,194.39,2.5,LOW,100
BALPHARMA.NS,BUY,102.02,15.49,20.54,5.25,99.98,104.06,86.47,140.91,2.5,LOW,100
VIPULLTD.NS,SELL,12.47,-11.85,-15.97,1.87,,,13.0,11.14,2.5,LOW,100
SALONA.NS,SELL,255.0,-0.66,-5.33,2.43,,,284.66,180.85,2.5,LOW,80
LAMBODHARA.NS,SELL,119.34,-1.15,-15.59,6.04,,,134.18,82.24,2.5,LOW,100
LOVABLE.NS,SELL,70.49,-3.17,-3.15,1.92,,,76.37,55.78,2.5,LOW,100
ISHANCH.NS,BUY,50.99,4.36,12.31,3.43,49.97,52.01,45.11,65.7,2.5,LOW,100
SHIGAN.NS,SELL,64.5,-0.85,-16.77,3.95,,,70.98,48.3,2.5,LOW,80
SURANI.NS,SELL,87.5,-11.15,-9.79,4.63,,,99.92,56.45,2.5,LOW,100
HDIL.NS,SELL,1.47,-7.0,-2.0,1.66,,,1.59,1.17,2.5,LOW,80
LOYALTEX.NS,HOLD,210.8,-0.16,2.69,2.53,,,189.4,239.34,1.33,LOW,80
RAJSREESUG.NS,SELL,31.52,-5.06,-11.14,2.72,,,34.84,23.21,2.5,LOW,100
OSWALSEEDS.NS,BUY,13.94,18.45,16.95,4.71,13.66,14.22,11.46,20.15,2.5,LOW,100
BAGFILMS.NS,HOLD,4.41,-1.09,2.08,2.26,,,4.04,4.9,1.33,LOW,100
SHAHALLOYS.NS,HOLD,94.0,18.55,-16.81,6.17,,,81.85,110.2,1.33,LOW,100
SECMARK.NS,HOLD,144.01,9.33,0.86,5.73,,,120.96,174.74,1.33,LOW,80
ZENITHEXPO.NS,SELL,203.95,-0.85,-4.7,2.85,,,215.52,175.04,2.5,LOW,80
CUBEXTUB.NS,BUY,84.75,7.77,10.32,3.34,83.05,86.45,77.97,101.7,2.5,LOW,100
LATTEYS.NS,HOLD,20.6,-1.52,-0.96,2.32,,,18.75,23.07,1.33,LOW,80
DELAPLEX.NS,BUY,98.95,3.41,2.43,6.51,96.97,100.93,82.15,140.95,2.5,LOW,100
SAMPANN.NS,SELL,24.28,-7.91,-1.26,1.98,,,26.65,18.36,2.5,LOW,80
ARTNIRMAN.NS,HOLD,39.97,-0.97,-0.07,1.28,,,37.36,43.44,1.33,LOW,60
SSFL.NS,BUY,310.55,19.66,19.01,3.54,304.34,316.76,280.22,386.37,2.5,LOW,100
GENSOL.NS,HOLD,17.0,-4.71,0.83,2.0,,,15.76,18.65,1.33,LOW,80
TARMAT.NS,HOLD,57.87,6.52,-7.82,5.03,,,52.42,65.14,1.33,LOW,100
SIDDHIKA.NS,BUY,226.0,4.43,1.8,3.15,221.48,230.52,213.79,256.52,2.5,LOW,80
FIBERWEB.NS,HOLD,25.93,-9.02,-0.84,1.94,,,24.18,28.26,1.33,LOW,80
SCML.NS,SELL,76.0,-6.38,-11.63,1.78,,,81.29,62.77,2.5,LOW,100
OMFURN.NS,SELL,53.0,-7.96,-10.85,2.65,,,54.89,48.29,2.5,LOW,100
NEWJAISA.NS,BUY,18.45,9.95,2.79,1.99,18.08,18.82,17.68,20.38,2.5,LOW,100
DCG.NS,BUY,83.95,42.88,25.21,7.55,82.27,85.63,67.87,124.15,2.5,LOW,100
RAJMET.NS,HOLD,3.14,-4.5,0.96,3.03,,,2.99,3.34,1.33,LOW,80
MAXPOSURE.NS,BUY,37.65,15.74,29.16,5.27,36.9,38.4,34.86,44.61,2.5,LOW,100
PAR.NS,HOLD,137.1,23.71,-16.88,8.17,,,116.76,164.22,1.33,LOW,100
BEARDSELL.NS,SELL,24.48,-6.65,-3.28,1.68,,,26.97,18.25,2.5,LOW,100
RELIABLE.NS,HOLD,137.32,-3.06,0.99,1.49,,,129.42,147.85,1.33,LOW,80
AKSHOPTFBR.NS,BUY,8.23,21.94,10.92,4.35,8.07,8.39,7.16,10.91,2.5,LOW,100
MOKSH.NS,SELL,9.98,-6.02,-4.59,2.41,,,11.15,7.04,2.5,LOW,100
BEACON.NS,SELL,78.0,-11.31,-8.4,2.56,,,84.8,61.0,2.5,LOW,100
CRAYONS.NS,SELL,22.8,-13.7,-12.31,3.26,,,24.36,18.91,2.5,LOW,100
DTL.NS,BUY,143.0,15.81,11.72,4.23,140.14,145.86,140.43,149.43,2.5,LOW,100
GROBTEA.NS,SELL,921.0,-1.16,-5.56,2.07,,,979.49,774.79,2.5,LOW,100
REGENCERAM.NS,SELL,34.01,-3.18,-1.39,3.07,,,38.88,21.83,2.5,LOW,80
SURYALAXMI.NS,HOLD,58.0,-0.5,-7.82,2.59,,,53.21,64.39,1.33,LOW,80
MAHICKRA.NS,BUY,305.95,12.12,3.01,3.93,299.83,312.07,283.31,362.56,2.5,LOW,100
RELCHEMQ.NS,HOLD,118.0,-2.72,5.64,2.83,,,107.7,131.74,1.33,LOW,100
KOHINOOR.NS,HOLD,31.01,11.55,-7.49,2.85,,,28.53,34.32,1.33,LOW,100
HILTON.NS,SELL,17.28,-14.94,-7.64,1.69,,,18.93,13.15,2.5,LOW,100
PALASHSECU.NS,SELL,86.11,-3.55,-5.13,2.49,,,93.32,68.08,2.5,LOW,100
TOTAL.NS,BUY,69.54,12.27,4.26,2.52,68.15,70.93,61.52,89.59,2.5,LOW,100
OLIL.NS,BUY,430.8,2.96,2.57,2.78,422.18,439.42,391.74,528.46,2.5,LOW,100
VAISHALI.NS,BUY,9.03,12.33,12.45,2.63,8.85,9.21,8.01,11.59,2.5,LOW,100
SIL.NS,SELL,16.34,-8.11,-17.35,2.97,,,18.16,11.8,2.5,LOW,100
OBCL.NS,BUY,56.51,4.35,2.67,1.26,55.38,57.64,52.49,66.57,2.5,LOW,100
ROCKINGDCE.NS,HOLD,230.0,17.18,-3.79,5.58,,,205.14,263.15,1.33,LOW,100
TOKYOPLAST.NS,SELL,76.97,-3.08,-1.19,2.25,,,84.47,58.23,2.5,LOW,80
REFRACTORY.NS,BUY,28.8,8.75,3.41,3.96,28.22,29.38,26.24,35.21,2.5,LOW,100
DIGIDRIVE.NS,HOLD,17.57,-1.54,-0.68,1.45,,,16.44,19.08,1.33,LOW,80
BHANDARI.NS,BUY,2.99,1.56,1.01,0.73,2.93,3.05,2.81,3.43,2.5,LOW,80
ODIGMA.NS,SELL,21.05,-7.25,-8.83,1.99,,,23.26,15.53,2.5,LOW,100
KAKATCEM.NS,SELL,107.4,-5.81,-4.36,1.79,,,115.36,87.5,2.5,LOW,100
KLL.NS,HOLD,24.2,-4.71,5.45,3.57,,,22.26,26.79,1.33,LOW,100
MITCON.NS,BUY,81.59,5.81,3.02,1.75,79.96,83.22,74.05,100.45,2.5,LOW,100
TOUCHWOOD.NS,HOLD,63.69,-1.23,9.56,2.21,,,60.26,68.26,1.33,LOW,100
AAATECH.NS,SELL,86.75,-5.99,-6.89,2.43,,,92.59,72.14,2.5,LOW,100
SPLIL.NS,SELL,30.74,-2.0,-2.88,3.63,,,34.19,22.11,2.5,LOW,100
HOLMARC.NS,BUY,110.0,3.34,7.79,3.05,107.8,112.2,100.6,133.5,2.5,LOW,100
HOACFOODS.NS,HOLD,877.1,10.02,-4.04,2.57,,,829.49,940.59,1.33,LOW,100
ZENITHSTL.NS,BUY,5.65,1.55,6.81,2.83,5.54,5.76,4.91,7.51,2.5,LOW,100
NAMAN.NS,SELL,37.65,-11.78,-5.87,2.97,,,39.43,33.2,2.5,LOW,100
MARC.NS,BUY,150.65,20.54,2.48,3.14,147.64,153.66,141.4,173.77,2.5,LOW,100
PIONEEREMB.NS,SELL,21.2,-5.96,-2.44,1.2,,,23.12,16.4,2.5,LOW,100
ZENITHDRUG.NS,HOLD,43.15,-6.16,4.23,4.56,,,39.27,48.32,1.33,LOW,100
GLOBE.NS,SELL,1.79,-11.5,-5.79,1.7,,,1.93,1.44,2.5,LOW,100
DHRUV.NS,SELL,21.49,-11.74,-8.55,2.85,,,23.9,15.46,2.5,LOW,100
SONUINFRA.NS,BUY,50.0,21.28,36.43,3.67,49.0,51.0,45.59,61.02,2.5,LOW,100
SELMC.NS,HOLD,27.79,-0.72,2.51,2.03,,,25.45,30.91,1.33,LOW,80
MAGSON.NS,SELL,179.05,-1.93,-1.1,2.56,,,187.09,158.94,2.5,LOW,80
CAPTRUST.NS,BUY,19.4,9.23,3.08,3.43,19.01,19.79,17.54,24.05,2.5,LOW,100
ATAM.NS,HOLD,59.1,-3.53,6.41,4.3,,,53.33,66.79,1.33,LOW,100
PARAGON.NS,BUY,51.9,4.18,8.01,5.86,50.86,52.94,45.48,67.95,2.5,LOW,100
LPDC.NS,SELL,6.37,-3.12,-4.5,2.62,,,7.33,3.96,2.5,LOW,100
ROXHITECH.NS,SELL,43.55,-5.93,-8.12,2.34,,,46.96,35.01,2.5,LOW,100
DIGJAMLMTD.NS,BUY,61.6,23.39,25.69,5.53,60.37,62.83,54.02,80.55,2.5,LOW,100
NIRMAN.NS,SELL,26.85,-22.16,-7.41,2.44,,,29.19,21.01,2.5,LOW,100
PATINTLOG.NS,BUY,13.98,1.2,10.22,1.71,13.7,14.26,12.84,16.82,2.5,LOW,100
GOYALALUM.NS,SELL,5.95,-7.17,-5.41,0.87,,,6.36,4.93,2.5,LOW,100
MANGALAM.NS,BUY,34.4,18.18,13.42,5.28,33.71,35.09,29.43,46.83,2.5,LOW,100
IL&FSTRANS.NS,SELL,1.9,-9.82,-14.8,2.39,,,2.15,1.28,2.5,LOW,100
ACCURACY.NS,HOLD,4.69,-0.72,11.4,2.41,,,4.38,5.1,1.33,LOW,80
PRUDMOULI.NS,SELL,14.13,-2.36,-13.95,3.47,,,16.02,9.41,2.5,LOW,100
DIGIKORE.NS,HOLD,39.35,-7.31,0.25,2.74,,,34.13,46.31,1.33,LOW,80
AMDIND.NS,BUY,63.26,20.0,4.87,5.12,61.99,64.53,53.53,87.57,2.5,LOW,100
SILKFLEX.NS,BUY,270.0,20.63,8.39,3.49,264.6,275.4,239.79,345.52,2.5,LOW,100
BVCL.NS,SELL,40.6,-3.13,-5.43,1.99,,,44.85,29.97,2.5,LOW,100
CINEVISTA.NS,HOLD,14.49,-1.82,0.76,1.47,,,13.33,16.04,1.33,LOW,80
MOTOGENFIN.NS,SELL,25.8,-4.33,-6.22,4.13,,,29.73,15.98,2.5,LOW,100
HISARMETAL.NS,HOLD,155.0,1.78,-2.85,1.71,,,144.55,168.93,1.33,LOW,100
JHS.NS,BUY,8.52,6.28,8.4,3.3,8.35,8.69,7.46,11.17,2.5,LOW,100
PRITI.NS,HOLD,33.0,-8.01,-0.87,2.08,,,30.67,36.11,1.33,LOW,80
ENERGYDEV.NS,SELL,14.82,-9.25,-6.08,1.83,,,16.16,11.46,2.5,LOW,100
AAKASH.NS,BUY,8.97,0.83,2.28,2.11,8.79,9.15,8.13,11.07,2.5,LOW,80
KANDARP.NS,SELL,70.95,-26.32,-25.36,4.78,,,82.24,42.74,2.5,LOW,100
EFORCE.NS,SELL,18.75,-10.62,-12.38,4.16,,,21.3,12.37,2.5,LOW,100
FONEBOX.NS,BUY,132.55,43.46,33.89,3.64,129.9,135.2,122.95,156.55,2.5,LOW,100
ORCHASP.NS,HOLD,1.4,-7.75,0.72,5.64,,,1.22,1.64,1.33,LOW,80
SONAMAC.NS,SELL,32.15,-4.57,-1.08,3.62,,,35.1,24.78,2.5,LOW,80
TGL.NS,SELL,15.85,-16.3,-11.45,3.87,,,16.94,13.12,2.5,LOW,100
CLSL.NS,HOLD,78.8,9.58,-9.94,3.39,,,75.14,83.68,1.33,LOW,100
AISL.NS,SELL,54.1,-6.33,-4.42,3.33,,,59.33,41.03,2.5,LOW,100
PRAKASHSTL.NS,SELL,3.71,-5.86,-4.13,2.34,,,4.14,2.65,2.5,LOW,100
CURAA.NS,BUY,75.0,2.46,17.04,4.79,73.5,76.5,64.13,102.18,2.5,LOW,100
SUNDARAM.NS,SELL,1.18,-4.3,-3.28,1.83,,,1.26,0.98,2.5,LOW,100
DBSTOCKBRO.NS,SELL,30.14,-8.7,-1.05,2.92,,,32.85,23.38,2.5,LOW,80
MHHL.NS,HOLD,32.2,-6.0,2.22,2.93,,,31.09,33.69,1.33,LOW,100
KONSTELEC.NS,SELL,60.4,-1.14,-7.36,4.26,,,67.3,43.15,2.5,LOW,100
SANGANI.NS,HOLD,52.5,7.28,0.0,3.17,,,49.53,56.46,1.33,LOW,80
VIAZ.NS,BUY,76.5,15.41,9.29,3.67,74.97,78.03,71.77,88.32,2.5,LOW,100
ALKALI.NS,BUY,87.66,20.67,30.04,9.33,85.91,89.41,73.67,122.64,2.5,LOW,100
PARTYCRUS.NS,BUY,94.5,9.99,11.18,4.99,92.61,96.39,83.99,120.79,2.5,LOW,100
BAWEJA.NS,SELL,23.0,-11.21,-8.0,3.33,,,25.03,17.93,2.5,LOW,100
AKI.NS,BUY,6.11,28.24,11.5,7.73,5.99,6.23,5.06,8.73,2.5,LOW,100
FCONSUMER.NS,HOLD,0.22,-12.97,0.0,1.31,,,0.22,0.22,0,LOW,80
AJOONI.NS,SELL,3.32,-12.82,-10.75,2.64,,,3.61,2.61,2.5,LOW,100
ANMOL.NS,BUY,14.64,33.37,46.84,6.72,14.35,14.93,12.17,20.81,2.5,LOW,100
BANKA.NS,SELL,75.6,-10.19,-4.0,2.73,,,83.72,55.29,2.5,LOW,100
NAGREEKEXP.NS,HOLD,21.74,-4.36,1.83,3.81,,,19.78,24.36,1.33,LOW,80
DELTAMAGNT.NS,SELL,56.01,-3.03,-2.13,1.36,,,61.8,41.53,2.5,LOW,100
MEGAFLEX.NS,HOLD,96.25,-2.68,1.32,2.62,,,94.19,99.0,1.33,LOW,80
HGM.NS,HOLD,48.4,0.38,-0.55,3.46,,,43.08,55.49,1.33,LOW,60
CEREBRAINT.NS,HOLD,2.81,-1.45,11.95,2.96,,,2.64,3.04,1.33,LOW,100
CTE.NS,HOLD,40.7,6.43,-9.11,3.79,,,36.46,46.35,1.33,LOW,100
SUVIDHAA.NS,HOLD,2.21,-9.21,1.38,4.95,,,1.86,2.68,1.33,LOW,80
ORIENTLTD.NS,HOLD,80.0,1.61,-2.7,2.2,,,74.79,86.94,1.33,LOW,100
ARISTO.NS,BUY,112.0,4.77,8.74,2.18,109.76,114.24,109.8,117.5,2.5,LOW,100
SRIVASAVI.NS,SELL,69.3,-14.95,-7.17,2.17,,,74.34,56.69,2.5,LOW,100
NARMADA.NS,HOLD,13.88,-10.5,0.22,3.03,,,12.8,15.32,1.33,LOW,80
ONDOOR.NS,HOLD,280.45,9.62,-6.2,4.66,,,253.95,315.78,1.33,LOW,100
PULZ.NS,HOLD,23.25,-1.81,4.03,3.36,,,22.14,24.74,1.33,LOW,100
TFL.NS,BUY,12.09,5.15,3.78,2.97,11.85,12.33,10.52,16.0,2.5,LOW,100
AGRITECH.NS,SELL,99.0,-6.86,-2.14,1.33,,,107.46,77.84,2.5,LOW,100
ARABIAN.NS,HOLD,82.0,4.48,-6.82,2.59,,,79.33,85.56,1.33,LOW,100
BLBLIMITED.NS,HOLD,16.0,-0.12,-0.93,1.79,,,14.56,17.92,1.33,LOW,60
BLUECOAST.NS,SELL,21.99,-11.22,-2.57,3.6,,,24.9,14.72,2.5,LOW,100
BANARBEADS.NS,SELL,113.0,-1.19,-2.92,2.49,,,124.82,83.46,2.5,LOW,100
AGROPHOS.NS,SELL,23.39,-14.4,-8.63,3.64,,,26.95,14.49,2.5,LOW,100
DAMODARIND.NS,HOLD,28.14,-1.74,1.04,1.78,,,26.44,30.41,1.33,LOW,80
K2INFRA.NS,SELL,44.1,-16.8,-11.45,2.49,,,48.53,33.03,2.5,LOW,100
NOIDATOLL.NS,SELL,4.0,-6.92,-5.44,1.92,,,4.39,3.03,2.5,LOW,100
3PLAND.NS,SELL,30.9,-3.28,-2.83,1.25,,,33.88,23.45,2.5,LOW,100
AMEYA.NS,BUY,129.35,16.56,15.49,2.72,126.76,131.94,122.16,147.31,2.5,LOW,100
SECURKLOUD.NS,SELL,17.09,-4.47,-1.38,1.47,,,18.85,12.7,2.5,LOW,80
ROML.NS,SELL,41.9,-4.34,-1.06,2.09,,,44.6,35.14,2.5,LOW,80
PARASPETRO.NS,HOLD,2.14,-3.95,1.9,1.84,,,1.96,2.39,1.33,LOW,80
MARCO.NS,SELL,30.2,-5.71,-11.18,3.85,,,33.84,21.09,2.5,LOW,100
AHLADA.NS,BUY,38.3,1.44,2.65,3.7,37.53,39.07,33.78,49.59,2.5,LOW,100
TPHQ.NS,HOLD,0.55,13.08,-3.51,4.37,,,0.51,0.6,1.33,LOW,100
ATLASCYCLE.NS,SELL,88.15,-9.31,-7.64,4.84,,,100.53,57.2,2.5,LOW,100
SHEKHAWATI.NS,BUY,20.82,33.25,30.29,3.86,20.4,21.24,18.64,26.26,2.5,LOW,100
ORIENTALTL.NS,HOLD,4.98,-3.99,0.0,1.86,,,4.59,5.5,1.33,LOW,80
FMNL.NS,SELL,8.8,-7.23,-12.35,3.96,,,10.06,5.65,2.5,LOW,100
SAIFL.NS,SELL,4.25,-14.3,-9.57,2.14,,,4.68,3.18,2.5,LOW,100
SYNOPTICS.NS,SELL,44.6,-32.2,-14.31,2.91,,,47.89,36.37,2.5,LOW,100
NORBTEAEXP.NS,HOLD,66.89,-0.67,2.45,2.73,,,61.87,73.59,1.33,LOW,80
BANG.NS,HOLD,33.71,8.8,0.66,5.25,,,30.64,37.8,1.33,LOW,80
BIRDYS.NS,HOLD,85.45,-3.37,-0.87,1.97,,,84.12,87.22,1.33,LOW,80
FLEXITUFF.NS,HOLD,2.58,-27.73,4.88,3.95,,,2.39,2.84,1.33,LOW,100
LRRPL.NS,BUY,89.0,1.03,2.3,2.02,87.22,90.78,85.76,97.09,2.5,LOW,100
ANSALAPI.NS,BUY,3.59,11.59,12.19,1.69,3.52,3.66,3.42,4.01,2.5,LOW,100
GATECH.NS,HOLD,0.73,1.02,-19.78,4.01,,,0.67,0.8,1.33,LOW,100
BALKRISHNA.NS,HOLD,16.84,-3.31,-0.77,1.95,,,15.56,18.54,1.33,LOW,80
SWASTIK.NS,SELL,15.9,-14.03,-24.29,3.36,,,16.97,13.22,2.5,LOW,100
NIBL.NS,HOLD,31.62,-3.78,2.6,2.75,,,28.63,35.6,1.33,LOW,100
JAIPURKURT.NS,SELL,24.9,-7.28,-5.14,1.83,,,27.26,19.01,2.5,LOW,100
VERTEXPLUS.NS,BUY,69.35,37.38,34.79,2.68,67.96,70.74,65.63,78.65,2.5,LOW,100
CELEBRITY.NS,HOLD,6.83,-1.83,1.34,1.61,,,6.38,7.43,1.33,LOW,80
GRAPHISAD.NS,SELL,25.5,-6.59,-2.67,2.54,,,27.83,19.68,2.5,LOW,100
RILINFRA.NS,SELL,32.75,-11.65,-9.53,2.73,,,35.83,25.05,2.5,LOW,100
DURLAX.NS,SELL,57.15,-0.66,-9.36,3.03,,,64.17,39.6,2.5,LOW,80
JETFREIGHT.NS,SELL,19.61,-11.44,-7.37,1.54,,,21.11,15.87,2.5,LOW,100
SERVICE.NS,HOLD,65.75,4.51,-7.98,2.25,,,61.26,71.74,1.33,LOW,100
GSS.NS,SELL,10.3,-16.33,-12.93,2.35,,,11.7,6.8,2.5,LOW,100
BIOFILCHEM.NS,HOLD,32.75,0.21,1.87,4.59,,,29.94,36.5,1.33,LOW,60
DHANLAXMI.NS,SELL,23.0,-7.59,-5.15,4.53,,,23.9,20.75,2.5,LOW,100
ARCHIES.NS,SELL,12.4,-8.81,-7.46,1.75,,,13.56,9.51,2.5,LOW,100
GAYAHWS.NS,SELL,1.89,-1.93,-5.03,1.87,,,2.13,1.28,2.5,LOW,100
DANGEE.NS,HOLD,2.69,-8.63,-0.74,2.11,,,2.43,3.04,1.33,LOW,80
KARMAENG.NS,BUY,41.0,6.05,9.98,2.74,40.18,41.82,35.39,55.03,2.5,LOW,100
TNTELE.NS,SELL,8.89,-1.42,-1.22,1.09,,,9.61,7.1,2.5,LOW,80
MALUPAPER.NS,HOLD,32.03,-0.66,3.16,2.56,,,29.44,35.49,1.33,LOW,80
BLUEPEBBLE.NS,BUY,76.5,7.19,21.53,6.03,74.97,78.03,66.29,102.04,2.5,LOW,100
RKDL.NS,HOLD,18.5,-1.49,-0.7,1.42,,,17.48,19.86,1.33,LOW,80
ICDSLTD.NS,BUY,56.5,24.86,14.79,8.15,55.37,57.63,46.12,82.45,2.5,LOW,100
PALREDTEC.NS,SELL,46.01,-9.79,-8.89,3.75,,,52.26,30.38,2.5,LOW,100
AGSTRA.NS,SELL,1.96,-6.21,-2.49,1.58,,,2.14,1.5,2.5,LOW,100
MANUGRAPH.NS,BUY,17.84,17.9,22.7,4.59,17.48,18.2,15.77,23.02,2.5,LOW,100
LFIC.NS,SELL,131.01,-6.39,-3.16,3.09,,,148.67,86.86,2.5,LOW,100
GOLDENTOBC.NS,HOLD,24.61,-1.1,0.61,2.64,,,22.73,27.12,1.33,LOW,80
PRESSTONIC.NS,SELL,29.7,-0.76,-10.0,5.58,,,33.93,19.13,2.5,LOW,80
CADSYS.NS,HOLD,46.05,-16.0,-0.86,2.03,,,45.11,47.31,1.33,LOW,80
VINNY.NS,SELL,0.96,-8.33,-7.69,1.13,,,1.02,0.81,2.5,LOW,100
SHIVAMILLS.NS,SELL,59.86,-2.22,-4.06,1.94,,,65.62,45.47,2.5,LOW,100
UWCSL.NS,BUY,122.45,19.03,21.48,2.57,120.0,124.9,119.21,130.54,2.5,LOW,100
LEXUS.NS,HOLD,13.5,-4.76,0.9,3.49,,,11.95,15.57,1.33,LOW,80
BABAFP.NS,BUY,24.15,2.88,9.28,6.14,23.67,24.63,21.16,31.63,2.5,LOW,100
HBSL.NS,HOLD,52.5,-0.42,-2.89,1.76,,,48.98,57.2,1.33,LOW,80
BMETRICS.NS,HOLD,34.1,-4.87,9.82,4.19,,,30.94,38.31,1.33,LOW,100
ADROITINFO.NS,BUY,11.25,13.51,7.55,2.19,11.03,11.47,9.86,14.73,2.5,LOW,100
AUROIMPEX.NS,BUY,30.65,17.65,23.59,3.54,30.04,31.26,28.45,36.15,2.5,LOW,100
TARAPUR.NS,SELL,12.41,-17.78,-6.9,2.69,,,14.26,7.79,2.5,LOW,100
RCDL.NS,SELL,13.85,-38.61,-8.84,5.81,,,16.22,7.92,2.5,LOW,100
SEL.NS,BUY,365.0,32.5,18.35,2.14,357.7,372.3,338.84,430.41,2.5,LOW,100
JAKHARIA.NS,HOLD,60.0,-0.81,-0.83,0.18,,,59.95,60.07,1.33,LOW,60
LCCINFOTEC.NS,SELL,3.44,-12.93,-4.44,5.15,,,4.12,1.74,2.5,LOW,100
MCON.NS,SELL,39.45,-9.65,-14.61,3.39,,,42.61,31.54,2.5,LOW,100
ASTRON.NS,SELL,2.93,-15.45,-4.56,2.26,,,3.28,2.05,2.5,LOW,100
KHAITANLTD.NS,BUY,153.39,6.99,2.64,3.27,150.32,156.46,132.66,205.21,2.5,LOW,100
AROGRANITE.NS,SELL,23.25,-6.68,-4.91,1.67,,,25.68,17.18,2.5,LOW,100
SIMBHALS.NS,SELL,6.67,-8.74,-19.35,3.19,,,7.05,5.71,2.5,LOW,100
HYBRIDFIN.NS,SELL,16.27,-7.8,-4.07,1.77,,,17.52,13.15,2.5,LOW,100
VISHWAS.NS,HOLD,41.85,-2.79,-0.59,2.37,,,40.98,43.01,1.33,LOW,80
QUICKTOUCH.NS,HOLD,17.05,-14.82,7.91,3.75,,,16.19,18.19,1.33,LOW,100
21STCENMGM.NS,HOLD,39.28,-0.51,3.1,1.39,,,37.72,41.36,1.33,LOW,80
DKEGL.NS,SELL,63.3,-5.87,-2.99,4.35,,,68.46,50.41,2.5,LOW,100
DNAMEDIA.NS,SELL,2.48,-7.89,-3.88,2.2,,,2.9,1.43,2.5,LOW,100
LASA.NS,SELL,6.2,-12.48,-8.28,1.67,,,6.69,4.99,2.5,LOW,100
PENTAGON.NS,BUY,86.95,47.28,70.49,7.49,85.21,88.69,76.37,113.4,2.5,LOW,100
RULKA.NS,SELL,105.0,-3.01,-4.55,2.5,,,114.61,80.96,2.5,LOW,100
UCL.NS,HOLD,235.2,5.0,-7.69,0.88,,,233.1,238.0,1.33,LOW,100
SUPERSPIN.NS,BUY,7.32,20.67,12.44,2.86,7.17,7.47,6.64,9.03,2.5,LOW,100
COUNCODOS.NS,SELL,6.35,-1.08,-5.51,1.65,,,6.94,4.87,2.5,LOW,100
WEWIN.NS,SELL,42.7,-5.61,-2.73,2.39,,,46.49,33.22,2.5,LOW,100
MADHUCON.NS,SELL,3.81,-25.94,-21.28,2.5,,,4.47,2.17,2.5,LOW,100
AGNI.NS,HOLD,15.65,-5.52,0.97,3.19,,,14.97,16.56,1.33,LOW,80
MASKINVEST.NS,SELL,143.85,-3.84,-1.47,3.02,,,160.37,102.54,2.5,LOW,80
ITALIANE.NS,SELL,31.0,-4.88,-6.49,3.4,,,33.24,25.41,2.5,LOW,100
ARSHIYA.NS,SELL,0.71,-21.6,-4.05,2.85,,,0.8,0.48,2.5,LOW,100
MOXSH.NS,SELL,95.0,-9.35,-12.84,2.96,,,100.39,81.54,2.5,LOW,100
SEYAIND.NS,BUY,13.12,4.67,7.81,1.65,12.86,13.38,12.33,15.11,2.5,LOW,100
PEARLPOLY.NS,BUY,16.79,1.54,11.56,2.08,16.45,17.13,15.36,20.37,2.5,LOW,100
SVPGLOB.NS,SELL,3.46,-7.96,-6.23,1.61,,,3.88,2.42,2.5,LOW,100
MILTON.NS,BUY,37.9,2.5,3.84,2.75,37.14,38.66,35.6,43.65,2.5,LOW,100
SAGARDEEP.NS,HOLD,23.76,-1.43,0.0,0.97,,,22.71,25.16,1.33,LOW,80
PROLIFE.NS,HOLD,79.0,0.61,-1.86,2.17,,,77.77,80.64,1.33,LOW,60
GANGAFORGE.NS,SELL,1.57,-18.37,-11.3,3.7,,,1.74,1.14,2.5,LOW,100
NGIL.NS,SELL,36.99,-5.7,-6.35,4.72,,,42.56,23.08,2.5,LOW,100
UMA.NS,SELL,16.05,-0.91,-11.57,5.02,,,17.54,12.34,2.5,LOW,80
ADL.NS,SELL,70.4,-1.99,-6.66,2.87,,,80.36,45.5,2.5,LOW,100
ABMINTLLTD.NS,HOLD,49.98,1.27,-9.13,2.98,,,48.31,52.21,1.33,LOW,100
AKASH.NS,HOLD,24.65,-4.82,1.19,1.59,,,23.22,26.56,1.33,LOW,80
AATMAJ.NS,BUY,19.25,3.08,5.48,3.03,18.86,19.64,18.39,21.41,2.5,LOW,100
HRHNEXT.NS,HOLD,24.4,-7.44,3.83,3.77,,,22.75,26.6,1.33,LOW,100
PRECISION.NS,SELL,6.45,-11.92,-4.44,3.67,,,6.94,5.22,2.5,LOW,100
DEEM.NS,HOLD,40.05,-13.11,4.3,2.88,,,37.98,42.81,1.33,LOW,100
AMBICAAGAR.NS,HOLD,24.76,-0.54,0.04,2.7,,,22.31,28.03,1.33,LOW,60
MOHITIND.NS,SELL,23.37,-1.64,-3.75,2.68,,,26.5,15.56,2.5,LOW,100
JFLLIFE.NS,SELL,10.15,-10.85,-3.79,2.79,,,10.52,9.22,2.5,LOW,100
KONTOR.NS,SELL,54.75,-5.43,-1.35,3.27,,,58.5,45.38,2.5,LOW,80
VIJIFIN.NS,HOLD,15.0,25.41,-4.09,1.74,,,14.48,15.7,1.33,LOW,100
SIGNORIA.NS,SELL,151.05,-1.82,-6.76,1.48,,,154.51,142.39,2.5,LOW,100
AKSHAR.NS,HOLD,0.42,1.11,0.0,1.46,,,0.39,0.46,1.33,LOW,80
KEEPLEARN.NS,HOLD,1.89,-0.18,1.61,3.26,,,1.7,2.14,1.33,LOW,60
RADIOWALLA.NS,SELL,24.0,-11.0,-20.66,3.45,,,25.87,19.32,2.5,LOW,100
JETKNIT.NS,HOLD,48.45,-16.71,0.0,1.81,,,48.18,48.81,1.33,LOW,80
PNC.NS,HOLD,16.66,-9.65,0.24,2.05,,,14.86,19.06,1.33,LOW,80
NEXTMEDIA.NS,SELL,3.79,-3.68,-11.24,6.86,,,4.47,2.09,2.5,LOW,100
WALPAR.NS,SELL,22.4,-29.17,-12.84,3.21,,,24.24,17.79,2.5,LOW,100
ASHOKAMET.NS,BUY,15.03,5.57,11.42,5.76,14.73,15.33,12.72,20.81,2.5,LOW,100
BOHRAIND.NS,HOLD,13.05,-5.46,2.84,3.08,,,11.37,15.29,1.33,LOW,100
TIMESCAN.NS,HOLD,39.5,-2.48,0.0,1.12,,,39.34,39.71,1.33,LOW,80
NKIND.NS,HOLD,57.62,-4.43,0.66,5.85,,,49.38,68.6,1.33,LOW,80
AKG.NS,BUY,10.28,6.67,11.86,2.67,10.07,10.49,9.09,13.25,2.5,LOW,100
AGARWALFT.NS,SELL,26.7,-24.84,-12.03,3.06,,,28.79,21.49,2.5,LOW,100
LAXMICOT.NS,HOLD,13.07,-6.49,2.75,3.0,,,11.54,15.1,1.33,LOW,100
SITINET.NS,SELL,0.28,-6.04,-3.45,2.16,,,0.3,0.22,2.5,LOW,100
MEDIORG.NS,SELL,23.9,-3.4,-6.82,3.24,,,25.39,20.19,2.5,LOW,100
MADHAV.NS,BUY,37.0,5.2,4.46,3.0,36.26,37.74,33.57,45.57,2.5,LOW,100
TRIDHYA.NS,SELL,7.4,-18.45,-6.33,2.76,,,7.83,6.33,2.5,LOW,100
MONOPHARMA.NS,HOLD,8.55,-7.84,0.0,2.66,,,8.18,9.04,1.33,LOW,80
SGL.NS,SELL,9.77,-1.92,-5.24,2.0,,,10.85,7.06,2.5,LOW,100
KRIDHANINF.NS,SELL,1.82,-19.4,-10.78,1.67,,,2.03,1.28,2.5,LOW,100
KANANIIND.NS,SELL,1.42,-5.41,-8.97,1.89,,,1.58,1.01,2.5,LOW,100
KSR.NS,BUY,43.0,38.28,45.81,5.29,42.14,43.86,37.54,56.64,2.5,LOW,100
KKVAPOW.NS,SELL,364.0,-18.06,-1.09,2.29,,,371.19,346.04,2.5,LOW,80
NEUEON.NS,SELL,11.62,-17.81,-3.57,3.93,,,13.21,7.65,2.5,LOW,100
VINEETLAB.NS,SELL,36.0,-3.55,-5.14,2.13,,,39.86,26.36,2.5,LOW,100
SATIPOLY.NS,SELL,36.9,-8.67,-5.38,3.83,,,39.21,31.11,2.5,LOW,100
TAPIFRUIT.NS,SELL,46.55,-6.28,-5.0,1.42,,,47.19,44.96,2.5,LOW,100
WILLAMAGOR.NS,HOLD,24.57,-2.55,3.5,2.24,,,22.35,27.53,1.33,LOW,100
TECILCHEM.NS,BUY,9.97,5.32,2.36,6.38,9.77,10.17,8.31,14.11,2.5,LOW,100
MEP.NS,HOLD,0.63,0.8,-14.86,1.67,,,0.61,0.66,1.33,LOW,80
KHANDSE.NS,BUY,18.35,5.26,2.11,2.91,17.98,18.72,15.74,24.88,2.5,LOW,100
NAGREEKCAP.NS,BUY,28.0,19.3,20.79,3.48,27.44,28.56,24.38,37.05,2.5,LOW,100
KAUSHALYA.NS,SELL,832.0,-8.19,-5.12,1.72,,,886.74,695.16,2.5,LOW,100
INFOMEDIA.NS,HOLD,5.3,-1.8,0.57,2.87,,,4.67,6.14,1.33,LOW,80
BILVYAPAR.NS,HOLD,4.11,0.4,3.01,2.05,,,3.79,4.54,1.33,LOW,80
VILINBIO.NS,BUY,60.0,31.5,27.93,3.4,58.8,61.2,55.53,71.18,2.5,LOW,100
MITTAL.NS,SELL,0.76,-13.71,-6.17,2.88,,,0.88,0.46,2.5,LOW,100
AGUL.NS,HOLD,45.75,-14.3,-0.33,2.42,,,44.71,47.14,1.33,LOW,80
SKIL.NS,BUY,0.9,1.21,8.43,1.73,0.88,0.92,0.88,0.96,2.5,LOW,100
CELLPOINT.NS,SELL,14.45,-12.43,-11.08,3.86,,,15.82,11.02,2.5,LOW,100
ROLLT.NS,BUY,5.71,73.21,43.47,3.77,5.6,5.82,5.11,7.21,2.5,LOW,100
TGBHOTELS.NS,HOLD,9.65,3.75,-0.41,2.78,,,8.71,10.91,1.33,LOW,80
ASPIRE.NS,SELL,12.45,-10.35,-7.43,2.64,,,13.43,10.0,2.5,LOW,100
SHRENIK.NS,HOLD,0.29,-8.98,0.0,2.09,,,0.27,0.32,1.33,LOW,80
VSCL.NS,SELL,19.8,-20.83,-14.29,3.67,,,20.72,17.5,2.5,LOW,100
TREEHOUSE.NS,SELL,5.9,-5.28,-7.09,2.2,,,6.78,3.7,2.5,LOW,100
LIBAS.NS,BUY,12.32,19.0,17.56,2.67,12.07,12.57,10.81,16.09,2.5,LOW,100
DIL.NS,HOLD,0.65,-12.16,0.0,1.33,,,0.65,0.65,0,LOW,80
FLFL.NS,SELL,1.13,-7.97,-5.04,2.16,,,1.29,0.73,2.5,LOW,100
YUDIZ.NS,SELL,21.9,-10.73,-6.81,3.92,,,24.2,16.15,2.5,LOW,100
MICROPRO.NS,SELL,18.4,-3.18,-1.34,1.99,,,19.54,15.54,2.5,LOW,80
CONTI.NS,SELL,11.1,-0.85,-4.72,3.36,,,11.65,9.73,2.5,LOW,80
HAVISHA.NS,BUY,1.36,3.3,1.49,3.21,1.33,1.39,1.17,1.82,2.5,LOW,80
GFSTEELS.NS,BUY,25.44,64.62,69.6,4.14,24.93,25.95,23.95,29.17,2.5,LOW,100
MFML.NS,BUY,19.49,2.86,4.95,2.23,19.1,19.88,17.23,25.13,2.5,LOW,100
MORARJEE.NS,SELL,8.76,-17.24,-9.69,1.79,,,8.97,8.25,2.5,LOW,100
KSHITIJPOL.NS,BUY,4.21,39.24,40.33,4.26,4.13,4.29,3.79,5.26,2.5,LOW,100
EASTSILK.NS,HOLD,61.24,4.94,-0.83,3.98,,,54.75,69.89,1.33,LOW,80
AILIMITED.NS,SELL,19.1,-31.93,-3.54,4.57,,,20.49,15.62,2.5,LOW,100
SPRL.NS,BUY,104.0,2.74,2.46,0.45,101.92,106.08,103.64,104.89,2.5,LOW,100
MANDEEP.NS,SELL,17.0,-9.61,-6.59,1.91,,,17.36,16.09,2.5,LOW,100
CYBERMEDIA.NS,BUY,21.92,23.68,17.47,6.23,21.48,22.36,17.46,33.08,2.5,LOW,100
MANAV.NS,BUY,40.75,30.89,13.19,2.21,39.94,41.56,39.26,44.46,2.5,LOW,100
SUPREMEENG.NS,BUY,3.58,50.12,24.31,0.65,3.51,3.65,3.44,3.92,2.5,LOW,100
TVVISION.NS,SELL,2.51,-38.15,-27.87,3.58,,,2.94,1.44,2.5,LOW,100
NIDAN.NS,BUY,13.5,0.53,2.27,5.69,13.23,13.77,11.54,18.39,2.5,LOW,80
ANKITMETAL.NS,HOLD,1.73,8.96,0.58,2.89,,,1.65,1.83,1.33,LOW,80
SANGINITA.NS,BUY,71.06,21.37,20.93,3.96,69.64,72.48,66.25,83.07,2.5,LOW,100
GUJRAFFIA.NS,BUY,41.8,3.44,1.21,1.8,40.96,42.64,38.03,51.23,2.5,LOW,80
CALSOFT.NS,HOLD,39.0,41.75,-0.33,5.13,,,35.28,43.96,1.33,LOW,80
GTECJAINX.NS,HOLD,28.3,-0.58,0.07,3.99,,,25.47,32.07,1.33,LOW,60
ACEINTEG.NS,SELL,17.44,-6.63,-1.08,2.18,,,19.61,12.02,2.5,LOW,80
RETAIL.NS,BUY,17.8,2.66,2.95,3.23,17.44,18.16,15.06,24.65,2.5,LOW,100
FEL.NS,SELL,0.37,-2.53,-2.63,1.93,,,0.4,0.3,2.5,LOW,100
YCCL.NS,SELL,8.5,-11.32,-11.92,2.53,,,9.06,7.11,2.5,LOW,100
CMRSL.NS,BUY,74.1,11.39,8.57,3.81,72.62,75.58,69.79,84.89,2.5,LOW,100
SANWARIA.NS,BUY,0.2,2.25,5.26,2.69,0.2,0.2,0.17,0.28,2.5,LOW,100
VCL.NS,HOLD,1.67,11.26,-8.74,4.52,,,1.51,1.88,1.33,LOW,100
INSPIRE.NS,BUY,9.25,5.65,13.5,3.03,9.06,9.44,8.81,10.34,2.5,LOW,100
VIVIDHA.NS,BUY,0.53,1.57,6.0,1.78,0.52,0.54,0.47,0.68,2.5,LOW,100
DHTL.NS,SELL,29.4,-14.12,-9.82,3.29,,,30.96,25.51,2.5,LOW,100
HEADSUP.NS,BUY,6.95,1.14,1.46,2.88,6.81,7.09,5.96,9.43,2.5,LOW,80
BLUECHIP.NS,HOLD,2.06,3.97,-3.74,1.31,,,2.03,2.09,1.33,LOW,100
SHANTHALA.NS,SELL,15.55,-14.61,-6.33,4.99,,,15.9,14.68,2.5,LOW,100
MPTODAY.NS,HOLD,41.55,-7.14,0.0,1.53,,,41.15,42.08,1.33,LOW,80
MAKS.NS,HOLD,14.35,-14.95,4.36,5.92,,,13.39,15.64,1.33,LOW,100
MARINETRAN.NS,SELL,14.55,-5.18,-9.63,1.52,,,14.77,14.0,2.5,LOW,100
NIRAJISPAT.NS,HOLD,285.0,18.22,-27.04,8.65,,,245.47,337.7,1.33,LOW,100
SUNREST.NS,BUY,37.95,1.66,3.97,4.2,37.19,38.71,34.74,45.99,2.5,LOW,100
QFIL.NS,BUY,63.0,2.41,5.0,1.12,61.74,64.26,62.57,64.07,2.5,LOW,100
TIJARIA.NS,BUY,7.74,35.48,15.01,7.33,7.59,7.89,6.22,11.55,2.5,LOW,100
SILLYMONKS.NS,BUY,16.34,1.96,2.13,2.82,16.01,16.67,14.37,21.28,2.5,LOW,100
RADAAN.NS,SELL,2.8,-6.45,-3.45,2.13,,,3.2,1.8,2.5,LOW,100
UNIINFO.NS,HOLD,11.37,-3.63,-0.09,1.72,,,10.5,12.53,1.33,LOW,80
ISHAN.NS,HOLD,0.5,1.21,0.0,5.03,,,0.47,0.54,1.33,LOW,80
JIWANRAM.NS,SELL,4.0,-17.12,-11.11,2.62,,,4.23,3.43,2.5,LOW,100
VERITAAS.NS,SELL,27.85,-17.29,-11.45,2.73,,,29.4,23.97,2.5,LOW,100
UNIVAFOODS.NS,BUY,9.48,5.74,4.98,1.11,9.29,9.67,9.42,9.64,2.5,LOW,100
EDUCOMP.NS,HOLD,0.9,-0.95,0.0,0.68,,,0.88,0.92,1.33,LOW,60
SHUBHLAXMI.NS,SELL,18.4,-7.89,-5.4,2.31,,,19.11,16.63,2.5,LOW,100
ONELIFECAP.NS,HOLD,33.81,-1.47,5.89,2.45,,,30.71,37.94,1.33,LOW,100
WINNY.NS,SELL,29.5,-9.92,-7.96,2.05,,,29.87,28.57,2.5,LOW,100
GLFL.NS,SELL,5.3,-4.91,-8.62,2.89,,,6.02,3.51,2.5,LOW,100
TCIFINANCE.NS,SELL,14.95,-2.06,-1.97,0.99,,,16.55,10.96,2.5,LOW,80
GSTL.NS,SELL,10.95,-25.25,-9.88,3.47,,,12.29,7.61,2.5,LOW,100
IMPEXFERRO.NS,BUY,5.58,61.49,25.11,0.59,5.47,5.69,5.36,6.13,2.5,LOW,100
SAROJA.NS,HOLD,39.75,17.58,-2.93,3.27,,,38.24,41.76,1.33,LOW,100
COMPINFO.NS,SELL,1.05,-5.86,-5.41,3.04,,,1.2,0.68,2.5,LOW,100
ANTGRAPHIC.NS,SELL,0.72,-3.2,-1.37,2.1,,,0.8,0.52,2.5,LOW,80
QUADPRO.NS,BUY,3.0,21.7,25.0,2.11,2.94,3.06,2.91,3.21,2.5,LOW,100
PLADAINFO.NS,BUY,12.45,17.14,20.29,2.25,12.2,12.7,12.09,13.36,2.5,LOW,100
SHYAMTEL.NS,SELL,11.14,-23.25,-7.32,3.9,,,12.74,7.14,2.5,LOW,100
CREATIVEYE.NS,SELL,5.69,-6.41,-7.18,2.35,,,6.51,3.65,2.5,LOW,100
ARENTERP.NS,SELL,33.21,-10.81,-5.95,2.58,,,37.08,23.55,2.5,LOW,100
MTEDUCARE.NS,SELL,1.78,-4.38,-1.11,3.23,,,2.05,1.11,2.5,LOW,80
UMESLTD.NS,SELL,4.21,-22.62,-14.26,5.05,,,5.16,1.85,2.5,LOW,100
VIVO.NS,HOLD,151.05,25.77,-2.55,1.95,,,149.23,153.47,1.33,LOW,100
GLOBALE.NS,BUY,11.5,3.63,2.4,2.78,11.27,11.73,10.06,15.09,2.5,LOW,100
KALYANI.NS,HOLD,144.99,3.65,0.0,1.12,,,144.25,145.98,1.33,LOW,80
EUROTEXIND.NS,SELL,12.35,-8.92,-11.72,1.24,,,12.64,11.63,2.5,LOW,100
AHIMSA.NS,HOLD,25.75,1.86,-0.19,0.09,,,25.74,25.76,0,LOW,80
INDIFRA.NS,HOLD,12.85,5.94,0.0,1.2,,,12.73,13.01,1.33,LOW,80
AMIABLE.NS,BUY,73.95,4.82,13.77,4.27,72.47,75.43,70.11,83.56,2.5,LOW,100
SHANTI.NS,HOLD,6.29,-4.21,-0.94,2.35,,,5.5,7.35,1.33,LOW,80
DCMFINSERV.NS,SELL,5.05,-3.78,-3.26,2.23,,,5.76,3.26,2.5,LOW,100
TRANSWIND.NS,HOLD,11.3,-9.42,0.0,2.33,,,11.25,11.37,1.33,LOW,80
RITEZONE.NS,BUY,21.45,6.32,25.81,3.39,21.02,21.88,20.51,23.79,2.5,LOW,100
PREMIER.NS,SELL,2.6,-8.02,-10.34,3.46,,,3.0,1.61,2.5,LOW,100
ORTINGLOBE.NS,BUY,16.35,5.16,3.09,3.19,16.02,16.68,14.44,21.13,2.5,LOW,100
SABAR.NS,BUY,9.5,39.36,15.15,3.45,9.31,9.69,9.06,10.61,2.5,LOW,100
FALCONTECH.NS,BUY,13.0,8.05,1.96,2.06,12.74,13.26,12.29,14.79,2.5,LOW,80
CBAZAAR.NS,HOLD,4.6,-15.3,2.22,1.46,,,4.52,4.71,1.33,LOW,100
ACCORD.NS,SELL,188.45,-4.9,-4.99,1.12,,,189.86,184.91,2.5,LOW,100
SMVD.NS,HOLD,15.35,-0.01,-9.71,2.23,,,15.17,15.59,1.33,LOW,80
SETUINFRA.NS,BUY,0.61,29.57,19.61,2.96,0.6,0.62,0.55,0.75,2.5,LOW,100
JALAN.NS,SELL,1.75,-1.13,-5.41,1.76,,,1.77,1.7,2.5,LOW,100
CMICABLES.NS,HOLD,2.62,-3.49,3.56,1.11,,,2.59,2.66,1.33,LOW,100
LAKPRE.NS,HOLD,4.9,-2.27,0.0,5.04,,,4.29,5.71,1.33,LOW,80
BGLOBAL.NS,SELL,3.05,-3.77,-3.48,1.1,,,3.12,2.86,2.5,LOW,100
ORTEL.NS,SELL,1.76,-7.62,-7.37,1.83,,,1.8,1.67,2.5,LOW,100
QUINTEGRA.NS,SELL,1.15,-11.94,-4.96,1.49,,,1.19,1.05,2.5,LOW,100
VASA.NS,SELL,3.55,-16.57,-12.35,2.27,,,3.65,3.3,2.5,LOW,100
AHLWEST.NS,HOLD,545.0,-0.08,1.94,3.06,,,501.01,603.65,1.33,LOW,60
BURNPUR.NS,SELL,17.5,-29.45,-6.12,6.99,,,20.04,11.16,2.5,LOW,100
CLCIND.NS,HOLD,47.67,-7.02,0.4,1.49,,,46.78,48.86,1.33,LOW,80
DSKULKARNI.NS,BUY,22.71,49.19,21.64,1.61,22.26,23.16,21.98,24.53,2.5,LOW,100
MBECL.NS,BUY,401.59,242.8,79.56,53.5,393.56,409.62,351.09,527.85,2.5,ELEVATED,80
MCX.NS,BUY,3244.9,8.51,2.36,2.02,3180.0,3309.8,3035.99,3767.19,2.5,LOW,100
