Ticker,Signal,Current_Price,Trend_Percent,Momentum_Percent,Volatility_Percent,Buy_Range_Low,Buy_Range_High,Stop_Loss,Target,RR_Ratio,Risk_Context,Confidence
RELIANCE.NS,HOLD,nan,0.0,nan,1.66,,,nan,nan,0,LOW,60
HDFCBANK.NS,HOLD,nan,0.0,nan,2.5,,,nan,nan,0,LOW,60
BHARTIARTL.NS,HOLD,nan,0.0,nan,1.48,,,nan,nan,0,LOW,60
TCS.NS,HOLD,nan,0.0,nan,1.42,,,nan,nan,0,LOW,60
ICICIBANK.NS,HOLD,nan,0.0,nan,1.79,,,nan,nan,0,LOW,60
SBIN.NS,HOLD,nan,0.0,nan,2.31,,,nan,nan,0,LOW,60
INFY.NS,HOLD,nan,0.0,nan,1.66,,,nan,nan,0,LOW,60
BAJFINANCE.NS,HOLD,nan,0.0,nan,3.01,,,nan,nan,0,LOW,60
HINDUNILVR.NS,HOLD,nan,0.0,nan,1.36,,,nan,nan,0,LOW,60
LICI.NS,HOLD,nan,0.0,nan,2.4,,,nan,nan,0,LOW,60
LT.NS,HOLD,nan,0.0,nan,3.12,,,nan,nan,0,LOW,60
ITC.NS,HOLD,nan,0.0,nan,1.38,,,nan,nan,0,LOW,60
MARUTI.NS,HOLD,nan,0.0,nan,2.18,,,nan,nan,0,LOW,60
M&M.NS,HOLD,nan,0.0,nan,3.08,,,nan,nan,0,LOW,60
HCLTECH.NS,HOLD,nan,0.0,nan,1.63,,,nan,nan,0,LOW,60
KOTAKBANK.NS,HOLD,nan,0.0,nan,1.82,,,nan,nan,0,LOW,60
SUNPHARMA.NS,HOLD,nan,0.0,nan,1.24,,,nan,nan,0,LOW,60
AXISBANK.NS,HOLD,nan,0.0,nan,2.52,,,nan,nan,0,LOW,60
ULTRACEMCO.NS,HOLD,nan,0.0,nan,3.09,,,nan,nan,0,LOW,60
BAJAJFINSV.NS,HOLD,nan,0.0,nan,2.12,,,nan,nan,0,LOW,60
TITAN.NS,HOLD,nan,0.0,nan,2.31,,,nan,nan,0,LOW,60
NTPC.NS,HOLD,nan,0.0,nan,1.36,,,nan,nan,0,LOW,60
HAL.NS,HOLD,nan,0.0,nan,2.27,,,nan,nan,0,LOW,60
ADANIPORTS.NS,HOLD,nan,0.0,nan,2.5,,,nan,nan,0,LOW,60
ONGC.NS,HOLD,nan,0.0,nan,1.64,,,nan,nan,0,LOW,60
ETERNAL.NS,HOLD,231.97,-9.16,1.41,3.02,,,216.71,252.32,1.33,LOW,80
BEL.NS,HOLD,nan,0.0,nan,2.29,,,nan,nan,0,LOW,60
ADANIENT.NS,HOLD,nan,0.0,nan,2.6,,,nan,nan,0,LOW,60
DMART.NS,HOLD,nan,0.0,nan,2.59,,,nan,nan,0,LOW,60
JSWSTEEL.NS,HOLD,nan,0.0,nan,2.56,,,nan,nan,0,LOW,60
ADANIPOWER.NS,HOLD,nan,0.0,nan,2.55,,,nan,nan,0,LOW,60
WIPRO.NS,HOLD,nan,0.0,nan,1.58,,,nan,nan,0,LOW,60
POWERGRID.NS,HOLD,nan,0.0,nan,1.0,,,nan,nan,0,LOW,60
ASIANPAINT.NS,HOLD,nan,0.0,nan,2.26,,,nan,nan,0,LOW,60
BAJAJ-AUTO.NS,HOLD,nan,0.0,nan,2.31,,,nan,nan,0,LOW,60
COALINDIA.NS,HOLD,nan,0.0,nan,1.93,,,nan,nan,0,LOW,60
NESTLEIND.NS,HOLD,nan,0.0,nan,1.21,,,nan,nan,0,LOW,60
INDIGO.NS,HOLD,nan,0.0,nan,3.36,,,nan,nan,0,LOW,60
IOC.NS,HOLD,nan,0.0,nan,2.0,,,nan,nan,0,LOW,60
TATASTEEL.NS,HOLD,nan,0.0,nan,2.63,,,nan,nan,0,LOW,60
TMPV.NS,HOLD,308.7,-11.29,-0.19,2.78,,,292.75,329.97,1.33,LOW,80
HINDZINC.NS,HOLD,nan,0.0,nan,3.0,,,nan,nan,0,LOW,60
JIOFIN.NS,SELL,235.33,-5.74,-1.72,2.71,,,252.1,193.4,2.5,LOW,80
HYUNDAI.NS,HOLD,nan,0.0,nan,1.77,,,nan,nan,0,LOW,60
GRASIM.NS,HOLD,nan,0.0,nan,2.3,,,nan,nan,0,LOW,60
SBILIFE.NS,HOLD,nan,0.0,nan,1.83,,,nan,nan,0,LOW,60
VEDL.NS,HOLD,nan,0.0,nan,2.1,,,nan,nan,0,LOW,60
DLF.NS,HOLD,nan,0.0,nan,2.45,,,nan,nan,0,LOW,60
EICHERMOT.NS,HOLD,nan,0.0,nan,2.78,,,nan,nan,0,LOW,60
TRENT.NS,HOLD,nan,0.0,nan,3.44,,,nan,nan,0,LOW,60
HINDALCO.NS,HOLD,nan,0.0,nan,2.31,,,nan,nan,0,LOW,60
DIVISLAB.NS,HOLD,nan,0.0,nan,1.19,,,nan,nan,0,LOW,60
HDFCLIFE.NS,HOLD,nan,0.0,nan,2.04,,,nan,nan,0,LOW,60
LTIM.NS,HOLD,4307.4,-12.19,0.2,2.45,,,4043.57,4659.17,1.33,LOW,80
IRFC.NS,HOLD,nan,0.0,nan,2.86,,,nan,nan,0,LOW,60
ADANIGREEN.NS,HOLD,nan,0.0,nan,3.1,,,nan,nan,0,LOW,60
VBL.NS,HOLD,nan,0.0,nan,2.44,,,nan,nan,0,LOW,60
TVSMOTOR.NS,HOLD,nan,0.0,nan,2.85,,,nan,nan,0,LOW,60
PIDILITIND.NS,HOLD,nan,0.0,nan,2.42,,,nan,nan,0,LOW,60
BPCL.NS,HOLD,nan,0.0,nan,2.6,,,nan,nan,0,LOW,60
TECHM.NS,HOLD,nan,0.0,nan,1.74,,,nan,nan,0,LOW,60
BAJAJHLDNG.NS,HOLD,nan,0.0,nan,2.31,,,nan,nan,0,LOW,60
BRITANNIA.NS,HOLD,nan,0.0,nan,1.56,,,nan,nan,0,LOW,60
AMBUJACEM.NS,HOLD,nan,0.0,nan,3.05,,,nan,nan,0,LOW,60
TATACAP.NS,HOLD,nan,0.0,nan,2.34,,,nan,nan,0,LOW,60
BANKBARODA.NS,HOLD,nan,0.0,nan,2.65,,,nan,nan,0,LOW,60
CHOLAFIN.NS,HOLD,nan,0.0,nan,2.64,,,nan,nan,0,LOW,60
SHRIRAMFIN.NS,HOLD,nan,0.0,nan,3.94,,,nan,nan,0,LOW,60
TMCV.NS,HOLD,nan,0.0,nan,3.6,,,nan,nan,0,LOW,60
PNB.NS,HOLD,nan,0.0,nan,2.75,,,nan,nan,0,LOW,60
ICICIAMC.NS,HOLD,nan,0.0,nan,3.07,,,nan,nan,0,LOW,60
PFC.NS,HOLD,nan,0.0,nan,2.81,,,nan,nan,0,LOW,60
SOLARINDS.NS,HOLD,nan,0.0,nan,2.62,,,nan,nan,0,LOW,60
MUTHOOTFIN.NS,HOLD,nan,0.0,nan,2.87,,,nan,nan,0,LOW,60
TATAPOWER.NS,HOLD,nan,0.0,nan,1.8,,,nan,nan,0,LOW,60
CIPLA.NS,HOLD,nan,0.0,nan,1.22,,,nan,nan,0,LOW,60
TORNTPHARM.NS,HOLD,nan,0.0,nan,1.42,,,nan,nan,0,LOW,60
GODREJCP.NS,HOLD,nan,0.0,nan,2.02,,,nan,nan,0,LOW,60
LODHA.NS,HOLD,nan,0.0,nan,2.67,,,nan,nan,0,LOW,60
HDFCAMC.NS,HOLD,nan,0.0,nan,2.94,,,nan,nan,0,LOW,60
GAIL.NS,HOLD,nan,0.0,nan,2.34,,,nan,nan,0,LOW,60
CANBK.NS,HOLD,nan,0.0,nan,2.93,,,nan,nan,0,LOW,60
MAXHEALTH.NS,HOLD,nan,0.0,nan,1.32,,,nan,nan,0,LOW,60
ENRIN.NS,SELL,2629.0,-2.57,-4.58,2.26,,,2831.79,2122.04,2.5,LOW,100
SIEMENS.NS,HOLD,nan,0.0,nan,2.35,,,nan,nan,0,LOW,60
MAZDOCK.NS,HOLD,nan,0.0,nan,4.24,,,nan,nan,0,LOW,60
BOSCHLTD.NS,HOLD,nan,0.0,nan,3.11,,,nan,nan,0,LOW,60
ABB.NS,HOLD,nan,0.0,nan,2.06,,,nan,nan,0,LOW,60
MOTHERSON.NS,HOLD,nan,0.0,nan,3.03,,,nan,nan,0,LOW,60
CUMMINSIND.NS,HOLD,nan,0.0,nan,2.21,,,nan,nan,0,LOW,60
TATACONSUM.NS,HOLD,nan,0.0,nan,1.72,,,nan,nan,0,LOW,60
LGEINDIA.NS,HOLD,nan,0.0,nan,2.9,,,nan,nan,0,LOW,60
POLYCAB.NS,HOLD,nan,0.0,nan,2.73,,,nan,nan,0,LOW,60
CGPOWER.NS,HOLD,nan,0.0,nan,2.43,,,nan,nan,0,LOW,60
UNIONBANK.NS,HOLD,nan,0.0,nan,3.35,,,nan,nan,0,LOW,60
ADANIENSOL.NS,HOLD,986.25,0.79,-1.89,2.76,,,921.95,1071.99,1.33,LOW,60
APOLLOHOSP.NS,HOLD,nan,0.0,nan,1.62,,,nan,nan,0,LOW,60
INDHOTEL.NS,HOLD,nan,0.0,nan,2.6,,,nan,nan,0,LOW,60
HEROMOTOCO.NS,HOLD,nan,0.0,nan,2.58,,,nan,nan,0,LOW,60
DRREDDY.NS,HOLD,nan,0.0,nan,1.79,,,nan,nan,0,LOW,60
SHREECEM.NS,HOLD,nan,0.0,nan,2.33,,,nan,nan,0,LOW,60
JINDALSTEL.NS,HOLD,nan,0.0,nan,3.05,,,nan,nan,0,LOW,60
IDBI.NS,HOLD,nan,0.0,nan,5.74,,,nan,nan,0,LOW,60
SWIGGY.NS,HOLD,nan,0.0,nan,2.4,,,nan,nan,0,LOW,60
BSE.NS,HOLD,nan,0.0,nan,3.08,,,nan,nan,0,LOW,60
MANKIND.NS,HOLD,nan,0.0,nan,2.14,,,nan,nan,0,LOW,60
INDIANB.NS,HOLD,nan,0.0,nan,3.21,,,nan,nan,0,LOW,60
INDUSTOWER.NS,HOLD,nan,0.0,nan,2.21,,,nan,nan,0,LOW,60
UNITDSPR.NS,SELL,1238.1,-8.01,-3.94,2.64,,,1320.93,1031.03,2.5,LOW,100
GMRAIRPORT.NS,HOLD,nan,0.0,nan,3.31,,,nan,nan,0,LOW,60
RECLTD.NS,HOLD,nan,0.0,nan,2.93,,,nan,nan,0,LOW,60
ZYDUSLIFE.NS,HOLD,nan,0.0,nan,1.65,,,nan,nan,0,LOW,60
ICICIGI.NS,HOLD,nan,0.0,nan,1.25,,,nan,nan,0,LOW,60
GROWW.NS,HOLD,nan,0.0,nan,3.14,,,nan,nan,0,LOW,60
DIXON.NS,HOLD,nan,0.0,nan,4.06,,,nan,nan,0,LOW,60
IDEA.NS,HOLD,nan,0.0,nan,2.83,,,nan,nan,0,LOW,60
HAVELLS.NS,HOLD,nan,0.0,nan,2.07,,,nan,nan,0,LOW,60
MARICO.NS,HOLD,nan,0.0,nan,1.57,,,nan,nan,0,LOW,60
HINDPETRO.NS,HOLD,nan,0.0,nan,3.11,,,nan,nan,0,LOW,60
WAAREEENER.NS,HOLD,nan,0.0,nan,2.85,,,nan,nan,0,LOW,60
BAJAJHFL.NS,HOLD,nan,0.0,nan,2.29,,,nan,nan,0,LOW,60
DABUR.NS,HOLD,nan,0.0,nan,1.98,,,nan,nan,0,LOW,60
LUPIN.NS,HOLD,nan,0.0,nan,1.32,,,nan,nan,0,LOW,60
JSWENERGY.NS,HOLD,nan,0.0,nan,2.32,,,nan,nan,0,LOW,60
ICICIPRULI.NS,HOLD,nan,0.0,nan,1.8,,,nan,nan,0,LOW,60
PERSISTENT.NS,HOLD,nan,0.0,nan,2.05,,,nan,nan,0,LOW,60
BHARTIHEXA.NS,HOLD,nan,0.0,nan,2.14,,,nan,nan,0,LOW,60
NAUKRI.NS,HOLD,nan,0.0,nan,1.61,,,nan,nan,0,LOW,60
SRF.NS,HOLD,nan,0.0,nan,3.37,,,nan,nan,0,LOW,60
BHEL.NS,HOLD,nan,0.0,nan,2.55,,,nan,nan,0,LOW,60
POWERINDIA.NS,HOLD,nan,0.0,nan,2.17,,,nan,nan,0,LOW,60
MEESHO.NS,HOLD,nan,0.0,nan,3.9,,,nan,nan,0,LOW,60
NTPCGREEN.NS,HOLD,nan,0.0,nan,3.58,,,nan,nan,0,LOW,60
NHPC.NS,HOLD,nan,0.0,nan,1.48,,,nan,nan,0,LOW,60
POLICYBZR.NS,HOLD,nan,0.0,nan,2.03,,,nan,nan,0,LOW,60
SBICARD.NS,HOLD,nan,0.0,nan,2.45,,,nan,nan,0,LOW,60
ASHOKLEY.NS,HOLD,nan,0.0,nan,3.18,,,nan,nan,0,LOW,60
SUZLON.NS,HOLD,nan,0.0,nan,2.59,,,nan,nan,0,LOW,60
ABCAPITAL.NS,HOLD,nan,0.0,nan,3.01,,,nan,nan,0,LOW,60
PAYTM.NS,HOLD,nan,0.0,nan,3.31,,,nan,nan,0,LOW,60
IOB.NS,HOLD,nan,0.0,nan,2.7,,,nan,nan,0,LOW,60
OFSS.NS,HOLD,nan,0.0,nan,2.49,,,nan,nan,0,LOW,60
LENSKART.NS,HOLD,nan,0.0,nan,2.44,,,nan,nan,0,LOW,60
GVT&D.NS,HOLD,nan,0.0,nan,3.21,,,nan,nan,0,LOW,60
RVNL.NS,HOLD,nan,0.0,nan,3.14,,,nan,nan,0,LOW,60
PRESTIGE.NS,HOLD,nan,0.0,nan,2.71,,,nan,nan,0,LOW,60
LLOYDSME.NS,HOLD,nan,0.0,nan,3.53,,,nan,nan,0,LOW,60
UNOMINDA.NS,HOLD,nan,0.0,nan,2.76,,,nan,nan,0,LOW,60
FORTIS.NS,HOLD,nan,0.0,nan,2.11,,,nan,nan,0,LOW,60
NYKAA.NS,HOLD,nan,0.0,nan,2.08,,,nan,nan,0,LOW,60
OIL.NS,HOLD,nan,0.0,nan,1.71,,,nan,nan,0,LOW,60
ATGL.NS,HOLD,nan,0.0,nan,6.06,,,nan,nan,0,LOW,60
COROMANDEL.NS,HOLD,nan,0.0,nan,2.68,,,nan,nan,0,LOW,60
GICRE.NS,HOLD,nan,0.0,nan,2.01,,,nan,nan,0,LOW,60
YESBANK.NS,HOLD,nan,0.0,nan,2.38,,,nan,nan,0,LOW,60
VMM.NS,HOLD,nan,0.0,nan,3.26,,,nan,nan,0,LOW,60
TORNTPOWER.NS,HOLD,nan,0.0,nan,2.57,,,nan,nan,0,LOW,60
AUROPHARMA.NS,HOLD,nan,0.0,nan,1.54,,,nan,nan,0,LOW,60
NMDC.NS,HOLD,nan,0.0,nan,2.26,,,nan,nan,0,LOW,60
ALKEM.NS,HOLD,nan,0.0,nan,1.56,,,nan,nan,0,LOW,60
BERGEPAINT.NS,HOLD,nan,0.0,nan,1.94,,,nan,nan,0,LOW,60
MRF.NS,HOLD,nan,0.0,nan,1.59,,,nan,nan,0,LOW,60
PATANJALI.NS,HOLD,nan,0.0,nan,1.8,,,nan,nan,0,LOW,60
GODREJPROP.NS,HOLD,nan,0.0,nan,2.85,,,nan,nan,0,LOW,60
HDBFS.NS,HOLD,nan,0.0,nan,2.2,,,nan,nan,0,LOW,60
LTF.NS,HOLD,nan,0.0,nan,3.08,,,nan,nan,0,LOW,60
JSWINFRA.NS,SELL,234.31,-8.65,-7.48,2.48,,,252.69,188.37,2.5,LOW,100
SCHAEFFLER.NS,HOLD,nan,0.0,nan,2.9,,,nan,nan,0,LOW,60
INDUSINDBK.NS,HOLD,nan,0.0,nan,2.9,,,nan,nan,0,LOW,60
JSL.NS,HOLD,nan,0.0,nan,2.64,,,nan,nan,0,LOW,60
AUBANK.NS,HOLD,nan,0.0,nan,2.8,,,nan,nan,0,LOW,60
COLPAL.NS,HOLD,nan,0.0,nan,2.33,,,nan,nan,0,LOW,60
OBEROIRLTY.NS,HOLD,nan,0.0,nan,2.12,,,nan,nan,0,LOW,60
BHARATFORG.NS,HOLD,nan,0.0,nan,2.7,,,nan,nan,0,LOW,60
FACT.NS,HOLD,nan,0.0,nan,5.95,,,nan,nan,0,LOW,60
COFORGE.NS,HOLD,nan,0.0,nan,2.63,,,nan,nan,0,LOW,60
PHOENIXLTD.NS,HOLD,nan,0.0,nan,2.36,,,nan,nan,0,LOW,60
BANKINDIA.NS,HOLD,nan,0.0,nan,2.98,,,nan,nan,0,LOW,60
TIINDIA.NS,HOLD,nan,0.0,nan,2.65,,,nan,nan,0,LOW,60
IRCTC.NS,HOLD,nan,0.0,nan,1.89,,,nan,nan,0,LOW,60
BDL.NS,HOLD,nan,0.0,nan,3.88,,,nan,nan,0,LOW,60
UPL.NS,HOLD,nan,0.0,nan,2.61,,,nan,nan,0,LOW,60
IDFCFIRSTB.NS,HOLD,nan,0.0,nan,2.55,,,nan,nan,0,LOW,60
PIIND.NS,HOLD,nan,0.0,nan,2.51,,,nan,nan,0,LOW,60
MOTILALOFS.NS,HOLD,nan,0.0,nan,3.47,,,nan,nan,0,LOW,60
GLENMARK.NS,HOLD,nan,0.0,nan,2.5,,,nan,nan,0,LOW,60
MFSL.NS,HOLD,nan,0.0,nan,1.99,,,nan,nan,0,LOW,60
SAIL.NS,HOLD,nan,0.0,nan,3.31,,,nan,nan,0,LOW,60
FEDERALBNK.NS,HOLD,nan,0.0,nan,2.53,,,nan,nan,0,LOW,60
NAM-INDIA.NS,HOLD,nan,0.0,nan,3.47,,,nan,nan,0,LOW,60
MPHASIS.NS,HOLD,nan,0.0,nan,2.15,,,nan,nan,0,LOW,60
KALYANKJIL.NS,HOLD,nan,0.0,nan,2.97,,,nan,nan,0,LOW,60
LINDEINDIA.NS,HOLD,nan,0.0,nan,3.56,,,nan,nan,0,LOW,60
SUNDARMFIN.NS,HOLD,nan,0.0,nan,2.66,,,nan,nan,0,LOW,60
SUPREMEIND.NS,HOLD,nan,0.0,nan,2.21,,,nan,nan,0,LOW,60
BIOCON.NS,HOLD,nan,0.0,nan,2.09,,,nan,nan,0,LOW,60
TATACOMM.NS,HOLD,nan,0.0,nan,2.45,,,nan,nan,0,LOW,60
LAURUSLABS.NS,HOLD,nan,0.0,nan,2.67,,,nan,nan,0,LOW,60
AIIL.NS,SELL,412.25,-14.89,-14.22,6.54,,,472.12,262.57,2.5,LOW,100
GODFRYPHLP.NS,HOLD,nan,0.0,nan,3.58,,,nan,nan,0,LOW,60
JKCEMENT.NS,HOLD,nan,0.0,nan,2.69,,,nan,nan,0,LOW,60
UBL.NS,HOLD,nan,0.0,nan,2.57,,,nan,nan,0,LOW,60
APLAPOLLO.NS,HOLD,nan,0.0,nan,2.55,,,nan,nan,0,LOW,60
PAGEIND.NS,HOLD,nan,0.0,nan,2.07,,,nan,nan,0,LOW,60
GLAXO.NS,HOLD,nan,0.0,nan,1.76,,,nan,nan,0,LOW,60
BALKRISIND.NS,HOLD,nan,0.0,nan,2.88,,,nan,nan,0,LOW,60
ITCHOTELS.NS,SELL,146.78,-13.2,-3.88,3.27,,,162.9,106.48,2.5,LOW,100
COCHINSHIP.NS,HOLD,nan,0.0,nan,4.09,,,nan,nan,0,LOW,60
PREMIERENE.NS,HOLD,nan,0.0,nan,2.56,,,nan,nan,0,LOW,60
HEXT.NS,HOLD,458.85,-13.28,8.72,2.82,,,427.88,500.15,1.33,LOW,100
LTTS.NS,HOLD,nan,0.0,nan,3.35,,,nan,nan,0,LOW,60
VOLTAS.NS,HOLD,nan,0.0,nan,2.75,,,nan,nan,0,LOW,60
HUDCO.NS,HOLD,nan,0.0,nan,3.0,,,nan,nan,0,LOW,60
360ONE.NS,HOLD,nan,0.0,nan,1.96,,,nan,nan,0,LOW,60
MAHABANK.NS,HOLD,nan,0.0,nan,3.57,,,nan,nan,0,LOW,60
PGHH.NS,HOLD,nan,0.0,nan,2.26,,,nan,nan,0,LOW,60
PETRONET.NS,HOLD,nan,0.0,nan,3.36,,,nan,nan,0,LOW,60
IREDA.NS,HOLD,nan,0.0,nan,2.76,,,nan,nan,0,LOW,60
ANTHEM.NS,HOLD,nan,0.0,nan,2.09,,,nan,nan,0,LOW,60
CONCOR.NS,HOLD,nan,0.0,nan,2.4,,,nan,nan,0,LOW,60
M&MFIN.NS,HOLD,nan,0.0,nan,2.89,,,nan,nan,0,LOW,60
NATIONALUM.NS,HOLD,nan,0.0,nan,3.14,,,nan,nan,0,LOW,60
DALBHARAT.NS,HOLD,nan,0.0,nan,2.89,,,nan,nan,0,LOW,60
JUBLFOOD.NS,HOLD,nan,0.0,nan,2.42,,,nan,nan,0,LOW,60
ESCORTS.NS,HOLD,nan,0.0,nan,3.46,,,nan,nan,0,LOW,60
RADICO.NS,HOLD,nan,0.0,nan,3.06,,,nan,nan,0,LOW,60
KAYNES.NS,HOLD,nan,0.0,nan,3.57,,,nan,nan,0,LOW,60
FLUOROCHEM.NS,HOLD,nan,0.0,nan,2.79,,,nan,nan,0,LOW,60
ENDURANCE.NS,HOLD,nan,0.0,nan,2.09,,,nan,nan,0,LOW,60
KEI.NS,HOLD,nan,0.0,nan,2.82,,,nan,nan,0,LOW,60
ASTRAL.NS,HOLD,nan,0.0,nan,2.84,,,nan,nan,0,LOW,60
THERMAX.NS,HOLD,nan,0.0,nan,2.07,,,nan,nan,0,LOW,60
PWL.NS,HOLD,95.01,-3.79,10.16,2.86,,,86.83,105.91,1.33,LOW,100
UCOBANK.NS,HOLD,nan,0.0,nan,3.08,,,nan,nan,0,LOW,60
BLUESTARCO.NS,HOLD,nan,0.0,nan,3.03,,,nan,nan,0,LOW,60
NH.NS,HOLD,nan,0.0,nan,1.96,,,nan,nan,0,LOW,60
TATAINVEST.NS,HOLD,nan,0.0,nan,2.69,,,nan,nan,0,LOW,60
GODREJIND.NS,HOLD,nan,0.0,nan,3.65,,,nan,nan,0,LOW,60
POONAWALLA.NS,HOLD,nan,0.0,nan,2.65,,,nan,nan,0,LOW,60
CRISIL.NS,HOLD,nan,0.0,nan,1.75,,,nan,nan,0,LOW,60
KPRMILL.NS,HOLD,nan,0.0,nan,3.54,,,nan,nan,0,LOW,60
CHOLAHLDNG.NS,HOLD,nan,0.0,nan,2.68,,,nan,nan,0,LOW,60
3MINDIA.NS,HOLD,nan,0.0,nan,1.76,,,nan,nan,0,LOW,60
IPCALAB.NS,HOLD,nan,0.0,nan,1.83,,,nan,nan,0,LOW,60
PIRAMALFIN.NS,SELL,1701.5,-4.02,-5.83,1.63,,,1859.57,1306.32,2.5,LOW,100
APARINDS.NS,HOLD,nan,0.0,nan,3.22,,,nan,nan,0,LOW,60
SJVN.NS,HOLD,nan,0.0,nan,2.7,,,nan,nan,0,LOW,60
MEDANTA.NS,HOLD,nan,0.0,nan,2.18,,,nan,nan,0,LOW,60
ACC.NS,HOLD,nan,0.0,nan,2.81,,,nan,nan,0,LOW,60
TATAELXSI.NS,HOLD,nan,0.0,nan,2.44,,,nan,nan,0,LOW,60
NLCINDIA.NS,HOLD,nan,0.0,nan,3.06,,,nan,nan,0,LOW,60
AWL.NS,HOLD,nan,0.0,nan,3.35,,,nan,nan,0,LOW,60
CENTRALBK.NS,HOLD,nan,0.0,nan,2.83,,,nan,nan,0,LOW,60
KPITTECH.NS,HOLD,nan,0.0,nan,2.94,,,nan,nan,0,LOW,60
CDSL.NS,HOLD,nan,0.0,nan,2.93,,,nan,nan,0,LOW,60
DELHIVERY.NS,HOLD,nan,0.0,nan,2.31,,,nan,nan,0,LOW,60
ASTERDM.NS,HOLD,nan,0.0,nan,2.39,,,nan,nan,0,LOW,60
EXIDEIND.NS,HOLD,nan,0.0,nan,2.51,,,nan,nan,0,LOW,60
GODIGIT.NS,HOLD,nan,0.0,nan,1.61,,,nan,nan,0,LOW,60
HONAUT.NS,HOLD,nan,0.0,nan,2.23,,,nan,nan,0,LOW,60
AJANTPHARM.NS,HOLD,nan,0.0,nan,2.05,,,nan,nan,0,LOW,60
METROBRAND.NS,HOLD,nan,0.0,nan,2.6,,,nan,nan,0,LOW,60
AIAENG.NS,HOLD,nan,0.0,nan,2.6,,,nan,nan,0,LOW,60
COHANCE.NS,HOLD,300.55,-7.11,0.43,2.23,,,282.13,325.11,1.33,LOW,80
LICHSGFIN.NS,HOLD,nan,0.0,nan,2.49,,,nan,nan,0,LOW,60
GILLETTE.NS,HOLD,nan,0.0,nan,1.54,,,nan,nan,0,LOW,60
GLAND.NS,HOLD,nan,0.0,nan,1.81,,,nan,nan,0,LOW,60
APOLLOTYRE.NS,HOLD,nan,0.0,nan,2.29,,,nan,nan,0,LOW,60
NIACL.NS,HOLD,nan,0.0,nan,2.7,,,nan,nan,0,LOW,60
NBCC.NS,HOLD,nan,0.0,nan,3.61,,,nan,nan,0,LOW,60
ITI.NS,HOLD,nan,0.0,nan,4.78,,,nan,nan,0,LOW,60
HINDCOPPER.NS,HOLD,nan,0.0,nan,4.38,,,nan,nan,0,LOW,60
GRSE.NS,HOLD,nan,0.0,nan,5.5,,,nan,nan,0,LOW,60
MSUMI.NS,HOLD,nan,0.0,nan,2.16,,,nan,nan,0,LOW,60
GUJGASLTD.NS,HOLD,nan,0.0,nan,2.58,,,nan,nan,0,LOW,60
IGL.NS,HOLD,nan,0.0,nan,2.08,,,nan,nan,0,LOW,60
SONACOMS.NS,HOLD,nan,0.0,nan,2.62,,,nan,nan,0,LOW,60
AEGISVOPAK.NS,HOLD,nan,0.0,nan,2.92,,,nan,nan,0,LOW,60
KIMS.NS,HOLD,nan,0.0,nan,2.08,,,nan,nan,0,LOW,60
TATATECH.NS,HOLD,548.55,-6.59,4.99,2.83,,,515.74,592.3,1.33,LOW,100
PINELABS.NS,HOLD,nan,0.0,nan,2.6,,,nan,nan,0,LOW,60
IKS.NS,HOLD,nan,0.0,nan,2.71,,,nan,nan,0,LOW,60
STARHEALTH.NS,HOLD,nan,0.0,nan,1.46,,,nan,nan,0,LOW,60
JBCHEPHARM.NS,HOLD,nan,0.0,nan,1.45,,,nan,nan,0,LOW,60
TVSHLTD.NS,HOLD,nan,0.0,nan,1.88,,,nan,nan,0,LOW,60
IRB.NS,HOLD,nan,0.0,nan,2.66,,,nan,nan,0,LOW,60
SUMICHEM.NS,HOLD,nan,0.0,nan,2.19,,,nan,nan,0,LOW,60
AFFLE.NS,HOLD,nan,0.0,nan,2.67,,,nan,nan,0,LOW,60
AEGISLOG.NS,SELL,588.0,-11.05,-3.18,2.41,,,643.19,450.04,2.5,LOW,100
NAVINFLUOR.NS,HOLD,nan,0.0,nan,2.25,,,nan,nan,0,LOW,60
SYNGENE.NS,HOLD,nan,0.0,nan,2.69,,,nan,nan,0,LOW,60
BANDHANBNK.NS,HOLD,nan,0.0,nan,3.51,,,nan,nan,0,LOW,60
EMCURE.NS,BUY,1554.9,3.81,5.72,3.25,1523.8,1586.0,1418.37,1896.22,2.5,LOW,100
LALPATHLAB.NS,HOLD,nan,0.0,nan,1.37,,,nan,nan,0,LOW,60
AMBER.NS,HOLD,nan,0.0,nan,3.52,,,nan,nan,0,LOW,60
PPLPHARMA.NS,HOLD,nan,0.0,nan,3.07,,,nan,nan,0,LOW,60
ZFCVINDIA.NS,HOLD,nan,0.0,nan,2.09,,,nan,nan,0,LOW,60
NUVAMA.NS,HOLD,1176.3,-6.27,2.2,2.22,,,1112.06,1261.96,1.33,LOW,100
MRPL.NS,HOLD,nan,0.0,nan,5.24,,,nan,nan,0,LOW,60
RAMCOCEM.NS,HOLD,nan,0.0,nan,2.66,,,nan,nan,0,LOW,60
SHYAMMETL.NS,HOLD,nan,0.0,nan,1.75,,,nan,nan,0,LOW,60
FSL.NS,HOLD,nan,0.0,nan,3.29,,,nan,nan,0,LOW,60
EMAMILTD.NS,HOLD,nan,0.0,nan,1.77,,,nan,nan,0,LOW,60
DEEPAKNTR.NS,HOLD,nan,0.0,nan,2.57,,,nan,nan,0,LOW,60
INOXWIND.NS,HOLD,nan,0.0,nan,3.82,,,nan,nan,0,LOW,60
EIHOTEL.NS,HOLD,nan,0.0,nan,3.2,,,nan,nan,0,LOW,60
WOCKPHARMA.NS,HOLD,nan,0.0,nan,3.49,,,nan,nan,0,LOW,60
PTCIL.NS,HOLD,nan,0.0,nan,2.61,,,nan,nan,0,LOW,60
PFIZER.NS,HOLD,nan,0.0,nan,1.82,,,nan,nan,0,LOW,60
ANANDRATHI.NS,HOLD,nan,0.0,nan,1.57,,,nan,nan,0,LOW,60
KIOCL.NS,HOLD,nan,0.0,nan,5.04,,,nan,nan,0,LOW,60
MANAPPURAM.NS,HOLD,nan,0.0,nan,2.26,,,nan,nan,0,LOW,60
PNBHOUSING.NS,HOLD,nan,0.0,nan,2.97,,,nan,nan,0,LOW,60
BRIGADE.NS,HOLD,nan,0.0,nan,2.71,,,nan,nan,0,LOW,60
ABSLAMC.NS,HOLD,nan,0.0,nan,4.36,,,nan,nan,0,LOW,60
TIMKEN.NS,HOLD,nan,0.0,nan,2.55,,,nan,nan,0,LOW,60
HSCL.NS,HOLD,nan,0.0,nan,1.93,,,nan,nan,0,LOW,60
FORCEMOT.NS,HOLD,nan,0.0,nan,4.14,,,nan,nan,0,LOW,60
WELCORP.NS,HOLD,nan,0.0,nan,2.83,,,nan,nan,0,LOW,60
ANGELONE.NS,HOLD,nan,0.0,nan,3.41,,,nan,nan,0,LOW,60
TATACHEM.NS,HOLD,nan,0.0,nan,2.68,,,nan,nan,0,LOW,60
ASAHIINDIA.NS,HOLD,nan,0.0,nan,2.63,,,nan,nan,0,LOW,60
ASTRAZEN.NS,HOLD,nan,0.0,nan,1.78,,,nan,nan,0,LOW,60
ERIS.NS,HOLD,nan,0.0,nan,1.8,,,nan,nan,0,LOW,60
CESC.NS,HOLD,nan,0.0,nan,1.59,,,nan,nan,0,LOW,60
HBLENGINE.NS,HOLD,680.6,-3.53,3.18,3.57,,,633.45,743.46,1.33,LOW,100
SUNTV.NS,HOLD,nan,0.0,nan,2.65,,,nan,nan,0,LOW,60
KARURVYSYA.NS,HOLD,nan,0.0,nan,3.32,,,nan,nan,0,LOW,60
SAGILITY.NS,HOLD,nan,0.0,nan,3.68,,,nan,nan,0,LOW,60
JYOTICNC.NS,HOLD,nan,0.0,nan,3.26,,,nan,nan,0,LOW,60
KEC.NS,HOLD,nan,0.0,nan,2.97,,,nan,nan,0,LOW,60
AADHARHFC.NS,HOLD,nan,0.0,nan,2.67,,,nan,nan,0,LOW,60
IIFL.NS,HOLD,nan,0.0,nan,2.47,,,nan,nan,0,LOW,60
REDINGTON.NS,HOLD,nan,0.0,nan,3.96,,,nan,nan,0,LOW,60
HATSUN.NS,HOLD,nan,0.0,nan,2.5,,,nan,nan,0,LOW,60
CREDITACC.NS,HOLD,nan,0.0,nan,2.14,,,nan,nan,0,LOW,60
URBANCO.NS,HOLD,nan,0.0,nan,3.53,,,nan,nan,0,LOW,60
JSWHL.NS,HOLD,nan,0.0,nan,3.8,,,nan,nan,0,LOW,60
PSB.NS,HOLD,nan,0.0,nan,3.3,,,nan,nan,0,LOW,60
ONESOURCE.NS,HOLD,nan,0.0,nan,2.99,,,nan,nan,0,LOW,60
KPIL.NS,HOLD,1092.4,-2.04,2.32,2.82,,,1019.05,1190.2,1.33,LOW,100
ATHERENERG.NS,HOLD,nan,0.0,nan,2.34,,,nan,nan,0,LOW,60
SUNDRMFAST.NS,HOLD,nan,0.0,nan,1.52,,,nan,nan,0,LOW,60
ABREL.NS,HOLD,nan,0.0,nan,3.27,,,nan,nan,0,LOW,60
OLAELEC.NS,HOLD,nan,0.0,nan,5.13,,,nan,nan,0,LOW,60
CHALET.NS,HOLD,nan,0.0,nan,2.56,,,nan,nan,0,LOW,60
CHAMBLFERT.NS,HOLD,nan,0.0,nan,2.71,,,nan,nan,0,LOW,60
ANANTRAJ.NS,HOLD,nan,0.0,nan,4.11,,,nan,nan,0,LOW,60
ECLERX.NS,HOLD,nan,0.0,nan,3.26,,,nan,nan,0,LOW,60
CASTROLIND.NS,HOLD,nan,0.0,nan,1.16,,,nan,nan,0,LOW,60
SCHNEIDER.NS,HOLD,nan,0.0,nan,2.27,,,nan,nan,0,LOW,60
POLYMED.NS,HOLD,nan,0.0,nan,3.49,,,nan,nan,0,LOW,60
DCMSHRIRAM.NS,HOLD,nan,0.0,nan,2.44,,,nan,nan,0,LOW,60
BASF.NS,HOLD,nan,0.0,nan,2.48,,,nan,nan,0,LOW,60
TENNIND.NS,HOLD,nan,0.0,nan,2.66,,,nan,nan,0,LOW,60
KANSAINER.NS,HOLD,nan,0.0,nan,2.91,,,nan,nan,0,LOW,60
DEVYANI.NS,HOLD,nan,0.0,nan,2.81,,,nan,nan,0,LOW,60
NEULANDLAB.NS,HOLD,nan,0.0,nan,2.68,,,nan,nan,0,LOW,60
CROMPTON.NS,HOLD,nan,0.0,nan,2.24,,,nan,nan,0,LOW,60
EIDPARRY.NS,HOLD,nan,0.0,nan,2.51,,,nan,nan,0,LOW,60
CAMS.NS,HOLD,nan,0.0,nan,2.22,,,nan,nan,0,LOW,60
KFINTECH.NS,HOLD,nan,0.0,nan,2.64,,,nan,nan,0,LOW,60
RPOWER.NS,HOLD,nan,0.0,nan,4.33,,,nan,nan,0,LOW,60
BIKAJI.NS,HOLD,nan,0.0,nan,1.82,,,nan,nan,0,LOW,60
KAJARIACER.NS,HOLD,nan,0.0,nan,3.36,,,nan,nan,0,LOW,60
ATUL.NS,HOLD,nan,0.0,nan,2.1,,,nan,nan,0,LOW,60
SARDAEN.NS,HOLD,nan,0.0,nan,2.69,,,nan,nan,0,LOW,60
APLLTD.NS,HOLD,nan,0.0,nan,2.37,,,nan,nan,0,LOW,60
DEEPAKFERT.NS,HOLD,nan,0.0,nan,4.15,,,nan,nan,0,LOW,60
FIRSTCRY.NS,HOLD,nan,0.0,nan,5.86,,,nan,nan,0,LOW,60
JSWCEMENT.NS,HOLD,nan,0.0,nan,2.27,,,nan,nan,0,LOW,60
SAILIFE.NS,HOLD,nan,0.0,nan,1.95,,,nan,nan,0,LOW,60
CGCL.NS,HOLD,nan,0.0,nan,3.33,,,nan,nan,0,LOW,60
ARE&M.NS,SELL,723.7,-10.75,-5.91,2.34,,,775.89,593.24,2.5,LOW,100
GRINDWELL.NS,HOLD,nan,0.0,nan,2.03,,,nan,nan,0,LOW,60
VINATIORGA.NS,HOLD,nan,0.0,nan,1.87,,,nan,nan,0,LOW,60
SKFINDIA.NS,HOLD,nan,0.0,nan,2.73,,,nan,nan,0,LOW,60
MAHSCOOTER.NS,HOLD,nan,0.0,nan,2.42,,,nan,nan,0,LOW,60
JUBLPHARMA.NS,HOLD,nan,0.0,nan,2.12,,,nan,nan,0,LOW,60
ZENSARTECH.NS,HOLD,nan,0.0,nan,2.25,,,nan,nan,0,LOW,60
FIVESTAR.NS,HOLD,nan,0.0,nan,3.45,,,nan,nan,0,LOW,60
TRITURBINE.NS,HOLD,nan,0.0,nan,1.92,,,nan,nan,0,LOW,60
CARBORUNIV.NS,HOLD,nan,0.0,nan,2.45,,,nan,nan,0,LOW,60
RBLBANK.NS,HOLD,nan,0.0,nan,2.62,,,nan,nan,0,LOW,60
GSPL.NS,HOLD,nan,0.0,nan,2.95,,,nan,nan,0,LOW,60
RATNAMANI.NS,HOLD,nan,0.0,nan,2.66,,,nan,nan,0,LOW,60
PGEL.NS,HOLD,nan,0.0,nan,4.51,,,nan,nan,0,LOW,60
VENTIVE.NS,HOLD,nan,0.0,nan,2.62,,,nan,nan,0,LOW,60
NAVA.NS,HOLD,nan,0.0,nan,2.93,,,nan,nan,0,LOW,60
CUB.NS,HOLD,nan,0.0,nan,3.49,,,nan,nan,0,LOW,60
CENTURYPLY.NS,HOLD,nan,0.0,nan,2.34,,,nan,nan,0,LOW,60
BEML.NS,HOLD,nan,0.0,nan,3.77,,,nan,nan,0,LOW,60
MANYAVAR.NS,HOLD,nan,0.0,nan,3.23,,,nan,nan,0,LOW,60
ABLBL.NS,HOLD,97.96,-5.07,4.95,3.17,,,92.14,105.72,1.33,LOW,100
NETWEB.NS,HOLD,nan,0.0,nan,2.35,,,nan,nan,0,LOW,60
TBOTEK.NS,HOLD,nan,0.0,nan,2.84,,,nan,nan,0,LOW,60
CONCORDBIO.NS,HOLD,nan,0.0,nan,1.97,,,nan,nan,0,LOW,60
TRAVELFOOD.NS,HOLD,nan,0.0,nan,2.19,,,nan,nan,0,LOW,60
CPPLUS.NS,HOLD,nan,0.0,nan,2.81,,,nan,nan,0,LOW,60
UTIAMC.NS,HOLD,nan,0.0,nan,2.05,,,nan,nan,0,LOW,60
SOBHA.NS,HOLD,nan,0.0,nan,2.91,,,nan,nan,0,LOW,60
LMW.NS,HOLD,nan,0.0,nan,3.5,,,nan,nan,0,LOW,60
ACMESOLAR.NS,HOLD,nan,0.0,nan,3.65,,,nan,nan,0,LOW,60
IRCON.NS,HOLD,nan,0.0,nan,4.42,,,nan,nan,0,LOW,60
GABRIEL.NS,HOLD,nan,0.0,nan,3.2,,,nan,nan,0,LOW,60
GMDCLTD.NS,HOLD,nan,0.0,nan,2.93,,,nan,nan,0,LOW,60
CRAFTSMAN.NS,HOLD,nan,0.0,nan,2.97,,,nan,nan,0,LOW,60
ELGIEQUIP.NS,HOLD,nan,0.0,nan,2.19,,,nan,nan,0,LOW,60
NATCOPHARM.NS,HOLD,nan,0.0,nan,2.41,,,nan,nan,0,LOW,60
CHOICEIN.NS,HOLD,nan,0.0,nan,3.71,,,nan,nan,0,LOW,60
VGUARD.NS,HOLD,nan,0.0,nan,1.62,,,nan,nan,0,LOW,60
APTUS.NS,HOLD,nan,0.0,nan,2.57,,,nan,nan,0,LOW,60
SIGNATURE.NS,HOLD,nan,0.0,nan,3.01,,,nan,nan,0,LOW,60
CIEINDIA.NS,HOLD,nan,0.0,nan,2.69,,,nan,nan,0,LOW,60
TECHNOE.NS,HOLD,nan,0.0,nan,3.03,,,nan,nan,0,LOW,60
WHIRLPOOL.NS,HOLD,nan,0.0,nan,2.69,,,nan,nan,0,LOW,60
JMFINANCIL.NS,HOLD,nan,0.0,nan,3.57,,,nan,nan,0,LOW,60
GPIL.NS,HOLD,nan,0.0,nan,3.11,,,nan,nan,0,LOW,60
AFCONS.NS,HOLD,nan,0.0,nan,1.95,,,nan,nan,0,LOW,60
AKZOINDIA.NS,HOLD,nan,0.0,nan,2.55,,,nan,nan,0,LOW,60
ABDL.NS,HOLD,nan,0.0,nan,3.22,,,nan,nan,0,LOW,60
CAPLIPOINT.NS,HOLD,nan,0.0,nan,1.72,,,nan,nan,0,LOW,60
DATAPATTNS.NS,HOLD,nan,0.0,nan,3.08,,,nan,nan,0,LOW,60
IGIL.NS,SELL,317.45,-1.63,-6.08,2.75,,,349.16,238.16,2.5,LOW,100
DOMS.NS,HOLD,nan,0.0,nan,2.75,,,nan,nan,0,LOW,60
LTFOODS.NS,HOLD,384.7,-1.57,0.39,3.1,,,363.48,413.0,1.33,LOW,80
KIRLOSBROS.NS,HOLD,nan,0.0,nan,3.93,,,nan,nan,0,LOW,60
AGARWALEYE.NS,HOLD,nan,0.0,nan,1.52,,,nan,nan,0,LOW,60
JBMA.NS,HOLD,nan,0.0,nan,5.72,,,nan,nan,0,LOW,60
RRKABEL.NS,SELL,1321.8,-6.49,-5.32,2.65,,,1418.3,1080.55,2.5,LOW,100
GALLANTT.NS,HOLD,nan,0.0,nan,2.15,,,nan,nan,0,LOW,60
IFCI.NS,HOLD,nan,0.0,nan,3.78,,,nan,nan,0,LOW,60
NIVABUPA.NS,HOLD,nan,0.0,nan,1.87,,,nan,nan,0,LOW,60
INDIAMART.NS,HOLD,nan,0.0,nan,1.9,,,nan,nan,0,LOW,60
GESHIP.NS,HOLD,nan,0.0,nan,3.03,,,nan,nan,0,LOW,60
PARADEEP.NS,HOLD,nan,0.0,nan,3.31,,,nan,nan,0,LOW,60
CEATLTD.NS,HOLD,nan,0.0,nan,3.95,,,nan,nan,0,LOW,60
TRIDENT.NS,HOLD,nan,0.0,nan,3.67,,,nan,nan,0,LOW,60
RAINBOW.NS,HOLD,nan,0.0,nan,1.74,,,nan,nan,0,LOW,60
INTELLECT.NS,HOLD,nan,0.0,nan,2.94,,,nan,nan,0,LOW,60
SYRMA.NS,HOLD,nan,0.0,nan,3.4,,,nan,nan,0,LOW,60
FINEORG.NS,HOLD,nan,0.0,nan,2.79,,,nan,nan,0,LOW,60
NUVOCO.NS,HOLD,nan,0.0,nan,3.2,,,nan,nan,0,LOW,60
BATAINDIA.NS,HOLD,nan,0.0,nan,2.88,,,nan,nan,0,LOW,60
SWANCORP.NS,HOLD,nan,0.0,nan,3.57,,,nan,nan,0,LOW,60
KIRLOSENG.NS,HOLD,nan,0.0,nan,2.77,,,nan,nan,0,LOW,60
BLS.NS,HOLD,nan,0.0,nan,5.39,,,nan,nan,0,LOW,60
AARTIIND.NS,HOLD,nan,0.0,nan,3.27,,,nan,nan,0,LOW,60
THELEELA.NS,HOLD,414.1,-2.92,1.64,1.67,,,390.04,446.19,1.33,LOW,80
EMMVEE.NS,HOLD,nan,0.0,nan,3.57,,,nan,nan,0,LOW,60
SPLPETRO.NS,HOLD,nan,0.0,nan,3.86,,,nan,nan,0,LOW,60
BLUEDART.NS,HOLD,nan,0.0,nan,1.94,,,nan,nan,0,LOW,60
ZYDUSWELL.NS,HOLD,nan,0.0,nan,4.28,,,nan,nan,0,LOW,60
KSB.NS,HOLD,nan,0.0,nan,2.08,,,nan,nan,0,LOW,60
PCBL.NS,HOLD,nan,0.0,nan,5.07,,,nan,nan,0,LOW,60
JWL.NS,HOLD,nan,0.0,nan,5.05,,,nan,nan,0,LOW,60
CEMPRO.NS,HOLD,562.15,-4.3,3.4,3.26,,,518.56,620.26,1.33,LOW,100
ZENTEC.NS,HOLD,nan,0.0,nan,2.67,,,nan,nan,0,LOW,60
JAINREC.NS,BUY,443.2,7.94,1.21,1.66,434.34,452.06,404.3,540.45,2.5,LOW,80
GODREJAGRO.NS,HOLD,nan,0.0,nan,2.69,,,nan,nan,0,LOW,60
IEX.NS,HOLD,nan,0.0,nan,2.72,,,nan,nan,0,LOW,60
BBTC.NS,HOLD,nan,0.0,nan,2.91,,,nan,nan,0,LOW,60
CYIENT.NS,HOLD,nan,0.0,nan,2.85,,,nan,nan,0,LOW,60
INDGN.NS,HOLD,nan,0.0,nan,2.96,,,nan,nan,0,LOW,60
AAVAS.NS,HOLD,nan,0.0,nan,2.34,,,nan,nan,0,LOW,60
MINDACORP.NS,HOLD,nan,0.0,nan,2.85,,,nan,nan,0,LOW,60
BELRISE.NS,HOLD,nan,0.0,nan,3.27,,,nan,nan,0,LOW,60
CELLO.NS,HOLD,nan,0.0,nan,3.0,,,nan,nan,0,LOW,60
JPPOWER.NS,HOLD,nan,0.0,nan,4.78,,,nan,nan,0,LOW,60
TARIL.NS,SELL,268.45,-2.3,-2.13,4.28,,,300.28,188.88,2.5,LOW,100
NEWGEN.NS,HOLD,nan,0.0,nan,2.98,,,nan,nan,0,LOW,60
ANURAS.NS,HOLD,nan,0.0,nan,1.64,,,nan,nan,0,LOW,60
GRANULES.NS,HOLD,nan,0.0,nan,2.49,,,nan,nan,0,LOW,60
GRAVITA.NS,HOLD,nan,0.0,nan,3.48,,,nan,nan,0,LOW,60
HOMEFIRST.NS,HOLD,nan,0.0,nan,2.51,,,nan,nan,0,LOW,60
MGL.NS,HOLD,nan,0.0,nan,2.07,,,nan,nan,0,LOW,60
USHAMART.NS,HOLD,nan,0.0,nan,2.76,,,nan,nan,0,LOW,60
LEMONTREE.NS,HOLD,nan,0.0,nan,2.88,,,nan,nan,0,LOW,60
TEGA.NS,HOLD,nan,0.0,nan,3.08,,,nan,nan,0,LOW,60
VTL.NS,HOLD,nan,0.0,nan,1.57,,,nan,nan,0,LOW,60
NCC.NS,HOLD,nan,0.0,nan,2.98,,,nan,nan,0,LOW,60
FINCABLES.NS,HOLD,nan,0.0,nan,3.3,,,nan,nan,0,LOW,60
SKFINDUS.NS,HOLD,2221.8,-7.4,1.02,2.26,,,2061.06,2436.11,1.33,LOW,80
ACE.NS,HOLD,nan,0.0,nan,3.1,,,nan,nan,0,LOW,60
ELECON.NS,HOLD,nan,0.0,nan,2.96,,,nan,nan,0,LOW,60
EMBDL.NS,SELL,47.95,-15.58,-3.79,3.95,,,53.42,34.29,2.5,LOW,100
JINDALSAW.NS,HOLD,nan,0.0,nan,5.28,,,nan,nan,0,LOW,60
WELSPUNLIV.NS,HOLD,nan,0.0,nan,3.28,,,nan,nan,0,LOW,60
NSLNISP.NS,HOLD,nan,0.0,nan,3.12,,,nan,nan,0,LOW,60
ACUTAAS.NS,HOLD,2214.0,4.56,-1.22,4.9,,,1970.16,2539.11,1.33,LOW,80
RITES.NS,HOLD,nan,0.0,nan,2.99,,,nan,nan,0,LOW,60
CCL.NS,HOLD,nan,0.0,nan,2.09,,,nan,nan,0,LOW,60
FINPIPE.NS,HOLD,nan,0.0,nan,2.65,,,nan,nan,0,LOW,60
SAMMAANCAP.NS,HOLD,nan,0.0,nan,2.82,,,nan,nan,0,LOW,60
INGERRAND.NS,HOLD,nan,0.0,nan,1.97,,,nan,nan,0,LOW,60
INDIACEM.NS,HOLD,nan,0.0,nan,2.27,,,nan,nan,0,LOW,60
BLUEJET.NS,HOLD,nan,0.0,nan,3.63,,,nan,nan,0,LOW,60
CARTRADE.NS,HOLD,nan,0.0,nan,2.87,,,nan,nan,0,LOW,60
CHENNPETRO.NS,HOLD,nan,0.0,nan,4.3,,,nan,nan,0,LOW,60
TSFINV.NS,SELL,348.8,-12.15,-3.29,3.6,,,385.16,257.91,2.5,LOW,100
SBFC.NS,SELL,84.4,-7.95,-1.49,1.77,,,91.13,67.57,2.5,LOW,80
CANHLIFE.NS,HOLD,145.03,-0.76,0.31,1.93,,,136.94,155.82,1.33,LOW,60
RAILTEL.NS,HOLD,nan,0.0,nan,3.51,,,nan,nan,0,LOW,60
CLEAN.NS,HOLD,nan,0.0,nan,2.83,,,nan,nan,0,LOW,60
TITAGARH.NS,HOLD,nan,0.0,nan,3.25,,,nan,nan,0,LOW,60
JYOTHYLAB.NS,HOLD,nan,0.0,nan,2.79,,,nan,nan,0,LOW,60
SHRIPISTON.NS,HOLD,nan,0.0,nan,3.54,,,nan,nan,0,LOW,60
ALIVUS.NS,BUY,1039.8,11.63,12.04,1.6,1019.0,1060.6,960.64,1237.69,2.5,LOW,100
ENGINERSIN.NS,HOLD,nan,0.0,nan,3.86,,,nan,nan,0,LOW,60
J&KBANK.NS,HOLD,nan,0.0,nan,4.05,,,nan,nan,0,LOW,60
OLECTRA.NS,HOLD,nan,0.0,nan,5.62,,,nan,nan,0,LOW,60
GRINFRA.NS,HOLD,nan,0.0,nan,2.05,,,nan,nan,0,LOW,60
JUBLINGREA.NS,HOLD,nan,0.0,nan,2.9,,,nan,nan,0,LOW,60
SANOFI.NS,HOLD,nan,0.0,nan,1.81,,,nan,nan,0,LOW,60
SANOFICONR.NS,BUY,4530.5,6.44,7.42,2.85,4439.89,4621.11,4130.94,5529.39,2.5,LOW,100
EUREKAFORB.NS,HOLD,461.8,-4.95,1.11,2.67,,,427.62,507.38,1.33,LOW,80
WAAREERTL.NS,HOLD,856.7,-0.59,1.58,3.14,,,800.83,931.19,1.33,LOW,60
RELAXO.NS,HOLD,nan,0.0,nan,3.87,,,nan,nan,0,LOW,60
PRUDENT.NS,HOLD,nan,0.0,nan,2.72,,,nan,nan,0,LOW,60
VIKRAMSOLR.NS,HOLD,nan,0.0,nan,3.58,,,nan,nan,0,LOW,60
TTML.NS,HOLD,nan,0.0,nan,4.5,,,nan,nan,0,LOW,60
CANFINHOME.NS,HOLD,nan,0.0,nan,2.41,,,nan,nan,0,LOW,60
BSOFT.NS,HOLD,nan,0.0,nan,3.1,,,nan,nan,0,LOW,60
GRAPHITE.NS,HOLD,nan,0.0,nan,3.54,,,nan,nan,0,LOW,60
JKTYRE.NS,HOLD,nan,0.0,nan,3.44,,,nan,nan,0,LOW,60
BLACKBUCK.NS,SELL,561.85,-4.53,-5.82,2.29,,,614.94,429.12,2.5,LOW,100
ZEEL.NS,HOLD,nan,0.0,nan,3.29,,,nan,nan,0,LOW,60
SAFARI.NS,HOLD,nan,0.0,nan,3.03,,,nan,nan,0,LOW,60
INOXINDIA.NS,HOLD,nan,0.0,nan,2.56,,,nan,nan,0,LOW,60
HFCL.NS,HOLD,nan,0.0,nan,3.12,,,nan,nan,0,LOW,60
RUBICON.NS,HOLD,nan,0.0,nan,2.0,,,nan,nan,0,LOW,60
PVRINOX.NS,SELL,946.4,-5.18,-5.11,1.99,,,1015.38,773.95,2.5,LOW,100
SCI.NS,HOLD,nan,0.0,nan,3.52,,,nan,nan,0,LOW,60
JKLAKSHMI.NS,HOLD,nan,0.0,nan,2.9,,,nan,nan,0,LOW,60
VIJAYA.NS,HOLD,nan,0.0,nan,1.45,,,nan,nan,0,LOW,60
PRIVISCL.NS,HOLD,nan,0.0,nan,1.7,,,nan,nan,0,LOW,60
SONATSOFTW.NS,HOLD,nan,0.0,nan,2.94,,,nan,nan,0,LOW,60
AETHER.NS,HOLD,nan,0.0,nan,4.84,,,nan,nan,0,LOW,60
AZAD.NS,HOLD,nan,0.0,nan,2.81,,,nan,nan,0,LOW,60
EDELWEISS.NS,HOLD,nan,0.0,nan,2.74,,,nan,nan,0,LOW,60
NAZARA.NS,HOLD,nan,0.0,nan,3.52,,,nan,nan,0,LOW,60
METROPOLIS.NS,HOLD,nan,0.0,nan,1.58,,,nan,nan,0,LOW,60
IXIGO.NS,HOLD,nan,0.0,nan,3.23,,,nan,nan,0,LOW,60
BALRAMCHIN.NS,HOLD,nan,0.0,nan,2.55,,,nan,nan,0,LOW,60
VESUVIUS.NS,HOLD,nan,0.0,nan,2.5,,,nan,nan,0,LOW,60
WESTLIFE.NS,HOLD,nan,0.0,nan,3.3,,,nan,nan,0,LOW,60
RKFORGE.NS,HOLD,nan,0.0,nan,3.43,,,nan,nan,0,LOW,60
STARCEMENT.NS,HOLD,nan,0.0,nan,1.41,,,nan,nan,0,LOW,60
GENUSPOWER.NS,HOLD,nan,0.0,nan,3.72,,,nan,nan,0,LOW,60
RELINFRA.NS,HOLD,nan,0.0,nan,3.85,,,nan,nan,0,LOW,60
HEG.NS,HOLD,nan,0.0,nan,4.26,,,nan,nan,0,LOW,60
PGHL.NS,HOLD,nan,0.0,nan,1.05,,,nan,nan,0,LOW,60
ALKYLAMINE.NS,HOLD,nan,0.0,nan,4.77,,,nan,nan,0,LOW,60
TEJASNET.NS,HOLD,nan,0.0,nan,5.07,,,nan,nan,0,LOW,60
SHAILY.NS,HOLD,nan,0.0,nan,5.41,,,nan,nan,0,LOW,60
TIMETECHNO.NS,HOLD,nan,0.0,nan,3.38,,,nan,nan,0,LOW,60
BANCOINDIA.NS,HOLD,nan,0.0,nan,3.61,,,nan,nan,0,LOW,60
AVANTIFEED.NS,HOLD,nan,0.0,nan,3.89,,,nan,nan,0,LOW,60
IIFLCAPS.NS,SELL,263.04,-13.07,-2.92,3.05,,,292.25,190.03,2.5,LOW,100
ASKAUTOLTD.NS,BUY,433.15,1.42,3.49,2.68,424.49,441.81,395.93,526.2,2.5,LOW,100
MEDPLUS.NS,HOLD,nan,0.0,nan,1.79,,,nan,nan,0,LOW,60
SHAKTIPUMP.NS,HOLD,nan,0.0,nan,3.7,,,nan,nan,0,LOW,60
ABFRL.NS,HOLD,nan,0.0,nan,3.45,,,nan,nan,0,LOW,60
MMTC.NS,HOLD,nan,0.0,nan,5.2,,,nan,nan,0,LOW,60
SUDARSCHEM.NS,HOLD,nan,0.0,nan,3.56,,,nan,nan,0,LOW,60
RHIM.NS,HOLD,nan,0.0,nan,3.27,,,nan,nan,0,LOW,60
AEQUS.NS,HOLD,nan,0.0,nan,3.12,,,nan,nan,0,LOW,60
JLHL.NS,HOLD,nan,0.0,nan,1.39,,,nan,nan,0,LOW,60
INDIASHLTR.NS,HOLD,nan,0.0,nan,3.52,,,nan,nan,0,LOW,60
ASTRAMICRO.NS,HOLD,nan,0.0,nan,2.94,,,nan,nan,0,LOW,60
TDPOWERSYS.NS,HOLD,nan,0.0,nan,2.88,,,nan,nan,0,LOW,60
KPIGREEN.NS,HOLD,nan,0.0,nan,4.3,,,nan,nan,0,LOW,60
TRANSRAILL.NS,HOLD,nan,0.0,nan,3.1,,,nan,nan,0,LOW,60
BIRLACORPN.NS,HOLD,nan,0.0,nan,3.86,,,nan,nan,0,LOW,60
SAPPHIRE.NS,HOLD,nan,0.0,nan,3.42,,,nan,nan,0,LOW,60
MAPMYINDIA.NS,HOLD,nan,0.0,nan,3.62,,,nan,nan,0,LOW,60
UJJIVANSFB.NS,HOLD,nan,0.0,nan,4.2,,,nan,nan,0,LOW,60
HCG.NS,HOLD,nan,0.0,nan,2.27,,,nan,nan,0,LOW,60
NESCO.NS,HOLD,nan,0.0,nan,2.37,,,nan,nan,0,LOW,60
HAPPYFORGE.NS,HOLD,nan,0.0,nan,3.04,,,nan,nan,0,LOW,60
HONASA.NS,HOLD,nan,0.0,nan,2.66,,,nan,nan,0,LOW,60
KRBL.NS,HOLD,nan,0.0,nan,3.56,,,nan,nan,0,LOW,60
VARROC.NS,HOLD,nan,0.0,nan,3.1,,,nan,nan,0,LOW,60
SANSERA.NS,HOLD,nan,0.0,nan,3.63,,,nan,nan,0,LOW,60
LATENTVIEW.NS,HOLD,nan,0.0,nan,5.65,,,nan,nan,0,LOW,60
BLUESTONE.NS,HOLD,nan,0.0,nan,3.13,,,nan,nan,0,LOW,60
WABAG.NS,HOLD,nan,0.0,nan,3.23,,,nan,nan,0,LOW,60
LLOYDSENT.NS,HOLD,nan,0.0,nan,3.8,,,nan,nan,0,LOW,60
TI.NS,HOLD,nan,0.0,nan,2.86,,,nan,nan,0,LOW,60
ALOKINDS.NS,HOLD,nan,0.0,nan,4.0,,,nan,nan,0,LOW,60
SANDUMA.NS,HOLD,nan,0.0,nan,3.49,,,nan,nan,0,LOW,60
TTKPRESTIG.NS,HOLD,nan,0.0,nan,4.82,,,nan,nan,0,LOW,60
DBREALTY.NS,HOLD,nan,0.0,nan,3.99,,,nan,nan,0,LOW,60
MARKSANS.NS,HOLD,nan,0.0,nan,3.15,,,nan,nan,0,LOW,60
TCI.NS,HOLD,nan,0.0,nan,3.97,,,nan,nan,0,LOW,60
BBOX.NS,HOLD,nan,0.0,nan,3.0,,,nan,nan,0,LOW,60
POWERMECH.NS,HOLD,nan,0.0,nan,3.81,,,nan,nan,0,LOW,60
ORKLAINDIA.NS,HOLD,nan,0.0,nan,1.32,,,nan,nan,0,LOW,60
SOUTHBANK.NS,HOLD,nan,0.0,nan,3.38,,,nan,nan,0,LOW,60
LOTUSDEV.NS,HOLD,nan,0.0,nan,4.74,,,nan,nan,0,LOW,60
JAIBALAJI.NS,HOLD,nan,0.0,nan,4.64,,,nan,nan,0,LOW,60
SAREGAMA.NS,HOLD,nan,0.0,nan,2.57,,,nan,nan,0,LOW,60
JSLL.NS,HOLD,nan,0.0,nan,3.67,,,nan,nan,0,LOW,60
PCJEWELLER.NS,HOLD,nan,0.0,nan,3.14,,,nan,nan,0,LOW,60
LUMAXTECH.NS,HOLD,nan,0.0,nan,4.02,,,nan,nan,0,LOW,60
CORONA.NS,HOLD,nan,0.0,nan,2.2,,,nan,nan,0,LOW,60
TANLA.NS,HOLD,nan,0.0,nan,3.82,,,nan,nan,0,LOW,60
MANORAMA.NS,HOLD,nan,0.0,nan,3.73,,,nan,nan,0,LOW,60
ARVIND.NS,HOLD,nan,0.0,nan,2.66,,,nan,nan,0,LOW,60
APOLLO.NS,HOLD,nan,0.0,nan,3.79,,,nan,nan,0,LOW,60
PNGJL.NS,BUY,599.1,7.64,6.03,2.75,587.12,611.08,549.16,723.96,2.5,LOW,100
MAHSEAMLES.NS,HOLD,nan,0.0,nan,2.35,,,nan,nan,0,LOW,60
HAPPSTMNDS.NS,HOLD,nan,0.0,nan,5.72,,,nan,nan,0,LOW,60
CAMPUS.NS,HOLD,nan,0.0,nan,2.24,,,nan,nan,0,LOW,60
RELIGARE.NS,HOLD,nan,0.0,nan,4.46,,,nan,nan,0,LOW,60
GMRP&UI.NS,HOLD,nan,0.0,nan,3.66,,,nan,nan,0,LOW,60
BECTORFOOD.NS,HOLD,nan,0.0,nan,2.39,,,nan,nan,0,LOW,60
WEWORK.NS,HOLD,nan,0.0,nan,3.62,,,nan,nan,0,LOW,60
RCF.NS,HOLD,nan,0.0,nan,5.06,,,nan,nan,0,LOW,60
ESABINDIA.NS,HOLD,nan,0.0,nan,2.02,,,nan,nan,0,LOW,60
VOLTAMP.NS,HOLD,nan,0.0,nan,2.31,,,nan,nan,0,LOW,60
STAR.NS,HOLD,nan,0.0,nan,1.58,,,nan,nan,0,LOW,60
GALAXYSURF.NS,HOLD,nan,0.0,nan,3.17,,,nan,nan,0,LOW,60
MAHLIFE.NS,HOLD,nan,0.0,nan,3.42,,,nan,nan,0,LOW,60
GPPL.NS,HOLD,nan,0.0,nan,2.52,,,nan,nan,0,LOW,60
SHARDACROP.NS,HOLD,nan,0.0,nan,3.07,,,nan,nan,0,LOW,60
OSWALPUMPS.NS,BUY,343.95,1.73,12.9,4.24,337.07,350.83,304.26,443.16,2.5,LOW,100
DODLA.NS,HOLD,nan,0.0,nan,3.89,,,nan,nan,0,LOW,60
NETWORK18.NS,HOLD,nan,0.0,nan,3.85,,,nan,nan,0,LOW,60
DIACABS.NS,HOLD,nan,0.0,nan,3.66,,,nan,nan,0,LOW,60
GRWRHITECH.NS,HOLD,nan,0.0,nan,3.92,,,nan,nan,0,LOW,60
CERA.NS,HOLD,nan,0.0,nan,2.87,,,nan,nan,0,LOW,60
KIRLPNU.NS,HOLD,nan,0.0,nan,2.37,,,nan,nan,0,LOW,60
BORORENEW.NS,HOLD,nan,0.0,nan,3.88,,,nan,nan,0,LOW,60
KALPATARU.NS,HOLD,nan,0.0,nan,3.07,,,nan,nan,0,LOW,60
TRIVENI.NS,HOLD,nan,0.0,nan,3.74,,,nan,nan,0,LOW,60
GSFC.NS,HOLD,nan,0.0,nan,3.45,,,nan,nan,0,LOW,60
GARFIBRES.NS,HOLD,nan,0.0,nan,1.47,,,nan,nan,0,LOW,60
ACI.NS,HOLD,nan,0.0,nan,2.68,,,nan,nan,0,LOW,60
SHILPAMED.NS,HOLD,nan,0.0,nan,3.28,,,nan,nan,0,LOW,60
DBL.NS,HOLD,nan,0.0,nan,2.85,,,nan,nan,0,LOW,60
MAXESTATES.NS,SELL,348.0,-9.05,-7.14,3.65,,,388.74,246.16,2.5,LOW,100
THOMASCOOK.NS,HOLD,nan,0.0,nan,4.38,,,nan,nan,0,LOW,60
SUDEEPPHRM.NS,HOLD,nan,0.0,nan,3.06,,,nan,nan,0,LOW,60
AARTIPHARM.NS,HOLD,nan,0.0,nan,2.87,,,nan,nan,0,LOW,60
GNFC.NS,HOLD,nan,0.0,nan,3.37,,,nan,nan,0,LOW,60
THANGAMAYL.NS,HOLD,nan,0.0,nan,3.8,,,nan,nan,0,LOW,60
PRSMJOHNSN.NS,HOLD,nan,0.0,nan,0.44,,,nan,nan,0,LOW,60
RUSTOMJEE.NS,HOLD,nan,0.0,nan,2.46,,,nan,nan,0,LOW,60
AKUMS.NS,BUY,489.55,4.36,4.56,3.12,479.76,499.34,450.5,587.17,2.5,LOW,100
AJAXENGG.NS,HOLD,nan,0.0,nan,3.38,,,nan,nan,0,LOW,60
ETHOSLTD.NS,HOLD,nan,0.0,nan,2.93,,,nan,nan,0,LOW,60
PNCINFRA.NS,HOLD,nan,0.0,nan,3.52,,,nan,nan,0,LOW,60
FDC.NS,HOLD,nan,0.0,nan,1.82,,,nan,nan,0,LOW,60
LLOYDSENGG.NS,HOLD,45.7,-0.86,11.33,4.51,,,41.48,51.33,1.33,LOW,80
REDTAPE.NS,SELL,114.02,-5.12,-4.48,2.12,,,125.02,86.51,2.5,LOW,100
TMB.NS,HOLD,nan,0.0,nan,3.61,,,nan,nan,0,LOW,60
TIPSMUSIC.NS,HOLD,nan,0.0,nan,2.65,,,nan,nan,0,LOW,60
ATLANTAELE.NS,HOLD,nan,0.0,nan,4.92,,,nan,nan,0,LOW,60
EPIGRAL.NS,BUY,950.9,1.29,12.06,3.08,931.88,969.92,867.73,1158.83,2.5,LOW,100
INOXGREEN.NS,HOLD,nan,0.0,nan,4.12,,,nan,nan,0,LOW,60
SFL.NS,HOLD,nan,0.0,nan,2.95,,,nan,nan,0,LOW,60
V2RETAIL.NS,HOLD,nan,0.0,nan,2.29,,,nan,nan,0,LOW,60
MASTEK.NS,HOLD,nan,0.0,nan,3.65,,,nan,nan,0,LOW,60
BALUFORGE.NS,HOLD,nan,0.0,nan,3.79,,,nan,nan,0,LOW,60
MOIL.NS,HOLD,nan,0.0,nan,5.26,,,nan,nan,0,LOW,60
GANESHHOU.NS,SELL,555.65,-16.09,-6.96,4.17,,,624.81,382.76,2.5,LOW,100
RTNINDIA.NS,HOLD,nan,0.0,nan,4.56,,,nan,nan,0,LOW,60
PFOCUS.NS,HOLD,nan,0.0,nan,3.63,,,nan,nan,0,LOW,60
WELENT.NS,HOLD,nan,0.0,nan,2.78,,,nan,nan,0,LOW,60
RAYMONDLSL.NS,SELL,787.05,-10.59,-2.13,4.6,,,903.52,495.87,2.5,LOW,100
ISGEC.NS,HOLD,nan,0.0,nan,2.32,,,nan,nan,0,LOW,60
PRAJIND.NS,HOLD,nan,0.0,nan,2.11,,,nan,nan,0,LOW,60
RATEGAIN.NS,HOLD,nan,0.0,nan,4.03,,,nan,nan,0,LOW,60
MIDHANI.NS,HOLD,nan,0.0,nan,4.0,,,nan,nan,0,LOW,60
KTKBANK.NS,HOLD,nan,0.0,nan,3.34,,,nan,nan,0,LOW,60
YATHARTH.NS,HOLD,nan,0.0,nan,3.03,,,nan,nan,0,LOW,60
CSBBANK.NS,HOLD,nan,0.0,nan,4.3,,,nan,nan,0,LOW,60
EPL.NS,HOLD,nan,0.0,nan,3.2,,,nan,nan,0,LOW,60
AURIONPRO.NS,HOLD,nan,0.0,nan,3.58,,,nan,nan,0,LOW,60
JUSTDIAL.NS,HOLD,nan,0.0,nan,2.16,,,nan,nan,0,LOW,60
MHRIL.NS,HOLD,nan,0.0,nan,2.45,,,nan,nan,0,LOW,60
THYROCARE.NS,HOLD,nan,0.0,nan,2.63,,,nan,nan,0,LOW,60
ARVINDFASN.NS,HOLD,nan,0.0,nan,3.31,,,nan,nan,0,LOW,60
EQUITASBNK.NS,HOLD,nan,0.0,nan,2.77,,,nan,nan,0,LOW,60
ELLEN.NS,HOLD,nan,0.0,nan,5.7,,,nan,nan,0,LOW,60
CMSINFO.NS,HOLD,nan,0.0,nan,2.16,,,nan,nan,0,LOW,60
PGIL.NS,HOLD,nan,0.0,nan,3.43,,,nan,nan,0,LOW,60
DHANUKA.NS,HOLD,nan,0.0,nan,2.52,,,nan,nan,0,LOW,60
SYMPHONY.NS,HOLD,nan,0.0,nan,3.04,,,nan,nan,0,LOW,60
QPOWER.NS,HOLD,nan,0.0,nan,3.82,,,nan,nan,0,LOW,60
CUPID.NS,HOLD,nan,0.0,nan,4.44,,,nan,nan,0,LOW,60
AHLUCONT.NS,HOLD,nan,0.0,nan,2.63,,,nan,nan,0,LOW,60
IFBIND.NS,HOLD,nan,0.0,nan,3.45,,,nan,nan,0,LOW,60
BAJAJELEC.NS,HOLD,nan,0.0,nan,2.85,,,nan,nan,0,LOW,60
PARKHOSPS.NS,HOLD,nan,0.0,nan,3.86,,,nan,nan,0,LOW,60
JKPAPER.NS,HOLD,nan,0.0,nan,3.64,,,nan,nan,0,LOW,60
PRICOLLTD.NS,HOLD,nan,0.0,nan,2.84,,,nan,nan,0,LOW,60
AVALON.NS,HOLD,nan,0.0,nan,3.37,,,nan,nan,0,LOW,60
SURYAROSNI.NS,HOLD,nan,0.0,nan,4.27,,,nan,nan,0,LOW,60
HNDFDS.NS,BUY,487.65,0.6,1.98,2.31,477.9,497.4,448.82,584.72,2.5,LOW,60
PURVA.NS,HOLD,nan,0.0,nan,4.3,,,nan,nan,0,LOW,60
UTLSOLAR.NS,BUY,222.97,11.87,13.3,2.91,218.51,227.43,203.33,272.08,2.5,LOW,100
AVL.NS,HOLD,462.45,-3.69,2.28,1.4,,,435.2,498.78,1.33,LOW,100
RTNPOWER.NS,HOLD,nan,0.0,nan,3.48,,,nan,nan,0,LOW,60
RENUKA.NS,HOLD,nan,0.0,nan,2.48,,,nan,nan,0,LOW,60
GREENLAM.NS,HOLD,nan,0.0,nan,3.27,,,nan,nan,0,LOW,60
SUPRAJIT.NS,HOLD,nan,0.0,nan,2.17,,,nan,nan,0,LOW,60
JAYNECOIND.NS,HOLD,nan,0.0,nan,3.66,,,nan,nan,0,LOW,60
VMART.NS,HOLD,nan,0.0,nan,4.44,,,nan,nan,0,LOW,60
IONEXCHANG.NS,HOLD,nan,0.0,nan,3.77,,,nan,nan,0,LOW,60
SUNTECK.NS,HOLD,nan,0.0,nan,4.04,,,nan,nan,0,LOW,60
JUNIPER.NS,HOLD,nan,0.0,nan,3.31,,,nan,nan,0,LOW,60
WAKEFIT.NS,SELL,145.89,-18.52,-7.42,3.66,,,164.62,99.05,2.5,LOW,100
HGINFRA.NS,HOLD,nan,0.0,nan,4.06,,,nan,nan,0,LOW,60
ICRA.NS,HOLD,nan,0.0,nan,1.63,,,nan,nan,0,LOW,60
SUBROS.NS,HOLD,nan,0.0,nan,3.31,,,nan,nan,0,LOW,60
AXISCADES.NS,HOLD,nan,0.0,nan,3.46,,,nan,nan,0,LOW,60
CRAMC.NS,HOLD,nan,0.0,nan,3.79,,,nan,nan,0,LOW,60
RALLIS.NS,HOLD,nan,0.0,nan,2.75,,,nan,nan,0,LOW,60
GOKEX.NS,HOLD,nan,0.0,nan,3.71,,,nan,nan,0,LOW,60
MTARTECH.NS,HOLD,nan,0.0,nan,3.26,,,nan,nan,0,LOW,60
GULFOILLUB.NS,HOLD,nan,0.0,nan,2.91,,,nan,nan,0,LOW,60
CHEMPLASTS.NS,HOLD,nan,0.0,nan,4.07,,,nan,nan,0,LOW,60
ASHAPURMIN.NS,HOLD,nan,0.0,nan,2.99,,,nan,nan,0,LOW,60
SWSOLAR.NS,HOLD,nan,0.0,nan,4.09,,,nan,nan,0,LOW,60
SHARDAMOTR.NS,HOLD,nan,0.0,nan,3.52,,,nan,nan,0,LOW,60
PICCADIL.NS,HOLD,nan,0.0,nan,1.92,,,nan,nan,0,LOW,60
INDIAGLYCO.NS,HOLD,nan,0.0,nan,2.61,,,nan,nan,0,LOW,60
MANINFRA.NS,HOLD,nan,0.0,nan,4.05,,,nan,nan,0,LOW,60
VIPIND.NS,HOLD,nan,0.0,nan,2.84,,,nan,nan,0,LOW,60
ELECTCAST.NS,HOLD,nan,0.0,nan,6.69,,,nan,nan,0,LOW,60
TIIL.NS,HOLD,nan,0.0,nan,2.36,,,nan,nan,0,LOW,60
PILANIINVS.NS,HOLD,nan,0.0,nan,3.42,,,nan,nan,0,LOW,60
SMARTWORKS.NS,HOLD,nan,0.0,nan,3.09,,,nan,nan,0,LOW,60
IMFA.NS,HOLD,nan,0.0,nan,3.06,,,nan,nan,0,LOW,60
SUPRIYA.NS,HOLD,nan,0.0,nan,3.4,,,nan,nan,0,LOW,60
PARAS.NS,HOLD,nan,0.0,nan,3.76,,,nan,nan,0,LOW,60
GHCL.NS,HOLD,nan,0.0,nan,2.45,,,nan,nan,0,LOW,60
SAATVIKGL.NS,BUY,409.9,6.8,11.99,2.85,401.7,418.1,371.14,506.81,2.5,LOW,100
EMUDHRA.NS,HOLD,nan,0.0,nan,2.61,,,nan,nan,0,LOW,60
MASFIN.NS,HOLD,nan,0.0,nan,2.42,,,nan,nan,0,LOW,60
TEXRAIL.NS,HOLD,nan,0.0,nan,4.45,,,nan,nan,0,LOW,60
SKIPPER.NS,HOLD,nan,0.0,nan,3.02,,,nan,nan,0,LOW,60
RAJESHEXPO.NS,HOLD,nan,0.0,nan,4.02,,,nan,nan,0,LOW,60
STLTECH.NS,HOLD,nan,0.0,nan,5.14,,,nan,nan,0,LOW,60
SENCO.NS,HOLD,nan,0.0,nan,3.57,,,nan,nan,0,LOW,60
FISCHER.NS,HOLD,nan,0.0,nan,3.35,,,nan,nan,0,LOW,60
STYL.NS,HOLD,nan,0.0,nan,3.63,,,nan,nan,0,LOW,60
KSCL.NS,HOLD,nan,0.0,nan,2.92,,,nan,nan,0,LOW,60
ICIL.NS,HOLD,nan,0.0,nan,3.46,,,nan,nan,0,LOW,60
SHOPERSTOP.NS,HOLD,nan,0.0,nan,1.89,,,nan,nan,0,LOW,60
INDIGOPNTS.NS,HOLD,nan,0.0,nan,2.99,,,nan,nan,0,LOW,60
FIEMIND.NS,HOLD,nan,0.0,nan,2.99,,,nan,nan,0,LOW,60
TVSSCS.NS,HOLD,100.16,-5.99,-0.24,3.03,,,93.04,109.65,1.33,LOW,80
RESPONIND.NS,HOLD,nan,0.0,nan,2.63,,,nan,nan,0,LOW,60
BANSALWIRE.NS,HOLD,253.71,-2.42,0.42,3.35,,,230.63,284.49,1.33,LOW,80
LXCHEM.NS,HOLD,nan,0.0,nan,4.13,,,nan,nan,0,LOW,60
CRIZAC.NS,HOLD,nan,0.0,nan,4.34,,,nan,nan,0,LOW,60
AGI.NS,HOLD,nan,0.0,nan,3.6,,,nan,nan,0,LOW,60
CAPILLARY.NS,HOLD,nan,0.0,nan,3.03,,,nan,nan,0,LOW,60
KNRCON.NS,HOLD,nan,0.0,nan,3.52,,,nan,nan,0,LOW,60
UNIMECH.NS,HOLD,nan,0.0,nan,3.12,,,nan,nan,0,LOW,60
GMMPFAUDLR.NS,HOLD,nan,0.0,nan,2.59,,,nan,nan,0,LOW,60
ASHOKA.NS,HOLD,nan,0.0,nan,3.85,,,nan,nan,0,LOW,60
DYNAMATECH.NS,HOLD,nan,0.0,nan,3.28,,,nan,nan,0,LOW,60
E2E.NS,HOLD,nan,0.0,nan,3.12,,,nan,nan,0,LOW,60
GOKULAGRO.NS,HOLD,nan,0.0,nan,5.04,,,nan,nan,0,LOW,60
FEDFINA.NS,HOLD,nan,0.0,nan,3.6,,,nan,nan,0,LOW,60
OPTIEMUS.NS,HOLD,nan,0.0,nan,4.2,,,nan,nan,0,LOW,60
KINGFA.NS,HOLD,nan,0.0,nan,2.13,,,nan,nan,0,LOW,60
KRN.NS,HOLD,nan,0.0,nan,3.26,,,nan,nan,0,LOW,60
DATAMATICS.NS,HOLD,nan,0.0,nan,3.85,,,nan,nan,0,LOW,60
WEBELSOLAR.NS,HOLD,nan,0.0,nan,6.89,,,nan,nan,0,LOW,60
EMIL.NS,HOLD,nan,0.0,nan,3.05,,,nan,nan,0,LOW,60
PTC.NS,HOLD,nan,0.0,nan,2.45,,,nan,nan,0,LOW,60
ROUTE.NS,HOLD,nan,0.0,nan,3.71,,,nan,nan,0,LOW,60
ITDC.NS,HOLD,nan,0.0,nan,3.88,,,nan,nan,0,LOW,60
RSYSTEMS.NS,HOLD,nan,0.0,nan,5.87,,,nan,nan,0,LOW,60
ZAGGLE.NS,HOLD,230.35,-6.05,11.17,5.62,,,207.54,260.76,1.33,LOW,100
GAEL.NS,HOLD,nan,0.0,nan,2.6,,,nan,nan,0,LOW,60
ORIANA.NS,HOLD,1822.5,0.14,3.1,3.7,,,1665.14,2032.31,1.33,LOW,80
SIS.NS,HOLD,nan,0.0,nan,2.49,,,nan,nan,0,LOW,60
PDSL.NS,HOLD,nan,0.0,nan,3.67,,,nan,nan,0,LOW,60
SMLMAH.NS,HOLD,3966.0,-4.98,0.31,4.19,,,3657.44,4377.41,1.33,LOW,80
HCC.NS,HOLD,nan,0.0,nan,4.11,,,nan,nan,0,LOW,60
VRLLOG.NS,HOLD,nan,0.0,nan,1.79,,,nan,nan,0,LOW,60
ENTERO.NS,HOLD,nan,0.0,nan,2.51,,,nan,nan,0,LOW,60
SUNFLAG.NS,HOLD,nan,0.0,nan,4.18,,,nan,nan,0,LOW,60
SWARAJENG.NS,HOLD,nan,0.0,nan,2.43,,,nan,nan,0,LOW,60
JSFB.NS,HOLD,nan,0.0,nan,3.11,,,nan,nan,0,LOW,60
JKIL.NS,HOLD,nan,0.0,nan,3.24,,,nan,nan,0,LOW,60
CARERATING.NS,HOLD,nan,0.0,nan,3.01,,,nan,nan,0,LOW,60
MIDWESTLTD.NS,HOLD,nan,0.0,nan,4.47,,,nan,nan,0,LOW,60
ANUP.NS,HOLD,nan,0.0,nan,4.0,,,nan,nan,0,LOW,60
GREAVESCOT.NS,HOLD,nan,0.0,nan,3.83,,,nan,nan,0,LOW,60
SUVEN.NS,HOLD,nan,0.0,nan,4.21,,,nan,nan,0,LOW,60
LGBBROSLTD.NS,HOLD,nan,0.0,nan,3.26,,,nan,nan,0,LOW,60
SKYGOLD.NS,HOLD,nan,0.0,nan,3.44,,,nan,nan,0,LOW,60
REFEX.NS,HOLD,nan,0.0,nan,3.72,,,nan,nan,0,LOW,60
TARC.NS,HOLD,nan,0.0,nan,3.46,,,nan,nan,0,LOW,60
NIITMTS.NS,HOLD,291.1,-13.58,1.66,2.98,,,267.88,322.06,1.33,LOW,80
DBCORP.NS,HOLD,nan,0.0,nan,2.58,,,nan,nan,0,LOW,60
INNOVACAP.NS,HOLD,nan,0.0,nan,2.38,,,nan,nan,0,LOW,60
NEPHROPLUS.NS,HOLD,nan,0.0,nan,3.49,,,nan,nan,0,LOW,60
BALAMINES.NS,HOLD,nan,0.0,nan,3.79,,,nan,nan,0,LOW,60
NACLIND.NS,HOLD,nan,0.0,nan,3.89,,,nan,nan,0,LOW,60
CIGNITITEC.NS,HOLD,nan,0.0,nan,2.57,,,nan,nan,0,LOW,60
DCBBANK.NS,HOLD,nan,0.0,nan,3.33,,,nan,nan,0,LOW,60
SJS.NS,HOLD,nan,0.0,nan,3.19,,,nan,nan,0,LOW,60
BOSCH-HCIL.NS,SELL,1160.8,-11.78,-9.61,3.32,,,1277.73,868.48,2.5,LOW,100
NFL.NS,HOLD,nan,0.0,nan,4.44,,,nan,nan,0,LOW,60
SPARC.NS,HOLD,nan,0.0,nan,5.41,,,nan,nan,0,LOW,60
INDIQUBE.NS,HOLD,nan,0.0,nan,3.48,,,nan,nan,0,LOW,60
BANARISUG.NS,HOLD,nan,0.0,nan,0.57,,,nan,nan,0,LOW,60
SHREEJISPG.NS,HOLD,nan,0.0,nan,3.0,,,nan,nan,0,LOW,60
SHILCTECH.NS,HOLD,nan,0.0,nan,3.67,,,nan,nan,0,LOW,60
VSTTILLERS.NS,HOLD,nan,0.0,nan,2.93,,,nan,nan,0,LOW,60
INDRAMEDCO.NS,HOLD,nan,0.0,nan,3.81,,,nan,nan,0,LOW,60
PACEDIGITK.NS,HOLD,nan,0.0,nan,3.42,,,nan,nan,0,LOW,60
VSTIND.NS,HOLD,nan,0.0,nan,2.61,,,nan,nan,0,LOW,60
RAIN.NS,HOLD,nan,0.0,nan,4.42,,,nan,nan,0,LOW,60
SAMHI.NS,HOLD,nan,0.0,nan,3.73,,,nan,nan,0,LOW,60
HEIDELBERG.NS,HOLD,nan,0.0,nan,2.35,,,nan,nan,0,LOW,60
CEIGALL.NS,HOLD,278.3,-0.27,2.43,2.06,,,261.01,301.35,1.33,LOW,80
SGMART.NS,HOLD,nan,0.0,nan,3.17,,,nan,nan,0,LOW,60
HERITGFOOD.NS,HOLD,nan,0.0,nan,2.69,,,nan,nan,0,LOW,60
STYRENIX.NS,HOLD,nan,0.0,nan,3.02,,,nan,nan,0,LOW,60
ORIENTCEM.NS,HOLD,nan,0.0,nan,3.32,,,nan,nan,0,LOW,60
AARTIDRUGS.NS,HOLD,nan,0.0,nan,2.85,,,nan,nan,0,LOW,60
ORIENTELEC.NS,HOLD,nan,0.0,nan,2.42,,,nan,nan,0,LOW,60
GUJTHEM.NS,SELL,263.14,-12.56,-4.56,4.67,,,299.03,173.42,2.5,LOW,100
GOPAL.NS,HOLD,nan,0.0,nan,2.61,,,nan,nan,0,LOW,60
BHARATRAS.NS,HOLD,nan,0.0,nan,4.1,,,nan,nan,0,LOW,60
RBA.NS,HOLD,nan,0.0,nan,1.45,,,nan,nan,0,LOW,60
LUMAXIND.NS,HOLD,nan,0.0,nan,3.68,,,nan,nan,0,LOW,60
ZOTA.NS,HOLD,nan,0.0,nan,3.66,,,nan,nan,0,LOW,60
AVANTEL.NS,HOLD,136.03,-3.58,7.14,4.04,,,124.6,151.27,1.33,LOW,100
EIEL.NS,HOLD,nan,0.0,nan,5.25,,,nan,nan,0,LOW,60
HUBTOWN.NS,HOLD,nan,0.0,nan,4.56,,,nan,nan,0,LOW,60
KITEX.NS,HOLD,nan,0.0,nan,3.92,,,nan,nan,0,LOW,60
RAYMONDREL.NS,HOLD,414.95,-2.21,1.88,5.49,,,365.83,480.45,1.33,LOW,80
SANATHAN.NS,HOLD,nan,0.0,nan,3.27,,,nan,nan,0,LOW,60
NORTHARC.NS,HOLD,nan,0.0,nan,3.44,,,nan,nan,0,LOW,60
JAMNAAUTO.NS,HOLD,nan,0.0,nan,4.0,,,nan,nan,0,LOW,60
GUJALKALI.NS,HOLD,nan,0.0,nan,5.5,,,nan,nan,0,LOW,60
DCAL.NS,HOLD,nan,0.0,nan,5.62,,,nan,nan,0,LOW,60
AWFIS.NS,HOLD,nan,0.0,nan,4.63,,,nan,nan,0,LOW,60
MOSCHIP.NS,HOLD,nan,0.0,nan,3.81,,,nan,nan,0,LOW,60
RAMKY.NS,HOLD,nan,0.0,nan,3.0,,,nan,nan,0,LOW,60
GOLDIAM.NS,HOLD,nan,0.0,nan,3.45,,,nan,nan,0,LOW,60
JTEKTINDIA.NS,HOLD,nan,0.0,nan,2.9,,,nan,nan,0,LOW,60
HEMIPROP.NS,HOLD,nan,0.0,nan,3.76,,,nan,nan,0,LOW,60
63MOONS.NS,HOLD,nan,0.0,nan,4.32,,,nan,nan,0,LOW,60
KIRLOSIND.NS,HOLD,nan,0.0,nan,3.39,,,nan,nan,0,LOW,60
SHANTIGEAR.NS,HOLD,nan,0.0,nan,1.99,,,nan,nan,0,LOW,60
SINDHUTRAD.NS,HOLD,nan,0.0,nan,4.34,,,nan,nan,0,LOW,60
BOROLTD.NS,HOLD,nan,0.0,nan,4.72,,,nan,nan,0,LOW,60
MARATHON.NS,HOLD,nan,0.0,nan,3.78,,,nan,nan,0,LOW,60
CAMLINFINE.NS,HOLD,nan,0.0,nan,3.84,,,nan,nan,0,LOW,60
UFLEX.NS,HOLD,nan,0.0,nan,4.15,,,nan,nan,0,LOW,60
VAIBHAVGBL.NS,HOLD,nan,0.0,nan,3.31,,,nan,nan,0,LOW,60
UEL.NS,HOLD,nan,0.0,nan,3.74,,,nan,nan,0,LOW,60
RPGLIFE.NS,HOLD,nan,0.0,nan,3.36,,,nan,nan,0,LOW,60
RAYMOND.NS,HOLD,nan,0.0,nan,3.83,,,nan,nan,0,LOW,60
ORCHPHARMA.NS,HOLD,nan,0.0,nan,3.85,,,nan,nan,0,LOW,60
LUXIND.NS,HOLD,nan,0.0,nan,5.54,,,nan,nan,0,LOW,60
MPSLTD.NS,HOLD,nan,0.0,nan,2.95,,,nan,nan,0,LOW,60
MCLOUD.NS,HOLD,nan,0.0,nan,3.07,,,nan,nan,0,LOW,60
TRUALT.NS,BUY,418.65,5.96,5.51,3.11,410.28,427.02,377.08,522.58,2.5,LOW,100
AJMERA.NS,HOLD,nan,0.0,nan,3.55,,,nan,nan,0,LOW,60
GOODLUCK.NS,HOLD,nan,0.0,nan,3.5,,,nan,nan,0,LOW,60
VADILALIND.NS,HOLD,nan,0.0,nan,3.14,,,nan,nan,0,LOW,60
EBGNG.NS,HOLD,nan,0.0,nan,3.26,,,nan,nan,0,LOW,60
QUESS.NS,HOLD,nan,0.0,nan,2.6,,,nan,nan,0,LOW,60
WONDERLA.NS,HOLD,nan,0.0,nan,2.8,,,nan,nan,0,LOW,60
GREENPLY.NS,HOLD,nan,0.0,nan,3.48,,,nan,nan,0,LOW,60
NEOGEN.NS,HOLD,nan,0.0,nan,3.95,,,nan,nan,0,LOW,60
INTERARCH.NS,HOLD,nan,0.0,nan,3.26,,,nan,nan,0,LOW,60
PRECWIRE.NS,HOLD,nan,0.0,nan,4.39,,,nan,nan,0,LOW,60
KOLTEPATIL.NS,HOLD,nan,0.0,nan,2.04,,,nan,nan,0,LOW,60
JINDWORLD.NS,HOLD,nan,0.0,nan,4.7,,,nan,nan,0,LOW,60
MBAPL.NS,HOLD,nan,0.0,nan,3.08,,,nan,nan,0,LOW,60
ARSSBL.NS,HOLD,nan,0.0,nan,3.79,,,nan,nan,0,LOW,60
MEDIASSIST.NS,HOLD,nan,0.0,nan,4.24,,,nan,nan,0,LOW,60
NPST.NS,HOLD,nan,0.0,nan,7.02,,,nan,nan,0,LOW,60
CENTUM.NS,HOLD,nan,0.0,nan,3.81,,,nan,nan,0,LOW,60
HARSHA.NS,HOLD,nan,0.0,nan,2.12,,,nan,nan,0,LOW,60
GOCOLORS.NS,HOLD,nan,0.0,nan,4.82,,,nan,nan,0,LOW,60
NSIL.NS,HOLD,nan,0.0,nan,3.09,,,nan,nan,0,LOW,60
GKENERGY.NS,HOLD,nan,0.0,nan,3.14,,,nan,nan,0,LOW,60
INDOSTAR.NS,HOLD,nan,0.0,nan,3.69,,,nan,nan,0,LOW,60
KSL.NS,HOLD,nan,0.0,nan,3.36,,,nan,nan,0,LOW,60
ROLEXRINGS.NS,HOLD,nan,0.0,nan,3.1,,,nan,nan,0,LOW,60
ADVENZYMES.NS,HOLD,nan,0.0,nan,2.37,,,nan,nan,0,LOW,60
SHAREINDIA.NS,HOLD,nan,0.0,nan,4.07,,,nan,nan,0,LOW,60
POCL.NS,HOLD,nan,0.0,nan,3.48,,,nan,nan,0,LOW,60
GUFICBIO.NS,HOLD,nan,0.0,nan,2.92,,,nan,nan,0,LOW,60
UNICHEMLAB.NS,HOLD,nan,0.0,nan,2.84,,,nan,nan,0,LOW,60
MSTCLTD.NS,HOLD,nan,0.0,nan,3.38,,,nan,nan,0,LOW,60
ROSSARI.NS,HOLD,nan,0.0,nan,3.49,,,nan,nan,0,LOW,60
JUBLCPL.NS,HOLD,1647.1,-9.89,-0.66,4.41,,,1475.84,1875.44,1.33,LOW,80
CYIENTDLM.NS,HOLD,nan,0.0,nan,3.67,,,nan,nan,0,LOW,60
SUNCLAY.NS,SELL,1252.9,-3.07,-2.94,3.88,,,1394.79,898.17,2.5,LOW,100
RPEL.NS,HOLD,nan,0.0,nan,4.01,,,nan,nan,0,LOW,60
BALMLAWRIE.NS,HOLD,nan,0.0,nan,2.61,,,nan,nan,0,LOW,60
ARTEMISMED.NS,SELL,224.65,-2.36,-1.98,3.02,,,244.04,176.17,2.5,LOW,80
PRINCEPIPE.NS,HOLD,nan,0.0,nan,3.99,,,nan,nan,0,LOW,60
JISLJALEQS.NS,HOLD,nan,0.0,nan,5.25,,,nan,nan,0,LOW,60
PITTIENG.NS,HOLD,nan,0.0,nan,3.16,,,nan,nan,0,LOW,60
FOSECOIND.NS,HOLD,nan,0.0,nan,3.25,,,nan,nan,0,LOW,60
DPABHUSHAN.NS,HOLD,nan,0.0,nan,3.47,,,nan,nan,0,LOW,60
SSWL.NS,HOLD,nan,0.0,nan,3.66,,,nan,nan,0,LOW,60
BHAGCHEM.NS,HOLD,nan,0.0,nan,4.48,,,nan,nan,0,LOW,60
BAJAJCON.NS,HOLD,nan,0.0,nan,3.37,,,nan,nan,0,LOW,60
NAVNETEDUL.NS,HOLD,nan,0.0,nan,2.68,,,nan,nan,0,LOW,60
INDOTHAI.NS,HOLD,nan,0.0,nan,2.2,,,nan,nan,0,LOW,60
GREENPANEL.NS,HOLD,nan,0.0,nan,3.15,,,nan,nan,0,LOW,60
BBL.NS,HOLD,nan,0.0,nan,2.69,,,nan,nan,0,LOW,60
PROTEAN.NS,HOLD,nan,0.0,nan,3.74,,,nan,nan,0,LOW,60
VISHNU.NS,HOLD,nan,0.0,nan,2.13,,,nan,nan,0,LOW,60
SAMBHV.NS,HOLD,nan,0.0,nan,4.16,,,nan,nan,0,LOW,60
BOMDYEING.NS,HOLD,nan,0.0,nan,4.18,,,nan,nan,0,LOW,60
SWANDEF.NS,HOLD,1776.4,7.95,-17.96,4.25,,,1591.79,2022.54,1.33,LOW,100
PARAGMILK.NS,HOLD,nan,0.0,nan,3.39,,,nan,nan,0,LOW,60
SENORES.NS,HOLD,nan,0.0,nan,2.64,,,nan,nan,0,LOW,60
HLEGLAS.NS,HOLD,nan,0.0,nan,3.03,,,nan,nan,0,LOW,60
HIKAL.NS,HOLD,nan,0.0,nan,3.91,,,nan,nan,0,LOW,60
FLAIR.NS,HOLD,nan,0.0,nan,2.46,,,nan,nan,0,LOW,60
KIRIINDUS.NS,HOLD,nan,0.0,nan,3.63,,,nan,nan,0,LOW,60
KKCL.NS,HOLD,nan,0.0,nan,3.02,,,nan,nan,0,LOW,60
MAHLOG.NS,HOLD,nan,0.0,nan,3.49,,,nan,nan,0,LOW,60
EPACK.NS,HOLD,nan,0.0,nan,4.48,,,nan,nan,0,LOW,60
ARKADE.NS,HOLD,nan,0.0,nan,2.87,,,nan,nan,0,LOW,60
PSPPROJECT.NS,HOLD,nan,0.0,nan,3.35,,,nan,nan,0,LOW,60
STYLAMIND.NS,HOLD,nan,0.0,nan,0.55,,,nan,nan,0,LOW,60
KRISHANA.NS,HOLD,nan,0.0,nan,3.3,,,nan,nan,0,LOW,60
PARKHOTELS.NS,HOLD,nan,0.0,nan,3.7,,,nan,nan,0,LOW,60
GATEWAY.NS,HOLD,nan,0.0,nan,3.45,,,nan,nan,0,LOW,60
PRABHA.NS,BUY,165.69,3.48,8.27,3.71,162.38,169.0,148.27,209.24,2.5,LOW,100
IMAGICAA.NS,HOLD,nan,0.0,nan,3.56,,,nan,nan,0,LOW,60
JASH.NS,HOLD,nan,0.0,nan,3.13,,,nan,nan,0,LOW,60
GLOBUSSPR.NS,HOLD,nan,0.0,nan,3.15,,,nan,nan,0,LOW,60
PAISALO.NS,HOLD,nan,0.0,nan,3.37,,,nan,nan,0,LOW,60
DDEVPLSTIK.NS,HOLD,nan,0.0,nan,5.04,,,nan,nan,0,LOW,60
PATELENG.NS,HOLD,nan,0.0,nan,3.39,,,nan,nan,0,LOW,60
PENIND.NS,HOLD,nan,0.0,nan,4.02,,,nan,nan,0,LOW,60
WSTCSTPAPR.NS,HOLD,nan,0.0,nan,3.52,,,nan,nan,0,LOW,60
GANECOS.NS,HOLD,nan,0.0,nan,5.97,,,nan,nan,0,LOW,60
KDDL.NS,HOLD,nan,0.0,nan,3.31,,,nan,nan,0,LOW,60
MAITHANALL.NS,HOLD,nan,0.0,nan,3.7,,,nan,nan,0,LOW,60
POLYPLEX.NS,HOLD,nan,0.0,nan,3.34,,,nan,nan,0,LOW,60
DEEPINDS.NS,HOLD,nan,0.0,nan,3.75,,,nan,nan,0,LOW,60
SAGCEM.NS,HOLD,nan,0.0,nan,3.94,,,nan,nan,0,LOW,60
SIYSIL.NS,HOLD,nan,0.0,nan,3.6,,,nan,nan,0,LOW,60
EUROPRATIK.NS,HOLD,nan,0.0,nan,3.55,,,nan,nan,0,LOW,60
HPL.NS,HOLD,nan,0.0,nan,5.65,,,nan,nan,0,LOW,60
EASEMYTRIP.NS,HOLD,nan,0.0,nan,3.77,,,nan,nan,0,LOW,60
ASHIANA.NS,HOLD,nan,0.0,nan,2.64,,,nan,nan,0,LOW,60
TCPLPACK.NS,HOLD,nan,0.0,nan,3.06,,,nan,nan,0,LOW,60
BRIGHOTEL.NS,HOLD,nan,0.0,nan,1.98,,,nan,nan,0,LOW,60
SANDHAR.NS,HOLD,nan,0.0,nan,2.62,,,nan,nan,0,LOW,60
SHK.NS,HOLD,nan,0.0,nan,4.19,,,nan,nan,0,LOW,60
TFCILTD.NS,HOLD,nan,0.0,nan,2.42,,,nan,nan,0,LOW,60
RAMRAT.NS,HOLD,nan,0.0,nan,2.8,,,nan,nan,0,LOW,60
SUNDROP.NS,SELL,610.35,-2.94,-1.29,2.42,,,657.17,493.3,2.5,LOW,80
EFCIL.NS,HOLD,nan,0.0,nan,3.29,,,nan,nan,0,LOW,60
ORISSAMINE.NS,HOLD,nan,0.0,nan,4.37,,,nan,nan,0,LOW,60
VEEDOL.NS,HOLD,nan,0.0,nan,2.03,,,nan,nan,0,LOW,60
TEAMLEASE.NS,HOLD,nan,0.0,nan,3.18,,,nan,nan,0,LOW,60
AGIIL.NS,HOLD,nan,0.0,nan,2.96,,,nan,nan,0,LOW,60
NOCIL.NS,HOLD,nan,0.0,nan,3.94,,,nan,nan,0,LOW,60
EMSLIMITED.NS,HOLD,nan,0.0,nan,6.21,,,nan,nan,0,LOW,60
PREMEXPLN.NS,HOLD,nan,0.0,nan,4.51,,,nan,nan,0,LOW,60
MANINDS.NS,HOLD,nan,0.0,nan,3.89,,,nan,nan,0,LOW,60
TIRUMALCHM.NS,HOLD,nan,0.0,nan,4.88,,,nan,nan,0,LOW,60
SANGHVIMOV.NS,HOLD,nan,0.0,nan,5.61,,,nan,nan,0,LOW,60
FMGOETZE.NS,HOLD,nan,0.0,nan,4.35,,,nan,nan,0,LOW,60
SBCL.NS,HOLD,nan,0.0,nan,3.07,,,nan,nan,0,LOW,60
FCL.NS,HOLD,nan,0.0,nan,3.43,,,nan,nan,0,LOW,60
VIMTALABS.NS,HOLD,nan,0.0,nan,3.56,,,nan,nan,0,LOW,60
MUTHOOTMF.NS,HOLD,154.73,-8.23,4.47,3.54,,,141.6,172.24,1.33,LOW,100
MARINE.NS,HOLD,nan,0.0,nan,4.06,,,nan,nan,0,LOW,60
ARVSMART.NS,HOLD,nan,0.0,nan,2.71,,,nan,nan,0,LOW,60
DALMIASUG.NS,HOLD,nan,0.0,nan,4.59,,,nan,nan,0,LOW,60
KPEL.NS,HOLD,288.35,0.44,4.93,4.41,,,265.47,318.85,1.33,LOW,80
GIPCL.NS,HOLD,nan,0.0,nan,3.21,,,nan,nan,0,LOW,60
ALPEXSOLAR.NS,BUY,875.5,11.72,18.29,3.47,857.99,893.01,787.23,1096.18,2.5,LOW,100
PRAKASH.NS,HOLD,nan,0.0,nan,3.8,,,nan,nan,0,LOW,60
SABTNL.NS,SELL,43.49,-67.05,-39.85,2.22,,,50.39,26.24,2.5,LOW,100
RPSGVENT.NS,HOLD,nan,0.0,nan,7.32,,,nan,nan,0,LOW,60
BCG.NS,HOLD,nan,0.0,nan,2.85,,,nan,nan,0,LOW,60
TATVA.NS,HOLD,nan,0.0,nan,2.76,,,nan,nan,0,LOW,60
IOLCP.NS,HOLD,nan,0.0,nan,3.9,,,nan,nan,0,LOW,60
BAJAJHIND.NS,HOLD,nan,0.0,nan,2.45,,,nan,nan,0,LOW,60
BFUTILITIE.NS,HOLD,nan,0.0,nan,3.1,,,nan,nan,0,LOW,60
RAMCOIND.NS,HOLD,nan,0.0,nan,4.03,,,nan,nan,0,LOW,60
TVSSRICHAK.NS,HOLD,nan,0.0,nan,3.0,,,nan,nan,0,LOW,60
EPACKPEB.NS,HOLD,155.71,-11.23,2.43,3.9,,,142.6,173.19,1.33,LOW,100
POKARNA.NS,HOLD,nan,0.0,nan,3.78,,,nan,nan,0,LOW,60
JTLIND.NS,SELL,48.76,-19.05,-3.04,5.89,,,56.42,29.6,2.5,LOW,100
EVEREADY.NS,HOLD,nan,0.0,nan,2.98,,,nan,nan,0,LOW,60
CARRARO.NS,HOLD,nan,0.0,nan,2.99,,,nan,nan,0,LOW,60
NRBBEARING.NS,HOLD,nan,0.0,nan,3.48,,,nan,nan,0,LOW,60
HONDAPOWER.NS,HOLD,nan,0.0,nan,2.8,,,nan,nan,0,LOW,60
SAKSOFT.NS,HOLD,nan,0.0,nan,4.4,,,nan,nan,0,LOW,60
MOREPENLAB.NS,HOLD,nan,0.0,nan,3.81,,,nan,nan,0,LOW,60
HIRECT.NS,HOLD,nan,0.0,nan,4.62,,,nan,nan,0,LOW,60
VENUSPIPES.NS,HOLD,nan,0.0,nan,4.34,,,nan,nan,0,LOW,60
SOTL.NS,HOLD,nan,0.0,nan,3.6,,,nan,nan,0,LOW,60
ALLCARGO.NS,HOLD,nan,0.0,nan,3.84,,,nan,nan,0,LOW,60
MTNL.NS,HOLD,nan,0.0,nan,4.83,,,nan,nan,0,LOW,60
RELTD.NS,HOLD,135.3,-4.54,2.24,4.03,,,122.9,151.83,1.33,LOW,100
ALEMBICLTD.NS,HOLD,nan,0.0,nan,3.43,,,nan,nan,0,LOW,60
DIGITIDE.NS,HOLD,87.71,-9.29,18.69,4.59,,,78.0,100.66,1.33,LOW,100
UTKARSHBNK.NS,HOLD,nan,0.0,nan,3.82,,,nan,nan,0,LOW,60
NUCLEUS.NS,HOLD,nan,0.0,nan,3.61,,,nan,nan,0,LOW,60
SERVOTECH.NS,HOLD,70.67,-2.05,3.77,4.3,,,64.72,78.6,1.33,LOW,100
AUTOAXLES.NS,HOLD,nan,0.0,nan,2.83,,,nan,nan,0,LOW,60
HMT.NS,HOLD,nan,0.0,nan,3.59,,,nan,nan,0,LOW,60
LAOPALA.NS,HOLD,nan,0.0,nan,2.65,,,nan,nan,0,LOW,60
DCXINDIA.NS,HOLD,nan,0.0,nan,3.99,,,nan,nan,0,LOW,60
HINDWAREAP.NS,HOLD,nan,0.0,nan,4.88,,,nan,nan,0,LOW,60
JAYKAY.NS,HOLD,nan,0.0,nan,4.88,,,nan,nan,0,LOW,60
INDOCO.NS,HOLD,nan,0.0,nan,4.25,,,nan,nan,0,LOW,60
WINDMACHIN.NS,HOLD,nan,0.0,nan,3.34,,,nan,nan,0,LOW,60
SOLARWORLD.NS,HOLD,nan,0.0,nan,5.33,,,nan,nan,0,LOW,60
TAJGVK.NS,HOLD,nan,0.0,nan,3.11,,,nan,nan,0,LOW,60
NITCO.NS,HOLD,nan,0.0,nan,4.52,,,nan,nan,0,LOW,60
SIRCA.NS,HOLD,nan,0.0,nan,3.35,,,nan,nan,0,LOW,60
VIKRAN.NS,HOLD,nan,0.0,nan,4.27,,,nan,nan,0,LOW,60
KALAMANDIR.NS,HOLD,nan,0.0,nan,4.08,,,nan,nan,0,LOW,60
VSSL.NS,HOLD,nan,0.0,nan,3.24,,,nan,nan,0,LOW,60
KRSNAA.NS,HOLD,nan,0.0,nan,2.95,,,nan,nan,0,LOW,60
SDBL.NS,HOLD,nan,0.0,nan,4.3,,,nan,nan,0,LOW,60
CARYSIL.NS,HOLD,nan,0.0,nan,3.43,,,nan,nan,0,LOW,60
TCIEXP.NS,HOLD,nan,0.0,nan,2.26,,,nan,nan,0,LOW,60
KCP.NS,HOLD,nan,0.0,nan,4.0,,,nan,nan,0,LOW,60
BEPL.NS,HOLD,nan,0.0,nan,3.16,,,nan,nan,0,LOW,60
KMEW.NS,BUY,1660.8,1.35,9.8,3.8,1627.58,1694.02,1484.23,2102.23,2.5,LOW,100
XPROINDIA.NS,HOLD,nan,0.0,nan,4.14,,,nan,nan,0,LOW,60
HATHWAY.NS,HOLD,nan,0.0,nan,3.28,,,nan,nan,0,LOW,60
REPCOHOME.NS,HOLD,nan,0.0,nan,3.04,,,nan,nan,0,LOW,60
ADFFOODS.NS,HOLD,nan,0.0,nan,3.47,,,nan,nan,0,LOW,60
UNIVCABLES.NS,HOLD,nan,0.0,nan,4.57,,,nan,nan,0,LOW,60
PANACEABIO.NS,HOLD,nan,0.0,nan,4.15,,,nan,nan,0,LOW,60
GRMOVER.NS,HOLD,nan,0.0,nan,1.57,,,nan,nan,0,LOW,60
DIAMONDYD.NS,HOLD,nan,0.0,nan,3.08,,,nan,nan,0,LOW,60
CAPACITE.NS,HOLD,nan,0.0,nan,5.32,,,nan,nan,0,LOW,60
ROSSTECH.NS,BUY,766.1,9.68,11.78,3.67,750.78,781.42,690.68,954.65,2.5,LOW,100
FILATEX.NS,HOLD,nan,0.0,nan,3.86,,,nan,nan,0,LOW,60
JINDALPOLY.NS,HOLD,nan,0.0,nan,4.36,,,nan,nan,0,LOW,60
SMSPHARMA.NS,HOLD,nan,0.0,nan,4.43,,,nan,nan,0,LOW,60
MONARCH.NS,HOLD,nan,0.0,nan,3.37,,,nan,nan,0,LOW,60
TASTYBITE.NS,HOLD,nan,0.0,nan,3.36,,,nan,nan,0,LOW,60
AEROFLEX.NS,HOLD,nan,0.0,nan,4.35,,,nan,nan,0,LOW,60
HGS.NS,HOLD,nan,0.0,nan,2.91,,,nan,nan,0,LOW,60
JAICORPLTD.NS,HOLD,nan,0.0,nan,4.18,,,nan,nan,0,LOW,60
MOLDTKPAC.NS,HOLD,nan,0.0,nan,3.87,,,nan,nan,0,LOW,60
COSMOFIRST.NS,HOLD,nan,0.0,nan,2.64,,,nan,nan,0,LOW,60
PFS.NS,HOLD,nan,0.0,nan,3.74,,,nan,nan,0,LOW,60
MBEL.NS,HOLD,nan,0.0,nan,5.7,,,nan,nan,0,LOW,60
BAJEL.NS,HOLD,nan,0.0,nan,6.13,,,nan,nan,0,LOW,60
KSHINTL.NS,HOLD,nan,0.0,nan,3.6,,,nan,nan,0,LOW,60
INSECTICID.NS,HOLD,nan,0.0,nan,3.66,,,nan,nan,0,LOW,60
SHALBY.NS,HOLD,nan,0.0,nan,3.87,,,nan,nan,0,LOW,60
NDRAUTO.NS,HOLD,nan,0.0,nan,4.25,,,nan,nan,0,LOW,60
FINOPB.NS,HOLD,nan,0.0,nan,7.2,,,nan,nan,0,LOW,60
ORIENTHOT.NS,HOLD,nan,0.0,nan,3.98,,,nan,nan,0,LOW,60
STYLEBAAZA.NS,HOLD,nan,0.0,nan,5.07,,,nan,nan,0,LOW,60
SCILAL.NS,HOLD,41.34,-5.0,0.54,4.11,,,37.99,45.81,1.33,LOW,80
NILKAMAL.NS,HOLD,nan,0.0,nan,3.49,,,nan,nan,0,LOW,60
LANDMARK.NS,HOLD,nan,0.0,nan,3.25,,,nan,nan,0,LOW,60
EIHAHOTELS.NS,HOLD,nan,0.0,nan,3.28,,,nan,nan,0,LOW,60
IPL.NS,HOLD,nan,0.0,nan,3.49,,,nan,nan,0,LOW,60
SUMMITSEC.NS,HOLD,nan,0.0,nan,3.97,,,nan,nan,0,LOW,60
SEAMECLTD.NS,HOLD,nan,0.0,nan,2.35,,,nan,nan,0,LOW,60
MAYURUNIQ.NS,HOLD,nan,0.0,nan,2.76,,,nan,nan,0,LOW,60
RML.NS,HOLD,nan,0.0,nan,3.5,,,nan,nan,0,LOW,60
YATRA.NS,HOLD,nan,0.0,nan,4.0,,,nan,nan,0,LOW,60
STEELCAS.NS,HOLD,nan,0.0,nan,2.93,,,nan,nan,0,LOW,60
GENESYS.NS,HOLD,nan,0.0,nan,4.98,,,nan,nan,0,LOW,60
GVPIL.NS,HOLD,427.2,4.9,-1.76,2.83,,,396.31,468.39,1.33,LOW,80
SOLARA.NS,HOLD,nan,0.0,nan,2.91,,,nan,nan,0,LOW,60
KICL.NS,HOLD,nan,0.0,nan,2.91,,,nan,nan,0,LOW,60
SPECTRUM.NS,HOLD,nan,0.0,nan,3.29,,,nan,nan,0,LOW,60
SULA.NS,HOLD,nan,0.0,nan,4.25,,,nan,nan,0,LOW,60
SIMPLEXINF.NS,HOLD,nan,0.0,nan,5.8,,,nan,nan,0,LOW,60
SGFIN.NS,BUY,451.5,15.65,20.98,3.94,442.47,460.53,401.11,577.48,2.5,LOW,100
CANTABIL.NS,HOLD,nan,0.0,nan,3.0,,,nan,nan,0,LOW,60
SYSTMTXC.NS,HOLD,nan,0.0,nan,4.58,,,nan,nan,0,LOW,60
DELTACORP.NS,HOLD,nan,0.0,nan,4.52,,,nan,nan,0,LOW,60
STUDDS.NS,HOLD,nan,0.0,nan,1.54,,,nan,nan,0,LOW,60
SASKEN.NS,HOLD,nan,0.0,nan,4.76,,,nan,nan,0,LOW,60
SANGAMIND.NS,HOLD,nan,0.0,nan,2.18,,,nan,nan,0,LOW,60
RANEHOLDIN.NS,HOLD,nan,0.0,nan,2.77,,,nan,nan,0,LOW,60
HINDOILEXP.NS,HOLD,nan,0.0,nan,4.84,,,nan,nan,0,LOW,60
STOVEKRAFT.NS,HOLD,nan,0.0,nan,4.29,,,nan,nan,0,LOW,60
GEOJITFSL.NS,HOLD,nan,0.0,nan,3.63,,,nan,nan,0,LOW,60
IDEAFORGE.NS,HOLD,nan,0.0,nan,3.89,,,nan,nan,0,LOW,60
RPTECH.NS,HOLD,nan,0.0,nan,2.44,,,nan,nan,0,LOW,60
ACCELYA.NS,HOLD,nan,0.0,nan,3.2,,,nan,nan,0,LOW,60
VENKEYS.NS,HOLD,nan,0.0,nan,4.2,,,nan,nan,0,LOW,60
TIL.NS,HOLD,nan,0.0,nan,4.56,,,nan,nan,0,LOW,60
YASHO.NS,BUY,1451.5,3.76,1.65,4.59,1422.47,1480.53,1268.96,1907.86,2.5,LOW,80
WEL.NS,HOLD,nan,0.0,nan,5.67,,,nan,nan,0,LOW,60
DOLLAR.NS,HOLD,nan,0.0,nan,3.98,,,nan,nan,0,LOW,60
INDIANHUME.NS,HOLD,nan,0.0,nan,4.46,,,nan,nan,0,LOW,60
DREDGECORP.NS,HOLD,nan,0.0,nan,3.85,,,nan,nan,0,LOW,60
MOL.NS,HOLD,nan,0.0,nan,5.77,,,nan,nan,0,LOW,60
DCW.NS,HOLD,nan,0.0,nan,4.81,,,nan,nan,0,LOW,60
UGROCAP.NS,HOLD,nan,0.0,nan,5.85,,,nan,nan,0,LOW,60
THEJO.NS,HOLD,nan,0.0,nan,2.27,,,nan,nan,0,LOW,60
HITECH.NS,HOLD,nan,0.0,nan,3.73,,,nan,nan,0,LOW,60
MANGLMCEM.NS,HOLD,nan,0.0,nan,2.7,,,nan,nan,0,LOW,60
AMRUTANJAN.NS,HOLD,nan,0.0,nan,1.71,,,nan,nan,0,LOW,60
SHRINGARMS.NS,HOLD,nan,0.0,nan,4.7,,,nan,nan,0,LOW,60
WHEELS.NS,HOLD,nan,0.0,nan,3.45,,,nan,nan,0,LOW,60
APCOTEXIND.NS,HOLD,nan,0.0,nan,3.26,,,nan,nan,0,LOW,60
GMBREW.NS,HOLD,nan,0.0,nan,3.2,,,nan,nan,0,LOW,60
VERANDA.NS,HOLD,nan,0.0,nan,3.86,,,nan,nan,0,LOW,60
PIXTRANS.NS,HOLD,nan,0.0,nan,1.81,,,nan,nan,0,LOW,60
MOBIKWIK.NS,HOLD,nan,0.0,nan,3.44,,,nan,nan,0,LOW,60
UNIPARTS.NS,HOLD,nan,0.0,nan,2.32,,,nan,nan,0,LOW,60
WAAREEINDO.NS,BUY,413.9,6.17,12.83,3.8,405.62,422.18,369.11,525.88,2.5,LOW,100
RAJRATAN.NS,HOLD,nan,0.0,nan,4.02,,,nan,nan,0,LOW,60
EXICOM.NS,HOLD,nan,0.0,nan,4.1,,,nan,nan,0,LOW,60
INDNIPPON.NS,HOLD,nan,0.0,nan,3.02,,,nan,nan,0,LOW,60
VINCOFE.NS,HOLD,nan,0.0,nan,2.82,,,nan,nan,0,LOW,60
MUKANDLTD.NS,HOLD,nan,0.0,nan,3.16,,,nan,nan,0,LOW,60
SOMANYCERA.NS,HOLD,nan,0.0,nan,4.34,,,nan,nan,0,LOW,60
DYCL.NS,HOLD,nan,0.0,nan,3.61,,,nan,nan,0,LOW,60
NELCO.NS,HOLD,nan,0.0,nan,4.34,,,nan,nan,0,LOW,60
DIVGIITTS.NS,HOLD,nan,0.0,nan,3.71,,,nan,nan,0,LOW,60
MSPL.NS,HOLD,nan,0.0,nan,4.33,,,nan,nan,0,LOW,60
KERNEX.NS,HOLD,nan,0.0,nan,3.9,,,nan,nan,0,LOW,60
NITINSPIN.NS,HOLD,nan,0.0,nan,3.02,,,nan,nan,0,LOW,60
BGRENERGY.NS,HOLD,nan,0.0,nan,3.68,,,nan,nan,0,LOW,60
WINDLAS.NS,HOLD,nan,0.0,nan,2.32,,,nan,nan,0,LOW,60
RAMCOSYS.NS,HOLD,nan,0.0,nan,3.51,,,nan,nan,0,LOW,60
SPAL.NS,HOLD,nan,0.0,nan,2.47,,,nan,nan,0,LOW,60
GTLINFRA.NS,HOLD,nan,0.0,nan,2.46,,,nan,nan,0,LOW,60
NIBE.NS,HOLD,nan,0.0,nan,4.7,,,nan,nan,0,LOW,60
SPIC.NS,HOLD,nan,0.0,nan,4.31,,,nan,nan,0,LOW,60
LAXMIDENTL.NS,HOLD,nan,0.0,nan,4.11,,,nan,nan,0,LOW,60
ASALCBR.NS,HOLD,nan,0.0,nan,3.46,,,nan,nan,0,LOW,60
SPANDANA.NS,HOLD,nan,0.0,nan,3.56,,,nan,nan,0,LOW,60
PANAMAPET.NS,HOLD,nan,0.0,nan,3.92,,,nan,nan,0,LOW,60
INDOTECH.NS,HOLD,nan,0.0,nan,4.82,,,nan,nan,0,LOW,60
ALLTIME.NS,HOLD,nan,0.0,nan,3.31,,,nan,nan,0,LOW,60
VIDHIING.NS,HOLD,nan,0.0,nan,4.16,,,nan,nan,0,LOW,60
RHETAN.NS,HOLD,nan,0.0,nan,1.89,,,nan,nan,0,LOW,60
WENDT.NS,HOLD,nan,0.0,nan,3.28,,,nan,nan,0,LOW,60
UNITECH.NS,HOLD,nan,0.0,nan,7.37,,,nan,nan,0,LOW,60
RMDRIP.NS,HOLD,nan,0.0,nan,4.48,,,nan,nan,0,LOW,60
MOTISONS.NS,HOLD,nan,0.0,nan,4.36,,,nan,nan,0,LOW,60
DEEDEV.NS,HOLD,nan,0.0,nan,4.68,,,nan,nan,0,LOW,60
SEPC.NS,HOLD,nan,0.0,nan,7.03,,,nan,nan,0,LOW,60
ADOR.NS,SELL,851.8,-15.19,-9.12,2.78,,,936.23,640.73,2.5,LOW,100
GARUDA.NS,HOLD,nan,0.0,nan,4.41,,,nan,nan,0,LOW,60
VINDHYATEL.NS,HOLD,nan,0.0,nan,4.64,,,nan,nan,0,LOW,60
PRECAM.NS,HOLD,nan,0.0,nan,4.84,,,nan,nan,0,LOW,60
ASTEC.NS,HOLD,nan,0.0,nan,5.63,,,nan,nan,0,LOW,60
BETA.NS,HOLD,nan,0.0,nan,4.86,,,nan,nan,0,LOW,60
FUSION.NS,HOLD,nan,0.0,nan,3.46,,,nan,nan,0,LOW,60
TALBROAUTO.NS,HOLD,nan,0.0,nan,3.15,,,nan,nan,0,LOW,60
IFGLEXPOR.NS,HOLD,nan,0.0,nan,3.59,,,nan,nan,0,LOW,60
BLSE.NS,HOLD,nan,0.0,nan,2.82,,,nan,nan,0,LOW,60
BFINVEST.NS,HOLD,nan,0.0,nan,3.72,,,nan,nan,0,LOW,60
NAVKARCORP.NS,HOLD,nan,0.0,nan,3.41,,,nan,nan,0,LOW,60
SPMLINFRA.NS,HOLD,nan,0.0,nan,5.17,,,nan,nan,0,LOW,60
JYOTISTRUC.NS,HOLD,nan,0.0,nan,5.01,,,nan,nan,0,LOW,60
JGCHEM.NS,HOLD,nan,0.0,nan,3.54,,,nan,nan,0,LOW,60
GOCLCORP.NS,HOLD,nan,0.0,nan,5.45,,,nan,nan,0,LOW,60
HUHTAMAKI.NS,HOLD,nan,0.0,nan,3.49,,,nan,nan,0,LOW,60
QUICKHEAL.NS,HOLD,nan,0.0,nan,5.04,,,nan,nan,0,LOW,60
PNBGILTS.NS,HOLD,nan,0.0,nan,3.21,,,nan,nan,0,LOW,60
JINDRILL.NS,HOLD,nan,0.0,nan,3.96,,,nan,nan,0,LOW,60
DLINKINDIA.NS,HOLD,nan,0.0,nan,2.74,,,nan,nan,0,LOW,60
BLISSGVS.NS,HOLD,nan,0.0,nan,4.54,,,nan,nan,0,LOW,60
SANGHIIND.NS,SELL,49.88,-14.22,-4.97,3.01,,,54.57,38.17,2.5,LOW,100
SANSTAR.NS,HOLD,nan,0.0,nan,2.72,,,nan,nan,0,LOW,60
EXPLEOSOL.NS,HOLD,nan,0.0,nan,3.41,,,nan,nan,0,LOW,60
SESHAPAPER.NS,HOLD,nan,0.0,nan,3.33,,,nan,nan,0,LOW,60
DEN.NS,HOLD,nan,0.0,nan,2.98,,,nan,nan,0,LOW,60
TTKHLTCARE.NS,HOLD,nan,0.0,nan,2.23,,,nan,nan,0,LOW,60
DAMCAPITAL.NS,HOLD,nan,0.0,nan,4.51,,,nan,nan,0,LOW,60
ARMANFIN.NS,HOLD,nan,0.0,nan,3.57,,,nan,nan,0,LOW,60
ARIHANTSUP.NS,HOLD,nan,0.0,nan,4.09,,,nan,nan,0,LOW,60
SATIN.NS,HOLD,nan,0.0,nan,1.94,,,nan,nan,0,LOW,60
RAMASTEEL.NS,HOLD,nan,0.0,nan,7.56,,,nan,nan,0,LOW,60
DOLPHIN.NS,HOLD,nan,0.0,nan,4.12,,,nan,nan,0,LOW,60
RAJOOENG.NS,HOLD,nan,0.0,nan,4.92,,,nan,nan,0,LOW,60
STANLEY.NS,HOLD,nan,0.0,nan,3.71,,,nan,nan,0,LOW,60
MUFIN.NS,HOLD,nan,0.0,nan,3.09,,,nan,nan,0,LOW,60
JNKINDIA.NS,HOLD,nan,0.0,nan,4.43,,,nan,nan,0,LOW,60
TARSONS.NS,HOLD,nan,0.0,nan,3.14,,,nan,nan,0,LOW,60
HIMATSEIDE.NS,HOLD,nan,0.0,nan,3.95,,,nan,nan,0,LOW,60
SOLEX.NS,BUY,1055.25,9.46,13.78,5.11,1034.14,1076.36,917.06,1400.71,2.5,LOW,100
MMFL.NS,HOLD,nan,0.0,nan,3.38,,,nan,nan,0,LOW,60
UDS.NS,HOLD,nan,0.0,nan,3.96,,,nan,nan,0,LOW,60
SYNCOMF.NS,HOLD,nan,0.0,nan,3.45,,,nan,nan,0,LOW,60
IGARASHI.NS,HOLD,nan,0.0,nan,3.77,,,nan,nan,0,LOW,60
TINNARUBR.NS,SELL,613.0,-8.28,-2.66,3.73,,,679.74,446.16,2.5,LOW,100
GREENPOWER.NS,HOLD,nan,0.0,nan,4.87,,,nan,nan,0,LOW,60
PUNJABCHEM.NS,SELL,950.7,-10.51,-7.82,3.05,,,1057.86,682.81,2.5,LOW,100
SURAKSHA.NS,HOLD,nan,0.0,nan,2.94,,,nan,nan,0,LOW,60
AIMTRON.NS,BUY,874.15,9.52,6.73,3.55,856.67,891.63,792.81,1077.49,2.5,LOW,100
APOLLOPIPE.NS,HOLD,nan,0.0,nan,4.38,,,nan,nan,0,LOW,60
SHANTIGOLD.NS,HOLD,nan,0.0,nan,3.56,,,nan,nan,0,LOW,60
MASTERTR.NS,HOLD,71.03,-14.12,5.9,6.86,,,62.05,83.0,1.33,LOW,100
IKIO.NS,HOLD,nan,0.0,nan,4.4,,,nan,nan,0,LOW,60
AWHCL.NS,HOLD,nan,0.0,nan,3.72,,,nan,nan,0,LOW,60
STALLION.NS,HOLD,nan,0.0,nan,3.96,,,nan,nan,0,LOW,60
LGHL.NS,HOLD,nan,0.0,nan,3.08,,,nan,nan,0,LOW,60
ECOSMOBLTY.NS,HOLD,nan,0.0,nan,5.21,,,nan,nan,0,LOW,60
JAGRAN.NS,HOLD,nan,0.0,nan,1.32,,,nan,nan,0,LOW,60
RUPA.NS,HOLD,nan,0.0,nan,3.26,,,nan,nan,0,LOW,60
VINYAS.NS,SELL,880.6,-10.53,-4.8,3.38,,,984.14,621.74,2.5,LOW,100
OMAXE.NS,HOLD,nan,0.0,nan,3.53,,,nan,nan,0,LOW,60
SHRIRAMPPS.NS,HOLD,nan,0.0,nan,3.2,,,nan,nan,0,LOW,60
IVALUE.NS,HOLD,nan,0.0,nan,3.21,,,nan,nan,0,LOW,60
HESTERBIO.NS,HOLD,nan,0.0,nan,3.01,,,nan,nan,0,LOW,60
FINKURVE.NS,SELL,61.81,-15.35,-5.78,7.05,,,75.62,27.3,2.5,LOW,100
QUADFUTURE.NS,HOLD,nan,0.0,nan,3.93,,,nan,nan,0,LOW,60
HMAAGRO.NS,HOLD,25.32,-1.27,7.47,3.0,,,23.35,27.94,1.33,LOW,100
JAGSNPHARM.NS,HOLD,nan,0.0,nan,2.23,,,nan,nan,0,LOW,60
PLATIND.NS,HOLD,nan,0.0,nan,4.3,,,nan,nan,0,LOW,60
ORIENTTECH.NS,HOLD,nan,0.0,nan,4.64,,,nan,nan,0,LOW,60
EKC.NS,HOLD,nan,0.0,nan,4.13,,,nan,nan,0,LOW,60
ANDHRAPAP.NS,HOLD,nan,0.0,nan,1.94,,,nan,nan,0,LOW,60
SALASAR.NS,HOLD,nan,0.0,nan,4.52,,,nan,nan,0,LOW,60
ESAFSFB.NS,HOLD,nan,0.0,nan,3.89,,,nan,nan,0,LOW,60
CONFIPET.NS,HOLD,nan,0.0,nan,8.87,,,nan,nan,0,LOW,60
SMCGLOBAL.NS,HOLD,nan,0.0,nan,4.49,,,nan,nan,0,LOW,60
CENTRUM.NS,HOLD,nan,0.0,nan,6.43,,,nan,nan,0,LOW,60
DOLATALGO.NS,HOLD,nan,0.0,nan,2.41,,,nan,nan,0,LOW,60
ROTO.NS,HOLD,nan,0.0,nan,4.52,,,nan,nan,0,LOW,60
NIITLTD.NS,HOLD,nan,0.0,nan,4.86,,,nan,nan,0,LOW,60
GPTINFRA.NS,HOLD,nan,0.0,nan,3.46,,,nan,nan,0,LOW,60
SURYODAY.NS,HOLD,nan,0.0,nan,3.3,,,nan,nan,0,LOW,60
BIRLANU.NS,HOLD,1397.1,-6.44,14.09,4.5,,,1282.26,1550.21,1.33,LOW,100
RISHABH.NS,HOLD,nan,0.0,nan,3.77,,,nan,nan,0,LOW,60
PAUSHAKLTD.NS,HOLD,nan,0.0,nan,4.46,,,nan,nan,0,LOW,60
ASIANENE.NS,HOLD,nan,0.0,nan,3.98,,,nan,nan,0,LOW,60
GANDHAR.NS,HOLD,nan,0.0,nan,3.08,,,nan,nan,0,LOW,60
EXCELINDUS.NS,HOLD,nan,0.0,nan,3.63,,,nan,nan,0,LOW,60
BAJAJHCARE.NS,HOLD,nan,0.0,nan,3.9,,,nan,nan,0,LOW,60
ALICON.NS,HOLD,nan,0.0,nan,2.77,,,nan,nan,0,LOW,60
DCMSRIND.NS,HOLD,nan,0.0,nan,3.2,,,nan,nan,0,LOW,60
CLSEL.NS,HOLD,nan,0.0,nan,4.12,,,nan,nan,0,LOW,60
RAJRILTD.NS,HOLD,nan,0.0,nan,1.32,,,nan,nan,0,LOW,60
INDORAMA.NS,HOLD,nan,0.0,nan,3.47,,,nan,nan,0,LOW,60
PARACABLES.NS,HOLD,nan,0.0,nan,4.39,,,nan,nan,0,LOW,60
VPRPL.NS,HOLD,nan,0.0,nan,5.5,,,nan,nan,0,LOW,60
SALZERELEC.NS,HOLD,nan,0.0,nan,3.89,,,nan,nan,0,LOW,60
MANAKCOAT.NS,HOLD,nan,0.0,nan,3.39,,,nan,nan,0,LOW,60
SIGACHI.NS,HOLD,nan,0.0,nan,4.63,,,nan,nan,0,LOW,60
INFOBEAN.NS,HOLD,nan,0.0,nan,5.25,,,nan,nan,0,LOW,60
ALLDIGI.NS,HOLD,804.2,-0.0,7.46,3.47,,,740.89,888.61,1.33,LOW,80
BLKASHYAP.NS,HOLD,nan,0.0,nan,4.54,,,nan,nan,0,LOW,60
SPORTKING.NS,HOLD,nan,0.0,nan,3.73,,,nan,nan,0,LOW,60
GODAVARIB.NS,HOLD,nan,0.0,nan,4.02,,,nan,nan,0,LOW,60
JARO.NS,HOLD,nan,0.0,nan,5.16,,,nan,nan,0,LOW,60
SURAJEST.NS,HOLD,nan,0.0,nan,3.16,,,nan,nan,0,LOW,60
CIFL.NS,SELL,24.54,-16.02,-3.31,5.18,,,29.01,13.37,2.5,LOW,100
UNIECOM.NS,HOLD,nan,0.0,nan,3.63,,,nan,nan,0,LOW,60
MONTECARLO.NS,HOLD,nan,0.0,nan,2.84,,,nan,nan,0,LOW,60
MADRASFERT.NS,HOLD,nan,0.0,nan,4.84,,,nan,nan,0,LOW,60
HARIOMPIPE.NS,HOLD,nan,0.0,nan,4.42,,,nan,nan,0,LOW,60
DECCANCE.NS,HOLD,nan,0.0,nan,3.77,,,nan,nan,0,LOW,60
SHANKARA.NS,HOLD,nan,0.0,nan,2.21,,,nan,nan,0,LOW,60
GNA.NS,HOLD,nan,0.0,nan,3.69,,,nan,nan,0,LOW,60
RIIL.NS,HOLD,nan,0.0,nan,4.53,,,nan,nan,0,LOW,60
VMARCIND.NS,HOLD,686.1,6.21,0.58,4.12,,,621.47,772.27,1.33,LOW,80
SUMEETINDS.NS,HOLD,nan,0.0,nan,3.51,,,nan,nan,0,LOW,60
IMPAL.NS,HOLD,nan,0.0,nan,1.74,,,nan,nan,0,LOW,60
IGPL.NS,HOLD,nan,0.0,nan,4.78,,,nan,nan,0,LOW,60
TAC.NS,BUY,530.55,2.24,15.12,5.79,519.94,541.16,466.61,690.39,2.5,LOW,100
RGL.NS,HOLD,nan,0.0,nan,4.2,,,nan,nan,0,LOW,60
BSHSL.NS,HOLD,nan,0.0,nan,8.04,,,nan,nan,0,LOW,60
SHREDIGCEM.NS,HOLD,nan,0.0,nan,4.16,,,nan,nan,0,LOW,60
SIGNPOST.NS,HOLD,nan,0.0,nan,3.46,,,nan,nan,0,LOW,60
BALAJITELE.NS,HOLD,nan,0.0,nan,4.57,,,nan,nan,0,LOW,60
HITECHGEAR.NS,HOLD,nan,0.0,nan,2.18,,,nan,nan,0,LOW,60
ATULAUTO.NS,HOLD,nan,0.0,nan,3.56,,,nan,nan,0,LOW,60
AGARIND.NS,HOLD,nan,0.0,nan,3.26,,,nan,nan,0,LOW,60
YUKEN.NS,HOLD,nan,0.0,nan,2.37,,,nan,nan,0,LOW,60
DIFFNKG.NS,HOLD,nan,0.0,nan,3.34,,,nan,nan,0,LOW,60
ONEPOINT.NS,HOLD,nan,0.0,nan,3.21,,,nan,nan,0,LOW,60
CAPITALSFB.NS,HOLD,nan,0.0,nan,2.61,,,nan,nan,0,LOW,60
ASIANTILES.NS,HOLD,nan,0.0,nan,3.39,,,nan,nan,0,LOW,60
RICOAUTO.NS,HOLD,nan,0.0,nan,4.31,,,nan,nan,0,LOW,60
AURUM.NS,HOLD,nan,0.0,nan,3.41,,,nan,nan,0,LOW,60
ADVENTHTL.NS,HOLD,nan,0.0,nan,4.89,,,nan,nan,0,LOW,60
BUTTERFLY.NS,HOLD,nan,0.0,nan,5.48,,,nan,nan,0,LOW,60
FAZE3Q.NS,HOLD,nan,0.0,nan,3.74,,,nan,nan,0,LOW,60
MICEL.NS,HOLD,nan,0.0,nan,3.62,,,nan,nan,0,LOW,60
BHARATWIRE.NS,HOLD,nan,0.0,nan,3.22,,,nan,nan,0,LOW,60
VASCONEQ.NS,HOLD,nan,0.0,nan,5.73,,,nan,nan,0,LOW,60
WALCHANNAG.NS,HOLD,nan,0.0,nan,3.38,,,nan,nan,0,LOW,60
TEXINFRA.NS,HOLD,nan,0.0,nan,2.69,,,nan,nan,0,LOW,60
WCIL.NS,HOLD,nan,0.0,nan,3.71,,,nan,nan,0,LOW,60
HERANBA.NS,HOLD,nan,0.0,nan,4.25,,,nan,nan,0,LOW,60
BOROSCI.NS,BUY,113.31,5.53,8.5,2.29,111.04,115.58,102.56,140.18,2.5,LOW,100
GPTHEALTH.NS,HOLD,nan,0.0,nan,2.28,,,nan,nan,0,LOW,60
IRMENERGY.NS,HOLD,nan,0.0,nan,2.56,,,nan,nan,0,LOW,60
SHREEPUSHK.NS,HOLD,nan,0.0,nan,4.02,,,nan,nan,0,LOW,60
MEIL.NS,HOLD,nan,0.0,nan,4.79,,,nan,nan,0,LOW,60
GTPL.NS,HOLD,nan,0.0,nan,3.05,,,nan,nan,0,LOW,60
ROHLTD.NS,HOLD,nan,0.0,nan,4.38,,,nan,nan,0,LOW,60
VHL.NS,HOLD,nan,0.0,nan,2.96,,,nan,nan,0,LOW,60
DSSL.NS,HOLD,nan,0.0,nan,3.46,,,nan,nan,0,LOW,60
TBZ.NS,HOLD,nan,0.0,nan,4.53,,,nan,nan,0,LOW,60
BAJAJINDEF.NS,HOLD,248.68,-3.71,7.94,4.33,,,225.74,279.26,1.33,LOW,100
STLNETWORK.NS,HOLD,18.74,-5.1,2.18,4.01,,,17.2,20.79,1.33,LOW,100
ARISINFRA.NS,SELL,103.93,-0.53,-1.68,3.65,,,115.36,75.36,2.5,LOW,60
WEALTH.NS,HOLD,nan,0.0,nan,3.58,,,nan,nan,0,LOW,60
CONTROLPR.NS,HOLD,nan,0.0,nan,3.4,,,nan,nan,0,LOW,60
JINDALPHOT.NS,HOLD,nan,0.0,nan,4.43,,,nan,nan,0,LOW,60
ELECTHERM.NS,HOLD,nan,0.0,nan,4.52,,,nan,nan,0,LOW,60
ABINFRA.NS,HOLD,nan,0.0,nan,1.73,,,nan,nan,0,LOW,60
SRM.NS,HOLD,nan,0.0,nan,3.0,,,nan,nan,0,LOW,60
VILAS.NS,HOLD,392.05,7.87,-0.78,4.76,,,349.62,448.63,1.33,LOW,80
KROSS.NS,HOLD,nan,0.0,nan,3.55,,,nan,nan,0,LOW,60
AMNPLST.NS,HOLD,nan,0.0,nan,3.55,,,nan,nan,0,LOW,60
ZUARI.NS,HOLD,nan,0.0,nan,4.02,,,nan,nan,0,LOW,60
STEELXIND.NS,HOLD,nan,0.0,nan,3.29,,,nan,nan,0,LOW,60
ICEMAKE.NS,HOLD,nan,0.0,nan,2.93,,,nan,nan,0,LOW,60
KELLTONTEC.NS,HOLD,nan,0.0,nan,4.39,,,nan,nan,0,LOW,60
RACLGEAR.NS,HOLD,1247.7,0.09,5.01,3.49,,,1137.37,1394.8,1.33,LOW,80
BLUSPRING.NS,BUY,59.27,7.71,32.54,4.97,58.08,60.46,50.45,81.31,2.5,LOW,100
PASHUPATI.NS,HOLD,nan,0.0,nan,0.7,,,nan,nan,0,LOW,60
MANALIPETC.NS,HOLD,nan,0.0,nan,3.75,,,nan,nan,0,LOW,60
DVL.NS,HOLD,nan,0.0,nan,3.72,,,nan,nan,0,LOW,60
KRISHNADEF.NS,HOLD,nan,0.0,nan,4.41,,,nan,nan,0,LOW,60
BCLIND.NS,HOLD,nan,0.0,nan,4.51,,,nan,nan,0,LOW,60
DPSCLTD.NS,HOLD,nan,0.0,nan,4.56,,,nan,nan,0,LOW,60
NELCAST.NS,HOLD,nan,0.0,nan,3.3,,,nan,nan,0,LOW,60
EIMCOELECO.NS,HOLD,nan,0.0,nan,3.37,,,nan,nan,0,LOW,60
MEGASOFT.NS,SELL,156.52,-6.83,-1.6,3.65,,,174.3,112.08,2.5,LOW,80
OAL.NS,HOLD,nan,0.0,nan,2.41,,,nan,nan,0,LOW,60
STERTOOLS.NS,HOLD,nan,0.0,nan,5.17,,,nan,nan,0,LOW,60
GRPLTD.NS,HOLD,nan,0.0,nan,2.32,,,nan,nan,0,LOW,60
GEMAROMA.NS,HOLD,nan,0.0,nan,3.29,,,nan,nan,0,LOW,60
EXCELSOFT.NS,HOLD,nan,0.0,nan,3.77,,,nan,nan,0,LOW,60
PROSTARM.NS,HOLD,nan,0.0,nan,3.25,,,nan,nan,0,LOW,60
IZMO.NS,HOLD,nan,0.0,nan,3.55,,,nan,nan,0,LOW,60
ANTELOPUS.NS,BUY,700.0,24.76,31.54,5.12,686.0,714.0,621.36,896.59,2.5,LOW,100
MATRIMONY.NS,HOLD,nan,0.0,nan,2.91,,,nan,nan,0,LOW,60
SWELECTES.NS,HOLD,nan,0.0,nan,2.77,,,nan,nan,0,LOW,60
PDMJEPAPER.NS,HOLD,nan,0.0,nan,3.39,,,nan,nan,0,LOW,60
AYMSYNTEX.NS,HOLD,nan,0.0,nan,2.34,,,nan,nan,0,LOW,60
OMINFRAL.NS,HOLD,nan,0.0,nan,3.42,,,nan,nan,0,LOW,60
RNBDENIMS.NS,HOLD,nan,0.0,nan,2.37,,,nan,nan,0,LOW,60
VIDYAWIRES.NS,HOLD,nan,0.0,nan,3.24,,,nan,nan,0,LOW,60
5PAISA.NS,HOLD,nan,0.0,nan,3.39,,,nan,nan,0,LOW,60
PENINLAND.NS,HOLD,nan,0.0,nan,6.07,,,nan,nan,0,LOW,60
BIL.NS,HOLD,nan,0.0,nan,2.94,,,nan,nan,0,LOW,60
MAMATA.NS,HOLD,nan,0.0,nan,3.79,,,nan,nan,0,LOW,60
AFSL.NS,HOLD,nan,0.0,nan,0.63,,,nan,nan,0,LOW,60
ESTER.NS,HOLD,nan,0.0,nan,5.5,,,nan,nan,0,LOW,60
TNPL.NS,HOLD,nan,0.0,nan,2.0,,,nan,nan,0,LOW,60
GANESHCP.NS,HOLD,nan,0.0,nan,4.3,,,nan,nan,0,LOW,60
AVTNPL.NS,HOLD,nan,0.0,nan,2.79,,,nan,nan,0,LOW,60
KOKUYOCMLN.NS,HOLD,nan,0.0,nan,2.46,,,nan,nan,0,LOW,60
MAXIND.NS,HOLD,nan,0.0,nan,4.52,,,nan,nan,0,LOW,60
ANDHRSUGAR.NS,HOLD,nan,0.0,nan,2.12,,,nan,nan,0,LOW,60
CREST.NS,HOLD,nan,0.0,nan,3.74,,,nan,nan,0,LOW,60
LINCOLN.NS,HOLD,nan,0.0,nan,2.42,,,nan,nan,0,LOW,60
THEMISMED.NS,HOLD,nan,0.0,nan,4.86,,,nan,nan,0,LOW,60
CENTENKA.NS,HOLD,nan,0.0,nan,2.67,,,nan,nan,0,LOW,60
ARIHANTCAP.NS,HOLD,nan,0.0,nan,3.43,,,nan,nan,0,LOW,60
DHANBANK.NS,HOLD,nan,0.0,nan,4.26,,,nan,nan,0,LOW,60
UNIENTER.NS,HOLD,nan,0.0,nan,2.95,,,nan,nan,0,LOW,60
SCODATUBES.NS,HOLD,nan,0.0,nan,5.27,,,nan,nan,0,LOW,60
INDOFARM.NS,HOLD,nan,0.0,nan,4.17,,,nan,nan,0,LOW,60
SBC.NS,HOLD,nan,0.0,nan,1.43,,,nan,nan,0,LOW,60
GGBL.NS,SELL,246.25,-7.88,-5.34,4.97,,,283.62,152.82,2.5,LOW,100
CEWATER.NS,HOLD,nan,0.0,nan,4.64,,,nan,nan,0,LOW,60
RADHIKAJWE.NS,HOLD,nan,0.0,nan,4.47,,,nan,nan,0,LOW,60
GKWLIMITED.NS,HOLD,nan,0.0,nan,3.06,,,nan,nan,0,LOW,60
NDTV.NS,HOLD,nan,0.0,nan,4.91,,,nan,nan,0,LOW,60
INNOVANA.NS,HOLD,nan,0.0,nan,3.62,,,nan,nan,0,LOW,60
KHAICHEM.NS,HOLD,nan,0.0,nan,4.96,,,nan,nan,0,LOW,60
FAIRCHEMOR.NS,HOLD,nan,0.0,nan,3.57,,,nan,nan,0,LOW,60
AEROENTER.NS,HOLD,75.41,-0.56,1.82,5.79,,,66.51,87.27,1.33,LOW,60
INDOAMIN.NS,HOLD,nan,0.0,nan,4.67,,,nan,nan,0,LOW,60
DHARMAJ.NS,HOLD,nan,0.0,nan,2.43,,,nan,nan,0,LOW,60
BHARATSE.NS,HOLD,163.02,-2.68,4.17,4.45,,,147.02,184.35,1.33,LOW,100
GALAPREC.NS,HOLD,nan,0.0,nan,2.01,,,nan,nan,0,LOW,60
OSWALGREEN.NS,HOLD,nan,0.0,nan,5.81,,,nan,nan,0,LOW,60
DENTALKART.NS,SELL,391.65,-17.61,-1.9,3.99,,,437.93,275.95,2.5,LOW,80
DENTA.NS,HOLD,nan,0.0,nan,4.7,,,nan,nan,0,LOW,60
SAHANA.NS,SELL,910.25,-3.29,-8.8,3.82,,,1017.66,641.71,2.5,LOW,100
LEMERITE.NS,HOLD,nan,0.0,nan,1.54,,,nan,nan,0,LOW,60
SRHHYPOLTD.NS,HOLD,nan,0.0,nan,3.51,,,nan,nan,0,LOW,60
GANDHITUBE.NS,HOLD,nan,0.0,nan,3.08,,,nan,nan,0,LOW,60
CNL.NS,HOLD,605.75,-5.85,0.46,3.2,,,552.05,677.35,1.33,LOW,80
FABTECH.NS,HOLD,nan,0.0,nan,6.07,,,nan,nan,0,LOW,60
UTTAMSUGAR.NS,HOLD,nan,0.0,nan,3.97,,,nan,nan,0,LOW,60
XCHANGING.NS,HOLD,nan,0.0,nan,4.35,,,nan,nan,0,LOW,60
KRISHIVAL.NS,HOLD,nan,0.0,nan,0.93,,,nan,nan,0,LOW,60
JPOLYINVST.NS,HOLD,nan,0.0,nan,5.92,,,nan,nan,0,LOW,60
OSWALAGRO.NS,HOLD,nan,0.0,nan,6.46,,,nan,nan,0,LOW,60
MVGJL.NS,HOLD,nan,0.0,nan,3.38,,,nan,nan,0,LOW,60
KODYTECH.NS,HOLD,743.9,-3.34,7.04,2.16,,,712.43,785.86,1.33,LOW,100
ADSL.NS,HOLD,nan,0.0,nan,4.62,,,nan,nan,0,LOW,60
HEXATRADEX.NS,HOLD,nan,0.0,nan,1.46,,,nan,nan,0,LOW,60
SARTELE.NS,SELL,159.9,-19.66,-12.88,4.73,,,184.03,99.58,2.5,LOW,100
GULPOLY.NS,HOLD,nan,0.0,nan,3.23,,,nan,nan,0,LOW,60
SILVERTUC.NS,HOLD,nan,0.0,nan,4.52,,,nan,nan,0,LOW,60
JAYBARMARU.NS,HOLD,nan,0.0,nan,4.45,,,nan,nan,0,LOW,60
KUANTUM.NS,HOLD,nan,0.0,nan,3.78,,,nan,nan,0,LOW,60
TNPETRO.NS,HOLD,nan,0.0,nan,2.72,,,nan,nan,0,LOW,60
GICHSGFIN.NS,HOLD,nan,0.0,nan,2.65,,,nan,nan,0,LOW,60
PRIMESECU.NS,HOLD,nan,0.0,nan,2.04,,,nan,nan,0,LOW,60
KARNIKA.NS,HOLD,118.0,-1.43,3.37,2.89,,,111.04,127.29,1.33,LOW,100
IFBAGRO.NS,HOLD,nan,0.0,nan,4.04,,,nan,nan,0,LOW,60
BIRLAMONEY.NS,HOLD,nan,0.0,nan,4.45,,,nan,nan,0,LOW,60
APS.NS,HOLD,312.0,-3.26,1.36,4.26,,,286.57,345.91,1.33,LOW,80
PVSL.NS,HOLD,nan,0.0,nan,4.02,,,nan,nan,0,LOW,60
NCLIND.NS,HOLD,nan,0.0,nan,3.45,,,nan,nan,0,LOW,60
BASILIC.NS,HOLD,210.25,-8.16,10.43,4.99,,,189.29,238.19,1.33,LOW,100
SASTASUNDR.NS,HOLD,nan,0.0,nan,2.94,,,nan,nan,0,LOW,60
COOLCAPS.NS,HOLD,27.7,-17.93,16.14,3.31,,,25.18,31.06,1.33,LOW,100
ELIN.NS,HOLD,nan,0.0,nan,4.67,,,nan,nan,0,LOW,60
SKMEGGPROD.NS,HOLD,nan,0.0,nan,3.99,,,nan,nan,0,LOW,60
REMUS.NS,SELL,616.5,-5.82,-5.55,4.22,,,712.5,376.5,2.5,LOW,100
VAKRANGEE.NS,HOLD,nan,0.0,nan,5.99,,,nan,nan,0,LOW,60
ZUARIIND.NS,HOLD,nan,0.0,nan,3.41,,,nan,nan,0,LOW,60
SAURASHCEM.NS,HOLD,nan,0.0,nan,4.5,,,nan,nan,0,LOW,60
EVERESTIND.NS,HOLD,nan,0.0,nan,4.3,,,nan,nan,0,LOW,60
LIKHITHA.NS,HOLD,nan,0.0,nan,5.57,,,nan,nan,0,LOW,60
REGAAL.NS,HOLD,nan,0.0,nan,7.07,,,nan,nan,0,LOW,60
UFBL.NS,SELL,222.74,-2.18,-2.74,4.98,,,258.96,132.19,2.5,LOW,100
TVSELECT.NS,HOLD,nan,0.0,nan,5.13,,,nan,nan,0,LOW,60
ABCOTS.NS,HOLD,nan,0.0,nan,1.31,,,nan,nan,0,LOW,60
MACPOWER.NS,HOLD,nan,0.0,nan,2.92,,,nan,nan,0,LOW,60
BESTAGRO.NS,HOLD,14.93,-12.29,3.61,3.69,,,13.7,16.56,1.33,LOW,100
TEMBO.NS,HOLD,nan,0.0,nan,1.82,,,nan,nan,0,LOW,60
VALIANTORG.NS,HOLD,nan,0.0,nan,7.14,,,nan,nan,0,LOW,60
KABRAEXTRU.NS,HOLD,nan,0.0,nan,3.68,,,nan,nan,0,LOW,60
ARROWGREEN.NS,HOLD,nan,0.0,nan,6.17,,,nan,nan,0,LOW,60
DISHTV.NS,HOLD,nan,0.0,nan,7.33,,,nan,nan,0,LOW,60
CCCL.NS,HOLD,nan,0.0,nan,3.82,,,nan,nan,0,LOW,60
TVTODAY.NS,HOLD,nan,0.0,nan,2.76,,,nan,nan,0,LOW,60
KOTHARIPET.NS,HOLD,nan,0.0,nan,4.14,,,nan,nan,0,LOW,60
CHEMFAB.NS,HOLD,nan,0.0,nan,4.96,,,nan,nan,0,LOW,60
SANDESH.NS,HOLD,nan,0.0,nan,2.82,,,nan,nan,0,LOW,60
DHAMPURSUG.NS,HOLD,nan,0.0,nan,3.51,,,nan,nan,0,LOW,60
ANUHPHR.NS,SELL,73.37,-3.51,-1.24,2.87,,,81.0,54.28,2.5,LOW,80
BLAL.NS,HOLD,nan,0.0,nan,2.29,,,nan,nan,0,LOW,60
MAHASTEEL.NS,HOLD,nan,0.0,nan,4.06,,,nan,nan,0,LOW,60
SVLL.NS,HOLD,nan,0.0,nan,3.4,,,nan,nan,0,LOW,60
VIVIANA.NS,HOLD,695.65,1.29,0.64,3.26,,,634.99,776.53,1.33,LOW,80
SUYOG.NS,HOLD,nan,0.0,nan,3.97,,,nan,nan,0,LOW,60
JPASSOCIAT.NS,HOLD,2.42,-14.87,0.0,2.86,,,2.36,2.5,1.33,LOW,80
MUNJALAU.NS,HOLD,nan,0.0,nan,3.34,,,nan,nan,0,LOW,60
AVADHSUGAR.NS,HOLD,nan,0.0,nan,3.83,,,nan,nan,0,LOW,60
NGLFINE.NS,HOLD,nan,0.0,nan,4.02,,,nan,nan,0,LOW,60
SNOWMAN.NS,HOLD,nan,0.0,nan,4.08,,,nan,nan,0,LOW,60
DHUNINV.NS,HOLD,nan,0.0,nan,3.76,,,nan,nan,0,LOW,60
JITFINFRA.NS,HOLD,nan,0.0,nan,3.62,,,nan,nan,0,LOW,60
KRYSTAL.NS,HOLD,nan,0.0,nan,3.26,,,nan,nan,0,LOW,60
ORICONENT.NS,HOLD,nan,0.0,nan,2.88,,,nan,nan,0,LOW,60
STEL.NS,HOLD,nan,0.0,nan,2.67,,,nan,nan,0,LOW,60
SGIL.NS,HOLD,nan,0.0,nan,1.38,,,nan,nan,0,LOW,60
WANBURY.NS,HOLD,nan,0.0,nan,2.72,,,nan,nan,0,LOW,60
CHEMCON.NS,HOLD,nan,0.0,nan,3.64,,,nan,nan,0,LOW,60
VLSFINANCE.NS,HOLD,nan,0.0,nan,2.02,,,nan,nan,0,LOW,60
BHAGERIA.NS,HOLD,nan,0.0,nan,3.67,,,nan,nan,0,LOW,60
ASAL.NS,HOLD,nan,0.0,nan,2.73,,,nan,nan,0,LOW,60
ARFIN.NS,HOLD,76.85,2.07,0.8,2.41,,,72.05,83.25,1.33,LOW,80
SARLAPOLY.NS,HOLD,nan,0.0,nan,3.8,,,nan,nan,0,LOW,60
COFFEEDAY.NS,HOLD,nan,0.0,nan,4.94,,,nan,nan,0,LOW,60
BIGBLOC.NS,HOLD,nan,0.0,nan,5.9,,,nan,nan,0,LOW,60
GKSL.NS,HOLD,nan,0.0,nan,1.67,,,nan,nan,0,LOW,60
OWAIS.NS,HOLD,111.95,-37.16,15.53,4.61,,,101.76,125.54,1.33,LOW,100
ZTECH.NS,HOLD,530.9,-1.1,3.56,2.88,,,496.8,576.37,1.33,LOW,100
AMBIKCO.NS,HOLD,nan,0.0,nan,3.41,,,nan,nan,0,LOW,60
UNITEDPOLY.NS,HOLD,nan,0.0,nan,3.96,,,nan,nan,0,LOW,60
VHLTD.NS,HOLD,nan,0.0,nan,1.73,,,nan,nan,0,LOW,60
ADVANCE.NS,HOLD,nan,0.0,nan,4.62,,,nan,nan,0,LOW,60
INDOBORAX.NS,HOLD,nan,0.0,nan,0.91,,,nan,nan,0,LOW,60
RATNAVEER.NS,HOLD,nan,0.0,nan,3.67,,,nan,nan,0,LOW,60
SAKAR.NS,HOLD,nan,0.0,nan,3.24,,,nan,nan,0,LOW,60
ELDEHSG.NS,HOLD,nan,0.0,nan,2.04,,,nan,nan,0,LOW,60
NINSYS.NS,HOLD,nan,0.0,nan,5.99,,,nan,nan,0,LOW,60
MALLCOM.NS,HOLD,nan,0.0,nan,2.92,,,nan,nan,0,LOW,60
BODALCHEM.NS,HOLD,nan,0.0,nan,4.87,,,nan,nan,0,LOW,60
MUKKA.NS,HOLD,nan,0.0,nan,3.55,,,nan,nan,0,LOW,60
TECHLABS.NS,SELL,183.8,-9.13,-4.12,4.58,,,208.62,121.75,2.5,LOW,100
MUFTI.NS,HOLD,nan,0.0,nan,2.96,,,nan,nan,0,LOW,60
KAMATHOTEL.NS,HOLD,nan,0.0,nan,4.64,,,nan,nan,0,LOW,60
SATIA.NS,HOLD,nan,0.0,nan,3.46,,,nan,nan,0,LOW,60
DWARKESH.NS,HOLD,nan,0.0,nan,3.73,,,nan,nan,0,LOW,60
KECL.NS,HOLD,nan,0.0,nan,3.23,,,nan,nan,0,LOW,60
NAHARSPING.NS,HOLD,nan,0.0,nan,3.66,,,nan,nan,0,LOW,60
KAMDHENU.NS,HOLD,nan,0.0,nan,3.91,,,nan,nan,0,LOW,60
RITCO.NS,HOLD,nan,0.0,nan,5.15,,,nan,nan,0,LOW,60
APEX.NS,HOLD,nan,0.0,nan,4.79,,,nan,nan,0,LOW,60
KOPRAN.NS,HOLD,nan,0.0,nan,4.1,,,nan,nan,0,LOW,60
MAGADSUGAR.NS,HOLD,nan,0.0,nan,2.56,,,nan,nan,0,LOW,60
ATL.NS,HOLD,23.69,-0.74,5.29,4.71,,,21.29,26.89,1.33,LOW,80
PATELRMART.NS,HOLD,nan,0.0,nan,3.81,,,nan,nan,0,LOW,60
20MICRONS.NS,HOLD,nan,0.0,nan,4.05,,,nan,nan,0,LOW,60
RUBYMILLS.NS,HOLD,nan,0.0,nan,2.03,,,nan,nan,0,LOW,60
GHCLTEXTIL.NS,HOLD,nan,0.0,nan,3.18,,,nan,nan,0,LOW,60
ESFL.NS,SELL,127.55,-6.44,-5.94,3.87,,,141.16,93.51,2.5,LOW,100
PROZONER.NS,HOLD,nan,0.0,nan,4.76,,,nan,nan,0,LOW,60
STCINDIA.NS,HOLD,nan,0.0,nan,4.7,,,nan,nan,0,LOW,60
TREL.NS,BUY,24.65,1.66,2.03,2.95,24.16,25.14,22.19,30.81,2.5,LOW,100
LINC.NS,HOLD,nan,0.0,nan,3.87,,,nan,nan,0,LOW,60
MVKAGRO.NS,BUY,585.9,4.86,24.7,4.37,574.18,597.62,504.79,788.69,2.5,LOW,100
KSOLVES.NS,HOLD,nan,0.0,nan,3.66,,,nan,nan,0,LOW,60
LAXMIINDIA.NS,HOLD,nan,0.0,nan,3.88,,,nan,nan,0,LOW,60
GEECEE.NS,HOLD,nan,0.0,nan,4.24,,,nan,nan,0,LOW,60
RUSHIL.NS,HOLD,nan,0.0,nan,4.79,,,nan,nan,0,LOW,60
NBIFIN.NS,HOLD,nan,0.0,nan,2.73,,,nan,nan,0,LOW,60
HLVLTD.NS,HOLD,nan,0.0,nan,6.36,,,nan,nan,0,LOW,60
THEINVEST.NS,HOLD,nan,0.0,nan,4.04,,,nan,nan,0,LOW,60
PVP.NS,HOLD,nan,0.0,nan,3.55,,,nan,nan,0,LOW,60
PPL.NS,HOLD,nan,0.0,nan,4.06,,,nan,nan,0,LOW,60
RSWM.NS,HOLD,nan,0.0,nan,2.63,,,nan,nan,0,LOW,60
DMCC.NS,HOLD,nan,0.0,nan,4.44,,,nan,nan,0,LOW,60
SHIVALIK.NS,HOLD,nan,0.0,nan,4.56,,,nan,nan,0,LOW,60
RKSWAMY.NS,HOLD,nan,0.0,nan,4.54,,,nan,nan,0,LOW,60
NAHARPOLY.NS,HOLD,nan,0.0,nan,4.83,,,nan,nan,0,LOW,60
VENUSREM.NS,HOLD,nan,0.0,nan,4.32,,,nan,nan,0,LOW,60
SUBEXLTD.NS,HOLD,nan,0.0,nan,4.58,,,nan,nan,0,LOW,60
SARVESHWAR.NS,HOLD,nan,0.0,nan,7.28,,,nan,nan,0,LOW,60
REPRO.NS,HOLD,nan,0.0,nan,4.61,,,nan,nan,0,LOW,60
ZEEMEDIA.NS,HOLD,nan,0.0,nan,3.09,,,nan,nan,0,LOW,60
SEJALLTD.NS,HOLD,nan,0.0,nan,3.53,,,nan,nan,0,LOW,60
GLOSTERLTD.NS,HOLD,nan,0.0,nan,2.29,,,nan,nan,0,LOW,60
MINDTECK.NS,HOLD,nan,0.0,nan,4.56,,,nan,nan,0,LOW,60
AHCL.NS,HOLD,nan,0.0,nan,4.01,,,nan,nan,0,LOW,60
NRAIL.NS,HOLD,nan,0.0,nan,3.61,,,nan,nan,0,LOW,60
HARDWYN.NS,HOLD,nan,0.0,nan,1.42,,,nan,nan,0,LOW,60
DREAMFOLKS.NS,HOLD,nan,0.0,nan,5.83,,,nan,nan,0,LOW,60
CELLECOR.NS,BUY,28.85,10.62,18.24,3.88,28.27,29.43,25.49,37.26,2.5,LOW,100
ONWARDTEC.NS,HOLD,nan,0.0,nan,4.59,,,nan,nan,0,LOW,60
SHREERAMA.NS,HOLD,nan,0.0,nan,5.7,,,nan,nan,0,LOW,60
ACL.NS,HOLD,nan,0.0,nan,3.91,,,nan,nan,0,LOW,60
JAYAGROGN.NS,HOLD,nan,0.0,nan,4.03,,,nan,nan,0,LOW,60
ACCENTMIC.NS,BUY,409.35,20.39,13.52,2.97,401.16,417.54,373.49,499.01,2.5,LOW,100
APTECHT.NS,HOLD,nan,0.0,nan,3.27,,,nan,nan,0,LOW,60
MANBA.NS,HOLD,nan,0.0,nan,2.5,,,nan,nan,0,LOW,60
MAANALU.NS,HOLD,nan,0.0,nan,2.9,,,nan,nan,0,LOW,60
EMKAY.NS,HOLD,nan,0.0,nan,3.69,,,nan,nan,0,LOW,60
URJA.NS,HOLD,nan,0.0,nan,4.18,,,nan,nan,0,LOW,60
IRIS.NS,HOLD,nan,0.0,nan,3.37,,,nan,nan,0,LOW,60
VISAKAIND.NS,HOLD,nan,0.0,nan,3.01,,,nan,nan,0,LOW,60
MODIS.NS,HOLD,nan,0.0,nan,2.21,,,nan,nan,0,LOW,60
MMP.NS,HOLD,nan,0.0,nan,4.12,,,nan,nan,0,LOW,60
HINDCOMPOS.NS,HOLD,nan,0.0,nan,2.63,,,nan,nan,0,LOW,60
PARSVNATH.NS,HOLD,nan,0.0,nan,3.83,,,nan,nan,0,LOW,60
ENIL.NS,HOLD,nan,0.0,nan,2.37,,,nan,nan,0,LOW,60
PAKKA.NS,HOLD,nan,0.0,nan,3.74,,,nan,nan,0,LOW,60
GFLLIMITED.NS,HOLD,nan,0.0,nan,3.11,,,nan,nan,0,LOW,60
MENONBE.NS,HOLD,nan,0.0,nan,3.14,,,nan,nan,0,LOW,60
CSLFINANCE.NS,HOLD,nan,0.0,nan,3.68,,,nan,nan,0,LOW,60
GCSL.NS,HOLD,nan,0.0,nan,2.53,,,nan,nan,0,LOW,60
MIRCELECTR.NS,HOLD,nan,0.0,nan,4.75,,,nan,nan,0,LOW,60
CHEVIOT.NS,HOLD,nan,0.0,nan,2.11,,,nan,nan,0,LOW,60
SCHAND.NS,HOLD,nan,0.0,nan,3.26,,,nan,nan,0,LOW,60
KILITCH.NS,HOLD,nan,0.0,nan,4.42,,,nan,nan,0,LOW,60
KRITI.NS,HOLD,nan,0.0,nan,7.82,,,nan,nan,0,LOW,60
DBEIL.NS,SELL,61.98,-21.7,-7.73,5.57,,,72.68,35.23,2.5,LOW,100
INDSWFTLAB.NS,HOLD,nan,0.0,nan,3.3,,,nan,nan,0,LOW,60
VERTOZ.NS,HOLD,nan,0.0,nan,6.73,,,nan,nan,0,LOW,60
FOODSIN.NS,HOLD,nan,0.0,nan,6.08,,,nan,nan,0,LOW,60
SICALLOG.NS,HOLD,63.67,-14.93,-0.86,1.68,,,59.82,68.8,1.33,LOW,80
MWL.NS,HOLD,nan,0.0,nan,2.63,,,nan,nan,0,LOW,60
ASIANHOTNR.NS,HOLD,nan,0.0,nan,3.35,,,nan,nan,0,LOW,60
GANESHBE.NS,HOLD,nan,0.0,nan,3.07,,,nan,nan,0,LOW,60
IGCL.NS,HOLD,nan,0.0,nan,3.78,,,nan,nan,0,LOW,60
BORANA.NS,HOLD,nan,0.0,nan,2.89,,,nan,nan,0,LOW,60
TIRUPATI.NS,SELL,430.0,-19.98,-9.47,2.79,,,448.81,382.96,2.5,LOW,100
SHALPAINTS.NS,HOLD,nan,0.0,nan,5.22,,,nan,nan,0,LOW,60
SBGLP.NS,HOLD,nan,0.0,nan,5.51,,,nan,nan,0,LOW,60
TOLINS.NS,HOLD,nan,0.0,nan,4.13,,,nan,nan,0,LOW,60
ONMOBILE.NS,HOLD,nan,0.0,nan,3.59,,,nan,nan,0,LOW,60
GLOTTIS.NS,HOLD,nan,0.0,nan,3.25,,,nan,nan,0,LOW,60
IRISDOREME.NS,HOLD,nan,0.0,nan,3.35,,,nan,nan,0,LOW,60
NILASPACES.NS,HOLD,nan,0.0,nan,4.19,,,nan,nan,0,LOW,60
GIRIRAJ.NS,BUY,185.0,16.52,15.62,2.33,181.3,188.7,172.29,216.79,2.5,LOW,100
SILINV.NS,HOLD,nan,0.0,nan,2.0,,,nan,nan,0,LOW,60
SPECIALITY.NS,HOLD,nan,0.0,nan,4.27,,,nan,nan,0,LOW,60
GPECO.NS,HOLD,317.75,-5.14,0.43,4.6,,,288.39,356.89,1.33,LOW,80
OCCLLTD.NS,BUY,90.57,1.53,4.56,4.39,88.76,92.38,78.79,120.01,2.5,LOW,100
MOS.NS,SELL,11.15,-37.96,-17.41,6.05,,,13.33,5.7,2.5,LOW,100
SUTLEJTEX.NS,HOLD,nan,0.0,nan,4.48,,,nan,nan,0,LOW,60
RPPINFRA.NS,HOLD,nan,0.0,nan,4.64,,,nan,nan,0,LOW,60
PYRAMID.NS,HOLD,nan,0.0,nan,2.8,,,nan,nan,0,LOW,60
PRIMO.NS,HOLD,nan,0.0,nan,3.95,,,nan,nan,0,LOW,60
FOCUS.NS,HOLD,nan,0.0,nan,2.9,,,nan,nan,0,LOW,60
SJLOGISTIC.NS,BUY,308.95,1.22,8.38,6.81,302.77,315.13,256.89,439.11,2.5,LOW,100
TARACHAND.NS,HOLD,nan,0.0,nan,2.9,,,nan,nan,0,LOW,60
CONSOFINVT.NS,HOLD,nan,0.0,nan,2.42,,,nan,nan,0,LOW,60
KRONOX.NS,HOLD,nan,0.0,nan,5.42,,,nan,nan,0,LOW,60
RADIANTCMS.NS,HOLD,nan,0.0,nan,4.62,,,nan,nan,0,LOW,60
BAHETI.NS,HOLD,528.9,-6.68,0.98,3.23,,,487.76,583.76,1.33,LOW,80
HMVL.NS,HOLD,nan,0.0,nan,3.87,,,nan,nan,0,LOW,60
KAYA.NS,HOLD,nan,0.0,nan,3.59,,,nan,nan,0,LOW,60
ESSARSHPNG.NS,HOLD,nan,0.0,nan,3.48,,,nan,nan,0,LOW,60
INTLCONV.NS,HOLD,nan,0.0,nan,3.68,,,nan,nan,0,LOW,60
EMAMIPAP.NS,SELL,66.93,-14.57,-1.22,3.76,,,74.63,47.69,2.5,LOW,80
ZODIAC.NS,HOLD,249.04,-0.87,0.08,4.63,,,223.1,283.62,1.33,LOW,60
EIFFL.NS,HOLD,nan,0.0,nan,2.36,,,nan,nan,0,LOW,60
DIGISPICE.NS,HOLD,nan,0.0,nan,2.22,,,nan,nan,0,LOW,60
SURAJLTD.NS,HOLD,nan,0.0,nan,5.42,,,nan,nan,0,LOW,60
MBLINFRA.NS,HOLD,nan,0.0,nan,5.77,,,nan,nan,0,LOW,60
COMSYN.NS,HOLD,nan,0.0,nan,0.34,,,nan,nan,0,LOW,60
PRECOT.NS,HOLD,nan,0.0,nan,2.96,,,nan,nan,0,LOW,60
VINSYS.NS,SELL,274.0,-12.76,-9.45,4.27,,,320.81,156.96,2.5,LOW,100
TPLPLASTEH.NS,HOLD,nan,0.0,nan,4.88,,,nan,nan,0,LOW,60
ALLETEC.NS,BUY,180.55,9.1,26.04,6.99,176.94,184.16,156.86,239.76,2.5,LOW,100
RBZJEWEL.NS,HOLD,nan,0.0,nan,4.37,,,nan,nan,0,LOW,60
HERCULES.NS,HOLD,159.32,0.0,0.0,0.0,,,159.32,159.32,0,LOW,60
HILINFRA.NS,HOLD,47.89,-7.14,-0.6,4.31,,,43.88,53.24,1.33,LOW,80
RAMAPHO.NS,HOLD,nan,0.0,nan,5.43,,,nan,nan,0,LOW,60
ORIENTPPR.NS,HOLD,nan,0.0,nan,4.76,,,nan,nan,0,LOW,60
GVKPIL.NS,HOLD,nan,0.0,nan,1.57,,,nan,nan,0,LOW,60
LIBERTSHOE.NS,HOLD,nan,0.0,nan,4.47,,,nan,nan,0,LOW,60
KNAGRI.NS,HOLD,nan,0.0,nan,3.46,,,nan,nan,0,LOW,60
ANNAPURNA.NS,BUY,187.2,3.92,13.42,5.23,183.46,190.94,155.74,265.84,2.5,LOW,100
BELLACASA.NS,HOLD,nan,0.0,nan,6.23,,,nan,nan,0,LOW,60
BMWVENTLTD.NS,HOLD,nan,0.0,nan,3.22,,,nan,nan,0,LOW,60
PARIN.NS,SELL,615.95,-6.38,-4.92,4.12,,,732.6,324.32,2.5,LOW,100
KAPSTON.NS,HOLD,nan,0.0,nan,2.02,,,nan,nan,0,LOW,60
ADVANIHOTR.NS,HOLD,nan,0.0,nan,2.72,,,nan,nan,0,LOW,60
DBOL.NS,HOLD,nan,0.0,nan,3.39,,,nan,nan,0,LOW,60
TRACXN.NS,HOLD,nan,0.0,nan,3.9,,,nan,nan,0,LOW,60
MUNJALSHOW.NS,HOLD,nan,0.0,nan,2.41,,,nan,nan,0,LOW,60
SREEL.NS,HOLD,nan,0.0,nan,2.49,,,nan,nan,0,LOW,60
ORBTEXP.NS,HOLD,nan,0.0,nan,3.46,,,nan,nan,0,LOW,60
MAZDA.NS,HOLD,nan,0.0,nan,3.85,,,nan,nan,0,LOW,60
VISASTEEL.NS,HOLD,nan,0.0,nan,3.32,,,nan,nan,0,LOW,60
GUJAPOLLO.NS,HOLD,nan,0.0,nan,3.29,,,nan,nan,0,LOW,60
TRANSWORLD.NS,HOLD,136.38,-8.98,2.5,4.62,,,123.56,153.48,1.33,LOW,100
PTL.NS,HOLD,nan,0.0,nan,1.7,,,nan,nan,0,LOW,60
DPEL.NS,BUY,423.35,32.0,8.12,3.73,414.88,431.82,385.93,516.9,2.5,LOW,100
EFFWA.NS,BUY,211.8,3.91,5.9,5.38,207.56,216.04,185.24,278.19,2.5,LOW,100
MEGATHERM.NS,BUY,213.0,3.24,8.12,4.07,208.74,217.26,192.61,263.96,2.5,LOW,100
AVONMORE.NS,HOLD,nan,0.0,nan,5.46,,,nan,nan,0,LOW,60
WSI.NS,HOLD,nan,0.0,nan,4.98,,,nan,nan,0,LOW,60
SUPREMEPWR.NS,HOLD,168.7,7.74,-1.63,4.97,,,150.45,193.04,1.33,LOW,80
SUKHJITS.NS,HOLD,nan,0.0,nan,4.47,,,nan,nan,0,LOW,60
MGEL.NS,HOLD,nan,0.0,nan,5.16,,,nan,nan,0,LOW,60
CGRAPHICS.NS,BUY,166.5,8.79,16.35,3.36,163.17,169.83,149.11,209.96,2.5,LOW,100
DONEAR.NS,HOLD,nan,0.0,nan,2.44,,,nan,nan,0,LOW,60
TERASOFT.NS,HOLD,nan,0.0,nan,3.15,,,nan,nan,0,LOW,60
MODISONLTD.NS,HOLD,nan,0.0,nan,3.94,,,nan,nan,0,LOW,60
VINYLINDIA.NS,HOLD,nan,0.0,nan,4.39,,,nan,nan,0,LOW,60
DICIND.NS,HOLD,nan,0.0,nan,3.35,,,nan,nan,0,LOW,60
CPEDU.NS,HOLD,nan,0.0,nan,4.71,,,nan,nan,0,LOW,60
EUROBOND.NS,HOLD,nan,0.0,nan,3.95,,,nan,nan,0,LOW,60
MIRZAINT.NS,HOLD,nan,0.0,nan,4.15,,,nan,nan,0,LOW,60
ATMASTCO.NS,BUY,145.15,5.06,11.53,7.09,142.25,148.05,123.57,199.1,2.5,LOW,100
CLEDUCATE.NS,HOLD,nan,0.0,nan,3.86,,,nan,nan,0,LOW,60
PAVNAIND.NS,HOLD,nan,0.0,nan,4.63,,,nan,nan,0,LOW,60
SOFTTECH.NS,HOLD,nan,0.0,nan,4.89,,,nan,nan,0,LOW,60
NAHARINDUS.NS,HOLD,nan,0.0,nan,2.73,,,nan,nan,0,LOW,60
CYBERTECH.NS,HOLD,nan,0.0,nan,4.09,,,nan,nan,0,LOW,60
MEDICAMEQ.NS,HOLD,nan,0.0,nan,2.69,,,nan,nan,0,LOW,60
PANACHE.NS,HOLD,nan,0.0,nan,3.3,,,nan,nan,0,LOW,60
HCL-INSYS.NS,HOLD,nan,0.0,nan,4.57,,,nan,nan,0,LOW,60
MODINATUR.NS,HOLD,nan,0.0,nan,3.76,,,nan,nan,0,LOW,60
ABSMARINE.NS,BUY,195.1,13.69,19.0,4.38,191.2,199.0,171.71,253.58,2.5,LOW,100
KOTHARIPRO.NS,HOLD,nan,0.0,nan,2.92,,,nan,nan,0,LOW,60
HTMEDIA.NS,HOLD,nan,0.0,nan,4.54,,,nan,nan,0,LOW,60
VRAJ.NS,HOLD,nan,0.0,nan,3.69,,,nan,nan,0,LOW,60
UGARSUGAR.NS,HOLD,nan,0.0,nan,1.78,,,nan,nan,0,LOW,60
XTGLOBAL.NS,SELL,28.58,-6.0,-3.45,4.89,,,33.23,16.95,2.5,LOW,100
SINCLAIR.NS,HOLD,nan,0.0,nan,2.49,,,nan,nan,0,LOW,60
DAVANGERE.NS,HOLD,nan,0.0,nan,3.07,,,nan,nan,0,LOW,60
HIGREEN.NS,SELL,123.3,-5.53,-3.67,5.3,,,142.57,75.12,2.5,LOW,100
MOLDTECH.NS,HOLD,nan,0.0,nan,4.55,,,nan,nan,0,LOW,60
PREMIERPOL.NS,HOLD,nan,0.0,nan,3.64,,,nan,nan,0,LOW,60
ARIES.NS,HOLD,nan,0.0,nan,3.25,,,nan,nan,0,LOW,60
NDL.NS,HOLD,nan,0.0,nan,6.44,,,nan,nan,0,LOW,60
SIGMA.NS,HOLD,nan,0.0,nan,3.55,,,nan,nan,0,LOW,60
SAHAJSOLAR.NS,HOLD,118.2,-8.9,0.0,5.33,,,104.07,137.04,1.33,LOW,80
NAHARCAP.NS,HOLD,nan,0.0,nan,3.7,,,nan,nan,0,LOW,60
SPENCERS.NS,HOLD,nan,0.0,nan,4.65,,,nan,nan,0,LOW,60
POLYSIL.NS,HOLD,184.2,-5.69,10.07,3.45,,,169.73,203.49,1.33,LOW,100
ORIENTCER.NS,BUY,40.13,1.64,5.3,4.1,39.33,40.93,34.47,54.29,2.5,LOW,100
PLASTIBLEN.NS,HOLD,nan,0.0,nan,2.81,,,nan,nan,0,LOW,60
BIRLACABLE.NS,HOLD,nan,0.0,nan,4.12,,,nan,nan,0,LOW,60
LORDSCHLO.NS,BUY,137.72,6.47,17.06,3.7,134.97,140.47,121.68,177.81,2.5,LOW,100
AMANTA.NS,HOLD,nan,0.0,nan,2.13,,,nan,nan,0,LOW,60
GSLSU.NS,HOLD,nan,0.0,nan,3.41,,,nan,nan,0,LOW,60
THOMASCOTT.NS,HOLD,nan,0.0,nan,4.74,,,nan,nan,0,LOW,60
KANPRPLA.NS,HOLD,nan,0.0,nan,6.18,,,nan,nan,0,LOW,60
NRL.NS,HOLD,nan,0.0,nan,2.07,,,nan,nan,0,LOW,60
MCLEODRUSS.NS,HOLD,nan,0.0,nan,5.3,,,nan,nan,0,LOW,60
MUTHOOTCAP.NS,HOLD,nan,0.0,nan,3.66,,,nan,nan,0,LOW,60
PANSARI.NS,HOLD,nan,0.0,nan,2.78,,,nan,nan,0,LOW,60
MONEYBOXX.NS,HOLD,nan,0.0,nan,4.71,,,nan,nan,0,LOW,60
SOUTHWEST.NS,HOLD,nan,0.0,nan,4.55,,,nan,nan,0,LOW,60
ALBERTDAVD.NS,HOLD,nan,0.0,nan,2.97,,,nan,nan,0,LOW,60
SRD.NS,SELL,43.42,-14.05,-3.6,5.13,,,52.6,20.46,2.5,LOW,100
SRGHFL.NS,HOLD,262.4,-0.29,2.72,3.0,,,236.96,296.32,1.33,LOW,80
RAMANEWS.NS,HOLD,nan,0.0,nan,4.56,,,nan,nan,0,LOW,60
KRITINUT.NS,HOLD,nan,0.0,nan,4.63,,,nan,nan,0,LOW,60
CHEMBONDCH.NS,HOLD,nan,0.0,nan,6.35,,,nan,nan,0,LOW,60
TIRUPATIFL.NS,HOLD,nan,0.0,nan,5.12,,,nan,nan,0,LOW,60
PCCL.NS,BUY,246.0,8.26,2.5,3.18,241.08,250.92,212.83,328.93,2.5,LOW,100
RBMINFRA.NS,HOLD,318.5,-7.39,1.99,3.88,,,285.92,361.94,1.33,LOW,80
VALIANTLAB.NS,HOLD,nan,0.0,nan,5.18,,,nan,nan,0,LOW,60
EMAMIREAL.NS,HOLD,nan,0.0,nan,4.77,,,nan,nan,0,LOW,60
MANAKSIA.NS,HOLD,nan,0.0,nan,4.26,,,nan,nan,0,LOW,60
NOVAAGRI.NS,HOLD,nan,0.0,nan,6.74,,,nan,nan,0,LOW,60
SWARAJ.NS,SELL,282.0,-0.52,-4.13,1.7,,,298.04,241.89,2.5,LOW,80
MANORG.NS,HOLD,nan,0.0,nan,2.08,,,nan,nan,0,LOW,60
REMSONSIND.NS,HOLD,nan,0.0,nan,5.09,,,nan,nan,0,LOW,60
TIGERLOGS.NS,HOLD,26.5,-10.72,6.04,4.04,,,23.38,30.66,1.33,LOW,100
GLOBECIVIL.NS,HOLD,nan,0.0,nan,4.57,,,nan,nan,0,LOW,60
KHADIM.NS,HOLD,nan,0.0,nan,4.48,,,nan,nan,0,LOW,60
PASUPTAC.NS,HOLD,nan,0.0,nan,3.63,,,nan,nan,0,LOW,60
ASHIMASYN.NS,HOLD,nan,0.0,nan,4.91,,,nan,nan,0,LOW,60
BANSWRAS.NS,HOLD,nan,0.0,nan,3.13,,,nan,nan,0,LOW,60
FILATFASH.NS,HOLD,0.18,-21.94,5.88,4.7,,,0.16,0.21,1.33,LOW,100
S&SPOWER.NS,HOLD,nan,0.0,nan,2.72,,,nan,nan,0,LOW,60
HPAL.NS,HOLD,nan,0.0,nan,4.38,,,nan,nan,0,LOW,60
RUBFILA.NS,HOLD,64.01,-3.99,5.52,2.51,,,59.08,70.59,1.33,LOW,100
GENUSPAPER.NS,HOLD,nan,0.0,nan,5.38,,,nan,nan,0,LOW,60
DENORA.NS,HOLD,nan,0.0,nan,2.46,,,nan,nan,0,LOW,60
ORIENTBELL.NS,HOLD,nan,0.0,nan,4.65,,,nan,nan,0,LOW,60
RHL.NS,HOLD,nan,0.0,nan,2.67,,,nan,nan,0,LOW,60
TICL.NS,HOLD,nan,0.0,nan,3.44,,,nan,nan,0,LOW,60
SPCENET.NS,HOLD,nan,0.0,nan,4.81,,,nan,nan,0,LOW,60
JKIPL.NS,HOLD,nan,0.0,nan,4.52,,,nan,nan,0,LOW,60
BEDMUTHA.NS,HOLD,nan,0.0,nan,2.52,,,nan,nan,0,LOW,60
INFOLLION.NS,HOLD,319.1,-2.86,7.42,2.56,,,291.62,355.74,1.33,LOW,100
WELINV.NS,HOLD,nan,0.0,nan,2.82,,,nan,nan,0,LOW,60
NILAINFRA.NS,HOLD,nan,0.0,nan,4.25,,,nan,nan,0,LOW,60
UNIDT.NS,HOLD,nan,0.0,nan,4.94,,,nan,nan,0,LOW,60
VISHNUINFR.NS,HOLD,143.0,-13.11,3.7,3.97,,,129.94,160.41,1.33,LOW,100
AVPINFRA.NS,BUY,99.65,1.54,8.85,4.49,97.66,101.64,89.39,125.29,2.5,LOW,100
DEVX.NS,HOLD,nan,0.0,nan,5.01,,,nan,nan,0,LOW,60
AARON.NS,HOLD,nan,0.0,nan,5.04,,,nan,nan,0,LOW,60
GICL.NS,HOLD,nan,0.0,nan,6.35,,,nan,nan,0,LOW,60
GOKUL.NS,HOLD,nan,0.0,nan,4.2,,,nan,nan,0,LOW,60
GOACARBON.NS,HOLD,nan,0.0,nan,3.64,,,nan,nan,0,LOW,60
RUCHIRA.NS,HOLD,nan,0.0,nan,2.48,,,nan,nan,0,LOW,60
SHIVAUM.NS,HOLD,nan,0.0,nan,4.06,,,nan,nan,0,LOW,60
PHANTOMFX.NS,HOLD,184.9,-7.56,2.78,3.94,,,169.59,205.31,1.33,LOW,100
MANAKSTEEL.NS,HOLD,nan,0.0,nan,3.72,,,nan,nan,0,LOW,60
AARTISURF.NS,HOLD,nan,0.0,nan,3.94,,,nan,nan,0,LOW,60
SAKUMA.NS,HOLD,nan,0.0,nan,8.7,,,nan,nan,0,LOW,60
ASMS.NS,HOLD,nan,0.0,nan,4.31,,,nan,nan,0,LOW,60
VIKASLIFE.NS,HOLD,nan,0.0,nan,5.37,,,nan,nan,0,LOW,60
BBTCL.NS,HOLD,nan,0.0,nan,3.12,,,nan,nan,0,LOW,60
MAHEPC.NS,HOLD,nan,0.0,nan,3.82,,,nan,nan,0,LOW,60
GOLDKART.NS,HOLD,245.0,-2.6,-0.81,1.25,,,242.3,248.6,1.33,LOW,80
DYNPRO.NS,HOLD,nan,0.0,nan,4.25,,,nan,nan,0,LOW,60
IL&FSENGG.NS,HOLD,nan,0.0,nan,3.17,,,nan,nan,0,LOW,60
INFINIUM.NS,HOLD,208.8,-1.11,2.86,1.96,,,196.54,225.14,1.33,LOW,100
FCSSOFT.NS,HOLD,nan,0.0,nan,5.13,,,nan,nan,0,LOW,60
ZIMLAB.NS,HOLD,nan,0.0,nan,4.54,,,nan,nan,0,LOW,60
APCL.NS,HOLD,nan,0.0,nan,2.61,,,nan,nan,0,LOW,60
SUMIT.NS,HOLD,nan,0.0,nan,6.24,,,nan,nan,0,LOW,60
SHREEKARNI.NS,HOLD,382.4,-7.27,1.22,4.51,,,348.55,427.53,1.33,LOW,80
ROSSELLIND.NS,HOLD,nan,0.0,nan,2.79,,,nan,nan,0,LOW,60
BCONCEPTS.NS,HOLD,nan,0.0,nan,4.76,,,nan,nan,0,LOW,60
VARDMNPOLY.NS,HOLD,nan,0.0,nan,3.05,,,nan,nan,0,LOW,60
INM.NS,HOLD,180.0,-2.14,-0.83,3.99,,,169.1,194.53,1.33,LOW,80
SYSTANGO.NS,BUY,263.45,0.68,1.35,4.43,258.18,268.72,232.1,341.83,2.5,LOW,60
OILCOUNTUB.NS,HOLD,nan,0.0,nan,6.76,,,nan,nan,0,LOW,60
VGL.NS,HOLD,59.87,-3.58,2.6,4.54,,,50.97,71.74,1.33,LOW,100
3IINFOLTD.NS,HOLD,nan,0.0,nan,2.38,,,nan,nan,0,LOW,60
IITL.NS,HOLD,nan,0.0,nan,1.82,,,nan,nan,0,LOW,60
DCI.NS,HOLD,nan,0.0,nan,4.39,,,nan,nan,0,LOW,60
INSPIRISYS.NS,HOLD,nan,0.0,nan,3.06,,,nan,nan,0,LOW,60
WTICAB.NS,SELL,95.0,-13.79,-8.96,6.22,,,109.47,58.82,2.5,LOW,100
SHIVAMAUTO.NS,HOLD,nan,0.0,nan,5.78,,,nan,nan,0,LOW,60
GINNIFILA.NS,HOLD,nan,0.0,nan,4.21,,,nan,nan,0,LOW,60
PROV.NS,HOLD,1175.0,-1.76,-0.42,1.76,,,1102.04,1272.28,1.33,LOW,80
MEDICO.NS,HOLD,nan,0.0,nan,5.05,,,nan,nan,0,LOW,60
BALAJEE.NS,HOLD,28.01,-5.28,13.72,5.25,,,25.26,31.68,1.33,LOW,100
RCOM.NS,HOLD,nan,0.0,nan,3.94,,,nan,nan,0,LOW,60
BROOKS.NS,HOLD,nan,0.0,nan,9.67,,,nan,nan,0,LOW,60
NDGL.NS,HOLD,nan,0.0,nan,5.66,,,nan,nan,0,LOW,60
LOKESHMACH.NS,HOLD,nan,0.0,nan,3.1,,,nan,nan,0,LOW,60
NECLIFE.NS,HOLD,nan,0.0,nan,2.56,,,nan,nan,0,LOW,60
EXXARO.NS,HOLD,nan,0.0,nan,3.0,,,nan,nan,0,LOW,60
BPL.NS,HOLD,nan,0.0,nan,5.21,,,nan,nan,0,LOW,60
TRF.NS,HOLD,nan,0.0,nan,3.53,,,nan,nan,0,LOW,60
HALEOSLABS.NS,BUY,1288.5,2.48,1.84,2.36,1262.73,1314.27,1161.0,1607.25,2.5,LOW,80
HARRMALAYA.NS,HOLD,nan,0.0,nan,2.81,,,nan,nan,0,LOW,60
MANCREDIT.NS,HOLD,nan,0.0,nan,1.87,,,nan,nan,0,LOW,60
ASAHISONG.NS,HOLD,nan,0.0,nan,3.8,,,nan,nan,0,LOW,60
GLOBAL.NS,HOLD,nan,0.0,nan,3.67,,,nan,nan,0,LOW,60
URAVIDEF.NS,HOLD,nan,0.0,nan,3.85,,,nan,nan,0,LOW,60
RACE.NS,HOLD,nan,0.0,nan,7.01,,,nan,nan,0,LOW,60
EFACTOR.NS,SELL,192.0,-17.91,-4.48,5.02,,,219.72,122.7,2.5,LOW,100
KANORICHEM.NS,HOLD,nan,0.0,nan,4.12,,,nan,nan,0,LOW,60
MARKOLINES.NS,HOLD,nan,0.0,nan,2.51,,,nan,nan,0,LOW,60
ALANKIT.NS,HOLD,nan,0.0,nan,3.79,,,nan,nan,0,LOW,60
GEEKAYWIRE.NS,HOLD,nan,0.0,nan,3.7,,,nan,nan,0,LOW,60
SKP.NS,HOLD,150.0,-5.37,-0.33,2.85,,,139.39,164.14,1.33,LOW,80
CMNL.NS,HOLD,97.05,-7.24,7.83,3.83,,,89.12,107.63,1.33,LOW,100
VLEGOV.NS,HOLD,11.98,-9.89,6.3,5.65,,,10.42,14.06,1.33,LOW,100
DPWIRES.NS,HOLD,nan,0.0,nan,4.48,,,nan,nan,0,LOW,60
MASON.NS,SELL,145.0,-9.34,-1.89,5.12,,,164.86,95.36,2.5,LOW,80
VIKASECO.NS,HOLD,nan,0.0,nan,5.34,,,nan,nan,0,LOW,60
BHAGYANGR.NS,HOLD,nan,0.0,nan,4.45,,,nan,nan,0,LOW,60
KCPSUGIND.NS,HOLD,nan,0.0,nan,1.89,,,nan,nan,0,LOW,60
MAWANASUG.NS,HOLD,nan,0.0,nan,3.65,,,nan,nan,0,LOW,60
APOLSINHOT.NS,HOLD,nan,0.0,nan,2.61,,,nan,nan,0,LOW,60
BYKE.NS,HOLD,nan,0.0,nan,7.49,,,nan,nan,0,LOW,60
SSDL.NS,HOLD,nan,0.0,nan,4.93,,,nan,nan,0,LOW,60
VARDHACRLC.NS,HOLD,nan,0.0,nan,3.73,,,nan,nan,0,LOW,60
SHRADHA.NS,HOLD,nan,0.0,nan,5.76,,,nan,nan,0,LOW,60
MANOMAY.NS,HOLD,nan,0.0,nan,3.63,,,nan,nan,0,LOW,60
LYKALABS.NS,HOLD,nan,0.0,nan,5.76,,,nan,nan,0,LOW,60
AVG.NS,HOLD,nan,0.0,nan,6.39,,,nan,nan,0,LOW,60
AFFORDABLE.NS,HOLD,157.15,-9.42,7.06,5.46,,,141.16,178.47,1.33,LOW,100
NIPPOBATRY.NS,HOLD,nan,0.0,nan,3.96,,,nan,nan,0,LOW,60
ATLANTAA.NS,HOLD,nan,0.0,nan,5.0,,,nan,nan,0,LOW,60
FROG.NS,BUY,156.4,11.97,20.4,5.45,153.27,159.53,132.07,217.22,2.5,LOW,100
ALMONDZ.NS,HOLD,nan,0.0,nan,4.84,,,nan,nan,0,LOW,60
SINTERCOM.NS,HOLD,nan,0.0,nan,2.77,,,nan,nan,0,LOW,60
GOLDTECH.NS,HOLD,nan,0.0,nan,4.54,,,nan,nan,0,LOW,60
PPAP.NS,HOLD,nan,0.0,nan,3.29,,,nan,nan,0,LOW,60
HITECHCORP.NS,HOLD,nan,0.0,nan,5.61,,,nan,nan,0,LOW,60
NATHBIOGEN.NS,HOLD,nan,0.0,nan,2.96,,,nan,nan,0,LOW,60
VMSTMT.NS,HOLD,nan,0.0,nan,4.05,,,nan,nan,0,LOW,60
SHERA.NS,SELL,105.5,-9.45,-1.86,3.48,,,117.09,76.52,2.5,LOW,80
DIAMINESQ.NS,HOLD,234.27,-0.79,7.38,2.47,,,215.0,259.96,1.33,LOW,80
VIPCLOTHNG.NS,HOLD,nan,0.0,nan,6.49,,,nan,nan,0,LOW,60
TREJHARA.NS,HOLD,nan,0.0,nan,3.17,,,nan,nan,0,LOW,60
AXITA.NS,HOLD,nan,0.0,nan,1.28,,,nan,nan,0,LOW,60
AUTOIND.NS,HOLD,nan,0.0,nan,5.19,,,nan,nan,0,LOW,60
SAAKSHI.NS,BUY,191.0,2.97,5.99,4.47,187.18,194.82,169.44,244.91,2.5,LOW,100
AFIL.NS,BUY,8.82,32.62,2.08,3.83,8.64,9.0,7.8,11.37,2.5,LOW,100
JAINAM.NS,SELL,174.0,-14.85,-5.95,1.94,,,178.53,162.68,2.5,LOW,100
A2ZINFRA.NS,HOLD,nan,0.0,nan,3.37,,,nan,nan,0,LOW,60
SHEMAROO.NS,HOLD,nan,0.0,nan,5.4,,,nan,nan,0,LOW,60
RVHL.NS,HOLD,nan,0.0,nan,5.71,,,nan,nan,0,LOW,60
SOMATEX.NS,HOLD,nan,0.0,nan,2.67,,,nan,nan,0,LOW,60
PRAMARA.NS,HOLD,350.65,-0.41,0.54,1.33,,,334.26,372.51,1.33,LOW,60
NAGAFERT.NS,HOLD,nan,0.0,nan,3.71,,,nan,nan,0,LOW,60
GRETEX.NS,BUY,301.0,24.48,18.04,2.95,294.98,307.02,291.63,324.43,2.5,LOW,100
SUPREME.NS,HOLD,nan,0.0,nan,6.25,,,nan,nan,0,LOW,60
PRIZOR.NS,BUY,413.3,23.66,7.84,3.63,405.03,421.57,366.87,529.37,2.5,LOW,100
OMFREIGHT.NS,HOLD,nan,0.0,nan,3.91,,,nan,nan,0,LOW,60
PILITA.NS,HOLD,nan,0.0,nan,4.38,,,nan,nan,0,LOW,60
UNIHEALTH.NS,BUY,400.1,22.85,11.56,3.46,392.1,408.1,358.09,505.12,2.5,LOW,100
BAFNAPH.NS,HOLD,nan,0.0,nan,3.93,,,nan,nan,0,LOW,60
KRISHCA.NS,SELL,156.6,-9.86,-9.84,3.54,,,181.29,94.89,2.5,LOW,100
GLOBALVECT.NS,HOLD,nan,0.0,nan,5.81,,,nan,nan,0,LOW,60
GOYALSALT.NS,HOLD,118.0,-5.78,4.84,3.91,,,107.58,131.89,1.33,LOW,100
SUNDRMBRAK.NS,HOLD,nan,0.0,nan,4.14,,,nan,nan,0,LOW,60
CINELINE.NS,HOLD,nan,0.0,nan,3.18,,,nan,nan,0,LOW,60
KCEIL.NS,SELL,111.95,-7.39,-7.21,5.65,,,127.27,73.65,2.5,LOW,100
AIRAN.NS,HOLD,nan,0.0,nan,3.99,,,nan,nan,0,LOW,60
DJML.NS,HOLD,nan,0.0,nan,2.4,,,nan,nan,0,LOW,60
STARTECK.NS,HOLD,nan,0.0,nan,4.27,,,nan,nan,0,LOW,60
DELPHIFX.NS,HOLD,nan,0.0,nan,5.53,,,nan,nan,0,LOW,60
MODIRUBBER.NS,HOLD,nan,0.0,nan,2.54,,,nan,nan,0,LOW,60
ELGIRUBCO.NS,HOLD,nan,0.0,nan,5.15,,,nan,nan,0,LOW,60
SHREYANIND.NS,HOLD,nan,0.0,nan,5.18,,,nan,nan,0,LOW,60
SAHYADRI.NS,HOLD,nan,0.0,nan,3.12,,,nan,nan,0,LOW,60
OSIAHYPER.NS,HOLD,nan,0.0,nan,1.57,,,nan,nan,0,LOW,60
PODDARMENT.NS,HOLD,nan,0.0,nan,3.13,,,nan,nan,0,LOW,60
UFO.NS,HOLD,nan,0.0,nan,3.99,,,nan,nan,0,LOW,60
DCMNVL.NS,HOLD,nan,0.0,nan,4.13,,,nan,nan,0,LOW,60
UCAL.NS,SELL,91.27,-12.17,-5.92,3.41,,,102.5,63.2,2.5,LOW,100
UYFINCORP.NS,HOLD,13.24,-2.11,2.48,4.01,,,11.8,15.16,1.33,LOW,100
YASHOPTICS.NS,BUY,115.8,3.23,6.38,3.66,113.48,118.12,103.96,145.39,2.5,LOW,100
GSMFOILS.NS,SELL,182.45,-8.78,-9.23,3.55,,,206.34,122.74,2.5,LOW,100
INDOUS.NS,HOLD,108.97,-9.96,5.3,5.09,,,98.93,122.36,1.33,LOW,100
VSTL.NS,HOLD,nan,0.0,nan,3.23,,,nan,nan,0,LOW,60
JAYSREETEA.NS,HOLD,nan,0.0,nan,3.74,,,nan,nan,0,LOW,60
UNIVPHOTO.NS,HOLD,nan,0.0,nan,1.62,,,nan,nan,0,LOW,60
UNIVASTU.NS,HOLD,nan,0.0,nan,2.3,,,nan,nan,0,LOW,60
KOTYARK.NS,HOLD,nan,0.0,nan,4.94,,,nan,nan,0,LOW,60
ZEELEARN.NS,HOLD,nan,0.0,nan,4.06,,,nan,nan,0,LOW,60
TRANSTEEL.NS,BUY,145.85,2.1,1.0,2.58,142.93,148.77,131.09,182.76,2.5,LOW,80
NDLVENTURE.NS,BUY,120.63,12.32,5.25,2.24,118.22,123.04,109.05,149.58,2.5,LOW,100
CCHHL.NS,HOLD,nan,0.0,nan,3.46,,,nan,nan,0,LOW,60
MEGASTAR.NS,HOLD,nan,0.0,nan,2.37,,,nan,nan,0,LOW,60
SURANAT&P.NS,HOLD,nan,0.0,nan,2.88,,,nan,nan,0,LOW,60
TAKE.NS,HOLD,nan,0.0,nan,2.92,,,nan,nan,0,LOW,60
RVTH.NS,SELL,600.0,-0.86,-4.06,4.97,,,702.11,344.73,2.5,LOW,80
TTL.NS,HOLD,nan,0.0,nan,2.23,,,nan,nan,0,LOW,60
RADIOCITY.NS,HOLD,nan,0.0,nan,3.63,,,nan,nan,0,LOW,60
PRITIKAUTO.NS,HOLD,nan,0.0,nan,3.68,,,nan,nan,0,LOW,60
VIRINCHI.NS,HOLD,nan,0.0,nan,4.07,,,nan,nan,0,LOW,60
CHAVDA.NS,SELL,91.75,-10.71,-3.32,4.09,,,102.89,63.89,2.5,LOW,100
DUGLOBAL.NS,SELL,34.0,-1.11,-7.98,6.25,,,37.82,24.45,2.5,LOW,100
RBS.NS,SELL,72.25,-12.08,-6.17,8.32,,,87.48,34.18,2.5,LOW,100
MADHAVBAUG.NS,SELL,187.95,-12.68,-8.58,4.76,,,210.65,131.2,2.5,LOW,100
SCPL.NS,HOLD,nan,0.0,nan,3.0,,,nan,nan,0,LOW,60
KDL.NS,SELL,117.0,-13.97,-4.49,4.51,,,128.46,88.34,2.5,LOW,100
PRATHAM.NS,SELL,119.6,-7.25,-3.2,3.27,,,133.69,84.37,2.5,LOW,100
REPL.NS,HOLD,nan,0.0,nan,6.68,,,nan,nan,0,LOW,60
IPSL.NS,SELL,218.0,-13.8,-14.51,4.92,,,244.89,150.79,2.5,LOW,100
KAMOPAINTS.NS,HOLD,nan,0.0,nan,4.98,,,nan,nan,0,LOW,60
TCL.NS,SELL,78.9,-12.75,-13.49,3.78,,,86.64,59.56,2.5,LOW,100
SUPREMEINF.NS,HOLD,nan,0.0,nan,2.95,,,nan,nan,0,LOW,60
STARPAPER.NS,HOLD,nan,0.0,nan,2.81,,,nan,nan,0,LOW,60
NURECA.NS,HOLD,nan,0.0,nan,4.04,,,nan,nan,0,LOW,60
FELIX.NS,HOLD,177.05,-3.66,2.97,3.53,,,162.09,197.0,1.33,LOW,100
IVC.NS,HOLD,nan,0.0,nan,3.57,,,nan,nan,0,LOW,60
ANLON.NS,BUY,396.25,6.09,5.54,3.61,388.32,404.18,360.21,486.36,2.5,LOW,100
RUDRA.NS,HOLD,17.76,-1.24,9.36,3.41,,,16.03,20.07,1.33,LOW,100
ESCONET.NS,SELL,104.15,-10.23,-7.5,3.38,,,115.54,75.67,2.5,LOW,100
KOTARISUG.NS,HOLD,nan,0.0,nan,1.65,,,nan,nan,0,LOW,60
DUCOL.NS,SELL,102.95,-17.99,-13.6,3.67,,,119.2,62.33,2.5,LOW,100
SADHNANIQ.NS,HOLD,nan,0.0,nan,4.32,,,nan,nan,0,LOW,60
GILLANDERS.NS,HOLD,nan,0.0,nan,3.09,,,nan,nan,0,LOW,60
COASTCORP.NS,HOLD,nan,0.0,nan,3.52,,,nan,nan,0,LOW,60
AHLEAST.NS,HOLD,nan,0.0,nan,2.77,,,nan,nan,0,LOW,60
SAKHTISUG.NS,HOLD,nan,0.0,nan,3.59,,,nan,nan,0,LOW,60
ZODIACLOTH.NS,HOLD,nan,0.0,nan,4.23,,,nan,nan,0,LOW,60
KMSUGAR.NS,HOLD,nan,0.0,nan,2.07,,,nan,nan,0,LOW,60
DRCSYSTEMS.NS,HOLD,nan,0.0,nan,3.08,,,nan,nan,0,LOW,60
OMAXAUTO.NS,HOLD,nan,0.0,nan,3.52,,,nan,nan,0,LOW,60
INTENTECH.NS,HOLD,nan,0.0,nan,6.84,,,nan,nan,0,LOW,60
COMMITTED.NS,HOLD,242.05,12.02,-6.67,2.51,,,225.57,264.03,1.33,LOW,100
PIGL.NS,HOLD,nan,0.0,nan,3.9,,,nan,nan,0,LOW,60
KALYANIFRG.NS,HOLD,nan,0.0,nan,2.97,,,nan,nan,0,LOW,60
MKPL.NS,HOLD,nan,0.0,nan,6.23,,,nan,nan,0,LOW,60
ARIHANTACA.NS,BUY,505.0,7.93,7.45,3.94,494.9,515.1,464.59,606.02,2.5,LOW,100
PONNIERODE.NS,HOLD,nan,0.0,nan,1.96,,,nan,nan,0,LOW,60
MURUDCERA.NS,HOLD,nan,0.0,nan,2.83,,,nan,nan,0,LOW,60
CPCAP.NS,HOLD,87.8,-4.3,3.97,3.58,,,78.18,100.62,1.33,LOW,100
AERONEU.NS,HOLD,nan,0.0,nan,3.66,,,nan,nan,0,LOW,60
GENCON.NS,HOLD,nan,0.0,nan,3.32,,,nan,nan,0,LOW,60
SALSTEEL.NS,HOLD,nan,0.0,nan,3.24,,,nan,nan,0,LOW,60
NIRAJ.NS,HOLD,nan,0.0,nan,3.88,,,nan,nan,0,LOW,60
ATALREAL.NS,HOLD,nan,0.0,nan,3.4,,,nan,nan,0,LOW,60
SPCL.NS,SELL,72.55,-12.01,-3.4,4.34,,,81.91,49.16,2.5,LOW,100
SHIVATEX.NS,HOLD,nan,0.0,nan,2.87,,,nan,nan,0,LOW,60
CHEMBOND.NS,HOLD,nan,0.0,nan,5.91,,,nan,nan,0,LOW,60
SHAH.NS,BUY,4.95,3.23,5.32,2.58,4.85,5.05,4.5,6.08,2.5,LOW,100
NAVKARURB.NS,SELL,0.75,-33.07,-15.73,2.83,,,0.85,0.49,2.5,LOW,100
CORDSCABLE.NS,HOLD,nan,0.0,nan,4.07,,,nan,nan,0,LOW,60
ABAN.NS,SELL,21.03,-4.52,-14.2,3.42,,,21.71,19.33,2.5,LOW,100
WORTHPERI.NS,HOLD,nan,0.0,nan,3.14,,,nan,nan,0,LOW,60
DEVIT.NS,HOLD,nan,0.0,nan,5.3,,,nan,nan,0,LOW,60
TRIGYN.NS,HOLD,nan,0.0,nan,5.63,,,nan,nan,0,LOW,60
KCK.NS,SELL,13.55,-34.29,-28.5,9.11,,,18.34,1.59,2.5,LOW,100
BALAXI.NS,HOLD,nan,0.0,nan,6.75,,,nan,nan,0,LOW,60
MHLXMIRU.NS,HOLD,nan,0.0,nan,3.03,,,nan,nan,0,LOW,60
FIDEL.NS,HOLD,125.0,-5.66,-0.79,5.17,,,115.12,138.18,1.33,LOW,80
SPECTSTM.NS,SELL,58.0,-22.89,-15.94,4.97,,,66.06,37.86,2.5,LOW,100
UNITEDTEA.NS,HOLD,nan,0.0,nan,1.93,,,nan,nan,0,LOW,60
PKTEA.NS,HOLD,nan,0.0,nan,1.96,,,nan,nan,0,LOW,60
BASML.NS,HOLD,nan,0.0,nan,4.45,,,nan,nan,0,LOW,60
KRITIKA.NS,HOLD,nan,0.0,nan,6.06,,,nan,nan,0,LOW,60
DHARAN.NS,HOLD,0.15,-6.02,7.14,5.78,,,0.13,0.18,1.33,LOW,100
AMJLAND.NS,HOLD,nan,0.0,nan,4.89,,,nan,nan,0,LOW,60
INDOWIND.NS,HOLD,nan,0.0,nan,4.17,,,nan,nan,0,LOW,60
NEPHROCARE.NS,SELL,57.95,-27.82,-12.33,4.62,,,68.09,32.61,2.5,LOW,100
TEAMGTY.NS,HOLD,nan,0.0,nan,3.75,,,nan,nan,0,LOW,60
MARALOVER.NS,HOLD,nan,0.0,nan,3.42,,,nan,nan,0,LOW,60
VETO.NS,HOLD,nan,0.0,nan,3.52,,,nan,nan,0,LOW,60
PRITIKA.NS,SELL,47.75,-21.04,-18.72,4.77,,,53.81,32.61,2.5,LOW,100
GRCL.NS,SELL,367.65,-3.57,-7.89,3.26,,,409.64,262.69,2.5,LOW,100
PLAZACABLE.NS,HOLD,nan,0.0,nan,4.24,,,nan,nan,0,LOW,60
AKIKO.NS,SELL,201.0,-4.41,-7.8,2.31,,,219.54,154.66,2.5,LOW,100
GOLDSTAR.NS,SELL,6.3,-0.58,-10.64,3.82,,,7.0,4.55,2.5,LOW,80
SETCO.NS,HOLD,nan,0.0,nan,3.3,,,nan,nan,0,LOW,60
LOTUSEYE.NS,HOLD,nan,0.0,nan,2.85,,,nan,nan,0,LOW,60
RANASUG.NS,HOLD,nan,0.0,nan,2.96,,,nan,nan,0,LOW,60
WINSOL.NS,SELL,110.0,-12.88,-8.33,4.18,,,123.7,75.75,2.5,LOW,100
RAJTV.NS,HOLD,nan,0.0,nan,5.39,,,nan,nan,0,LOW,60
AKSHARCHEM.NS,HOLD,nan,0.0,nan,4.2,,,nan,nan,0,LOW,60
ANIKINDS.NS,HOLD,nan,0.0,nan,3.82,,,nan,nan,0,LOW,60
IBULLSLTD.NS,BUY,10.43,2.72,5.14,4.87,10.22,10.64,8.87,14.33,2.5,LOW,100
EMMIL.NS,BUY,144.9,0.71,9.44,5.41,142.0,147.8,126.98,189.7,2.5,LOW,80
AAREYDRUGS.NS,HOLD,nan,0.0,nan,5.27,,,nan,nan,0,LOW,60
NATCAPSUQ.NS,HOLD,nan,0.0,nan,2.29,,,nan,nan,0,LOW,60
PRAXIS.NS,HOLD,nan,0.0,nan,3.65,,,nan,nan,0,LOW,60
KAVDEFENCE.NS,SELL,55.56,-12.78,-8.26,3.46,,,61.93,39.63,2.5,LOW,100
DGCONTENT.NS,HOLD,nan,0.0,nan,4.18,,,nan,nan,0,LOW,60
SADBHAV.NS,HOLD,nan,0.0,nan,4.37,,,nan,nan,0,LOW,60
ASPINWALL.NS,HOLD,nan,0.0,nan,3.54,,,nan,nan,0,LOW,60
DRONE.NS,BUY,48.65,0.87,13.93,5.87,47.68,49.62,40.62,68.72,2.5,LOW,80
GULFPETRO.NS,HOLD,nan,0.0,nan,4.06,,,nan,nan,0,LOW,60
PROPEQUITY.NS,SELL,165.05,-10.76,-15.36,3.17,,,176.62,136.12,2.5,LOW,100
JMA.NS,HOLD,nan,0.0,nan,2.69,,,nan,nan,0,LOW,60
NECCLTD.NS,HOLD,nan,0.0,nan,5.19,,,nan,nan,0,LOW,60
NITIRAJ.NS,HOLD,nan,0.0,nan,2.82,,,nan,nan,0,LOW,60
ALUWIND.NS,SELL,53.0,-12.45,-9.56,2.25,,,57.97,40.57,2.5,LOW,100
EQUIPPP.NS,HOLD,nan,0.0,nan,3.26,,,nan,nan,0,LOW,60
LLOYDS.NS,SELL,42.35,-19.18,-16.14,7.63,,,51.66,19.06,2.5,LOW,100
RHFL.NS,SELL,2.33,-9.56,-13.7,3.23,,,2.4,2.15,2.5,LOW,100
INCREDIBLE.NS,HOLD,nan,0.0,nan,3.55,,,nan,nan,0,LOW,60
TIPSFILMS.NS,HOLD,nan,0.0,nan,3.4,,,nan,nan,0,LOW,60
ARCHIDPLY.NS,HOLD,nan,0.0,nan,4.16,,,nan,nan,0,LOW,60
MADHUSUDAN.NS,BUY,145.55,6.48,4.0,3.46,142.64,148.46,131.5,180.68,2.5,LOW,100
CENTEXT.NS,HOLD,nan,0.0,nan,3.69,,,nan,nan,0,LOW,60
EMMBI.NS,HOLD,nan,0.0,nan,4.79,,,nan,nan,0,LOW,60
KEYFINSERV.NS,HOLD,nan,0.0,nan,2.88,,,nan,nan,0,LOW,60
ESSENTIA.NS,HOLD,nan,0.0,nan,5.42,,,nan,nan,0,LOW,60
TAINWALCHM.NS,HOLD,nan,0.0,nan,3.03,,,nan,nan,0,LOW,60
ENFUSE.NS,HOLD,179.95,-7.07,-0.03,4.19,,,164.02,201.19,1.33,LOW,80
ARVEE.NS,HOLD,nan,0.0,nan,3.45,,,nan,nan,0,LOW,60
SIKKO.NS,HOLD,nan,0.0,nan,3.22,,,nan,nan,0,LOW,60
DENEERS.NS,BUY,152.95,3.19,4.83,2.98,149.89,156.01,133.68,201.13,2.5,LOW,100
PRLIND.NS,HOLD,58.0,-0.54,6.81,4.67,,,52.72,65.04,1.33,LOW,80
EXCEL.NS,SELL,1.0,-10.59,-5.66,3.98,,,1.14,0.64,2.5,LOW,100
ALPA.NS,HOLD,nan,0.0,nan,6.09,,,nan,nan,0,LOW,60
KESORAMIND.NS,HOLD,nan,0.0,nan,4.85,,,nan,nan,0,LOW,60
DTIL.NS,HOLD,nan,0.0,nan,3.04,,,nan,nan,0,LOW,60
AVROIND.NS,HOLD,nan,0.0,nan,3.55,,,nan,nan,0,LOW,60
PURVFLEXI.NS,SELL,41.45,-25.36,-2.47,3.79,,,45.59,31.09,2.5,LOW,100
DESTINY.NS,HOLD,123.45,2.52,0.0,0.0,,,123.45,123.45,0,LOW,80
BEWLTD.NS,SELL,79.65,-14.88,-4.61,4.51,,,91.54,49.92,2.5,LOW,100
IEML.NS,BUY,75.5,0.83,1.89,5.82,73.99,77.01,63.16,106.34,2.5,LOW,60
BRNL.NS,HOLD,nan,0.0,nan,4.72,,,nan,nan,0,LOW,60
TUNWAL.NS,BUY,30.1,1.53,2.03,2.14,29.5,30.7,27.95,35.48,2.5,LOW,100
MANAKALUCO.NS,HOLD,nan,0.0,nan,3.84,,,nan,nan,0,LOW,60
DCM.NS,HOLD,nan,0.0,nan,4.27,,,nan,nan,0,LOW,60
CPS.NS,SELL,925.0,-17.68,-11.23,2.48,,,971.07,809.82,2.5,LOW,100
AARTECH.NS,HOLD,nan,0.0,nan,5.54,,,nan,nan,0,LOW,60
SHRITECH.NS,SELL,58.25,-3.35,-5.21,3.89,,,62.46,47.71,2.5,LOW,100
LAL.NS,HOLD,nan,0.0,nan,5.69,,,nan,nan,0,LOW,60
SONAMLTD.NS,HOLD,nan,0.0,nan,3.23,,,nan,nan,0,LOW,60
VISHWARAJ.NS,HOLD,nan,0.0,nan,4.39,,,nan,nan,0,LOW,60
VIVIMEDLAB.NS,HOLD,nan,0.0,nan,3.37,,,nan,nan,0,LOW,60
PRAENG.NS,HOLD,nan,0.0,nan,5.02,,,nan,nan,0,LOW,60
INDTERRAIN.NS,HOLD,nan,0.0,nan,5.12,,,nan,nan,0,LOW,60
KORE.NS,SELL,90.3,-22.0,-7.86,3.6,,,98.38,70.1,2.5,LOW,100
LANCORHOL.NS,HOLD,nan,0.0,nan,3.89,,,nan,nan,0,LOW,60
AARVI.NS,HOLD,nan,0.0,nan,2.99,,,nan,nan,0,LOW,60
VASWANI.NS,HOLD,nan,0.0,nan,2.47,,,nan,nan,0,LOW,60
SUPERHOUSE.NS,HOLD,nan,0.0,nan,2.89,,,nan,nan,0,LOW,60
RSSOFTWARE.NS,HOLD,nan,0.0,nan,4.3,,,nan,nan,0,LOW,60
DYNAMIC.NS,HOLD,102.0,-13.35,-0.97,5.48,,,89.37,118.84,1.33,LOW,80
CORALFINAC.NS,HOLD,nan,0.0,nan,3.74,,,nan,nan,0,LOW,60
CANARYS.NS,HOLD,20.55,-13.1,1.73,6.24,,,18.19,23.69,1.33,LOW,80
IVP.NS,HOLD,nan,0.0,nan,3.96,,,nan,nan,0,LOW,60
BSL.NS,HOLD,nan,0.0,nan,4.31,,,nan,nan,0,LOW,60
QMSMEDI.NS,HOLD,80.0,-4.45,4.71,3.75,,,74.42,87.44,1.33,LOW,100
EMKAYTOOLS.NS,HOLD,96.9,-0.93,6.48,4.21,,,87.99,108.79,1.33,LOW,80
RUCHINFRA.NS,HOLD,nan,0.0,nan,8.05,,,nan,nan,0,LOW,60
TBI.NS,HOLD,66.15,-3.67,-0.15,4.64,,,58.93,75.77,1.33,LOW,80
CROWN.NS,HOLD,nan,0.0,nan,3.76,,,nan,nan,0,LOW,60
GAYAPROJ.NS,BUY,14.86,15.59,11.48,1.7,14.56,15.16,14.2,16.51,2.5,LOW,100
ENSER.NS,BUY,12.9,6.19,14.67,6.91,12.64,13.16,10.33,19.33,2.5,LOW,100
WEIZMANIND.NS,HOLD,nan,0.0,nan,2.64,,,nan,nan,0,LOW,60
SOMICONVEY.NS,HOLD,nan,0.0,nan,3.8,,,nan,nan,0,LOW,60
MAITREYA.NS,SELL,189.0,-5.5,-2.07,5.04,,,216.69,119.79,2.5,LOW,100
USK.NS,HOLD,nan,0.0,nan,2.21,,,nan,nan,0,LOW,60
MAHESHWARI.NS,HOLD,nan,0.0,nan,2.23,,,nan,nan,0,LOW,60
VR.NS,SELL,136.45,-8.02,-5.18,3.56,,,142.64,120.97,2.5,LOW,100
MODTHREAD.NS,HOLD,nan,0.0,nan,6.12,,,nan,nan,0,LOW,60
RKEC.NS,HOLD,nan,0.0,nan,7.44,,,nan,nan,0,LOW,60
DUCON.NS,HOLD,nan,0.0,nan,6.77,,,nan,nan,0,LOW,60
SIGIND.NS,HOLD,nan,0.0,nan,3.15,,,nan,nan,0,LOW,60
DOLLEX.NS,SELL,27.05,-18.83,-11.31,3.25,,,30.38,18.73,2.5,LOW,100
IBLFL.NS,BUY,48.8,2.09,3.17,2.59,47.82,49.78,46.34,54.94,2.5,LOW,100
HINDCON.NS,HOLD,nan,0.0,nan,3.69,,,nan,nan,0,LOW,60
XELPMOC.NS,HOLD,nan,0.0,nan,5.5,,,nan,nan,0,LOW,60
TEXMOPIPES.NS,HOLD,nan,0.0,nan,4.75,,,nan,nan,0,LOW,60
WOMANCART.NS,SELL,160.0,-9.06,-9.66,5.01,,,180.34,109.14,2.5,LOW,100
KHFM.NS,SELL,50.7,-21.63,-6.2,5.65,,,57.94,32.59,2.5,LOW,100
UMIYA-MRO.NS,HOLD,79.39,-4.56,-0.8,4.25,,,69.53,92.54,1.33,LOW,80
MAGNUM.NS,HOLD,nan,0.0,nan,5.48,,,nan,nan,0,LOW,60
SHREEOSFM.NS,HOLD,76.9,-0.59,3.22,6.26,,,68.53,88.06,1.33,LOW,80
ISFT.NS,HOLD,nan,0.0,nan,4.58,,,nan,nan,0,LOW,60
AIROLAM.NS,HOLD,nan,0.0,nan,1.88,,,nan,nan,0,LOW,60
MUKTAARTS.NS,HOLD,nan,0.0,nan,5.25,,,nan,nan,0,LOW,60
GLOBALPET.NS,SELL,92.7,-15.38,-9.12,4.26,,,104.0,64.45,2.5,LOW,100
USASEEDS.NS,HOLD,95.1,-17.79,5.37,3.09,,,90.91,100.69,1.33,LOW,100
INDIANCARD.NS,HOLD,nan,0.0,nan,2.71,,,nan,nan,0,LOW,60
MDL.NS,BUY,55.25,6.53,5.54,7.41,54.14,56.36,43.86,83.73,2.5,LOW,100
ALPHAGEO.NS,HOLD,nan,0.0,nan,3.77,,,nan,nan,0,LOW,60
GVPTECH.NS,HOLD,nan,0.0,nan,6.07,,,nan,nan,0,LOW,60
BHARATGEAR.NS,HOLD,nan,0.0,nan,3.6,,,nan,nan,0,LOW,60
KREBSBIO.NS,HOLD,nan,0.0,nan,6.7,,,nan,nan,0,LOW,60
INDBANK.NS,HOLD,nan,0.0,nan,2.72,,,nan,nan,0,LOW,60
RPPL.NS,HOLD,nan,0.0,nan,1.93,,,nan,nan,0,LOW,60
UMAEXPORTS.NS,HOLD,nan,0.0,nan,6.53,,,nan,nan,0,LOW,60
SHEETAL.NS,BUY,241.0,5.67,2.55,2.09,236.18,245.82,223.06,285.86,2.5,LOW,100
SADHAV.NS,BUY,109.65,5.79,9.65,3.11,107.46,111.84,98.88,136.58,2.5,LOW,100
HECPROJECT.NS,HOLD,nan,0.0,nan,3.84,,,nan,nan,0,LOW,60
HPIL.NS,HOLD,nan,0.0,nan,3.65,,,nan,nan,0,LOW,60
SLONE.NS,SELL,178.6,-8.55,-6.49,3.61,,,194.28,139.4,2.5,LOW,100
GANGESSECU.NS,HOLD,nan,0.0,nan,3.12,,,nan,nan,0,LOW,60
SURANASOL.NS,HOLD,nan,0.0,nan,5.06,,,nan,nan,0,LOW,60
QUESTLAB.NS,SELL,102.0,-8.36,-9.25,2.63,,,110.45,80.88,2.5,LOW,100
INVENTURE.NS,HOLD,nan,0.0,nan,3.72,,,nan,nan,0,LOW,60
STEELCITY.NS,HOLD,nan,0.0,nan,2.8,,,nan,nan,0,LOW,60
BTML.NS,HOLD,nan,0.0,nan,5.61,,,nan,nan,0,LOW,60
ZEAL.NS,BUY,78.45,7.07,16.83,6.92,76.88,80.02,67.21,106.56,2.5,LOW,100
VEEKAYEM.NS,HOLD,127.1,4.22,-2.23,1.98,,,125.27,129.54,1.33,LOW,100
COMPUSOFT.NS,HOLD,nan,0.0,nan,5.85,,,nan,nan,0,LOW,60
SHYAMCENT.NS,HOLD,nan,0.0,nan,3.24,,,nan,nan,0,LOW,60
LAGNAM.NS,HOLD,nan,0.0,nan,3.78,,,nan,nan,0,LOW,60
SAMBHAAV.NS,HOLD,nan,0.0,nan,2.93,,,nan,nan,0,LOW,60
SILGO.NS,HOLD,nan,0.0,nan,2.12,,,nan,nan,0,LOW,60
MASTER.NS,HOLD,305.0,-1.0,1.62,2.35,,,297.3,315.27,1.33,LOW,80
MAL.NS,HOLD,34.0,-17.79,3.98,3.93,,,30.87,38.18,1.33,LOW,100
SMLT.NS,HOLD,nan,0.0,nan,3.62,,,nan,nan,0,LOW,60
AUSOMENT.NS,HOLD,nan,0.0,nan,2.79,,,nan,nan,0,LOW,60
GTL.NS,HOLD,nan,0.0,nan,6.16,,,nan,nan,0,LOW,60
VISAMAN.NS,HOLD,112.35,-9.45,2.37,3.58,,,103.95,123.55,1.33,LOW,100
GREENCHEF.NS,SELL,47.0,-1.78,-4.57,6.01,,,52.44,33.39,2.5,LOW,100
BAIDFIN.NS,HOLD,nan,0.0,nan,3.78,,,nan,nan,0,LOW,60
SMARTLINK.NS,HOLD,nan,0.0,nan,3.18,,,nan,nan,0,LOW,60
MAHAPEXLTD.NS,HOLD,nan,0.0,nan,13.03,,,nan,nan,0,NORMAL,60
SADBHIN.NS,HOLD,nan,0.0,nan,2.78,,,nan,nan,0,LOW,60
SEMAC.NS,HOLD,nan,0.0,nan,5.03,,,nan,nan,0,LOW,60
REXPIPES.NS,BUY,202.0,12.76,2.54,2.13,197.96,206.04,195.08,219.3,2.5,LOW,100
SOTAC.NS,SELL,102.65,-9.93,-6.68,2.42,,,105.99,94.31,2.5,LOW,100
VITAL.NS,HOLD,nan,0.0,nan,4.29,,,nan,nan,0,LOW,60
TRU.NS,SELL,5.61,-13.67,-6.34,4.79,,,6.51,3.35,2.5,LOW,100
JOCIL.NS,HOLD,nan,0.0,nan,4.16,,,nan,nan,0,LOW,60
URBAN.NS,BUY,138.95,1.16,10.32,5.01,136.17,141.73,122.61,179.79,2.5,LOW,100
SYLVANPLY.NS,SELL,46.0,-5.0,-3.06,5.88,,,51.41,32.46,2.5,LOW,100
TRUST.NS,HOLD,33.75,-10.23,2.12,3.53,,,30.3,38.35,1.33,LOW,100
MCL.NS,HOLD,nan,0.0,nan,3.48,,,nan,nan,0,LOW,60
WIPL.NS,HOLD,nan,0.0,nan,1.83,,,nan,nan,0,LOW,60
BALPHARMA.NS,HOLD,nan,0.0,nan,3.48,,,nan,nan,0,LOW,60
VIPULLTD.NS,HOLD,nan,0.0,nan,1.51,,,nan,nan,0,LOW,60
SALONA.NS,HOLD,nan,0.0,nan,2.01,,,nan,nan,0,LOW,60
LAMBODHARA.NS,HOLD,nan,0.0,nan,4.27,,,nan,nan,0,LOW,60
LOVABLE.NS,HOLD,nan,0.0,nan,3.57,,,nan,nan,0,LOW,60
ISHANCH.NS,HOLD,54.61,-4.92,4.6,4.62,,,47.58,63.99,1.33,LOW,100
SHIGAN.NS,SELL,50.55,-15.78,-3.07,3.29,,,55.21,38.91,2.5,LOW,100
SURANI.NS,BUY,108.85,69.01,81.87,8.42,106.67,111.03,89.81,156.44,2.5,LOW,100
HDIL.NS,HOLD,nan,0.0,nan,2.18,,,nan,nan,0,LOW,60
LOYALTEX.NS,HOLD,nan,0.0,nan,2.02,,,nan,nan,0,LOW,60
RAJSREESUG.NS,HOLD,nan,0.0,nan,3.51,,,nan,nan,0,LOW,60
OSWALSEEDS.NS,HOLD,nan,0.0,nan,1.73,,,nan,nan,0,LOW,60
BAGFILMS.NS,HOLD,nan,0.0,nan,5.83,,,nan,nan,0,LOW,60
SHAHALLOYS.NS,HOLD,nan,0.0,nan,3.73,,,nan,nan,0,LOW,60
DRSDILIP.NS,BUY,119.5,31.37,13.81,1.91,117.11,121.89,117.06,125.61,2.5,LOW,100
SECMARK.NS,HOLD,nan,0.0,nan,4.53,,,nan,nan,0,LOW,60
ZENITHEXPO.NS,HOLD,nan,0.0,nan,2.86,,,nan,nan,0,LOW,60
CUBEXTUB.NS,HOLD,nan,0.0,nan,4.83,,,nan,nan,0,LOW,60
LATTEYS.NS,HOLD,nan,0.0,nan,4.49,,,nan,nan,0,LOW,60
DELAPLEX.NS,HOLD,96.2,-8.02,1.1,4.79,,,85.42,110.58,1.33,LOW,80
SAMPANN.NS,HOLD,nan,0.0,nan,5.01,,,nan,nan,0,LOW,60
ARTNIRMAN.NS,HOLD,nan,0.0,nan,5.18,,,nan,nan,0,LOW,60
SSFL.NS,SELL,108.4,-9.76,-20.53,3.79,,,122.99,71.92,2.5,LOW,100
GENSOL.NS,HOLD,nan,0.0,nan,2.03,,,nan,nan,0,LOW,60
TARMAT.NS,HOLD,nan,0.0,nan,3.91,,,nan,nan,0,LOW,60
SIDDHIKA.NS,HOLD,210.0,2.01,-2.33,2.6,,,203.26,218.99,1.33,LOW,100
FIBERWEB.NS,HOLD,nan,0.0,nan,2.87,,,nan,nan,0,LOW,60
SCML.NS,BUY,146.5,10.95,6.35,2.83,143.57,149.43,133.85,178.13,2.5,LOW,100
OMFURN.NS,SELL,39.95,-25.05,-16.94,3.07,,,46.14,24.47,2.5,LOW,100
NEWJAISA.NS,HOLD,19.7,9.95,0.77,4.08,,,18.23,21.66,1.33,LOW,80
DCG.NS,HOLD,57.55,-1.14,1.41,4.14,,,52.86,63.81,1.33,LOW,80
RAJMET.NS,HOLD,nan,0.0,nan,3.97,,,nan,nan,0,LOW,60
MAXPOSURE.NS,HOLD,35.6,-1.18,1.71,3.06,,,33.42,38.51,1.33,LOW,80
PAR.NS,HOLD,nan,0.0,nan,2.77,,,nan,nan,0,LOW,60
BEARDSELL.NS,HOLD,nan,0.0,nan,4.16,,,nan,nan,0,LOW,60
RELIABLE.NS,HOLD,nan,0.0,nan,4.36,,,nan,nan,0,LOW,60
AKSHOPTFBR.NS,HOLD,nan,0.0,nan,4.96,,,nan,nan,0,LOW,60
MOKSH.NS,HOLD,nan,0.0,nan,3.99,,,nan,nan,0,LOW,60
BEACON.NS,HOLD,76.5,-5.94,1.93,5.15,,,67.89,87.98,1.33,LOW,80
CRAYONS.NS,SELL,32.5,-11.48,-3.99,7.84,,,39.94,13.89,2.5,LOW,100
DTL.NS,SELL,93.0,-17.76,-6.06,6.29,,,106.75,58.62,2.5,LOW,100
GROBTEA.NS,HOLD,nan,0.0,nan,2.9,,,nan,nan,0,LOW,60
REGENCERAM.NS,HOLD,nan,0.0,nan,4.14,,,nan,nan,0,LOW,60
SURYALAXMI.NS,HOLD,nan,0.0,nan,5.3,,,nan,nan,0,LOW,60
MAHICKRA.NS,BUY,214.5,15.35,2.63,1.86,210.21,218.79,191.56,271.86,2.5,LOW,100
RELCHEMQ.NS,HOLD,nan,0.0,nan,2.42,,,nan,nan,0,LOW,60
KOHINOOR.NS,HOLD,nan,0.0,nan,3.11,,,nan,nan,0,LOW,60
HILTON.NS,HOLD,nan,0.0,nan,8.47,,,nan,nan,0,LOW,60
PALASHSECU.NS,HOLD,nan,0.0,nan,2.22,,,nan,nan,0,LOW,60
TOTAL.NS,HOLD,nan,0.0,nan,4.03,,,nan,nan,0,LOW,60
ASCOM.NS,HOLD,226.5,15.51,-2.08,1.5,,,222.21,232.21,1.33,LOW,100
OLIL.NS,HOLD,320.15,5.72,-2.38,3.16,,,301.04,345.64,1.33,LOW,100
VAISHALI.NS,HOLD,nan,0.0,nan,5.5,,,nan,nan,0,LOW,60
SIL.NS,HOLD,nan,0.0,nan,3.17,,,nan,nan,0,LOW,60
OBCL.NS,HOLD,nan,0.0,nan,1.43,,,nan,nan,0,LOW,60
ROCKINGDCE.NS,SELL,135.6,-28.68,-21.19,4.22,,,153.88,89.9,2.5,LOW,100
TOKYOPLAST.NS,HOLD,nan,0.0,nan,4.01,,,nan,nan,0,LOW,60
REFRACTORY.NS,HOLD,33.1,-17.87,2.95,4.09,,,30.53,36.52,1.33,LOW,100
DIGIDRIVE.NS,HOLD,nan,0.0,nan,3.72,,,nan,nan,0,LOW,60
BHANDARI.NS,HOLD,nan,0.0,nan,7.44,,,nan,nan,0,LOW,60
ODIGMA.NS,HOLD,nan,0.0,nan,3.74,,,nan,nan,0,LOW,60
KAKATCEM.NS,HOLD,nan,0.0,nan,2.94,,,nan,nan,0,LOW,60
KLL.NS,SELL,38.4,-6.56,-3.88,6.11,,,44.09,24.19,2.5,LOW,100
MITCON.NS,HOLD,nan,0.0,nan,3.42,,,nan,nan,0,LOW,60
TOUCHWOOD.NS,HOLD,nan,0.0,nan,3.16,,,nan,nan,0,LOW,60
AAATECH.NS,HOLD,nan,0.0,nan,2.01,,,nan,nan,0,LOW,60
SPLIL.NS,HOLD,nan,0.0,nan,4.28,,,nan,nan,0,LOW,60
HOLMARC.NS,SELL,69.5,-22.5,-12.03,3.61,,,77.02,50.7,2.5,LOW,100
HOACFOODS.NS,BUY,405.8,15.59,16.84,1.92,397.68,413.92,384.39,459.34,2.5,LOW,100
ZENITHSTL.NS,HOLD,nan,0.0,nan,2.92,,,nan,nan,0,LOW,60
ARSSINFRA.NS,HOLD,54.27,0.0,0.0,0.0,,,54.27,54.27,0,LOW,60
NAMAN.NS,SELL,43.5,-20.92,-13.0,2.97,,,48.58,30.8,2.5,LOW,100
MARC.NS,HOLD,63.5,6.26,-1.17,1.91,,,60.22,67.87,1.33,LOW,80
PIONEEREMB.NS,HOLD,nan,0.0,nan,4.82,,,nan,nan,0,LOW,60
ZENITHDRUG.NS,SELL,40.95,-10.18,-2.27,4.71,,,45.99,28.36,2.5,LOW,100
GLOBE.NS,HOLD,nan,0.0,nan,4.12,,,nan,nan,0,LOW,60
DHRUV.NS,HOLD,nan,0.0,nan,3.74,,,nan,nan,0,LOW,60
SONUINFRA.NS,SELL,42.5,-32.64,-10.81,3.63,,,48.03,28.68,2.5,LOW,100
SELMC.NS,HOLD,nan,0.0,nan,2.89,,,nan,nan,0,LOW,60
MAGSON.NS,BUY,163.45,18.12,17.17,2.64,160.18,166.72,152.34,191.24,2.5,LOW,100
KEL.NS,HOLD,81.85,-5.61,4.27,7.13,,,73.81,92.56,1.33,LOW,100
PATTECH.NS,SELL,92.0,-12.25,-12.75,3.14,,,98.06,76.84,2.5,LOW,100
CAPTRUST.NS,HOLD,nan,0.0,nan,2.35,,,nan,nan,0,LOW,60
ATAM.NS,HOLD,nan,0.0,nan,4.17,,,nan,nan,0,LOW,60
PARAGON.NS,SELL,39.0,-8.76,-17.02,5.14,,,45.12,23.7,2.5,LOW,100
LPDC.NS,HOLD,nan,0.0,nan,1.92,,,nan,nan,0,LOW,60
ROXHITECH.NS,HOLD,30.45,-6.24,4.82,5.72,,,26.49,35.73,1.33,LOW,100
DIGJAMLMTD.NS,HOLD,42.18,-5.78,11.0,2.96,,,37.54,48.37,1.33,LOW,100
NIRMAN.NS,SELL,44.7,-13.92,-4.39,3.19,,,49.35,33.07,2.5,LOW,100
PATINTLOG.NS,HOLD,nan,0.0,nan,4.97,,,nan,nan,0,LOW,60
GOYALALUM.NS,HOLD,nan,0.0,nan,3.12,,,nan,nan,0,LOW,60
MANGALAM.NS,HOLD,nan,0.0,nan,3.22,,,nan,nan,0,LOW,60
IL&FSTRANS.NS,HOLD,nan,0.0,nan,2.37,,,nan,nan,0,LOW,60
ACCURACY.NS,HOLD,nan,0.0,nan,3.99,,,nan,nan,0,LOW,60
PRUDMOULI.NS,HOLD,nan,0.0,nan,4.73,,,nan,nan,0,LOW,60
AMBEY.NS,SELL,21.3,-17.98,-1.16,4.63,,,25.4,11.05,2.5,LOW,80
DIGIKORE.NS,SELL,70.2,-6.15,-11.08,5.01,,,87.25,27.58,2.5,LOW,100
AMDIND.NS,HOLD,nan,0.0,nan,4.02,,,nan,nan,0,LOW,60
SILKFLEX.NS,HOLD,119.6,3.35,-2.25,3.66,,,113.22,128.1,1.33,LOW,100
BVCL.NS,HOLD,nan,0.0,nan,5.17,,,nan,nan,0,LOW,60
CINEVISTA.NS,HOLD,nan,0.0,nan,3.84,,,nan,nan,0,LOW,60
MOTOGENFIN.NS,HOLD,nan,0.0,nan,3.79,,,nan,nan,0,LOW,60
HISARMETAL.NS,HOLD,nan,0.0,nan,4.12,,,nan,nan,0,LOW,60
JHS.NS,HOLD,nan,0.0,nan,5.68,,,nan,nan,0,LOW,60
PRITI.NS,HOLD,nan,0.0,nan,4.8,,,nan,nan,0,LOW,60
ENERGYDEV.NS,HOLD,nan,0.0,nan,2.66,,,nan,nan,0,LOW,60
AAKASH.NS,HOLD,nan,0.0,nan,5.93,,,nan,nan,0,LOW,60
KANDARP.NS,SELL,138.9,-5.27,-2.18,2.73,,,152.03,106.08,2.5,LOW,100
EFORCE.NS,HOLD,23.8,-10.95,14.98,7.64,,,20.06,28.79,1.33,LOW,100
FONEBOX.NS,SELL,65.0,-16.33,-10.96,4.07,,,70.49,51.27,2.5,LOW,100
ORCHASP.NS,HOLD,nan,0.0,nan,4.35,,,nan,nan,0,LOW,60
SONAMAC.NS,HOLD,34.5,-4.92,5.34,5.9,,,30.92,39.28,1.33,LOW,100
TGL.NS,SELL,28.95,-35.73,-20.14,0.67,,,30.63,24.75,2.5,LOW,100
CLSL.NS,HOLD,45.9,-2.61,1.77,4.14,,,42.82,50.01,1.33,LOW,80
AISL.NS,SELL,56.6,-19.52,-11.56,3.37,,,62.14,42.74,2.5,LOW,100
PRAKASHSTL.NS,HOLD,nan,0.0,nan,1.51,,,nan,nan,0,LOW,60
CURAA.NS,HOLD,nan,0.0,nan,3.18,,,nan,nan,0,LOW,60
SUNDARAM.NS,HOLD,nan,0.0,nan,4.63,,,nan,nan,0,LOW,60
DBSTOCKBRO.NS,HOLD,nan,0.0,nan,1.97,,,nan,nan,0,LOW,60
MHHL.NS,BUY,39.05,2.29,4.27,3.2,38.27,39.83,35.29,48.44,2.5,LOW,100
KONSTELEC.NS,SELL,30.45,-19.88,-2.4,3.47,,,33.49,22.86,2.5,LOW,100
SANGANI.NS,SELL,40.0,-10.59,-3.61,2.75,,,42.49,33.79,2.5,LOW,100
AURIGROW.NS,HOLD,0.29,-11.15,0.0,3.83,,,0.27,0.31,1.33,LOW,80
VIAZ.NS,SELL,61.0,-4.1,-3.02,1.93,,,62.05,58.38,2.5,LOW,100
ALKALI.NS,HOLD,nan,0.0,nan,3.12,,,nan,nan,0,LOW,60
PARTYCRUS.NS,HOLD,85.2,3.4,-1.45,4.15,,,79.02,93.44,1.33,LOW,80
BAWEJA.NS,SELL,24.7,-15.4,-12.87,5.15,,,28.46,15.29,2.5,LOW,100
AKI.NS,HOLD,nan,0.0,nan,5.82,,,nan,nan,0,LOW,60
FCONSUMER.NS,SELL,0.31,-11.28,-6.06,1.23,,,0.32,0.29,0,LOW,100
AJOONI.NS,HOLD,nan,0.0,nan,3.83,,,nan,nan,0,LOW,60
ANMOL.NS,HOLD,nan,0.0,nan,5.0,,,nan,nan,0,LOW,60
BANKA.NS,HOLD,nan,0.0,nan,4.89,,,nan,nan,0,LOW,60
NAGREEKEXP.NS,HOLD,nan,0.0,nan,3.77,,,nan,nan,0,LOW,60
DELTAMAGNT.NS,HOLD,nan,0.0,nan,3.74,,,nan,nan,0,LOW,60
MEGAFLEX.NS,HOLD,151.5,16.24,-1.14,2.34,,,148.46,155.55,1.33,LOW,80
HGM.NS,HOLD,47.99,-12.21,4.14,6.03,,,40.69,57.72,1.33,LOW,100
CEREBRAINT.NS,HOLD,nan,0.0,nan,3.4,,,nan,nan,0,LOW,60
CTE.NS,HOLD,nan,0.0,nan,5.31,,,nan,nan,0,LOW,60
SUVIDHAA.NS,HOLD,nan,0.0,nan,4.88,,,nan,nan,0,LOW,60
ORIENTLTD.NS,HOLD,nan,0.0,nan,3.89,,,nan,nan,0,LOW,60
ARISTO.NS,SELL,81.75,-9.98,-5.27,2.71,,,86.65,69.5,2.5,LOW,100
SRIVASAVI.NS,BUY,48.35,2.67,11.79,5.03,47.38,49.32,43.1,61.47,2.5,LOW,100
NARMADA.NS,HOLD,nan,0.0,nan,3.17,,,nan,nan,0,LOW,60
ONDOOR.NS,SELL,126.5,-5.82,-11.07,4.19,,,137.64,98.64,2.5,LOW,100
PULZ.NS,HOLD,25.6,-1.93,0.59,3.87,,,24.13,27.56,1.33,LOW,80
TFL.NS,HOLD,nan,0.0,nan,4.17,,,nan,nan,0,LOW,60
AGRITECH.NS,HOLD,nan,0.0,nan,4.06,,,nan,nan,0,LOW,60
ARABIAN.NS,SELL,66.95,-4.67,-6.23,1.7,,,70.3,58.57,2.5,LOW,100
BLBLIMITED.NS,HOLD,nan,0.0,nan,2.39,,,nan,nan,0,LOW,60
BLUECOAST.NS,HOLD,nan,0.0,nan,2.3,,,nan,nan,0,LOW,60
BANARBEADS.NS,HOLD,nan,0.0,nan,2.88,,,nan,nan,0,LOW,60
AGROPHOS.NS,HOLD,nan,0.0,nan,5.43,,,nan,nan,0,LOW,60
DAMODARIND.NS,HOLD,nan,0.0,nan,4.13,,,nan,nan,0,LOW,60
K2INFRA.NS,HOLD,49.75,-8.1,3.32,5.81,,,43.43,58.18,1.33,LOW,100
NOIDATOLL.NS,HOLD,nan,0.0,nan,4.15,,,nan,nan,0,LOW,60
3PLAND.NS,HOLD,nan,0.0,nan,3.59,,,nan,nan,0,LOW,60
AMEYA.NS,HOLD,100.75,5.68,-2.18,2.94,,,96.54,106.36,1.33,LOW,100
SECURKLOUD.NS,HOLD,nan,0.0,nan,4.89,,,nan,nan,0,LOW,60
ROML.NS,HOLD,nan,0.0,nan,3.41,,,nan,nan,0,LOW,60
PARASPETRO.NS,HOLD,nan,0.0,nan,2.64,,,nan,nan,0,LOW,60
MARCO.NS,BUY,34.6,8.23,1.47,5.53,33.91,35.29,29.02,48.55,2.5,LOW,80
AHLADA.NS,HOLD,nan,0.0,nan,5.67,,,nan,nan,0,LOW,60
HOMESFY.NS,SELL,121.7,-19.13,-9.85,3.23,,,133.87,91.27,2.5,LOW,100
VELS.NS,BUY,57.4,5.4,13.55,4.38,56.25,58.55,52.59,69.42,2.5,LOW,100
TPHQ.NS,HOLD,0.52,-6.84,8.33,3.22,,,0.48,0.57,1.33,LOW,100
ATLASCYCLE.NS,HOLD,nan,0.0,nan,3.65,,,nan,nan,0,LOW,60
SHEKHAWATI.NS,SELL,10.82,-15.58,-7.44,4.14,,,13.08,5.17,2.5,LOW,100
ORIENTALTL.NS,HOLD,nan,0.0,nan,6.75,,,nan,nan,0,LOW,60
FMNL.NS,HOLD,nan,0.0,nan,3.38,,,nan,nan,0,LOW,60
SAIFL.NS,HOLD,9.95,-2.82,6.42,5.57,,,9.03,11.18,1.33,LOW,100
SYNOPTICS.NS,SELL,41.05,-21.24,-14.3,3.11,,,44.27,33.0,2.5,LOW,100
ASLIND.NS,SELL,66.25,-37.31,-26.35,2.98,,,71.01,54.34,2.5,LOW,100
NORBTEAEXP.NS,HOLD,nan,0.0,nan,1.98,,,nan,nan,0,LOW,60
BANG.NS,HOLD,nan,0.0,nan,5.3,,,nan,nan,0,LOW,60
BIRDYS.NS,SELL,106.0,-7.59,-3.85,1.97,,,107.54,102.16,2.5,LOW,100
FLEXITUFF.NS,HOLD,nan,0.0,nan,2.32,,,nan,nan,0,LOW,60
LRRPL.NS,BUY,71.0,7.22,7.09,3.01,69.58,72.42,64.19,88.02,2.5,LOW,100
ANSALAPI.NS,HOLD,nan,0.0,nan,1.15,,,nan,nan,0,LOW,60
GATECH.NS,HOLD,0.47,-1.47,2.17,3.72,,,0.43,0.52,1.33,LOW,100
BALKRISHNA.NS,HOLD,nan,0.0,nan,6.6,,,nan,nan,0,LOW,60
SWASTIK.NS,SELL,15.05,-16.57,-11.47,5.87,,,17.2,9.67,2.5,LOW,100
NIBL.NS,HOLD,nan,0.0,nan,2.99,,,nan,nan,0,LOW,60
JAIPURKURT.NS,HOLD,28.34,-15.41,-0.07,4.0,,,25.58,32.02,1.33,LOW,80
VERTEXPLUS.NS,SELL,86.1,-9.64,-21.87,4.3,,,90.53,75.03,2.5,LOW,100
CELEBRITY.NS,HOLD,nan,0.0,nan,5.49,,,nan,nan,0,LOW,60
GRAPHISAD.NS,HOLD,33.8,-12.25,0.6,3.65,,,31.11,37.39,1.33,LOW,80
RILINFRA.NS,HOLD,35.7,2.88,-1.92,3.55,,,32.43,40.06,1.33,LOW,80
DURLAX.NS,HOLD,48.25,9.53,-1.33,3.12,,,43.67,54.36,1.33,LOW,80
JETFREIGHT.NS,HOLD,nan,0.0,nan,2.74,,,nan,nan,0,LOW,60
SERVICE.NS,BUY,52.25,3.95,7.07,3.44,51.2,53.3,48.06,62.71,2.5,LOW,100
GSS.NS,HOLD,nan,0.0,nan,6.92,,,nan,nan,0,LOW,60
BIOFILCHEM.NS,HOLD,nan,0.0,nan,3.29,,,nan,nan,0,LOW,60
DHANLAXMI.NS,HOLD,25.8,-2.04,4.88,4.37,,,23.28,29.16,1.33,LOW,100
ARCHIES.NS,HOLD,nan,0.0,nan,5.67,,,nan,nan,0,LOW,60
GAYAHWS.NS,HOLD,nan,0.0,nan,3.5,,,nan,nan,0,LOW,60
AVSL.NS,HOLD,119.7,0.0,0.0,0.0,,,119.7,119.7,0,LOW,60
DANGEE.NS,HOLD,nan,0.0,nan,4.41,,,nan,nan,0,LOW,60
KARMAENG.NS,HOLD,nan,0.0,nan,3.67,,,nan,nan,0,LOW,60
TNTELE.NS,HOLD,nan,0.0,nan,4.15,,,nan,nan,0,LOW,60
MALUPAPER.NS,HOLD,nan,0.0,nan,5.08,,,nan,nan,0,LOW,60
BLUEPEBBLE.NS,HOLD,131.2,-2.1,19.49,3.63,,,120.95,144.87,1.33,LOW,100
RKDL.NS,HOLD,nan,0.0,nan,6.09,,,nan,nan,0,LOW,60
ICDSLTD.NS,HOLD,nan,0.0,nan,7.46,,,nan,nan,0,LOW,60
PALREDTEC.NS,HOLD,nan,0.0,nan,3.35,,,nan,nan,0,LOW,60
AGSTRA.NS,HOLD,nan,0.0,nan,3.31,,,nan,nan,0,LOW,60
MANUGRAPH.NS,HOLD,nan,0.0,nan,6.39,,,nan,nan,0,LOW,60
LFIC.NS,HOLD,nan,0.0,nan,3.29,,,nan,nan,0,LOW,60
GOLDENTOBC.NS,HOLD,nan,0.0,nan,2.71,,,nan,nan,0,LOW,60
SECL.NS,SELL,3.6,-8.65,-4.0,1.21,,,3.66,3.44,2.5,LOW,100
PRESSTONIC.NS,SELL,30.0,-33.61,-20.95,3.42,,,33.54,21.14,2.5,LOW,100
CADSYS.NS,HOLD,46.15,-2.24,2.67,1.95,,,43.85,49.21,1.33,LOW,100
VINNY.NS,HOLD,nan,0.0,nan,4.0,,,nan,nan,0,LOW,60
SHIVAMILLS.NS,HOLD,nan,0.0,nan,2.48,,,nan,nan,0,LOW,60
UWCSL.NS,SELL,93.05,-7.63,-4.95,1.53,,,95.21,87.66,2.5,LOW,100
LEXUS.NS,HOLD,nan,0.0,nan,3.44,,,nan,nan,0,LOW,60
BABAFP.NS,HOLD,24.5,-2.37,7.46,6.42,,,21.68,28.26,1.33,LOW,100
HBSL.NS,HOLD,nan,0.0,nan,2.73,,,nan,nan,0,LOW,60
BMETRICS.NS,BUY,41.75,7.44,1.09,4.09,40.91,42.59,38.74,49.29,2.5,LOW,80
ADROITINFO.NS,HOLD,nan,0.0,nan,3.04,,,nan,nan,0,LOW,60
AUROIMPEX.NS,HOLD,29.75,-2.2,-0.5,8.35,,,25.91,34.86,1.33,LOW,80
TARAPUR.NS,HOLD,nan,0.0,nan,3.4,,,nan,nan,0,LOW,60
RCDL.NS,HOLD,23.0,0.31,7.73,5.9,,,19.73,27.36,1.33,LOW,80
SEL.NS,BUY,189.0,6.47,30.34,7.9,185.22,192.78,165.27,248.32,2.5,LOW,100
JAKHARIA.NS,HOLD,60.5,0.0,0.0,0.0,,,60.5,60.5,0,LOW,60
LCCINFOTEC.NS,HOLD,nan,0.0,nan,4.34,,,nan,nan,0,LOW,60
MCON.NS,HOLD,45.7,-2.51,8.94,4.24,,,42.97,49.34,1.33,LOW,100
ASTRON.NS,HOLD,nan,0.0,nan,3.27,,,nan,nan,0,LOW,60
KHAITANLTD.NS,HOLD,nan,0.0,nan,3.94,,,nan,nan,0,LOW,60
AROGRANITE.NS,HOLD,nan,0.0,nan,3.65,,,nan,nan,0,LOW,60
SIMBHALS.NS,HOLD,nan,0.0,nan,2.99,,,nan,nan,0,LOW,60
HYBRIDFIN.NS,HOLD,nan,0.0,nan,3.25,,,nan,nan,0,LOW,60
VISHWAS.NS,HOLD,36.85,-5.79,2.36,5.04,,,34.16,40.44,1.33,LOW,100
QUICKTOUCH.NS,SELL,27.5,-15.69,-5.66,2.97,,,30.03,21.18,2.5,LOW,100
21STCENMGM.NS,HOLD,nan,0.0,nan,1.26,,,nan,nan,0,LOW,60
DKEGL.NS,HOLD,63.0,-10.21,0.08,3.88,,,58.75,68.67,1.33,LOW,80
DNAMEDIA.NS,HOLD,nan,0.0,nan,4.72,,,nan,nan,0,LOW,60
LASA.NS,HOLD,nan,0.0,nan,3.65,,,nan,nan,0,LOW,60
PENTAGON.NS,SELL,55.4,-13.5,-10.65,4.76,,,59.14,46.06,2.5,LOW,100
RULKA.NS,SELL,77.05,-17.63,-11.99,4.64,,,86.84,52.59,2.5,LOW,100
UCL.NS,BUY,89.65,33.05,27.89,3.2,87.86,91.44,83.44,105.19,2.5,LOW,100
SUPERSPIN.NS,HOLD,nan,0.0,nan,6.45,,,nan,nan,0,LOW,60
COUNCODOS.NS,HOLD,nan,0.0,nan,4.07,,,nan,nan,0,LOW,60
WEWIN.NS,HOLD,nan,0.0,nan,4.54,,,nan,nan,0,LOW,60
MADHUCON.NS,HOLD,nan,0.0,nan,3.67,,,nan,nan,0,LOW,60
AGNI.NS,HOLD,17.3,-3.2,15.33,3.35,,,16.15,18.84,1.33,LOW,100
MASKINVEST.NS,HOLD,nan,0.0,nan,4.76,,,nan,nan,0,LOW,60
ITALIANE.NS,HOLD,37.35,7.87,-6.63,3.49,,,34.97,40.52,1.33,LOW,100
ARSHIYA.NS,HOLD,nan,0.0,nan,2.39,,,nan,nan,0,LOW,60
MOXSH.NS,BUY,133.85,24.9,7.08,1.35,131.17,136.53,131.34,140.14,2.5,LOW,100
SEYAIND.NS,HOLD,nan,0.0,nan,2.52,,,nan,nan,0,LOW,60
PEARLPOLY.NS,HOLD,nan,0.0,nan,4.35,,,nan,nan,0,LOW,60
SVPGLOB.NS,HOLD,nan,0.0,nan,2.54,,,nan,nan,0,LOW,60
MILTON.NS,BUY,50.3,4.13,4.79,1.07,49.29,51.31,49.97,51.12,2.5,LOW,100
SAGARDEEP.NS,HOLD,nan,0.0,nan,2.44,,,nan,nan,0,LOW,60
PROLIFE.NS,SELL,59.0,-7.47,-6.2,2.52,,,61.48,52.8,2.5,LOW,100
GANGAFORGE.NS,HOLD,nan,0.0,nan,3.67,,,nan,nan,0,LOW,60
NGIL.NS,HOLD,nan,0.0,nan,4.8,,,nan,nan,0,LOW,60
UMA.NS,HOLD,16.6,-7.36,0.61,3.27,,,15.55,18.0,1.33,LOW,80
ADL.NS,HOLD,nan,0.0,nan,5.28,,,nan,nan,0,LOW,60
ABMINTLLTD.NS,HOLD,nan,0.0,nan,2.42,,,nan,nan,0,LOW,60
AKASH.NS,HOLD,nan,0.0,nan,3.07,,,nan,nan,0,LOW,60
AATMAJ.NS,HOLD,18.7,-9.04,1.36,5.39,,,16.09,22.19,1.33,LOW,80
HRHNEXT.NS,SELL,24.75,-9.07,-4.07,3.66,,,28.22,16.07,2.5,LOW,100
PRECISION.NS,SELL,6.9,-24.64,-22.47,2.86,,,7.83,4.58,2.5,LOW,100
DEEM.NS,SELL,31.35,-20.34,-13.64,4.73,,,36.71,17.94,2.5,LOW,100
AMBICAAGAR.NS,HOLD,nan,0.0,nan,3.49,,,nan,nan,0,LOW,60
MOHITIND.NS,HOLD,nan,0.0,nan,3.45,,,nan,nan,0,LOW,60
JFLLIFE.NS,SELL,8.9,-14.76,-9.18,2.99,,,9.76,6.74,2.5,LOW,100
KONTOR.NS,SELL,60.85,-10.92,-7.8,5.46,,,69.12,40.17,2.5,LOW,100
VIJIFIN.NS,HOLD,nan,0.0,nan,3.89,,,nan,nan,0,LOW,60
SIGNORIA.NS,HOLD,56.95,-25.03,1.61,3.17,,,54.39,60.36,1.33,LOW,80
AKSHAR.NS,HOLD,nan,0.0,nan,4.48,,,nan,nan,0,LOW,60
KEEPLEARN.NS,HOLD,nan,0.0,nan,5.73,,,nan,nan,0,LOW,60
RADIOWALLA.NS,SELL,24.35,-46.95,-29.42,5.91,,,30.22,9.67,2.5,LOW,100
JETKNIT.NS,HOLD,89.2,0.0,0.0,0.0,,,89.2,89.2,0,LOW,60
PNC.NS,HOLD,nan,0.0,nan,5.21,,,nan,nan,0,LOW,60
NEXTMEDIA.NS,HOLD,nan,0.0,nan,6.68,,,nan,nan,0,LOW,60
WALPAR.NS,SELL,43.25,-4.95,-4.95,1.11,,,43.57,42.45,2.5,LOW,100
ASHOKAMET.NS,HOLD,nan,0.0,nan,2.95,,,nan,nan,0,LOW,60
BOHRAIND.NS,HOLD,nan,0.0,nan,3.16,,,nan,nan,0,LOW,60
TIMESCAN.NS,SELL,41.5,-9.32,-11.7,1.44,,,42.38,39.3,2.5,LOW,100
NKIND.NS,HOLD,nan,0.0,nan,3.53,,,nan,nan,0,LOW,60
AKG.NS,HOLD,nan,0.0,nan,3.57,,,nan,nan,0,LOW,60
AGARWALFT.NS,HOLD,27.05,-8.03,5.05,3.75,,,25.39,29.26,1.33,LOW,100
LAXMICOT.NS,HOLD,nan,0.0,nan,3.5,,,nan,nan,0,LOW,60
SITINET.NS,HOLD,nan,0.0,nan,2.34,,,nan,nan,0,LOW,60
MEDIORG.NS,HOLD,24.4,2.07,0.62,4.27,,,22.17,27.37,1.33,LOW,80
MADHAV.NS,HOLD,nan,0.0,nan,3.4,,,nan,nan,0,LOW,60
TRIDHYA.NS,SELL,7.3,-40.21,-17.05,5.43,,,8.91,3.26,2.5,LOW,100
MONOPHARMA.NS,HOLD,11.5,-0.27,-4.17,2.81,,,11.12,12.01,1.33,LOW,80
SGL.NS,HOLD,nan,0.0,nan,6.59,,,nan,nan,0,LOW,60
KRIDHANINF.NS,HOLD,nan,0.0,nan,4.8,,,nan,nan,0,LOW,60
KANANIIND.NS,HOLD,nan,0.0,nan,5.91,,,nan,nan,0,LOW,60
KSR.NS,HOLD,33.31,5.42,-7.5,1.98,,,31.96,35.12,1.33,LOW,100
KKVAPOW.NS,HOLD,585.0,-8.54,0.0,1.94,,,580.22,591.37,1.33,LOW,80
NEUEON.NS,BUY,16.86,42.84,15.64,2.4,16.52,17.2,16.05,18.88,2.5,LOW,100
VINEETLAB.NS,HOLD,nan,0.0,nan,1.94,,,nan,nan,0,LOW,60
SATIPOLY.NS,SELL,30.7,-29.44,-7.81,3.31,,,34.42,21.4,2.5,LOW,100
TAPIFRUIT.NS,HOLD,58.9,-1.97,1.99,2.87,,,56.77,61.74,1.33,LOW,80
WILLAMAGOR.NS,HOLD,nan,0.0,nan,3.84,,,nan,nan,0,LOW,60
TECILCHEM.NS,HOLD,nan,0.0,nan,3.2,,,nan,nan,0,LOW,60
MEP.NS,HOLD,nan,0.0,nan,0.64,,,nan,nan,0,LOW,60
KHANDSE.NS,HOLD,nan,0.0,nan,5.75,,,nan,nan,0,LOW,60
NAGREEKCAP.NS,HOLD,nan,0.0,nan,3.32,,,nan,nan,0,LOW,60
KAUSHALYA.NS,HOLD,nan,0.0,nan,2.39,,,nan,nan,0,LOW,60
INFOMEDIA.NS,HOLD,nan,0.0,nan,3.69,,,nan,nan,0,LOW,60
BILVYAPAR.NS,HOLD,nan,0.0,nan,3.28,,,nan,nan,0,LOW,60
VILINBIO.NS,BUY,37.25,9.43,6.28,2.96,36.51,37.99,35.28,42.18,2.5,LOW,100
MITTAL.NS,HOLD,nan,0.0,nan,7.63,,,nan,nan,0,LOW,60
AGUL.NS,SELL,69.3,-7.68,-4.94,1.81,,,69.81,68.01,2.5,LOW,100
VERA.NS,SELL,69.0,-1.06,-1.43,0.85,,,69.61,67.48,2.5,LOW,80
SKIL.NS,SELL,0.93,-16.73,-4.12,2.21,,,0.96,0.86,2.5,LOW,100
CELLPOINT.NS,SELL,13.5,-10.32,-2.88,5.55,,,15.41,8.71,2.5,LOW,100
ROLLT.NS,HOLD,nan,0.0,nan,3.44,,,nan,nan,0,LOW,60
TGBHOTELS.NS,HOLD,nan,0.0,nan,4.3,,,nan,nan,0,LOW,60
ASPIRE.NS,HOLD,11.5,-16.81,0.0,3.59,,,10.69,12.59,1.33,LOW,80
SHRENIK.NS,HOLD,nan,0.0,nan,1.99,,,nan,nan,0,LOW,60
VSCL.NS,BUY,24.15,7.07,8.54,2.71,23.67,24.63,23.4,26.02,2.5,LOW,100
TREEHOUSE.NS,HOLD,nan,0.0,nan,3.09,,,nan,nan,0,LOW,60
LIBAS.NS,HOLD,nan,0.0,nan,2.93,,,nan,nan,0,LOW,60
DIL.NS,SELL,1.03,-19.61,-12.71,2.02,,,1.06,0.95,2.5,LOW,100
FLFL.NS,HOLD,nan,0.0,nan,2.79,,,nan,nan,0,LOW,60
YUDIZ.NS,SELL,25.6,-13.91,-5.54,3.47,,,27.77,20.17,2.5,LOW,100
MICROPRO.NS,SELL,18.9,-1.28,-13.9,6.69,,,21.96,11.26,2.5,LOW,100
CONTI.NS,SELL,13.05,-24.4,-9.37,1.98,,,13.35,12.3,2.5,LOW,100
HAVISHA.NS,HOLD,nan,0.0,nan,6.97,,,nan,nan,0,LOW,60
GFSTEELS.NS,HOLD,12.36,4.86,0.0,1.1,,,12.3,12.44,1.33,LOW,80
MFML.NS,HOLD,nan,0.0,nan,4.6,,,nan,nan,0,LOW,60
GOENKA.NS,HOLD,0.82,0.0,0.0,0.0,,,0.82,0.82,0,LOW,60
MINDPOOL.NS,HOLD,71.1,0.0,0.0,0.0,,,71.1,71.1,0,LOW,60
MORARJEE.NS,HOLD,nan,0.0,nan,4.59,,,nan,nan,0,LOW,60
KSHITIJPOL.NS,HOLD,2.38,-0.38,2.15,2.43,,,2.16,2.68,1.33,LOW,80
SRPL.NS,SELL,0.45,-17.22,-8.16,1.65,,,0.46,0.41,2.5,LOW,100
EASTSILK.NS,HOLD,nan,0.0,nan,2.59,,,nan,nan,0,LOW,60
AILIMITED.NS,SELL,32.6,-3.39,-25.32,3.2,,,34.42,28.05,2.5,LOW,100
SPRL.NS,SELL,115.9,-4.56,-5.0,1.5,,,117.51,111.88,2.5,LOW,100
MANDEEP.NS,HOLD,18.65,-2.61,0.81,3.5,,,17.51,20.16,1.33,LOW,80
CYBERMEDIA.NS,HOLD,nan,0.0,nan,4.45,,,nan,nan,0,LOW,60
MANAV.NS,HOLD,38.0,0.77,-6.52,1.82,,,37.49,38.68,1.33,LOW,80
SUPREMEENG.NS,HOLD,nan,0.0,nan,3.56,,,nan,nan,0,LOW,60
TVVISION.NS,HOLD,nan,0.0,nan,3.36,,,nan,nan,0,LOW,60
NIDAN.NS,SELL,13.9,-12.05,-4.79,4.94,,,15.99,8.67,2.5,LOW,100
ANKITMETAL.NS,HOLD,nan,0.0,nan,3.27,,,nan,nan,0,LOW,60
SANGINITA.NS,HOLD,nan,0.0,nan,2.32,,,nan,nan,0,LOW,60
GUJRAFFIA.NS,HOLD,38.44,-2.08,5.6,2.21,,,35.28,42.66,1.33,LOW,100
CALSOFT.NS,HOLD,nan,0.0,nan,4.27,,,nan,nan,0,LOW,60
GTECJAINX.NS,SELL,19.19,-1.41,-5.0,4.36,,,22.53,10.85,2.5,LOW,100
ACEINTEG.NS,HOLD,nan,0.0,nan,5.21,,,nan,nan,0,LOW,60
RETAIL.NS,HOLD,nan,0.0,nan,4.93,,,nan,nan,0,LOW,60
FEL.NS,HOLD,nan,0.0,nan,1.87,,,nan,nan,0,LOW,60
YCCL.NS,HOLD,10.0,-7.1,0.0,3.92,,,9.41,10.79,1.33,LOW,80
CMRSL.NS,SELL,59.95,-9.9,-7.13,3.27,,,64.43,48.75,2.5,LOW,100
SANWARIA.NS,SELL,0.22,-14.06,-12.0,3.48,,,0.23,0.2,0,LOW,100
VCL.NS,HOLD,nan,0.0,nan,3.39,,,nan,nan,0,LOW,60
INSPIRE.NS,SELL,7.85,-25.56,-22.28,7.79,,,9.77,3.05,2.5,LOW,100
VIVIDHA.NS,HOLD,nan,0.0,nan,6.36,,,nan,nan,0,LOW,60
DHTL.NS,HOLD,40.5,-20.61,-0.98,1.64,,,40.14,40.98,1.33,LOW,80
HEADSUP.NS,HOLD,nan,0.0,nan,5.56,,,nan,nan,0,LOW,60
BLUECHIP.NS,SELL,2.42,-4.81,-5.47,0.83,,,2.45,2.35,2.5,LOW,100
SHANTHALA.NS,HOLD,28.8,-7.25,-0.17,8.23,,,25.42,33.3,1.33,LOW,80
MPTODAY.NS,HOLD,47.0,0.07,0.0,0.89,,,47.0,47.0,0,LOW,60
MAKS.NS,SELL,26.45,-7.35,-4.86,1.51,,,26.64,25.97,2.5,LOW,100
CLOUD.NS,HOLD,5.85,0.0,0.0,0.0,,,5.85,5.85,0,LOW,60
MARINETRAN.NS,SELL,17.0,-7.3,-5.56,3.52,,,17.68,15.3,2.5,LOW,100
NIRAJISPAT.NS,HOLD,nan,0.0,nan,3.66,,,nan,nan,0,LOW,60
SUNREST.NS,SELL,37.5,-4.63,-8.65,4.76,,,42.62,24.7,2.5,LOW,100
QFIL.NS,SELL,40.0,-24.77,-19.19,2.93,,,42.89,32.77,2.5,LOW,100
TIJARIA.NS,HOLD,nan,0.0,nan,2.91,,,nan,nan,0,LOW,60
SILLYMONKS.NS,HOLD,nan,0.0,nan,2.72,,,nan,nan,0,LOW,60
RADAAN.NS,HOLD,nan,0.0,nan,4.83,,,nan,nan,0,LOW,60
UNIINFO.NS,HOLD,nan,0.0,nan,6.07,,,nan,nan,0,LOW,60
ISHAN.NS,BUY,0.7,6.22,16.67,4.55,0.69,0.71,0.66,0.81,2.5,LOW,100
JIWANRAM.NS,HOLD,5.25,0.19,-0.94,5.61,,,4.85,5.78,1.33,LOW,60
VERITAAS.NS,SELL,45.75,-14.36,-1.08,3.91,,,50.55,33.75,2.5,LOW,80
LYPSAGEMS.NS,HOLD,nan,0.0,nan,3.64,,,nan,nan,0,LOW,60
UNIVAFOODS.NS,SELL,9.03,-12.55,-9.7,1.77,,,9.3,8.35,2.5,LOW,100
EDUCOMP.NS,SELL,0.89,-12.35,-11.0,1.67,,,0.94,0.76,2.5,LOW,100
SHUBHLAXMI.NS,HOLD,25.0,-15.7,0.4,3.27,,,23.26,27.31,1.33,LOW,80
ONELIFECAP.NS,HOLD,nan,0.0,nan,1.22,,,nan,nan,0,LOW,60
WINNY.NS,SELL,40.85,-23.32,-13.91,7.2,,,45.02,30.42,2.5,LOW,100
GLFL.NS,HOLD,nan,0.0,nan,2.78,,,nan,nan,0,LOW,60
TCIFINANCE.NS,HOLD,nan,0.0,nan,3.37,,,nan,nan,0,LOW,60
GSTL.NS,BUY,36.45,38.48,10.12,0.95,35.72,37.18,35.07,39.9,2.5,LOW,100
IMPEXFERRO.NS,HOLD,nan,0.0,nan,2.73,,,nan,nan,0,LOW,60
SAROJA.NS,SELL,29.4,-11.05,-5.62,2.6,,,30.59,26.44,2.5,LOW,100
COMPINFO.NS,HOLD,nan,0.0,nan,2.95,,,nan,nan,0,LOW,60
ANTGRAPHIC.NS,HOLD,nan,0.0,nan,3.96,,,nan,nan,0,LOW,60
QUADPRO.NS,SELL,1.85,-15.6,-11.9,1.98,,,1.94,1.64,2.5,LOW,100
PLADAINFO.NS,SELL,9.6,-19.06,-2.04,2.8,,,10.1,8.35,2.5,LOW,100
SHYAMTEL.NS,HOLD,nan,0.0,nan,5.92,,,nan,nan,0,LOW,60
CREATIVEYE.NS,HOLD,nan,0.0,nan,4.99,,,nan,nan,0,LOW,60
ARENTERP.NS,HOLD,nan,0.0,nan,5.44,,,nan,nan,0,LOW,60
MTEDUCARE.NS,HOLD,nan,0.0,nan,3.13,,,nan,nan,0,LOW,60
UMESLTD.NS,HOLD,nan,0.0,nan,6.75,,,nan,nan,0,LOW,60
VIVO.NS,BUY,76.0,1.6,4.68,1.05,74.48,77.52,75.51,77.21,2.5,LOW,100
GLOBALE.NS,HOLD,nan,0.0,nan,2.23,,,nan,nan,0,LOW,60
KALYANI.NS,HOLD,138.09,0.0,0.0,0.0,,,138.09,138.09,0,LOW,60
MARSHALL.NS,HOLD,3.64,0.0,0.0,0.0,,,3.64,3.64,0,LOW,60
WINSOME.NS,HOLD,nan,0.0,nan,1.32,,,nan,nan,0,LOW,60
EUROTEXIND.NS,HOLD,nan,0.0,nan,3.52,,,nan,nan,0,LOW,60
AHIMSA.NS,HOLD,24.7,0.35,-0.4,1.6,,,24.43,25.06,1.33,LOW,60
SUULD.NS,HOLD,1.57,0.0,0.0,0.0,,,1.57,1.57,0,LOW,60
INDIFRA.NS,SELL,12.25,-12.83,-8.92,3.39,,,12.95,10.5,2.5,LOW,100
AMIABLE.NS,SELL,70.0,-3.52,-3.98,0.89,,,70.41,68.96,2.5,LOW,100
OMKARCHEM.NS,HOLD,nan,0.0,nan,3.08,,,nan,nan,0,LOW,60
SHANTI.NS,HOLD,nan,0.0,nan,5.11,,,nan,nan,0,LOW,60
SAHAJ.NS,SELL,3.7,-17.54,-12.94,2.42,,,3.84,3.36,2.5,LOW,100
DCMFINSERV.NS,HOLD,nan,0.0,nan,9.4,,,nan,nan,0,LOW,60
TRANSWIND.NS,SELL,19.5,-13.54,-4.88,1.51,,,19.69,19.02,2.5,LOW,100
RITEZONE.NS,SELL,14.1,-23.79,-15.06,2.07,,,14.99,11.87,2.5,LOW,100
PREMIER.NS,HOLD,nan,0.0,nan,3.39,,,nan,nan,0,LOW,60
ORTINGLOBE.NS,HOLD,15.43,1.84,-2.71,3.21,,,14.02,17.32,1.33,LOW,100
PERFECT.NS,HOLD,8.1,0.0,0.0,0.0,,,8.1,8.1,0,LOW,60
KTL.NS,HOLD,4.85,0.0,0.0,0.0,,,4.85,4.85,0,LOW,60
SABAR.NS,SELL,4.95,-9.64,-16.81,2.19,,,5.09,4.59,2.5,LOW,100
FALCONTECH.NS,HOLD,12.55,-12.09,24.7,9.62,,,10.74,14.96,1.33,LOW,100
CBAZAAR.NS,BUY,5.0,13.33,5.26,1.86,4.9,5.1,4.73,5.68,2.5,LOW,100
ALPSINDUS.NS,HOLD,34.3,0.0,0.0,0.0,,,34.3,34.3,0,LOW,60
ACCORD.NS,BUY,28.65,5.96,7.5,2.28,28.08,29.22,28.01,30.24,2.5,LOW,100
SMVD.NS,HOLD,11.2,16.52,0.45,2.93,,,11.03,11.42,1.33,LOW,80
AMJUMBO.NS,BUY,11.45,7.89,1.78,2.31,11.22,11.68,11.33,11.75,2.5,LOW,80
SETUINFRA.NS,HOLD,nan,0.0,nan,2.71,,,nan,nan,0,LOW,60
SABEVENTS.NS,HOLD,nan,0.0,nan,3.1,,,nan,nan,0,LOW,60
JALAN.NS,SELL,1.7,-40.46,-26.09,2.28,,,1.86,1.31,2.5,LOW,100
CMICABLES.NS,SELL,3.26,-25.54,-14.21,2.22,,,3.37,3.0,2.5,LOW,100
LAKPRE.NS,HOLD,nan,0.0,nan,3.89,,,nan,nan,0,LOW,60
BGLOBAL.NS,SELL,2.69,-8.33,-4.95,1.49,,,2.83,2.34,2.5,LOW,100
ORTEL.NS,HOLD,nan,0.0,nan,3.75,,,nan,nan,0,LOW,60
QUINTEGRA.NS,HOLD,1.24,-2.9,-0.8,1.74,,,1.21,1.28,1.33,LOW,80
RAJVIR.NS,HOLD,7.65,-3.14,0.0,0.0,,,7.65,7.65,0,LOW,80
VASA.NS,HOLD,4.75,-1.96,0.0,0.0,,,4.75,4.75,0,LOW,80
SANCO.NS,HOLD,nan,0.0,nan,3.07,,,nan,nan,0,LOW,60
GANGOTRI.NS,HOLD,0.61,0.0,0.0,0.0,,,0.61,0.61,0,LOW,60
3RDROCK.NS,HOLD,64.6,0.0,0.0,0.0,,,64.6,64.6,0,LOW,60
ABHISHEK.NS,HOLD,180.0,0.0,0.0,0.0,,,180.0,180.0,0,LOW,60
AHLWEST.NS,HOLD,nan,0.0,nan,0.05,,,nan,nan,0,LOW,60
AIFL.NS,HOLD,1.55,0.0,0.0,0.0,,,1.55,1.55,0,LOW,60
AJRINFRA.NS,HOLD,0.7,0.0,0.0,0.0,,,0.7,0.7,0,LOW,60
ALCHEM.NS,HOLD,3.15,0.0,0.0,0.0,,,3.15,3.15,0,LOW,60
ARCOTECH.NS,HOLD,2.2,0.0,0.0,0.0,,,2.2,2.2,0,LOW,60
ARTEDZ.NS,HOLD,19.65,0.0,0.0,0.0,,,19.65,19.65,0,LOW,60
ASIL.NS,HOLD,0.7,0.0,0.0,0.0,,,0.7,0.7,0,LOW,60
ATCOM.NS,HOLD,7.05,0.0,0.0,0.0,,,7.05,7.05,0,LOW,60
ATNINTER.NS,HOLD,0.2,0.0,0.0,0.0,,,0.2,0.2,0,LOW,60
BALLARPUR.NS,HOLD,257.58,0.0,0.0,0.0,,,257.58,257.58,0,LOW,60
BANSAL.NS,HOLD,195.0,0.0,0.0,0.0,,,195.0,195.0,0,LOW,60
BHARATIDIL.NS,HOLD,1.95,0.0,0.0,0.0,,,1.95,1.95,0,LOW,60
BILENERGY.NS,HOLD,0.6,0.0,0.0,0.0,,,0.6,0.6,0,LOW,60
BKMINDST.NS,HOLD,45.0,0.0,0.0,0.0,,,45.0,45.0,0,LOW,60
BLUEBLENDS.NS,HOLD,0.8,0.0,0.0,0.0,,,0.8,0.8,0,LOW,60
BRFL.NS,HOLD,2.0,0.0,0.0,0.0,,,2.0,2.0,0,LOW,60
BRIGHT.NS,HOLD,2.8,0.0,0.0,0.0,,,2.8,2.8,0,LOW,60
BURNPUR.NS,HOLD,33.0,0.0,0.0,0.0,,,33.0,33.0,0,LOW,60
CANDC.NS,HOLD,2.35,0.0,0.0,0.0,,,2.35,2.35,0,LOW,60
CKFSL.NS,HOLD,0.35,0.0,0.0,0.0,,,0.35,0.35,0,LOW,60
CLCIND.NS,HOLD,nan,0.0,nan,2.44,,,nan,nan,0,LOW,60
CMMIPL.NS,HOLD,195.0,0.0,0.0,0.0,,,195.0,195.0,0,LOW,60
DHARSUGAR.NS,HOLD,8.55,0.0,0.0,0.0,,,8.55,8.55,0,LOW,60
DQE.NS,HOLD,0.85,0.0,0.0,0.0,,,0.85,0.85,0,LOW,60
DSKULKARNI.NS,HOLD,13.55,0.0,0.0,0.0,,,13.55,13.55,0,LOW,60
EASUNREYRL.NS,HOLD,2.4,0.0,0.0,0.0,,,2.4,2.4,0,LOW,60
EON.NS,HOLD,6.4,0.0,0.0,0.0,,,6.4,6.4,0,LOW,60
ERAINFRA.NS,HOLD,1.5,0.0,0.0,0.0,,,1.5,1.5,0,LOW,60
EROSMEDIA.NS,HOLD,7.81,0.0,0.0,0.0,,,7.81,7.81,0,LOW,60
EUROCERA.NS,HOLD,1.05,0.0,0.0,0.0,,,1.05,1.05,0,LOW,60
EUROMULTI.NS,HOLD,1.45,0.0,0.0,0.0,,,1.45,1.45,0,LOW,60
FEDDERELEC.NS,HOLD,4.6,0.0,0.0,0.0,,,4.6,4.6,0,LOW,60
FIVECORE.NS,HOLD,31.7,0.0,0.0,0.0,,,31.7,31.7,0,LOW,60
FRETAIL.NS,HOLD,2.28,0.0,0.0,0.0,,,2.28,2.28,0,LOW,60
GBGLOBAL.NS,HOLD,930.0,0.0,0.0,0.0,,,930.0,930.0,0,LOW,60
GIRRESORTS.NS,HOLD,113.65,0.0,0.0,0.0,,,113.65,113.65,0,LOW,60
GITANJALI.NS,HOLD,1.05,0.0,0.0,0.0,,,1.05,1.05,0,LOW,60
ICSA.NS,HOLD,0.2,0.0,0.0,0.0,,,0.2,0.2,0,LOW,60
INDLMETER.NS,HOLD,23.69,0.0,0.0,0.0,,,23.69,23.69,0,LOW,60
INDUSFILA.NS,HOLD,235.0,13.48,0.0,0.0,,,235.0,235.0,0,LOW,80
IVRCLINFRA.NS,HOLD,0.4,0.0,0.0,0.0,,,0.4,0.4,0,LOW,60
JAINSTUDIO.NS,HOLD,2.4,0.0,0.0,0.0,,,2.4,2.4,0,LOW,60
JBFIND.NS,HOLD,4.3,0.0,0.0,0.0,,,4.3,4.3,0,LOW,60
JETAIRWAYS.NS,HOLD,34.16,0.0,0.0,0.0,,,34.16,34.16,0,LOW,60
KGL.NS,HOLD,0.2,0.0,0.0,0.0,,,0.2,0.2,0,LOW,60
KSERASERA.NS,HOLD,0.15,0.0,0.0,0.0,,,0.15,0.15,0,LOW,60
KSK.NS,HOLD,0.55,0.0,0.0,0.0,,,0.55,0.55,0,LOW,60
KSOILS.NS,HOLD,72.5,0.0,0.0,0.0,,,72.5,72.5,0,LOW,60
LAKSHMIEFL.NS,HOLD,2.5,0.0,0.0,0.0,,,2.5,2.5,0,LOW,60
LEEL.NS,HOLD,107.5,0.0,0.0,0.0,,,107.5,107.5,0,LOW,60
MBECL.NS,HOLD,65.4,0.0,0.0,0.0,,,65.4,65.4,0,LOW,60
MCDHOLDING.NS,HOLD,68.75,0.0,0.0,0.0,,,68.75,68.75,0,LOW,60
MELSTAR.NS,HOLD,4.25,0.0,0.0,0.0,,,4.25,4.25,0,LOW,60
MERCATOR.NS,HOLD,0.85,0.0,0.0,0.0,,,0.85,0.85,0,LOW,60
METKORE.NS,HOLD,0.65,0.0,0.0,0.0,,,0.65,0.65,0,LOW,60
NAKODA.NS,HOLD,0.1,0.0,0.0,0.0,,,0.1,0.1,0,LOW,60
NITINFIRE.NS,HOLD,1.85,0.0,0.0,0.0,,,1.85,1.85,0,LOW,60
NUTEK.NS,HOLD,0.35,0.0,0.0,0.0,,,0.35,0.35,0,LOW,60
OPAL.NS,HOLD,43.0,0.0,0.0,0.0,,,43.0,43.0,0,LOW,60
OPTOCIRCUI.NS,HOLD,1.8,0.0,0.0,0.0,,,1.8,1.8,0,LOW,60
PDPL.NS,HOLD,2.9,0.0,0.0,0.0,,,2.9,2.9,0,LOW,60
PINCON.NS,HOLD,6.9,0.0,0.0,0.0,,,6.9,6.9,0,LOW,60
PODDARHOUS.NS,HOLD,43.37,0.0,0.0,0.0,,,43.37,43.37,0,LOW,60
PRATIBHA.NS,HOLD,0.95,0.0,0.0,0.0,,,0.95,0.95,0,LOW,60
PUNJLLOYD.NS,HOLD,2.25,0.0,0.0,0.0,,,2.25,2.25,0,LOW,60
RAINBOWPAP.NS,HOLD,0.15,0.0,0.0,0.0,,,0.15,0.15,0,LOW,60
RMCL.NS,HOLD,200.0,0.0,0.0,0.0,,,200.0,200.0,0,LOW,60
RMMIL.NS,HOLD,0.4,0.0,0.0,0.0,,,0.4,0.4,0,LOW,60
SECURCRED.NS,HOLD,1.56,0.0,0.0,0.0,,,1.56,1.56,0,LOW,60
SHAIVAL.NS,BUY,33.0,6.52,8.2,1.27,32.34,33.66,32.64,33.89,2.5,LOW,100
SHIRPUR-G.NS,HOLD,4.95,0.0,0.0,0.0,,,4.95,4.95,0,LOW,60
SIIL.NS,HOLD,26.0,0.0,0.0,0.0,,,26.0,26.0,0,LOW,60
SKSTEXTILE.NS,HOLD,13.05,0.0,0.0,0.0,,,13.05,13.05,0,LOW,60
SRIRAM.NS,HOLD,10.1,0.0,0.0,0.0,,,10.1,10.1,0,LOW,60
TALWALKARS.NS,HOLD,1.45,0.0,0.0,0.0,,,1.45,1.45,0,LOW,60
TALWGYM.NS,HOLD,1.05,0.0,0.0,0.0,,,1.05,1.05,0,LOW,60
TECHIN.NS,HOLD,14.0,0.0,0.0,0.0,,,14.0,14.0,0,LOW,60
TECHNOFAB.NS,HOLD,6.15,0.0,0.0,0.0,,,6.15,6.15,0,LOW,60
TULSI.NS,HOLD,0.5,0.0,0.0,0.0,,,0.5,0.5,0,LOW,60
UNIPLY.NS,HOLD,4.0,0.0,0.0,0.0,,,4.0,4.0,0,LOW,60
UNITY.NS,HOLD,0.85,0.0,0.0,0.0,,,0.85,0.85,0,LOW,60
VALECHAENG.NS,HOLD,960.0,0.0,0.0,0.0,,,960.0,960.0,0,LOW,60
VALUEIND.NS,HOLD,3.8,0.0,0.0,0.0,,,3.8,3.8,0,LOW,60
VIDEOIND.NS,HOLD,7.35,0.0,0.0,0.0,,,7.35,7.35,0,LOW,60
VISESHINFO.NS,HOLD,0.33,0.0,0.0,0.0,,,0.33,0.33,0,LOW,60
VISUINTL.NS,HOLD,0.05,0.0,0.0,0.0,,,0.05,0.05,0,LOW,60
ZICOM.NS,HOLD,1.6,0.0,0.0,0.0,,,1.6,1.6,0,LOW,60
