Ticker,Signal,Current_Price,Trend_Assessment,RSI,MACD,MA20,MA50,MA200,ATR,ATR_Percent,Buy_Range_Low,Buy_Range_High,Stop_Loss,Target,RR_Ratio,Risk_Context,Confidence,Rules_Passed,Rules_Failed
HDFCBANK.NS,HOLD,797.95,weak_trend,79.98,11.98,765.94,761.35,878.88,14.58,1.83,,,776.08,827.11,1.33,LOW,40,1,2
BHARTIARTL.NS,HOLD,1852.0,weak_trend,66.72,5.87,1843.96,1846.11,1951.38,29.56,1.6,,,1807.65,1911.13,1.33,LOW,40,0,3
TCS.NS,SELL,2031.5,downtrend,35.0,-57.25,2148.12,2266.07,2720.99,51.74,2.55,,,2134.99,1772.79,2.5,NORMAL,77,1,2
ICICIBANK.NS,HOLD,1375.2,weak_trend,75.39,29.03,1326.09,1292.62,1344.37,24.91,1.81,,,1337.83,1425.03,1.33,LOW,40,2,1
SBIN.NS,HOLD,1026.9,weak_trend,59.45,12.28,1016.35,1008.39,990.75,16.54,1.61,,,1002.09,1059.98,1.33,LOW,40,2,1
INFY.NS,SELL,1000.4,downtrend,26.9,-36.33,1106.23,1131.7,1366.89,32.41,3.24,,,1065.21,838.36,2.5,NORMAL,81,1,2
BAJFINANCE.NS,HOLD,1004.75,weak_trend,83.49,21.71,930.68,925.0,961.69,22.84,2.27,,,970.49,1050.44,1.33,NORMAL,40,2,1
HINDUNILVR.NS,HOLD,2118.2,weak_trend,44.06,-3.64,2139.81,2193.93,2301.76,35.14,1.66,,,2065.49,2188.48,1.33,LOW,40,1,2
LICI.NS,HOLD,431.65,weak_trend,82.93,9.53,408.58,400.63,413.64,9.6,2.22,,,417.25,450.85,1.33,NORMAL,40,1,2
LT.NS,HOLD,4143.4,weak_trend,69.53,60.56,4086.02,4015.18,3912.49,77.24,1.86,,,4027.55,4297.87,1.33,LOW,40,2,1
ITC.NS,SELL,286.95,downtrend,57.93,-0.31,286.59,292.95,333.92,3.41,1.19,,,293.77,269.9,2.5,LOW,66,2,1
MARUTI.NS,SELL,14115.0,downtrend,67.76,138.68,13393.45,13297.28,14805.08,328.36,2.33,,,14771.71,12473.21,2.5,NORMAL,61,2,1
M&M.NS,SELL,3068.8,downtrend,60.54,5.03,3066.39,3104.67,3400.61,73.58,2.4,,,3215.96,2700.91,2.5,NORMAL,64,2,1
HCLTECH.NS,SELL,1071.8,downtrend,33.87,-24.15,1130.98,1163.61,1409.04,29.55,2.76,,,1130.9,924.05,2.5,NORMAL,78,0,3
KOTAKBANK.NS,HOLD,392.25,weak_trend,53.72,4.39,395.97,386.94,406.3,7.47,1.91,,,381.04,407.2,1.33,LOW,40,1,2
SUNPHARMA.NS,HOLD,1862.5,weak_trend,77.59,16.1,1823.27,1818.66,1734.93,24.36,1.31,,,1825.95,1911.23,1.33,LOW,40,1,2
AXISBANK.NS,HOLD,1345.7,weak_trend,60.54,20.77,1334.79,1304.63,1270.5,23.09,1.72,,,1311.07,1391.87,1.33,LOW,40,1,2
ULTRACEMCO.NS,SELL,11253.0,downtrend,63.5,-6.92,11213.1,11509.66,11866.38,196.14,1.74,,,11645.29,10272.29,2.5,LOW,63,1,2
BAJAJFINSV.NS,HOLD,1780.2,weak_trend,70.8,5.54,1736.25,1759.58,1929.03,35.39,1.99,,,1727.11,1850.99,1.33,LOW,40,0,3
TITAN.NS,HOLD,4404.0,weak_trend,75.2,41.06,4260.19,4248.44,4024.87,90.34,2.05,,,4268.5,4584.67,1.33,NORMAL,40,2,1
NTPC.NS,HOLD,356.65,weak_trend,55.36,-6.25,358.14,380.19,354.68,6.63,1.86,,,346.71,369.91,1.33,LOW,40,1,2
HAL.NS,HOLD,4381.2,weak_trend,57.27,16.74,4316.69,4393.26,4374.1,109.64,2.5,,,4216.74,4600.49,1.33,NORMAL,40,2,1
ADANIPORTS.NS,SELL,1810.2,downtrend,49.38,12.62,1807.7,1759.88,1528.56,34.37,1.9,,,1878.95,1638.33,2.5,LOW,70,1,2
ONGC.NS,SELL,234.9,downtrend,24.7,-10.82,248.39,272.06,254.47,5.38,2.29,,,245.66,207.99,2.5,NORMAL,82,1,2
ETERNAL.NS,HOLD,264.6,weak_trend,73.71,3.21,253.53,251.28,278.71,6.87,2.6,,,254.3,278.34,1.33,NORMAL,40,1,2
BEL.NS,HOLD,411.8,weak_trend,52.41,-1.92,413.11,421.92,418.99,8.6,2.09,,,398.89,429.01,1.33,NORMAL,40,0,3
ADANIENT.NS,HOLD,3036.0,weak_trend,59.51,73.84,2985.26,2759.0,2377.05,75.24,2.48,,,2923.14,3186.48,1.33,NORMAL,40,1,2
DMART.NS,HOLD,4380.7,weak_trend,74.57,43.84,4209.95,4277.18,4109.06,92.16,2.1,,,4242.46,4565.01,1.33,NORMAL,40,1,2
JSWSTEEL.NS,HOLD,1226.4,weak_trend,34.61,-12.55,1269.31,1275.44,1196.87,23.28,1.9,,,1191.48,1272.96,1.33,LOW,40,0,3
ADANIPOWER.NS,HOLD,223.77,weak_trend,53.72,1.21,226.82,226.03,168.6,6.17,2.76,,,214.51,236.12,1.33,NORMAL,40,0,3
WIPRO.NS,SELL,170.39,downtrend,32.74,-6.08,182.19,192.55,221.56,3.46,2.03,,,177.31,153.1,2.5,NORMAL,78,0,3
POWERGRID.NS,HOLD,286.3,weak_trend,48.28,-2.58,287.05,298.75,283.93,4.71,1.65,,,279.23,295.73,1.33,LOW,40,0,3
ASIANPAINT.NS,HOLD,2635.7,weak_trend,39.83,15.66,2675.21,2596.11,2537.76,47.82,1.81,,,2563.97,2731.34,1.33,LOW,40,1,2
BAJAJ-AUTO.NS,HOLD,9716.0,weak_trend,33.69,-107.51,10038.2,10082.94,9350.2,200.14,2.06,,,9415.79,10116.29,1.33,NORMAL,40,0,3
COALINDIA.NS,HOLD,439.05,weak_trend,39.21,-5.7,452.13,458.94,418.0,8.51,1.94,,,426.29,456.06,1.33,LOW,40,0,3
NESTLEIND.NS,SELL,1405.2,downtrend,41.84,-2.42,1398.48,1422.97,1292.6,30.01,2.14,,,1465.21,1255.16,2.5,NORMAL,74,2,1
INDIGO.NS,HOLD,5368.4,weak_trend,81.03,237.01,4877.09,4601.23,4997.5,133.26,2.48,,,5168.5,5634.93,1.33,NORMAL,40,1,2
IOC.NS,HOLD,139.38,weak_trend,54.19,0.34,141.26,141.55,152.05,3.45,2.48,,,134.21,146.28,1.33,NORMAL,40,1,2
TATASTEEL.NS,HOLD,188.06,weak_trend,36.0,-4.04,196.54,203.57,186.24,3.6,1.92,,,182.66,195.26,1.33,LOW,40,0,3
TMPV.NS,SELL,352.2,downtrend,37.03,-5.3,371.29,362.86,397.37,12.52,3.55,,,377.24,289.61,2.5,NORMAL,76,1,2
HINDZINC.NS,SELL,533.15,downtrend,43.95,-20.33,557.28,598.13,552.83,15.46,2.9,,,564.08,455.83,2.5,NORMAL,73,0,3
JIOFIN.NS,HOLD,236.44,weak_trend,60.51,0.02,237.49,240.17,270.76,4.21,1.78,,,230.13,244.86,1.33,LOW,40,0,3
HYUNDAI.NS,HOLD,1905.5,weak_trend,51.91,13.41,1944.75,1886.07,2163.91,47.31,2.48,,,1834.53,2000.13,1.33,NORMAL,40,0,3
GRASIM.NS,HOLD,3100.0,weak_trend,55.18,23.98,3116.76,3019.51,2843.65,52.08,1.68,,,3021.88,3204.16,1.33,LOW,40,1,2
SBILIFE.NS,SELL,1765.7,downtrend,58.47,-17.13,1765.9,1814.09,1918.33,35.57,2.01,,,1836.84,1587.84,2.5,NORMAL,65,2,1
VEDL.NS,HOLD,280.75,weak_trend,39.26,-24.94,299.69,363.75,531.2,10.82,3.85,,,264.52,302.39,1.33,NORMAL,40,0,3
DLF.NS,SELL,620.05,downtrend,69.62,9.64,602.74,595.2,654.0,17.3,2.79,,,654.65,533.55,2.5,NORMAL,60,1,2
EICHERMOT.NS,SELL,7073.5,downtrend,44.59,64.7,7383.25,7244.74,7182.04,181.36,2.56,,,7436.21,6166.71,2.5,NORMAL,72,1,2
TRENT.NS,HOLD,3282.6,weak_trend,82.7,129.32,2998.44,2876.67,3408.17,95.85,2.92,,,3138.83,3474.3,1.33,NORMAL,40,0,3
HINDALCO.NS,HOLD,956.6,weak_trend,25.31,-30.14,1020.43,1053.64,914.79,24.84,2.6,,,919.35,1006.27,1.33,NORMAL,40,1,2
DIVISLAB.NS,HOLD,6579.0,weak_trend,45.45,3.7,6667.4,6661.4,6373.27,109.11,1.66,,,6415.34,6797.21,1.33,LOW,40,1,2
HDFCLIFE.NS,SELL,575.85,downtrend,65.1,-1.64,575.57,590.98,688.15,11.05,1.92,,,597.96,520.58,2.5,LOW,62,2,1
IRFC.NS,SELL,90.53,downtrend,39.96,-1.78,95.73,99.26,110.26,2.26,2.49,,,95.05,79.24,2.5,NORMAL,75,1,2
ADANIGREEN.NS,HOLD,1492.2,weak_trend,51.77,33.47,1494.91,1406.57,1094.85,39.54,2.65,,,1432.89,1571.29,1.33,NORMAL,40,0,3
VBL.NS,HOLD,507.55,weak_trend,38.4,-2.41,522.17,517.08,471.87,12.71,2.5,,,488.48,532.97,1.33,NORMAL,40,0,3
TVSMOTOR.NS,SELL,3460.6,downtrend,57.98,13.02,3407.88,3459.36,3566.56,85.46,2.47,,,3631.51,3033.31,2.5,NORMAL,66,1,2
PIDILITIND.NS,HOLD,1592.7,weak_trend,79.89,35.82,1544.24,1480.42,1461.82,28.53,1.79,,,1549.91,1649.76,1.33,LOW,40,2,1
BPCL.NS,HOLD,303.55,weak_trend,60.88,2.3,302.67,301.28,329.41,8.28,2.73,,,291.13,320.11,1.33,NORMAL,40,0,3
TECHM.NS,SELL,1404.7,downtrend,37.25,-8.69,1451.03,1445.95,1486.88,39.53,2.81,,,1483.76,1207.06,2.5,NORMAL,76,0,3
BAJAJHLDNG.NS,HOLD,10603.0,weak_trend,70.8,102.24,10268.25,10264.64,10926.63,231.24,2.18,,,10256.14,11065.47,1.33,NORMAL,40,1,2
BRITANNIA.NS,SELL,5146.5,downtrend,53.39,-42.24,5166.12,5378.78,5778.25,83.0,1.61,,,5312.5,4731.5,2.5,LOW,68,1,2
AMBUJACEM.NS,SELL,421.85,downtrend,59.19,-2.66,421.27,433.64,501.46,9.64,2.29,,,441.14,373.63,2.5,NORMAL,65,1,2
BANKBARODA.NS,HOLD,272.4,weak_trend,53.58,3.79,273.81,264.82,271.68,6.33,2.32,,,262.9,285.06,1.33,NORMAL,40,0,3
CHOLAFIN.NS,HOLD,1789.8,weak_trend,84.38,65.05,1619.29,1592.46,1631.69,48.17,2.69,,,1717.54,1886.14,1.33,NORMAL,40,1,2
SHRIRAMFIN.NS,HOLD,1042.15,weak_trend,80.96,23.04,967.05,964.2,900.34,28.77,2.76,,,998.99,1099.69,1.33,NORMAL,40,1,2
PNB.NS,HOLD,106.69,weak_trend,59.64,1.02,106.51,104.85,112.72,1.86,1.74,,,103.91,110.4,1.33,LOW,40,0,3
PFC.NS,HOLD,424.3,weak_trend,45.58,-1.19,428.49,439.44,398.01,10.1,2.38,,,409.15,444.5,1.33,NORMAL,40,0,3
SOLARINDS.NS,HOLD,18696.0,weak_trend,53.93,218.21,17898.1,17158.7,14411.36,649.57,3.47,,,17721.64,19995.14,1.33,NORMAL,40,2,1
MUTHOOTFIN.NS,HOLD,2997.3,weak_trend,50.39,-60.52,3096.29,3291.21,3418.3,98.8,3.3,,,2849.1,3194.9,1.33,NORMAL,40,0,3
TATAPOWER.NS,SELL,385.5,downtrend,42.3,-6.08,396.94,413.67,390.66,6.49,1.68,,,398.49,353.03,2.5,LOW,73,0,3
CIPLA.NS,HOLD,1465.4,weak_trend,75.55,23.49,1398.13,1367.84,1405.07,28.24,1.93,,,1423.05,1521.87,1.33,LOW,40,2,1
TORNTPHARM.NS,HOLD,4620.1,weak_trend,64.45,49.2,4484.71,4397.31,4004.01,101.11,2.19,,,4468.43,4822.33,1.33,NORMAL,40,2,1
GODREJCP.NS,HOLD,1010.0,weak_trend,43.79,-2.2,1016.14,1035.99,1116.08,20.96,2.07,,,978.56,1051.91,1.33,NORMAL,40,0,3
LODHA.NS,HOLD,955.25,weak_trend,73.45,14.67,911.21,903.75,1014.45,27.98,2.93,,,913.28,1011.21,1.33,NORMAL,40,1,2
HDFCAMC.NS,HOLD,2653.2,weak_trend,61.2,18.3,2577.17,2633.12,2610.78,72.68,2.74,,,2544.18,2798.56,1.33,NORMAL,40,2,1
GAIL.NS,HOLD,173.46,weak_trend,59.45,2.42,171.7,166.97,165.15,3.56,2.05,,,168.12,180.58,1.33,NORMAL,40,2,1
CANBK.NS,SELL,125.52,downtrend,41.52,-0.3,130.53,129.54,134.53,2.83,2.25,,,131.17,111.39,2.5,NORMAL,74,1,2
MAXHEALTH.NS,HOLD,1129.25,weak_trend,79.75,31.85,1041.1,1026.02,1062.71,29.06,2.57,,,1085.66,1187.37,1.33,NORMAL,40,1,2
ENRIN.NS,HOLD,3683.3,weak_trend,56.28,75.36,3652.45,3454.4,3059.03,146.89,3.99,,,3462.96,3977.09,1.33,NORMAL,40,1,2
SIEMENS.NS,HOLD,3599.9,weak_trend,51.3,-15.37,3646.46,3708.71,3304.37,84.81,2.36,,,3472.69,3769.51,1.33,NORMAL,40,0,3
MAZDOCK.NS,SELL,2496.6,downtrend,65.13,2.82,2460.11,2520.81,2547.7,62.54,2.5,,,2621.67,2183.92,2.5,NORMAL,62,2,1
BOSCHLTD.NS,HOLD,39900.0,weak_trend,76.2,923.0,38836.0,37612.3,36709.05,915.0,2.29,,,38527.5,41730.0,1.33,NORMAL,40,1,2
ABB.NS,HOLD,7031.0,weak_trend,53.85,53.04,7048.27,6992.7,5847.52,179.96,2.56,,,6761.05,7390.93,1.33,NORMAL,40,0,3
MOTHERSON.NS,HOLD,148.11,weak_trend,60.77,3.54,145.5,136.71,120.03,4.23,2.86,,,141.76,156.57,1.33,NORMAL,40,1,2
CUMMINSIND.NS,HOLD,5659.5,weak_trend,51.62,41.81,5696.38,5502.71,4641.31,148.61,2.63,,,5436.59,5956.71,1.33,NORMAL,40,1,2
TATACONSUM.NS,SELL,1075.6,downtrend,40.12,-13.29,1114.98,1153.71,1136.63,23.65,2.2,,,1122.9,957.35,2.5,NORMAL,74,1,2
POLYCAB.NS,HOLD,9961.0,weak_trend,62.78,176.58,9677.46,9166.86,7908.0,234.52,2.35,,,9609.22,10430.04,1.33,NORMAL,40,2,1
CGPOWER.NS,HOLD,952.15,weak_trend,62.74,20.28,935.21,885.15,742.97,22.4,2.35,,,918.54,996.96,1.33,NORMAL,40,1,2
UNIONBANK.NS,HOLD,172.43,weak_trend,64.67,1.86,171.37,168.67,163.96,3.33,1.93,,,167.43,179.1,1.33,LOW,40,2,1
ADANIENSOL.NS,HOLD,1491.4,weak_trend,41.55,19.21,1513.04,1441.99,1093.03,43.33,2.91,,,1426.41,1578.06,1.33,NORMAL,40,0,3
APOLLOHOSP.NS,BUY,8682.0,uptrend,65.28,130.1,8447.1,8164.49,7620.15,121.04,1.39,8508.36,8855.64,8439.93,9287.18,2.5,LOW,77,3,0
INDHOTEL.NS,HOLD,713.95,weak_trend,71.35,17.28,690.82,666.15,687.56,13.82,1.94,,,693.21,741.6,1.33,LOW,40,2,1
HEROMOTOCO.NS,SELL,4794.3,downtrend,43.5,-36.79,4908.41,4996.2,5385.94,93.96,1.96,,,4982.23,4324.48,2.5,LOW,73,1,2
DRREDDY.NS,HOLD,1357.1,weak_trend,78.89,16.37,1294.77,1302.62,1267.13,26.69,1.97,,,1317.06,1410.49,1.33,LOW,40,2,1
SHREECEM.NS,SELL,25250.0,downtrend,69.06,195.81,24719.75,24881.5,26334.83,643.21,2.55,,,26536.43,22033.93,2.5,NORMAL,60,1,2
JINDALSTEL.NS,SELL,1060.1,downtrend,26.32,-35.59,1133.85,1196.43,1117.7,28.72,2.71,,,1117.54,916.49,2.5,NORMAL,81,0,3
IDBI.NS,SELL,83.53,downtrend,61.09,3.17,80.2,76.37,91.04,4.28,5.13,,,92.09,62.12,2.5,ELEVATED,64,1,2
SWIGGY.NS,SELL,239.35,downtrend,46.67,-4.83,248.72,259.78,337.25,7.69,3.21,,,254.74,200.89,2.5,NORMAL,71,0,3
BSE.NS,HOLD,3865.6,weak_trend,45.37,-18.68,3965.23,3937.89,3007.63,111.67,2.89,,,3698.09,4088.94,1.33,NORMAL,40,0,3
MANKIND.NS,HOLD,2545.6,weak_trend,72.4,36.92,2418.2,2392.86,2277.27,63.96,2.51,,,2449.66,2673.51,1.33,NORMAL,40,2,1
INDIANB.NS,SELL,816.65,downtrend,43.12,-0.82,841.7,834.65,830.25,17.25,2.11,,,851.16,730.38,2.5,NORMAL,73,1,2
INDUSTOWER.NS,SELL,391.7,downtrend,28.36,-8.0,411.6,415.87,411.53,8.61,2.2,,,408.91,348.66,2.5,NORMAL,80,1,2
UNITDSPR.NS,HOLD,1350.4,weak_trend,68.17,19.68,1299.3,1306.19,1346.87,32.5,2.41,,,1301.65,1415.4,1.33,NORMAL,40,2,1
GMRAIRPORT.NS,HOLD,112.09,weak_trend,79.13,3.03,105.76,100.55,97.27,2.73,2.43,,,108.0,117.54,1.33,NORMAL,40,2,1
RECLTD.NS,BUY,363.8,uptrend,61.74,5.71,353.43,351.56,352.01,7.88,2.17,356.52,371.08,348.04,403.21,2.5,NORMAL,75,3,0
ZYDUSLIFE.NS,HOLD,1112.6,weak_trend,54.65,20.32,1092.97,1027.39,957.97,21.44,1.93,,,1080.45,1155.47,1.33,LOW,40,2,1
ICICIGI.NS,HOLD,1741.7,weak_trend,51.4,1.7,1777.81,1789.87,1872.33,41.63,2.39,,,1679.26,1824.96,1.33,NORMAL,40,1,2
DIXON.NS,HOLD,11920.0,weak_trend,57.15,168.85,11893.35,11488.56,12771.11,359.64,3.02,,,11380.54,12639.29,1.33,NORMAL,40,0,3
IDEA.NS,HOLD,14.46,weak_trend,59.24,0.3,14.56,13.08,10.77,0.47,3.24,,,13.76,15.4,1.33,NORMAL,40,0,3
HAVELLS.NS,SELL,1159.3,downtrend,51.11,-7.03,1166.79,1199.76,1350.94,24.46,2.11,,,1208.23,1036.98,2.5,NORMAL,69,2,1
MARICO.NS,BUY,836.25,uptrend,59.1,4.83,817.62,815.11,760.12,15.58,1.86,819.52,852.98,805.09,914.16,2.5,LOW,74,3,0
HINDPETRO.NS,HOLD,394.45,weak_trend,59.53,4.36,392.26,386.91,420.72,12.1,3.07,,,376.3,418.65,1.33,NORMAL,40,0,3
WAAREEENER.NS,SELL,2947.0,downtrend,42.03,-34.42,3033.87,3112.18,3107.4,71.55,2.43,,,3090.1,2589.25,2.5,NORMAL,73,1,2
BAJAJHFL.NS,HOLD,87.5,weak_trend,70.62,0.78,85.71,85.92,94.16,1.88,2.15,,,84.68,91.26,1.33,NORMAL,40,0,3
DABUR.NS,HOLD,422.2,weak_trend,43.88,-4.76,424.84,442.37,482.19,7.0,1.66,,,411.69,436.21,1.33,LOW,40,0,3
LUPIN.NS,HOLD,2419.0,weak_trend,79.1,28.39,2309.68,2303.84,2171.95,42.66,1.76,,,2355.01,2504.31,1.33,LOW,40,2,1
JSWENERGY.NS,BUY,583.15,uptrend,62.11,5.41,572.59,563.07,515.74,14.14,2.42,571.49,594.81,554.88,653.83,2.5,NORMAL,76,3,0
ICICIPRULI.NS,SELL,487.95,downtrend,59.78,-4.34,487.09,509.92,587.63,12.56,2.57,,,513.07,425.15,2.5,NORMAL,65,1,2
PERSISTENT.NS,SELL,4326.5,downtrend,28.09,-126.87,4880.43,4937.59,5493.24,170.46,3.94,,,4667.43,3474.18,2.5,NORMAL,80,1,2
BHARTIHEXA.NS,SELL,1483.0,downtrend,55.09,-10.9,1474.96,1506.0,1644.35,39.11,2.64,,,1561.23,1287.43,2.5,NORMAL,67,2,1
NAUKRI.NS,HOLD,978.0,weak_trend,51.98,1.05,990.45,980.2,1174.98,27.54,2.82,,,936.69,1033.09,1.33,NORMAL,40,0,3
SRF.NS,HOLD,2739.0,weak_trend,50.5,12.89,2716.24,2673.94,2790.77,66.13,2.41,,,2639.81,2871.26,1.33,NORMAL,40,1,2
BHEL.NS,HOLD,414.1,weak_trend,73.14,6.16,395.95,391.47,295.52,11.96,2.89,,,396.15,438.03,1.33,NORMAL,40,2,1
POWERINDIA.NS,HOLD,34920.0,weak_trend,60.81,133.46,35111.75,34475.9,24331.59,1118.21,3.2,,,33242.68,37156.43,1.33,NORMAL,40,0,3
NTPCGREEN.NS,HOLD,95.5,weak_trend,39.14,-2.21,97.57,103.84,97.65,1.75,1.83,,,92.88,99.0,1.33,LOW,40,0,3
NHPC.NS,HOLD,81.33,weak_trend,86.76,0.81,76.25,78.63,78.82,1.74,2.14,,,78.71,84.82,1.33,NORMAL,40,1,2
POLICYBZR.NS,HOLD,1628.6,weak_trend,72.57,-4.63,1585.76,1656.63,1672.31,49.34,3.03,,,1554.59,1727.29,1.33,NORMAL,40,0,3
SBICARD.NS,SELL,593.2,downtrend,53.92,-3.22,602.55,624.1,768.18,17.05,2.87,,,627.29,507.97,2.5,NORMAL,68,2,1
ASHOKLEY.NS,SELL,157.7,downtrend,67.57,1.19,152.19,155.81,162.16,4.83,3.07,,,167.37,133.53,2.5,NORMAL,61,1,2
SUZLON.NS,HOLD,58.9,weak_trend,69.44,1.06,56.69,55.45,51.81,1.68,2.84,,,56.39,62.25,1.33,NORMAL,40,2,1
ABCAPITAL.NS,HOLD,391.95,weak_trend,73.85,10.39,369.15,359.6,337.65,10.74,2.74,,,375.84,413.43,1.33,NORMAL,40,1,2
PAYTM.NS,SELL,1141.5,downtrend,64.86,6.24,1088.81,1113.36,1186.32,32.94,2.89,,,1207.39,976.79,2.5,NORMAL,62,1,2
IOB.NS,HOLD,34.09,weak_trend,56.66,0.2,34.0,34.14,36.05,0.78,2.3,,,32.91,35.66,1.33,NORMAL,40,0,3
OFSS.NS,HOLD,10775.5,weak_trend,78.2,352.21,9925.4,9626.92,8098.82,307.61,2.85,,,10314.09,11390.71,1.33,NORMAL,40,1,2
GVT&D.NS,HOLD,4944.0,weak_trend,52.18,92.0,5044.4,4782.39,3620.35,239.86,4.85,,,4584.21,5423.71,1.33,ELEVATED,40,0,3
RVNL.NS,SELL,235.83,downtrend,57.76,-5.73,237.78,265.2,304.75,5.97,2.53,,,247.77,205.99,2.5,NORMAL,66,1,2
PRESTIGE.NS,HOLD,1564.6,weak_trend,79.04,46.11,1448.37,1421.18,1504.88,50.37,3.22,,,1489.04,1665.34,1.33,NORMAL,40,1,2
LLOYDSME.NS,HOLD,1810.4,weak_trend,62.73,11.91,1756.65,1751.34,1396.02,56.3,3.11,,,1725.94,1923.01,1.33,NORMAL,40,2,1
UNOMINDA.NS,HOLD,1087.8,weak_trend,48.85,1.88,1093.44,1106.64,1185.49,37.44,3.44,,,1031.65,1162.67,1.33,NORMAL,40,0,3
FORTIS.NS,HOLD,956.95,weak_trend,35.0,1.56,967.38,957.21,930.25,20.57,2.15,,,926.09,998.09,1.33,NORMAL,40,0,3
NYKAA.NS,HOLD,310.85,weak_trend,85.44,10.6,283.93,274.44,259.35,8.24,2.65,,,298.49,327.33,1.33,NORMAL,40,1,2
OIL.NS,SELL,416.95,downtrend,41.17,-17.33,434.38,465.21,442.08,8.25,1.98,,,433.46,375.68,2.5,LOW,74,0,3
ATGL.NS,HOLD,731.55,weak_trend,51.49,10.57,727.06,685.26,604.75,23.96,3.27,,,695.62,779.46,1.33,NORMAL,40,1,2
COROMANDEL.NS,SELL,2005.0,downtrend,65.74,30.64,1916.67,1918.02,2136.46,71.68,3.57,,,2148.36,1646.61,2.5,NORMAL,62,2,1
GICRE.NS,SELL,363.5,downtrend,37.27,-6.29,372.91,384.56,378.98,11.78,3.24,,,387.06,304.61,2.5,NORMAL,76,0,3
YESBANK.NS,HOLD,24.18,weak_trend,62.82,0.69,24.02,22.56,21.66,0.71,2.93,,,23.12,25.6,1.33,NORMAL,40,1,2
VMM.NS,SELL,117.95,downtrend,47.62,-0.78,118.23,120.69,127.99,3.09,2.62,,,124.14,102.48,2.5,NORMAL,71,1,2
TORNTPOWER.NS,HOLD,1414.9,weak_trend,54.86,-16.1,1422.72,1519.21,1384.75,37.65,2.66,,,1358.42,1490.21,1.33,NORMAL,40,2,1
AUROPHARMA.NS,HOLD,1578.7,weak_trend,70.07,29.77,1480.99,1465.45,1259.93,35.82,2.27,,,1524.97,1650.34,1.33,NORMAL,40,2,1
NMDC.NS,HOLD,85.16,weak_trend,35.33,-1.28,88.61,89.42,80.25,1.94,2.28,,,82.25,89.04,1.33,NORMAL,40,1,2
ALKEM.NS,HOLD,5570.0,weak_trend,92.87,19.29,5361.77,5413.15,5498.34,81.07,1.46,,,5448.39,5732.14,1.33,LOW,40,2,1
BERGEPAINT.NS,HOLD,510.1,weak_trend,47.41,7.35,517.5,504.17,505.55,18.9,3.71,,,481.75,547.9,1.33,NORMAL,40,0,3
MRF.NS,SELL,127820.0,downtrend,60.82,310.26,126687.75,128163.4,142286.36,2845.36,2.23,,,133510.71,113593.21,2.5,NORMAL,64,2,1
PATANJALI.NS,HOLD,411.05,weak_trend,36.74,-9.66,420.38,443.87,515.84,7.6,1.85,,,399.66,426.24,1.33,LOW,40,0,3
GODREJPROP.NS,HOLD,1866.6,weak_trend,71.95,28.77,1751.47,1771.97,1885.94,51.85,2.78,,,1788.82,1970.3,1.33,NORMAL,40,1,2
HDBFS.NS,HOLD,750.8,weak_trend,89.8,24.21,687.45,676.73,707.89,25.86,3.44,,,712.01,802.52,1.33,NORMAL,40,1,2
LTF.NS,HOLD,310.75,weak_trend,82.52,7.04,282.9,282.36,279.04,9.28,2.99,,,296.83,329.31,1.33,NORMAL,40,2,1
JSWINFRA.NS,HOLD,322.15,weak_trend,75.0,13.91,298.76,283.9,278.46,11.07,3.44,,,305.54,344.3,1.33,NORMAL,40,1,2
SCHAEFFLER.NS,HOLD,4189.7,weak_trend,55.05,30.81,4116.55,4137.71,3970.04,142.18,3.39,,,3976.43,4474.06,1.33,NORMAL,40,2,1
INDUSINDBK.NS,HOLD,924.2,weak_trend,62.92,4.83,915.28,909.76,856.28,20.31,2.2,,,893.73,964.82,1.33,NORMAL,40,1,2
JSL.NS,SELL,692.65,downtrend,60.13,-7.13,691.99,724.8,759.32,19.42,2.8,,,731.49,595.56,2.5,NORMAL,64,2,1
AUBANK.NS,HOLD,1037.05,weak_trend,68.17,13.67,1009.36,1008.41,937.38,28.8,2.78,,,993.84,1094.66,1.33,NORMAL,40,2,1
COLPAL.NS,SELL,1997.9,downtrend,40.44,-18.95,2017.0,2069.93,2099.82,40.81,2.04,,,2079.53,1793.83,2.5,NORMAL,74,0,3
OBEROIRLTY.NS,HOLD,1769.2,weak_trend,86.13,28.89,1677.48,1674.09,1624.11,41.8,2.36,,,1706.5,1852.8,1.33,NORMAL,40,2,1
BHARATFORG.NS,HOLD,2144.1,weak_trend,76.65,63.82,2028.63,1957.82,1606.62,60.56,2.82,,,2053.26,2265.21,1.33,NORMAL,40,2,1
FACT.NS,HOLD,872.8,weak_trend,49.52,0.51,897.6,895.69,865.27,45.05,5.16,,,805.22,962.91,1.33,ELEVATED,40,0,3
COFORGE.NS,HOLD,1465.7,weak_trend,62.95,31.74,1448.75,1366.23,1529.77,43.79,2.99,,,1400.02,1553.27,1.33,NORMAL,40,1,2
PHOENIXLTD.NS,HOLD,1948.6,weak_trend,75.84,43.45,1828.31,1797.22,1724.01,51.4,2.64,,,1871.5,2051.4,1.33,NORMAL,40,2,1
BANKINDIA.NS,SELL,140.4,downtrend,38.45,0.76,144.06,140.6,140.78,3.06,2.18,,,146.51,125.11,2.5,NORMAL,75,0,3
TIINDIA.NS,HOLD,3029.3,weak_trend,47.75,14.69,3141.72,3052.72,2834.06,94.46,3.12,,,2887.61,3218.21,1.33,NORMAL,40,0,3
IRCTC.NS,SELL,502.9,downtrend,40.5,-5.63,517.52,531.19,614.3,8.46,1.68,,,519.81,460.61,2.5,LOW,74,0,3
BDL.NS,HOLD,1368.4,weak_trend,74.63,25.07,1282.19,1319.93,1398.36,43.31,3.16,,,1303.44,1455.01,1.33,NORMAL,40,1,2
UPL.NS,SELL,571.2,downtrend,29.27,-15.0,608.94,629.49,686.42,14.88,2.6,,,600.96,496.81,2.5,NORMAL,80,1,2
IDFCFIRSTB.NS,HOLD,79.49,weak_trend,72.57,2.29,76.43,72.18,75.22,1.82,2.29,,,76.75,83.14,1.33,NORMAL,40,1,2
PIIND.NS,SELL,2555.1,downtrend,19.17,-64.59,2760.89,2900.7,3195.73,70.04,2.74,,,2695.19,2204.89,2.5,NORMAL,85,1,2
MOTILALOFS.NS,HOLD,951.3,weak_trend,72.68,27.56,903.9,866.12,852.41,25.25,2.65,,,913.42,1001.81,1.33,NORMAL,40,1,2
GLENMARK.NS,HOLD,2204.3,weak_trend,49.17,-22.18,2173.45,2274.37,2074.55,54.39,2.47,,,2122.71,2313.09,1.33,NORMAL,40,2,1
MFSL.NS,SELL,1584.0,downtrend,47.93,-3.21,1616.82,1628.98,1647.0,44.77,2.83,,,1673.54,1360.14,2.5,NORMAL,71,0,3
SAIL.NS,HOLD,173.49,weak_trend,37.22,-4.95,180.99,187.48,155.41,5.2,3.0,,,165.69,183.89,1.33,NORMAL,40,0,3
FEDERALBNK.NS,HOLD,330.05,weak_trend,75.92,8.41,316.85,300.24,265.79,5.24,1.59,,,322.2,340.52,1.33,LOW,40,2,1
NAM-INDIA.NS,HOLD,1162.0,weak_trend,67.22,28.16,1115.48,1077.62,919.36,32.77,2.82,,,1112.84,1227.54,1.33,NORMAL,40,2,1
MPHASIS.NS,SELL,2161.6,downtrend,29.89,-12.78,2285.91,2252.73,2548.74,63.5,2.94,,,2288.6,1844.1,2.5,NORMAL,80,0,3
KALYANKJIL.NS,HOLD,386.7,weak_trend,75.61,3.72,368.6,375.41,435.53,12.27,3.17,,,368.29,411.24,1.33,NORMAL,40,0,3
LINDEINDIA.NS,HOLD,7311.0,weak_trend,68.59,18.27,7069.93,7229.22,6549.69,201.32,2.75,,,7009.02,7713.64,1.33,NORMAL,40,2,1
SUNDARMFIN.NS,SELL,4506.7,downtrend,66.85,36.26,4348.01,4486.03,4787.32,144.24,3.2,,,4795.19,3785.49,2.5,NORMAL,61,1,2
SUPREMEIND.NS,SELL,3157.8,downtrend,29.01,-63.98,3469.83,3527.92,3695.88,92.21,2.92,,,3342.22,2696.75,2.5,NORMAL,80,1,2
BIOCON.NS,HOLD,418.3,weak_trend,55.33,2.2,416.02,405.48,383.15,8.51,2.03,,,405.53,435.32,1.33,NORMAL,40,2,1
TATACOMM.NS,HOLD,1970.6,weak_trend,51.35,52.15,1960.69,1797.41,1704.84,69.14,3.51,,,1866.89,2108.88,1.33,NORMAL,40,1,2
LAURUSLABS.NS,HOLD,1517.4,weak_trend,76.91,44.05,1423.7,1321.45,1077.94,40.08,2.64,,,1457.28,1597.56,1.33,NORMAL,40,2,1
AIIL.NS,HOLD,524.35,weak_trend,67.53,11.16,510.36,497.13,535.14,24.48,4.67,,,487.63,573.31,1.33,ELEVATED,40,0,3
GODFRYPHLP.NS,SELL,2173.1,downtrend,42.22,-12.83,2239.37,2268.48,2519.76,55.69,2.56,,,2284.49,1894.64,2.5,NORMAL,73,0,3
JKCEMENT.NS,HOLD,5444.5,weak_trend,70.44,64.47,5179.85,5352.29,5687.72,192.43,3.53,,,5155.86,5829.36,1.33,NORMAL,40,0,3
UBL.NS,SELL,1337.0,downtrend,53.7,-9.93,1334.52,1375.63,1583.62,27.99,2.09,,,1392.97,1197.07,2.5,NORMAL,68,2,1
APLAPOLLO.NS,HOLD,1788.7,weak_trend,56.76,-17.93,1817.32,1871.09,1892.0,32.96,1.84,,,1739.26,1854.61,1.33,LOW,40,1,2
PAGEIND.NS,HOLD,41370.0,weak_trend,74.69,886.88,39404.5,38183.42,37053.12,1015.0,2.45,,,39847.5,43400.0,1.33,NORMAL,40,2,1
GLAXO.NS,HOLD,2450.3,weak_trend,74.15,36.63,2244.39,2291.31,2429.8,67.36,2.75,,,2349.26,2585.01,1.33,NORMAL,40,2,1
BALKRISIND.NS,SELL,2180.4,downtrend,54.48,9.18,2170.65,2188.73,2306.56,70.42,3.23,,,2321.24,1828.29,2.5,NORMAL,67,1,2
ITCHOTELS.NS,HOLD,179.99,weak_trend,83.33,5.96,162.91,159.56,184.2,5.7,3.16,,,171.45,191.38,1.33,NORMAL,40,0,3
COCHINSHIP.NS,SELL,1507.9,downtrend,64.21,-11.31,1450.12,1550.03,1590.2,47.34,3.14,,,1602.57,1271.22,2.5,NORMAL,62,2,1
PREMIERENE.NS,HOLD,1051.0,weak_trend,40.29,5.85,1062.2,1031.42,936.48,33.03,3.14,,,1001.46,1117.06,1.33,NORMAL,40,0,3
HEXT.NS,SELL,514.85,downtrend,46.51,1.53,510.09,491.47,599.89,20.69,4.02,,,556.23,411.4,2.5,ELEVATED,71,0,3
LTTS.NS,SELL,3139.8,downtrend,33.37,-57.64,3314.37,3450.35,3803.56,87.21,2.78,,,3314.23,2703.73,2.5,NORMAL,78,0,3
VOLTAS.NS,SELL,1277.6,downtrend,47.89,0.32,1305.13,1323.47,1374.78,35.42,2.77,,,1348.45,1100.49,2.5,NORMAL,71,0,3
HUDCO.NS,SELL,205.02,downtrend,49.01,0.2,207.74,210.72,208.23,5.36,2.61,,,215.74,178.22,2.5,NORMAL,70,0,3
360ONE.NS,HOLD,1074.6,weak_trend,56.55,1.11,1097.0,1089.66,1093.15,29.26,2.72,,,1030.7,1133.13,1.33,NORMAL,40,1,2
MAHABANK.NS,HOLD,91.44,weak_trend,66.49,3.17,86.51,81.7,65.92,2.71,2.96,,,87.38,96.86,1.33,NORMAL,40,2,1
PGHH.NS,SELL,9084.0,downtrend,52.06,-164.07,9094.12,9588.95,11495.06,197.75,2.18,,,9479.5,8095.25,2.5,NORMAL,68,2,1
PETRONET.NS,HOLD,280.8,weak_trend,64.14,3.44,278.03,274.33,274.85,6.88,2.45,,,270.49,294.55,1.33,NORMAL,40,1,2
IREDA.NS,SELL,128.69,downtrend,68.89,0.33,125.12,129.18,134.17,2.93,2.28,,,134.56,114.02,2.5,NORMAL,60,1,2
ANTHEM.NS,SELL,770.55,downtrend,48.2,2.43,769.16,769.28,708.69,22.62,2.94,,,815.8,657.43,2.5,NORMAL,70,1,2
CONCOR.NS,HOLD,475.25,weak_trend,75.15,-1.78,461.64,487.68,500.89,9.13,1.92,,,461.56,493.51,1.33,LOW,40,0,3
M&MFIN.NS,HOLD,315.8,weak_trend,73.75,4.06,297.34,306.1,326.6,10.99,3.48,,,299.32,337.77,1.33,NORMAL,40,0,3
NATIONALUM.NS,HOLD,339.6,weak_trend,34.47,-17.26,371.41,397.49,327.3,13.53,3.98,,,319.3,366.66,1.33,NORMAL,40,0,3
DALBHARAT.NS,SELL,1700.6,downtrend,58.92,-16.8,1693.85,1785.18,2005.41,41.23,2.42,,,1783.06,1494.44,2.5,NORMAL,65,1,2
JUBLFOOD.NS,HOLD,417.6,weak_trend,43.56,-5.6,422.97,445.31,522.37,9.27,2.22,,,403.69,436.15,1.33,NORMAL,40,0,3
ESCORTS.NS,SELL,2935.9,downtrend,65.65,-1.01,2828.59,2983.82,3392.82,76.53,2.61,,,3088.96,2553.26,2.5,NORMAL,62,1,2
RADICO.NS,HOLD,3945.5,weak_trend,84.35,116.01,3642.54,3521.54,3116.71,84.41,2.14,,,3818.89,4114.31,1.33,NORMAL,40,2,1
KAYNES.NS,SELL,3121.9,downtrend,52.87,-57.91,3172.79,3519.85,4579.9,110.02,3.52,,,3341.94,2571.79,2.5,NORMAL,68,1,2
FLUOROCHEM.NS,HOLD,3964.0,weak_trend,85.92,77.15,3730.23,3672.51,3521.27,111.46,2.81,,,3796.81,4186.91,1.33,NORMAL,40,2,1
ENDURANCE.NS,HOLD,2673.6,weak_trend,72.77,31.73,2607.75,2563.16,2601.36,71.38,2.67,,,2566.53,2816.36,1.33,NORMAL,40,1,2
KEI.NS,HOLD,5427.5,weak_trend,60.28,69.33,5391.15,5211.92,4513.44,181.61,3.35,,,5155.09,5790.71,1.33,NORMAL,40,2,1
ASTRAL.NS,SELL,1335.6,downtrend,27.87,-31.9,1510.98,1532.63,1507.37,43.74,3.28,,,1423.09,1116.89,2.5,NORMAL,81,1,2
THERMAX.NS,HOLD,5159.5,weak_trend,70.25,126.71,4795.86,4550.17,3482.34,173.64,3.37,,,4899.04,5506.79,1.33,NORMAL,40,2,1
UCOBANK.NS,SELL,26.99,downtrend,60.44,0.42,26.46,26.03,27.98,0.84,3.12,,,28.67,22.78,2.5,NORMAL,64,1,2
BLUESTARCO.NS,SELL,1628.3,downtrend,59.23,-2.58,1621.8,1678.29,1794.4,39.86,2.45,,,1708.01,1429.01,2.5,NORMAL,65,1,2
NH.NS,HOLD,1971.7,weak_trend,58.67,18.34,1915.93,1873.67,1823.08,49.22,2.5,,,1897.87,2070.14,1.33,NORMAL,40,2,1
TATAINVEST.NS,HOLD,666.8,weak_trend,57.04,0.33,669.26,682.5,707.03,16.58,2.49,,,641.94,699.95,1.33,NORMAL,40,0,3
GODREJIND.NS,HOLD,1174.7,weak_trend,78.98,26.15,1088.12,1081.08,1033.84,38.34,3.26,,,1117.2,1251.37,1.33,NORMAL,40,1,2
POONAWALLA.NS,HOLD,441.05,weak_trend,78.85,9.2,408.01,412.97,445.99,13.58,3.08,,,420.68,468.21,1.33,NORMAL,40,0,3
CRISIL.NS,SELL,4079.0,downtrend,64.85,21.56,4004.17,4093.98,4381.57,116.69,2.86,,,4312.39,3495.54,2.5,NORMAL,62,1,2
KPRMILL.NS,HOLD,1177.3,weak_trend,65.46,52.75,1100.46,1004.44,971.28,64.66,5.49,,,1080.3,1306.63,1.33,ELEVATED,40,2,1
CHOLAHLDNG.NS,HOLD,1656.9,weak_trend,83.18,19.81,1538.47,1597.19,1727.51,49.69,3.0,,,1582.36,1756.29,1.33,NORMAL,40,0,3
3MINDIA.NS,SELL,32900.0,downtrend,62.63,250.87,32491.25,32443.9,33025.0,858.21,2.61,,,34616.43,28608.93,2.5,NORMAL,63,2,1
IPCALAB.NS,BUY,1701.0,uptrend,62.36,20.21,1601.62,1575.06,1463.05,46.13,2.71,1666.98,1735.02,1608.74,1931.64,2.5,NORMAL,76,3,0
APARINDS.NS,HOLD,15695.0,weak_trend,71.05,857.74,15134.0,13550.45,10171.28,720.43,4.59,,,14614.36,17135.86,1.33,ELEVATED,40,1,2
SJVN.NS,SELL,73.15,downtrend,55.74,-0.49,72.87,75.25,77.21,1.61,2.21,,,76.38,65.08,2.5,NORMAL,67,2,1
MEDANTA.NS,HOLD,1313.8,weak_trend,80.22,30.09,1260.12,1216.79,1195.96,30.86,2.35,,,1267.51,1375.51,1.33,NORMAL,40,1,2
ACC.NS,SELL,1327.2,downtrend,52.84,-8.21,1336.16,1367.69,1611.94,23.99,1.81,,,1375.19,1207.23,2.5,LOW,68,2,1
TATAELXSI.NS,SELL,3829.7,downtrend,29.18,-59.84,4089.55,4127.44,4789.85,94.92,2.48,,,4019.54,3355.09,2.5,NORMAL,80,1,2
NLCINDIA.NS,HOLD,322.0,weak_trend,60.92,-1.78,323.94,328.74,275.43,8.7,2.7,,,308.94,339.41,1.33,NORMAL,40,0,3
AWL.NS,SELL,183.61,downtrend,46.33,-2.57,186.87,193.61,219.88,5.16,2.81,,,193.93,157.82,2.5,NORMAL,71,0,3
CENTRALBK.NS,SELL,32.53,downtrend,59.98,0.1,31.83,33.15,35.62,1.0,3.09,,,34.54,27.51,2.5,NORMAL,65,1,2
KPITTECH.NS,SELL,671.55,downtrend,29.64,-10.29,746.47,746.07,968.52,23.72,3.53,,,718.99,552.94,2.5,NORMAL,80,1,2
CDSL.NS,SELL,1305.5,downtrend,68.87,23.64,1275.53,1257.86,1393.01,33.76,2.59,,,1373.03,1136.68,2.5,NORMAL,60,1,2
DELHIVERY.NS,HOLD,472.05,weak_trend,65.78,5.29,453.02,458.74,439.32,13.93,2.95,,,451.15,499.91,1.33,NORMAL,40,2,1
ASTERDM.NS,SELL,784.45,downtrend,41.36,7.74,778.25,750.45,666.21,27.28,3.48,,,839.01,648.04,2.5,NORMAL,74,1,2
EXIDEIND.NS,HOLD,387.6,weak_trend,51.02,4.83,389.79,371.45,360.55,9.79,2.53,,,372.92,407.18,1.33,NORMAL,40,1,2
GODIGIT.NS,SELL,322.75,downtrend,68.14,2.81,306.06,308.97,332.91,10.55,3.27,,,343.86,269.98,2.5,NORMAL,60,1,2
HONAUT.NS,HOLD,39735.0,weak_trend,74.15,1630.48,36889.75,33910.2,33536.5,986.07,2.48,,,38255.89,41707.14,1.33,NORMAL,40,1,2
AJANTPHARM.NS,HOLD,3422.7,weak_trend,74.49,78.49,3117.07,3046.06,2775.03,102.82,3.0,,,3268.47,3628.34,1.33,NORMAL,40,1,2
METROBRAND.NS,SELL,1004.8,downtrend,52.0,-1.06,1018.35,1034.67,1088.42,25.64,2.55,,,1056.07,876.62,2.5,NORMAL,69,2,1
AIAENG.NS,HOLD,5081.4,weak_trend,78.32,200.71,4628.15,4267.06,3792.48,164.34,3.23,,,4834.89,5410.09,1.33,NORMAL,40,2,1
COHANCE.NS,SELL,456.15,downtrend,60.83,7.36,433.51,438.32,518.85,19.39,4.25,,,494.92,359.22,2.5,ELEVATED,64,1,2
LICHSGFIN.NS,BUY,564.0,uptrend,66.15,2.33,549.46,552.59,543.33,11.9,2.11,552.72,575.28,540.19,623.52,2.5,NORMAL,78,3,0
GILLETTE.NS,SELL,7679.5,downtrend,48.43,-38.18,7734.7,7856.79,8272.32,151.93,1.98,,,7983.36,6919.86,2.5,LOW,70,1,2
GLAND.NS,HOLD,2495.0,weak_trend,71.17,66.25,2269.85,2108.84,1876.99,83.02,3.33,,,2370.47,2661.04,1.33,NORMAL,40,2,1
APOLLOTYRE.NS,HOLD,430.2,weak_trend,73.02,8.14,411.09,405.32,462.83,12.03,2.8,,,412.16,454.25,1.33,NORMAL,40,0,3
NIACL.NS,HOLD,178.01,weak_trend,63.57,7.55,169.68,165.37,163.32,10.76,6.04,,,161.87,199.53,1.33,ELEVATED,40,2,1
NBCC.NS,HOLD,104.93,weak_trend,53.65,2.08,106.65,99.91,103.02,3.37,3.21,,,99.87,111.67,1.33,NORMAL,40,0,3
ITI.NS,HOLD,297.7,weak_trend,54.24,1.66,301.93,298.39,298.99,8.44,2.83,,,285.05,314.57,1.33,NORMAL,40,0,3
HINDCOPPER.NS,HOLD,501.1,weak_trend,43.73,-12.03,510.81,538.24,468.18,12.99,2.59,,,481.62,527.08,1.33,NORMAL,40,0,3
GRSE.NS,HOLD,2726.2,weak_trend,58.86,14.19,2704.47,2758.99,2567.73,84.14,3.09,,,2600.0,2894.47,1.33,NORMAL,40,1,2
MSUMI.NS,SELL,40.12,downtrend,63.56,0.27,38.31,39.43,43.28,1.24,3.1,,,42.61,33.9,2.5,NORMAL,63,1,2
GUJGASLTD.NS,SELL,327.05,downtrend,25.57,-11.5,378.2,380.16,395.32,12.01,3.67,,,351.06,267.01,2.5,NORMAL,82,1,2
IGL.NS,HOLD,164.78,weak_trend,54.62,1.5,166.26,163.88,179.17,4.01,2.43,,,158.77,172.8,1.33,NORMAL,40,0,3
SONACOMS.NS,HOLD,619.9,weak_trend,80.81,8.4,604.44,595.28,512.68,12.91,2.08,,,600.54,645.72,1.33,NORMAL,40,2,1
AEGISVOPAK.NS,HOLD,234.69,weak_trend,76.03,9.78,218.01,207.17,228.62,11.76,5.01,,,217.05,258.21,1.33,ELEVATED,40,1,2
KIMS.NS,HOLD,814.6,weak_trend,71.57,15.62,787.41,749.88,693.88,21.54,2.64,,,782.29,857.68,1.33,NORMAL,40,2,1
TATATECH.NS,HOLD,684.1,weak_trend,32.9,12.5,743.34,673.83,642.13,21.49,3.14,,,651.87,727.08,1.33,NORMAL,40,0,3
IKS.NS,SELL,1679.4,downtrend,49.09,17.46,1678.32,1638.33,1580.67,41.59,2.48,,,1762.59,1471.44,2.5,NORMAL,70,1,2
STARHEALTH.NS,HOLD,588.95,weak_trend,80.29,17.8,549.21,531.16,483.15,18.38,3.12,,,561.39,625.7,1.33,NORMAL,40,1,2
JBCHEPHARM.NS,BUY,2295.9,uptrend,66.14,33.5,2209.24,2149.14,1914.16,51.38,2.24,2249.98,2341.82,2193.14,2552.79,2.5,NORMAL,78,3,0
TVSHLTD.NS,SELL,13678.0,downtrend,52.44,-56.01,13445.6,13776.44,14079.72,299.71,2.19,,,14277.43,12179.43,2.5,NORMAL,68,1,2
IRB.NS,HOLD,21.42,weak_trend,65.2,0.06,21.15,21.31,21.15,0.45,2.09,,,20.75,22.32,1.33,NORMAL,40,2,1
SUMICHEM.NS,SELL,420.85,downtrend,34.48,-10.09,453.2,459.57,457.42,14.41,3.42,,,449.67,348.8,2.5,NORMAL,77,0,3
AFFLE.NS,SELL,1419.5,downtrend,35.44,-9.09,1466.8,1465.59,1632.0,46.44,3.27,,,1512.39,1187.29,2.5,NORMAL,77,0,3
AEGISLOG.NS,HOLD,1173.95,weak_trend,96.46,107.59,965.27,812.89,745.29,58.64,4.99,,,1086.0,1291.22,1.33,ELEVATED,40,1,2
NAVINFLUOR.NS,HOLD,7687.0,weak_trend,74.42,170.98,7310.2,7082.73,6095.62,195.81,2.55,,,7393.29,8078.62,1.33,NORMAL,40,1,2
SYNGENE.NS,SELL,439.5,downtrend,39.45,-3.4,442.39,450.12,532.4,10.61,2.41,,,460.72,386.45,2.5,NORMAL,75,0,3
BANDHANBNK.NS,HOLD,204.18,weak_trend,53.88,1.52,206.4,200.46,168.97,7.6,3.72,,,192.78,219.38,1.33,NORMAL,40,1,2
EMCURE.NS,HOLD,1836.0,weak_trend,64.21,41.49,1770.33,1719.83,1511.43,56.49,3.08,,,1751.26,1948.99,1.33,NORMAL,40,2,1
LALPATHLAB.NS,HOLD,1646.2,weak_trend,64.72,26.11,1612.03,1574.43,1493.75,58.91,3.58,,,1557.83,1764.03,1.33,NORMAL,40,2,1
AMBER.NS,HOLD,7530.0,weak_trend,47.4,-17.36,7685.3,7813.41,7372.67,260.86,3.46,,,7138.71,8051.71,1.33,NORMAL,40,0,3
PPLPHARMA.NS,SELL,168.09,downtrend,55.24,-0.23,165.51,168.81,172.18,5.7,3.39,,,179.49,139.58,2.5,NORMAL,67,1,2
ZFCVINDIA.NS,BUY,2566.0,uptrend,62.47,54.86,2514.36,2476.96,2368.61,126.77,4.94,2514.68,2617.32,2312.45,3199.87,2.5,ELEVATED,76,3,0
NUVAMA.NS,HOLD,1806.4,weak_trend,88.45,74.2,1659.65,1534.77,1388.92,55.43,3.07,,,1723.26,1917.26,1.33,NORMAL,40,2,1
MRPL.NS,SELL,149.05,downtrend,34.6,-1.62,156.83,158.1,160.14,5.51,3.69,,,160.06,121.52,2.5,NORMAL,77,0,3
RAMCOCEM.NS,HOLD,929.95,weak_trend,72.33,3.98,884.85,910.62,1008.28,26.19,2.82,,,890.66,982.34,1.33,NORMAL,40,1,2
SHYAMMETL.NS,HOLD,950.0,weak_trend,39.42,5.15,969.82,926.39,869.21,23.09,2.43,,,915.36,996.19,1.33,NORMAL,40,0,3
FSL.NS,SELL,228.45,downtrend,20.78,-3.85,247.42,244.54,286.01,7.22,3.16,,,242.89,192.34,2.5,NORMAL,84,1,2
EMAMILTD.NS,SELL,404.3,downtrend,56.46,-2.16,397.19,418.8,478.58,10.57,2.62,,,425.45,351.42,2.5,NORMAL,66,1,2
DEEPAKNTR.NS,SELL,1546.4,downtrend,34.75,-30.12,1644.06,1713.54,1650.44,49.85,3.22,,,1646.1,1297.15,2.5,NORMAL,77,0,3
INOXWIND.NS,SELL,90.12,downtrend,65.78,-0.57,88.05,94.22,113.41,2.98,3.31,,,96.08,75.22,2.5,NORMAL,62,1,2
EIHOTEL.NS,HOLD,320.3,weak_trend,71.81,4.32,308.76,315.95,344.26,8.79,2.74,,,307.12,337.87,1.33,NORMAL,40,0,3
WOCKPHARMA.NS,HOLD,1941.4,weak_trend,64.21,58.83,1960.35,1746.55,1462.18,76.01,3.92,,,1827.38,2093.43,1.33,NORMAL,40,0,3
PTCIL.NS,HOLD,17149.0,weak_trend,33.07,3.51,18025.9,17141.5,17133.43,582.29,3.4,,,16275.57,18313.57,1.33,NORMAL,40,0,3
PFIZER.NS,SELL,4439.4,downtrend,38.68,-51.33,4495.26,4630.53,4888.28,82.86,1.87,,,4605.13,4025.08,2.5,LOW,75,0,3
ANANDRATHI.NS,HOLD,1976.7,weak_trend,89.05,50.84,1821.99,1801.52,1593.15,56.39,2.85,,,1892.11,2089.49,1.33,NORMAL,40,1,2
KIOCL.NS,HOLD,389.35,weak_trend,35.93,0.21,398.49,399.49,386.2,12.95,3.33,,,369.93,415.25,1.33,NORMAL,40,0,3
MANAPPURAM.NS,HOLD,324.2,weak_trend,60.04,3.47,312.69,309.89,290.31,10.8,3.33,,,307.99,345.81,1.33,NORMAL,40,2,1
PNBHOUSING.NS,BUY,1038.4,uptrend,64.1,5.32,1005.0,1032.48,914.13,27.45,2.64,1017.63,1059.17,983.5,1175.65,2.5,NORMAL,77,3,0
BRIGADE.NS,HOLD,500.65,weak_trend,53.92,0.19,514.59,532.29,605.11,21.49,4.29,,,468.41,543.64,1.33,ELEVATED,40,0,3
ABSLAMC.NS,HOLD,1154.7,weak_trend,60.98,35.57,1114.19,1069.15,892.79,53.65,4.65,,,1074.22,1262.0,1.33,ELEVATED,40,2,1
TIMKEN.NS,HOLD,3485.7,weak_trend,45.53,9.56,3600.49,3573.72,3239.28,113.8,3.26,,,3315.0,3713.3,1.33,NORMAL,40,0,3
HSCL.NS,SELL,679.2,downtrend,45.8,16.73,670.9,625.16,503.04,27.4,4.03,,,733.99,542.22,2.5,ELEVATED,72,1,2
FORCEMOT.NS,SELL,18580.0,downtrend,63.23,-258.31,18112.45,19213.88,19437.65,610.14,3.28,,,19800.29,15529.29,2.5,NORMAL,63,2,1
WELCORP.NS,HOLD,1521.9,weak_trend,78.74,45.53,1408.76,1337.81,963.96,37.78,2.48,,,1465.23,1597.46,1.33,NORMAL,40,1,2
ANGELONE.NS,HOLD,330.65,weak_trend,50.55,2.51,339.23,328.92,267.31,10.06,3.04,,,315.55,350.78,1.33,NORMAL,40,0,3
TATACHEM.NS,SELL,715.95,downtrend,47.92,-0.62,727.14,741.91,763.27,19.62,2.74,,,755.19,617.86,2.5,NORMAL,71,0,3
ASAHIINDIA.NS,SELL,850.2,downtrend,43.41,-2.45,875.87,860.67,912.97,29.32,3.45,,,908.84,703.61,2.5,NORMAL,73,0,3
ASTRAZEN.NS,SELL,8226.5,downtrend,42.12,-56.9,8427.3,8468.74,8740.45,214.0,2.6,,,8654.5,7156.5,2.5,NORMAL,73,0,3
ERIS.NS,SELL,1433.5,downtrend,62.32,20.44,1408.88,1377.76,1464.78,39.83,2.78,,,1513.16,1234.36,2.5,NORMAL,63,1,2
CESC.NS,HOLD,168.81,weak_trend,51.06,-2.65,171.11,178.55,166.48,4.04,2.39,,,162.75,176.89,1.33,NORMAL,40,1,2
HBLENGINE.NS,SELL,812.25,downtrend,69.37,8.25,796.47,798.31,814.83,24.29,2.99,,,860.83,690.8,2.5,NORMAL,60,2,1
SUNTV.NS,SELL,515.55,downtrend,51.53,-4.53,515.37,540.52,559.87,11.6,2.25,,,538.76,457.53,2.5,NORMAL,69,1,2
KARURVYSYA.NS,HOLD,296.1,weak_trend,73.35,1.65,289.36,292.3,270.99,7.81,2.64,,,284.38,311.73,1.33,NORMAL,40,1,2
SAGILITY.NS,HOLD,39.4,weak_trend,43.25,-0.37,39.88,41.13,45.39,0.96,2.43,,,37.97,41.31,1.33,NORMAL,40,0,3
JYOTICNC.NS,HOLD,775.1,weak_trend,79.4,26.93,694.61,703.78,836.85,30.63,3.95,,,729.15,836.36,1.33,NORMAL,40,0,3
KEC.NS,SELL,521.5,downtrend,61.3,2.27,514.94,530.46,656.65,17.57,3.37,,,556.64,433.64,2.5,NORMAL,64,2,1
AADHARHFC.NS,HOLD,515.6,weak_trend,66.81,10.83,487.85,485.81,487.09,17.46,3.39,,,489.41,550.52,1.33,NORMAL,40,2,1
IIFL.NS,SELL,507.8,downtrend,49.91,9.23,513.93,480.6,508.3,19.25,3.79,,,546.3,411.55,2.5,NORMAL,70,0,3
REDINGTON.NS,HOLD,276.18,weak_trend,79.83,14.32,257.38,235.5,255.67,10.45,3.78,,,260.51,297.08,1.33,NORMAL,40,1,2
HATSUN.NS,SELL,919.25,downtrend,52.01,-1.07,911.65,931.79,940.25,16.06,1.75,,,951.37,838.95,2.5,LOW,68,2,1
CREDITACC.NS,HOLD,1489.5,weak_trend,75.76,41.1,1357.47,1338.8,1311.05,47.41,3.18,,,1418.39,1584.31,1.33,NORMAL,40,2,1
JSWHL.NS,SELL,12071.0,downtrend,47.36,-141.93,12373.4,12563.86,16129.77,304.57,2.52,,,12680.14,10548.14,2.5,NORMAL,71,0,3
PSB.NS,HOLD,24.24,weak_trend,56.19,0.14,24.27,24.38,26.86,0.71,2.91,,,23.18,25.65,1.33,NORMAL,40,0,3
ONESOURCE.NS,HOLD,1647.8,weak_trend,41.29,-43.07,1666.64,1739.88,1639.57,62.15,3.77,,,1554.58,1772.1,1.33,NORMAL,40,0,3
KPIL.NS,HOLD,1370.1,weak_trend,58.8,32.24,1337.22,1293.25,1211.6,52.44,3.83,,,1291.45,1474.97,1.33,NORMAL,40,2,1
ATHERENERG.NS,BUY,1140.55,uptrend,66.29,28.6,1015.63,962.86,754.17,41.95,3.68,1117.74,1163.36,1056.66,1350.28,2.5,NORMAL,78,3,0
SUNDRMFAST.NS,HOLD,934.15,weak_trend,94.21,21.64,863.3,851.36,903.66,23.83,2.55,,,898.41,981.81,1.33,NORMAL,40,2,1
ABREL.NS,SELL,1323.6,downtrend,67.92,11.06,1272.84,1329.92,1486.91,46.46,3.51,,,1416.53,1091.28,2.5,NORMAL,61,1,2
OLAELEC.NS,SELL,43.76,downtrend,36.8,0.74,43.69,39.58,39.1,2.28,5.21,,,48.32,32.36,2.5,ELEVATED,76,2,1
CHALET.NS,SELL,814.9,downtrend,64.78,11.58,779.58,781.7,851.2,25.12,3.08,,,865.14,689.29,2.5,NORMAL,62,1,2
CHAMBLFERT.NS,HOLD,467.95,weak_trend,43.92,3.63,472.48,460.11,461.27,11.64,2.49,,,450.49,491.23,1.33,NORMAL,40,0,3
ANANTRAJ.NS,HOLD,521.25,weak_trend,50.92,0.08,533.72,518.89,551.35,13.39,2.57,,,501.17,548.03,1.33,NORMAL,40,0,3
ECLERX.NS,SELL,1324.9,downtrend,45.36,-32.28,1399.64,1472.33,1895.92,46.61,3.52,,,1418.13,1091.83,2.5,NORMAL,72,1,2
CASTROLIND.NS,HOLD,184.43,weak_trend,57.47,0.6,184.47,183.96,184.78,2.32,1.26,,,180.95,189.07,1.33,LOW,40,0,3
SCHNEIDER.NS,HOLD,1360.2,weak_trend,68.55,48.03,1245.78,1260.34,922.75,76.56,5.63,,,1245.35,1513.33,1.33,ELEVATED,40,2,1
POLYMED.NS,HOLD,1687.4,weak_trend,77.33,56.44,1521.01,1514.48,1641.77,64.56,3.83,,,1590.56,1816.51,1.33,NORMAL,40,1,2
DCMSHRIRAM.NS,HOLD,1005.8,weak_trend,42.3,-18.24,1032.87,1110.73,1157.38,29.14,2.9,,,962.1,1064.07,1.33,NORMAL,40,0,3
BASF.NS,SELL,3603.8,downtrend,64.72,34.08,3473.28,3592.47,3880.53,122.16,3.39,,,3848.13,2992.98,2.5,NORMAL,62,1,2
KANSAINER.NS,SELL,204.06,downtrend,33.76,-0.54,210.22,209.13,218.03,5.4,2.65,,,214.87,177.05,2.5,NORMAL,78,0,3
DEVYANI.NS,HOLD,111.37,weak_trend,54.29,-0.35,112.76,115.15,132.03,3.98,3.58,,,105.4,119.34,1.33,NORMAL,40,0,3
NEULANDLAB.NS,HOLD,18579.0,weak_trend,70.75,449.81,17311.3,16657.42,15275.65,565.93,3.05,,,17730.11,19710.86,1.33,NORMAL,40,2,1
CROMPTON.NS,HOLD,274.75,weak_trend,65.28,0.05,268.49,275.79,267.23,7.39,2.69,,,263.67,289.53,1.33,NORMAL,40,2,1
EIDPARRY.NS,HOLD,713.95,weak_trend,45.28,-17.0,723.3,775.49,916.82,18.36,2.57,,,686.41,750.67,1.33,NORMAL,40,0,3
CAMS.NS,BUY,796.85,uptrend,62.29,9.95,780.04,778.05,744.41,22.0,2.76,780.91,812.79,752.85,906.85,2.5,NORMAL,76,3,0
KFINTECH.NS,SELL,879.8,downtrend,58.76,6.12,864.01,875.96,995.42,24.32,2.76,,,928.45,758.18,2.5,NORMAL,65,1,2
RPOWER.NS,SELL,24.84,downtrend,36.03,-0.66,26.33,27.35,32.75,0.86,3.46,,,26.56,20.54,2.5,NORMAL,76,1,2
BIKAJI.NS,SELL,650.75,downtrend,37.94,-3.06,657.14,662.16,687.0,15.82,2.43,,,682.39,571.66,2.5,NORMAL,76,0,3
KAJARIACER.NS,HOLD,1210.4,weak_trend,84.69,31.47,1135.14,1123.08,1075.0,32.75,2.71,,,1161.28,1275.9,1.33,NORMAL,40,2,1
ATUL.NS,HOLD,6464.5,weak_trend,40.13,-55.33,6582.23,6777.46,6303.76,139.46,2.16,,,6255.3,6743.43,1.33,NORMAL,40,1,2
SARDAEN.NS,SELL,496.3,downtrend,26.4,-9.45,522.96,549.33,531.81,14.21,2.86,,,524.72,425.25,2.5,NORMAL,81,0,3
APLLTD.NS,HOLD,822.75,weak_trend,84.21,12.38,753.94,758.41,812.98,21.57,2.62,,,790.4,865.89,1.33,NORMAL,40,2,1
DEEPAKFERT.NS,HOLD,1558.1,weak_trend,58.75,51.48,1524.05,1403.69,1278.38,48.02,3.08,,,1486.07,1654.14,1.33,NORMAL,40,1,2
FIRSTCRY.NS,SELL,223.29,downtrend,58.68,-1.25,219.65,228.48,277.51,6.23,2.79,,,235.76,192.12,2.5,NORMAL,65,1,2
JSWCEMENT.NS,HOLD,134.92,weak_trend,68.43,1.8,129.63,127.36,125.85,3.29,2.44,,,129.98,141.5,1.33,NORMAL,40,2,1
SAILIFE.NS,HOLD,1234.3,weak_trend,62.95,26.81,1204.77,1141.35,968.15,34.31,2.78,,,1182.83,1302.93,1.33,NORMAL,40,1,2
CGCL.NS,HOLD,227.66,weak_trend,78.66,7.22,212.02,198.58,186.23,6.9,3.03,,,217.32,241.45,1.33,NORMAL,40,2,1
ARE&M.NS,HOLD,841.95,weak_trend,59.43,-2.48,838.39,856.14,887.56,21.41,2.54,,,809.83,884.78,1.33,NORMAL,40,1,2
GRINDWELL.NS,HOLD,2166.1,weak_trend,74.84,92.09,2043.37,1875.66,1654.91,76.13,3.51,,,2051.91,2318.36,1.33,NORMAL,40,1,2
VINATIORGA.NS,SELL,1336.1,downtrend,55.36,7.64,1328.45,1329.17,1498.65,34.58,2.59,,,1405.26,1163.21,2.5,NORMAL,67,1,2
SKFINDIA.NS,SELL,1672.5,downtrend,69.05,2.55,1626.85,1670.78,2153.6,41.93,2.51,,,1756.36,1462.86,2.5,NORMAL,60,2,1
MAHSCOOTER.NS,SELL,12501.0,downtrend,59.24,22.98,12397.83,12387.73,13917.67,282.78,2.26,,,13066.57,11087.08,2.5,NORMAL,65,1,2
JUBLPHARMA.NS,HOLD,970.9,weak_trend,51.81,-2.05,970.02,973.13,1002.43,25.57,2.63,,,932.55,1022.04,1.33,NORMAL,40,1,2
ZENSARTECH.NS,SELL,425.3,downtrend,32.63,-16.51,461.3,492.62,637.53,14.7,3.46,,,454.69,351.82,2.5,NORMAL,78,0,3
FIVESTAR.NS,HOLD,505.1,weak_trend,72.5,13.98,466.37,468.73,497.18,22.15,4.39,,,471.87,549.41,1.33,ELEVATED,40,1,2
TRITURBINE.NS,HOLD,689.75,weak_trend,58.4,11.62,677.28,642.96,541.98,30.78,4.46,,,643.59,751.3,1.33,ELEVATED,40,1,2
CARBORUNIV.NS,HOLD,1178.2,weak_trend,65.36,45.54,1103.02,1047.62,907.17,62.39,5.3,,,1084.62,1302.97,1.33,ELEVATED,40,2,1
RBLBANK.NS,HOLD,369.05,weak_trend,59.97,7.72,365.13,346.14,314.99,9.13,2.47,,,355.36,387.31,1.33,NORMAL,40,1,2
RATNAMANI.NS,HOLD,2510.0,weak_trend,45.4,10.35,2613.63,2630.12,2401.34,95.07,3.79,,,2367.39,2700.14,1.33,NORMAL,40,1,2
PGEL.NS,HOLD,533.4,weak_trend,71.5,14.67,517.21,511.08,548.88,17.94,3.36,,,506.49,569.28,1.33,NORMAL,40,0,3
VENTIVE.NS,HOLD,627.65,weak_trend,53.54,0.52,638.41,636.41,694.16,20.21,3.22,,,597.33,668.08,1.33,NORMAL,40,0,3
NAVA.NS,HOLD,606.45,weak_trend,54.54,-3.48,601.02,634.38,597.55,19.6,3.23,,,577.05,645.65,1.33,NORMAL,40,2,1
CUB.NS,HOLD,208.6,weak_trend,67.83,3.14,196.29,195.08,193.61,7.11,3.41,,,197.93,222.82,1.33,NORMAL,40,2,1
CENTURYPLY.NS,HOLD,748.95,weak_trend,49.67,-3.55,751.53,768.97,768.71,24.34,3.25,,,712.45,797.62,1.33,NORMAL,40,0,3
BEML.NS,SELL,1760.4,downtrend,48.44,-9.8,1756.33,1798.83,1828.42,50.11,2.85,,,1860.61,1509.86,2.5,NORMAL,70,1,2
MANYAVAR.NS,SELL,408.3,downtrend,53.31,-1.52,407.36,424.21,519.7,11.59,2.84,,,431.49,350.34,2.5,NORMAL,68,1,2
ABLBL.NS,SELL,96.22,downtrend,44.38,-1.18,98.5,102.08,116.14,3.22,3.35,,,102.66,80.11,2.5,NORMAL,72,0,3
NETWEB.NS,HOLD,4538.2,weak_trend,55.78,145.21,4730.6,4332.1,3625.84,249.61,5.5,,,4163.79,5037.41,1.33,ELEVATED,40,0,3
TBOTEK.NS,HOLD,1429.7,weak_trend,74.26,61.15,1353.98,1277.97,1427.27,61.9,4.33,,,1336.85,1553.5,1.33,ELEVATED,40,1,2
CONCORDBIO.NS,HOLD,1280.2,weak_trend,51.31,33.14,1292.23,1190.12,1301.19,47.98,3.75,,,1208.23,1376.16,1.33,NORMAL,40,0,3
TRAVELFOOD.NS,HOLD,1323.4,weak_trend,71.86,32.27,1288.94,1240.22,1242.94,48.09,3.63,,,1251.27,1419.57,1.33,NORMAL,40,1,2
CPPLUS.NS,HOLD,3647.0,weak_trend,61.95,219.84,3500.12,2899.01,1881.55,143.24,3.93,,,3432.14,3933.49,1.33,NORMAL,40,1,2
UTIAMC.NS,SELL,935.1,downtrend,51.87,-3.29,934.17,950.7,1085.53,20.49,2.19,,,976.08,832.65,2.5,NORMAL,69,2,1
SOBHA.NS,SELL,1378.5,downtrend,64.74,7.45,1371.17,1394.91,1447.86,39.58,2.87,,,1457.66,1180.61,2.5,NORMAL,62,2,1
LMW.NS,HOLD,15720.0,weak_trend,53.11,234.78,15993.65,15287.68,14927.78,416.36,2.65,,,15095.46,16552.71,1.33,NORMAL,40,0,3
ACMESOLAR.NS,HOLD,380.55,weak_trend,76.09,15.69,348.12,317.42,267.38,14.01,3.68,,,359.53,408.58,1.33,NORMAL,40,1,2
IRCON.NS,SELL,131.07,downtrend,46.37,-2.0,135.59,142.68,153.27,3.33,2.54,,,137.73,114.41,2.5,NORMAL,71,0,3
GABRIEL.NS,HOLD,1239.3,weak_trend,76.26,50.52,1129.51,1097.49,1061.94,52.61,4.25,,,1160.38,1344.53,1.33,ELEVATED,40,1,2
GMDCLTD.NS,SELL,583.95,downtrend,40.7,-18.58,613.58,654.68,591.31,15.09,2.58,,,614.13,508.5,2.5,NORMAL,74,0,3
CRAFTSMAN.NS,HOLD,9460.0,weak_trend,61.88,211.65,9255.42,8693.55,7532.6,291.86,3.09,,,9022.21,10043.71,1.33,NORMAL,40,1,2
ELGIEQUIP.NS,HOLD,598.1,weak_trend,46.13,10.27,605.19,573.81,507.61,17.41,2.91,,,571.98,632.92,1.33,NORMAL,40,0,3
NATCOPHARM.NS,HOLD,931.3,weak_trend,71.54,-35.37,887.19,1032.88,927.37,27.71,2.98,,,889.73,986.73,1.33,NORMAL,40,1,2
CHOICEIN.NS,HOLD,753.2,weak_trend,86.28,17.13,696.61,686.01,746.42,19.54,2.59,,,723.89,792.29,1.33,NORMAL,40,1,2
VGUARD.NS,HOLD,300.0,weak_trend,48.14,-1.78,304.55,315.54,333.04,6.77,2.26,,,289.85,313.54,1.33,NORMAL,40,1,2
APTUS.NS,HOLD,278.85,weak_trend,74.04,2.82,265.33,263.8,269.06,8.4,3.01,,,266.25,295.65,1.33,NORMAL,40,2,1
SIGNATURE.NS,SELL,739.1,downtrend,23.47,-19.06,788.6,826.04,959.1,28.22,3.82,,,795.55,597.98,2.5,NORMAL,83,0,3
CIEINDIA.NS,HOLD,457.8,weak_trend,63.27,2.32,457.19,461.98,434.29,13.42,2.93,,,437.67,484.64,1.33,NORMAL,40,2,1
TECHNOE.NS,SELL,1054.0,downtrend,62.78,-16.72,1054.05,1159.88,1166.24,32.01,3.04,,,1118.03,893.93,2.5,NORMAL,63,1,2
WHIRLPOOL.NS,SELL,812.55,downtrend,62.03,-10.61,795.76,861.51,978.28,20.69,2.55,,,853.93,709.1,2.5,NORMAL,63,2,1
JMFINANCIL.NS,SELL,122.31,downtrend,61.78,-0.53,122.44,128.94,138.98,3.87,3.16,,,130.04,102.98,2.5,NORMAL,64,1,2
GPIL.NS,SELL,255.65,downtrend,30.66,-6.39,274.64,285.96,265.29,6.92,2.71,,,269.49,221.06,2.5,NORMAL,79,0,3
AFCONS.NS,SELL,312.25,downtrend,34.3,-1.8,319.21,323.46,362.08,8.26,2.65,,,328.78,270.93,2.5,NORMAL,77,0,3
ABDL.NS,HOLD,667.9,weak_trend,81.28,25.0,611.08,571.81,545.32,22.54,3.38,,,634.08,712.99,1.33,NORMAL,40,1,2
CAPLIPOINT.NS,HOLD,2626.0,weak_trend,78.04,153.72,2330.3,2060.57,1918.92,102.56,3.91,,,2472.16,2831.11,1.33,NORMAL,40,2,1
DATAPATTNS.NS,HOLD,4501.8,weak_trend,55.02,133.75,4490.04,4215.57,3194.5,203.66,4.52,,,4196.31,4909.11,1.33,ELEVATED,40,1,2
IGIL.NS,HOLD,355.15,weak_trend,46.17,-0.7,360.2,356.09,337.73,10.5,2.96,,,339.41,376.14,1.33,NORMAL,40,1,2
DOMS.NS,SELL,2309.6,downtrend,69.17,12.49,2232.65,2261.57,2410.41,80.91,3.5,,,2471.43,1905.03,2.5,NORMAL,60,1,2
LTFOODS.NS,HOLD,367.0,weak_trend,49.27,-5.29,380.16,400.33,400.77,10.55,2.87,,,351.17,388.1,1.33,NORMAL,40,0,3
KIRLOSBROS.NS,HOLD,2053.4,weak_trend,74.56,98.31,1845.67,1739.44,1707.52,95.01,4.63,,,1910.88,2243.43,1.33,ELEVATED,40,1,2
AGARWALEYE.NS,HOLD,478.95,weak_trend,70.58,5.87,460.25,460.07,472.15,12.69,2.65,,,459.91,504.34,1.33,NORMAL,40,1,2
JBMA.NS,HOLD,697.75,weak_trend,59.45,13.92,688.96,657.71,620.71,22.41,3.21,,,664.14,742.56,1.33,NORMAL,40,1,2
RRKABEL.NS,HOLD,2395.2,weak_trend,72.16,133.48,2279.88,2008.36,1538.85,93.48,3.9,,,2254.98,2582.16,1.33,NORMAL,40,2,1
GALLANTT.NS,HOLD,692.05,weak_trend,64.01,0.48,680.27,743.07,631.31,28.02,4.05,,,650.02,748.09,1.33,ELEVATED,40,2,1
IFCI.NS,HOLD,74.88,weak_trend,53.39,2.34,80.35,69.75,58.83,5.44,7.26,,,66.72,85.76,1.33,ELEVATED,40,0,3
NIVABUPA.NS,HOLD,84.57,weak_trend,52.11,0.86,84.45,82.48,77.81,2.27,2.68,,,81.17,89.11,1.33,NORMAL,40,1,2
INDIAMART.NS,SELL,1906.4,downtrend,44.1,-6.67,1975.85,1984.84,2147.36,50.17,2.63,,,2006.74,1655.55,2.5,NORMAL,72,0,3
GESHIP.NS,HOLD,1483.1,weak_trend,73.97,-0.61,1447.97,1504.01,1249.76,52.24,3.52,,,1404.75,1587.57,1.33,NORMAL,40,1,2
PARADEEP.NS,HOLD,136.03,weak_trend,71.64,2.84,131.05,128.79,143.05,3.9,2.87,,,130.18,143.83,1.33,NORMAL,40,0,3
CEATLTD.NS,HOLD,3482.6,weak_trend,72.5,50.74,3353.64,3341.91,3628.19,92.34,2.65,,,3344.09,3667.29,1.33,NORMAL,40,0,3
TRIDENT.NS,HOLD,26.12,weak_trend,69.86,0.48,25.13,25.0,25.99,0.71,2.71,,,25.06,27.53,1.33,NORMAL,40,2,1
RAINBOW.NS,HOLD,1414.2,weak_trend,67.83,25.55,1398.84,1345.28,1301.03,37.52,2.65,,,1357.92,1489.24,1.33,NORMAL,40,2,1
INTELLECT.NS,SELL,717.25,downtrend,38.43,2.72,744.88,732.75,860.67,20.72,2.89,,,758.69,613.66,2.5,NORMAL,75,0,3
SYRMA.NS,HOLD,1396.3,weak_trend,74.63,83.1,1309.44,1143.72,882.7,54.25,3.89,,,1314.93,1504.8,1.33,NORMAL,40,1,2
FINEORG.NS,HOLD,5295.8,weak_trend,71.63,170.46,4952.11,4789.52,4520.05,181.58,3.43,,,5023.43,5658.96,1.33,NORMAL,40,1,2
NUVOCO.NS,SELL,303.05,downtrend,45.08,-3.55,312.1,314.43,348.53,9.09,3.0,,,321.22,257.62,2.5,NORMAL,72,0,3
BATAINDIA.NS,HOLD,683.95,weak_trend,53.93,4.76,693.56,702.01,881.76,28.46,4.16,,,641.25,740.88,1.33,ELEVATED,40,0,3
SWANCORP.NS,SELL,313.45,downtrend,52.33,-1.57,316.89,324.97,397.2,9.81,3.13,,,333.06,264.41,2.5,NORMAL,68,1,2
KIRLOSENG.NS,HOLD,2364.0,weak_trend,76.61,184.99,2100.59,1866.49,1350.62,128.58,5.44,,,2171.13,2621.16,1.33,ELEVATED,40,1,2
BLS.NS,SELL,250.6,downtrend,45.82,-2.89,261.38,268.27,293.2,6.99,2.79,,,264.57,215.67,2.5,NORMAL,72,0,3
AARTIIND.NS,HOLD,458.3,weak_trend,56.27,-0.61,463.98,475.06,415.02,17.23,3.76,,,432.46,492.75,1.33,NORMAL,40,0,3
THELEELA.NS,HOLD,475.45,weak_trend,76.52,17.5,452.27,432.14,427.27,19.73,4.15,,,445.86,514.9,1.33,ELEVATED,40,1,2
SPLPETRO.NS,HOLD,713.95,weak_trend,60.3,9.98,713.0,720.24,693.95,25.11,3.52,,,676.28,764.17,1.33,NORMAL,40,2,1
BLUEDART.NS,SELL,4864.8,downtrend,62.56,-4.46,4826.18,5045.17,5435.65,117.16,2.41,,,5099.11,4279.01,2.5,NORMAL,63,2,1
ZYDUSWELL.NS,HOLD,575.4,weak_trend,77.98,13.74,517.55,507.22,460.74,20.08,3.49,,,545.28,615.56,1.33,NORMAL,40,2,1
KSB.NS,HOLD,958.75,weak_trend,86.44,30.72,864.12,875.47,796.63,28.06,2.93,,,916.66,1014.87,1.33,NORMAL,40,1,2
PCBL.NS,HOLD,321.15,weak_trend,75.99,8.32,301.91,295.11,309.55,10.65,3.32,,,305.17,342.46,1.33,NORMAL,40,2,1
JWL.NS,SELL,267.8,downtrend,46.97,-3.66,273.87,281.06,295.94,8.15,3.04,,,284.11,227.03,2.5,NORMAL,71,0,3
CEMPRO.NS,HOLD,1298.7,weak_trend,57.36,76.99,1186.75,997.93,785.81,54.52,4.2,,,1216.91,1407.75,1.33,ELEVATED,40,1,2
ZENTEC.NS,HOLD,1773.4,weak_trend,50.93,34.69,1818.15,1704.48,1473.37,81.11,4.57,,,1651.73,1935.63,1.33,ELEVATED,40,0,3
GODREJAGRO.NS,SELL,556.5,downtrend,39.3,-4.49,569.58,578.6,601.19,11.0,1.98,,,578.51,501.48,2.5,LOW,75,0,3
IEX.NS,HOLD,125.13,weak_trend,71.13,0.19,122.9,124.73,129.75,2.49,1.99,,,121.4,130.11,1.33,LOW,40,0,3
BBTC.NS,SELL,1535.2,downtrend,51.91,10.33,1529.34,1524.66,1709.83,35.94,2.34,,,1607.07,1355.52,2.5,NORMAL,69,1,2
CYIENT.NS,SELL,871.95,downtrend,56.83,-3.17,878.59,889.56,1030.09,24.07,2.76,,,920.09,751.61,2.5,NORMAL,66,1,2
INDGN.NS,HOLD,525.4,weak_trend,51.18,3.05,520.34,516.44,512.54,15.67,2.98,,,501.89,556.75,1.33,NORMAL,40,1,2
AAVAS.NS,HOLD,1520.8,weak_trend,88.82,41.05,1392.57,1389.07,1439.67,57.74,3.8,,,1434.19,1636.29,1.33,NORMAL,40,1,2
MINDACORP.NS,HOLD,696.8,weak_trend,71.19,25.52,652.28,587.65,567.94,22.54,3.24,,,662.99,741.89,1.33,NORMAL,40,2,1
BELRISE.NS,HOLD,238.57,weak_trend,61.08,7.0,233.86,222.49,183.87,7.68,3.22,,,227.05,253.93,1.33,NORMAL,40,1,2
CELLO.NS,SELL,370.1,downtrend,44.41,-4.59,380.97,395.24,496.49,9.74,2.63,,,389.59,321.39,2.5,NORMAL,72,0,3
JPPOWER.NS,HOLD,17.67,weak_trend,43.37,-0.31,18.25,18.95,17.47,0.47,2.66,,,16.97,18.61,1.33,NORMAL,40,0,3
TARIL.NS,BUY,351.35,uptrend,68.78,7.84,327.18,321.07,332.36,14.53,4.14,344.32,358.38,322.29,424.01,2.5,ELEVATED,79,3,0
NEWGEN.NS,HOLD,471.55,weak_trend,50.29,0.49,478.93,474.06,664.27,14.23,3.02,,,450.21,500.01,1.33,NORMAL,40,0,3
ANURAS.NS,HOLD,1264.4,weak_trend,49.06,-15.27,1285.81,1324.78,1241.97,37.24,2.94,,,1208.55,1338.87,1.33,NORMAL,40,0,3
GRANULES.NS,BUY,813.25,uptrend,64.06,11.84,774.55,749.0,618.24,26.26,3.23,796.99,829.51,760.72,944.57,2.5,NORMAL,77,3,0
GRAVITA.NS,HOLD,1630.2,weak_trend,58.18,9.96,1651.02,1658.5,1647.52,55.71,3.42,,,1546.63,1741.63,1.33,NORMAL,40,0,3
HOMEFIRST.NS,HOLD,1139.4,weak_trend,59.15,19.5,1110.95,1117.47,1130.98,44.72,3.92,,,1072.32,1228.84,1.33,NORMAL,40,2,1
MGL.NS,BUY,1174.1,uptrend,65.79,25.84,1140.36,1121.32,1141.58,39.36,3.35,1150.62,1197.58,1095.39,1370.89,2.5,NORMAL,77,3,0
USHAMART.NS,HOLD,496.9,weak_trend,58.7,0.43,488.42,477.52,444.4,13.67,2.75,,,476.39,524.24,1.33,NORMAL,40,2,1
LEMONTREE.NS,SELL,116.65,downtrend,67.92,1.45,112.38,114.77,136.5,3.44,2.95,,,123.54,99.43,2.5,NORMAL,61,1,2
TEGA.NS,SELL,1696.8,downtrend,37.24,6.49,1777.34,1696.53,1813.94,59.16,3.49,,,1815.13,1400.98,2.5,NORMAL,76,0,3
VTL.NS,HOLD,636.15,weak_trend,56.17,9.49,632.52,613.69,500.5,22.6,3.55,,,602.26,681.34,1.33,NORMAL,40,1,2
NCC.NS,HOLD,148.21,weak_trend,55.96,-0.02,150.92,155.71,166.37,4.41,2.97,,,141.6,157.02,1.33,NORMAL,40,0,3
FINCABLES.NS,HOLD,1169.4,weak_trend,68.06,34.34,1083.05,1062.18,866.46,50.48,4.32,,,1093.68,1270.36,1.33,ELEVATED,40,2,1
ACE.NS,HOLD,1024.0,weak_trend,85.64,30.5,944.86,915.3,943.98,29.76,2.91,,,979.35,1083.53,1.33,NORMAL,40,1,2
ELECON.NS,HOLD,533.8,weak_trend,55.45,5.11,532.18,520.32,488.12,19.67,3.68,,,504.3,573.13,1.33,NORMAL,40,1,2
EMBDL.NS,SELL,62.12,downtrend,58.24,0.75,60.95,59.83,68.48,2.93,4.72,,,67.99,47.45,2.5,ELEVATED,65,1,2
JINDALSAW.NS,HOLD,261.49,weak_trend,81.49,7.33,250.84,239.93,196.43,9.45,3.62,,,247.31,280.4,1.33,NORMAL,40,1,2
WELSPUNLIV.NS,HOLD,158.84,weak_trend,67.71,6.96,152.17,142.4,131.16,6.06,3.81,,,149.76,170.95,1.33,NORMAL,40,2,1
NSLNISP.NS,HOLD,42.85,weak_trend,25.46,-0.63,46.85,45.09,42.64,1.28,2.99,,,40.93,45.41,1.33,NORMAL,40,0,3
ACUTAAS.NS,HOLD,3526.2,weak_trend,68.22,134.22,3229.47,2948.62,2117.7,132.06,3.75,,,3328.1,3790.33,1.33,NORMAL,40,2,1
RITES.NS,HOLD,204.51,weak_trend,53.34,-0.13,207.18,211.27,224.21,5.09,2.49,,,196.88,214.69,1.33,NORMAL,40,0,3
CCL.NS,HOLD,1181.2,weak_trend,46.22,17.8,1139.46,1120.51,1007.74,34.81,2.95,,,1128.98,1250.83,1.33,NORMAL,40,1,2
FINPIPE.NS,SELL,174.87,downtrend,52.5,0.75,174.5,174.64,180.78,5.42,3.1,,,185.7,147.79,2.5,NORMAL,68,1,2
SAMMAANCAP.NS,HOLD,173.62,weak_trend,49.56,1.98,175.43,161.27,154.46,6.0,3.46,,,164.61,185.63,1.33,NORMAL,40,1,2
INGERRAND.NS,HOLD,4500.8,weak_trend,71.42,103.44,4260.58,4305.5,3839.87,142.34,3.16,,,4287.3,4785.47,1.33,NORMAL,40,1,2
INDIACEM.NS,HOLD,377.05,weak_trend,51.07,-3.45,382.11,394.18,405.14,8.14,2.16,,,364.85,393.32,1.33,NORMAL,40,0,3
BLUEJET.NS,HOLD,525.2,weak_trend,73.88,18.1,495.27,468.83,504.26,21.42,4.08,,,493.07,568.04,1.33,ELEVATED,40,1,2
CARTRADE.NS,HOLD,2693.0,weak_trend,66.22,206.75,2414.62,2025.68,2331.59,125.01,4.64,,,2505.49,2943.01,1.33,ELEVATED,40,2,1
CHENNPETRO.NS,SELL,1156.3,downtrend,45.97,11.08,1154.56,1094.86,938.02,42.32,3.66,,,1240.94,944.69,2.5,NORMAL,72,1,2
TSFINV.NS,HOLD,440.15,weak_trend,75.09,5.56,401.52,404.33,462.7,15.5,3.52,,,416.91,471.14,1.33,NORMAL,40,0,3
SBFC.NS,SELL,90.77,downtrend,47.42,-0.32,91.98,92.89,99.42,2.74,3.02,,,96.26,77.06,2.5,NORMAL,71,0,3
RAILTEL.NS,HOLD,307.95,weak_trend,53.98,-1.5,313.73,321.08,333.41,8.78,2.85,,,294.79,325.5,1.33,NORMAL,40,0,3
CLEAN.NS,HOLD,760.5,weak_trend,52.23,-0.89,779.49,790.82,862.54,25.64,3.37,,,722.04,811.78,1.33,NORMAL,40,0,3
TITAGARH.NS,HOLD,880.7,weak_trend,61.4,22.67,878.58,826.29,807.53,30.77,3.49,,,834.54,942.24,1.33,NORMAL,40,1,2
JYOTHYLAB.NS,HOLD,191.67,weak_trend,41.94,-4.23,197.57,216.98,256.35,4.98,2.6,,,184.2,201.63,1.33,NORMAL,40,1,2
SHRIPISTON.NS,HOLD,4187.4,weak_trend,88.14,172.17,3663.5,3531.99,3058.02,149.37,3.57,,,3963.34,4486.14,1.33,NORMAL,40,2,1
ALIVUS.NS,HOLD,1156.5,weak_trend,81.79,20.35,1063.15,1064.48,962.17,32.21,2.78,,,1108.19,1220.91,1.33,NORMAL,40,2,1
ENGINERSIN.NS,HOLD,240.61,weak_trend,55.6,3.47,242.47,243.36,208.84,9.55,3.97,,,226.28,259.72,1.33,NORMAL,40,0,3
J&KBANK.NS,HOLD,154.74,weak_trend,50.93,4.56,156.92,143.84,116.78,4.53,2.93,,,147.94,163.81,1.33,NORMAL,40,0,3
OLECTRA.NS,HOLD,1499.6,weak_trend,76.37,68.36,1382.13,1300.63,1254.09,59.66,3.98,,,1410.11,1618.91,1.33,NORMAL,40,1,2
GRINFRA.NS,SELL,916.4,downtrend,61.69,8.17,896.4,916.77,1010.4,33.51,3.66,,,983.41,748.86,2.5,NORMAL,64,1,2
JUBLINGREA.NS,SELL,608.2,downtrend,41.52,-14.82,629.48,681.38,664.0,17.68,2.91,,,643.56,519.81,2.5,NORMAL,74,0,3
SANOFI.NS,HOLD,3406.3,weak_trend,73.83,39.56,3267.35,3291.09,3932.98,78.57,2.31,,,3288.44,3563.44,1.33,NORMAL,40,0,3
SANOFICONR.NS,HOLD,4597.0,weak_trend,47.02,11.7,4662.15,4636.71,4515.02,117.74,2.56,,,4420.38,4832.49,1.33,NORMAL,40,1,2
EUREKAFORB.NS,SELL,458.5,downtrend,59.05,-2.47,451.54,475.95,530.0,14.88,3.25,,,488.26,384.09,2.5,NORMAL,65,2,1
WAAREERTL.NS,HOLD,1018.25,weak_trend,67.46,11.13,979.22,991.48,995.02,29.15,2.86,,,974.52,1076.56,1.33,NORMAL,40,2,1
RELAXO.NS,HOLD,405.75,weak_trend,73.99,24.04,360.78,326.09,371.55,17.69,4.36,,,379.22,441.13,1.33,ELEVATED,40,1,2
PRUDENT.NS,HOLD,2994.2,weak_trend,71.2,78.26,2876.12,2812.38,2604.64,110.66,3.7,,,2828.2,3215.53,1.33,NORMAL,40,1,2
VIKRAMSOLR.NS,SELL,179.66,downtrend,21.68,-6.09,202.04,207.43,242.51,9.23,5.14,,,198.13,133.49,2.5,ELEVATED,84,0,3
TTML.NS,HOLD,42.81,weak_trend,51.28,-0.1,43.92,43.41,46.95,1.61,3.77,,,40.39,46.04,1.33,NORMAL,40,0,3
CANFINHOME.NS,HOLD,867.95,weak_trend,58.0,7.22,858.51,859.97,861.12,22.87,2.64,,,833.64,913.7,1.33,NORMAL,40,2,1
BSOFT.NS,SELL,286.3,downtrend,26.28,-9.78,315.49,333.4,376.16,9.88,3.45,,,306.06,236.89,2.5,NORMAL,81,1,2
GRAPHITE.NS,SELL,613.4,downtrend,33.19,-26.0,655.42,703.87,628.28,21.3,3.47,,,656.0,506.9,2.5,NORMAL,78,0,3
JKTYRE.NS,SELL,394.05,downtrend,64.4,2.12,387.65,391.82,438.22,13.37,3.39,,,420.79,327.19,2.5,NORMAL,62,1,2
BLACKBUCK.NS,SELL,530.8,downtrend,58.43,4.35,539.14,546.44,607.51,20.25,3.81,,,571.29,429.57,2.5,NORMAL,65,1,2
ZEEL.NS,HOLD,103.51,weak_trend,50.78,3.89,109.57,97.49,94.78,5.25,5.07,,,95.64,114.01,1.33,ELEVATED,40,0,3
SAFARI.NS,HOLD,1594.0,weak_trend,52.91,18.36,1602.05,1536.08,1911.8,60.61,3.8,,,1503.09,1715.21,1.33,NORMAL,40,1,2
INOXINDIA.NS,HOLD,1958.4,weak_trend,53.85,105.91,1814.75,1612.26,1286.56,112.03,5.72,,,1790.36,2182.46,1.33,ELEVATED,40,1,2
HFCL.NS,HOLD,212.85,weak_trend,78.26,15.02,194.17,161.99,94.34,9.74,4.58,,,198.23,232.34,1.33,ELEVATED,40,1,2
PVRINOX.NS,HOLD,961.65,weak_trend,48.09,-4.49,965.26,996.0,1038.16,23.77,2.47,,,925.99,1009.19,1.33,NORMAL,40,0,3
SCI.NS,HOLD,305.3,weak_trend,63.53,1.97,306.31,310.69,252.79,11.57,3.79,,,287.94,328.44,1.33,NORMAL,40,0,3
JKLAKSHMI.NS,SELL,605.85,downtrend,62.21,-4.52,597.7,623.37,727.52,11.76,1.94,,,629.38,547.03,2.5,LOW,63,2,1
VIJAYA.NS,HOLD,1352.6,weak_trend,62.08,25.85,1316.71,1256.31,1061.11,55.5,4.1,,,1269.35,1463.6,1.33,ELEVATED,40,2,1
PRIVISCL.NS,HOLD,3672.2,weak_trend,77.06,101.57,3414.8,3329.87,2977.35,109.37,2.98,,,3508.14,3890.94,1.33,NORMAL,40,1,2
SONATSOFTW.NS,HOLD,267.65,weak_trend,52.81,3.5,278.08,271.75,311.04,14.42,5.39,,,246.01,296.5,1.33,ELEVATED,40,0,3
AETHER.NS,HOLD,1359.1,weak_trend,83.66,55.98,1204.58,1167.32,974.54,49.0,3.61,,,1285.6,1457.1,1.33,NORMAL,40,1,2
AZAD.NS,HOLD,2055.3,weak_trend,39.59,-14.04,2105.68,2104.11,1738.52,79.74,3.88,,,1935.69,2214.79,1.33,NORMAL,40,0,3
EDELWEISS.NS,HOLD,120.81,weak_trend,68.8,2.66,117.44,116.6,112.65,5.06,4.19,,,113.22,130.92,1.33,ELEVATED,40,2,1
NAZARA.NS,HOLD,303.1,weak_trend,72.54,6.49,289.52,281.79,265.99,8.52,2.81,,,290.32,320.14,1.33,NORMAL,40,2,1
METROPOLIS.NS,HOLD,540.15,weak_trend,51.71,4.92,537.03,522.23,490.43,22.86,4.23,,,505.86,585.87,1.33,ELEVATED,40,2,1
IXIGO.NS,HOLD,196.65,weak_trend,78.36,7.6,175.71,170.87,221.78,8.43,4.28,,,184.01,213.5,1.33,ELEVATED,40,0,3
BALRAMCHIN.NS,HOLD,554.95,weak_trend,56.81,2.46,540.48,533.62,478.78,16.1,2.9,,,530.81,587.14,1.33,NORMAL,40,2,1
VESUVIUS.NS,HOLD,457.95,weak_trend,46.24,-3.31,463.84,480.93,485.34,12.98,2.83,,,438.48,483.91,1.33,NORMAL,40,0,3
WESTLIFE.NS,SELL,488.9,downtrend,68.48,6.47,456.87,468.5,530.58,21.34,4.37,,,531.59,382.19,2.5,ELEVATED,60,1,2
RKFORGE.NS,HOLD,564.9,weak_trend,60.97,0.17,569.25,575.86,544.82,16.76,2.97,,,539.76,598.41,1.33,NORMAL,40,0,3
STARCEMENT.NS,HOLD,207.72,weak_trend,50.36,-1.81,211.07,218.97,226.92,5.04,2.42,,,200.17,217.79,1.33,NORMAL,40,0,3
GENUSPOWER.NS,HOLD,299.4,weak_trend,45.68,3.39,320.5,316.25,297.26,14.44,4.82,,,277.74,328.28,1.33,ELEVATED,40,1,2
RELINFRA.NS,SELL,73.61,downtrend,0.0,0.09,80.27,75.43,135.82,0.87,1.19,,,75.36,69.24,2.5,LOW,95,0,3
HEG.NS,HOLD,516.7,weak_trend,49.01,-13.64,530.91,575.64,550.46,13.9,2.69,,,495.86,544.49,1.33,NORMAL,40,1,2
PGHL.NS,HOLD,6326.5,weak_trend,58.66,150.99,6225.0,5724.39,5543.48,110.86,1.75,,,6160.21,6548.21,1.33,LOW,40,2,1
ALKYLAMINE.NS,HOLD,1713.4,weak_trend,41.11,13.44,1788.51,1698.26,1648.27,60.08,3.51,,,1623.29,1833.55,1.33,NORMAL,40,0,3
TEJASNET.NS,HOLD,612.5,weak_trend,68.65,30.49,594.25,513.75,477.09,27.03,4.41,,,571.96,666.56,1.33,ELEVATED,40,1,2
SHAILY.NS,HOLD,2895.5,weak_trend,39.71,22.09,2925.1,2758.9,2367.85,116.35,4.02,,,2720.98,3128.2,1.33,ELEVATED,40,0,3
TIMETECHNO.NS,SELL,179.96,downtrend,60.88,0.98,174.8,179.01,191.14,5.63,3.13,,,191.21,151.83,2.5,NORMAL,64,1,2
BANCOINDIA.NS,HOLD,670.35,weak_trend,56.78,8.14,665.09,637.63,659.7,22.1,3.3,,,637.21,714.54,1.33,NORMAL,40,1,2
AVANTIFEED.NS,HOLD,932.4,weak_trend,34.98,-75.18,1014.49,1208.9,1000.42,39.22,4.21,,,873.57,1010.84,1.33,ELEVATED,40,0,3
IIFLCAPS.NS,HOLD,338.15,weak_trend,38.08,1.13,341.91,337.8,320.24,4.86,1.44,,,330.86,347.86,1.33,LOW,40,0,3
ASKAUTOLTD.NS,SELL,449.25,downtrend,62.92,4.69,447.59,447.28,461.35,12.99,2.89,,,475.23,384.3,2.5,NORMAL,63,2,1
MEDPLUS.NS,SELL,810.75,downtrend,31.18,-16.88,851.73,876.57,829.12,22.76,2.81,,,856.28,696.93,2.5,NORMAL,79,1,2
SHAKTIPUMP.NS,HOLD,583.55,weak_trend,76.12,15.79,548.42,540.81,640.3,19.88,3.41,,,553.74,623.3,1.33,NORMAL,40,0,3
ABFRL.NS,SELL,58.06,downtrend,47.11,-0.89,60.16,62.64,71.1,1.58,2.72,,,61.21,50.18,2.5,NORMAL,71,0,3
MMTC.NS,HOLD,68.05,weak_trend,56.36,0.99,69.68,67.01,64.05,3.63,5.33,,,62.61,75.3,1.33,ELEVATED,40,0,3
SUDARSCHEM.NS,SELL,882.0,downtrend,46.72,-4.82,888.22,905.84,995.51,32.96,3.74,,,947.93,717.18,2.5,NORMAL,71,0,3
RHIM.NS,SELL,367.75,downtrend,49.3,-4.02,378.04,390.53,427.31,11.22,3.05,,,390.19,311.64,2.5,NORMAL,70,0,3
JLHL.NS,HOLD,1420.9,weak_trend,80.09,22.53,1341.75,1309.05,1365.21,35.64,2.51,,,1367.45,1492.17,1.33,NORMAL,40,2,1
INDIASHLTR.NS,SELL,769.35,downtrend,60.62,0.09,760.39,782.53,799.26,29.26,3.8,,,827.88,623.03,2.5,NORMAL,64,1,2
ASTRAMICRO.NS,HOLD,1761.6,weak_trend,80.62,127.5,1534.15,1315.23,1069.59,70.56,4.01,,,1655.75,1902.73,1.33,ELEVATED,40,1,2
TDPOWERSYS.NS,HOLD,1238.3,weak_trend,50.71,12.17,1244.84,1222.53,860.6,66.1,5.34,,,1139.15,1370.5,1.33,ELEVATED,40,0,3
KPIGREEN.NS,SELL,398.05,downtrend,57.89,-6.16,401.47,426.81,432.47,9.79,2.46,,,417.64,349.09,2.5,NORMAL,66,1,2
TRANSRAILL.NS,SELL,512.0,downtrend,65.84,0.99,498.59,525.66,584.6,13.81,2.7,,,539.63,442.93,2.5,NORMAL,62,1,2
BIRLACORPN.NS,HOLD,982.5,weak_trend,60.06,5.3,982.83,981.71,1052.58,30.6,3.11,,,936.59,1043.71,1.33,NORMAL,40,0,3
SAPPHIRE.NS,SELL,180.74,downtrend,53.69,1.05,179.55,181.51,222.27,7.53,4.17,,,195.8,143.09,2.5,ELEVATED,68,1,2
MAPMYINDIA.NS,SELL,809.75,downtrend,29.69,-15.0,854.85,900.88,1313.69,35.01,4.32,,,879.77,634.7,2.5,ELEVATED,80,0,3
UJJIVANSFB.NS,HOLD,59.05,weak_trend,70.85,0.58,55.64,56.3,55.01,1.66,2.81,,,56.56,62.37,1.33,NORMAL,40,2,1
HCG.NS,SELL,627.1,downtrend,45.72,-4.61,621.62,618.64,639.62,16.76,2.67,,,660.62,543.3,2.5,NORMAL,72,1,2
NESCO.NS,HOLD,1078.4,weak_trend,48.5,-23.44,1110.87,1184.3,1223.8,27.16,2.52,,,1037.66,1132.71,1.33,NORMAL,40,0,3
HAPPYFORGE.NS,HOLD,1537.8,weak_trend,74.1,43.19,1429.29,1396.3,1174.23,51.84,3.37,,,1460.04,1641.49,1.33,NORMAL,40,1,2
HONASA.NS,HOLD,457.9,weak_trend,76.17,14.82,415.89,383.39,312.44,17.07,3.73,,,432.29,492.04,1.33,NORMAL,40,2,1
KRBL.NS,HOLD,375.25,weak_trend,66.83,8.41,369.74,362.73,364.44,12.6,3.36,,,356.34,400.46,1.33,NORMAL,40,2,1
VARROC.NS,BUY,633.0,uptrend,69.27,14.98,600.83,571.74,582.11,21.16,3.34,620.34,645.66,590.67,738.82,2.5,NORMAL,79,3,0
SANSERA.NS,HOLD,3196.2,weak_trend,68.01,116.78,2974.77,2743.68,2030.79,107.74,3.37,,,3034.59,3411.69,1.33,NORMAL,40,2,1
LATENTVIEW.NS,SELL,270.8,downtrend,36.36,-6.14,298.64,303.53,380.52,10.14,3.75,,,291.09,220.09,2.5,NORMAL,76,1,2
BLUESTONE.NS,HOLD,545.85,weak_trend,58.89,9.7,525.08,507.9,530.82,18.25,3.34,,,518.48,582.34,1.33,NORMAL,40,2,1
WABAG.NS,HOLD,2009.1,weak_trend,81.17,152.64,1796.72,1600.9,1389.92,82.98,4.13,,,1884.63,2175.06,1.33,ELEVATED,40,1,2
LLOYDSENT.NS,HOLD,73.82,weak_trend,66.05,1.82,71.43,70.52,62.65,3.52,4.77,,,68.54,80.86,1.33,ELEVATED,40,2,1
TI.NS,BUY,455.15,uptrend,59.79,1.32,433.36,443.98,452.32,12.32,2.71,446.05,464.25,430.51,516.76,2.5,NORMAL,74,3,0
ALOKINDS.NS,SELL,12.71,downtrend,60.64,-0.01,12.59,13.11,15.16,0.41,3.24,,,13.53,10.65,2.5,NORMAL,64,1,2
SANDUMA.NS,SELL,202.85,downtrend,38.82,-4.09,213.33,219.22,208.94,5.19,2.56,,,213.23,176.91,2.5,NORMAL,75,1,2
TTKPRESTIG.NS,HOLD,616.4,weak_trend,76.75,16.32,551.8,536.08,578.72,19.0,3.08,,,587.89,654.41,1.33,NORMAL,40,2,1
DBREALTY.NS,SELL,110.9,downtrend,49.36,-0.5,113.65,116.3,124.33,5.1,4.6,,,121.11,85.39,2.5,ELEVATED,70,0,3
MARKSANS.NS,HOLD,272.81,weak_trend,69.34,10.8,252.94,226.39,189.82,10.77,3.95,,,256.65,294.36,1.33,NORMAL,40,1,2
TCI.NS,SELL,924.7,downtrend,33.65,0.67,938.6,930.57,1037.49,24.39,2.64,,,973.47,802.77,2.5,NORMAL,78,0,3
BBOX.NS,HOLD,947.2,weak_trend,37.72,12.88,1004.3,887.32,614.06,46.86,4.95,,,876.91,1040.91,1.33,ELEVATED,40,0,3
POWERMECH.NS,HOLD,2763.0,weak_trend,63.52,77.71,2706.55,2574.61,2398.74,109.68,3.97,,,2598.48,2982.36,1.33,NORMAL,40,1,2
SOUTHBANK.NS,HOLD,45.63,weak_trend,49.28,1.16,45.78,42.38,38.89,1.5,3.28,,,43.39,48.62,1.33,NORMAL,40,0,3
LOTUSDEV.NS,SELL,148.44,downtrend,65.86,3.05,141.61,141.69,153.37,5.29,3.56,,,159.02,122.0,2.5,NORMAL,62,1,2
JAIBALAJI.NS,SELL,67.59,downtrend,50.86,-1.11,68.26,73.89,75.13,2.7,3.99,,,72.99,54.09,2.5,NORMAL,69,1,2
SAREGAMA.NS,HOLD,492.8,weak_trend,76.96,20.71,466.05,413.11,389.13,16.39,3.33,,,468.21,525.59,1.33,NORMAL,40,1,2
JSLL.NS,SELL,593.0,downtrend,52.48,-12.42,601.03,640.21,687.22,28.06,4.73,,,649.11,452.71,2.5,ELEVATED,68,1,2
PCJEWELLER.NS,HOLD,8.76,weak_trend,53.74,-0.08,8.87,8.99,10.22,0.22,2.54,,,8.43,9.2,1.33,NORMAL,40,0,3
LUMAXTECH.NS,HOLD,1533.6,weak_trend,39.82,-33.11,1629.23,1652.15,1496.94,60.94,3.97,,,1442.2,1655.47,1.33,NORMAL,40,0,3
TANLA.NS,SELL,530.1,downtrend,58.13,2.75,521.15,522.92,535.4,15.18,2.86,,,560.46,454.19,2.5,NORMAL,65,2,1
MANORAMA.NS,HOLD,1655.3,weak_trend,73.08,40.82,1534.08,1484.61,1385.21,57.27,3.46,,,1569.39,1769.84,1.33,NORMAL,40,2,1
ARVIND.NS,HOLD,587.1,weak_trend,85.39,25.21,514.57,470.45,367.67,21.88,3.73,,,554.28,630.86,1.33,NORMAL,40,2,1
APOLLO.NS,HOLD,424.75,weak_trend,57.37,10.59,412.02,366.02,286.31,20.01,4.71,,,394.74,464.76,1.33,ELEVATED,40,1,2
PNGJL.NS,HOLD,536.1,weak_trend,44.4,-10.56,548.46,589.45,600.71,13.59,2.53,,,515.72,563.28,1.33,NORMAL,40,1,2
MAHSEAMLES.NS,HOLD,597.8,weak_trend,46.06,-0.58,620.64,632.93,583.36,19.76,3.3,,,568.16,637.31,1.33,NORMAL,40,1,2
HAPPSTMNDS.NS,SELL,341.05,downtrend,41.35,-7.16,350.45,363.73,431.35,7.94,2.33,,,356.92,301.37,2.5,NORMAL,74,0,3
CAMPUS.NS,SELL,235.25,downtrend,47.95,-2.39,238.46,242.66,257.21,6.94,2.95,,,249.13,200.55,2.5,NORMAL,71,0,3
RELIGARE.NS,HOLD,270.26,weak_trend,86.01,11.35,247.04,235.21,239.24,9.24,3.42,,,256.4,288.74,1.33,NORMAL,40,1,2
GMRP&UI.NS,SELL,99.07,downtrend,34.0,-2.45,103.48,107.02,110.64,2.51,2.53,,,104.09,86.52,2.5,NORMAL,78,0,3
BECTORFOOD.NS,SELL,179.37,downtrend,60.96,0.3,180.02,185.98,222.34,6.05,3.37,,,191.47,149.12,2.5,NORMAL,64,1,2
RCF.NS,HOLD,130.95,weak_trend,61.56,1.3,130.29,129.2,134.79,3.76,2.87,,,125.31,138.47,1.33,NORMAL,40,0,3
ESABINDIA.NS,HOLD,5718.5,weak_trend,50.32,-147.56,5782.1,6257.1,5622.59,126.04,2.2,,,5529.45,5970.57,1.33,NORMAL,40,1,2
VOLTAMP.NS,HOLD,10379.5,weak_trend,57.79,199.57,9948.77,10010.43,8435.52,366.93,3.54,,,9829.11,11113.36,1.33,NORMAL,40,2,1
STAR.NS,HOLD,1092.9,weak_trend,78.13,3.94,1070.73,1095.68,942.61,36.39,3.33,,,1038.32,1165.67,1.33,NORMAL,40,1,2
GALAXYSURF.NS,HOLD,1962.4,weak_trend,71.79,50.63,1828.71,1834.94,1973.53,74.32,3.79,,,1850.92,2111.04,1.33,NORMAL,40,0,3
MAHLIFE.NS,HOLD,366.45,weak_trend,74.63,8.24,344.45,337.28,363.87,10.62,2.9,,,350.51,387.7,1.33,NORMAL,40,2,1
GPPL.NS,SELL,151.1,downtrend,44.06,-0.6,154.21,155.46,164.65,3.95,2.62,,,159.0,131.34,2.5,NORMAL,72,0,3
SHARDACROP.NS,HOLD,879.45,weak_trend,41.13,-21.32,895.81,976.89,936.55,22.56,2.56,,,845.61,924.56,1.33,NORMAL,40,0,3
OSWALPUMPS.NS,SELL,423.35,downtrend,59.16,12.41,409.61,399.35,492.74,18.53,4.38,,,460.4,330.73,2.5,ELEVATED,65,1,2
DODLA.NS,SELL,1122.7,downtrend,62.25,9.9,1099.28,1092.12,1182.62,31.04,2.77,,,1184.79,967.49,2.5,NORMAL,63,1,2
NETWORK18.NS,HOLD,31.59,weak_trend,56.4,0.05,32.31,32.77,39.7,1.16,3.67,,,29.85,33.91,1.33,NORMAL,40,0,3
DIACABS.NS,HOLD,209.34,weak_trend,55.32,5.84,202.47,188.0,152.01,9.46,4.52,,,195.15,228.27,1.33,ELEVATED,40,1,2
GRWRHITECH.NS,HOLD,6677.5,weak_trend,65.73,346.65,6348.05,5520.98,4031.2,263.43,3.95,,,6282.36,7204.36,1.33,NORMAL,40,1,2
CERA.NS,HOLD,6451.5,weak_trend,70.04,221.83,6065.68,5769.97,5511.23,209.96,3.25,,,6136.55,6871.43,1.33,NORMAL,40,1,2
KIRLPNU.NS,HOLD,1953.0,weak_trend,68.3,108.85,1750.05,1614.98,1246.38,103.87,5.32,,,1797.19,2160.74,1.33,ELEVATED,40,2,1
BORORENEW.NS,HOLD,602.25,weak_trend,74.77,25.0,568.37,538.29,537.79,19.83,3.29,,,572.51,641.91,1.33,NORMAL,40,1,2
KALPATARU.NS,SELL,298.85,downtrend,39.26,-4.91,317.22,328.89,342.15,12.15,4.07,,,323.15,238.1,2.5,ELEVATED,75,1,2
TRIVENI.NS,HOLD,422.55,weak_trend,83.54,9.51,395.41,393.52,371.69,12.42,2.94,,,403.92,447.39,1.33,NORMAL,40,1,2
GSFC.NS,SELL,161.84,downtrend,46.3,-1.16,163.65,168.31,176.48,3.14,1.94,,,168.11,146.16,2.5,LOW,71,0,3
GARFIBRES.NS,HOLD,765.65,weak_trend,65.9,27.42,709.76,665.47,682.91,30.37,3.97,,,720.09,826.39,1.33,NORMAL,40,2,1
ACI.NS,HOLD,522.3,weak_trend,34.42,-6.94,529.59,555.58,579.43,16.32,3.12,,,497.82,554.94,1.33,NORMAL,40,0,3
SHILPAMED.NS,HOLD,598.4,weak_trend,59.57,25.27,555.69,494.72,383.84,27.37,4.57,,,557.34,653.15,1.33,ELEVATED,40,2,1
DBL.NS,SELL,448.5,downtrend,57.35,4.79,437.23,447.36,461.05,13.93,3.1,,,476.35,378.87,2.5,NORMAL,66,1,2
MAXESTATES.NS,HOLD,428.5,weak_trend,43.31,2.8,443.02,425.26,428.18,14.07,3.28,,,407.39,456.64,1.33,NORMAL,40,0,3
THOMASCOOK.NS,SELL,108.09,downtrend,40.74,3.3,108.04,100.1,125.92,4.66,4.31,,,117.4,84.8,2.5,ELEVATED,74,0,3
AARTIPHARM.NS,SELL,680.05,downtrend,66.85,3.53,653.48,690.06,738.5,25.36,3.73,,,730.76,553.26,2.5,NORMAL,61,1,2
GNFC.NS,HOLD,543.4,weak_trend,69.1,14.0,529.88,510.48,483.6,20.04,3.69,,,513.35,583.47,1.33,NORMAL,40,1,2
THANGAMAYL.NS,HOLD,6398.2,weak_trend,75.41,391.27,5514.02,4557.24,3503.97,268.14,4.19,,,5995.99,6934.49,1.33,ELEVATED,40,2,1
PRSMJOHNSN.NS,HOLD,117.55,weak_trend,46.85,-1.2,119.42,124.41,133.64,2.7,2.29,,,113.51,122.94,1.33,NORMAL,40,0,3
RUSTOMJEE.NS,SELL,418.35,downtrend,65.57,2.03,392.91,398.3,480.95,16.19,3.87,,,450.73,337.4,2.5,NORMAL,62,2,1
AKUMS.NS,HOLD,623.15,weak_trend,73.38,21.41,591.03,556.33,482.24,23.81,3.82,,,587.43,670.77,1.33,NORMAL,40,1,2
AJAXENGG.NS,SELL,541.75,downtrend,33.97,-3.63,562.9,552.39,563.49,23.59,4.35,,,588.92,423.82,2.5,ELEVATED,78,0,3
ETHOSLTD.NS,SELL,2448.8,downtrend,54.57,14.79,2400.25,2411.63,2586.67,79.17,3.23,,,2607.14,2052.94,2.5,NORMAL,67,1,2
PNCINFRA.NS,HOLD,228.27,weak_trend,72.72,5.71,215.65,215.71,236.8,7.76,3.4,,,216.63,243.79,1.33,NORMAL,40,0,3
FDC.NS,BUY,423.85,uptrend,68.68,9.21,394.89,383.25,395.65,13.41,3.16,415.37,432.33,397.02,490.92,2.5,NORMAL,79,3,0
LLOYDSENGG.NS,HOLD,86.53,weak_trend,71.51,4.97,79.08,71.21,57.6,4.95,5.72,,,79.11,96.43,1.33,ELEVATED,40,1,2
REDTAPE.NS,HOLD,136.17,weak_trend,55.04,0.62,134.56,132.83,129.24,4.34,3.19,,,129.66,144.85,1.33,NORMAL,40,1,2
TMB.NS,HOLD,733.45,weak_trend,36.74,12.05,753.89,712.8,579.04,23.99,3.27,,,697.46,781.44,1.33,NORMAL,40,0,3
TIPSMUSIC.NS,HOLD,626.8,weak_trend,38.19,-3.99,647.41,650.51,564.22,16.54,2.64,,,601.99,659.89,1.33,NORMAL,40,0,3
EPIGRAL.NS,SELL,1084.1,downtrend,39.39,-19.8,1126.59,1193.0,1272.59,37.99,3.5,,,1160.07,894.17,2.5,NORMAL,75,0,3
INOXGREEN.NS,HOLD,198.6,weak_trend,71.83,6.57,188.57,183.93,192.38,8.96,4.51,,,185.17,216.51,1.33,ELEVATED,40,2,1
SFL.NS,HOLD,746.9,weak_trend,67.3,34.7,698.87,622.05,602.82,21.64,2.9,,,714.45,790.17,1.33,NORMAL,40,2,1
V2RETAIL.NS,HOLD,226.79,weak_trend,51.48,-0.32,232.24,224.96,214.87,9.35,4.12,,,212.76,245.49,1.33,ELEVATED,40,0,3
MASTEK.NS,HOLD,1596.2,weak_trend,52.35,-14.76,1612.23,1639.64,1902.79,43.77,2.74,,,1530.54,1683.74,1.33,NORMAL,40,1,2
BALUFORGE.NS,SELL,466.6,downtrend,58.23,-4.78,457.41,483.25,533.31,16.91,3.62,,,500.41,382.06,2.5,NORMAL,65,1,2
MOIL.NS,SELL,278.1,downtrend,34.64,-5.47,290.01,302.1,324.58,7.1,2.55,,,292.3,242.6,2.5,NORMAL,77,0,3
GANESHHOU.NS,SELL,764.0,downtrend,46.18,15.33,758.94,713.33,746.78,22.04,2.88,,,808.08,653.8,2.5,NORMAL,71,1,2
RTNINDIA.NS,SELL,33.36,downtrend,27.14,-0.42,35.53,35.41,39.56,1.24,3.71,,,35.84,27.17,2.5,NORMAL,81,0,3
PFOCUS.NS,SELL,221.01,downtrend,41.84,-11.22,229.31,259.69,234.99,12.55,5.68,,,246.1,158.28,2.5,ELEVATED,74,0,3
WELENT.NS,HOLD,601.45,weak_trend,71.71,17.41,558.36,530.69,509.12,16.52,2.75,,,576.67,634.49,1.33,NORMAL,40,2,1
RAYMONDLSL.NS,HOLD,785.5,weak_trend,51.54,8.89,784.89,776.95,966.51,26.34,3.35,,,745.99,838.19,1.33,NORMAL,40,0,3
ISGEC.NS,BUY,924.05,uptrend,58.09,-16.64,917.63,1001.65,904.81,28.1,3.04,905.57,942.53,867.86,1064.53,2.5,NORMAL,74,3,0
PRAJIND.NS,HOLD,350.9,weak_trend,57.13,-4.79,344.79,371.27,338.86,10.03,2.86,,,335.86,370.96,1.33,NORMAL,40,2,1
RATEGAIN.NS,HOLD,899.15,weak_trend,71.3,44.93,823.42,720.61,644.1,34.27,3.81,,,847.74,967.69,1.33,NORMAL,40,2,1
MIDHANI.NS,HOLD,418.45,weak_trend,36.45,3.79,431.08,413.3,365.99,16.29,3.89,,,394.01,451.04,1.33,NORMAL,40,0,3
KTKBANK.NS,HOLD,273.4,weak_trend,59.43,2.15,269.44,263.82,214.52,7.39,2.7,,,262.31,288.19,1.33,NORMAL,40,1,2
YATHARTH.NS,BUY,858.6,uptrend,57.31,11.22,833.12,819.35,739.61,24.58,2.86,841.43,875.77,809.44,981.49,2.5,NORMAL,73,3,0
CSBBANK.NS,SELL,339.85,downtrend,43.34,-7.23,357.33,365.55,396.74,12.17,3.58,,,364.19,278.99,2.5,NORMAL,73,0,3
EPL.NS,HOLD,224.8,weak_trend,60.02,2.59,223.01,223.27,211.86,6.53,2.9,,,215.01,237.85,1.33,NORMAL,40,2,1
AURIONPRO.NS,HOLD,857.2,weak_trend,70.04,20.07,832.23,829.42,982.0,37.18,4.34,,,801.43,931.56,1.33,ELEVATED,40,0,3
JUSTDIAL.NS,SELL,524.95,downtrend,47.16,1.32,535.89,532.68,655.9,13.7,2.61,,,552.36,456.43,2.5,NORMAL,71,0,3
MHRIL.NS,SELL,238.06,downtrend,53.93,2.95,231.62,233.36,287.62,8.49,3.57,,,255.03,195.62,2.5,NORMAL,68,1,2
THYROCARE.NS,HOLD,549.3,weak_trend,52.77,16.24,529.05,480.45,433.48,23.47,4.27,,,514.09,596.25,1.33,ELEVATED,40,1,2
ARVINDFASN.NS,HOLD,470.95,weak_trend,64.41,3.91,467.5,457.11,477.41,15.35,3.26,,,447.93,501.64,1.33,NORMAL,40,0,3
EQUITASBNK.NS,HOLD,75.41,weak_trend,51.27,1.59,75.19,71.27,63.79,2.71,3.6,,,71.34,80.83,1.33,NORMAL,40,1,2
ELLEN.NS,SELL,264.85,downtrend,47.14,1.18,271.16,272.04,326.54,10.69,4.03,,,286.22,211.42,2.5,ELEVATED,71,0,3
CMSINFO.NS,SELL,280.6,downtrend,39.98,-2.79,296.34,299.04,328.22,7.51,2.68,,,295.63,243.03,2.5,NORMAL,75,1,2
PGIL.NS,HOLD,2015.6,weak_trend,74.23,108.5,1766.33,1654.09,1532.65,93.59,4.64,,,1875.22,2202.77,1.33,ELEVATED,40,1,2
DHANUKA.NS,SELL,1055.2,downtrend,38.85,-10.17,1073.39,1088.59,1184.1,28.34,2.69,,,1111.87,913.52,2.5,NORMAL,75,0,3
SYMPHONY.NS,SELL,681.15,downtrend,52.86,-11.25,683.32,738.43,833.11,18.34,2.69,,,717.83,589.45,2.5,NORMAL,68,1,2
QPOWER.NS,HOLD,1223.4,weak_trend,61.65,34.06,1197.25,1207.66,937.89,60.77,4.97,,,1132.24,1344.94,1.33,ELEVATED,40,1,2
CUPID.NS,HOLD,189.93,weak_trend,94.34,15.5,163.94,139.07,89.05,7.3,3.84,,,178.98,204.53,1.33,NORMAL,40,1,2
AHLUCONT.NS,SELL,855.8,downtrend,68.43,14.39,821.97,829.12,876.03,24.34,2.84,,,904.47,734.12,2.5,NORMAL,60,1,2
IFBIND.NS,HOLD,1287.7,weak_trend,50.3,23.94,1272.03,1200.14,1380.72,46.66,3.62,,,1217.71,1381.01,1.33,NORMAL,40,0,3
BAJAJELEC.NS,SELL,319.5,downtrend,56.2,-6.04,317.18,352.03,431.28,8.53,2.67,,,336.56,276.86,2.5,NORMAL,66,1,2
JKPAPER.NS,HOLD,350.95,weak_trend,53.37,-5.97,350.72,366.43,363.3,8.1,2.31,,,338.81,367.14,1.33,NORMAL,40,1,2
PRICOLLTD.NS,HOLD,602.3,weak_trend,74.58,5.65,568.15,576.28,577.38,19.8,3.29,,,572.61,641.89,1.33,NORMAL,40,2,1
AVALON.NS,HOLD,1801.9,weak_trend,84.7,94.23,1692.28,1449.8,1103.29,69.09,3.83,,,1698.27,1940.07,1.33,NORMAL,40,1,2
SURYAROSNI.NS,HOLD,258.73,weak_trend,59.88,4.11,257.84,250.43,254.52,8.68,3.35,,,245.72,276.08,1.33,NORMAL,40,1,2
HNDFDS.NS,HOLD,556.0,weak_trend,62.07,8.62,543.54,526.96,515.76,18.19,3.27,,,528.72,592.37,1.33,NORMAL,40,2,1
PURVA.NS,SELL,215.31,downtrend,57.82,0.23,213.09,216.61,232.21,6.67,3.1,,,228.65,181.96,2.5,NORMAL,66,1,2
AVL.NS,HOLD,658.15,weak_trend,80.31,33.32,584.82,555.37,521.36,29.3,4.45,,,614.19,716.76,1.33,ELEVATED,40,1,2
RTNPOWER.NS,SELL,9.04,downtrend,45.16,-0.1,9.33,9.55,9.64,0.24,2.63,,,9.52,7.85,2.5,NORMAL,72,0,3
RENUKA.NS,SELL,22.13,downtrend,50.36,-0.45,22.54,24.66,26.44,0.73,3.3,,,23.59,18.48,2.5,NORMAL,69,1,2
GREENLAM.NS,HOLD,258.24,weak_trend,77.94,7.36,247.47,236.14,242.1,9.76,3.78,,,243.59,277.77,1.33,NORMAL,40,1,2
SUPRAJIT.NS,HOLD,460.9,weak_trend,47.09,5.5,465.06,444.29,444.04,13.83,3.0,,,440.16,488.56,1.33,NORMAL,40,0,3
JAYNECOIND.NS,HOLD,84.95,weak_trend,37.95,-3.7,90.48,99.6,81.85,3.66,4.31,,,79.46,92.27,1.33,ELEVATED,40,0,3
VMART.NS,HOLD,779.05,weak_trend,72.41,29.69,733.57,682.0,689.1,27.79,3.57,,,737.36,834.64,1.33,NORMAL,40,1,2
IONEXCHANG.NS,HOLD,408.2,weak_trend,74.49,7.91,368.14,385.86,377.28,17.43,4.27,,,382.06,443.06,1.33,ELEVATED,40,1,2
SUNTECK.NS,SELL,310.75,downtrend,67.71,4.18,302.1,313.34,378.27,12.21,3.93,,,335.17,249.7,2.5,NORMAL,61,1,2
JUNIPER.NS,SELL,194.01,downtrend,46.79,-1.25,198.1,201.7,234.25,6.88,3.55,,,207.77,159.62,2.5,NORMAL,71,0,3
HGINFRA.NS,SELL,570.65,downtrend,51.13,-2.37,569.48,592.46,708.95,14.98,2.62,,,600.61,495.76,2.5,NORMAL,69,1,2
ICRA.NS,SELL,5242.0,downtrend,57.37,-3.16,5184.48,5313.93,5829.66,127.64,2.44,,,5497.29,4603.79,2.5,NORMAL,66,1,2
SUBROS.NS,HOLD,842.4,weak_trend,72.83,27.45,765.35,758.85,843.76,34.5,4.1,,,790.66,911.39,1.33,ELEVATED,40,0,3
AXISCADES.NS,HOLD,1703.4,weak_trend,32.45,-51.03,1830.31,1931.56,1573.78,92.61,5.44,,,1564.48,1888.63,1.33,ELEVATED,40,1,2
RALLIS.NS,HOLD,222.53,weak_trend,38.55,-4.91,228.7,244.86,261.72,6.13,2.75,,,213.34,234.79,1.33,NORMAL,40,0,3
GOKEX.NS,HOLD,873.25,weak_trend,88.02,45.73,757.63,723.74,739.07,32.91,3.77,,,823.88,939.07,1.33,NORMAL,40,1,2
MTARTECH.NS,HOLD,7620.5,weak_trend,56.22,227.1,7661.38,7110.28,3886.42,511.86,6.72,,,6852.71,8644.21,1.33,ELEVATED,40,0,3
GULFOILLUB.NS,HOLD,1061.75,weak_trend,80.66,36.63,984.43,967.66,1080.16,31.57,2.97,,,1014.39,1124.89,1.33,NORMAL,40,1,2
CHEMPLASTS.NS,SELL,198.04,downtrend,48.32,-5.23,205.74,221.09,283.85,9.23,4.66,,,216.49,151.91,2.5,ELEVATED,70,0,3
ASHAPURMIN.NS,HOLD,661.1,weak_trend,41.04,3.16,696.53,670.54,659.88,23.46,3.55,,,625.91,708.02,1.33,NORMAL,40,0,3
SWSOLAR.NS,HOLD,244.4,weak_trend,83.36,13.0,221.06,210.84,211.72,11.27,4.61,,,227.5,266.94,1.33,ELEVATED,40,2,1
SHARDAMOTR.NS,HOLD,869.0,weak_trend,76.41,1.22,815.28,847.58,919.93,23.38,2.69,,,833.93,915.76,1.33,NORMAL,40,1,2
PICCADIL.NS,SELL,565.75,downtrend,32.63,-5.37,575.94,592.15,601.9,12.84,2.27,,,591.42,501.57,2.5,NORMAL,78,0,3
INDIAGLYCO.NS,BUY,986.35,uptrend,57.59,-7.41,967.68,1001.78,958.66,27.86,2.82,966.62,1006.08,930.64,1125.64,2.5,NORMAL,73,3,0
MANINFRA.NS,SELL,104.18,downtrend,30.21,-2.94,109.69,115.22,120.72,4.48,4.3,,,113.14,81.79,2.5,ELEVATED,79,0,3
VIPIND.NS,SELL,305.65,downtrend,41.59,-0.21,316.67,307.84,361.17,9.86,3.23,,,325.38,256.33,2.5,NORMAL,74,0,3
ELECTCAST.NS,SELL,79.68,downtrend,61.12,0.17,76.7,80.43,80.05,3.85,4.83,,,87.38,60.42,2.5,ELEVATED,64,1,2
TIIL.NS,HOLD,2564.9,weak_trend,55.5,27.55,2535.21,2519.7,2334.29,82.42,3.21,,,2441.27,2729.74,1.33,NORMAL,40,2,1
PILANIINVS.NS,SELL,4349.0,downtrend,59.9,-26.67,4335.41,4511.64,4869.11,76.92,1.77,,,4502.84,3964.39,2.5,LOW,65,1,2
SMARTWORKS.NS,HOLD,486.15,weak_trend,64.43,11.3,464.06,451.23,474.38,18.96,3.9,,,457.7,524.08,1.33,NORMAL,40,2,1
IMFA.NS,SELL,1266.0,downtrend,28.43,-33.85,1414.38,1456.36,1308.06,51.96,4.1,,,1369.91,1006.21,2.5,ELEVATED,80,1,2
SUPRIYA.NS,HOLD,1018.05,weak_trend,61.05,39.94,945.85,821.19,729.85,45.12,4.43,,,950.37,1108.29,1.33,ELEVATED,40,2,1
PARAS.NS,HOLD,1289.05,weak_trend,64.84,114.41,1129.29,937.08,746.92,91.6,7.11,,,1151.65,1472.25,1.33,ELEVATED,40,2,1
GHCL.NS,SELL,436.55,downtrend,55.89,-4.12,431.79,456.02,515.65,11.08,2.54,,,458.7,381.17,2.5,NORMAL,67,1,2
EMUDHRA.NS,SELL,446.0,downtrend,23.58,-7.25,459.69,474.87,539.61,12.86,2.88,,,471.71,381.71,2.5,NORMAL,83,0,3
MASFIN.NS,SELL,309.6,downtrend,55.35,-0.23,308.28,317.48,313.3,9.27,2.99,,,328.14,263.24,2.5,NORMAL,67,1,2
TEXRAIL.NS,SELL,107.66,downtrend,61.49,0.61,107.1,108.53,118.93,3.14,2.91,,,113.93,91.98,2.5,NORMAL,64,1,2
SKIPPER.NS,HOLD,532.65,weak_trend,43.84,9.86,546.21,504.76,453.23,19.26,3.62,,,503.76,571.17,1.33,NORMAL,40,0,3
RAJESHEXPO.NS,SELL,91.82,downtrend,56.51,-2.95,93.49,107.58,151.36,4.83,5.26,,,101.48,67.67,2.5,ELEVATED,66,2,1
STLTECH.NS,HOLD,613.3,weak_trend,56.5,36.91,612.94,480.91,220.64,34.85,5.68,,,561.03,682.99,1.33,ELEVATED,40,1,2
SENCO.NS,HOLD,330.2,weak_trend,50.0,-2.73,338.03,336.11,326.89,10.34,3.13,,,314.7,350.87,1.33,NORMAL,40,0,3
FISCHER.NS,HOLD,41.72,weak_trend,82.42,0.68,35.07,36.23,53.91,2.11,5.06,,,38.56,45.94,1.33,ELEVATED,40,1,2
KSCL.NS,SELL,890.25,downtrend,53.49,3.61,883.84,914.94,940.16,31.29,3.51,,,952.82,733.82,2.5,NORMAL,68,1,2
ICIL.NS,HOLD,438.25,weak_trend,76.39,31.85,367.37,322.24,286.13,22.75,5.19,,,404.12,483.76,1.33,ELEVATED,40,1,2
SHOPERSTOP.NS,HOLD,357.2,weak_trend,52.54,5.01,361.02,339.28,393.92,15.98,4.47,,,333.23,389.16,1.33,ELEVATED,40,0,3
INDIGOPNTS.NS,HOLD,1015.25,weak_trend,60.2,16.52,995.8,961.96,1028.7,30.58,3.01,,,969.38,1076.41,1.33,NORMAL,40,0,3
FIEMIND.NS,HOLD,2261.3,weak_trend,46.11,1.52,2289.97,2250.07,2184.33,59.08,2.61,,,2172.68,2379.46,1.33,NORMAL,40,0,3
TVSSCS.NS,HOLD,134.46,weak_trend,64.04,3.83,130.8,122.23,115.96,5.47,4.07,,,126.25,145.41,1.33,ELEVATED,40,1,2
RESPONIND.NS,HOLD,195.49,weak_trend,78.81,6.38,184.66,174.69,181.38,8.34,4.26,,,182.99,212.16,1.33,ELEVATED,40,1,2
BANSALWIRE.NS,HOLD,340.35,weak_trend,77.45,5.61,309.37,309.78,302.2,11.92,3.5,,,322.46,364.2,1.33,NORMAL,40,2,1
LXCHEM.NS,HOLD,154.97,weak_trend,57.25,1.23,155.75,153.38,162.36,5.14,3.32,,,147.25,165.26,1.33,NORMAL,40,0,3
CRIZAC.NS,SELL,203.44,downtrend,45.16,-3.33,209.7,212.6,247.02,7.24,3.56,,,217.91,167.26,2.5,NORMAL,72,0,3
AGI.NS,HOLD,689.3,weak_trend,69.47,27.25,663.69,624.78,682.36,24.7,3.58,,,652.25,738.7,1.33,NORMAL,40,1,2
KNRCON.NS,SELL,132.75,downtrend,63.82,1.75,131.32,129.77,149.54,4.74,3.57,,,142.23,109.05,2.5,NORMAL,63,1,2
UNIMECH.NS,HOLD,1171.65,weak_trend,52.21,39.12,1121.87,1039.36,959.12,68.8,5.87,,,1068.45,1309.25,1.33,ELEVATED,40,2,1
GMMPFAUDLR.NS,SELL,789.55,downtrend,61.41,-5.67,787.15,834.26,990.67,19.37,2.45,,,828.29,692.71,2.5,NORMAL,64,1,2
ASHOKA.NS,SELL,130.56,downtrend,68.67,1.76,127.83,129.25,153.59,5.12,3.92,,,140.8,104.96,2.5,NORMAL,60,1,2
DYNAMATECH.NS,HOLD,10393.0,weak_trend,54.01,-95.25,10421.4,10931.45,9351.27,412.07,3.96,,,9774.89,11217.14,1.33,NORMAL,40,0,3
E2E.NS,HOLD,396.3,weak_trend,52.26,11.97,408.35,363.66,283.33,22.95,5.79,,,361.87,442.2,1.33,ELEVATED,40,0,3
GOKULAGRO.NS,HOLD,207.32,weak_trend,22.67,-4.08,224.63,229.41,193.77,7.14,3.44,,,196.61,221.6,1.33,NORMAL,40,0,3
FEDFINA.NS,HOLD,148.71,weak_trend,49.27,-1.5,154.38,153.72,146.85,4.99,3.36,,,141.22,158.7,1.33,NORMAL,40,1,2
OPTIEMUS.NS,HOLD,464.7,weak_trend,71.99,13.09,442.89,429.93,480.55,20.14,4.33,,,434.49,504.98,1.33,ELEVATED,40,0,3
KINGFA.NS,SELL,5162.5,downtrend,48.2,-17.46,5153.35,5120.19,4506.29,170.43,3.3,,,5503.36,4310.36,2.5,NORMAL,70,2,1
KRN.NS,HOLD,1252.6,weak_trend,49.51,17.05,1217.76,1200.09,915.73,50.49,4.03,,,1176.87,1353.57,1.33,ELEVATED,40,2,1
DATAMATICS.NS,HOLD,808.1,weak_trend,60.26,8.98,795.02,771.11,793.49,25.67,3.18,,,769.6,859.44,1.33,NORMAL,40,1,2
WEBELSOLAR.NS,HOLD,101.29,weak_trend,44.91,-1.24,104.51,107.94,97.41,3.23,3.19,,,96.44,107.75,1.33,NORMAL,40,0,3
EMIL.NS,BUY,121.73,uptrend,68.83,2.06,113.61,115.48,115.61,5.15,4.23,119.3,124.16,111.42,147.51,2.5,ELEVATED,79,3,0
PTC.NS,HOLD,180.98,weak_trend,49.27,-2.73,186.31,195.37,171.62,4.49,2.48,,,174.25,189.96,1.33,NORMAL,40,0,3
ROUTE.NS,HOLD,519.0,weak_trend,50.4,1.31,527.9,525.49,609.85,13.97,2.69,,,498.05,546.94,1.33,NORMAL,40,0,3
ITDC.NS,HOLD,587.15,weak_trend,44.52,7.31,601.51,583.18,564.07,20.65,3.52,,,556.18,628.45,1.33,NORMAL,40,0,3
RSYSTEMS.NS,SELL,234.9,downtrend,45.19,-6.22,251.95,266.18,338.56,8.85,3.77,,,252.61,190.63,2.5,NORMAL,72,1,2
ZAGGLE.NS,SELL,206.81,downtrend,59.17,-3.74,205.44,224.03,290.39,7.41,3.59,,,221.64,169.74,2.5,NORMAL,65,1,2
GAEL.NS,BUY,165.33,uptrend,66.69,1.14,158.51,158.9,133.09,4.58,2.77,162.02,168.64,156.18,188.22,2.5,NORMAL,78,3,0
ORIANA.NS,SELL,1559.05,downtrend,34.09,-66.43,1640.03,1832.8,2152.91,64.6,4.14,,,1688.24,1236.07,2.5,ELEVATED,77,0,3
SIS.NS,HOLD,414.25,weak_trend,49.33,9.84,425.47,398.78,339.49,18.2,4.39,,,386.94,450.66,1.33,ELEVATED,40,0,3
PDSL.NS,HOLD,365.4,weak_trend,77.81,16.18,329.08,305.55,325.08,15.96,4.37,,,341.46,397.31,1.33,ELEVATED,40,2,1
SMLMAH.NS,HOLD,4098.0,weak_trend,68.5,74.84,3939.2,3835.4,3759.57,139.94,3.41,,,3888.1,4377.87,1.33,NORMAL,40,2,1
HCC.NS,HOLD,25.65,weak_trend,66.27,1.14,25.15,23.28,21.88,1.25,4.89,,,23.77,28.16,1.33,ELEVATED,40,1,2
VRLLOG.NS,HOLD,235.42,weak_trend,43.79,-1.86,236.65,244.53,259.92,6.53,2.77,,,225.62,248.48,1.33,NORMAL,40,0,3
ENTERO.NS,HOLD,1190.0,weak_trend,59.21,-6.48,1132.36,1192.0,1128.11,39.42,3.31,,,1130.87,1268.84,1.33,NORMAL,40,2,1
SUNFLAG.NS,HOLD,340.05,weak_trend,40.04,-3.33,358.08,353.67,277.42,13.22,3.89,,,320.22,366.49,1.33,NORMAL,40,0,3
SWARAJENG.NS,HOLD,3997.6,weak_trend,71.76,49.06,3842.39,3853.07,3811.73,77.07,1.93,,,3881.99,4151.74,1.33,LOW,40,2,1
JSFB.NS,HOLD,468.75,weak_trend,51.15,-1.64,467.48,468.75,430.69,13.67,2.92,,,448.25,496.09,1.33,NORMAL,40,1,2
JKIL.NS,SELL,492.65,downtrend,65.65,1.84,488.88,498.33,552.26,13.5,2.74,,,519.66,425.13,2.5,NORMAL,62,1,2
CARERATING.NS,HOLD,1650.4,weak_trend,56.79,10.1,1636.1,1642.2,1580.6,52.05,3.15,,,1572.32,1754.5,1.33,NORMAL,40,2,1
ANUP.NS,HOLD,2331.3,weak_trend,80.76,105.11,2068.44,2043.88,2071.11,100.97,4.33,,,2179.84,2533.24,1.33,ELEVATED,40,1,2
GREAVESCOT.NS,HOLD,219.98,weak_trend,78.21,10.63,196.73,180.65,181.59,9.02,4.1,,,206.44,238.03,1.33,ELEVATED,40,2,1
SUVEN.NS,HOLD,280.65,weak_trend,60.83,6.95,264.29,245.73,190.78,14.44,5.14,,,259.0,309.52,1.33,ELEVATED,40,1,2
LGBBROSLTD.NS,HOLD,1595.8,weak_trend,75.66,1.74,1538.77,1606.09,1685.2,43.69,2.74,,,1530.27,1683.17,1.33,NORMAL,40,0,3
SKYGOLD.NS,HOLD,532.55,weak_trend,61.39,6.89,517.06,487.79,373.76,20.3,3.81,,,502.1,573.15,1.33,NORMAL,40,1,2
REFEX.NS,HOLD,356.2,weak_trend,80.97,17.03,325.19,294.99,287.43,13.39,3.76,,,336.11,382.99,1.33,NORMAL,40,1,2
TARC.NS,HOLD,126.45,weak_trend,55.21,-1.38,126.46,130.74,144.49,4.1,3.24,,,120.3,134.64,1.33,NORMAL,40,1,2
NIITMTS.NS,SELL,236.04,downtrend,69.91,-3.09,224.74,251.81,327.07,8.96,3.8,,,253.96,191.25,2.5,NORMAL,60,1,2
DBCORP.NS,SELL,190.75,downtrend,31.19,-3.41,201.72,209.14,235.08,4.14,2.17,,,199.04,170.04,2.5,NORMAL,79,1,2
INNOVACAP.NS,HOLD,978.45,weak_trend,64.62,31.41,925.68,863.12,769.13,42.01,4.29,,,915.44,1062.46,1.33,ELEVATED,40,2,1
BALAMINES.NS,HOLD,2035.9,weak_trend,44.23,58.21,2088.75,1777.82,1346.27,95.56,4.69,,,1892.55,2227.03,1.33,ELEVATED,40,0,3
NACLIND.NS,HOLD,220.76,weak_trend,70.37,12.9,178.57,169.46,171.93,15.11,6.85,,,198.09,250.99,1.33,ELEVATED,40,2,1
DCBBANK.NS,HOLD,185.2,weak_trend,65.05,2.26,180.44,181.52,170.92,4.94,2.67,,,177.79,195.08,1.33,NORMAL,40,2,1
SJS.NS,HOLD,2218.0,weak_trend,69.56,61.68,2122.6,1980.81,1731.73,78.04,3.52,,,2100.95,2374.07,1.33,NORMAL,40,2,1
BOSCH-HCIL.NS,HOLD,1362.2,weak_trend,47.27,-2.29,1362.95,1384.83,1476.77,54.46,4.0,,,1280.5,1471.13,1.33,NORMAL,40,0,3
NFL.NS,SELL,74.63,downtrend,46.71,-0.09,75.62,76.24,82.49,1.96,2.63,,,78.56,64.82,2.5,NORMAL,71,0,3
SPARC.NS,HOLD,234.75,weak_trend,68.05,11.43,223.17,192.22,148.09,12.46,5.31,,,216.06,259.67,1.33,ELEVATED,40,1,2
INDIQUBE.NS,SELL,169.35,downtrend,62.37,1.94,162.75,165.89,188.92,8.01,4.73,,,185.37,129.31,2.5,ELEVATED,63,1,2
BANARISUG.NS,SELL,3429.1,downtrend,27.18,-47.47,3558.89,3599.87,3596.42,70.14,2.05,,,3569.39,3078.39,2.5,NORMAL,81,1,2
SHREEJISPG.NS,HOLD,491.3,weak_trend,68.51,12.13,477.17,446.2,354.64,14.89,3.03,,,468.97,521.08,1.33,NORMAL,40,1,2
VSTTILLERS.NS,HOLD,4510.4,weak_trend,45.08,-74.44,4550.55,4786.85,5365.93,126.97,2.82,,,4319.94,4764.34,1.33,NORMAL,40,0,3
INDRAMEDCO.NS,SELL,388.05,downtrend,56.3,-0.54,387.71,390.09,441.21,10.66,2.75,,,409.36,334.76,2.5,NORMAL,66,1,2
VSTIND.NS,HOLD,260.3,weak_trend,61.79,1.49,259.13,258.53,248.52,3.8,1.46,,,254.6,267.9,1.33,LOW,40,1,2
RAIN.NS,HOLD,181.82,weak_trend,38.66,3.7,193.31,168.32,139.98,9.32,5.12,,,167.84,200.46,1.33,ELEVATED,40,0,3
SAMHI.NS,SELL,174.76,downtrend,67.24,5.17,169.92,162.43,174.94,6.49,3.71,,,187.74,142.3,2.5,NORMAL,61,1,2
HEIDELBERG.NS,SELL,152.81,downtrend,61.32,-0.31,151.6,155.65,171.22,3.13,2.05,,,159.07,137.17,2.5,NORMAL,64,1,2
CEIGALL.NS,HOLD,391.85,weak_trend,72.08,11.2,372.75,354.53,288.2,15.38,3.92,,,368.78,422.61,1.33,NORMAL,40,2,1
HERITGFOOD.NS,SELL,328.25,downtrend,60.0,-0.0,324.72,336.75,400.76,9.69,2.95,,,347.62,279.82,2.5,NORMAL,64,1,2
STYRENIX.NS,HOLD,2297.8,weak_trend,64.72,27.0,2241.38,2263.16,2141.32,73.3,3.19,,,2187.85,2444.4,1.33,NORMAL,40,2,1
ORIENTCEM.NS,SELL,133.77,downtrend,51.71,-0.8,134.22,138.02,166.02,3.3,2.46,,,140.36,117.28,2.5,NORMAL,69,1,2
AARTIDRUGS.NS,SELL,377.9,downtrend,57.98,-0.7,372.97,377.8,406.48,9.7,2.57,,,397.3,329.4,2.5,NORMAL,66,2,1
ORIENTELEC.NS,SELL,175.46,downtrend,48.03,-1.64,178.56,183.86,183.95,5.18,2.95,,,185.81,149.57,2.5,NORMAL,70,1,2
GUJTHEM.NS,HOLD,397.5,weak_trend,57.94,3.8,392.83,382.1,372.9,13.71,3.45,,,376.93,424.93,1.33,NORMAL,40,1,2
GOPAL.NS,SELL,274.85,downtrend,36.59,-3.4,283.37,290.11,310.95,7.94,2.89,,,290.73,235.15,2.5,NORMAL,76,0,3
BHARATRAS.NS,SELL,1352.1,downtrend,38.96,-15.45,1407.57,1417.52,1938.72,40.14,2.97,,,1432.39,1151.39,2.5,NORMAL,75,0,3
RBA.NS,HOLD,79.18,weak_trend,82.68,3.3,72.74,69.2,67.27,2.6,3.29,,,75.28,84.38,1.33,NORMAL,40,1,2
LUMAXIND.NS,HOLD,5278.5,weak_trend,49.38,-51.19,5280.23,5357.17,5249.8,151.86,2.88,,,5050.71,5582.21,1.33,NORMAL,40,0,3
ZOTA.NS,HOLD,1416.8,weak_trend,85.04,51.03,1273.48,1252.53,1373.87,55.79,3.94,,,1333.11,1528.39,1.33,NORMAL,40,1,2
AVANTEL.NS,HOLD,179.12,weak_trend,60.77,3.05,171.14,164.1,159.12,7.62,4.25,,,167.69,194.36,1.33,ELEVATED,40,2,1
EIEL.NS,HOLD,223.73,weak_trend,81.54,7.81,199.67,202.35,201.9,10.05,4.49,,,208.66,243.82,1.33,ELEVATED,40,1,2
HUBTOWN.NS,SELL,207.63,downtrend,56.68,0.69,199.72,206.11,244.43,9.09,4.38,,,225.81,162.19,2.5,ELEVATED,66,2,1
KITEX.NS,SELL,160.17,downtrend,63.54,0.24,157.48,161.1,179.84,6.95,4.34,,,174.07,125.43,2.5,ELEVATED,63,1,2
RAYMONDREL.NS,HOLD,619.2,weak_trend,56.73,20.58,609.59,563.1,519.28,32.59,5.26,,,570.32,684.37,1.33,ELEVATED,40,1,2
SANATHAN.NS,HOLD,446.3,weak_trend,66.46,8.06,422.49,427.68,444.95,16.18,3.62,,,422.04,478.65,1.33,NORMAL,40,2,1
NORTHARC.NS,HOLD,298.1,weak_trend,58.26,3.43,292.52,283.09,262.74,10.46,3.51,,,282.41,319.02,1.33,NORMAL,40,1,2
JAMNAAUTO.NS,HOLD,131.37,weak_trend,69.07,2.93,126.54,123.67,118.88,4.15,3.16,,,125.14,139.67,1.33,NORMAL,40,2,1
GUJALKALI.NS,HOLD,614.45,weak_trend,43.66,-15.76,638.63,690.38,568.44,24.85,4.04,,,577.18,664.14,1.33,ELEVATED,40,0,3
DCAL.NS,SELL,175.37,downtrend,38.68,-4.34,179.51,183.85,219.02,7.46,4.25,,,190.28,138.09,2.5,ELEVATED,75,0,3
AWFIS.NS,SELL,302.4,downtrend,54.24,-6.89,302.97,329.82,425.43,11.84,3.92,,,326.09,243.19,2.5,NORMAL,67,1,2
MOSCHIP.NS,HOLD,206.49,weak_trend,52.22,-0.8,210.83,209.59,210.65,6.93,3.35,,,196.1,220.34,1.33,NORMAL,40,0,3
RAMKY.NS,SELL,401.5,downtrend,32.92,-13.74,424.41,455.92,520.1,11.84,2.95,,,425.17,342.32,2.5,NORMAL,78,0,3
GOLDIAM.NS,HOLD,444.15,weak_trend,53.91,13.15,455.32,420.05,371.37,23.09,5.2,,,409.52,490.32,1.33,ELEVATED,40,1,2
JTEKTINDIA.NS,HOLD,136.23,weak_trend,75.28,1.7,129.48,131.62,143.12,5.58,4.1,,,127.86,147.39,1.33,ELEVATED,40,0,3
HEMIPROP.NS,HOLD,138.67,weak_trend,50.98,-0.53,139.22,140.28,139.86,3.21,2.32,,,133.85,145.1,1.33,NORMAL,40,0,3
63MOONS.NS,SELL,654.75,downtrend,51.47,3.54,654.08,675.7,705.22,21.35,3.26,,,697.45,548.0,2.5,NORMAL,69,1,2
KIRLOSIND.NS,HOLD,3915.1,weak_trend,70.31,228.76,3549.39,3352.51,3346.5,247.74,6.33,,,3543.5,4410.57,1.33,ELEVATED,40,1,2
SHANTIGEAR.NS,HOLD,443.85,weak_trend,54.19,-0.9,444.46,451.56,468.78,8.71,1.96,,,430.78,461.27,1.33,LOW,40,0,3
SINDHUTRAD.NS,HOLD,24.82,weak_trend,47.62,-0.01,25.22,24.73,23.84,1.02,4.11,,,23.29,26.86,1.33,ELEVATED,40,0,3
BOROLTD.NS,SELL,233.23,downtrend,63.86,1.0,225.93,234.11,277.06,7.7,3.3,,,248.64,194.71,2.5,NORMAL,63,1,2
MARATHON.NS,SELL,400.7,downtrend,53.87,-13.51,405.1,452.12,505.64,12.19,3.04,,,425.07,339.77,2.5,NORMAL,68,1,2
CAMLINFINE.NS,HOLD,133.38,weak_trend,57.34,2.63,133.47,128.12,152.18,6.89,5.17,,,123.04,147.17,1.33,ELEVATED,40,0,3
UFLEX.NS,HOLD,419.9,weak_trend,54.26,1.65,422.0,418.49,467.03,13.29,3.17,,,399.97,446.48,1.33,NORMAL,40,0,3
VAIBHAVGBL.NS,HOLD,229.26,weak_trend,52.09,2.87,233.65,226.14,227.75,8.71,3.8,,,216.2,246.67,1.33,NORMAL,40,0,3
UEL.NS,SELL,129.82,downtrend,46.64,-3.27,138.27,146.72,139.26,7.39,5.69,,,144.59,92.89,2.5,ELEVATED,71,0,3
RPGLIFE.NS,HOLD,2292.5,weak_trend,73.27,24.01,2233.21,2238.07,2189.98,82.36,3.59,,,2168.95,2457.23,1.33,NORMAL,40,1,2
RAYMOND.NS,HOLD,581.8,weak_trend,63.45,20.76,569.04,525.77,479.02,18.81,3.23,,,553.59,619.41,1.33,NORMAL,40,1,2
ORCHPHARMA.NS,HOLD,972.8,weak_trend,65.3,57.36,932.87,783.45,724.31,60.31,6.2,,,882.34,1093.41,1.33,ELEVATED,40,1,2
LUXIND.NS,HOLD,1225.4,weak_trend,35.61,-38.82,1274.57,1381.48,1184.64,37.64,3.07,,,1168.95,1300.67,1.33,NORMAL,40,0,3
MPSLTD.NS,SELL,1888.5,downtrend,59.24,22.76,1819.14,1762.98,1893.0,51.41,2.72,,,1991.33,1631.43,2.5,NORMAL,65,1,2
MCLOUD.NS,SELL,30.5,downtrend,64.41,0.85,26.82,26.46,36.53,2.7,8.87,,,35.91,16.98,2.5,ELEVATED,62,2,1
AJMERA.NS,SELL,130.0,downtrend,59.44,3.12,126.61,124.73,159.8,7.83,6.02,,,145.66,90.86,2.5,ELEVATED,65,1,2
GOODLUCK.NS,HOLD,1487.0,weak_trend,68.38,37.11,1368.38,1341.59,1184.08,58.16,3.91,,,1399.76,1603.31,1.33,NORMAL,40,2,1
VADILALIND.NS,HOLD,6288.4,weak_trend,76.14,390.53,6010.1,5109.72,5039.03,204.82,3.26,,,5981.17,6698.04,1.33,NORMAL,40,1,2
EBGNG.NS,HOLD,625.45,weak_trend,92.44,41.89,480.38,447.29,362.92,32.45,5.19,,,576.77,690.36,1.33,ELEVATED,40,2,1
QUESS.NS,HOLD,267.61,weak_trend,81.8,11.37,241.52,219.77,211.55,9.19,3.44,,,253.82,286.0,1.33,NORMAL,40,2,1
WONDERLA.NS,SELL,495.15,downtrend,63.19,1.63,482.65,494.51,531.68,11.66,2.35,,,518.47,436.85,2.5,NORMAL,63,1,2
GREENPLY.NS,HOLD,296.64,weak_trend,68.31,9.95,291.55,271.18,260.77,9.6,3.24,,,282.24,315.84,1.33,NORMAL,40,1,2
NEOGEN.NS,HOLD,2024.9,weak_trend,52.92,40.66,1949.16,1803.53,1438.98,84.34,4.16,,,1898.4,2193.57,1.33,ELEVATED,40,2,1
INTERARCH.NS,HOLD,1929.0,weak_trend,79.36,26.71,1826.16,1895.17,2038.66,58.9,3.05,,,1840.65,2046.8,1.33,NORMAL,40,0,3
PRECWIRE.NS,HOLD,401.7,weak_trend,47.15,1.91,414.51,411.42,290.86,19.71,4.91,,,372.14,441.11,1.33,ELEVATED,40,0,3
KOLTEPATIL.NS,HOLD,364.5,weak_trend,55.68,-0.61,365.71,374.99,383.33,10.46,2.87,,,348.81,385.42,1.33,NORMAL,40,0,3
JINDWORLD.NS,HOLD,30.02,weak_trend,55.3,0.73,29.93,28.32,29.41,1.67,5.55,,,27.52,33.35,1.33,ELEVATED,40,1,2
MBAPL.NS,HOLD,562.0,weak_trend,55.75,7.07,558.19,544.42,460.67,16.95,3.02,,,536.58,595.89,1.33,NORMAL,40,1,2
MEDIASSIST.NS,SELL,365.55,downtrend,63.65,0.27,362.68,366.03,424.79,12.74,3.48,,,391.02,301.87,2.5,NORMAL,63,1,2
NPST.NS,HOLD,1618.6,weak_trend,53.09,97.06,1553.91,1310.14,1453.83,98.28,6.07,,,1471.18,1815.16,1.33,ELEVATED,40,1,2
CENTUM.NS,BUY,3784.0,uptrend,69.67,130.93,3549.63,3225.92,2697.67,173.92,4.6,3708.32,3859.68,3436.16,4653.61,2.5,ELEVATED,79,3,0
HARSHA.NS,HOLD,419.7,weak_trend,61.48,6.32,414.28,405.39,387.17,15.27,3.64,,,396.8,450.24,1.33,NORMAL,40,1,2
GOCOLORS.NS,HOLD,393.65,weak_trend,50.74,17.17,376.23,326.34,438.97,23.67,6.01,,,358.15,440.99,1.33,ELEVATED,40,0,3
NSIL.NS,SELL,5496.5,downtrend,49.75,-19.96,5572.48,5637.95,6294.15,128.79,2.34,,,5754.07,4852.57,2.5,NORMAL,70,0,3
INDOSTAR.NS,HOLD,251.79,weak_trend,48.75,8.96,243.95,223.53,230.21,10.82,4.3,,,235.56,273.43,1.33,ELEVATED,40,1,2
KSL.NS,HOLD,879.95,weak_trend,74.84,7.95,820.95,827.72,768.23,28.32,3.22,,,837.47,936.59,1.33,NORMAL,40,2,1
ROLEXRINGS.NS,HOLD,149.58,weak_trend,72.03,1.78,141.97,144.93,130.15,2.92,1.95,,,145.2,155.42,1.33,LOW,40,1,2
ADVENZYMES.NS,SELL,307.5,downtrend,15.96,-6.87,365.64,359.91,317.92,16.72,5.44,,,340.94,223.89,2.5,ELEVATED,87,1,2
SHAREINDIA.NS,HOLD,134.46,weak_trend,52.81,-0.75,135.92,139.83,149.13,4.37,3.25,,,127.9,143.2,1.33,NORMAL,40,0,3
POCL.NS,BUY,1374.9,uptrend,67.71,3.54,1301.78,1343.45,1287.08,52.26,3.8,1347.4,1402.4,1270.37,1636.22,2.5,NORMAL,78,3,0
GUFICBIO.NS,BUY,407.05,uptrend,66.15,14.84,368.18,327.52,325.56,19.12,4.7,398.91,415.19,368.81,502.64,2.5,ELEVATED,78,3,0
UNICHEMLAB.NS,HOLD,461.7,weak_trend,61.09,19.29,425.88,393.09,410.83,24.78,5.37,,,424.53,511.26,1.33,ELEVATED,40,2,1
MSTCLTD.NS,HOLD,709.4,weak_trend,74.72,56.98,616.59,508.56,484.6,40.61,5.73,,,648.48,790.63,1.33,ELEVATED,40,1,2
ROSSARI.NS,HOLD,525.35,weak_trend,53.35,5.22,524.75,516.53,550.51,22.9,4.36,,,491.01,571.14,1.33,ELEVATED,40,0,3
JUBLCPL.NS,HOLD,2032.0,weak_trend,88.53,59.21,1886.49,1817.76,2078.71,75.93,3.74,,,1918.11,2183.86,1.33,NORMAL,40,1,2
CYIENTDLM.NS,HOLD,460.3,weak_trend,58.97,12.19,458.62,429.51,402.59,19.38,4.21,,,431.23,499.06,1.33,ELEVATED,40,1,2
SUNCLAY.NS,SELL,1357.4,downtrend,57.71,-3.92,1332.57,1383.19,1375.23,51.08,3.76,,,1459.56,1102.01,2.5,NORMAL,66,1,2
RPEL.NS,HOLD,1204.0,weak_trend,58.61,70.71,1149.66,945.83,827.1,48.43,4.02,,,1131.36,1300.86,1.33,ELEVATED,40,1,2
BALMLAWRIE.NS,HOLD,182.34,weak_trend,64.77,0.08,179.07,183.53,181.88,4.89,2.68,,,175.01,192.12,1.33,NORMAL,40,2,1
ARTEMISMED.NS,HOLD,262.55,weak_trend,54.45,-0.08,262.86,262.04,250.65,8.24,3.14,,,250.2,279.02,1.33,NORMAL,40,0,3
PRINCEPIPE.NS,HOLD,287.15,weak_trend,52.99,5.91,279.38,268.41,273.51,10.17,3.54,,,271.9,307.49,1.33,NORMAL,40,2,1
JISLJALEQS.NS,HOLD,35.55,weak_trend,80.9,1.15,32.81,32.16,39.28,1.44,4.06,,,33.38,38.44,1.33,ELEVATED,40,0,3
PITTIENG.NS,HOLD,972.5,weak_trend,66.35,13.59,963.91,954.18,885.52,36.27,3.73,,,918.1,1045.04,1.33,NORMAL,40,1,2
FOSECOIND.NS,HOLD,5331.1,weak_trend,73.52,100.18,5054.91,4964.66,5078.8,199.07,3.73,,,5032.49,5729.24,1.33,NORMAL,40,2,1
DPABHUSHAN.NS,SELL,935.65,downtrend,62.1,-6.25,921.06,977.12,1253.99,28.7,3.07,,,993.04,792.17,2.5,NORMAL,63,1,2
SSWL.NS,HOLD,230.68,weak_trend,55.81,4.27,229.15,217.74,210.65,7.68,3.33,,,219.16,246.04,1.33,NORMAL,40,1,2
BHAGCHEM.NS,HOLD,291.05,weak_trend,65.91,10.6,264.42,257.71,235.88,15.53,5.34,,,267.75,322.12,1.33,ELEVATED,40,2,1
BAJAJCON.NS,HOLD,599.0,weak_trend,55.05,16.71,586.18,541.78,363.49,24.81,4.14,,,561.79,648.61,1.33,ELEVATED,40,1,2
NAVNETEDUL.NS,SELL,141.62,downtrend,52.32,-0.08,140.82,142.03,144.89,3.68,2.6,,,148.97,123.24,2.5,NORMAL,68,1,2
INDOTHAI.NS,HOLD,227.06,weak_trend,49.93,-7.21,230.82,258.88,296.89,12.68,5.59,,,208.04,252.43,1.33,ELEVATED,40,0,3
GREENPANEL.NS,HOLD,191.01,weak_trend,40.08,-1.93,191.97,201.79,231.79,7.2,3.77,,,180.21,205.41,1.33,NORMAL,40,0,3
BBL.NS,HOLD,2884.9,weak_trend,52.63,24.79,2809.97,2824.17,2776.74,91.96,3.19,,,2746.95,3068.83,1.33,NORMAL,40,2,1
PROTEAN.NS,SELL,591.35,downtrend,45.95,1.46,608.04,584.59,687.29,20.71,3.5,,,632.78,487.78,2.5,NORMAL,72,0,3
VISHNU.NS,HOLD,601.2,weak_trend,61.46,4.36,602.49,597.52,530.16,18.95,3.15,,,572.77,639.11,1.33,NORMAL,40,0,3
SAMBHV.NS,BUY,108.46,uptrend,53.91,0.26,107.9,112.34,105.47,4.1,3.78,106.29,110.63,100.27,128.94,2.5,NORMAL,71,3,0
BOMDYEING.NS,HOLD,132.71,weak_trend,61.75,2.4,129.74,125.46,133.44,4.48,3.38,,,125.99,141.67,1.33,NORMAL,40,0,3
SWANDEF.NS,HOLD,2197.1,weak_trend,77.27,63.96,2052.96,1960.28,1495.21,88.09,4.01,,,2064.96,2373.29,1.33,ELEVATED,40,1,2
PARAGMILK.NS,SELL,233.56,downtrend,40.9,1.97,233.4,225.53,256.99,8.28,3.54,,,250.11,192.18,2.5,NORMAL,74,0,3
SENORES.NS,HOLD,1329.9,weak_trend,79.99,72.67,1201.89,1076.79,852.39,61.87,4.65,,,1237.09,1453.64,1.33,ELEVATED,40,1,2
HLEGLAS.NS,HOLD,382.55,weak_trend,54.93,10.94,379.15,347.96,405.65,16.41,4.29,,,357.94,415.36,1.33,ELEVATED,40,0,3
HIKAL.NS,HOLD,221.38,weak_trend,88.49,6.21,198.0,199.56,213.17,8.63,3.9,,,208.43,238.65,1.33,NORMAL,40,2,1
FLAIR.NS,SELL,260.0,downtrend,28.47,-9.97,276.71,302.94,306.96,10.39,3.99,,,280.77,208.07,2.5,NORMAL,80,1,2
KIRIINDUS.NS,SELL,381.45,downtrend,33.36,-3.78,393.28,401.09,485.76,12.28,3.22,,,406.01,320.04,2.5,NORMAL,78,0,3
KKCL.NS,HOLD,496.75,weak_trend,81.55,14.35,466.21,462.39,487.89,14.99,3.02,,,474.27,526.73,1.33,NORMAL,40,1,2
MAHLOG.NS,HOLD,373.9,weak_trend,65.31,3.15,353.93,371.34,355.67,13.21,3.53,,,354.08,400.32,1.33,NORMAL,40,2,1
EPACK.NS,SELL,232.7,downtrend,54.47,-0.6,229.73,242.77,272.42,10.16,4.37,,,253.02,181.9,2.5,ELEVATED,67,1,2
ARKADE.NS,HOLD,124.13,weak_trend,81.54,2.02,116.57,117.54,134.91,3.35,2.7,,,119.1,130.84,1.33,NORMAL,40,0,3
PSPPROJECT.NS,HOLD,1000.8,weak_trend,66.93,45.85,919.95,841.65,808.68,40.92,4.09,,,939.42,1082.64,1.33,ELEVATED,40,2,1
STYLAMIND.NS,HOLD,3248.3,weak_trend,58.35,133.14,3193.24,2807.93,2272.94,104.51,3.22,,,3091.54,3457.31,1.33,NORMAL,40,1,2
KRISHANA.NS,HOLD,688.0,weak_trend,53.42,9.74,682.39,669.4,555.08,25.69,3.73,,,649.46,739.39,1.33,NORMAL,40,2,1
PARKHOTELS.NS,SELL,119.95,downtrend,53.78,0.66,118.45,121.12,130.1,3.62,3.02,,,127.19,101.85,2.5,NORMAL,68,1,2
GATEWAY.NS,SELL,57.85,downtrend,49.65,0.62,58.49,57.76,58.04,2.3,3.97,,,62.45,46.36,2.5,NORMAL,70,0,3
PRABHA.NS,SELL,153.6,downtrend,39.84,-2.08,157.2,160.88,179.72,4.91,3.19,,,163.41,129.06,2.5,NORMAL,75,0,3
IMAGICAA.NS,BUY,48.71,uptrend,63.62,1.12,44.94,45.16,48.1,2.62,5.38,47.74,49.68,43.47,61.8,2.5,ELEVATED,76,3,0
JASH.NS,BUY,507.3,uptrend,63.41,30.55,483.24,438.28,434.67,29.43,5.8,497.15,517.45,448.44,654.44,2.5,ELEVATED,76,3,0
GLOBUSSPR.NS,SELL,901.45,downtrend,68.85,-6.4,866.71,930.56,985.91,24.98,2.77,,,951.41,776.54,2.5,NORMAL,60,2,1
PAISALO.NS,SELL,59.1,downtrend,47.73,2.21,58.65,52.56,40.37,1.53,2.59,,,62.17,51.43,2.5,NORMAL,71,2,1
DDEVPLSTIK.NS,SELL,271.64,downtrend,64.7,7.86,259.28,250.07,277.48,11.6,4.27,,,294.84,213.64,2.5,ELEVATED,62,1,2
PATELENG.NS,HOLD,34.93,weak_trend,81.96,1.98,29.94,28.47,30.56,1.59,4.56,,,32.54,38.12,1.33,ELEVATED,40,1,2
PENIND.NS,SELL,167.44,downtrend,67.17,1.63,159.23,161.84,188.94,5.16,3.08,,,177.77,141.63,2.5,NORMAL,61,2,1
WSTCSTPAPR.NS,BUY,534.35,uptrend,65.62,4.53,507.42,500.04,450.51,16.04,3.0,523.66,545.04,502.27,614.55,2.5,NORMAL,77,3,0
GANECOS.NS,HOLD,903.95,weak_trend,43.24,-18.27,916.31,977.41,957.89,33.09,3.66,,,854.31,970.14,1.33,NORMAL,40,1,2
KDDL.NS,BUY,3222.0,uptrend,69.17,141.7,2987.89,2700.31,2477.9,136.41,4.23,3157.56,3286.44,2949.17,3904.07,2.5,ELEVATED,79,3,0
MAITHANALL.NS,HOLD,1032.5,weak_trend,58.68,8.4,1036.6,1005.31,1008.97,46.14,4.47,,,963.3,1124.77,1.33,ELEVATED,40,0,3
POLYPLEX.NS,HOLD,951.6,weak_trend,60.16,17.84,932.89,923.7,893.79,38.01,3.99,,,894.58,1027.62,1.33,NORMAL,40,2,1
DEEPINDS.NS,HOLD,454.55,weak_trend,25.57,-4.74,494.56,482.97,449.86,15.72,3.46,,,430.97,485.99,1.33,NORMAL,40,0,3
SAGCEM.NS,SELL,178.2,downtrend,57.57,-0.93,174.68,179.39,203.83,4.9,2.75,,,188.0,153.69,2.5,NORMAL,66,1,2
SIYSIL.NS,HOLD,638.15,weak_trend,53.03,14.34,621.34,594.34,613.08,22.67,3.55,,,604.14,683.49,1.33,NORMAL,40,2,1
HPL.NS,SELL,360.85,downtrend,49.3,3.98,365.46,363.71,380.35,16.72,4.63,,,394.29,277.26,2.5,ELEVATED,70,0,3
EASEMYTRIP.NS,SELL,6.9,downtrend,2.94,-0.13,7.64,7.72,7.64,0.31,4.49,,,7.52,5.35,2.5,ELEVATED,93,0,3
ASHIANA.NS,BUY,395.95,uptrend,68.89,8.13,371.89,362.97,315.58,15.23,3.85,388.03,403.87,365.5,472.08,2.5,NORMAL,79,3,0
TCPLPACK.NS,HOLD,2966.6,weak_trend,69.53,102.48,2734.39,2685.15,2897.49,152.12,5.13,,,2738.42,3270.84,1.33,ELEVATED,40,2,1
BRIGHOTEL.NS,SELL,63.04,downtrend,49.56,0.42,63.4,63.67,69.1,2.01,3.18,,,67.05,53.01,2.5,NORMAL,70,1,2
SANDHAR.NS,HOLD,716.9,weak_trend,52.03,19.97,702.16,610.97,538.28,32.52,4.54,,,668.11,781.95,1.33,ELEVATED,40,2,1
SHK.NS,HOLD,128.33,weak_trend,56.89,0.02,131.65,136.38,165.97,5.52,4.3,,,120.05,139.37,1.33,ELEVATED,40,0,3
TFCILTD.NS,HOLD,77.07,weak_trend,59.36,0.78,75.71,75.31,70.23,2.86,3.71,,,72.78,82.79,1.33,NORMAL,40,2,1
RAMRAT.NS,HOLD,406.9,weak_trend,76.45,0.11,395.97,417.43,341.08,14.64,3.6,,,384.94,436.18,1.33,NORMAL,40,1,2
SUNDROP.NS,SELL,638.1,downtrend,40.12,-3.72,656.25,663.12,695.15,20.93,3.28,,,679.95,533.47,2.5,NORMAL,74,1,2
EFCIL.NS,SELL,188.3,downtrend,53.49,0.07,186.4,187.3,247.35,7.06,3.75,,,202.42,152.99,2.5,NORMAL,68,1,2
ORISSAMINE.NS,HOLD,4011.7,weak_trend,50.54,-23.39,4037.92,4100.05,4495.71,144.79,3.61,,,3794.51,4301.29,1.33,NORMAL,40,0,3
VEEDOL.NS,HOLD,1443.3,weak_trend,53.62,6.46,1453.64,1445.6,1538.99,34.24,2.37,,,1391.95,1511.77,1.33,NORMAL,40,0,3
TEAMLEASE.NS,HOLD,1445.1,weak_trend,69.02,25.6,1417.91,1361.96,1485.63,27.2,1.88,,,1404.3,1499.5,1.33,LOW,40,1,2
AGIIL.NS,HOLD,365.15,weak_trend,46.2,-1.97,370.87,373.65,299.13,16.42,4.5,,,340.52,397.99,1.33,ELEVATED,40,0,3
NOCIL.NS,HOLD,179.81,weak_trend,64.41,4.31,168.98,172.23,163.65,8.23,4.57,,,167.47,196.26,1.33,ELEVATED,40,2,1
EMSLIMITED.NS,HOLD,411.3,weak_trend,76.65,26.3,350.14,343.72,397.07,24.53,5.96,,,374.51,460.35,1.33,ELEVATED,40,1,2
PREMEXPLN.NS,HOLD,805.95,weak_trend,68.36,42.42,726.78,639.19,555.43,42.55,5.28,,,742.12,891.06,1.33,ELEVATED,40,2,1
MANINDS.NS,HOLD,581.65,weak_trend,67.38,16.23,553.01,545.5,438.19,27.96,4.81,,,539.7,637.58,1.33,ELEVATED,40,2,1
TIRUMALCHM.NS,SELL,166.84,downtrend,44.74,-8.1,171.54,192.67,222.23,8.17,4.9,,,183.18,125.99,2.5,ELEVATED,72,1,2
SANGHVIMOV.NS,HOLD,438.4,weak_trend,71.72,20.09,402.47,359.83,331.62,18.96,4.32,,,409.96,476.31,1.33,ELEVATED,40,2,1
FMGOETZE.NS,SELL,444.15,downtrend,61.45,3.86,441.39,446.7,458.89,15.66,3.53,,,475.47,365.85,2.5,NORMAL,64,1,2
SBCL.NS,HOLD,760.45,weak_trend,60.17,23.64,733.9,677.42,516.5,33.34,4.38,,,710.45,827.12,1.33,ELEVATED,40,1,2
FCL.NS,HOLD,38.8,weak_trend,51.76,1.54,41.24,34.24,26.44,2.59,6.69,,,34.91,43.99,1.33,ELEVATED,40,0,3
VIMTALABS.NS,HOLD,587.55,weak_trend,71.38,28.94,546.77,498.05,555.35,25.01,4.26,,,550.03,637.57,1.33,ELEVATED,40,1,2
MUTHOOTMF.NS,HOLD,214.37,weak_trend,70.67,7.59,197.03,191.32,176.81,8.8,4.1,,,201.18,231.96,1.33,ELEVATED,40,2,1
MARINE.NS,HOLD,283.55,weak_trend,72.73,10.9,256.96,242.16,213.96,13.97,4.93,,,262.59,311.5,1.33,ELEVATED,40,1,2
ARVSMART.NS,HOLD,600.65,weak_trend,63.36,1.97,594.23,603.65,589.78,17.45,2.91,,,574.47,635.56,1.33,NORMAL,40,2,1
DALMIASUG.NS,SELL,325.75,downtrend,44.53,-5.63,333.0,352.14,327.72,8.13,2.5,,,342.01,285.09,2.5,NORMAL,72,0,3
KPEL.NS,SELL,341.15,downtrend,47.13,-2.51,347.23,358.72,350.8,10.93,3.2,,,363.0,286.52,2.5,NORMAL,71,0,3
GIPCL.NS,HOLD,160.53,weak_trend,50.54,0.93,163.0,158.03,157.17,4.72,2.94,,,153.45,169.96,1.33,NORMAL,40,0,3
ALPEXSOLAR.NS,SELL,885.65,downtrend,32.92,-20.36,957.02,992.89,980.4,33.07,3.73,,,951.8,720.28,2.5,NORMAL,78,0,3
PRAKASH.NS,SELL,139.27,downtrend,48.28,-1.0,143.78,145.55,141.79,5.52,3.96,,,150.31,111.68,2.5,NORMAL,70,0,3
RPSGVENT.NS,HOLD,849.45,weak_trend,38.35,-13.86,883.99,905.49,811.24,24.84,2.92,,,812.19,899.14,1.33,NORMAL,40,1,2
BCG.NS,SELL,9.81,downtrend,38.71,-0.1,10.5,10.06,11.22,0.39,3.97,,,10.59,7.86,2.5,NORMAL,75,0,3
TATVA.NS,SELL,1194.3,downtrend,56.88,-5.1,1184.8,1233.34,1252.88,43.1,3.61,,,1280.5,978.8,2.5,NORMAL,66,1,2
IOLCP.NS,BUY,145.29,uptrend,68.91,5.58,132.16,117.8,93.25,6.79,4.68,142.38,148.2,131.7,179.25,2.5,ELEVATED,79,3,0
BAJAJHIND.NS,SELL,17.65,downtrend,35.46,-0.18,18.95,18.99,18.83,0.56,3.18,,,18.77,14.85,2.5,NORMAL,77,0,3
BFUTILITIE.NS,HOLD,608.5,weak_trend,53.42,11.92,625.29,588.3,608.52,28.47,4.68,,,565.79,665.44,1.33,ELEVATED,40,0,3
RAMCOIND.NS,HOLD,338.85,weak_trend,69.45,12.0,304.93,289.95,307.5,15.0,4.43,,,316.35,368.85,1.33,ELEVATED,40,2,1
TVSSRICHAK.NS,HOLD,4107.5,weak_trend,58.98,80.36,4052.05,3904.08,3937.05,127.76,3.11,,,3915.86,4363.01,1.33,NORMAL,40,2,1
POKARNA.NS,HOLD,1037.2,weak_trend,75.03,60.89,921.72,884.98,870.01,56.32,5.43,,,952.71,1149.85,1.33,ELEVATED,40,1,2
JTLIND.NS,HOLD,79.59,weak_trend,60.48,2.22,74.61,74.24,66.7,4.17,5.24,,,73.33,87.93,1.33,ELEVATED,40,2,1
EVEREADY.NS,HOLD,367.5,weak_trend,82.01,11.92,347.27,333.08,339.29,14.01,3.81,,,346.49,395.51,1.33,NORMAL,40,1,2
CARRARO.NS,HOLD,534.0,weak_trend,55.46,2.52,540.62,556.46,520.15,21.11,3.95,,,502.33,576.22,1.33,NORMAL,40,2,1
NRBBEARING.NS,HOLD,444.0,weak_trend,54.19,20.43,417.33,363.18,290.33,20.51,4.62,,,413.23,485.02,1.33,ELEVATED,40,2,1
HONDAPOWER.NS,SELL,2181.0,downtrend,42.52,-10.92,2220.47,2244.25,2338.84,64.43,2.95,,,2309.86,1858.86,2.5,NORMAL,73,0,3
SAKSOFT.NS,HOLD,206.71,weak_trend,87.82,9.17,148.57,144.89,169.04,9.16,4.43,,,192.97,225.03,1.33,ELEVATED,40,2,1
MOREPENLAB.NS,HOLD,59.12,weak_trend,74.24,2.9,50.19,45.9,43.6,2.63,4.46,,,55.17,64.39,1.33,ELEVATED,40,2,1
HIRECT.NS,HOLD,1159.2,weak_trend,58.56,35.21,1129.27,1028.05,822.51,55.65,4.8,,,1075.72,1270.5,1.33,ELEVATED,40,1,2
VENUSPIPES.NS,HOLD,1730.5,weak_trend,87.23,90.7,1523.55,1434.13,1250.45,63.06,3.64,,,1635.9,1856.63,1.33,NORMAL,40,1,2
SOTL.NS,HOLD,513.5,weak_trend,38.91,22.77,556.04,464.14,394.28,34.04,6.63,,,462.44,581.58,1.33,ELEVATED,40,0,3
ALLCARGO.NS,SELL,8.09,downtrend,30.5,-0.22,8.66,8.98,14.68,0.33,4.11,,,8.76,6.43,2.5,ELEVATED,79,0,3
MTNL.NS,HOLD,29.54,weak_trend,52.76,-0.01,30.62,30.53,34.14,1.09,3.7,,,27.9,31.72,1.33,NORMAL,40,0,3
RELTD.NS,HOLD,165.28,weak_trend,75.43,8.89,145.45,138.58,148.18,10.59,6.41,,,149.4,186.45,1.33,ELEVATED,40,1,2
ALEMBICLTD.NS,SELL,91.58,downtrend,62.61,0.92,88.99,89.93,94.4,2.61,2.85,,,96.8,78.52,2.5,NORMAL,63,1,2
DIGITIDE.NS,HOLD,84.89,weak_trend,49.43,-0.73,86.33,90.26,120.4,3.82,4.5,,,79.16,92.53,1.33,ELEVATED,40,0,3
UTKARSHBNK.NS,SELL,14.29,downtrend,63.71,0.32,13.6,13.82,15.32,0.74,5.19,,,15.77,10.58,2.5,ELEVATED,63,1,2
NUCLEUS.NS,SELL,755.7,downtrend,59.86,-1.6,753.19,776.2,878.69,37.89,5.01,,,831.49,566.24,2.5,ELEVATED,65,1,2
SERVOTECH.NS,HOLD,101.12,weak_trend,52.32,0.7,101.92,97.09,92.63,3.84,3.8,,,95.36,108.81,1.33,NORMAL,40,0,3
AUTOAXLES.NS,SELL,1769.2,downtrend,62.23,9.1,1743.87,1767.36,1796.55,50.93,2.88,,,1871.06,1514.56,2.5,NORMAL,63,2,1
HMT.NS,HOLD,67.87,weak_trend,72.22,3.02,60.87,59.84,55.37,3.05,4.49,,,63.3,73.96,1.33,ELEVATED,40,1,2
LAOPALA.NS,SELL,180.5,downtrend,63.24,1.21,178.26,177.54,202.08,5.79,3.21,,,192.09,151.53,2.5,NORMAL,63,1,2
DCXINDIA.NS,BUY,198.72,uptrend,63.82,0.12,192.51,198.63,197.22,8.21,4.13,194.75,202.69,182.31,239.75,2.5,ELEVATED,76,3,0
HINDWAREAP.NS,HOLD,260.18,weak_trend,77.29,8.03,239.5,230.99,266.28,12.49,4.8,,,241.44,285.16,1.33,ELEVATED,40,0,3
INDOCO.NS,HOLD,239.22,weak_trend,70.47,6.62,226.14,218.55,233.83,13.03,5.45,,,219.68,265.28,1.33,ELEVATED,40,1,2
WINDMACHIN.NS,HOLD,304.0,weak_trend,41.75,4.41,309.2,299.03,276.81,13.16,4.33,,,284.25,330.33,1.33,ELEVATED,40,0,3
TAJGVK.NS,HOLD,337.15,weak_trend,54.45,2.58,333.12,326.99,368.85,10.45,3.1,,,321.48,358.04,1.33,NORMAL,40,0,3
NITCO.NS,HOLD,107.89,weak_trend,63.73,3.73,101.87,98.11,93.5,6.05,5.61,,,98.81,119.99,1.33,ELEVATED,40,2,1
SIRCA.NS,SELL,402.4,downtrend,24.17,-4.38,414.19,421.83,462.6,9.0,2.24,,,420.41,357.38,2.5,NORMAL,82,0,3
VIKRAN.NS,SELL,76.23,downtrend,68.3,0.8,71.4,71.58,84.43,3.32,4.36,,,82.87,59.62,2.5,ELEVATED,60,2,1
KALAMANDIR.NS,SELL,109.47,downtrend,51.48,1.05,107.44,107.14,132.13,4.44,4.06,,,118.35,87.27,2.5,ELEVATED,69,1,2
VSSL.NS,HOLD,279.5,weak_trend,57.0,2.8,278.03,275.69,270.46,9.93,3.55,,,264.61,299.36,1.33,NORMAL,40,1,2
KRSNAA.NS,HOLD,543.8,weak_trend,49.36,-6.23,537.98,562.77,683.2,12.66,2.33,,,524.81,569.12,1.33,NORMAL,40,0,3
SDBL.NS,SELL,67.78,downtrend,44.9,-3.44,74.2,82.11,98.48,4.31,6.35,,,76.39,46.24,2.5,ELEVATED,72,0,3
CARYSIL.NS,HOLD,1198.2,weak_trend,51.12,40.83,1165.86,1048.33,931.36,47.64,3.98,,,1126.74,1293.49,1.33,NORMAL,40,1,2
TCIEXP.NS,SELL,512.45,downtrend,49.34,3.59,530.83,524.58,570.14,27.48,5.36,,,567.41,375.06,2.5,ELEVATED,70,0,3
KCP.NS,SELL,169.49,downtrend,56.86,2.18,166.26,168.14,175.14,5.61,3.31,,,180.71,141.44,2.5,NORMAL,66,1,2
BEPL.NS,HOLD,99.42,weak_trend,54.29,1.42,99.25,97.69,91.99,3.84,3.86,,,93.66,107.1,1.33,NORMAL,40,1,2
KMEW.NS,HOLD,2291.9,weak_trend,71.01,93.22,2037.17,1992.49,1633.61,126.76,5.53,,,2101.76,2545.41,1.33,ELEVATED,40,1,2
XPROINDIA.NS,HOLD,1395.3,weak_trend,72.0,66.13,1265.74,1158.58,1053.48,80.37,5.76,,,1274.74,1556.04,1.33,ELEVATED,40,1,2
HATHWAY.NS,HOLD,11.15,weak_trend,54.52,0.23,11.17,10.92,11.92,0.58,5.21,,,10.28,12.31,1.33,ELEVATED,40,0,3
REPCOHOME.NS,HOLD,417.75,weak_trend,80.74,7.01,386.32,394.65,393.17,12.81,3.07,,,398.53,443.37,1.33,NORMAL,40,1,2
ADFFOODS.NS,HOLD,310.7,weak_trend,62.48,10.98,293.79,276.26,222.91,14.6,4.7,,,288.81,339.89,1.33,ELEVATED,40,2,1
UNIVCABLES.NS,HOLD,1253.6,weak_trend,55.83,44.24,1225.02,1096.0,846.94,79.66,6.35,,,1134.11,1412.91,1.33,ELEVATED,40,1,2
PANACEABIO.NS,HOLD,565.85,weak_trend,57.52,31.44,540.83,451.64,394.88,30.09,5.32,,,520.72,626.02,1.33,ELEVATED,40,1,2
GRMOVER.NS,HOLD,90.71,weak_trend,49.34,-15.01,102.56,138.78,148.68,4.87,5.36,,,83.41,100.44,1.33,ELEVATED,40,0,3
DIAMONDYD.NS,HOLD,1150.6,weak_trend,54.56,17.07,1128.87,1060.66,1056.36,34.72,3.02,,,1098.52,1220.04,1.33,NORMAL,40,1,2
CAPACITE.NS,HOLD,253.73,weak_trend,69.78,8.47,237.11,237.77,252.2,12.17,4.79,,,235.48,278.06,1.33,ELEVATED,40,2,1
ROSSTECH.NS,HOLD,969.4,weak_trend,43.77,-8.23,1000.77,977.44,769.78,53.23,5.49,,,889.56,1075.86,1.33,ELEVATED,40,0,3
FILATEX.NS,HOLD,51.91,weak_trend,56.05,1.68,52.24,47.29,49.05,1.78,3.43,,,49.24,55.47,1.33,NORMAL,40,0,3
JINDALPOLY.NS,HOLD,621.85,weak_trend,32.8,-16.61,674.57,691.87,605.26,31.59,5.08,,,574.46,685.04,1.33,ELEVATED,40,0,3
SMSPHARMA.NS,HOLD,412.55,weak_trend,72.14,0.8,376.62,389.91,341.11,12.94,3.14,,,393.15,438.42,1.33,NORMAL,40,2,1
MONARCH.NS,HOLD,336.75,weak_trend,50.54,5.47,341.27,322.59,304.74,11.59,3.44,,,319.36,359.94,1.33,NORMAL,40,0,3
TASTYBITE.NS,HOLD,8492.0,weak_trend,78.54,231.56,8139.45,7722.9,7927.17,264.71,3.12,,,8094.93,9021.43,1.33,NORMAL,40,1,2
AEROFLEX.NS,HOLD,471.6,weak_trend,60.31,25.62,458.23,397.2,248.19,30.88,6.55,,,425.28,533.36,1.33,ELEVATED,40,1,2
HGS.NS,HOLD,412.8,weak_trend,55.62,2.43,419.44,415.48,438.88,16.53,4.0,,,388.0,445.86,1.33,NORMAL,40,0,3
JAICORPLTD.NS,HOLD,114.24,weak_trend,56.22,0.47,115.55,116.05,126.11,4.23,3.7,,,107.9,122.7,1.33,NORMAL,40,0,3
MOLDTKPAC.NS,HOLD,719.35,weak_trend,58.08,12.57,694.44,655.2,631.47,29.14,4.05,,,675.64,777.64,1.33,ELEVATED,40,2,1
COSMOFIRST.NS,HOLD,788.25,weak_trend,62.76,15.97,758.31,750.04,739.62,29.91,3.79,,,743.38,848.07,1.33,NORMAL,40,2,1
PFS.NS,SELL,31.34,downtrend,57.35,0.12,30.91,30.85,32.46,0.77,2.45,,,32.88,27.49,2.5,NORMAL,66,1,2
MBEL.NS,HOLD,310.65,weak_trend,81.28,2.32,296.66,307.26,349.64,12.0,3.86,,,292.64,334.66,1.33,NORMAL,40,0,3
BAJEL.NS,HOLD,193.02,weak_trend,40.27,2.87,199.08,188.53,178.67,6.81,3.53,,,182.81,206.64,1.33,NORMAL,40,0,3
INSECTICID.NS,SELL,660.85,downtrend,22.58,-15.12,698.61,712.85,684.81,21.83,3.3,,,704.5,551.72,2.5,NORMAL,83,0,3
SHALBY.NS,SELL,175.72,downtrend,62.79,1.66,171.68,167.55,188.59,5.21,2.96,,,186.14,149.67,2.5,NORMAL,63,2,1
NDRAUTO.NS,HOLD,821.1,weak_trend,54.97,7.15,817.19,804.6,830.42,29.48,3.59,,,776.88,880.06,1.33,NORMAL,40,0,3
FINOPB.NS,SELL,143.29,downtrend,53.36,4.63,140.43,133.51,213.79,7.2,5.02,,,157.68,107.31,2.5,ELEVATED,68,1,2
ORIENTHOT.NS,HOLD,140.88,weak_trend,83.94,10.64,118.84,107.37,110.24,8.29,5.88,,,128.45,157.46,1.33,ELEVATED,40,1,2
STYLEBAAZA.NS,SELL,279.2,downtrend,30.81,-17.07,322.43,355.17,319.42,15.01,5.38,,,309.23,204.13,2.5,ELEVATED,79,1,2
SCILAL.NS,SELL,43.92,downtrend,48.86,-0.31,45.02,46.0,46.56,1.25,2.86,,,46.43,37.64,2.5,NORMAL,70,0,3
NILKAMAL.NS,SELL,1259.2,downtrend,49.84,-1.79,1272.57,1286.21,1387.59,34.06,2.7,,,1327.31,1088.91,2.5,NORMAL,70,1,2
LANDMARK.NS,SELL,437.65,downtrend,58.56,12.6,424.38,403.61,473.28,20.09,4.59,,,477.84,337.19,2.5,ELEVATED,65,1,2
EIHAHOTELS.NS,HOLD,324.0,weak_trend,80.81,3.24,311.34,317.51,342.64,7.98,2.46,,,312.03,339.96,1.33,NORMAL,40,0,3
IPL.NS,SELL,162.06,downtrend,50.56,0.76,160.88,161.27,170.88,5.57,3.43,,,173.19,134.23,2.5,NORMAL,69,1,2
SUMMITSEC.NS,SELL,1511.2,downtrend,53.77,-6.64,1522.72,1561.05,1831.14,47.18,3.12,,,1605.56,1275.31,2.5,NORMAL,68,1,2
SEAMECLTD.NS,HOLD,1420.4,weak_trend,33.5,-39.48,1512.08,1540.07,1210.85,79.9,5.63,,,1300.55,1580.2,1.33,ELEVATED,40,0,3
MAYURUNIQ.NS,HOLD,860.8,weak_trend,63.38,33.39,793.9,699.88,563.85,30.36,3.53,,,815.26,921.51,1.33,NORMAL,40,2,1
RML.NS,HOLD,1155.85,weak_trend,73.42,60.8,988.01,914.7,821.54,53.95,4.67,,,1074.92,1263.76,1.33,ELEVATED,40,1,2
YATRA.NS,HOLD,112.63,weak_trend,74.21,2.88,104.82,104.09,137.81,4.66,4.14,,,105.64,121.95,1.33,ELEVATED,40,0,3
STEELCAS.NS,HOLD,303.55,weak_trend,61.71,5.24,291.09,289.17,238.1,17.46,5.75,,,277.36,338.47,1.33,ELEVATED,40,2,1
GENESYS.NS,HOLD,319.4,weak_trend,61.63,19.92,317.56,276.14,367.96,23.12,7.24,,,284.72,365.64,1.33,ELEVATED,40,0,3
GVPIL.NS,HOLD,910.95,weak_trend,50.15,52.7,956.93,788.8,469.48,54.93,6.03,,,828.56,1020.81,1.33,ELEVATED,40,0,3
SOLARA.NS,SELL,575.7,downtrend,48.44,9.38,569.14,541.78,543.56,25.52,4.43,,,626.74,448.11,2.5,ELEVATED,70,1,2
KICL.NS,HOLD,5316.5,weak_trend,68.75,111.93,5154.52,5008.45,4946.79,157.93,2.97,,,5079.61,5632.36,1.33,NORMAL,40,2,1
SPECTRUM.NS,HOLD,1860.7,weak_trend,64.7,94.78,1689.26,1456.64,1348.39,101.39,5.45,,,1708.62,2063.47,1.33,ELEVATED,40,2,1
SULA.NS,SELL,153.26,downtrend,48.2,-1.6,155.49,161.47,197.82,3.46,2.26,,,160.18,135.95,2.5,NORMAL,70,0,3
SIMPLEXINF.NS,SELL,265.7,downtrend,49.21,6.72,258.19,239.92,244.92,13.87,5.22,,,293.44,196.34,2.5,ELEVATED,70,1,2
SGFIN.NS,HOLD,617.35,weak_trend,59.45,9.02,588.63,576.13,441.47,22.8,3.69,,,583.15,662.95,1.33,NORMAL,40,2,1
CANTABIL.NS,HOLD,239.37,weak_trend,72.06,3.92,224.57,228.59,252.66,7.73,3.23,,,227.78,254.82,1.33,NORMAL,40,0,3
DELTACORP.NS,SELL,63.7,downtrend,47.98,-1.33,65.3,69.94,69.14,1.43,2.24,,,66.55,56.56,2.5,NORMAL,71,0,3
SASKEN.NS,HOLD,2161.6,weak_trend,44.14,100.21,2270.1,1883.41,1454.49,155.31,7.19,,,1928.63,2472.23,1.33,ELEVATED,40,0,3
SANGAMIND.NS,HOLD,544.25,weak_trend,57.29,8.57,532.34,518.76,459.75,21.69,3.99,,,511.71,587.64,1.33,NORMAL,40,1,2
RANEHOLDIN.NS,HOLD,1666.2,weak_trend,72.79,83.23,1543.31,1380.3,1359.37,85.62,5.14,,,1537.77,1837.44,1.33,ELEVATED,40,2,1
HINDOILEXP.NS,HOLD,160.87,weak_trend,23.98,-1.38,166.07,163.82,154.46,8.69,5.4,,,147.83,178.25,1.33,ELEVATED,40,0,3
STOVEKRAFT.NS,HOLD,775.5,weak_trend,88.49,48.95,687.26,608.4,592.88,28.32,3.65,,,733.02,832.14,1.33,NORMAL,40,1,2
GEOJITFSL.NS,HOLD,77.63,weak_trend,70.91,1.71,76.54,72.72,71.14,2.31,2.97,,,74.17,82.25,1.33,NORMAL,40,1,2
IDEAFORGE.NS,HOLD,815.65,weak_trend,31.76,7.09,883.04,796.22,540.62,45.13,5.53,,,747.96,905.91,1.33,ELEVATED,40,0,3
RPTECH.NS,HOLD,773.75,weak_trend,79.64,67.02,642.71,562.7,401.85,49.56,6.41,,,699.4,872.88,1.33,ELEVATED,40,1,2
ACCELYA.NS,SELL,1098.1,downtrend,39.56,-8.96,1120.03,1138.65,1238.32,25.8,2.35,,,1149.7,969.1,2.5,NORMAL,75,0,3
VENKEYS.NS,SELL,1431.8,downtrend,56.26,-14.29,1414.18,1503.58,1449.78,40.29,2.81,,,1512.37,1230.37,2.5,NORMAL,66,1,2
TIL.NS,SELL,204.71,downtrend,63.17,6.06,195.51,197.1,245.4,13.42,6.56,,,231.55,137.61,2.5,ELEVATED,63,1,2
YASHO.NS,HOLD,2923.9,weak_trend,66.5,233.75,2678.72,2109.42,1662.68,193.45,6.62,,,2633.72,3310.8,1.33,ELEVATED,40,1,2
WEL.NS,HOLD,102.14,weak_trend,83.99,0.12,94.43,98.63,131.9,3.21,3.14,,,97.33,108.56,1.33,NORMAL,40,1,2
DOLLAR.NS,SELL,267.35,downtrend,69.63,-0.13,256.66,274.22,314.12,8.81,3.3,,,284.97,223.3,2.5,NORMAL,60,1,2
INDIANHUME.NS,SELL,329.15,downtrend,66.26,4.37,310.94,318.72,356.38,14.27,4.33,,,357.69,257.81,2.5,ELEVATED,61,1,2
DREDGECORP.NS,HOLD,1097.0,weak_trend,45.53,13.95,1134.87,1050.78,914.88,60.49,5.51,,,1006.27,1217.97,1.33,ELEVATED,40,0,3
MOL.NS,SELL,48.7,downtrend,52.45,-0.21,48.96,50.98,60.63,2.0,4.1,,,52.7,38.71,2.5,ELEVATED,68,1,2
DCW.NS,HOLD,47.44,weak_trend,50.25,0.33,47.97,47.73,54.39,1.8,3.8,,,44.74,51.05,1.33,NORMAL,40,0,3
UGROCAP.NS,SELL,97.01,downtrend,59.41,-0.18,96.45,100.28,138.33,2.41,2.48,,,101.83,84.96,2.5,NORMAL,65,1,2
THEJO.NS,HOLD,1918.6,weak_trend,85.92,58.47,1671.48,1707.99,1720.38,76.95,4.01,,,1803.17,2072.5,1.33,ELEVATED,40,2,1
HITECH.NS,HOLD,87.99,weak_trend,53.79,0.83,89.62,89.4,93.47,3.37,3.83,,,82.94,94.73,1.33,NORMAL,40,1,2
MANGLMCEM.NS,HOLD,913.25,weak_trend,79.05,15.63,866.41,876.56,803.94,25.88,2.83,,,874.43,965.01,1.33,NORMAL,40,1,2
AMRUTANJAN.NS,SELL,547.95,downtrend,43.11,-3.76,549.44,557.62,623.87,15.47,2.82,,,578.89,470.61,2.5,NORMAL,73,0,3
WHEELS.NS,HOLD,1786.0,weak_trend,73.8,68.58,1578.87,1444.83,1017.04,96.81,5.42,,,1640.78,1979.63,1.33,ELEVATED,40,2,1
APCOTEXIND.NS,HOLD,507.9,weak_trend,40.33,10.08,521.48,479.85,396.17,25.96,5.11,,,468.95,559.83,1.33,ELEVATED,40,0,3
GMBREW.NS,HOLD,956.2,weak_trend,72.83,4.92,908.27,925.14,978.31,26.79,2.8,,,916.02,1009.78,1.33,NORMAL,40,1,2
VERANDA.NS,HOLD,238.98,weak_trend,59.07,4.64,233.95,220.88,203.71,11.76,4.92,,,221.34,262.5,1.33,ELEVATED,40,1,2
PIXTRANS.NS,HOLD,1835.6,weak_trend,78.22,57.63,1643.99,1578.57,1468.99,65.71,3.58,,,1737.03,1967.03,1.33,NORMAL,40,1,2
MOBIKWIK.NS,SELL,199.85,downtrend,67.7,0.55,196.09,201.64,223.92,5.79,2.9,,,211.44,170.88,2.5,NORMAL,61,2,1
UNIPARTS.NS,HOLD,673.6,weak_trend,62.25,24.13,652.28,589.41,492.75,25.55,3.79,,,635.28,724.69,1.33,NORMAL,40,1,2
WAAREEINDO.NS,SELL,389.95,downtrend,56.43,-1.33,398.27,409.03,464.23,16.52,4.24,,,422.99,307.34,2.5,ELEVATED,66,1,2
RAJRATAN.NS,HOLD,441.4,weak_trend,47.86,5.02,441.58,431.58,418.83,17.54,3.97,,,415.1,476.47,1.33,NORMAL,40,0,3
EXICOM.NS,HOLD,170.83,weak_trend,61.17,7.42,157.12,139.16,121.21,10.91,6.39,,,154.46,192.65,1.33,ELEVATED,40,1,2
INDNIPPON.NS,HOLD,1001.4,weak_trend,75.82,35.78,917.13,846.29,840.09,33.27,3.32,,,951.49,1067.95,1.33,NORMAL,40,2,1
VINCOFE.NS,HOLD,154.85,weak_trend,52.58,3.03,153.66,143.2,148.38,7.74,5.0,,,143.24,170.33,1.33,ELEVATED,40,1,2
MUKANDLTD.NS,SELL,132.16,downtrend,42.55,-1.44,135.47,138.1,132.97,3.45,2.61,,,139.06,114.9,2.5,NORMAL,73,0,3
SOMANYCERA.NS,HOLD,533.85,weak_trend,69.61,9.17,513.95,491.47,436.53,18.96,3.55,,,505.41,571.76,1.33,NORMAL,40,2,1
DYCL.NS,HOLD,367.75,weak_trend,69.82,11.42,337.76,344.57,340.13,17.79,4.84,,,341.07,403.33,1.33,ELEVATED,40,2,1
NELCO.NS,HOLD,929.8,weak_trend,77.23,56.91,791.63,729.97,734.72,52.07,5.6,,,851.69,1033.94,1.33,ELEVATED,40,1,2
DIVGIITTS.NS,HOLD,987.55,weak_trend,81.32,38.69,837.05,772.43,677.98,41.14,4.17,,,925.84,1069.84,1.33,ELEVATED,40,2,1
MSPL.NS,HOLD,40.66,weak_trend,51.87,0.47,41.67,40.24,35.49,1.72,4.22,,,38.09,44.09,1.33,ELEVATED,40,0,3
KERNEX.NS,HOLD,2159.9,weak_trend,71.82,134.39,1974.41,1634.18,1270.92,96.34,4.46,,,2015.39,2352.59,1.33,ELEVATED,40,1,2
NITINSPIN.NS,HOLD,572.0,weak_trend,59.65,17.92,545.04,506.2,381.48,22.87,4.0,,,537.7,617.74,1.33,NORMAL,40,1,2
BGRENERGY.NS,SELL,308.95,downtrend,31.0,0.92,329.68,310.21,329.01,15.23,4.93,,,339.4,232.83,2.5,ELEVATED,79,0,3
WINDLAS.NS,HOLD,859.3,weak_trend,58.63,12.38,829.57,827.26,830.08,27.83,3.24,,,817.55,914.96,1.33,NORMAL,40,2,1
RAMCOSYS.NS,HOLD,836.05,weak_trend,92.04,77.57,594.77,490.25,510.42,45.95,5.5,,,767.12,927.95,1.33,ELEVATED,40,2,1
SPAL.NS,HOLD,1138.15,weak_trend,75.61,81.49,922.74,843.79,750.59,85.27,7.49,,,1010.24,1308.69,1.33,ELEVATED,40,2,1
GTLINFRA.NS,HOLD,1.38,weak_trend,41.18,0.0,1.49,1.38,1.29,0.06,4.55,,,1.29,1.51,1.33,ELEVATED,40,0,3
NIBE.NS,HOLD,1663.9,weak_trend,61.08,95.17,1624.6,1353.13,1183.95,89.88,5.4,,,1529.08,1843.66,1.33,ELEVATED,40,1,2
SPIC.NS,HOLD,67.49,weak_trend,50.34,-0.21,69.27,69.69,77.42,1.76,2.6,,,64.85,71.01,1.33,NORMAL,40,0,3
LAXMIDENTL.NS,HOLD,225.03,weak_trend,61.78,1.38,224.99,218.05,244.22,7.45,3.31,,,213.86,239.93,1.33,NORMAL,40,0,3
ASALCBR.NS,HOLD,876.7,weak_trend,72.1,4.6,834.72,855.65,901.67,22.78,2.6,,,842.54,922.25,1.33,NORMAL,40,0,3
SPANDANA.NS,HOLD,268.6,weak_trend,72.99,4.8,251.33,251.57,248.64,11.38,4.23,,,251.54,291.35,1.33,ELEVATED,40,1,2
PANAMAPET.NS,HOLD,420.55,weak_trend,61.73,29.19,392.08,336.74,296.86,31.69,7.53,,,373.02,483.92,1.33,ELEVATED,40,1,2
INDOTECH.NS,HOLD,3235.9,weak_trend,80.24,146.78,2745.6,2630.32,1825.7,117.71,3.64,,,3059.33,3471.33,1.33,NORMAL,40,2,1
ALLTIME.NS,HOLD,236.02,weak_trend,54.9,1.22,233.98,238.19,251.22,11.19,4.74,,,219.23,258.41,1.33,ELEVATED,40,0,3
VIDHIING.NS,SELL,284.5,downtrend,49.09,-3.34,287.55,294.54,323.43,8.55,3.01,,,301.6,241.75,2.5,NORMAL,70,1,2
WENDT.NS,HOLD,8246.0,weak_trend,78.73,247.98,7453.65,7184.63,7620.31,403.5,4.89,,,7640.75,9053.0,1.33,ELEVATED,40,2,1
UNITECH.NS,SELL,4.72,downtrend,42.03,-0.02,4.86,4.84,5.57,0.21,4.37,,,5.13,3.69,2.5,ELEVATED,73,0,3
RMDRIP.NS,HOLD,20.42,weak_trend,78.86,0.24,18.2,18.89,38.52,1.22,5.96,,,18.59,22.86,1.33,ELEVATED,40,1,2
MOTISONS.NS,SELL,14.05,downtrend,63.37,0.45,13.53,12.97,14.75,1.02,7.23,,,16.08,8.97,2.5,ELEVATED,63,1,2
DEEDEV.NS,HOLD,643.4,weak_trend,42.75,32.54,677.1,557.86,327.31,43.79,6.81,,,577.72,730.98,1.33,ELEVATED,40,0,3
SEPC.NS,HOLD,6.45,weak_trend,50.31,-0.19,6.85,7.39,8.85,0.47,7.21,,,5.75,7.38,1.33,ELEVATED,40,0,3
ADOR.NS,HOLD,1269.2,weak_trend,83.12,41.73,1182.68,1117.9,1052.03,34.27,2.7,,,1217.79,1337.74,1.33,NORMAL,40,2,1
GARUDA.NS,SELL,178.5,downtrend,62.44,1.99,171.56,174.59,186.06,7.55,4.23,,,193.59,140.76,2.5,ELEVATED,63,1,2
VINDHYATEL.NS,HOLD,2078.8,weak_trend,47.22,84.78,2134.88,1827.98,1442.02,142.63,6.86,,,1864.86,2364.06,1.33,ELEVATED,40,0,3
PRECAM.NS,SELL,149.03,downtrend,55.59,-0.13,148.33,153.89,161.32,6.28,4.22,,,161.59,117.62,2.5,ELEVATED,67,1,2
ASTEC.NS,HOLD,711.25,weak_trend,22.87,-1.55,768.5,740.14,700.81,29.3,4.12,,,667.31,769.84,1.33,ELEVATED,40,0,3
BETA.NS,HOLD,2184.7,weak_trend,83.49,199.8,1828.91,1535.14,1532.96,138.71,6.35,,,1976.63,2462.13,1.33,ELEVATED,40,1,2
FUSION.NS,BUY,190.2,uptrend,69.31,2.42,177.18,184.78,176.35,8.02,4.22,186.4,194.0,174.16,230.31,2.5,ELEVATED,79,3,0
TALBROAUTO.NS,HOLD,417.55,weak_trend,86.77,19.33,370.84,344.16,291.64,18.14,4.35,,,390.34,453.84,1.33,ELEVATED,40,1,2
IFGLEXPOR.NS,SELL,180.39,downtrend,32.04,0.76,190.64,183.36,199.9,7.53,4.17,,,195.45,142.75,2.5,ELEVATED,78,0,3
BLSE.NS,HOLD,233.25,weak_trend,52.47,5.54,227.79,210.4,187.98,7.25,3.11,,,222.37,247.76,1.33,NORMAL,40,1,2
BFINVEST.NS,HOLD,446.7,weak_trend,58.57,9.42,444.43,427.33,423.54,12.37,2.77,,,428.15,471.44,1.33,NORMAL,40,1,2
NAVKARCORP.NS,HOLD,107.42,weak_trend,68.69,3.15,103.24,100.21,102.69,5.33,4.97,,,99.42,118.09,1.33,ELEVATED,40,2,1
SPMLINFRA.NS,SELL,196.82,downtrend,52.33,-0.37,195.84,204.25,200.41,9.29,4.72,,,215.4,150.37,2.5,ELEVATED,68,1,2
JYOTISTRUC.NS,SELL,11.47,downtrend,28.87,-0.25,12.3,12.64,11.99,0.5,4.34,,,12.47,8.98,2.5,ELEVATED,80,0,3
JGCHEM.NS,HOLD,425.85,weak_trend,47.24,3.33,427.93,415.72,388.41,14.72,3.46,,,403.77,455.29,1.33,NORMAL,40,0,3
GOCLCORP.NS,HOLD,408.45,weak_trend,53.63,16.43,410.23,362.65,316.03,18.67,4.57,,,380.44,445.79,1.33,ELEVATED,40,0,3
HUHTAMAKI.NS,HOLD,197.18,weak_trend,78.78,7.16,179.52,176.25,197.25,6.4,3.24,,,187.59,209.97,1.33,NORMAL,40,0,3
QUICKHEAL.NS,SELL,170.75,downtrend,45.76,-2.74,176.56,183.02,230.59,6.88,4.03,,,184.5,136.36,2.5,ELEVATED,72,0,3
PNBGILTS.NS,HOLD,92.27,weak_trend,56.7,2.99,90.81,80.93,82.55,3.88,4.21,,,86.45,100.03,1.33,ELEVATED,40,1,2
JINDRILL.NS,SELL,544.7,downtrend,13.24,-11.66,592.44,585.12,549.36,16.15,2.97,,,577.01,463.93,2.5,NORMAL,88,0,3
DLINKINDIA.NS,HOLD,514.65,weak_trend,59.62,12.62,505.29,480.08,441.91,10.91,2.12,,,498.29,536.46,1.33,NORMAL,40,1,2
BLISSGVS.NS,HOLD,539.6,weak_trend,84.34,41.53,463.34,367.84,226.96,22.21,4.12,,,506.28,584.02,1.33,ELEVATED,40,1,2
SANSTAR.NS,HOLD,121.47,weak_trend,59.44,4.24,117.85,107.14,94.56,6.0,4.94,,,112.47,133.46,1.33,ELEVATED,40,1,2
EXPLEOSOL.NS,SELL,799.35,downtrend,43.35,-11.65,826.25,848.39,909.46,26.93,3.37,,,853.2,664.72,2.5,NORMAL,73,0,3
SESHAPAPER.NS,SELL,229.3,downtrend,51.44,-3.89,224.95,239.87,246.68,8.57,3.74,,,246.44,186.45,2.5,NORMAL,69,1,2
DEN.NS,SELL,29.19,downtrend,57.3,0.95,29.01,28.06,30.06,1.79,6.13,,,32.77,20.24,2.5,ELEVATED,66,1,2
TTKHLTCARE.NS,SELL,916.35,downtrend,55.81,6.77,907.06,906.29,994.71,34.9,3.81,,,986.16,741.83,2.5,NORMAL,67,2,1
DAMCAPITAL.NS,HOLD,147.04,weak_trend,53.53,-0.49,149.45,153.28,187.91,4.49,3.06,,,140.3,156.03,1.33,NORMAL,40,0,3
ARMANFIN.NS,HOLD,1694.0,weak_trend,62.24,5.24,1634.26,1653.93,1576.81,60.85,3.59,,,1602.73,1815.7,1.33,NORMAL,40,2,1
ARIHANTSUP.NS,HOLD,255.6,weak_trend,52.59,0.14,260.38,262.13,309.16,8.78,3.43,,,242.43,273.16,1.33,NORMAL,40,0,3
SATIN.NS,HOLD,245.9,weak_trend,52.32,6.26,234.79,215.34,166.05,11.16,4.54,,,229.15,268.23,1.33,ELEVATED,40,2,1
RAMASTEEL.NS,SELL,4.46,downtrend,20.93,-0.21,5.0,5.31,7.73,0.17,3.7,,,4.79,3.63,2.5,NORMAL,84,0,3
DOLPHIN.NS,SELL,371.45,downtrend,26.41,-8.31,387.72,403.08,403.46,12.01,3.23,,,395.48,311.38,2.5,NORMAL,81,0,3
RAJOOENG.NS,SELL,52.61,downtrend,43.59,-0.66,54.44,57.22,68.22,1.88,3.58,,,56.38,43.19,2.5,NORMAL,73,1,2
STANLEY.NS,SELL,151.09,downtrend,58.46,-0.48,145.31,151.75,199.32,6.85,4.53,,,164.78,116.86,2.5,ELEVATED,65,1,2
MUFIN.NS,HOLD,133.86,weak_trend,72.51,3.05,125.23,120.8,110.28,4.15,3.1,,,127.64,142.15,1.33,NORMAL,40,2,1
JNKINDIA.NS,HOLD,504.65,weak_trend,51.85,27.29,470.74,407.47,294.81,26.93,5.34,,,464.25,558.51,1.33,ELEVATED,40,1,2
TARSONS.NS,HOLD,267.99,weak_trend,69.11,14.38,235.17,223.38,232.2,17.08,6.37,,,242.37,302.15,1.33,ELEVATED,40,2,1
HIMATSEIDE.NS,HOLD,91.83,weak_trend,81.39,2.64,81.35,82.24,102.57,3.64,3.96,,,86.37,99.11,1.33,NORMAL,40,1,2
SOLEX.NS,SELL,1103.6,downtrend,56.55,-29.34,1107.16,1223.68,1289.01,47.57,4.31,,,1198.74,865.74,2.5,ELEVATED,66,1,2
MMFL.NS,HOLD,454.65,weak_trend,53.13,0.53,452.98,462.29,395.59,16.62,3.66,,,429.72,487.89,1.33,NORMAL,40,2,1
UDS.NS,HOLD,187.94,weak_trend,63.97,2.61,182.71,174.29,183.96,6.28,3.34,,,178.52,200.5,1.33,NORMAL,40,1,2
SYNCOMF.NS,HOLD,14.26,weak_trend,53.76,-0.1,14.18,14.27,14.46,0.39,2.73,,,13.68,15.04,1.33,NORMAL,40,1,2
IGARASHI.NS,HOLD,459.3,weak_trend,75.02,24.4,412.29,398.74,416.76,25.05,5.45,,,421.72,509.4,1.33,ELEVATED,40,1,2
TINNARUBR.NS,HOLD,952.3,weak_trend,69.99,40.53,887.92,810.02,793.64,41.32,4.34,,,890.32,1034.94,1.33,ELEVATED,40,2,1
GREENPOWER.NS,SELL,10.41,downtrend,28.48,-0.17,11.01,11.38,11.53,0.25,2.44,,,10.92,9.14,2.5,NORMAL,80,0,3
PUNJABCHEM.NS,SELL,1075.7,downtrend,69.37,8.49,1009.76,1039.23,1153.78,39.26,3.65,,,1154.23,879.38,2.5,NORMAL,60,2,1
SURAKSHA.NS,SELL,272.95,downtrend,53.72,-3.62,273.2,284.59,284.45,10.05,3.68,,,293.04,222.72,2.5,NORMAL,68,1,2
AIMTRON.NS,HOLD,1231.6,weak_trend,52.7,27.91,1253.5,1158.03,897.92,57.15,4.64,,,1145.87,1345.91,1.33,ELEVATED,40,0,3
APOLLOPIPE.NS,SELL,489.9,downtrend,49.47,-1.3,489.03,485.5,373.41,15.62,3.19,,,521.14,411.79,2.5,NORMAL,70,2,1
SHANTIGOLD.NS,HOLD,223.69,weak_trend,55.99,1.31,222.96,217.85,208.5,8.83,3.95,,,210.44,241.36,1.33,NORMAL,40,1,2
MASTERTR.NS,HOLD,75.29,weak_trend,50.82,-1.78,79.07,82.12,102.59,3.46,4.6,,,70.1,82.21,1.33,ELEVATED,40,0,3
IKIO.NS,SELL,151.85,downtrend,46.31,0.18,157.16,157.39,169.23,5.37,3.54,,,162.6,124.99,2.5,NORMAL,71,0,3
AWHCL.NS,SELL,468.5,downtrend,66.93,1.18,459.68,477.59,494.49,14.41,3.08,,,497.33,396.43,2.5,NORMAL,61,1,2
STALLION.NS,HOLD,184.24,weak_trend,52.42,3.81,187.0,171.61,192.19,9.89,5.37,,,169.41,204.02,1.33,ELEVATED,40,0,3
LGHL.NS,HOLD,226.55,weak_trend,38.73,-4.26,228.91,240.54,281.38,8.91,3.93,,,213.18,244.37,1.33,NORMAL,40,1,2
ECOSMOBLTY.NS,SELL,130.18,downtrend,56.7,-0.49,129.79,135.52,182.37,5.4,4.15,,,140.98,103.17,2.5,ELEVATED,66,1,2
JAGRAN.NS,HOLD,64.51,weak_trend,52.41,0.97,65.02,61.46,60.07,1.23,1.9,,,62.67,66.96,1.33,LOW,40,0,3
RUPA.NS,HOLD,169.02,weak_trend,75.3,5.22,157.36,153.03,162.54,5.82,3.45,,,160.28,180.67,1.33,NORMAL,40,1,2
VINYAS.NS,HOLD,1394.65,weak_trend,50.69,75.07,1367.08,1196.33,1135.69,76.8,5.51,,,1279.44,1548.26,1.33,ELEVATED,40,1,2
OMAXE.NS,BUY,80.85,uptrend,66.74,0.74,77.18,79.22,77.34,4.76,5.88,79.23,82.47,71.33,104.64,2.5,ELEVATED,78,3,0
SHRIRAMPPS.NS,HOLD,88.05,weak_trend,59.86,0.61,88.0,87.5,84.28,3.02,3.43,,,83.53,94.08,1.33,NORMAL,40,1,2
HESTERBIO.NS,HOLD,2165.9,weak_trend,73.05,92.71,2051.18,1869.02,1679.5,99.88,4.61,,,2016.08,2365.66,1.33,ELEVATED,40,1,2
QUADFUTURE.NS,HOLD,432.55,weak_trend,72.18,34.0,389.44,338.64,328.58,25.81,5.97,,,393.83,484.18,1.33,ELEVATED,40,1,2
HMAAGRO.NS,SELL,21.92,downtrend,34.11,-0.48,22.66,23.54,27.11,0.79,3.59,,,23.49,17.98,2.5,NORMAL,77,0,3
JAGSNPHARM.NS,HOLD,238.1,weak_trend,78.84,7.05,214.44,209.94,201.02,10.68,4.49,,,222.07,259.47,1.33,ELEVATED,40,2,1
PLATIND.NS,SELL,225.06,downtrend,59.31,0.05,222.9,229.15,244.28,7.62,3.39,,,240.31,186.94,2.5,NORMAL,65,1,2
ORIENTTECH.NS,SELL,246.85,downtrend,41.57,-6.13,255.76,270.56,317.13,7.21,2.92,,,261.26,210.81,2.5,NORMAL,74,0,3
EKC.NS,SELL,116.79,downtrend,63.27,1.22,114.49,116.85,121.27,5.22,4.47,,,127.23,90.7,2.5,ELEVATED,63,1,2
ANDHRAPAP.NS,SELL,62.96,downtrend,58.67,-0.06,62.38,64.28,68.2,1.81,2.88,,,66.59,53.9,2.5,NORMAL,65,1,2
SALASAR.NS,SELL,5.92,downtrend,33.07,-0.24,6.76,7.06,8.23,0.32,5.37,,,6.56,4.33,2.5,ELEVATED,78,1,2
ESAFSFB.NS,HOLD,33.5,weak_trend,69.04,1.58,30.46,28.6,27.34,2.17,6.49,,,30.24,37.85,1.33,ELEVATED,40,2,1
CONFIPET.NS,HOLD,73.14,weak_trend,50.6,2.0,72.37,64.58,45.36,4.26,5.83,,,66.75,81.66,1.33,ELEVATED,40,2,1
SMCGLOBAL.NS,HOLD,70.24,weak_trend,66.12,2.33,68.74,65.6,70.06,3.15,4.49,,,65.51,76.54,1.33,ELEVATED,40,1,2
CENTRUM.NS,HOLD,21.75,weak_trend,50.0,-0.27,22.05,23.06,27.61,0.86,3.96,,,20.46,23.47,1.33,NORMAL,40,0,3
DOLATALGO.NS,SELL,72.48,downtrend,44.81,-0.56,74.42,76.08,78.56,1.97,2.72,,,76.43,62.61,2.5,NORMAL,72,0,3
ROTO.NS,HOLD,72.11,weak_trend,70.85,3.82,65.59,61.07,63.64,4.2,5.82,,,65.81,80.51,1.33,ELEVATED,40,1,2
NIITLTD.NS,HOLD,100.62,weak_trend,55.3,6.06,96.63,80.62,85.27,7.1,7.06,,,89.97,114.82,1.33,ELEVATED,40,1,2
GPTINFRA.NS,HOLD,133.38,weak_trend,78.72,4.83,121.08,117.96,110.82,5.94,4.46,,,124.47,145.27,1.33,ELEVATED,40,1,2
SURYODAY.NS,HOLD,175.61,weak_trend,58.87,2.79,172.03,165.39,143.9,6.22,3.54,,,166.29,188.04,1.33,NORMAL,40,1,2
BIRLANU.NS,SELL,1381.6,downtrend,66.16,4.14,1360.45,1396.87,1606.92,57.05,4.13,,,1495.7,1096.35,2.5,ELEVATED,61,1,2
RISHABH.NS,HOLD,572.05,weak_trend,69.78,18.84,551.82,522.45,432.95,23.27,4.07,,,537.15,618.59,1.33,ELEVATED,40,1,2
ASIANENE.NS,HOLD,358.65,weak_trend,42.55,6.4,366.55,341.59,309.57,13.8,3.85,,,337.94,386.26,1.33,NORMAL,40,0,3
GANDHAR.NS,HOLD,183.45,weak_trend,74.61,6.87,167.17,157.07,144.45,8.12,4.43,,,171.27,199.69,1.33,ELEVATED,40,1,2
EXCELINDUS.NS,HOLD,909.75,weak_trend,50.5,-9.93,916.62,946.07,977.56,21.19,2.33,,,877.97,952.12,1.33,NORMAL,40,0,3
BAJAJHCARE.NS,HOLD,351.45,weak_trend,73.03,7.52,306.59,309.39,374.08,15.78,4.49,,,327.78,383.01,1.33,ELEVATED,40,1,2
ALICON.NS,SELL,661.5,downtrend,57.17,-5.54,649.64,673.3,766.27,20.59,3.11,,,702.69,558.54,2.5,NORMAL,66,2,1
DCMSRIND.NS,SELL,37.72,downtrend,32.7,-0.59,38.42,40.41,87.66,1.53,4.05,,,40.78,30.07,2.5,ELEVATED,78,0,3
CLSEL.NS,HOLD,286.15,weak_trend,57.77,3.66,285.7,281.25,266.46,12.78,4.46,,,266.99,311.7,1.33,ELEVATED,40,1,2
RAJRILTD.NS,HOLD,24.25,weak_trend,92.92,0.81,21.28,20.96,22.68,0.59,2.45,,,23.36,25.44,1.33,NORMAL,40,2,1
INDORAMA.NS,SELL,44.32,downtrend,38.17,1.25,45.26,41.17,45.83,1.81,4.08,,,47.93,35.28,2.5,ELEVATED,75,0,3
PARACABLES.NS,HOLD,69.02,weak_trend,62.09,3.03,67.24,58.28,43.47,3.68,5.33,,,63.5,76.37,1.33,ELEVATED,40,1,2
VPRPL.NS,SELL,27.91,downtrend,50.04,-2.21,29.82,36.9,59.16,1.18,4.22,,,30.26,22.03,2.5,ELEVATED,69,1,2
SALZERELEC.NS,SELL,636.85,downtrend,47.08,-1.48,641.42,657.89,680.96,22.22,3.49,,,681.29,525.76,2.5,NORMAL,71,0,3
MANAKCOAT.NS,SELL,112.93,downtrend,60.12,1.33,107.98,106.14,125.2,5.34,4.73,,,123.6,86.25,2.5,ELEVATED,64,2,1
SIGACHI.NS,SELL,23.83,downtrend,68.58,0.94,22.39,21.54,27.92,0.84,3.54,,,25.52,19.62,2.5,NORMAL,60,1,2
INFOBEAN.NS,SELL,157.82,downtrend,29.86,-1.63,166.24,165.36,167.01,7.22,4.58,,,172.27,121.7,2.5,ELEVATED,80,0,3
ALLDIGI.NS,SELL,798.95,downtrend,31.84,-5.17,815.33,822.29,829.13,18.61,2.33,,,836.17,705.9,2.5,NORMAL,79,0,3
BLKASHYAP.NS,HOLD,54.61,weak_trend,52.0,0.18,54.24,55.12,53.79,2.14,3.93,,,51.39,58.9,1.33,NORMAL,40,2,1
SPORTKING.NS,HOLD,174.26,weak_trend,47.09,3.66,179.38,163.78,118.13,9.01,5.17,,,160.75,192.27,1.33,ELEVATED,40,0,3
GODAVARIB.NS,HOLD,287.9,weak_trend,53.05,-2.5,284.07,298.49,280.59,12.1,4.2,,,269.75,312.1,1.33,ELEVATED,40,2,1
SURAJEST.NS,SELL,198.43,downtrend,56.23,-4.81,192.21,214.1,240.78,8.02,4.04,,,214.48,158.32,2.5,ELEVATED,66,2,1
CIFL.NS,SELL,23.43,downtrend,51.58,-0.25,24.38,26.01,30.94,1.34,5.72,,,26.11,16.73,2.5,ELEVATED,69,2,1
UNIECOM.NS,SELL,87.62,downtrend,55.9,-0.09,88.32,90.33,110.74,4.51,5.14,,,96.64,65.08,2.5,ELEVATED,67,1,2
MONTECARLO.NS,SELL,552.65,downtrend,56.93,1.23,548.15,556.6,615.71,15.69,2.84,,,584.04,474.19,2.5,NORMAL,66,1,2
MADRASFERT.NS,SELL,67.42,downtrend,48.3,0.13,69.32,68.66,73.96,2.3,3.41,,,72.02,55.92,2.5,NORMAL,70,0,3
HARIOMPIPE.NS,HOLD,402.8,weak_trend,42.69,10.1,410.85,367.09,387.19,23.74,5.89,,,367.19,450.28,1.33,ELEVATED,40,0,3
DECCANCE.NS,SELL,598.05,downtrend,66.88,-6.53,586.0,614.82,765.55,16.62,2.78,,,631.29,514.94,2.5,NORMAL,61,1,2
SHANKARA.NS,HOLD,127.26,weak_trend,79.12,1.95,117.67,118.77,177.42,2.56,2.01,,,123.42,132.38,1.33,NORMAL,40,1,2
GNA.NS,HOLD,441.25,weak_trend,90.71,14.9,393.73,395.25,361.13,20.19,4.57,,,410.97,481.62,1.33,ELEVATED,40,1,2
RIIL.NS,HOLD,815.15,weak_trend,58.99,21.27,808.82,786.09,794.57,34.22,4.2,,,763.81,883.6,1.33,ELEVATED,40,1,2
VMARCIND.NS,HOLD,1600.35,weak_trend,68.22,105.82,1516.35,1250.7,784.4,78.81,4.92,,,1482.13,1757.97,1.33,ELEVATED,40,1,2
SUMEETINDS.NS,HOLD,28.35,weak_trend,95.01,0.02,25.75,28.1,29.67,1.26,4.45,,,26.46,30.87,1.33,ELEVATED,40,1,2
IMPAL.NS,HOLD,1102.1,weak_trend,56.78,11.52,1078.59,1055.51,1038.86,38.03,3.45,,,1045.06,1178.16,1.33,NORMAL,40,2,1
IGPL.NS,BUY,456.3,uptrend,63.53,4.63,442.66,439.86,401.43,14.71,3.22,447.17,465.43,426.89,529.84,2.5,NORMAL,76,3,0
TAC.NS,SELL,390.6,downtrend,55.9,-7.47,381.96,429.93,643.22,20.91,5.35,,,432.41,286.06,2.5,ELEVATED,67,1,2
RGL.NS,HOLD,116.67,weak_trend,82.05,3.21,108.26,105.62,116.18,4.88,4.18,,,109.35,126.43,1.33,ELEVATED,40,1,2
BSHSL.NS,SELL,90.8,downtrend,31.02,-1.22,93.29,96.02,103.1,3.31,3.64,,,97.42,74.26,2.5,NORMAL,79,0,3
SHREDIGCEM.NS,SELL,74.61,downtrend,63.31,0.89,73.27,73.21,79.59,2.64,3.54,,,79.9,61.4,2.5,NORMAL,63,1,2
SIGNPOST.NS,BUY,273.35,uptrend,51.56,-5.24,261.12,273.34,245.31,16.48,6.03,267.88,278.82,240.4,355.73,2.5,ELEVATED,70,3,0
BALAJITELE.NS,SELL,88.26,downtrend,58.06,-1.51,87.03,94.91,103.17,3.68,4.17,,,95.62,69.86,2.5,ELEVATED,65,1,2
HITECHGEAR.NS,HOLD,655.7,weak_trend,80.44,12.44,589.25,596.99,669.84,21.16,3.23,,,623.95,698.03,1.33,NORMAL,40,1,2
ATULAUTO.NS,BUY,481.8,uptrend,61.44,-0.21,465.94,479.34,463.88,14.95,3.1,472.16,491.44,451.91,556.53,2.5,NORMAL,75,3,0
AGARIND.NS,HOLD,534.9,weak_trend,62.06,26.61,512.88,462.61,647.69,30.44,5.69,,,489.24,595.78,1.33,ELEVATED,40,0,3
YUKEN.NS,HOLD,766.55,weak_trend,76.1,15.18,702.79,706.3,805.78,28.34,3.7,,,724.04,823.24,1.33,NORMAL,40,1,2
DIFFNKG.NS,HOLD,424.2,weak_trend,89.41,22.33,363.5,334.18,318.68,19.73,4.65,,,394.61,463.65,1.33,ELEVATED,40,2,1
ONEPOINT.NS,HOLD,57.1,weak_trend,67.3,-0.2,57.7,58.34,51.7,1.81,3.17,,,54.38,60.72,1.33,NORMAL,40,0,3
CAPITALSFB.NS,HOLD,277.7,weak_trend,60.9,3.09,277.19,272.96,264.82,7.83,2.82,,,265.95,293.37,1.33,NORMAL,40,1,2
ASIANTILES.NS,SELL,54.1,downtrend,36.45,-1.99,58.19,62.36,65.24,2.37,4.38,,,58.84,42.24,2.5,ELEVATED,76,0,3
RICOAUTO.NS,HOLD,135.36,weak_trend,51.91,4.45,134.71,124.04,114.19,7.61,5.62,,,123.94,150.59,1.33,ELEVATED,40,1,2
AURUM.NS,HOLD,225.67,weak_trend,89.65,10.44,197.27,186.54,177.14,9.43,4.18,,,211.53,244.53,1.33,ELEVATED,40,2,1
BUTTERFLY.NS,SELL,639.4,downtrend,47.44,-0.34,647.5,646.56,656.82,27.02,4.23,,,693.44,504.31,2.5,ELEVATED,71,0,3
FAZE3Q.NS,HOLD,598.95,weak_trend,63.42,28.56,566.98,509.91,478.49,28.7,4.79,,,555.89,656.36,1.33,ELEVATED,40,2,1
MICEL.NS,SELL,40.15,downtrend,31.85,-0.79,42.25,43.73,45.22,1.31,3.26,,,42.77,33.6,2.5,NORMAL,79,0,3
BHARATWIRE.NS,HOLD,200.33,weak_trend,39.98,-3.71,209.74,220.83,187.01,8.95,4.47,,,186.91,218.23,1.33,ELEVATED,40,0,3
VASCONEQ.NS,SELL,34.01,downtrend,63.08,0.01,34.14,35.79,45.33,1.39,4.07,,,36.78,27.08,2.5,ELEVATED,63,1,2
WALCHANNAG.NS,HOLD,272.3,weak_trend,62.41,10.51,268.45,251.63,193.14,16.4,6.02,,,247.69,305.11,1.33,ELEVATED,40,1,2
TEXINFRA.NS,HOLD,108.82,weak_trend,76.01,2.95,103.44,100.45,98.12,3.81,3.51,,,103.1,116.45,1.33,NORMAL,40,1,2
WCIL.NS,SELL,100.33,downtrend,61.06,1.04,98.14,100.42,112.88,3.38,3.37,,,107.09,83.42,2.5,NORMAL,64,1,2
HERANBA.NS,HOLD,179.49,weak_trend,47.59,-2.3,183.91,198.06,233.22,7.93,4.42,,,167.6,195.34,1.33,ELEVATED,40,0,3
BOROSCI.NS,HOLD,173.52,weak_trend,85.82,7.24,155.76,138.24,125.34,6.7,3.86,,,163.47,186.92,1.33,NORMAL,40,2,1
GPTHEALTH.NS,SELL,148.51,downtrend,47.11,1.5,148.42,143.25,138.96,4.65,3.13,,,157.8,125.27,2.5,NORMAL,71,1,2
IRMENERGY.NS,SELL,262.35,downtrend,52.9,-1.37,265.23,283.87,275.38,13.62,5.19,,,289.59,194.26,2.5,ELEVATED,68,1,2
SHREEPUSHK.NS,HOLD,407.5,weak_trend,78.23,10.76,377.83,374.98,368.86,15.49,3.8,,,384.27,438.48,1.33,NORMAL,40,1,2
MEIL.NS,SELL,300.75,downtrend,38.4,-2.44,311.59,315.31,350.08,11.1,3.69,,,322.96,245.23,2.5,NORMAL,75,0,3
GTPL.NS,SELL,61.11,downtrend,41.47,-1.38,63.38,65.71,83.44,2.9,4.74,,,66.91,46.62,2.5,ELEVATED,74,0,3
ROHLTD.NS,SELL,333.0,downtrend,59.35,1.63,327.54,333.4,392.61,12.17,3.66,,,357.35,272.13,2.5,NORMAL,65,1,2
VHL.NS,BUY,3574.8,uptrend,62.73,40.36,3485.36,3484.42,3546.96,103.46,2.89,3503.3,3646.3,3367.87,4092.12,2.5,NORMAL,76,3,0
DSSL.NS,HOLD,1363.9,weak_trend,54.67,-7.81,1362.42,1368.27,1048.7,73.36,5.38,,,1253.85,1510.63,1.33,ELEVATED,40,1,2
TBZ.NS,HOLD,195.12,weak_trend,74.25,9.71,182.69,159.7,163.55,8.84,4.53,,,181.85,212.81,1.33,ELEVATED,40,2,1
BAJAJINDEF.NS,SELL,250.7,downtrend,65.28,-2.77,245.13,271.1,309.05,11.46,4.57,,,273.62,193.4,2.5,ELEVATED,62,1,2
STLNETWORK.NS,HOLD,27.1,weak_trend,48.64,0.02,27.9,27.95,24.25,1.14,4.21,,,25.39,29.38,1.33,ELEVATED,40,0,3
WEALTH.NS,SELL,962.1,downtrend,61.15,16.04,959.81,939.63,984.31,35.41,3.68,,,1032.93,785.03,2.5,NORMAL,64,1,2
CONTROLPR.NS,SELL,621.7,downtrend,59.89,1.68,618.65,631.25,680.08,16.61,2.67,,,654.93,538.63,2.5,NORMAL,65,1,2
JINDALPHOT.NS,SELL,1210.8,downtrend,61.63,18.27,1094.01,1076.59,1258.07,46.93,3.88,,,1304.66,976.16,2.5,NORMAL,64,2,1
ELECTHERM.NS,HOLD,1097.9,weak_trend,57.49,68.4,1079.65,900.31,864.26,101.07,9.21,,,946.29,1300.04,1.33,ELEVATED,40,1,2
ABINFRA.NS,SELL,11.59,downtrend,67.31,-0.26,10.61,12.61,17.16,1.05,9.08,,,13.69,6.33,2.5,ELEVATED,61,1,2
SRM.NS,BUY,513.1,uptrend,59.06,3.89,497.52,505.29,500.94,20.12,3.92,502.84,523.36,472.86,613.69,2.5,NORMAL,74,3,0
VILAS.NS,SELL,371.45,downtrend,54.86,0.13,379.14,397.06,410.79,15.47,4.16,,,402.39,294.11,2.5,ELEVATED,67,1,2
KROSS.NS,HOLD,183.73,weak_trend,49.57,-0.48,186.42,190.98,190.27,6.4,3.48,,,174.13,196.52,1.33,NORMAL,40,1,2
AMNPLST.NS,HOLD,188.39,weak_trend,37.39,1.12,194.61,185.45,186.58,8.46,4.49,,,175.7,205.31,1.33,ELEVATED,40,0,3
ZUARI.NS,SELL,229.55,downtrend,61.88,2.41,225.36,229.47,253.08,10.68,4.65,,,250.91,176.16,2.5,ELEVATED,64,1,2
STEELXIND.NS,HOLD,12.53,weak_trend,56.18,0.44,12.36,11.27,9.44,0.79,6.34,,,11.34,14.12,1.33,ELEVATED,40,1,2
ICEMAKE.NS,BUY,795.9,uptrend,65.68,-2.82,766.2,784.62,759.67,25.21,3.17,779.98,811.82,745.48,921.95,2.5,NORMAL,77,3,0
KELLTONTEC.NS,HOLD,15.32,weak_trend,52.63,-0.09,15.52,15.68,18.33,0.43,2.77,,,14.68,16.17,1.33,NORMAL,40,0,3
RACLGEAR.NS,HOLD,1403.2,weak_trend,68.78,23.2,1299.24,1295.6,1175.36,69.49,4.95,,,1298.97,1542.17,1.33,ELEVATED,40,2,1
BLUSPRING.NS,HOLD,111.02,weak_trend,67.58,9.88,97.76,79.8,70.38,8.53,7.68,,,98.23,128.08,1.33,ELEVATED,40,2,1
PASHUPATI.NS,HOLD,88.22,weak_trend,47.21,-1.24,88.47,89.35,85.29,3.64,4.12,,,82.76,95.49,1.33,ELEVATED,40,0,3
MANALIPETC.NS,HOLD,64.1,weak_trend,53.52,1.49,64.23,59.64,60.43,3.24,5.05,,,59.24,70.58,1.33,ELEVATED,40,0,3
DVL.NS,SELL,233.79,downtrend,48.57,-1.41,238.94,243.43,272.41,6.67,2.85,,,247.13,200.44,2.5,NORMAL,70,0,3
KRISHNADEF.NS,HOLD,1207.4,weak_trend,48.93,34.39,1246.26,1168.52,948.69,69.7,5.77,,,1102.85,1346.8,1.33,ELEVATED,40,1,2
BCLIND.NS,HOLD,33.84,weak_trend,22.72,0.02,35.69,34.95,33.83,1.48,4.38,,,31.62,36.81,1.33,ELEVATED,40,0,3
DPSCLTD.NS,HOLD,7.41,weak_trend,43.7,-0.33,7.66,8.77,9.84,0.36,4.81,,,6.88,8.12,1.33,ELEVATED,40,0,3
NELCAST.NS,HOLD,135.84,weak_trend,36.93,-0.7,138.47,139.78,122.17,5.65,4.16,,,127.36,147.14,1.33,ELEVATED,40,0,3
EIMCOELECO.NS,HOLD,1753.2,weak_trend,64.33,42.72,1616.82,1604.97,1672.95,85.18,4.86,,,1625.43,1923.57,1.33,ELEVATED,40,2,1
OAL.NS,HOLD,307.9,weak_trend,36.43,1.69,326.78,317.73,304.73,17.39,5.65,,,281.82,342.68,1.33,ELEVATED,40,1,2
STERTOOLS.NS,SELL,241.25,downtrend,60.42,5.74,233.73,240.45,258.94,16.39,6.79,,,274.03,159.3,2.5,ELEVATED,64,1,2
GRPLTD.NS,HOLD,1890.7,weak_trend,64.91,36.06,1806.33,1812.85,1880.91,79.96,4.23,,,1770.75,2050.63,1.33,ELEVATED,40,2,1
GEMAROMA.NS,SELL,183.53,downtrend,63.15,7.14,174.19,165.48,185.02,9.49,5.17,,,202.5,136.1,2.5,ELEVATED,63,1,2
PROSTARM.NS,SELL,136.75,downtrend,39.31,-1.88,139.95,147.19,162.09,3.73,2.73,,,144.21,118.11,2.5,NORMAL,75,0,3
IZMO.NS,HOLD,1019.65,weak_trend,58.53,58.87,991.91,821.38,827.03,60.51,5.93,,,928.89,1140.66,1.33,ELEVATED,40,1,2
ANTELOPUS.NS,HOLD,794.3,weak_trend,45.45,9.43,824.17,759.52,576.55,40.21,5.06,,,733.99,874.71,1.33,ELEVATED,40,0,3
MATRIMONY.NS,HOLD,394.85,weak_trend,39.34,-6.19,398.35,416.13,476.0,10.76,2.72,,,378.71,416.36,1.33,NORMAL,40,0,3
SWELECTES.NS,SELL,647.9,downtrend,49.39,-1.82,636.57,646.27,664.11,25.7,3.97,,,699.3,519.4,2.5,NORMAL,70,1,2
PDMJEPAPER.NS,SELL,84.2,downtrend,55.8,0.29,82.67,83.46,93.93,2.7,3.21,,,89.6,70.69,2.5,NORMAL,67,1,2
AYMSYNTEX.NS,BUY,234.86,uptrend,65.04,0.35,219.68,223.86,189.09,8.96,3.82,230.16,239.56,216.93,279.68,2.5,NORMAL,77,3,0
OMINFRAL.NS,SELL,88.42,downtrend,60.6,-0.05,85.49,88.79,97.0,3.9,4.41,,,96.22,68.91,2.5,ELEVATED,64,1,2
RNBDENIMS.NS,SELL,10.77,downtrend,69.58,-0.47,10.6,11.97,34.17,0.63,5.9,,,12.04,7.6,2.5,ELEVATED,60,1,2
5PAISA.NS,HOLD,355.95,weak_trend,79.99,8.58,325.85,325.87,327.12,11.91,3.35,,,338.09,379.76,1.33,NORMAL,40,1,2
PENINLAND.NS,SELL,15.35,downtrend,55.69,-0.27,15.6,16.68,23.43,0.71,4.63,,,16.77,11.79,2.5,ELEVATED,67,1,2
BIL.NS,SELL,771.2,downtrend,66.6,11.73,720.04,738.36,774.92,41.51,5.38,,,854.21,563.66,2.5,ELEVATED,61,1,2
MAMATA.NS,HOLD,415.3,weak_trend,74.6,4.48,377.6,397.07,412.95,13.51,3.25,,,395.04,442.31,1.33,NORMAL,40,1,2
AFSL.NS,HOLD,201.0,weak_trend,50.0,-0.14,201.04,201.61,203.21,1.05,0.52,,,199.43,203.1,1.33,LOW,40,0,3
ESTER.NS,SELL,89.86,downtrend,54.59,-0.63,90.45,92.92,100.21,3.18,3.54,,,96.23,73.95,2.5,NORMAL,67,1,2
TNPL.NS,HOLD,147.1,weak_trend,47.4,-0.42,145.41,148.12,145.03,3.64,2.47,,,141.64,154.38,1.33,NORMAL,40,2,1
AVTNPL.NS,HOLD,70.86,weak_trend,44.63,0.56,70.87,69.16,67.41,2.23,3.14,,,67.52,75.31,1.33,NORMAL,40,0,3
KOKUYOCMLN.NS,SELL,87.79,downtrend,61.96,0.61,86.05,88.68,91.57,2.96,3.37,,,93.71,72.98,2.5,NORMAL,64,1,2
MAXIND.NS,SELL,158.39,downtrend,49.11,0.57,161.16,161.18,177.22,7.7,4.86,,,173.79,119.9,2.5,ELEVATED,70,0,3
ANDHRSUGAR.NS,SELL,78.34,downtrend,37.13,-1.81,81.84,88.61,78.93,3.22,4.11,,,84.78,62.25,2.5,ELEVATED,76,1,2
CREST.NS,HOLD,377.8,weak_trend,57.2,8.29,378.0,368.1,364.14,18.73,4.96,,,349.71,415.25,1.33,ELEVATED,40,0,3
LINCOLN.NS,HOLD,623.5,weak_trend,44.61,-9.55,622.08,650.95,563.9,19.85,3.18,,,593.73,663.19,1.33,NORMAL,40,1,2
THEMISMED.NS,HOLD,109.55,weak_trend,54.02,3.26,107.47,102.81,101.91,6.91,6.31,,,99.18,123.38,1.33,ELEVATED,40,2,1
CENTENKA.NS,HOLD,520.05,weak_trend,55.2,12.54,509.98,475.91,455.18,19.4,3.73,,,490.95,558.85,1.33,NORMAL,40,1,2
ARIHANTCAP.NS,SELL,68.26,downtrend,58.14,0.31,68.14,69.37,84.89,3.31,4.84,,,74.87,51.73,2.5,ELEVATED,65,1,2
DHANBANK.NS,HOLD,31.57,weak_trend,41.6,0.17,32.96,32.1,26.82,1.39,4.41,,,29.48,34.35,1.33,ELEVATED,40,0,3
UNIENTER.NS,SELL,107.96,downtrend,59.88,0.92,106.58,106.63,125.45,5.44,5.04,,,118.85,80.75,2.5,ELEVATED,65,1,2
SCODATUBES.NS,HOLD,143.28,weak_trend,76.95,2.98,134.52,139.79,149.2,6.34,4.43,,,133.77,155.96,1.33,ELEVATED,40,0,3
INDOFARM.NS,SELL,147.53,downtrend,64.15,3.83,136.94,136.38,176.27,7.55,5.12,,,162.63,109.79,2.5,ELEVATED,62,1,2
SBC.NS,HOLD,41.38,weak_trend,70.36,1.56,39.01,36.69,29.83,1.35,3.26,,,39.36,44.08,1.33,NORMAL,40,1,2
GGBL.NS,SELL,285.3,downtrend,35.64,-10.52,305.56,324.06,331.63,12.79,4.48,,,310.88,221.36,2.5,ELEVATED,77,0,3
CEWATER.NS,HOLD,336.7,weak_trend,70.41,19.38,306.08,301.47,381.16,23.43,6.96,,,301.56,383.55,1.33,ELEVATED,40,0,3
RADHIKAJWE.NS,SELL,55.21,downtrend,41.64,-0.98,56.47,59.56,71.81,1.81,3.28,,,58.84,46.14,2.5,NORMAL,74,1,2
GKWLIMITED.NS,HOLD,1750.0,weak_trend,30.16,20.12,1796.94,1717.16,1689.42,63.64,3.64,,,1654.55,1877.27,1.33,NORMAL,40,0,3
NDTV.NS,HOLD,80.39,weak_trend,58.03,0.19,81.45,80.29,87.56,2.45,3.05,,,76.72,85.29,1.33,NORMAL,40,0,3
INNOVANA.NS,SELL,326.35,downtrend,60.6,-9.04,319.22,352.29,413.16,18.36,5.62,,,363.06,234.56,2.5,ELEVATED,64,1,2
KHAICHEM.NS,SELL,53.54,downtrend,41.25,-0.12,55.51,56.31,76.7,2.0,3.73,,,57.53,43.56,2.5,NORMAL,74,1,2
FAIRCHEMOR.NS,HOLD,670.25,weak_trend,80.63,13.83,610.58,602.78,650.63,25.94,3.87,,,631.35,722.12,1.33,NORMAL,40,2,1
AEROENTER.NS,HOLD,141.25,weak_trend,75.66,11.42,119.94,106.5,88.17,8.73,6.18,,,128.16,158.71,1.33,ELEVATED,40,1,2
INDOAMIN.NS,HOLD,132.44,weak_trend,48.01,2.62,134.09,126.99,122.56,5.98,4.51,,,123.47,144.4,1.33,ELEVATED,40,0,3
DHARMAJ.NS,HOLD,265.25,weak_trend,35.0,-2.34,272.08,270.28,262.67,7.23,2.73,,,254.4,279.71,1.33,NORMAL,40,0,3
BHARATSE.NS,BUY,189.87,uptrend,61.73,0.91,184.71,186.0,179.88,6.89,3.63,186.07,193.67,176.08,224.34,2.5,NORMAL,75,3,0
GALAPREC.NS,HOLD,1107.05,weak_trend,69.4,63.84,999.42,896.16,793.32,65.47,5.91,,,1008.84,1238.0,1.33,ELEVATED,40,2,1
OSWALGREEN.NS,HOLD,22.78,weak_trend,50.39,-0.59,23.35,25.18,30.48,0.9,3.97,,,21.42,24.59,1.33,NORMAL,40,1,2
DENTALKART.NS,SELL,383.65,downtrend,39.5,-9.56,393.26,403.89,508.33,13.42,3.5,,,410.49,316.56,2.5,NORMAL,75,1,2
DENTA.NS,HOLD,331.45,weak_trend,78.52,18.54,276.83,276.5,319.77,19.04,5.74,,,302.9,369.52,1.33,ELEVATED,40,1,2
SAHANA.NS,HOLD,890.7,weak_trend,71.56,26.11,845.72,838.98,949.31,49.6,5.57,,,816.3,989.9,1.33,ELEVATED,40,0,3
LEMERITE.NS,HOLD,23.25,weak_trend,38.25,-8.85,27.23,57.44,83.32,1.87,8.04,,,20.45,26.99,1.33,ELEVATED,40,0,3
SRHHYPOLTD.NS,SELL,485.05,downtrend,39.18,-6.07,495.75,506.57,507.59,13.6,2.8,,,512.25,417.05,2.5,NORMAL,75,0,3
GANDHITUBE.NS,HOLD,859.1,weak_trend,62.37,-0.51,850.46,861.42,835.08,12.93,1.5,,,839.71,884.95,1.33,LOW,40,2,1
CNL.NS,HOLD,730.25,weak_trend,62.42,24.9,703.76,658.94,664.62,31.95,4.37,,,682.33,794.14,1.33,ELEVATED,40,2,1
UTTAMSUGAR.NS,SELL,228.55,downtrend,40.56,-3.11,234.09,243.48,237.65,7.18,3.14,,,242.9,192.67,2.5,NORMAL,74,0,3
XCHANGING.NS,SELL,61.12,downtrend,36.37,-0.86,63.85,65.52,73.94,2.22,3.63,,,65.56,50.02,2.5,NORMAL,76,0,3
KRISHIVAL.NS,HOLD,402.05,weak_trend,44.98,6.2,403.8,379.94,392.73,3.54,0.88,,,396.74,409.13,1.33,LOW,40,0,3
JPOLYINVST.NS,BUY,1126.2,uptrend,55.75,13.41,1083.52,1072.18,1051.76,39.34,3.49,1103.68,1148.72,1047.51,1322.91,2.5,NORMAL,72,3,0
OSWALAGRO.NS,SELL,41.88,downtrend,48.58,-0.69,43.06,45.68,55.37,1.77,4.22,,,45.41,33.05,2.5,ELEVATED,70,0,3
MVGJL.NS,SELL,145.56,downtrend,42.62,-3.88,148.49,159.76,173.81,5.39,3.7,,,156.35,118.6,2.5,NORMAL,73,0,3
KODYTECH.NS,HOLD,1086.8,weak_trend,71.9,64.39,975.27,870.31,803.7,64.79,5.96,,,989.62,1216.37,1.33,ELEVATED,40,1,2
ADSL.NS,SELL,127.63,downtrend,64.44,1.48,121.95,122.79,140.74,5.89,4.61,,,139.41,98.19,2.5,ELEVATED,62,1,2
HEXATRADEX.NS,SELL,158.3,downtrend,44.75,-0.7,162.25,164.39,165.7,5.92,3.74,,,170.14,128.7,2.5,NORMAL,72,1,2
SARTELE.NS,SELL,142.65,downtrend,60.82,0.0,134.97,142.59,185.86,12.1,8.48,,,166.84,82.17,2.5,ELEVATED,64,1,2
GULPOLY.NS,HOLD,188.13,weak_trend,23.85,1.38,201.55,191.95,159.11,8.9,4.73,,,174.78,205.93,1.33,ELEVATED,40,0,3
SILVERTUC.NS,SELL,185.51,downtrend,49.71,6.24,187.32,166.65,391.88,10.94,5.9,,,207.4,130.79,2.5,ELEVATED,70,0,3
JAYBARMARU.NS,HOLD,171.1,weak_trend,74.34,14.72,153.48,121.1,100.08,9.67,5.65,,,156.59,190.45,1.33,ELEVATED,40,1,2
KUANTUM.NS,SELL,75.35,downtrend,55.37,-0.38,75.5,77.52,90.41,2.71,3.59,,,80.77,61.81,2.5,NORMAL,67,1,2
TNPETRO.NS,HOLD,95.53,weak_trend,73.1,1.78,90.47,89.71,97.47,3.66,3.83,,,90.05,102.84,1.33,NORMAL,40,0,3
GICHSGFIN.NS,HOLD,152.46,weak_trend,61.53,2.79,153.08,149.87,157.58,4.46,2.93,,,145.77,161.38,1.33,NORMAL,40,0,3
PRIMESECU.NS,SELL,291.3,downtrend,48.31,3.38,291.07,285.49,283.12,13.19,4.53,,,317.68,225.35,2.5,ELEVATED,70,1,2
KARNIKA.NS,SELL,126.8,downtrend,31.02,-1.69,132.2,132.83,137.66,3.79,2.99,,,134.38,107.85,2.5,NORMAL,79,1,2
IFBAGRO.NS,HOLD,913.1,weak_trend,59.27,-14.24,918.83,956.07,1063.73,30.85,3.38,,,866.82,974.8,1.33,NORMAL,40,0,3
BIRLAMONEY.NS,SELL,141.66,downtrend,62.79,1.21,137.85,140.85,144.18,6.46,4.56,,,154.59,109.34,2.5,ELEVATED,63,1,2
APS.NS,HOLD,296.4,weak_trend,40.99,-9.87,308.37,338.21,380.15,9.33,3.15,,,282.41,315.06,1.33,NORMAL,40,0,3
PVSL.NS,SELL,91.66,downtrend,37.05,-2.2,95.08,100.24,115.74,2.89,3.15,,,97.44,77.22,2.5,NORMAL,76,0,3
NCLIND.NS,HOLD,192.53,weak_trend,62.73,4.46,188.26,179.35,189.25,5.43,2.82,,,184.39,203.39,1.33,NORMAL,40,2,1
BASILIC.NS,HOLD,201.8,weak_trend,47.68,-4.88,205.29,221.83,286.65,7.99,3.96,,,189.82,217.77,1.33,NORMAL,40,0,3
SASTASUNDR.NS,HOLD,307.45,weak_trend,57.94,6.7,305.82,294.58,297.16,13.39,4.35,,,287.37,334.22,1.33,ELEVATED,40,2,1
COOLCAPS.NS,SELL,23.75,downtrend,41.42,0.12,25.25,25.22,52.21,1.93,8.12,,,27.61,14.11,2.5,ELEVATED,74,0,3
ELIN.NS,SELL,102.17,downtrend,40.73,-3.79,105.87,115.15,153.27,4.62,4.52,,,111.41,79.08,2.5,ELEVATED,74,0,3
SKMEGGPROD.NS,HOLD,293.02,weak_trend,67.33,21.25,249.91,207.74,189.19,17.06,5.82,,,267.43,327.14,1.33,ELEVATED,40,2,1
REMUS.NS,HOLD,779.25,weak_trend,65.27,16.31,748.7,736.98,708.95,31.53,4.05,,,731.96,842.3,1.33,ELEVATED,40,2,1
VAKRANGEE.NS,SELL,6.1,downtrend,43.18,-0.09,6.27,6.52,7.26,0.15,2.47,,,6.4,5.35,2.5,NORMAL,73,0,3
ZUARIIND.NS,HOLD,255.15,weak_trend,58.53,1.46,256.92,258.93,286.65,9.05,3.55,,,241.57,273.25,1.33,NORMAL,40,0,3
SAURASHCEM.NS,SELL,56.13,downtrend,43.07,-0.71,58.47,60.11,77.14,2.17,3.86,,,60.47,45.29,2.5,NORMAL,73,0,3
EVERESTIND.NS,HOLD,512.85,weak_trend,85.93,23.39,382.35,388.32,476.07,32.01,6.24,,,464.83,576.88,1.33,ELEVATED,40,2,1
LIKHITHA.NS,HOLD,265.66,weak_trend,80.6,14.92,236.75,221.61,201.11,11.16,4.2,,,248.93,287.97,1.33,ELEVATED,40,2,1
REGAAL.NS,SELL,78.47,downtrend,37.96,-1.55,80.49,83.45,79.13,3.21,4.1,,,84.9,62.4,2.5,ELEVATED,76,0,3
UFBL.NS,HOLD,637.45,weak_trend,63.75,62.82,595.06,468.02,281.0,36.77,5.77,,,582.29,710.99,1.33,ELEVATED,40,1,2
TVSELECT.NS,HOLD,511.5,weak_trend,68.99,7.84,474.99,475.6,474.66,25.0,4.89,,,474.01,561.49,1.33,ELEVATED,40,2,1
ABCOTS.NS,SELL,221.08,downtrend,58.25,-1.86,220.83,233.85,370.56,13.18,5.96,,,247.44,155.18,2.5,ELEVATED,65,1,2
MACPOWER.NS,HOLD,1346.9,weak_trend,89.45,55.73,1078.51,1107.77,961.11,61.39,4.56,,,1254.81,1469.69,1.33,ELEVATED,40,2,1
BESTAGRO.NS,SELL,15.43,downtrend,45.38,-0.43,15.77,16.97,20.33,0.84,5.43,,,17.1,11.24,2.5,ELEVATED,72,1,2
TEMBO.NS,SELL,570.85,downtrend,56.42,-7.69,565.04,586.74,602.21,23.82,4.17,,,618.49,451.74,2.5,ELEVATED,66,2,1
VALIANTORG.NS,SELL,274.1,downtrend,47.12,-0.74,285.53,285.47,278.25,13.77,5.02,,,301.64,205.26,2.5,ELEVATED,71,0,3
KABRAEXTRU.NS,HOLD,269.61,weak_trend,73.26,5.87,240.71,237.93,236.17,10.65,3.95,,,253.63,290.91,1.33,NORMAL,40,2,1
ARROWGREEN.NS,SELL,597.75,downtrend,48.9,19.2,578.22,544.03,514.14,26.75,4.48,,,651.26,463.98,2.5,ELEVATED,70,1,2
DISHTV.NS,SELL,3.02,downtrend,51.58,-0.06,3.1,3.39,3.74,0.14,4.61,,,3.3,2.32,2.5,ELEVATED,69,2,1
CCCL.NS,SELL,17.31,downtrend,63.69,0.54,15.48,15.75,18.26,1.15,6.62,,,19.6,11.58,2.5,ELEVATED,63,1,2
TVTODAY.NS,HOLD,127.53,weak_trend,73.04,2.55,112.06,113.38,127.45,5.81,4.56,,,118.81,139.15,1.33,ELEVATED,40,1,2
KOTHARIPET.NS,HOLD,123.88,weak_trend,71.88,-0.45,120.8,128.19,128.35,4.55,3.67,,,117.05,132.98,1.33,NORMAL,40,0,3
CHEMFAB.NS,SELL,369.2,downtrend,19.35,-9.92,388.38,402.54,457.09,20.02,5.42,,,409.24,269.09,2.5,ELEVATED,85,0,3
SANDESH.NS,SELL,990.3,downtrend,60.17,0.61,963.37,1004.7,1055.82,34.11,3.44,,,1058.51,819.76,2.5,NORMAL,64,1,2
DHAMPURSUG.NS,HOLD,139.14,weak_trend,44.2,-1.26,140.9,143.95,130.76,3.6,2.59,,,133.74,146.34,1.33,NORMAL,40,0,3
ANUHPHR.NS,HOLD,81.23,weak_trend,66.01,0.47,78.08,79.08,79.46,3.28,4.04,,,76.31,87.79,1.33,ELEVATED,40,2,1
BLAL.NS,SELL,180.42,downtrend,46.67,-1.62,183.3,188.69,195.87,4.47,2.48,,,189.36,158.06,2.5,NORMAL,71,0,3
MAHASTEEL.NS,HOLD,799.1,weak_trend,31.15,-21.12,856.15,857.61,764.76,45.08,5.64,,,731.48,889.26,1.33,ELEVATED,40,0,3
SVLL.NS,HOLD,685.4,weak_trend,32.9,19.94,714.52,630.05,664.96,37.61,5.49,,,628.98,760.62,1.33,ELEVATED,40,0,3
VIVIANA.NS,HOLD,827.8,weak_trend,51.51,-3.84,841.74,845.85,947.27,37.01,4.47,,,772.28,901.82,1.33,ELEVATED,40,0,3
SUYOG.NS,HOLD,835.8,weak_trend,78.8,16.91,764.24,772.94,706.01,41.36,4.95,,,773.75,918.53,1.33,ELEVATED,40,2,1
MUNJALAU.NS,HOLD,92.74,weak_trend,38.79,1.27,94.84,90.0,84.87,3.8,4.1,,,87.04,100.34,1.33,ELEVATED,40,0,3
AVADHSUGAR.NS,HOLD,463.6,weak_trend,48.72,-2.85,458.12,471.52,414.36,14.9,3.21,,,441.25,493.4,1.33,NORMAL,40,1,2
NGLFINE.NS,HOLD,3107.5,weak_trend,62.15,138.66,2913.29,2619.86,1932.85,192.01,6.18,,,2819.49,3491.51,1.33,ELEVATED,40,1,2
SNOWMAN.NS,SELL,36.91,downtrend,49.49,-0.12,37.91,38.98,42.05,1.34,3.62,,,39.59,30.22,2.5,NORMAL,70,0,3
DHUNINV.NS,HOLD,863.65,weak_trend,71.61,4.05,821.29,867.19,1082.99,33.87,3.92,,,812.84,931.39,1.33,NORMAL,40,0,3
JITFINFRA.NS,SELL,309.75,downtrend,58.65,2.54,303.62,302.64,313.77,15.09,4.87,,,339.92,234.32,2.5,ELEVATED,65,1,2
KRYSTAL.NS,HOLD,600.05,weak_trend,70.87,4.78,589.39,591.47,583.65,13.29,2.22,,,580.11,626.64,1.33,NORMAL,40,1,2
ORICONENT.NS,SELL,53.73,downtrend,36.03,-1.94,57.4,61.55,60.69,2.48,4.61,,,58.68,41.35,2.5,ELEVATED,76,1,2
STEL.NS,HOLD,572.1,weak_trend,60.41,29.96,561.75,500.85,477.07,36.39,6.36,,,517.51,644.89,1.33,ELEVATED,40,1,2
SGIL.NS,HOLD,585.7,weak_trend,62.84,9.27,573.34,555.66,533.79,22.98,3.92,,,551.23,631.66,1.33,NORMAL,40,1,2
WANBURY.NS,BUY,280.85,uptrend,59.25,3.54,267.34,266.5,247.79,14.61,5.2,275.23,286.47,251.64,353.89,2.5,ELEVATED,74,3,0
CHEMCON.NS,SELL,186.18,downtrend,40.33,3.08,194.27,178.61,191.69,8.37,4.49,,,202.91,144.35,2.5,ELEVATED,74,0,3
VLSFINANCE.NS,HOLD,257.62,weak_trend,73.62,6.11,238.8,236.75,248.19,9.54,3.7,,,243.31,276.7,1.33,NORMAL,40,1,2
BHAGERIA.NS,SELL,211.01,downtrend,45.81,12.58,209.52,180.83,176.26,10.62,5.03,,,232.25,157.92,2.5,ELEVATED,72,1,2
ASAL.NS,BUY,520.05,uptrend,63.95,5.17,509.81,507.82,490.65,18.04,3.47,509.65,530.45,483.97,610.25,2.5,NORMAL,76,3,0
ARFIN.NS,HOLD,85.8,weak_trend,55.23,-0.7,90.38,92.64,72.4,5.0,5.83,,,78.29,95.81,1.33,ELEVATED,40,0,3
SARLAPOLY.NS,HOLD,98.14,weak_trend,43.82,0.7,98.52,96.06,89.93,3.07,3.12,,,93.54,104.27,1.33,NORMAL,40,0,3
COFFEEDAY.NS,SELL,31.59,downtrend,32.94,0.68,35.14,30.04,33.46,1.59,5.02,,,34.76,23.66,2.5,ELEVATED,78,0,3
BIGBLOC.NS,HOLD,49.38,weak_trend,48.11,-0.47,49.94,51.46,55.62,2.61,5.28,,,45.47,54.6,1.33,ELEVATED,40,0,3
OWAIS.NS,SELL,114.05,downtrend,63.62,-4.62,108.23,142.98,266.62,6.54,5.73,,,127.12,81.37,2.5,ELEVATED,63,1,2
ZTECH.NS,BUY,624.25,uptrend,68.47,6.0,599.27,601.69,574.34,20.52,3.29,611.76,636.74,583.21,726.86,2.5,NORMAL,79,3,0
AMBIKCO.NS,HOLD,1759.8,weak_trend,73.62,38.9,1663.23,1604.55,1394.98,60.91,3.46,,,1668.44,1881.61,1.33,NORMAL,40,2,1
UNITEDPOLY.NS,SELL,32.11,downtrend,31.57,-0.13,33.02,32.71,33.05,1.87,5.83,,,35.86,22.75,2.5,ELEVATED,79,0,3
VHLTD.NS,SELL,130.03,downtrend,35.64,-1.97,136.29,137.65,134.0,5.96,4.58,,,141.95,100.23,2.5,ELEVATED,77,0,3
INDOBORAX.NS,HOLD,378.9,weak_trend,61.19,16.65,368.96,320.45,267.21,17.63,4.65,,,352.46,414.16,1.33,ELEVATED,40,1,2
RATNAVEER.NS,HOLD,181.2,weak_trend,70.52,3.5,174.34,172.4,156.1,9.49,5.24,,,166.96,200.18,1.33,ELEVATED,40,1,2
SAKAR.NS,SELL,838.1,downtrend,49.8,22.75,813.09,736.32,504.91,42.15,5.03,,,922.4,627.35,2.5,ELEVATED,70,1,2
ELDEHSG.NS,HOLD,805.7,weak_trend,39.68,-0.63,798.76,816.09,848.57,26.14,3.24,,,766.5,857.97,1.33,NORMAL,40,0,3
NINSYS.NS,HOLD,824.85,weak_trend,77.34,44.82,731.56,637.91,452.06,39.95,4.84,,,764.93,904.74,1.33,ELEVATED,40,1,2
MALLCOM.NS,HOLD,1034.2,weak_trend,60.95,5.2,1022.3,1040.34,1164.76,53.45,5.17,,,954.02,1141.1,1.33,ELEVATED,40,0,3
BODALCHEM.NS,HOLD,62.55,weak_trend,37.17,-1.28,67.94,69.32,58.71,3.03,4.85,,,58.0,68.61,1.33,ELEVATED,40,0,3
MUKKA.NS,SELL,23.82,downtrend,62.21,0.37,23.37,23.54,24.02,1.07,4.49,,,25.96,18.47,2.5,ELEVATED,63,1,2
TECHLABS.NS,SELL,112.55,downtrend,15.16,-21.91,136.7,188.61,298.52,8.04,7.15,,,128.64,72.34,2.5,ELEVATED,87,1,2
MUFTI.NS,SELL,85.16,downtrend,42.46,1.05,88.47,83.95,93.78,3.34,3.92,,,91.84,68.46,2.5,NORMAL,73,0,3
KAMATHOTEL.NS,SELL,182.72,downtrend,60.81,3.0,174.28,171.25,219.4,8.02,4.39,,,198.75,142.64,2.5,ELEVATED,64,1,2
SATIA.NS,HOLD,54.5,weak_trend,48.98,-1.47,55.09,61.54,67.18,1.92,3.53,,,51.62,58.34,1.33,NORMAL,40,0,3
DWARKESH.NS,HOLD,43.31,weak_trend,37.54,-0.36,44.11,44.79,41.09,1.33,3.07,,,41.32,45.97,1.33,NORMAL,40,0,3
KECL.NS,HOLD,117.3,weak_trend,76.29,-0.12,106.87,116.06,106.08,2.1,1.79,,,114.16,121.49,1.33,LOW,40,1,2
NAHARSPING.NS,HOLD,258.35,weak_trend,41.12,-1.31,262.24,259.65,215.34,9.88,3.82,,,243.53,278.11,1.33,NORMAL,40,0,3
KAMDHENU.NS,HOLD,29.96,weak_trend,64.5,1.15,28.06,25.75,24.79,1.37,4.57,,,27.91,32.7,1.33,ELEVATED,40,1,2
RITCO.NS,HOLD,256.65,weak_trend,52.09,3.34,258.9,249.57,247.46,11.63,4.53,,,239.21,279.91,1.33,ELEVATED,40,0,3
APEX.NS,HOLD,404.0,weak_trend,47.22,-8.48,414.34,442.74,339.74,14.37,3.56,,,382.45,432.74,1.33,NORMAL,40,0,3
KOPRAN.NS,HOLD,189.31,weak_trend,55.04,4.56,187.51,175.74,153.2,8.85,4.67,,,176.04,207.0,1.33,ELEVATED,40,1,2
MAGADSUGAR.NS,SELL,461.65,downtrend,56.17,-4.39,453.74,479.83,491.81,15.23,3.3,,,492.11,385.49,2.5,NORMAL,66,1,2
ATL.NS,SELL,23.83,downtrend,44.39,-0.19,24.27,25.0,27.24,0.84,3.52,,,25.51,19.63,2.5,NORMAL,72,1,2
PATELRMART.NS,HOLD,216.05,weak_trend,61.41,4.45,210.9,205.97,206.1,8.45,3.91,,,203.37,232.96,1.33,NORMAL,40,1,2
20MICRONS.NS,HOLD,201.41,weak_trend,63.5,5.16,191.14,184.31,189.1,9.27,4.6,,,187.5,219.95,1.33,ELEVATED,40,2,1
RUBYMILLS.NS,HOLD,325.0,weak_trend,38.43,17.06,329.0,274.19,230.32,15.24,4.69,,,302.14,355.48,1.33,ELEVATED,40,0,3
GHCLTEXTIL.NS,BUY,99.63,uptrend,61.68,1.01,94.42,92.05,80.07,3.92,3.93,97.64,101.62,91.79,119.22,2.5,NORMAL,75,3,0
ESFL.NS,HOLD,116.6,weak_trend,35.76,-2.5,119.38,124.96,176.22,3.86,3.31,,,110.8,124.33,1.33,NORMAL,40,0,3
PROZONER.NS,SELL,44.88,downtrend,13.25,-1.7,48.51,52.36,53.3,2.3,5.12,,,49.48,33.38,2.5,ELEVATED,88,1,2
STCINDIA.NS,HOLD,127.27,weak_trend,58.1,2.93,126.81,121.82,121.6,7.9,6.21,,,115.42,143.07,1.33,ELEVATED,40,1,2
TREL.NS,SELL,26.35,downtrend,58.75,0.22,26.03,26.07,26.92,1.14,4.34,,,28.64,20.63,2.5,ELEVATED,65,1,2
LINC.NS,BUY,112.0,uptrend,66.43,3.89,104.29,101.79,111.35,5.79,5.17,109.76,114.24,100.41,140.97,2.5,ELEVATED,78,3,0
MVKAGRO.NS,SELL,365.6,downtrend,22.53,-28.21,431.36,472.13,562.46,22.96,6.28,,,411.51,250.81,2.5,ELEVATED,83,0,3
KSOLVES.NS,HOLD,286.3,weak_trend,57.29,-0.33,286.02,291.98,294.31,10.48,3.66,,,270.59,307.25,1.33,NORMAL,40,0,3
LAXMIINDIA.NS,HOLD,98.75,weak_trend,50.62,-3.04,105.51,113.97,120.06,4.43,4.48,,,92.11,107.6,1.33,ELEVATED,40,0,3
GEECEE.NS,HOLD,345.65,weak_trend,62.62,7.43,335.0,320.17,322.09,15.9,4.6,,,321.81,377.44,1.33,ELEVATED,40,1,2
RUSHIL.NS,SELL,16.89,downtrend,60.25,0.41,16.31,16.37,20.81,1.14,6.72,,,19.16,11.21,2.5,ELEVATED,64,1,2
NBIFIN.NS,SELL,1889.7,downtrend,61.9,-4.06,1870.28,1948.73,2145.96,60.85,3.22,,,2011.4,1585.45,2.5,NORMAL,64,1,2
HLVLTD.NS,SELL,7.69,downtrend,48.41,-0.06,7.86,8.12,9.12,0.28,3.71,,,8.26,6.27,2.5,NORMAL,70,0,3
THEINVEST.NS,SELL,98.21,downtrend,61.85,-1.04,97.3,103.3,115.38,4.82,4.9,,,107.84,74.13,2.5,ELEVATED,64,2,1
PVP.NS,SELL,29.66,downtrend,31.95,-0.09,30.51,29.91,30.9,1.51,5.09,,,32.68,22.11,2.5,ELEVATED,79,0,3
PPL.NS,HOLD,323.58,weak_trend,93.37,22.26,249.72,222.3,238.37,16.05,4.96,,,299.5,355.68,1.33,ELEVATED,40,2,1
RSWM.NS,HOLD,192.61,weak_trend,30.84,4.93,195.67,177.88,155.74,10.81,5.61,,,176.39,214.23,1.33,ELEVATED,40,0,3
DMCC.NS,SELL,254.0,downtrend,54.42,-3.86,252.67,273.41,263.56,12.29,4.84,,,278.58,192.55,2.5,ELEVATED,67,1,2
SHIVALIK.NS,HOLD,234.65,weak_trend,48.11,-8.88,228.59,250.59,330.15,11.17,4.76,,,217.9,256.99,1.33,ELEVATED,40,0,3
RKSWAMY.NS,HOLD,101.69,weak_trend,57.52,1.03,99.42,95.47,110.67,3.61,3.55,,,96.27,108.92,1.33,NORMAL,40,1,2
NAHARPOLY.NS,SELL,252.1,downtrend,58.57,0.36,249.38,253.01,258.1,7.8,3.09,,,267.7,213.1,2.5,NORMAL,65,1,2
VENUSREM.NS,HOLD,1833.5,weak_trend,63.39,166.87,1728.15,1307.07,836.26,123.39,6.73,,,1648.41,2080.29,1.33,ELEVATED,40,1,2
SUBEXLTD.NS,HOLD,11.62,weak_trend,68.51,0.32,11.17,10.65,10.9,0.59,5.08,,,10.73,12.8,1.33,ELEVATED,40,2,1
SARVESHWAR.NS,HOLD,3.67,weak_trend,50.0,0.02,3.74,3.81,4.4,0.19,5.04,,,3.39,4.04,1.33,ELEVATED,40,0,3
REPRO.NS,SELL,371.0,downtrend,58.12,2.0,361.63,364.72,426.97,14.82,3.99,,,400.64,296.91,2.5,NORMAL,65,1,2
ZEEMEDIA.NS,HOLD,8.52,weak_trend,56.25,0.03,8.42,8.3,9.05,0.32,3.77,,,8.04,9.16,1.33,NORMAL,40,1,2
SEJALLTD.NS,HOLD,758.5,weak_trend,63.29,3.64,735.33,764.39,741.81,40.56,5.35,,,697.65,839.63,1.33,ELEVATED,40,2,1
GLOSTERLTD.NS,HOLD,731.85,weak_trend,76.4,20.64,688.0,658.93,623.26,18.09,2.47,,,704.72,768.03,1.33,NORMAL,40,1,2
MINDTECK.NS,SELL,202.99,downtrend,39.68,-0.61,208.81,208.64,215.77,6.66,3.28,,,216.32,169.67,2.5,NORMAL,75,0,3
AHCL.NS,HOLD,15.99,weak_trend,72.36,0.6,15.39,14.4,13.46,0.76,4.72,,,14.86,17.5,1.33,ELEVATED,40,1,2
NRAIL.NS,SELL,441.75,downtrend,44.58,-3.28,453.94,466.25,450.45,21.35,4.83,,,484.46,334.98,2.5,ELEVATED,72,1,2
HARDWYN.NS,HOLD,24.05,weak_trend,50.26,0.0,24.65,24.98,18.69,1.09,4.54,,,22.41,26.23,1.33,ELEVATED,40,1,2
DREAMFOLKS.NS,SELL,67.93,downtrend,45.43,-2.13,70.64,75.99,97.12,2.83,4.16,,,73.59,53.79,2.5,ELEVATED,72,0,3
CELLECOR.NS,HOLD,36.95,weak_trend,51.79,-0.38,36.53,37.83,31.29,1.46,3.94,,,34.76,39.86,1.33,NORMAL,40,2,1
ONWARDTEC.NS,HOLD,286.25,weak_trend,75.17,5.63,261.49,258.28,280.01,13.05,4.56,,,266.67,312.35,1.33,ELEVATED,40,1,2
SHREERAMA.NS,SELL,42.63,downtrend,47.14,-0.55,43.34,44.64,53.32,2.45,5.74,,,47.52,30.39,2.5,ELEVATED,71,0,3
ACL.NS,SELL,52.48,downtrend,36.3,-0.63,53.38,54.92,64.94,1.75,3.34,,,55.98,43.72,2.5,NORMAL,76,0,3
JAYAGROGN.NS,SELL,203.95,downtrend,38.45,-2.51,218.18,213.89,206.35,10.38,5.09,,,224.72,152.04,2.5,ELEVATED,75,0,3
ACCENTMIC.NS,HOLD,485.25,weak_trend,53.48,7.24,462.27,448.35,352.52,17.79,3.67,,,458.56,520.84,1.33,NORMAL,40,2,1
APTECHT.NS,HOLD,103.61,weak_trend,45.22,0.79,108.8,103.44,96.25,5.55,5.36,,,95.28,114.72,1.33,ELEVATED,40,0,3
MANBA.NS,HOLD,137.36,weak_trend,77.44,5.74,124.65,115.9,126.77,5.58,4.06,,,128.99,148.52,1.33,ELEVATED,40,1,2
MAANALU.NS,HOLD,121.23,weak_trend,41.5,-3.22,126.44,137.26,138.44,4.48,3.7,,,114.5,130.2,1.33,NORMAL,40,0,3
EMKAY.NS,HOLD,270.54,weak_trend,41.81,10.19,283.28,247.21,263.45,17.91,6.62,,,243.68,306.35,1.33,ELEVATED,40,0,3
URJA.NS,SELL,9.56,downtrend,33.8,-0.26,10.23,10.68,11.08,0.37,3.86,,,10.3,7.72,2.5,NORMAL,78,1,2
IRIS.NS,SELL,263.45,downtrend,61.9,6.33,248.97,245.52,279.84,17.74,6.73,,,298.93,174.75,2.5,ELEVATED,64,1,2
VISAKAIND.NS,BUY,79.06,uptrend,66.19,1.84,74.6,71.7,69.28,3.23,4.08,77.48,80.64,72.6,95.2,2.5,ELEVATED,78,3,0
MMP.NS,HOLD,280.0,weak_trend,55.52,2.58,269.29,271.01,258.52,13.76,4.92,,,259.35,307.53,1.33,ELEVATED,40,2,1
HINDCOMPOS.NS,SELL,420.55,downtrend,50.79,-0.56,415.49,429.83,433.91,13.19,3.14,,,446.94,354.59,2.5,NORMAL,69,1,2
PARSVNATH.NS,SELL,2.71,downtrend,0.0,-0.58,3.25,5.02,9.66,0.06,2.11,,,2.82,2.42,2.5,NORMAL,95,1,2
ENIL.NS,SELL,105.15,downtrend,25.6,-1.45,109.64,113.09,121.38,4.47,4.25,,,114.08,82.81,2.5,ELEVATED,82,0,3
PAKKA.NS,SELL,81.65,downtrend,51.86,-2.07,81.32,88.95,106.49,2.88,3.52,,,87.41,67.26,2.5,NORMAL,69,1,2
GFLLIMITED.NS,HOLD,45.99,weak_trend,55.85,-0.05,46.6,47.04,52.97,1.76,3.82,,,43.35,49.5,1.33,NORMAL,40,0,3
MENONBE.NS,HOLD,165.58,weak_trend,52.63,5.39,162.99,147.52,125.44,8.87,5.35,,,152.28,183.31,1.33,ELEVATED,40,1,2
CSLFINANCE.NS,SELL,228.93,downtrend,63.04,-0.75,226.42,229.69,264.18,7.94,3.47,,,244.82,189.21,2.5,NORMAL,63,2,1
GCSL.NS,HOLD,430.75,weak_trend,60.02,7.85,423.22,395.85,335.94,15.19,3.53,,,407.97,461.13,1.33,NORMAL,40,1,2
MIRCELECTR.NS,BUY,40.12,uptrend,57.91,0.61,39.35,38.68,30.57,1.82,4.54,39.32,40.92,36.48,49.23,2.5,ELEVATED,73,3,0
CHEVIOT.NS,HOLD,1108.4,weak_trend,63.12,-2.4,1103.68,1143.45,1092.99,21.24,1.92,,,1076.54,1150.89,1.33,LOW,40,2,1
SCHAND.NS,SELL,147.49,downtrend,53.17,-2.63,148.64,157.21,160.82,4.39,2.98,,,156.27,125.53,2.5,NORMAL,68,1,2
KILITCH.NS,HOLD,194.73,weak_trend,62.36,4.88,183.82,172.3,169.74,9.08,4.66,,,181.1,212.9,1.33,ELEVATED,40,2,1
KRITI.NS,SELL,70.99,downtrend,43.44,-1.19,72.55,76.26,90.63,3.02,4.26,,,77.03,55.88,2.5,ELEVATED,73,1,2
DBEIL.NS,SELL,8.03,downtrend,49.07,0.09,8.35,8.18,10.7,0.45,5.61,,,8.93,5.78,2.5,ELEVATED,70,0,3
INDSWFTLAB.NS,HOLD,203.53,weak_trend,86.77,14.9,175.23,153.55,123.29,8.78,4.31,,,190.36,221.09,1.33,ELEVATED,40,1,2
VERTOZ.NS,SELL,38.74,downtrend,34.32,-1.71,42.33,45.93,57.94,2.64,6.8,,,44.01,25.56,2.5,ELEVATED,77,0,3
FOODSIN.NS,SELL,54.43,downtrend,46.19,-0.4,55.72,57.72,67.74,2.31,4.24,,,59.05,42.88,2.5,ELEVATED,71,0,3
SICALLOG.NS,HOLD,91.12,weak_trend,68.45,6.59,86.98,74.33,82.61,2.67,2.93,,,87.11,96.47,1.33,NORMAL,40,1,2
MWL.NS,SELL,375.75,downtrend,47.82,3.77,375.38,356.81,280.07,9.2,2.45,,,394.14,329.77,2.5,NORMAL,71,2,1
ASIANHOTNR.NS,SELL,290.3,downtrend,32.65,-2.09,299.34,299.28,311.01,12.07,4.16,,,314.44,229.96,2.5,ELEVATED,78,0,3
GANESHBE.NS,HOLD,103.25,weak_trend,41.58,1.28,105.44,100.86,87.48,4.65,4.51,,,96.27,112.56,1.33,ELEVATED,40,0,3
IGCL.NS,SELL,61.92,downtrend,56.19,-0.01,59.84,61.75,77.78,3.31,5.34,,,68.54,45.37,2.5,ELEVATED,66,1,2
BORANA.NS,SELL,301.0,downtrend,33.39,-6.33,317.24,330.31,306.33,12.26,4.07,,,325.51,239.71,2.5,ELEVATED,78,0,3
TIRUPATI.NS,HOLD,510.0,weak_trend,100.0,6.79,500.21,486.18,599.08,1.09,0.21,,,508.37,512.17,1.33,LOW,40,0,3
SHALPAINTS.NS,HOLD,50.61,weak_trend,53.38,0.24,51.54,51.65,61.52,2.29,4.53,,,47.17,55.19,1.33,ELEVATED,40,0,3
SBGLP.NS,SELL,25.01,downtrend,49.4,-0.22,25.71,26.32,30.5,1.25,4.98,,,27.5,18.78,2.5,ELEVATED,70,0,3
TOLINS.NS,SELL,103.63,downtrend,62.71,0.24,103.06,106.03,131.7,3.49,3.37,,,110.61,86.18,2.5,NORMAL,63,1,2
ONMOBILE.NS,HOLD,61.45,weak_trend,87.75,1.95,52.77,53.38,56.17,2.21,3.59,,,58.14,65.87,1.33,NORMAL,40,2,1
IRISDOREME.NS,HOLD,41.67,weak_trend,76.06,1.26,38.07,36.85,33.93,2.22,5.32,,,38.34,46.1,1.33,ELEVATED,40,2,1
NILASPACES.NS,SELL,12.96,downtrend,68.15,-0.02,12.63,13.13,14.93,0.64,4.95,,,14.24,9.75,2.5,ELEVATED,60,1,2
GIRIRAJ.NS,HOLD,128.7,weak_trend,35.85,-7.8,139.57,160.5,192.01,7.24,5.63,,,117.84,143.19,1.33,ELEVATED,40,1,2
SILINV.NS,SELL,419.75,downtrend,59.2,-2.83,422.33,439.82,498.27,14.96,3.56,,,449.66,344.96,2.5,NORMAL,65,1,2
SPECIALITY.NS,HOLD,126.81,weak_trend,65.04,6.42,114.77,108.9,114.53,8.67,6.83,,,113.81,144.14,1.33,ELEVATED,40,2,1
GPECO.NS,HOLD,430.15,weak_trend,34.26,4.8,443.48,411.91,427.4,17.21,4.0,,,404.33,464.58,1.33,NORMAL,40,1,2
OCCLLTD.NS,SELL,126.98,downtrend,36.76,4.6,126.64,112.26,106.12,7.04,5.54,,,141.05,91.8,2.5,ELEVATED,76,1,2
MOS.NS,SELL,13.0,downtrend,24.43,-0.45,15.0,14.01,22.18,0.75,5.8,,,14.51,9.23,2.5,ELEVATED,82,0,3
SUTLEJTEX.NS,HOLD,38.26,weak_trend,56.38,0.52,37.18,37.15,33.64,1.78,4.65,,,35.59,41.82,1.33,ELEVATED,40,2,1
RPPINFRA.NS,SELL,64.66,downtrend,57.57,-1.14,63.06,70.74,92.7,3.13,4.85,,,70.93,48.99,2.5,ELEVATED,66,1,2
PYRAMID.NS,HOLD,172.06,weak_trend,61.01,1.42,168.29,168.44,160.49,6.45,3.75,,,162.39,184.95,1.33,NORMAL,40,1,2
PRIMO.NS,HOLD,24.33,weak_trend,50.72,0.26,24.21,23.85,22.69,1.11,4.57,,,22.66,26.55,1.33,ELEVATED,40,1,2
FOCUS.NS,HOLD,89.63,weak_trend,36.86,1.24,91.53,85.97,78.55,3.38,3.77,,,84.56,96.39,1.33,NORMAL,40,0,3
SJLOGISTIC.NS,SELL,331.85,downtrend,29.57,1.89,346.04,326.85,342.95,15.45,4.65,,,362.74,254.62,2.5,ELEVATED,80,0,3
TARACHAND.NS,SELL,56.01,downtrend,50.45,-0.35,56.85,59.0,68.6,2.35,4.2,,,60.71,44.26,2.5,ELEVATED,69,1,2
CONSOFINVT.NS,HOLD,223.1,weak_trend,44.77,-1.39,228.08,227.63,200.15,8.8,3.95,,,209.89,240.71,1.33,NORMAL,40,0,3
KRONOX.NS,HOLD,149.96,weak_trend,60.9,4.41,143.11,138.44,137.65,6.79,4.53,,,139.77,163.55,1.33,ELEVATED,40,2,1
RADIANTCMS.NS,HOLD,38.61,weak_trend,55.9,-0.27,39.21,40.68,46.33,1.37,3.54,,,36.56,41.34,1.33,NORMAL,40,0,3
BAHETI.NS,HOLD,723.95,weak_trend,88.54,33.07,652.43,620.0,583.93,23.25,3.21,,,689.07,770.46,1.33,NORMAL,40,1,2
HMVL.NS,HOLD,86.38,weak_trend,53.83,4.4,83.04,72.6,72.21,3.91,4.52,,,80.52,94.2,1.33,ELEVATED,40,1,2
KAYA.NS,SELL,248.69,downtrend,52.6,0.15,247.74,251.0,341.69,10.32,4.15,,,269.34,197.07,2.5,ELEVATED,68,1,2
ESSARSHPNG.NS,HOLD,23.11,weak_trend,50.61,-0.23,23.47,24.55,26.93,0.99,4.28,,,21.63,25.09,1.33,ELEVATED,40,0,3
INTLCONV.NS,SELL,79.94,downtrend,49.35,0.66,81.12,80.03,84.58,2.98,3.73,,,85.9,65.05,2.5,NORMAL,70,0,3
EMAMIPAP.NS,HOLD,87.22,weak_trend,53.93,1.36,85.53,81.65,86.08,3.64,4.17,,,81.76,94.5,1.33,ELEVATED,40,2,1
ZODIAC.NS,SELL,275.2,downtrend,51.05,-4.59,279.84,298.51,309.36,9.37,3.4,,,293.94,228.36,2.5,NORMAL,69,1,2
EIFFL.NS,HOLD,322.79,weak_trend,75.85,26.66,278.5,255.95,241.31,23.03,7.14,,,288.24,368.86,1.33,ELEVATED,40,1,2
DIGISPICE.NS,SELL,19.81,downtrend,40.3,-0.07,20.01,20.12,22.12,1.02,5.16,,,21.86,14.7,2.5,ELEVATED,74,0,3
SURAJLTD.NS,HOLD,229.96,weak_trend,49.94,-1.27,229.06,234.3,255.2,7.09,3.08,,,219.33,244.14,1.33,NORMAL,40,0,3
MBLINFRA.NS,SELL,25.85,downtrend,40.15,-0.18,27.27,26.4,31.39,1.65,6.4,,,29.16,17.58,2.5,ELEVATED,74,0,3
COMSYN.NS,HOLD,161.3,weak_trend,49.47,2.1,162.44,157.39,154.73,8.79,5.45,,,148.11,178.88,1.33,ELEVATED,40,0,3
PRECOT.NS,HOLD,745.8,weak_trend,60.06,11.02,724.64,681.26,503.23,37.98,5.09,,,688.83,821.76,1.33,ELEVATED,40,2,1
VINSYS.NS,HOLD,458.5,weak_trend,78.82,28.19,405.4,357.88,362.3,19.87,4.33,,,428.7,498.24,1.33,ELEVATED,40,2,1
TPLPLASTEH.NS,HOLD,73.15,weak_trend,74.64,1.5,68.53,67.22,67.38,3.15,4.31,,,68.42,79.45,1.33,ELEVATED,40,1,2
ALLETEC.NS,SELL,137.9,downtrend,46.38,-3.26,142.97,153.44,199.61,6.31,4.57,,,150.51,106.36,2.5,ELEVATED,71,0,3
RBZJEWEL.NS,BUY,138.14,uptrend,53.09,0.78,132.07,133.04,136.73,6.33,4.58,135.38,140.9,125.49,169.78,2.5,ELEVATED,71,3,0
HILINFRA.NS,SELL,46.4,downtrend,40.69,-0.65,47.48,49.51,59.98,1.4,3.01,,,49.19,39.41,2.5,NORMAL,74,0,3
RAMAPHO.NS,SELL,126.64,downtrend,60.67,1.11,124.99,128.89,148.17,6.15,4.85,,,138.93,95.91,2.5,ELEVATED,64,1,2
ORIENTPPR.NS,SELL,16.78,downtrend,41.58,-0.21,17.45,17.86,21.14,0.49,2.95,,,17.77,14.31,2.5,NORMAL,74,1,2
GVKPIL.NS,SELL,2.67,downtrend,17.5,-0.1,2.83,3.06,3.1,0.07,2.7,,,2.81,2.31,2.5,NORMAL,86,0,3
LIBERTSHOE.NS,HOLD,269.27,weak_trend,72.96,6.19,248.73,249.28,275.42,13.18,4.89,,,249.5,295.63,1.33,ELEVATED,40,0,3
KNAGRI.NS,HOLD,211.97,weak_trend,75.53,5.02,202.31,196.18,198.02,7.62,3.59,,,200.54,227.21,1.33,NORMAL,40,1,2
ANNAPURNA.NS,SELL,129.3,downtrend,15.0,-4.39,134.87,144.99,197.23,4.05,3.13,,,137.39,109.07,2.5,NORMAL,87,1,2
BELLACASA.NS,HOLD,274.83,weak_trend,72.04,3.47,242.12,248.44,330.77,14.66,5.33,,,252.84,304.15,1.33,ELEVATED,40,1,2
PARIN.NS,HOLD,714.9,weak_trend,47.58,12.03,714.99,677.87,615.95,29.94,4.19,,,669.99,774.78,1.33,ELEVATED,40,0,3
KAPSTON.NS,HOLD,368.55,weak_trend,72.78,7.65,345.48,341.41,314.91,14.94,4.05,,,346.14,398.43,1.33,ELEVATED,40,1,2
ADVANIHOTR.NS,HOLD,53.19,weak_trend,49.13,0.14,52.77,52.96,54.36,1.6,3.01,,,50.79,56.39,1.33,NORMAL,40,0,3
DBOL.NS,HOLD,111.56,weak_trend,53.14,0.55,112.48,113.26,94.11,5.58,5.0,,,103.19,122.72,1.33,ELEVATED,40,0,3
TRACXN.NS,SELL,30.35,downtrend,39.93,-0.54,31.06,32.34,38.89,1.06,3.5,,,32.47,25.04,2.5,NORMAL,75,0,3
MUNJALSHOW.NS,SELL,128.06,downtrend,43.92,-1.1,128.46,131.89,128.24,2.45,1.92,,,132.97,115.79,2.5,LOW,73,0,3
SREEL.NS,SELL,208.71,downtrend,61.36,5.85,204.08,193.37,209.08,9.99,4.79,,,228.7,158.74,2.5,ELEVATED,64,1,2
ORBTEXP.NS,HOLD,220.15,weak_trend,50.96,14.77,207.74,182.41,185.14,20.42,9.27,,,189.52,260.99,1.33,ELEVATED,40,2,1
MAZDA.NS,HOLD,233.48,weak_trend,54.03,5.52,232.69,219.15,225.87,9.55,4.09,,,219.15,252.58,1.33,ELEVATED,40,2,1
VISASTEEL.NS,SELL,40.64,downtrend,37.6,-1.51,44.02,45.75,45.62,2.54,6.26,,,45.73,27.92,2.5,ELEVATED,76,0,3
GUJAPOLLO.NS,SELL,355.95,downtrend,37.48,-8.8,373.47,394.97,421.21,13.2,3.71,,,382.34,289.97,2.5,NORMAL,76,1,2
TRANSWORLD.NS,SELL,164.54,downtrend,48.37,1.72,169.39,166.5,187.33,10.96,6.66,,,186.46,109.74,2.5,ELEVATED,70,0,3
PTL.NS,HOLD,42.44,weak_trend,71.11,0.8,41.17,40.21,38.73,0.97,2.3,,,40.98,44.39,1.33,NORMAL,40,1,2
DPEL.NS,HOLD,472.0,weak_trend,23.62,-4.76,485.07,491.19,343.34,12.55,2.66,,,453.18,497.09,1.33,NORMAL,40,0,3
EFFWA.NS,HOLD,377.45,weak_trend,79.33,26.56,336.09,286.39,236.12,15.88,4.21,,,353.63,409.21,1.33,ELEVATED,40,1,2
MEGATHERM.NS,HOLD,210.7,weak_trend,47.8,-6.16,210.47,238.41,235.33,11.08,5.26,,,194.08,232.86,1.33,ELEVATED,40,0,3
AVONMORE.NS,SELL,10.25,downtrend,55.07,-0.16,10.5,11.21,15.2,0.64,6.26,,,11.53,7.04,2.5,ELEVATED,67,1,2
WSI.NS,SELL,66.29,downtrend,42.34,-0.75,68.21,69.65,75.67,2.41,3.63,,,71.1,54.26,2.5,NORMAL,73,0,3
SUPREMEPWR.NS,HOLD,248.85,weak_trend,46.28,2.86,248.36,247.39,202.9,10.23,4.11,,,233.51,269.31,1.33,ELEVATED,40,1,2
SUKHJITS.NS,HOLD,178.06,weak_trend,62.26,-1.2,173.09,181.9,170.73,6.42,3.61,,,168.42,190.91,1.33,NORMAL,40,2,1
MGEL.NS,HOLD,15.91,weak_trend,38.55,0.44,15.93,14.63,13.9,0.75,4.73,,,14.78,17.42,1.33,ELEVATED,40,0,3
CGRAPHICS.NS,HOLD,145.4,weak_trend,43.16,-1.86,144.82,152.96,178.68,5.02,3.45,,,137.87,155.44,1.33,NORMAL,40,0,3
DONEAR.NS,SELL,85.85,downtrend,39.63,-0.73,89.86,91.18,92.81,2.61,3.04,,,91.07,72.81,2.5,NORMAL,75,0,3
TERASOFT.NS,HOLD,413.6,weak_trend,37.7,7.76,426.64,378.71,413.13,17.63,4.26,,,387.16,448.86,1.33,ELEVATED,40,0,3
MODISONLTD.NS,HOLD,297.65,weak_trend,45.31,18.85,321.24,241.75,169.45,20.76,6.98,,,266.5,339.18,1.33,ELEVATED,40,0,3
VINYLINDIA.NS,HOLD,250.5,weak_trend,54.09,0.54,250.74,256.33,242.35,10.01,4.0,,,235.48,270.53,1.33,NORMAL,40,1,2
DICIND.NS,SELL,513.8,downtrend,51.58,0.01,506.78,519.11,517.14,26.44,5.15,,,566.67,381.62,2.5,ELEVATED,69,1,2
CPEDU.NS,SELL,203.97,downtrend,69.36,6.88,190.18,191.71,229.64,10.31,5.06,,,224.59,152.41,2.5,ELEVATED,60,1,2
EUROBOND.NS,SELL,166.8,downtrend,39.55,-2.35,176.21,177.06,183.38,8.89,5.33,,,184.59,122.33,2.5,ELEVATED,75,0,3
MIRZAINT.NS,HOLD,35.02,weak_trend,74.08,0.98,31.57,31.81,35.11,1.61,4.6,,,32.61,38.24,1.33,ELEVATED,40,0,3
ATMASTCO.NS,HOLD,168.15,weak_trend,43.2,-0.24,175.42,172.88,166.87,9.29,5.52,,,154.22,186.72,1.33,ELEVATED,40,1,2
CLEDUCATE.NS,SELL,50.97,downtrend,28.65,0.57,52.0,47.78,68.23,1.15,2.26,,,53.28,45.21,2.5,NORMAL,80,0,3
PAVNAIND.NS,SELL,17.74,downtrend,65.17,-0.04,17.12,18.42,24.8,0.95,5.33,,,19.63,13.01,2.5,ELEVATED,62,1,2
SOFTTECH.NS,HOLD,444.65,weak_trend,56.76,7.11,431.9,413.07,344.27,7.38,1.66,,,433.58,459.41,1.33,LOW,40,2,1
NAHARINDUS.NS,HOLD,116.85,weak_trend,49.13,1.11,118.16,115.24,108.7,3.57,3.06,,,111.49,123.99,1.33,NORMAL,40,0,3
CYBERTECH.NS,HOLD,146.73,weak_trend,59.38,3.12,143.38,139.2,140.88,7.1,4.84,,,136.08,160.93,1.33,ELEVATED,40,2,1
MEDICAMEQ.NS,SELL,250.2,downtrend,56.06,-6.25,236.87,257.22,317.97,14.11,5.64,,,278.43,179.63,2.5,ELEVATED,66,2,1
PANACHE.NS,HOLD,432.25,weak_trend,76.06,22.58,391.77,363.71,349.37,22.87,5.29,,,397.94,477.99,1.33,ELEVATED,40,1,2
HCL-INSYS.NS,SELL,11.96,downtrend,36.3,-0.02,12.51,12.29,13.35,0.61,5.06,,,13.17,8.93,2.5,ELEVATED,76,0,3
ABSMARINE.NS,HOLD,231.95,weak_trend,41.14,-3.03,241.81,242.65,203.13,9.91,4.27,,,217.08,251.77,1.33,ELEVATED,40,0,3
KOTHARIPRO.NS,SELL,71.28,downtrend,54.29,-0.33,70.72,72.29,74.96,2.53,3.55,,,76.34,58.62,2.5,NORMAL,67,1,2
HTMEDIA.NS,SELL,21.77,downtrend,38.1,0.02,22.53,22.28,23.46,0.74,3.42,,,23.26,18.05,2.5,NORMAL,75,0,3
VRAJ.NS,SELL,116.81,downtrend,35.35,-1.66,121.34,124.82,130.35,4.01,3.43,,,124.83,96.77,2.5,NORMAL,77,0,3
UGARSUGAR.NS,HOLD,40.91,weak_trend,51.49,-0.34,40.1,41.51,40.75,1.63,3.97,,,38.47,44.16,1.33,NORMAL,40,2,1
XTGLOBAL.NS,HOLD,28.05,weak_trend,44.62,-0.32,29.59,30.91,33.77,1.96,7.0,,,25.11,31.98,1.33,ELEVATED,40,1,2
SINCLAIR.NS,HOLD,75.74,weak_trend,46.83,0.28,76.44,77.42,83.44,3.0,3.96,,,71.24,81.74,1.33,NORMAL,40,0,3
DAVANGERE.NS,SELL,3.57,downtrend,52.38,-0.06,3.61,3.74,3.91,0.07,2.06,,,3.72,3.2,2.5,NORMAL,68,1,2
HIGREEN.NS,SELL,137.05,downtrend,62.56,2.85,133.44,137.44,155.47,7.81,5.7,,,152.66,98.01,2.5,ELEVATED,63,1,2
MOLDTECH.NS,HOLD,135.21,weak_trend,72.5,3.12,127.35,127.35,147.91,5.56,4.11,,,126.86,146.34,1.33,ELEVATED,40,0,3
PREMIERPOL.NS,HOLD,67.78,weak_trend,81.29,2.65,59.14,56.5,50.33,2.94,4.33,,,63.37,73.66,1.33,ELEVATED,40,1,2
ARIES.NS,SELL,335.65,downtrend,65.74,-3.22,332.53,351.03,352.51,9.86,2.94,,,355.37,286.35,2.5,NORMAL,62,1,2
NDL.NS,SELL,2.41,downtrend,41.1,-0.05,2.53,2.65,2.88,0.12,4.8,,,2.64,1.83,2.5,ELEVATED,74,0,3
SIGMA.NS,HOLD,38.91,weak_trend,45.35,-0.71,39.43,41.54,47.43,1.75,4.51,,,36.28,42.42,1.33,ELEVATED,40,0,3
SAHAJSOLAR.NS,HOLD,132.65,weak_trend,49.37,-2.54,134.33,143.5,164.03,4.32,3.26,,,126.17,141.29,1.33,NORMAL,40,0,3
NAHARCAP.NS,SELL,249.7,downtrend,46.09,-0.53,252.41,254.53,256.06,8.04,3.22,,,265.77,209.52,2.5,NORMAL,71,0,3
SPENCERS.NS,SELL,35.41,downtrend,48.99,0.04,36.3,36.23,40.53,1.57,4.42,,,38.54,27.58,2.5,ELEVATED,70,0,3
POLYSIL.NS,HOLD,131.9,weak_trend,45.51,-2.6,138.79,145.31,218.22,8.52,6.46,,,119.12,148.94,1.33,ELEVATED,40,1,2
ORIENTCER.NS,SELL,39.67,downtrend,56.86,-0.04,39.23,40.37,40.38,2.15,5.43,,,43.98,28.9,2.5,ELEVATED,66,1,2
PLASTIBLEN.NS,HOLD,181.04,weak_trend,66.03,2.79,174.68,170.65,164.19,5.91,3.26,,,172.18,192.86,1.33,NORMAL,40,2,1
BIRLACABLE.NS,HOLD,202.12,weak_trend,49.11,7.14,210.66,184.06,153.55,11.91,5.89,,,184.26,225.94,1.33,ELEVATED,40,0,3
LORDSCHLO.NS,SELL,133.79,downtrend,55.99,-0.98,132.62,138.93,157.52,5.72,4.28,,,145.24,105.18,2.5,ELEVATED,67,1,2
GSLSU.NS,SELL,42.13,downtrend,25.78,-3.12,49.38,53.91,84.12,3.68,8.74,,,49.5,23.71,2.5,ELEVATED,82,0,3
THOMASCOTT.NS,HOLD,333.55,weak_trend,83.88,14.94,285.98,277.55,316.67,16.54,4.96,,,308.74,366.63,1.33,ELEVATED,40,1,2
KANPRPLA.NS,HOLD,194.18,weak_trend,47.38,-1.97,191.3,199.57,196.0,9.31,4.8,,,180.21,212.81,1.33,ELEVATED,40,1,2
NRL.NS,HOLD,83.7,weak_trend,71.64,5.84,77.27,64.56,60.72,3.68,4.4,,,78.18,91.06,1.33,ELEVATED,40,1,2
MCLEODRUSS.NS,HOLD,59.82,weak_trend,28.93,-1.68,65.91,64.39,50.44,1.72,2.88,,,57.24,63.26,1.33,NORMAL,40,1,2
MUTHOOTCAP.NS,SELL,203.08,downtrend,62.95,0.6,200.32,203.19,239.16,8.31,4.09,,,219.71,161.51,2.5,ELEVATED,63,1,2
PANSARI.NS,HOLD,289.85,weak_trend,59.94,1.95,285.86,287.95,286.13,18.18,6.27,,,262.59,326.2,1.33,ELEVATED,40,1,2
SOUTHWEST.NS,HOLD,216.25,weak_trend,18.6,-7.14,244.97,243.24,197.66,14.2,6.57,,,194.94,244.66,1.33,ELEVATED,40,0,3
ALBERTDAVD.NS,HOLD,699.25,weak_trend,51.69,-3.16,708.65,721.58,742.28,18.29,2.62,,,671.82,735.82,1.33,NORMAL,40,0,3
SRD.NS,SELL,39.91,downtrend,58.62,-0.31,39.84,41.74,56.41,2.09,5.24,,,44.09,29.45,2.5,ELEVATED,65,1,2
SRGHFL.NS,HOLD,300.0,weak_trend,67.34,3.72,285.31,286.06,279.32,11.88,3.96,,,282.18,323.76,1.33,NORMAL,40,2,1
RAMANEWS.NS,SELL,29.15,downtrend,51.27,-0.31,29.35,30.37,31.15,1.19,4.08,,,31.53,23.2,2.5,ELEVATED,69,1,2
KRITINUT.NS,HOLD,82.76,weak_trend,46.91,-1.34,84.51,89.53,80.54,3.06,3.7,,,78.17,88.88,1.33,NORMAL,40,0,3
CHEMBONDCH.NS,HOLD,217.73,weak_trend,81.48,11.61,192.38,182.49,160.36,11.7,5.37,,,200.18,241.13,1.33,ELEVATED,40,1,2
TIRUPATIFL.NS,HOLD,64.07,weak_trend,93.11,3.13,47.78,45.18,39.55,3.08,4.8,,,59.45,70.23,1.33,ELEVATED,40,2,1
PCCL.NS,HOLD,236.5,weak_trend,31.46,-11.55,264.12,277.11,223.1,17.71,7.49,,,209.94,271.91,1.33,ELEVATED,40,0,3
RBMINFRA.NS,SELL,274.4,downtrend,13.24,-17.12,303.55,350.23,389.85,13.74,5.01,,,301.89,205.69,2.5,ELEVATED,88,1,2
VALIANTLAB.NS,SELL,65.0,downtrend,26.92,-2.08,69.46,73.96,70.71,3.12,4.8,,,71.24,49.4,2.5,ELEVATED,81,0,3
EMAMIREAL.NS,HOLD,84.99,weak_trend,51.91,-0.48,86.53,89.86,84.2,3.25,3.82,,,80.12,91.49,1.33,NORMAL,40,0,3
MANAKSIA.NS,SELL,58.08,downtrend,48.92,-0.21,58.63,59.74,61.89,2.09,3.6,,,62.26,47.64,2.5,NORMAL,70,0,3
NOVAAGRI.NS,SELL,24.35,downtrend,19.21,-0.87,26.23,27.64,35.62,1.06,4.37,,,26.48,19.03,2.5,ELEVATED,85,0,3
SWARAJ.NS,HOLD,277.5,weak_trend,77.44,1.83,249.15,264.55,247.96,12.17,4.39,,,259.24,301.84,1.33,ELEVATED,40,2,1
MANORG.NS,HOLD,553.75,weak_trend,76.19,10.0,513.13,530.25,487.15,28.27,5.11,,,511.34,610.29,1.33,ELEVATED,40,1,2
REMSONSIND.NS,SELL,78.94,downtrend,45.56,-3.57,85.13,95.99,111.44,4.09,5.18,,,87.12,58.49,2.5,ELEVATED,72,1,2
GLOBECIVIL.NS,SELL,41.15,downtrend,53.63,-0.05,41.95,44.25,55.73,2.14,5.2,,,45.43,30.46,2.5,ELEVATED,68,1,2
KHADIM.NS,HOLD,108.11,weak_trend,75.06,1.51,104.84,104.92,161.4,3.88,3.59,,,102.28,115.88,1.33,NORMAL,40,0,3
PASUPTAC.NS,HOLD,63.48,weak_trend,23.14,1.07,67.74,59.55,51.65,3.65,5.75,,,58.0,70.78,1.33,ELEVATED,40,0,3
ASHIMASYN.NS,SELL,14.79,downtrend,24.44,-0.29,15.94,16.15,17.77,0.71,4.81,,,16.21,11.23,2.5,ELEVATED,82,0,3
BANSWRAS.NS,HOLD,134.08,weak_trend,54.53,3.06,129.9,124.71,118.19,8.07,6.02,,,121.97,150.23,1.33,ELEVATED,40,1,2
FILATFASH.NS,SELL,0.18,downtrend,40.0,-0.01,0.2,0.23,0.33,0.01,6.75,,,0.2,0.12,2.5,ELEVATED,74,1,2
S&SPOWER.NS,HOLD,368.55,weak_trend,33.35,-2.17,389.98,388.76,336.77,22.45,6.09,,,334.87,413.46,1.33,ELEVATED,40,0,3
HPAL.NS,HOLD,35.17,weak_trend,50.68,-0.27,36.02,37.19,40.61,1.32,3.77,,,33.18,37.82,1.33,NORMAL,40,0,3
RUBFILA.NS,HOLD,72.44,weak_trend,50.04,-0.81,72.62,74.1,73.84,2.64,3.64,,,68.49,77.71,1.33,NORMAL,40,0,3
GENUSPAPER.NS,SELL,11.9,downtrend,41.56,-0.13,12.24,12.81,13.71,0.49,4.13,,,12.88,9.44,2.5,ELEVATED,74,0,3
DENORA.NS,HOLD,903.05,weak_trend,72.4,47.8,814.2,781.14,734.82,46.6,5.16,,,833.16,996.24,1.33,ELEVATED,40,1,2
ORIENTBELL.NS,HOLD,324.95,weak_trend,56.94,-1.05,321.77,324.56,295.43,11.03,3.39,,,308.41,347.01,1.33,NORMAL,40,1,2
RHL.NS,SELL,175.52,downtrend,37.07,-1.58,179.48,182.57,202.64,7.14,4.07,,,189.8,139.83,2.5,ELEVATED,76,0,3
TICL.NS,SELL,14.6,downtrend,9.09,-1.66,19.97,21.83,24.69,1.32,9.03,,,17.24,8.01,2.5,ELEVATED,90,1,2
SPCENET.NS,SELL,3.51,downtrend,53.37,0.01,3.56,3.77,5.88,0.25,7.24,,,4.02,2.24,2.5,ELEVATED,68,1,2
BEDMUTHA.NS,SELL,107.91,downtrend,43.44,-0.67,110.09,110.68,119.37,4.04,3.74,,,115.99,87.72,2.5,NORMAL,73,0,3
INFOLLION.NS,SELL,170.5,downtrend,23.37,-8.75,175.58,198.02,332.44,4.93,2.89,,,180.36,145.86,2.5,NORMAL,83,1,2
WELINV.NS,HOLD,1708.6,weak_trend,34.88,2.07,1779.4,1710.08,1348.97,75.81,4.44,,,1594.88,1860.23,1.33,ELEVATED,40,0,3
NILAINFRA.NS,SELL,7.36,downtrend,27.97,-0.12,7.88,8.11,8.83,0.25,3.45,,,7.87,6.09,2.5,NORMAL,81,0,3
UNIDT.NS,HOLD,209.46,weak_trend,17.58,-3.67,229.61,223.25,199.32,10.68,5.1,,,193.44,230.83,1.33,ELEVATED,40,0,3
VISHNUINFR.NS,HOLD,161.25,weak_trend,60.05,-0.26,162.16,162.98,165.3,4.88,3.03,,,153.93,171.01,1.33,NORMAL,40,0,3
AVPINFRA.NS,SELL,67.3,downtrend,24.5,-3.25,70.41,80.35,116.92,2.53,3.76,,,72.36,54.64,2.5,NORMAL,82,1,2
AARON.NS,SELL,117.32,downtrend,56.58,-1.81,118.94,126.76,160.81,4.62,3.94,,,126.55,94.23,2.5,NORMAL,66,1,2
GICL.NS,SELL,18.04,downtrend,31.85,-4.6,23.43,33.7,51.3,1.43,7.94,,,20.9,10.88,2.5,ELEVATED,79,0,3
GOKUL.NS,HOLD,41.25,weak_trend,52.32,0.31,41.3,41.01,39.9,2.18,5.28,,,37.98,45.61,1.33,ELEVATED,40,0,3
GOACARBON.NS,HOLD,390.2,weak_trend,50.25,2.3,396.26,393.54,394.19,15.38,3.94,,,367.13,420.96,1.33,NORMAL,40,0,3
RUCHIRA.NS,HOLD,112.0,weak_trend,48.59,-1.73,110.91,116.65,121.25,3.2,2.86,,,107.2,118.41,1.33,NORMAL,40,0,3
SHIVAUM.NS,BUY,391.8,uptrend,64.72,16.31,361.11,346.43,312.44,17.04,4.35,383.96,399.64,357.73,476.98,2.5,ELEVATED,77,3,0
PHANTOMFX.NS,SELL,175.05,downtrend,59.66,-1.96,175.78,189.17,218.53,7.27,4.15,,,189.59,138.71,2.5,ELEVATED,65,1,2
MANAKSTEEL.NS,HOLD,73.82,weak_trend,74.06,1.88,69.29,68.73,62.3,3.63,4.92,,,68.38,81.08,1.33,ELEVATED,40,2,1
AARTISURF.NS,SELL,379.05,downtrend,57.39,-3.1,374.8,391.62,414.09,14.0,3.69,,,407.04,309.07,2.5,NORMAL,66,2,1
SAKUMA.NS,SELL,1.81,downtrend,28.0,-0.0,1.91,1.89,2.1,0.08,4.34,,,1.97,1.42,2.5,ELEVATED,81,0,3
ASMS.NS,SELL,7.12,downtrend,46.86,-0.08,7.47,7.63,10.76,0.35,4.87,,,7.81,5.39,2.5,ELEVATED,71,0,3
VIKASLIFE.NS,SELL,1.44,downtrend,45.45,-0.01,1.47,1.51,1.72,0.04,2.68,,,1.52,1.25,2.5,NORMAL,72,0,3
BBTCL.NS,SELL,221.42,downtrend,40.1,3.12,216.59,205.94,194.8,8.89,4.01,,,239.2,176.98,2.5,ELEVATED,74,2,1
MAHEPC.NS,HOLD,120.69,weak_trend,77.91,1.21,114.43,116.82,125.9,4.45,3.69,,,114.01,129.6,1.33,NORMAL,40,0,3
GOLDKART.NS,SELL,136.9,downtrend,0.0,-8.11,144.26,162.53,230.36,1.05,0.77,,,139.01,131.63,2.5,LOW,95,1,2
DYNPRO.NS,SELL,237.85,downtrend,38.16,-0.93,238.69,235.03,259.51,9.82,4.13,,,257.5,188.73,2.5,ELEVATED,75,0,3
IL&FSENGG.NS,HOLD,29.91,weak_trend,56.24,0.58,29.41,28.34,27.08,1.72,5.76,,,27.33,33.35,1.33,ELEVATED,40,1,2
INFINIUM.NS,HOLD,204.5,weak_trend,48.11,-0.47,206.41,209.75,224.83,7.54,3.68,,,193.2,219.57,1.33,NORMAL,40,0,3
FCSSOFT.NS,SELL,1.51,downtrend,15.15,-0.03,1.64,1.63,1.82,0.03,1.99,,,1.57,1.36,2.5,LOW,87,0,3
ZIMLAB.NS,HOLD,124.0,weak_trend,63.59,6.64,114.82,103.32,79.43,6.83,5.51,,,113.75,137.67,1.33,ELEVATED,40,2,1
APCL.NS,SELL,107.95,downtrend,38.51,-2.39,113.37,115.23,123.7,6.94,6.43,,,121.83,73.26,2.5,ELEVATED,75,0,3
SUMIT.NS,HOLD,41.56,weak_trend,48.67,-1.16,41.03,45.71,61.53,2.0,4.8,,,38.57,45.55,1.33,ELEVATED,40,0,3
SHREEKARNI.NS,HOLD,427.4,weak_trend,51.18,7.82,440.68,434.29,471.81,15.12,3.54,,,404.72,457.64,1.33,NORMAL,40,1,2
ROSSELLIND.NS,HOLD,57.64,weak_trend,67.28,0.7,55.66,55.63,53.93,2.37,4.1,,,54.09,62.37,1.33,ELEVATED,40,2,1
BCONCEPTS.NS,HOLD,181.23,weak_trend,44.29,-9.55,180.62,209.78,278.45,9.62,5.31,,,166.8,200.47,1.33,ELEVATED,40,0,3
VARDMNPOLY.NS,SELL,6.75,downtrend,37.38,0.02,6.98,6.86,7.19,0.54,8.06,,,7.84,4.03,2.5,ELEVATED,76,0,3
INM.NS,SELL,178.5,downtrend,57.2,0.97,165.17,168.74,311.52,8.51,4.77,,,195.51,135.96,2.5,ELEVATED,66,2,1
SYSTANGO.NS,HOLD,221.9,weak_trend,43.31,-3.24,226.04,241.76,262.12,8.07,3.64,,,209.8,238.04,1.33,NORMAL,40,0,3
OILCOUNTUB.NS,HOLD,59.85,weak_trend,77.78,0.66,57.49,58.23,58.69,2.5,4.17,,,56.11,64.84,1.33,ELEVATED,40,1,2
VGL.NS,SELL,63.78,downtrend,33.88,0.1,69.06,65.34,68.76,4.92,7.71,,,73.61,39.2,2.5,ELEVATED,78,0,3
3IINFOLTD.NS,HOLD,17.17,weak_trend,57.37,0.03,17.21,17.41,17.12,0.53,3.12,,,16.37,18.24,1.33,NORMAL,40,0,3
IITL.NS,HOLD,135.19,weak_trend,48.72,-5.26,136.26,152.28,159.65,9.6,7.1,,,120.79,154.39,1.33,ELEVATED,40,0,3
DCI.NS,HOLD,267.7,weak_trend,46.19,-3.86,269.77,280.73,264.88,7.3,2.73,,,256.75,282.3,1.33,NORMAL,40,0,3
INSPIRISYS.NS,HOLD,104.13,weak_trend,22.12,-0.95,112.96,106.09,93.3,5.37,5.16,,,96.07,114.87,1.33,ELEVATED,40,1,2
WTICAB.NS,SELL,107.0,downtrend,51.65,4.22,106.11,102.18,127.49,8.95,8.36,,,124.9,62.25,2.5,ELEVATED,69,1,2
SHIVAMAUTO.NS,SELL,16.05,downtrend,24.77,-0.43,16.87,18.02,22.77,0.71,4.39,,,17.46,12.52,2.5,ELEVATED,82,1,2
GINNIFILA.NS,BUY,50.13,uptrend,67.95,1.7,44.59,43.69,41.42,3.03,6.04,49.13,51.13,44.07,65.28,2.5,ELEVATED,78,3,0
PROV.NS,HOLD,1600.0,weak_trend,68.29,21.14,1532.95,1470.58,1262.7,46.63,2.91,,,1530.05,1693.26,1.33,NORMAL,40,2,1
MEDICO.NS,SELL,38.61,downtrend,22.07,-1.18,42.9,43.47,45.86,1.9,4.92,,,42.41,29.11,2.5,ELEVATED,83,1,2
BALAJEE.NS,SELL,28.86,downtrend,56.1,-0.28,28.99,30.59,36.6,1.12,3.89,,,31.1,23.25,2.5,NORMAL,66,2,1
RCOM.NS,SELL,0.9,downtrend,34.78,-0.01,0.93,0.94,1.09,0.03,3.73,,,0.97,0.73,2.5,NORMAL,77,0,3
BROOKS.NS,HOLD,68.86,weak_trend,51.18,3.07,68.26,60.97,83.95,3.54,5.14,,,63.55,75.93,1.33,ELEVATED,40,0,3
NDGL.NS,SELL,2634.8,downtrend,60.56,14.82,2573.79,2616.86,2974.06,155.19,5.89,,,2945.19,1858.84,2.5,ELEVATED,64,1,2
LOKESHMACH.NS,HOLD,272.1,weak_trend,54.71,5.9,268.66,260.86,204.71,11.54,4.24,,,254.8,295.17,1.33,ELEVATED,40,1,2
NECLIFE.NS,HOLD,11.57,weak_trend,45.91,-0.17,11.72,12.2,14.14,0.54,4.66,,,10.76,12.65,1.33,ELEVATED,40,0,3
EXXARO.NS,HOLD,6.69,weak_trend,51.48,0.02,6.74,6.76,7.47,0.57,8.52,,,5.84,7.83,1.33,ELEVATED,40,0,3
BPL.NS,SELL,55.29,downtrend,58.66,0.6,53.95,54.98,60.9,2.49,4.51,,,60.27,42.83,2.5,ELEVATED,65,1,2
TRF.NS,SELL,239.85,downtrend,65.5,0.73,234.17,245.22,282.08,11.24,4.69,,,262.33,183.66,2.5,ELEVATED,62,1,2
HALEOSLABS.NS,BUY,1455.6,uptrend,55.74,-24.11,1404.22,1481.96,1308.68,80.19,5.51,1426.49,1484.71,1295.21,1856.56,2.5,ELEVATED,72,3,0
HARRMALAYA.NS,HOLD,199.79,weak_trend,47.35,-1.04,203.93,211.05,188.66,8.29,4.15,,,187.35,216.37,1.33,ELEVATED,40,0,3
MANCREDIT.NS,HOLD,242.73,weak_trend,77.46,12.74,217.36,191.53,177.78,12.27,5.06,,,224.32,267.27,1.33,ELEVATED,40,1,2
ASAHISONG.NS,HOLD,251.44,weak_trend,39.49,1.86,255.82,248.62,248.96,8.35,3.32,,,238.91,268.15,1.33,NORMAL,40,0,3
GLOBAL.NS,HOLD,103.95,weak_trend,51.08,0.46,105.25,104.8,88.69,4.11,3.96,,,97.78,112.18,1.33,NORMAL,40,0,3
URAVIDEF.NS,HOLD,118.32,weak_trend,47.6,-1.97,115.09,124.11,180.3,6.9,5.83,,,107.98,132.11,1.33,ELEVATED,40,1,2
RACE.NS,SELL,111.48,downtrend,60.82,-1.5,110.41,117.97,147.33,4.28,3.84,,,120.04,90.07,2.5,NORMAL,64,1,2
EFACTOR.NS,HOLD,183.8,weak_trend,48.84,-5.55,182.06,203.93,258.5,6.17,3.36,,,174.55,196.14,1.33,NORMAL,40,0,3
KANORICHEM.NS,HOLD,134.03,weak_trend,93.65,10.58,108.41,98.45,80.24,7.25,5.41,,,123.16,148.52,1.33,ELEVATED,40,2,1
ALANKIT.NS,SELL,8.16,downtrend,46.34,-0.12,8.36,8.77,10.1,0.35,4.35,,,8.87,6.39,2.5,ELEVATED,71,0,3
GEEKAYWIRE.NS,HOLD,25.61,weak_trend,72.66,0.47,24.43,25.2,28.72,1.09,4.24,,,23.98,27.78,1.33,ELEVATED,40,0,3
SKP.NS,SELL,155.0,downtrend,59.31,-1.99,153.36,159.59,180.03,4.77,3.08,,,164.54,131.14,2.5,NORMAL,65,1,2
CMNL.NS,HOLD,103.5,weak_trend,46.08,-4.32,103.21,116.72,124.93,5.1,4.93,,,95.85,113.7,1.33,ELEVATED,40,1,2
VLEGOV.NS,SELL,11.86,downtrend,21.5,-0.41,13.37,14.03,18.49,0.69,5.86,,,13.25,8.39,2.5,ELEVATED,84,1,2
DPWIRES.NS,HOLD,199.27,weak_trend,65.31,6.71,185.14,182.62,194.53,10.99,5.52,,,182.79,221.25,1.33,ELEVATED,40,2,1
MASON.NS,HOLD,125.0,weak_trend,50.41,-0.33,127.66,131.2,170.97,7.63,6.11,,,113.55,140.26,1.33,ELEVATED,40,0,3
VIKASECO.NS,SELL,1.21,downtrend,33.33,-0.02,1.26,1.32,1.56,0.03,2.66,,,1.27,1.05,2.5,NORMAL,78,0,3
BHAGYANGR.NS,HOLD,431.85,weak_trend,79.15,32.49,351.29,308.92,183.46,20.66,4.78,,,400.86,473.17,1.33,ELEVATED,40,1,2
KCPSUGIND.NS,SELL,22.07,downtrend,29.15,-0.64,22.74,24.37,26.09,0.61,2.78,,,23.3,19.0,2.5,NORMAL,80,1,2
MAWANASUG.NS,HOLD,99.26,weak_trend,49.19,1.45,102.01,102.14,87.32,4.03,4.06,,,93.22,107.31,1.33,ELEVATED,40,0,3
APOLSINHOT.NS,HOLD,1263.0,weak_trend,44.81,22.19,1297.13,1210.7,1243.29,62.46,4.95,,,1169.3,1387.93,1.33,ELEVATED,40,0,3
BYKE.NS,SELL,33.34,downtrend,44.37,-0.64,34.75,35.73,48.8,1.86,5.58,,,37.06,24.04,2.5,ELEVATED,72,0,3
SSDL.NS,SELL,57.19,downtrend,62.69,-0.58,56.92,59.89,71.35,2.44,4.27,,,62.07,44.99,2.5,ELEVATED,63,1,2
VARDHACRLC.NS,HOLD,43.68,weak_trend,40.47,0.43,44.43,42.44,39.31,1.53,3.51,,,41.38,46.74,1.33,NORMAL,40,0,3
SHRADHA.NS,HOLD,34.09,weak_trend,45.1,-0.33,34.41,35.9,39.79,1.37,4.03,,,32.03,36.83,1.33,ELEVATED,40,0,3
MANOMAY.NS,HOLD,182.55,weak_trend,48.44,-1.0,183.77,191.61,206.63,11.07,6.07,,,165.94,204.7,1.33,ELEVATED,40,0,3
LYKALABS.NS,SELL,73.95,downtrend,58.08,2.75,67.78,63.12,74.14,4.61,6.23,,,83.17,50.9,2.5,ELEVATED,65,1,2
AVG.NS,HOLD,202.68,weak_trend,74.89,7.89,171.75,166.57,177.69,14.05,6.93,,,181.61,230.77,1.33,ELEVATED,40,2,1
AFFORDABLE.NS,SELL,169.24,downtrend,34.63,-0.98,174.09,174.1,200.36,6.66,3.94,,,182.56,135.93,2.5,NORMAL,77,0,3
NIPPOBATRY.NS,SELL,341.65,downtrend,44.43,-2.81,353.88,358.87,384.54,16.06,4.7,,,373.78,261.33,2.5,ELEVATED,72,0,3
ATLANTAA.NS,SELL,38.65,downtrend,39.93,-0.47,40.56,41.36,42.87,1.52,3.92,,,41.68,31.07,2.5,NORMAL,75,0,3
FROG.NS,SELL,164.3,downtrend,48.29,-1.26,166.33,168.34,173.27,8.7,5.29,,,181.69,120.82,2.5,ELEVATED,70,1,2
ALMONDZ.NS,HOLD,12.9,weak_trend,46.15,-0.41,13.29,14.67,16.03,0.71,5.52,,,11.83,14.32,1.33,ELEVATED,40,0,3
SINTERCOM.NS,HOLD,73.07,weak_trend,52.28,-0.37,74.69,75.94,95.76,4.17,5.71,,,66.82,81.41,1.33,ELEVATED,40,1,2
GOLDTECH.NS,HOLD,55.01,weak_trend,74.77,2.83,45.2,43.04,48.55,3.07,5.59,,,50.4,61.16,1.33,ELEVATED,40,2,1
PPAP.NS,HOLD,236.7,weak_trend,62.71,6.95,231.31,219.84,219.94,15.53,6.56,,,213.4,267.76,1.33,ELEVATED,40,1,2
HITECHCORP.NS,HOLD,315.64,weak_trend,55.37,27.34,309.2,218.11,180.87,11.03,3.5,,,299.09,337.71,1.33,NORMAL,40,1,2
NATHBIOGEN.NS,HOLD,164.77,weak_trend,44.59,-0.69,168.43,170.41,159.45,6.43,3.9,,,155.12,177.63,1.33,NORMAL,40,0,3
SHERA.NS,HOLD,159.65,weak_trend,52.85,1.24,159.95,158.78,133.21,6.38,4.0,,,150.08,172.41,1.33,NORMAL,40,0,3
DIAMINESQ.NS,SELL,240.45,downtrend,41.1,-3.38,245.5,256.46,267.13,9.62,4.0,,,259.69,192.36,2.5,NORMAL,74,1,2
VIPCLOTHNG.NS,SELL,24.99,downtrend,43.8,0.08,25.41,24.71,27.84,1.06,4.24,,,27.11,19.69,2.5,ELEVATED,73,0,3
TREJHARA.NS,SELL,141.64,downtrend,58.22,-1.97,141.25,151.45,192.5,8.92,6.3,,,159.49,97.02,2.5,ELEVATED,65,1,2
AXITA.NS,SELL,7.53,downtrend,27.78,-0.12,7.69,7.93,8.58,0.28,3.74,,,8.09,6.12,2.5,NORMAL,81,2,1
AUTOIND.NS,BUY,81.5,uptrend,57.89,1.95,79.03,76.67,72.92,3.93,4.82,79.87,83.13,73.64,101.15,2.5,ELEVATED,73,3,0
SAAKSHI.NS,HOLD,315.0,weak_trend,76.83,19.66,268.76,246.67,196.77,14.28,4.53,,,293.58,343.56,1.33,ELEVATED,40,1,2
AFIL.NS,HOLD,10.74,weak_trend,63.27,0.28,10.3,9.68,7.85,0.61,5.65,,,9.83,11.95,1.33,ELEVATED,40,1,2
JAINAM.NS,HOLD,250.0,weak_trend,39.41,0.06,253.58,255.32,243.1,5.16,2.06,,,242.26,260.31,1.33,NORMAL,40,0,3
A2ZINFRA.NS,SELL,13.43,downtrend,19.13,-0.37,14.26,15.21,15.97,0.61,4.51,,,14.64,10.4,2.5,ELEVATED,85,0,3
SHEMAROO.NS,HOLD,127.7,weak_trend,64.73,6.82,121.5,109.63,106.8,8.47,6.64,,,114.99,144.65,1.33,ELEVATED,40,2,1
RVHL.NS,SELL,44.16,downtrend,48.43,1.24,44.27,42.21,47.57,3.54,8.02,,,51.24,26.46,2.5,ELEVATED,70,0,3
SOMATEX.NS,SELL,88.33,downtrend,21.94,-3.11,97.33,103.86,106.47,5.32,6.02,,,98.97,61.74,2.5,ELEVATED,84,0,3
PRAMARA.NS,HOLD,135.15,weak_trend,44.5,-23.91,137.62,229.12,306.42,7.55,5.59,,,123.82,150.25,1.33,ELEVATED,40,0,3
NAGAFERT.NS,SELL,3.19,downtrend,0.0,-0.14,3.52,3.73,4.46,0.04,1.14,,,3.26,3.01,2.5,LOW,95,0,3
GRETEX.NS,HOLD,278.0,weak_trend,78.16,2.87,260.45,265.76,228.92,2.94,1.06,,,273.59,283.89,1.33,LOW,40,2,1
SUPREME.NS,SELL,47.81,downtrend,60.65,-0.3,46.31,48.86,65.74,2.72,5.68,,,53.24,34.22,2.5,ELEVATED,64,1,2
PRIZOR.NS,HOLD,870.65,weak_trend,64.97,57.41,838.24,723.4,423.41,38.61,4.43,,,812.74,947.86,1.33,ELEVATED,40,1,2
PILITA.NS,HOLD,9.25,weak_trend,73.33,0.18,8.28,8.25,9.84,0.4,4.33,,,8.65,10.05,1.33,ELEVATED,40,1,2
UNIHEALTH.NS,HOLD,628.45,weak_trend,85.71,42.38,515.2,481.22,325.27,31.03,4.94,,,581.9,690.51,1.33,ELEVATED,40,1,2
BAFNAPH.NS,HOLD,214.63,weak_trend,67.88,14.35,171.53,149.1,139.87,10.1,4.71,,,199.47,234.84,1.33,ELEVATED,40,2,1
KRISHCA.NS,SELL,172.0,downtrend,33.39,-1.53,176.96,180.23,186.58,4.53,2.63,,,181.05,149.37,2.5,NORMAL,78,0,3
GLOBALVECT.NS,SELL,164.12,downtrend,54.28,-1.14,162.19,171.36,186.54,7.22,4.4,,,178.55,128.04,2.5,ELEVATED,67,1,2
GOYALSALT.NS,HOLD,122.5,weak_trend,70.11,1.09,115.12,117.29,144.6,2.84,2.32,,,118.24,128.18,1.33,NORMAL,40,0,3
SUNDRMBRAK.NS,HOLD,826.25,weak_trend,68.92,39.87,757.88,690.89,677.72,40.96,4.96,,,764.81,908.17,1.33,ELEVATED,40,2,1
CINELINE.NS,SELL,80.61,downtrend,55.4,-0.72,79.23,81.97,84.98,2.97,3.69,,,86.55,65.76,2.5,NORMAL,67,1,2
KCEIL.NS,SELL,80.25,downtrend,24.95,-7.17,86.77,104.93,148.7,3.33,4.15,,,86.91,63.61,2.5,ELEVATED,82,1,2
AIRAN.NS,SELL,16.35,downtrend,47.83,-0.09,16.45,16.69,18.62,0.63,3.84,,,17.6,13.21,2.5,NORMAL,71,0,3
DJML.NS,HOLD,115.26,weak_trend,58.32,4.06,112.01,102.82,87.31,5.63,4.89,,,106.81,126.52,1.33,ELEVATED,40,2,1
STARTECK.NS,HOLD,285.7,weak_trend,72.17,7.61,273.36,260.05,276.79,10.35,3.62,,,270.17,306.41,1.33,NORMAL,40,1,2
DELPHIFX.NS,HOLD,8.16,weak_trend,32.73,-0.57,8.68,10.39,13.18,0.75,9.2,,,7.03,9.66,1.33,ELEVATED,40,0,3
MODIRUBBER.NS,HOLD,129.6,weak_trend,59.26,0.12,127.52,131.3,122.3,4.07,3.14,,,123.5,137.73,1.33,NORMAL,40,2,1
ELGIRUBCO.NS,SELL,44.63,downtrend,48.36,-0.47,48.01,49.72,50.51,3.14,7.03,,,50.91,28.94,2.5,ELEVATED,70,1,2
SHREYANIND.NS,HOLD,135.06,weak_trend,46.47,-3.78,138.73,152.81,175.6,7.46,5.52,,,123.88,149.97,1.33,ELEVATED,40,1,2
SAHYADRI.NS,HOLD,282.7,weak_trend,55.37,0.13,277.95,281.91,259.48,10.4,3.68,,,267.1,303.5,1.33,NORMAL,40,2,1
OSIAHYPER.NS,SELL,3.16,downtrend,51.76,-0.26,3.31,4.36,12.98,0.21,6.65,,,3.58,2.11,2.5,ELEVATED,69,1,2
PODDARMENT.NS,SELL,248.8,downtrend,42.41,-0.8,253.3,254.44,255.82,12.18,4.89,,,273.16,187.91,2.5,ELEVATED,73,0,3
UFO.NS,SELL,70.41,downtrend,40.32,-0.34,73.23,73.47,74.37,2.64,3.75,,,75.7,57.19,2.5,NORMAL,74,0,3
DCMNVL.NS,HOLD,146.35,weak_trend,20.42,-0.75,154.46,150.49,139.69,8.39,5.74,,,133.76,163.14,1.33,ELEVATED,40,0,3
UCAL.NS,HOLD,123.22,weak_trend,86.86,5.72,105.09,102.02,112.89,5.01,4.07,,,115.7,133.25,1.33,ELEVATED,40,2,1
UYFINCORP.NS,HOLD,14.13,weak_trend,53.01,-0.08,14.35,14.41,14.21,0.65,4.57,,,13.16,15.42,1.33,ELEVATED,40,1,2
YASHOPTICS.NS,SELL,116.6,downtrend,35.49,-2.29,122.56,125.2,122.8,2.76,2.36,,,122.11,102.81,2.5,NORMAL,77,1,2
GSMFOILS.NS,HOLD,229.65,weak_trend,81.34,7.55,214.31,207.09,208.74,7.49,3.26,,,218.41,244.64,1.33,NORMAL,40,1,2
INDOUS.NS,HOLD,87.59,weak_trend,30.43,-3.2,92.08,99.38,119.15,4.98,5.68,,,80.12,97.55,1.33,ELEVATED,40,1,2
VSTL.NS,SELL,114.98,downtrend,36.99,-1.03,117.63,121.67,128.96,3.77,3.28,,,122.52,96.14,2.5,NORMAL,76,0,3
JAYSREETEA.NS,SELL,86.84,downtrend,59.66,0.54,86.71,88.22,88.34,3.31,3.81,,,93.46,70.29,2.5,NORMAL,65,1,2
UNIVPHOTO.NS,HOLD,364.2,weak_trend,49.46,-14.56,368.5,415.28,321.16,13.21,3.63,,,344.39,390.61,1.33,NORMAL,40,0,3
UNIVASTU.NS,HOLD,91.88,weak_trend,65.66,4.19,84.57,76.86,71.19,5.49,5.98,,,83.64,102.87,1.33,ELEVATED,40,2,1
KOTYARK.NS,HOLD,41.05,weak_trend,62.02,1.22,38.64,38.47,28.4,2.0,4.88,,,38.05,45.06,1.33,ELEVATED,40,2,1
ZEELEARN.NS,HOLD,8.91,weak_trend,64.86,0.7,8.02,6.67,6.99,0.54,6.08,,,8.1,9.99,1.33,ELEVATED,40,2,1
TRANSTEEL.NS,HOLD,135.5,weak_trend,75.04,0.25,120.73,127.1,135.56,6.01,4.44,,,126.48,147.52,1.33,ELEVATED,40,1,2
NDLVENTURE.NS,HOLD,131.59,weak_trend,53.93,1.24,130.19,126.49,103.76,5.71,4.34,,,123.02,143.01,1.33,ELEVATED,40,1,2
CCHHL.NS,SELL,12.56,downtrend,44.9,-0.14,12.87,13.4,14.6,0.78,6.21,,,14.12,8.66,2.5,ELEVATED,72,0,3
MEGASTAR.NS,HOLD,364.15,weak_trend,78.02,15.56,326.29,307.68,257.49,17.81,4.89,,,337.43,399.78,1.33,ELEVATED,40,1,2
SURANAT&P.NS,HOLD,19.55,weak_trend,61.28,0.32,18.68,18.63,19.51,1.05,5.39,,,17.97,21.66,1.33,ELEVATED,40,2,1
TAKE.NS,SELL,25.29,downtrend,10.91,-1.29,29.24,32.9,32.48,1.42,5.63,,,28.14,18.18,2.5,ELEVATED,89,0,3
RVTH.NS,HOLD,759.35,weak_trend,69.52,10.42,713.93,689.43,745.68,44.79,5.9,,,692.16,848.94,1.33,ELEVATED,40,2,1
TTL.NS,SELL,6.8,downtrend,21.26,-0.22,7.03,7.5,8.78,0.36,5.34,,,7.53,4.99,2.5,ELEVATED,84,1,2
RADIOCITY.NS,HOLD,6.11,weak_trend,50.7,0.02,6.18,6.13,6.65,0.32,5.17,,,5.64,6.74,1.33,ELEVATED,40,0,3
PRITIKAUTO.NS,HOLD,15.49,weak_trend,56.51,0.91,15.64,14.51,14.38,1.29,8.34,,,13.55,18.07,1.33,ELEVATED,40,0,3
VIRINCHI.NS,SELL,16.2,downtrend,66.67,-0.0,16.1,16.84,21.46,0.63,3.9,,,17.46,13.04,2.5,NORMAL,61,1,2
CHAVDA.NS,HOLD,87.0,weak_trend,46.59,-1.5,89.54,95.96,102.88,3.08,3.53,,,82.39,93.15,1.33,NORMAL,40,1,2
DUGLOBAL.NS,SELL,34.4,downtrend,58.6,-0.53,33.94,38.41,35.34,1.57,4.57,,,37.54,26.54,2.5,ELEVATED,65,1,2
RBS.NS,SELL,82.5,downtrend,32.88,-3.1,87.39,95.61,99.22,3.3,4.0,,,89.09,66.02,2.5,NORMAL,78,0,3
MADHAVBAUG.NS,HOLD,180.6,weak_trend,49.93,-7.06,179.46,204.64,239.42,7.89,4.37,,,168.77,196.38,1.33,ELEVATED,40,1,2
SCPL.NS,HOLD,477.0,weak_trend,57.52,15.28,472.34,431.37,317.55,32.24,6.76,,,428.64,541.49,1.33,ELEVATED,40,1,2
KDL.NS,HOLD,116.05,weak_trend,56.83,-4.32,119.73,137.51,160.32,7.26,6.26,,,105.15,130.58,1.33,ELEVATED,40,0,3
PRATHAM.NS,HOLD,113.55,weak_trend,44.98,-5.75,115.65,129.53,139.04,4.68,4.12,,,106.53,122.91,1.33,ELEVATED,40,0,3
REPL.NS,SELL,68.33,downtrend,36.22,-1.4,69.39,73.35,104.38,4.14,6.07,,,76.62,47.61,2.5,ELEVATED,76,0,3
IPSL.NS,HOLD,275.0,weak_trend,94.12,10.22,257.2,235.02,267.48,3.57,1.3,,,269.65,282.14,1.33,LOW,40,1,2
KAMOPAINTS.NS,SELL,5.05,downtrend,45.65,-0.04,5.17,5.32,6.24,0.22,4.44,,,5.5,3.93,2.5,ELEVATED,72,0,3
TCL.NS,SELL,100.2,downtrend,57.96,0.95,98.03,97.68,102.95,3.58,3.57,,,107.36,82.29,2.5,NORMAL,66,2,1
SUPREMEINF.NS,HOLD,80.59,weak_trend,61.03,-1.37,76.76,79.41,85.24,5.75,7.14,,,71.96,92.1,1.33,ELEVATED,40,1,2
STARPAPER.NS,HOLD,137.83,weak_trend,71.48,-0.17,136.94,139.01,151.29,3.99,2.89,,,131.85,145.8,1.33,NORMAL,40,1,2
NURECA.NS,SELL,237.4,downtrend,59.86,-5.33,235.49,257.27,267.68,6.9,2.91,,,251.2,202.9,2.5,NORMAL,65,1,2
FELIX.NS,HOLD,185.75,weak_trend,44.24,-2.74,185.73,199.79,184.7,8.54,4.6,,,172.95,202.82,1.33,ELEVATED,40,1,2
IVC.NS,HOLD,8.24,weak_trend,54.68,0.13,8.33,7.98,7.72,0.3,3.68,,,7.79,8.85,1.33,NORMAL,40,0,3
ANLON.NS,HOLD,641.25,weak_trend,39.29,21.04,687.4,601.1,449.11,26.78,4.18,,,601.08,694.81,1.33,ELEVATED,40,1,2
ESCONET.NS,HOLD,140.0,weak_trend,76.93,1.42,119.88,128.2,153.5,5.53,3.95,,,131.71,151.06,1.33,NORMAL,40,1,2
KOTARISUG.NS,SELL,24.74,downtrend,47.26,-0.17,25.31,26.05,27.27,1.17,4.72,,,27.08,18.9,2.5,ELEVATED,71,0,3
DUCOL.NS,SELL,106.0,downtrend,40.36,-1.5,109.8,113.62,143.17,4.2,3.96,,,114.39,85.02,2.5,NORMAL,74,1,2
SADHNANIQ.NS,HOLD,2.87,weak_trend,74.14,0.16,2.6,2.51,5.02,0.11,4.01,,,2.7,3.1,1.33,ELEVATED,40,0,3
GILLANDERS.NS,SELL,91.07,downtrend,53.36,-0.2,90.31,92.87,101.24,4.19,4.6,,,99.45,70.13,2.5,ELEVATED,68,1,2
COASTCORP.NS,HOLD,48.87,weak_trend,51.58,-1.18,49.4,54.83,46.16,2.38,4.86,,,45.3,53.62,1.33,ELEVATED,40,1,2
AHLEAST.NS,SELL,144.63,downtrend,26.99,-3.11,153.2,159.07,149.53,6.03,4.17,,,156.7,114.46,2.5,ELEVATED,81,1,2
SAKHTISUG.NS,SELL,16.97,downtrend,40.89,-0.22,17.52,17.99,18.47,0.73,4.28,,,18.42,13.33,2.5,ELEVATED,74,0,3
ZODIACLOTH.NS,SELL,80.65,downtrend,57.66,1.7,77.32,77.87,84.53,4.78,5.93,,,90.22,56.73,2.5,ELEVATED,66,1,2
KMSUGAR.NS,SELL,25.97,downtrend,35.29,-0.42,26.7,28.06,27.01,0.86,3.32,,,27.69,21.66,2.5,NORMAL,77,0,3
DRCSYSTEMS.NS,SELL,14.36,downtrend,55.38,-0.2,14.36,14.98,16.81,0.53,3.69,,,15.42,11.71,2.5,NORMAL,67,1,2
OMAXAUTO.NS,HOLD,222.91,weak_trend,53.92,3.57,227.24,204.31,132.3,10.96,4.92,,,206.47,244.83,1.33,ELEVATED,40,0,3
INTENTECH.NS,HOLD,98.88,weak_trend,55.04,0.46,99.15,100.25,109.57,5.66,5.72,,,90.39,110.2,1.33,ELEVATED,40,0,3
COMMITTED.NS,HOLD,325.0,weak_trend,81.11,13.72,284.65,279.73,234.98,11.7,3.6,,,307.45,348.4,1.33,NORMAL,40,1,2
PIGL.NS,HOLD,113.82,weak_trend,70.65,2.31,106.59,108.29,126.12,5.99,5.26,,,104.84,125.8,1.33,ELEVATED,40,0,3
KALYANIFRG.NS,SELL,611.65,downtrend,60.33,-0.68,604.14,612.01,636.98,17.85,2.92,,,647.35,522.4,2.5,NORMAL,64,1,2
MKPL.NS,SELL,4.71,downtrend,38.2,-0.06,4.88,5.05,5.73,0.19,4.0,,,5.09,3.77,2.5,NORMAL,75,0,3
ARIHANTACA.NS,SELL,469.0,downtrend,52.0,2.28,465.45,463.1,469.6,2.26,0.48,,,473.51,457.71,2.5,LOW,69,1,2
PONNIERODE.NS,HOLD,309.7,weak_trend,35.86,2.75,316.42,307.65,282.38,10.59,3.42,,,293.81,330.89,1.33,NORMAL,40,0,3
MURUDCERA.NS,HOLD,32.1,weak_trend,48.11,-0.09,31.92,32.8,35.31,1.73,5.39,,,29.5,35.56,1.33,ELEVATED,40,0,3
CPCAP.NS,HOLD,106.1,weak_trend,71.87,3.71,100.37,97.3,106.41,5.81,5.47,,,97.39,117.71,1.33,ELEVATED,40,0,3
AERONEU.NS,HOLD,103.98,weak_trend,78.23,2.73,90.05,88.12,80.86,4.83,4.64,,,96.74,113.63,1.33,ELEVATED,40,2,1
GENCON.NS,HOLD,43.97,weak_trend,67.84,0.82,39.93,40.22,43.87,2.27,5.17,,,40.56,48.51,1.33,ELEVATED,40,2,1
SALSTEEL.NS,HOLD,54.32,weak_trend,33.73,-0.68,58.53,58.07,43.78,3.31,6.09,,,49.35,60.94,1.33,ELEVATED,40,0,3
NIRAJ.NS,HOLD,29.69,weak_trend,56.81,0.37,29.89,29.9,33.32,1.45,4.89,,,27.51,32.59,1.33,ELEVATED,40,0,3
ATALREAL.NS,HOLD,28.19,weak_trend,62.21,0.27,29.62,28.57,25.2,1.79,6.34,,,25.51,31.76,1.33,ELEVATED,40,0,3
SPCL.NS,SELL,69.65,downtrend,51.59,-1.26,70.45,76.04,86.16,2.59,3.71,,,74.82,56.72,2.5,NORMAL,69,1,2
SHIVATEX.NS,HOLD,145.85,weak_trend,38.87,-3.29,149.15,159.56,168.33,6.0,4.12,,,136.85,157.86,1.33,ELEVATED,40,0,3
CHEMBOND.NS,HOLD,188.97,weak_trend,82.8,6.08,169.05,169.32,160.5,9.36,4.95,,,174.93,207.68,1.33,ELEVATED,40,1,2
SHAH.NS,SELL,4.13,downtrend,27.82,-0.24,4.64,5.07,4.65,0.22,5.34,,,4.57,3.03,2.5,ELEVATED,81,0,3
NAVKARURB.NS,HOLD,1.0,weak_trend,56.76,0.05,1.04,0.91,1.46,0.06,5.93,,,0.91,1.12,1.33,ELEVATED,40,0,3
CORDSCABLE.NS,HOLD,211.2,weak_trend,51.66,0.56,214.38,207.41,182.05,8.67,4.11,,,198.19,228.54,1.33,ELEVATED,40,0,3
ABAN.NS,SELL,13.18,downtrend,0.0,-0.98,14.69,16.48,25.91,0.16,1.25,,,13.51,12.36,2.5,LOW,95,0,3
WORTHPERI.NS,SELL,134.59,downtrend,65.56,0.07,128.6,133.06,140.87,5.74,4.27,,,146.07,105.88,2.5,ELEVATED,62,2,1
DEVIT.NS,HOLD,28.51,weak_trend,53.83,-0.55,27.66,29.25,33.43,1.4,4.93,,,26.4,31.32,1.33,ELEVATED,40,1,2
TRIGYN.NS,SELL,51.23,downtrend,39.62,-1.14,55.26,57.06,63.47,2.34,4.58,,,55.92,39.51,2.5,ELEVATED,75,0,3
KCK.NS,HOLD,13.25,weak_trend,50.0,-0.24,13.41,13.86,24.03,0.61,4.58,,,12.34,14.46,1.33,ELEVATED,40,1,2
BALAXI.NS,HOLD,23.91,weak_trend,47.2,-0.45,23.8,25.36,29.7,1.09,4.57,,,22.27,26.1,1.33,ELEVATED,40,1,2
MHLXMIRU.NS,SELL,121.13,downtrend,23.89,-13.48,162.33,173.36,194.31,15.95,13.17,,,153.04,41.36,2.5,ELEVATED,83,1,2
FIDEL.NS,SELL,143.6,downtrend,25.39,-3.46,155.03,162.5,150.56,5.57,3.88,,,154.74,115.76,2.5,NORMAL,82,1,2
SPECTSTM.NS,SELL,56.8,downtrend,34.23,-1.85,60.49,61.96,78.64,3.11,5.48,,,63.02,41.25,2.5,ELEVATED,77,0,3
UNITEDTEA.NS,SELL,472.0,downtrend,16.65,-12.5,499.82,520.38,486.28,15.8,3.35,,,503.59,393.02,2.5,NORMAL,86,0,3
PKTEA.NS,SELL,764.85,downtrend,40.73,-13.26,774.97,803.49,772.78,33.81,4.42,,,832.47,595.8,2.5,ELEVATED,74,0,3
BASML.NS,BUY,28.05,uptrend,55.88,0.78,25.59,24.85,25.09,1.61,5.72,27.49,28.61,24.84,36.08,2.5,ELEVATED,72,3,0
KRITIKA.NS,SELL,5.75,downtrend,29.82,-0.07,5.98,6.14,7.0,0.26,4.6,,,6.28,4.43,2.5,ELEVATED,80,0,3
DHARAN.NS,HOLD,0.16,weak_trend,75.0,0.0,0.15,0.14,0.27,0.01,6.7,,,0.14,0.18,1.33,ELEVATED,40,0,3
AMJLAND.NS,SELL,37.47,downtrend,57.2,-0.02,37.49,38.95,45.84,2.09,5.56,,,41.64,27.05,2.5,ELEVATED,66,1,2
INDOWIND.NS,SELL,9.49,downtrend,57.83,-0.14,9.27,9.87,12.63,0.34,3.61,,,10.17,7.78,2.5,NORMAL,66,2,1
NEPHROCARE.NS,SELL,65.65,downtrend,20.83,-2.96,69.34,77.21,104.18,3.06,4.67,,,71.78,50.33,2.5,ELEVATED,84,0,3
TEAMGTY.NS,HOLD,239.25,weak_trend,45.94,-4.19,241.84,251.41,260.16,8.5,3.55,,,226.51,256.24,1.33,NORMAL,40,0,3
MARALOVER.NS,HOLD,55.39,weak_trend,42.31,0.36,56.38,53.58,46.95,2.55,4.59,,,51.57,60.48,1.33,ELEVATED,40,0,3
VETO.NS,HOLD,127.38,weak_trend,18.86,1.72,135.13,121.14,111.73,6.41,5.03,,,117.77,140.19,1.33,ELEVATED,40,0,3
PRITIKA.NS,SELL,63.7,downtrend,42.64,-0.54,64.62,65.86,71.31,2.48,3.89,,,68.66,51.31,2.5,NORMAL,73,0,3
GRCL.NS,HOLD,563.5,weak_trend,56.13,15.51,529.01,508.59,412.44,15.98,2.84,,,539.53,595.46,1.33,NORMAL,40,2,1
PLAZACABLE.NS,HOLD,45.58,weak_trend,34.89,-0.08,47.46,47.16,43.7,1.71,3.74,,,43.02,48.99,1.33,NORMAL,40,0,3
AKIKO.NS,HOLD,283.0,weak_trend,66.6,7.76,267.68,261.74,246.29,11.92,4.21,,,265.12,306.84,1.33,ELEVATED,40,2,1
GOLDSTAR.NS,HOLD,8.5,weak_trend,62.5,0.17,7.88,7.51,7.34,0.17,2.02,,,8.24,8.84,1.33,NORMAL,40,2,1
SETCO.NS,HOLD,16.68,weak_trend,40.05,0.46,17.38,15.44,10.72,0.38,2.3,,,16.1,17.45,1.33,NORMAL,40,0,3
LOTUSEYE.NS,HOLD,116.82,weak_trend,44.25,2.25,125.21,118.08,116.57,8.69,7.44,,,103.78,134.21,1.33,ELEVATED,40,0,3
RANASUG.NS,SELL,12.37,downtrend,38.19,-0.06,12.72,13.06,12.88,0.46,3.69,,,13.28,10.09,2.5,NORMAL,75,0,3
WINSOL.NS,SELL,124.0,downtrend,51.93,-1.28,124.5,131.47,149.85,5.99,4.83,,,135.97,94.07,2.5,ELEVATED,69,1,2
RAJTV.NS,SELL,12.34,downtrend,58.14,-1.62,12.62,18.03,33.82,0.56,4.5,,,13.45,9.56,2.5,ELEVATED,65,1,2
AKSHARCHEM.NS,HOLD,242.43,weak_trend,66.91,9.91,223.72,210.35,228.28,13.45,5.55,,,222.25,269.33,1.33,ELEVATED,40,2,1
ANIKINDS.NS,SELL,45.74,downtrend,59.98,0.44,44.52,44.41,53.25,2.44,5.33,,,50.62,33.54,2.5,ELEVATED,65,1,2
IBULLSLTD.NS,HOLD,27.81,weak_trend,68.18,1.69,25.05,21.7,16.82,1.3,4.67,,,25.86,30.41,1.33,ELEVATED,40,2,1
EMMIL.NS,SELL,129.65,downtrend,55.39,-1.77,127.2,138.61,161.05,5.18,4.0,,,140.01,103.74,2.5,NORMAL,67,2,1
AAREYDRUGS.NS,HOLD,90.16,weak_trend,70.55,2.63,82.4,85.12,77.59,3.86,4.28,,,84.37,97.88,1.33,ELEVATED,40,1,2
NATCAPSUQ.NS,SELL,148.86,downtrend,38.41,-0.85,155.98,157.37,178.27,7.2,4.84,,,163.27,112.85,2.5,ELEVATED,75,0,3
PRAXIS.NS,SELL,8.25,downtrend,66.43,0.31,7.65,7.51,8.99,0.52,6.25,,,9.28,5.67,2.5,ELEVATED,61,1,2
KAVDEFENCE.NS,SELL,63.58,downtrend,58.65,0.5,62.77,63.78,79.01,3.4,5.34,,,70.38,46.59,2.5,ELEVATED,65,1,2
DGCONTENT.NS,SELL,27.1,downtrend,51.41,-0.17,26.8,28.19,30.43,1.89,6.98,,,30.88,17.64,2.5,ELEVATED,69,1,2
SADBHAV.NS,SELL,8.79,downtrend,33.33,-0.14,9.09,9.29,10.02,0.52,5.89,,,9.83,6.2,2.5,ELEVATED,78,0,3
ASPINWALL.NS,HOLD,247.1,weak_trend,59.63,3.46,245.87,238.56,237.82,11.49,4.65,,,229.87,270.08,1.33,ELEVATED,40,1,2
DRONE.NS,HOLD,40.7,weak_trend,45.2,-0.42,41.02,44.51,59.15,2.08,5.11,,,37.58,44.86,1.33,ELEVATED,40,0,3
GULFPETRO.NS,HOLD,38.29,weak_trend,41.34,0.88,40.22,36.38,35.68,1.82,4.76,,,35.56,41.93,1.33,ELEVATED,40,0,3
PROPEQUITY.NS,HOLD,227.0,weak_trend,56.99,1.61,227.41,224.44,195.73,9.86,4.34,,,212.21,246.71,1.33,ELEVATED,40,0,3
JMA.NS,HOLD,88.11,weak_trend,28.12,0.58,92.15,89.5,85.64,3.94,4.47,,,82.2,95.99,1.33,ELEVATED,40,1,2
NECCLTD.NS,HOLD,17.18,weak_trend,63.48,0.26,16.35,15.98,17.27,1.32,7.71,,,15.19,19.83,1.33,ELEVATED,40,0,3
NITIRAJ.NS,SELL,186.49,downtrend,61.25,-2.03,188.62,196.26,196.61,13.19,7.07,,,212.87,120.54,2.5,ELEVATED,64,1,2
ALUWIND.NS,SELL,47.5,downtrend,35.12,-0.86,49.94,51.28,66.94,2.23,4.69,,,51.96,36.36,2.5,ELEVATED,77,1,2
EQUIPPP.NS,HOLD,20.55,weak_trend,72.85,1.33,19.26,17.46,18.51,1.28,6.25,,,18.62,23.12,1.33,ELEVATED,40,1,2
LLOYDS.NS,SELL,72.55,downtrend,26.75,-3.95,83.76,89.54,74.2,3.68,5.08,,,79.91,54.14,2.5,ELEVATED,81,0,3
RHFL.NS,SELL,2.16,downtrend,46.43,-0.01,2.17,2.16,2.85,0.09,4.23,,,2.34,1.7,2.5,ELEVATED,71,0,3
INCREDIBLE.NS,SELL,32.47,downtrend,35.21,-0.62,34.15,35.0,38.36,1.5,4.64,,,35.48,24.95,2.5,ELEVATED,77,0,3
TIPSFILMS.NS,SELL,335.15,downtrend,33.62,-8.84,350.77,366.42,389.07,11.87,3.54,,,358.89,275.79,2.5,NORMAL,78,0,3
ARCHIDPLY.NS,SELL,81.96,downtrend,62.41,0.22,80.12,81.38,87.72,3.84,4.68,,,89.63,62.77,2.5,ELEVATED,63,1,2
MADHUSUDAN.NS,HOLD,214.6,weak_trend,79.66,14.22,168.26,161.72,141.57,14.74,6.87,,,192.5,244.07,1.33,ELEVATED,40,2,1
CENTEXT.NS,SELL,19.19,downtrend,44.22,-0.15,19.73,20.31,22.6,0.9,4.7,,,20.99,14.68,2.5,ELEVATED,72,0,3
EMMBI.NS,BUY,97.55,uptrend,66.91,3.48,89.53,86.43,93.43,5.42,5.56,95.6,99.5,86.7,124.66,2.5,ELEVATED,78,3,0
KEYFINSERV.NS,SELL,249.75,downtrend,42.65,-5.53,252.81,269.64,279.92,11.83,4.74,,,273.41,190.59,2.5,ELEVATED,73,1,2
ESSENTIA.NS,SELL,1.28,downtrend,2.33,-0.06,1.51,1.51,1.54,0.06,4.52,,,1.4,0.99,2.5,ELEVATED,93,0,3
TAINWALCHM.NS,BUY,203.19,uptrend,55.66,-0.14,198.49,201.44,194.86,7.11,3.5,199.13,207.25,188.97,238.75,2.5,NORMAL,72,3,0
ENFUSE.NS,HOLD,159.95,weak_trend,49.33,-5.58,165.79,180.43,199.27,4.08,2.55,,,153.83,168.11,1.33,NORMAL,40,1,2
ARVEE.NS,HOLD,165.55,weak_trend,52.95,1.07,165.47,164.8,168.37,9.87,5.96,,,150.74,185.29,1.33,ELEVATED,40,0,3
SIKKO.NS,HOLD,3.79,weak_trend,40.59,-0.12,3.94,4.28,4.63,0.17,4.52,,,3.53,4.13,1.33,ELEVATED,40,0,3
DENEERS.NS,HOLD,191.25,weak_trend,18.91,-3.86,215.11,204.91,175.7,9.97,5.22,,,176.29,211.2,1.33,ELEVATED,40,0,3
PRLIND.NS,SELL,49.35,downtrend,56.72,-2.08,48.04,56.9,68.72,2.04,4.14,,,53.44,39.14,2.5,ELEVATED,66,1,2
ALPA.NS,SELL,67.55,downtrend,42.18,-0.22,68.67,68.89,74.78,2.71,4.02,,,72.97,53.99,2.5,ELEVATED,73,0,3
KESORAMIND.NS,HOLD,11.37,weak_trend,56.95,-0.08,11.53,11.64,8.83,0.39,3.47,,,10.78,12.16,1.33,NORMAL,40,0,3
DTIL.NS,SELL,138.39,downtrend,62.95,0.68,135.05,138.35,151.56,5.43,3.92,,,149.25,111.24,2.5,NORMAL,63,2,1
AVROIND.NS,HOLD,10.35,weak_trend,42.95,-0.22,10.66,11.13,12.48,0.54,5.18,,,9.55,11.42,1.33,ELEVATED,40,0,3
PURVFLEXI.NS,HOLD,50.0,weak_trend,45.05,-1.66,51.12,57.2,73.5,1.09,2.17,,,48.37,52.17,1.33,NORMAL,40,0,3
BEWLTD.NS,SELL,59.55,downtrend,48.65,-1.93,65.27,72.71,105.13,4.64,7.79,,,68.83,36.35,2.5,ELEVATED,70,1,2
IEML.NS,HOLD,45.6,weak_trend,47.14,-2.92,46.19,59.43,89.51,2.92,6.4,,,41.22,51.44,1.33,ELEVATED,40,0,3
BRNL.NS,SELL,18.45,downtrend,35.75,-0.38,18.92,19.97,21.21,0.85,4.63,,,20.16,14.18,2.5,ELEVATED,77,0,3
TUNWAL.NS,HOLD,28.0,weak_trend,45.81,-1.04,27.98,30.72,31.84,1.01,3.6,,,26.49,30.01,1.33,NORMAL,40,0,3
MANAKALUCO.NS,HOLD,35.29,weak_trend,29.61,0.25,38.06,36.36,31.88,2.4,6.81,,,31.68,40.1,1.33,ELEVATED,40,0,3
DCM.NS,HOLD,99.3,weak_trend,64.92,3.18,95.73,87.84,86.99,4.81,4.85,,,92.08,108.93,1.33,ELEVATED,40,1,2
CPS.NS,HOLD,1084.15,weak_trend,62.09,17.74,1008.36,1001.26,994.96,38.04,3.51,,,1027.1,1160.22,1.33,NORMAL,40,2,1
AARTECH.NS,SELL,47.66,downtrend,67.05,1.73,45.65,45.52,48.53,3.14,6.59,,,53.94,31.96,2.5,ELEVATED,61,1,2
SHRITECH.NS,HOLD,65.0,weak_trend,55.38,-0.36,64.66,65.45,63.76,1.63,2.51,,,62.55,68.26,1.33,NORMAL,40,2,1
LAL.NS,HOLD,8.66,weak_trend,69.35,0.43,7.85,7.42,8.59,0.59,6.83,,,7.77,9.84,1.33,ELEVATED,40,2,1
SONAMLTD.NS,HOLD,52.03,weak_trend,28.01,-0.65,54.63,53.77,47.24,2.19,4.2,,,48.75,56.4,1.33,ELEVATED,40,1,2
VISHWARAJ.NS,SELL,5.47,downtrend,42.01,-0.04,5.64,5.7,6.55,0.27,5.03,,,6.02,4.1,2.5,ELEVATED,73,0,3
VIVIMEDLAB.NS,SELL,5.8,downtrend,38.85,-0.18,6.1,6.46,7.13,0.34,5.85,,,6.48,4.1,2.5,ELEVATED,75,0,3
PRAENG.NS,SELL,19.33,downtrend,36.46,-0.37,20.95,21.94,24.39,1.07,5.54,,,21.47,13.98,2.5,ELEVATED,76,1,2
INDTERRAIN.NS,SELL,32.65,downtrend,52.21,0.31,32.65,32.06,33.65,1.69,5.18,,,36.03,24.19,2.5,ELEVATED,68,1,2
KORE.NS,SELL,136.3,downtrend,51.74,2.58,135.62,134.78,141.42,10.85,7.96,,,158.01,82.03,2.5,ELEVATED,69,2,1
LANCORHOL.NS,HOLD,24.61,weak_trend,50.88,0.13,24.75,24.55,24.66,1.31,5.32,,,22.65,27.23,1.33,ELEVATED,40,0,3
AARVI.NS,HOLD,145.43,weak_trend,61.69,3.71,139.2,132.72,127.69,8.99,6.18,,,131.94,163.42,1.33,ELEVATED,40,2,1
VASWANI.NS,SELL,55.4,downtrend,31.17,-0.51,57.67,56.71,57.02,2.99,5.4,,,61.38,40.45,2.5,ELEVATED,79,0,3
SUPERHOUSE.NS,HOLD,158.49,weak_trend,48.15,1.4,154.57,153.54,154.28,7.31,4.61,,,147.53,173.11,1.33,ELEVATED,40,1,2
RSSOFTWARE.NS,SELL,36.0,downtrend,66.07,0.85,33.85,35.23,45.99,1.44,3.99,,,38.87,28.82,2.5,NORMAL,61,2,1
DYNAMIC.NS,HOLD,168.95,weak_trend,66.09,9.47,158.41,143.19,125.52,11.89,7.04,,,151.11,192.74,1.33,ELEVATED,40,2,1
CORALFINAC.NS,SELL,31.31,downtrend,47.19,-0.23,31.85,32.89,36.9,1.29,4.1,,,33.88,24.88,2.5,ELEVATED,71,0,3
CANARYS.NS,SELL,19.8,downtrend,52.94,0.19,20.22,19.98,25.59,0.91,4.58,,,21.61,15.26,2.5,ELEVATED,68,2,1
IVP.NS,HOLD,158.63,weak_trend,26.73,-0.96,162.92,159.29,151.93,5.62,3.55,,,150.19,169.88,1.33,NORMAL,40,1,2
BSL.NS,HOLD,136.67,weak_trend,72.4,1.14,126.43,126.53,146.07,6.78,4.96,,,126.51,150.22,1.33,ELEVATED,40,1,2
QMSMEDI.NS,HOLD,101.9,weak_trend,58.44,4.21,96.87,90.61,90.93,6.5,6.38,,,92.16,114.89,1.33,ELEVATED,40,2,1
EMKAYTOOLS.NS,SELL,95.95,downtrend,55.33,-1.95,95.97,102.61,116.34,4.03,4.2,,,104.01,75.79,2.5,ELEVATED,67,1,2
RUCHINFRA.NS,SELL,6.1,downtrend,43.8,-0.02,6.24,6.3,6.47,0.22,3.59,,,6.54,5.0,2.5,NORMAL,73,0,3
TBI.NS,SELL,65.95,downtrend,33.56,-0.77,67.87,67.72,77.64,3.12,4.74,,,72.2,50.33,2.5,ELEVATED,78,0,3
CROWN.NS,SELL,111.89,downtrend,54.37,-2.05,111.75,122.4,132.14,4.33,3.87,,,120.56,90.23,2.5,NORMAL,67,1,2
GAYAPROJ.NS,HOLD,21.36,weak_trend,50.15,0.86,22.21,19.96,14.1,1.29,6.05,,,19.42,23.94,1.33,ELEVATED,40,0,3
ENSER.NS,HOLD,14.5,weak_trend,50.0,-0.04,15.64,15.69,16.36,0.77,5.32,,,13.34,16.04,1.33,ELEVATED,40,0,3
WEIZMANIND.NS,SELL,85.49,downtrend,53.22,0.84,83.85,83.97,92.76,4.44,5.2,,,94.37,63.28,2.5,ELEVATED,68,1,2
SOMICONVEY.NS,SELL,105.19,downtrend,62.02,0.92,100.99,105.68,119.26,4.75,4.52,,,114.69,81.43,2.5,ELEVATED,63,1,2
MAITREYA.NS,SELL,139.4,downtrend,34.73,-7.41,149.67,163.9,207.55,7.62,5.47,,,154.64,101.29,2.5,ELEVATED,77,0,3
USK.NS,SELL,23.17,downtrend,37.39,0.05,24.03,23.42,24.88,1.29,5.56,,,25.74,16.73,2.5,ELEVATED,76,0,3
MAHESHWARI.NS,HOLD,74.73,weak_trend,68.75,4.2,70.06,59.8,52.14,3.21,4.3,,,69.91,81.16,1.33,ELEVATED,40,1,2
VR.NS,SELL,108.45,downtrend,0.0,-6.11,125.28,136.13,162.21,1.74,1.61,,,111.94,99.74,2.5,LOW,95,1,2
MODTHREAD.NS,HOLD,49.77,weak_trend,70.18,0.27,45.34,45.68,45.72,2.55,5.13,,,45.94,54.87,1.33,ELEVATED,40,2,1
RKEC.NS,HOLD,25.65,weak_trend,38.48,-1.44,28.36,31.96,48.34,2.55,9.95,,,21.82,30.75,1.33,ELEVATED,40,0,3
DUCON.NS,SELL,3.2,downtrend,38.02,-0.02,3.48,3.39,3.86,0.21,6.54,,,3.62,2.15,2.5,ELEVATED,75,0,3
SIGIND.NS,HOLD,48.16,weak_trend,50.3,-0.3,48.6,49.63,51.04,2.18,4.52,,,44.89,52.51,1.33,ELEVATED,40,0,3
DOLLEX.NS,SELL,30.1,downtrend,48.98,-0.31,30.57,30.95,35.95,0.91,3.01,,,31.91,25.56,2.5,NORMAL,70,0,3
IBLFL.NS,HOLD,60.0,weak_trend,64.71,-0.09,57.31,58.58,58.73,0.61,1.01,,,59.09,61.21,1.33,LOW,40,2,1
HINDCON.NS,SELL,21.0,downtrend,48.24,-0.45,21.36,22.34,25.37,0.92,4.38,,,22.84,16.4,2.5,ELEVATED,70,1,2
XELPMOC.NS,HOLD,84.85,weak_trend,31.72,-3.68,88.34,96.47,114.52,4.52,5.32,,,78.07,93.88,1.33,ELEVATED,40,0,3
TEXMOPIPES.NS,HOLD,45.44,weak_trend,39.98,0.3,45.2,45.7,48.32,1.87,4.11,,,42.64,49.18,1.33,ELEVATED,40,0,3
WOMANCART.NS,HOLD,107.5,weak_trend,43.85,-4.57,109.19,124.43,208.93,4.56,4.24,,,100.66,116.61,1.33,ELEVATED,40,0,3
KHFM.NS,SELL,60.2,downtrend,46.95,0.46,61.29,57.76,64.97,5.01,8.32,,,70.22,35.15,2.5,ELEVATED,71,0,3
UMIYA-MRO.NS,HOLD,91.29,weak_trend,65.17,1.54,88.22,86.65,86.91,3.56,3.9,,,85.96,98.4,1.33,NORMAL,40,2,1
MAGNUM.NS,SELL,19.25,downtrend,37.21,-0.2,19.76,20.36,22.2,1.0,5.21,,,21.26,14.24,2.5,ELEVATED,76,0,3
SHREEOSFM.NS,SELL,57.2,downtrend,59.97,-0.23,57.36,62.57,83.56,3.53,6.18,,,64.26,39.54,2.5,ELEVATED,65,1,2
ISFT.NS,SELL,80.07,downtrend,33.31,-0.58,82.95,80.93,86.14,2.78,3.48,,,85.64,66.15,2.5,NORMAL,78,0,3
AIROLAM.NS,SELL,94.52,downtrend,62.37,2.97,86.86,85.52,95.37,6.51,6.88,,,107.53,61.99,2.5,ELEVATED,63,1,2
MUKTAARTS.NS,SELL,58.69,downtrend,43.04,0.29,62.28,59.27,60.04,3.33,5.67,,,65.35,42.05,2.5,ELEVATED,73,1,2
GLOBALPET.NS,HOLD,147.0,weak_trend,23.26,1.27,151.26,139.5,126.98,1.54,1.04,,,144.7,150.07,1.33,LOW,40,0,3
USASEEDS.NS,SELL,93.0,downtrend,11.24,-2.16,95.14,100.7,139.64,0.85,0.91,,,94.7,88.75,2.5,LOW,89,1,2
INDIANCARD.NS,SELL,221.68,downtrend,55.08,2.26,217.41,213.61,229.59,9.08,4.1,,,239.84,176.27,2.5,ELEVATED,67,1,2
MDL.NS,HOLD,79.9,weak_trend,59.17,5.32,70.37,58.23,69.39,3.09,3.86,,,75.27,86.07,1.33,NORMAL,40,2,1
ALPHAGEO.NS,SELL,199.18,downtrend,47.12,-3.71,205.55,216.21,223.98,9.81,4.93,,,218.81,150.11,2.5,ELEVATED,71,1,2
GVPTECH.NS,HOLD,7.08,weak_trend,71.9,0.13,6.7,6.77,8.01,0.4,5.63,,,6.48,7.88,1.33,ELEVATED,40,0,3
BHARATGEAR.NS,HOLD,132.29,weak_trend,68.18,5.06,122.66,116.34,110.26,6.86,5.18,,,122.01,146.0,1.33,ELEVATED,40,2,1
KREBSBIO.NS,SELL,60.13,downtrend,33.77,0.19,65.02,62.28,63.76,3.69,6.14,,,67.51,41.68,2.5,ELEVATED,78,0,3
INDBANK.NS,SELL,33.37,downtrend,49.76,-0.01,33.46,33.78,35.17,1.12,3.35,,,35.6,27.79,2.5,NORMAL,70,0,3
RPPL.NS,HOLD,21.63,weak_trend,70.28,1.08,19.26,17.67,18.02,1.48,6.86,,,19.41,24.6,1.33,ELEVATED,40,2,1
UMAEXPORTS.NS,SELL,22.25,downtrend,45.78,-0.68,23.33,24.73,34.08,1.24,5.55,,,24.72,16.07,2.5,ELEVATED,72,0,3
SHEETAL.NS,HOLD,297.5,weak_trend,55.25,3.97,294.28,280.8,205.31,5.31,1.78,,,289.54,308.11,1.33,LOW,40,1,2
SADHAV.NS,SELL,118.15,downtrend,46.59,0.2,117.93,115.56,107.99,4.39,3.71,,,126.92,96.22,2.5,NORMAL,71,1,2
HECPROJECT.NS,HOLD,126.85,weak_trend,55.88,1.24,125.66,127.13,126.35,8.34,6.58,,,114.33,143.54,1.33,ELEVATED,40,2,1
HPIL.NS,SELL,126.09,downtrend,32.42,-1.08,127.94,131.92,131.29,3.93,3.12,,,133.95,106.43,2.5,NORMAL,78,0,3
SLONE.NS,SELL,139.3,downtrend,52.18,-5.13,137.37,167.89,232.17,11.62,8.34,,,162.54,81.21,2.5,ELEVATED,68,1,2
GANGESSECU.NS,SELL,118.16,downtrend,43.51,-0.92,121.41,124.19,134.17,5.32,4.51,,,128.81,91.54,2.5,ELEVATED,73,0,3
SURANASOL.NS,HOLD,26.97,weak_trend,50.67,0.11,27.06,27.06,27.31,0.94,3.48,,,25.56,28.85,1.33,NORMAL,40,0,3
QUESTLAB.NS,SELL,98.1,downtrend,48.85,-3.47,102.22,114.29,103.74,5.39,5.5,,,108.89,71.14,2.5,ELEVATED,70,0,3
INVENTURE.NS,SELL,0.93,downtrend,44.44,-0.01,0.95,0.98,1.17,0.03,3.23,,,0.99,0.78,2.5,NORMAL,72,0,3
STEELCITY.NS,SELL,76.95,downtrend,53.72,-0.22,77.0,78.95,86.66,2.28,2.97,,,81.52,65.53,2.5,NORMAL,68,1,2
BTML.NS,SELL,6.09,downtrend,31.9,-0.1,6.36,6.41,7.59,0.24,3.98,,,6.57,4.88,2.5,NORMAL,79,0,3
ZEAL.NS,HOLD,68.0,weak_trend,44.62,-0.56,67.86,69.71,87.46,0.95,1.39,,,66.58,69.89,1.33,LOW,40,0,3
VEEKAYEM.NS,SELL,127.85,downtrend,44.76,-2.3,133.26,135.43,180.2,6.95,5.43,,,141.74,93.12,2.5,ELEVATED,72,0,3
COMPUSOFT.NS,SELL,13.28,downtrend,34.63,-0.09,13.59,13.72,15.57,0.5,3.77,,,14.28,10.78,2.5,NORMAL,77,0,3
SHYAMCENT.NS,HOLD,5.94,weak_trend,80.95,0.14,5.15,5.29,5.82,0.41,6.9,,,5.32,6.76,1.33,ELEVATED,40,2,1
LAGNAM.NS,HOLD,79.68,weak_trend,47.44,-0.01,80.23,81.01,75.93,4.28,5.37,,,73.26,88.24,1.33,ELEVATED,40,0,3
SAMBHAAV.NS,SELL,6.29,downtrend,48.1,-0.09,6.51,6.78,7.6,0.42,6.7,,,7.13,4.18,2.5,ELEVATED,70,1,2
SILGO.NS,HOLD,75.08,weak_trend,40.44,-0.77,76.34,77.31,72.45,2.75,3.67,,,70.95,80.58,1.33,NORMAL,40,0,3
MASTER.NS,BUY,363.0,uptrend,62.89,2.76,347.98,343.44,336.64,5.02,1.38,355.74,370.26,352.95,388.11,2.5,LOW,76,3,0
MAL.NS,SELL,34.65,downtrend,66.28,-0.62,32.8,36.5,44.8,1.44,4.14,,,37.52,27.47,2.5,ELEVATED,61,1,2
SMLT.NS,SELL,68.24,downtrend,46.0,-0.62,70.95,72.06,83.12,3.44,5.05,,,75.13,51.01,2.5,ELEVATED,72,0,3
AUSOMENT.NS,HOLD,114.82,weak_trend,45.81,-3.61,117.47,129.69,113.35,6.13,5.34,,,105.63,127.07,1.33,ELEVATED,40,1,2
GTL.NS,SELL,7.72,downtrend,28.16,0.05,8.07,7.71,7.94,0.42,5.46,,,8.56,5.61,2.5,ELEVATED,80,0,3
VISAMAN.NS,SELL,107.6,downtrend,0.0,-1.85,110.99,113.65,119.67,0.4,0.38,,,108.41,105.58,2.5,LOW,95,0,3
GREENCHEF.NS,SELL,51.3,downtrend,59.26,-0.54,51.05,52.82,55.0,1.73,3.37,,,54.76,42.66,2.5,NORMAL,65,1,2
BAIDFIN.NS,HOLD,9.94,weak_trend,42.38,-0.18,10.04,10.6,10.79,0.44,4.41,,,9.28,10.82,1.33,ELEVATED,40,0,3
SMARTLINK.NS,BUY,180.02,uptrend,68.92,6.22,166.88,157.25,137.83,7.85,4.36,176.42,183.62,164.33,219.26,2.5,ELEVATED,79,3,0
MAHAPEXLTD.NS,HOLD,46.39,weak_trend,46.32,-0.83,47.89,49.69,79.8,2.36,5.09,,,42.85,51.11,1.33,ELEVATED,40,1,2
SADBHIN.NS,SELL,2.76,downtrend,26.09,-0.03,2.91,2.84,3.37,0.14,4.97,,,3.03,2.07,2.5,ELEVATED,81,0,3
SEMAC.NS,HOLD,337.85,weak_trend,51.08,3.85,337.38,324.7,333.51,17.99,5.32,,,310.87,373.82,1.33,ELEVATED,40,2,1
SOTAC.NS,SELL,105.0,downtrend,0.0,-1.59,109.22,110.81,117.19,0.5,0.48,,,106.0,102.5,2.5,LOW,95,0,3
VITAL.NS,SELL,51.86,downtrend,36.29,-0.92,53.52,56.9,55.23,3.15,6.07,,,58.15,36.13,2.5,ELEVATED,76,0,3
TRU.NS,SELL,5.13,downtrend,38.32,-0.17,5.61,5.98,7.73,0.35,6.89,,,5.84,3.36,2.5,ELEVATED,75,0,3
JOCIL.NS,HOLD,145.02,weak_trend,33.43,1.48,150.31,141.38,139.99,5.95,4.1,,,136.1,156.91,1.33,ELEVATED,40,0,3
URBAN.NS,SELL,127.35,downtrend,44.65,-2.02,131.52,137.69,147.7,4.97,3.91,,,137.3,102.48,2.5,NORMAL,72,1,2
SYLVANPLY.NS,SELL,55.1,downtrend,61.92,-0.52,52.65,55.56,57.59,0.93,1.69,,,56.96,50.46,2.5,LOW,64,2,1
TRUST.NS,HOLD,31.7,weak_trend,47.48,-0.96,31.37,34.93,44.69,1.63,5.15,,,29.25,34.96,1.33,ELEVATED,40,0,3
MCL.NS,SELL,55.02,downtrend,38.49,-1.09,58.53,59.97,59.53,2.73,4.95,,,60.47,41.39,2.5,ELEVATED,75,0,3
WIPL.NS,HOLD,175.02,weak_trend,90.11,6.27,158.77,155.09,156.15,11.92,6.81,,,157.14,198.87,1.33,ELEVATED,40,1,2
BALPHARMA.NS,HOLD,79.55,weak_trend,28.85,-0.5,85.86,83.09,77.76,3.91,4.91,,,73.69,87.36,1.33,ELEVATED,40,0,3
VIPULLTD.NS,HOLD,14.28,weak_trend,86.08,1.07,10.73,9.93,10.19,0.81,5.67,,,13.06,15.9,1.33,ELEVATED,40,2,1
SALONA.NS,SELL,258.85,downtrend,38.81,-4.59,269.16,275.02,264.61,11.5,4.44,,,281.84,201.37,2.5,ELEVATED,75,0,3
LAMBODHARA.NS,SELL,111.53,downtrend,58.11,2.13,109.14,107.28,116.03,5.48,4.92,,,122.5,84.11,2.5,ELEVATED,65,1,2
LOVABLE.NS,HOLD,80.27,weak_trend,75.64,1.35,72.81,73.21,79.29,3.57,4.45,,,74.91,87.41,1.33,ELEVATED,40,2,1
ISHANCH.NS,SELL,57.37,downtrend,36.05,-1.06,59.21,61.14,62.61,2.91,5.08,,,63.2,42.8,2.5,ELEVATED,76,0,3
SHIGAN.NS,HOLD,64.7,weak_trend,40.76,-2.46,69.55,73.79,63.16,2.73,4.22,,,60.61,70.16,1.33,ELEVATED,40,0,3
SURANI.NS,HOLD,107.0,weak_trend,21.32,-5.51,120.41,126.64,88.57,5.84,5.46,,,98.24,118.68,1.33,ELEVATED,40,0,3
HDIL.NS,SELL,1.77,downtrend,23.33,-0.05,1.86,1.96,2.39,0.09,4.96,,,1.95,1.33,2.5,ELEVATED,83,0,3
LOYALTEX.NS,SELL,210.0,downtrend,56.61,-1.11,207.17,214.58,229.09,6.76,3.22,,,223.52,176.2,2.5,NORMAL,66,2,1
RAJSREESUG.NS,SELL,31.22,downtrend,41.26,-0.55,32.96,34.02,34.02,1.24,3.98,,,33.7,25.01,2.5,NORMAL,74,0,3
OSWALSEEDS.NS,HOLD,10.83,weak_trend,39.68,-0.2,10.95,11.67,13.46,0.38,3.46,,,10.27,11.58,1.33,NORMAL,40,0,3
BAGFILMS.NS,SELL,4.53,downtrend,26.88,-0.11,4.91,5.02,5.77,0.3,6.69,,,5.14,3.02,2.5,ELEVATED,81,0,3
SHAHALLOYS.NS,HOLD,68.99,weak_trend,49.92,0.31,68.94,69.64,68.63,3.75,5.43,,,63.37,76.49,1.33,ELEVATED,40,1,2
SECMARK.NS,HOLD,124.97,weak_trend,53.47,-0.18,126.86,126.56,118.2,10.03,8.02,,,109.93,145.02,1.33,ELEVATED,40,0,3
ZENITHEXPO.NS,SELL,199.9,downtrend,44.88,-0.2,207.06,208.52,220.02,6.78,3.39,,,213.47,165.98,2.5,NORMAL,72,0,3
CUBEXTUB.NS,SELL,80.76,downtrend,37.62,-1.97,85.2,91.06,96.2,2.95,3.65,,,86.66,66.01,2.5,NORMAL,76,1,2
LATTEYS.NS,SELL,20.95,downtrend,34.77,-0.43,22.11,22.64,22.53,1.03,4.89,,,23.0,15.83,2.5,ELEVATED,77,1,2
DELAPLEX.NS,HOLD,98.3,weak_trend,43.25,-3.12,100.72,112.22,124.01,2.72,2.76,,,94.22,103.74,1.33,NORMAL,40,0,3
SAMPANN.NS,SELL,27.97,downtrend,55.54,0.13,27.44,27.75,30.8,1.59,5.7,,,31.16,20.0,2.5,ELEVATED,67,1,2
ARTNIRMAN.NS,SELL,41.83,downtrend,54.19,-0.1,40.82,41.62,45.08,2.59,6.2,,,47.02,28.86,2.5,ELEVATED,67,1,2
SSFL.NS,HOLD,280.45,weak_trend,75.85,29.79,211.21,154.84,138.64,14.5,5.17,,,258.69,309.46,1.33,ELEVATED,40,1,2
GENSOL.NS,SELL,21.38,downtrend,0.0,0.02,23.32,22.08,27.42,0.25,1.18,,,21.89,20.12,2.5,LOW,95,0,3
TARMAT.NS,SELL,50.37,downtrend,34.39,-0.36,51.75,52.13,52.92,1.86,3.68,,,54.08,41.09,2.5,NORMAL,77,0,3
SIDDHIKA.NS,HOLD,218.95,weak_trend,63.0,-0.25,209.28,218.44,210.72,9.12,4.17,,,205.26,237.2,1.33,ELEVATED,40,2,1
FIBERWEB.NS,HOLD,30.36,weak_trend,80.26,-0.34,29.01,32.42,37.75,1.31,4.3,,,28.4,32.97,1.33,ELEVATED,40,0,3
SCML.NS,HOLD,76.85,weak_trend,48.26,-6.98,77.82,104.99,123.43,0.92,1.2,,,75.46,78.7,1.33,LOW,40,0,3
OMFURN.NS,HOLD,56.6,weak_trend,46.18,-0.85,55.49,58.37,77.49,1.51,2.68,,,54.33,59.63,1.33,NORMAL,40,1,2
NEWJAISA.NS,HOLD,18.0,weak_trend,71.67,-0.76,16.71,20.94,26.41,0.64,3.53,,,17.05,19.27,1.33,NORMAL,40,1,2
DCG.NS,SELL,53.95,downtrend,44.98,-2.09,57.42,62.81,63.61,2.2,4.08,,,58.35,42.95,2.5,ELEVATED,72,1,2
RAJMET.NS,SELL,3.71,downtrend,42.86,-0.04,3.78,3.89,4.08,0.16,4.41,,,4.04,2.89,2.5,ELEVATED,73,0,3
MAXPOSURE.NS,SELL,36.1,downtrend,66.51,-0.03,33.92,36.8,43.24,1.15,3.19,,,38.4,30.35,2.5,NORMAL,61,1,2
PAR.NS,HOLD,89.79,weak_trend,57.99,0.5,90.47,90.44,95.32,4.15,4.62,,,83.56,98.09,1.33,ELEVATED,40,0,3
BEARDSELL.NS,HOLD,29.13,weak_trend,49.25,0.95,29.34,27.28,28.85,1.89,6.49,,,26.3,32.91,1.33,ELEVATED,40,0,3
RELIABLE.NS,HOLD,146.86,weak_trend,61.26,3.96,147.95,138.73,138.34,6.95,4.73,,,136.44,160.76,1.33,ELEVATED,40,0,3
AKSHOPTFBR.NS,HOLD,6.99,weak_trend,50.31,0.24,7.03,6.63,6.34,0.29,4.2,,,6.55,7.58,1.33,ELEVATED,40,0,3
MOKSH.NS,SELL,12.25,downtrend,63.77,0.07,11.96,12.27,13.25,0.66,5.39,,,13.57,8.95,2.5,ELEVATED,63,1,2
BEACON.NS,HOLD,92.9,weak_trend,51.81,0.41,89.41,94.84,81.83,3.51,3.78,,,87.63,99.92,1.33,NORMAL,40,2,1
CRAYONS.NS,SELL,28.65,downtrend,45.69,-1.49,29.9,32.67,39.97,1.05,3.68,,,30.76,23.38,2.5,NORMAL,72,0,3
DTL.NS,SELL,130.0,downtrend,33.23,-0.98,128.03,125.82,132.14,3.61,2.78,,,137.22,111.95,2.5,NORMAL,78,0,3
GROBTEA.NS,SELL,905.95,downtrend,52.37,3.86,908.42,912.37,965.64,42.76,4.72,,,991.48,692.13,2.5,ELEVATED,68,1,2
REGENCERAM.NS,SELL,40.04,downtrend,51.53,-0.22,40.64,42.49,44.44,2.19,5.47,,,44.42,29.08,2.5,ELEVATED,69,1,2
SURYALAXMI.NS,HOLD,62.48,weak_trend,68.06,1.04,58.63,59.02,58.7,3.25,5.2,,,57.6,68.98,1.33,ELEVATED,40,2,1
MAHICKRA.NS,BUY,273.85,uptrend,68.95,5.35,246.74,239.09,186.1,7.3,2.66,268.37,279.33,259.26,310.33,2.5,NORMAL,79,3,0
RELCHEMQ.NS,HOLD,133.42,weak_trend,60.13,3.83,131.46,125.23,134.3,8.0,6.0,,,121.42,149.42,1.33,ELEVATED,40,0,3
KOHINOOR.NS,SELL,25.38,downtrend,65.43,0.2,25.12,25.42,27.24,1.07,4.22,,,27.52,20.02,2.5,ELEVATED,62,1,2
HILTON.NS,SELL,23.06,downtrend,68.0,0.65,21.27,22.25,31.66,1.2,5.2,,,25.46,17.07,2.5,ELEVATED,61,1,2
PALASHSECU.NS,SELL,93.75,downtrend,44.78,-1.18,95.64,96.79,103.43,3.92,4.18,,,101.59,74.16,2.5,ELEVATED,72,0,3
TOTAL.NS,HOLD,50.11,weak_trend,48.89,-0.91,50.74,53.78,63.77,1.72,3.43,,,47.53,53.54,1.33,NORMAL,40,0,3
ASCOM.NS,HOLD,259.35,weak_trend,73.72,2.82,245.18,253.85,174.1,4.64,1.79,,,252.4,268.62,1.33,LOW,40,2,1
OLIL.NS,HOLD,423.0,weak_trend,41.93,-0.49,434.79,424.18,331.32,15.46,3.66,,,399.81,453.92,1.33,NORMAL,40,1,2
VAISHALI.NS,SELL,7.21,downtrend,48.78,0.05,7.29,7.4,8.46,0.4,5.62,,,8.02,5.19,2.5,ELEVATED,70,0,3
SIL.NS,SELL,15.6,downtrend,50.73,-0.03,15.58,15.78,15.91,0.8,5.14,,,17.2,11.59,2.5,ELEVATED,69,1,2
OBCL.NS,SELL,56.85,downtrend,44.27,0.61,56.18,55.28,55.58,3.41,5.99,,,63.66,39.82,2.5,ELEVATED,72,1,2
ROCKINGDCE.NS,SELL,178.35,downtrend,41.08,-4.92,188.62,198.49,201.98,11.19,6.28,,,200.74,122.39,2.5,ELEVATED,74,0,3
TOKYOPLAST.NS,SELL,84.9,downtrend,50.02,-0.1,84.98,87.68,101.36,3.51,4.14,,,91.93,67.33,2.5,ELEVATED,69,1,2
REFRACTORY.NS,HOLD,31.0,weak_trend,42.86,-1.26,31.73,36.04,44.14,0.75,2.43,,,29.87,32.51,1.33,NORMAL,40,0,3
DIGIDRIVE.NS,SELL,18.92,downtrend,52.23,-0.42,18.59,20.62,24.43,0.92,4.88,,,20.77,14.31,2.5,ELEVATED,68,1,2
BHANDARI.NS,SELL,2.94,downtrend,39.66,-0.06,3.05,3.2,3.77,0.13,4.52,,,3.21,2.28,2.5,ELEVATED,75,0,3
ODIGMA.NS,SELL,24.22,downtrend,69.72,0.12,22.84,25.17,30.99,1.29,5.34,,,26.8,17.76,2.5,ELEVATED,60,1,2
KAKATCEM.NS,SELL,120.98,downtrend,45.0,-0.92,123.09,127.17,127.18,5.38,4.44,,,131.73,94.11,2.5,ELEVATED,72,0,3
KLL.NS,SELL,33.1,downtrend,47.8,-1.42,34.59,37.74,45.63,1.29,3.88,,,35.67,26.67,2.5,NORMAL,71,0,3
MITCON.NS,HOLD,80.07,weak_trend,42.02,0.22,82.72,81.41,68.82,4.41,5.5,,,73.46,88.88,1.33,ELEVATED,40,0,3
TOUCHWOOD.NS,SELL,69.47,downtrend,48.93,-0.28,71.07,72.43,88.79,3.9,5.62,,,77.28,49.95,2.5,ELEVATED,70,0,3
AAATECH.NS,BUY,97.76,uptrend,57.69,0.14,95.1,96.26,95.44,3.06,3.13,95.8,99.72,91.64,113.05,2.5,NORMAL,73,3,0
SPLIL.NS,SELL,30.32,downtrend,50.6,0.03,30.37,31.28,33.32,1.99,6.56,,,34.3,20.37,2.5,ELEVATED,69,1,2
HOLMARC.NS,SELL,95.0,downtrend,43.26,0.09,103.42,100.19,99.46,4.44,4.67,,,103.87,72.82,2.5,ELEVATED,73,0,3
HOACFOODS.NS,HOLD,705.35,weak_trend,62.87,40.02,640.52,546.21,376.95,28.61,4.06,,,662.43,762.58,1.33,ELEVATED,40,2,1
ZENITHSTL.NS,SELL,5.61,downtrend,41.04,-0.09,5.81,6.08,6.64,0.41,7.31,,,6.43,3.56,2.5,ELEVATED,74,0,3
NAMAN.NS,SELL,48.35,downtrend,60.14,-0.67,47.26,51.43,63.65,1.64,3.4,,,51.64,40.14,2.5,NORMAL,64,1,2
PIONEEREMB.NS,SELL,22.71,downtrend,38.84,-0.69,24.02,25.49,28.7,1.42,6.23,,,25.54,15.63,2.5,ELEVATED,75,0,3
ZENITHDRUG.NS,SELL,46.1,downtrend,60.06,0.89,42.88,42.36,50.71,2.09,4.52,,,50.27,35.67,2.5,ELEVATED,64,1,2
GLOBE.NS,SELL,2.21,downtrend,35.71,-0.04,2.26,2.38,2.51,0.07,3.23,,,2.35,1.85,2.5,NORMAL,77,0,3
DHRUV.NS,HOLD,27.47,weak_trend,49.74,-0.63,28.06,30.79,40.23,1.42,5.18,,,25.34,30.32,1.33,ELEVATED,40,0,3
SONUINFRA.NS,HOLD,52.25,weak_trend,70.63,0.85,47.0,52.23,73.32,1.9,3.63,,,49.41,56.04,1.33,NORMAL,40,0,3
SELMC.NS,SELL,29.08,downtrend,40.56,-0.28,29.72,30.39,30.97,1.7,5.85,,,32.48,20.57,2.5,ELEVATED,74,0,3
MAGSON.NS,BUY,170.0,uptrend,62.96,-0.67,166.12,173.58,138.23,3.11,1.83,166.6,173.4,163.77,185.57,2.5,LOW,76,3,0
KEL.NS,SELL,79.9,downtrend,46.85,-2.35,80.37,84.66,92.31,3.09,3.86,,,86.07,64.47,2.5,NORMAL,71,0,3
CAPTRUST.NS,SELL,12.43,downtrend,34.62,-0.23,13.1,13.36,17.98,0.74,5.95,,,13.91,8.73,2.5,ELEVATED,77,0,3
ATAM.NS,SELL,68.05,downtrend,29.35,-0.45,70.87,71.97,77.11,2.3,3.38,,,72.65,56.54,2.5,NORMAL,80,1,2
PARAGON.NS,HOLD,48.85,weak_trend,51.52,0.57,49.05,46.75,46.99,2.45,5.01,,,45.18,53.74,1.33,ELEVATED,40,0,3
LPDC.NS,SELL,6.42,downtrend,43.13,-0.12,6.68,7.03,7.06,0.46,7.15,,,7.34,4.12,2.5,ELEVATED,73,1,2
ROXHITECH.NS,SELL,39.2,downtrend,67.44,0.65,33.7,34.63,39.22,1.6,4.08,,,42.4,31.2,2.5,ELEVATED,61,2,1
DIGJAMLMTD.NS,SELL,46.0,downtrend,54.94,0.18,45.02,46.12,47.45,2.99,6.5,,,51.98,31.06,2.5,ELEVATED,67,2,1
NIRMAN.NS,SELL,43.2,downtrend,42.76,-1.31,45.04,48.65,76.2,2.1,4.85,,,47.39,32.72,2.5,ELEVATED,73,0,3
PATINTLOG.NS,HOLD,15.38,weak_trend,69.6,0.79,14.13,12.93,12.85,0.66,4.26,,,14.4,16.69,1.33,ELEVATED,40,2,1
GOYALALUM.NS,SELL,6.87,downtrend,46.67,0.03,6.9,6.91,7.05,0.34,4.97,,,7.55,5.16,2.5,ELEVATED,71,0,3
MANGALAM.NS,SELL,28.14,downtrend,47.93,-0.12,28.9,29.22,40.76,1.42,5.06,,,30.99,21.03,2.5,ELEVATED,71,0,3
IL&FSTRANS.NS,SELL,2.19,downtrend,43.24,-0.0,2.39,2.38,2.65,0.16,7.4,,,2.51,1.38,2.5,ELEVATED,73,1,2
ACCURACY.NS,HOLD,5.31,weak_trend,52.52,0.01,5.52,5.45,5.62,0.28,5.26,,,4.89,5.87,1.33,ELEVATED,40,0,3
PRUDMOULI.NS,SELL,15.03,downtrend,50.9,0.01,15.54,15.98,20.71,0.84,5.56,,,16.7,10.85,2.5,ELEVATED,69,2,1
AMBEY.NS,SELL,23.1,downtrend,51.44,-1.29,22.18,26.61,32.87,0.93,4.0,,,24.95,18.48,2.5,NORMAL,69,2,1
DIGIKORE.NS,HOLD,55.0,weak_trend,45.34,-2.43,53.17,61.12,83.46,4.64,8.44,,,48.04,64.29,1.33,ELEVATED,40,1,2
AMDIND.NS,SELL,44.03,downtrend,23.27,-0.32,46.47,46.07,48.16,2.13,4.85,,,48.3,33.36,2.5,ELEVATED,83,0,3
SILKFLEX.NS,HOLD,214.0,weak_trend,58.06,7.21,203.57,200.24,125.17,10.65,4.98,,,198.02,235.31,1.33,ELEVATED,40,2,1
BVCL.NS,SELL,41.06,downtrend,50.14,-0.22,41.5,42.56,44.33,1.77,4.32,,,44.61,32.19,2.5,ELEVATED,69,1,2
CINEVISTA.NS,BUY,17.45,uptrend,66.23,0.36,15.82,15.75,16.23,0.8,4.59,17.1,17.8,15.85,21.45,2.5,ELEVATED,78,3,0
MOTOGENFIN.NS,HOLD,28.35,weak_trend,35.7,0.84,29.07,26.66,24.47,1.28,4.53,,,26.42,30.92,1.33,ELEVATED,40,0,3
HISARMETAL.NS,HOLD,154.01,weak_trend,56.37,1.39,152.97,152.77,163.96,6.32,4.1,,,144.53,166.65,1.33,ELEVATED,40,0,3
JHS.NS,SELL,7.46,downtrend,32.93,-0.28,8.07,8.55,9.96,0.44,5.86,,,8.33,5.27,2.5,ELEVATED,78,0,3
PRITI.NS,SELL,39.07,downtrend,47.07,-0.6,41.01,43.33,54.04,2.31,5.92,,,43.69,27.51,2.5,ELEVATED,71,0,3
ENERGYDEV.NS,SELL,16.26,downtrend,41.22,-0.11,16.5,16.78,18.17,0.69,4.24,,,17.64,12.81,2.5,ELEVATED,74,0,3
AAKASH.NS,SELL,8.61,downtrend,23.21,-0.06,9.46,8.89,8.87,0.4,4.69,,,9.42,6.59,2.5,ELEVATED,83,0,3
KANDARP.NS,SELL,100.0,downtrend,31.47,-11.14,118.09,137.23,132.04,7.31,7.31,,,114.61,63.46,2.5,ELEVATED,79,0,3
EFORCE.NS,SELL,21.8,downtrend,38.89,-0.58,22.89,24.44,31.21,1.19,5.47,,,24.19,15.84,2.5,ELEVATED,75,0,3
FONEBOX.NS,SELL,72.5,downtrend,15.28,-1.22,81.11,76.01,85.36,1.64,2.26,,,75.77,64.32,2.5,NORMAL,87,0,3
ORCHASP.NS,SELL,1.99,downtrend,51.35,-0.01,1.93,1.98,2.56,0.15,7.79,,,2.3,1.22,2.5,ELEVATED,69,1,2
SONAMAC.NS,SELL,33.05,downtrend,43.34,-0.91,34.66,37.4,48.57,1.83,5.54,,,36.71,23.89,2.5,ELEVATED,73,0,3
TGL.NS,SELL,15.55,downtrend,12.84,-1.88,19.98,22.75,45.4,1.09,6.98,,,17.72,10.12,2.5,ELEVATED,88,1,2
CLSL.NS,SELL,43.0,downtrend,42.54,-0.12,43.6,43.76,49.13,0.69,1.59,,,44.37,39.57,2.5,LOW,73,0,3
AISL.NS,SELL,54.95,downtrend,35.53,-0.78,55.56,56.34,74.55,0.73,1.33,,,56.41,51.31,2.5,LOW,77,0,3
PRAKASHSTL.NS,SELL,4.16,downtrend,37.36,-0.05,4.38,4.48,4.71,0.22,5.22,,,4.59,3.07,2.5,ELEVATED,76,0,3
CURAA.NS,SELL,82.97,downtrend,54.25,-1.71,83.98,88.65,123.24,7.73,9.32,,,98.43,44.31,2.5,ELEVATED,67,2,1
SUNDARAM.NS,SELL,1.32,downtrend,30.77,-0.01,1.36,1.39,1.62,0.04,3.03,,,1.4,1.12,2.5,NORMAL,79,0,3
DBSTOCKBRO.NS,HOLD,33.64,weak_trend,63.72,0.39,31.47,29.77,26.47,2.85,8.47,,,29.37,39.34,1.33,ELEVATED,40,2,1
MHHL.NS,SELL,36.5,downtrend,59.35,-0.98,34.08,37.85,41.46,0.99,2.72,,,38.49,31.54,2.5,NORMAL,65,1,2
KONSTELEC.NS,HOLD,44.1,weak_trend,53.37,0.43,45.63,44.12,47.96,2.06,4.66,,,41.01,48.21,1.33,ELEVATED,40,0,3
SANGANI.NS,SELL,43.0,downtrend,31.82,-1.41,44.69,49.02,54.24,0.83,1.94,,,44.66,38.84,2.5,LOW,79,0,3
AURIGROW.NS,SELL,0.29,downtrend,10.0,-0.01,0.33,0.33,0.46,0.01,4.68,,,0.32,0.22,2.5,ELEVATED,90,0,3
VIAZ.NS,SELL,64.9,downtrend,57.22,0.54,63.48,63.14,69.48,0.92,1.43,,,66.75,60.28,2.5,LOW,66,1,2
ALKALI.NS,HOLD,82.63,weak_trend,32.79,1.6,87.5,77.14,77.34,3.57,4.32,,,77.28,89.77,1.33,ELEVATED,40,0,3
PARTYCRUS.NS,HOLD,86.35,weak_trend,19.12,-2.22,95.95,96.31,83.89,2.27,2.63,,,82.95,90.89,1.33,NORMAL,40,0,3
BAWEJA.NS,HOLD,29.9,weak_trend,49.12,-0.37,29.66,31.53,36.43,1.04,3.48,,,28.34,31.98,1.33,NORMAL,40,0,3
AKI.NS,SELL,4.7,downtrend,39.77,-0.04,4.83,4.93,6.47,0.25,5.23,,,5.19,3.47,2.5,ELEVATED,75,0,3
AJOONI.NS,SELL,3.67,downtrend,34.57,-0.12,3.8,4.06,4.5,0.17,4.65,,,4.01,2.82,2.5,ELEVATED,77,1,2
ANMOL.NS,HOLD,11.21,weak_trend,52.17,-0.06,11.4,11.64,13.05,0.57,5.09,,,10.35,12.35,1.33,ELEVATED,40,0,3
BANKA.NS,HOLD,94.36,weak_trend,60.86,1.87,90.48,84.97,74.02,3.36,3.56,,,89.32,101.08,1.33,NORMAL,40,1,2
NAGREEKEXP.NS,SELL,25.87,downtrend,39.14,-0.12,26.96,27.17,26.92,1.5,5.79,,,28.87,18.38,2.5,ELEVATED,75,0,3
DELTAMAGNT.NS,HOLD,60.73,weak_trend,49.82,0.14,60.71,61.51,67.02,3.19,5.25,,,55.95,67.11,1.33,ELEVATED,40,0,3
MEGAFLEX.NS,HOLD,114.65,weak_trend,0.0,-3.59,126.02,135.41,111.13,0.88,0.77,,,113.33,116.41,1.33,LOW,40,1,2
HGM.NS,SELL,52.05,downtrend,29.12,-1.65,54.94,56.81,63.01,2.39,4.59,,,56.82,40.11,2.5,ELEVATED,80,0,3
CEREBRAINT.NS,SELL,3.37,downtrend,38.97,-0.04,3.68,3.81,5.82,0.24,7.1,,,3.85,2.17,2.5,ELEVATED,75,1,2
CTE.NS,SELL,31.44,downtrend,47.32,-0.13,31.81,31.82,36.57,1.97,6.28,,,35.39,21.57,2.5,ELEVATED,71,0,3
SUVIDHAA.NS,HOLD,2.69,weak_trend,50.0,-0.02,2.7,2.82,3.31,0.14,5.23,,,2.48,2.97,1.33,ELEVATED,40,1,2
ORIENTLTD.NS,HOLD,68.67,weak_trend,76.06,2.34,64.61,64.26,71.85,3.26,4.75,,,63.78,75.19,1.33,ELEVATED,40,0,3
ARISTO.NS,SELL,95.7,downtrend,66.55,-2.33,97.85,108.0,110.56,1.45,1.52,,,98.6,88.45,2.5,LOW,61,1,2
SRIVASAVI.NS,HOLD,68.5,weak_trend,78.75,3.96,58.63,57.35,53.86,4.08,5.96,,,62.38,76.66,1.33,ELEVATED,40,1,2
NARMADA.NS,HOLD,40.09,weak_trend,42.28,1.11,38.1,36.71,29.31,2.87,7.16,,,35.78,45.83,1.33,ELEVATED,40,2,1
ONDOOR.NS,HOLD,202.6,weak_trend,77.27,7.83,184.03,175.31,145.27,8.92,4.4,,,189.22,220.44,1.33,ELEVATED,40,1,2
PULZ.NS,SELL,23.8,downtrend,52.7,0.14,24.12,24.36,29.65,0.77,3.26,,,25.35,19.92,2.5,NORMAL,68,1,2
TFL.NS,SELL,11.88,downtrend,45.32,-0.06,12.16,12.27,13.5,0.94,7.9,,,13.76,7.19,2.5,ELEVATED,72,0,3
AGRITECH.NS,SELL,116.49,downtrend,25.37,0.2,118.83,113.98,127.02,7.16,6.15,,,130.81,80.7,2.5,ELEVATED,82,0,3
ARABIAN.NS,HOLD,66.05,weak_trend,46.12,-0.83,66.33,68.5,70.97,2.37,3.59,,,62.49,70.79,1.33,NORMAL,40,1,2
BLBLIMITED.NS,SELL,15.53,downtrend,37.7,-0.36,16.07,16.44,15.87,0.6,3.85,,,16.73,12.54,2.5,NORMAL,76,0,3
BLUECOAST.NS,SELL,28.98,downtrend,44.88,-0.39,29.26,30.22,35.62,1.64,5.65,,,32.26,20.79,2.5,ELEVATED,72,0,3
BANARBEADS.NS,SELL,100.71,downtrend,53.34,-1.97,102.02,108.31,119.64,4.92,4.88,,,110.55,76.11,2.5,ELEVATED,68,1,2
AGROPHOS.NS,HOLD,30.68,weak_trend,55.84,-0.15,30.81,31.33,36.12,1.28,4.17,,,28.76,33.24,1.33,ELEVATED,40,0,3
DAMODARIND.NS,HOLD,29.89,weak_trend,48.68,0.17,30.57,30.29,29.79,1.78,5.96,,,27.22,33.46,1.33,ELEVATED,40,0,3
K2INFRA.NS,HOLD,62.05,weak_trend,60.47,3.43,59.7,56.23,59.09,6.1,9.84,,,52.89,74.26,1.33,ELEVATED,40,1,2
NOIDATOLL.NS,HOLD,4.74,weak_trend,57.69,-0.05,4.92,4.76,4.23,0.27,5.77,,,4.33,5.29,1.33,ELEVATED,40,0,3
3PLAND.NS,HOLD,31.56,weak_trend,38.64,-0.2,32.11,33.01,36.66,1.93,6.1,,,28.67,35.41,1.33,ELEVATED,40,0,3
AMEYA.NS,HOLD,105.9,weak_trend,42.49,-1.19,105.72,110.32,102.04,1.32,1.24,,,103.92,108.54,1.33,LOW,40,1,2
SECURKLOUD.NS,SELL,18.99,downtrend,26.56,-0.6,19.52,21.19,22.42,1.2,6.29,,,21.38,13.01,2.5,ELEVATED,81,1,2
ROML.NS,SELL,45.99,downtrend,47.18,0.17,46.08,45.62,47.29,1.78,3.87,,,49.55,37.09,2.5,NORMAL,71,0,3
PARASPETRO.NS,SELL,2.04,downtrend,58.46,-0.0,1.99,2.08,2.15,0.16,7.67,,,2.35,1.26,2.5,ELEVATED,65,1,2
MARCO.NS,HOLD,30.55,weak_trend,35.33,-1.43,31.69,35.78,36.79,1.02,3.33,,,29.02,32.59,1.33,NORMAL,40,0,3
AHLADA.NS,SELL,39.13,downtrend,41.93,-0.5,40.21,41.9,48.93,1.99,5.07,,,43.1,29.2,2.5,ELEVATED,74,1,2
HOMESFY.NS,HOLD,111.0,weak_trend,47.58,-1.38,111.05,118.06,165.58,1.98,1.79,,,108.03,114.96,1.33,LOW,40,0,3
VELS.NS,HOLD,69.85,weak_trend,100.0,0.48,68.57,68.52,59.49,0.11,0.15,,,69.69,70.06,1.33,LOW,40,1,2
TPHQ.NS,HOLD,0.48,weak_trend,40.0,-0.01,0.49,0.52,0.59,0.02,4.46,,,0.45,0.52,1.33,ELEVATED,40,0,3
ATLASCYCLE.NS,HOLD,99.37,weak_trend,51.75,-0.15,99.64,100.45,100.99,2.79,2.8,,,95.19,104.94,1.33,NORMAL,40,0,3
SHEKHAWATI.NS,SELL,13.81,downtrend,39.82,-0.18,14.28,14.79,16.87,0.88,6.35,,,15.56,9.43,2.5,ELEVATED,75,0,3
ORIENTALTL.NS,SELL,5.68,downtrend,19.47,-0.17,6.26,6.54,7.81,0.39,6.89,,,6.46,3.72,2.5,ELEVATED,85,1,2
FMNL.NS,HOLD,10.74,weak_trend,59.09,0.16,10.52,10.22,9.72,0.66,6.15,,,9.75,12.06,1.33,ELEVATED,40,2,1
SAIFL.NS,SELL,5.2,downtrend,52.27,-0.25,5.28,6.6,11.68,0.24,4.53,,,5.67,4.02,2.5,ELEVATED,68,2,1
SYNOPTICS.NS,HOLD,69.0,weak_trend,60.71,3.54,64.74,58.97,64.45,3.02,4.37,,,64.47,75.04,1.33,ELEVATED,40,1,2
ASLIND.NS,HOLD,168.95,weak_trend,100.0,7.28,152.04,136.76,104.13,1.62,0.96,,,166.52,172.19,1.33,LOW,40,1,2
NORBTEAEXP.NS,SELL,68.88,downtrend,25.36,-2.26,74.73,74.39,74.46,4.27,6.19,,,77.41,47.55,2.5,ELEVATED,82,1,2
BANG.NS,SELL,29.35,downtrend,29.45,-1.99,33.51,36.58,44.18,3.78,12.89,,,36.92,10.43,2.5,ELEVATED,80,1,2
BIRDYS.NS,SELL,95.8,downtrend,0.0,-7.75,106.64,121.59,122.8,1.55,1.62,,,98.9,88.05,2.5,LOW,95,0,3
FLEXITUFF.NS,SELL,5.6,downtrend,6.29,-0.25,6.7,6.84,12.57,0.31,5.57,,,6.22,4.04,2.5,ELEVATED,91,0,3
LRRPL.NS,HOLD,93.0,weak_trend,82.35,2.73,88.17,84.35,76.95,3.5,3.76,,,87.76,99.99,1.33,NORMAL,40,1,2
ANSALAPI.NS,SELL,2.93,downtrend,0.0,-0.23,3.29,3.71,3.73,0.06,1.97,,,3.05,2.64,2.5,LOW,95,0,3
GATECH.NS,SELL,0.48,downtrend,25.0,-0.01,0.52,0.51,0.55,0.02,4.76,,,0.53,0.37,2.5,ELEVATED,82,1,2
BALKRISHNA.NS,SELL,18.91,downtrend,56.57,0.13,18.42,18.51,19.09,0.99,5.22,,,20.89,13.97,2.5,ELEVATED,66,1,2
SWASTIK.NS,SELL,16.2,downtrend,0.0,-1.24,20.58,21.81,23.44,0.4,2.47,,,17.0,14.2,2.5,NORMAL,95,1,2
NIBL.NS,SELL,29.89,downtrend,35.18,-0.15,30.47,30.89,30.4,1.54,5.15,,,32.97,22.19,2.5,ELEVATED,77,0,3
JAIPURKURT.NS,SELL,27.34,downtrend,27.84,-0.85,28.89,30.69,33.14,1.56,5.7,,,30.46,19.54,2.5,ELEVATED,81,0,3
VERTEXPLUS.NS,SELL,39.35,downtrend,8.38,-9.41,51.93,68.72,100.49,2.08,5.28,,,43.51,28.96,2.5,ELEVATED,90,0,3
CELEBRITY.NS,SELL,7.69,downtrend,55.4,0.04,7.67,7.75,8.8,0.48,6.19,,,8.64,5.31,2.5,ELEVATED,67,1,2
GRAPHISAD.NS,HOLD,29.0,weak_trend,40.0,-1.24,29.57,32.79,36.81,0.75,2.59,,,27.88,30.5,1.33,NORMAL,40,0,3
RILINFRA.NS,HOLD,37.0,weak_trend,55.05,1.73,38.16,35.45,35.42,2.84,7.67,,,32.74,42.68,1.33,ELEVATED,40,2,1
DURLAX.NS,HOLD,47.8,weak_trend,34.76,-1.82,50.29,52.39,44.42,2.62,5.48,,,43.87,53.04,1.33,ELEVATED,40,0,3
JETFREIGHT.NS,HOLD,21.62,weak_trend,47.4,0.11,21.91,21.21,17.38,1.11,5.13,,,19.96,23.84,1.33,ELEVATED,40,0,3
SERVICE.NS,HOLD,50.0,weak_trend,46.52,-0.36,50.0,51.81,49.23,0.76,1.51,,,48.86,51.51,1.33,LOW,40,1,2
GSS.NS,SELL,12.9,downtrend,52.63,-0.14,12.96,13.65,17.25,0.66,5.14,,,14.23,9.58,2.5,ELEVATED,68,1,2
BIOFILCHEM.NS,SELL,34.94,downtrend,42.52,0.37,35.52,34.34,35.41,1.85,5.28,,,38.63,25.71,2.5,ELEVATED,73,0,3
DHANLAXMI.NS,SELL,30.95,downtrend,63.55,-0.13,29.33,30.87,32.33,1.13,3.63,,,33.2,25.33,2.5,NORMAL,63,1,2
ARCHIES.NS,HOLD,14.27,weak_trend,49.31,-0.07,14.3,14.66,16.84,0.75,5.26,,,13.15,15.77,1.33,ELEVATED,40,0,3
GAYAHWS.NS,SELL,2.03,downtrend,36.11,-0.05,2.19,2.28,2.71,0.12,5.7,,,2.26,1.45,2.5,ELEVATED,76,1,2
DANGEE.NS,HOLD,3.28,weak_trend,50.0,-0.03,3.2,3.38,3.56,0.14,4.2,,,3.07,3.56,1.33,ELEVATED,40,0,3
KARMAENG.NS,HOLD,41.59,weak_trend,48.35,-0.99,41.92,46.4,48.26,2.52,6.05,,,37.81,46.62,1.33,ELEVATED,40,0,3
TNTELE.NS,SELL,8.85,downtrend,37.74,-0.1,9.19,9.43,10.25,0.56,6.36,,,9.98,6.04,2.5,ELEVATED,76,1,2
MALUPAPER.NS,SELL,31.41,downtrend,40.57,-0.32,31.82,32.37,34.51,1.22,3.9,,,33.86,25.29,2.5,NORMAL,74,0,3
BLUEPEBBLE.NS,HOLD,77.5,weak_trend,39.44,-6.31,81.57,99.45,129.7,4.39,5.66,,,70.92,86.27,1.33,ELEVATED,40,1,2
RKDL.NS,HOLD,18.41,weak_trend,41.28,-0.48,19.07,20.46,22.53,1.16,6.3,,,16.67,20.73,1.33,ELEVATED,40,0,3
ICDSLTD.NS,SELL,40.35,downtrend,36.52,-0.81,42.96,44.61,45.34,2.28,5.65,,,44.91,28.94,2.5,ELEVATED,76,0,3
PALREDTEC.NS,HOLD,60.2,weak_trend,89.96,4.34,51.01,44.8,43.62,1.96,3.25,,,57.26,64.12,1.33,NORMAL,40,1,2
AGSTRA.NS,SELL,2.56,downtrend,0.0,0.0,2.78,2.62,3.59,0.03,1.14,,,2.62,2.41,2.5,LOW,95,0,3
MANUGRAPH.NS,SELL,15.68,downtrend,31.65,0.13,15.75,14.92,16.61,0.83,5.31,,,17.34,11.52,2.5,ELEVATED,79,0,3
LFIC.NS,HOLD,144.21,weak_trend,53.01,0.87,145.9,144.29,162.88,6.86,4.76,,,133.91,157.94,1.33,ELEVATED,40,0,3
GOLDENTOBC.NS,HOLD,25.33,weak_trend,48.32,-0.02,25.6,26.29,30.11,1.39,5.49,,,23.24,28.11,1.33,ELEVATED,40,0,3
SECL.NS,SELL,3.0,downtrend,0.0,-0.07,3.1,3.25,4.26,0.01,0.36,,,3.02,2.95,2.5,LOW,95,0,3
PRESSTONIC.NS,HOLD,28.95,weak_trend,31.25,-1.66,30.75,36.18,53.96,1.74,6.01,,,26.34,32.43,1.33,ELEVATED,40,0,3
VINNY.NS,HOLD,1.13,weak_trend,60.53,0.01,1.14,1.14,1.19,0.07,5.88,,,1.03,1.26,1.33,ELEVATED,40,0,3
SHIVAMILLS.NS,HOLD,62.44,weak_trend,39.86,-0.6,63.27,63.78,61.43,3.21,5.15,,,57.62,68.87,1.33,ELEVATED,40,0,3
UWCSL.NS,HOLD,101.75,weak_trend,72.56,2.23,99.59,97.22,102.97,1.69,1.66,,,99.22,105.13,1.33,LOW,40,0,3
LEXUS.NS,SELL,13.83,downtrend,40.63,-1.14,15.54,17.42,25.82,1.38,9.96,,,16.59,6.94,2.5,ELEVATED,74,1,2
BABAFP.NS,HOLD,25.0,weak_trend,50.0,-0.2,24.67,26.04,29.4,2.34,9.34,,,21.5,29.67,1.33,ELEVATED,40,0,3
HBSL.NS,SELL,50.69,downtrend,35.75,-1.55,52.99,57.78,67.05,1.63,3.21,,,53.94,42.56,2.5,NORMAL,77,1,2
BMETRICS.NS,SELL,36.0,downtrend,58.95,-0.45,36.21,38.15,42.33,0.74,2.04,,,37.47,32.32,2.5,NORMAL,65,1,2
ADROITINFO.NS,SELL,9.19,downtrend,48.89,-0.05,9.18,9.38,9.98,0.45,4.86,,,10.08,6.96,2.5,ELEVATED,70,0,3
AUROIMPEX.NS,SELL,26.95,downtrend,42.28,-1.0,27.55,30.33,36.68,0.78,2.9,,,28.51,23.04,2.5,NORMAL,73,0,3
TARAPUR.NS,SELL,17.96,downtrend,44.93,-0.8,19.13,21.45,27.19,1.19,6.6,,,20.33,12.03,2.5,ELEVATED,72,0,3
RCDL.NS,HOLD,25.65,weak_trend,45.31,0.29,26.71,25.01,23.8,1.64,6.4,,,23.19,28.94,1.33,ELEVATED,40,0,3
SEL.NS,HOLD,180.0,weak_trend,35.25,-3.14,184.26,190.65,206.24,4.17,2.32,,,173.75,188.34,1.33,NORMAL,40,1,2
LCCINFOTEC.NS,SELL,4.65,downtrend,53.7,0.07,4.56,4.66,4.68,0.32,6.9,,,5.29,3.05,2.5,ELEVATED,68,2,1
MCON.NS,SELL,44.0,downtrend,35.2,-0.4,47.77,48.55,56.29,2.8,6.36,,,49.6,30.0,2.5,ELEVATED,77,1,2
ASTRON.NS,SELL,3.85,downtrend,55.38,-0.05,3.92,4.12,6.53,0.2,5.18,,,4.25,2.85,2.5,ELEVATED,67,1,2
KHAITANLTD.NS,BUY,136.3,uptrend,54.65,1.26,131.13,132.51,113.68,5.47,4.02,133.57,139.03,125.35,163.67,2.5,ELEVATED,72,3,0
AROGRANITE.NS,SELL,25.75,downtrend,60.55,0.06,25.34,26.0,29.68,1.34,5.2,,,28.43,19.06,2.5,ELEVATED,64,1,2
SIMBHALS.NS,HOLD,6.83,weak_trend,42.65,-0.39,6.94,8.37,9.78,0.35,5.17,,,6.3,7.54,1.33,ELEVATED,40,0,3
HYBRIDFIN.NS,HOLD,19.76,weak_trend,61.38,0.98,19.19,19.03,19.48,1.74,8.79,,,17.16,23.23,1.33,ELEVATED,40,2,1
VISHWAS.NS,HOLD,52.75,weak_trend,68.49,1.28,49.88,49.0,46.22,1.84,3.49,,,49.99,56.43,1.33,NORMAL,40,2,1
QUICKTOUCH.NS,SELL,25.3,downtrend,57.07,-0.36,24.84,26.11,34.53,1.26,4.97,,,27.81,19.01,2.5,ELEVATED,66,2,1
21STCENMGM.NS,HOLD,32.39,weak_trend,46.71,-0.1,32.79,33.56,40.19,1.13,3.5,,,30.69,34.66,1.33,NORMAL,40,0,3
DKEGL.NS,HOLD,70.85,weak_trend,75.77,-0.29,66.41,71.82,71.94,1.28,1.81,,,68.93,73.41,1.33,LOW,40,0,3
DNAMEDIA.NS,SELL,2.72,downtrend,27.5,-0.06,2.87,2.95,3.66,0.17,6.09,,,3.05,1.89,2.5,ELEVATED,81,0,3
LASA.NS,HOLD,7.56,weak_trend,47.56,-0.1,7.54,7.91,9.17,0.53,6.97,,,6.77,8.61,1.33,ELEVATED,40,0,3
PENTAGON.NS,HOLD,56.75,weak_trend,44.0,-1.23,56.98,63.08,68.62,1.31,2.32,,,54.78,59.38,1.33,NORMAL,40,1,2
RULKA.NS,HOLD,90.95,weak_trend,46.35,-2.1,90.66,97.98,105.3,3.91,4.3,,,85.08,98.78,1.33,ELEVATED,40,0,3
UCL.NS,HOLD,201.95,weak_trend,93.92,11.52,163.43,147.13,78.48,5.6,2.77,,,193.55,213.15,1.33,NORMAL,40,2,1
SUPERSPIN.NS,HOLD,6.01,weak_trend,70.69,0.12,5.17,5.27,7.18,0.34,5.66,,,5.5,6.69,1.33,ELEVATED,40,0,3
COUNCODOS.NS,SELL,4.8,downtrend,40.85,-0.04,4.85,4.99,5.61,0.27,5.63,,,5.34,3.45,2.5,ELEVATED,74,0,3
WEWIN.NS,SELL,48.0,downtrend,20.73,-2.08,52.03,55.7,49.82,2.38,4.95,,,52.75,36.12,2.5,ELEVATED,84,0,3
MADHUCON.NS,HOLD,6.04,weak_trend,62.72,0.21,5.83,5.59,5.85,0.45,7.51,,,5.36,6.95,1.33,ELEVATED,40,2,1
AGNI.NS,SELL,18.5,downtrend,51.79,-0.25,18.14,19.54,21.71,0.61,3.32,,,19.73,15.43,2.5,NORMAL,69,1,2
MASKINVEST.NS,HOLD,149.35,weak_trend,51.41,0.51,152.19,152.67,152.87,6.87,4.6,,,139.04,163.09,1.33,ELEVATED,40,0,3
ITALIANE.NS,HOLD,36.0,weak_trend,50.0,-0.23,34.74,36.28,34.21,1.0,2.77,,,34.51,37.99,1.33,NORMAL,40,1,2
ARSHIYA.NS,HOLD,1.09,weak_trend,36.67,-0.03,1.1,1.19,1.43,0.06,5.11,,,1.01,1.2,1.33,ELEVATED,40,0,3
MOXSH.NS,HOLD,119.5,weak_trend,48.46,-1.9,115.69,124.76,94.98,1.52,1.28,,,117.21,122.55,1.33,LOW,40,1,2
SEYAIND.NS,SELL,13.08,downtrend,40.08,-0.32,13.48,14.09,15.84,0.44,3.38,,,13.96,10.87,2.5,NORMAL,74,0,3
PEARLPOLY.NS,SELL,18.58,downtrend,52.24,-0.09,18.68,19.46,22.08,1.15,6.2,,,20.88,12.82,2.5,ELEVATED,68,2,1
SVPGLOB.NS,HOLD,3.82,weak_trend,53.93,0.03,3.94,3.85,3.63,0.23,5.93,,,3.48,4.27,1.33,ELEVATED,40,0,3
MILTON.NS,HOLD,39.9,weak_trend,45.31,-0.78,39.8,42.45,38.2,0.67,1.67,,,38.9,41.24,1.33,LOW,40,2,1
SAGARDEEP.NS,SELL,25.15,downtrend,49.14,0.09,25.08,24.71,25.7,1.19,4.73,,,27.53,19.2,2.5,ELEVATED,70,0,3
PROLIFE.NS,HOLD,75.8,weak_trend,82.66,3.51,66.59,63.6,77.44,1.67,2.21,,,73.29,79.14,1.33,NORMAL,40,0,3
GANGAFORGE.NS,SELL,2.45,downtrend,57.61,-0.01,2.44,2.54,3.1,0.2,8.19,,,2.85,1.45,2.5,ELEVATED,66,1,2
NGIL.NS,SELL,39.59,downtrend,46.31,-0.19,38.94,38.66,31.13,2.01,5.07,,,43.61,29.55,2.5,ELEVATED,71,2,1
UMA.NS,HOLD,18.4,weak_trend,85.71,-0.27,18.54,19.47,20.11,0.04,0.19,,,18.35,18.47,1.33,LOW,40,0,3
ADL.NS,SELL,70.36,downtrend,44.33,-1.08,70.61,73.33,76.08,3.92,5.58,,,78.21,50.74,2.5,ELEVATED,72,0,3
ABMINTLLTD.NS,SELL,41.0,downtrend,57.94,-0.79,41.87,43.46,44.36,1.55,3.78,,,44.1,33.25,2.5,NORMAL,66,1,2
AKASH.NS,SELL,26.37,downtrend,46.35,-0.13,26.88,27.09,26.69,1.02,3.85,,,28.4,21.29,2.5,NORMAL,71,0,3
AATMAJ.NS,SELL,18.75,downtrend,39.02,-0.18,19.62,20.09,20.78,0.21,1.12,,,19.17,17.7,2.5,LOW,75,0,3
HRHNEXT.NS,HOLD,26.75,weak_trend,35.32,-0.59,27.09,28.62,29.9,1.03,3.85,,,25.21,28.81,1.33,NORMAL,40,0,3
PRECISION.NS,SELL,6.8,downtrend,18.6,-0.31,7.43,7.82,12.08,0.18,2.68,,,7.16,5.89,2.5,NORMAL,85,0,3
DEEM.NS,HOLD,51.3,weak_trend,52.57,2.77,50.53,42.92,45.64,2.13,4.16,,,48.1,55.56,1.33,ELEVATED,40,1,2
AMBICAAGAR.NS,BUY,25.33,uptrend,56.92,0.23,24.58,24.12,24.76,1.23,4.84,24.82,25.84,22.88,31.46,2.5,ELEVATED,73,3,0
MOHITIND.NS,SELL,23.39,downtrend,57.74,0.32,23.26,23.56,27.02,1.61,6.87,,,26.6,15.35,2.5,ELEVATED,66,2,1
JFLLIFE.NS,SELL,9.0,downtrend,0.0,-0.12,9.42,9.34,11.08,0.11,1.23,,,9.22,8.45,2.5,LOW,95,1,2
KONTOR.NS,HOLD,58.5,weak_trend,47.94,-2.94,61.19,68.72,68.63,1.35,2.3,,,56.48,61.19,1.33,NORMAL,40,0,3
VIJIFIN.NS,HOLD,6.01,weak_trend,94.2,0.46,4.41,4.12,3.13,0.23,3.82,,,5.67,6.47,1.33,NORMAL,40,1,2
SIGNORIA.NS,HOLD,116.65,weak_trend,100.0,12.03,78.99,68.63,78.1,4.49,3.85,,,109.91,125.64,1.33,NORMAL,40,1,2
AKSHAR.NS,SELL,0.43,downtrend,25.0,-0.01,0.45,0.47,0.5,0.02,3.82,,,0.46,0.35,2.5,NORMAL,82,0,3
KEEPLEARN.NS,SELL,1.9,downtrend,35.9,-0.04,2.0,2.04,2.3,0.12,6.32,,,2.14,1.3,2.5,ELEVATED,77,0,3
RADIOWALLA.NS,HOLD,24.7,weak_trend,37.37,-1.24,27.09,30.82,48.58,0.82,3.31,,,23.47,26.34,1.33,NORMAL,40,1,2
JETKNIT.NS,SELL,76.55,downtrend,0.0,-3.5,83.69,87.0,93.83,0.9,1.18,,,78.36,72.03,2.5,LOW,95,0,3
PNC.NS,SELL,21.29,downtrend,56.61,0.57,21.15,20.51,25.22,1.64,7.72,,,24.58,13.07,2.5,ELEVATED,66,1,2
NEXTMEDIA.NS,SELL,3.97,downtrend,65.43,-0.02,3.95,4.1,5.4,0.25,6.21,,,4.46,2.74,2.5,ELEVATED,62,1,2
WALPAR.NS,HOLD,27.8,weak_trend,71.71,-1.91,25.4,31.85,40.85,0.65,2.33,,,26.83,29.09,1.33,NORMAL,40,0,3
ASHOKAMET.NS,SELL,14.85,downtrend,31.25,-0.18,15.25,15.75,15.62,0.59,4.0,,,16.04,11.88,2.5,NORMAL,79,0,3
BOHRAIND.NS,SELL,13.32,downtrend,17.58,-1.04,16.29,17.9,19.13,1.37,10.29,,,16.06,6.47,2.5,ELEVATED,86,1,2
TIMESCAN.NS,SELL,39.95,downtrend,28.57,-0.15,41.64,41.12,48.49,0.54,1.35,,,41.03,37.25,2.5,LOW,80,0,3
NKIND.NS,SELL,61.05,downtrend,36.73,-1.07,63.78,65.76,66.51,2.58,4.22,,,66.21,48.15,2.5,ELEVATED,76,0,3
AKG.NS,HOLD,10.91,weak_trend,48.75,-0.09,10.92,11.2,12.2,0.66,6.05,,,9.92,12.23,1.33,ELEVATED,40,0,3
AGARWALFT.NS,HOLD,40.4,weak_trend,88.76,1.47,32.59,35.07,41.35,1.04,2.57,,,38.84,42.48,1.33,NORMAL,40,0,3
LAXMICOT.NS,SELL,14.31,downtrend,43.43,0.1,14.75,14.54,17.55,1.04,7.28,,,16.39,9.1,2.5,ELEVATED,73,1,2
SITINET.NS,SELL,0.34,downtrend,25.0,-0.0,0.35,0.35,0.38,0.02,5.67,,,0.38,0.24,2.5,ELEVATED,82,0,3
MEDIORG.NS,HOLD,24.9,weak_trend,73.79,0.09,22.16,25.25,27.23,0.96,3.84,,,23.46,26.81,1.33,NORMAL,40,0,3
MADHAV.NS,SELL,36.47,downtrend,47.29,-0.09,37.15,37.44,39.36,1.88,5.16,,,40.24,27.06,2.5,ELEVATED,71,0,3
TRIDHYA.NS,HOLD,11.2,weak_trend,79.41,0.63,10.6,9.97,13.08,0.25,2.2,,,10.83,11.69,1.33,NORMAL,40,0,3
MONOPHARMA.NS,SELL,10.6,downtrend,31.25,-0.31,11.25,12.0,15.36,0.38,3.61,,,11.36,8.69,2.5,NORMAL,79,0,3
SGL.NS,SELL,10.06,downtrend,24.2,-0.33,10.66,11.23,12.49,0.51,5.02,,,11.07,7.54,2.5,ELEVATED,82,0,3
KRIDHANINF.NS,SELL,2.76,downtrend,39.76,-0.02,2.93,2.9,3.4,0.19,6.81,,,3.14,1.82,2.5,ELEVATED,75,0,3
KANANIIND.NS,SELL,1.54,downtrend,47.62,-0.01,1.56,1.59,1.67,0.08,4.87,,,1.69,1.16,2.5,ELEVATED,71,0,3
KKVAPOW.NS,SELL,525.6,downtrend,0.0,-16.28,594.99,606.68,605.53,6.24,1.19,,,538.09,494.39,2.5,LOW,95,1,2
NEUEON.NS,HOLD,18.8,weak_trend,0.0,-0.94,20.97,22.23,11.96,0.22,1.18,,,18.47,19.24,1.33,LOW,40,0,3
VINEETLAB.NS,HOLD,33.81,weak_trend,50.82,-0.29,34.22,35.75,36.14,1.38,4.08,,,31.74,36.57,1.33,ELEVATED,40,0,3
SATIPOLY.NS,SELL,31.85,downtrend,20.0,-1.27,35.35,35.97,52.05,1.11,3.5,,,34.08,26.28,2.5,NORMAL,84,0,3
TAPIFRUIT.NS,HOLD,49.0,weak_trend,45.93,-1.52,49.9,54.43,70.42,0.91,1.86,,,47.63,50.82,1.33,LOW,40,0,3
WILLAMAGOR.NS,SELL,25.31,downtrend,43.22,-0.31,26.54,27.12,29.38,1.35,5.32,,,28.0,18.58,2.5,ELEVATED,73,0,3
TECILCHEM.NS,SELL,10.38,downtrend,40.31,-0.41,11.09,12.05,15.78,0.79,7.6,,,11.96,6.44,2.5,ELEVATED,74,0,3
MEP.NS,SELL,0.72,downtrend,0.0,-0.05,0.81,0.92,1.5,0.02,2.08,,,0.75,0.64,2.5,NORMAL,95,0,3
KHANDSE.NS,SELL,17.15,downtrend,34.21,-0.09,18.17,17.57,19.66,1.14,6.68,,,19.44,11.43,2.5,ELEVATED,77,0,3
NAGREEKCAP.NS,SELL,24.4,downtrend,27.63,-0.99,27.17,29.07,27.85,1.54,6.32,,,27.48,16.69,2.5,ELEVATED,81,0,3
KAUSHALYA.NS,SELL,883.0,downtrend,63.53,-2.4,853.87,878.48,930.84,32.03,3.63,,,947.06,722.84,2.5,NORMAL,63,1,2
INFOMEDIA.NS,SELL,5.69,downtrend,43.12,0.01,5.71,5.77,6.15,0.33,5.77,,,6.35,4.05,2.5,ELEVATED,73,1,2
BILVYAPAR.NS,SELL,4.13,downtrend,51.22,-0.16,4.23,4.82,7.72,0.23,5.64,,,4.6,2.97,2.5,ELEVATED,69,1,2
VILINBIO.NS,HOLD,42.05,weak_trend,31.16,-1.02,46.05,45.2,32.21,1.45,3.44,,,39.88,44.94,1.33,NORMAL,40,0,3
MITTAL.NS,SELL,0.98,downtrend,43.48,-0.0,1.0,0.97,1.15,0.05,5.03,,,1.08,0.73,2.5,ELEVATED,73,0,3
SKIL.NS,SELL,0.88,downtrend,11.11,-0.02,0.95,0.96,1.15,0.01,1.3,,,0.9,0.82,2.5,LOW,89,0,3
CELLPOINT.NS,SELL,15.0,downtrend,49.04,-0.27,15.58,16.27,16.6,0.49,3.29,,,15.99,12.54,2.5,NORMAL,70,0,3
ROLLT.NS,HOLD,2.78,weak_trend,59.07,0.26,2.8,2.31,1.52,0.2,7.25,,,2.48,3.18,1.33,ELEVATED,40,0,3
TGBHOTELS.NS,HOLD,9.03,weak_trend,47.46,-0.04,9.05,9.28,9.98,0.34,3.73,,,8.53,9.7,1.33,NORMAL,40,0,3
ASPIRE.NS,HOLD,15.0,weak_trend,50.0,-0.08,14.53,15.47,16.68,0.51,3.43,,,14.23,16.03,1.33,NORMAL,40,1,2
SHRENIK.NS,HOLD,0.4,weak_trend,80.0,0.0,0.38,0.38,0.45,0.02,4.46,,,0.37,0.44,1.33,ELEVATED,40,0,3
VSCL.NS,HOLD,30.3,weak_trend,100.0,1.64,27.54,24.98,23.39,0.27,0.9,,,29.89,30.84,1.33,LOW,40,1,2
TREEHOUSE.NS,HOLD,6.94,weak_trend,48.66,-0.12,6.9,7.34,7.82,0.48,6.92,,,6.22,7.9,1.33,ELEVATED,40,0,3
LIBAS.NS,SELL,11.28,downtrend,30.3,-0.17,11.94,12.13,11.39,0.43,3.86,,,12.15,9.11,2.5,NORMAL,79,0,3
DIL.NS,SELL,0.89,downtrend,0.0,-0.02,0.94,0.97,1.46,0.02,1.69,,,0.92,0.81,2.5,LOW,95,0,3
FLFL.NS,SELL,1.4,downtrend,57.5,-0.02,1.36,1.48,1.44,0.09,6.38,,,1.58,0.95,2.5,ELEVATED,66,1,2
YUDIZ.NS,HOLD,28.1,weak_trend,71.69,0.58,25.54,26.24,28.64,0.72,2.58,,,27.01,29.55,1.33,NORMAL,40,0,3
MICROPRO.NS,SELL,19.25,downtrend,48.21,-0.04,19.34,19.35,20.19,0.86,4.45,,,20.96,14.96,2.5,ELEVATED,70,0,3
CONTI.NS,SELL,12.05,downtrend,40.0,-0.3,12.59,13.16,18.78,0.29,2.43,,,12.64,10.59,2.5,NORMAL,75,1,2
HAVISHA.NS,SELL,1.29,downtrend,26.47,-0.06,1.34,1.47,1.7,0.09,6.92,,,1.47,0.84,2.5,ELEVATED,81,1,2
MFML.NS,SELL,21.24,downtrend,32.23,-0.52,23.31,24.21,25.64,1.37,6.46,,,23.98,14.38,2.5,ELEVATED,78,1,2
MORARJEE.NS,HOLD,8.42,weak_trend,66.46,0.34,8.12,7.98,7.76,0.49,5.79,,,7.69,9.39,1.33,ELEVATED,40,2,1
KSHITIJPOL.NS,HOLD,3.94,weak_trend,9.22,-0.14,5.57,4.54,3.1,0.26,6.51,,,3.56,4.45,1.33,ELEVATED,40,0,3
EASTSILK.NS,SELL,49.0,downtrend,33.97,-2.09,51.43,55.74,64.66,2.52,5.14,,,54.03,36.41,2.5,ELEVATED,78,0,3
AILIMITED.NS,SELL,34.3,downtrend,40.33,-1.28,36.24,39.72,38.34,0.78,2.27,,,35.86,30.41,2.5,NORMAL,74,0,3
SPRL.NS,HOLD,115.7,weak_trend,100.0,5.99,91.82,93.84,130.42,2.58,2.23,,,111.83,120.86,1.33,NORMAL,40,1,2
MANDEEP.NS,SELL,19.2,downtrend,53.54,-0.28,19.29,20.61,22.61,0.36,1.88,,,19.92,17.4,2.5,LOW,68,1,2
CYBERMEDIA.NS,SELL,16.34,downtrend,49.13,-0.12,16.81,17.07,16.49,0.83,5.08,,,18.0,12.19,2.5,ELEVATED,70,0,3
MANAV.NS,HOLD,34.75,weak_trend,0.0,-1.63,39.95,41.26,32.32,0.46,1.34,,,34.05,35.68,1.33,LOW,40,1,2
SUPREMEENG.NS,HOLD,1.42,weak_trend,100.0,0.1,1.2,1.09,1.06,0.03,1.96,,,1.38,1.48,1.33,LOW,40,1,2
TVVISION.NS,HOLD,5.21,weak_trend,50.85,-0.02,5.23,5.28,6.19,0.28,5.4,,,4.79,5.77,1.33,ELEVATED,40,0,3
NIDAN.NS,SELL,13.1,downtrend,32.0,-0.25,13.72,14.22,16.9,0.67,5.13,,,14.44,9.74,2.5,ELEVATED,78,0,3
ANKITMETAL.NS,SELL,1.47,downtrend,38.71,-0.03,1.53,1.57,1.7,0.1,6.8,,,1.67,0.97,2.5,ELEVATED,75,0,3
SANGINITA.NS,HOLD,43.22,weak_trend,100.0,3.97,36.1,28.85,16.44,0.8,1.84,,,42.03,44.81,1.33,LOW,40,2,1
GUJRAFFIA.NS,SELL,40.49,downtrend,43.5,-0.06,41.35,40.95,45.28,2.25,5.55,,,44.98,29.26,2.5,ELEVATED,73,0,3
CALSOFT.NS,HOLD,22.9,weak_trend,61.8,1.09,22.53,20.39,16.35,1.38,6.01,,,20.84,25.65,1.33,ELEVATED,40,1,2
GTECJAINX.NS,SELL,30.19,downtrend,33.95,1.48,29.88,23.46,22.69,1.65,5.46,,,33.49,21.95,2.5,ELEVATED,78,1,2
ACEINTEG.NS,BUY,22.78,uptrend,64.05,0.45,20.7,20.27,21.04,1.68,7.37,22.32,23.24,19.42,31.17,2.5,ELEVATED,77,3,0
RETAIL.NS,SELL,17.41,downtrend,52.58,-0.55,18.2,19.43,25.41,1.54,8.82,,,20.48,9.73,2.5,ELEVATED,68,1,2
FEL.NS,SELL,0.4,downtrend,28.57,-0.01,0.41,0.44,0.46,0.02,4.82,,,0.44,0.3,2.5,ELEVATED,80,0,3
YCCL.NS,SELL,9.5,downtrend,39.29,-0.06,9.93,10.03,11.3,0.33,3.5,,,10.16,7.84,2.5,NORMAL,75,0,3
CMRSL.NS,SELL,71.4,downtrend,64.95,-0.23,67.67,71.88,73.59,2.34,3.28,,,76.08,59.7,2.5,NORMAL,62,1,2
SANWARIA.NS,SELL,0.21,downtrend,0.0,-0.0,0.22,0.22,0.26,0.02,7.14,,,0.24,0.13,2.5,ELEVATED,95,1,2
VCL.NS,HOLD,1.37,weak_trend,45.24,-0.04,1.34,1.42,1.58,0.08,5.94,,,1.25,1.53,1.33,ELEVATED,40,1,2
INSPIRE.NS,SELL,8.35,downtrend,0.0,-0.58,9.39,10.41,12.15,0.11,1.28,,,8.56,7.81,2.5,LOW,95,0,3
VIVIDHA.NS,HOLD,0.53,weak_trend,46.67,-0.0,0.54,0.55,0.64,0.03,5.53,,,0.49,0.59,1.33,ELEVATED,40,0,3
DHTL.NS,SELL,40.5,downtrend,18.45,-1.58,42.21,44.92,64.32,0.5,1.24,,,41.51,37.98,2.5,LOW,85,0,3
HEADSUP.NS,SELL,6.95,downtrend,44.34,-0.05,7.15,7.27,8.63,0.49,7.0,,,7.92,4.52,2.5,ELEVATED,72,0,3
BLUECHIP.NS,SELL,2.33,downtrend,0.0,0.03,2.41,2.19,2.92,0.01,0.37,,,2.35,2.29,2.5,LOW,95,0,3
SHANTHALA.NS,SELL,23.4,downtrend,52.83,-0.12,23.39,24.56,30.19,1.65,7.04,,,26.69,15.17,2.5,ELEVATED,68,1,2
MAKS.NS,SELL,23.05,downtrend,10.67,-0.86,24.93,25.64,29.25,0.36,1.56,,,23.77,21.25,2.5,LOW,89,0,3
MARINETRAN.NS,SELL,13.5,downtrend,3.85,-0.75,14.7,16.02,17.38,0.19,1.38,,,13.87,12.57,2.5,LOW,93,1,2
NIRAJISPAT.NS,SELL,203.0,downtrend,41.31,-5.15,209.1,223.3,241.9,8.81,4.34,,,220.61,158.97,2.5,ELEVATED,74,0,3
SUNREST.NS,SELL,34.0,downtrend,63.91,-0.24,33.97,35.37,40.48,0.48,1.42,,,34.96,31.59,2.5,LOW,63,1,2
QFIL.NS,HOLD,58.0,weak_trend,69.75,3.98,53.73,45.75,56.92,2.21,3.81,,,54.68,62.42,1.33,NORMAL,40,1,2
TIJARIA.NS,HOLD,4.48,weak_trend,52.52,-0.03,4.47,4.52,5.22,0.39,8.63,,,3.9,5.25,1.33,ELEVATED,40,0,3
SILLYMONKS.NS,SELL,16.15,downtrend,46.09,-0.08,17.04,16.81,18.71,1.42,8.82,,,19.0,9.03,2.5,ELEVATED,71,0,3
RADAAN.NS,SELL,2.95,downtrend,39.47,-0.02,3.07,3.14,3.23,0.18,6.2,,,3.32,2.04,2.5,ELEVATED,75,0,3
UNIINFO.NS,SELL,11.96,downtrend,55.32,-0.04,11.64,12.37,14.63,0.77,6.46,,,13.5,8.1,2.5,ELEVATED,67,1,2
ISHAN.NS,HOLD,0.6,weak_trend,50.0,-0.01,0.61,0.64,0.74,0.02,3.57,,,0.57,0.64,1.33,NORMAL,40,0,3
JIWANRAM.NS,SELL,5.65,downtrend,66.67,0.11,5.54,5.55,6.06,0.21,3.73,,,6.07,4.6,2.5,NORMAL,61,1,2
VERITAAS.NS,SELL,35.55,downtrend,0.0,-2.82,41.74,46.1,54.86,0.85,2.38,,,37.24,31.32,2.5,NORMAL,95,0,3
LYPSAGEMS.NS,SELL,4.67,downtrend,34.15,-0.08,4.9,5.09,5.33,0.16,3.47,,,4.99,3.86,2.5,NORMAL,77,1,2
EDUCOMP.NS,HOLD,0.98,weak_trend,50.0,0.0,0.97,0.97,1.15,0.01,1.31,,,0.96,1.01,1.33,LOW,40,0,3
SHUBHLAXMI.NS,HOLD,24.95,weak_trend,53.02,1.24,25.1,23.19,25.0,1.77,7.09,,,22.3,28.49,1.33,ELEVATED,40,0,3
ONELIFECAP.NS,HOLD,35.05,weak_trend,82.38,2.76,29.16,24.27,17.01,1.81,5.18,,,32.33,38.68,1.33,ELEVATED,40,1,2
WINNY.NS,HOLD,41.25,weak_trend,100.0,-0.39,40.31,43.93,57.91,0.14,0.33,,,41.05,41.52,1.33,LOW,40,0,3
GLFL.NS,HOLD,6.25,weak_trend,54.73,0.07,6.38,6.56,6.11,0.32,5.09,,,5.77,6.89,1.33,ELEVATED,40,0,3
TCIFINANCE.NS,HOLD,16.73,weak_trend,38.47,0.83,20.39,16.5,15.79,1.29,7.74,,,14.79,19.32,1.33,ELEVATED,40,0,3
GSTL.NS,SELL,17.9,downtrend,0.0,-1.0,19.53,22.11,18.34,0.15,0.84,,,18.2,17.15,2.5,LOW,95,2,1
IMPEXFERRO.NS,HOLD,2.29,weak_trend,0.0,0.09,2.44,2.03,1.85,0.03,1.15,,,2.25,2.34,1.33,LOW,40,0,3
SAROJA.NS,HOLD,33.0,weak_trend,44.31,0.04,32.76,32.89,37.26,0.6,1.81,,,32.11,34.19,1.33,LOW,40,0,3
COMPINFO.NS,SELL,1.26,downtrend,33.33,-0.01,1.32,1.34,1.53,0.08,6.52,,,1.42,0.85,2.5,ELEVATED,78,1,2
ANTGRAPHIC.NS,SELL,0.81,downtrend,53.85,-0.0,0.8,0.83,0.93,0.05,5.82,,,0.9,0.57,2.5,ELEVATED,68,1,2
QUADPRO.NS,SELL,2.35,downtrend,66.67,0.06,2.23,2.13,2.44,0.03,1.22,,,2.41,2.21,2.5,LOW,61,1,2
PLADAINFO.NS,HOLD,11.45,weak_trend,100.0,0.06,11.44,11.27,13.85,0.04,0.31,,,11.4,11.52,1.33,LOW,40,0,3
SHYAMTEL.NS,HOLD,19.77,weak_trend,73.91,0.57,17.72,19.49,13.61,0.64,3.24,,,18.81,21.05,1.33,NORMAL,40,1,2
CREATIVEYE.NS,SELL,6.19,downtrend,42.5,-0.12,6.52,6.79,7.01,0.47,7.62,,,7.13,3.83,2.5,ELEVATED,73,0,3
ARENTERP.NS,SELL,35.25,downtrend,46.31,-0.5,37.27,38.62,42.99,2.52,7.14,,,40.28,22.67,2.5,ELEVATED,71,0,3
MTEDUCARE.NS,HOLD,2.42,weak_trend,83.75,0.19,1.97,1.73,1.74,0.16,6.61,,,2.18,2.74,1.33,ELEVATED,40,2,1
UMESLTD.NS,HOLD,5.82,weak_trend,62.96,0.05,5.64,5.54,5.34,0.39,6.63,,,5.24,6.59,1.33,ELEVATED,40,2,1
VIVO.NS,HOLD,77.35,weak_trend,55.25,-0.56,76.28,77.46,75.21,1.17,1.51,,,75.6,79.69,1.33,LOW,40,1,2
GLOBALE.NS,HOLD,12.54,weak_trend,50.47,-0.08,12.55,13.1,12.36,0.91,7.22,,,11.18,14.35,1.33,ELEVATED,40,1,2
WINSOME.NS,HOLD,2.33,weak_trend,0.0,0.02,2.49,2.24,1.94,0.02,0.86,,,2.3,2.37,1.33,LOW,40,0,3
EUROTEXIND.NS,HOLD,16.23,weak_trend,40.67,0.34,18.04,16.62,15.69,1.54,9.5,,,13.92,19.31,1.33,ELEVATED,40,0,3
INDIFRA.NS,SELL,12.65,downtrend,39.29,-0.22,13.23,13.13,14.85,0.2,1.61,,,13.06,11.63,2.5,LOW,75,0,3
AMIABLE.NS,BUY,80.95,uptrend,63.14,2.76,79.82,74.79,71.6,3.78,4.67,79.33,82.57,73.39,99.84,2.5,ELEVATED,76,3,0
SHANTI.NS,SELL,6.81,downtrend,59.71,-0.03,6.46,6.73,8.07,0.38,5.58,,,7.57,4.91,2.5,ELEVATED,65,2,1
DCMFINSERV.NS,HOLD,5.48,weak_trend,43.18,0.03,5.55,5.24,5.3,0.1,1.86,,,5.33,5.68,1.33,LOW,40,0,3
TRANSWIND.NS,SELL,12.55,downtrend,0.0,-0.43,13.23,14.38,18.11,0.05,0.37,,,12.64,12.32,2.5,LOW,95,1,2
RITEZONE.NS,HOLD,19.8,weak_trend,81.71,-0.38,17.95,20.88,21.68,0.39,1.95,,,19.22,20.57,1.33,LOW,40,1,2
PREMIER.NS,SELL,2.9,downtrend,47.37,-0.0,2.94,2.94,3.11,0.14,4.75,,,3.18,2.21,2.5,ELEVATED,71,1,2
ORTINGLOBE.NS,SELL,17.54,downtrend,44.41,0.39,17.3,16.01,14.17,1.08,6.13,,,19.69,12.16,2.5,ELEVATED,72,1,2
SABAR.NS,HOLD,6.3,weak_trend,91.67,0.25,5.89,5.47,5.51,0.08,1.19,,,6.19,6.45,1.33,LOW,40,1,2
FALCONTECH.NS,SELL,11.6,downtrend,36.3,-0.61,12.72,13.63,15.46,0.96,8.25,,,13.51,6.81,2.5,ELEVATED,76,0,3
CBAZAAR.NS,HOLD,5.1,weak_trend,100.0,0.14,4.33,4.51,4.23,0.1,1.89,,,4.96,5.29,1.33,LOW,40,2,1
ACCORD.NS,HOLD,139.9,weak_trend,100.0,20.93,95.17,66.82,35.78,4.68,3.34,,,132.88,149.26,1.33,NORMAL,40,1,2
SMVD.NS,HOLD,12.1,weak_trend,100.0,0.12,11.58,11.38,8.89,0.04,0.32,,,12.04,12.18,1.33,LOW,40,2,1
AMJUMBO.NS,HOLD,11.35,weak_trend,69.23,0.03,10.82,10.99,9.63,0.1,0.88,,,11.2,11.55,1.33,LOW,40,2,1
SETUINFRA.NS,SELL,0.45,downtrend,60.0,-0.02,0.44,0.53,0.51,0.03,6.19,,,0.51,0.31,2.5,ELEVATED,65,2,1
SABEVENTS.NS,SELL,8.2,downtrend,65.37,-0.07,7.75,8.52,9.35,0.49,5.93,,,9.17,5.77,2.5,ELEVATED,62,1,2
JALAN.NS,HOLD,2.15,weak_trend,50.0,0.06,2.17,1.98,2.99,0.04,1.83,,,2.09,2.23,1.33,LOW,40,0,3
CMICABLES.NS,HOLD,3.05,weak_trend,47.62,-0.05,3.04,3.13,4.0,0.06,1.99,,,2.96,3.17,1.33,LOW,40,0,3
LAKPRE.NS,SELL,5.12,downtrend,55.11,-0.19,4.94,5.37,5.23,0.26,5.02,,,5.63,3.83,2.5,ELEVATED,67,2,1
BGLOBAL.NS,SELL,3.19,downtrend,34.15,0.03,3.25,3.17,3.39,0.07,2.1,,,3.32,2.85,2.5,NORMAL,77,0,3
ORTEL.NS,HOLD,1.6,weak_trend,44.07,-0.02,1.61,1.66,1.59,0.12,7.54,,,1.42,1.84,1.33,ELEVATED,40,0,3
QUINTEGRA.NS,SELL,1.32,downtrend,0.0,-0.01,1.36,1.36,1.48,0.03,1.89,,,1.37,1.2,2.5,LOW,95,0,3
RAJVIR.NS,SELL,6.86,downtrend,0.0,-0.19,7.15,7.45,8.31,0.03,0.37,,,6.91,6.73,2.5,LOW,95,0,3
AHLWEST.NS,HOLD,560.25,weak_trend,47.33,18.8,580.62,523.24,240.76,28.19,5.03,,,517.97,616.63,1.33,ELEVATED,40,0,3
CLCIND.NS,HOLD,46.71,weak_trend,100.0,3.73,41.98,33.28,148.24,0.45,0.97,,,46.03,47.62,1.33,LOW,40,0,3
MCX.NS,HOLD,2837.2,weak_trend,58.84,-37.59,2838.14,2988.1,2364.77,77.44,2.73,,,2721.04,2992.09,1.33,NORMAL,40,1,2
