Ticker,Signal,Current_Price,Trend_Assessment,RSI,MACD,MA20,MA50,MA200,ATR,ATR_Percent,Buy_Range_Low,Buy_Range_High,Stop_Loss,Target,RR_Ratio,Risk_Context,Confidence,Rules_Passed,Rules_Failed
RELIANCE.NS,SELL,1327.3,downtrend,55.78,3.61,1298.96,1300.47,1401.71,22.12,1.67,,,1371.54,1216.69,2.5,LOW,67,1,2
HDFCBANK.NS,SELL,731.0,downtrend,30.29,-14.34,759.33,771.29,852.83,10.41,1.42,,,751.83,678.93,2.5,LOW,79,0,3
BHARTIARTL.NS,HOLD,1943.0,weak_trend,55.33,23.66,1930.78,1875.29,1927.28,33.11,1.7,,,1893.33,2009.23,1.33,LOW,40,1,2
TCS.NS,SELL,2425.7,downtrend,65.8,73.47,2328.06,2205.53,2610.22,69.91,2.88,,,2565.53,2076.13,2.5,NORMAL,62,1,2
ICICIBANK.NS,SELL,1431.8,downtrend,44.43,17.98,1430.43,1372.49,1338.81,23.98,1.68,,,1479.77,1311.88,2.5,LOW,72,1,2
SBIN.NS,BUY,1071.0,uptrend,58.21,12.29,1038.7,1027.69,1018.19,21.96,2.05,1049.58,1092.42,1027.09,1180.79,2.5,NORMAL,74,3,0
INFY.NS,HOLD,1183.0,weak_trend,70.38,25.96,1115.97,1103.32,1317.89,33.76,2.85,,,1132.35,1250.53,1.33,NORMAL,40,0,3
BAJFINANCE.NS,HOLD,1102.2,weak_trend,55.2,33.14,1074.98,1003.67,968.59,34.19,3.1,,,1050.91,1170.59,1.33,NORMAL,40,2,1
HINDUNILVR.NS,SELL,2087.2,downtrend,43.85,-16.63,2115.77,2135.01,2247.84,48.34,2.32,,,2183.89,1845.49,2.5,NORMAL,73,0,3
LICI.NS,SELL,393.0,downtrend,25.86,-8.04,419.28,417.22,411.88,9.52,2.42,,,412.04,345.41,2.5,NORMAL,82,1,2
LT.NS,HOLD,4080.0,weak_trend,76.7,25.51,3900.96,3992.09,3948.99,62.2,1.52,,,3986.7,4204.4,1.33,LOW,40,1,2
ITC.NS,SELL,282.65,downtrend,52.94,0.07,283.09,284.96,318.95,4.88,1.72,,,292.4,258.27,2.5,LOW,68,1,2
MARUTI.NS,HOLD,14037.0,weak_trend,73.06,129.51,13688.62,13543.88,14378.29,269.24,1.92,,,13633.13,14575.49,1.33,LOW,40,0,3
M&M.NS,HOLD,3517.0,weak_trend,72.45,96.84,3278.13,3149.45,3327.66,87.08,2.48,,,3386.38,3691.16,1.33,NORMAL,40,1,2
HCLTECH.NS,HOLD,1357.2,weak_trend,77.03,53.85,1285.42,1189.24,1371.81,33.15,2.44,,,1307.47,1423.5,1.33,NORMAL,40,0,3
KOTAKBANK.NS,SELL,393.5,downtrend,60.08,2.01,387.65,390.0,401.52,6.55,1.67,,,406.61,360.73,2.5,LOW,64,1,2
SUNPHARMA.NS,HOLD,1945.0,weak_trend,46.96,18.25,1957.5,1885.96,1775.23,36.16,1.86,,,1890.75,2017.33,1.33,LOW,40,0,3
AXISBANK.NS,HOLD,1247.3,weak_trend,46.43,-17.03,1257.14,1301.3,1287.32,20.31,1.63,,,1216.84,1287.91,1.33,LOW,40,0,3
ULTRACEMCO.NS,HOLD,12038.0,weak_trend,58.66,199.54,11785.04,11370.37,11570.52,197.5,1.64,,,11741.75,12433.0,1.33,LOW,40,2,1
BAJAJFINSV.NS,HOLD,2021.3,weak_trend,64.24,59.99,1946.15,1845.34,1910.7,49.79,2.46,,,1946.61,2120.89,1.33,NORMAL,40,2,1
TITAN.NS,HOLD,5090.0,weak_trend,76.4,143.28,4793.83,4510.71,4186.54,98.28,1.93,,,4942.58,5286.56,1.33,LOW,40,2,1
NTPC.NS,HOLD,340.45,weak_trend,41.29,-2.96,346.07,352.47,356.87,5.91,1.74,,,331.58,352.28,1.33,LOW,40,0,3
HAL.NS,HOLD,4928.0,weak_trend,78.69,110.39,4618.89,4459.6,4345.31,94.72,1.92,,,4785.92,5117.44,1.33,LOW,40,1,2
ADANIPORTS.NS,HOLD,1681.0,weak_trend,18.6,-33.48,1758.7,1793.38,1582.04,37.76,2.25,,,1624.36,1756.51,1.33,NORMAL,40,0,3
ONGC.NS,SELL,239.84,downtrend,32.2,-2.43,244.16,245.94,256.49,4.4,1.84,,,248.65,217.82,2.5,LOW,78,0,3
ETERNAL.NS,HOLD,310.25,weak_trend,65.35,10.33,299.15,277.44,272.81,10.14,3.27,,,295.04,330.53,1.33,NORMAL,40,2,1
BEL.NS,HOLD,404.35,weak_trend,44.64,-4.0,400.38,408.22,419.13,7.02,1.74,,,393.81,418.4,1.33,LOW,40,0,3
ADANIENT.NS,HOLD,3010.0,weak_trend,30.22,-9.0,3077.38,3050.64,2461.5,62.65,2.08,,,2916.03,3135.3,1.33,NORMAL,40,0,3
DMART.NS,HOLD,4054.0,weak_trend,55.45,-35.45,3957.0,4084.7,4040.37,104.4,2.58,,,3897.4,4262.8,1.33,NORMAL,40,2,1
JSWSTEEL.NS,HOLD,1299.5,weak_trend,62.51,15.93,1264.39,1258.94,1207.09,26.84,2.07,,,1259.25,1353.17,1.33,NORMAL,40,2,1
ADANIPOWER.NS,HOLD,210.65,weak_trend,33.88,-3.18,213.59,220.44,178.46,4.86,2.31,,,203.36,220.37,1.33,NORMAL,40,0,3
WIPRO.NS,HOLD,185.5,weak_trend,71.24,2.73,179.99,179.18,210.28,3.85,2.07,,,179.73,193.2,1.33,NORMAL,40,0,3
POWERGRID.NS,SELL,270.1,downtrend,27.57,-3.37,283.27,285.04,284.62,5.32,1.97,,,280.74,243.51,2.5,LOW,81,0,3
ASIANPAINT.NS,HOLD,2750.0,weak_trend,58.43,22.38,2717.06,2696.76,2583.36,62.34,2.27,,,2656.5,2874.67,1.33,NORMAL,40,2,1
BAJAJ-AUTO.NS,HOLD,11677.0,weak_trend,75.22,393.95,11133.23,10483.92,9635.65,275.57,2.36,,,11263.64,12228.14,1.33,NORMAL,40,1,2
COALINDIA.NS,HOLD,411.0,weak_trend,32.48,-4.85,417.69,431.68,419.92,6.12,1.49,,,401.82,423.24,1.33,LOW,40,0,3
NESTLEIND.NS,HOLD,1528.6,weak_trend,65.85,28.24,1481.53,1438.21,1327.38,40.41,2.64,,,1467.99,1609.41,1.33,NORMAL,40,2,1
INDIGO.NS,HOLD,5333.0,weak_trend,54.33,64.62,5233.5,5077.4,4935.53,139.46,2.62,,,5123.8,5611.93,1.33,NORMAL,40,2,1
IOC.NS,HOLD,142.0,weak_trend,46.93,0.45,141.36,141.06,151.7,2.57,1.81,,,138.14,147.15,1.33,LOW,40,0,3
TATASTEEL.NS,BUY,190.24,uptrend,55.54,-0.26,187.24,191.59,189.09,3.79,1.99,186.44,194.04,182.65,209.21,2.5,LOW,72,3,0
TMPV.NS,SELL,347.1,downtrend,63.25,0.26,336.13,352.13,355.12,6.6,1.9,,,360.3,314.1,2.5,LOW,63,1,2
HINDZINC.NS,HOLD,595.15,weak_trend,77.48,12.32,545.74,549.5,563.46,14.36,2.41,,,573.6,623.88,1.33,NORMAL,40,2,1
JIOFIN.NS,SELL,254.0,downtrend,62.89,5.73,245.59,240.63,260.81,6.62,2.61,,,267.24,220.91,2.5,NORMAL,63,1,2
HYUNDAI.NS,HOLD,2223.0,weak_trend,88.64,74.36,2045.88,1976.03,2071.23,54.74,2.46,,,2140.88,2332.49,1.33,NORMAL,40,1,2
GRASIM.NS,BUY,3380.5,uptrend,65.65,43.6,3149.58,3134.23,2885.67,76.51,2.26,3312.89,3448.11,3227.48,3763.06,2.5,NORMAL,77,3,0
SBILIFE.NS,HOLD,1855.5,weak_trend,56.82,17.59,1860.33,1811.93,1923.03,37.29,2.01,,,1799.56,1930.09,1.33,NORMAL,40,0,3
VEDL.NS,HOLD,283.65,weak_trend,70.89,-2.31,266.42,282.61,504.02,6.61,2.33,,,273.74,296.86,1.33,NORMAL,40,1,2
DLF.NS,SELL,660.0,downtrend,48.26,4.83,652.81,628.82,633.21,17.51,2.65,,,695.03,572.44,2.5,NORMAL,70,1,2
EICHERMOT.NS,HOLD,8020.0,weak_trend,72.02,175.59,7659.14,7433.66,7203.64,161.6,2.01,,,7777.6,8343.2,1.33,NORMAL,40,1,2
TRENT.NS,SELL,3025.0,downtrend,64.12,20.0,2960.38,2996.61,3138.87,75.08,2.48,,,3175.16,2649.61,2.5,NORMAL,62,1,2
HINDALCO.NS,HOLD,1054.05,weak_trend,77.6,16.98,978.29,992.7,941.28,21.67,2.06,,,1021.54,1097.39,1.33,NORMAL,40,2,1
DIVISLAB.NS,HOLD,8300.0,weak_trend,76.95,394.75,7708.14,7083.51,6537.86,209.52,2.52,,,7985.72,8719.04,1.33,NORMAL,40,1,2
HDFCLIFE.NS,SELL,540.0,downtrend,35.91,-7.97,552.94,564.84,658.76,9.59,1.78,,,559.18,492.05,2.5,LOW,77,0,3
IRFC.NS,SELL,88.5,downtrend,51.01,-0.71,88.56,91.81,105.24,1.46,1.65,,,91.41,81.21,2.5,LOW,69,1,2
ADANIGREEN.NS,HOLD,1369.0,weak_trend,19.87,-34.24,1435.05,1476.75,1156.45,42.19,3.08,,,1305.71,1453.39,1.33,NORMAL,40,0,3
VBL.NS,HOLD,445.5,weak_trend,41.51,-12.95,452.58,488.79,472.92,12.56,2.82,,,426.66,470.63,1.33,NORMAL,40,0,3
TVSMOTOR.NS,HOLD,4466.2,weak_trend,83.99,227.76,4021.78,3697.89,3625.41,100.71,2.26,,,4315.13,4667.63,1.33,NORMAL,40,1,2
PIDILITIND.NS,HOLD,1660.0,weak_trend,67.27,28.12,1600.85,1565.29,1465.22,38.64,2.33,,,1602.03,1737.29,1.33,NORMAL,40,2,1
BPCL.NS,SELL,318.5,downtrend,49.21,3.79,317.31,309.36,329.08,7.2,2.26,,,332.9,282.5,2.5,NORMAL,70,0,3
TECHM.NS,HOLD,1635.0,weak_trend,66.61,51.59,1589.44,1487.94,1465.92,40.51,2.48,,,1574.24,1716.01,1.33,NORMAL,40,2,1
BAJAJHLDNG.NS,HOLD,11263.0,weak_trend,78.02,245.31,10859.6,10572.4,10691.97,234.86,2.09,,,10910.71,11732.71,1.33,NORMAL,40,1,2
BRITANNIA.NS,HOLD,5623.5,weak_trend,65.87,74.42,5384.06,5239.32,5597.36,122.69,2.18,,,5439.47,5868.88,1.33,NORMAL,40,2,1
AMBUJACEM.NS,SELL,430.85,downtrend,44.11,1.45,434.02,428.58,481.84,11.01,2.55,,,452.86,375.81,2.5,NORMAL,72,0,3
TATACAP.NS,HOLD,367.85,weak_trend,61.59,6.42,357.89,348.56,334.01,11.54,3.14,,,350.54,390.93,1.33,NORMAL,40,2,1
BANKBARODA.NS,SELL,247.81,downtrend,50.14,-2.53,246.3,258.56,271.66,4.81,1.94,,,257.43,223.77,2.5,LOW,69,1,2
CHOLAFIN.NS,HOLD,1920.0,weak_trend,64.9,43.94,1810.57,1732.84,1662.27,66.56,3.47,,,1820.15,2053.13,1.33,NORMAL,40,2,1
SHRIRAMFIN.NS,HOLD,1137.8,weak_trend,63.53,28.26,1059.25,1017.54,958.12,32.91,2.89,,,1088.44,1203.61,1.33,NORMAL,40,2,1
PNB.NS,HOLD,113.5,weak_trend,57.16,2.01,110.93,107.88,112.66,1.69,1.49,,,110.96,116.88,1.33,LOW,40,2,1
PFC.NS,SELL,385.15,downtrend,31.03,-1.43,411.72,416.79,397.58,9.78,2.54,,,404.72,336.23,2.5,NORMAL,79,1,2
SOLARINDS.NS,HOLD,18820.0,weak_trend,45.91,130.64,18524.71,18197.97,15049.93,447.01,2.38,,,18149.49,19714.01,1.33,NORMAL,40,1,2
MUTHOOTFIN.NS,SELL,2906.0,downtrend,34.57,-47.46,2982.11,3042.08,3407.3,99.39,3.42,,,3104.77,2409.07,2.5,NORMAL,77,0,3
TATAPOWER.NS,SELL,382.0,downtrend,50.65,-1.33,378.83,386.33,388.99,5.86,1.54,,,393.73,352.68,2.5,LOW,69,2,1
CIPLA.NS,HOLD,1463.8,weak_trend,55.69,12.83,1442.28,1423.19,1393.27,31.89,2.18,,,1415.97,1527.57,1.33,NORMAL,40,2,1
TORNTPHARM.NS,HOLD,4924.0,weak_trend,42.69,56.99,4976.16,4738.05,4205.96,127.91,2.6,,,4732.14,5179.81,1.33,NORMAL,40,0,3
GODREJCP.NS,SELL,1050.0,downtrend,45.45,3.75,1065.92,1045.92,1103.21,26.0,2.48,,,1102.0,920.0,2.5,NORMAL,72,1,2
LODHA.NS,HOLD,1218.7,weak_trend,54.44,48.8,1206.67,1056.71,1012.47,47.99,3.94,,,1146.71,1314.68,1.33,NORMAL,40,1,2
HDFCAMC.NS,SELL,2545.0,downtrend,37.14,-27.41,2588.35,2610.58,2588.75,56.31,2.21,,,2657.63,2263.43,2.5,NORMAL,76,0,3
GAIL.NS,HOLD,172.5,weak_trend,47.72,0.77,173.9,172.7,165.3,4.45,2.58,,,165.83,181.39,1.33,NORMAL,40,0,3
CANBK.NS,SELL,129.0,downtrend,53.92,0.6,126.95,128.2,135.83,2.62,2.03,,,134.24,115.91,2.5,NORMAL,68,1,2
MAXHEALTH.NS,HOLD,1069.0,weak_trend,39.94,-3.02,1092.75,1076.59,1053.2,24.44,2.29,,,1032.34,1117.89,1.33,NORMAL,40,1,2
ENRIN.NS,BUY,3567.3,uptrend,59.46,-10.6,3333.95,3488.04,3063.53,132.4,3.71,3495.95,3638.65,3302.5,4229.3,2.5,NORMAL,74,3,0
SIEMENS.NS,HOLD,3914.3,weak_trend,73.14,94.19,3736.46,3649.99,3359.36,104.12,2.66,,,3758.12,4122.53,1.33,NORMAL,40,1,2
MAZDOCK.NS,HOLD,2575.0,weak_trend,74.03,17.59,2372.42,2429.46,2482.65,62.76,2.44,,,2480.85,2700.53,1.33,NORMAL,40,2,1
BOSCHLTD.NS,BUY,43505.0,uptrend,67.87,644.32,41416.9,40266.0,36838.48,1078.17,2.48,42634.9,44375.1,41348.65,48895.87,2.5,NORMAL,78,3,0
ABB.NS,HOLD,7649.5,weak_trend,60.48,157.4,7380.19,7103.06,6086.02,213.61,2.79,,,7329.08,8076.72,1.33,NORMAL,40,2,1
MOTHERSON.NS,HOLD,167.99,weak_trend,77.75,4.78,149.37,146.71,125.96,5.57,3.32,,,159.63,179.14,1.33,NORMAL,40,2,1
CUMMINSIND.NS,HOLD,5448.0,weak_trend,39.68,-25.89,5500.98,5563.63,4838.14,138.89,2.55,,,5239.66,5725.79,1.33,NORMAL,40,0,3
TATACONSUM.NS,SELL,1108.7,downtrend,56.56,-3.62,1093.32,1105.71,1133.53,24.89,2.24,,,1158.47,984.27,2.5,NORMAL,66,1,2
LGEINDIA.NS,HOLD,1557.8,weak_trend,48.94,2.97,1546.55,1552.31,1543.59,34.04,2.18,,,1506.75,1625.87,1.33,NORMAL,40,1,2
POLYCAB.NS,HOLD,9218.0,weak_trend,61.18,-44.94,9104.3,9399.16,8153.67,177.43,1.92,,,8951.86,9572.86,1.33,LOW,40,2,1
CGPOWER.NS,HOLD,879.0,weak_trend,42.99,-11.07,881.91,911.1,762.6,29.58,3.37,,,834.63,938.16,1.33,NORMAL,40,0,3
UNIONBANK.NS,HOLD,181.14,weak_trend,58.05,3.46,173.2,168.44,164.57,4.47,2.47,,,174.43,190.09,1.33,NORMAL,40,2,1
ADANIENSOL.NS,HOLD,1632.0,weak_trend,24.2,9.69,1675.2,1595.78,1203.34,43.88,2.69,,,1566.18,1719.76,1.33,NORMAL,40,0,3
APOLLOHOSP.NS,SELL,8912.0,downtrend,49.27,69.51,8911.17,8698.27,7791.15,138.54,1.55,,,9189.07,8219.32,2.5,LOW,70,2,1
INDHOTEL.NS,HOLD,731.0,weak_trend,53.52,6.57,735.59,713.8,686.47,14.95,2.05,,,708.57,760.91,1.33,NORMAL,40,0,3
HEROMOTOCO.NS,HOLD,5860.0,weak_trend,80.86,222.74,5206.59,4984.55,5282.35,153.7,2.62,,,5629.45,6167.4,1.33,NORMAL,40,2,1
DRREDDY.NS,HOLD,1158.8,weak_trend,33.7,-27.59,1179.66,1248.23,1252.78,25.26,2.18,,,1120.91,1209.31,1.33,NORMAL,40,0,3
SHREECEM.NS,HOLD,26010.0,weak_trend,39.5,145.11,26668.43,25753.26,25849.03,622.86,2.39,,,25075.71,27255.71,1.33,NORMAL,40,0,3
JINDALSTEL.NS,HOLD,1125.0,weak_trend,74.0,10.6,1070.62,1090.04,1121.48,24.18,2.15,,,1088.73,1173.36,1.33,NORMAL,40,1,2
IDBI.NS,SELL,83.0,downtrend,26.64,0.26,85.0,82.5,89.86,1.77,2.13,,,86.53,74.17,2.5,NORMAL,81,0,3
SWIGGY.NS,SELL,279.0,downtrend,54.74,6.91,275.41,261.56,313.91,13.53,4.85,,,306.06,211.34,2.5,ELEVATED,67,1,2
BSE.NS,HOLD,3596.1,weak_trend,46.12,-73.14,3590.75,3780.1,3204.68,103.79,2.89,,,3440.42,3803.67,1.33,NORMAL,40,2,1
MANKIND.NS,HOLD,2438.0,weak_trend,35.46,-13.25,2516.88,2472.62,2277.47,64.45,2.64,,,2341.33,2566.9,1.33,NORMAL,40,0,3
INDIANB.NS,BUY,889.5,uptrend,64.12,10.13,841.1,834.02,845.73,18.31,2.06,871.71,907.29,852.87,981.07,2.5,NORMAL,77,3,0
INDUSTOWER.NS,SELL,368.0,downtrend,33.31,-4.43,379.17,386.6,402.24,10.41,2.83,,,388.81,315.97,2.5,NORMAL,78,1,2
UNITDSPR.NS,HOLD,1512.4,weak_trend,77.6,44.9,1456.07,1372.61,1353.82,31.21,2.06,,,1465.58,1574.83,1.33,NORMAL,40,1,2
GMRAIRPORT.NS,HOLD,106.3,weak_trend,31.94,-0.73,108.32,107.93,100.18,2.11,1.99,,,103.13,110.52,1.33,LOW,40,0,3
RECLTD.NS,SELL,343.75,downtrend,38.61,2.02,359.74,353.95,347.77,8.48,2.47,,,360.72,301.33,2.5,NORMAL,75,1,2
ZYDUSLIFE.NS,HOLD,1119.0,weak_trend,41.36,0.86,1125.31,1113.07,974.6,22.58,2.02,,,1085.13,1164.16,1.33,NORMAL,40,0,3
ICICIGI.NS,SELL,1639.0,downtrend,52.36,-26.89,1665.6,1733.17,1845.81,48.8,2.98,,,1736.6,1395.0,2.5,NORMAL,68,1,2
DIXON.NS,SELL,14115.0,downtrend,49.92,335.65,14059.8,12946.4,12245.99,386.29,2.74,,,14887.57,12183.57,2.5,NORMAL,70,1,2
IDEA.NS,HOLD,12.92,weak_trend,34.25,-0.31,13.19,13.93,11.5,0.31,2.37,,,12.46,13.53,1.33,NORMAL,40,1,2
HAVELLS.NS,HOLD,1288.0,weak_trend,79.17,26.75,1231.53,1196.69,1309.75,22.81,1.77,,,1253.79,1333.61,1.33,LOW,40,0,3
MARICO.NS,HOLD,863.5,weak_trend,55.36,7.99,858.98,837.22,777.21,18.98,2.2,,,835.03,901.46,1.33,NORMAL,40,1,2
HINDPETRO.NS,SELL,393.15,downtrend,40.42,-0.34,394.08,393.47,415.98,9.34,2.38,,,411.83,346.45,2.5,NORMAL,74,0,3
WAAREEENER.NS,HOLD,2701.0,weak_trend,46.89,-57.8,2728.6,2883.46,3007.21,67.31,2.49,,,2600.04,2835.61,1.33,NORMAL,40,0,3
BAJAJHFL.NS,SELL,85.06,downtrend,44.54,-0.2,86.18,86.36,90.59,1.45,1.7,,,87.96,77.82,2.5,LOW,72,0,3
DABUR.NS,SELL,414.2,downtrend,40.86,-4.34,422.47,424.15,465.44,8.84,2.13,,,431.89,369.99,2.5,NORMAL,74,0,3
LUPIN.NS,HOLD,2300.0,weak_trend,25.03,-10.16,2417.38,2369.77,2224.15,62.34,2.71,,,2206.5,2424.67,1.33,NORMAL,40,1,2
JSWENERGY.NS,HOLD,578.0,weak_trend,57.9,2.61,557.06,562.67,518.74,11.28,1.95,,,561.08,600.56,1.33,LOW,40,2,1
ICICIPRULI.NS,HOLD,501.05,weak_trend,52.31,2.99,508.66,496.22,574.76,9.54,1.9,,,486.74,520.13,1.33,LOW,40,0,3
PERSISTENT.NS,HOLD,5474.0,weak_trend,63.92,153.78,5312.17,5037.13,5449.17,178.38,3.26,,,5206.44,5830.75,1.33,NORMAL,40,2,1
BHARTIHEXA.NS,SELL,1507.0,downtrend,32.64,4.69,1594.72,1519.99,1606.01,46.61,3.09,,,1600.22,1273.95,2.5,NORMAL,78,0,3
NAUKRI.NS,HOLD,1282.0,weak_trend,63.68,43.61,1216.47,1101.48,1148.08,37.94,2.96,,,1225.09,1357.88,1.33,NORMAL,40,2,1
SRF.NS,SELL,2610.0,downtrend,18.43,-36.23,2705.74,2719.74,2750.8,66.79,2.56,,,2743.58,2276.05,2.5,NORMAL,85,0,3
BHEL.NS,HOLD,409.0,weak_trend,45.9,1.95,412.2,401.26,319.32,10.15,2.48,,,393.77,429.31,1.33,NORMAL,40,0,3
POWERINDIA.NS,HOLD,36050.0,weak_trend,71.11,8.89,32332.0,33524.1,26333.89,1178.21,3.27,,,34282.68,38406.43,1.33,NORMAL,40,2,1
NTPCGREEN.NS,HOLD,91.88,weak_trend,47.98,-1.18,92.32,94.96,96.52,2.27,2.47,,,88.48,96.41,1.33,NORMAL,40,0,3
NHPC.NS,SELL,77.2,downtrend,33.68,-0.29,78.99,77.87,78.04,1.69,2.19,,,80.58,68.75,2.5,NORMAL,78,0,3
POLICYBZR.NS,SELL,1630.0,downtrend,60.47,4.98,1585.76,1590.04,1649.21,42.59,2.61,,,1715.19,1417.04,2.5,NORMAL,64,1,2
SBICARD.NS,SELL,655.0,downtrend,54.81,11.1,648.86,621.01,730.67,14.89,2.27,,,684.79,580.54,2.5,NORMAL,67,2,1
ASHOKLEY.NS,HOLD,174.0,weak_trend,76.0,5.19,161.61,157.45,166.01,4.47,2.57,,,167.3,182.94,1.33,NORMAL,40,1,2
SUZLON.NS,SELL,47.5,downtrend,19.15,-1.85,50.24,53.8,51.21,1.55,3.26,,,50.6,39.76,2.5,NORMAL,85,0,3
ABCAPITAL.NS,HOLD,407.75,weak_trend,49.35,6.74,404.79,388.63,353.43,11.95,2.93,,,389.83,431.64,1.33,NORMAL,40,1,2
PAYTM.NS,HOLD,1584.1,weak_trend,86.19,67.22,1361.15,1227.75,1202.79,52.43,3.31,,,1505.46,1688.96,1.33,NORMAL,40,2,1
IOB.NS,HOLD,33.88,weak_trend,34.03,0.02,34.13,34.05,35.25,0.64,1.88,,,32.93,35.15,1.33,LOW,40,0,3
OFSS.NS,HOLD,11890.0,weak_trend,54.53,253.08,11430.7,10765.29,8502.21,470.71,3.96,,,11183.93,12831.43,1.33,NORMAL,40,2,1
GVT&D.NS,HOLD,4330.0,weak_trend,42.13,-93.21,4356.42,4684.51,3831.56,189.51,4.38,,,4045.74,4709.01,1.33,ELEVATED,40,1,2
RVNL.NS,SELL,230.68,downtrend,57.44,-0.86,227.04,232.58,288.12,5.2,2.26,,,241.09,204.66,2.5,NORMAL,66,1,2
PRESTIGE.NS,HOLD,1584.8,weak_trend,41.62,0.99,1646.31,1563.89,1513.82,54.66,3.45,,,1502.81,1694.11,1.33,NORMAL,40,0,3
LLOYDSME.NS,HOLD,2101.2,weak_trend,68.48,75.1,1963.65,1842.4,1482.39,64.7,3.08,,,2004.15,2230.6,1.33,NORMAL,40,2,1
UNOMINDA.NS,HOLD,1288.0,weak_trend,88.75,38.29,1183.8,1137.77,1168.83,30.76,2.39,,,1241.86,1349.51,1.33,NORMAL,40,1,2
FORTIS.NS,HOLD,945.15,weak_trend,40.85,-5.61,948.37,957.82,920.95,22.66,2.4,,,911.16,990.47,1.33,NORMAL,40,1,2
NYKAA.NS,HOLD,323.7,weak_trend,46.02,6.29,329.43,307.97,270.68,8.63,2.67,,,310.75,340.96,1.33,NORMAL,40,0,3
OIL.NS,HOLD,453.0,weak_trend,55.37,3.1,446.86,438.58,447.85,12.08,2.67,,,434.88,477.16,1.33,NORMAL,40,2,1
ATGL.NS,HOLD,660.1,weak_trend,32.67,-13.29,674.9,704.92,612.55,15.77,2.39,,,636.44,691.64,1.33,NORMAL,40,0,3
COROMANDEL.NS,SELL,2098.3,downtrend,57.76,24.86,2053.09,1993.07,2107.32,52.5,2.5,,,2203.3,1835.8,2.5,NORMAL,66,2,1
GICRE.NS,SELL,352.8,downtrend,28.74,-2.52,359.76,365.31,377.14,4.61,1.31,,,362.02,329.75,2.5,LOW,80,1,2
YESBANK.NS,HOLD,22.75,weak_trend,38.86,-0.24,23.04,23.6,21.87,0.33,1.46,,,22.25,23.42,1.33,LOW,40,0,3
VMM.NS,HOLD,108.6,weak_trend,36.19,-1.83,110.46,115.12,122.8,2.85,2.63,,,104.32,114.31,1.33,NORMAL,40,0,3
TORNTPOWER.NS,SELL,1342.9,downtrend,22.26,-22.57,1404.94,1411.44,1407.6,29.24,2.18,,,1401.37,1196.72,2.5,NORMAL,83,0,3
AUROPHARMA.NS,HOLD,1648.0,weak_trend,60.35,24.62,1570.39,1532.55,1328.44,44.36,2.69,,,1581.45,1736.73,1.33,NORMAL,40,2,1
NMDC.NS,BUY,85.48,uptrend,57.09,-0.08,84.41,86.35,81.77,1.68,1.96,83.77,87.19,82.12,93.88,2.5,LOW,73,3,0
ALKEM.NS,HOLD,5598.5,weak_trend,45.55,26.88,5641.93,5508.19,5517.38,121.72,2.17,,,5415.93,5841.93,1.33,NORMAL,40,0,3
BERGEPAINT.NS,HOLD,530.55,weak_trend,69.92,8.05,506.27,509.19,498.49,16.37,3.08,,,506.0,563.28,1.33,NORMAL,40,2,1
MRF.NS,HOLD,134190.0,weak_trend,54.64,891.55,132685.73,130127.9,139385.62,1880.71,1.4,,,131368.93,137951.43,1.33,LOW,40,0,3
PATANJALI.NS,SELL,355.0,downtrend,62.53,-10.71,352.05,392.3,484.03,9.37,2.64,,,373.74,308.14,2.5,NORMAL,63,1,2
GODREJPROP.NS,SELL,2108.4,downtrend,45.69,35.98,2090.4,1934.83,1877.14,70.69,3.35,,,2249.78,1754.96,2.5,NORMAL,72,1,2
HDBFS.NS,SELL,665.65,downtrend,8.78,-12.63,703.56,701.28,702.09,13.43,2.02,,,692.51,598.49,2.5,NORMAL,90,1,2
LTF.NS,HOLD,312.85,weak_trend,56.38,2.49,310.75,301.0,288.44,8.41,2.69,,,300.24,329.66,1.33,NORMAL,40,1,2
JSWINFRA.NS,HOLD,342.0,weak_trend,48.42,3.66,331.11,316.44,280.5,10.77,3.15,,,325.85,363.54,1.33,NORMAL,40,2,1
SCHAEFFLER.NS,HOLD,4035.2,weak_trend,39.46,-21.13,4115.07,4114.68,3980.67,109.01,2.7,,,3871.69,4253.21,1.33,NORMAL,40,0,3
INDUSINDBK.NS,SELL,1022.0,downtrend,47.18,13.0,1018.74,968.16,893.82,24.81,2.43,,,1071.62,897.95,2.5,NORMAL,71,1,2
JSL.NS,SELL,732.75,downtrend,46.21,6.35,732.02,709.22,752.11,16.16,2.21,,,765.06,651.96,2.5,NORMAL,71,0,3
AUBANK.NS,HOLD,1067.0,weak_trend,66.56,10.6,1034.77,1025.04,977.71,29.55,2.77,,,1022.68,1126.1,1.33,NORMAL,40,2,1
COLPAL.NS,SELL,2030.0,downtrend,37.7,-1.31,2068.07,2043.26,2076.77,55.85,2.75,,,2141.7,1750.75,2.5,NORMAL,76,0,3
OBEROIRLTY.NS,HOLD,1775.0,weak_trend,32.49,-3.72,1843.32,1776.31,1656.36,39.91,2.25,,,1715.14,1854.82,1.33,NORMAL,40,0,3
BHARATFORG.NS,HOLD,2093.1,weak_trend,37.02,23.48,2174.5,2099.25,1737.56,58.59,2.8,,,2005.21,2210.29,1.33,NORMAL,40,1,2
FACT.NS,SELL,834.7,downtrend,50.61,-6.85,830.72,864.9,851.66,17.4,2.08,,,869.49,747.72,2.5,NORMAL,69,1,2
COFORGE.NS,HOLD,1810.0,weak_trend,81.11,87.08,1622.9,1519.7,1506.06,59.23,3.27,,,1721.16,1928.46,1.33,NORMAL,40,1,2
PHOENIXLTD.NS,HOLD,1935.0,weak_trend,31.46,-19.27,2000.34,1938.85,1785.89,51.13,2.64,,,1858.31,2037.26,1.33,NORMAL,40,0,3
BANKINDIA.NS,HOLD,141.0,weak_trend,37.94,-0.27,141.7,142.59,144.12,3.31,2.34,,,136.04,147.61,1.33,NORMAL,40,0,3
TIINDIA.NS,HOLD,2815.0,weak_trend,42.57,-58.84,2824.14,2984.41,2784.58,87.98,3.13,,,2683.02,2990.97,1.33,NORMAL,40,0,3
IRCTC.NS,SELL,522.25,downtrend,65.58,2.51,502.52,508.93,584.63,9.62,1.84,,,541.49,474.14,2.5,LOW,62,2,1
BDL.NS,SELL,1310.0,downtrend,58.61,-5.59,1264.55,1288.18,1362.87,31.15,2.38,,,1372.3,1154.25,2.5,NORMAL,65,1,2
UPL.NS,SELL,567.0,downtrend,28.26,-6.46,598.7,598.83,668.45,13.36,2.36,,,593.71,500.21,2.5,NORMAL,80,0,3
IDFCFIRSTB.NS,HOLD,85.1,weak_trend,65.75,1.84,82.82,79.38,76.48,1.96,2.3,,,82.16,89.01,1.33,NORMAL,40,1,2
PIIND.NS,SELL,2774.6,downtrend,68.7,27.86,2699.93,2704.96,3050.8,58.63,2.11,,,2891.86,2481.45,2.5,NORMAL,60,1,2
MOTILALOFS.NS,HOLD,870.0,weak_trend,24.61,-18.43,907.75,912.95,850.02,27.14,3.12,,,829.29,924.28,1.33,NORMAL,40,0,3
GLENMARK.NS,HOLD,2251.3,weak_trend,51.28,7.2,2239.22,2211.75,2111.94,59.06,2.62,,,2162.7,2369.43,1.33,NORMAL,40,2,1
MFSL.NS,HOLD,1497.4,weak_trend,37.31,-23.18,1536.99,1581.59,1643.62,33.13,2.21,,,1447.71,1563.66,1.33,NORMAL,40,0,3
SAIL.NS,BUY,172.45,uptrend,61.9,0.83,167.31,173.51,160.4,5.95,3.45,169.0,175.9,160.56,202.18,2.5,NORMAL,75,3,0
FEDERALBNK.NS,HOLD,358.35,weak_trend,52.11,8.07,352.2,332.85,286.6,6.68,1.86,,,348.34,371.7,1.33,LOW,40,1,2
NAM-INDIA.NS,HOLD,1174.0,weak_trend,51.36,7.72,1167.8,1152.93,969.11,32.79,2.79,,,1124.82,1239.57,1.33,NORMAL,40,2,1
MPHASIS.NS,HOLD,2508.0,weak_trend,58.64,51.15,2375.79,2292.71,2424.83,95.34,3.8,,,2364.99,2698.69,1.33,NORMAL,40,2,1
KALYANKJIL.NS,HOLD,600.25,weak_trend,55.09,40.2,586.16,462.79,441.88,27.21,4.53,,,559.43,654.67,1.33,ELEVATED,40,1,2
LINDEINDIA.NS,HOLD,7048.0,weak_trend,52.06,4.2,6925.56,7009.52,6638.71,178.82,2.54,,,6779.76,7405.65,1.33,NORMAL,40,2,1
SUNDARMFIN.NS,SELL,4568.5,downtrend,56.05,45.06,4533.17,4463.91,4776.78,136.88,3.0,,,4842.26,3884.11,2.5,NORMAL,66,1,2
SUPREMEIND.NS,SELL,3495.0,downtrend,57.3,22.86,3452.5,3423.55,3570.92,98.29,2.81,,,3691.59,3003.54,2.5,NORMAL,66,1,2
BIOCON.NS,HOLD,426.1,weak_trend,36.32,1.49,432.38,421.96,393.05,9.3,2.18,,,412.16,444.69,1.33,NORMAL,40,0,3
TATACOMM.NS,HOLD,1739.4,weak_trend,38.18,-33.89,1784.35,1875.87,1721.36,58.31,3.35,,,1651.93,1856.03,1.33,NORMAL,40,0,3
LAURUSLABS.NS,HOLD,1854.0,weak_trend,86.2,95.16,1698.88,1549.55,1187.95,43.82,2.36,,,1788.27,1941.64,1.33,NORMAL,40,1,2
AIIL.NS,BUY,596.6,uptrend,66.37,15.72,548.22,524.15,522.14,23.4,3.92,584.67,608.53,549.79,713.62,2.5,NORMAL,78,3,0
GODFRYPHLP.NS,SELL,2256.0,downtrend,59.94,34.05,2131.72,2158.25,2306.11,91.18,4.04,,,2438.36,1800.1,2.5,ELEVATED,65,1,2
JKCEMENT.NS,SELL,5379.5,downtrend,46.64,14.34,5525.75,5354.88,5515.02,147.32,2.74,,,5674.14,4642.89,2.5,NORMAL,71,0,3
UBL.NS,HOLD,1400.3,weak_trend,62.88,18.14,1389.15,1351.54,1514.11,40.48,2.89,,,1339.58,1481.26,1.33,NORMAL,40,0,3
APLAPOLLO.NS,HOLD,2020.0,weak_trend,73.85,40.42,1866.93,1834.0,1911.64,53.99,2.67,,,1939.01,2127.99,1.33,NORMAL,40,1,2
PAGEIND.NS,HOLD,38660.0,weak_trend,38.01,-156.55,40152.75,40069.5,36826.57,843.21,2.18,,,37395.18,40346.43,1.33,NORMAL,40,1,2
GLAXO.NS,HOLD,2599.7,weak_trend,62.64,58.95,2550.75,2396.72,2405.07,78.31,3.01,,,2482.24,2756.31,1.33,NORMAL,40,1,2
BALKRISIND.NS,HOLD,2466.3,weak_trend,84.67,86.15,2205.09,2187.93,2279.68,97.27,3.94,,,2320.39,2660.85,1.33,NORMAL,40,1,2
ITCHOTELS.NS,SELL,168.87,downtrend,57.12,-0.77,167.59,167.99,176.35,3.82,2.26,,,176.52,149.76,2.5,NORMAL,66,1,2
COCHINSHIP.NS,SELL,1502.0,downtrend,66.67,10.33,1420.1,1440.25,1535.47,34.04,2.27,,,1570.07,1331.82,2.5,NORMAL,61,1,2
PREMIERENE.NS,HOLD,1044.1,weak_trend,49.05,-4.84,1045.55,1055.22,937.95,29.86,2.86,,,999.31,1103.81,1.33,NORMAL,40,0,3
HEXT.NS,HOLD,570.3,weak_trend,52.5,8.25,565.09,538.13,577.93,25.66,4.5,,,531.8,621.63,1.33,ELEVATED,40,0,3
LTTS.NS,HOLD,3598.7,weak_trend,71.17,68.78,3468.51,3359.84,3697.26,101.24,2.81,,,3446.85,3801.17,1.33,NORMAL,40,0,3
VOLTAS.NS,SELL,1285.0,downtrend,30.39,-4.24,1329.15,1307.62,1364.81,34.34,2.67,,,1353.67,1113.32,2.5,NORMAL,79,1,2
HUDCO.NS,SELL,199.61,downtrend,50.84,-1.04,199.36,203.75,204.04,5.33,2.67,,,210.28,172.94,2.5,NORMAL,69,1,2
360ONE.NS,HOLD,1175.6,weak_trend,61.77,19.08,1132.14,1112.79,1101.55,33.3,2.83,,,1125.65,1242.2,1.33,NORMAL,40,2,1
MAHABANK.NS,HOLD,78.88,weak_trend,38.64,-1.33,79.63,83.41,69.77,1.79,2.27,,,76.19,82.46,1.33,NORMAL,40,0,3
PGHH.NS,SELL,8497.0,downtrend,40.46,-135.55,8747.5,8942.02,10823.05,184.71,2.17,,,8866.43,7573.43,2.5,NORMAL,74,0,3
PETRONET.NS,HOLD,280.0,weak_trend,53.64,0.98,277.76,277.48,276.22,6.24,2.23,,,270.65,292.47,1.33,NORMAL,40,2,1
IREDA.NS,HOLD,120.0,weak_trend,45.43,-1.09,120.73,123.46,129.98,2.41,2.0,,,116.39,124.81,1.33,NORMAL,40,0,3
ANTHEM.NS,HOLD,853.0,weak_trend,70.42,18.8,794.95,777.87,707.25,26.78,3.14,,,812.83,906.56,1.33,NORMAL,40,2,1
CONCOR.NS,HOLD,505.2,weak_trend,54.2,10.58,500.79,478.04,493.91,13.19,2.61,,,485.42,531.58,1.33,NORMAL,40,2,1
M&MFIN.NS,HOLD,412.3,weak_trend,70.13,22.77,369.71,328.26,330.9,18.04,4.37,,,385.25,448.37,1.33,ELEVATED,40,1,2
NATIONALUM.NS,HOLD,382.7,weak_trend,81.24,5.93,356.34,362.14,348.15,9.35,2.44,,,368.68,401.39,1.33,NORMAL,40,1,2
DALBHARAT.NS,SELL,1827.4,downtrend,45.77,16.75,1822.64,1756.46,1933.03,47.69,2.61,,,1922.77,1588.97,2.5,NORMAL,72,0,3
JUBLFOOD.NS,HOLD,495.0,weak_trend,76.01,15.08,441.88,431.91,495.61,13.99,2.83,,,474.01,522.99,1.33,NORMAL,40,1,2
ESCORTS.NS,SELL,3080.0,downtrend,63.37,48.84,2998.21,2901.54,3267.15,61.22,1.99,,,3202.44,2773.89,2.5,LOW,63,1,2
RADICO.NS,HOLD,4550.0,weak_trend,76.78,163.89,4264.8,3953.86,3288.68,124.77,2.74,,,4362.85,4799.53,1.33,NORMAL,40,1,2
KAYNES.NS,HOLD,3735.1,weak_trend,71.69,146.96,3509.66,3328.59,4041.94,149.35,4.0,,,3511.08,4033.8,1.33,NORMAL,40,1,2
FLUOROCHEM.NS,HOLD,4518.1,weak_trend,58.7,149.24,4397.19,4029.8,3598.43,160.85,3.56,,,4276.83,4839.8,1.33,NORMAL,40,1,2
ENDURANCE.NS,HOLD,2904.5,weak_trend,65.53,57.03,2756.95,2673.33,2572.71,87.59,3.02,,,2773.11,3079.69,1.33,NORMAL,40,2,1
KEI.NS,HOLD,5659.8,weak_trend,82.13,104.36,5107.88,5233.86,4653.9,146.44,2.59,,,5440.15,5952.67,1.33,NORMAL,40,1,2
ASTRAL.NS,SELL,1444.0,downtrend,62.26,4.82,1423.29,1451.82,1504.67,33.64,2.33,,,1511.27,1275.82,2.5,NORMAL,63,1,2
THERMAX.NS,HOLD,4059.9,weak_trend,24.15,-173.65,4412.77,4639.02,3649.52,203.44,5.01,,,3754.75,4466.77,1.33,ELEVATED,40,0,3
UCOBANK.NS,SELL,26.12,downtrend,40.66,-0.03,26.33,26.4,27.44,0.54,2.05,,,27.19,23.44,2.5,NORMAL,74,0,3
BLUESTARCO.NS,SELL,1514.0,downtrend,25.65,-10.38,1673.29,1632.68,1749.39,58.06,3.84,,,1630.13,1223.68,2.5,NORMAL,82,1,2
NH.NS,HOLD,1885.1,weak_trend,32.91,-13.82,1994.18,1957.23,1852.22,49.69,2.64,,,1810.56,1984.49,1.33,NORMAL,40,0,3
TATAINVEST.NS,HOLD,687.9,weak_trend,62.74,3.89,665.27,668.35,680.23,17.41,2.53,,,661.78,722.73,1.33,NORMAL,40,2,1
GODREJIND.NS,HOLD,1311.5,weak_trend,37.33,23.72,1334.78,1210.07,1055.28,39.48,3.01,,,1252.28,1390.46,1.33,NORMAL,40,0,3
POONAWALLA.NS,HOLD,476.7,weak_trend,56.19,8.39,472.26,443.9,441.92,15.21,3.19,,,453.88,507.12,1.33,NORMAL,40,1,2
CRISIL.NS,HOLD,4635.4,weak_trend,66.58,118.35,4383.61,4154.88,4302.83,141.09,3.04,,,4423.76,4917.59,1.33,NORMAL,40,2,1
KPRMILL.NS,HOLD,1076.7,weak_trend,42.54,-9.63,1080.1,1098.74,977.05,31.95,2.97,,,1028.77,1140.6,1.33,NORMAL,40,0,3
CHOLAHLDNG.NS,SELL,1628.0,downtrend,62.79,0.1,1560.39,1569.77,1683.97,45.03,2.77,,,1718.06,1402.84,2.5,NORMAL,63,1,2
3MINDIA.NS,HOLD,36035.0,weak_trend,58.29,539.99,35440.97,33757.51,33376.16,863.57,2.4,,,34739.64,37762.14,1.33,NORMAL,40,1,2
IPCALAB.NS,HOLD,1685.8,weak_trend,33.0,-1.77,1777.32,1698.8,1524.08,54.89,3.26,,,1603.47,1795.57,1.33,NORMAL,40,0,3
APARINDS.NS,HOLD,16448.0,weak_trend,75.4,475.86,14447.35,14708.34,11053.45,719.21,4.37,,,15369.18,17886.43,1.33,ELEVATED,40,1,2
SJVN.NS,HOLD,67.96,weak_trend,41.83,-0.79,68.88,71.04,74.35,1.23,1.8,,,66.12,70.41,1.33,LOW,40,0,3
MEDANTA.NS,HOLD,1476.2,weak_trend,73.55,38.63,1390.75,1324.67,1199.52,46.81,3.17,,,1405.99,1569.81,1.33,NORMAL,40,1,2
ACC.NS,HOLD,1362.8,weak_trend,46.12,4.48,1369.02,1354.67,1543.02,31.75,2.33,,,1315.18,1426.3,1.33,NORMAL,40,0,3
TATAELXSI.NS,HOLD,3808.0,weak_trend,76.89,-1.74,3614.13,3831.73,4534.64,91.64,2.41,,,3670.55,3991.27,1.33,NORMAL,40,0,3
NLCINDIA.NS,HOLD,285.35,weak_trend,41.51,-3.48,297.24,310.91,280.5,8.36,2.93,,,272.8,302.08,1.33,NORMAL,40,1,2
AWL.NS,SELL,196.13,downtrend,54.14,1.92,190.58,188.41,209.47,4.82,2.46,,,205.78,172.02,2.5,NORMAL,67,1,2
CENTRALBK.NS,HOLD,31.02,weak_trend,36.63,-0.25,31.48,31.74,34.93,0.45,1.46,,,30.34,31.93,1.33,LOW,40,0,3
KPITTECH.NS,SELL,629.9,downtrend,67.26,-1.91,586.8,654.41,881.08,24.81,3.94,,,679.53,505.83,2.5,NORMAL,61,1,2
CDSL.NS,SELL,1332.5,downtrend,39.01,-0.52,1353.93,1315.0,1353.6,26.27,1.97,,,1385.04,1201.14,2.5,LOW,75,0,3
DELHIVERY.NS,SELL,478.35,downtrend,47.0,-2.83,478.32,474.07,443.02,14.73,3.08,,,507.81,404.69,2.5,NORMAL,71,2,1
ASTERDM.NS,BUY,869.7,uptrend,69.63,15.34,817.92,794.15,688.27,27.37,3.15,852.31,887.09,814.96,1006.56,2.5,NORMAL,79,3,0
EXIDEIND.NS,HOLD,485.4,weak_trend,67.12,18.34,445.71,416.48,363.94,18.42,3.8,,,457.76,522.25,1.33,NORMAL,40,2,1
GODIGIT.NS,HOLD,272.25,weak_trend,45.3,-9.01,273.71,293.87,323.06,11.37,4.18,,,255.19,295.0,1.33,ELEVATED,40,0,3
HONAUT.NS,HOLD,37900.0,weak_trend,47.98,177.92,38381.67,37636.96,33742.04,1008.93,2.66,,,36386.61,39917.86,1.33,NORMAL,40,0,3
AJANTPHARM.NS,SELL,3506.2,downtrend,46.78,57.98,3425.82,3259.37,2888.71,96.15,2.74,,,3698.49,3025.47,2.5,NORMAL,71,1,2
METROBRAND.NS,SELL,972.5,downtrend,20.79,-11.29,1034.86,1029.71,1057.61,26.49,2.72,,,1025.47,840.07,2.5,NORMAL,84,1,2
AIAENG.NS,HOLD,4776.0,weak_trend,58.53,12.75,4672.16,4670.33,4020.12,134.14,2.81,,,4574.79,5044.29,1.33,NORMAL,40,2,1
COHANCE.NS,SELL,447.0,downtrend,50.88,-0.11,433.88,436.06,450.97,14.81,3.31,,,476.63,372.93,2.5,NORMAL,69,2,1
LICHSGFIN.NS,SELL,500.0,downtrend,25.77,-11.34,533.8,542.5,538.38,11.25,2.25,,,522.49,443.77,2.5,NORMAL,82,0,3
GILLETTE.NS,SELL,7651.5,downtrend,37.59,-32.3,7777.93,7754.52,8024.54,155.43,2.03,,,7962.36,6874.36,2.5,NORMAL,76,0,3
GLAND.NS,BUY,2647.3,uptrend,66.32,60.98,2484.87,2382.79,1939.08,75.06,2.84,2594.35,2700.25,2497.18,3022.61,2.5,NORMAL,78,3,0
APOLLOTYRE.NS,SELL,445.95,downtrend,68.82,5.13,431.16,423.53,453.96,9.98,2.24,,,465.91,396.06,2.5,NORMAL,60,1,2
NIACL.NS,HOLD,179.56,weak_trend,51.38,0.62,174.27,172.91,160.06,6.31,3.51,,,170.1,192.17,1.33,NORMAL,40,2,1
NBCC.NS,HOLD,94.85,weak_trend,42.08,-1.39,95.62,101.03,101.12,1.75,1.85,,,92.22,98.35,1.33,LOW,40,0,3
ITI.NS,SELL,282.4,downtrend,50.65,-2.79,281.28,292.16,293.85,6.07,2.15,,,294.54,252.06,2.5,NORMAL,69,1,2
HINDCOPPER.NS,BUY,526.25,uptrend,63.13,7.2,496.62,502.8,494.3,17.57,3.34,515.73,536.77,491.11,614.09,2.5,NORMAL,76,3,0
GRSE.NS,HOLD,2586.9,weak_trend,46.28,-24.33,2590.65,2655.72,2571.55,66.16,2.56,,,2487.66,2719.21,1.33,NORMAL,40,0,3
MSUMI.NS,HOLD,41.04,weak_trend,56.16,0.41,40.54,39.33,41.82,1.25,3.04,,,39.17,43.54,1.33,NORMAL,40,0,3
IGL.NS,HOLD,152.15,weak_trend,45.95,-1.17,152.48,158.32,171.21,2.68,1.76,,,148.13,157.51,1.33,LOW,40,0,3
SONACOMS.NS,HOLD,812.5,weak_trend,71.98,41.12,741.62,669.67,554.42,26.35,3.24,,,772.97,865.21,1.33,NORMAL,40,1,2
AEGISVOPAK.NS,HOLD,276.55,weak_trend,43.15,7.55,288.09,255.82,231.51,14.17,5.13,,,255.29,304.9,1.33,ELEVATED,40,0,3
KIMS.NS,BUY,811.1,uptrend,61.34,2.82,800.56,796.87,705.29,20.5,2.53,794.88,827.32,770.11,913.58,2.5,NORMAL,75,3,0
TATATECH.NS,HOLD,879.15,weak_trend,80.94,27.78,758.18,743.74,650.36,29.61,3.37,,,834.73,938.38,1.33,NORMAL,40,2,1
IKS.NS,HOLD,1728.8,weak_trend,34.26,-4.19,1828.7,1772.75,1626.96,64.59,3.74,,,1631.91,1857.99,1.33,NORMAL,40,1,2
STARHEALTH.NS,HOLD,574.95,weak_trend,43.63,1.03,587.98,571.89,501.45,17.44,3.03,,,548.8,609.82,1.33,NORMAL,40,1,2
JBCHEPHARM.NS,HOLD,2408.9,weak_trend,58.64,48.01,2393.08,2269.24,1979.33,39.89,1.66,,,2349.07,2488.67,1.33,LOW,40,1,2
TVSHLTD.NS,HOLD,14848.0,weak_trend,69.96,254.81,14544.05,13984.16,14269.49,426.79,2.87,,,14207.82,15701.57,1.33,NORMAL,40,1,2
IRB.NS,HOLD,19.52,weak_trend,42.62,-0.2,19.86,20.52,20.95,0.41,2.1,,,18.91,20.34,1.33,NORMAL,40,0,3
SUMICHEM.NS,BUY,561.25,uptrend,56.87,11.81,527.82,488.09,451.85,21.24,3.78,550.02,572.48,518.76,667.46,2.5,NORMAL,73,3,0
AFFLE.NS,HOLD,1594.5,weak_trend,55.43,44.7,1573.42,1509.47,1562.62,69.56,4.36,,,1490.16,1733.61,1.33,ELEVATED,40,2,1
AEGISLOG.NS,HOLD,1333.7,weak_trend,52.12,50.75,1328.93,1164.8,819.86,74.6,5.59,,,1221.8,1482.9,1.33,ELEVATED,40,1,2
NAVINFLUOR.NS,HOLD,8196.5,weak_trend,55.57,157.39,7742.1,7531.01,6522.66,282.96,3.45,,,7772.05,8762.43,1.33,NORMAL,40,2,1
SYNGENE.NS,HOLD,402.6,weak_trend,44.6,-6.95,408.59,425.82,499.62,14.13,3.51,,,381.4,430.86,1.33,NORMAL,40,0,3
BANDHANBNK.NS,SELL,172.62,downtrend,22.9,-7.84,183.86,197.08,172.85,7.25,4.2,,,187.13,136.35,2.5,ELEVATED,83,1,2
EMCURE.NS,HOLD,1978.4,weak_trend,65.62,42.35,1890.93,1825.46,1584.64,57.52,2.91,,,1892.12,2093.44,1.33,NORMAL,40,2,1
LALPATHLAB.NS,HOLD,1931.6,weak_trend,84.8,69.13,1796.35,1692.35,1513.6,66.47,3.44,,,1831.89,2064.55,1.33,NORMAL,40,1,2
AMBER.NS,SELL,7095.0,downtrend,30.2,-85.89,7506.4,7591.57,7272.4,194.64,2.74,,,7484.29,6121.79,2.5,NORMAL,79,1,2
PPLPHARMA.NS,HOLD,213.61,weak_trend,81.01,9.82,190.71,176.96,170.37,8.1,3.79,,,201.46,229.82,1.33,NORMAL,40,1,2
ZFCVINDIA.NS,HOLD,2637.2,weak_trend,77.98,38.3,2410.03,2449.44,2394.37,83.52,3.17,,,2511.92,2804.24,1.33,NORMAL,40,1,2
NUVAMA.NS,HOLD,1635.6,weak_trend,24.85,-37.81,1817.02,1761.36,1466.08,81.36,4.97,,,1513.55,1798.33,1.33,ELEVATED,40,1,2
MRPL.NS,SELL,162.96,downtrend,35.69,2.09,168.24,160.38,164.43,6.88,4.22,,,176.73,128.55,2.5,ELEVATED,77,0,3
RAMCOCEM.NS,SELL,933.8,downtrend,52.95,4.44,925.04,909.05,994.26,22.15,2.37,,,978.1,823.05,2.5,NORMAL,68,2,1
SHYAMMETL.NS,HOLD,1003.1,weak_trend,30.39,8.2,1026.66,988.47,878.03,25.87,2.58,,,964.3,1054.83,1.33,NORMAL,40,0,3
FSL.NS,HOLD,279.7,weak_trend,54.32,12.69,281.64,261.17,276.52,18.01,6.44,,,252.69,315.71,1.33,ELEVATED,40,0,3
EMAMILTD.NS,HOLD,412.55,weak_trend,53.92,-1.24,408.62,404.67,458.51,12.05,2.92,,,394.47,436.65,1.33,NORMAL,40,1,2
DEEPAKNTR.NS,BUY,1796.5,uptrend,66.45,27.82,1691.5,1651.52,1624.57,53.48,2.98,1760.57,1832.43,1689.53,2063.92,2.5,NORMAL,78,3,0
INOXWIND.NS,HOLD,73.5,weak_trend,35.73,-2.09,77.73,83.38,103.83,2.57,3.5,,,69.64,78.65,1.33,NORMAL,40,1,2
EIHOTEL.NS,SELL,306.55,downtrend,29.68,-0.68,329.48,318.64,334.8,8.86,2.89,,,324.27,262.25,2.5,NORMAL,80,1,2
WOCKPHARMA.NS,HOLD,2021.0,weak_trend,62.92,31.92,1917.06,1935.16,1525.55,57.39,2.84,,,1934.92,2135.77,1.33,NORMAL,40,2,1
PTCIL.NS,HOLD,19076.0,weak_trend,72.35,207.78,17915.05,17930.28,17447.94,459.36,2.41,,,18386.96,19994.71,1.33,NORMAL,40,2,1
PFIZER.NS,HOLD,4880.6,weak_trend,79.1,99.29,4720.53,4552.72,4748.32,101.37,2.08,,,4728.54,5083.34,1.33,NORMAL,40,1,2
ANANDRATHI.NS,HOLD,2101.5,weak_trend,54.08,23.17,2065.94,1958.17,1676.36,44.41,2.11,,,2034.88,2190.33,1.33,NORMAL,40,1,2
KIOCL.NS,HOLD,393.1,weak_trend,62.02,2.47,372.32,385.21,372.64,15.89,4.04,,,369.27,424.87,1.33,ELEVATED,40,2,1
MANAPPURAM.NS,HOLD,369.3,weak_trend,66.03,10.29,353.42,332.7,299.22,10.71,2.9,,,353.23,390.73,1.33,NORMAL,40,1,2
PNBHOUSING.NS,HOLD,1149.3,weak_trend,62.3,20.61,1085.67,1047.59,941.38,37.79,3.29,,,1092.62,1224.88,1.33,NORMAL,40,2,1
BRIGADE.NS,BUY,607.7,uptrend,63.88,14.59,562.31,534.5,581.89,17.29,2.85,595.55,619.85,573.11,694.17,2.5,NORMAL,76,3,0
ABSLAMC.NS,HOLD,1025.3,weak_trend,37.41,-20.89,1041.49,1073.82,908.69,34.89,3.4,,,972.96,1095.09,1.33,NORMAL,40,0,3
TIMKEN.NS,HOLD,3351.0,weak_trend,75.49,-18.36,3162.22,3377.18,3265.22,84.72,2.53,,,3223.91,3520.45,1.33,NORMAL,40,1,2
HSCL.NS,SELL,772.05,downtrend,41.93,19.8,754.06,700.75,541.33,29.5,3.82,,,831.04,624.57,2.5,NORMAL,74,1,2
FORCEMOT.NS,SELL,18300.0,downtrend,60.35,43.71,17954.65,18107.16,19537.6,563.71,3.08,,,19427.43,15481.43,2.5,NORMAL,64,1,2
WELCORP.NS,HOLD,1848.5,weak_trend,79.02,79.18,1684.43,1542.2,1076.7,52.14,2.82,,,1770.29,1952.79,1.33,NORMAL,40,1,2
ANGELONE.NS,HOLD,294.8,weak_trend,26.31,-10.0,309.63,327.35,280.35,8.42,2.86,,,282.17,311.64,1.33,NORMAL,40,0,3
TATACHEM.NS,SELL,668.9,downtrend,39.28,-11.57,682.28,705.16,729.15,15.76,2.36,,,700.42,590.1,2.5,NORMAL,75,0,3
ASAHIINDIA.NS,SELL,898.7,downtrend,52.73,5.73,894.12,884.81,913.02,22.08,2.46,,,942.86,788.29,2.5,NORMAL,68,1,2
ASTRAZEN.NS,SELL,8090.0,downtrend,51.26,-18.82,8085.73,8227.39,8561.03,205.61,2.54,,,8501.21,7061.97,2.5,NORMAL,69,2,1
ERIS.NS,SELL,1382.4,downtrend,34.34,-14.07,1416.19,1414.6,1436.85,38.74,2.8,,,1459.87,1188.72,2.5,NORMAL,77,0,3
CESC.NS,HOLD,163.94,weak_trend,43.53,-1.08,163.91,167.87,166.92,3.09,1.88,,,159.31,170.12,1.33,LOW,40,1,2
HBLENGINE.NS,HOLD,694.55,weak_trend,40.7,-13.86,722.74,765.77,796.69,21.48,3.09,,,662.33,737.51,1.33,NORMAL,40,1,2
SUNTV.NS,SELL,486.65,downtrend,47.46,-3.69,496.31,506.42,552.1,11.14,2.29,,,508.92,430.97,2.5,NORMAL,71,0,3
KARURVYSYA.NS,HOLD,335.55,weak_trend,75.89,10.79,328.14,305.04,283.44,10.49,3.13,,,319.81,356.53,1.33,NORMAL,40,1,2
SAGILITY.NS,SELL,43.64,downtrend,58.48,0.78,42.74,41.22,44.94,1.66,3.81,,,46.97,35.32,2.5,NORMAL,65,1,2
JYOTICNC.NS,SELL,784.3,downtrend,45.77,21.01,810.26,749.6,820.65,33.85,4.32,,,852.0,615.05,2.5,ELEVATED,72,1,2
KEC.NS,HOLD,475.85,weak_trend,43.81,-6.72,474.95,493.09,595.34,10.76,2.26,,,459.71,497.37,1.33,NORMAL,40,0,3
AADHARHFC.NS,HOLD,506.4,weak_trend,47.82,-1.9,506.81,502.56,486.66,13.62,2.69,,,485.97,533.64,1.33,NORMAL,40,0,3
IIFL.NS,HOLD,611.75,weak_trend,75.34,22.48,580.67,541.42,523.45,19.46,3.18,,,582.56,650.67,1.33,NORMAL,40,1,2
REDINGTON.NS,HOLD,353.2,weak_trend,87.15,23.56,301.15,275.36,253.78,17.17,4.86,,,327.44,387.54,1.33,ELEVATED,40,1,2
HATSUN.NS,SELL,941.1,downtrend,53.11,0.41,904.26,908.46,942.02,25.44,2.7,,,991.98,813.9,2.5,NORMAL,68,2,1
CREDITACC.NS,HOLD,1523.6,weak_trend,53.5,22.25,1534.11,1459.85,1336.59,54.37,3.57,,,1442.04,1632.34,1.33,NORMAL,40,0,3
URBANCO.NS,HOLD,143.74,weak_trend,66.13,2.91,134.51,131.24,129.83,5.54,3.85,,,135.44,154.81,1.33,NORMAL,40,2,1
JSWHL.NS,HOLD,12025.0,weak_trend,70.24,66.87,11333.15,11878.6,15291.2,376.79,3.13,,,11459.82,12778.57,1.33,NORMAL,40,0,3
PSB.NS,SELL,23.67,downtrend,34.68,-0.12,23.96,23.99,25.68,0.53,2.22,,,24.72,21.04,2.5,NORMAL,77,0,3
ONESOURCE.NS,SELL,1575.4,downtrend,40.5,-24.68,1637.32,1649.39,1610.25,66.24,4.2,,,1707.89,1244.19,2.5,ELEVATED,74,0,3
KPIL.NS,HOLD,1317.2,weak_trend,48.53,-9.8,1302.44,1322.89,1212.01,33.44,2.54,,,1267.04,1384.09,1.33,NORMAL,40,1,2
ATHERENERG.NS,HOLD,1466.2,weak_trend,70.24,84.59,1305.08,1157.46,849.89,63.73,4.35,,,1370.61,1593.66,1.33,ELEVATED,40,1,2
SUNDRMFAST.NS,HOLD,1090.55,weak_trend,84.86,34.69,979.26,922.27,898.33,26.94,2.47,,,1050.14,1144.44,1.33,NORMAL,40,2,1
ABREL.NS,SELL,1393.2,downtrend,40.01,7.58,1413.01,1351.43,1439.06,43.34,3.11,,,1479.87,1176.52,2.5,NORMAL,74,0,3
OLAELEC.NS,HOLD,39.3,weak_trend,52.67,-0.19,38.93,41.48,36.87,1.54,3.93,,,36.99,42.39,1.33,NORMAL,40,2,1
CHALET.NS,HOLD,859.7,weak_trend,51.05,6.96,840.15,811.77,829.13,25.68,2.99,,,821.19,911.05,1.33,NORMAL,40,2,1
CHAMBLFERT.NS,SELL,445.55,downtrend,58.16,-1.59,441.27,454.86,446.61,9.87,2.22,,,465.29,396.2,2.5,NORMAL,65,1,2
ANANTRAJ.NS,HOLD,604.25,weak_trend,48.61,16.53,604.83,565.68,541.68,20.57,3.4,,,573.39,645.39,1.33,NORMAL,40,0,3
ECLERX.NS,SELL,1763.3,downtrend,37.45,63.51,1862.62,1605.86,1845.94,96.44,5.47,,,1956.17,1281.12,2.5,ELEVATED,76,0,3
CASTROLIND.NS,HOLD,187.18,weak_trend,76.16,1.95,180.42,179.18,177.48,2.49,1.33,,,183.45,192.16,1.33,LOW,40,2,1
SCHNEIDER.NS,BUY,1424.9,uptrend,60.37,4.84,1340.19,1319.82,998.59,52.14,3.66,1396.4,1453.4,1320.61,1685.61,2.5,NORMAL,75,3,0
POLYMED.NS,BUY,1772.4,uptrend,60.45,26.07,1694.06,1619.31,1603.17,56.11,3.17,1736.95,1807.85,1660.17,2052.97,2.5,NORMAL,75,3,0
DCMSHRIRAM.NS,SELL,1016.8,downtrend,46.19,-4.17,1024.62,1027.64,1127.88,36.77,3.62,,,1090.34,832.96,2.5,NORMAL,71,0,3
BASF.NS,HOLD,4091.0,weak_trend,70.21,114.31,3755.72,3587.64,3728.73,140.79,3.44,,,3879.81,4372.58,1.33,NORMAL,40,1,2
KANSAINER.NS,BUY,215.65,uptrend,61.19,1.43,202.12,206.46,212.1,7.27,3.37,211.34,219.96,201.1,252.02,2.5,NORMAL,75,3,0
DEVYANI.NS,HOLD,133.56,weak_trend,76.54,4.22,116.7,114.47,123.87,5.89,4.41,,,124.73,145.33,1.33,ELEVATED,40,1,2
NEULANDLAB.NS,HOLD,22216.0,weak_trend,71.19,861.6,19481.66,18487.24,15813.42,891.95,4.01,,,20878.07,23999.91,1.33,ELEVATED,40,1,2
CROMPTON.NS,HOLD,247.55,weak_trend,44.35,-1.36,256.79,261.64,258.67,8.68,3.5,,,234.54,264.9,1.33,NORMAL,40,0,3
EIDPARRY.NS,SELL,791.25,downtrend,57.76,13.78,777.3,749.96,875.41,20.76,2.62,,,832.76,687.46,2.5,NORMAL,66,2,1
CAMS.NS,HOLD,787.5,weak_trend,56.57,6.37,780.8,778.76,743.22,21.18,2.69,,,755.74,829.85,1.33,NORMAL,40,2,1
KFINTECH.NS,HOLD,928.5,weak_trend,58.75,17.88,915.18,880.77,955.16,27.56,2.97,,,887.16,983.61,1.33,NORMAL,40,0,3
RPOWER.NS,HOLD,23.96,weak_trend,45.53,-0.33,24.02,25.26,29.63,0.69,2.87,,,22.93,25.34,1.33,NORMAL,40,0,3
BIKAJI.NS,SELL,623.5,downtrend,39.17,-3.11,638.54,647.97,670.25,14.62,2.35,,,652.75,550.38,2.5,NORMAL,75,1,2
KAJARIACER.NS,HOLD,1167.3,weak_trend,23.79,-2.14,1214.25,1178.98,1075.57,32.56,2.79,,,1118.46,1232.41,1.33,NORMAL,40,0,3
ATUL.NS,HOLD,6774.0,weak_trend,77.03,111.59,6462.97,6489.06,6315.58,216.93,3.2,,,6448.61,7207.86,1.33,NORMAL,40,2,1
SARDAEN.NS,SELL,500.5,downtrend,44.87,-1.94,504.78,511.3,521.84,14.04,2.81,,,528.59,430.29,2.5,NORMAL,72,0,3
APLLTD.NS,HOLD,830.1,weak_trend,49.92,8.7,812.48,781.64,785.21,20.93,2.52,,,798.7,871.96,1.33,NORMAL,40,2,1
DEEPAKFERT.NS,HOLD,1537.8,weak_trend,40.45,5.2,1581.16,1552.27,1292.53,62.42,4.06,,,1444.17,1662.64,1.33,ELEVATED,40,0,3
FIRSTCRY.NS,SELL,212.78,downtrend,57.91,-0.7,212.37,216.06,253.88,3.85,1.81,,,220.48,193.53,2.5,LOW,66,1,2
JSWCEMENT.NS,HOLD,132.84,weak_trend,30.73,-0.4,135.27,132.86,124.45,3.17,2.38,,,128.09,139.17,1.33,NORMAL,40,0,3
SAILIFE.NS,BUY,1426.2,uptrend,69.8,43.75,1312.05,1252.49,1028.27,47.55,3.33,1397.68,1454.72,1331.1,1663.95,2.5,NORMAL,79,3,0
CGCL.NS,HOLD,232.39,weak_trend,39.73,0.03,240.34,228.26,193.65,10.81,4.65,,,216.17,254.02,1.33,ELEVATED,40,0,3
ARE&M.NS,HOLD,897.7,weak_trend,49.52,15.99,900.47,864.96,866.53,26.74,2.98,,,857.59,951.17,1.33,NORMAL,40,1,2
GRINDWELL.NS,HOLD,2133.8,weak_trend,50.81,18.32,2086.66,2047.62,1702.72,68.65,3.22,,,2030.83,2271.1,1.33,NORMAL,40,2,1
VINATIORGA.NS,SELL,1324.9,downtrend,51.56,0.41,1316.62,1322.45,1444.13,32.13,2.42,,,1389.16,1164.26,2.5,NORMAL,69,1,2
SKFINDIA.NS,SELL,1534.3,downtrend,61.29,-15.43,1499.01,1554.53,1693.0,41.66,2.72,,,1617.63,1325.98,2.5,NORMAL,64,2,1
MAHSCOOTER.NS,HOLD,13818.0,weak_trend,62.36,265.7,13119.85,12782.9,13304.25,476.86,3.45,,,13102.71,14771.71,1.33,NORMAL,40,2,1
JUBLPHARMA.NS,SELL,962.7,downtrend,38.43,-10.35,969.52,967.43,979.52,26.73,2.78,,,1016.16,829.05,2.5,NORMAL,75,1,2
ZENSARTECH.NS,SELL,498.85,downtrend,44.28,6.69,510.82,477.17,581.2,18.72,3.75,,,536.3,405.23,2.5,NORMAL,72,0,3
FIVESTAR.NS,HOLD,543.25,weak_trend,39.27,8.53,548.8,510.84,497.77,18.44,3.39,,,515.59,580.13,1.33,NORMAL,40,0,3
TRITURBINE.NS,HOLD,636.45,weak_trend,59.55,-3.98,618.34,648.26,556.11,16.81,2.64,,,611.24,670.06,1.33,NORMAL,40,2,1
CARBORUNIV.NS,BUY,1121.0,uptrend,59.91,0.15,1073.45,1092.48,927.02,37.19,3.32,1098.58,1143.42,1046.61,1306.97,2.5,NORMAL,74,3,0
RBLBANK.NS,HOLD,391.0,weak_trend,69.22,6.74,372.75,368.15,327.91,8.64,2.21,,,378.04,408.28,1.33,NORMAL,40,2,1
RATNAMANI.NS,SELL,2197.6,downtrend,13.42,-72.74,2451.37,2540.64,2416.04,78.09,3.55,,,2353.79,1807.14,2.5,NORMAL,88,1,2
PGEL.NS,HOLD,621.8,weak_trend,54.24,15.06,604.71,561.35,554.84,23.18,3.73,,,587.04,668.15,1.33,NORMAL,40,1,2
VENTIVE.NS,SELL,599.9,downtrend,34.92,-3.63,619.57,628.86,678.26,13.27,2.21,,,626.44,533.56,2.5,NORMAL,77,1,2
NAVA.NS,HOLD,577.15,weak_trend,48.96,-4.14,569.28,586.28,580.93,17.41,3.02,,,551.03,611.98,1.33,NORMAL,40,0,3
CUB.NS,HOLD,216.42,weak_trend,42.74,-0.45,216.8,207.98,200.55,8.88,4.11,,,203.09,234.19,1.33,ELEVATED,40,0,3
CENTURYPLY.NS,HOLD,779.55,weak_trend,44.22,1.81,785.82,768.98,766.87,24.39,3.13,,,742.97,828.32,1.33,NORMAL,40,0,3
BEML.NS,BUY,1884.4,uptrend,59.7,-4.9,1770.07,1776.82,1775.91,62.09,3.29,1846.71,1922.09,1760.23,2194.83,2.5,NORMAL,74,3,0
MANYAVAR.NS,HOLD,516.9,weak_trend,81.82,22.75,425.9,413.14,477.71,23.35,4.52,,,481.88,563.6,1.33,ELEVATED,40,1,2
ABLBL.NS,SELL,91.55,downtrend,40.03,-0.84,94.27,96.1,108.81,2.08,2.27,,,95.7,81.17,2.5,NORMAL,74,1,2
NETWEB.NS,HOLD,4903.0,weak_trend,71.02,117.42,4456.69,4552.36,3738.28,203.1,4.14,,,4598.35,5309.2,1.33,ELEVATED,40,1,2
TBOTEK.NS,HOLD,1610.9,weak_trend,68.29,49.87,1513.12,1442.0,1418.99,63.88,3.97,,,1515.08,1738.66,1.33,NORMAL,40,2,1
CONCORDBIO.NS,HOLD,1365.0,weak_trend,55.95,28.36,1332.69,1297.81,1253.07,49.55,3.63,,,1290.68,1464.09,1.33,NORMAL,40,2,1
TRAVELFOOD.NS,HOLD,1396.9,weak_trend,66.16,21.77,1315.99,1306.82,1241.36,49.33,3.53,,,1322.91,1495.56,1.33,NORMAL,40,2,1
CPPLUS.NS,HOLD,3764.8,weak_trend,62.46,42.07,3554.32,3531.2,2196.95,151.52,4.02,,,3537.52,4067.84,1.33,ELEVATED,40,2,1
UTIAMC.NS,SELL,896.65,downtrend,37.55,-6.49,920.91,913.18,991.75,21.0,2.34,,,938.66,791.63,2.5,NORMAL,76,0,3
SOBHA.NS,SELL,1355.7,downtrend,28.47,-19.7,1397.01,1394.81,1426.7,37.94,2.8,,,1431.59,1165.99,2.5,NORMAL,80,0,3
LMW.NS,HOLD,16629.0,weak_trend,59.93,152.36,16171.45,16005.31,15071.51,496.43,2.99,,,15884.36,17621.86,1.33,NORMAL,40,2,1
ACMESOLAR.NS,HOLD,365.8,weak_trend,45.34,2.13,372.89,363.24,279.72,14.07,3.85,,,344.7,393.94,1.33,NORMAL,40,0,3
IRCON.NS,SELL,130.01,downtrend,52.43,-0.5,128.74,132.32,146.82,2.69,2.07,,,135.39,116.56,2.5,NORMAL,68,1,2
GABRIEL.NS,SELL,1469.8,downtrend,48.37,69.51,1429.84,1270.52,1077.61,72.32,4.92,,,1614.44,1108.19,2.5,ELEVATED,70,1,2
GMDCLTD.NS,BUY,603.15,uptrend,57.38,-3.13,574.37,595.67,591.13,19.71,3.27,591.09,615.21,563.73,701.7,2.5,NORMAL,73,3,0
CRAFTSMAN.NS,HOLD,10483.0,weak_trend,74.53,330.68,9654.84,9385.58,7918.85,370.68,3.54,,,9926.98,11224.36,1.33,NORMAL,40,1,2
ELGIEQUIP.NS,HOLD,588.45,weak_trend,50.22,0.01,580.44,590.27,520.19,15.82,2.69,,,564.72,620.09,1.33,NORMAL,40,2,1
NATCOPHARM.NS,SELL,910.5,downtrend,29.26,-9.11,933.91,918.52,943.36,20.05,2.2,,,950.6,810.25,2.5,NORMAL,80,0,3
CHOICEIN.NS,HOLD,844.75,weak_trend,66.47,18.82,815.1,761.36,746.8,14.65,1.73,,,822.77,874.06,1.33,LOW,40,2,1
VGUARD.NS,SELL,320.85,downtrend,67.42,4.36,304.53,303.87,322.58,13.58,4.23,,,348.0,252.97,2.5,ELEVATED,61,1,2
APTUS.NS,SELL,253.25,downtrend,15.56,-6.04,279.97,274.64,264.09,9.05,3.57,,,271.35,208.0,2.5,NORMAL,87,0,3
SIGNATURE.NS,SELL,824.65,downtrend,57.33,5.87,806.77,795.71,917.42,23.21,2.81,,,871.06,708.61,2.5,NORMAL,66,1,2
CIEINDIA.NS,SELL,410.5,downtrend,20.59,-13.72,435.51,449.08,438.96,13.86,3.38,,,438.23,341.18,2.5,NORMAL,84,0,3
TECHNOE.NS,SELL,1066.25,downtrend,61.79,-13.51,1010.92,1039.79,1115.21,29.5,2.77,,,1125.26,918.73,2.5,NORMAL,64,2,1
WHIRLPOOL.NS,SELL,813.15,downtrend,61.43,5.59,790.57,795.68,912.92,28.4,3.49,,,869.96,671.13,2.5,NORMAL,64,1,2
JMFINANCIL.NS,SELL,127.21,downtrend,56.99,0.31,124.18,124.26,132.73,4.01,3.16,,,135.24,107.14,2.5,NORMAL,66,1,2
GPIL.NS,HOLD,237.15,weak_trend,40.08,-4.58,244.74,258.69,264.8,7.88,3.32,,,225.33,252.91,1.33,NORMAL,40,1,2
AFCONS.NS,SELL,262.85,downtrend,27.31,-8.36,282.37,301.1,336.22,9.12,3.47,,,281.09,217.25,2.5,NORMAL,81,0,3
ABDL.NS,HOLD,599.25,weak_trend,39.86,-4.21,620.86,622.08,559.76,24.18,4.03,,,562.99,647.6,1.33,ELEVATED,40,1,2
CAPLIPOINT.NS,HOLD,2574.1,weak_trend,44.17,23.55,2580.78,2465.83,1983.95,84.3,3.27,,,2447.65,2742.7,1.33,NORMAL,40,0,3
DATAPATTNS.NS,HOLD,4429.7,weak_trend,55.78,15.29,4376.53,4419.26,3427.12,221.82,5.01,,,4096.97,4873.34,1.33,ELEVATED,40,1,2
IGIL.NS,HOLD,354.35,weak_trend,55.88,1.92,348.96,354.06,337.2,13.91,3.93,,,333.48,382.17,1.33,NORMAL,40,2,1
DOMS.NS,SELL,2260.6,downtrend,48.78,-5.31,2268.21,2257.89,2371.73,53.2,2.35,,,2367.0,1994.6,2.5,NORMAL,70,0,3
LTFOODS.NS,HOLD,422.75,weak_trend,77.11,10.48,393.9,386.2,395.78,11.72,2.77,,,405.16,446.2,1.33,NORMAL,40,1,2
KIRLOSBROS.NS,HOLD,1901.7,weak_trend,51.4,14.65,1886.79,1857.04,1688.4,66.52,3.5,,,1801.91,2034.75,1.33,NORMAL,40,2,1
AGARWALEYE.NS,HOLD,546.25,weak_trend,77.34,12.06,493.13,476.95,473.79,20.78,3.8,,,515.08,587.81,1.33,NORMAL,40,2,1
JBMA.NS,HOLD,639.35,weak_trend,37.61,-7.48,665.4,678.61,619.11,15.92,2.49,,,615.47,671.19,1.33,NORMAL,40,0,3
RRKABEL.NS,HOLD,2756.9,weak_trend,82.77,122.92,2524.46,2374.11,1713.11,109.86,3.99,,,2592.1,2976.63,1.33,NORMAL,40,1,2
GALLANTT.NS,SELL,591.2,downtrend,50.04,-15.11,608.15,650.87,625.94,31.52,5.33,,,654.24,433.61,2.5,ELEVATED,69,1,2
IFCI.NS,BUY,76.02,uptrend,58.27,0.14,73.36,76.58,61.43,2.43,3.19,74.5,77.54,71.17,88.15,2.5,NORMAL,74,3,0
NIVABUPA.NS,HOLD,86.19,weak_trend,50.61,0.4,86.53,85.51,78.61,2.21,2.57,,,82.87,90.62,1.33,NORMAL,40,0,3
INDIAMART.NS,SELL,1755.0,downtrend,21.22,-44.59,1828.06,1902.56,2075.66,50.24,2.86,,,1855.49,1503.79,2.5,NORMAL,84,0,3
GESHIP.NS,HOLD,1329.6,weak_trend,39.44,-17.21,1375.46,1404.34,1292.16,52.46,3.95,,,1250.91,1434.52,1.33,NORMAL,40,0,3
PARADEEP.NS,HOLD,149.87,weak_trend,61.48,3.13,143.49,137.81,137.43,6.27,4.19,,,140.46,162.42,1.33,ELEVATED,40,2,1
CEATLTD.NS,HOLD,3793.6,weak_trend,82.72,51.18,3524.59,3483.79,3609.53,89.35,2.36,,,3659.58,3972.3,1.33,NORMAL,40,1,2
TRIDENT.NS,SELL,24.81,downtrend,43.5,-0.14,25.06,25.24,25.58,0.5,2.0,,,25.8,22.33,2.5,NORMAL,73,0,3
RAINBOW.NS,HOLD,1556.7,weak_trend,63.36,35.97,1508.55,1445.79,1312.8,44.81,2.88,,,1489.48,1646.33,1.33,NORMAL,40,2,1
INTELLECT.NS,SELL,721.35,downtrend,42.32,-3.14,736.79,739.34,817.05,28.02,3.88,,,777.4,581.23,2.5,NORMAL,73,0,3
SYRMA.NS,BUY,1516.4,uptrend,66.35,27.8,1382.1,1352.63,965.86,59.79,3.94,1486.07,1546.73,1396.83,1815.33,2.5,NORMAL,78,3,0
FINEORG.NS,BUY,5162.1,uptrend,63.77,4.57,4925.64,4950.77,4554.8,148.17,2.87,5058.86,5265.34,4865.76,5902.94,2.5,NORMAL,76,3,0
NUVOCO.NS,HOLD,345.8,weak_trend,49.92,5.74,350.91,329.28,335.93,10.28,2.97,,,330.38,366.36,1.33,NORMAL,40,0,3
BATAINDIA.NS,SELL,712.85,downtrend,60.28,9.55,693.98,686.68,798.71,18.41,2.58,,,749.67,620.79,2.5,NORMAL,64,1,2
SWANCORP.NS,HOLD,308.05,weak_trend,43.99,-2.03,311.32,315.04,377.15,6.13,1.99,,,298.86,320.31,1.33,LOW,40,0,3
KIRLOSENG.NS,HOLD,2131.2,weak_trend,42.84,-8.69,2231.03,2188.22,1544.82,105.32,4.94,,,1973.22,2341.85,1.33,ELEVATED,40,1,2
BLS.NS,HOLD,260.71,weak_trend,73.64,2.02,241.25,250.53,279.28,8.26,3.17,,,248.33,277.22,1.33,NORMAL,40,1,2
AARTIIND.NS,HOLD,502.1,weak_trend,53.56,3.96,489.45,476.55,430.03,14.98,2.98,,,479.63,532.06,1.33,NORMAL,40,2,1
THELEELA.NS,HOLD,518.0,weak_trend,64.74,8.85,489.61,471.21,435.79,17.59,3.39,,,491.62,553.17,1.33,NORMAL,40,2,1
SPLPETRO.NS,HOLD,693.75,weak_trend,37.29,-3.93,718.61,713.48,674.37,23.9,3.44,,,657.91,741.54,1.33,NORMAL,40,0,3
BLUEDART.NS,SELL,5190.5,downtrend,61.61,81.59,5042.54,4927.45,5335.79,181.74,3.5,,,5553.97,4281.82,2.5,NORMAL,64,1,2
ZYDUSWELL.NS,HOLD,516.1,weak_trend,30.01,-6.67,563.55,546.48,472.88,23.09,4.47,,,481.47,562.27,1.33,ELEVATED,40,1,2
KSB.NS,SELL,784.25,downtrend,15.06,-26.69,869.58,877.69,807.03,31.24,3.98,,,846.73,628.05,2.5,NORMAL,87,1,2
PCBL.NS,SELL,323.4,downtrend,48.55,4.2,321.87,309.41,297.46,16.46,5.09,,,356.32,241.11,2.5,ELEVATED,70,1,2
JWL.NS,SELL,257.4,downtrend,58.34,-0.54,254.76,263.62,284.73,7.25,2.82,,,271.91,221.13,2.5,NORMAL,65,1,2
CEMPRO.NS,HOLD,1208.1,weak_trend,7.95,-30.56,1452.2,1335.18,878.28,67.95,5.62,,,1106.17,1344.0,1.33,ELEVATED,40,1,2
ZENTEC.NS,HOLD,1720.0,weak_trend,36.5,-24.11,1728.12,1778.8,1515.23,59.1,3.44,,,1631.35,1838.2,1.33,NORMAL,40,0,3
JAINREC.NS,SELL,302.3,downtrend,33.85,-10.21,331.98,344.7,398.39,14.95,4.94,,,332.19,227.57,2.5,ELEVATED,78,0,3
GODREJAGRO.NS,SELL,556.05,downtrend,45.23,-0.75,558.8,556.86,570.33,12.05,2.17,,,580.16,495.78,2.5,NORMAL,72,1,2
IEX.NS,HOLD,126.3,weak_trend,53.4,1.43,126.45,124.06,127.89,3.63,2.87,,,120.86,133.56,1.33,NORMAL,40,0,3
BBTC.NS,SELL,1504.1,downtrend,51.79,-4.07,1496.45,1516.81,1657.36,28.97,1.93,,,1562.04,1359.24,2.5,LOW,69,2,1
CYIENT.NS,SELL,855.0,downtrend,52.87,-1.4,850.0,864.41,983.53,24.78,2.9,,,904.55,731.12,2.5,NORMAL,68,1,2
INDGN.NS,BUY,554.45,uptrend,67.86,10.58,516.28,514.28,503.1,21.5,3.88,543.36,565.54,511.46,661.93,2.5,NORMAL,78,3,0
AAVAS.NS,SELL,1404.0,downtrend,34.83,-19.6,1419.71,1426.27,1411.88,48.41,3.45,,,1500.81,1161.96,2.5,NORMAL,77,1,2
MINDACORP.NS,HOLD,721.65,weak_trend,65.66,14.11,693.3,675.87,588.25,21.37,2.96,,,689.59,764.39,1.33,NORMAL,40,2,1
BELRISE.NS,BUY,252.77,uptrend,68.48,4.1,235.83,233.85,195.53,6.59,2.61,247.71,257.83,239.6,285.7,2.5,NORMAL,79,3,0
CELLO.NS,SELL,360.15,downtrend,50.34,-0.02,356.25,367.34,459.23,14.34,3.98,,,388.83,288.45,2.5,NORMAL,69,1,2
JPPOWER.NS,HOLD,17.8,weak_trend,50.64,0.14,17.48,17.8,17.35,0.59,3.3,,,16.92,18.98,1.33,NORMAL,40,2,1
TARIL.NS,SELL,299.1,downtrend,34.11,-8.9,307.51,321.67,305.75,8.8,2.94,,,316.69,255.12,2.5,NORMAL,77,0,3
NEWGEN.NS,HOLD,563.2,weak_trend,55.49,15.65,543.74,505.07,606.39,25.6,4.54,,,524.81,614.39,1.33,ELEVATED,40,0,3
ANURAS.NS,SELL,1214.6,downtrend,21.8,-17.3,1237.74,1264.49,1264.25,20.16,1.66,,,1254.91,1113.81,2.5,LOW,84,0,3
GRANULES.NS,HOLD,855.15,weak_trend,45.04,5.59,855.88,820.82,663.56,28.7,3.36,,,812.1,912.54,1.33,NORMAL,40,0,3
GRAVITA.NS,HOLD,1783.5,weak_trend,47.94,-5.08,1736.06,1704.07,1666.44,61.44,3.45,,,1691.34,1906.39,1.33,NORMAL,40,1,2
HOMEFIRST.NS,HOLD,1193.8,weak_trend,28.82,0.22,1208.92,1165.98,1126.0,39.69,3.32,,,1134.27,1273.17,1.33,NORMAL,40,0,3
MGL.NS,HOLD,1123.6,weak_trend,63.22,0.79,1104.59,1124.49,1116.22,33.67,3.0,,,1073.09,1190.94,1.33,NORMAL,40,2,1
USHAMART.NS,HOLD,515.05,weak_trend,54.37,4.87,503.99,497.28,453.23,13.15,2.55,,,495.33,541.34,1.33,NORMAL,40,2,1
LEMONTREE.NS,HOLD,111.01,weak_trend,48.25,-0.76,111.9,113.17,128.79,2.52,2.27,,,107.24,116.04,1.33,NORMAL,40,0,3
TEGA.NS,HOLD,1633.6,weak_trend,49.78,-18.62,1578.5,1675.69,1759.49,54.57,3.34,,,1551.74,1742.74,1.33,NORMAL,40,0,3
VTL.NS,HOLD,606.75,weak_trend,41.3,-9.24,618.07,628.33,531.23,22.2,3.66,,,573.45,651.15,1.33,NORMAL,40,0,3
NCC.NS,SELL,146.45,downtrend,63.06,-0.45,141.28,146.41,156.7,3.66,2.5,,,153.77,128.14,2.5,NORMAL,63,2,1
FINCABLES.NS,HOLD,1024.65,weak_trend,52.23,-14.54,1008.93,1051.71,897.14,27.52,2.69,,,983.37,1079.69,1.33,NORMAL,40,2,1
ACE.NS,HOLD,1113.6,weak_trend,61.34,35.48,1049.73,993.98,933.71,43.1,3.87,,,1048.95,1199.8,1.33,NORMAL,40,2,1
ELECON.NS,HOLD,437.85,weak_trend,41.87,-18.22,443.42,494.02,471.68,14.19,3.24,,,416.56,466.24,1.33,NORMAL,40,0,3
EMBDL.NS,BUY,65.28,uptrend,58.7,-0.01,62.45,61.98,63.8,1.86,2.85,63.97,66.59,61.56,74.59,2.5,NORMAL,74,3,0
JINDALSAW.NS,HOLD,271.4,weak_trend,55.59,2.13,261.65,256.9,204.69,7.59,2.8,,,260.02,286.58,1.33,NORMAL,40,2,1
WELSPUNLIV.NS,SELL,164.29,downtrend,47.21,0.26,162.35,158.89,137.32,5.26,3.2,,,174.81,138.0,2.5,NORMAL,71,1,2
NSLNISP.NS,BUY,44.67,uptrend,59.82,0.1,43.13,44.86,42.34,1.0,2.24,43.78,45.56,42.67,49.67,2.5,NORMAL,74,3,0
ACUTAAS.NS,HOLD,3282.0,weak_trend,31.35,-37.83,3384.78,3339.84,2401.31,157.65,4.8,,,3045.53,3597.3,1.33,ELEVATED,40,0,3
RITES.NS,HOLD,232.84,weak_trend,65.16,3.52,219.2,214.38,218.41,5.98,2.57,,,223.87,244.81,1.33,NORMAL,40,2,1
CCL.NS,HOLD,1130.0,weak_trend,27.99,-10.57,1180.64,1161.52,1052.16,32.55,2.88,,,1081.17,1195.1,1.33,NORMAL,40,0,3
FINPIPE.NS,HOLD,161.33,weak_trend,43.73,-1.46,164.78,170.07,175.06,4.1,2.54,,,155.18,169.53,1.33,NORMAL,40,1,2
SAMMAANCAP.NS,HOLD,162.3,weak_trend,48.35,-1.2,162.43,169.26,156.27,4.57,2.81,,,155.45,171.44,1.33,NORMAL,40,0,3
INGERRAND.NS,HOLD,4271.9,weak_trend,32.2,-25.98,4396.61,4335.91,3902.2,116.7,2.73,,,4096.85,4505.3,1.33,NORMAL,40,1,2
INDIACEM.NS,HOLD,398.15,weak_trend,54.56,1.98,396.42,387.38,405.12,11.21,2.81,,,381.34,420.56,1.33,NORMAL,40,0,3
BLUEJET.NS,HOLD,593.9,weak_trend,51.44,12.21,591.24,545.6,491.11,25.72,4.33,,,555.32,645.34,1.33,ELEVATED,40,1,2
CARTRADE.NS,HOLD,2762.0,weak_trend,51.75,46.53,2797.87,2619.9,2381.08,135.15,4.89,,,2559.28,3032.3,1.33,ELEVATED,40,0,3
CHENNPETRO.NS,HOLD,1240.1,weak_trend,53.97,39.54,1193.3,1136.64,961.76,64.27,5.18,,,1143.69,1368.64,1.33,ELEVATED,40,2,1
TSFINV.NS,HOLD,441.95,weak_trend,34.45,2.18,455.3,430.76,436.96,17.2,3.89,,,416.16,476.34,1.33,NORMAL,40,0,3
SBFC.NS,SELL,94.25,downtrend,52.92,0.37,92.35,92.03,97.05,2.24,2.37,,,98.73,83.06,2.5,NORMAL,68,1,2
CANHLIFE.NS,HOLD,152.19,weak_trend,53.26,1.78,149.31,143.45,139.36,6.66,4.37,,,142.2,165.51,1.33,ELEVATED,40,2,1
RAILTEL.NS,HOLD,288.55,weak_trend,43.48,-4.91,293.21,304.84,322.04,6.75,2.34,,,278.43,302.04,1.33,NORMAL,40,0,3
CLEAN.NS,SELL,803.55,downtrend,66.12,4.68,752.6,768.12,813.0,24.45,3.04,,,852.45,681.3,2.5,NORMAL,61,2,1
TITAGARH.NS,HOLD,847.45,weak_trend,44.08,-1.77,843.47,858.57,799.33,22.39,2.64,,,813.87,892.22,1.33,NORMAL,40,1,2
JYOTHYLAB.NS,SELL,205.44,downtrend,57.46,1.63,202.16,198.79,240.08,5.01,2.44,,,215.46,180.39,2.5,NORMAL,66,1,2
SHRIPISTON.NS,HOLD,4392.8,weak_trend,56.29,102.64,4303.97,4010.12,3289.01,186.75,4.25,,,4112.67,4766.3,1.33,ELEVATED,40,1,2
ALIVUS.NS,HOLD,1374.5,weak_trend,75.91,57.28,1188.52,1129.66,996.66,54.01,3.93,,,1293.48,1482.53,1.33,NORMAL,40,2,1
ENGINERSIN.NS,BUY,247.96,uptrend,69.92,1.01,229.64,236.27,213.56,6.5,2.62,243.0,252.92,234.96,280.47,2.5,NORMAL,79,3,0
J&KBANK.NS,HOLD,155.15,weak_trend,22.14,-2.81,168.97,163.66,126.22,7.72,4.97,,,143.57,170.59,1.33,ELEVATED,40,0,3
OLECTRA.NS,HOLD,1368.3,weak_trend,53.1,-3.1,1353.08,1380.8,1228.13,32.16,2.35,,,1320.05,1432.63,1.33,NORMAL,40,2,1
GRINFRA.NS,HOLD,870.7,weak_trend,33.73,-4.38,890.97,896.21,957.53,26.71,3.07,,,830.63,924.13,1.33,NORMAL,40,1,2
JUBLINGREA.NS,SELL,741.85,downtrend,44.15,15.43,741.0,683.64,668.32,26.72,3.6,,,795.29,608.25,2.5,NORMAL,72,1,2
SANOFI.NS,SELL,3349.4,downtrend,44.82,-1.81,3375.88,3334.89,3739.31,68.0,2.03,,,3485.4,3009.4,2.5,NORMAL,72,0,3
SANOFICONR.NS,HOLD,4514.2,weak_trend,48.52,-17.45,4594.03,4618.5,4478.13,123.92,2.75,,,4328.32,4762.04,1.33,NORMAL,40,0,3
EUREKAFORB.NS,HOLD,450.55,weak_trend,44.98,-0.34,455.45,454.75,514.7,15.48,3.44,,,427.33,481.51,1.33,NORMAL,40,0,3
WAAREERTL.NS,SELL,911.25,downtrend,13.53,-23.21,948.86,972.71,973.83,22.75,2.5,,,956.74,797.52,2.5,NORMAL,88,0,3
RELAXO.NS,HOLD,423.45,weak_trend,43.76,9.66,405.79,383.19,364.04,15.24,3.6,,,400.6,453.92,1.33,NORMAL,40,1,2
PRUDENT.NS,HOLD,3371.8,weak_trend,79.89,111.73,3066.5,2966.66,2644.7,145.46,4.31,,,3153.6,3662.73,1.33,ELEVATED,40,1,2
VIKRAMSOLR.NS,SELL,156.8,downtrend,18.96,-6.76,181.48,191.45,220.29,6.41,4.09,,,169.62,124.75,2.5,ELEVATED,85,1,2
TTML.NS,HOLD,39.37,weak_trend,40.92,-0.62,39.99,41.98,44.68,1.42,3.61,,,37.24,42.21,1.33,NORMAL,40,0,3
CANFINHOME.NS,SELL,811.3,downtrend,22.26,-16.95,840.94,853.84,866.13,18.28,2.25,,,847.85,719.92,2.5,NORMAL,83,0,3
BSOFT.NS,HOLD,317.25,weak_trend,70.7,6.74,300.44,301.55,361.99,11.89,3.75,,,299.41,341.04,1.33,NORMAL,40,0,3
GRAPHITE.NS,HOLD,722.9,weak_trend,72.41,21.26,664.16,645.59,635.55,28.3,3.91,,,680.46,779.49,1.33,NORMAL,40,1,2
JKTYRE.NS,HOLD,394.9,weak_trend,47.73,2.79,400.39,393.59,438.05,11.44,2.9,,,377.74,417.78,1.33,NORMAL,40,1,2
BLACKBUCK.NS,SELL,577.65,downtrend,51.42,0.24,559.09,550.4,596.48,20.93,3.62,,,619.51,472.99,2.5,NORMAL,69,1,2
ZEEL.NS,HOLD,94.42,weak_trend,35.22,-2.41,103.61,105.61,93.41,5.15,5.46,,,86.69,104.73,1.33,ELEVATED,40,0,3
SAFARI.NS,SELL,1486.6,downtrend,28.08,-27.64,1579.4,1594.71,1819.41,54.58,3.67,,,1595.76,1213.71,2.5,NORMAL,80,0,3
INOXINDIA.NS,SELL,1984.1,downtrend,34.43,18.59,1958.4,1880.53,1394.78,77.16,3.89,,,2138.41,1598.31,2.5,NORMAL,77,1,2
HFCL.NS,HOLD,212.97,weak_trend,47.19,0.88,205.82,202.66,113.78,11.08,5.2,,,196.36,235.12,1.33,ELEVATED,40,1,2
RUBICON.NS,HOLD,1553.2,weak_trend,55.85,46.52,1502.04,1398.62,915.99,59.37,3.82,,,1464.14,1671.95,1.33,NORMAL,40,1,2
PVRINOX.NS,HOLD,1156.0,weak_trend,73.24,45.21,1078.47,1015.83,1029.49,40.86,3.53,,,1094.7,1237.73,1.33,NORMAL,40,1,2
SCI.NS,HOLD,294.95,weak_trend,62.35,1.98,286.45,295.5,262.94,10.52,3.57,,,279.17,315.99,1.33,NORMAL,40,2,1
JKLAKSHMI.NS,HOLD,565.0,weak_trend,43.6,-3.18,569.35,578.25,678.8,15.52,2.75,,,541.72,596.04,1.33,NORMAL,40,0,3
VIJAYA.NS,HOLD,1351.1,weak_trend,54.07,8.3,1358.13,1339.34,1108.45,40.59,3.0,,,1290.22,1432.27,1.33,NORMAL,40,1,2
PRIVISCL.NS,SELL,3644.1,downtrend,47.99,22.74,3640.51,3538.39,3143.91,107.41,2.95,,,3858.93,3107.03,2.5,NORMAL,71,1,2
SONATSOFTW.NS,HOLD,320.1,weak_trend,56.78,12.1,311.94,289.82,298.02,17.51,5.47,,,293.84,355.11,1.33,ELEVATED,40,2,1
AETHER.NS,HOLD,1591.6,weak_trend,72.42,62.44,1494.48,1346.91,1075.53,59.0,3.71,,,1503.1,1709.6,1.33,NORMAL,40,1,2
AZAD.NS,BUY,2549.7,uptrend,63.39,62.92,2386.63,2245.38,1842.09,104.68,4.11,2498.71,2600.69,2340.34,3073.09,2.5,ELEVATED,76,3,0
EDELWEISS.NS,HOLD,118.38,weak_trend,44.25,-0.28,117.82,118.37,113.56,3.9,3.29,,,112.53,126.18,1.33,NORMAL,40,1,2
NAZARA.NS,HOLD,354.5,weak_trend,86.28,14.16,320.6,304.04,272.31,12.69,3.58,,,335.47,379.87,1.33,NORMAL,40,1,2
METROPOLIS.NS,HOLD,563.2,weak_trend,44.1,6.03,573.86,555.22,499.33,18.76,3.33,,,535.05,600.73,1.33,NORMAL,40,0,3
IXIGO.NS,SELL,182.2,downtrend,41.9,-1.28,195.18,190.25,206.99,9.76,5.35,,,201.71,133.42,2.5,ELEVATED,74,1,2
BALRAMCHIN.NS,HOLD,655.25,weak_trend,60.48,19.4,615.95,575.22,496.38,23.24,3.55,,,620.39,701.74,1.33,NORMAL,40,2,1
VESUVIUS.NS,HOLD,463.0,weak_trend,47.92,-3.37,456.0,461.36,477.92,10.63,2.3,,,447.06,484.26,1.33,NORMAL,40,1,2
WESTLIFE.NS,HOLD,594.85,weak_trend,76.62,23.89,501.59,482.26,502.79,34.16,5.74,,,543.61,663.16,1.33,ELEVATED,40,1,2
RKFORGE.NS,HOLD,726.55,weak_trend,88.09,35.74,619.95,589.39,551.79,26.47,3.64,,,686.84,779.49,1.33,NORMAL,40,1,2
STARCEMENT.NS,SELL,201.96,downtrend,27.81,-1.55,204.68,207.79,218.34,3.35,1.66,,,208.66,185.21,2.5,LOW,81,2,1
GENUSPOWER.NS,HOLD,305.0,weak_trend,39.65,-2.2,313.77,316.17,296.8,8.26,2.71,,,292.61,321.52,1.33,NORMAL,40,0,3
RELINFRA.NS,HOLD,76.56,weak_trend,83.99,-0.29,64.83,72.21,110.67,1.41,1.84,,,74.45,79.38,1.33,LOW,40,1,2
HEG.NS,HOLD,674.0,weak_trend,78.33,33.7,632.37,570.36,559.86,27.44,4.07,,,632.84,728.89,1.33,ELEVATED,40,1,2
PGHL.NS,HOLD,5966.0,weak_trend,19.47,-74.06,6600.48,6421.61,5611.15,208.04,3.49,,,5653.95,6382.07,1.33,NORMAL,40,0,3
ALKYLAMINE.NS,HOLD,1893.9,weak_trend,59.42,22.34,1850.26,1818.37,1634.44,67.19,3.55,,,1793.11,2028.29,1.33,NORMAL,40,2,1
TEJASNET.NS,HOLD,513.45,weak_trend,41.21,-10.48,524.71,560.1,469.37,19.15,3.73,,,484.72,551.76,1.33,NORMAL,40,0,3
SHAILY.NS,HOLD,3367.4,weak_trend,76.47,112.89,2991.32,2935.63,2457.67,125.72,3.73,,,3178.82,3618.84,1.33,NORMAL,40,2,1
TIMETECHNO.NS,SELL,204.88,downtrend,40.75,6.06,204.04,187.26,186.83,7.63,3.73,,,220.15,166.71,2.5,NORMAL,74,1,2
BANCOINDIA.NS,HOLD,627.5,weak_trend,44.27,1.4,647.91,660.07,645.78,22.3,3.55,,,594.06,672.09,1.33,NORMAL,40,1,2
AVANTIFEED.NS,SELL,906.55,downtrend,25.0,-27.5,945.43,973.63,1026.62,31.76,3.5,,,970.06,747.77,2.5,NORMAL,82,0,3
IIFLCAPS.NS,HOLD,334.15,weak_trend,39.7,-1.12,337.41,339.54,326.01,3.8,1.14,,,328.46,341.74,1.33,LOW,40,1,2
ASKAUTOLTD.NS,HOLD,655.6,weak_trend,76.2,45.97,533.18,483.9,458.8,33.45,5.1,,,605.42,722.51,1.33,ELEVATED,40,1,2
MEDPLUS.NS,SELL,686.3,downtrend,27.44,-34.19,732.98,799.35,824.03,28.04,4.09,,,742.38,546.1,2.5,ELEVATED,81,0,3
SHAKTIPUMP.NS,SELL,510.4,downtrend,29.14,-11.05,531.81,545.86,597.81,12.4,2.43,,,535.21,448.39,2.5,NORMAL,80,0,3
ABFRL.NS,SELL,61.04,downtrend,62.53,0.69,59.14,59.81,67.19,2.31,3.78,,,65.65,49.51,2.5,NORMAL,63,2,1
MMTC.NS,HOLD,63.98,weak_trend,51.74,-0.7,62.97,66.18,63.51,1.46,2.28,,,61.79,66.9,1.33,NORMAL,40,2,1
SUDARSCHEM.NS,BUY,1139.6,uptrend,64.01,37.37,1053.61,960.53,943.59,42.28,3.71,1116.81,1162.39,1055.04,1351.01,2.5,NORMAL,77,3,0
RHIM.NS,SELL,412.8,downtrend,52.81,4.26,403.53,389.97,418.93,12.41,3.01,,,437.62,350.75,2.5,NORMAL,68,1,2
JLHL.NS,HOLD,320.2,weak_trend,58.65,9.3,316.82,291.35,274.03,13.1,4.09,,,300.54,346.41,1.33,ELEVATED,40,1,2
INDIASHLTR.NS,SELL,642.6,downtrend,9.47,-23.41,751.04,761.26,782.76,27.73,4.31,,,698.05,503.97,2.5,ELEVATED,90,1,2
ASTRAMICRO.NS,HOLD,1734.7,weak_trend,49.02,32.97,1775.15,1682.05,1174.32,88.55,5.1,,,1601.87,1911.8,1.33,ELEVATED,40,1,2
TDPOWERSYS.NS,HOLD,1260.9,weak_trend,62.42,5.15,1139.12,1184.41,940.42,60.07,4.76,,,1170.8,1381.04,1.33,ELEVATED,40,2,1
KPIGREEN.NS,SELL,369.25,downtrend,21.52,-8.37,389.99,397.16,422.4,9.74,2.64,,,388.74,320.54,2.5,NORMAL,84,1,2
TRANSRAILL.NS,SELL,479.0,downtrend,44.65,-3.85,489.57,495.08,543.68,12.78,2.67,,,504.57,415.09,2.5,NORMAL,72,1,2
BIRLACORPN.NS,SELL,914.35,downtrend,25.48,-18.58,941.56,955.96,1000.24,27.32,2.99,,,968.98,777.77,2.5,NORMAL,82,0,3
SAPPHIRE.NS,HOLD,224.22,weak_trend,76.41,6.07,188.46,183.88,205.46,11.15,4.97,,,207.5,246.51,1.33,ELEVATED,40,2,1
MAPMYINDIA.NS,SELL,985.0,downtrend,40.65,15.61,1115.84,980.93,1216.52,62.17,6.31,,,1109.34,674.16,2.5,ELEVATED,74,0,3
UJJIVANSFB.NS,HOLD,69.76,weak_trend,62.03,2.46,68.7,61.96,57.81,3.07,4.4,,,65.16,75.9,1.33,ELEVATED,40,1,2
HCG.NS,HOLD,675.85,weak_trend,68.11,8.53,669.5,645.84,638.4,18.07,2.67,,,648.75,711.99,1.33,NORMAL,40,2,1
NESCO.NS,HOLD,1045.4,weak_trend,42.84,-13.19,1062.37,1086.67,1165.18,31.01,2.97,,,998.88,1107.43,1.33,NORMAL,40,0,3
HAPPYFORGE.NS,HOLD,1906.2,weak_trend,84.31,81.08,1661.79,1538.24,1269.95,67.01,3.52,,,1805.69,2040.21,1.33,NORMAL,40,2,1
HONASA.NS,BUY,477.6,uptrend,64.54,5.93,459.2,441.3,336.63,13.96,2.92,468.05,487.15,449.67,547.42,2.5,NORMAL,77,3,0
KRBL.NS,HOLD,378.65,weak_trend,67.01,2.02,358.28,364.56,361.95,10.92,2.88,,,362.27,400.49,1.33,NORMAL,40,2,1
VARROC.NS,HOLD,811.2,weak_trend,86.83,29.24,673.45,636.58,588.22,31.26,3.85,,,764.31,873.72,1.33,NORMAL,40,2,1
SANSERA.NS,HOLD,3863.8,weak_trend,75.88,157.41,3356.25,3161.88,2301.36,126.86,3.28,,,3673.5,4117.53,1.33,NORMAL,40,1,2
LATENTVIEW.NS,SELL,297.2,downtrend,41.77,0.23,303.98,299.99,363.57,11.04,3.71,,,319.28,242.0,2.5,NORMAL,74,0,3
BLUESTONE.NS,HOLD,814.5,weak_trend,69.83,67.18,736.73,617.08,537.15,74.32,9.12,,,703.02,963.14,1.33,ELEVATED,40,2,1
WABAG.NS,HOLD,1973.7,weak_trend,38.11,-1.69,2007.09,1934.57,1470.92,70.5,3.57,,,1867.95,2114.7,1.33,NORMAL,40,0,3
LLOYDSENT.NS,HOLD,83.5,weak_trend,53.08,1.69,79.99,75.26,64.1,3.06,3.66,,,78.91,89.62,1.33,NORMAL,40,2,1
TI.NS,HOLD,490.75,weak_trend,74.97,12.21,457.97,445.9,451.02,16.94,3.45,,,465.35,524.62,1.33,NORMAL,40,1,2
ALOKINDS.NS,HOLD,11.91,weak_trend,31.48,-0.18,12.11,12.44,14.33,0.2,1.67,,,11.61,12.31,1.33,LOW,40,0,3
SANDUMA.NS,SELL,204.9,downtrend,59.29,0.96,203.35,208.23,212.03,6.63,3.24,,,218.17,171.73,2.5,NORMAL,65,1,2
TTKPRESTIG.NS,HOLD,605.6,weak_trend,38.2,4.01,648.43,601.17,572.27,27.7,4.57,,,564.05,661.0,1.33,ELEVATED,40,0,3
DBREALTY.NS,SELL,116.71,downtrend,50.03,-0.1,114.82,114.2,116.96,3.67,3.14,,,124.05,98.36,2.5,NORMAL,69,2,1
MARKSANS.NS,HOLD,271.45,weak_trend,57.58,3.25,263.13,259.33,203.05,10.02,3.69,,,256.42,291.49,1.33,NORMAL,40,2,1
TCI.NS,SELL,916.35,downtrend,43.67,-2.75,925.84,931.59,1000.23,21.31,2.33,,,958.98,809.78,2.5,NORMAL,73,0,3
BBOX.NS,HOLD,744.45,weak_trend,24.66,-47.6,789.94,912.88,658.75,33.59,4.51,,,694.06,811.64,1.33,ELEVATED,40,1,2
POWERMECH.NS,HOLD,2616.7,weak_trend,54.69,-8.13,2597.68,2650.71,2365.5,77.15,2.95,,,2500.97,2771.0,1.33,NORMAL,40,2,1
SOUTHBANK.NS,HOLD,46.0,weak_trend,42.16,0.34,46.64,46.1,41.22,1.06,2.3,,,44.41,48.11,1.33,NORMAL,40,0,3
LOTUSDEV.NS,HOLD,176.54,weak_trend,67.58,11.18,173.69,155.16,150.23,8.07,4.57,,,164.44,192.67,1.33,ELEVATED,40,1,2
JAIBALAJI.NS,SELL,68.54,downtrend,63.32,-0.6,62.65,65.92,70.05,3.0,4.37,,,74.53,53.56,2.5,ELEVATED,63,2,1
SAREGAMA.NS,HOLD,530.05,weak_trend,53.84,14.99,513.43,487.37,394.0,26.57,5.01,,,490.19,583.19,1.33,ELEVATED,40,1,2
JSLL.NS,SELL,598.1,downtrend,61.25,0.96,574.12,584.09,657.92,20.57,3.44,,,639.24,495.26,2.5,NORMAL,64,2,1
PCJEWELLER.NS,HOLD,9.82,weak_trend,43.87,0.08,9.67,9.35,9.75,0.33,3.38,,,9.32,10.48,1.33,NORMAL,40,1,2
LUMAXTECH.NS,HOLD,1722.4,weak_trend,95.3,40.09,1524.5,1564.92,1540.81,55.8,3.24,,,1638.71,1833.99,1.33,NORMAL,40,1,2
TANLA.NS,HOLD,632.1,weak_trend,67.02,19.5,593.67,553.46,518.76,29.27,4.63,,,588.19,690.64,1.33,ELEVATED,40,2,1
MANORAMA.NS,HOLD,1636.2,weak_trend,56.33,17.66,1612.56,1568.95,1408.59,45.68,2.79,,,1567.68,1727.56,1.33,NORMAL,40,2,1
ARVIND.NS,BUY,550.65,uptrend,57.61,5.9,531.4,526.66,400.75,17.45,3.17,539.64,561.66,515.76,637.88,2.5,NORMAL,73,3,0
APOLLO.NS,HOLD,388.25,weak_trend,48.74,-1.42,394.92,406.25,297.76,12.78,3.29,,,369.09,413.8,1.33,NORMAL,40,0,3
PNGJL.NS,HOLD,642.85,weak_trend,64.25,20.01,636.15,586.76,598.51,31.21,4.85,,,596.04,705.26,1.33,ELEVATED,40,1,2
MAHSEAMLES.NS,BUY,607.85,uptrend,64.42,-3.08,580.35,600.49,581.01,14.5,2.39,595.69,620.01,578.85,680.35,2.5,NORMAL,77,3,0
HAPPSTMNDS.NS,SELL,401.8,downtrend,65.2,10.46,384.71,364.39,405.67,15.17,3.78,,,432.14,325.94,2.5,NORMAL,62,1,2
CAMPUS.NS,SELL,222.07,downtrend,50.45,-2.0,222.1,229.75,248.03,6.25,2.81,,,234.57,190.83,2.5,NORMAL,69,1,2
RELIGARE.NS,SELL,232.35,downtrend,32.05,-2.39,256.47,254.31,240.04,8.29,3.57,,,248.92,190.92,2.5,NORMAL,78,1,2
GMRP&UI.NS,SELL,97.49,downtrend,50.97,-0.98,98.09,100.98,108.05,2.69,2.75,,,102.86,84.06,2.5,NORMAL,69,1,2
BECTORFOOD.NS,HOLD,233.28,weak_trend,64.41,9.99,205.62,189.18,212.22,9.57,4.1,,,218.92,252.42,1.33,ELEVATED,40,2,1
WEWORK.NS,HOLD,755.4,weak_trend,72.41,18.01,721.83,685.84,591.7,30.88,4.09,,,709.08,817.16,1.33,ELEVATED,40,1,2
RCF.NS,HOLD,127.2,weak_trend,48.51,-0.63,127.13,129.16,132.04,2.36,1.86,,,123.66,131.92,1.33,LOW,40,0,3
ESABINDIA.NS,SELL,5631.5,downtrend,23.84,-41.88,5659.67,5719.0,5705.06,101.33,1.8,,,5834.16,5124.86,2.5,LOW,83,1,2
VOLTAMP.NS,HOLD,10279.5,weak_trend,73.65,129.57,9544.65,9680.39,8710.26,314.09,3.06,,,9808.37,10907.67,1.33,NORMAL,40,1,2
STAR.NS,HOLD,1003.8,weak_trend,39.07,-20.38,1035.01,1059.39,968.2,40.55,4.04,,,942.97,1084.9,1.33,ELEVATED,40,0,3
GALAXYSURF.NS,HOLD,2066.7,weak_trend,73.51,25.81,1948.42,1895.55,1907.01,52.43,2.54,,,1988.05,2171.56,1.33,NORMAL,40,2,1
MAHLIFE.NS,HOLD,386.55,weak_trend,60.81,7.57,380.98,361.82,361.96,12.87,3.33,,,367.24,412.29,1.33,NORMAL,40,1,2
GPPL.NS,SELL,151.63,downtrend,50.6,-0.41,150.6,152.68,164.29,2.39,1.57,,,156.41,139.69,2.5,LOW,69,1,2
SHARDACROP.NS,SELL,814.05,downtrend,28.49,-21.54,854.37,874.74,930.21,24.17,2.97,,,862.4,693.19,2.5,NORMAL,80,1,2
OSWALPUMPS.NS,SELL,306.3,downtrend,19.1,-22.29,354.21,388.76,434.15,15.81,5.16,,,337.91,227.26,2.5,ELEVATED,85,1,2
DODLA.NS,SELL,1041.6,downtrend,39.65,-14.49,1059.16,1085.6,1135.74,31.59,3.03,,,1104.79,883.64,2.5,NORMAL,75,0,3
NETWORK18.NS,HOLD,29.32,weak_trend,47.52,-0.5,29.62,31.14,36.45,0.72,2.47,,,28.23,30.77,1.33,NORMAL,40,0,3
DIACABS.NS,HOLD,364.05,weak_trend,86.97,33.43,289.05,239.61,169.04,22.81,6.26,,,329.84,409.66,1.33,ELEVATED,40,1,2
GRWRHITECH.NS,HOLD,6973.0,weak_trend,51.34,149.06,7040.12,6713.81,4590.13,290.46,4.17,,,6537.3,7553.93,1.33,ELEVATED,40,1,2
CERA.NS,HOLD,6062.0,weak_trend,44.68,20.97,6161.45,6117.83,5463.42,169.0,2.79,,,5808.5,6400.0,1.33,NORMAL,40,1,2
KIRLPNU.NS,HOLD,1439.9,weak_trend,19.65,-79.79,1565.49,1683.66,1304.19,63.73,4.43,,,1344.31,1567.36,1.33,ELEVATED,40,0,3
BORORENEW.NS,HOLD,548.5,weak_trend,18.63,-11.72,579.49,581.66,536.41,14.04,2.56,,,527.44,576.59,1.33,NORMAL,40,0,3
KALPATARU.NS,SELL,287.1,downtrend,58.56,-2.78,281.02,299.55,328.03,13.06,4.55,,,313.23,221.78,2.5,ELEVATED,65,1,2
TRIVENI.NS,SELL,243.03,downtrend,12.97,-49.83,308.68,371.87,372.69,25.64,10.55,,,294.31,114.83,2.5,ELEVATED,88,1,2
GSFC.NS,SELL,161.22,downtrend,55.35,-0.09,159.46,161.49,170.97,3.08,1.91,,,167.38,145.83,2.5,LOW,67,1,2
GARFIBRES.NS,HOLD,811.85,weak_trend,58.67,18.92,763.14,730.99,681.11,32.69,4.03,,,762.81,877.24,1.33,ELEVATED,40,2,1
ACI.NS,SELL,506.65,downtrend,34.03,-4.86,546.78,536.07,559.51,21.88,4.32,,,550.41,397.24,2.5,ELEVATED,77,0,3
SHILPAMED.NS,HOLD,807.55,weak_trend,80.39,41.58,647.87,600.81,419.86,35.19,4.36,,,754.76,877.94,1.33,ELEVATED,40,2,1
DBL.NS,HOLD,448.95,weak_trend,62.7,6.51,425.81,431.73,447.98,20.98,4.67,,,417.48,490.91,1.33,ELEVATED,40,2,1
MAXESTATES.NS,HOLD,397.1,weak_trend,47.02,-8.45,402.73,426.56,420.94,12.0,3.02,,,379.1,421.1,1.33,NORMAL,40,0,3
THOMASCOOK.NS,SELL,105.66,downtrend,51.72,0.28,102.71,104.97,117.02,4.47,4.23,,,114.6,83.32,2.5,ELEVATED,69,2,1
AARTIPHARM.NS,HOLD,823.0,weak_trend,71.43,9.76,694.71,679.62,714.06,30.18,3.67,,,777.73,883.36,1.33,NORMAL,40,2,1
GNFC.NS,HOLD,544.1,weak_trend,67.89,5.61,515.56,521.03,485.67,13.76,2.53,,,523.46,571.61,1.33,NORMAL,40,2,1
THANGAMAYL.NS,HOLD,5349.0,weak_trend,36.75,-235.51,6062.02,5857.72,4087.26,376.39,7.04,,,4784.41,6101.79,1.33,ELEVATED,40,0,3
PRSMJOHNSN.NS,SELL,111.56,downtrend,53.73,-1.22,109.76,114.8,127.25,4.78,4.28,,,121.11,87.67,2.5,ELEVATED,68,2,1
RUSTOMJEE.NS,SELL,380.0,downtrend,29.74,-5.42,405.45,403.14,453.71,14.72,3.87,,,409.44,306.39,2.5,NORMAL,80,0,3
AKUMS.NS,BUY,730.1,uptrend,61.44,14.48,680.21,636.61,511.77,22.08,3.02,715.5,744.7,685.94,840.49,2.5,NORMAL,75,3,0
AJAXENGG.NS,HOLD,565.4,weak_trend,37.37,4.79,586.57,567.91,551.72,18.65,3.3,,,537.43,602.7,1.33,NORMAL,40,0,3
ETHOSLTD.NS,HOLD,2782.1,weak_trend,58.26,80.77,2666.96,2521.35,2593.2,131.51,4.73,,,2584.83,3045.13,1.33,ELEVATED,40,2,1
PNCINFRA.NS,SELL,224.38,downtrend,36.17,2.16,242.1,230.03,228.72,9.58,4.27,,,243.54,176.48,2.5,ELEVATED,76,1,2
FDC.NS,SELL,360.35,downtrend,24.32,-10.13,404.71,405.43,389.65,14.9,4.13,,,390.14,285.87,2.5,ELEVATED,82,0,3
LLOYDSENGG.NS,BUY,95.33,uptrend,56.52,2.5,90.31,84.72,61.6,4.44,4.65,93.42,97.24,86.46,117.51,2.5,ELEVATED,73,3,0
REDTAPE.NS,BUY,134.49,uptrend,56.65,1.0,130.81,132.2,126.0,5.1,3.79,131.8,137.18,124.3,159.98,2.5,NORMAL,73,3,0
TMB.NS,HOLD,875.95,weak_trend,66.99,27.02,834.83,786.55,635.42,32.39,3.7,,,827.37,940.73,1.33,NORMAL,40,2,1
TIPSMUSIC.NS,HOLD,665.65,weak_trend,42.73,-2.56,677.61,667.35,581.73,38.33,5.76,,,608.15,742.31,1.33,ELEVATED,40,0,3
ATLANTAELE.NS,HOLD,1607.4,weak_trend,38.42,-41.19,1627.84,1762.31,1265.32,81.19,5.05,,,1485.61,1769.79,1.33,ELEVATED,40,0,3
EPIGRAL.NS,HOLD,1101.2,weak_trend,52.72,4.27,1108.77,1101.46,1179.54,53.19,4.83,,,1021.42,1207.57,1.33,ELEVATED,40,0,3
INOXGREEN.NS,SELL,180.0,downtrend,38.09,-4.06,185.23,189.23,189.17,9.59,5.33,,,199.19,132.03,2.5,ELEVATED,75,0,3
SFL.NS,HOLD,677.4,weak_trend,30.35,-0.36,763.67,729.22,612.71,37.64,5.56,,,620.94,752.69,1.33,ELEVATED,40,1,2
V2RETAIL.NS,HOLD,219.44,weak_trend,33.96,-2.11,220.8,227.41,217.25,5.14,2.34,,,211.74,229.71,1.33,NORMAL,40,0,3
MASTEK.NS,HOLD,1832.0,weak_trend,59.27,51.87,1790.36,1687.35,1831.56,68.3,3.73,,,1729.55,1968.6,1.33,NORMAL,40,1,2
BALUFORGE.NS,SELL,469.05,downtrend,61.78,-0.66,445.06,452.55,504.4,13.58,2.9,,,496.21,401.14,2.5,NORMAL,64,2,1
MOIL.NS,SELL,283.85,downtrend,62.65,0.7,275.41,281.43,311.75,8.53,3.01,,,300.91,241.19,2.5,NORMAL,63,1,2
GANESHHOU.NS,HOLD,760.75,weak_trend,34.63,-8.39,799.48,784.12,739.71,36.08,4.74,,,706.63,832.91,1.33,ELEVATED,40,0,3
RTNINDIA.NS,HOLD,31.79,weak_trend,47.96,-0.42,32.06,33.7,36.44,1.06,3.32,,,30.21,33.9,1.33,NORMAL,40,0,3
PFOCUS.NS,HOLD,287.6,weak_trend,51.98,11.49,288.36,254.16,248.19,14.6,5.08,,,265.7,316.8,1.33,ELEVATED,40,1,2
WELENT.NS,HOLD,579.35,weak_trend,32.47,-1.47,602.41,583.27,518.41,18.63,3.22,,,551.4,616.61,1.33,NORMAL,40,0,3
RAYMONDLSL.NS,SELL,731.8,downtrend,51.83,-5.0,725.83,756.35,893.75,28.26,3.86,,,788.31,590.51,2.5,NORMAL,69,1,2
ISGEC.NS,SELL,814.7,downtrend,21.41,-25.12,859.5,894.15,896.76,19.64,2.41,,,853.99,716.49,2.5,NORMAL,84,0,3
PRAJIND.NS,HOLD,325.05,weak_trend,43.49,-7.96,324.47,336.42,331.56,9.43,2.9,,,310.91,343.91,1.33,NORMAL,40,1,2
RATEGAIN.NS,HOLD,949.15,weak_trend,50.13,18.85,935.41,884.27,682.89,43.19,4.55,,,884.37,1035.53,1.33,ELEVATED,40,2,1
MIDHANI.NS,BUY,434.15,uptrend,62.97,2.9,408.41,419.61,369.4,10.66,2.46,425.47,442.83,412.82,487.47,2.5,NORMAL,76,3,0
KTKBANK.NS,HOLD,305.25,weak_trend,65.48,8.84,285.7,275.73,229.94,10.78,3.53,,,289.08,326.81,1.33,NORMAL,40,2,1
YATHARTH.NS,BUY,898.75,uptrend,65.84,8.85,847.27,840.0,747.7,22.6,2.52,880.77,916.73,853.54,1011.77,2.5,NORMAL,77,3,0
CSBBANK.NS,SELL,316.95,downtrend,23.56,-8.56,343.57,350.18,392.47,10.3,3.25,,,337.54,265.47,2.5,NORMAL,83,0,3
EPL.NS,HOLD,224.72,weak_trend,32.09,-1.3,233.04,229.14,214.82,6.8,3.03,,,214.52,238.32,1.33,NORMAL,40,1,2
AURIONPRO.NS,SELL,730.0,downtrend,21.66,-32.05,786.38,819.99,926.5,25.03,3.43,,,780.06,604.84,2.5,NORMAL,84,1,2
JUSTDIAL.NS,HOLD,683.3,weak_trend,28.59,21.26,731.0,616.1,633.22,29.07,4.25,,,639.7,741.44,1.33,ELEVATED,40,0,3
MHRIL.NS,SELL,229.66,downtrend,52.56,-0.7,223.64,228.25,270.58,7.51,3.27,,,244.67,192.13,2.5,NORMAL,68,1,2
THYROCARE.NS,HOLD,622.1,weak_trend,70.97,20.48,571.96,547.08,457.48,23.15,3.72,,,587.37,668.41,1.33,NORMAL,40,1,2
ARVINDFASN.NS,SELL,458.8,downtrend,39.58,-3.27,461.38,464.26,466.08,14.34,3.13,,,487.48,387.11,2.5,NORMAL,75,0,3
EQUITASBNK.NS,HOLD,75.22,weak_trend,38.68,-0.41,77.44,76.44,66.88,2.65,3.52,,,71.25,80.52,1.33,NORMAL,40,0,3
ELLEN.NS,HOLD,295.7,weak_trend,49.89,2.72,282.37,275.11,294.2,14.21,4.81,,,274.38,324.13,1.33,ELEVATED,40,2,1
CMSINFO.NS,SELL,279.35,downtrend,53.43,-1.15,273.3,282.47,311.92,9.32,3.34,,,297.99,232.76,2.5,NORMAL,68,2,1
PGIL.NS,HOLD,2428.9,weak_trend,73.97,100.03,2090.26,1946.15,1647.14,97.51,4.01,,,2282.63,2623.93,1.33,ELEVATED,40,1,2
DHANUKA.NS,SELL,1015.5,downtrend,50.2,-9.1,1016.97,1047.58,1109.44,31.92,3.14,,,1079.34,855.89,2.5,NORMAL,69,1,2
SYMPHONY.NS,SELL,654.05,downtrend,27.08,-9.69,686.13,684.06,795.42,17.45,2.67,,,688.94,566.82,2.5,NORMAL,81,0,3
QPOWER.NS,HOLD,1124.1,weak_trend,47.23,-11.54,1140.19,1165.43,960.04,48.33,4.3,,,1051.61,1220.76,1.33,ELEVATED,40,1,2
CUPID.NS,HOLD,262.13,weak_trend,86.98,16.98,225.54,193.69,113.55,9.86,3.76,,,247.34,281.85,1.33,NORMAL,40,2,1
AHLUCONT.NS,SELL,822.3,downtrend,41.38,-2.73,835.24,828.73,857.42,21.0,2.55,,,864.29,717.32,2.5,NORMAL,74,0,3
IFBIND.NS,BUY,1404.4,uptrend,60.03,29.38,1355.16,1307.4,1331.12,49.34,3.51,1376.31,1432.49,1305.73,1651.08,2.5,NORMAL,75,3,0
BAJAJELEC.NS,SELL,363.1,downtrend,66.08,9.77,338.57,326.05,394.0,14.83,4.08,,,392.76,288.94,2.5,ELEVATED,61,1,2
JKPAPER.NS,HOLD,387.05,weak_trend,57.03,6.64,383.95,364.85,360.05,16.3,4.21,,,362.6,419.65,1.33,ELEVATED,40,1,2
PRICOLLTD.NS,HOLD,732.8,weak_trend,78.92,38.89,671.34,619.15,596.43,28.37,3.87,,,690.24,789.55,1.33,NORMAL,40,1,2
AVALON.NS,BUY,1965.3,uptrend,68.65,40.25,1752.95,1715.13,1198.39,94.83,4.83,1925.99,2004.61,1775.64,2439.44,2.5,ELEVATED,79,3,0
SURYAROSNI.NS,SELL,247.72,downtrend,66.74,-1.11,242.36,251.68,248.86,7.67,3.1,,,263.06,209.36,2.5,NORMAL,61,2,1
HNDFDS.NS,HOLD,576.2,weak_trend,52.3,7.08,571.88,555.9,520.29,17.2,2.98,,,550.41,610.59,1.33,NORMAL,40,1,2
PURVA.NS,SELL,213.16,downtrend,41.03,-2.37,216.45,216.1,224.77,5.55,2.6,,,224.26,185.41,2.5,NORMAL,74,0,3
AVL.NS,HOLD,618.45,weak_trend,41.82,1.76,629.22,612.01,534.59,22.39,3.62,,,584.87,663.22,1.33,NORMAL,40,0,3
RTNPOWER.NS,HOLD,8.66,weak_trend,42.4,-0.09,8.69,9.02,9.23,0.25,2.92,,,8.28,9.17,1.33,NORMAL,40,0,3
RENUKA.NS,SELL,22.44,downtrend,53.08,-0.13,22.16,22.46,25.2,0.58,2.58,,,23.6,19.55,2.5,NORMAL,68,2,1
GREENLAM.NS,HOLD,242.65,weak_trend,46.79,2.16,253.46,251.92,242.77,12.29,5.07,,,224.21,267.24,1.33,ELEVATED,40,1,2
SUPRAJIT.NS,HOLD,529.25,weak_trend,74.53,12.21,499.89,483.03,449.71,18.49,3.49,,,501.51,566.24,1.33,NORMAL,40,2,1
JAYNECOIND.NS,HOLD,92.37,weak_trend,67.93,0.21,88.8,89.62,84.54,3.39,3.67,,,87.29,99.14,1.33,NORMAL,40,2,1
VMART.NS,HOLD,799.35,weak_trend,53.7,12.16,763.11,751.65,687.01,30.83,3.86,,,753.11,861.01,1.33,NORMAL,40,2,1
IONEXCHANG.NS,HOLD,385.65,weak_trend,31.43,-4.65,420.74,399.19,378.76,15.85,4.11,,,361.87,417.35,1.33,ELEVATED,40,0,3
SUNTECK.NS,SELL,299.15,downtrend,37.88,-3.39,307.71,307.78,361.1,10.5,3.51,,,320.16,246.63,2.5,NORMAL,76,0,3
JUNIPER.NS,HOLD,194.85,weak_trend,49.22,-0.11,196.18,197.06,221.33,6.06,3.11,,,185.77,206.96,1.33,NORMAL,40,0,3
HGINFRA.NS,HOLD,549.15,weak_trend,41.68,-4.98,547.33,559.49,649.8,9.94,1.81,,,534.24,569.03,1.33,LOW,40,0,3
ICRA.NS,HOLD,5092.4,weak_trend,49.5,-4.34,5007.86,5068.15,5534.84,155.05,3.04,,,4859.82,5402.5,1.33,NORMAL,40,0,3
SUBROS.NS,SELL,778.15,downtrend,42.72,3.8,802.88,790.82,809.05,23.83,3.06,,,825.81,658.99,2.5,NORMAL,73,1,2
AXISCADES.NS,HOLD,1554.8,weak_trend,47.98,-26.21,1571.63,1684.03,1567.13,66.11,4.25,,,1455.63,1687.03,1.33,ELEVATED,40,0,3
CRAMC.NS,HOLD,262.1,weak_trend,57.47,3.05,261.54,253.12,265.14,9.75,3.72,,,247.48,281.59,1.33,NORMAL,40,0,3
RALLIS.NS,SELL,213.14,downtrend,23.58,-4.4,222.94,226.15,248.85,4.59,2.15,,,222.32,190.19,2.5,NORMAL,83,0,3
GOKEX.NS,HOLD,796.15,weak_trend,40.97,-2.57,817.33,797.02,747.21,25.74,3.23,,,757.54,847.63,1.33,NORMAL,40,0,3
MTARTECH.NS,HOLD,6940.0,weak_trend,72.63,-31.89,6094.95,6924.64,4539.48,310.61,4.48,,,6474.09,7561.21,1.33,ELEVATED,40,1,2
GULFOILLUB.NS,HOLD,1189.5,weak_trend,78.53,40.7,1064.35,1028.25,1057.83,42.14,3.54,,,1126.3,1273.77,1.33,NORMAL,40,1,2
CHEMPLASTS.NS,SELL,183.61,downtrend,35.88,-3.58,198.17,202.85,255.57,8.4,4.58,,,200.42,141.59,2.5,ELEVATED,77,1,2
ASHAPURMIN.NS,SELL,644.7,downtrend,41.18,8.07,700.51,689.04,665.33,31.34,4.86,,,707.39,487.99,2.5,ELEVATED,74,1,2
SWSOLAR.NS,SELL,204.93,downtrend,37.23,-5.48,213.51,219.81,207.52,5.99,2.92,,,216.91,174.99,2.5,NORMAL,76,0,3
SHARDAMOTR.NS,BUY,941.3,uptrend,69.17,17.41,866.32,847.97,892.85,30.62,3.25,922.47,960.13,880.06,1094.41,2.5,NORMAL,79,3,0
PICCADIL.NS,HOLD,768.8,weak_trend,53.58,27.97,743.85,656.38,606.04,26.39,3.43,,,729.22,821.57,1.33,NORMAL,40,1,2
INDIAGLYCO.NS,HOLD,1084.8,weak_trend,36.9,19.23,1146.04,1056.46,992.52,39.39,3.63,,,1025.72,1163.58,1.33,NORMAL,40,1,2
MANINFRA.NS,HOLD,113.85,weak_trend,70.97,1.33,102.13,105.64,113.93,3.85,3.38,,,108.07,121.56,1.33,NORMAL,40,1,2
VIPIND.NS,SELL,319.5,downtrend,64.81,2.42,301.05,308.1,341.72,8.99,2.81,,,337.47,274.57,2.5,NORMAL,62,2,1
ELECTCAST.NS,HOLD,71.98,weak_trend,40.68,-1.34,72.86,75.3,76.84,1.79,2.49,,,69.29,75.56,1.33,NORMAL,40,1,2
TIIL.NS,BUY,2693.5,uptrend,64.42,32.09,2566.94,2541.83,2362.5,88.04,3.27,2639.63,2747.37,2517.41,3133.71,2.5,NORMAL,77,3,0
PILANIINVS.NS,SELL,4370.7,downtrend,50.19,-13.3,4349.18,4347.13,4725.51,75.31,1.72,,,4521.33,3994.13,2.5,LOW,69,2,1
SMARTWORKS.NS,HOLD,486.8,weak_trend,50.41,3.0,477.64,470.42,463.72,18.96,3.89,,,458.36,524.72,1.33,NORMAL,40,2,1
IMFA.NS,HOLD,1472.2,weak_trend,67.12,29.16,1397.29,1392.08,1340.39,58.69,3.99,,,1384.16,1589.58,1.33,NORMAL,40,2,1
SUPRIYA.NS,HOLD,923.45,weak_trend,69.35,3.92,860.93,907.75,753.41,33.97,3.68,,,872.5,991.39,1.33,NORMAL,40,2,1
PARAS.NS,HOLD,1267.5,weak_trend,58.03,25.89,1233.77,1200.69,828.14,51.31,4.05,,,1190.54,1370.11,1.33,ELEVATED,40,2,1
GHCL.NS,HOLD,434.45,weak_trend,51.99,0.7,436.5,433.73,493.22,8.44,1.94,,,421.79,451.33,1.33,LOW,40,0,3
SAATVIKGL.NS,SELL,423.65,downtrend,23.35,-8.02,443.78,453.85,428.11,12.76,3.01,,,449.18,359.83,2.5,NORMAL,83,0,3
EMUDHRA.NS,HOLD,538.85,weak_trend,85.04,18.47,472.7,461.34,509.45,20.38,3.78,,,508.29,579.6,1.33,NORMAL,40,1,2
MASFIN.NS,SELL,302.15,downtrend,36.17,-1.86,316.6,313.14,314.61,9.91,3.28,,,321.98,252.58,2.5,NORMAL,76,0,3
TEXRAIL.NS,SELL,107.35,downtrend,37.42,-1.03,111.78,110.36,114.84,3.28,3.06,,,113.91,90.95,2.5,NORMAL,76,0,3
SKIPPER.NS,HOLD,529.0,weak_trend,43.61,-2.44,534.88,543.04,455.39,20.85,3.94,,,497.73,570.69,1.33,NORMAL,40,1,2
RAJESHEXPO.NS,SELL,83.58,downtrend,40.41,-2.63,87.36,91.71,137.41,3.17,3.79,,,89.92,67.74,2.5,NORMAL,74,0,3
STLTECH.NS,HOLD,637.75,weak_trend,76.01,20.07,563.07,582.52,284.72,34.53,5.41,,,585.96,706.81,1.33,ELEVATED,40,1,2
SENCO.NS,HOLD,398.85,weak_trend,58.72,11.43,389.9,359.3,330.92,19.87,4.98,,,369.04,438.6,1.33,ELEVATED,40,1,2
FISCHER.NS,SELL,38.98,downtrend,45.44,0.13,38.37,37.05,43.67,1.58,4.06,,,42.15,31.07,2.5,ELEVATED,72,0,3
STYL.NS,HOLD,407.75,weak_trend,59.62,12.13,375.71,330.47,288.61,22.09,5.42,,,374.61,451.94,1.33,ELEVATED,40,2,1
KSCL.NS,SELL,764.45,downtrend,21.7,-28.56,819.67,858.77,903.91,23.14,3.03,,,810.72,648.77,2.5,NORMAL,84,0,3
ICIL.NS,HOLD,426.6,weak_trend,76.58,7.19,405.67,392.62,305.99,15.34,3.6,,,403.59,457.29,1.33,NORMAL,40,1,2
SHOPERSTOP.NS,HOLD,420.05,weak_trend,67.91,12.78,392.19,372.07,371.64,17.69,4.21,,,393.52,455.43,1.33,ELEVATED,40,2,1
INDIGOPNTS.NS,HOLD,1120.5,weak_trend,59.42,20.28,1078.57,1038.9,1027.48,33.26,2.97,,,1070.61,1187.01,1.33,NORMAL,40,2,1
FIEMIND.NS,HOLD,2580.3,weak_trend,80.24,64.98,2327.33,2271.07,2192.99,73.17,2.84,,,2470.55,2726.63,1.33,NORMAL,40,2,1
TVSSCS.NS,HOLD,133.79,weak_trend,44.26,0.15,135.75,133.29,117.11,3.35,2.5,,,128.76,140.49,1.33,NORMAL,40,0,3
RESPONIND.NS,SELL,169.38,downtrend,24.19,-5.27,179.46,185.66,180.7,5.48,3.24,,,180.34,141.97,2.5,NORMAL,82,0,3
BANSALWIRE.NS,HOLD,332.2,weak_trend,56.55,0.41,319.07,319.12,299.86,16.25,4.89,,,307.82,364.71,1.33,ELEVATED,40,2,1
LXCHEM.NS,HOLD,177.97,weak_trend,47.57,4.5,180.22,165.57,156.5,9.15,5.14,,,164.25,196.27,1.33,ELEVATED,40,0,3
CRIZAC.NS,SELL,187.98,downtrend,52.0,-3.2,190.07,200.36,231.71,7.26,3.86,,,202.49,151.7,2.5,NORMAL,68,1,2
AGI.NS,HOLD,709.8,weak_trend,55.42,8.21,697.62,682.95,658.66,21.79,3.07,,,677.12,753.38,1.33,NORMAL,40,2,1
KNRCON.NS,HOLD,139.99,weak_trend,74.4,1.61,125.48,128.68,139.75,4.12,2.94,,,133.81,148.23,1.33,NORMAL,40,2,1
UNIMECH.NS,HOLD,1452.3,weak_trend,69.01,59.08,1269.32,1190.55,991.85,64.21,4.42,,,1355.98,1580.73,1.33,ELEVATED,40,2,1
GMMPFAUDLR.NS,HOLD,987.3,weak_trend,82.57,35.55,830.17,800.42,950.58,38.18,3.87,,,930.03,1063.67,1.33,NORMAL,40,2,1
ASHOKA.NS,SELL,118.33,downtrend,32.83,-2.27,123.3,126.19,144.54,2.44,2.06,,,123.2,106.15,2.5,NORMAL,78,0,3
DYNAMATECH.NS,HOLD,11401.0,weak_trend,76.93,164.25,10521.6,10485.94,9846.63,377.14,3.31,,,10835.29,12155.29,1.33,NORMAL,40,2,1
E2E.NS,HOLD,602.8,weak_trend,74.51,48.56,501.89,442.49,303.39,33.67,5.59,,,552.29,670.14,1.33,ELEVATED,40,2,1
GOKULAGRO.NS,HOLD,228.8,weak_trend,69.57,3.24,218.25,219.99,197.23,9.13,3.99,,,215.11,247.06,1.33,NORMAL,40,2,1
FEDFINA.NS,HOLD,149.9,weak_trend,35.28,-1.18,153.68,154.05,146.99,4.18,2.79,,,143.63,158.26,1.33,NORMAL,40,0,3
OPTIEMUS.NS,HOLD,559.1,weak_trend,38.1,16.86,601.74,521.79,470.24,28.14,5.03,,,516.89,615.39,1.33,ELEVATED,40,0,3
KINGFA.NS,HOLD,5549.5,weak_trend,71.75,61.83,5137.88,5136.45,4597.27,193.43,3.49,,,5259.36,5936.36,1.33,NORMAL,40,2,1
KRN.NS,HOLD,1208.4,weak_trend,37.25,-4.95,1227.81,1217.05,968.66,39.09,3.24,,,1149.76,1286.59,1.33,NORMAL,40,0,3
DATAMATICS.NS,BUY,865.15,uptrend,56.83,7.9,845.45,823.38,788.08,26.84,3.1,847.85,882.45,811.48,999.33,2.5,NORMAL,73,3,0
WEBELSOLAR.NS,HOLD,94.49,weak_trend,32.54,-1.87,98.33,101.58,93.84,3.18,3.36,,,89.72,100.85,1.33,NORMAL,40,1,2
EMIL.NS,HOLD,180.77,weak_trend,83.09,9.01,136.5,126.45,113.66,9.36,5.18,,,166.74,199.48,1.33,ELEVATED,40,2,1
PTC.NS,HOLD,177.99,weak_trend,81.12,4.8,157.02,159.93,153.46,5.06,2.84,,,170.4,188.11,1.33,NORMAL,40,2,1
ROUTE.NS,SELL,528.3,downtrend,40.13,-2.68,553.9,538.23,571.68,23.66,4.48,,,575.63,409.98,2.5,ELEVATED,74,0,3
ITDC.NS,HOLD,701.75,weak_trend,19.77,11.76,727.63,657.69,575.79,24.71,3.52,,,664.68,751.18,1.33,NORMAL,40,0,3
RSYSTEMS.NS,SELL,245.05,downtrend,48.08,1.74,254.4,249.95,313.96,13.13,5.36,,,271.3,179.42,2.5,ELEVATED,70,0,3
ZAGGLE.NS,HOLD,206.06,weak_trend,47.17,-0.88,206.82,206.3,269.91,5.49,2.66,,,197.82,217.04,1.33,NORMAL,40,0,3
GAEL.NS,HOLD,172.85,weak_trend,70.77,5.27,159.51,159.07,140.71,8.62,4.99,,,159.92,190.09,1.33,ELEVATED,40,1,2
ORIANA.NS,HOLD,1421.25,weak_trend,49.84,-30.9,1436.65,1537.41,1973.39,65.46,4.61,,,1323.06,1552.16,1.33,ELEVATED,40,0,3
SIS.NS,SELL,434.95,downtrend,48.69,1.24,433.61,428.61,353.18,8.27,1.9,,,451.49,393.61,2.5,LOW,70,1,2
PDSL.NS,SELL,361.85,downtrend,49.41,2.75,359.1,345.12,329.3,12.69,3.51,,,387.22,298.42,2.5,NORMAL,70,1,2
SMLMAH.NS,HOLD,5554.0,weak_trend,72.46,451.19,4592.9,4184.53,3893.11,370.86,6.68,,,4997.7,6295.73,1.33,ELEVATED,40,1,2
HCC.NS,SELL,20.18,downtrend,27.7,-0.77,21.81,23.62,21.09,0.71,3.5,,,21.59,16.64,2.5,NORMAL,81,1,2
VRLLOG.NS,HOLD,281.35,weak_trend,83.48,11.69,253.06,243.1,256.74,11.44,4.07,,,264.19,304.23,1.33,ELEVATED,40,1,2
ENTERO.NS,BUY,1315.1,uptrend,65.09,19.65,1233.84,1186.92,1143.17,58.16,4.42,1288.8,1341.4,1198.77,1605.92,2.5,ELEVATED,77,3,0
SUNFLAG.NS,HOLD,389.4,weak_trend,74.46,8.53,358.83,355.71,290.28,13.65,3.51,,,368.92,416.71,1.33,NORMAL,40,1,2
SWARAJENG.NS,HOLD,3600.4,weak_trend,38.27,-41.17,3638.72,3716.39,3642.63,61.95,1.72,,,3507.47,3724.3,1.33,LOW,40,0,3
JSFB.NS,HOLD,549.4,weak_trend,55.29,22.89,540.05,496.39,437.6,24.56,4.47,,,512.55,598.53,1.33,ELEVATED,40,1,2
JKIL.NS,SELL,498.9,downtrend,51.92,-0.63,490.95,491.06,532.41,11.65,2.34,,,522.2,440.65,2.5,NORMAL,69,2,1
CARERATING.NS,BUY,1749.2,uptrend,64.41,21.48,1696.09,1661.61,1601.28,52.69,3.01,1714.22,1784.18,1643.81,2012.66,2.5,NORMAL,77,3,0
ANUP.NS,SELL,1896.0,downtrend,28.6,-26.9,2131.14,2120.67,2043.62,100.04,5.28,,,2096.07,1395.82,2.5,ELEVATED,80,1,2
GREAVESCOT.NS,HOLD,195.08,weak_trend,23.1,-6.15,232.07,216.37,183.04,11.26,5.77,,,178.18,217.61,1.33,ELEVATED,40,0,3
SUVEN.NS,SELL,332.6,downtrend,46.99,4.5,322.03,298.16,207.16,17.09,5.14,,,366.77,247.17,2.5,ELEVATED,71,2,1
LGBBROSLTD.NS,SELL,1523.5,downtrend,40.97,-10.6,1550.42,1550.97,1711.93,35.41,2.32,,,1594.31,1346.46,2.5,NORMAL,74,0,3
SKYGOLD.NS,HOLD,779.6,weak_trend,73.15,38.88,664.58,588.73,422.75,34.14,4.38,,,728.39,847.89,1.33,ELEVATED,40,2,1
REFEX.NS,HOLD,292.9,weak_trend,39.9,-7.49,312.54,323.11,281.48,13.65,4.66,,,272.43,320.2,1.33,ELEVATED,40,0,3
TARC.NS,SELL,130.78,downtrend,67.24,2.55,128.02,127.14,140.14,5.82,4.45,,,142.43,101.66,2.5,ELEVATED,61,1,2
NIITMTS.NS,SELL,242.79,downtrend,58.38,2.29,239.81,232.89,314.4,9.64,3.97,,,262.08,194.57,2.5,NORMAL,65,1,2
DBCORP.NS,HOLD,210.41,weak_trend,53.49,2.88,208.17,201.12,221.79,4.77,2.27,,,203.26,219.95,1.33,NORMAL,40,0,3
INNOVACAP.NS,HOLD,966.1,weak_trend,45.51,-0.51,967.65,952.09,787.88,25.96,2.69,,,927.15,1018.03,1.33,NORMAL,40,1,2
BALAMINES.NS,HOLD,2029.6,weak_trend,37.01,-28.85,2224.86,2149.96,1451.39,128.06,6.31,,,1837.5,2285.73,1.33,ELEVATED,40,0,3
NACLIND.NS,HOLD,177.36,weak_trend,27.4,-6.69,198.7,193.79,169.67,10.99,6.2,,,160.87,199.35,1.33,ELEVATED,40,0,3
DCBBANK.NS,HOLD,187.43,weak_trend,46.95,1.26,189.86,185.58,179.97,6.43,3.43,,,177.78,200.3,1.33,NORMAL,40,0,3
SJS.NS,BUY,2372.0,uptrend,60.69,71.61,2322.54,2216.89,1851.99,111.75,4.71,2324.56,2419.44,2148.5,2930.75,2.5,ELEVATED,75,3,0
BOSCH-HCIL.NS,HOLD,1682.4,weak_trend,88.01,57.45,1382.56,1369.3,1424.08,52.03,3.09,,,1604.36,1786.46,1.33,NORMAL,40,2,1
NFL.NS,HOLD,71.91,weak_trend,47.92,-0.59,71.95,73.91,79.37,1.11,1.54,,,70.25,74.12,1.33,LOW,40,0,3
SPARC.NS,HOLD,207.38,weak_trend,34.61,-6.24,220.2,228.16,162.46,8.51,4.1,,,194.62,224.4,1.33,ELEVATED,40,1,2
INDIQUBE.NS,HOLD,182.6,weak_trend,69.73,2.39,174.58,168.68,180.73,8.32,4.56,,,170.11,199.25,1.33,ELEVATED,40,2,1
BANARISUG.NS,SELL,3491.0,downtrend,53.48,-4.26,3484.29,3514.32,3584.02,39.11,1.12,,,3569.21,3295.46,2.5,LOW,68,1,2
SHREEJISPG.NS,HOLD,662.65,weak_trend,68.9,36.33,630.44,546.94,405.83,17.37,2.62,,,636.6,697.39,1.33,NORMAL,40,1,2
VSTTILLERS.NS,HOLD,4487.4,weak_trend,49.54,-20.44,4489.66,4527.49,5248.53,100.55,2.24,,,4336.57,4688.5,1.33,NORMAL,40,1,2
INDRAMEDCO.NS,SELL,380.65,downtrend,54.9,-2.82,369.97,379.19,423.18,10.22,2.69,,,401.09,329.54,2.5,NORMAL,67,2,1
PACEDIGITK.NS,SELL,178.15,downtrend,27.12,-3.66,198.22,197.6,188.7,7.55,4.24,,,193.25,140.41,2.5,ELEVATED,81,0,3
VSTIND.NS,SELL,219.6,downtrend,30.18,-6.43,227.03,239.89,235.0,5.09,2.32,,,229.79,194.13,2.5,NORMAL,79,0,3
RAIN.NS,HOLD,204.58,weak_trend,39.21,7.17,221.46,205.48,151.75,11.32,5.53,,,187.6,227.23,1.33,ELEVATED,40,1,2
SAMHI.NS,HOLD,169.8,weak_trend,54.49,0.84,173.69,172.38,170.55,7.5,4.42,,,158.55,184.79,1.33,ELEVATED,40,1,2
HEIDELBERG.NS,SELL,156.27,downtrend,41.23,-0.08,157.16,154.87,164.62,2.8,1.79,,,161.86,142.28,2.5,LOW,74,0,3
CEIGALL.NS,HOLD,319.8,weak_trend,34.32,-7.97,339.57,358.76,300.34,12.0,3.75,,,301.81,343.79,1.33,NORMAL,40,1,2
SGMART.NS,HOLD,716.35,weak_trend,62.4,24.98,683.36,631.76,481.29,24.06,3.36,,,680.26,764.46,1.33,NORMAL,40,2,1
HERITGFOOD.NS,HOLD,361.8,weak_trend,74.5,5.08,334.66,328.47,375.73,9.2,2.54,,,348.01,380.19,1.33,NORMAL,40,1,2
STYRENIX.NS,HOLD,2264.8,weak_trend,32.03,11.91,2361.88,2285.39,2107.9,100.01,4.42,,,2114.78,2464.82,1.33,ELEVATED,40,0,3
ORIENTCEM.NS,HOLD,136.73,weak_trend,46.21,0.42,137.11,135.93,153.74,3.55,2.6,,,131.4,143.84,1.33,NORMAL,40,0,3
AARTIDRUGS.NS,SELL,416.2,downtrend,48.95,5.97,413.17,391.62,392.64,11.93,2.87,,,440.06,356.54,2.5,NORMAL,70,1,2
ORIENTELEC.NS,BUY,189.18,uptrend,66.15,1.24,175.1,176.41,179.45,8.36,4.42,185.4,192.96,172.46,230.97,2.5,ELEVATED,78,3,0
GUJTHEM.NS,HOLD,355.95,weak_trend,43.24,-6.08,361.49,378.8,367.47,12.74,3.58,,,336.85,381.42,1.33,NORMAL,40,1,2
GOPAL.NS,SELL,273.6,downtrend,68.37,0.58,266.76,274.67,297.41,8.12,2.97,,,289.84,232.99,2.5,NORMAL,60,2,1
BHARATRAS.NS,SELL,1358.2,downtrend,59.45,-1.24,1319.88,1360.46,1771.56,36.59,2.69,,,1431.37,1175.27,2.5,NORMAL,65,1,2
RBA.NS,HOLD,90.23,weak_trend,81.66,4.67,72.92,73.05,66.68,4.47,4.95,,,83.53,99.17,1.33,ELEVATED,40,1,2
LUMAXIND.NS,HOLD,5791.5,weak_trend,79.0,123.76,5311.14,5277.56,5298.14,178.81,3.09,,,5523.28,6149.13,1.33,NORMAL,40,2,1
ZOTA.NS,SELL,1274.7,downtrend,40.84,-23.51,1299.91,1307.45,1353.09,46.36,3.64,,,1367.41,1042.91,2.5,NORMAL,74,0,3
AVANTEL.NS,HOLD,163.43,weak_trend,32.2,-2.74,167.44,171.12,156.93,3.88,2.37,,,157.61,171.19,1.33,NORMAL,40,0,3
EIEL.NS,HOLD,213.16,weak_trend,31.27,-0.57,221.92,213.2,198.22,7.08,3.32,,,202.53,227.33,1.33,NORMAL,40,0,3
HUBTOWN.NS,SELL,178.74,downtrend,20.85,-6.61,193.22,199.17,227.08,6.86,3.84,,,192.47,144.43,2.5,NORMAL,84,0,3
KITEX.NS,SELL,137.94,downtrend,25.02,-3.19,146.75,153.07,173.26,3.79,2.75,,,145.52,119.0,2.5,NORMAL,82,1,2
RAYMONDREL.NS,HOLD,607.05,weak_trend,31.68,2.07,672.75,646.75,526.46,28.62,4.71,,,564.12,664.29,1.33,ELEVATED,40,1,2
SANATHAN.NS,HOLD,477.8,weak_trend,63.36,9.23,468.27,444.92,438.3,23.64,4.95,,,442.35,525.07,1.33,ELEVATED,40,1,2
NORTHARC.NS,HOLD,285.35,weak_trend,31.45,-5.23,295.15,296.62,266.98,10.69,3.75,,,269.31,306.74,1.33,NORMAL,40,0,3
JAMNAAUTO.NS,HOLD,128.44,weak_trend,41.53,1.94,134.86,131.5,123.93,5.61,4.37,,,120.02,139.67,1.33,ELEVATED,40,1,2
GUJALKALI.NS,HOLD,674.0,weak_trend,67.2,15.81,649.15,637.04,577.6,31.81,4.72,,,626.29,737.61,1.33,ELEVATED,40,2,1
DCAL.NS,SELL,193.04,downtrend,52.53,1.52,189.42,185.56,205.26,6.7,3.47,,,206.44,159.54,2.5,NORMAL,68,1,2
AWFIS.NS,SELL,271.65,downtrend,37.53,-7.53,282.42,295.17,382.63,9.17,3.38,,,289.99,225.79,2.5,NORMAL,76,0,3
MOSCHIP.NS,SELL,204.42,downtrend,20.23,-4.87,222.39,218.41,205.25,8.5,4.16,,,221.43,161.9,2.5,ELEVATED,84,0,3
RAMKY.NS,SELL,406.85,downtrend,67.86,-2.7,385.72,405.36,491.16,9.5,2.33,,,425.84,359.37,2.5,NORMAL,61,2,1
GOLDIAM.NS,BUY,372.9,uptrend,67.97,7.42,357.76,346.84,288.34,17.18,4.61,365.44,380.36,338.54,458.81,2.5,ELEVATED,78,3,0
JTEKTINDIA.NS,HOLD,142.62,weak_trend,74.58,1.18,136.66,135.02,138.72,4.14,2.9,,,136.41,150.9,1.33,NORMAL,40,2,1
HEMIPROP.NS,HOLD,138.04,weak_trend,56.25,-0.12,136.43,138.09,136.46,3.02,2.19,,,133.51,144.09,1.33,NORMAL,40,2,1
63MOONS.NS,HOLD,857.75,weak_trend,69.09,50.05,777.8,706.71,686.17,46.96,5.47,,,787.31,951.66,1.33,ELEVATED,40,2,1
KIRLOSIND.NS,HOLD,3759.6,weak_trend,41.54,1.81,3852.7,3735.65,3337.58,111.66,2.97,,,3592.11,3982.91,1.33,NORMAL,40,0,3
SHANTIGEAR.NS,SELL,401.95,downtrend,35.34,-7.77,419.66,433.22,451.16,12.85,3.2,,,427.64,337.72,2.5,NORMAL,77,0,3
SINDHUTRAD.NS,HOLD,24.56,weak_trend,37.18,-0.26,24.82,25.23,23.59,1.07,4.35,,,22.96,26.7,1.33,ELEVATED,40,0,3
BOROLTD.NS,SELL,241.04,downtrend,52.31,1.85,238.49,233.56,260.63,8.43,3.5,,,257.9,198.88,2.5,NORMAL,68,1,2
MARATHON.NS,HOLD,380.15,weak_trend,43.31,-6.08,389.5,400.83,474.3,13.13,3.45,,,360.46,406.41,1.33,NORMAL,40,0,3
CAMLINFINE.NS,SELL,126.58,downtrend,54.84,-0.31,125.81,129.62,140.85,4.74,3.74,,,136.05,102.9,2.5,NORMAL,67,1,2
UFLEX.NS,HOLD,488.7,weak_trend,71.6,12.84,466.37,442.02,453.75,20.06,4.11,,,458.6,528.83,1.33,ELEVATED,40,1,2
VAIBHAVGBL.NS,HOLD,242.95,weak_trend,41.7,2.47,257.81,244.46,231.26,11.95,4.92,,,225.02,266.85,1.33,ELEVATED,40,0,3
UEL.NS,HOLD,257.79,weak_trend,95.46,25.42,150.13,141.34,144.31,13.0,5.04,,,238.3,283.78,1.33,ELEVATED,40,1,2
RPGLIFE.NS,HOLD,2638.0,weak_trend,9.37,32.93,2838.56,2518.37,2229.74,116.85,4.43,,,2462.73,2871.7,1.33,ELEVATED,40,0,3
RAYMOND.NS,HOLD,614.95,weak_trend,50.79,6.36,604.73,588.15,480.16,21.25,3.46,,,583.07,657.45,1.33,NORMAL,40,2,1
ORCHPHARMA.NS,HOLD,1001.85,weak_trend,38.34,8.48,1012.6,966.92,762.73,36.09,3.6,,,947.72,1074.03,1.33,NORMAL,40,0,3
LUXIND.NS,HOLD,1269.4,weak_trend,47.15,-1.11,1262.8,1271.77,1176.37,34.29,2.7,,,1217.97,1337.97,1.33,NORMAL,40,2,1
MPSLTD.NS,HOLD,2931.2,weak_trend,77.8,230.48,2488.01,2109.83,1908.44,167.43,5.71,,,2680.06,3266.06,1.33,ELEVATED,40,1,2
MCLOUD.NS,SELL,29.68,downtrend,59.0,0.19,28.63,28.12,29.99,1.06,3.58,,,31.8,24.37,2.5,NORMAL,65,1,2
TRUALT.NS,HOLD,477.05,weak_trend,75.5,0.8,433.23,462.54,433.43,20.96,4.39,,,445.61,518.96,1.33,ELEVATED,40,1,2
AJMERA.NS,SELL,123.04,downtrend,44.8,-1.48,126.66,127.79,148.65,4.02,3.26,,,131.07,102.96,2.5,NORMAL,72,0,3
GOODLUCK.NS,HOLD,1479.6,weak_trend,35.85,6.4,1529.45,1459.71,1232.19,53.74,3.63,,,1398.99,1587.09,1.33,NORMAL,40,1,2
VADILALIND.NS,BUY,7380.0,uptrend,68.13,275.76,6987.55,6467.38,5233.2,241.75,3.28,7232.4,7527.6,6896.5,8588.75,2.5,NORMAL,79,3,0
EBGNG.NS,HOLD,555.65,weak_trend,53.45,-6.37,551.16,536.49,396.24,33.28,5.99,,,505.74,622.2,1.33,ELEVATED,40,2,1
QUESS.NS,HOLD,311.05,weak_trend,60.03,13.06,302.69,271.67,217.32,14.65,4.71,,,289.08,340.35,1.33,ELEVATED,40,1,2
WONDERLA.NS,SELL,493.15,downtrend,62.17,3.36,474.44,478.68,510.67,15.29,3.1,,,523.73,416.71,2.5,NORMAL,63,1,2
GREENPLY.NS,HOLD,282.7,weak_trend,24.36,-4.84,300.34,298.16,260.09,12.29,4.35,,,264.26,307.29,1.33,ELEVATED,40,0,3
NEOGEN.NS,HOLD,2182.8,weak_trend,52.49,14.74,2102.78,2020.92,1519.32,98.09,4.49,,,2035.67,2378.97,1.33,ELEVATED,40,2,1
INTERARCH.NS,SELL,1697.0,downtrend,35.1,-16.4,1818.11,1829.88,2012.56,68.78,4.05,,,1834.56,1353.11,2.5,ELEVATED,77,1,2
PRECWIRE.NS,HOLD,413.8,weak_trend,70.77,2.7,377.52,395.89,317.86,16.34,3.95,,,389.29,446.49,1.33,NORMAL,40,2,1
KOLTEPATIL.NS,HOLD,462.2,weak_trend,82.46,15.58,396.15,378.24,374.71,18.46,3.99,,,434.51,499.12,1.33,NORMAL,40,2,1
JINDWORLD.NS,SELL,37.26,downtrend,48.87,2.06,36.5,32.52,29.01,2.68,7.19,,,42.62,23.86,2.5,ELEVATED,70,1,2
MBAPL.NS,HOLD,158.09,weak_trend,61.81,9.96,149.2,128.27,100.38,7.44,4.71,,,146.93,172.97,1.33,ELEVATED,40,1,2
ARSSBL.NS,SELL,500.6,downtrend,28.54,-10.68,520.41,535.34,560.43,11.17,2.23,,,522.94,444.76,2.5,NORMAL,80,0,3
MEDIASSIST.NS,SELL,364.95,downtrend,54.81,0.53,355.52,360.15,400.29,10.87,2.98,,,386.7,310.58,2.5,NORMAL,67,1,2
NPST.NS,HOLD,1505.4,weak_trend,44.07,-9.92,1546.43,1559.18,1393.69,52.96,3.52,,,1425.95,1611.33,1.33,NORMAL,40,0,3
CENTUM.NS,HOLD,3851.8,weak_trend,57.36,50.1,3645.71,3595.52,2832.08,143.21,3.72,,,3636.99,4138.21,1.33,NORMAL,40,2,1
HARSHA.NS,BUY,432.6,uptrend,63.74,1.83,414.17,415.09,388.16,11.88,2.75,423.95,441.25,408.84,492.01,2.5,NORMAL,76,3,0
GOCOLORS.NS,SELL,322.05,downtrend,40.24,-7.48,333.44,354.29,386.56,16.18,5.02,,,354.41,241.16,2.5,ELEVATED,74,0,3
NSIL.NS,SELL,5655.0,downtrend,65.49,43.03,5522.6,5526.0,6006.47,128.68,2.28,,,5912.36,5011.61,2.5,NORMAL,62,1,2
GKENERGY.NS,SELL,133.47,downtrend,35.97,-2.11,135.55,139.58,138.53,5.16,3.87,,,143.79,107.66,2.5,NORMAL,77,1,2
INDOSTAR.NS,HOLD,242.1,weak_trend,32.64,-5.11,257.37,252.43,231.09,12.37,5.11,,,223.55,266.84,1.33,ELEVATED,40,0,3
KSL.NS,HOLD,848.4,weak_trend,30.06,1.41,890.49,855.25,772.44,26.27,3.1,,,808.99,900.95,1.33,NORMAL,40,1,2
ROLEXRINGS.NS,HOLD,155.26,weak_trend,55.1,1.52,146.0,143.91,131.82,6.28,4.04,,,145.84,167.82,1.33,ELEVATED,40,2,1
ADVENZYMES.NS,HOLD,294.55,weak_trend,36.19,-4.54,317.94,337.35,315.85,13.46,4.57,,,274.37,321.46,1.33,ELEVATED,40,1,2
SHAREINDIA.NS,HOLD,168.44,weak_trend,39.31,4.44,179.22,156.32,152.56,7.65,4.54,,,156.97,183.73,1.33,ELEVATED,40,0,3
POCL.NS,SELL,481.7,downtrend,25.29,-11.82,534.48,533.72,519.74,25.12,5.22,,,531.95,356.08,2.5,ELEVATED,82,0,3
GUFICBIO.NS,BUY,433.0,uptrend,69.81,10.03,393.29,381.27,329.97,13.37,3.09,424.34,441.66,406.26,499.84,2.5,NORMAL,79,3,0
UNICHEMLAB.NS,HOLD,489.75,weak_trend,8.86,-1.72,544.04,486.43,418.28,20.93,4.27,,,458.36,531.61,1.33,ELEVATED,40,0,3
MSTCLTD.NS,HOLD,582.25,weak_trend,43.64,-9.12,608.39,622.9,501.63,19.02,3.27,,,553.72,620.29,1.33,NORMAL,40,0,3
ROSSARI.NS,HOLD,513.95,weak_trend,47.99,-1.32,515.1,520.15,531.49,16.6,3.23,,,489.05,547.15,1.33,NORMAL,40,0,3
JUBLCPL.NS,SELL,1852.8,downtrend,37.3,-30.22,1898.89,1924.49,2007.46,67.91,3.67,,,1988.61,1513.26,2.5,NORMAL,76,0,3
CYIENTDLM.NS,HOLD,685.55,weak_trend,71.45,42.8,637.21,538.08,423.12,36.73,5.36,,,630.46,759.0,1.33,ELEVATED,40,1,2
SUNCLAY.NS,SELL,1241.6,downtrend,26.89,-27.86,1326.13,1331.76,1327.21,59.14,4.76,,,1359.89,945.89,2.5,ELEVATED,81,0,3
RPEL.NS,HOLD,1256.5,weak_trend,45.87,11.83,1276.3,1218.36,912.76,45.75,3.64,,,1187.87,1348.0,1.33,NORMAL,40,0,3
BALMLAWRIE.NS,SELL,173.82,downtrend,40.17,-1.21,176.41,178.12,177.65,3.22,1.85,,,180.27,157.7,2.5,LOW,74,0,3
ARTEMISMED.NS,HOLD,315.95,weak_trend,73.81,12.4,289.29,274.47,256.69,11.44,3.62,,,298.79,338.83,1.33,NORMAL,40,1,2
PRINCEPIPE.NS,HOLD,271.0,weak_trend,53.33,-0.05,266.74,272.69,264.42,8.51,3.14,,,258.24,288.01,1.33,NORMAL,40,2,1
JISLJALEQS.NS,HOLD,28.3,weak_trend,38.67,-0.54,30.46,31.9,36.14,1.26,4.46,,,26.41,30.82,1.33,ELEVATED,40,1,2
PITTIENG.NS,HOLD,939.95,weak_trend,52.1,-3.73,937.57,950.92,882.69,24.32,2.59,,,903.47,988.59,1.33,NORMAL,40,2,1
FOSECOIND.NS,HOLD,5500.5,weak_trend,71.78,63.32,5147.3,5110.82,4990.74,174.79,3.18,,,5238.32,5850.07,1.33,NORMAL,40,2,1
DPABHUSHAN.NS,HOLD,1443.4,weak_trend,50.72,96.03,1371.92,1119.02,1221.62,78.24,5.42,,,1326.05,1599.87,1.33,ELEVATED,40,1,2
SSWL.NS,HOLD,321.6,weak_trend,80.62,18.55,292.14,256.96,217.47,12.9,4.01,,,302.25,347.4,1.33,ELEVATED,40,1,2
BHAGCHEM.NS,BUY,285.6,uptrend,55.89,2.27,275.97,272.8,239.13,13.15,4.6,279.89,291.31,259.3,351.35,2.5,ELEVATED,72,3,0
BAJAJCON.NS,HOLD,547.05,weak_trend,58.52,-12.24,541.19,575.93,411.87,19.18,3.51,,,518.28,585.41,1.33,NORMAL,40,2,1
NAVNETEDUL.NS,SELL,133.87,downtrend,30.16,-3.98,140.77,142.09,143.35,4.85,3.62,,,143.56,109.63,2.5,NORMAL,79,1,2
INDOTHAI.NS,SELL,99.59,downtrend,4.22,-27.53,195.25,216.65,286.27,14.82,14.88,,,129.22,25.5,2.5,ELEVATED,92,0,3
GREENPANEL.NS,SELL,190.06,downtrend,40.38,0.41,195.29,192.96,215.93,5.86,3.08,,,201.77,160.78,2.5,NORMAL,74,0,3
BBL.NS,SELL,2299.5,downtrend,25.76,-96.04,2529.46,2662.07,2661.16,90.7,3.94,,,2480.9,1846.0,2.5,NORMAL,82,0,3
PROTEAN.NS,SELL,565.95,downtrend,45.25,-2.87,597.39,600.76,647.2,23.73,4.19,,,613.4,447.33,2.5,ELEVATED,72,0,3
VISHNU.NS,HOLD,584.3,weak_trend,22.11,-5.81,614.15,608.57,548.85,17.93,3.07,,,557.41,620.15,1.33,NORMAL,40,0,3
SAMBHV.NS,HOLD,116.89,weak_trend,47.01,1.39,119.1,113.45,105.57,4.95,4.23,,,109.47,126.79,1.33,ELEVATED,40,0,3
BOMDYEING.NS,HOLD,119.95,weak_trend,39.6,-1.63,121.68,125.89,125.39,3.18,2.65,,,115.17,126.32,1.33,NORMAL,40,0,3
SWANDEF.NS,HOLD,2694.9,weak_trend,84.51,111.83,2401.51,2232.07,1751.27,107.6,3.99,,,2533.5,2910.1,1.33,NORMAL,40,1,2
PARAGMILK.NS,HOLD,223.22,weak_trend,48.12,-0.68,222.07,228.41,249.05,8.8,3.94,,,210.02,240.82,1.33,NORMAL,40,1,2
SENORES.NS,HOLD,1342.6,weak_trend,43.13,3.02,1377.71,1298.64,948.54,53.91,4.02,,,1261.73,1450.43,1.33,ELEVATED,40,0,3
HLEGLAS.NS,HOLD,467.05,weak_trend,71.01,13.73,425.05,399.5,392.71,19.66,4.21,,,437.56,506.37,1.33,ELEVATED,40,2,1
HIKAL.NS,SELL,227.14,downtrend,49.92,2.17,226.01,213.45,209.2,10.01,4.41,,,247.15,177.11,2.5,ELEVATED,70,2,1
FLAIR.NS,HOLD,252.4,weak_trend,48.82,-4.29,254.56,265.58,298.21,7.24,2.87,,,241.54,266.88,1.33,NORMAL,40,0,3
KIRIINDUS.NS,SELL,427.9,downtrend,61.2,8.72,410.18,398.1,459.61,12.95,3.03,,,453.79,363.17,2.5,NORMAL,64,1,2
KKCL.NS,BUY,513.5,uptrend,53.28,8.79,507.74,488.36,482.34,18.99,3.7,503.23,523.77,475.53,608.43,2.5,NORMAL,71,3,0
MAHLOG.NS,HOLD,402.7,weak_trend,54.62,9.14,402.69,377.65,360.47,16.31,4.05,,,378.23,435.33,1.33,ELEVATED,40,2,1
EPACK.NS,SELL,231.28,downtrend,37.05,-1.7,234.41,232.69,253.64,5.69,2.46,,,242.67,202.81,2.5,NORMAL,76,0,3
ARKADE.NS,HOLD,140.02,weak_trend,54.18,3.32,138.7,127.07,129.56,3.98,2.84,,,134.06,147.97,1.33,NORMAL,40,1,2
PSPPROJECT.NS,HOLD,945.9,weak_trend,33.73,-13.89,1011.76,982.62,846.91,46.09,4.87,,,876.76,1038.09,1.33,ELEVATED,40,0,3
STYLAMIND.NS,HOLD,3536.5,weak_trend,57.12,83.03,3407.08,3269.47,2488.99,205.28,5.8,,,3228.58,3947.06,1.33,ELEVATED,40,2,1
KRISHANA.NS,HOLD,178.67,weak_trend,79.7,11.01,160.07,146.59,117.68,9.37,5.25,,,164.61,197.41,1.33,ELEVATED,40,1,2
PARKHOTELS.NS,SELL,119.92,downtrend,35.85,-0.59,124.64,121.76,125.96,3.73,3.11,,,127.37,101.29,2.5,NORMAL,77,1,2
GATEWAY.NS,SELL,56.79,downtrend,49.0,-0.38,56.74,57.29,56.43,1.79,3.16,,,60.38,47.82,2.5,NORMAL,70,2,1
PRABHA.NS,SELL,154.61,downtrend,67.9,0.75,147.72,152.23,168.9,6.21,4.02,,,167.04,123.54,2.5,ELEVATED,61,2,1
IMAGICAA.NS,BUY,49.1,uptrend,57.74,0.96,47.74,46.52,46.97,2.26,4.59,48.12,50.08,44.59,60.38,2.5,ELEVATED,73,3,0
JASH.NS,HOLD,498.1,weak_trend,33.2,-1.63,510.7,497.62,436.51,14.91,2.99,,,475.73,527.92,1.33,NORMAL,40,0,3
GLOBUSSPR.NS,HOLD,906.3,weak_trend,46.45,-2.06,904.27,889.37,960.87,26.34,2.91,,,866.79,958.99,1.33,NORMAL,40,0,3
PAISALO.NS,HOLD,68.68,weak_trend,37.89,1.03,71.36,65.56,44.96,2.68,3.91,,,64.65,74.05,1.33,NORMAL,40,0,3
DDEVPLSTIK.NS,HOLD,285.8,weak_trend,49.65,4.31,283.08,272.81,269.82,12.21,4.27,,,267.49,310.21,1.33,ELEVATED,40,2,1
PATELENG.NS,HOLD,29.54,weak_trend,48.39,-0.51,28.85,29.96,29.41,0.95,3.23,,,28.11,31.45,1.33,NORMAL,40,2,1
PENIND.NS,SELL,159.86,downtrend,32.75,-0.6,166.7,164.0,178.34,4.58,2.87,,,169.03,136.95,2.5,NORMAL,78,0,3
WSTCSTPAPR.NS,HOLD,586.25,weak_trend,74.31,17.72,555.93,530.33,458.94,21.85,3.73,,,553.48,629.94,1.33,NORMAL,40,1,2
GANECOS.NS,HOLD,1064.3,weak_trend,28.37,14.05,1168.28,1037.15,940.37,58.06,5.46,,,977.2,1180.43,1.33,ELEVATED,40,0,3
KDDL.NS,HOLD,3835.8,weak_trend,87.87,175.11,3335.04,3165.89,2584.47,170.29,4.44,,,3580.36,4176.39,1.33,ELEVATED,40,1,2
MAITHANALL.NS,HOLD,973.35,weak_trend,37.02,-12.0,983.14,1011.26,991.48,22.52,2.31,,,939.57,1018.39,1.33,NORMAL,40,0,3
POLYPLEX.NS,HOLD,1179.7,weak_trend,69.28,31.63,1109.05,1020.66,902.41,36.42,3.09,,,1125.06,1252.55,1.33,NORMAL,40,2,1
DEEPINDS.NS,HOLD,638.9,weak_trend,80.28,44.65,530.89,503.48,449.81,33.9,5.31,,,588.04,706.71,1.33,ELEVATED,40,1,2
SAGCEM.NS,SELL,173.01,downtrend,36.77,-1.2,177.11,176.3,191.71,5.12,2.96,,,183.25,147.41,2.5,NORMAL,76,0,3
SIYSIL.NS,HOLD,625.35,weak_trend,43.49,0.57,624.3,620.84,600.71,19.54,3.12,,,596.04,664.43,1.33,NORMAL,40,1,2
EUROPRATIK.NS,HOLD,323.15,weak_trend,54.72,5.8,309.14,291.93,279.21,12.21,3.78,,,304.83,347.57,1.33,NORMAL,40,2,1
HPL.NS,SELL,342.1,downtrend,51.03,-3.66,340.77,352.79,363.11,8.35,2.44,,,358.79,300.37,2.5,NORMAL,69,1,2
EASEMYTRIP.NS,HOLD,6.54,weak_trend,31.76,-0.16,6.72,7.14,7.42,0.15,2.36,,,6.31,6.85,1.33,NORMAL,40,0,3
ASHIANA.NS,HOLD,375.85,weak_trend,51.5,1.37,382.62,377.69,327.41,16.47,4.38,,,351.14,408.79,1.33,ELEVATED,40,0,3
TCPLPACK.NS,SELL,3300.1,downtrend,42.54,61.68,3207.08,2956.53,2835.76,110.3,3.34,,,3520.69,2748.62,2.5,NORMAL,73,2,1
BRIGHOTEL.NS,HOLD,60.28,weak_trend,42.59,-0.58,61.28,62.6,66.1,1.9,3.16,,,57.42,64.09,1.33,NORMAL,40,0,3
SANDHAR.NS,HOLD,654.1,weak_trend,64.22,0.39,619.39,665.72,562.94,21.34,3.26,,,622.1,696.77,1.33,NORMAL,40,2,1
SHK.NS,HOLD,170.89,weak_trend,73.41,9.86,150.41,138.95,152.9,8.25,4.83,,,158.51,187.4,1.33,ELEVATED,40,1,2
TFCILTD.NS,HOLD,115.22,weak_trend,90.69,9.26,95.75,84.1,72.69,4.38,3.8,,,108.65,123.98,1.33,NORMAL,40,1,2
RAMRAT.NS,HOLD,461.6,weak_trend,63.53,11.66,430.79,410.56,352.53,21.74,4.71,,,428.99,505.09,1.33,ELEVATED,40,2,1
SUNDROP.NS,BUY,681.8,uptrend,66.55,6.11,662.47,656.41,673.95,22.76,3.34,668.16,695.44,636.29,795.59,2.5,NORMAL,78,3,0
EFCIL.NS,SELL,183.59,downtrend,46.06,-1.01,192.42,190.11,230.86,6.86,3.74,,,197.31,149.3,2.5,NORMAL,71,0,3
ORISSAMINE.NS,HOLD,4405.2,weak_trend,75.9,118.27,3919.32,3961.31,4317.96,196.72,4.47,,,4110.12,4798.64,1.33,ELEVATED,40,1,2
VEEDOL.NS,HOLD,1524.6,weak_trend,81.2,16.78,1420.37,1425.82,1462.88,32.46,2.13,,,1475.91,1589.51,1.33,NORMAL,40,2,1
TEAMLEASE.NS,SELL,1253.6,downtrend,21.73,-40.01,1317.83,1376.5,1416.74,35.28,2.81,,,1324.16,1077.21,2.5,NORMAL,84,0,3
AGIIL.NS,SELL,302.95,downtrend,22.5,-12.63,319.06,346.12,310.34,10.82,3.57,,,324.59,248.86,2.5,NORMAL,83,1,2
NOCIL.NS,HOLD,168.65,weak_trend,55.55,0.07,165.54,167.93,160.58,6.31,3.74,,,159.18,181.28,1.33,NORMAL,40,2,1
EMSLIMITED.NS,HOLD,398.85,weak_trend,38.41,1.17,410.98,386.61,376.78,14.1,3.54,,,377.69,427.06,1.33,NORMAL,40,0,3
PREMEXPLN.NS,HOLD,649.15,weak_trend,45.68,-12.12,662.1,699.56,566.69,13.76,2.12,,,628.51,676.66,1.33,NORMAL,40,0,3
MANINDS.NS,BUY,549.5,uptrend,60.72,-1.65,537.22,550.47,460.0,18.66,3.4,538.51,560.49,512.19,642.79,2.5,NORMAL,75,3,0
TIRUMALCHM.NS,SELL,167.76,downtrend,55.59,0.11,169.33,171.43,203.92,7.23,4.31,,,182.21,131.62,2.5,ELEVATED,67,1,2
SANGHVIMOV.NS,BUY,511.4,uptrend,67.99,15.63,445.34,427.63,341.73,26.28,5.14,501.17,521.63,458.84,642.79,2.5,ELEVATED,78,3,0
FMGOETZE.NS,HOLD,492.25,weak_trend,53.21,6.45,480.88,458.99,450.82,13.78,2.8,,,471.58,519.81,1.33,NORMAL,40,1,2
SBCL.NS,HOLD,1105.05,weak_trend,88.66,46.03,773.57,751.15,552.55,46.73,4.23,,,1034.96,1198.5,1.33,ELEVATED,40,2,1
FCL.NS,HOLD,42.51,weak_trend,57.97,0.62,39.61,39.96,28.59,2.37,5.57,,,38.96,47.24,1.33,ELEVATED,40,2,1
VIMTALABS.NS,HOLD,651.25,weak_trend,76.45,23.78,593.42,567.98,532.97,32.59,5.0,,,602.36,716.44,1.33,ELEVATED,40,1,2
MUTHOOTMF.NS,HOLD,214.02,weak_trend,24.8,1.62,242.55,217.68,186.43,13.3,6.21,,,194.07,240.62,1.33,ELEVATED,40,1,2
MARINE.NS,HOLD,355.15,weak_trend,83.56,18.8,276.28,266.53,223.06,16.61,4.68,,,330.23,388.38,1.33,ELEVATED,40,2,1
ARVSMART.NS,HOLD,658.95,weak_trend,73.37,7.48,604.83,600.65,586.01,24.04,3.65,,,622.89,707.03,1.33,NORMAL,40,2,1
DALMIASUG.NS,BUY,418.95,uptrend,67.71,14.81,374.25,352.73,327.53,21.32,5.09,410.57,427.33,376.31,525.54,2.5,ELEVATED,78,3,0
KPEL.NS,SELL,291.6,downtrend,36.9,-7.8,311.13,329.86,336.82,9.96,3.42,,,311.53,241.78,2.5,NORMAL,76,1,2
GIPCL.NS,HOLD,164.73,weak_trend,54.79,0.02,161.57,162.27,153.81,3.71,2.25,,,159.17,172.15,1.33,NORMAL,40,2,1
ALPEXSOLAR.NS,SELL,803.95,downtrend,20.04,-18.06,837.27,889.22,923.23,29.52,3.67,,,862.99,656.34,2.5,NORMAL,84,1,2
PRAKASH.NS,SELL,130.23,downtrend,67.73,-1.58,125.59,134.5,136.47,2.94,2.26,,,136.12,115.51,2.5,NORMAL,61,1,2
RPSGVENT.NS,HOLD,920.1,weak_trend,53.24,13.06,916.22,895.92,819.73,27.03,2.94,,,879.56,974.16,1.33,NORMAL,40,2,1
BCG.NS,SELL,9.88,downtrend,57.95,-0.1,9.48,9.95,10.51,0.44,4.45,,,10.76,7.68,2.5,ELEVATED,66,2,1
TATVA.NS,HOLD,1718.8,weak_trend,50.46,112.56,1648.05,1379.65,1315.04,96.39,5.61,,,1574.22,1911.57,1.33,ELEVATED,40,1,2
IOLCP.NS,BUY,164.66,uptrend,66.06,4.18,155.21,146.08,100.63,7.56,4.59,161.37,167.95,149.54,202.46,2.5,ELEVATED,78,3,0
BAJAJHIND.NS,SELL,18.1,downtrend,58.54,-0.03,17.28,18.04,18.28,0.57,3.17,,,19.25,15.23,2.5,NORMAL,65,2,1
BFUTILITIE.NS,SELL,563.05,downtrend,27.25,-10.43,584.79,600.94,577.01,18.09,3.21,,,599.23,472.6,2.5,NORMAL,81,0,3
RAMCOIND.NS,BUY,377.2,uptrend,63.92,3.26,342.64,328.06,306.02,14.78,3.92,369.66,384.74,347.64,451.11,2.5,NORMAL,76,3,0
TVSSRICHAK.NS,SELL,3964.9,downtrend,34.41,-33.28,4021.0,4061.88,4033.63,101.69,2.56,,,4168.29,3456.44,2.5,NORMAL,77,0,3
EPACKPEB.NS,HOLD,251.25,weak_trend,52.44,1.62,253.46,246.23,231.62,14.33,5.71,,,229.75,279.92,1.33,ELEVATED,40,0,3
POKARNA.NS,HOLD,959.0,weak_trend,43.88,-3.6,955.9,955.72,895.95,43.57,4.54,,,893.65,1046.14,1.33,ELEVATED,40,2,1
JTLIND.NS,HOLD,77.31,weak_trend,55.96,0.12,75.39,75.78,67.3,3.02,3.9,,,72.79,83.34,1.33,NORMAL,40,2,1
EVEREADY.NS,HOLD,356.8,weak_trend,61.17,1.5,349.58,348.8,330.11,11.44,3.21,,,339.65,379.67,1.33,NORMAL,40,2,1
CARRARO.NS,SELL,497.8,downtrend,21.7,-8.75,541.01,541.58,531.38,16.16,3.25,,,530.12,417.0,2.5,NORMAL,84,0,3
NRBBEARING.NS,HOLD,478.25,weak_trend,72.44,11.96,423.5,421.67,313.22,20.96,4.38,,,446.81,520.16,1.33,ELEVATED,40,2,1
HONDAPOWER.NS,HOLD,2093.4,weak_trend,48.07,-18.05,2107.04,2164.79,2242.85,46.76,2.23,,,2023.25,2186.93,1.33,NORMAL,40,0,3
SAKSOFT.NS,HOLD,165.05,weak_trend,39.17,1.87,172.74,162.16,164.75,8.13,4.92,,,152.86,181.3,1.33,ELEVATED,40,0,3
MOREPENLAB.NS,HOLD,79.16,weak_trend,78.76,5.6,62.2,56.81,45.24,4.3,5.43,,,72.71,87.76,1.33,ELEVATED,40,1,2
HIRECT.NS,HOLD,1310.2,weak_trend,59.64,49.01,1276.47,1179.0,877.92,61.39,4.69,,,1218.12,1432.97,1.33,ELEVATED,40,1,2
VENUSPIPES.NS,HOLD,1619.6,weak_trend,39.03,-16.73,1677.52,1632.25,1305.29,69.31,4.28,,,1515.64,1758.21,1.33,ELEVATED,40,1,2
SOTL.NS,HOLD,691.0,weak_trend,61.02,39.91,633.23,587.02,425.0,47.75,6.91,,,619.38,786.49,1.33,ELEVATED,40,2,1
ALLCARGO.NS,HOLD,9.75,weak_trend,73.24,0.24,8.28,8.41,11.15,0.47,4.83,,,9.04,10.69,1.33,ELEVATED,40,1,2
MTNL.NS,HOLD,27.51,weak_trend,44.4,-0.44,27.67,29.22,31.94,0.77,2.81,,,26.35,29.06,1.33,NORMAL,40,0,3
RELTD.NS,HOLD,167.29,weak_trend,33.37,1.47,172.6,159.94,149.84,6.05,3.62,,,158.21,179.4,1.33,NORMAL,40,0,3
ALEMBICLTD.NS,SELL,84.75,downtrend,38.46,-0.18,87.17,87.16,90.16,1.76,2.07,,,88.26,75.97,2.5,NORMAL,75,1,2
DIGITIDE.NS,HOLD,103.64,weak_trend,61.42,1.08,101.15,94.86,109.57,5.1,4.92,,,95.99,113.83,1.33,ELEVATED,40,1,2
UTKARSHBNK.NS,SELL,14.19,downtrend,28.87,-0.01,14.64,14.19,14.47,0.41,2.91,,,15.02,12.13,2.5,NORMAL,80,0,3
NUCLEUS.NS,SELL,699.95,downtrend,32.45,-14.48,726.68,736.8,824.18,21.04,3.01,,,742.03,594.75,2.5,NORMAL,78,0,3
SERVOTECH.NS,SELL,84.62,downtrend,22.66,-3.69,92.83,97.89,87.92,3.93,4.65,,,92.48,64.97,2.5,ELEVATED,83,0,3
AUTOAXLES.NS,HOLD,1827.8,weak_trend,52.86,25.82,1799.66,1755.28,1776.6,54.19,2.96,,,1746.52,1936.18,1.33,NORMAL,40,2,1
HMT.NS,HOLD,60.31,weak_trend,48.08,-0.66,61.43,61.81,55.79,2.19,3.63,,,57.03,64.69,1.33,NORMAL,40,1,2
LAOPALA.NS,HOLD,193.7,weak_trend,56.1,2.77,188.22,182.63,193.49,6.06,3.13,,,184.61,205.83,1.33,NORMAL,40,2,1
DCXINDIA.NS,HOLD,179.06,weak_trend,39.82,-3.81,183.06,190.33,187.87,4.68,2.61,,,172.04,188.42,1.33,NORMAL,40,0,3
HINDWAREAP.NS,HOLD,221.04,weak_trend,48.45,-5.3,224.05,234.49,250.96,7.74,3.5,,,209.43,236.51,1.33,NORMAL,40,0,3
INDOCO.NS,SELL,221.41,downtrend,32.06,-4.77,233.65,233.02,225.5,10.58,4.78,,,242.57,168.52,2.5,ELEVATED,78,0,3
WINDMACHIN.NS,BUY,303.65,uptrend,53.54,-3.74,291.63,302.56,276.91,15.83,5.21,297.58,309.72,271.99,382.79,2.5,ELEVATED,71,3,0
SOLARWORLD.NS,SELL,166.55,downtrend,16.67,-8.08,191.5,192.14,224.74,7.62,4.57,,,181.78,128.46,2.5,ELEVATED,86,0,3
TAJGVK.NS,HOLD,360.45,weak_trend,49.11,4.82,361.84,347.81,358.99,11.09,3.08,,,343.82,382.62,1.33,NORMAL,40,0,3
NITCO.NS,HOLD,96.91,weak_trend,35.83,-1.47,104.95,104.72,92.59,4.43,4.57,,,90.26,105.78,1.33,ELEVATED,40,1,2
SIRCA.NS,HOLD,449.9,weak_trend,86.5,11.05,407.58,407.97,448.72,11.46,2.55,,,432.7,472.83,1.33,NORMAL,40,2,1
VIKRAN.NS,HOLD,72.5,weak_trend,51.9,-0.16,72.15,72.31,80.19,1.99,2.75,,,69.51,76.49,1.33,NORMAL,40,0,3
KALAMANDIR.NS,HOLD,86.96,weak_trend,45.53,-3.03,88.93,98.22,118.69,2.56,2.94,,,83.12,92.08,1.33,NORMAL,40,0,3
VSSL.NS,HOLD,341.85,weak_trend,72.78,11.57,305.56,288.17,272.92,14.68,4.29,,,319.83,371.21,1.33,ELEVATED,40,1,2
KRSNAA.NS,SELL,560.85,downtrend,57.68,2.0,545.59,543.96,643.94,15.49,2.76,,,591.83,483.4,2.5,NORMAL,66,1,2
SDBL.NS,SELL,74.95,downtrend,58.52,0.54,71.4,72.01,89.75,2.5,3.34,,,79.96,62.43,2.5,NORMAL,65,1,2
CARYSIL.NS,BUY,1251.7,uptrend,63.59,15.23,1178.35,1168.44,971.32,43.5,3.48,1226.67,1276.73,1164.7,1469.2,2.5,NORMAL,76,3,0
TCIEXP.NS,HOLD,554.6,weak_trend,41.01,5.91,563.27,540.46,549.09,25.7,4.63,,,516.06,605.99,1.33,ELEVATED,40,0,3
KCP.NS,SELL,154.96,downtrend,27.06,-3.72,163.01,165.07,169.66,5.57,3.6,,,166.1,127.11,2.5,NORMAL,81,0,3
BEPL.NS,HOLD,123.57,weak_trend,46.17,5.05,116.41,105.1,92.16,6.14,4.97,,,114.36,135.84,1.33,ELEVATED,40,1,2
KMEW.NS,HOLD,2528.4,weak_trend,55.28,75.69,2468.95,2245.71,1815.45,114.59,4.53,,,2356.51,2757.59,1.33,ELEVATED,40,1,2
XPROINDIA.NS,HOLD,1098.8,weak_trend,27.86,-50.74,1335.8,1320.94,1083.24,78.25,7.12,,,981.43,1255.3,1.33,ELEVATED,40,0,3
HATHWAY.NS,HOLD,10.91,weak_trend,43.97,-0.06,10.94,11.07,11.44,0.2,1.83,,,10.61,11.31,1.33,LOW,40,0,3
REPCOHOME.NS,SELL,382.7,downtrend,32.9,-4.95,394.49,395.48,397.26,9.54,2.49,,,401.79,334.99,2.5,NORMAL,78,1,2
ADFFOODS.NS,HOLD,259.7,weak_trend,31.07,-9.74,291.01,295.07,233.98,12.88,4.96,,,240.39,285.45,1.33,ELEVATED,40,0,3
UNIVCABLES.NS,HOLD,1411.2,weak_trend,87.11,65.52,1283.3,1231.32,917.31,68.55,4.86,,,1308.37,1548.31,1.33,ELEVATED,40,1,2
PANACEABIO.NS,HOLD,413.0,weak_trend,10.68,-28.92,466.16,506.26,403.28,24.32,5.89,,,376.52,461.64,1.33,ELEVATED,40,0,3
GRMOVER.NS,HOLD,90.33,weak_trend,47.96,-2.84,91.14,99.2,144.24,3.25,3.6,,,85.46,96.83,1.33,NORMAL,40,1,2
DIAMONDYD.NS,BUY,1227.4,uptrend,64.06,9.45,1154.2,1148.49,1076.47,46.04,3.75,1202.85,1251.95,1135.33,1457.58,2.5,NORMAL,77,3,0
CAPACITE.NS,HOLD,212.59,weak_trend,42.12,-5.07,220.13,231.2,243.16,7.26,3.42,,,201.7,227.11,1.33,NORMAL,40,1,2
ROSSTECH.NS,HOLD,1092.65,weak_trend,66.14,20.69,1004.37,1001.28,809.16,55.42,5.07,,,1009.51,1203.5,1.33,ELEVATED,40,2,1
FILATEX.NS,HOLD,84.78,weak_trend,75.84,6.01,74.24,61.96,51.22,4.1,4.83,,,78.63,92.97,1.33,ELEVATED,40,1,2
JINDALPOLY.NS,HOLD,620.0,weak_trend,24.35,-10.73,646.47,657.92,614.67,18.32,2.95,,,592.52,656.64,1.33,NORMAL,40,0,3
SMSPHARMA.NS,HOLD,378.1,weak_trend,47.14,-6.89,381.8,383.94,357.36,14.24,3.77,,,356.75,406.57,1.33,NORMAL,40,1,2
MONARCH.NS,HOLD,393.15,weak_trend,69.3,11.43,376.29,356.96,311.6,15.33,3.9,,,370.15,423.81,1.33,NORMAL,40,2,1
TASTYBITE.NS,BUY,9524.5,uptrend,60.63,217.73,9120.36,8647.48,7902.5,320.13,3.36,9334.01,9714.99,8884.24,11125.15,2.5,NORMAL,75,3,0
AEROFLEX.NS,HOLD,420.75,weak_trend,52.19,0.87,426.74,441.8,285.97,23.71,5.63,,,385.19,468.16,1.33,ELEVATED,40,1,2
HGS.NS,SELL,412.5,downtrend,34.12,-0.16,428.0,421.75,426.1,11.27,2.73,,,435.05,356.13,2.5,NORMAL,77,0,3
JAICORPLTD.NS,HOLD,103.74,weak_trend,40.38,-2.24,104.4,110.56,119.38,2.48,2.39,,,100.01,108.71,1.33,NORMAL,40,0,3
MOLDTKPAC.NS,HOLD,685.35,weak_trend,44.3,-1.95,687.15,690.66,618.74,29.62,4.32,,,640.92,744.59,1.33,ELEVATED,40,0,3
COSMOFIRST.NS,HOLD,892.5,weak_trend,64.21,25.28,869.47,811.69,730.09,38.13,4.27,,,835.3,968.76,1.33,ELEVATED,40,2,1
PFS.NS,HOLD,28.77,weak_trend,41.24,-0.49,29.08,30.17,31.54,0.8,2.78,,,27.57,30.37,1.33,NORMAL,40,1,2
MBEL.NS,SELL,267.7,downtrend,24.43,-7.35,302.35,303.52,335.18,13.81,5.16,,,295.31,198.66,2.5,ELEVATED,82,1,2
BAJEL.NS,BUY,191.93,uptrend,68.43,0.36,180.72,189.47,175.09,6.89,3.59,188.09,195.77,178.14,226.4,2.5,NORMAL,79,3,0
INSECTICID.NS,SELL,647.7,downtrend,54.86,-4.74,640.39,668.52,668.93,22.29,3.44,,,692.29,536.24,2.5,NORMAL,67,1,2
SHALBY.NS,SELL,160.09,downtrend,37.77,-1.94,163.93,168.5,176.71,4.93,3.08,,,169.95,135.44,2.5,NORMAL,76,1,2
NDRAUTO.NS,BUY,828.9,uptrend,53.37,-1.71,819.1,822.92,794.94,27.67,3.34,812.32,845.48,773.56,967.24,2.5,NORMAL,71,3,0
FINOPB.NS,SELL,157.57,downtrend,22.46,2.26,164.92,150.03,193.64,5.54,3.52,,,168.66,129.85,2.5,NORMAL,83,0,3
ORIENTHOT.NS,HOLD,126.12,weak_trend,29.06,0.12,132.83,126.82,109.79,5.87,4.66,,,117.31,137.86,1.33,ELEVATED,40,0,3
STYLEBAAZA.NS,BUY,320.65,uptrend,62.52,-3.09,288.31,305.49,310.97,13.57,4.23,314.24,327.06,293.5,388.52,2.5,ELEVATED,76,3,0
SCILAL.NS,HOLD,41.14,weak_trend,42.26,-0.65,41.73,43.39,45.4,1.1,2.67,,,39.49,43.34,1.33,NORMAL,40,0,3
NILKAMAL.NS,HOLD,1746.3,weak_trend,64.0,118.05,1636.32,1409.84,1364.38,124.71,7.14,,,1559.24,1995.71,1.33,ELEVATED,40,1,2
LANDMARK.NS,HOLD,561.35,weak_trend,61.5,24.97,530.18,468.11,454.63,25.61,4.56,,,522.93,612.57,1.33,ELEVATED,40,1,2
EIHAHOTELS.NS,SELL,302.55,downtrend,42.84,-1.84,314.14,311.63,329.03,11.43,3.78,,,325.4,245.42,2.5,NORMAL,73,1,2
IPL.NS,SELL,143.71,downtrend,34.76,-3.42,150.28,156.47,162.17,3.61,2.52,,,150.94,125.64,2.5,NORMAL,77,0,3
SUMMITSEC.NS,SELL,1498.7,downtrend,50.29,-2.96,1507.94,1518.67,1733.14,45.26,3.02,,,1589.23,1272.38,2.5,NORMAL,69,1,2
SEAMECLTD.NS,HOLD,1527.7,weak_trend,84.55,13.36,1432.33,1470.19,1287.0,55.75,3.65,,,1444.07,1639.2,1.33,NORMAL,40,1,2
MAYURUNIQ.NS,HOLD,773.1,weak_trend,44.14,-9.61,792.74,801.77,605.93,35.95,4.65,,,719.17,845.0,1.33,ELEVATED,40,1,2
RML.NS,HOLD,1053.7,weak_trend,37.29,-4.14,1151.64,1084.13,859.27,62.55,5.94,,,959.87,1178.8,1.33,ELEVATED,40,0,3
YATRA.NS,SELL,104.53,downtrend,43.52,-0.53,108.07,107.86,130.85,3.61,3.45,,,111.75,86.48,2.5,NORMAL,73,1,2
STEELCAS.NS,HOLD,331.6,weak_trend,65.5,8.73,312.99,301.87,250.93,13.57,4.09,,,311.25,358.73,1.33,ELEVATED,40,2,1
GENESYS.NS,SELL,220.75,downtrend,23.77,-26.37,256.94,295.88,329.99,21.11,9.56,,,262.98,115.18,2.5,ELEVATED,83,0,3
GVPIL.NS,HOLD,749.3,weak_trend,39.45,-28.91,770.01,859.66,532.58,36.57,4.88,,,694.45,822.44,1.33,ELEVATED,40,0,3
SOLARA.NS,SELL,502.6,downtrend,23.31,-14.55,533.67,554.02,530.82,22.41,4.46,,,547.41,390.56,2.5,ELEVATED,83,0,3
KICL.NS,HOLD,5646.5,weak_trend,55.28,50.74,5482.27,5332.51,5017.74,134.82,2.39,,,5444.27,5916.14,1.33,NORMAL,40,2,1
SPECTRUM.NS,HOLD,2440.7,weak_trend,70.21,176.37,2260.65,1952.07,1460.98,164.05,6.72,,,2194.62,2768.8,1.33,ELEVATED,40,1,2
SULA.NS,SELL,158.55,downtrend,58.36,3.34,156.74,155.5,182.53,6.91,4.36,,,172.37,123.99,2.5,ELEVATED,65,2,1
SIMPLEXINF.NS,BUY,260.55,uptrend,59.27,-3.45,243.73,253.58,238.78,9.59,3.68,255.34,265.76,241.36,308.51,2.5,NORMAL,74,3,0
SGFIN.NS,HOLD,670.7,weak_trend,48.38,16.96,672.02,634.17,484.37,34.0,5.07,,,619.7,738.7,1.33,ELEVATED,40,0,3
CANTABIL.NS,SELL,233.21,downtrend,31.67,-2.61,244.84,238.87,251.83,8.75,3.75,,,250.7,189.48,2.5,NORMAL,79,0,3
SYSTMTXC.NS,HOLD,60.5,weak_trend,43.09,-1.07,60.94,63.51,94.16,2.72,4.5,,,56.41,65.95,1.33,ELEVATED,40,1,2
DELTACORP.NS,SELL,63.82,downtrend,53.27,-0.45,63.55,64.52,66.68,1.38,2.16,,,66.57,56.93,2.5,NORMAL,68,1,2
SASKEN.NS,HOLD,1920.6,weak_trend,51.96,-33.64,1888.95,2075.22,1521.79,95.53,4.97,,,1777.3,2111.67,1.33,ELEVATED,40,2,1
SANGAMIND.NS,HOLD,586.35,weak_trend,31.0,9.36,615.27,570.62,487.52,19.38,3.3,,,557.29,625.1,1.33,NORMAL,40,0,3
RANEHOLDIN.NS,HOLD,1748.9,weak_trend,55.13,40.43,1724.68,1626.63,1353.4,54.5,3.12,,,1667.16,1857.89,1.33,NORMAL,40,1,2
HINDOILEXP.NS,HOLD,155.74,weak_trend,38.35,-0.57,159.38,161.76,152.82,4.79,3.07,,,148.56,165.32,1.33,NORMAL,40,0,3
STOVEKRAFT.NS,HOLD,797.55,weak_trend,54.89,11.52,778.18,739.19,606.8,39.62,4.97,,,738.12,876.79,1.33,ELEVATED,40,1,2
GEOJITFSL.NS,HOLD,77.66,weak_trend,38.79,-0.04,78.42,76.89,70.07,3.1,3.99,,,73.01,83.86,1.33,NORMAL,40,0,3
IDEAFORGE.NS,BUY,911.65,uptrend,67.77,10.93,871.93,871.44,591.69,30.05,3.3,893.42,929.88,851.55,1061.9,2.5,NORMAL,78,3,0
RPTECH.NS,HOLD,894.65,weak_trend,71.57,43.37,801.9,727.76,470.29,44.64,4.99,,,827.7,983.92,1.33,ELEVATED,40,1,2
ACCELYA.NS,SELL,1143.6,downtrend,42.55,5.2,1141.93,1126.63,1201.08,24.31,2.13,,,1192.23,1022.03,2.5,NORMAL,73,0,3
VENKEYS.NS,HOLD,1573.4,weak_trend,62.34,30.19,1520.01,1458.97,1449.84,48.54,3.08,,,1500.6,1670.47,1.33,NORMAL,40,2,1
TIL.NS,HOLD,232.1,weak_trend,53.88,11.16,230.52,212.36,231.16,18.89,8.14,,,203.76,269.89,1.33,ELEVATED,40,2,1
YASHO.NS,HOLD,4152.7,weak_trend,77.68,345.87,3392.86,3003.13,1889.62,268.34,6.46,,,3750.18,4689.39,1.33,ELEVATED,40,1,2
WEL.NS,HOLD,134.78,weak_trend,86.94,7.15,111.9,103.07,126.72,6.97,5.17,,,124.32,148.73,1.33,ELEVATED,40,2,1
DOLLAR.NS,HOLD,278.5,weak_trend,70.77,4.33,263.08,259.96,295.73,8.34,2.99,,,266.0,295.17,1.33,NORMAL,40,1,2
INDIANHUME.NS,HOLD,392.1,weak_trend,46.08,11.65,393.81,347.63,353.62,16.2,4.13,,,367.8,424.5,1.33,ELEVATED,40,0,3
DREDGECORP.NS,HOLD,1061.8,weak_trend,56.77,7.63,1058.28,1090.05,978.44,44.46,4.19,,,995.11,1150.71,1.33,ELEVATED,40,2,1
MOL.NS,HOLD,52.62,weak_trend,56.95,1.13,52.55,50.08,56.06,2.63,4.99,,,48.68,57.88,1.33,ELEVATED,40,0,3
DCW.NS,HOLD,46.35,weak_trend,48.44,-0.36,46.71,47.54,51.07,1.29,2.78,,,44.42,48.93,1.33,NORMAL,40,0,3
UGROCAP.NS,HOLD,95.08,weak_trend,41.59,-0.27,95.95,96.23,127.09,3.25,3.42,,,90.2,101.58,1.33,NORMAL,40,0,3
THEJO.NS,HOLD,2223.9,weak_trend,74.37,88.56,1969.15,1826.47,1734.21,92.94,4.18,,,2084.5,2409.77,1.33,ELEVATED,40,2,1
HITECH.NS,SELL,83.93,downtrend,37.65,-0.93,85.73,87.66,89.36,1.91,2.27,,,87.75,74.38,2.5,NORMAL,76,1,2
MANGLMCEM.NS,HOLD,938.15,weak_trend,21.74,4.63,965.26,915.04,833.95,19.98,2.13,,,908.19,978.1,1.33,NORMAL,40,0,3
AMRUTANJAN.NS,HOLD,521.4,weak_trend,32.86,-5.71,525.15,538.04,594.91,11.31,2.17,,,504.43,544.02,1.33,NORMAL,40,0,3
SHRINGARMS.NS,HOLD,233.79,weak_trend,77.02,3.13,225.2,219.93,216.65,5.61,2.4,,,225.37,245.01,1.33,NORMAL,40,1,2
WHEELS.NS,HOLD,1411.7,weak_trend,39.71,-30.05,1439.2,1512.76,1109.93,56.48,4.0,,,1326.98,1524.66,1.33,NORMAL,40,0,3
APCOTEXIND.NS,HOLD,614.8,weak_trend,63.12,28.14,582.26,543.19,421.87,36.18,5.88,,,560.54,687.15,1.33,ELEVATED,40,2,1
GMBREW.NS,HOLD,908.35,weak_trend,39.99,-6.86,906.42,917.52,996.85,14.84,1.63,,,886.1,938.02,1.33,LOW,40,0,3
VERANDA.NS,HOLD,257.95,weak_trend,74.8,5.88,238.7,237.85,206.1,12.38,4.8,,,239.38,282.71,1.33,ELEVATED,40,1,2
PIXTRANS.NS,HOLD,1717.2,weak_trend,30.83,-11.47,1773.45,1716.34,1511.46,52.29,3.05,,,1638.76,1821.79,1.33,NORMAL,40,0,3
MOBIKWIK.NS,SELL,206.68,downtrend,48.52,-0.44,208.62,203.13,212.73,7.77,3.76,,,222.21,167.85,2.5,NORMAL,70,1,2
UNIPARTS.NS,HOLD,814.6,weak_trend,73.61,32.57,715.84,678.11,534.32,33.73,4.14,,,764.0,882.06,1.33,ELEVATED,40,2,1
WAAREEINDO.NS,HOLD,327.6,weak_trend,34.14,-17.61,350.33,377.98,435.13,17.14,5.23,,,301.89,361.89,1.33,ELEVATED,40,0,3
RAJRATAN.NS,HOLD,525.0,weak_trend,60.2,17.07,499.99,466.78,440.28,30.03,5.72,,,479.96,585.05,1.33,ELEVATED,40,2,1
EXICOM.NS,HOLD,153.22,weak_trend,29.82,-0.24,163.37,161.51,123.93,8.43,5.5,,,140.58,170.08,1.33,ELEVATED,40,1,2
INDNIPPON.NS,HOLD,1166.0,weak_trend,40.6,31.3,1189.22,1044.88,865.88,52.8,4.53,,,1086.8,1271.6,1.33,ELEVATED,40,0,3
VINCOFE.NS,SELL,147.11,downtrend,38.25,-1.67,155.43,155.18,149.8,6.38,4.34,,,159.87,115.21,2.5,ELEVATED,75,0,3
MUKANDLTD.NS,BUY,143.22,uptrend,55.23,1.81,138.7,134.7,130.82,3.62,2.53,140.36,146.08,135.98,161.32,2.5,NORMAL,72,3,0
SOMANYCERA.NS,HOLD,495.8,weak_trend,40.62,-3.97,504.28,510.91,441.97,16.02,3.23,,,471.77,527.84,1.33,NORMAL,40,0,3
DYCL.NS,SELL,422.85,downtrend,45.44,10.32,403.66,368.92,336.66,19.5,4.61,,,461.84,325.37,2.5,ELEVATED,72,1,2
NELCO.NS,BUY,1007.6,uptrend,63.69,34.19,940.66,871.05,744.13,46.78,4.64,987.45,1027.75,914.04,1241.49,2.5,ELEVATED,76,3,0
DIVGIITTS.NS,HOLD,1047.25,weak_trend,77.22,25.94,958.6,907.04,721.01,41.25,3.94,,,985.37,1129.76,1.33,NORMAL,40,2,1
MSPL.NS,HOLD,36.01,weak_trend,48.19,-1.06,36.32,39.45,35.68,1.65,4.58,,,33.54,39.31,1.33,ELEVATED,40,1,2
KERNEX.NS,BUY,2310.1,uptrend,58.9,86.79,2257.61,2137.69,1435.07,126.92,5.49,2263.9,2356.3,2056.26,2944.71,2.5,ELEVATED,74,3,0
NITINSPIN.NS,HOLD,577.4,weak_trend,61.36,7.39,551.03,547.76,413.19,18.34,3.18,,,549.89,614.08,1.33,NORMAL,40,2,1
BGRENERGY.NS,SELL,266.7,downtrend,39.8,-10.69,285.31,307.26,332.18,14.45,5.42,,,295.59,194.47,2.5,ELEVATED,75,0,3
WINDLAS.NS,HOLD,839.65,weak_trend,34.85,5.68,859.01,841.69,811.22,26.62,3.17,,,799.72,892.89,1.33,NORMAL,40,1,2
RAMCOSYS.NS,HOLD,637.9,weak_trend,28.45,-31.14,706.08,671.51,541.61,39.57,6.2,,,578.54,717.04,1.33,ELEVATED,40,0,3
SPAL.NS,SELL,1036.6,downtrend,46.92,0.86,1023.85,992.18,796.84,52.86,5.1,,,1142.32,772.3,2.5,ELEVATED,71,1,2
GTLINFRA.NS,HOLD,1.24,weak_trend,48.39,-0.02,1.24,1.36,1.26,0.05,4.15,,,1.16,1.34,1.33,ELEVATED,40,0,3
NIBE.NS,HOLD,1419.0,weak_trend,30.11,-45.33,1475.81,1556.79,1208.11,56.78,4.0,,,1333.83,1532.56,1.33,NORMAL,40,0,3
SPIC.NS,SELL,67.78,downtrend,56.61,-0.02,66.72,68.07,73.12,1.32,1.95,,,70.43,61.17,2.5,LOW,66,2,1
LAXMIDENTL.NS,HOLD,216.08,weak_trend,38.8,-1.34,218.79,222.34,229.4,7.17,3.32,,,205.32,230.43,1.33,NORMAL,40,0,3
ASALCBR.NS,SELL,732.9,downtrend,31.88,-21.08,788.95,819.43,874.01,32.1,4.38,,,797.09,572.42,2.5,ELEVATED,79,1,2
SPANDANA.NS,HOLD,257.75,weak_trend,36.4,-5.88,277.64,269.05,252.39,12.83,4.98,,,238.51,283.4,1.33,ELEVATED,40,0,3
PANAMAPET.NS,HOLD,504.8,weak_trend,63.01,17.09,456.15,421.62,319.96,25.42,5.04,,,466.67,555.64,1.33,ELEVATED,40,2,1
INDOTECH.NS,HOLD,3792.6,weak_trend,72.41,162.1,3475.51,3100.77,2051.79,177.96,4.69,,,3525.66,4148.51,1.33,ELEVATED,40,2,1
ALLTIME.NS,SELL,219.59,downtrend,27.75,-5.08,229.33,233.6,245.07,7.58,3.45,,,234.76,181.68,2.5,NORMAL,81,1,2
VIDHIING.NS,HOLD,316.65,weak_trend,55.13,7.77,312.48,297.86,314.77,16.2,5.12,,,292.34,349.06,1.33,ELEVATED,40,2,1
RHETAN.NS,HOLD,33.36,weak_trend,92.36,1.21,29.78,28.99,26.23,1.11,3.34,,,31.69,35.59,1.33,NORMAL,40,1,2
WENDT.NS,HOLD,8151.0,weak_trend,68.03,128.19,7930.94,7692.0,7437.67,268.86,3.3,,,7747.71,8688.71,1.33,NORMAL,40,2,1
UNITECH.NS,SELL,4.08,downtrend,20.48,-0.15,4.35,4.62,5.16,0.14,3.38,,,4.36,3.39,2.5,NORMAL,84,0,3
RMDRIP.NS,SELL,18.13,downtrend,40.28,-0.26,18.62,18.58,35.0,0.89,4.89,,,19.9,13.7,2.5,ELEVATED,74,0,3
MOTISONS.NS,HOLD,14.08,weak_trend,56.84,0.04,14.07,13.85,14.17,0.6,4.3,,,13.17,15.29,1.33,ELEVATED,40,1,2
DEEDEV.NS,HOLD,629.7,weak_trend,36.53,-3.58,672.86,675.06,384.93,34.94,5.55,,,577.29,699.58,1.33,ELEVATED,40,1,2
SEPC.NS,SELL,6.25,downtrend,53.14,-0.09,6.1,6.5,8.01,0.24,3.86,,,6.73,5.04,2.5,NORMAL,68,1,2
ADOR.NS,HOLD,1483.4,weak_trend,53.18,59.74,1444.76,1291.16,1088.62,78.69,5.3,,,1365.37,1640.77,1.33,ELEVATED,40,1,2
GARUDA.NS,HOLD,194.51,weak_trend,71.04,1.92,176.26,174.83,183.18,6.58,3.38,,,184.64,207.67,1.33,NORMAL,40,2,1
VINDHYATEL.NS,HOLD,2438.4,weak_trend,73.64,99.93,2020.26,2059.28,1524.42,133.85,5.49,,,2237.63,2706.09,1.33,ELEVATED,40,2,1
PRECAM.NS,SELL,143.29,downtrend,56.28,-0.72,141.6,145.2,151.38,4.43,3.09,,,152.15,121.14,2.5,NORMAL,66,1,2
ASTEC.NS,SELL,620.5,downtrend,26.82,-24.61,657.59,711.27,681.82,24.85,4.0,,,670.2,496.25,2.5,NORMAL,81,0,3
BETA.NS,SELL,2373.7,downtrend,47.01,85.2,2313.23,2057.82,1598.44,148.7,6.26,,,2671.1,1630.2,2.5,ELEVATED,71,2,1
FUSION.NS,HOLD,206.16,weak_trend,34.96,-0.23,215.97,201.2,180.86,10.96,5.32,,,189.71,228.09,1.33,ELEVATED,40,0,3
TALBROAUTO.NS,BUY,422.05,uptrend,54.72,10.3,408.35,392.7,308.15,17.83,4.22,413.61,430.49,386.39,511.19,2.5,ELEVATED,72,3,0
IFGLEXPOR.NS,BUY,227.1,uptrend,66.93,4.91,208.59,200.89,190.86,11.39,5.01,222.56,231.64,204.33,284.03,2.5,ELEVATED,78,3,0
BLSE.NS,HOLD,310.55,weak_trend,68.53,16.75,285.76,256.29,201.45,14.34,4.62,,,289.04,339.23,1.33,ELEVATED,40,2,1
BFINVEST.NS,HOLD,469.55,weak_trend,48.61,5.55,470.13,451.25,414.82,15.49,3.3,,,446.32,500.53,1.33,NORMAL,40,0,3
NAVKARCORP.NS,SELL,99.62,downtrend,37.99,-1.27,104.5,104.21,100.19,3.28,3.29,,,106.17,83.24,2.5,NORMAL,76,0,3
SPMLINFRA.NS,SELL,188.11,downtrend,24.88,-1.78,197.7,196.18,192.06,5.74,3.05,,,199.59,159.41,2.5,NORMAL,82,0,3
JYOTISTRUC.NS,HOLD,11.44,weak_trend,54.03,-0.03,11.21,11.75,11.41,0.49,4.29,,,10.7,12.42,1.33,ELEVATED,40,2,1
JGCHEM.NS,HOLD,622.2,weak_trend,79.6,32.53,500.85,458.26,394.7,27.69,4.45,,,580.67,677.57,1.33,ELEVATED,40,2,1
GOCLCORP.NS,BUY,438.25,uptrend,69.04,5.17,402.17,405.46,322.58,12.93,2.95,429.49,447.01,412.39,502.91,2.5,NORMAL,79,3,0
HUHTAMAKI.NS,HOLD,274.95,weak_trend,59.57,20.1,274.69,222.55,200.18,22.7,8.25,,,240.91,320.34,1.33,ELEVATED,40,1,2
QUICKHEAL.NS,HOLD,151.17,weak_trend,40.51,-4.21,157.89,167.81,206.79,6.69,4.43,,,141.13,164.56,1.33,ELEVATED,40,1,2
PNBGILTS.NS,SELL,80.7,downtrend,30.94,-1.52,85.39,87.8,80.84,2.78,3.44,,,86.25,66.81,2.5,NORMAL,79,0,3
JINDRILL.NS,HOLD,636.05,weak_trend,62.03,9.09,605.67,593.71,549.85,21.56,3.39,,,603.71,679.16,1.33,NORMAL,40,2,1
DLINKINDIA.NS,HOLD,437.35,weak_trend,38.13,-8.87,450.11,471.39,421.88,11.32,2.59,,,420.37,459.99,1.33,NORMAL,40,0,3
BLISSGVS.NS,HOLD,477.55,weak_trend,48.07,1.71,479.18,475.66,273.78,20.47,4.29,,,446.84,518.49,1.33,ELEVATED,40,0,3
SANSTAR.NS,HOLD,113.41,weak_trend,57.31,0.09,111.53,115.17,97.31,4.9,4.32,,,106.06,123.21,1.33,ELEVATED,40,2,1
EXPLEOSOL.NS,HOLD,836.75,weak_trend,75.75,28.04,750.8,734.85,778.45,32.29,3.86,,,788.32,901.33,1.33,NORMAL,40,1,2
SESHAPAPER.NS,SELL,229.21,downtrend,55.17,1.87,228.0,226.65,242.17,12.03,5.25,,,253.28,169.05,2.5,ELEVATED,67,1,2
DEN.NS,SELL,27.32,downtrend,55.89,-0.39,27.74,28.51,29.1,0.54,1.97,,,28.4,24.63,2.5,LOW,67,1,2
TTKHLTCARE.NS,HOLD,1084.8,weak_trend,60.42,35.05,1026.79,952.09,961.7,64.13,5.91,,,988.6,1213.06,1.33,ELEVATED,40,2,1
DAMCAPITAL.NS,SELL,152.02,downtrend,21.74,-0.42,157.97,152.93,176.23,5.01,3.3,,,162.05,126.95,2.5,NORMAL,84,0,3
ARMANFIN.NS,HOLD,2032.0,weak_trend,59.71,63.9,1966.29,1783.0,1632.39,67.02,3.3,,,1931.47,2166.04,1.33,NORMAL,40,2,1
ARIHANTSUP.NS,SELL,265.5,downtrend,55.39,0.61,261.53,261.01,288.19,7.43,2.8,,,280.36,228.36,2.5,NORMAL,67,2,1
SATIN.NS,HOLD,226.89,weak_trend,29.83,-4.59,250.05,244.84,181.83,11.99,5.28,,,208.91,250.87,1.33,ELEVATED,40,0,3
RAMASTEEL.NS,HOLD,4.82,weak_trend,78.26,-0.02,4.37,4.7,6.94,0.13,2.77,,,4.62,5.09,1.33,NORMAL,40,0,3
DOLPHIN.NS,HOLD,411.05,weak_trend,67.51,5.54,388.14,385.99,402.51,16.5,4.01,,,386.31,444.04,1.33,ELEVATED,40,2,1
RAJOOENG.NS,HOLD,51.68,weak_trend,52.34,-0.32,52.13,52.96,62.79,2.12,4.11,,,48.49,55.93,1.33,ELEVATED,40,0,3
STANLEY.NS,SELL,149.91,downtrend,33.47,0.06,155.67,151.04,178.73,4.13,2.76,,,158.17,129.26,2.5,NORMAL,78,0,3
MUFIN.NS,HOLD,137.79,weak_trend,68.33,2.13,129.83,128.34,116.34,3.8,2.76,,,132.08,145.4,1.33,NORMAL,40,2,1
JNKINDIA.NS,HOLD,413.35,weak_trend,27.49,-16.92,459.55,468.17,320.1,20.04,4.85,,,383.29,453.44,1.33,ELEVATED,40,0,3
TARSONS.NS,HOLD,312.3,weak_trend,63.77,12.45,311.06,273.15,231.74,16.52,5.29,,,287.52,345.34,1.33,ELEVATED,40,1,2
HIMATSEIDE.NS,SELL,80.69,downtrend,33.07,-1.27,82.49,82.62,97.23,1.94,2.4,,,84.57,70.99,2.5,NORMAL,78,0,3
SOLEX.NS,HOLD,911.7,weak_trend,31.33,-37.58,948.91,1032.66,1209.02,34.05,3.74,,,860.62,979.81,1.33,NORMAL,40,0,3
MMFL.NS,HOLD,629.1,weak_trend,79.25,26.06,550.01,498.68,427.4,22.32,3.55,,,595.62,673.74,1.33,NORMAL,40,2,1
UDS.NS,HOLD,210.03,weak_trend,62.8,5.51,200.15,190.27,175.99,8.94,4.26,,,196.62,227.91,1.33,ELEVATED,40,2,1
SYNCOMF.NS,BUY,14.34,uptrend,63.32,-0.08,13.38,13.85,13.96,0.46,3.2,14.05,14.63,13.42,16.64,2.5,NORMAL,76,3,0
IGARASHI.NS,BUY,465.15,uptrend,54.63,6.05,458.57,439.18,408.66,22.29,4.79,455.85,474.45,420.57,576.59,2.5,ELEVATED,72,3,0
TINNARUBR.NS,SELL,1108.1,downtrend,39.89,42.86,1080.34,973.4,809.46,76.43,6.9,,,1260.96,725.94,2.5,ELEVATED,75,1,2
GREENPOWER.NS,HOLD,9.82,weak_trend,39.2,-0.16,10.02,10.52,11.07,0.34,3.46,,,9.31,10.5,1.33,NORMAL,40,0,3
PUNJABCHEM.NS,SELL,1111.1,downtrend,42.17,11.51,1141.15,1069.49,1131.74,42.4,3.82,,,1195.9,899.1,2.5,NORMAL,73,0,3
SURAKSHA.NS,SELL,265.5,downtrend,55.63,-3.37,254.97,264.74,277.56,10.39,3.91,,,286.28,213.55,2.5,NORMAL,67,2,1
AIMTRON.NS,HOLD,1656.4,weak_trend,80.68,81.78,1411.86,1323.52,993.97,61.04,3.69,,,1564.84,1778.48,1.33,NORMAL,40,1,2
APOLLOPIPE.NS,BUY,507.25,uptrend,55.98,7.58,505.6,493.81,392.21,19.36,3.82,497.11,517.39,468.54,604.04,2.5,NORMAL,72,3,0
SHANTIGOLD.NS,HOLD,227.91,weak_trend,65.38,1.47,215.91,219.21,208.66,8.64,3.79,,,214.95,245.19,1.33,NORMAL,40,2,1
MASTERTR.NS,SELL,80.61,downtrend,30.74,-0.59,84.39,81.69,93.67,2.69,3.34,,,86.0,67.14,2.5,NORMAL,79,0,3
IKIO.NS,HOLD,204.05,weak_trend,37.4,4.78,207.67,182.28,167.48,7.95,3.9,,,192.13,219.95,1.33,NORMAL,40,0,3
AWHCL.NS,SELL,415.75,downtrend,20.16,-9.93,437.8,452.04,478.92,11.44,2.75,,,438.62,358.57,2.5,NORMAL,84,1,2
STALLION.NS,HOLD,254.0,weak_trend,54.96,16.74,244.26,210.31,186.04,14.62,5.75,,,232.08,283.23,1.33,ELEVATED,40,1,2
LGHL.NS,SELL,202.82,downtrend,28.63,-4.72,205.65,217.94,258.0,10.32,5.09,,,223.47,151.2,2.5,ELEVATED,80,1,2
ECOSMOBLTY.NS,HOLD,129.46,weak_trend,45.56,0.07,131.54,131.01,164.65,5.44,4.2,,,121.3,140.34,1.33,ELEVATED,40,1,2
JAGRAN.NS,HOLD,63.46,weak_trend,54.3,-0.15,63.01,64.11,60.2,1.11,1.75,,,61.79,65.68,1.33,LOW,40,2,1
RUPA.NS,SELL,164.85,downtrend,46.42,0.06,164.64,162.39,157.2,3.73,2.26,,,172.31,146.2,2.5,NORMAL,71,1,2
VINYAS.NS,HOLD,1282.5,weak_trend,42.83,-26.4,1284.62,1340.13,1150.8,54.04,4.21,,,1201.44,1390.58,1.33,ELEVATED,40,0,3
OMAXE.NS,HOLD,84.9,weak_trend,32.88,0.18,89.25,83.48,77.94,3.7,4.36,,,79.34,92.31,1.33,ELEVATED,40,0,3
SHRIRAMPPS.NS,HOLD,86.95,weak_trend,46.22,-0.69,85.94,87.41,83.63,2.28,2.62,,,83.53,91.51,1.33,NORMAL,40,2,1
IVALUE.NS,HOLD,273.95,weak_trend,24.63,-1.24,287.99,271.88,261.21,11.03,4.03,,,257.41,296.01,1.33,ELEVATED,40,0,3
HESTERBIO.NS,HOLD,2417.9,weak_trend,40.61,66.93,2454.54,2226.82,1738.23,111.51,4.61,,,2250.63,2640.93,1.33,ELEVATED,40,0,3
FINKURVE.NS,SELL,58.9,downtrend,31.68,-1.65,62.1,64.01,80.47,2.8,4.75,,,64.5,44.9,2.5,ELEVATED,79,0,3
QUADFUTURE.NS,HOLD,361.5,weak_trend,33.74,-12.14,379.5,391.09,326.95,18.65,5.16,,,333.53,398.79,1.33,ELEVATED,40,0,3
HMAAGRO.NS,SELL,22.23,downtrend,54.73,-0.26,21.43,22.05,25.74,0.89,3.99,,,24.0,17.8,2.5,NORMAL,67,2,1
JAGSNPHARM.NS,HOLD,231.21,weak_trend,57.19,3.27,228.37,222.76,201.26,10.87,4.7,,,214.9,252.95,1.33,ELEVATED,40,2,1
PLATIND.NS,SELL,224.75,downtrend,45.42,-0.44,229.65,226.66,234.9,7.75,3.45,,,240.25,186.01,2.5,NORMAL,72,0,3
ORIENTTECH.NS,SELL,258.75,downtrend,42.6,-0.21,266.72,259.87,302.93,8.78,3.39,,,276.31,214.85,2.5,NORMAL,73,0,3
EKC.NS,HOLD,112.68,weak_trend,50.0,-1.29,110.81,113.42,117.08,3.57,3.17,,,107.32,119.83,1.33,NORMAL,40,1,2
ANDHRAPAP.NS,SELL,59.85,downtrend,47.49,-0.27,61.04,61.5,65.13,2.29,3.83,,,64.43,48.4,2.5,NORMAL,71,0,3
SALASAR.NS,HOLD,5.88,weak_trend,37.21,-0.12,5.95,6.34,7.78,0.12,1.96,,,5.71,6.11,1.33,LOW,40,0,3
ESAFSFB.NS,HOLD,39.85,weak_trend,60.34,2.02,38.12,34.25,28.48,2.85,7.15,,,35.58,45.55,1.33,ELEVATED,40,2,1
CONFIPET.NS,HOLD,81.28,weak_trend,59.27,2.37,77.79,74.53,49.73,3.92,4.82,,,75.4,89.12,1.33,ELEVATED,40,2,1
SMCGLOBAL.NS,SELL,79.54,downtrend,47.03,1.91,79.49,73.28,71.3,3.42,4.3,,,86.38,62.43,2.5,ELEVATED,71,1,2
CENTRUM.NS,SELL,25.13,downtrend,63.55,0.19,23.92,23.29,26.13,1.08,4.29,,,27.28,19.74,2.5,ELEVATED,63,2,1
DOLATALGO.NS,SELL,71.01,downtrend,63.36,-1.04,69.1,71.89,76.8,1.96,2.75,,,74.92,61.24,2.5,NORMAL,63,2,1
ROTO.NS,HOLD,66.34,weak_trend,40.08,-0.08,67.55,67.04,62.33,2.59,3.91,,,62.45,71.52,1.33,NORMAL,40,1,2
NIITLTD.NS,HOLD,95.07,weak_trend,42.76,0.15,96.67,97.05,83.88,3.66,3.85,,,89.59,102.38,1.33,NORMAL,40,0,3
GPTINFRA.NS,HOLD,114.82,weak_trend,46.93,-1.75,117.97,120.89,111.96,4.37,3.81,,,108.26,123.56,1.33,NORMAL,40,0,3
SURYODAY.NS,HOLD,162.02,weak_trend,34.07,-4.14,175.97,173.8,148.33,10.13,6.25,,,146.83,182.27,1.33,ELEVATED,40,0,3
BIRLANU.NS,HOLD,1641.5,weak_trend,88.99,43.36,1344.26,1342.09,1503.76,75.87,4.62,,,1527.69,1793.25,1.33,ELEVATED,40,2,1
RISHABH.NS,SELL,639.2,downtrend,43.43,9.51,638.06,598.56,464.02,23.82,3.73,,,686.84,520.11,2.5,NORMAL,73,1,2
ASIANENE.NS,HOLD,402.7,weak_trend,72.42,14.5,379.4,365.45,312.86,18.14,4.5,,,375.49,438.98,1.33,ELEVATED,40,1,2
GANDHAR.NS,HOLD,242.71,weak_trend,55.2,12.49,230.1,194.73,154.06,20.17,8.31,,,212.46,283.05,1.33,ELEVATED,40,1,2
EXCELINDUS.NS,HOLD,1029.0,weak_trend,75.1,31.38,962.23,933.37,949.56,34.17,3.32,,,977.75,1097.34,1.33,NORMAL,40,1,2
BAJAJHCARE.NS,SELL,329.8,downtrend,24.38,-0.65,341.03,325.61,357.43,14.71,4.46,,,359.22,256.25,2.5,ELEVATED,82,0,3
ALICON.NS,HOLD,742.75,weak_trend,82.32,20.76,667.24,656.51,739.28,34.41,4.63,,,691.13,811.58,1.33,ELEVATED,40,2,1
DCMSRIND.NS,SELL,43.07,downtrend,56.71,0.84,41.03,39.47,68.34,2.09,4.86,,,47.26,32.6,2.5,ELEVATED,66,1,2
CLSEL.NS,HOLD,278.1,weak_trend,60.1,1.06,281.71,284.73,268.46,11.17,4.02,,,261.34,300.44,1.33,ELEVATED,40,2,1
RAJRILTD.NS,SELL,21.85,downtrend,56.72,-0.08,21.24,21.52,21.96,0.62,2.84,,,23.09,18.74,2.5,NORMAL,66,1,2
INDORAMA.NS,HOLD,59.45,weak_trend,70.32,3.87,53.39,48.8,45.03,3.56,5.99,,,54.11,66.57,1.33,ELEVATED,40,1,2
PARACABLES.NS,BUY,68.92,uptrend,60.45,0.04,64.6,66.39,46.35,2.59,3.76,67.54,70.3,63.74,81.88,2.5,NORMAL,75,3,0
VPRPL.NS,HOLD,30.93,weak_trend,75.02,0.12,27.29,28.59,48.42,1.24,4.01,,,29.07,33.41,1.33,ELEVATED,40,1,2
SALZERELEC.NS,SELL,608.95,downtrend,60.77,-4.03,590.25,616.69,649.18,18.89,3.1,,,646.72,514.52,2.5,NORMAL,64,2,1
MANAKCOAT.NS,SELL,114.51,downtrend,20.69,0.01,122.76,115.32,121.83,4.26,3.72,,,123.03,93.2,2.5,NORMAL,84,0,3
SIGACHI.NS,SELL,25.17,downtrend,47.49,0.67,25.46,23.68,25.78,0.88,3.51,,,26.94,20.75,2.5,NORMAL,71,0,3
INFOBEAN.NS,HOLD,167.84,weak_trend,49.16,1.89,165.28,164.07,171.01,7.28,4.34,,,156.93,182.39,1.33,ELEVATED,40,0,3
ALLDIGI.NS,HOLD,810.35,weak_trend,50.61,6.54,810.24,795.01,791.29,30.38,3.75,,,764.79,871.1,1.33,NORMAL,40,1,2
BLKASHYAP.NS,HOLD,55.98,weak_trend,38.52,-0.17,55.99,54.96,52.65,1.82,3.26,,,53.24,59.63,1.33,NORMAL,40,0,3
SPORTKING.NS,HOLD,214.34,weak_trend,58.3,7.65,205.95,190.21,131.72,13.34,6.22,,,194.33,241.02,1.33,ELEVATED,40,1,2
GODAVARIB.NS,SELL,240.1,downtrend,18.09,-6.63,264.37,273.59,280.2,8.57,3.57,,,257.24,197.24,2.5,NORMAL,85,1,2
JARO.NS,SELL,458.2,downtrend,33.23,-14.06,477.82,511.58,506.62,14.07,3.07,,,486.34,387.86,2.5,NORMAL,78,0,3
SURAJEST.NS,SELL,201.61,downtrend,55.26,0.49,198.64,196.87,228.47,5.34,2.65,,,212.3,174.89,2.5,NORMAL,67,2,1
CIFL.NS,SELL,21.88,downtrend,55.05,-0.51,21.18,22.86,29.08,1.33,6.08,,,24.54,15.23,2.5,ELEVATED,67,2,1
UNIECOM.NS,HOLD,84.25,weak_trend,37.01,-0.74,85.56,87.18,102.82,1.66,1.98,,,81.75,87.58,1.33,LOW,40,0,3
MONTECARLO.NS,SELL,499.7,downtrend,32.28,-10.06,530.44,541.61,599.03,14.78,2.96,,,529.26,425.81,2.5,NORMAL,78,0,3
MADRASFERT.NS,HOLD,66.41,weak_trend,38.66,-0.47,67.21,68.22,71.23,1.23,1.85,,,64.56,68.87,1.33,LOW,40,0,3
HARIOMPIPE.NS,HOLD,398.9,weak_trend,49.37,1.38,395.37,401.05,372.85,10.85,2.72,,,382.63,420.59,1.33,NORMAL,40,1,2
DECCANCE.NS,SELL,579.35,downtrend,55.41,-1.79,565.32,575.81,691.91,15.5,2.68,,,610.35,501.85,2.5,NORMAL,67,1,2
SHANKARA.NS,HOLD,142.28,weak_trend,61.64,3.7,139.94,128.6,119.2,3.38,2.37,,,137.21,149.04,1.33,NORMAL,40,1,2
GNA.NS,HOLD,527.2,weak_trend,59.09,17.39,529.92,458.59,389.36,25.73,4.88,,,488.61,578.66,1.33,ELEVATED,40,0,3
RIIL.NS,HOLD,758.55,weak_trend,41.2,-11.49,756.16,786.06,775.69,15.17,2.0,,,735.8,788.89,1.33,NORMAL,40,0,3
VMARCIND.NS,SELL,316.0,downtrend,62.01,-100.37,284.12,770.15,750.61,16.02,5.07,,,348.04,235.91,2.5,ELEVATED,63,2,1
SUMEETINDS.NS,SELL,17.28,downtrend,0.0,-3.02,27.25,27.24,29.2,1.29,7.45,,,19.85,10.84,2.5,ELEVATED,95,0,3
IMPAL.NS,HOLD,1097.7,weak_trend,46.0,2.78,1104.61,1086.15,1029.8,39.31,3.58,,,1038.74,1176.31,1.33,NORMAL,40,0,3
IGPL.NS,HOLD,482.6,weak_trend,71.49,16.66,460.1,445.92,401.28,21.49,4.45,,,450.36,525.58,1.33,ELEVATED,40,1,2
TAC.NS,HOLD,511.05,weak_trend,56.47,22.79,495.41,429.95,572.7,26.36,5.16,,,471.51,563.77,1.33,ELEVATED,40,0,3
RGL.NS,BUY,123.2,uptrend,56.18,1.65,119.51,114.34,115.6,4.3,3.49,120.74,125.66,114.6,144.7,2.5,NORMAL,73,3,0
BSHSL.NS,SELL,91.0,downtrend,67.26,-0.58,87.1,90.16,97.02,3.18,3.49,,,97.36,75.11,2.5,NORMAL,61,2,1
SHREDIGCEM.NS,SELL,72.54,downtrend,45.29,-0.45,73.32,73.7,77.32,2.06,2.84,,,76.66,62.24,2.5,NORMAL,72,0,3
SIGNPOST.NS,HOLD,267.7,weak_trend,27.68,-6.48,298.19,283.91,249.42,13.7,5.12,,,247.14,295.11,1.33,ELEVATED,40,0,3
BALAJITELE.NS,HOLD,85.72,weak_trend,42.74,-1.22,86.19,87.45,98.29,2.84,3.32,,,81.46,91.4,1.33,NORMAL,40,0,3
HITECHGEAR.NS,SELL,560.45,downtrend,17.17,-16.64,593.0,605.72,650.67,21.63,3.86,,,603.71,452.29,2.5,NORMAL,86,0,3
ATULAUTO.NS,BUY,509.15,uptrend,55.9,20.28,508.37,487.41,463.97,27.26,5.35,498.97,519.33,454.64,645.44,2.5,ELEVATED,72,3,0
AGARIND.NS,SELL,514.55,downtrend,54.42,1.92,506.61,512.04,588.85,22.2,4.31,,,558.94,403.57,2.5,ELEVATED,67,1,2
YUKEN.NS,HOLD,800.05,weak_trend,79.73,8.46,733.63,726.13,772.53,26.23,3.28,,,760.7,852.51,1.33,NORMAL,40,1,2
DIFFNKG.NS,HOLD,441.0,weak_trend,71.24,11.97,399.82,384.65,321.7,17.27,3.92,,,415.1,475.54,1.33,NORMAL,40,1,2
ONEPOINT.NS,HOLD,58.81,weak_trend,75.7,0.53,56.02,56.83,53.29,2.09,3.55,,,55.68,62.98,1.33,NORMAL,40,2,1
CAPITALSFB.NS,HOLD,296.2,weak_trend,38.53,2.06,297.96,286.97,266.93,7.26,2.45,,,285.31,310.71,1.33,NORMAL,40,0,3
ASIANTILES.NS,SELL,53.84,downtrend,64.03,0.62,52.17,54.17,64.02,4.58,8.5,,,63.0,30.95,2.5,ELEVATED,62,1,2
RICOAUTO.NS,HOLD,142.52,weak_trend,54.64,4.23,139.38,136.36,120.44,7.93,5.57,,,130.62,158.39,1.33,ELEVATED,40,2,1
AURUM.NS,HOLD,231.27,weak_trend,52.88,1.58,227.66,215.01,185.62,10.21,4.41,,,215.96,251.68,1.33,ELEVATED,40,1,2
BUTTERFLY.NS,HOLD,681.75,weak_trend,27.32,-5.44,738.6,693.7,660.51,30.21,4.43,,,636.43,742.17,1.33,ELEVATED,40,0,3
FAZE3Q.NS,BUY,569.2,uptrend,51.95,-5.67,555.08,568.22,489.24,20.98,3.68,557.82,580.58,527.25,674.08,2.5,NORMAL,70,3,0
MICEL.NS,HOLD,37.08,weak_trend,48.14,-0.58,37.3,39.64,41.73,1.43,3.85,,,34.94,39.94,1.33,NORMAL,40,0,3
BHARATWIRE.NS,HOLD,201.17,weak_trend,50.43,-1.86,201.42,207.12,192.42,6.94,3.45,,,190.75,215.06,1.33,NORMAL,40,2,1
VASCONEQ.NS,SELL,33.64,downtrend,53.24,-0.1,32.8,33.41,40.79,1.08,3.22,,,35.81,28.23,2.5,NORMAL,68,1,2
WALCHANNAG.NS,HOLD,236.89,weak_trend,37.71,-5.4,237.8,251.39,199.71,9.25,3.91,,,223.01,255.39,1.33,NORMAL,40,0,3
TEXINFRA.NS,HOLD,113.61,weak_trend,47.16,1.08,113.81,108.91,100.8,2.53,2.23,,,109.81,118.67,1.33,NORMAL,40,0,3
WCIL.NS,HOLD,88.46,weak_trend,32.79,-1.9,91.61,95.32,107.11,2.21,2.5,,,85.15,92.88,1.33,NORMAL,40,1,2
HERANBA.NS,HOLD,178.78,weak_trend,49.06,-1.17,178.82,181.74,214.21,5.98,3.35,,,169.8,190.75,1.33,NORMAL,40,0,3
BOROSCI.NS,HOLD,137.63,weak_trend,23.94,-4.28,153.29,155.92,127.9,6.19,4.5,,,128.34,150.02,1.33,ELEVATED,40,0,3
GPTHEALTH.NS,HOLD,159.44,weak_trend,62.02,3.66,158.07,152.22,138.91,6.16,3.86,,,150.2,171.76,1.33,NORMAL,40,2,1
IRMENERGY.NS,HOLD,294.45,weak_trend,82.53,5.95,266.05,265.85,265.26,11.41,3.88,,,277.33,317.28,1.33,NORMAL,40,2,1
SHREEPUSHK.NS,HOLD,411.4,weak_trend,52.41,4.2,401.82,394.96,368.62,14.67,3.57,,,389.39,440.74,1.33,NORMAL,40,2,1
MEIL.NS,SELL,276.4,downtrend,31.68,-6.38,291.13,302.02,322.2,14.25,5.16,,,304.91,205.13,2.5,ELEVATED,79,0,3
GTPL.NS,SELL,59.79,downtrend,36.85,-0.65,61.07,61.99,76.28,2.21,3.69,,,64.21,48.75,2.5,NORMAL,76,0,3
ROHLTD.NS,SELL,323.2,downtrend,55.93,-2.69,317.32,323.54,363.72,8.89,2.75,,,340.98,278.75,2.5,NORMAL,67,2,1
VHL.NS,HOLD,3568.7,weak_trend,51.66,-10.4,3489.41,3498.99,3491.51,124.87,3.5,,,3381.39,3818.44,1.33,NORMAL,40,2,1
DSSL.NS,HOLD,1227.7,weak_trend,53.19,-21.27,1228.61,1305.99,1093.56,50.71,4.13,,,1151.64,1329.11,1.33,ELEVATED,40,1,2
TBZ.NS,HOLD,273.0,weak_trend,58.2,17.32,267.4,219.56,172.34,16.03,5.87,,,248.95,305.06,1.33,ELEVATED,40,1,2
BAJAJINDEF.NS,HOLD,232.57,weak_trend,49.74,-3.23,233.24,239.78,286.24,8.14,3.5,,,220.36,248.85,1.33,NORMAL,40,0,3
STLNETWORK.NS,HOLD,24.89,weak_trend,54.56,-0.44,24.64,26.3,23.83,0.99,3.98,,,23.4,26.87,1.33,NORMAL,40,2,1
WEALTH.NS,SELL,939.35,downtrend,45.24,-7.74,945.77,957.33,949.55,28.35,3.02,,,996.04,797.62,2.5,NORMAL,72,0,3
CONTROLPR.NS,SELL,579.2,downtrend,32.79,-17.61,605.57,617.8,651.97,22.54,3.89,,,624.28,466.5,2.5,NORMAL,78,0,3
JINDALPHOT.NS,SELL,1063.0,downtrend,32.32,-14.72,1088.44,1099.75,1245.47,35.51,3.34,,,1134.03,885.43,2.5,NORMAL,78,0,3
ELECTHERM.NS,HOLD,995.3,weak_trend,24.51,-17.77,1031.26,1068.71,865.27,46.02,4.62,,,926.27,1087.34,1.33,ELEVATED,40,0,3
ABINFRA.NS,HOLD,9.96,weak_trend,45.59,-0.22,10.13,10.46,15.92,0.41,4.09,,,9.35,10.78,1.33,ELEVATED,40,0,3
SRM.NS,HOLD,520.7,weak_trend,62.07,4.27,503.91,500.6,495.7,16.78,3.22,,,495.53,554.26,1.33,NORMAL,40,2,1
VILAS.NS,HOLD,361.3,weak_trend,47.75,-4.54,362.38,373.35,389.58,11.99,3.32,,,343.31,385.29,1.33,NORMAL,40,0,3
KROSS.NS,HOLD,202.75,weak_trend,45.68,3.56,198.46,190.7,188.82,8.94,4.41,,,189.34,220.63,1.33,ELEVATED,40,1,2
AMNPLST.NS,HOLD,194.7,weak_trend,53.44,0.58,198.18,195.76,183.41,11.25,5.78,,,177.82,217.21,1.33,ELEVATED,40,0,3
ZUARI.NS,SELL,227.55,downtrend,46.59,-0.32,230.26,228.61,247.29,7.39,3.25,,,242.32,190.62,2.5,NORMAL,71,0,3
STEELXIND.NS,HOLD,11.21,weak_trend,32.29,-0.21,11.62,12.08,9.68,0.37,3.26,,,10.66,11.94,1.33,NORMAL,40,0,3
ICEMAKE.NS,HOLD,820.2,weak_trend,45.51,9.18,825.18,791.29,768.73,34.66,4.23,,,768.2,889.53,1.33,ELEVATED,40,0,3
KELLTONTEC.NS,HOLD,14.04,weak_trend,30.54,-0.29,14.38,15.06,16.88,0.34,2.45,,,13.52,14.73,1.33,NORMAL,40,1,2
RACLGEAR.NS,BUY,1482.7,uptrend,69.04,23.78,1337.7,1318.72,1217.27,62.16,4.19,1453.05,1512.35,1358.37,1793.52,2.5,ELEVATED,79,3,0
BLUSPRING.NS,HOLD,112.23,weak_trend,53.7,2.32,112.26,105.88,74.98,6.39,5.69,,,102.65,125.01,1.33,ELEVATED,40,0,3
PASHUPATI.NS,SELL,83.97,downtrend,19.28,-0.91,86.34,87.61,87.6,2.3,2.74,,,88.57,72.46,2.5,NORMAL,85,1,2
MANALIPETC.NS,HOLD,64.64,weak_trend,53.02,0.59,64.97,64.23,59.79,2.61,4.03,,,60.73,69.86,1.33,ELEVATED,40,0,3
DVL.NS,BUY,268.06,uptrend,69.78,5.84,245.61,241.47,256.73,9.94,3.71,262.7,273.42,248.19,317.74,2.5,NORMAL,79,3,0
KRISHNADEF.NS,HOLD,1181.4,weak_trend,35.7,-22.02,1256.39,1244.5,1008.17,55.91,4.73,,,1097.53,1293.23,1.33,ELEVATED,40,0,3
BCLIND.NS,HOLD,37.34,weak_trend,66.81,0.48,36.06,35.69,33.09,1.11,2.97,,,35.68,39.55,1.33,NORMAL,40,2,1
DPSCLTD.NS,SELL,7.39,downtrend,50.96,-0.05,7.35,7.51,9.15,0.32,4.26,,,8.02,5.81,2.5,ELEVATED,69,1,2
NELCAST.NS,HOLD,125.61,weak_trend,47.9,-3.23,126.78,133.48,121.26,7.05,5.61,,,115.04,139.7,1.33,ELEVATED,40,0,3
EIMCOELECO.NS,HOLD,1849.0,weak_trend,53.51,19.58,1815.64,1733.56,1650.74,60.74,3.28,,,1757.9,1970.47,1.33,NORMAL,40,1,2
OAL.NS,HOLD,378.5,weak_trend,58.96,11.85,367.87,342.41,306.99,19.83,5.24,,,348.76,418.15,1.33,ELEVATED,40,1,2
STERTOOLS.NS,HOLD,244.15,weak_trend,48.89,1.8,246.56,240.43,247.66,11.67,4.78,,,226.64,267.5,1.33,ELEVATED,40,0,3
GRPLTD.NS,HOLD,2003.5,weak_trend,58.46,41.39,1966.13,1881.4,1845.96,92.29,4.61,,,1865.07,2188.07,1.33,ELEVATED,40,1,2
GEMAROMA.NS,HOLD,185.46,weak_trend,49.65,0.53,187.19,180.77,175.49,8.34,4.5,,,172.95,202.14,1.33,ELEVATED,40,0,3
PROSTARM.NS,HOLD,146.01,weak_trend,73.41,1.18,129.03,134.6,151.54,5.45,3.73,,,137.83,156.91,1.33,NORMAL,40,1,2
IZMO.NS,HOLD,977.5,weak_trend,26.25,-3.37,1054.27,1013.61,827.48,55.51,5.68,,,894.23,1088.52,1.33,ELEVATED,40,0,3
ANTELOPUS.NS,HOLD,799.45,weak_trend,39.35,4.83,845.76,830.41,616.64,47.51,5.94,,,728.18,894.48,1.33,ELEVATED,40,1,2
MATRIMONY.NS,HOLD,480.8,weak_trend,75.42,8.88,431.88,414.11,458.71,15.72,3.27,,,457.22,512.24,1.33,NORMAL,40,2,1
SWELECTES.NS,HOLD,670.6,weak_trend,70.84,4.63,619.78,627.14,624.01,19.17,2.86,,,641.84,708.95,1.33,NORMAL,40,2,1
PDMJEPAPER.NS,HOLD,97.63,weak_trend,74.68,3.49,91.65,86.55,88.95,4.61,4.72,,,90.71,106.85,1.33,ELEVATED,40,1,2
AYMSYNTEX.NS,HOLD,247.95,weak_trend,58.28,5.27,242.6,232.83,196.7,14.1,5.69,,,226.79,276.16,1.33,ELEVATED,40,2,1
OMINFRAL.NS,SELL,87.35,downtrend,48.83,0.26,88.77,87.62,92.57,3.82,4.38,,,95.0,68.24,2.5,ELEVATED,70,0,3
RNBDENIMS.NS,SELL,9.06,downtrend,21.51,-0.4,9.37,10.1,29.81,0.29,3.19,,,9.64,7.62,2.5,NORMAL,84,1,2
5PAISA.NS,BUY,384.4,uptrend,54.03,2.67,367.39,351.65,330.04,12.16,3.16,376.71,392.09,360.08,445.2,2.5,NORMAL,72,3,0
PENINLAND.NS,SELL,16.12,downtrend,32.98,-0.17,16.82,16.22,20.8,0.33,2.08,,,16.79,14.45,2.5,NORMAL,78,0,3
BIL.NS,HOLD,830.35,weak_trend,71.72,17.91,754.26,740.85,762.98,37.99,4.57,,,773.37,906.32,1.33,ELEVATED,40,2,1
MAMATA.NS,HOLD,428.2,weak_trend,76.45,7.79,395.23,388.55,403.82,11.68,2.73,,,410.68,451.56,1.33,NORMAL,40,2,1
AFSL.NS,SELL,201.04,downtrend,33.05,-0.02,201.3,201.16,202.12,1.3,0.65,,,203.64,194.53,2.5,LOW,78,0,3
ESTER.NS,HOLD,99.22,weak_trend,70.47,0.2,88.99,89.92,96.52,3.8,3.83,,,93.52,106.82,1.33,NORMAL,40,2,1
TNPL.NS,HOLD,156.6,weak_trend,64.51,2.58,149.59,147.05,143.73,5.55,3.54,,,148.28,167.7,1.33,NORMAL,40,2,1
GANESHCP.NS,SELL,161.8,downtrend,39.58,-6.15,174.28,189.5,208.47,7.6,4.7,,,176.99,123.81,2.5,ELEVATED,75,0,3
AVTNPL.NS,HOLD,71.41,weak_trend,70.15,0.29,70.1,70.18,66.7,1.77,2.48,,,68.75,74.95,1.33,NORMAL,40,2,1
KOKUYOCMLN.NS,HOLD,83.98,weak_trend,47.28,-0.08,85.31,85.9,87.74,3.27,3.89,,,79.08,90.51,1.33,NORMAL,40,1,2
MAXIND.NS,HOLD,171.08,weak_trend,56.32,2.68,170.1,164.41,170.41,8.48,4.96,,,158.36,188.04,1.33,ELEVATED,40,1,2
ANDHRSUGAR.NS,HOLD,99.98,weak_trend,80.49,1.82,85.92,83.77,80.1,4.1,4.1,,,93.83,108.18,1.33,ELEVATED,40,2,1
CREST.NS,HOLD,377.0,weak_trend,49.78,1.38,376.06,376.43,365.55,14.28,3.79,,,355.58,405.56,1.33,NORMAL,40,1,2
LINCOLN.NS,HOLD,600.15,weak_trend,51.3,-5.07,592.17,609.04,572.46,18.04,3.01,,,573.09,636.24,1.33,NORMAL,40,2,1
THEMISMED.NS,HOLD,108.98,weak_trend,45.08,-0.1,110.37,110.37,99.71,4.96,4.55,,,101.54,118.9,1.33,ELEVATED,40,1,2
CENTENKA.NS,HOLD,610.25,weak_trend,75.51,24.19,578.0,539.19,465.54,28.13,4.61,,,568.05,666.51,1.33,ELEVATED,40,1,2
ARIHANTCAP.NS,SELL,75.47,downtrend,49.82,1.38,76.44,72.04,79.82,3.35,4.44,,,82.18,58.7,2.5,ELEVATED,70,0,3
DHANBANK.NS,HOLD,33.22,weak_trend,43.62,-0.22,33.44,33.34,28.01,1.57,4.74,,,30.86,36.37,1.33,ELEVATED,40,0,3
UNIENTER.NS,SELL,97.16,downtrend,22.77,-1.8,99.78,101.9,115.08,4.04,4.16,,,105.25,76.94,2.5,ELEVATED,83,0,3
SCODATUBES.NS,SELL,140.31,downtrend,47.18,-0.03,145.87,141.36,145.67,4.99,3.55,,,150.28,115.38,2.5,NORMAL,71,1,2
INDOFARM.NS,HOLD,158.97,weak_trend,51.87,2.87,157.98,148.36,163.54,6.7,4.22,,,148.92,172.38,1.33,ELEVATED,40,0,3
SBC.NS,HOLD,41.1,weak_trend,24.34,0.06,41.9,40.78,32.82,0.8,1.95,,,39.9,42.7,1.33,LOW,40,0,3
GGBL.NS,HOLD,254.85,weak_trend,35.07,-7.37,259.32,281.75,311.05,7.64,3.0,,,243.4,270.12,1.33,NORMAL,40,0,3
CEWATER.NS,SELL,275.95,downtrend,16.17,-10.75,301.0,304.46,353.97,9.17,3.32,,,294.29,230.09,2.5,NORMAL,86,0,3
RADHIKAJWE.NS,HOLD,69.44,weak_trend,62.31,2.7,67.3,60.94,67.94,3.35,4.82,,,64.42,76.14,1.33,ELEVATED,40,2,1
GKWLIMITED.NS,HOLD,1628.7,weak_trend,34.32,-27.52,1665.17,1730.91,1687.79,51.29,3.15,,,1551.76,1731.29,1.33,NORMAL,40,1,2
NDTV.NS,HOLD,76.14,weak_trend,33.27,-1.0,77.88,79.98,82.4,1.67,2.2,,,73.63,79.48,1.33,NORMAL,40,0,3
INNOVANA.NS,SELL,330.0,downtrend,47.85,0.49,331.69,324.08,386.16,16.41,4.97,,,362.81,247.96,2.5,ELEVATED,71,0,3
KHAICHEM.NS,SELL,52.0,downtrend,60.97,-0.32,49.35,52.54,65.76,2.23,4.29,,,56.46,40.84,2.5,ELEVATED,64,2,1
FAIRCHEMOR.NS,HOLD,749.95,weak_trend,58.66,28.02,757.95,685.89,644.89,29.85,3.98,,,705.18,809.64,1.33,NORMAL,40,0,3
AEROENTER.NS,HOLD,126.39,weak_trend,59.27,1.8,123.05,120.86,93.29,6.9,5.46,,,116.04,140.19,1.33,ELEVATED,40,2,1
INDOAMIN.NS,BUY,130.72,uptrend,69.71,0.05,127.3,130.48,120.94,5.38,4.11,128.11,133.33,119.97,157.61,2.5,ELEVATED,79,3,0
DHARMAJ.NS,BUY,265.55,uptrend,56.97,1.01,262.46,266.58,254.35,8.96,3.38,260.24,270.86,247.62,310.37,2.5,NORMAL,73,3,0
BHARATSE.NS,BUY,240.89,uptrend,64.59,4.19,224.88,208.36,184.66,11.98,4.97,236.07,245.71,216.94,300.77,2.5,ELEVATED,77,3,0
GALAPREC.NS,HOLD,1036.4,weak_trend,29.58,-3.11,1136.84,1082.73,844.57,54.01,5.21,,,955.39,1144.41,1.33,ELEVATED,40,1,2
OSWALGREEN.NS,SELL,21.72,downtrend,50.17,-0.2,21.45,22.44,27.88,1.1,5.08,,,23.93,16.21,2.5,ELEVATED,69,1,2
DENTALKART.NS,SELL,408.55,downtrend,44.81,0.51,405.67,396.16,477.71,16.39,4.01,,,441.32,326.62,2.5,ELEVATED,72,1,2
DENTA.NS,HOLD,333.85,weak_trend,46.31,7.38,340.71,312.64,305.98,15.09,4.52,,,311.22,364.02,1.33,ELEVATED,40,0,3
SAHANA.NS,HOLD,812.05,weak_trend,34.13,-14.32,828.83,844.1,908.59,48.51,5.97,,,739.29,909.06,1.33,ELEVATED,40,0,3
LEMERITE.NS,HOLD,23.41,weak_trend,70.52,-0.97,22.1,24.52,74.36,1.12,4.81,,,21.72,25.66,1.33,ELEVATED,40,0,3
SRHHYPOLTD.NS,BUY,517.45,uptrend,68.78,2.28,489.98,493.32,493.57,13.54,2.62,507.1,527.8,490.38,585.13,2.5,NORMAL,79,3,0
GANDHITUBE.NS,HOLD,889.7,weak_trend,78.84,10.87,863.38,848.65,811.61,14.18,1.59,,,868.43,918.06,1.33,LOW,40,1,2
CNL.NS,HOLD,1116.85,weak_trend,68.49,78.02,983.59,827.95,705.47,69.16,6.19,,,1013.11,1255.16,1.33,ELEVATED,40,2,1
FABTECH.NS,HOLD,148.63,weak_trend,40.75,-1.6,151.53,153.5,175.43,5.03,3.39,,,141.08,158.7,1.33,NORMAL,40,0,3
UTTAMSUGAR.NS,BUY,258.72,uptrend,64.96,4.93,236.62,235.22,234.35,8.95,3.46,253.55,263.89,240.81,303.49,2.5,NORMAL,77,3,0
XCHANGING.NS,SELL,67.24,downtrend,63.57,1.02,65.9,64.55,70.78,1.79,2.67,,,70.83,58.27,2.5,NORMAL,63,1,2
KRISHIVAL.NS,HOLD,397.8,weak_trend,49.34,-1.79,393.27,399.03,382.61,9.8,2.46,,,383.11,417.39,1.33,NORMAL,40,1,2
JPOLYINVST.NS,HOLD,1066.2,weak_trend,45.09,-8.68,1061.29,1074.06,1067.56,33.22,3.12,,,1016.37,1132.64,1.33,NORMAL,40,1,2
OSWALAGRO.NS,HOLD,38.84,weak_trend,48.67,-0.43,39.17,41.24,50.28,2.26,5.81,,,35.46,43.35,1.33,ELEVATED,40,1,2
MVGJL.NS,BUY,169.95,uptrend,63.82,3.97,164.38,155.45,169.04,7.28,4.28,166.55,173.35,155.4,206.33,2.5,ELEVATED,76,3,0
KODYTECH.NS,HOLD,1359.3,weak_trend,62.99,76.04,1318.99,1133.72,885.32,63.29,4.66,,,1264.37,1485.87,1.33,ELEVATED,40,1,2
ADSL.NS,HOLD,114.39,weak_trend,39.86,-1.55,117.57,120.15,131.23,3.76,3.28,,,108.76,121.9,1.33,NORMAL,40,0,3
HEXATRADEX.NS,HOLD,163.32,weak_trend,59.87,0.47,158.88,160.26,163.24,5.34,3.27,,,155.31,174.0,1.33,NORMAL,40,2,1
SARTELE.NS,HOLD,112.35,weak_trend,32.63,-4.32,119.25,128.81,176.31,4.59,4.08,,,105.47,121.53,1.33,ELEVATED,40,1,2
GULPOLY.NS,BUY,204.87,uptrend,68.56,3.69,192.28,195.4,164.95,11.83,5.78,200.77,208.97,181.2,264.03,2.5,ELEVATED,79,3,0
SILVERTUC.NS,HOLD,203.18,weak_trend,58.44,2.91,198.23,190.88,312.3,11.1,5.46,,,186.53,225.38,1.33,ELEVATED,40,0,3
JAYBARMARU.NS,HOLD,139.32,weak_trend,30.46,-4.46,166.36,161.44,110.03,8.59,6.17,,,126.43,156.51,1.33,ELEVATED,40,1,2
KUANTUM.NS,HOLD,86.04,weak_trend,75.94,1.43,78.3,76.7,85.71,3.94,4.58,,,80.14,93.91,1.33,ELEVATED,40,2,1
TNPETRO.NS,BUY,99.55,uptrend,63.44,1.34,96.04,93.99,95.94,3.71,3.73,97.56,101.54,92.12,118.12,2.5,NORMAL,76,3,0
GICHSGFIN.NS,SELL,152.88,downtrend,60.02,-0.44,149.14,151.34,154.85,2.85,1.87,,,158.58,138.62,2.5,LOW,64,2,1
PRIMESECU.NS,BUY,296.05,uptrend,61.94,1.06,278.62,284.7,284.28,10.4,3.51,290.13,301.97,275.25,348.05,2.5,NORMAL,75,3,0
KARNIKA.NS,SELL,117.0,downtrend,52.95,-1.38,117.61,122.81,128.35,5.4,4.62,,,127.8,90.0,2.5,ELEVATED,68,1,2
IFBAGRO.NS,SELL,973.75,downtrend,49.82,6.74,982.37,949.17,1079.17,45.43,4.67,,,1064.61,746.61,2.5,ELEVATED,70,0,3
BIRLAMONEY.NS,SELL,132.3,downtrend,39.05,-2.13,136.43,138.2,138.81,4.17,3.15,,,140.64,111.45,2.5,NORMAL,75,0,3
APS.NS,SELL,249.35,downtrend,7.73,-12.2,278.75,294.9,353.2,9.02,3.62,,,267.39,204.24,2.5,NORMAL,91,1,2
PVSL.NS,HOLD,108.11,weak_trend,72.18,3.41,104.0,98.47,109.77,4.63,4.28,,,101.17,117.36,1.33,ELEVATED,40,0,3
NCLIND.NS,SELL,174.08,downtrend,25.92,-2.6,182.75,185.82,186.28,5.68,3.26,,,185.44,145.68,2.5,NORMAL,82,1,2
BASILIC.NS,HOLD,191.9,weak_trend,41.56,-1.96,197.94,202.22,257.67,7.3,3.8,,,180.96,206.49,1.33,NORMAL,40,0,3
COOLCAPS.NS,SELL,21.5,downtrend,54.21,-0.5,21.38,23.49,42.91,1.15,5.33,,,23.79,15.77,2.5,ELEVATED,67,1,2
ELIN.NS,SELL,95.74,downtrend,28.45,-1.55,102.51,103.32,136.83,3.81,3.98,,,103.36,76.69,2.5,NORMAL,80,0,3
SKMEGGPROD.NS,HOLD,235.0,weak_trend,16.35,-14.97,291.97,276.57,208.3,19.56,8.32,,,205.66,274.12,1.33,ELEVATED,40,0,3
REMUS.NS,HOLD,842.25,weak_trend,78.68,13.18,743.27,748.29,708.26,24.06,2.86,,,806.16,890.37,1.33,NORMAL,40,2,1
VAKRANGEE.NS,SELL,5.99,downtrend,53.33,-0.03,5.98,6.13,6.89,0.17,2.91,,,6.34,5.12,2.5,NORMAL,68,1,2
ZUARIIND.NS,HOLD,259.35,weak_trend,48.08,-0.09,260.89,259.24,276.63,7.23,2.79,,,248.51,273.81,1.33,NORMAL,40,0,3
SAURASHCEM.NS,SELL,62.14,downtrend,52.99,1.78,59.55,58.55,70.16,4.19,6.75,,,70.53,41.17,2.5,ELEVATED,68,1,2
EVERESTIND.NS,HOLD,468.05,weak_trend,44.68,2.61,491.87,445.06,447.69,23.76,5.08,,,432.42,515.56,1.33,ELEVATED,40,0,3
LIKHITHA.NS,HOLD,221.93,weak_trend,35.8,-5.35,230.14,235.91,200.92,11.08,4.99,,,205.32,244.08,1.33,ELEVATED,40,1,2
REGAAL.NS,HOLD,86.25,weak_trend,65.08,1.65,81.35,81.19,77.11,3.5,4.06,,,81.0,93.25,1.33,ELEVATED,40,2,1
UFBL.NS,HOLD,807.6,weak_trend,74.56,31.93,713.31,658.97,349.38,38.73,4.8,,,749.5,885.06,1.33,ELEVATED,40,2,1
TVSELECT.NS,SELL,458.9,downtrend,33.35,-1.45,497.81,490.12,467.85,18.97,4.13,,,496.84,364.04,2.5,ELEVATED,78,1,2
ABCOTS.NS,HOLD,198.71,weak_trend,39.04,-4.6,202.36,212.46,338.08,5.84,2.94,,,189.95,210.39,1.33,NORMAL,40,0,3
MACPOWER.NS,HOLD,1681.1,weak_trend,84.15,86.06,1404.43,1251.48,1037.03,94.3,5.61,,,1539.65,1869.7,1.33,ELEVATED,40,2,1
BESTAGRO.NS,HOLD,19.84,weak_trend,66.9,1.26,17.23,16.34,19.3,1.49,7.51,,,17.61,22.82,1.33,ELEVATED,40,2,1
TEMBO.NS,HOLD,60.95,weak_trend,63.2,1.36,56.31,56.58,59.93,3.43,5.62,,,55.81,67.8,1.33,ELEVATED,40,2,1
VALIANTORG.NS,HOLD,288.5,weak_trend,66.77,1.46,272.39,278.96,268.27,11.35,3.93,,,271.48,311.19,1.33,NORMAL,40,2,1
KABRAEXTRU.NS,HOLD,510.75,weak_trend,72.43,47.7,387.97,308.18,249.41,35.59,6.97,,,457.37,581.92,1.33,ELEVATED,40,2,1
ARROWGREEN.NS,HOLD,781.4,weak_trend,87.56,32.67,712.34,643.76,533.76,31.43,4.02,,,734.26,844.25,1.33,ELEVATED,40,2,1
DISHTV.NS,HOLD,2.89,weak_trend,45.1,-0.06,2.87,2.99,3.42,0.08,2.79,,,2.77,3.05,1.33,NORMAL,40,1,2
CCCL.NS,SELL,15.35,downtrend,34.09,-0.18,16.04,15.88,17.16,0.68,4.41,,,16.7,11.96,2.5,ELEVATED,77,0,3
TVTODAY.NS,SELL,114.68,downtrend,28.25,-1.19,118.06,116.98,123.34,3.46,3.02,,,121.6,97.38,2.5,NORMAL,80,0,3
KOTHARIPET.NS,HOLD,145.51,weak_trend,65.16,5.12,136.8,128.98,126.43,7.11,4.89,,,134.84,159.73,1.33,ELEVATED,40,2,1
CHEMFAB.NS,HOLD,369.0,weak_trend,46.72,-1.1,371.69,377.89,419.79,16.98,4.6,,,343.53,402.96,1.33,ELEVATED,40,0,3
SANDESH.NS,HOLD,1134.45,weak_trend,72.61,26.13,997.9,980.04,1027.8,49.5,4.36,,,1060.21,1233.44,1.33,ELEVATED,40,2,1
DHAMPURSUG.NS,BUY,159.43,uptrend,66.92,2.61,144.41,142.56,131.92,5.85,3.67,156.24,162.62,147.72,188.7,2.5,NORMAL,78,3,0
ANUHPHR.NS,BUY,79.32,uptrend,59.82,0.39,78.46,77.46,77.41,2.19,2.76,77.73,80.91,74.94,90.26,2.5,NORMAL,74,3,0
BLAL.NS,SELL,171.41,downtrend,23.82,-2.89,177.46,181.31,190.53,4.59,2.68,,,180.59,148.46,2.5,NORMAL,83,0,3
MAHASTEEL.NS,HOLD,1046.3,weak_trend,74.85,59.01,897.11,864.88,826.57,59.35,5.67,,,957.28,1164.99,1.33,ELEVATED,40,1,2
SVLL.NS,SELL,758.95,downtrend,42.97,13.86,741.09,720.0,657.46,20.99,2.77,,,800.92,654.02,2.5,NORMAL,73,1,2
VIVIANA.NS,SELL,715.8,downtrend,52.66,-21.71,731.47,792.06,833.97,32.71,4.57,,,781.22,552.25,2.5,ELEVATED,68,1,2
SUYOG.NS,HOLD,880.45,weak_trend,58.6,9.39,861.67,820.31,716.1,33.65,3.82,,,829.97,947.76,1.33,NORMAL,40,2,1
MUNJALAU.NS,HOLD,102.46,weak_trend,50.22,1.05,103.24,99.19,85.72,2.82,2.75,,,98.24,108.09,1.33,NORMAL,40,0,3
AVADHSUGAR.NS,HOLD,635.1,weak_trend,72.63,31.47,551.96,498.3,422.14,33.14,5.22,,,585.39,701.38,1.33,ELEVATED,40,1,2
NGLFINE.NS,HOLD,3457.8,weak_trend,71.01,96.05,3246.1,3088.88,2195.92,143.63,4.15,,,3242.36,3745.06,1.33,ELEVATED,40,1,2
SNOWMAN.NS,SELL,39.15,downtrend,63.56,0.59,37.52,37.58,39.72,1.62,4.14,,,42.39,31.05,2.5,ELEVATED,63,1,2
DHUNINV.NS,SELL,966.3,downtrend,59.67,7.02,906.18,874.22,1006.01,41.5,4.29,,,1049.3,758.8,2.5,ELEVATED,65,2,1
JITFINFRA.NS,HOLD,333.45,weak_trend,27.84,3.0,357.14,325.7,309.42,18.09,5.42,,,306.32,369.63,1.33,ELEVATED,40,0,3
KRYSTAL.NS,HOLD,600.25,weak_trend,49.02,0.78,600.42,595.84,578.75,5.01,0.83,,,592.73,610.27,1.33,LOW,40,0,3
ORICONENT.NS,SELL,54.12,downtrend,29.31,-0.89,55.56,56.46,60.87,2.27,4.2,,,58.66,42.77,2.5,ELEVATED,80,0,3
STEL.NS,HOLD,552.95,weak_trend,48.34,1.14,556.11,555.6,492.25,19.79,3.58,,,523.26,592.54,1.33,NORMAL,40,0,3
SGIL.NS,SELL,603.3,downtrend,46.28,4.89,597.01,583.33,539.64,17.54,2.91,,,638.39,515.59,2.5,NORMAL,71,1,2
WANBURY.NS,SELL,246.15,downtrend,2.67,-9.35,309.22,287.64,255.17,17.01,6.91,,,280.17,161.1,2.5,ELEVATED,93,0,3
CHEMCON.NS,HOLD,191.59,weak_trend,62.13,1.71,182.74,187.71,182.45,7.05,3.68,,,181.02,205.69,1.33,NORMAL,40,2,1
VLSFINANCE.NS,HOLD,265.1,weak_trend,57.55,2.98,256.09,248.43,253.28,5.99,2.26,,,256.12,277.08,1.33,NORMAL,40,2,1
BHAGERIA.NS,HOLD,207.43,weak_trend,48.82,0.83,210.67,208.54,178.75,10.32,4.98,,,191.95,228.08,1.33,ELEVATED,40,0,3
ASAL.NS,HOLD,498.55,weak_trend,24.71,-3.17,516.3,513.59,486.61,18.95,3.8,,,470.12,536.46,1.33,NORMAL,40,0,3
ARFIN.NS,HOLD,88.03,weak_trend,54.57,-0.69,87.78,89.26,78.28,3.7,4.21,,,82.48,95.43,1.33,ELEVATED,40,1,2
SARLAPOLY.NS,HOLD,101.75,weak_trend,62.05,0.81,100.17,98.79,88.86,3.65,3.58,,,96.28,109.04,1.33,NORMAL,40,2,1
COFFEEDAY.NS,HOLD,31.07,weak_trend,49.54,0.11,31.58,33.17,31.77,1.33,4.28,,,29.08,33.73,1.33,ELEVATED,40,1,2
BIGBLOC.NS,HOLD,46.85,weak_trend,45.87,-0.56,46.75,48.39,54.44,1.68,3.58,,,44.33,50.2,1.33,NORMAL,40,0,3
OWAIS.NS,SELL,91.85,downtrend,35.31,-4.65,98.84,105.3,209.99,4.07,4.43,,,99.99,71.51,2.5,ELEVATED,77,0,3
ZTECH.NS,HOLD,524.7,weak_trend,32.27,-17.79,541.53,578.23,570.16,20.83,3.97,,,493.45,566.36,1.33,NORMAL,40,0,3
AMBIKCO.NS,HOLD,1654.1,weak_trend,43.86,21.26,1737.03,1706.58,1438.44,71.51,4.32,,,1546.84,1797.11,1.33,ELEVATED,40,1,2
UNITEDPOLY.NS,HOLD,28.87,weak_trend,40.47,-0.62,29.81,31.57,31.48,1.73,6.01,,,26.27,32.34,1.33,ELEVATED,40,0,3
VHLTD.NS,SELL,125.0,downtrend,37.85,-1.2,130.44,132.73,135.44,5.53,4.42,,,136.05,97.36,2.5,ELEVATED,76,1,2
ADVANCE.NS,HOLD,127.18,weak_trend,69.36,5.25,117.85,110.12,116.91,6.6,5.19,,,117.28,140.38,1.33,ELEVATED,40,2,1
INDOBORAX.NS,SELL,429.5,downtrend,49.88,10.2,408.74,373.89,271.17,30.69,7.15,,,490.89,276.04,2.5,ELEVATED,70,2,1
RATNAVEER.NS,HOLD,206.1,weak_trend,65.33,7.25,187.17,179.93,160.63,12.89,6.26,,,186.76,231.88,1.33,ELEVATED,40,2,1
SAKAR.NS,HOLD,924.65,weak_trend,54.4,22.35,876.72,840.9,575.88,46.09,4.98,,,855.52,1016.83,1.33,ELEVATED,40,2,1
ELDEHSG.NS,SELL,759.6,downtrend,44.43,-10.63,779.4,791.93,847.57,43.53,5.73,,,846.66,541.94,2.5,ELEVATED,72,0,3
NINSYS.NS,HOLD,739.1,weak_trend,10.5,-20.89,830.01,796.18,510.13,40.82,5.52,,,677.87,820.74,1.33,ELEVATED,40,0,3
MALLCOM.NS,SELL,994.45,downtrend,42.73,-9.37,1027.65,1022.4,1119.84,37.5,3.77,,,1069.44,806.97,2.5,NORMAL,73,0,3
BODALCHEM.NS,BUY,68.98,uptrend,56.79,1.99,67.45,66.74,59.04,3.43,4.97,67.6,70.36,62.12,86.13,2.5,ELEVATED,73,3,0
MUKKA.NS,BUY,24.01,uptrend,61.06,-0.01,23.08,23.31,23.47,0.82,3.42,23.53,24.49,22.37,28.12,2.5,NORMAL,75,3,0
TECHLABS.NS,SELL,121.9,downtrend,19.28,-4.63,132.83,133.63,241.8,6.78,5.56,,,135.46,88.01,2.5,ELEVATED,85,0,3
MUFTI.NS,SELL,86.02,downtrend,52.69,-0.56,84.01,86.29,89.48,3.0,3.49,,,92.02,71.03,2.5,NORMAL,68,1,2
KAMATHOTEL.NS,HOLD,170.8,weak_trend,42.69,-1.92,173.0,175.78,200.12,4.73,2.77,,,163.7,180.26,1.33,NORMAL,40,0,3
SATIA.NS,SELL,63.48,downtrend,63.33,1.68,60.45,57.31,63.92,2.44,3.84,,,68.35,51.3,2.5,NORMAL,63,1,2
DWARKESH.NS,HOLD,42.28,weak_trend,45.79,-0.73,41.42,42.84,40.91,2.14,5.07,,,39.06,46.57,1.33,ELEVATED,40,1,2
KECL.NS,HOLD,150.17,weak_trend,72.26,8.32,132.14,118.71,107.15,8.96,5.96,,,136.74,168.08,1.33,ELEVATED,40,2,1
NAHARSPING.NS,BUY,316.25,uptrend,68.91,13.0,287.91,272.75,225.52,14.52,4.59,309.93,322.57,287.2,388.87,2.5,ELEVATED,79,3,0
KAMDHENU.NS,HOLD,35.18,weak_trend,60.44,1.14,34.21,31.04,25.54,1.67,4.74,,,32.68,38.51,1.33,ELEVATED,40,1,2
RITCO.NS,BUY,297.35,uptrend,62.64,10.55,288.98,271.39,249.59,13.54,4.55,291.4,303.3,270.27,365.05,2.5,ELEVATED,76,3,0
APEX.NS,HOLD,376.75,weak_trend,27.4,-8.32,388.04,401.06,362.77,9.65,2.56,,,362.28,396.04,1.33,NORMAL,40,1,2
KOPRAN.NS,HOLD,181.22,weak_trend,28.15,-1.23,197.43,192.14,156.15,9.03,4.99,,,167.67,199.29,1.33,ELEVATED,40,1,2
MAGADSUGAR.NS,HOLD,531.55,weak_trend,55.9,12.6,505.94,475.08,471.52,25.6,4.82,,,493.16,582.74,1.33,ELEVATED,40,2,1
ATL.NS,SELL,25.02,downtrend,58.63,0.21,23.55,23.87,25.75,1.01,4.03,,,27.04,19.97,2.5,ELEVATED,65,2,1
PATELRMART.NS,HOLD,220.35,weak_trend,60.83,1.57,222.22,216.37,204.21,6.42,2.91,,,210.73,233.18,1.33,NORMAL,40,0,3
20MICRONS.NS,HOLD,189.07,weak_trend,25.76,-1.05,201.35,195.25,185.35,7.8,4.13,,,177.36,204.68,1.33,ELEVATED,40,0,3
RUBYMILLS.NS,HOLD,378.5,weak_trend,44.44,4.19,388.47,354.07,251.79,22.96,6.07,,,344.06,424.42,1.33,ELEVATED,40,0,3
GHCLTEXTIL.NS,HOLD,120.86,weak_trend,56.67,3.9,115.44,105.11,85.09,5.64,4.67,,,112.4,132.14,1.33,ELEVATED,40,1,2
ESFL.NS,HOLD,126.25,weak_trend,60.8,0.24,119.78,119.02,150.87,6.15,4.87,,,117.03,138.55,1.33,ELEVATED,40,1,2
PROZONER.NS,SELL,42.94,downtrend,51.14,-0.86,42.8,45.63,52.01,2.17,5.06,,,47.28,32.08,2.5,ELEVATED,69,1,2
STCINDIA.NS,HOLD,118.63,weak_trend,47.09,-1.03,119.24,123.07,120.04,3.15,2.65,,,113.91,124.92,1.33,NORMAL,40,0,3
TREL.NS,SELL,25.4,downtrend,57.17,-0.25,24.52,25.42,26.0,0.93,3.68,,,27.27,20.73,2.5,NORMAL,66,1,2
LINC.NS,SELL,99.86,downtrend,22.68,-1.69,104.33,105.1,108.47,3.65,3.65,,,107.15,81.62,2.5,NORMAL,83,1,2
MVKAGRO.NS,SELL,242.1,downtrend,2.99,-37.8,355.18,394.57,546.98,15.41,6.37,,,272.92,165.05,2.5,ELEVATED,93,0,3
KSOLVES.NS,SELL,280.05,downtrend,27.91,-1.52,286.77,283.97,287.37,7.42,2.65,,,294.89,242.94,2.5,NORMAL,81,0,3
LAXMIINDIA.NS,BUY,134.06,uptrend,69.64,5.87,123.14,113.53,114.84,7.05,5.26,131.38,136.74,119.96,169.3,2.5,ELEVATED,79,3,0
GEECEE.NS,BUY,363.45,uptrend,62.49,5.44,348.48,341.99,319.9,14.27,3.93,356.18,370.72,334.91,434.79,2.5,NORMAL,76,3,0
RUSHIL.NS,SELL,17.82,downtrend,61.1,0.42,16.97,16.55,19.04,1.27,7.14,,,20.37,11.46,2.5,ELEVATED,64,1,2
NBIFIN.NS,HOLD,2120.1,weak_trend,51.3,39.97,2182.02,2007.17,2077.45,100.24,4.73,,,1969.74,2320.59,1.33,ELEVATED,40,0,3
HLVLTD.NS,SELL,7.24,downtrend,54.31,-0.12,7.23,7.57,8.51,0.23,3.12,,,7.69,6.11,2.5,NORMAL,67,1,2
THEINVEST.NS,SELL,98.14,downtrend,52.75,0.59,97.6,97.58,108.11,3.4,3.46,,,104.94,81.14,2.5,NORMAL,68,1,2
PVP.NS,HOLD,34.67,weak_trend,75.87,0.91,28.93,29.44,30.73,1.89,5.45,,,31.83,38.45,1.33,ELEVATED,40,2,1
PPL.NS,HOLD,260.4,weak_trend,56.09,-0.38,264.59,260.28,233.0,13.32,5.12,,,240.42,287.04,1.33,ELEVATED,40,1,2
RSWM.NS,HOLD,207.63,weak_trend,46.48,5.22,214.26,202.52,163.96,9.63,4.64,,,193.19,226.88,1.33,ELEVATED,40,1,2
DMCC.NS,BUY,277.65,uptrend,58.03,5.17,270.22,260.57,257.42,12.67,4.56,272.1,283.2,252.31,340.99,2.5,ELEVATED,74,3,0
SHIVALIK.NS,HOLD,254.5,weak_trend,70.25,6.95,240.67,233.6,299.42,12.03,4.73,,,236.46,278.55,1.33,ELEVATED,40,0,3
RKSWAMY.NS,HOLD,103.33,weak_trend,61.26,1.07,101.07,99.7,102.42,4.05,3.92,,,97.26,111.43,1.33,NORMAL,40,2,1
NAHARPOLY.NS,SELL,237.0,downtrend,36.99,0.5,263.15,255.57,252.69,14.35,6.06,,,265.71,165.23,2.5,ELEVATED,76,0,3
VENUSREM.NS,HOLD,1540.7,weak_trend,34.2,-40.67,1654.53,1678.49,1003.02,100.14,6.5,,,1390.49,1740.98,1.33,ELEVATED,40,0,3
SUBEXLTD.NS,HOLD,13.74,weak_trend,59.14,0.41,12.94,11.98,10.88,0.62,4.52,,,12.81,14.98,1.33,ELEVATED,40,2,1
SARVESHWAR.NS,HOLD,3.42,weak_trend,38.89,-0.06,3.44,3.6,3.97,0.13,3.93,,,3.22,3.69,1.33,NORMAL,40,1,2
REPRO.NS,SELL,371.15,downtrend,49.17,3.09,374.03,367.16,412.87,14.11,3.8,,,399.38,300.58,2.5,NORMAL,70,0,3
ZEEMEDIA.NS,SELL,7.21,downtrend,24.26,-0.31,7.75,8.14,8.53,0.33,4.64,,,7.88,5.54,2.5,ELEVATED,82,1,2
SEJALLTD.NS,SELL,718.45,downtrend,45.59,-3.16,738.48,738.15,741.15,39.21,5.46,,,796.87,522.4,2.5,ELEVATED,72,0,3
GLOSTERLTD.NS,BUY,697.45,uptrend,62.51,2.35,673.38,672.52,612.99,23.16,3.32,683.5,711.4,651.12,813.27,2.5,NORMAL,76,3,0
MINDTECK.NS,HOLD,192.05,weak_trend,37.12,-3.21,196.73,202.96,208.21,6.27,3.26,,,182.65,204.58,1.33,NORMAL,40,0,3
AHCL.NS,HOLD,14.45,weak_trend,44.21,-0.22,14.98,15.19,13.82,0.65,4.48,,,13.48,15.75,1.33,ELEVATED,40,0,3
NRAIL.NS,HOLD,544.55,weak_trend,75.39,18.45,468.21,454.36,456.39,32.16,5.91,,,496.3,608.88,1.33,ELEVATED,40,2,1
HARDWYN.NS,SELL,11.26,downtrend,50.88,-1.15,11.36,15.1,13.93,0.46,4.08,,,12.18,8.96,2.5,ELEVATED,69,1,2
DREAMFOLKS.NS,SELL,70.33,downtrend,60.69,0.05,68.26,69.41,88.92,2.47,3.52,,,75.28,57.96,2.5,NORMAL,64,1,2
CELLECOR.NS,SELL,31.0,downtrend,23.53,-1.37,34.25,35.82,31.71,1.38,4.46,,,33.76,24.09,2.5,ELEVATED,83,1,2
ONWARDTEC.NS,HOLD,290.7,weak_trend,61.42,3.61,288.63,272.78,270.1,12.43,4.28,,,272.06,315.56,1.33,ELEVATED,40,1,2
SHREERAMA.NS,SELL,38.38,downtrend,31.09,-1.23,40.27,42.19,50.7,1.66,4.32,,,41.7,30.09,2.5,ELEVATED,79,0,3
ACL.NS,HOLD,47.95,weak_trend,39.92,-0.92,48.31,50.9,59.15,1.81,3.77,,,45.24,51.57,1.33,NORMAL,40,0,3
JAYAGROGN.NS,HOLD,220.7,weak_trend,48.47,2.42,220.82,215.86,200.52,9.59,4.35,,,206.31,239.89,1.33,ELEVATED,40,0,3
ACCENTMIC.NS,BUY,543.9,uptrend,55.9,8.83,509.74,486.57,387.67,18.15,3.34,533.02,554.78,507.61,634.63,2.5,NORMAL,72,3,0
APTECHT.NS,HOLD,96.27,weak_trend,53.14,-1.46,94.38,101.74,93.29,3.78,3.93,,,90.6,103.83,1.33,NORMAL,40,2,1
MANBA.NS,HOLD,131.77,weak_trend,41.92,0.36,136.36,131.23,126.64,5.72,4.34,,,123.18,143.22,1.33,ELEVATED,40,0,3
MAANALU.NS,SELL,124.43,downtrend,65.91,0.77,119.23,123.0,139.12,5.12,4.11,,,134.67,98.83,2.5,ELEVATED,62,1,2
EMKAY.NS,HOLD,238.86,weak_trend,48.2,-4.61,243.56,261.94,255.43,12.24,5.12,,,220.5,263.34,1.33,ELEVATED,40,0,3
URJA.NS,SELL,9.84,downtrend,64.68,0.01,9.41,9.83,10.55,0.3,3.04,,,10.44,8.34,2.5,NORMAL,62,1,2
IRIS.NS,SELL,257.45,downtrend,61.1,1.5,248.94,251.8,270.02,13.24,5.14,,,283.94,191.23,2.5,ELEVATED,64,1,2
VISAKAIND.NS,HOLD,103.52,weak_trend,86.88,4.28,84.88,79.73,69.64,4.9,4.73,,,96.17,113.32,1.33,ELEVATED,40,2,1
MMP.NS,HOLD,326.25,weak_trend,80.07,11.12,291.6,279.57,259.97,12.77,3.91,,,307.09,351.79,1.33,NORMAL,40,1,2
HINDCOMPOS.NS,SELL,418.2,downtrend,35.56,-3.09,431.96,427.25,429.36,16.17,3.87,,,450.54,337.36,2.5,NORMAL,77,0,3
PARSVNATH.NS,SELL,1.65,downtrend,0.0,-0.3,1.95,2.61,7.9,0.03,1.95,,,1.71,1.49,2.5,LOW,95,1,2
ENIL.NS,SELL,102.08,downtrend,29.73,-0.38,106.93,108.01,114.25,3.4,3.33,,,108.87,85.09,2.5,NORMAL,80,1,2
PAKKA.NS,SELL,72.17,downtrend,51.87,-1.56,71.72,76.88,94.71,2.27,3.14,,,76.71,60.83,2.5,NORMAL,69,1,2
GFLLIMITED.NS,HOLD,50.77,weak_trend,71.75,1.08,46.89,46.6,50.89,1.87,3.69,,,47.96,54.52,1.33,NORMAL,40,1,2
MENONBE.NS,HOLD,246.55,weak_trend,65.31,16.53,214.78,183.25,134.93,12.67,5.14,,,227.55,271.89,1.33,ELEVATED,40,2,1
CSLFINANCE.NS,SELL,221.94,downtrend,59.9,-1.33,215.5,221.67,253.83,6.59,2.97,,,235.12,188.99,2.5,NORMAL,65,2,1
GCSL.NS,HOLD,517.35,weak_trend,52.02,13.84,519.08,471.26,372.2,16.56,3.2,,,492.51,550.47,1.33,NORMAL,40,0,3
CHEVIOT.NS,HOLD,1165.6,weak_trend,61.5,18.18,1127.67,1102.51,1067.02,46.73,4.01,,,1095.51,1259.06,1.33,ELEVATED,40,2,1
SCHAND.NS,SELL,145.31,downtrend,37.4,-1.73,147.03,148.26,155.61,4.16,2.87,,,153.64,124.49,2.5,NORMAL,76,1,2
KILITCH.NS,BUY,193.52,uptrend,68.71,2.41,183.98,184.7,170.73,7.23,3.74,189.65,197.39,179.06,229.67,2.5,NORMAL,79,3,0
KRITI.NS,SELL,70.49,downtrend,61.05,-0.06,67.94,70.33,81.4,3.07,4.35,,,76.62,55.15,2.5,ELEVATED,64,2,1
DBEIL.NS,SELL,7.26,downtrend,35.71,-0.22,7.54,8.01,9.47,0.38,5.24,,,8.02,5.36,2.5,ELEVATED,77,0,3
INDSWFTLAB.NS,HOLD,228.41,weak_trend,45.75,5.89,230.3,204.05,140.69,10.62,4.65,,,212.48,249.65,1.33,ELEVATED,40,0,3
VERTOZ.NS,HOLD,35.96,weak_trend,39.9,-1.04,36.21,39.27,52.58,1.49,4.15,,,33.72,38.94,1.33,ELEVATED,40,1,2
FOODSIN.NS,SELL,54.92,downtrend,37.27,-1.12,56.25,56.61,63.3,2.16,3.94,,,59.24,44.11,2.5,NORMAL,76,0,3
SICALLOG.NS,HOLD,102.56,weak_trend,58.1,3.99,100.06,92.12,82.39,6.66,6.5,,,92.56,115.89,1.33,ELEVATED,40,1,2
MWL.NS,HOLD,42.3,weak_trend,78.66,1.26,37.64,37.54,30.18,1.8,4.27,,,39.59,45.91,1.33,ELEVATED,40,2,1
ASIANHOTNR.NS,BUY,312.7,uptrend,58.74,0.99,305.35,304.99,307.9,19.88,6.36,306.45,318.95,272.94,412.09,2.5,ELEVATED,74,3,0
GANESHBE.NS,HOLD,120.41,weak_trend,63.9,4.48,111.97,106.7,89.95,7.89,6.55,,,108.58,136.19,1.33,ELEVATED,40,2,1
IGCL.NS,HOLD,73.19,weak_trend,56.67,2.1,73.97,67.02,72.77,3.77,5.15,,,67.54,80.73,1.33,ELEVATED,40,0,3
BORANA.NS,HOLD,339.6,weak_trend,56.53,4.8,323.77,318.47,320.51,13.89,4.09,,,318.77,367.38,1.33,ELEVATED,40,2,1
TIRUPATI.NS,SELL,340.0,downtrend,0.0,-39.48,419.79,468.56,576.83,11.19,3.29,,,362.38,284.05,2.5,NORMAL,95,0,3
SHALPAINTS.NS,HOLD,84.47,weak_trend,73.31,8.14,67.18,57.8,59.0,6.99,8.27,,,73.99,98.44,1.33,ELEVATED,40,1,2
SBGLP.NS,HOLD,24.93,weak_trend,42.19,-0.05,25.09,25.35,29.19,1.6,6.42,,,22.53,28.13,1.33,ELEVATED,40,0,3
TOLINS.NS,HOLD,102.14,weak_trend,36.35,-0.44,103.19,103.49,121.19,2.05,2.0,,,99.07,106.23,1.33,NORMAL,40,0,3
ONMOBILE.NS,HOLD,69.7,weak_trend,70.1,2.08,64.98,60.67,56.38,2.49,3.58,,,65.96,74.69,1.33,NORMAL,40,1,2
GLOTTIS.NS,HOLD,69.06,weak_trend,79.18,0.37,67.06,66.74,59.95,1.92,2.78,,,66.18,72.91,1.33,NORMAL,40,2,1
IRISDOREME.NS,HOLD,54.52,weak_trend,94.09,3.1,48.88,43.32,36.1,2.22,4.07,,,51.19,58.96,1.33,ELEVATED,40,1,2
NILASPACES.NS,SELL,12.27,downtrend,50.84,-0.09,12.15,12.44,14.18,0.51,4.18,,,13.3,9.71,2.5,ELEVATED,69,1,2
GIRIRAJ.NS,SELL,53.5,downtrend,0.0,-19.57,89.3,117.53,158.1,6.25,11.69,,,66.01,22.23,2.5,ELEVATED,95,1,2
SILINV.NS,SELL,440.7,downtrend,66.77,3.05,421.86,420.37,468.56,14.86,3.37,,,470.42,366.4,2.5,NORMAL,61,2,1
SPECIALITY.NS,BUY,145.17,uptrend,63.28,4.53,134.34,124.68,114.29,7.12,4.91,142.27,148.07,130.92,180.78,2.5,ELEVATED,76,3,0
GPECO.NS,SELL,402.35,downtrend,38.91,-3.9,423.54,432.71,409.6,12.52,3.11,,,427.39,339.76,2.5,NORMAL,75,1,2
OCCLLTD.NS,HOLD,156.19,weak_trend,63.44,9.53,150.83,135.94,107.79,9.22,5.9,,,142.37,174.62,1.33,ELEVATED,40,1,2
MOS.NS,SELL,10.2,downtrend,24.29,-0.96,11.85,13.56,17.75,0.67,6.55,,,11.54,6.86,2.5,ELEVATED,82,0,3
SUTLEJTEX.NS,HOLD,38.54,weak_trend,46.18,0.34,38.31,37.67,33.97,1.74,4.5,,,35.94,42.01,1.33,ELEVATED,40,2,1
RPPINFRA.NS,SELL,57.86,downtrend,20.86,-1.59,61.92,62.73,82.44,2.27,3.92,,,62.4,46.52,2.5,NORMAL,84,1,2
PYRAMID.NS,HOLD,175.35,weak_trend,58.86,3.62,173.34,170.03,161.42,8.94,5.1,,,161.94,193.23,1.33,ELEVATED,40,2,1
PRIMO.NS,HOLD,23.96,weak_trend,54.62,0.08,23.51,23.85,22.55,1.29,5.39,,,22.02,26.54,1.33,ELEVATED,40,2,1
FOCUS.NS,SELL,67.08,downtrend,12.74,-4.16,73.03,82.52,76.42,2.92,4.35,,,72.92,52.48,2.5,ELEVATED,88,0,3
SJLOGISTIC.NS,HOLD,316.7,weak_trend,47.97,-4.62,318.8,333.2,332.94,13.91,4.39,,,295.84,344.51,1.33,ELEVATED,40,0,3
TARACHAND.NS,SELL,49.49,downtrend,31.4,-0.73,55.38,56.0,65.34,2.64,5.34,,,54.77,36.28,2.5,ELEVATED,79,1,2
CONSOFINVT.NS,HOLD,296.25,weak_trend,59.16,14.52,287.61,253.92,212.28,14.45,4.88,,,274.58,325.15,1.33,ELEVATED,40,1,2
KRONOX.NS,HOLD,167.71,weak_trend,68.09,3.98,155.14,150.05,136.66,6.37,3.8,,,158.16,180.44,1.33,NORMAL,40,2,1
RADIANTCMS.NS,SELL,38.99,downtrend,59.0,-0.1,37.56,38.47,43.77,1.13,2.9,,,41.25,33.33,2.5,NORMAL,65,1,2
BAHETI.NS,HOLD,769.55,weak_trend,80.59,17.23,720.5,691.2,607.21,21.05,2.73,,,737.98,811.64,1.33,NORMAL,40,1,2
HMVL.NS,HOLD,98.67,weak_trend,62.41,3.99,94.25,88.36,73.45,5.39,5.46,,,90.59,109.44,1.33,ELEVATED,40,2,1
KAYA.NS,HOLD,276.95,weak_trend,67.65,6.81,265.68,253.93,314.14,15.57,5.62,,,253.6,308.08,1.33,ELEVATED,40,1,2
ESSARSHPNG.NS,HOLD,19.86,weak_trend,43.77,-0.66,20.32,22.13,26.01,0.81,4.1,,,18.64,21.49,1.33,ELEVATED,40,0,3
INTLCONV.NS,HOLD,74.84,weak_trend,31.73,-1.25,76.16,78.87,81.31,2.71,3.62,,,70.77,80.26,1.33,NORMAL,40,0,3
EMAMIPAP.NS,HOLD,110.89,weak_trend,63.22,6.04,105.19,93.58,85.81,8.32,7.5,,,98.41,127.53,1.33,ELEVATED,40,1,2
ZODIAC.NS,HOLD,250.8,weak_trend,44.57,-5.06,254.29,268.05,291.12,10.86,4.33,,,234.51,272.52,1.33,ELEVATED,40,0,3
EIFFL.NS,HOLD,269.3,weak_trend,26.73,-9.25,311.45,298.7,253.69,15.09,5.6,,,246.67,299.48,1.33,ELEVATED,40,1,2
DIGISPICE.NS,SELL,17.55,downtrend,26.61,-0.63,18.41,19.4,20.85,0.8,4.57,,,19.15,13.54,2.5,ELEVATED,81,0,3
SURAJLTD.NS,SELL,221.9,downtrend,41.43,-2.42,223.46,227.04,242.61,10.67,4.81,,,243.24,168.55,2.5,ELEVATED,74,0,3
MBLINFRA.NS,HOLD,24.52,weak_trend,42.79,-0.3,25.15,26.24,28.79,1.26,5.14,,,22.63,27.04,1.33,ELEVATED,40,0,3
COMSYN.NS,HOLD,269.03,weak_trend,82.57,14.25,201.2,182.65,160.89,17.21,6.4,,,243.21,303.46,1.33,ELEVATED,40,2,1
PRECOT.NS,HOLD,771.7,weak_trend,36.76,9.9,817.49,770.09,558.42,45.61,5.91,,,703.28,862.92,1.33,ELEVATED,40,0,3
VINSYS.NS,HOLD,577.0,weak_trend,100.0,28.96,529.05,467.98,377.7,11.7,2.03,,,559.46,600.39,1.33,NORMAL,40,1,2
TPLPLASTEH.NS,HOLD,77.51,weak_trend,32.52,0.78,79.63,74.91,68.37,2.56,3.3,,,73.68,82.62,1.33,NORMAL,40,0,3
ALLETEC.NS,SELL,134.05,downtrend,42.59,-2.28,137.69,140.71,180.11,4.95,3.69,,,143.95,109.3,2.5,NORMAL,73,0,3
RBZJEWEL.NS,HOLD,150.91,weak_trend,56.87,2.5,147.9,140.24,137.69,5.68,3.76,,,142.4,162.26,1.33,NORMAL,40,2,1
HERCULES.NS,HOLD,159.32,weak_trend,100.0,0.35,157.07,156.92,159.29,0.18,0.11,,,159.05,159.68,1.33,LOW,40,1,2
HILINFRA.NS,SELL,45.01,downtrend,57.75,-0.15,45.2,46.34,54.49,1.89,4.19,,,48.78,35.58,2.5,ELEVATED,66,2,1
RAMAPHO.NS,SELL,120.25,downtrend,40.01,-0.52,125.57,125.26,143.93,6.0,4.99,,,132.24,90.27,2.5,ELEVATED,74,1,2
ORIENTPPR.NS,SELL,18.51,downtrend,67.49,0.44,17.69,17.47,19.78,0.88,4.77,,,20.28,14.1,2.5,ELEVATED,61,1,2
GVKPIL.NS,SELL,2.35,downtrend,25.81,-0.07,2.43,2.63,2.94,0.07,2.83,,,2.48,2.02,2.5,NORMAL,82,2,1
LIBERTSHOE.NS,SELL,262.3,downtrend,42.51,0.63,263.73,258.17,264.39,8.2,3.13,,,278.71,221.28,2.5,NORMAL,73,0,3
KNAGRI.NS,HOLD,205.47,weak_trend,57.96,0.9,206.73,205.21,196.95,8.4,4.09,,,192.87,222.26,1.33,ELEVATED,40,0,3
ANNAPURNA.NS,HOLD,156.55,weak_trend,75.0,2.8,133.41,133.79,180.15,7.58,4.84,,,145.18,171.71,1.33,ELEVATED,40,1,2
BELLACASA.NS,HOLD,241.85,weak_trend,48.07,-2.29,242.71,245.38,307.07,10.95,4.53,,,225.43,263.75,1.33,ELEVATED,40,0,3
BMWVENTLTD.NS,HOLD,59.3,weak_trend,57.29,0.15,57.98,58.48,59.19,2.39,4.02,,,55.72,64.07,1.33,ELEVATED,40,2,1
PARIN.NS,HOLD,698.4,weak_trend,31.39,-0.6,720.47,716.05,646.18,26.78,3.83,,,658.23,751.96,1.33,NORMAL,40,0,3
KAPSTON.NS,HOLD,525.9,weak_trend,79.26,37.07,465.01,398.79,342.36,20.49,3.9,,,495.16,566.89,1.33,NORMAL,40,1,2
ADVANIHOTR.NS,SELL,50.19,downtrend,40.32,-0.49,51.61,52.39,53.57,1.45,2.9,,,53.1,42.92,2.5,NORMAL,74,1,2
DBOL.NS,BUY,113.7,uptrend,59.31,-0.1,106.36,108.87,96.63,5.36,4.72,111.43,115.97,102.98,140.51,2.5,ELEVATED,74,3,0
TRACXN.NS,HOLD,29.97,weak_trend,49.47,-0.09,30.07,30.48,35.82,0.82,2.73,,,28.74,31.61,1.33,NORMAL,40,1,2
MUNJALSHOW.NS,HOLD,134.21,weak_trend,58.4,2.01,133.02,128.45,124.03,3.4,2.53,,,129.12,141.0,1.33,NORMAL,40,2,1
SREEL.NS,HOLD,216.53,weak_trend,53.28,1.42,216.83,210.54,206.83,9.8,4.53,,,201.83,236.13,1.33,ELEVATED,40,0,3
ORBTEXP.NS,HOLD,252.72,weak_trend,81.68,8.05,237.28,222.64,190.99,10.67,4.22,,,236.71,274.06,1.33,ELEVATED,40,2,1
MAZDA.NS,HOLD,231.23,weak_trend,63.44,-1.51,224.34,230.85,218.97,7.72,3.34,,,219.65,246.66,1.33,NORMAL,40,2,1
GUJAPOLLO.NS,SELL,367.75,downtrend,61.77,0.43,355.67,363.43,404.17,14.83,4.03,,,397.41,293.59,2.5,ELEVATED,64,1,2
TRANSWORLD.NS,SELL,166.0,downtrend,52.5,-0.56,160.85,164.48,173.8,6.65,4.01,,,179.31,132.74,2.5,ELEVATED,68,2,1
PTL.NS,BUY,39.85,uptrend,56.25,-0.08,39.64,40.05,38.14,0.73,1.83,39.05,40.65,38.39,43.5,2.5,LOW,73,3,0
DPEL.NS,HOLD,555.9,weak_trend,36.83,4.39,568.37,525.29,388.12,16.12,2.9,,,531.72,588.14,1.33,NORMAL,40,1,2
EFFWA.NS,HOLD,379.75,weak_trend,60.11,5.9,373.81,356.75,258.24,15.93,4.2,,,355.85,411.61,1.33,ELEVATED,40,1,2
MEGATHERM.NS,SELL,208.2,downtrend,27.19,-3.11,214.93,213.9,225.01,7.41,3.56,,,223.03,171.13,2.5,NORMAL,81,1,2
AVONMORE.NS,SELL,10.93,downtrend,65.85,0.25,10.26,10.34,13.85,0.6,5.53,,,12.14,7.91,2.5,ELEVATED,62,1,2
WSI.NS,HOLD,59.92,weak_trend,37.43,-1.44,61.63,65.05,73.83,2.46,4.11,,,56.23,64.84,1.33,ELEVATED,40,0,3
SUPREMEPWR.NS,HOLD,205.1,weak_trend,41.25,-6.21,210.34,230.15,204.05,9.47,4.62,,,190.9,224.04,1.33,ELEVATED,40,0,3
SUKHJITS.NS,HOLD,162.04,weak_trend,49.76,-2.55,163.9,169.79,170.73,8.56,5.28,,,149.21,179.15,1.33,ELEVATED,40,0,3
MGEL.NS,HOLD,14.57,weak_trend,27.85,-0.28,16.03,16.08,13.88,0.75,5.15,,,13.44,16.07,1.33,ELEVATED,40,1,2
CGRAPHICS.NS,HOLD,150.0,weak_trend,73.41,1.19,135.08,140.43,165.65,6.99,4.66,,,139.51,163.99,1.33,ELEVATED,40,1,2
DONEAR.NS,HOLD,84.48,weak_trend,45.74,-0.68,84.84,87.34,91.49,2.09,2.47,,,81.35,88.65,1.33,NORMAL,40,0,3
TERASOFT.NS,BUY,407.7,uptrend,53.31,2.81,396.89,409.57,407.03,21.17,5.19,399.55,415.85,365.36,513.54,2.5,ELEVATED,71,3,0
MODISONLTD.NS,HOLD,278.95,weak_trend,38.13,-3.44,282.69,299.29,185.79,12.31,4.41,,,260.49,303.56,1.33,ELEVATED,40,0,3
VINYLINDIA.NS,HOLD,244.52,weak_trend,48.19,-2.29,245.51,249.96,237.35,9.49,3.88,,,230.28,263.51,1.33,NORMAL,40,0,3
DICIND.NS,HOLD,519.25,weak_trend,54.95,0.84,513.44,510.84,512.76,21.66,4.17,,,486.75,562.58,1.33,ELEVATED,40,2,1
CPEDU.NS,HOLD,212.09,weak_trend,73.98,4.65,198.25,195.41,219.91,11.56,5.45,,,194.75,235.21,1.33,ELEVATED,40,0,3
EUROBOND.NS,SELL,164.99,downtrend,52.64,-1.92,162.53,169.53,175.81,6.88,4.17,,,178.75,130.59,2.5,ELEVATED,68,2,1
MIRZAINT.NS,SELL,33.2,downtrend,18.78,-0.44,35.61,34.02,34.79,1.2,3.61,,,35.6,27.21,2.5,NORMAL,85,0,3
ATMASTCO.NS,SELL,149.55,downtrend,33.48,-4.51,154.5,164.6,159.18,4.57,3.06,,,158.69,126.69,2.5,NORMAL,78,0,3
CLEDUCATE.NS,HOLD,58.7,weak_trend,51.79,1.08,58.08,54.79,62.47,2.93,4.99,,,54.3,64.56,1.33,ELEVATED,40,0,3
PAVNAIND.NS,SELL,19.02,downtrend,63.59,0.36,17.43,17.29,21.82,1.34,7.06,,,21.71,12.3,2.5,ELEVATED,63,1,2
SOFTTECH.NS,HOLD,420.0,weak_trend,54.17,-1.79,417.43,427.92,350.89,11.65,2.77,,,402.52,443.3,1.33,NORMAL,40,2,1
NAHARINDUS.NS,HOLD,127.72,weak_trend,70.16,1.22,117.39,117.77,108.87,4.6,3.61,,,120.81,136.93,1.33,NORMAL,40,2,1
CYBERTECH.NS,HOLD,138.24,weak_trend,39.41,-1.22,140.82,142.33,137.11,4.26,3.08,,,131.85,146.76,1.33,NORMAL,40,0,3
MEDICAMEQ.NS,HOLD,235.69,weak_trend,49.39,-1.23,239.54,241.03,306.61,10.06,4.27,,,220.6,255.81,1.33,ELEVATED,40,0,3
PANACHE.NS,BUY,458.55,uptrend,63.81,7.82,435.02,412.33,360.17,23.96,5.22,449.38,467.72,410.64,578.34,2.5,ELEVATED,76,3,0
HCL-INSYS.NS,HOLD,11.48,weak_trend,37.41,-0.14,11.61,12.06,12.83,0.34,2.98,,,10.97,12.16,1.33,NORMAL,40,0,3
ABSMARINE.NS,HOLD,219.05,weak_trend,40.36,-3.46,222.12,233.62,209.23,7.11,3.25,,,208.38,233.28,1.33,NORMAL,40,0,3
KOTHARIPRO.NS,SELL,69.63,downtrend,55.46,-0.37,67.93,69.45,72.19,2.76,3.97,,,75.16,55.82,2.5,NORMAL,67,2,1
HTMEDIA.NS,HOLD,27.74,weak_trend,57.35,0.75,25.91,24.16,23.25,1.63,5.88,,,25.3,31.0,1.33,ELEVATED,40,2,1
VRAJ.NS,SELL,123.4,downtrend,27.36,-0.26,128.84,123.29,126.57,4.26,3.45,,,131.91,102.12,2.5,NORMAL,81,0,3
UGARSUGAR.NS,HOLD,45.0,weak_trend,65.07,1.14,41.15,40.49,40.26,2.12,4.7,,,41.83,49.23,1.33,ELEVATED,40,2,1
XTGLOBAL.NS,SELL,31.66,downtrend,67.4,1.0,30.23,29.73,32.31,1.86,5.88,,,35.38,22.36,2.5,ELEVATED,61,2,1
SINCLAIR.NS,SELL,76.98,downtrend,62.46,0.09,74.82,75.64,79.42,2.87,3.73,,,82.73,62.62,2.5,NORMAL,63,1,2
DAVANGERE.NS,SELL,3.11,downtrend,32.0,-0.12,3.29,3.48,3.85,0.14,4.46,,,3.39,2.42,2.5,ELEVATED,79,0,3
HIGREEN.NS,HOLD,138.95,weak_trend,48.81,-0.15,138.1,136.58,144.32,4.29,3.08,,,132.52,147.52,1.33,NORMAL,40,0,3
MOLDTECH.NS,HOLD,192.09,weak_trend,81.25,14.57,146.76,135.69,142.13,13.76,7.16,,,171.45,219.61,1.33,ELEVATED,40,2,1
PREMIERPOL.NS,HOLD,71.66,weak_trend,45.89,1.87,73.05,65.61,53.84,4.71,6.58,,,64.59,81.09,1.33,ELEVATED,40,0,3
ARIES.NS,SELL,339.25,downtrend,41.17,0.0,341.99,337.81,344.31,9.3,2.74,,,357.84,292.77,2.5,NORMAL,74,0,3
NDL.NS,HOLD,2.32,weak_trend,44.83,-0.03,2.34,2.43,2.74,0.06,2.77,,,2.22,2.45,1.33,NORMAL,40,1,2
SIGMA.NS,HOLD,46.37,weak_trend,65.16,2.56,42.08,40.32,46.11,3.81,8.21,,,40.66,53.99,1.33,ELEVATED,40,2,1
SAHAJSOLAR.NS,SELL,109.65,downtrend,23.52,-5.07,119.61,127.63,148.19,4.99,4.55,,,119.63,84.7,2.5,ELEVATED,83,1,2
NAHARCAP.NS,BUY,266.64,uptrend,65.63,4.15,253.19,251.98,250.89,9.88,3.71,261.31,271.97,246.88,316.05,2.5,NORMAL,77,3,0
SPENCERS.NS,SELL,32.02,downtrend,28.72,-0.84,33.64,35.12,37.27,1.41,4.41,,,34.84,24.96,2.5,ELEVATED,80,0,3
POLYSIL.NS,SELL,75.0,downtrend,9.53,-11.55,108.82,124.32,200.06,5.96,7.95,,,86.92,45.2,2.5,ELEVATED,90,0,3
ORIENTCER.NS,BUY,42.58,uptrend,57.88,0.21,41.13,40.32,40.89,1.44,3.38,41.73,43.43,39.7,49.78,2.5,NORMAL,73,3,0
PLASTIBLEN.NS,HOLD,198.44,weak_trend,50.84,3.18,193.53,183.16,164.44,6.25,3.15,,,189.06,210.95,1.33,NORMAL,40,2,1
BIRLACABLE.NS,HOLD,254.21,weak_trend,89.29,12.26,202.58,203.05,158.01,11.3,4.44,,,237.26,276.81,1.33,ELEVATED,40,2,1
LORDSCHLO.NS,HOLD,144.13,weak_trend,51.61,1.9,144.12,138.04,151.5,8.77,6.08,,,130.98,161.66,1.33,ELEVATED,40,0,3
AMANTA.NS,HOLD,166.15,weak_trend,52.0,2.07,167.2,158.97,124.76,3.16,1.9,,,161.41,172.47,1.33,LOW,40,0,3
GSLSU.NS,SELL,28.04,downtrend,59.61,-3.15,28.46,39.46,74.65,1.63,5.83,,,31.31,19.87,2.5,ELEVATED,65,1,2
THOMASCOTT.NS,BUY,349.05,uptrend,69.78,3.5,308.46,303.08,312.5,22.15,6.35,342.07,356.03,304.75,459.8,2.5,ELEVATED,79,3,0
KANPRPLA.NS,HOLD,209.09,weak_trend,55.66,3.59,206.78,197.67,192.92,10.86,5.19,,,192.8,230.81,1.33,ELEVATED,40,1,2
NRL.NS,BUY,116.9,uptrend,64.78,5.97,108.19,92.22,65.34,2.25,1.92,114.56,119.24,112.4,128.14,2.5,LOW,77,3,0
MCLEODRUSS.NS,SELL,49.04,downtrend,36.27,-2.53,52.81,59.04,52.08,2.75,5.6,,,54.53,35.31,2.5,ELEVATED,76,1,2
MUTHOOTCAP.NS,HOLD,259.21,weak_trend,87.24,11.28,229.27,214.3,232.03,10.46,4.03,,,243.52,280.13,1.33,ELEVATED,40,1,2
PANSARI.NS,HOLD,322.75,weak_trend,33.92,0.51,346.29,318.25,297.24,19.61,6.08,,,293.34,361.96,1.33,ELEVATED,40,0,3
MONEYBOXX.NS,SELL,61.05,downtrend,57.97,-0.82,59.67,64.52,66.73,3.87,6.33,,,68.78,41.72,2.5,ELEVATED,66,1,2
SOUTHWEST.NS,HOLD,232.06,weak_trend,47.21,0.26,232.48,237.12,211.25,9.57,4.13,,,217.7,251.21,1.33,ELEVATED,40,0,3
ALBERTDAVD.NS,HOLD,822.85,weak_trend,83.81,10.88,698.08,701.06,723.75,26.38,3.21,,,783.28,875.61,1.33,NORMAL,40,2,1
SRD.NS,SELL,36.64,downtrend,39.27,-0.6,38.23,39.24,51.63,1.58,4.32,,,39.81,28.72,2.5,ELEVATED,75,0,3
SRGHFL.NS,HOLD,287.1,weak_trend,33.15,-2.13,302.14,295.17,280.02,15.49,5.39,,,263.87,318.07,1.33,ELEVATED,40,0,3
RAMANEWS.NS,HOLD,33.08,weak_trend,74.91,0.96,29.75,29.43,30.82,1.76,5.33,,,30.44,36.6,1.33,ELEVATED,40,1,2
KRITINUT.NS,BUY,90.06,uptrend,66.63,1.43,78.51,81.73,78.44,4.56,5.06,88.26,91.86,80.94,112.87,2.5,ELEVATED,78,3,0
CHEMBONDCH.NS,HOLD,249.29,weak_trend,50.21,2.55,240.94,219.89,169.68,12.83,5.15,,,230.04,274.95,1.33,ELEVATED,40,2,1
TIRUPATIFL.NS,HOLD,72.07,weak_trend,53.1,2.76,72.12,60.63,44.03,5.07,7.04,,,64.46,82.21,1.33,ELEVATED,40,0,3
PCCL.NS,HOLD,297.4,weak_trend,81.14,11.61,272.37,264.04,235.38,10.47,3.52,,,281.7,318.34,1.33,NORMAL,40,2,1
RBMINFRA.NS,SELL,266.0,downtrend,54.69,-5.65,270.58,284.97,364.72,15.04,5.65,,,296.07,190.82,2.5,ELEVATED,67,1,2
VALIANTLAB.NS,SELL,64.59,downtrend,52.3,-1.01,62.36,65.95,67.56,2.65,4.1,,,69.89,51.34,2.5,ELEVATED,68,2,1
EMAMIREAL.NS,SELL,74.73,downtrend,44.24,-1.63,78.25,82.47,79.91,3.71,4.97,,,82.15,56.17,2.5,ELEVATED,72,1,2
MANAKSIA.NS,HOLD,56.97,weak_trend,41.26,-0.33,56.73,57.74,60.22,1.79,3.15,,,54.28,60.56,1.33,NORMAL,40,0,3
NOVAAGRI.NS,SELL,23.18,downtrend,56.25,-0.44,22.93,24.67,31.96,0.76,3.27,,,24.7,19.39,2.5,NORMAL,66,1,2
SWARAJ.NS,HOLD,356.1,weak_trend,46.97,14.22,360.55,304.05,272.96,11.9,3.34,,,338.26,379.89,1.33,NORMAL,40,1,2
MANORG.NS,SELL,457.9,downtrend,18.69,-19.89,519.19,520.25,484.74,22.65,4.95,,,503.21,344.63,2.5,ELEVATED,85,0,3
REMSONSIND.NS,SELL,88.71,downtrend,66.48,1.25,81.74,83.24,104.9,3.45,3.89,,,95.61,71.45,2.5,NORMAL,61,1,2
TIGERLOGS.NS,SELL,27.49,downtrend,25.34,-1.96,30.3,33.19,34.26,1.45,5.27,,,30.39,20.24,2.5,ELEVATED,82,1,2
GLOBECIVIL.NS,HOLD,39.81,weak_trend,44.05,-0.6,40.25,41.29,51.06,1.86,4.68,,,37.02,43.54,1.33,ELEVATED,40,0,3
KHADIM.NS,HOLD,93.07,weak_trend,36.46,-1.81,96.2,101.44,138.43,4.05,4.35,,,87.0,101.16,1.33,ELEVATED,40,1,2
PASUPTAC.NS,BUY,62.38,uptrend,64.75,-0.23,59.37,63.35,53.81,2.24,3.59,61.13,63.63,57.91,73.56,2.5,NORMAL,77,3,0
ASHIMASYN.NS,HOLD,18.19,weak_trend,56.96,0.69,17.06,16.21,16.82,1.2,6.6,,,16.39,20.59,1.33,ELEVATED,40,2,1
BANSWRAS.NS,HOLD,123.88,weak_trend,39.57,-0.84,126.36,127.44,117.4,5.48,4.42,,,115.66,134.84,1.33,ELEVATED,40,0,3
S&SPOWER.NS,SELL,317.95,downtrend,49.84,-12.33,331.72,362.41,329.71,23.86,7.5,,,365.66,198.66,2.5,ELEVATED,70,1,2
HPAL.NS,SELL,34.16,downtrend,50.85,-0.31,33.79,35.0,38.71,1.5,4.39,,,37.16,26.66,2.5,ELEVATED,69,2,1
RUBFILA.NS,HOLD,73.52,weak_trend,53.61,-0.23,72.71,72.93,72.5,1.93,2.63,,,70.62,77.39,1.33,NORMAL,40,2,1
GENUSPAPER.NS,SELL,12.36,downtrend,66.08,0.15,12.05,12.06,12.89,0.69,5.54,,,13.73,8.93,2.5,ELEVATED,61,1,2
DENORA.NS,HOLD,887.8,weak_trend,51.89,6.15,880.06,850.92,742.78,39.09,4.4,,,829.16,965.99,1.33,ELEVATED,40,1,2
ORIENTBELL.NS,HOLD,314.0,weak_trend,53.52,-0.78,317.01,318.98,297.21,8.64,2.75,,,301.04,331.28,1.33,NORMAL,40,0,3
RHL.NS,SELL,171.76,downtrend,51.23,-1.0,172.02,176.58,191.3,5.2,3.03,,,182.16,145.75,2.5,NORMAL,69,1,2
TICL.NS,SELL,10.57,downtrend,61.9,-1.28,10.09,14.85,22.49,0.61,5.79,,,11.79,7.51,2.5,ELEVATED,64,1,2
SPCENET.NS,SELL,3.86,downtrend,60.0,-0.03,3.56,3.6,5.28,0.16,4.09,,,4.18,3.07,2.5,ELEVATED,65,2,1
JKIPL.NS,HOLD,100.49,weak_trend,64.56,-0.08,97.58,100.72,89.79,5.21,5.18,,,92.68,110.9,1.33,ELEVATED,40,2,1
BEDMUTHA.NS,SELL,113.01,downtrend,59.79,0.9,109.38,109.69,115.19,4.49,3.97,,,121.99,90.55,2.5,NORMAL,65,1,2
INFOLLION.NS,HOLD,161.15,weak_trend,38.15,-4.42,164.86,170.77,290.52,6.02,3.74,,,152.11,173.2,1.33,NORMAL,40,0,3
WELINV.NS,HOLD,1851.0,weak_trend,53.25,19.81,1856.48,1812.36,1464.95,69.52,3.76,,,1746.72,1990.04,1.33,NORMAL,40,0,3
NILAINFRA.NS,SELL,7.47,downtrend,60.48,-0.01,7.36,7.61,8.41,0.3,3.96,,,8.06,5.99,2.5,NORMAL,64,1,2
UNIDT.NS,BUY,234.98,uptrend,64.54,3.07,227.06,227.13,203.32,9.52,4.05,230.28,239.68,215.93,282.6,2.5,ELEVATED,77,3,0
VISHNUINFR.NS,SELL,154.1,downtrend,39.95,-0.99,159.32,161.18,164.12,3.96,2.57,,,162.03,134.28,2.5,NORMAL,75,0,3
AVPINFRA.NS,SELL,63.65,downtrend,60.31,-0.11,64.21,66.96,101.74,3.38,5.31,,,70.41,46.74,2.5,ELEVATED,64,1,2
DEVX.NS,HOLD,34.0,weak_trend,49.79,-0.41,34.22,35.31,39.32,1.21,3.56,,,32.19,36.42,1.33,NORMAL,40,1,2
AARON.NS,SELL,134.24,downtrend,63.87,3.98,126.98,121.93,151.02,9.15,6.81,,,152.53,88.52,2.5,ELEVATED,63,1,2
GICL.NS,HOLD,19.91,weak_trend,80.08,-0.44,17.31,20.39,37.66,0.8,4.04,,,18.7,21.52,1.33,ELEVATED,40,1,2
GOKUL.NS,HOLD,39.68,weak_trend,46.85,-0.4,39.88,40.73,39.65,1.13,2.84,,,37.99,41.94,1.33,NORMAL,40,0,3
GOACARBON.NS,SELL,383.5,downtrend,62.9,-1.99,381.33,389.12,384.9,15.15,3.95,,,413.79,307.77,2.5,NORMAL,63,1,2
RUCHIRA.NS,SELL,111.02,downtrend,69.88,0.65,107.46,108.72,115.55,3.09,2.79,,,117.2,95.56,2.5,NORMAL,60,1,2
SHIVAUM.NS,HOLD,421.0,weak_trend,55.35,7.97,416.44,392.86,329.92,23.24,5.52,,,386.14,467.49,1.33,ELEVATED,40,1,2
PHANTOMFX.NS,SELL,155.15,downtrend,27.29,-5.11,175.69,176.71,208.93,7.99,5.15,,,171.14,115.19,2.5,ELEVATED,81,1,2
MANAKSTEEL.NS,BUY,84.43,uptrend,61.0,2.11,74.97,73.0,64.57,5.24,6.21,82.74,86.12,73.95,110.63,2.5,ELEVATED,75,3,0
AARTISURF.NS,HOLD,535.95,weak_trend,79.0,38.23,424.55,395.66,404.89,28.87,5.39,,,492.64,593.69,1.33,ELEVATED,40,1,2
SAKUMA.NS,HOLD,1.63,weak_trend,36.36,-0.05,1.67,1.8,1.98,0.05,3.11,,,1.55,1.73,1.33,NORMAL,40,1,2
ASMS.NS,SELL,7.25,downtrend,51.82,-0.01,7.13,7.27,9.67,0.24,3.35,,,7.74,6.04,2.5,NORMAL,69,1,2
VIKASLIFE.NS,HOLD,1.26,weak_trend,33.33,-0.04,1.3,1.39,1.6,0.04,2.95,,,1.2,1.33,1.33,NORMAL,40,0,3
BBTCL.NS,HOLD,222.65,weak_trend,56.83,2.5,219.16,217.92,197.8,11.18,5.02,,,205.88,245.01,1.33,ELEVATED,40,2,1
MAHEPC.NS,HOLD,108.22,weak_trend,43.53,-2.35,110.47,113.59,120.44,3.85,3.56,,,102.45,115.92,1.33,NORMAL,40,0,3
GOLDKART.NS,SELL,100.0,downtrend,1.79,-11.17,121.97,134.46,212.78,3.23,3.23,,,106.46,83.84,2.5,NORMAL,94,0,3
DYNPRO.NS,HOLD,260.7,weak_trend,80.45,7.46,244.24,240.55,244.77,12.67,4.86,,,241.69,286.05,1.33,ELEVATED,40,1,2
IL&FSENGG.NS,HOLD,36.86,weak_trend,77.45,1.87,31.65,30.32,27.19,1.85,5.01,,,34.09,40.55,1.33,ELEVATED,40,2,1
INFINIUM.NS,BUY,219.5,uptrend,62.54,0.47,208.21,207.72,218.73,4.91,2.24,215.11,223.89,209.69,244.04,2.5,NORMAL,76,3,0
FCSSOFT.NS,SELL,1.47,downtrend,16.67,-0.02,1.53,1.57,1.72,0.05,3.5,,,1.57,1.21,2.5,NORMAL,86,1,2
ZIMLAB.NS,HOLD,111.98,weak_trend,35.91,-1.2,116.36,116.15,85.89,3.89,3.47,,,106.14,119.76,1.33,NORMAL,40,1,2
APCL.NS,SELL,102.14,downtrend,51.48,-1.11,103.2,108.05,119.23,4.15,4.07,,,110.45,81.37,2.5,ELEVATED,69,2,1
SUMIT.NS,HOLD,56.77,weak_trend,73.55,2.79,52.65,46.35,55.37,3.06,5.39,,,52.18,62.89,1.33,ELEVATED,40,1,2
SHREEKARNI.NS,SELL,388.15,downtrend,35.82,-6.94,407.27,425.2,449.78,8.36,2.15,,,404.87,346.35,2.5,NORMAL,77,0,3
ROSSELLIND.NS,HOLD,56.52,weak_trend,29.6,-0.16,58.63,57.13,53.04,3.33,5.89,,,51.53,63.18,1.33,ELEVATED,40,0,3
BCONCEPTS.NS,SELL,173.82,downtrend,31.54,-3.75,190.4,187.81,259.11,8.22,4.73,,,190.25,132.75,2.5,ELEVATED,79,1,2
VARDMNPOLY.NS,SELL,6.48,downtrend,53.94,-0.14,6.18,6.62,6.86,0.3,4.56,,,7.07,5.0,2.5,ELEVATED,68,2,1
INM.NS,SELL,166.0,downtrend,49.01,0.26,175.19,170.36,247.62,5.07,3.06,,,176.14,140.64,2.5,NORMAL,70,0,3
SYSTANGO.NS,SELL,210.45,downtrend,29.73,-2.86,218.06,221.77,261.28,6.71,3.19,,,223.87,176.9,2.5,NORMAL,80,0,3
OILCOUNTUB.NS,BUY,60.73,uptrend,66.82,0.8,56.59,56.99,56.05,2.78,4.57,59.52,61.94,55.18,74.62,2.5,ELEVATED,78,3,0
VGL.NS,HOLD,61.28,weak_trend,44.32,-0.75,61.84,65.19,66.15,2.44,3.98,,,57.62,66.16,1.33,NORMAL,40,0,3
3IINFOLTD.NS,HOLD,25.79,weak_trend,91.54,1.97,21.29,18.94,16.86,1.29,5.02,,,23.85,28.38,1.33,ELEVATED,40,1,2
IITL.NS,SELL,144.86,downtrend,62.38,2.56,133.23,134.46,151.15,10.48,7.23,,,165.81,92.48,2.5,ELEVATED,63,1,2
DCI.NS,HOLD,354.05,weak_trend,82.0,18.75,296.39,282.88,269.0,22.37,6.32,,,320.49,398.79,1.33,ELEVATED,40,1,2
INSPIRISYS.NS,HOLD,100.04,weak_trend,49.74,-1.72,99.38,106.1,94.21,4.23,4.23,,,93.69,108.51,1.33,ELEVATED,40,2,1
WTICAB.NS,SELL,114.7,downtrend,30.55,-0.78,120.98,114.11,120.81,5.73,5.0,,,126.16,86.04,2.5,ELEVATED,79,0,3
SHIVAMAUTO.NS,SELL,17.66,downtrend,58.29,0.04,17.65,17.48,20.95,0.32,1.79,,,18.29,16.08,2.5,LOW,65,1,2
GINNIFILA.NS,HOLD,45.57,weak_trend,30.09,-0.88,47.85,47.18,42.09,2.23,4.9,,,42.22,50.03,1.33,ELEVATED,40,0,3
PROV.NS,HOLD,1720.0,weak_trend,53.92,27.05,1676.14,1596.65,1347.5,23.56,1.37,,,1684.66,1767.11,1.33,LOW,40,1,2
MEDICO.NS,HOLD,46.98,weak_trend,78.03,2.09,42.74,42.39,45.37,3.15,6.71,,,42.25,53.29,1.33,ELEVATED,40,1,2
BALAJEE.NS,HOLD,27.17,weak_trend,30.7,-0.46,27.75,28.51,33.38,0.85,3.13,,,25.89,28.87,1.33,NORMAL,40,0,3
RCOM.NS,HOLD,0.84,weak_trend,40.0,-0.02,0.84,0.89,1.02,0.02,2.64,,,0.81,0.88,1.33,NORMAL,40,0,3
BROOKS.NS,SELL,60.01,downtrend,15.18,-2.42,64.87,67.71,73.78,2.54,4.24,,,65.1,47.28,2.5,ELEVATED,87,0,3
NDGL.NS,SELL,2652.3,downtrend,42.05,14.89,2766.1,2669.02,2814.61,126.14,4.76,,,2904.59,2021.59,2.5,ELEVATED,73,1,2
LOKESHMACH.NS,HOLD,344.4,weak_trend,58.0,9.94,334.38,302.78,224.2,5.3,1.54,,,336.46,354.99,1.33,LOW,40,2,1
NECLIFE.NS,HOLD,10.58,weak_trend,44.27,-0.22,10.61,11.23,13.58,0.38,3.59,,,10.01,11.34,1.33,NORMAL,40,0,3
EXXARO.NS,SELL,6.16,downtrend,43.18,-0.11,6.33,6.55,7.22,0.28,4.6,,,6.73,4.74,2.5,ELEVATED,73,0,3
BPL.NS,SELL,53.56,downtrend,30.81,-0.6,54.53,54.63,57.27,1.61,3.0,,,56.77,45.53,2.5,NORMAL,79,0,3
TRF.NS,SELL,232.79,downtrend,34.84,-2.45,236.17,234.87,266.31,7.49,3.22,,,247.76,195.36,2.5,NORMAL,77,0,3
HALEOSLABS.NS,HOLD,1457.4,weak_trend,34.28,-13.65,1544.23,1492.9,1365.05,71.22,4.89,,,1350.57,1599.84,1.33,ELEVATED,40,0,3
HARRMALAYA.NS,HOLD,222.53,weak_trend,54.95,2.92,218.5,209.05,189.95,7.89,3.55,,,210.7,238.31,1.33,NORMAL,40,2,1
MANCREDIT.NS,BUY,240.09,uptrend,58.52,5.72,232.79,227.02,184.99,16.8,7.0,235.29,244.89,206.49,324.09,2.5,ELEVATED,74,3,0
ASAHISONG.NS,HOLD,365.5,weak_trend,79.99,31.07,330.05,286.19,252.72,27.97,7.65,,,323.55,421.44,1.33,ELEVATED,40,1,2
GLOBAL.NS,HOLD,101.84,weak_trend,53.38,-0.13,102.23,103.1,93.86,3.59,3.53,,,96.45,109.03,1.33,NORMAL,40,0,3
URAVIDEF.NS,SELL,110.03,downtrend,34.53,-1.61,114.0,116.14,155.86,5.37,4.88,,,120.78,83.17,2.5,ELEVATED,77,1,2
RACE.NS,SELL,108.76,downtrend,47.65,-1.05,109.23,110.3,130.09,4.41,4.06,,,117.59,86.69,2.5,ELEVATED,71,0,3
EFACTOR.NS,SELL,180.0,downtrend,62.95,1.95,168.82,174.64,243.74,8.11,4.51,,,196.22,139.45,2.5,ELEVATED,63,1,2
KANORICHEM.NS,HOLD,149.69,weak_trend,53.65,5.54,146.73,127.79,89.02,8.78,5.87,,,136.51,167.26,1.33,ELEVATED,40,1,2
MARKOLINES.NS,HOLD,178.46,weak_trend,57.76,1.81,174.94,172.43,160.19,6.15,3.45,,,169.23,190.76,1.33,NORMAL,40,2,1
ALANKIT.NS,SELL,8.08,downtrend,60.98,-0.06,7.92,8.15,9.35,0.27,3.3,,,8.61,6.75,2.5,NORMAL,64,1,2
GEEKAYWIRE.NS,SELL,22.53,downtrend,36.62,-0.54,23.48,24.04,27.15,1.17,5.21,,,24.88,16.66,2.5,ELEVATED,76,0,3
SKP.NS,HOLD,171.0,weak_trend,68.37,2.49,158.12,155.47,169.81,3.9,2.28,,,165.16,178.79,1.33,NORMAL,40,2,1
CMNL.NS,HOLD,96.95,weak_trend,51.54,-1.6,99.22,101.44,117.04,4.05,4.18,,,90.87,105.06,1.33,ELEVATED,40,0,3
VLEGOV.NS,HOLD,10.94,weak_trend,41.7,-0.36,11.04,12.06,15.78,0.21,1.89,,,10.63,11.35,1.33,LOW,40,0,3
DPWIRES.NS,HOLD,167.03,weak_trend,38.31,-4.24,169.52,179.46,183.12,6.44,3.86,,,157.37,179.91,1.33,NORMAL,40,0,3
MASON.NS,SELL,119.85,downtrend,48.57,-1.59,122.15,124.21,159.31,4.98,4.15,,,129.8,94.97,2.5,ELEVATED,70,0,3
VIKASECO.NS,HOLD,1.11,weak_trend,41.67,-0.03,1.13,1.2,1.44,0.03,2.64,,,1.07,1.17,1.33,NORMAL,40,0,3
BHAGYANGR.NS,HOLD,393.2,weak_trend,53.44,3.87,388.05,371.44,225.83,21.43,5.45,,,361.06,436.06,1.33,ELEVATED,40,1,2
KCPSUGIND.NS,HOLD,29.92,weak_trend,62.34,2.12,27.84,24.62,25.2,2.43,8.13,,,26.27,34.79,1.33,ELEVATED,40,2,1
MAWANASUG.NS,HOLD,115.83,weak_trend,55.05,1.66,112.0,106.87,90.74,4.67,4.03,,,108.82,125.17,1.33,ELEVATED,40,2,1
APOLSINHOT.NS,SELL,1209.2,downtrend,51.25,-8.62,1218.9,1253.73,1222.78,41.05,3.39,,,1291.3,1003.95,2.5,NORMAL,69,1,2
BYKE.NS,SELL,33.62,downtrend,54.75,0.1,33.5,34.03,43.98,1.56,4.65,,,36.75,25.8,2.5,ELEVATED,67,1,2
SSDL.NS,SELL,53.83,downtrend,53.73,-0.55,53.56,55.49,66.46,1.65,3.07,,,57.14,45.56,2.5,NORMAL,68,1,2
VARDHACRLC.NS,HOLD,44.73,weak_trend,56.02,0.39,44.34,44.37,39.45,1.75,3.91,,,42.11,48.23,1.33,NORMAL,40,2,1
SHRADHA.NS,SELL,34.22,downtrend,20.0,-0.15,34.86,34.37,37.63,1.31,3.83,,,36.84,27.66,2.5,NORMAL,84,0,3
MANOMAY.NS,HOLD,218.79,weak_trend,92.43,8.58,201.09,189.45,208.56,6.36,2.91,,,209.24,231.52,1.33,NORMAL,40,1,2
LYKALABS.NS,HOLD,66.74,weak_trend,46.44,-0.5,65.75,67.34,69.77,3.42,5.12,,,61.61,73.58,1.33,ELEVATED,40,0,3
AVG.NS,HOLD,198.72,weak_trend,35.98,2.19,204.33,190.12,174.53,7.55,3.8,,,187.39,213.83,1.33,NORMAL,40,0,3
AFFORDABLE.NS,HOLD,196.05,weak_trend,54.75,1.98,188.16,179.67,190.22,8.55,4.36,,,183.22,213.16,1.33,ELEVATED,40,2,1
NIPPOBATRY.NS,HOLD,327.1,weak_trend,49.8,-4.57,329.42,342.57,366.32,11.6,3.55,,,309.71,350.29,1.33,NORMAL,40,0,3
ATLANTAA.NS,SELL,40.13,downtrend,60.23,-0.08,37.29,39.03,41.57,2.07,5.17,,,44.28,29.76,2.5,ELEVATED,64,1,2
FROG.NS,HOLD,214.2,weak_trend,73.66,9.78,195.86,178.7,165.79,5.71,2.67,,,205.63,225.62,1.33,NORMAL,40,1,2
ALMONDZ.NS,SELL,14.47,downtrend,60.75,0.29,13.57,13.4,15.24,1.02,7.03,,,16.5,9.38,2.5,ELEVATED,64,1,2
SINTERCOM.NS,HOLD,83.74,weak_trend,53.93,1.92,81.87,77.73,89.74,3.85,4.6,,,77.96,91.45,1.33,ELEVATED,40,0,3
GOLDTECH.NS,HOLD,53.81,weak_trend,47.13,0.06,56.92,52.39,47.78,2.82,5.25,,,49.57,59.46,1.33,ELEVATED,40,0,3
PPAP.NS,HOLD,321.35,weak_trend,66.44,9.53,301.61,264.09,229.44,16.14,5.02,,,297.15,353.62,1.33,ELEVATED,40,2,1
HITECHCORP.NS,SELL,322.3,downtrend,48.75,4.35,320.79,314.57,198.7,5.09,1.58,,,332.49,296.84,2.5,LOW,70,1,2
NATHBIOGEN.NS,HOLD,157.68,weak_trend,47.5,-1.21,161.72,165.67,158.55,6.58,4.17,,,147.81,170.84,1.33,ELEVATED,40,1,2
VMSTMT.NS,SELL,46.11,downtrend,59.87,-0.17,44.53,45.24,49.96,1.31,2.85,,,48.74,39.55,2.5,NORMAL,65,2,1
SHERA.NS,HOLD,166.4,weak_trend,35.77,1.49,167.32,162.01,138.2,5.34,3.21,,,158.4,177.07,1.33,NORMAL,40,0,3
DIAMINESQ.NS,HOLD,260.79,weak_trend,56.95,-0.01,253.44,251.4,255.43,11.35,4.35,,,243.77,283.49,1.33,ELEVATED,40,2,1
VIPCLOTHNG.NS,HOLD,20.73,weak_trend,39.26,-0.76,21.83,23.84,26.03,0.74,3.58,,,19.62,22.21,1.33,NORMAL,40,1,2
TREJHARA.NS,HOLD,171.39,weak_trend,78.1,6.1,142.97,141.41,184.7,8.03,4.68,,,159.35,187.45,1.33,ELEVATED,40,0,3
AXITA.NS,HOLD,7.3,weak_trend,44.68,-0.07,7.37,7.54,8.52,0.13,1.83,,,7.1,7.57,1.33,LOW,40,0,3
AUTOIND.NS,HOLD,93.83,weak_trend,59.65,1.77,90.5,85.37,75.19,4.45,4.74,,,87.16,102.72,1.33,ELEVATED,40,2,1
SAAKSHI.NS,HOLD,289.0,weak_trend,47.03,2.15,297.15,284.78,214.45,13.66,4.73,,,268.5,316.33,1.33,ELEVATED,40,1,2
AFIL.NS,HOLD,9.12,weak_trend,31.87,-0.18,9.34,9.86,8.03,0.37,4.07,,,8.56,9.86,1.33,ELEVATED,40,0,3
JAINAM.NS,SELL,235.0,downtrend,36.05,-4.05,240.25,247.29,238.56,3.31,1.41,,,241.61,218.46,2.5,LOW,76,0,3
A2ZINFRA.NS,HOLD,17.39,weak_trend,78.13,0.86,14.13,14.1,15.38,1.03,5.94,,,15.84,19.45,1.33,ELEVATED,40,1,2
SHEMAROO.NS,HOLD,115.09,weak_trend,40.1,-1.45,121.06,121.49,108.14,4.87,4.23,,,107.78,124.83,1.33,ELEVATED,40,1,2
RVHL.NS,SELL,43.51,downtrend,37.92,0.04,45.22,44.65,46.0,2.15,4.94,,,47.81,32.76,2.5,ELEVATED,76,1,2
SOMATEX.NS,SELL,94.86,downtrend,31.38,-1.55,100.9,99.19,109.66,4.64,4.89,,,104.14,71.67,2.5,ELEVATED,79,0,3
PRAMARA.NS,SELL,119.35,downtrend,25.87,-6.33,128.86,132.98,284.71,5.3,4.44,,,129.94,92.87,2.5,ELEVATED,82,1,2
NAGAFERT.NS,SELL,2.49,downtrend,0.0,-0.18,2.69,3.12,4.12,0.02,0.75,,,2.53,2.4,2.5,LOW,95,1,2
GRETEX.NS,HOLD,289.0,weak_trend,32.56,0.81,295.14,277.49,242.13,4.1,1.42,,,282.86,297.19,1.33,LOW,40,0,3
SUPREME.NS,HOLD,45.5,weak_trend,49.74,-0.3,45.68,46.29,60.16,1.84,4.04,,,42.74,49.18,1.33,ELEVATED,40,0,3
PRIZOR.NS,BUY,899.0,uptrend,69.77,19.44,851.83,839.81,500.37,24.81,2.76,881.02,916.98,849.37,1023.07,2.5,NORMAL,79,3,0
OMFREIGHT.NS,HOLD,88.28,weak_trend,38.5,-0.99,90.98,89.94,87.65,3.73,4.22,,,82.69,95.73,1.33,ELEVATED,40,0,3
PILITA.NS,SELL,8.61,downtrend,28.41,-0.04,8.8,8.61,9.13,0.41,4.79,,,9.43,6.55,2.5,ELEVATED,80,1,2
UNIHEALTH.NS,HOLD,774.0,weak_trend,60.48,39.59,750.21,632.94,405.92,46.43,6.0,,,704.36,866.85,1.33,ELEVATED,40,1,2
BAFNAPH.NS,HOLD,285.0,weak_trend,92.6,21.8,246.12,207.56,152.91,5.07,1.78,,,277.4,295.13,1.33,LOW,40,1,2
KRISHCA.NS,HOLD,165.0,weak_trend,49.86,-2.59,165.99,171.21,180.02,5.39,3.26,,,156.92,175.77,1.33,NORMAL,40,0,3
GLOBALVECT.NS,SELL,159.02,downtrend,61.51,0.8,158.33,160.57,179.42,9.3,5.85,,,177.62,112.53,2.5,ELEVATED,64,1,2
GOYALSALT.NS,SELL,112.0,downtrend,41.48,-1.06,113.91,115.84,135.92,2.41,2.16,,,116.83,99.93,2.5,NORMAL,74,0,3
SUNDRMBRAK.NS,SELL,797.5,downtrend,48.66,-1.5,797.01,782.92,682.36,26.59,3.33,,,850.68,664.55,2.5,NORMAL,70,2,1
CINELINE.NS,HOLD,90.83,weak_trend,74.53,2.83,82.31,80.73,84.25,4.08,4.49,,,84.72,98.98,1.33,ELEVATED,40,1,2
KCEIL.NS,SELL,85.65,downtrend,41.12,-1.1,89.1,88.23,128.77,4.07,4.75,,,93.79,65.29,2.5,ELEVATED,74,1,2
AIRAN.NS,HOLD,15.09,weak_trend,40.74,-0.23,15.23,15.87,17.23,0.4,2.63,,,14.49,15.88,1.33,NORMAL,40,0,3
DJML.NS,HOLD,112.88,weak_trend,60.02,0.2,110.1,111.57,89.32,5.65,5.01,,,104.4,124.19,1.33,ELEVATED,40,1,2
STARTECK.NS,SELL,256.95,downtrend,33.56,-4.4,265.0,271.72,270.45,11.78,4.58,,,280.5,198.08,2.5,ELEVATED,78,0,3
DELPHIFX.NS,HOLD,6.77,weak_trend,47.25,-0.43,7.11,8.0,12.14,0.43,6.37,,,6.12,7.63,1.33,ELEVATED,40,0,3
MODIRUBBER.NS,HOLD,126.08,weak_trend,43.37,-1.62,125.23,127.28,123.38,6.06,4.81,,,116.98,138.21,1.33,ELEVATED,40,2,1
ELGIRUBCO.NS,HOLD,63.02,weak_trend,58.21,2.02,58.73,53.43,49.08,3.72,5.9,,,57.44,70.45,1.33,ELEVATED,40,2,1
SHREYANIND.NS,SELL,142.33,downtrend,67.0,0.84,137.94,137.69,160.74,5.64,3.97,,,153.62,114.11,2.5,NORMAL,61,1,2
SAHYADRI.NS,HOLD,335.45,weak_trend,77.37,12.32,296.64,285.14,261.9,14.9,4.44,,,313.1,365.25,1.33,ELEVATED,40,1,2
OSIAHYPER.NS,SELL,2.77,downtrend,29.41,-0.13,2.96,3.16,9.71,0.14,5.03,,,3.05,2.07,2.5,ELEVATED,80,2,1
PODDARMENT.NS,HOLD,257.45,weak_trend,54.73,2.25,251.45,250.24,251.05,12.24,4.76,,,239.09,281.93,1.33,ELEVATED,40,2,1
UFO.NS,HOLD,67.36,weak_trend,48.11,-0.7,67.74,70.58,73.67,2.41,3.58,,,63.75,72.18,1.33,NORMAL,40,0,3
DCMNVL.NS,BUY,156.92,uptrend,61.8,1.06,147.06,150.73,137.97,6.99,4.45,153.78,160.06,142.94,191.87,2.5,ELEVATED,75,3,0
UCAL.NS,HOLD,118.46,weak_trend,50.49,0.77,117.44,112.23,110.05,3.55,3.0,,,113.13,125.56,1.33,NORMAL,40,1,2
UYFINCORP.NS,HOLD,20.36,weak_trend,76.79,1.13,18.4,16.15,14.67,1.14,5.6,,,18.65,22.64,1.33,ELEVATED,40,2,1
YASHOPTICS.NS,SELL,115.5,downtrend,51.01,-0.87,115.08,119.19,119.88,3.29,2.84,,,122.07,99.07,2.5,NORMAL,69,1,2
GSMFOILS.NS,SELL,126.1,downtrend,5.67,-26.32,233.32,227.1,210.02,20.65,16.38,,,167.4,22.85,2.5,ELEVATED,92,0,3
INDOUS.NS,SELL,81.65,downtrend,31.99,-2.25,84.96,88.67,111.7,4.02,4.92,,,89.68,61.57,2.5,ELEVATED,79,0,3
VSTL.NS,SELL,107.01,downtrend,29.41,-1.56,110.93,114.24,122.58,3.43,3.2,,,113.87,89.87,2.5,NORMAL,80,0,3
JAYSREETEA.NS,BUY,87.02,uptrend,66.59,0.68,83.2,84.96,86.51,2.65,3.04,85.28,88.76,81.73,100.26,2.5,NORMAL,78,3,0
UNIVPHOTO.NS,HOLD,471.7,weak_trend,64.2,23.39,454.54,401.5,344.8,26.15,5.54,,,432.48,523.99,1.33,ELEVATED,40,1,2
UNIVASTU.NS,HOLD,134.75,weak_trend,70.96,11.92,125.9,102.3,76.03,7.96,5.9,,,122.82,150.66,1.33,ELEVATED,40,2,1
KOTYARK.NS,HOLD,40.68,weak_trend,74.17,0.42,34.84,36.98,29.6,2.06,5.07,,,37.59,44.8,1.33,ELEVATED,40,2,1
ZEELEARN.NS,HOLD,7.78,weak_trend,29.31,-0.13,8.28,8.3,6.9,0.41,5.25,,,7.17,8.6,1.33,ELEVATED,40,1,2
TRANSTEEL.NS,SELL,113.0,downtrend,45.45,-2.08,117.01,120.34,134.12,5.15,4.55,,,123.29,87.27,2.5,ELEVATED,72,0,3
NDLVENTURE.NS,HOLD,129.79,weak_trend,53.86,-0.32,127.67,129.5,110.15,4.19,3.23,,,123.51,138.17,1.33,NORMAL,40,2,1
CCHHL.NS,SELL,12.69,downtrend,56.46,-0.01,12.81,12.82,13.96,0.57,4.47,,,13.83,9.85,2.5,ELEVATED,66,2,1
MEGASTAR.NS,HOLD,331.05,weak_trend,44.37,-4.22,339.2,337.38,274.9,13.03,3.94,,,311.5,357.11,1.33,NORMAL,40,0,3
SURANAT&P.NS,SELL,17.84,downtrend,51.71,-0.19,18.05,18.5,18.88,0.66,3.72,,,19.17,14.52,2.5,NORMAL,69,2,1
TAKE.NS,HOLD,22.69,weak_trend,85.19,-0.73,21.12,25.13,33.87,0.91,3.99,,,21.33,24.5,1.33,NORMAL,40,1,2
RVTH.NS,HOLD,733.45,weak_trend,61.64,-0.4,711.45,717.83,698.97,30.64,4.18,,,687.5,794.72,1.33,ELEVATED,40,2,1
TTL.NS,SELL,5.85,downtrend,27.13,-0.2,6.34,6.69,8.18,0.33,5.62,,,6.51,4.21,2.5,ELEVATED,81,0,3
RADIOCITY.NS,HOLD,6.85,weak_trend,75.43,0.21,6.45,6.26,6.34,0.43,6.3,,,6.2,7.71,1.33,ELEVATED,40,1,2
PRITIKAUTO.NS,HOLD,18.22,weak_trend,53.08,0.33,18.07,16.84,14.49,0.84,4.6,,,16.96,19.9,1.33,ELEVATED,40,1,2
VIRINCHI.NS,HOLD,15.76,weak_trend,39.29,-0.14,15.6,15.89,19.61,0.56,3.55,,,14.92,16.88,1.33,NORMAL,40,0,3
CHAVDA.NS,HOLD,140.75,weak_trend,87.36,10.19,119.48,101.66,103.26,6.61,4.69,,,130.84,153.96,1.33,ELEVATED,40,2,1
DUGLOBAL.NS,HOLD,26.45,weak_trend,46.43,-1.29,27.61,31.09,33.71,1.14,4.29,,,24.75,28.72,1.33,ELEVATED,40,1,2
RBS.NS,HOLD,91.5,weak_trend,78.04,2.56,81.4,83.57,92.9,4.37,4.77,,,84.95,100.24,1.33,ELEVATED,40,0,3
MADHAVBAUG.NS,SELL,188.85,downtrend,19.7,0.22,197.11,186.8,226.15,4.83,2.56,,,198.51,164.71,2.5,NORMAL,85,1,2
SCPL.NS,HOLD,639.9,weak_trend,73.77,39.33,559.34,513.0,359.69,43.6,6.81,,,574.5,727.1,1.33,ELEVATED,40,1,2
KDL.NS,SELL,102.65,downtrend,32.33,-4.22,111.16,116.4,144.73,4.81,4.69,,,112.27,78.6,2.5,ELEVATED,78,1,2
PRATHAM.NS,SELL,120.0,downtrend,55.76,0.4,117.36,117.3,135.81,2.75,2.29,,,125.49,106.27,2.5,NORMAL,67,1,2
REPL.NS,SELL,67.39,downtrend,59.52,-0.42,65.23,67.02,92.3,3.42,5.07,,,74.23,50.29,2.5,ELEVATED,65,1,2
IPSL.NS,SELL,221.0,downtrend,38.34,-6.16,229.44,241.86,254.05,4.31,1.95,,,229.62,199.45,2.5,LOW,75,0,3
KAMOPAINTS.NS,SELL,4.59,downtrend,57.14,-0.1,4.58,4.91,5.65,0.13,2.94,,,4.86,3.92,2.5,NORMAL,66,1,2
TCL.NS,SELL,118.85,downtrend,41.59,2.57,117.5,108.38,101.69,5.79,4.87,,,130.42,89.92,2.5,ELEVATED,74,1,2
SUPREMEINF.NS,HOLD,88.39,weak_trend,50.05,2.69,84.53,80.88,82.04,5.68,6.43,,,79.87,99.75,1.33,ELEVATED,40,2,1
STARPAPER.NS,HOLD,152.53,weak_trend,60.43,3.21,146.99,141.46,147.75,6.24,4.09,,,143.17,165.01,1.33,ELEVATED,40,2,1
NURECA.NS,HOLD,342.6,weak_trend,69.83,23.49,306.62,263.34,273.5,19.22,5.61,,,313.77,381.03,1.33,ELEVATED,40,2,1
FELIX.NS,HOLD,181.3,weak_trend,39.85,-1.69,182.59,184.76,183.69,5.93,3.27,,,172.4,193.16,1.33,NORMAL,40,1,2
IVC.NS,HOLD,8.19,weak_trend,45.54,0.0,8.27,8.27,7.79,0.22,2.67,,,7.86,8.63,1.33,NORMAL,40,0,3
ANLON.NS,HOLD,598.05,weak_trend,15.93,-12.09,622.52,652.38,475.3,18.71,3.13,,,569.99,635.46,1.33,NORMAL,40,1,2
ESCONET.NS,SELL,137.8,downtrend,55.55,1.59,130.66,125.09,138.67,8.32,6.04,,,154.44,96.19,2.5,ELEVATED,67,2,1
KOTARISUG.NS,BUY,26.43,uptrend,62.79,0.2,25.39,25.38,26.42,0.98,3.69,25.9,26.96,24.48,31.31,2.5,NORMAL,76,3,0
DUCOL.NS,SELL,107.1,downtrend,51.55,0.29,107.85,108.84,134.95,2.62,2.45,,,112.35,93.97,2.5,NORMAL,69,1,2
SADHNANIQ.NS,HOLD,3.02,weak_trend,71.11,0.05,2.73,2.69,3.99,0.09,3.03,,,2.88,3.2,1.33,NORMAL,40,1,2
GILLANDERS.NS,SELL,90.69,downtrend,54.61,-0.13,88.79,89.76,96.8,4.61,5.08,,,99.9,67.66,2.5,ELEVATED,67,2,1
COASTCORP.NS,SELL,42.71,downtrend,13.4,-1.69,49.74,49.71,48.2,3.23,7.57,,,49.18,26.54,2.5,ELEVATED,88,0,3
AHLEAST.NS,SELL,143.23,downtrend,28.61,-1.55,144.89,148.3,148.65,4.71,3.29,,,152.65,119.68,2.5,NORMAL,80,2,1
SAKHTISUG.NS,SELL,17.21,downtrend,54.94,0.06,17.12,17.26,17.82,0.49,2.83,,,18.18,14.77,2.5,NORMAL,67,2,1
ZODIACLOTH.NS,SELL,77.63,downtrend,54.54,-0.38,77.52,77.6,81.28,2.12,2.73,,,81.87,67.04,2.5,NORMAL,67,1,2
KMSUGAR.NS,HOLD,28.14,weak_trend,41.61,0.25,28.25,27.34,26.97,1.04,3.69,,,26.58,30.22,1.33,NORMAL,40,0,3
DRCSYSTEMS.NS,SELL,13.32,downtrend,50.24,-0.15,13.46,13.95,15.78,0.67,5.04,,,14.66,9.97,2.5,ELEVATED,69,2,1
OMAXAUTO.NS,HOLD,183.12,weak_trend,21.58,-11.4,213.86,223.13,144.37,12.42,6.78,,,164.5,207.95,1.33,ELEVATED,40,0,3
INTENTECH.NS,SELL,83.39,downtrend,27.46,-3.68,88.61,94.71,105.89,4.45,5.34,,,92.29,61.14,2.5,ELEVATED,81,0,3
COMMITTED.NS,HOLD,349.7,weak_trend,65.58,8.45,339.48,315.19,249.13,10.09,2.89,,,334.56,369.89,1.33,NORMAL,40,2,1
PIGL.NS,SELL,112.26,downtrend,51.15,-0.46,109.78,108.49,118.36,5.46,4.87,,,123.18,84.95,2.5,ELEVATED,69,2,1
KALYANIFRG.NS,BUY,635.4,uptrend,68.71,0.64,609.31,609.26,623.51,19.84,3.12,622.69,648.11,595.71,734.61,2.5,NORMAL,79,3,0
MKPL.NS,HOLD,4.21,weak_trend,44.29,-0.13,4.28,4.61,5.35,0.15,3.56,,,3.98,4.51,1.33,NORMAL,40,0,3
ARIHANTACA.NS,HOLD,481.0,weak_trend,60.78,2.49,466.6,465.4,473.91,3.71,0.77,,,475.43,488.43,1.33,LOW,40,2,1
PONNIERODE.NS,HOLD,320.75,weak_trend,46.16,1.18,319.81,317.16,286.97,10.34,3.22,,,305.24,341.44,1.33,NORMAL,40,1,2
MURUDCERA.NS,SELL,31.1,downtrend,61.2,-0.19,30.84,31.42,33.6,1.12,3.6,,,33.34,25.5,2.5,NORMAL,64,1,2
CPCAP.NS,BUY,116.13,uptrend,67.66,2.07,111.01,106.29,103.37,4.06,3.49,113.81,118.45,108.01,136.42,2.5,NORMAL,78,3,0
AERONEU.NS,HOLD,84.95,weak_trend,33.53,-1.11,86.84,88.69,79.97,3.83,4.51,,,79.2,92.61,1.33,ELEVATED,40,0,3
GENCON.NS,SELL,39.47,downtrend,46.6,-0.42,40.01,40.42,43.25,1.69,4.28,,,42.85,31.02,2.5,ELEVATED,71,0,3
SALSTEEL.NS,BUY,61.75,uptrend,69.7,1.03,57.65,57.98,47.9,3.33,5.4,60.52,62.98,55.08,78.42,2.5,ELEVATED,79,3,0
NIRAJ.NS,SELL,29.32,downtrend,57.19,-0.1,29.05,29.47,31.3,1.06,3.61,,,31.43,24.03,2.5,NORMAL,66,1,2
ATALREAL.NS,HOLD,35.3,weak_trend,94.09,1.39,31.81,30.32,26.6,1.01,2.85,,,33.79,37.31,1.33,NORMAL,40,1,2
SPCL.NS,SELL,66.0,downtrend,46.11,-1.18,68.06,69.38,81.5,2.13,3.23,,,70.26,55.34,2.5,NORMAL,71,0,3
SHIVATEX.NS,HOLD,162.62,weak_trend,74.98,3.83,155.51,151.62,164.0,7.34,4.51,,,151.62,177.29,1.33,ELEVATED,40,0,3
CHEMBOND.NS,SELL,177.06,downtrend,42.27,-0.57,176.81,173.68,159.56,7.97,4.5,,,193.0,137.21,2.5,ELEVATED,73,1,2
SHAH.NS,SELL,3.91,downtrend,39.6,-0.2,4.26,4.49,4.73,0.38,9.59,,,4.66,2.03,2.5,ELEVATED,75,0,3
NAVKARURB.NS,SELL,1.0,downtrend,17.39,-0.0,1.05,1.03,1.25,0.07,6.71,,,1.13,0.66,2.5,ELEVATED,86,0,3
CORDSCABLE.NS,HOLD,218.63,weak_trend,64.92,2.75,207.91,211.01,186.61,7.67,3.51,,,207.13,233.97,1.33,NORMAL,40,2,1
ABAN.NS,HOLD,19.99,weak_trend,88.46,0.98,15.81,15.16,22.16,0.74,3.69,,,18.88,21.47,1.33,NORMAL,40,1,2
WORTHPERI.NS,HOLD,163.13,weak_trend,71.44,4.78,145.41,136.46,138.65,7.18,4.4,,,152.36,177.5,1.33,ELEVATED,40,2,1
DEVIT.NS,HOLD,26.91,weak_trend,49.65,-0.19,27.16,27.57,31.49,1.39,5.16,,,24.83,29.69,1.33,ELEVATED,40,0,3
TRIGYN.NS,HOLD,53.5,weak_trend,48.65,-0.07,54.83,54.47,59.59,2.11,3.94,,,50.34,57.71,1.33,NORMAL,40,0,3
KCK.NS,SELL,16.45,downtrend,47.92,0.77,17.12,14.88,20.82,1.05,6.36,,,18.54,11.22,2.5,ELEVATED,71,0,3
BALAXI.NS,SELL,24.32,downtrend,54.75,0.05,24.12,23.98,26.72,0.9,3.71,,,26.12,19.81,2.5,NORMAL,67,1,2
MHLXMIRU.NS,SELL,151.19,downtrend,66.06,2.08,142.59,150.36,183.11,5.14,3.4,,,161.46,125.5,2.5,NORMAL,61,1,2
FIDEL.NS,SELL,138.55,downtrend,37.27,-2.78,150.38,150.21,144.64,6.75,4.87,,,152.06,104.78,2.5,ELEVATED,76,0,3
SPECTSTM.NS,SELL,65.65,downtrend,56.77,1.68,62.86,61.0,72.88,4.0,6.09,,,73.65,45.65,2.5,ELEVATED,66,1,2
UNITEDTEA.NS,SELL,468.0,downtrend,55.7,-2.07,470.06,483.85,484.02,15.25,3.26,,,498.5,391.75,2.5,NORMAL,67,1,2
PKTEA.NS,HOLD,691.8,weak_trend,43.86,-15.56,709.92,746.27,762.34,30.21,4.37,,,646.48,752.23,1.33,ELEVATED,40,0,3
BASML.NS,BUY,28.34,uptrend,65.92,0.4,26.86,26.12,24.87,1.01,3.56,27.77,28.91,26.32,33.39,2.5,NORMAL,77,3,0
KRITIKA.NS,HOLD,5.56,weak_trend,48.78,-0.01,5.66,5.81,6.52,0.32,5.72,,,5.08,6.2,1.33,ELEVATED,40,1,2
DHARAN.NS,HOLD,0.15,weak_trend,50.0,-0.0,0.15,0.15,0.21,0.01,7.62,,,0.13,0.17,1.33,ELEVATED,40,0,3
AMJLAND.NS,SELL,39.36,downtrend,64.11,0.34,38.11,37.82,43.35,1.55,3.94,,,42.46,31.61,2.5,NORMAL,62,2,1
INDOWIND.NS,SELL,8.98,downtrend,34.67,-0.07,9.21,9.26,11.58,0.29,3.21,,,9.56,7.54,2.5,NORMAL,77,1,2
NEPHROCARE.NS,HOLD,75.8,weak_trend,75.92,0.5,65.76,67.93,92.46,3.24,4.28,,,70.94,82.29,1.33,ELEVATED,40,1,2
TEAMGTY.NS,HOLD,222.81,weak_trend,49.7,-3.06,223.38,232.56,256.32,17.14,7.69,,,197.1,257.09,1.33,ELEVATED,40,0,3
MARALOVER.NS,HOLD,54.51,weak_trend,48.89,0.08,56.21,55.82,48.1,3.37,6.18,,,49.46,61.24,1.33,ELEVATED,40,1,2
VETO.NS,HOLD,122.2,weak_trend,36.39,-1.1,123.98,128.49,112.88,4.31,3.52,,,115.74,130.81,1.33,NORMAL,40,0,3
PRITIKA.NS,SELL,64.0,downtrend,55.29,0.31,60.93,62.66,67.48,3.07,4.8,,,70.14,48.64,2.5,ELEVATED,67,1,2
GRCL.NS,HOLD,524.95,weak_trend,14.48,-11.9,585.83,563.62,442.37,12.4,2.36,,,506.35,549.75,1.33,NORMAL,40,1,2
PLAZACABLE.NS,HOLD,47.8,weak_trend,75.77,0.41,43.64,45.59,42.31,1.75,3.66,,,45.18,51.3,1.33,NORMAL,40,2,1
AKIKO.NS,HOLD,321.25,weak_trend,44.24,11.71,328.86,295.22,256.3,17.67,5.5,,,294.74,356.6,1.33,ELEVATED,40,0,3
GOLDSTAR.NS,SELL,6.8,downtrend,38.1,-0.23,7.06,7.58,7.13,0.12,1.84,,,7.05,6.18,2.5,LOW,75,0,3
SETCO.NS,HOLD,17.75,weak_trend,33.15,0.11,18.02,17.53,11.94,0.31,1.73,,,17.29,18.37,1.33,LOW,40,0,3
LOTUSEYE.NS,HOLD,118.82,weak_trend,38.37,-1.15,119.6,122.1,116.39,4.82,4.06,,,111.59,128.46,1.33,ELEVATED,40,0,3
RANASUG.NS,SELL,12.53,downtrend,64.22,0.08,12.08,12.37,12.54,0.4,3.23,,,13.34,10.51,2.5,NORMAL,62,1,2
WINSOL.NS,HOLD,112.0,weak_trend,38.26,-2.39,115.6,120.52,139.27,3.59,3.21,,,106.61,119.19,1.33,NORMAL,40,1,2
RAJTV.NS,SELL,10.11,downtrend,16.73,-0.73,11.46,12.18,29.65,0.47,4.62,,,11.04,7.77,2.5,ELEVATED,86,0,3
AKSHARCHEM.NS,HOLD,278.23,weak_trend,87.92,11.29,245.98,234.05,224.65,15.04,5.4,,,255.67,308.31,1.33,ELEVATED,40,1,2
ANIKINDS.NS,SELL,43.0,downtrend,53.86,-0.37,42.62,43.87,49.47,2.79,6.49,,,48.58,29.05,2.5,ELEVATED,68,1,2
IBULLSLTD.NS,HOLD,28.8,weak_trend,49.38,0.36,29.25,27.44,18.44,1.76,6.11,,,26.16,32.32,1.33,ELEVATED,40,0,3
EMMIL.NS,HOLD,122.95,weak_trend,41.18,-2.17,124.23,128.12,153.63,5.05,4.11,,,115.37,133.05,1.33,ELEVATED,40,0,3
AAREYDRUGS.NS,HOLD,81.47,weak_trend,63.37,-0.15,78.55,81.54,77.97,2.67,3.28,,,77.46,86.81,1.33,NORMAL,40,2,1
NATCAPSUQ.NS,SELL,155.04,downtrend,63.16,0.7,146.54,150.94,166.53,9.09,5.86,,,173.23,109.58,2.5,ELEVATED,63,2,1
PRAXIS.NS,HOLD,6.91,weak_trend,42.48,-0.24,7.01,7.43,8.25,0.49,7.15,,,6.17,7.9,1.33,ELEVATED,40,0,3
KAVDEFENCE.NS,HOLD,56.9,weak_trend,39.42,-1.29,58.0,60.89,70.18,2.18,3.83,,,53.63,61.25,1.33,NORMAL,40,1,2
DGCONTENT.NS,SELL,25.82,downtrend,53.02,-0.29,25.09,25.94,28.89,1.77,6.86,,,29.36,16.97,2.5,ELEVATED,68,2,1
SADBHAV.NS,SELL,8.86,downtrend,60.31,0.09,8.56,8.79,9.36,0.52,5.91,,,9.91,6.24,2.5,ELEVATED,64,1,2
ASPINWALL.NS,HOLD,239.41,weak_trend,38.0,-0.74,246.7,242.96,229.78,10.85,4.53,,,223.13,261.12,1.33,ELEVATED,40,0,3
DRONE.NS,SELL,39.75,downtrend,56.59,-0.27,39.5,40.38,53.93,1.43,3.58,,,42.6,32.62,2.5,NORMAL,66,1,2
GULFPETRO.NS,HOLD,59.5,weak_trend,83.91,4.67,45.87,42.21,36.11,3.02,5.07,,,54.98,65.53,1.33,ELEVATED,40,2,1
PROPEQUITY.NS,SELL,225.0,downtrend,36.91,-4.92,221.71,226.02,200.29,6.86,3.05,,,238.71,190.71,2.5,NORMAL,76,2,1
JMA.NS,HOLD,88.41,weak_trend,47.4,-0.36,88.4,90.05,85.3,3.16,3.57,,,83.68,94.72,1.33,NORMAL,40,1,2
NECCLTD.NS,SELL,15.23,downtrend,51.59,-0.19,15.3,15.91,16.55,0.52,3.39,,,16.26,12.65,2.5,NORMAL,69,1,2
NITIRAJ.NS,HOLD,208.68,weak_trend,27.63,4.34,212.66,197.4,196.57,11.86,5.68,,,190.89,232.4,1.33,ELEVATED,40,0,3
ALUWIND.NS,SELL,49.2,downtrend,59.18,0.63,48.18,48.37,61.55,2.29,4.65,,,53.77,37.77,2.5,ELEVATED,65,1,2
EQUIPPP.NS,HOLD,23.24,weak_trend,41.76,0.43,23.89,21.57,19.03,1.3,5.59,,,21.29,25.84,1.33,ELEVATED,40,0,3
LLOYDS.NS,SELL,67.5,downtrend,37.5,-2.51,70.77,76.63,71.99,2.66,3.94,,,72.82,54.2,2.5,NORMAL,76,1,2
RHFL.NS,SELL,1.88,downtrend,31.03,-0.06,1.96,2.08,2.55,0.06,3.34,,,2.01,1.57,2.5,NORMAL,79,1,2
INCREDIBLE.NS,HOLD,32.51,weak_trend,50.68,-0.22,33.18,33.63,36.57,1.89,5.82,,,29.67,36.29,1.33,ELEVATED,40,0,3
TIPSFILMS.NS,SELL,375.25,downtrend,60.12,10.89,359.87,350.83,375.42,30.76,8.2,,,436.77,221.45,2.5,ELEVATED,64,1,2
ARCHIDPLY.NS,BUY,89.49,uptrend,68.03,0.82,81.7,80.75,84.51,4.01,4.48,87.7,91.28,81.46,109.55,2.5,ELEVATED,79,3,0
MADHUSUDAN.NS,HOLD,225.3,weak_trend,43.18,3.59,236.33,208.02,155.42,8.35,3.71,,,212.77,242.01,1.33,NORMAL,40,0,3
CENTEXT.NS,HOLD,23.0,weak_trend,78.82,0.84,19.79,19.64,21.47,1.09,4.73,,,21.37,25.18,1.33,ELEVATED,40,1,2
EMMBI.NS,SELL,83.82,downtrend,30.1,-1.36,88.46,89.54,91.5,3.97,4.74,,,91.76,63.97,2.5,ELEVATED,79,1,2
KEYFINSERV.NS,SELL,248.6,downtrend,31.02,-2.09,259.05,257.97,280.2,11.7,4.71,,,272.0,190.1,2.5,ELEVATED,79,0,3
ESSENTIA.NS,SELL,1.24,downtrend,61.11,-0.03,1.15,1.33,1.45,0.04,3.28,,,1.32,1.04,2.5,NORMAL,64,1,2
TAINWALCHM.NS,HOLD,207.5,weak_trend,46.71,1.07,209.16,202.61,194.16,10.43,5.03,,,191.86,228.36,1.33,ELEVATED,40,0,3
ENFUSE.NS,SELL,165.0,downtrend,51.14,-0.82,165.48,165.53,193.62,5.46,3.31,,,175.93,137.68,2.5,NORMAL,69,1,2
ARVEE.NS,HOLD,156.52,weak_trend,47.75,-1.64,157.27,161.66,167.69,8.06,5.15,,,144.43,172.64,1.33,ELEVATED,40,1,2
SIKKO.NS,HOLD,6.03,weak_trend,86.96,0.44,4.87,4.29,4.72,0.29,4.83,,,5.59,6.61,1.33,ELEVATED,40,2,1
DENEERS.NS,HOLD,183.95,weak_trend,38.31,-3.55,187.53,197.71,172.51,8.7,4.73,,,170.9,201.35,1.33,ELEVATED,40,0,3
PRLIND.NS,HOLD,43.95,weak_trend,38.98,-1.26,45.07,47.12,63.4,1.27,2.89,,,42.04,46.49,1.33,NORMAL,40,1,2
ALPA.NS,HOLD,68.09,weak_trend,47.92,-0.17,68.03,68.4,71.32,2.89,4.25,,,63.75,73.87,1.33,ELEVATED,40,1,2
KESORAMIND.NS,BUY,12.74,uptrend,61.49,0.47,11.91,11.55,9.71,0.53,4.13,12.49,12.99,11.69,15.37,2.5,ELEVATED,75,3,0
DTIL.NS,HOLD,132.91,weak_trend,37.35,-1.41,133.42,135.29,144.1,4.32,3.25,,,126.43,141.55,1.33,NORMAL,40,0,3
AVROIND.NS,HOLD,9.1,weak_trend,48.15,-0.3,9.11,9.96,11.81,0.61,6.7,,,8.19,10.32,1.33,ELEVATED,40,0,3
PURVFLEXI.NS,SELL,50.05,downtrend,57.14,-0.76,46.8,49.18,65.28,1.59,3.17,,,53.22,42.12,2.5,NORMAL,66,2,1
BEWLTD.NS,SELL,55.1,downtrend,15.18,-2.01,58.48,62.23,92.65,2.46,4.47,,,60.02,42.8,2.5,ELEVATED,87,1,2
IEML.NS,SELL,43.95,downtrend,55.14,-0.75,42.18,43.94,74.23,2.12,4.83,,,48.19,33.34,2.5,ELEVATED,67,2,1
BRNL.NS,SELL,17.79,downtrend,57.53,-0.24,17.66,18.34,20.59,0.89,5.01,,,19.57,13.34,2.5,ELEVATED,66,1,2
TUNWAL.NS,HOLD,26.4,weak_trend,46.55,-0.3,26.26,27.1,31.21,0.52,1.98,,,25.62,27.44,1.33,LOW,40,0,3
MANAKALUCO.NS,HOLD,44.59,weak_trend,76.15,0.89,36.68,36.97,32.82,2.23,5.01,,,41.24,49.05,1.33,ELEVATED,40,2,1
DCM.NS,SELL,82.49,downtrend,18.4,-3.4,90.23,93.74,86.19,3.74,4.53,,,89.97,63.79,2.5,ELEVATED,85,0,3
CPS.NS,BUY,1040.0,uptrend,61.01,11.63,1028.57,1019.27,1037.86,23.1,2.22,1019.2,1060.8,993.79,1155.52,2.5,NORMAL,75,3,0
AARTECH.NS,SELL,47.0,downtrend,40.38,-0.29,47.37,47.11,47.62,1.8,3.83,,,50.6,37.99,2.5,NORMAL,74,0,3
SHRITECH.NS,SELL,58.0,downtrend,23.85,-1.22,61.11,63.08,62.64,0.46,0.8,,,58.93,55.68,2.5,LOW,83,0,3
LAL.NS,HOLD,8.78,weak_trend,50.46,0.04,8.55,8.31,8.24,0.75,8.51,,,7.66,10.27,1.33,ELEVATED,40,2,1
SONAMLTD.NS,HOLD,54.42,weak_trend,47.85,0.08,54.8,54.41,48.35,2.99,5.5,,,49.93,60.4,1.33,ELEVATED,40,0,3
VISHWARAJ.NS,SELL,5.32,downtrend,54.26,-0.03,5.3,5.47,6.09,0.2,3.73,,,5.72,4.33,2.5,NORMAL,67,1,2
VIVIMEDLAB.NS,HOLD,5.01,weak_trend,38.94,-0.17,5.16,5.64,7.18,0.27,5.46,,,4.6,5.56,1.33,ELEVATED,40,0,3
PRAENG.NS,SELL,19.9,downtrend,47.67,-0.05,20.4,20.56,23.54,1.45,7.27,,,22.79,12.67,2.5,ELEVATED,71,1,2
INDTERRAIN.NS,SELL,31.7,downtrend,59.45,0.01,30.1,31.57,33.1,2.14,6.74,,,35.98,21.01,2.5,ELEVATED,65,1,2
KORE.NS,HOLD,170.5,weak_trend,65.68,9.01,165.78,147.26,140.76,11.9,6.98,,,152.65,194.3,1.33,ELEVATED,40,1,2
LANCORHOL.NS,HOLD,25.76,weak_trend,57.28,0.2,25.83,25.23,25.08,1.64,6.37,,,23.3,29.04,1.33,ELEVATED,40,2,1
AARVI.NS,SELL,154.01,downtrend,40.23,2.63,152.8,144.76,130.27,7.22,4.69,,,168.45,117.91,2.5,ELEVATED,74,1,2
VASWANI.NS,HOLD,52.14,weak_trend,43.86,-0.74,52.69,55.06,56.52,1.69,3.24,,,49.61,55.51,1.33,NORMAL,40,1,2
SUPERHOUSE.NS,HOLD,159.5,weak_trend,28.12,0.24,160.0,157.05,153.5,7.8,4.89,,,147.8,175.1,1.33,ELEVATED,40,0,3
RSSOFTWARE.NS,SELL,29.52,downtrend,20.07,-1.16,31.87,33.22,40.34,1.19,4.03,,,31.9,23.57,2.5,ELEVATED,84,1,2
DYNAMIC.NS,HOLD,135.55,weak_trend,22.57,-5.92,146.85,155.04,129.76,5.51,4.07,,,127.28,146.58,1.33,ELEVATED,40,1,2
CORALFINAC.NS,SELL,32.82,downtrend,61.11,0.17,32.69,32.5,35.23,2.56,7.79,,,37.93,20.03,2.5,ELEVATED,64,1,2
CANARYS.NS,HOLD,23.7,weak_trend,82.39,0.97,20.05,19.99,24.13,1.14,4.81,,,21.99,25.98,1.33,ELEVATED,40,0,3
IVP.NS,BUY,168.71,uptrend,69.15,0.14,156.3,160.11,150.04,6.79,4.02,165.34,172.08,155.13,202.66,2.5,ELEVATED,79,3,0
BSL.NS,SELL,123.53,downtrend,35.64,-0.85,125.54,126.67,140.79,3.26,2.64,,,130.04,107.24,2.5,NORMAL,77,0,3
QMSMEDI.NS,HOLD,113.3,weak_trend,57.75,2.91,111.51,103.82,92.17,5.46,4.82,,,105.11,124.22,1.33,ELEVATED,40,1,2
EMKAYTOOLS.NS,SELL,89.0,downtrend,41.61,-1.31,92.35,94.48,107.95,3.25,3.65,,,95.49,72.77,2.5,NORMAL,74,0,3
RUCHINFRA.NS,SELL,5.82,downtrend,50.86,-0.05,5.86,6.05,6.24,0.3,5.15,,,6.42,4.32,2.5,ELEVATED,69,1,2
TBI.NS,HOLD,63.15,weak_trend,43.17,-0.32,63.31,65.39,73.52,2.54,4.03,,,59.34,68.24,1.33,ELEVATED,40,1,2
CROWN.NS,SELL,111.81,downtrend,48.63,-0.11,113.97,112.78,125.22,5.3,4.74,,,122.41,85.31,2.5,ELEVATED,70,0,3
GAYAPROJ.NS,HOLD,20.09,weak_trend,39.92,-0.46,20.6,21.36,15.58,1.19,5.92,,,18.31,22.47,1.33,ELEVATED,40,0,3
ENSER.NS,HOLD,15.5,weak_trend,68.39,0.23,13.91,14.77,15.27,1.12,7.26,,,13.81,17.75,1.33,ELEVATED,40,2,1
WEIZMANIND.NS,SELL,78.98,downtrend,55.71,-0.62,78.07,80.65,87.72,2.34,2.97,,,83.67,67.26,2.5,NORMAL,67,1,2
SOMICONVEY.NS,SELL,91.84,downtrend,17.1,-2.28,96.42,99.22,113.31,3.62,3.95,,,99.09,73.72,2.5,NORMAL,86,0,3
MAITREYA.NS,SELL,124.3,downtrend,50.34,-4.6,124.17,137.9,190.77,6.63,5.34,,,137.56,91.14,2.5,ELEVATED,69,1,2
USK.NS,SELL,22.19,downtrend,52.78,-0.09,22.23,23.09,23.62,1.14,5.12,,,24.46,16.51,2.5,ELEVATED,68,1,2
MAHESHWARI.NS,HOLD,72.86,weak_trend,43.97,0.57,73.08,71.55,54.22,1.88,2.58,,,70.04,76.62,1.33,NORMAL,40,0,3
VR.NS,HOLD,144.65,weak_trend,100.0,6.27,114.04,117.61,149.7,2.98,2.06,,,140.18,150.61,1.33,NORMAL,40,0,3
MODTHREAD.NS,HOLD,48.24,weak_trend,51.9,0.55,47.85,46.81,45.47,2.21,4.58,,,44.92,52.66,1.33,ELEVATED,40,2,1
RKEC.NS,SELL,27.42,downtrend,56.61,-0.33,26.68,27.64,41.95,1.51,5.52,,,30.45,19.85,2.5,ELEVATED,66,2,1
DUCON.NS,SELL,3.16,downtrend,63.46,-0.05,3.01,3.24,3.53,0.16,5.15,,,3.49,2.35,2.5,ELEVATED,63,2,1
SIGIND.NS,HOLD,67.79,weak_trend,85.74,4.37,50.47,49.11,50.32,4.41,6.51,,,61.18,76.61,1.33,ELEVATED,40,2,1
DOLLEX.NS,SELL,30.45,downtrend,61.54,0.1,30.07,30.24,34.23,0.56,1.84,,,31.57,27.65,2.5,LOW,64,2,1
IBLFL.NS,HOLD,61.0,weak_trend,50.0,0.76,60.88,58.73,57.76,0.34,0.56,,,60.49,61.69,1.33,LOW,40,1,2
HINDCON.NS,SELL,22.5,downtrend,58.24,0.4,21.91,21.63,23.91,1.15,5.12,,,24.8,16.74,2.5,ELEVATED,65,1,2
XELPMOC.NS,HOLD,81.6,weak_trend,48.39,-0.93,81.56,85.2,111.35,3.8,4.66,,,75.9,89.21,1.33,ELEVATED,40,0,3
TEXMOPIPES.NS,SELL,43.51,downtrend,51.72,-0.38,43.24,44.23,46.45,1.53,3.52,,,46.58,35.84,2.5,NORMAL,69,2,1
WOMANCART.NS,HOLD,94.9,weak_trend,57.84,-2.56,100.05,105.16,188.54,6.02,6.34,,,85.87,106.94,1.33,ELEVATED,40,0,3
KHFM.NS,SELL,49.4,downtrend,51.48,-1.59,48.24,55.27,61.81,1.84,3.73,,,53.09,40.19,2.5,NORMAL,69,2,1
UMIYA-MRO.NS,HOLD,88.52,weak_trend,42.14,0.18,89.72,89.26,87.02,2.78,3.15,,,84.34,94.09,1.33,NORMAL,40,1,2
MAGNUM.NS,SELL,19.32,downtrend,58.66,0.01,19.35,19.57,21.29,1.03,5.32,,,21.38,14.18,2.5,ELEVATED,65,2,1
SHREEOSFM.NS,HOLD,60.0,weak_trend,45.04,-0.36,58.81,58.31,75.4,2.38,3.96,,,56.43,64.76,1.33,NORMAL,40,0,3
ISFT.NS,SELL,77.9,downtrend,65.04,0.26,77.6,79.84,82.84,4.49,5.76,,,86.87,55.47,2.5,ELEVATED,62,1,2
AIROLAM.NS,HOLD,89.27,weak_trend,47.76,0.12,87.96,88.07,92.44,3.29,3.69,,,84.33,95.86,1.33,NORMAL,40,0,3
MUKTAARTS.NS,SELL,57.0,downtrend,58.04,0.02,55.67,58.48,58.18,3.37,5.91,,,63.74,40.14,2.5,ELEVATED,65,1,2
GLOBALPET.NS,HOLD,162.0,weak_trend,72.09,2.77,156.68,153.9,129.79,3.06,1.89,,,157.4,168.13,1.33,LOW,40,1,2
USASEEDS.NS,SELL,90.9,downtrend,65.14,-1.25,85.78,91.14,120.35,3.53,3.88,,,97.95,73.27,2.5,NORMAL,62,2,1
INDIANCARD.NS,SELL,219.99,downtrend,44.88,-0.15,223.27,221.53,223.38,9.21,4.19,,,238.41,173.94,2.5,ELEVATED,72,0,3
MDL.NS,SELL,63.75,downtrend,32.49,-2.09,67.08,69.58,65.92,1.53,2.4,,,66.81,56.09,2.5,NORMAL,78,0,3
ALPHAGEO.NS,HOLD,230.64,weak_trend,63.51,9.1,212.97,207.08,217.37,14.92,6.47,,,208.26,260.47,1.33,ELEVATED,40,2,1
GVPTECH.NS,SELL,6.94,downtrend,56.31,0.04,6.86,6.82,7.59,0.3,4.37,,,7.55,5.42,2.5,ELEVATED,66,1,2
BHARATGEAR.NS,SELL,106.25,downtrend,36.96,-2.86,119.27,121.06,110.44,5.18,4.87,,,116.6,80.36,2.5,ELEVATED,76,0,3
KREBSBIO.NS,SELL,55.04,downtrend,52.38,-1.14,54.15,59.46,61.15,2.83,5.14,,,60.7,40.9,2.5,ELEVATED,68,1,2
INDBANK.NS,HOLD,32.96,weak_trend,45.15,-0.28,32.8,33.26,34.74,0.88,2.68,,,31.64,34.73,1.33,NORMAL,40,1,2
RPPL.NS,BUY,25.81,uptrend,68.21,0.87,22.21,20.93,18.19,1.59,6.16,25.29,26.33,22.63,33.76,2.5,ELEVATED,79,3,0
UMAEXPORTS.NS,SELL,20.07,downtrend,51.51,-0.5,20.41,21.91,30.16,0.72,3.58,,,21.51,16.47,2.5,NORMAL,69,1,2
SHEETAL.NS,HOLD,335.35,weak_trend,74.06,8.81,301.68,297.22,229.23,9.48,2.83,,,321.14,354.3,1.33,NORMAL,40,1,2
SADHAV.NS,HOLD,115.85,weak_trend,56.62,0.36,116.61,116.81,108.81,2.95,2.55,,,111.42,121.76,1.33,NORMAL,40,0,3
HECPROJECT.NS,HOLD,132.75,weak_trend,65.29,1.0,131.73,129.42,125.01,8.51,6.41,,,119.99,149.77,1.33,ELEVATED,40,1,2
HPIL.NS,SELL,126.05,downtrend,52.2,0.53,125.21,126.4,130.17,6.12,4.86,,,138.29,95.44,2.5,ELEVATED,68,1,2
SLONE.NS,HOLD,145.0,weak_trend,76.52,2.34,128.8,133.04,208.52,5.69,3.92,,,136.47,156.37,1.33,NORMAL,40,0,3
GANGESSECU.NS,SELL,118.0,downtrend,55.6,-0.18,117.11,119.19,129.1,3.94,3.34,,,125.87,98.32,2.5,NORMAL,67,1,2
SURANASOL.NS,HOLD,26.57,weak_trend,52.51,0.05,26.3,26.63,26.3,1.22,4.61,,,24.73,29.02,1.33,ELEVATED,40,2,1
QUESTLAB.NS,HOLD,89.7,weak_trend,37.29,-1.75,92.49,96.52,103.56,3.6,4.02,,,84.29,96.91,1.33,ELEVATED,40,0,3
INVENTURE.NS,HOLD,0.9,weak_trend,50.0,-0.01,0.91,0.93,1.08,0.03,2.86,,,0.86,0.95,1.33,NORMAL,40,1,2
STEELCITY.NS,HOLD,84.29,weak_trend,69.5,1.56,77.78,77.51,83.62,2.96,3.51,,,79.85,90.21,1.33,NORMAL,40,2,1
BTML.NS,HOLD,8.01,weak_trend,70.3,0.26,6.51,6.37,7.21,0.64,7.99,,,7.05,9.29,1.33,ELEVATED,40,2,1
ZEAL.NS,HOLD,66.0,weak_trend,50.0,-0.47,64.33,66.33,80.39,1.32,2.01,,,64.01,68.65,1.33,NORMAL,40,0,3
VEEKAYEM.NS,SELL,120.0,downtrend,30.95,-1.73,126.68,130.0,156.72,2.72,2.26,,,125.44,106.41,2.5,NORMAL,79,0,3
COMPUSOFT.NS,HOLD,13.14,weak_trend,52.86,-0.05,13.19,13.37,14.69,0.44,3.35,,,12.48,14.02,1.33,NORMAL,40,1,2
SHYAMCENT.NS,SELL,5.03,downtrend,44.51,-0.08,5.3,5.31,5.55,0.28,5.57,,,5.59,3.63,2.5,ELEVATED,72,1,2
LAGNAM.NS,HOLD,83.34,weak_trend,33.29,0.92,86.7,82.79,75.98,4.12,4.95,,,77.16,91.58,1.33,ELEVATED,40,0,3
SAMBHAAV.NS,SELL,6.47,downtrend,63.43,0.04,6.28,6.4,7.55,0.35,5.43,,,7.17,4.71,2.5,ELEVATED,63,1,2
SILGO.NS,SELL,70.17,downtrend,29.47,-1.57,72.64,74.82,73.32,2.86,4.07,,,75.89,55.88,2.5,ELEVATED,80,1,2
MASTER.NS,HOLD,497.0,weak_trend,60.77,27.45,457.03,393.64,347.03,12.33,2.48,,,478.51,521.66,1.33,NORMAL,40,2,1
MAL.NS,SELL,31.25,downtrend,38.51,-0.48,32.44,33.13,41.59,1.08,3.45,,,33.41,25.86,2.5,NORMAL,75,1,2
SMLT.NS,SELL,69.4,downtrend,60.69,-0.07,67.72,69.53,77.91,2.48,3.57,,,74.35,57.01,2.5,NORMAL,64,1,2
AUSOMENT.NS,HOLD,140.88,weak_trend,65.26,5.11,133.56,124.0,117.1,7.08,5.02,,,130.27,155.03,1.33,ELEVATED,40,2,1
GTL.NS,HOLD,7.82,weak_trend,72.99,-0.01,7.29,7.66,7.65,0.29,3.75,,,7.38,8.41,1.33,NORMAL,40,2,1
GREENCHEF.NS,SELL,51.75,downtrend,64.39,0.57,49.22,50.24,52.72,1.17,2.26,,,54.09,45.91,2.5,NORMAL,62,1,2
BAIDFIN.NS,HOLD,10.03,weak_trend,46.43,-0.04,10.03,10.07,10.66,0.41,4.05,,,9.42,10.84,1.33,ELEVATED,40,0,3
SMARTLINK.NS,SELL,215.19,downtrend,49.98,9.95,208.6,184.29,143.96,10.45,4.85,,,236.08,162.96,2.5,ELEVATED,70,1,2
MAHAPEXLTD.NS,SELL,44.38,downtrend,52.2,-0.26,44.61,46.14,71.7,2.01,4.53,,,48.4,34.32,2.5,ELEVATED,68,1,2
SADBHIN.NS,SELL,2.61,downtrend,63.16,-0.03,2.48,2.71,3.17,0.11,4.21,,,2.83,2.06,2.5,ELEVATED,63,1,2
SEMAC.NS,HOLD,307.4,weak_trend,52.15,-4.87,315.91,328.31,306.99,8.62,2.8,,,294.47,324.64,1.33,NORMAL,40,0,3
SOTAC.NS,SELL,91.95,downtrend,24.8,-3.0,94.17,102.2,113.87,0.97,1.06,,,93.89,87.09,2.5,LOW,82,1,2
VITAL.NS,SELL,50.45,downtrend,54.17,-0.79,49.09,51.39,54.0,0.85,1.69,,,52.16,46.19,2.5,LOW,67,2,1
TRU.NS,SELL,4.55,downtrend,29.27,-0.21,4.84,5.27,6.85,0.29,6.33,,,5.13,3.11,2.5,ELEVATED,80,0,3
JOCIL.NS,HOLD,147.0,weak_trend,61.52,0.5,145.39,147.6,138.51,5.73,3.9,,,138.41,158.45,1.33,NORMAL,40,2,1
URBAN.NS,HOLD,145.35,weak_trend,84.75,3.33,133.47,131.7,142.57,5.77,3.97,,,136.7,156.89,1.33,NORMAL,40,2,1
SYLVANPLY.NS,SELL,49.8,downtrend,12.39,-1.65,54.73,54.79,56.05,0.81,1.63,,,51.42,45.75,2.5,LOW,88,0,3
TRUST.NS,HOLD,28.4,weak_trend,47.14,-0.41,28.95,30.16,40.74,1.78,6.26,,,25.73,31.96,1.33,ELEVATED,40,0,3
MCL.NS,HOLD,58.31,weak_trend,77.13,0.19,54.15,56.22,60.04,2.51,4.31,,,54.54,63.33,1.33,ELEVATED,40,1,2
WIPL.NS,HOLD,168.05,weak_trend,48.88,0.45,168.22,165.12,156.73,6.77,4.03,,,157.9,181.58,1.33,ELEVATED,40,0,3
BALPHARMA.NS,HOLD,90.9,weak_trend,54.82,1.37,88.47,85.53,77.85,3.01,3.32,,,86.38,96.93,1.33,NORMAL,40,2,1
VIPULLTD.NS,HOLD,12.48,weak_trend,38.92,-0.46,13.32,12.64,10.86,0.79,6.36,,,11.29,14.07,1.33,ELEVATED,40,0,3
SALONA.NS,SELL,245.1,downtrend,40.17,-4.35,250.28,259.41,265.36,17.74,7.24,,,280.58,156.41,2.5,ELEVATED,74,0,3
LAMBODHARA.NS,HOLD,113.48,weak_trend,46.03,0.6,113.93,111.65,113.0,4.08,3.59,,,107.37,121.63,1.33,NORMAL,40,1,2
LOVABLE.NS,HOLD,72.55,weak_trend,40.44,-0.58,73.49,73.93,76.34,2.51,3.45,,,68.79,77.56,1.33,NORMAL,40,0,3
ISHANCH.NS,SELL,49.54,downtrend,39.02,-1.71,52.37,56.01,60.89,3.69,7.44,,,56.91,31.1,2.5,ELEVATED,75,1,2
SHIGAN.NS,HOLD,62.15,weak_trend,47.56,-0.57,63.71,65.99,62.32,1.95,3.13,,,59.23,66.04,1.33,NORMAL,40,0,3
SURANI.NS,HOLD,99.2,weak_trend,41.69,-2.72,99.62,109.51,90.33,3.43,3.45,,,94.06,106.05,1.33,NORMAL,40,0,3
HDIL.NS,SELL,1.57,downtrend,28.0,-0.04,1.66,1.76,2.2,0.07,4.32,,,1.71,1.23,2.5,ELEVATED,80,1,2
LOYALTEX.NS,SELL,215.0,downtrend,64.49,1.06,205.87,207.0,216.3,10.42,4.84,,,235.83,162.92,2.5,ELEVATED,62,2,1
RAJSREESUG.NS,HOLD,30.19,weak_trend,35.08,-0.45,30.71,31.87,32.72,1.49,4.95,,,27.95,33.18,1.33,ELEVATED,40,1,2
OSWALSEEDS.NS,SELL,10.63,downtrend,50.87,-0.07,10.5,10.76,12.85,0.49,4.57,,,11.6,8.2,2.5,ELEVATED,69,2,1
BAGFILMS.NS,SELL,4.32,downtrend,31.58,-0.08,4.48,4.67,5.44,0.17,3.94,,,4.66,3.47,2.5,NORMAL,79,0,3
SHAHALLOYS.NS,HOLD,70.79,weak_trend,63.53,-0.19,68.52,69.42,68.58,2.82,3.98,,,66.56,76.43,1.33,NORMAL,40,2,1
DRSDILIP.NS,HOLD,109.9,weak_trend,0.0,-0.32,109.99,111.13,95.55,0.01,0.01,,,109.89,109.91,1.33,LOW,40,1,2
SECMARK.NS,HOLD,127.15,weak_trend,48.31,-0.18,126.03,126.14,119.0,5.53,4.35,,,118.85,138.22,1.33,ELEVATED,40,1,2
ZENITHEXPO.NS,HOLD,216.51,weak_trend,70.71,0.12,200.28,202.58,210.55,7.13,3.29,,,205.82,230.77,1.33,NORMAL,40,2,1
CUBEXTUB.NS,SELL,80.07,downtrend,55.11,-0.91,78.36,81.88,94.06,2.68,3.34,,,85.42,66.69,2.5,NORMAL,67,1,2
LATTEYS.NS,HOLD,20.44,weak_trend,44.8,-0.27,20.13,21.12,22.44,0.83,4.05,,,19.2,22.1,1.33,ELEVATED,40,0,3
DELAPLEX.NS,SELL,88.95,downtrend,23.15,-3.06,96.25,99.19,116.28,2.78,3.13,,,94.51,75.04,2.5,NORMAL,83,1,2
SAMPANN.NS,SELL,27.52,downtrend,56.8,-0.11,27.35,27.56,30.52,1.15,4.17,,,29.82,21.78,2.5,ELEVATED,66,1,2
ARTNIRMAN.NS,SELL,42.49,downtrend,60.53,0.1,39.79,40.46,43.75,2.36,5.55,,,47.21,30.69,2.5,ELEVATED,64,2,1
SSFL.NS,HOLD,236.0,weak_trend,29.86,0.03,259.82,241.93,155.26,15.46,6.55,,,212.8,266.93,1.33,ELEVATED,40,0,3
GENSOL.NS,HOLD,17.39,weak_trend,32.22,-0.82,18.26,20.76,24.27,0.39,2.26,,,16.8,18.18,1.33,NORMAL,40,1,2
TARMAT.NS,BUY,52.7,uptrend,63.71,0.1,49.8,50.55,52.52,1.97,3.74,51.65,53.75,48.76,62.55,2.5,NORMAL,76,3,0
SIDDHIKA.NS,SELL,209.25,downtrend,49.7,-0.65,212.99,210.66,210.29,4.66,2.23,,,218.58,185.93,2.5,NORMAL,70,1,2
FIBERWEB.NS,SELL,29.76,downtrend,31.27,-0.36,30.37,29.91,35.73,1.32,4.43,,,32.4,23.16,2.5,ELEVATED,79,0,3
SCML.NS,SELL,83.0,downtrend,58.82,0.31,80.06,78.74,120.78,3.54,4.26,,,90.08,65.3,2.5,ELEVATED,65,1,2
OMFURN.NS,SELL,59.95,downtrend,56.89,2.13,58.8,56.68,67.81,2.13,3.55,,,64.21,49.31,2.5,NORMAL,66,1,2
NEWJAISA.NS,HOLD,16.2,weak_trend,48.8,-0.59,15.69,16.71,22.7,0.65,3.99,,,15.23,17.49,1.33,NORMAL,40,0,3
DCG.NS,SELL,55.65,downtrend,68.16,0.13,53.54,54.75,61.43,1.45,2.6,,,58.54,48.42,2.5,NORMAL,60,1,2
RAJMET.NS,SELL,3.35,downtrend,51.02,-0.09,3.37,3.6,3.92,0.16,4.63,,,3.66,2.57,2.5,ELEVATED,69,1,2
MAXPOSURE.NS,HOLD,34.35,weak_trend,44.63,-0.32,33.96,34.13,40.01,0.74,2.14,,,33.25,35.82,1.33,NORMAL,40,0,3
PAR.NS,HOLD,98.4,weak_trend,39.46,1.72,97.82,93.31,93.63,4.81,4.88,,,91.19,108.01,1.33,ELEVATED,40,1,2
BEARDSELL.NS,HOLD,27.24,weak_trend,45.56,-0.35,27.54,28.54,28.22,1.19,4.38,,,25.45,29.63,1.33,ELEVATED,40,0,3
RELIABLE.NS,HOLD,147.12,weak_trend,48.03,-0.28,144.06,145.79,141.65,6.8,4.62,,,136.92,160.72,1.33,ELEVATED,40,2,1
AKSHOPTFBR.NS,HOLD,6.79,weak_trend,76.72,-0.03,5.84,6.45,6.1,0.18,2.7,,,6.51,7.16,1.33,NORMAL,40,2,1
MOKSH.NS,HOLD,11.05,weak_trend,41.42,-0.28,10.84,11.48,12.76,0.48,4.39,,,10.32,12.02,1.33,ELEVATED,40,0,3
BEACON.NS,SELL,91.95,downtrend,48.12,-1.37,91.18,90.73,86.73,3.74,4.06,,,99.42,73.27,2.5,ELEVATED,70,2,1
CRAYONS.NS,SELL,27.2,downtrend,53.33,-0.43,26.74,28.42,36.39,1.02,3.76,,,29.24,22.09,2.5,NORMAL,68,1,2
DTL.NS,SELL,120.0,downtrend,0.0,-1.27,122.58,124.79,129.48,0.5,0.42,,,121.01,117.48,2.5,LOW,95,0,3
GROBTEA.NS,SELL,900.0,downtrend,46.83,-1.93,907.26,907.46,944.67,20.3,2.26,,,940.6,798.5,2.5,NORMAL,71,0,3
REGENCERAM.NS,HOLD,32.65,weak_trend,36.28,-1.83,34.83,38.3,43.38,3.21,9.82,,,27.84,39.07,1.33,ELEVATED,40,0,3
SURYALAXMI.NS,BUY,60.22,uptrend,61.23,0.32,58.44,58.7,57.91,3.33,5.52,59.02,61.42,53.57,76.85,2.5,ELEVATED,75,3,0
MAHICKRA.NS,HOLD,275.0,weak_trend,71.03,5.58,259.46,252.53,200.89,9.09,3.31,,,261.37,293.18,1.33,NORMAL,40,1,2
RELCHEMQ.NS,HOLD,129.76,weak_trend,49.41,-0.9,127.87,130.19,130.12,4.83,3.72,,,122.51,139.43,1.33,NORMAL,40,0,3
KOHINOOR.NS,HOLD,23.05,weak_trend,38.52,-0.4,23.41,24.38,25.83,0.79,3.45,,,21.86,24.64,1.33,NORMAL,40,0,3
HILTON.NS,SELL,21.41,downtrend,31.48,-0.37,21.83,21.84,27.78,0.92,4.31,,,23.25,16.8,2.5,ELEVATED,79,0,3
PALASHSECU.NS,SELL,92.01,downtrend,57.61,-0.97,89.06,92.43,99.17,3.51,3.81,,,99.03,74.46,2.5,NORMAL,66,1,2
TOTAL.NS,HOLD,69.6,weak_trend,79.2,3.08,53.86,52.52,61.26,4.39,6.3,,,63.02,78.37,1.33,ELEVATED,40,2,1
OLIL.NS,HOLD,413.2,weak_trend,40.84,-3.12,420.22,426.66,352.8,11.62,2.81,,,395.76,436.45,1.33,NORMAL,40,1,2
VAISHALI.NS,HOLD,7.88,weak_trend,52.05,0.09,7.75,7.48,7.88,0.47,5.92,,,7.18,8.81,1.33,ELEVATED,40,2,1
SIL.NS,HOLD,18.75,weak_trend,95.28,0.45,16.34,15.84,15.43,0.75,4.01,,,17.62,20.25,1.33,ELEVATED,40,2,1
OBCL.NS,SELL,53.5,downtrend,55.28,-0.35,53.02,54.6,55.2,1.8,3.37,,,57.11,44.49,2.5,NORMAL,67,1,2
ROCKINGDCE.NS,SELL,175.95,downtrend,50.2,0.04,181.78,185.29,198.54,7.76,4.41,,,191.48,137.13,2.5,ELEVATED,69,2,1
TOKYOPLAST.NS,HOLD,81.0,weak_trend,46.86,-1.3,80.89,83.55,95.15,2.54,3.13,,,77.19,86.08,1.33,NORMAL,40,0,3
REFRACTORY.NS,HOLD,25.3,weak_trend,38.85,-1.05,26.69,29.18,41.04,0.73,2.88,,,24.21,26.76,1.33,NORMAL,40,1,2
DIGIDRIVE.NS,SELL,17.65,downtrend,34.69,-0.3,18.1,18.41,22.6,0.75,4.23,,,19.14,13.92,2.5,ELEVATED,77,0,3
BHANDARI.NS,HOLD,2.86,weak_trend,40.74,-0.03,2.89,2.97,3.5,0.08,2.77,,,2.74,3.02,1.33,NORMAL,40,0,3
ODIGMA.NS,SELL,23.13,downtrend,55.65,-0.22,22.89,23.16,28.07,0.71,3.05,,,24.54,19.6,2.5,NORMAL,67,1,2
KAKATCEM.NS,HOLD,118.45,weak_trend,48.9,0.26,117.4,118.04,119.87,3.93,3.32,,,112.55,126.31,1.33,NORMAL,40,0,3
KLL.NS,SELL,22.9,downtrend,17.67,-2.34,27.72,31.44,40.54,1.86,8.13,,,26.62,13.6,2.5,ELEVATED,86,0,3
MITCON.NS,BUY,79.32,uptrend,66.72,-0.0,74.96,78.8,70.13,4.01,5.05,77.73,80.91,71.31,99.35,2.5,ELEVATED,78,3,0
TOUCHWOOD.NS,HOLD,66.85,weak_trend,45.56,-0.82,67.25,69.15,83.52,1.84,2.75,,,64.09,70.53,1.33,NORMAL,40,0,3
AAATECH.NS,HOLD,91.95,weak_trend,47.72,-0.91,91.34,93.77,96.3,2.63,2.86,,,88.0,97.21,1.33,NORMAL,40,1,2
SPLIL.NS,HOLD,32.69,weak_trend,50.21,0.05,31.63,31.09,32.21,1.5,4.59,,,30.44,35.69,1.33,ELEVATED,40,2,1
HOLMARC.NS,HOLD,110.4,weak_trend,50.89,0.65,107.07,104.58,98.3,2.49,2.25,,,106.67,115.37,1.33,NORMAL,40,2,1
HOACFOODS.NS,HOLD,729.95,weak_trend,63.37,15.7,715.38,678.69,445.19,18.23,2.5,,,702.61,766.41,1.33,NORMAL,40,1,2
ZENITHSTL.NS,SELL,5.35,downtrend,49.41,-0.04,5.58,5.68,6.33,0.4,7.42,,,6.14,3.36,2.5,ELEVATED,70,1,2
NAMAN.NS,SELL,43.75,downtrend,49.46,-0.83,45.19,46.39,57.64,1.04,2.38,,,45.84,38.54,2.5,NORMAL,70,0,3
PIONEEREMB.NS,SELL,23.93,downtrend,54.42,0.29,23.44,23.59,26.79,1.4,5.86,,,26.73,16.92,2.5,ELEVATED,67,1,2
ZENITHDRUG.NS,SELL,42.0,downtrend,28.0,-0.85,48.53,46.42,48.23,1.7,4.05,,,45.4,33.5,2.5,ELEVATED,80,1,2
GLOBE.NS,SELL,2.0,downtrend,23.08,-0.05,2.12,2.2,2.5,0.09,4.29,,,2.17,1.57,2.5,ELEVATED,83,1,2
DHRUV.NS,HOLD,24.13,weak_trend,33.51,-0.66,25.23,26.67,36.07,1.33,5.49,,,22.14,26.78,1.33,ELEVATED,40,1,2
SONUINFRA.NS,HOLD,41.45,weak_trend,47.17,-1.39,41.85,44.76,64.64,2.46,5.95,,,37.75,46.38,1.33,ELEVATED,40,0,3
SELMC.NS,HOLD,27.38,weak_trend,33.08,-0.42,28.13,28.94,30.68,1.2,4.37,,,25.59,29.77,1.33,ELEVATED,40,1,2
MAGSON.NS,HOLD,180.0,weak_trend,45.71,1.37,181.41,173.65,148.07,2.9,1.61,,,175.64,185.81,1.33,LOW,40,0,3
KEL.NS,SELL,84.35,downtrend,58.84,0.8,80.27,80.47,90.15,3.61,4.28,,,91.57,66.3,2.5,ELEVATED,65,1,2
CAPTRUST.NS,HOLD,19.36,weak_trend,76.69,1.6,15.85,14.13,14.72,1.18,6.09,,,17.59,21.72,1.33,ELEVATED,40,1,2
ATAM.NS,SELL,64.69,downtrend,33.81,-1.19,66.43,68.81,73.85,2.25,3.48,,,69.2,53.43,2.5,NORMAL,78,0,3
PARAGON.NS,HOLD,49.9,weak_trend,55.0,0.08,48.88,48.96,45.9,1.3,2.61,,,47.94,52.51,1.33,NORMAL,40,2,1
LPDC.NS,SELL,6.39,downtrend,55.91,-0.05,6.28,6.49,6.83,0.36,5.62,,,7.11,4.59,2.5,ELEVATED,67,1,2
ROXHITECH.NS,HOLD,48.4,weak_trend,67.75,2.86,42.85,38.37,38.35,3.61,7.46,,,42.98,55.62,1.33,ELEVATED,40,2,1
DIGJAMLMTD.NS,HOLD,47.81,weak_trend,61.57,1.02,45.49,45.13,45.93,3.2,6.7,,,43.0,54.22,1.33,ELEVATED,40,2,1
NIRMAN.NS,SELL,33.0,downtrend,35.19,-2.3,38.46,42.03,55.55,3.28,9.94,,,39.56,16.61,2.5,ELEVATED,77,1,2
PATINTLOG.NS,HOLD,14.17,weak_trend,42.64,-0.09,14.4,14.53,12.89,0.54,3.83,,,13.36,15.25,1.33,NORMAL,40,0,3
GOYALALUM.NS,HOLD,6.43,weak_trend,42.57,-0.08,6.56,6.74,6.95,0.26,4.01,,,6.04,6.95,1.33,ELEVATED,40,0,3
MANGALAM.NS,HOLD,27.19,weak_trend,46.09,-0.31,27.29,28.09,34.16,0.98,3.61,,,25.72,29.15,1.33,NORMAL,40,1,2
IL&FSTRANS.NS,HOLD,2.06,weak_trend,42.86,-0.04,2.12,2.24,2.51,0.1,4.89,,,1.91,2.26,1.33,ELEVATED,40,0,3
ACCURACY.NS,SELL,4.72,downtrend,34.48,-0.14,4.93,5.26,5.34,0.19,4.1,,,5.11,3.75,2.5,ELEVATED,77,0,3
PRUDMOULI.NS,SELL,13.44,downtrend,51.53,-0.4,13.42,14.62,18.2,0.82,6.07,,,15.07,9.36,2.5,ELEVATED,69,1,2
DIGIKORE.NS,SELL,35.25,downtrend,19.81,-3.74,46.46,50.31,67.62,4.51,12.8,,,44.27,12.7,2.5,ELEVATED,85,1,2
AMDIND.NS,HOLD,46.87,weak_trend,53.32,0.19,46.5,46.47,46.71,2.67,5.7,,,42.87,52.21,1.33,ELEVATED,40,1,2
SILKFLEX.NS,HOLD,201.65,weak_trend,56.26,-0.97,202.23,204.24,142.01,9.77,4.84,,,187.0,221.19,1.33,ELEVATED,40,1,2
BVCL.NS,HOLD,41.37,weak_trend,45.82,-0.09,41.48,41.76,42.73,1.68,4.05,,,38.86,44.72,1.33,ELEVATED,40,1,2
CINEVISTA.NS,SELL,14.7,downtrend,39.01,-0.24,15.13,15.57,15.82,0.67,4.57,,,16.04,11.34,2.5,ELEVATED,75,1,2
MOTOGENFIN.NS,HOLD,25.81,weak_trend,26.77,-0.55,27.02,28.08,24.61,0.92,3.57,,,24.43,27.65,1.33,NORMAL,40,0,3
HISARMETAL.NS,HOLD,152.02,weak_trend,49.01,-1.23,150.4,151.96,159.2,5.07,3.34,,,144.42,162.16,1.33,NORMAL,40,1,2
JHS.NS,HOLD,7.83,weak_trend,70.21,0.01,7.49,7.77,9.41,0.39,5.02,,,7.24,8.62,1.33,ELEVATED,40,0,3
PRITI.NS,HOLD,36.36,weak_trend,39.16,-0.82,37.77,39.5,49.18,1.73,4.75,,,33.77,39.82,1.33,ELEVATED,40,1,2
ENERGYDEV.NS,SELL,16.5,downtrend,38.46,-0.08,16.94,16.82,17.78,0.68,4.1,,,17.85,13.12,2.5,ELEVATED,75,1,2
AAKASH.NS,HOLD,8.99,weak_trend,50.6,-0.02,9.03,9.18,8.77,0.34,3.83,,,8.47,9.68,1.33,NORMAL,40,1,2
KANDARP.NS,SELL,102.75,downtrend,58.36,-2.1,98.11,107.6,130.62,7.46,7.26,,,117.66,65.46,2.5,ELEVATED,65,2,1
EFORCE.NS,SELL,21.25,downtrend,48.21,-0.3,21.74,22.13,28.74,0.5,2.35,,,22.25,18.75,2.5,NORMAL,70,0,3
FONEBOX.NS,HOLD,98.1,weak_trend,87.7,4.53,82.09,80.14,82.7,2.67,2.73,,,94.09,103.45,1.33,NORMAL,40,2,1
ORCHASP.NS,HOLD,1.56,weak_trend,44.44,-0.07,1.67,1.81,2.39,0.14,8.88,,,1.35,1.84,1.33,ELEVATED,40,0,3
SONAMAC.NS,SELL,34.55,downtrend,64.61,0.48,34.08,34.07,42.46,1.18,3.4,,,36.9,28.67,2.5,NORMAL,62,1,2
TGL.NS,SELL,20.75,downtrend,37.58,-0.13,20.77,19.87,40.15,1.38,6.66,,,23.51,13.84,2.5,ELEVATED,76,0,3
CLSL.NS,HOLD,69.0,weak_trend,71.19,5.11,61.62,51.33,49.03,2.48,3.59,,,65.29,73.95,1.33,NORMAL,40,1,2
AISL.NS,HOLD,58.0,weak_trend,57.04,0.23,58.06,57.0,69.44,1.46,2.51,,,55.81,60.91,1.33,NORMAL,40,0,3
PRAKASHSTL.NS,HOLD,3.98,weak_trend,40.63,-0.06,4.03,4.21,4.51,0.12,3.0,,,3.8,4.22,1.33,NORMAL,40,0,3
CURAA.NS,HOLD,72.92,weak_trend,48.49,-1.6,73.74,79.06,103.49,4.76,6.52,,,65.79,82.43,1.33,ELEVATED,40,0,3
SUNDARAM.NS,SELL,1.23,downtrend,40.0,-0.02,1.26,1.31,1.52,0.05,4.12,,,1.33,0.98,2.5,ELEVATED,75,0,3
DBSTOCKBRO.NS,HOLD,32.39,weak_trend,28.64,-0.63,35.39,34.3,27.97,1.84,5.67,,,29.64,36.06,1.33,ELEVATED,40,0,3
MHHL.NS,HOLD,35.15,weak_trend,38.79,0.5,35.99,34.69,39.01,0.6,1.72,,,34.24,36.36,1.33,LOW,40,1,2
KONSTELEC.NS,HOLD,62.6,weak_trend,49.61,3.14,62.69,53.0,47.39,2.76,4.42,,,58.45,68.13,1.33,ELEVATED,40,0,3
SANGANI.NS,SELL,45.0,downtrend,50.61,-0.17,44.4,44.68,50.39,0.75,1.66,,,46.49,41.27,2.5,LOW,69,1,2
VIAZ.NS,SELL,60.8,downtrend,54.0,0.04,61.7,62.41,66.22,0.71,1.17,,,62.23,57.23,2.5,LOW,68,1,2
ALKALI.NS,SELL,67.23,downtrend,16.99,-3.96,75.39,82.17,75.15,3.11,4.62,,,73.44,51.7,2.5,ELEVATED,86,0,3
PARTYCRUS.NS,HOLD,85.75,weak_trend,45.55,-0.9,87.57,90.94,85.6,1.51,1.77,,,83.48,88.78,1.33,LOW,40,0,3
BAWEJA.NS,SELL,26.05,downtrend,35.5,-0.67,27.91,28.78,33.45,1.38,5.31,,,28.81,19.14,2.5,ELEVATED,77,0,3
AKI.NS,HOLD,4.48,weak_trend,42.15,-0.11,4.38,4.64,5.78,0.33,7.4,,,3.98,5.14,1.33,ELEVATED,40,0,3
AJOONI.NS,SELL,3.86,downtrend,29.27,0.01,4.0,3.88,4.3,0.16,4.05,,,4.17,3.08,2.5,ELEVATED,80,0,3
ANMOL.NS,HOLD,10.33,weak_trend,42.51,-0.26,10.33,10.92,12.3,0.45,4.32,,,9.66,11.22,1.33,ELEVATED,40,0,3
BANKA.NS,HOLD,86.31,weak_trend,44.79,-0.73,89.39,90.36,74.42,3.97,4.6,,,80.35,94.25,1.33,ELEVATED,40,1,2
NAGREEKEXP.NS,HOLD,22.67,weak_trend,39.81,-0.73,22.93,25.03,25.72,1.5,6.62,,,20.42,25.67,1.33,ELEVATED,40,1,2
DELTAMAGNT.NS,HOLD,58.59,weak_trend,49.94,-0.49,58.11,59.6,63.49,3.56,6.08,,,53.25,65.71,1.33,ELEVATED,40,0,3
HGM.NS,HOLD,48.22,weak_trend,48.16,-0.69,49.56,52.12,59.18,3.84,7.97,,,42.45,55.91,1.33,ELEVATED,40,0,3
CEREBRAINT.NS,SELL,2.81,downtrend,26.67,-0.12,2.99,3.3,5.15,0.16,5.54,,,3.12,2.03,2.5,ELEVATED,81,1,2
CTE.NS,HOLD,37.66,weak_trend,72.16,1.81,33.25,32.21,35.24,2.52,6.69,,,33.88,42.7,1.33,ELEVATED,40,1,2
SUVIDHAA.NS,SELL,2.59,downtrend,53.7,-0.02,2.54,2.62,3.1,0.15,5.71,,,2.89,1.85,2.5,ELEVATED,68,2,1
ORIENTLTD.NS,HOLD,77.2,weak_trend,56.15,2.4,77.88,70.69,70.3,5.83,7.55,,,68.46,88.86,1.33,ELEVATED,40,0,3
ARISTO.NS,SELL,109.3,downtrend,0.86,2.03,109.0,102.29,106.5,0.41,0.38,,,110.13,107.23,2.5,LOW,94,1,2
SRIVASAVI.NS,HOLD,90.0,weak_trend,58.1,3.34,85.88,72.69,56.89,2.71,3.01,,,85.94,95.41,1.33,NORMAL,40,1,2
NARMADA.NS,SELL,13.89,downtrend,18.75,-0.95,17.09,18.02,15.42,1.54,11.09,,,16.97,6.19,2.5,ELEVATED,85,0,3
ONDOOR.NS,HOLD,252.0,weak_trend,59.97,15.63,238.81,208.8,156.93,19.1,7.58,,,223.34,290.21,1.33,ELEVATED,40,1,2
PULZ.NS,HOLD,25.9,weak_trend,78.43,0.4,24.11,24.18,27.47,0.44,1.7,,,25.24,26.78,1.33,LOW,40,0,3
TFL.NS,SELL,11.6,downtrend,68.02,-0.06,11.1,11.68,12.99,0.61,5.23,,,12.81,8.57,2.5,ELEVATED,60,1,2
AGRITECH.NS,SELL,111.4,downtrend,54.92,-0.84,111.06,114.6,123.45,4.24,3.8,,,119.88,90.21,2.5,NORMAL,67,2,1
ARABIAN.NS,HOLD,89.65,weak_trend,86.36,3.8,71.67,69.4,70.75,2.54,2.83,,,85.84,94.73,1.33,NORMAL,40,2,1
BLBLIMITED.NS,HOLD,15.95,weak_trend,47.04,-0.06,15.78,16.0,15.88,0.74,4.62,,,14.85,17.42,1.33,ELEVATED,40,1,2
BLUECOAST.NS,HOLD,25.06,weak_trend,32.87,-0.93,26.4,27.99,31.06,1.66,6.61,,,22.57,28.37,1.33,ELEVATED,40,0,3
BANARBEADS.NS,SELL,113.86,downtrend,42.66,1.37,116.11,108.51,117.87,6.21,5.45,,,126.28,82.81,2.5,ELEVATED,73,0,3
AGROPHOS.NS,SELL,28.4,downtrend,35.46,-0.5,29.17,30.06,34.37,1.2,4.21,,,30.79,22.42,2.5,ELEVATED,77,0,3
DAMODARIND.NS,HOLD,28.49,weak_trend,42.13,-0.58,28.89,30.08,29.05,1.01,3.55,,,26.97,30.51,1.33,NORMAL,40,1,2
K2INFRA.NS,SELL,53.75,downtrend,35.9,-1.69,56.39,58.76,58.05,2.4,4.46,,,58.54,41.77,2.5,ELEVATED,77,0,3
NOIDATOLL.NS,HOLD,4.36,weak_trend,38.6,-0.1,4.5,4.73,4.28,0.25,5.77,,,3.98,4.86,1.33,ELEVATED,40,1,2
3PLAND.NS,SELL,32.12,downtrend,57.0,-0.08,31.96,32.09,34.92,1.27,3.97,,,34.67,25.75,2.5,NORMAL,66,1,2
AMEYA.NS,HOLD,104.3,weak_trend,28.29,-1.23,108.82,108.34,103.4,2.31,2.22,,,100.83,108.92,1.33,NORMAL,40,0,3
SECURKLOUD.NS,HOLD,19.42,weak_trend,71.96,-0.08,18.08,18.78,21.75,0.96,4.92,,,17.99,21.33,1.33,ELEVATED,40,1,2
ROML.NS,HOLD,44.81,weak_trend,47.86,-0.18,44.81,45.48,46.51,1.3,2.9,,,42.86,47.41,1.33,NORMAL,40,0,3
PARASPETRO.NS,HOLD,2.59,weak_trend,78.1,0.15,2.25,2.11,2.13,0.16,6.04,,,2.36,2.9,1.33,ELEVATED,40,1,2
MARCO.NS,SELL,33.5,downtrend,53.02,-0.1,32.2,31.86,35.52,1.06,3.18,,,35.63,28.18,2.5,NORMAL,68,2,1
AHLADA.NS,HOLD,38.2,weak_trend,47.13,-0.46,37.67,38.95,45.77,1.52,3.99,,,35.91,41.25,1.33,NORMAL,40,0,3
HOMESFY.NS,SELL,119.05,downtrend,25.95,1.01,120.71,114.51,148.88,1.15,0.96,,,121.34,113.32,2.5,LOW,82,0,3
TPHQ.NS,HOLD,0.41,weak_trend,45.45,-0.01,0.42,0.46,0.55,0.02,5.57,,,0.38,0.46,1.33,ELEVATED,40,0,3
ATLASCYCLE.NS,HOLD,99.72,weak_trend,46.56,-0.01,98.03,98.51,97.67,3.2,3.2,,,94.93,106.11,1.33,NORMAL,40,2,1
SHEKHAWATI.NS,SELL,13.7,downtrend,59.96,0.0,12.9,13.7,15.55,0.91,6.65,,,15.52,9.15,2.5,ELEVATED,65,1,2
ORIENTALTL.NS,SELL,5.16,downtrend,20.45,-0.18,5.31,5.78,7.1,0.2,3.82,,,5.55,4.17,2.5,NORMAL,84,1,2
FMNL.NS,HOLD,9.35,weak_trend,49.58,-0.2,9.46,10.09,9.47,0.5,5.4,,,8.59,10.36,1.33,ELEVATED,40,0,3
SAIFL.NS,HOLD,5.0,weak_trend,33.33,-0.09,5.07,5.19,9.6,0.12,2.43,,,4.82,5.24,1.33,NORMAL,40,0,3
SYNOPTICS.NS,HOLD,71.0,weak_trend,19.77,0.65,75.4,69.9,61.82,0.94,1.32,,,69.59,72.88,1.33,LOW,40,1,2
NORBTEAEXP.NS,SELL,64.23,downtrend,36.36,-1.69,67.86,71.51,77.14,3.83,5.96,,,71.88,45.09,2.5,ELEVATED,76,1,2
BANG.NS,SELL,30.01,downtrend,59.26,-0.21,29.16,31.29,40.76,1.32,4.41,,,32.65,23.4,2.5,ELEVATED,65,1,2
BIRDYS.NS,SELL,88.5,downtrend,0.0,-2.64,90.18,98.36,117.99,0.26,0.29,,,89.01,87.21,2.5,LOW,95,1,2
FLEXITUFF.NS,SELL,3.69,downtrend,11.83,-0.51,4.56,5.63,9.8,0.24,6.56,,,4.17,2.48,2.5,ELEVATED,89,0,3
LRRPL.NS,HOLD,84.6,weak_trend,38.04,-0.38,89.49,88.77,78.32,3.14,3.71,,,79.89,90.88,1.33,NORMAL,40,1,2
ANSALAPI.NS,HOLD,3.55,weak_trend,97.37,0.14,3.08,3.13,3.48,0.06,1.79,,,3.45,3.68,1.33,LOW,40,1,2
GATECH.NS,HOLD,0.66,weak_trend,68.63,0.05,0.54,0.52,0.53,0.05,7.9,,,0.58,0.76,1.33,ELEVATED,40,2,1
BALKRISHNA.NS,SELL,17.37,downtrend,46.23,-0.2,17.68,18.11,18.34,1.02,5.88,,,19.41,12.26,2.5,ELEVATED,71,1,2
SWASTIK.NS,SELL,19.25,downtrend,60.44,0.54,18.43,18.78,21.43,0.4,2.08,,,20.05,17.25,2.5,NORMAL,64,1,2
NIBL.NS,HOLD,34.72,weak_trend,49.11,0.87,35.08,32.3,31.01,2.12,6.12,,,31.53,38.97,1.33,ELEVATED,40,0,3
JAIPURKURT.NS,SELL,27.58,downtrend,57.1,-0.34,27.24,28.13,31.68,1.68,6.09,,,30.94,19.18,2.5,ELEVATED,66,1,2
VERTEXPLUS.NS,SELL,46.0,downtrend,4.0,-1.02,47.26,49.2,88.19,0.24,0.53,,,46.49,44.79,2.5,LOW,93,1,2
CELEBRITY.NS,HOLD,6.99,weak_trend,42.57,-0.13,7.12,7.44,8.18,0.45,6.39,,,6.32,7.88,1.33,ELEVATED,40,0,3
GRAPHISAD.NS,SELL,28.5,downtrend,54.63,-0.02,28.63,28.98,35.78,1.25,4.39,,,31.0,22.25,2.5,ELEVATED,67,1,2
RILINFRA.NS,HOLD,37.75,weak_trend,48.09,-0.13,38.67,38.57,36.01,1.68,4.44,,,35.24,41.1,1.33,ELEVATED,40,0,3
DURLAX.NS,HOLD,56.85,weak_trend,76.26,1.63,51.88,50.96,46.09,2.94,5.18,,,52.44,62.74,1.33,ELEVATED,40,2,1
JETFREIGHT.NS,HOLD,23.05,weak_trend,47.2,0.13,23.11,22.29,18.74,1.43,6.22,,,20.9,25.92,1.33,ELEVATED,40,0,3
SERVICE.NS,SELL,61.0,downtrend,39.06,1.85,60.34,54.61,50.45,1.14,1.87,,,63.29,55.29,2.5,LOW,75,1,2
GSS.NS,SELL,14.01,downtrend,67.04,0.28,12.75,12.84,15.29,0.73,5.22,,,15.47,10.35,2.5,ELEVATED,61,1,2
BIOFILCHEM.NS,HOLD,32.39,weak_trend,44.11,-0.44,32.93,34.22,34.14,1.32,4.07,,,30.41,35.03,1.33,ELEVATED,40,0,3
DHANLAXMI.NS,SELL,25.5,downtrend,64.05,-0.26,25.05,27.03,29.83,1.13,4.44,,,27.76,19.84,2.5,ELEVATED,62,2,1
ARCHIES.NS,SELL,14.06,downtrend,51.13,-0.02,14.05,14.14,15.99,0.57,4.07,,,15.2,11.2,2.5,ELEVATED,69,1,2
GAYAHWS.NS,SELL,1.98,downtrend,61.76,-0.01,1.94,2.05,2.52,0.15,7.83,,,2.29,1.21,2.5,ELEVATED,64,1,2
DANGEE.NS,HOLD,2.95,weak_trend,33.33,-0.06,3.03,3.14,3.39,0.12,4.09,,,2.77,3.19,1.33,ELEVATED,40,0,3
KARMAENG.NS,SELL,41.21,downtrend,68.74,-0.39,38.41,40.38,45.64,2.36,5.72,,,45.92,29.42,2.5,ELEVATED,60,2,1
TNTELE.NS,HOLD,9.03,weak_trend,50.32,-0.04,9.08,9.13,9.69,0.46,5.08,,,8.34,9.95,1.33,ELEVATED,40,1,2
MALUPAPER.NS,SELL,32.68,downtrend,62.7,0.45,32.4,31.94,33.52,2.6,7.97,,,37.89,19.66,2.5,ELEVATED,63,1,2
BLUEPEBBLE.NS,SELL,76.5,downtrend,64.07,-1.44,70.26,76.05,114.59,2.78,3.63,,,82.06,62.61,2.5,NORMAL,62,2,1
RKDL.NS,SELL,19.47,downtrend,53.21,0.03,19.22,19.12,21.3,0.69,3.53,,,20.84,16.04,2.5,NORMAL,68,2,1
ICDSLTD.NS,SELL,42.02,downtrend,60.95,0.16,40.56,41.56,43.81,2.44,5.8,,,46.9,29.83,2.5,ELEVATED,64,1,2
PALREDTEC.NS,BUY,48.9,uptrend,51.33,-1.35,47.74,50.86,43.19,2.26,4.63,47.92,49.88,44.37,60.21,2.5,ELEVATED,70,3,0
AGSTRA.NS,SELL,2.04,downtrend,25.71,-0.11,2.18,2.48,3.3,0.05,2.35,,,2.14,1.8,2.5,NORMAL,82,1,2
MANUGRAPH.NS,HOLD,16.14,weak_trend,59.91,0.18,14.7,15.23,15.51,0.93,5.78,,,14.74,18.01,1.33,ELEVATED,40,2,1
LFIC.NS,SELL,139.52,downtrend,41.3,-0.92,142.21,144.11,153.41,5.2,3.73,,,149.92,113.52,2.5,NORMAL,74,0,3
GOLDENTOBC.NS,SELL,24.59,downtrend,40.74,-0.3,25.08,25.37,28.7,1.42,5.79,,,27.44,17.48,2.5,ELEVATED,74,0,3
PRESSTONIC.NS,HOLD,34.35,weak_trend,87.98,0.68,26.92,28.57,46.32,1.74,5.06,,,31.74,37.83,1.33,ELEVATED,40,1,2
CADSYS.NS,SELL,53.45,downtrend,0.0,-3.34,60.4,65.87,55.95,1.07,2.01,,,55.6,48.08,2.5,NORMAL,95,0,3
VINNY.NS,SELL,1.07,downtrend,57.14,-0.01,1.06,1.1,1.16,0.04,3.6,,,1.15,0.88,2.5,NORMAL,66,1,2
SHIVAMILLS.NS,BUY,65.49,uptrend,67.27,0.4,61.16,62.08,60.09,3.09,4.71,64.18,66.8,59.32,80.92,2.5,ELEVATED,78,3,0
UWCSL.NS,SELL,95.0,downtrend,45.45,-0.86,98.24,99.33,101.88,1.06,1.12,,,97.12,89.7,2.5,LOW,72,0,3
LEXUS.NS,HOLD,15.09,weak_trend,37.46,-0.13,14.87,15.18,23.92,0.72,4.77,,,14.01,16.53,1.33,ELEVATED,40,1,2
BABAFP.NS,SELL,25.0,downtrend,62.82,0.2,24.33,24.43,27.66,0.48,1.93,,,25.96,22.59,2.5,LOW,63,1,2
HBSL.NS,SELL,56.54,downtrend,67.88,1.16,50.45,51.73,62.79,3.14,5.54,,,62.81,40.86,2.5,ELEVATED,61,2,1
BMETRICS.NS,HOLD,38.5,weak_trend,73.33,0.51,36.75,36.48,40.51,0.81,2.1,,,37.29,40.11,1.33,NORMAL,40,0,3
ADROITINFO.NS,HOLD,9.92,weak_trend,67.88,0.23,9.4,9.22,9.77,0.59,5.95,,,9.03,11.1,1.33,ELEVATED,40,2,1
AUROIMPEX.NS,SELL,26.5,downtrend,61.76,-0.11,25.77,26.67,33.54,0.48,1.82,,,27.46,24.09,2.5,LOW,64,2,1
TARAPUR.NS,SELL,13.21,downtrend,26.74,-1.23,16.69,18.02,25.73,1.06,8.04,,,15.33,7.9,2.5,ELEVATED,81,1,2
RCDL.NS,HOLD,29.9,weak_trend,64.12,1.65,27.6,26.87,23.69,1.81,6.07,,,27.18,33.53,1.33,ELEVATED,40,2,1
SEL.NS,HOLD,221.9,weak_trend,45.76,7.3,243.97,210.64,204.62,16.35,7.37,,,197.38,254.59,1.33,ELEVATED,40,0,3
LCCINFOTEC.NS,SELL,3.78,downtrend,18.05,-0.17,4.33,4.48,4.67,0.3,7.84,,,4.37,2.3,2.5,ELEVATED,85,1,2
MCON.NS,SELL,42.5,downtrend,39.58,-0.63,43.84,45.23,52.67,1.01,2.37,,,44.51,37.46,2.5,NORMAL,75,0,3
ASTRON.NS,HOLD,3.74,weak_trend,50.0,-0.04,3.84,3.87,5.09,0.23,6.17,,,3.39,4.2,1.33,ELEVATED,40,0,3
KHAITANLTD.NS,HOLD,156.24,weak_trend,74.46,5.87,135.5,133.06,114.61,8.49,5.44,,,143.5,173.22,1.33,ELEVATED,40,1,2
AROGRANITE.NS,SELL,25.33,downtrend,52.64,0.04,25.34,25.36,27.92,1.31,5.19,,,27.96,18.76,2.5,ELEVATED,68,1,2
SIMBHALS.NS,SELL,7.07,downtrend,54.84,-0.02,6.89,6.92,8.8,0.36,5.16,,,7.8,5.25,2.5,ELEVATED,67,1,2
HYBRIDFIN.NS,SELL,17.73,downtrend,47.11,-0.36,18.26,18.78,19.79,1.03,5.81,,,19.79,12.58,2.5,ELEVATED,71,0,3
VISHWAS.NS,SELL,40.15,downtrend,0.0,-2.09,44.95,47.78,44.55,0.88,2.19,,,41.91,35.76,2.5,NORMAL,95,0,3
QUICKTOUCH.NS,HOLD,22.5,weak_trend,43.81,-0.51,22.76,23.84,31.12,0.55,2.43,,,21.68,23.59,1.33,NORMAL,40,0,3
21STCENMGM.NS,HOLD,43.58,weak_trend,100.0,2.65,37.41,34.48,37.94,1.0,2.29,,,42.08,45.57,1.33,NORMAL,40,1,2
DKEGL.NS,SELL,66.05,downtrend,42.8,-0.47,66.83,66.83,71.48,1.75,2.65,,,69.56,57.28,2.5,NORMAL,73,0,3
DNAMEDIA.NS,SELL,2.75,downtrend,47.27,-0.01,2.82,2.85,3.39,0.21,7.48,,,3.16,1.72,2.5,ELEVATED,71,0,3
LASA.NS,SELL,7.99,downtrend,69.03,0.04,7.2,7.39,8.53,0.42,5.26,,,8.83,5.89,2.5,ELEVATED,60,1,2
PENTAGON.NS,HOLD,50.7,weak_trend,34.76,-0.67,53.68,55.42,66.93,1.55,3.06,,,48.37,53.81,1.33,NORMAL,40,1,2
RULKA.NS,HOLD,110.0,weak_trend,47.37,3.08,110.2,99.57,102.41,6.06,5.51,,,100.91,122.11,1.33,ELEVATED,40,0,3
UCL.NS,HOLD,218.95,weak_trend,98.54,10.43,193.81,180.93,100.39,4.57,2.09,,,212.1,228.09,1.33,NORMAL,40,1,2
SUPERSPIN.NS,HOLD,6.24,weak_trend,83.78,0.29,5.69,5.41,6.63,0.11,1.75,,,6.08,6.46,1.33,LOW,40,0,3
COUNCODOS.NS,HOLD,6.19,weak_trend,35.66,0.15,6.38,5.5,5.44,0.42,6.83,,,5.56,7.04,1.33,ELEVATED,40,0,3
WEWIN.NS,SELL,47.0,downtrend,56.25,-0.87,46.0,48.9,48.64,1.88,3.99,,,50.75,37.62,2.5,NORMAL,66,2,1
MADHUCON.NS,SELL,5.29,downtrend,53.29,-0.15,5.33,5.65,5.58,0.3,5.67,,,5.89,3.79,2.5,ELEVATED,68,1,2
AGNI.NS,HOLD,17.1,weak_trend,38.67,-0.27,17.3,17.78,20.22,0.39,2.3,,,16.51,17.89,1.33,NORMAL,40,0,3
MASKINVEST.NS,HOLD,157.0,weak_trend,62.87,-0.17,151.14,152.05,151.95,4.77,3.04,,,149.84,166.54,1.33,NORMAL,40,2,1
ITALIANE.NS,SELL,31.75,downtrend,32.62,-1.06,32.89,34.24,34.03,1.26,3.96,,,34.26,25.46,2.5,NORMAL,78,0,3
ARSHIYA.NS,HOLD,0.96,weak_trend,46.67,-0.03,0.98,1.05,1.3,0.05,5.36,,,0.88,1.06,1.33,ELEVATED,40,1,2
MOXSH.NS,HOLD,106.0,weak_trend,56.38,-2.09,105.36,110.86,104.75,2.15,2.03,,,102.77,110.31,1.33,NORMAL,40,2,1
SEYAIND.NS,HOLD,12.53,weak_trend,47.27,-0.17,12.58,13.07,15.2,0.41,3.29,,,11.91,13.36,1.33,NORMAL,40,0,3
PEARLPOLY.NS,SELL,16.89,downtrend,42.3,-0.39,17.21,18.03,20.2,0.99,5.84,,,18.86,11.96,2.5,ELEVATED,73,1,2
SVPGLOB.NS,HOLD,3.9,weak_trend,47.5,-0.01,3.84,3.89,3.66,0.24,6.26,,,3.53,4.39,1.33,ELEVATED,40,2,1
MILTON.NS,SELL,33.9,downtrend,27.74,-1.75,34.95,37.91,39.44,0.72,2.12,,,35.34,30.31,2.5,NORMAL,81,0,3
SAGARDEEP.NS,SELL,24.86,downtrend,62.53,0.05,24.48,24.78,25.24,1.29,5.19,,,27.44,18.41,2.5,ELEVATED,63,1,2
PROLIFE.NS,BUY,78.65,uptrend,66.37,0.76,74.72,71.68,71.13,0.8,1.01,77.08,80.22,77.06,82.63,2.5,LOW,78,3,0
GANGAFORGE.NS,SELL,2.11,downtrend,63.01,-0.05,1.88,2.13,2.84,0.1,4.57,,,2.3,1.63,2.5,ELEVATED,63,2,1
NGIL.NS,HOLD,39.04,weak_trend,46.57,-0.03,39.32,39.46,32.22,2.29,5.87,,,35.6,43.62,1.33,ELEVATED,40,0,3
UMA.NS,SELL,14.85,downtrend,15.0,-0.78,15.69,17.33,19.08,0.39,2.6,,,15.62,12.92,2.5,NORMAL,87,1,2
ADL.NS,HOLD,70.76,weak_trend,47.75,0.34,71.42,70.86,73.74,4.54,6.42,,,63.95,79.84,1.33,ELEVATED,40,0,3
ABMINTLLTD.NS,SELL,41.61,downtrend,46.11,0.11,42.31,41.95,43.86,3.95,9.49,,,49.51,21.87,2.5,ELEVATED,71,0,3
AKASH.NS,SELL,26.32,downtrend,31.8,-0.13,26.81,26.83,26.32,0.93,3.52,,,28.17,21.69,2.5,NORMAL,79,0,3
AATMAJ.NS,SELL,18.8,downtrend,56.04,0.02,18.76,19.22,20.48,0.44,2.32,,,19.67,16.62,2.5,NORMAL,66,2,1
HRHNEXT.NS,SELL,25.65,downtrend,28.29,-0.14,27.29,27.13,28.94,0.54,2.12,,,26.74,22.94,2.5,NORMAL,80,1,2
PRECISION.NS,HOLD,8.5,weak_trend,71.83,0.25,7.42,7.35,10.18,0.45,5.34,,,7.82,9.41,1.33,ELEVATED,40,0,3
DEEM.NS,HOLD,46.6,weak_trend,10.36,-1.23,51.19,51.42,45.05,1.1,2.37,,,44.94,48.81,1.33,NORMAL,40,1,2
AMBICAAGAR.NS,HOLD,24.89,weak_trend,54.65,0.04,24.81,24.73,24.59,0.85,3.41,,,23.62,26.59,1.33,NORMAL,40,2,1
MOHITIND.NS,HOLD,27.3,weak_trend,75.0,0.7,23.52,23.41,25.56,1.87,6.84,,,24.5,31.04,1.33,ELEVATED,40,2,1
JFLLIFE.NS,HOLD,13.65,weak_trend,73.04,0.94,11.82,10.52,10.87,0.66,4.81,,,12.66,14.96,1.33,ELEVATED,40,1,2
KONTOR.NS,SELL,55.05,downtrend,0.0,-1.39,58.42,59.81,66.98,0.33,0.6,,,55.71,53.41,2.5,LOW,95,0,3
VIJIFIN.NS,HOLD,11.25,weak_trend,100.0,1.18,9.42,6.85,3.91,0.19,1.7,,,10.96,11.63,1.33,LOW,40,2,1
SIGNORIA.NS,HOLD,166.5,weak_trend,95.97,12.64,144.58,112.31,85.35,3.65,2.19,,,161.02,173.8,1.33,NORMAL,40,2,1
AKSHAR.NS,HOLD,0.41,weak_trend,46.15,-0.01,0.42,0.43,0.48,0.02,5.57,,,0.38,0.46,1.33,ELEVATED,40,1,2
KEEPLEARN.NS,SELL,1.95,downtrend,58.73,0.01,1.89,1.94,2.16,0.19,9.93,,,2.34,0.98,2.5,ELEVATED,65,1,2
RADIOWALLA.NS,SELL,26.55,downtrend,25.64,0.05,27.88,27.12,43.4,0.54,2.03,,,27.63,23.85,2.5,NORMAL,82,0,3
JETKNIT.NS,SELL,59.35,downtrend,0.0,-3.64,63.46,74.46,87.93,0.22,0.37,,,59.79,58.24,2.5,LOW,95,2,1
PNC.NS,SELL,19.92,downtrend,55.0,-0.23,19.82,20.57,23.37,1.18,5.92,,,22.28,14.02,2.5,ELEVATED,67,1,2
NEXTMEDIA.NS,SELL,3.95,downtrend,51.52,-0.01,3.93,3.95,5.04,0.21,5.3,,,4.37,2.9,2.5,ELEVATED,69,1,2
ASHOKAMET.NS,HOLD,14.23,weak_trend,44.0,-0.2,14.29,14.81,15.25,0.43,3.02,,,13.58,15.09,1.33,NORMAL,40,0,3
BOHRAIND.NS,SELL,13.85,downtrend,56.37,-0.02,13.84,14.94,17.74,1.06,7.66,,,15.97,8.55,2.5,ELEVATED,66,2,1
TIMESCAN.NS,SELL,42.0,downtrend,57.09,-0.11,41.1,41.32,46.51,0.95,2.26,,,43.9,37.25,2.5,NORMAL,66,1,2
NKIND.NS,SELL,60.95,downtrend,50.27,-0.43,61.55,62.6,65.0,4.8,7.87,,,70.54,36.97,2.5,ELEVATED,69,2,1
AKG.NS,SELL,8.7,downtrend,36.48,-0.43,9.81,10.47,11.79,0.9,10.35,,,10.5,4.2,2.5,ELEVATED,76,0,3
AGARWALFT.NS,SELL,36.85,downtrend,0.0,-0.34,38.74,36.58,37.64,0.44,1.19,,,37.73,34.65,2.5,LOW,95,0,3
LAXMICOT.NS,HOLD,14.79,weak_trend,48.81,-0.06,14.6,14.65,16.32,0.84,5.67,,,13.53,16.47,1.33,ELEVATED,40,0,3
SITINET.NS,SELL,0.3,downtrend,25.0,-0.01,0.31,0.33,0.36,0.01,4.76,,,0.33,0.23,2.5,ELEVATED,82,1,2
MEDIORG.NS,SELL,25.65,downtrend,58.41,1.02,25.34,23.69,25.84,1.32,5.17,,,28.3,19.02,2.5,ELEVATED,65,1,2
MADHAV.NS,HOLD,34.34,weak_trend,49.71,-0.37,34.64,36.02,38.01,1.77,5.16,,,31.68,37.88,1.33,ELEVATED,40,0,3
TRIDHYA.NS,SELL,9.5,downtrend,25.0,-0.21,10.31,10.44,12.22,0.18,1.88,,,9.86,8.61,2.5,LOW,82,1,2
MONOPHARMA.NS,SELL,7.85,downtrend,3.23,-0.66,9.99,10.72,13.56,0.23,2.87,,,8.3,6.72,2.5,NORMAL,93,1,2
SGL.NS,SELL,10.19,downtrend,58.9,-0.09,9.97,10.28,11.78,0.43,4.21,,,11.05,8.05,2.5,ELEVATED,65,2,1
KRIDHANINF.NS,SELL,2.29,downtrend,26.53,-0.13,2.44,2.71,3.2,0.13,5.49,,,2.54,1.66,2.5,ELEVATED,81,0,3
KANANIIND.NS,SELL,1.51,downtrend,60.0,-0.01,1.51,1.53,1.6,0.06,3.88,,,1.63,1.22,2.5,NORMAL,65,1,2
KKVAPOW.NS,SELL,451.4,downtrend,0.0,-22.63,493.75,542.92,597.98,3.43,0.76,,,458.25,434.27,2.5,LOW,95,0,3
NEUEON.NS,HOLD,14.84,weak_trend,48.72,-0.61,14.9,17.7,13.32,0.32,2.14,,,14.36,15.47,1.33,NORMAL,40,0,3
VINEETLAB.NS,HOLD,36.99,weak_trend,47.08,0.97,37.84,35.5,35.94,2.04,5.52,,,33.92,41.08,1.33,ELEVATED,40,0,3
SATIPOLY.NS,BUY,48.0,uptrend,66.51,2.64,40.32,36.81,47.68,1.91,3.97,47.04,48.96,44.19,57.54,2.5,NORMAL,78,3,0
TAPIFRUIT.NS,HOLD,50.0,weak_trend,100.0,0.08,49.31,49.62,63.98,0.16,0.33,,,49.75,50.33,1.33,LOW,40,0,3
WILLAMAGOR.NS,SELL,26.41,downtrend,52.89,-0.18,25.71,26.25,28.29,1.42,5.36,,,29.24,19.33,2.5,ELEVATED,68,1,2
TECILCHEM.NS,HOLD,9.19,weak_trend,39.46,-0.23,9.74,10.4,14.39,0.95,10.35,,,7.76,11.09,1.33,ELEVATED,40,0,3
MEP.NS,HOLD,0.57,weak_trend,42.86,-0.04,0.56,0.69,1.32,0.02,2.63,,,0.55,0.6,1.33,NORMAL,40,0,3
KHANDSE.NS,HOLD,17.4,weak_trend,49.9,-0.06,17.37,17.78,18.79,1.06,6.11,,,15.81,19.53,1.33,ELEVATED,40,0,3
NAGREEKCAP.NS,HOLD,22.46,weak_trend,45.08,-0.61,23.18,25.08,27.07,1.25,5.58,,,20.58,24.97,1.33,ELEVATED,40,1,2
KAUSHALYA.NS,HOLD,943.7,weak_trend,73.44,-1.31,918.66,914.52,893.4,35.65,3.78,,,890.22,1015.01,1.33,NORMAL,40,1,2
INFOMEDIA.NS,SELL,5.31,downtrend,21.0,-0.09,5.52,5.62,5.95,0.35,6.54,,,6.0,3.57,2.5,ELEVATED,84,0,3
BILVYAPAR.NS,HOLD,4.08,weak_trend,41.67,-0.07,4.08,4.17,6.48,0.24,5.86,,,3.72,4.56,1.33,ELEVATED,40,0,3
VILINBIO.NS,HOLD,44.05,weak_trend,49.17,-0.46,42.88,44.76,34.92,2.04,4.64,,,40.99,48.14,1.33,ELEVATED,40,1,2
MITTAL.NS,HOLD,0.9,weak_trend,40.0,-0.01,0.92,0.96,1.06,0.04,4.05,,,0.85,0.97,1.33,ELEVATED,40,0,3
AGUL.NS,SELL,56.45,downtrend,58.31,0.4,58.37,60.51,65.76,1.92,3.4,,,60.29,46.84,2.5,NORMAL,65,1,2
VERA.NS,HOLD,78.25,weak_trend,100.0,2.87,73.38,70.34,69.77,0.9,1.15,,,76.89,80.06,1.33,LOW,40,1,2
SKIL.NS,SELL,0.94,downtrend,66.67,0.01,0.92,0.93,1.07,0.01,0.91,,,0.96,0.9,2.5,LOW,61,1,2
CELLPOINT.NS,HOLD,16.15,weak_trend,53.46,0.47,17.67,16.38,16.35,1.14,7.03,,,14.45,18.42,1.33,ELEVATED,40,0,3
ROLLT.NS,HOLD,3.11,weak_trend,91.74,0.1,2.38,2.58,1.7,0.15,4.75,,,2.89,3.41,1.33,ELEVATED,40,2,1
TGBHOTELS.NS,SELL,9.3,downtrend,61.19,0.11,9.07,9.03,9.56,0.8,8.63,,,10.91,5.29,2.5,ELEVATED,64,1,2
ASPIRE.NS,SELL,14.75,downtrend,61.68,0.17,14.3,14.37,15.52,0.55,3.73,,,15.85,12.0,2.5,NORMAL,64,1,2
SHRENIK.NS,SELL,0.33,downtrend,20.0,-0.01,0.34,0.36,0.42,0.01,4.33,,,0.36,0.26,2.5,ELEVATED,85,2,1
VSCL.NS,HOLD,25.3,weak_trend,0.0,-0.62,28.34,28.25,23.55,0.26,1.04,,,24.9,25.83,1.33,LOW,40,0,3
TREEHOUSE.NS,SELL,6.3,downtrend,58.26,-0.09,6.29,6.61,7.64,0.25,3.92,,,6.79,5.06,2.5,NORMAL,65,1,2
LIBAS.NS,HOLD,9.78,weak_trend,33.13,-0.38,10.22,11.12,11.1,0.58,5.9,,,8.91,10.93,1.33,ELEVATED,40,0,3
DIL.NS,SELL,0.77,downtrend,20.0,-0.03,0.8,0.88,1.29,0.01,1.21,,,0.79,0.72,2.5,LOW,85,1,2
FLFL.NS,SELL,1.19,downtrend,32.43,-0.04,1.28,1.33,1.38,0.07,5.94,,,1.33,0.84,2.5,ELEVATED,78,0,3
YUDIZ.NS,SELL,26.2,downtrend,59.02,0.47,24.83,25.3,27.84,1.0,3.82,,,28.2,21.2,2.5,NORMAL,65,2,1
MICROPRO.NS,SELL,18.15,downtrend,26.79,-0.35,19.13,19.26,19.61,0.42,2.32,,,18.99,16.04,2.5,NORMAL,81,0,3
CONTI.NS,HOLD,11.6,weak_trend,79.07,-0.08,11.02,11.83,16.78,0.23,1.97,,,11.26,12.06,1.33,LOW,40,0,3
HAVISHA.NS,HOLD,1.46,weak_trend,78.05,0.04,1.27,1.3,1.59,0.1,6.7,,,1.31,1.66,1.33,ELEVATED,40,0,3
MFML.NS,SELL,19.55,downtrend,62.46,-0.43,19.05,21.09,24.08,1.22,6.26,,,22.0,13.43,2.5,ELEVATED,63,2,1
MORARJEE.NS,HOLD,11.24,weak_trend,0.0,0.43,11.66,9.7,8.02,0.09,0.77,,,11.11,11.41,1.33,LOW,40,0,3
KSHITIJPOL.NS,SELL,2.8,downtrend,63.33,-0.25,2.8,4.1,3.1,0.17,6.15,,,3.14,1.94,2.5,ELEVATED,63,1,2
EASTSILK.NS,HOLD,63.0,weak_trend,79.52,2.91,54.53,52.37,65.5,3.69,5.85,,,57.47,70.38,1.33,ELEVATED,40,0,3
AILIMITED.NS,SELL,35.85,downtrend,37.17,-0.48,37.93,36.71,37.9,1.09,3.03,,,38.02,30.42,2.5,NORMAL,76,0,3
SPRL.NS,HOLD,101.95,weak_trend,47.23,-0.68,100.11,98.57,126.25,1.94,1.9,,,99.04,105.83,1.33,LOW,40,0,3
MANDEEP.NS,SELL,20.9,downtrend,58.06,0.03,19.64,19.4,21.37,0.42,2.0,,,21.74,18.81,2.5,NORMAL,65,2,1
CYBERMEDIA.NS,SELL,16.01,downtrend,55.82,-0.07,15.74,16.3,16.15,0.91,5.72,,,17.84,11.44,2.5,ELEVATED,67,2,1
MANAV.NS,SELL,23.45,downtrend,10.84,-3.53,28.04,34.29,33.73,0.72,3.09,,,24.9,19.83,2.5,NORMAL,89,0,3
SUPREMEENG.NS,HOLD,2.29,weak_trend,100.0,0.2,1.95,1.55,1.19,0.04,1.53,,,2.24,2.36,1.33,LOW,40,2,1
TVVISION.NS,SELL,4.13,downtrend,25.78,-0.19,4.7,4.99,5.92,0.27,6.42,,,4.66,2.81,2.5,ELEVATED,82,1,2
NIDAN.NS,SELL,13.45,downtrend,56.94,-0.09,13.24,13.54,16.13,0.39,2.92,,,14.24,11.49,2.5,NORMAL,66,1,2
ANKITMETAL.NS,SELL,1.59,downtrend,64.44,0.02,1.52,1.52,1.63,0.09,5.66,,,1.77,1.14,2.5,ELEVATED,62,1,2
SANGINITA.NS,HOLD,59.1,weak_trend,56.18,4.32,59.85,47.36,23.05,1.33,2.25,,,57.1,61.76,1.33,NORMAL,40,0,3
GUJRAFFIA.NS,SELL,39.71,downtrend,52.48,-0.11,39.62,40.48,45.37,1.76,4.44,,,43.24,30.89,2.5,ELEVATED,68,1,2
CALSOFT.NS,HOLD,22.01,weak_trend,38.13,-0.12,21.92,22.17,17.25,1.01,4.58,,,20.5,24.03,1.33,ELEVATED,40,1,2
GTECJAINX.NS,HOLD,31.54,weak_trend,75.19,0.72,28.21,28.64,23.14,1.11,3.52,,,29.87,33.76,1.33,NORMAL,40,2,1
ACEINTEG.NS,SELL,18.88,downtrend,37.86,-0.43,19.66,20.36,20.36,0.83,4.42,,,20.55,14.71,2.5,ELEVATED,76,0,3
RETAIL.NS,HOLD,16.27,weak_trend,45.5,-0.28,17.08,17.77,22.74,1.22,7.48,,,14.44,18.7,1.33,ELEVATED,40,1,2
FEL.NS,HOLD,0.37,weak_trend,40.0,-0.01,0.37,0.39,0.43,0.01,3.67,,,0.35,0.4,1.33,NORMAL,40,0,3
YCCL.NS,SELL,9.95,downtrend,54.35,-0.03,9.79,9.86,10.91,0.28,2.8,,,10.51,8.56,2.5,NORMAL,67,1,2
CMRSL.NS,HOLD,63.4,weak_trend,51.23,-1.15,63.82,66.34,70.75,2.36,3.72,,,59.86,68.11,1.33,NORMAL,40,0,3
SANWARIA.NS,HOLD,0.2,weak_trend,42.86,-0.0,0.2,0.21,0.24,0.01,6.43,,,0.18,0.23,1.33,ELEVATED,40,1,2
VCL.NS,HOLD,1.34,weak_trend,70.0,-0.01,1.12,1.25,1.6,0.06,4.53,,,1.25,1.46,1.33,ELEVATED,40,0,3
INSPIRE.NS,HOLD,9.05,weak_trend,73.53,0.09,8.92,9.02,10.91,0.18,2.01,,,8.78,9.41,1.33,NORMAL,40,0,3
VIVIDHA.NS,HOLD,0.53,weak_trend,46.67,-0.0,0.52,0.53,0.6,0.03,5.39,,,0.49,0.59,1.33,ELEVATED,40,0,3
DHTL.NS,SELL,33.85,downtrend,23.36,-1.61,36.14,39.2,58.89,0.74,2.17,,,35.32,30.17,2.5,NORMAL,83,1,2
HEADSUP.NS,SELL,6.99,downtrend,55.13,-0.0,6.86,6.99,8.06,0.45,6.39,,,7.88,4.76,2.5,ELEVATED,67,1,2
BLUECHIP.NS,SELL,1.66,downtrend,0.0,-0.15,1.91,2.19,2.63,0.04,2.15,,,1.73,1.48,2.5,NORMAL,95,1,2
SHANTHALA.NS,SELL,17.55,downtrend,17.22,-1.47,19.73,22.0,27.89,0.79,4.5,,,19.13,13.6,2.5,ELEVATED,86,0,3
MAKS.NS,SELL,17.2,downtrend,0.0,-1.32,18.48,22.0,27.43,0.09,0.52,,,17.38,16.75,2.5,LOW,95,2,1
MARINETRAN.NS,HOLD,14.8,weak_trend,93.33,0.1,14.27,14.41,17.13,0.05,0.36,,,14.72,14.91,1.33,LOW,40,0,3
NIRAJISPAT.NS,HOLD,216.0,weak_trend,79.89,4.36,200.56,203.56,222.89,6.06,2.81,,,206.9,228.13,1.33,NORMAL,40,1,2
SUNREST.NS,SELL,37.1,downtrend,59.91,0.47,35.48,34.79,38.94,1.26,3.38,,,39.61,30.82,2.5,NORMAL,65,2,1
QFIL.NS,HOLD,62.8,weak_trend,100.0,1.58,61.7,57.46,55.78,0.2,0.32,,,62.5,63.2,1.33,LOW,40,1,2
TIJARIA.NS,HOLD,5.09,weak_trend,62.78,0.14,4.59,4.49,4.96,0.42,8.24,,,4.46,5.93,1.33,ELEVATED,40,2,1
SILLYMONKS.NS,HOLD,16.35,weak_trend,48.45,-0.14,15.99,16.47,18.62,1.18,7.2,,,14.58,18.7,1.33,ELEVATED,40,1,2
RADAAN.NS,SELL,2.98,downtrend,51.82,0.03,3.03,3.04,3.16,0.25,8.44,,,3.48,1.72,2.5,ELEVATED,69,1,2
UNIINFO.NS,SELL,12.05,downtrend,42.33,0.03,12.27,11.95,13.82,0.63,5.23,,,13.31,8.9,2.5,ELEVATED,73,1,2
ISHAN.NS,HOLD,0.45,weak_trend,33.33,-0.03,0.48,0.55,0.68,0.03,5.56,,,0.41,0.5,1.33,ELEVATED,40,0,3
JIWANRAM.NS,SELL,4.95,downtrend,25.0,-0.13,5.03,5.31,5.69,0.04,0.87,,,5.04,4.74,2.5,LOW,82,2,1
VERITAAS.NS,SELL,33.3,downtrend,25.0,-1.52,36.04,39.17,50.62,0.44,1.33,,,34.19,31.09,2.5,LOW,82,1,2
UNIVAFOODS.NS,SELL,8.6,downtrend,0.0,-0.01,8.89,8.66,10.44,0.03,0.35,,,8.66,8.45,2.5,LOW,95,0,3
EDUCOMP.NS,HOLD,0.91,weak_trend,50.0,-0.01,0.91,0.95,1.07,0.01,1.26,,,0.89,0.93,1.33,LOW,40,0,3
SHUBHLAXMI.NS,SELL,18.95,downtrend,41.23,-1.4,20.35,23.2,25.93,0.61,3.2,,,20.16,15.91,2.5,NORMAL,74,0,3
ONELIFECAP.NS,HOLD,32.89,weak_trend,31.57,0.05,36.4,33.44,20.44,2.02,6.13,,,29.86,36.92,1.33,ELEVATED,40,1,2
WINNY.NS,SELL,30.6,downtrend,0.0,-2.36,34.02,37.75,52.94,0.36,1.17,,,31.31,28.81,2.5,LOW,95,0,3
GLFL.NS,HOLD,5.2,weak_trend,47.67,-0.12,5.49,5.95,6.05,0.27,5.11,,,4.8,5.73,1.33,ELEVATED,40,1,2
TCIFINANCE.NS,HOLD,15.16,weak_trend,44.26,-0.55,15.26,17.52,16.25,0.85,5.64,,,13.88,16.87,1.33,ELEVATED,40,1,2
GSTL.NS,HOLD,16.0,weak_trend,40.0,-0.51,16.59,17.81,19.45,0.93,5.83,,,14.6,17.86,1.33,ELEVATED,40,0,3
IMPEXFERRO.NS,HOLD,3.17,weak_trend,100.0,0.17,2.51,2.42,1.92,0.06,2.01,,,3.07,3.3,1.33,NORMAL,40,1,2
SAROJA.NS,SELL,28.0,downtrend,0.0,-0.77,29.9,31.64,35.08,0.23,0.82,,,28.46,26.86,2.5,LOW,95,1,2
COMPINFO.NS,HOLD,1.12,weak_trend,47.06,-0.03,1.15,1.24,1.44,0.07,6.63,,,1.01,1.27,1.33,ELEVATED,40,1,2
ANTGRAPHIC.NS,HOLD,0.74,weak_trend,44.44,-0.01,0.75,0.78,0.88,0.04,5.41,,,0.68,0.82,1.33,ELEVATED,40,0,3
PLADAINFO.NS,SELL,10.0,downtrend,0.0,-0.34,10.87,11.25,12.82,0.11,1.07,,,10.21,9.46,2.5,LOW,95,0,3
SHYAMTEL.NS,HOLD,15.54,weak_trend,49.89,-0.42,16.04,17.18,14.07,0.49,3.14,,,14.81,16.52,1.33,NORMAL,40,0,3
CREATIVEYE.NS,SELL,6.27,downtrend,55.46,-0.02,6.11,6.32,6.79,0.6,9.5,,,7.46,3.29,2.5,ELEVATED,67,1,2
ARENTERP.NS,HOLD,37.91,weak_trend,55.19,0.48,39.11,37.69,41.83,4.36,11.51,,,31.37,46.63,1.33,ELEVATED,40,0,3
MTEDUCARE.NS,BUY,1.99,uptrend,61.54,0.01,1.91,1.95,1.72,0.16,7.86,1.95,2.03,1.68,2.77,2.5,ELEVATED,75,3,0
UMESLTD.NS,HOLD,5.57,weak_trend,60.0,-0.05,5.52,5.64,5.34,0.28,4.99,,,5.15,6.13,1.33,ELEVATED,40,2,1
VIVO.NS,HOLD,114.05,weak_trend,100.0,7.61,85.75,80.46,77.25,2.62,2.3,,,110.12,119.29,1.33,NORMAL,40,2,1
GLOBALE.NS,HOLD,10.53,weak_trend,36.95,-0.3,10.91,11.76,12.03,0.45,4.32,,,9.85,11.44,1.33,ELEVATED,40,0,3
WINSOME.NS,HOLD,836.67,weak_trend,93.33,21.94,783.0,795.6,660.8,10.48,1.25,,,820.95,857.62,1.33,LOW,40,1,2
EUROTEXIND.NS,SELL,13.37,downtrend,61.9,-0.66,13.08,15.55,15.51,0.27,2.05,,,13.92,12.0,2.5,NORMAL,64,2,1
INDIFRA.NS,HOLD,11.95,weak_trend,50.0,-0.23,11.82,12.56,14.02,0.08,0.66,,,11.83,12.11,1.33,LOW,40,0,3
AMIABLE.NS,HOLD,72.9,weak_trend,49.44,-0.85,72.15,75.68,72.77,1.11,1.53,,,71.23,75.13,1.33,LOW,40,1,2
SHANTI.NS,SELL,6.9,downtrend,46.21,0.04,6.92,6.69,7.59,0.41,5.99,,,7.73,4.83,2.5,ELEVATED,71,0,3
DCMFINSERV.NS,BUY,5.29,uptrend,53.55,-0.01,5.21,5.39,5.23,0.47,8.87,5.18,5.4,4.35,7.64,2.5,ELEVATED,71,3,0
RITEZONE.NS,SELL,19.1,downtrend,25.17,-0.6,20.81,19.93,21.22,0.64,3.33,,,20.37,15.92,2.5,NORMAL,82,0,3
PREMIER.NS,HOLD,2.84,weak_trend,47.37,-0.03,2.86,2.92,3.01,0.15,5.36,,,2.61,3.14,1.33,ELEVATED,40,0,3
ORTINGLOBE.NS,HOLD,15.15,weak_trend,49.65,-0.3,15.2,16.31,14.7,1.04,6.88,,,13.59,17.24,1.33,ELEVATED,40,1,2
SABAR.NS,HOLD,6.55,weak_trend,89.36,0.37,5.51,5.62,5.45,0.27,4.2,,,6.14,7.1,1.33,ELEVATED,40,1,2
FALCONTECH.NS,HOLD,12.35,weak_trend,74.65,0.08,11.42,12.01,14.29,0.49,3.93,,,11.62,13.32,1.33,NORMAL,40,0,3
CBAZAAR.NS,HOLD,5.5,weak_trend,8.7,0.09,6.22,5.34,4.55,0.1,1.75,,,5.36,5.69,1.33,LOW,40,0,3
ACCORD.NS,HOLD,198.35,weak_trend,0.0,11.9,202.39,151.57,60.69,0.29,0.14,,,197.92,198.92,1.33,LOW,40,0,3
SETUINFRA.NS,SELL,0.41,downtrend,33.33,-0.01,0.43,0.44,0.47,0.03,7.84,,,0.47,0.25,2.5,ELEVATED,78,0,3
SABEVENTS.NS,SELL,132.6,downtrend,25.93,-9.12,145.04,154.57,191.56,6.91,5.21,,,146.43,98.03,2.5,ELEVATED,82,0,3
JALAN.NS,HOLD,1.7,weak_trend,37.5,-0.09,1.7,1.96,2.6,0.05,3.15,,,1.62,1.81,1.33,NORMAL,40,1,2
CMICABLES.NS,SELL,2.79,downtrend,0.0,-0.05,2.88,2.97,3.92,0.03,1.02,,,2.85,2.65,2.5,LOW,95,0,3
LAKPRE.NS,HOLD,5.2,weak_trend,48.2,-0.04,5.11,5.11,5.21,0.23,4.4,,,4.86,5.66,1.33,ELEVATED,40,0,3
BGLOBAL.NS,SELL,3.27,downtrend,62.5,0.03,3.17,3.2,3.32,0.03,1.03,,,3.34,3.1,2.5,LOW,63,1,2
ORTEL.NS,HOLD,2.22,weak_trend,75.0,0.11,1.83,1.7,1.61,0.12,5.47,,,2.04,2.46,1.33,ELEVATED,40,2,1
QUINTEGRA.NS,HOLD,1.4,weak_trend,55.56,0.02,1.4,1.37,1.4,0.02,1.33,,,1.37,1.44,1.33,LOW,40,0,3
RAJVIR.NS,SELL,5.64,downtrend,0.0,-0.31,6.09,6.67,7.88,0.04,0.75,,,5.72,5.43,2.5,LOW,95,0,3
AHLWEST.NS,HOLD,540.0,weak_trend,43.15,-10.03,556.4,571.57,301.93,24.66,4.57,,,503.01,589.32,1.33,ELEVATED,40,0,3
CLCIND.NS,HOLD,56.43,weak_trend,58.28,3.06,55.17,47.86,116.48,1.63,2.89,,,53.98,59.69,1.33,NORMAL,40,1,2
DSKULKARNI.NS,SELL,10.96,downtrend,29.92,-0.82,12.66,13.19,13.46,0.49,4.48,,,11.94,8.5,2.5,ELEVATED,80,1,2
MCX.NS,HOLD,2759.3,weak_trend,46.1,-43.81,2738.29,2791.06,2523.33,76.37,2.77,,,2644.74,2912.04,1.33,NORMAL,40,2,1
