Date,Open,High,Low,Close,Volume,Dividends,Stock Splits
2016-01-11 00:00:00+05:30,90.29640317499975,90.79582711859074,88.75816864974942,90.09662628173828,6413395,0.0,0.0
2016-01-12 00:00:00+05:30,89.49729729727397,89.61716706891761,87.89913731619492,88.43851470947266,5543673,0.0,0.0
2016-01-13 00:00:00+05:30,89.09775100622579,89.47731418405233,86.92025121041338,89.17765808105469,5384575,0.0,0.0
2016-01-14 00:00:00+05:30,88.27872906854101,90.0966386920709,86.54071741062737,89.19766998291016,6523576,0.0,0.0
2016-01-15 00:00:00+05:30,89.65712234177204,89.65712234177204,87.02014277596709,87.67938995361328,4512582,0.0,0.0
2016-01-18 00:00:00+05:30,86.70050771633531,87.10004311598215,84.40313801685998,85.66169738769531,5734035,0.0,0.0
2016-01-19 00:00:00+05:30,86.14113504326352,87.6593876052774,84.50301273601472,87.10002899169922,3797908,0.0,0.0
2016-01-20 00:00:00+05:30,85.54183594776053,85.94137134357725,83.5840759291425,85.22219848632812,6518908,0.0,0.0
2016-01-21 00:00:00+05:30,85.36204213703984,85.80154022591735,82.28557380445565,82.824951171875,8879593,0.0,0.0
2016-01-22 00:00:00+05:30,84.68281132190482,86.70049684382423,83.82379660321855,86.40084075927734,7253737,0.0,0.0
2016-01-25 00:00:00+05:30,88.0589563881672,88.39856608891327,86.52072206248671,87.7593002319336,4864044,0.0,0.0
2016-01-27 00:00:00+05:30,87.77927616667964,88.59833758120537,86.70052127416334,87.25988006591797,6744064,0.0,0.0
2016-01-28 00:00:00+05:30,87.10003354091361,88.21875082650031,86.00129759550222,87.85916900634766,8761006,0.0,0.0
2016-01-29 00:00:00+05:30,88.41853997409238,91.03552892560634,88.29867020588767,90.3962631225586,12759739,0.0,0.0
2016-02-01 00:00:00+05:30,91.01557592998978,91.01557592998978,88.51843793027287,89.91683959960938,3822741,0.0,0.0
2016-02-02 00:00:00+05:30,88.77812869087454,89.65712495333987,86.06125110459277,86.52072143554688,6900480,0.0,0.0
2016-02-03 00:00:00+05:30,85.38201552617517,86.70050981120471,84.02357684499492,85.12232208251953,4843966,0.0,0.0
2016-02-04 00:00:00+05:30,87.06008915018967,88.09889947374866,86.4008511716073,87.89913177490234,6016540,0.0,0.0
2016-02-05 00:00:00+05:30,88.01900763521047,88.63829218125629,86.9202713841346,87.87916564941406,5710669,0.0,0.0
2016-02-08 00:00:00+05:30,87.8991272308174,87.97903430622499,84.56295653626768,85.5218505859375,2764110,0.0,0.0
2016-02-09 00:00:00+05:30,84.26331525857513,87.71934717438023,84.10349193485786,87.15998840332031,3651745,0.0,0.0
2016-02-10 00:00:00+05:30,85.44195837272038,86.30097329994125,84.22336154361786,85.30211639404297,4066759,0.0,0.0
2016-02-11 00:00:00+05:30,85.42198344327915,85.46193698665603,79.92828435355013,81.16686248779297,8787048,0.0,0.0
2016-02-12 00:00:00+05:30,79.90829261283945,79.90829261283945,75.01391102772692,77.21138763427734,10102654,0.0,0.0
2016-02-15 00:00:00+05:30,79.34894078383529,80.3877511557188,77.77075302758585,80.04814147949219,7157805,0.0,0.0
2016-02-16 00:00:00+05:30,81.36663567554142,82.34551127126149,79.14918186229997,79.88833618164062,10491013,0.0,0.0
2016-02-17 00:00:00+05:30,79.90829951140492,80.70738863352122,78.78958205626567,80.04814147949219,7290019,0.0,0.0
2016-02-18 00:00:00+05:30,81.36662091637473,84.14343301559349,81.10691834168112,83.54412078857422,7799662,0.0,0.0
2016-02-19 00:00:00+05:30,82.68510600293516,84.74274525908656,82.30554281171968,84.3631820678711,5419069,0.0,0.0
2016-02-22 00:00:00+05:30,84.70279413898467,85.9413721674481,84.18338897466467,85.66169738769531,3601842,0.0,0.0
2016-02-23 00:00:00+05:30,86.18112110380396,87.0201547684561,84.64288662208763,85.74162292480469,3593367,0.0,0.0
2016-02-24 00:00:00+05:30,85.02242474482863,85.02242474482863,83.18453462037613,83.66398620605469,2618155,0.0,0.0
2016-02-25 00:00:00+05:30,84.86260680158854,87.02012512345932,83.74388953330978,86.40084075927734,5778484,0.0,0.0
2016-02-26 00:00:00+05:30,86.8603231093162,87.31979339782255,85.5418379822054,86.3209457397461,4205824,0.0,0.0
2016-02-29 00:00:00+05:30,86.80039749693704,88.3386318336556,76.91174427026901,77.55101013183594,23809857,0.0,0.0
2016-03-01 00:00:00+05:30,77.47109813344728,77.47109813344728,75.33355161540203,76.51219940185547,23118147,0.0,0.0
2016-03-02 00:00:00+05:30,77.6708774535526,78.82954850562928,76.7519276626863,77.89061737060547,15524956,0.0,0.0
2016-03-03 00:00:00+05:30,78.50991411243461,80.2479161867825,77.41117790466828,78.78958892822266,16866745,0.0,0.0
2016-03-04 00:00:00+05:30,79.86835078418007,81.66628770015079,79.50876888785395,80.18798828125,22523046,0.0,0.0
2016-03-08 00:00:00+05:30,81.00705198898378,82.44539790535823,80.30785123100102,80.6474609375,12258796,0.0,0.0
2016-03-09 00:00:00+05:30,80.70740113023231,82.3055613323646,80.42771715075156,82.00590515136719,7688815,0.0,0.0
2016-03-10 00:00:00+05:30,83.48421260943543,83.48421260943543,81.64632200305397,82.18569946289062,13467873,0.0,0.0
2016-03-11 00:00:00+05:30,82.94482405913047,82.94482405913047,80.7873051256133,81.94597625732422,14262115,0.0,0.0
2016-03-14 00:00:00+05:30,82.90485742760276,83.5041696720066,82.20566590565106,83.20451354980469,7498647,0.0,0.0
2016-03-15 00:00:00+05:30,82.30555516814192,83.06469080931974,81.92599191994313,82.86491394042969,5504455,0.0,0.0
2016-03-16 00:00:00+05:30,83.12553684305239,83.70697941806486,82.16316274139683,82.80474853515625,5188654,0.5,0.0
2016-03-17 00:00:00+05:30,83.6268013855862,86.17309128226837,83.6067475227922,85.11046600341797,8394324,0.0,0.0
2016-03-18 00:00:00+05:30,85.7119531673204,86.21318960020389,85.21071673443693,86.05279541015625,6776230,0.0,0.0
2016-03-21 00:00:00+05:30,85.81219930756245,87.21566674762664,85.41120467698609,86.87482452392578,5801745,0.0,0.0
2016-03-22 00:00:00+05:30,86.8748435111208,87.87732571767789,86.2132036027584,86.654296875,6610557,0.0,0.0
2016-03-23 00:00:00+05:30,86.77457844333983,87.31592260170444,84.97011627139625,86.05279541015625,5978227,0.0,0.0
2016-03-28 00:00:00+05:30,86.81467143850105,87.69685778328007,85.17061273972234,85.79214477539062,7205974,0.0,0.0
2016-03-29 00:00:00+05:30,86.59413062124975,86.61418448404373,84.48892474837368,85.11046600341797,5003185,0.0,0.0
2016-03-30 00:00:00+05:30,85.4112042441143,87.81715365944146,85.1305144287115,87.37606048583984,5849823,0.0,0.0
2016-03-31 00:00:00+05:30,86.09288618522595,87.2357176310639,85.07035954903185,85.852294921875,18261630,0.0,0.0
2016-04-01 00:00:00+05:30,86.01268923995553,86.19313727675191,83.4463457147531,83.72703552246094,10266195,0.0,0.0
2016-04-04 00:00:00+05:30,83.58668716718628,83.66689343416277,82.02282557559403,83.12554931640625,5494027,0.0,0.0
2016-04-05 00:00:00+05:30,82.60428612316741,83.60676842014284,81.82235966017639,82.40379333496094,4906771,0.0,0.0
2016-04-06 00:00:00+05:30,82.884963865195,83.40625415829278,81.80228473168185,82.64436340332031,4317508,0.0,0.0
2016-04-07 00:00:00+05:30,83.82728235026323,84.00773037818851,82.88495284661781,83.30599212646484,5045077,0.0,0.0
2016-04-08 00:00:00+05:30,83.32607629069577,83.98770706308821,82.46394355748149,82.66443634033203,2418253,0.0,0.0
2016-04-11 00:00:00+05:30,83.6468442548279,83.90748939767693,82.28347530944473,83.245849609375,5192644,0.0,0.0
2016-04-12 00:00:00+05:30,83.34609017789823,85.27084771584741,83.06540038564161,84.74955749511719,6343279,0.0,0.0
2016-04-13 00:00:00+05:30,86.21319007481564,86.37359344371554,85.33101284672794,85.55155944824219,6437622,0.0,0.0
2016-04-18 00:00:00+05:30,84.90996594933081,84.90996594933081,82.64435690321945,83.22579956054688,4950201,0.0,0.0
2016-04-20 00:00:00+05:30,83.7671381433291,84.4889211476751,83.42629591411102,84.14807891845703,4820409,0.0,0.0
2016-04-21 00:00:00+05:30,85.070355463101,85.99263110628442,84.90996129523744,85.39114379882812,7037139,0.0,0.0
2016-04-22 00:00:00+05:30,86.57409976695075,87.1555333892932,85.27087381622361,86.654296875,4497202,0.0,0.0
2016-04-25 00:00:00+05:30,86.79463642732449,86.79463642732449,84.88992320717558,85.13052368164062,2813826,0.0,0.0
2016-04-26 00:00:00+05:30,85.09042241833238,86.45380073595382,84.58918592357134,85.93251037597656,4140094,0.0,0.0
2016-04-27 00:00:00+05:30,86.61415909660815,89.72184610499845,86.57406056074268,88.93991088867188,10536442,0.0,0.0
2016-04-28 00:00:00+05:30,89.14042763687182,90.38350094027777,86.31343879418905,86.95502471923828,11597841,0.0,0.0
2016-04-29 00:00:00+05:30,87.43622268421775,88.51890187795578,86.45379445333481,87.11542510986328,6088467,0.0,0.0
2016-05-02 00:00:00+05:30,87.41615974322636,88.57903591530834,86.61417965757175,87.31591796875,4911861,0.0,0.0
2016-05-03 00:00:00+05:30,87.83721459950993,88.09785057440357,85.41121112716485,86.33349609375,5806392,0.0,0.0
2016-05-04 00:00:00+05:30,86.1329690245384,86.3334708854085,84.20821173476565,84.46885681152344,4247746,0.0,0.0
2016-05-05 00:00:00+05:30,84.9901645917878,85.51145485341766,84.20822919934304,84.40872192382812,4590195,0.0,0.0
2016-05-06 00:00:00+05:30,84.42877295117162,84.46887149472262,83.04535025374145,83.58668518066406,3327823,0.0,0.0
2016-05-09 00:00:00+05:30,84.16813092524124,85.21071145185523,83.84733338706438,84.84981536865234,4008649,0.0,0.0
2016-05-10 00:00:00+05:30,84.99017168044085,84.99017168044085,82.72457158190555,83.36615753173828,3924151,0.0,0.0
2016-05-11 00:00:00+05:30,82.98519698447221,82.98519698447221,81.44138012892932,82.30351257324219,5481087,0.0,0.0
2016-05-12 00:00:00+05:30,83.44635427125536,83.58669460051543,82.10302996598948,82.72457122802734,7061337,0.0,0.0
2016-05-13 00:00:00+05:30,82.58422810767998,82.58422810767998,81.00031239149799,81.70204162597656,7262070,0.0,0.0
2016-05-16 00:00:00+05:30,81.96267348474284,82.16317538600157,80.19830998588372,81.24089050292969,10092505,0.0,0.0
2016-05-17 00:00:00+05:30,82.4438574064329,85.01020073386348,82.2433647020923,84.3084716796875,14657428,0.0,0.0
2016-05-18 00:00:00+05:30,84.32852951213832,86.33349358008854,84.047839682288,85.91244506835938,8832225,0.0,0.0
2016-05-19 00:00:00+05:30,85.41120763629527,85.51145859190501,83.88743532968475,84.22828674316406,6740377,0.0,0.0
2016-05-20 00:00:00+05:30,84.93002648410287,86.07285815099421,84.38869144787077,85.4513168334961,4576983,0.0,0.0
2016-05-23 00:00:00+05:30,85.89241934246563,86.01271501038242,83.20577020246814,83.46641540527344,5845633,0.0,0.0
2016-05-24 00:00:00+05:30,83.6067508680121,83.68694796645838,82.02283522877424,82.86491394042969,4087501,0.0,0.0
2016-05-25 00:00:00+05:30,83.68694413673869,84.50897812514908,83.46639753711939,84.26838684082031,3108448,0.0,0.0
2016-05-26 00:00:00+05:30,84.60923039927206,88.67929267930401,84.48892557726634,86.63423919677734,13519851,0.0,0.0
2016-05-27 00:00:00+05:30,87.41616400736744,87.77706011139925,84.93001736039263,85.41120910644531,10044087,0.0,0.0
2016-05-30 00:00:00+05:30,85.81221380045983,86.49389836299183,85.41121910215914,85.59166717529297,4589130,0.0,0.0
2016-05-31 00:00:00+05:30,86.2131832567544,86.41368515753052,84.1280314056501,84.50897216796875,8791201,0.0,0.0
2016-06-01 00:00:00+05:30,84.76960042486188,85.53148179786149,84.24831027134634,84.46885681152344,4521807,0.0,0.0
2016-06-02 00:00:00+05:30,84.40872399988037,85.75204823189137,83.86738904147207,85.33100891113281,4079509,0.0,0.0
2016-06-03 00:00:00+05:30,85.73201640048285,86.01270626374533,84.64933714338711,84.95008087158203,4345935,0.0,0.0
2016-06-06 00:00:00+05:30,85.29092680155229,85.55157198900643,84.3285431589569,84.52904510498047,3665349,0.0,0.0
2016-06-07 00:00:00+05:30,85.01020306116818,85.79213839645497,84.90996129523744,85.39114379882812,5568472,0.0,0.0
2016-06-08 00:00:00+05:30,86.01269485324033,87.11541865101015,85.81220212036463,86.51393127441406,5491938,0.0,0.0
2016-06-09 00:00:00+05:30,87.03523769315306,89.14044390151945,87.01519300513395,88.47881317138672,10532686,0.0,0.0
2016-06-10 00:00:00+05:30,88.21815298420567,89.300822936363,87.01517821250273,87.4963607788086,4451983,0.0,0.0
2016-06-13 00:00:00+05:30,86.61418316020064,86.77457734822407,85.21071565905747,85.51145935058594,2914852,0.0,0.0
2016-06-14 00:00:00+05:30,85.79214677777462,86.13298900676666,84.68942299903196,85.33100891113281,3050001,0.0,0.0
2016-06-15 00:00:00+05:30,85.53150796525104,86.01269972940104,85.23076425990348,85.69190216064453,2865534,0.0,0.0
2016-06-16 00:00:00+05:30,85.41122876788484,85.43128263515592,84.4288003649415,84.88993835449219,3296191,0.0,0.0
2016-06-17 00:00:00+05:30,85.27085369260604,85.31095223716756,84.28842558389616,84.50897216796875,4717605,0.0,0.0
2016-06-20 00:00:00+05:30,84.4688804219464,86.31344115414242,84.34858477857976,85.7520523071289,5253388,0.0,0.0
2016-06-21 00:00:00+05:30,86.53400219130003,87.49637667674261,86.21320457750531,87.2357406616211,4754095,0.0,0.0
2016-06-22 00:00:00+05:30,87.1956072339762,87.97754258282897,86.61417377639937,87.55650329589844,4300168,0.0,0.0
2016-06-23 00:00:00+05:30,87.41615916820604,88.03770038452721,85.89239609768867,87.61666107177734,4451146,0.0,0.0
2016-06-24 00:00:00+05:30,85.65179331347493,85.77209812352474,83.00525269581037,83.96763610839844,6098569,0.0,0.0
2016-06-27 00:00:00+05:30,83.4062543050218,85.1505640613283,83.28594948488822,84.26838684082031,3541858,0.0,0.0
2016-06-28 00:00:00+05:30,84.20822259249546,84.95005938183984,84.00772988374072,84.74955749511719,3242284,0.0,0.0
2016-06-29 00:00:00+05:30,85.31096382988724,86.27334738607682,85.05031866583464,86.11295318603516,3248850,0.0,0.0
2016-06-30 00:00:00+05:30,86.53397384601831,88.01763823165281,86.2131763373048,86.73446655273438,7536646,0.0,0.0
2016-07-01 00:00:00+05:30,86.97509293510424,92.14787973585771,86.794644856224,90.2231216430664,8428420,0.0,0.0
2016-07-04 00:00:00+05:30,92.02756790777734,94.35332030303206,92.02756790777734,93.05009460449219,16861305,0.0,0.0
2016-07-05 00:00:00+05:30,92.46865773612666,94.79441004690817,91.64662380059451,92.52880096435547,6551590,0.0,0.0
2016-07-07 00:00:00+05:30,92.52880532082285,92.9698985124553,90.68424463886872,90.86469268798828,5971878,0.0,0.0
2016-07-08 00:00:00+05:30,90.22310443715057,90.34340007413968,89.12038066446388,89.54141998291016,3248257,0.0,0.0
2016-07-11 00:00:00+05:30,90.2231216430664,91.26570238506733,89.64168803108623,90.2231216430664,6210183,0.0,0.0
2016-07-12 00:00:00+05:30,90.26321615911782,92.00752609501005,90.26321615911782,91.38599395751953,4319643,0.0,0.0
2016-07-13 00:00:00+05:30,93.69166426319624,96.85950393620153,93.09017699563373,93.89216613769531,17397438,0.0,0.0
2016-07-14 00:00:00+05:30,93.99242539403774,94.13277489672024,91.86717488127569,92.4486083984375,9416404,0.0,0.0
2016-07-15 00:00:00+05:30,92.66915798238904,93.15034973712226,91.64663123981178,92.32831573486328,8673333,0.0,0.0
2016-07-18 00:00:00+05:30,91.82708217397841,91.82708217397841,87.05528138104654,87.65676879882812,11088225,0.0,0.0
2016-07-19 00:00:00+05:30,87.21566557442041,89.22062034439458,87.01517285081357,88.61913299560547,10601104,0.0,0.0
2016-07-20 00:00:00+05:30,88.6191442680715,89.98252249592717,88.11790780631219,89.78202056884766,9715894,0.0,0.0
2016-07-21 00:00:00+05:30,90.14291334797556,90.924848807423,89.02013563871299,89.26072692871094,4614313,0.0,0.0
2016-07-22 00:00:00+05:30,89.38103246955355,89.68177617345114,88.53894459185858,89.2005844116211,4734196,0.0,0.0
2016-07-25 00:00:00+05:30,88.9399379461756,91.10528707555815,88.89983939811125,90.94489288330078,5161390,0.0,0.0
2016-07-26 00:00:00+05:30,90.98497467439017,92.0676536286659,89.46121177264243,89.96244812011719,6075612,0.0,0.0
2016-07-27 00:00:00+05:30,89.90233370867051,91.22561364414626,88.23822062238447,89.52139282226562,3982969,0.0,0.0
2016-07-28 00:00:00+05:30,89.52137256722386,90.34340657946117,88.45874726368417,88.75949096679688,12199317,0.0,0.0
2016-07-29 00:00:00+05:30,89.02012121897825,89.76195800992785,88.07779171884007,88.25823974609375,4943548,0.0,0.0
2016-08-01 00:00:00+05:30,89.14042112296971,89.60155896522066,87.41615620728459,87.73695373535156,4868154,0.0,0.0
2016-08-02 00:00:00+05:30,87.71691105715529,88.98003829162039,87.25577315611577,88.65924072265625,5714404,0.0,0.0
2016-08-03 00:00:00+05:30,89.02011387486446,89.38100989959808,87.41614479977876,87.71688842773438,6926821,0.0,0.0
2016-08-04 00:00:00+05:30,89.78200340418513,89.78200340418513,87.67679781811489,88.15798950195312,5368087,0.0,0.0
2016-08-05 00:00:00+05:30,88.6191394514207,90.90479337892062,88.33844961792315,90.60404968261719,4722490,0.0,0.0
2016-08-08 00:00:00+05:30,90.78448782950778,91.0250790891093,89.88225683904976,90.66419219970703,3995137,0.0,0.0
2016-08-09 00:00:00+05:30,91.74688267640457,92.16792202224872,91.0651889998362,91.82707977294922,11431887,0.0,0.0
2016-08-10 00:00:00+05:30,91.8270851354553,92.62906532570521,90.82460301416549,91.84712982177734,10287928,0.0,0.0
2016-08-11 00:00:00+05:30,91.72681878967597,92.9899458671474,91.12533145335024,92.78944396972656,9320215,0.0,0.0
2016-08-12 00:00:00+05:30,93.15033302073228,93.99241155692232,92.14785114310361,93.67162322998047,5870230,0.0,0.0
2016-08-16 00:00:00+05:30,94.23303532027586,94.77437034505505,93.15035609274751,94.313232421875,5039550,0.0,0.0
2016-08-17 00:00:00+05:30,94.39342850797773,95.59640337496302,93.93229058975867,95.3558120727539,5430909,0.0,0.0
2016-08-18 00:00:00+05:30,95.5563002683147,97.1001173288028,95.2355027026955,96.7793197631836,5751255,0.0,0.0
2016-08-19 00:00:00+05:30,97.1602690224127,97.6414516003312,96.45853066266085,96.87957000732422,5606353,0.0,0.0
2016-08-22 00:00:00+05:30,96.87959491897708,97.80188011974965,95.55632413349618,95.97736358642578,3785410,0.0,0.0
2016-08-23 00:00:00+05:30,95.2354784893999,96.1176646870828,94.87459164504816,95.59637451171875,5012451,0.0,0.0
2016-08-24 00:00:00+05:30,96.15779289460245,97.44096487081806,95.93724627713259,96.63898468017578,3600733,0.0,0.0
2016-08-25 00:00:00+05:30,96.8394767923165,97.34071326090375,95.03501449183855,95.3558120727539,4189737,0.0,0.0
2016-08-26 00:00:00+05:30,95.47607889693482,95.77682252287816,94.63399123751323,95.59637451171875,2902111,0.0,0.0
2016-08-29 00:00:00+05:30,95.59638949365349,96.03748266162337,94.93474974169865,95.1552963256836,2465332,0.0,0.0
2016-08-30 00:00:00+05:30,95.65655205079636,97.24046767335756,95.11520787502931,96.91967010498047,4245724,0.0,0.0
2016-08-31 00:00:00+05:30,97.14320262964598,98.03741283231382,95.57834407803804,96.0457763671875,9766926,2.166667,0.0
2016-09-01 00:00:00+05:30,96.3303049216752,97.20418805488187,95.55803913518717,96.167724609375,4602483,0.0,0.0
2016-09-02 00:00:00+05:30,96.33030787505919,97.61065113133238,95.57835995302375,97.04161071777344,4273123,0.0,0.0
2016-09-06 00:00:00+05:30,97.44805279789244,98.2406457283812,96.73675932183919,96.96031188964844,3884562,0.0,0.0
2016-09-07 00:00:00+05:30,97.22450407032495,100.11035107339669,96.8586983746931,99.56163787841797,17504218,0.0,0.0
2016-09-08 00:00:00+05:30,101.61424733885293,103.60588404509794,99.21615055463596,100.1103515625,15232855,0.0,0.0
2016-09-09 00:00:00+05:30,100.39488720199951,104.66268591884273,100.39488720199951,103.62621307373047,17437126,0.0,0.0
2016-09-12 00:00:00+05:30,101.61426296872376,102.77266180999024,100.88263285522564,102.02071380615234,7995681,0.0,0.0
2016-09-14 00:00:00+05:30,101.63456200005082,102.6710253977656,99.66324324359266,100.88261413574219,8058135,0.0,0.0
2016-09-15 00:00:00+05:30,101.634565733718,101.73618307948404,99.62260182714705,101.00456237792969,3706279,0.0,0.0
2016-09-16 00:00:00+05:30,101.37038336780556,102.83363429469186,100.80134289119367,101.73619842529297,12910044,0.0,0.0
2016-09-19 00:00:00+05:30,101.91908189013597,103.84974617363179,101.73617440457816,103.30103302001953,6271972,0.0,0.0
2016-09-20 00:00:00+05:30,103.44330325958477,105.84140003277722,102.93522583869006,104.7642822265625,12886207,0.0,0.0
2016-09-21 00:00:00+05:30,104.45947464146398,105.47562052208183,103.11816803301005,103.78882598876953,6438340,0.0,0.0
2016-09-22 00:00:00+05:30,105.23173069509521,106.14625902916708,104.86591564024114,105.47560119628906,8053006,0.0,0.0
2016-09-23 00:00:00+05:30,105.29268115459813,107.04044744795142,105.0488106823888,105.9023666381836,7589790,0.0,0.0
2016-09-26 00:00:00+05:30,105.47559682164717,105.88205694317546,100.86231025909339,101.43135070800781,13915599,0.0,0.0
2016-09-27 00:00:00+05:30,101.57363519421067,102.34590121999068,100.13071121779122,100.61846160888672,10949967,0.0,0.0
2016-09-28 00:00:00+05:30,100.80135080502863,102.5897625429209,99.74456923955093,102.28491973876953,9666958,0.0,0.0
2016-09-29 00:00:00+05:30,104.05298791298951,104.86589875581241,100.90294327957531,101.67520904541016,14336461,0.0,0.0
2016-09-30 00:00:00+05:30,102.18329284182467,104.60170763431589,101.45166280423922,104.31719207763672,9438718,0.0,0.0
2016-10-03 00:00:00+05:30,104.4594377770789,106.47140163125775,102.58973634265556,105.78042602539062,6960220,0.0,0.0
2016-10-04 00:00:00+05:30,106.49174079175788,111.73503069163971,106.22754311239729,111.18631744384766,17825014,0.0,0.0
2016-10-05 00:00:00+05:30,111.3692164204417,111.877284548068,107.97530123328391,108.38175201416016,9426820,0.0,0.0
2016-10-06 00:00:00+05:30,109.3369540458758,111.14569305696631,108.11758277657955,109.3979263305664,9511054,0.0,0.0
2016-10-07 00:00:00+05:30,109.90595612326277,111.24726218940148,108.40206975894026,108.66626739501953,11598678,0.0,0.0
2016-10-10 00:00:00+05:30,109.49952804653397,109.74339854429603,107.12174882956965,108.50370025634766,7032378,0.0,0.0
2016-10-13 00:00:00+05:30,109.09305326118171,111.73502051100442,107.81271006224055,110.86113739013672,14122951,0.0,0.0
2016-10-14 00:00:00+05:30,111.36922072277724,113.48279277416978,110.47501036418095,112.6089096069336,9532546,0.0,0.0
2016-10-17 00:00:00+05:30,112.60890758996757,113.80796067605199,111.99922210295848,113.17794799804688,7432578,0.0,0.0
2016-10-18 00:00:00+05:30,113.48279651079373,114.21441727178636,111.63342206781411,112.38536071777344,7430623,0.0,0.0
2016-10-19 00:00:00+05:30,112.58859401304372,113.9705453556959,112.3447142270646,113.21859741210938,7137429,0.0,0.0
2016-10-20 00:00:00+05:30,114.1737590699473,115.08828724185622,113.0153604400873,114.3566665649414,6078450,0.0,0.0
2016-10-21 00:00:00+05:30,114.21441025350586,114.2347374442862,112.20245561017299,113.72666931152344,3639472,0.0,0.0
2016-10-24 00:00:00+05:30,113.82825669343087,119.3560700933482,113.19825343953458,118.82767486572266,15753549,0.0,0.0
2016-10-25 00:00:00+05:30,119.09188754617405,119.37641238307326,116.89702551881358,117.36444854736328,11650041,0.0,0.0
2016-10-26 00:00:00+05:30,117.26283170540925,119.03092509108671,116.3686307207578,117.91316223144531,6344125,0.0,0.0
2016-10-27 00:00:00+05:30,118.68545843708203,120.88032086488353,115.4744410081408,118.19770812988281,24448257,0.0,0.0
2016-10-28 00:00:00+05:30,119.07160324050948,119.68128885945417,116.16543760435695,116.61253356933594,10070332,0.0,0.0
2016-11-01 00:00:00+05:30,117.99447094449596,117.99447094449596,114.53958335802538,117.52703857421875,11064357,0.0,0.0
2016-11-02 00:00:00+05:30,115.84022214706111,116.16539202434079,112.0804925377591,112.69017791748047,14774770,0.0,0.0
2016-11-03 00:00:00+05:30,113.0620804170499,113.20669002056346,110.31454523305568,110.54178619384766,10778124,3.0,0.0
2016-11-04 00:00:00+05:30,110.64507429986662,112.35969851460278,109.48821644570299,111.34745025634766,7203463,0.0,0.0
2016-11-07 00:00:00+05:30,112.79349470188225,113.20666083832165,110.04596022614332,110.39714813232422,4419261,0.0,0.0
2016-11-08 00:00:00+05:30,110.89294102681895,112.25637692726778,109.63278956380347,111.80189514160156,5654563,0.0,0.0
2016-11-09 00:00:00+05:30,104.1996939986665,111.96716181727145,103.29073992809487,111.51268005371094,7471795,0.0,0.0
2016-11-10 00:00:00+05:30,112.7935155785602,115.45841921156186,112.04982396056141,114.03300476074219,5849239,0.0,0.0
2016-11-11 00:00:00+05:30,112.79349066598209,115.1898371497957,111.5953174240753,112.97941589355469,6617526,0.0,0.0
2016-11-15 00:00:00+05:30,111.65727776724995,118.35050923536588,111.34740558977984,113.8676986694336,12179968,0.0,0.0
2016-11-16 00:00:00+05:30,115.27246499511232,117.58618007590056,112.00848015678221,112.54559326171875,8986996,0.0,0.0
2016-11-17 00:00:00+05:30,112.07047241804878,114.85932296219282,111.63665311360336,112.89680480957031,5879166,0.0,0.0
2016-11-18 00:00:00+05:30,112.97941956464915,114.75602165198204,112.97941956464915,113.6611328125,6513859,0.0,0.0
2016-11-21 00:00:00+05:30,113.86769419428099,114.94191076582378,112.64885863397457,114.05361938476562,7038115,0.0,0.0
2016-11-22 00:00:00+05:30,116.0781292787558,117.13169287894975,113.66112041843527,114.81797790527344,8852827,0.0,0.0
2016-11-23 00:00:00+05:30,115.27248999061086,116.28473819381256,114.03300085092687,115.64434051513672,6432657,0.0,0.0
2016-11-24 00:00:00+05:30,115.6856122094479,116.38798786070822,113.66110711614384,114.54940795898438,7236183,0.0,0.0
2016-11-25 00:00:00+05:30,114.34284753515824,115.623652062297,113.78508132980168,114.6320571899414,4391635,0.0,0.0
2016-11-28 00:00:00+05:30,113.74376946885447,117.95802417593255,113.43389724294873,117.3382797241211,6170169,0.0,0.0
2016-11-29 00:00:00+05:30,117.44159756144407,118.90832765729786,116.22277097078562,117.66883850097656,6467512,0.0,0.0
2016-11-30 00:00:00+05:30,117.3382723596373,120.31304743293697,116.78050617063391,119.36277770996094,10633435,0.0,0.0
2016-12-01 00:00:00+05:30,121.88307120768948,123.37045401828951,120.23041628526222,120.70555114746094,12753523,0.0,0.0
2016-12-02 00:00:00+05:30,121.345980742079,122.21361930057748,119.98254466877384,120.33373260498047,7668508,0.0,0.0
2016-12-05 00:00:00+05:30,119.48673073521726,122.56479039507603,119.48673073521726,122.04833984375,5358345,0.0,0.0
2016-12-06 00:00:00+05:30,122.8333275781664,123.8455754165204,122.56477106426144,123.43241882324219,6281910,0.0,0.0
2016-12-07 00:00:00+05:30,123.9075670330687,124.13480791221953,122.3788591029811,122.7507095336914,6324726,0.0,0.0
2016-12-08 00:00:00+05:30,123.14322647005518,125.76681396108451,123.14322647005518,125.31233215332031,7229704,0.0,0.0
2016-12-09 00:00:00+05:30,125.6635187530604,127.17156427139136,125.6428656474046,126.75840759277344,5012332,0.0,0.0
2016-12-12 00:00:00+05:30,128.0805292871897,129.9810783994015,128.0805292871897,128.6796112060547,7390621,0.0,0.0
2016-12-13 00:00:00+05:30,129.7124994117565,129.7124994117565,127.56404720436413,128.90682983398438,11867766,0.0,0.0
2016-12-14 00:00:00+05:30,128.14249004559156,128.67960315665843,125.64285917087615,126.13865661621094,14303529,0.0,0.0
2016-12-15 00:00:00+05:30,125.68420224834163,129.27872269029686,124.78557450199077,127.9462661743164,10011138,0.0,1.5
2016-12-16 00:00:00+05:30,128.72091559767588,128.8758517044272,124.44468283395962,125.00244903564453,6046045,0.0,0.0
2016-12-19 00:00:00+05:30,125.87010144947979,126.05601721905066,124.01086810137255,124.8165283203125,6134651,0.0,0.0
2016-12-20 00:00:00+05:30,124.81653817962105,124.84752729584731,122.39953841878179,123.85594177246094,4487663,0.0,0.0
2016-12-21 00:00:00+05:30,124.32074328639057,125.4052960986119,123.73197848023038,124.87850952148438,4699901,0.0,0.0
2016-12-22 00:00:00+05:30,124.50665168409013,124.50665168409013,120.29239714294035,120.7881851196289,5073928,0.0,0.0
2016-12-23 00:00:00+05:30,122.05865902359595,122.24458423693915,119.30079830474416,119.57968139648438,5637468,0.0,0.0
2016-12-26 00:00:00+05:30,118.99094742063491,119.45575580899677,116.6049272444237,117.1317138671875,4468708,0.0,0.0
2016-12-27 00:00:00+05:30,117.75142983992065,118.30919598812189,116.3260159031803,117.9373550415039,4972743,0.0,0.0
2016-12-28 00:00:00+05:30,117.44156677074355,119.05290603412283,117.28663066682437,117.68946075439453,4245082,0.0,0.0
2016-12-29 00:00:00+05:30,117.7514395106102,120.07548107989855,117.72045039837649,118.74303436279297,13079156,0.0,0.0
2016-12-30 00:00:00+05:30,119.42474589809956,119.82758543846977,117.90637398513306,118.58809661865234,3664012,0.0,0.0
2017-01-02 00:00:00+05:30,118.86700612710248,119.61069769295047,118.58812297197842,119.14588928222656,2690448,0.0,0.0
2017-01-03 00:00:00+05:30,119.85854735374451,120.07546164772728,118.46412263783542,119.30078125,4764310,0.0,0.0
2017-01-04 00:00:00+05:30,119.92057224687937,121.93474206497942,119.05293364631842,120.72624206542969,7507779,0.0,0.0
2017-01-05 00:00:00+05:30,121.03608167937884,124.1038145292413,121.03608167937884,123.73196411132812,6831388,0.0,0.0
2017-01-06 00:00:00+05:30,123.94892332313594,128.25614651730444,123.94892332313594,125.5292739868164,8399536,0.0,0.0
2017-01-09 00:00:00+05:30,126.39688952344781,127.01663402658464,122.15164535089086,122.70941162109375,4783989,0.0,0.0
2017-01-10 00:00:00+05:30,123.26714906108612,125.8081047122786,122.52345772256952,122.98826599121094,6865373,0.0,0.0
2017-01-11 00:00:00+05:30,123.08122683269411,123.94886510581564,122.27555731819672,122.49246215820312,3657809,0.0,0.0
2017-01-12 00:00:00+05:30,123.019264651018,125.00244485987572,123.019264651018,123.66999816894531,7180398,0.0,0.0
2017-01-13 00:00:00+05:30,125.80814146208608,126.39689688303683,123.97989696269113,124.75457763671875,7173268,0.0,0.0
2017-01-16 00:00:00+05:30,124.56863431572698,125.06443176650252,122.74039008150763,122.92631530761719,4070898,0.0,0.0
2017-01-17 00:00:00+05:30,123.32916732366407,123.73199750466347,119.61069996717168,120.72624206542969,4631529,0.0,0.0
2017-01-18 00:00:00+05:30,121.16005036325167,122.95730563972823,120.0754974827622,122.70941162109375,9444964,0.0,0.0
2017-01-19 00:00:00+05:30,122.61648170360606,124.84755674999555,121.99673705907239,124.47571563720703,11378619,0.0,0.0
2017-01-20 00:00:00+05:30,124.47567603938086,125.18837837125074,121.12905034958587,122.27558135986328,7834336,0.0,0.0
2017-01-23 00:00:00+05:30,122.27559467887194,125.06444499587157,122.27559467887194,123.88692474365234,5350419,0.0,0.0
2017-01-24 00:00:00+05:30,124.66159052956071,125.3123240839469,123.54605810095545,124.94048309326172,3600754,0.0,0.0
2017-01-25 00:00:00+05:30,125.15738961638802,127.48143130073497,125.15738961638802,126.98563385009766,11413512,0.0,0.0
2017-01-27 00:00:00+05:30,127.66736391995529,128.90685289005194,125.90108835494742,126.73774719238281,5089894,0.0,0.0
2017-01-30 00:00:00+05:30,126.73773984494923,127.32649518030286,124.44468727451684,125.09542083740234,4594038,0.0,0.0
2017-01-31 00:00:00+05:30,130.14636948929274,131.26191169051143,124.56866793975162,125.5292739868164,39669868,0.0,0.0
2017-02-01 00:00:00+05:30,125.8081241925208,127.0476131008215,123.63901860299457,124.07283782958984,11271144,0.0,0.0
2017-02-02 00:00:00+05:30,124.56867355126596,126.73777980713378,124.19682298192464,124.47571563720703,8549969,0.0,0.0
2017-02-03 00:00:00+05:30,125.00245942088203,125.93207613862268,124.28975705323431,124.53765106201172,4940894,0.0,0.0
2017-02-06 00:00:00+05:30,125.68419372449962,125.71518284259318,123.1742264637396,123.32916259765625,5926274,0.0,0.0
2017-02-07 00:00:00+05:30,124.11271879646756,125.05296666613776,120.75916423543211,121.16661071777344,10805646,2.25,0.0
2017-02-08 00:00:00+05:30,121.60535786021536,122.85902134331037,120.69645374791016,121.85608673095703,7106853,0.0,0.0
2017-02-09 00:00:00+05:30,122.5142707466801,122.9843945865098,120.63377538736131,120.91584777832031,6092204,0.0,0.0
2017-02-10 00:00:00+05:30,121.60536601947545,122.5142701927647,121.04122124010806,121.38597106933594,6287846,0.0,0.0
2017-02-13 00:00:00+05:30,121.79341463218908,121.91877907305296,119.59950344064315,120.50840759277344,4083916,0.0,0.0
2017-02-14 00:00:00+05:30,120.97852335152251,122.98438296565575,120.25767069110829,122.67096710205078,7785934,0.0,0.0
2017-02-15 00:00:00+05:30,122.79635504112228,123.98734128962428,121.69939930851764,122.20086669921875,5793110,0.0,0.0
2017-02-16 00:00:00+05:30,122.89037273491189,123.04708068036199,121.44865772383213,121.66805267333984,3343438,0.0,0.0
2017-02-17 00:00:00+05:30,122.23218960176287,122.3575540371337,121.29194198944161,121.85608673095703,3230898,0.0,0.0
2017-02-20 00:00:00+05:30,122.04413943485537,122.98438705694932,120.50840356504061,122.42024230957031,8954741,0.0,0.0
2017-02-21 00:00:00+05:30,122.70230071438347,123.3291323910853,121.91876111850618,123.01571655273438,3280290,0.0,0.0
2017-02-22 00:00:00+05:30,124.11269941543861,124.42611532305335,122.29489097715087,122.60830688476562,5671343,0.0,0.0
2017-02-23 00:00:00+05:30,122.79632942093778,123.86195099060733,121.82474791224006,122.85901641845703,20504597,0.0,0.0
2017-02-27 00:00:00+05:30,123.48588181891351,124.11271370631916,121.48002169215452,122.0441665649414,7881156,0.0,0.0
2017-02-28 00:00:00+05:30,123.54854260468393,123.67390704261159,120.7591336461524,121.32328796386719,10367585,0.0,0.0
2017-03-01 00:00:00+05:30,123.29780201009311,123.29780201009311,121.22925534399732,121.51133728027344,11243767,0.0,0.0
2017-03-02 00:00:00+05:30,122.10684755060794,122.16952499743651,120.44573739218195,120.79049682617188,6978509,0.0,0.0
2017-03-03 00:00:00+05:30,120.57110732362227,121.29196010820658,120.10098344723387,121.0098876953125,4294857,0.0,0.0
2017-03-06 00:00:00+05:30,121.29195190615577,122.07549164715161,120.97853600975743,121.4800033569336,3847930,0.0,0.0
2017-03-07 00:00:00+05:30,121.60537157560988,123.45452350879496,121.29195566948717,123.1097640991211,7768654,0.0,0.0
2017-03-08 00:00:00+05:30,123.48585993815348,123.61122438048187,120.53975250231396,120.94718933105469,6553289,0.0,0.0
2017-03-09 00:00:00+05:30,120.0382895045757,120.16365395143276,118.53389701290256,118.87864685058594,6323875,0.0,0.0
2017-03-10 00:00:00+05:30,118.90995867940849,120.63374566743671,118.03239822047078,120.10094451904297,7822853,0.0,0.0
2017-03-14 00:00:00+05:30,121.98144699885275,121.98144699885275,120.03826499293358,120.28899383544922,8850096,0.0,0.0
2017-03-15 00:00:00+05:30,119.91293000819472,120.9471986933319,119.41146263536974,119.53682708740234,4219974,0.0,0.0
2017-03-16 00:00:00+05:30,120.97854517233958,121.35464810238022,119.881589451865,120.22634887695312,6732778,0.0,0.0
2017-03-17 00:00:00+05:30,120.35171669407895,120.60244561131357,118.75329354379669,119.09805297851562,7462534,0.0,0.0
2017-03-20 00:00:00+05:30,119.12936160507951,120.16363004172315,118.90996669321339,119.63082885742188,5070076,0.0,0.0
2017-03-21 00:00:00+05:30,119.72486473305847,121.88743236634518,119.72486473305847,121.63670349121094,6715278,0.0,0.0
2017-03-22 00:00:00+05:30,120.66513061523439,121.54269137564903,119.72488284420658,120.66513061523438,4960436,0.0,0.0
2017-03-23 00:00:00+05:30,121.32327076160135,121.91875893084442,120.82180351629955,121.3546142578125,4208188,0.0,0.0
2017-03-24 00:00:00+05:30,121.19790741012602,121.2292413419213,119.94424406816327,120.28899383544922,9289757,0.0,0.0
2017-03-27 00:00:00+05:30,120.22633377747557,120.35169821684606,118.15778705143481,118.40851593017578,4780041,0.0,0.0
2017-03-28 00:00:00+05:30,118.90996919986242,119.0980206190415,116.77874528834603,117.15483856201172,9790503,0.0,0.0
2017-03-29 00:00:00+05:30,117.78168363134878,117.907057634841,116.84143599331878,117.18619537353516,9676087,0.0,0.0
2017-03-30 00:00:00+05:30,117.24890202511895,118.00109834866542,114.7102310640413,115.27437591552734,14882692,0.0,0.0
2017-03-31 00:00:00+05:30,115.90117256489985,116.7787426463171,115.46239230653737,115.96385955810547,8217678,0.0,0.0
2017-04-03 00:00:00+05:30,116.08926720832295,116.81012963984809,115.83853827152038,116.46537017822266,4802523,0.0,0.0
2017-04-05 00:00:00+05:30,116.81010063623746,117.029486010293,115.80716600866126,116.7474136352539,6772865,0.0,0.0
2017-04-06 00:00:00+05:30,116.5907029025544,117.90705337410569,116.08923560078756,117.56229400634766,7216198,0.0,0.0
2017-04-07 00:00:00+05:30,117.68764195626851,118.12642219709517,116.37129166909659,116.84141540527344,8049423,0.0,0.0
2017-04-10 00:00:00+05:30,117.40559833273339,117.68767073046676,116.71607952521248,116.87278747558594,3953031,0.0,0.0
2017-04-11 00:00:00+05:30,117.59364301080392,118.09510077135143,117.12351918677037,117.75035095214844,7982429,0.0,0.0
2017-04-12 00:00:00+05:30,117.87572968036396,118.2831665513689,116.43401453230094,117.02950286865234,4050669,0.0,0.0
2017-04-13 00:00:00+05:30,117.21755197504297,117.40560343660496,115.55645145475043,115.8385238647461,3338347,0.0,0.0
2017-04-17 00:00:00+05:30,116.21459344294145,116.21459344294145,114.39678533742924,114.77288818359375,3070001,0.0,0.0
2017-04-18 00:00:00+05:30,114.9296110610988,115.58777678047527,113.1431366564354,113.42520904541016,3358340,0.0,0.0
2017-04-19 00:00:00+05:30,113.45651686441865,114.05200495712243,112.32821809868514,112.73566436767578,4198156,0.0,0.0
2017-04-20 00:00:00+05:30,113.55055361191776,114.96092487460083,111.88945350619016,112.26555633544922,9102962,0.0,0.0
2017-04-21 00:00:00+05:30,112.89240636687012,114.11472641370335,112.64166791835702,112.9864273071289,4117134,0.0,0.0
2017-04-24 00:00:00+05:30,113.14312111576776,114.20873308591402,113.14312111576776,113.73860931396484,4311732,0.0,0.0
2017-04-25 00:00:00+05:30,114.33413389364654,114.36547740135528,113.111813610571,113.76998901367188,5784684,0.0,0.0
2017-04-26 00:00:00+05:30,113.83264258638567,113.95800701569436,112.7043435932218,112.89239501953125,4850265,0.0,0.0
2017-04-27 00:00:00+05:30,113.2684812723196,113.33116826542687,111.7640890846679,112.26555633544922,7471812,0.0,0.0
2017-04-28 00:00:00+05:30,112.82970578225074,117.31154860272419,112.4536029370995,116.93545532226562,10789077,0.0,0.0
2017-05-02 00:00:00+05:30,117.84437620815272,121.54267993348842,117.62498125635567,120.60243225097656,17143827,0.0,0.0
2017-05-03 00:00:00+05:30,121.57400889477114,122.07547617840406,119.50546232771839,119.78754425048828,6245067,0.0,0.0
2017-05-04 00:00:00+05:30,120.35169821684606,120.63377059660307,118.09510004940275,118.40851593017578,4432281,0.0,0.0
2017-05-05 00:00:00+05:30,118.15776138956925,118.22044837798674,114.2400637307639,115.21165466308594,8117137,0.0,0.0
2017-05-08 00:00:00+05:30,115.71313203031504,117.96972034099026,115.33702919618963,116.5593490600586,5592129,0.0,0.0
2017-05-09 00:00:00+05:30,117.15481606138415,117.68762671927846,116.27725569334837,116.65335845947266,4713977,0.0,0.0
2017-05-10 00:00:00+05:30,117.18620226208351,118.12644995538403,116.33998507692952,117.81303405761719,4038348,0.0,0.0
2017-05-11 00:00:00+05:30,118.53387805389954,119.25473068155091,114.7728878615773,115.0863037109375,10796830,0.0,0.0
2017-05-12 00:00:00+05:30,115.8071555339833,116.84142400380895,115.33703176320935,115.86984252929688,6242350,0.0,0.0
2017-05-15 00:00:00+05:30,117.40559618945896,118.03242797950979,116.68473389208407,117.06083679199219,5766195,0.0,0.0
2017-05-16 00:00:00+05:30,117.49961447252058,117.53095797425249,115.71314965012824,116.05789947509766,6960470,0.0,0.0
2017-05-17 00:00:00+05:30,116.08925492366015,116.99815917925828,115.27437161823966,115.65047454833984,6074714,0.0,0.0
2017-05-18 00:00:00+05:30,115.58776321348414,115.58776321348414,113.14312337638128,113.39385223388672,4628258,0.0,0.0
2017-05-19 00:00:00+05:30,114.02070182933195,114.4908256844249,112.29691436065781,112.86106872558594,5853904,0.0,0.0
2017-05-22 00:00:00+05:30,113.48787743721981,113.83263677373384,110.69847837759241,111.04322814941406,5558525,0.0,0.0
2017-05-23 00:00:00+05:30,111.51336904197638,111.51336904197638,108.88067749766395,109.47616577148438,5162996,0.0,0.0
2017-05-24 00:00:00+05:30,109.25678681223658,110.47910693345507,108.37921653607619,108.88068389892578,6540417,0.0,0.0
2017-05-25 00:00:00+05:30,109.5702042962716,110.10300560565759,108.75532101549327,109.16275787353516,8230189,0.0,0.0
2017-05-26 00:00:00+05:30,109.50750468198375,111.26263549283762,109.25677580815895,110.16567993164062,6460263,0.0,0.0
2017-05-29 00:00:00+05:30,109.38214024507134,111.13727105592521,107.31359355958976,110.16567993164062,6629243,0.0,0.0
2017-05-30 00:00:00+05:30,109.75823741834374,112.42227221427738,108.50457398496319,111.98348236083984,6532975,0.0,0.0
2017-05-31 00:00:00+05:30,111.92080217047587,111.92080217047587,109.85225564342434,110.94921112060547,10715866,0.0,0.0
2017-06-01 00:00:00+05:30,110.88655712281155,110.88655712281155,108.1911876571041,109.0687484741211,8676208,0.0,0.0
2017-06-02 00:00:00+05:30,109.63289334724695,109.97765279846632,108.50460360099524,109.0687484741211,4039371,0.0,0.0
2017-06-05 00:00:00+05:30,109.28811930856041,111.88946724209303,109.13141137124656,110.16567993164062,5836542,0.0,0.0
2017-06-06 00:00:00+05:30,110.32238506669592,110.32238506669592,107.25091339923904,107.47029876708984,6437174,0.0,0.0
2017-06-07 00:00:00+05:30,107.50163044215721,109.0687096031216,107.50163044215721,107.84638977050781,7404338,0.0,0.0
2017-06-08 00:00:00+05:30,107.34495408719474,107.6270265061637,105.93458242765495,106.90617370605469,5798852,0.0,0.0
2017-06-09 00:00:00+05:30,107.21957915609582,107.34494360064683,105.18237584688647,106.0599365234375,6859186,0.0,0.0
2017-06-12 00:00:00+05:30,106.24797888962381,106.8748106234859,105.4017522230327,105.62114715576172,4382264,0.0,0.0
2017-06-13 00:00:00+05:30,105.99726104736328,106.40469789087629,105.21372129853503,105.99726104736328,5988071,0.0,0.0
2017-06-14 00:00:00+05:30,106.05992677855404,106.5927375748082,105.4017515492675,106.24797821044922,5698882,0.0,0.0
2017-06-15 00:00:00+05:30,106.59274308123528,107.12554434032003,104.55553985396705,104.7749252319336,8396153,0.0,0.0
2017-06-16 00:00:00+05:30,104.3674884123574,105.24504905361088,103.96005159278121,104.7749252319336,9457498,0.0,0.0
2017-06-19 00:00:00+05:30,104.99432286678135,105.18237431321288,103.17651453556239,104.08541870117188,5175569,0.0,0.0
2017-06-20 00:00:00+05:30,104.68091044345414,106.78080079619153,103.92871419751786,105.99726104736328,6212122,0.0,0.0
2017-06-21 00:00:00+05:30,105.43310412184736,105.5898120677968,103.0198074930423,103.3018798828125,8411843,0.0,0.0
2017-06-22 00:00:00+05:30,103.30191841498021,103.521303882325,100.32446633133523,100.5751953125,8856235,0.0,0.0
2017-06-23 00:00:00+05:30,101.04530022361938,101.13933074730335,98.60065964296803,99.10212707519531,4803636,0.0,0.0
2017-06-27 00:00:00+05:30,99.63491743775307,100.82590365323748,97.28429807590912,100.26174926757812,7105195,0.0,0.0
2017-06-28 00:00:00+05:30,100.95127926463115,101.20200819839692,98.72602410985093,99.10212707519531,7419236,0.0,0.0
2017-06-29 00:00:00+05:30,100.16771643352469,100.88856912641243,98.56929354419364,98.94539642333984,8800016,0.0,0.0
2017-06-30 00:00:00+05:30,98.91403992100011,99.540871594055,97.97379241141778,98.60062408447266,5746101,0.0,0.0
2017-07-03 00:00:00+05:30,98.66329851929636,99.97964881864752,97.72305103824326,99.72891998291016,6622621,0.0,0.0
2017-07-04 00:00:00+05:30,99.97967119359997,101.39004273081378,99.66625529644135,100.23040008544922,5371351,0.0,0.0
2017-07-05 00:00:00+05:30,100.54380821508781,102.4869904532282,100.26173584237539,102.04821014404297,5605189,0.0,0.0
2017-07-06 00:00:00+05:30,102.04823012403426,102.42432350638822,100.3557859917033,101.35871124267578,7115526,0.0,0.0
2017-07-07 00:00:00+05:30,101.23333498413793,101.54675088192164,99.72894250065379,100.0423583984375,5247930,0.0,0.0
2017-07-10 00:00:00+05:30,101.07662499767453,102.2989450614518,100.9199170519417,101.79747772216797,1376868,0.0,0.0
2017-07-11 00:00:00+05:30,101.89149819693547,102.42429942115503,100.2930753948908,100.44978332519531,7988251,0.0,0.0
2017-07-12 00:00:00+05:30,100.9512602078261,103.99138860580082,100.9512602078261,102.07955932617188,12966188,0.0,0.0
2017-07-13 00:00:00+05:30,102.86307839997028,102.86307839997028,99.41550429785258,99.60354614257812,9072801,0.0,0.0
2017-07-14 00:00:00+05:30,99.97966464102676,100.32442401824487,98.8200220716641,99.2588119506836,7114944,0.0,0.0
2017-07-17 00:00:00+05:30,100.29308124282524,100.8572259989387,99.54088504644277,100.32442474365234,6649645,0.0,0.0
2017-07-18 00:00:00+05:30,100.6065149132726,101.54676271620039,99.91699603191412,101.35871124267578,5319994,0.0,0.0
2017-07-19 00:00:00+05:30,101.57808051405023,102.48698458057238,100.16770916661116,102.17356872558594,9814913,0.0,0.0
2017-07-20 00:00:00+05:30,101.67209587652908,105.21370058273345,101.60941844778007,103.96003723144531,16154989,0.0,0.0
2017-07-21 00:00:00+05:30,104.33614689511171,104.4301774000512,102.5496820775871,103.01980590820312,7090770,0.0,0.0
2017-07-24 00:00:00+05:30,103.42721655759476,103.42721655759476,101.35867031350459,102.33026123046875,10394896,0.0,0.0
2017-07-25 00:00:00+05:30,102.48697482972621,102.67502623776501,101.39001944164046,102.36161041259766,6521103,0.0,0.0
2017-07-26 00:00:00+05:30,102.95710770676777,103.17650262973693,102.42429693080997,102.80039978027344,9143178,0.0,0.0
2017-07-27 00:00:00+05:30,103.42724381485102,103.42724381485102,101.54674847276283,102.11089324951172,12361923,0.0,0.0
2017-07-28 00:00:00+05:30,101.29603696676404,103.74067750505324,100.44981009175095,103.27055358886719,10303502,0.0,0.0
2017-07-31 00:00:00+05:30,103.42725408082548,106.56141329539594,103.42725408082548,106.18531036376953,13899095,0.0,0.0
2017-08-01 00:00:00+05:30,106.7181073408451,106.7494508418428,104.55553967771382,104.93163299560547,6705176,0.0,0.0
2017-08-02 00:00:00+05:30,104.99434460730942,104.99434460730942,102.8631199456364,103.67799377441406,7743355,0.0,0.0
2017-08-03 00:00:00+05:30,103.42724748292136,104.52420313804325,102.26760482162908,103.86602783203125,6902925,0.0,0.0
2017-08-04 00:00:00+05:30,103.74064200165243,104.86894092729769,102.54966564744996,104.3047866821289,6316753,0.0,0.0
2017-08-07 00:00:00+05:30,104.05404288023405,104.7122179559689,103.48989828085614,103.9913558959961,3289743,0.0,0.0
2017-08-08 00:00:00+05:30,104.02271969399058,104.24211461695974,101.86015222130753,102.80039978027344,5981069,0.0,0.0
2017-08-09 00:00:00+05:30,102.67505123234805,104.17944373349465,101.86016797560437,103.86602783203125,5908883,0.0,0.0
2017-08-10 00:00:00+05:30,103.11381775189096,103.80333646851028,101.64075938670105,102.61235046386719,8412268,0.0,0.0
2017-08-11 00:00:00+05:30,101.26468619218984,101.54675860871953,99.35284715729658,100.07369995117188,5471462,0.0,0.0
2017-08-14 00:00:00+05:30,100.48115045248795,101.734814189725,100.29309897896334,101.35871124267578,3892174,0.0,0.0
2017-08-16 00:00:00+05:30,101.35871952091486,101.39006302984475,99.97969121026422,100.88859558105469,6213088,0.0,0.0
2017-08-17 00:00:00+05:30,100.82589740086355,101.32735518187167,100.29308655267484,100.669189453125,5184915,0.0,0.0
2017-08-18 00:00:00+05:30,100.35578854303866,101.32737031234157,99.9796855864278,100.85724639892578,5559512,0.0,0.0
2017-08-21 00:00:00+05:30,101.20198553106303,103.1451678089467,98.0364832366303,98.50660705566406,11137965,0.0,0.0
2017-08-22 00:00:00+05:30,99.03941437637295,100.54380671823802,98.72599850809328,99.94831848144531,5611720,0.0,0.0
2017-08-23 00:00:00+05:30,100.54382187269425,100.7632168394356,99.82296909287788,100.10504150390625,2344934,0.0,0.0
2017-08-24 00:00:00+05:30,100.54380671823802,100.54380671823802,99.69758961269889,99.94831848144531,3724532,0.0,0.0
2017-08-28 00:00:00+05:30,100.54381544317889,101.17064723413311,100.04235766217077,100.669189453125,3680139,0.0,0.0
2017-08-29 00:00:00+05:30,100.29307742945151,100.29307742945151,98.4125822276493,98.56929016113281,7756416,0.0,0.0
2017-08-30 00:00:00+05:30,99.29015350341797,99.72894341609828,98.82002965242698,99.29015350341797,5219322,0.0,0.0
2017-08-31 00:00:00+05:30,100.66919026845062,100.70052420649684,97.81710368357089,98.3812484741211,16715886,0.0,0.0
2017-09-01 00:00:00+05:30,99.0394291123582,100.54382167806047,98.6006487444196,100.26174926757812,6511029,0.0,0.0
2017-09-04 00:00:00+05:30,100.54381646369039,101.73480261740825,99.72894277893427,101.42138671875,4859269,0.0,0.0
2017-09-05 00:00:00+05:30,102.17357458028255,102.58101138923453,101.1706399609791,102.04821014404297,5823055,0.0,0.0
2017-09-06 00:00:00+05:30,101.79746441859034,102.6750345388238,101.48404856808398,101.73478698730469,3791076,0.0,0.0
2017-09-07 00:00:00+05:30,102.29893169233907,102.29893169233907,101.29600670953432,101.73478698730469,9101357,0.0,0.0
2017-09-08 00:00:00+05:30,101.79748575694674,102.36164014492947,99.88565631986252,101.4527359008789,10505052,0.0,0.0
2017-09-11 00:00:00+05:30,101.73480169339194,102.73772682117269,100.91991845134291,102.20492553710938,9449161,0.0,0.0
2017-09-12 00:00:00+05:30,102.23625426105342,102.48698311558142,101.23331971355597,101.73478698730469,10536298,0.0,0.0
2017-09-13 00:00:00+05:30,101.6094156940784,102.04819594219947,100.82587612075791,100.95124053955078,7006941,0.0,0.0
2017-09-14 00:00:00+05:30,101.23331197485973,101.86014362795484,99.19610910230064,99.88562774658203,15371676,0.0,0.0
2017-09-15 00:00:00+05:30,99.9796553902004,105.2137038713011,99.66623954258222,104.52418518066406,25453536,0.0,0.0
2017-09-18 00:00:00+05:30,104.71223182567053,105.27637649977245,103.30186057572352,103.5525894165039,8383548,0.0,0.0
2017-09-19 00:00:00+05:30,102.67501530921733,104.39880216416095,102.64367181709835,103.9913558959961,7052113,0.0,0.0
2017-09-20 00:00:00+05:30,104.6808716107995,107.12551089439701,103.11379269447016,105.1196517944336,12062311,0.0,0.0
2017-09-21 00:00:00+05:30,105.62349862818436,105.93841663817331,103.13564827137871,104.48979187011719,7198883,0.8,0.0
2017-09-22 00:00:00+05:30,104.11194859382223,104.11194859382223,102.85227591781843,103.57658386230469,10308999,0.0,0.0
2017-09-25 00:00:00+05:30,103.23016913285812,104.11194574828438,101.43514138493744,103.79702758789062,8935570,0.0,0.0
2017-09-26 00:00:00+05:30,104.61580914597725,108.64675746269654,104.61580914597725,107.95393371582031,19866213,0.0,0.0
2017-09-27 00:00:00+05:30,108.36332865241363,108.99316490193588,106.85171588723709,107.19812774658203,7437060,0.0,0.0
2017-09-28 00:00:00+05:30,106.59979829357732,109.18213107725354,105.02520747683319,108.04842376708984,14120709,0.0,0.0
2017-09-29 00:00:00+05:30,108.20588168391906,109.81196622181636,107.07217438595981,107.67051696777344,6418518,0.0,0.0
2017-10-03 00:00:00+05:30,109.59154629971893,109.62304004547664,107.07220040777136,107.4815902709961,5604933,0.0,0.0
2017-10-04 00:00:00+05:30,107.54453839549184,108.83570461458785,107.13514868212552,108.39482116699219,5087199,0.0,0.0
2017-10-05 00:00:00+05:30,108.77272686013113,108.77272686013113,107.57604173685259,107.82797241210938,3767993,0.0,0.0
2017-10-06 00:00:00+05:30,108.20588105389555,110.0324025268054,108.01692823691259,109.4970474243164,6144349,0.0,0.0
2017-10-09 00:00:00+05:30,109.21364097282301,109.2451347186964,107.32413154692267,107.5130844116211,2981922,0.0,0.0
2017-10-10 00:00:00+05:30,107.70198457406795,108.42629232201786,106.5052997007932,107.29259490966797,3112910,0.0,0.0
2017-10-11 00:00:00+05:30,107.95392038450566,108.426297532531,105.81248115767261,106.53678894042969,4202871,0.0,0.0
2017-10-12 00:00:00+05:30,106.88320922851562,107.45006761732284,105.65503046857431,106.88320922851562,4877955,0.0,0.0
2017-10-13 00:00:00+05:30,106.53681217930304,107.29262346943881,106.00145706108661,106.85173034667969,5190805,0.0,0.0
2017-10-16 00:00:00+05:30,107.35558519803786,108.89868206410476,107.10365454622467,108.36332702636719,5054731,0.0,0.0
2017-10-17 00:00:00+05:30,107.79647867506746,108.33184337316216,107.0721707757998,107.82797241210938,6819547,0.0,0.0
2017-10-18 00:00:00+05:30,107.70203559859368,110.1898877151663,107.38711736584926,109.87496948242188,7869107,0.0,0.0
2017-10-19 00:00:00+05:30,110.22134201246973,110.53626013250536,107.89094984631375,108.36332702636719,1215089,0.0,0.0
2017-10-23 00:00:00+05:30,108.89869256906235,109.21361071947668,107.4185830284385,108.14289093017578,4126469,0.0,0.0
2017-10-24 00:00:00+05:30,108.01694761623035,111.638507084413,107.73352314517648,110.85121154785156,10817861,0.0,0.0
2017-10-25 00:00:00+05:30,112.07938808139654,112.29983467077297,110.5677845302299,111.3865737915039,6103342,0.0,0.0
2017-10-26 00:00:00+05:30,111.13461858704603,113.37053948227666,110.78820668318669,111.70147705078125,15326252,0.0,0.0
2017-10-27 00:00:00+05:30,112.04789423685818,116.4567491360573,111.60701066904647,115.88990020751953,9866477,0.0,0.0
2017-10-30 00:00:00+05:30,118.4092559189953,120.51921192985368,117.14958298368684,117.5274887084961,16606395,0.0,0.0
2017-10-31 00:00:00+05:30,117.40153110527541,120.92861969046459,116.26783298411188,120.36177062988281,10698129,0.0,0.0
2017-11-01 00:00:00+05:30,120.9285575507199,121.68435911330424,119.73187254417289,120.29872131347656,5341109,0.0,0.0
2017-11-02 00:00:00+05:30,120.2987343808438,121.05453602552657,118.12580104842857,118.40922546386719,4024181,0.0,0.0
2017-11-03 00:00:00+05:30,119.78531438493582,123.14557578504439,119.0492610324183,122.7935562133789,7942915,3.0,0.0
2017-11-06 00:00:00+05:30,123.43362244586443,128.29799564176915,122.31353516329355,127.52993774414062,16363370,0.0,0.0
2017-11-07 00:00:00+05:30,129.61008794904478,131.53023740014174,123.46560579898045,124.04165649414062,20559837,0.0,0.0
2017-11-08 00:00:00+05:30,124.80971248257681,125.25774539462189,122.24951325216499,123.24159240722656,6275377,0.0,0.0
2017-11-09 00:00:00+05:30,124.13767336183363,124.80972769500707,118.95327514818045,121.35346221923828,7527346,0.0,0.0
2017-11-10 00:00:00+05:30,121.60948639923731,123.30561480298772,120.55340792390393,122.31354522705078,6035746,0.0,0.0
2017-11-13 00:00:00+05:30,121.57748096735764,121.80150234704855,117.48116536513601,117.8971939086914,6894203,0.0,0.0
2017-11-14 00:00:00+05:30,118.3452308993802,118.4732487014633,116.07306140821152,116.48908996582031,4663077,0.0,0.0
2017-11-15 00:00:00+05:30,115.59302341674899,116.10505555717288,112.5207817422704,113.640869140625,7701984,0.0,0.0
2017-11-16 00:00:00+05:30,116.80913434667936,116.90513794780607,113.35286797667557,114.66496276855469,7245718,0.0,0.0
2017-11-17 00:00:00+05:30,116.7451063820098,117.44916522999787,113.41684861214831,113.6728744506836,6851616,0.0,0.0
2017-11-20 00:00:00+05:30,114.37690238598346,115.49698958572439,113.73685255756007,115.20896911621094,4004561,0.0,0.0
2017-11-21 00:00:00+05:30,115.78501892089844,116.48907769262809,114.0568862051092,115.78501892089844,5170506,0.0,0.0
2017-11-22 00:00:00+05:30,115.97706012306058,116.96913959409937,115.20900206258762,116.04106903076172,3217008,0.0,0.0
2017-11-23 00:00:00+05:30,116.42508140032275,116.96912776158264,115.52901538148107,116.29707336425781,3511238,0.0,0.0
2017-11-24 00:00:00+05:30,116.80913514195227,116.87314405406501,115.46502611869484,115.84906005859375,2358579,0.0,0.0
2017-11-27 00:00:00+05:30,116.71310273525494,118.05720166039855,116.20106086389178,117.80118560791016,6930971,0.0,0.0
2017-11-28 00:00:00+05:30,117.3211296093586,117.5771456213122,115.20896332839439,116.00902557373047,10710188,0.0,0.0
2017-11-29 00:00:00+05:30,115.8490367978103,117.92919906075441,115.8490367978103,116.77710723876953,5407391,0.0,0.0
2017-11-30 00:00:00+05:30,115.8490366395086,116.48908656569373,114.85695730064428,115.62501525878906,9645385,0.0,0.0
2017-12-01 00:00:00+05:30,116.48909911732595,117.19315801854626,114.56894913187553,114.98497772216797,3451636,0.0,0.0
2017-12-04 00:00:00+05:30,116.00904137837276,117.64117053449054,115.75302533154047,116.23306274414062,6347567,0.0,0.0
2017-12-05 00:00:00+05:30,115.2729756165529,115.65699964581677,113.4808341808328,114.18488311767578,4550575,0.0,0.0
2017-12-06 00:00:00+05:30,114.18488412248595,114.69692593239546,112.2647346601142,112.55276489257812,4194219,0.0,0.0
2017-12-07 00:00:00+05:30,112.36074893023996,113.51284057054939,112.2327409182912,113.3208236694336,4373514,0.0,0.0
2017-12-08 00:00:00+05:30,113.60887344931763,116.10506450869117,113.57686899647688,115.36901092529297,4832733,0.0,0.0
2017-12-11 00:00:00+05:30,116.45705955056245,116.45705955056245,113.73684789136311,114.5049057006836,2310668,0.0,0.0
2017-12-12 00:00:00+05:30,115.46499360567198,117.89718508525993,115.33698558388019,117.3211441040039,6983526,0.0,0.0
2017-12-13 00:00:00+05:30,117.57715403320488,119.68932046528107,117.1931299878,117.70516204833984,11488267,0.0,0.0
2017-12-14 00:00:00+05:30,119.01729926985888,119.49733678487557,116.74511974550227,117.99322509765625,5885128,0.0,0.0
2017-12-15 00:00:00+05:30,118.50522311254215,119.11327826925374,116.68108694156366,117.12911987304688,7297568,0.0,0.0
2017-12-18 00:00:00+05:30,117.12912836513394,117.7051693521785,113.28882907447381,117.1611328125,4785160,0.0,0.0
2017-12-19 00:00:00+05:30,117.16113570150907,119.04928094603176,117.12913125335382,118.53723907470703,4240135,0.0,0.0
2017-12-20 00:00:00+05:30,122.05751666488024,122.31354249035073,120.00935889304952,120.32938385009766,8877376,0.0,0.0
2017-12-21 00:00:00+05:30,120.90542486622964,121.35346761920633,119.75334283396566,120.32938385009766,3893100,0.0,0.0
2017-12-22 00:00:00+05:30,120.77741200853097,124.04167034648569,120.16936656772386,123.78564453125,8914713,0.0,0.0
2017-12-26 00:00:00+05:30,124.71369366377807,126.18580022809785,123.33758088591837,123.97763061523438,11345494,0.0,0.0
2017-12-27 00:00:00+05:30,125.00171478398487,125.4497476437214,122.47352029240093,123.2735824584961,7260402,0.0,0.0
2017-12-28 00:00:00+05:30,123.62561324228524,124.42567548114648,122.92156433191819,123.52960968017578,12772109,0.0,0.0
2017-12-29 00:00:00+05:30,124.16969376188331,125.38578479423337,123.20961881011617,124.93775177001953,5899591,0.0,0.0
2018-01-01 00:00:00+05:30,124.9377457749599,125.25777074352607,122.88958792941372,123.11360931396484,5899565,0.0,0.0
2018-01-02 00:00:00+05:30,125.28977660389363,126.4098640064827,124.80973914564116,125.99383544921875,12878378,0.0,0.0
2018-01-03 00:00:00+05:30,126.34586053560709,126.34586053560709,123.529644566045,123.81766510009766,8032715,0.0,0.0
2018-01-04 00:00:00+05:30,125.00174153553974,128.00997397057097,124.93773264200007,127.68994903564453,12740860,0.0,0.0
2018-01-05 00:00:00+05:30,128.61803100809112,128.61803100809112,125.64180275107101,127.01790618896484,6812787,0.0,0.0
2018-01-08 00:00:00+05:30,126.72986663014039,127.94595740337043,125.89779989595836,126.34583282470703,4858711,0.0,0.0
2018-01-09 00:00:00+05:30,127.04992638989752,127.36995139339852,125.76982637589352,126.08985137939453,4598757,0.0,0.0
2018-01-10 00:00:00+05:30,126.92187355060155,128.00995622523916,126.24981932714212,126.66584777832031,7673209,0.0,0.0
2018-01-11 00:00:00+05:30,126.72985666298678,127.81793933762438,126.08980688186058,126.66584777832031,5701402,0.0,0.0
2018-01-12 00:00:00+05:30,127.3058942633949,129.25804799856388,126.50583205770141,128.489990234375,9291346,0.0,0.0
2018-01-15 00:00:00+05:30,127.68993413962242,128.23398037208452,125.44975985647115,125.83379364013672,4500523,0.0,0.0
2018-01-16 00:00:00+05:30,126.47385263980001,126.88988113039464,124.80971914465047,126.21782684326172,5778244,0.0,0.0
2018-01-17 00:00:00+05:30,125.64180058014223,127.1459120242997,124.2336927169188,125.25776672363281,6306388,0.0,0.0
2018-01-18 00:00:00+05:30,125.7057952978502,126.40985408793246,123.68964203793897,124.23368835449219,6247782,0.0,0.0
2018-01-19 00:00:00+05:30,124.26565104014982,125.54575049878184,122.88954802867391,123.97763061523438,5046015,0.0,0.0
2018-01-22 00:00:00+05:30,126.72990521227925,131.8183009682825,126.72990521227925,128.45803833007812,23165754,0.0,0.0
2018-01-23 00:00:00+05:30,129.29008447341909,133.57841700515118,128.2660006898472,132.71435546875,15755015,0.0,0.0
2018-01-24 00:00:00+05:30,133.89844058647404,135.6905823060578,133.13038263990575,134.95452880859375,16132441,0.0,0.0
2018-01-25 00:00:00+05:30,135.946599728506,136.23463000694392,132.5543429499684,133.45040893554688,10247173,0.0,0.0
2018-01-29 00:00:00+05:30,133.13037469755764,133.41839518953955,130.73018765373146,131.3062286376953,7620080,0.0,0.0
2018-01-30 00:00:00+05:30,130.47418412477188,133.13038746818322,130.25016273930424,131.0822296142578,7323876,0.0,0.0
2018-01-31 00:00:00+05:30,129.93013439509605,130.95421817865645,127.2419266712335,130.21815490722656,11990243,0.0,0.0
2018-02-01 00:00:00+05:30,130.6021822749817,132.52233194891022,124.16967891404391,124.74571990966797,10015459,0.0,0.0
2018-02-02 00:00:00+05:30,124.16967512398459,126.56986214313378,120.3293758933459,123.33760833740234,12239774,0.0,0.0
2018-02-05 00:00:00+05:30,123.14559593564331,123.17760038368206,120.3293803031871,120.80941772460938,7607002,0.0,0.0
2018-02-06 00:00:00+05:30,116.48908768237627,119.68933734398,115.27299671752161,118.69725799560547,5935676,0.0,0.0
2018-02-07 00:00:00+05:30,120.36134869600707,122.56951821979723,119.68929455405787,121.60944366455078,8644010,0.0,0.0
2018-02-08 00:00:00+05:30,121.609479225688,122.63356295730095,120.32937944436497,120.77741241455078,4540513,0.0,0.0
2018-02-09 00:00:00+05:30,119.94536291113845,121.73750481686818,118.15323077179639,119.91336822509766,7314145,0.0,0.0
2018-02-12 00:00:00+05:30,122.88959219568063,124.48971709406189,121.83351366930393,122.24954223632812,14960914,0.0,0.0
2018-02-14 00:00:00+05:30,122.24950535236425,122.889555118607,117.96117387181474,118.88924407958984,4960527,0.0,0.0
2018-02-15 00:00:00+05:30,119.75334251009915,120.96943343703855,118.4092337875774,120.52140045166016,5046557,0.0,0.0
2018-02-16 00:00:00+05:30,120.07338614421388,121.16146921121354,119.36932722453803,119.6253433227539,4167034,0.0,0.0
2018-02-19 00:00:00+05:30,119.94537178697635,119.94537178697635,116.3931019314686,118.60127258300781,4265576,0.0,0.0
2018-02-20 00:00:00+05:30,118.92125038823106,120.64938283094111,118.2812006119396,119.6893081665039,5328584,0.0,0.0
2018-02-21 00:00:00+05:30,120.32936404189807,122.12150545962888,118.21719771980051,121.7054672241211,4651807,0.0,0.0
2018-02-22 00:00:00+05:30,120.0093932561238,120.58543443719742,118.56928053705032,119.11332702636719,8629189,0.0,0.0
2018-02-23 00:00:00+05:30,119.72131600712794,122.1535071793551,119.36928666689766,121.48145294189453,4880302,0.0,0.0
2018-02-26 00:00:00+05:30,121.83350372314453,122.8575777146735,121.28945739555445,121.83350372314453,2721955,0.0,0.0
2018-02-27 00:00:00+05:30,122.24950799511977,124.3936786649388,119.11326797928572,120.64938354492188,6611097,0.0,0.0
2018-02-28 00:00:00+05:30,120.13736659768635,121.73749137859956,119.2413006269296,120.52140045166016,6147245,0.0,0.0
2018-03-01 00:00:00+05:30,120.26539609693562,121.73751311145878,119.91337639540063,121.41748809814453,3450224,0.0,0.0
2018-03-05 00:00:00+05:30,120.96942341843743,121.22543945562583,117.89718214024758,118.7612533569336,5082390,0.0,0.0
2018-03-06 00:00:00+05:30,119.36931918721184,119.62533526818976,118.08921924954737,118.6652603149414,2906142,0.0,0.0
2018-03-07 00:00:00+05:30,118.40925001244241,118.56926251245923,114.44094196530301,116.16907501220703,4482279,0.0,0.0
2018-03-08 00:00:00+05:30,116.48908897022017,116.93712197452054,114.82495522123364,115.30499267578125,3288627,0.0,0.0
2018-03-09 00:00:00+05:30,115.40100722252168,117.09713567294686,114.88896531242011,115.14498138427734,2053847,0.0,0.0
2018-03-12 00:00:00+05:30,115.78501707562859,117.96119248404733,114.56892623444305,117.67317199707031,4161129,0.0,0.0
2018-03-13 00:00:00+05:30,118.19157030157201,119.35793649868721,117.64079313028984,118.96915435791016,2457755,2.25,0.0
2018-03-14 00:00:00+05:30,118.4507926209857,119.29316893017433,116.47445086526457,117.02523803710938,4846612,0.0,0.0
2018-03-15 00:00:00+05:30,117.34918126250508,117.54356735144596,115.82642431653449,116.83079528808594,5145739,0.0,0.0
2018-03-16 00:00:00+05:30,116.83076954584412,116.92796256889925,114.10925613903362,114.78962707519531,8194541,0.0,0.0
2018-03-19 00:00:00+05:30,115.14605298936318,115.5996370472074,114.14168193367114,114.59527587890625,5782668,0.0,0.0
2018-03-20 00:00:00+05:30,114.3036932819315,115.17847043002789,112.48935679125982,112.81334686279297,3020586,0.0,0.0
2018-03-21 00:00:00+05:30,113.8500616783126,114.88683342979186,112.5217009615386,113.75286865234375,4055822,0.0,0.0
2018-03-22 00:00:00+05:30,114.6924564945383,117.73796042397747,114.40086748092847,115.92361450195312,8348549,0.0,0.0
2018-03-23 00:00:00+05:30,114.17407089623033,116.34480779174771,114.14166991963951,114.95164489746094,6884971,0.0,0.0
2018-03-26 00:00:00+05:30,116.28000546853842,116.28000546853842,114.04447651434317,115.92361450195312,4169998,0.0,0.0
2018-03-27 00:00:00+05:30,116.9927915499482,117.34918252917011,114.85445556200683,116.37721252441406,3823981,0.0,0.0
2018-03-28 00:00:00+05:30,115.66444528853141,115.98843533135644,114.1092970379279,115.21086120605469,6229049,0.0,0.0
2018-04-02 00:00:00+05:30,116.05323440897308,117.21959062422611,115.59964045038446,116.60401153564453,2235832,0.0,0.0
2018-04-03 00:00:00+05:30,115.146042995976,116.11801298731073,114.3036670260079,115.01644897460938,3552271,0.0,0.0
2018-04-04 00:00:00+05:30,115.6644350976867,115.6644350976867,113.2021090116864,113.65569305419922,3353172,0.0,0.0
2018-04-05 00:00:00+05:30,114.36849069033275,115.27565889949193,113.6881095897674,114.98406982421875,5375271,0.0,0.0
2018-04-06 00:00:00+05:30,116.21521497379383,116.21521497379383,114.30366609646859,114.6600570678711,3633964,0.0,0.0
2018-04-09 00:00:00+05:30,114.75725856855875,116.08560961944804,114.23887260637788,115.59962463378906,4046065,0.0,0.0
2018-04-10 00:00:00+05:30,116.24761284146521,117.02519678346073,115.47003878686023,116.76599884033203,5180326,0.0,0.0
2018-04-11 00:00:00+05:30,117.60837321784625,120.1354913320339,116.86320015241385,118.02955627441406,11607043,0.0,0.0
2018-04-12 00:00:00+05:30,118.67754625884285,119.22833327512465,117.2843930586824,117.77037811279297,4277125,0.0,0.0
2018-04-13 00:00:00+05:30,117.80275604258648,118.9043199722081,117.3491720583175,118.25634002685547,3050131,0.0,0.0
2018-04-16 00:00:00+05:30,118.06198256969779,118.15918552563538,116.50683414862175,117.6083984375,2308502,0.0,0.0
2018-04-17 00:00:00+05:30,117.77039485238684,117.9971918648313,116.18284542745356,117.15481567382812,2721706,0.0,0.0
2018-04-18 00:00:00+05:30,117.31679605907937,118.54795426239423,117.28439507743605,117.99717712402344,3279393,0.0,0.0
2018-04-19 00:00:00+05:30,118.74233881446963,120.6862788769166,117.77036878324614,119.1959228515625,5004280,0.0,0.0
2018-04-20 00:00:00+05:30,119.87629210183013,119.87629210183013,117.34917422328789,118.15914916992188,1618027,0.0,0.0
2018-04-23 00:00:00+05:30,118.83954260322791,119.06633958596724,116.24762228571026,117.3167953491211,3930421,0.0,0.0
2018-04-24 00:00:00+05:30,117.99718786242674,118.61276702010532,117.60839582210748,118.35356903076172,4080212,0.0,0.0
2018-04-25 00:00:00+05:30,117.67319247221822,118.22396963581654,115.79404421213961,116.280029296875,3629856,0.0,0.0
2018-04-26 00:00:00+05:30,116.28003849713396,117.80279583807786,114.88688509895411,117.15481567382812,6742459,0.0,0.0
2018-04-27 00:00:00+05:30,117.25197607502932,118.58033701911486,116.34480805278986,117.08998107910156,4687951,0.0,0.0
2018-04-30 00:00:00+05:30,115.66442925326591,117.89995826135521,115.53483523158059,116.99279022216797,3335191,0.0,0.0
2018-05-02 00:00:00+05:30,117.60839244401389,117.60839244401389,116.15043716578231,116.6688232421875,4157973,0.0,0.0
2018-05-03 00:00:00+05:30,116.60403710010186,118.15919554038003,116.44204204720164,117.3492202758789,2796713,0.0,0.0
2018-05-04 00:00:00+05:30,117.8027949919414,119.9735225941508,116.3448396328515,116.79842376708984,5325720,0.0,0.0
2018-05-07 00:00:00+05:30,117.44637772805832,119.55231277697523,117.15478869876328,119.16352081298828,4799480,0.0,0.0
2018-05-08 00:00:00+05:30,119.77910659818491,120.62147268576375,116.28000867617315,118.6451416015625,5730645,0.0,0.0
2018-05-09 00:00:00+05:30,119.48753083733425,120.36230795915435,118.06197654288727,118.48316955566406,3075560,0.0,0.0
2018-05-10 00:00:00+05:30,119.5199351421258,122.69504376844061,118.90435598507662,121.98226165771484,10328901,0.0,0.0
2018-05-11 00:00:00+05:30,122.17665798333783,122.4682470703125,120.71870266107221,121.49627685546875,4926216,0.0,0.0
2018-05-14 00:00:00+05:30,121.4962540385879,122.14423406012703,119.77911093646537,121.33425903320312,3255344,0.0,0.0
2018-05-15 00:00:00+05:30,122.46824645996094,124.41218687996032,119.35793981048347,122.46824645996094,5877427,0.0,0.0
2018-05-16 00:00:00+05:30,122.43583779023733,122.43583779023733,113.91490343905237,120.65389251708984,8348946,0.0,0.0
2018-05-17 00:00:00+05:30,120.49188476646954,122.72741389556104,119.8439047355798,122.20903778076172,4519306,0.0,0.0
2018-05-18 00:00:00+05:30,122.4682102244687,124.25015508223214,119.61710240700295,119.90869140625,4488003,0.0,0.0
2018-05-21 00:00:00+05:30,120.81585049348497,122.24140429737554,120.00587561770753,120.36226654052734,3380355,0.0,0.0
2018-05-22 00:00:00+05:30,120.65388521145815,122.14424132714556,119.22833105673625,120.00590515136719,3796268,0.0,0.0
2018-05-23 00:00:00+05:30,119.16352329694621,120.10310224826844,112.94292095521925,113.65569305419922,5590802,0.0,0.0
2018-05-24 00:00:00+05:30,113.78530045088502,114.10929047507616,100.53410055155466,108.66625213623047,34819270,0.0,0.0
2018-05-25 00:00:00+05:30,107.56467130637066,114.17406479470593,105.52353842629586,113.68807983398438,12361678,0.0,0.0
2018-05-28 00:00:00+05:30,113.39651682524742,115.85884316807397,112.55414072278155,113.78530883789062,8087040,0.0,0.0
2018-05-29 00:00:00+05:30,114.17405161472634,114.9516254846417,112.26251296736288,113.75286865234375,11015160,0.0,0.0
2018-05-30 00:00:00+05:30,113.65570332324026,115.66444554822199,111.90615906553536,112.74853515625,12554659,0.0,0.0
2018-05-31 00:00:00+05:30,115.14606360924226,116.8632168337697,113.42892027210664,115.2756576538086,23822373,0.0,0.0
2018-06-01 00:00:00+05:30,114.04448677123753,114.04448677123753,110.54539851843994,112.23014068603516,9847581,0.0,0.0
2018-06-04 00:00:00+05:30,113.65567528408478,113.65567528408478,110.41577564785216,110.86936950683594,5294603,0.0,0.0
2018-06-05 00:00:00+05:30,110.48061235785461,111.64697857136903,109.63823620990574,110.93419647216797,5918946,0.0,0.0
2018-06-06 00:00:00+05:30,110.96656928623543,111.61454925287038,110.02700031209267,110.35099029541016,3331408,0.0,0.0
2018-06-07 00:00:00+05:30,110.22140008780512,112.58652309278386,110.22140008780512,111.87374114990234,5086661,0.0,0.0
2018-06-08 00:00:00+05:30,112.74851890038681,113.33169693974314,111.51736086735009,112.55412292480469,4323567,0.0,0.0
2018-06-11 00:00:00+05:30,112.7809144763806,112.94290946704263,111.77654355679813,112.29492950439453,3192749,0.0,0.0
2018-06-12 00:00:00+05:30,112.0033607640356,113.78530598373457,110.67499962278174,111.06378173828125,4564556,0.0,0.0
2018-06-13 00:00:00+05:30,110.67499459940488,111.4525686825023,109.2494404658278,110.15660858154297,5321172,0.0,0.0
2018-06-14 00:00:00+05:30,109.83261135565421,110.67498734352961,108.21266133565932,109.18463134765625,4188442,0.0,0.0
2018-06-15 00:00:00+05:30,107.82389214841216,109.05506035606632,106.62513481287141,107.20831298828125,7589493,0.0,0.0
2018-06-18 00:00:00+05:30,106.85191786442476,108.47186816490054,105.78275462106755,106.65753173828125,4390244,0.0,0.0
2018-06-19 00:00:00+05:30,107.17589911210638,108.08307713821634,105.94474093993215,106.78711700439453,4413184,0.0,0.0
2018-06-20 00:00:00+05:30,106.91671837310088,106.91671837310088,105.06997110079058,105.4587631225586,5768211,0.0,0.0
2018-06-21 00:00:00+05:30,106.07432668117497,106.07432668117497,102.54283757013955,103.48240661621094,12638114,0.0,0.0
2018-06-22 00:00:00+05:30,104.09798785981057,104.09798785981057,102.8020277998695,103.38521575927734,5371207,0.0,0.0
2018-06-25 00:00:00+05:30,103.90359933344718,104.13038640620455,101.14968427040641,101.50606536865234,5899032,0.0,0.0
2018-06-26 00:00:00+05:30,101.34407309508322,102.96402317580636,101.11728601621635,102.57524108886719,5960446,0.0,0.0
2018-06-27 00:00:00+05:30,102.60763386218251,102.93162385241688,100.08050600592048,101.24687194824219,7034207,0.0,0.0
2018-06-28 00:00:00+05:30,101.27926583981433,102.76962166811349,98.36335613168563,99.46492004394531,17670403,0.0,0.0
2018-06-29 00:00:00+05:30,100.53411728759012,103.25564185376388,99.8861371313378,102.64005279541016,7079407,0.0,0.0
2018-07-02 00:00:00+05:30,102.28364405782078,102.38083710011179,99.46492718270353,100.7608871459961,9196529,0.0,0.0
2018-07-03 00:00:00+05:30,100.46931154725488,104.71358297124738,100.24251456843886,102.18645477294922,12087830,0.0,0.0
2018-07-04 00:00:00+05:30,102.25124295718612,102.38083697588016,100.46929800982112,101.08487701416016,5194030,0.0,0.0
2018-07-05 00:00:00+05:30,101.08487477353283,102.12164667488388,99.91850885636029,101.34406280517578,6807718,0.0,0.0
2018-07-06 00:00:00+05:30,101.66806949454389,101.95966843729484,100.59890632909455,100.72850036621094,3633191,0.0,0.0
2018-07-09 00:00:00+05:30,101.08488966848098,102.6400378622704,100.56650364142081,101.99205780029297,4379183,0.0,0.0
2018-07-10 00:00:00+05:30,102.70483306575306,103.54720906837613,101.95965999846561,102.34844207763672,5276248,0.0,0.0
2018-07-11 00:00:00+05:30,102.38085385902579,102.8668389248123,101.40888372745276,102.4456558227539,6653936,0.0,0.0
2018-07-12 00:00:00+05:30,103.41762241840836,103.80640452530996,100.2749151454836,102.99642944335938,8165181,0.0,0.0
2018-07-13 00:00:00+05:30,103.06122850483735,103.06122850483735,99.52973922438338,99.85372924804688,3523600,0.0,0.0
2018-07-16 00:00:00+05:30,100.89049812188242,101.1820871851537,99.17335483686917,99.65933990478516,3680440,0.0,0.0
2018-07-17 00:00:00+05:30,99.30295238524735,101.63568474860142,98.78456631701401,101.18209075927734,3952416,0.0,0.0
2018-07-18 00:00:00+05:30,101.6680401291418,106.78708715949942,101.63564904476185,103.87117767333984,16571981,0.0,0.0
2018-07-19 00:00:00+05:30,105.42633949412779,107.04628942454582,104.19518150196596,104.81076049804688,8472466,0.0,0.0
2018-07-20 00:00:00+05:30,104.8107681286155,104.97276313345108,101.47367498395889,102.34844207763672,5475594,0.0,0.0
2018-07-23 00:00:00+05:30,102.41323119869675,102.8668151779089,100.30729639977893,101.4412612915039,4553137,0.0,0.0
2018-07-24 00:00:00+05:30,101.8624496459961,102.5104296181556,100.9876826160146,101.8624496459961,3943002,0.0,0.0
2018-07-25 00:00:00+05:30,102.21882717236751,104.16276683333172,101.89483722887348,103.06120300292969,4063454,0.0,0.0
2018-07-26 00:00:00+05:30,103.15841045889957,106.26871632893162,102.51043048128412,105.32914733886719,8778489,0.0,0.0
2018-07-27 00:00:00+05:30,105.29676203866877,105.49115803837226,103.77400490961459,104.5191879272461,3542015,0.0,0.0
2018-07-30 00:00:00+05:30,104.61638110988886,107.85628148422666,104.42198510995034,106.33353424072266,9599714,0.0,0.0
2018-07-31 00:00:00+05:30,107.43511752574294,108.05069672902941,105.62077101548303,107.37031555175781,6815180,0.0,0.0
2018-08-01 00:00:00+05:30,107.07870314937944,109.34663332198355,107.01390118949155,108.3422622680664,4618179,0.0,0.0
2018-08-02 00:00:00+05:30,109.76783109422612,110.67500921715056,107.07871748451885,107.82389068603516,7825776,0.0,0.0
2018-08-03 00:00:00+05:30,110.41580656528289,110.80459858545173,107.69429208627648,108.08308410644531,12172870,0.0,0.0
2018-08-06 00:00:00+05:30,108.2774630902511,109.96220517548164,108.08306711073483,109.67061614990234,5159560,0.0,0.0
2018-08-07 00:00:00+05:30,110.15658722959135,110.15658722959135,107.92105846623333,108.56903839111328,4300164,0.0,0.0
2018-08-08 00:00:00+05:30,108.60146706495433,112.03575363286325,108.60146706495433,111.77656555175781,7991348,0.0,0.0
2018-08-09 00:00:00+05:30,111.80895005151883,112.0357371172066,109.0874360515354,109.44381713867188,4437178,0.0,0.0
2018-08-10 00:00:00+05:30,109.76780919596536,110.73977920615651,108.95783418747273,109.67061614990234,4341382,0.0,0.0
2018-08-13 00:00:00+05:30,109.44382892597363,109.44382892597363,107.24070066189418,107.59709167480469,3731211,0.0,0.0
2018-08-14 00:00:00+05:30,107.79147889704156,108.21266194967399,106.81950887952952,107.72667694091797,3791016,0.0,0.0
2018-08-16 00:00:00+05:30,107.49990248811207,107.9534965011613,106.17155109598686,106.56033325195312,4184404,0.0,0.0
2018-08-17 00:00:00+05:30,106.59272159050764,106.91671162573714,105.29676144958961,105.65315246582031,4754545,0.0,0.0
2018-08-20 00:00:00+05:30,106.2687276313339,110.09180595091946,106.2687276313339,109.3142318725586,9674107,0.0,0.0
2018-08-21 00:00:00+05:30,110.02700580302327,110.9665748240555,108.08306580610551,110.28619384765625,5181397,0.0,0.0
2018-08-23 00:00:00+05:30,110.8046086693004,111.7765789207855,109.4438463622642,111.38778686523438,6635245,0.0,0.0
2018-08-24 00:00:00+05:30,110.80459463749833,114.36848510829506,110.67500059785674,113.2345199584961,9867693,0.0,0.0
2018-08-27 00:00:00+05:30,113.68808945226571,114.62765847833927,113.39650042864153,114.0768814086914,3612496,0.0,0.0
2018-08-28 00:00:00+05:30,114.17406052902206,115.66441633036449,112.2625217324126,113.13729858398438,5439278,0.0,0.0
2018-08-29 00:00:00+05:30,113.39649911654199,115.79402312038515,112.8133210760415,114.69245910644531,6288920,0.0,0.0
2018-08-30 00:00:00+05:30,114.62767878226624,117.86757936839466,114.14169369434698,114.98406982421875,11296260,0.0,0.0
2018-08-31 00:00:00+05:30,115.82644710395306,117.44639741309926,115.17846698029459,116.6688232421875,8916222,0.0,0.0
2018-09-03 00:00:00+05:30,117.12236954789834,117.12236954789834,114.46564794344692,114.8868408203125,3168480,0.0,0.0
2018-09-04 00:00:00+05:30,115.17844699183509,115.43763504136129,112.48933390028704,112.9753189086914,2874936,0.0,0.0
2018-09-05 00:00:00+05:30,112.84571194448284,113.3964988940672,110.64258392092556,112.55412292480469,3735722,0.0,0.0
2018-09-06 00:00:00+05:30,112.74850455122895,114.14165740538346,110.545376808057,113.07249450683594,6809374,0.0,0.0
2018-09-07 00:00:00+05:30,113.39652933992731,113.39652933992731,110.86941064102315,111.38778686523438,5309239,0.0,0.0
2018-09-10 00:00:00+05:30,110.48058143724136,110.99896737454206,108.9254335127286,109.28181457519531,5569685,0.0,0.0
2018-09-11 00:00:00+05:30,109.31424198363776,110.15661809952422,108.47186586775128,108.73106384277344,8750333,0.0,0.0
2018-09-12 00:00:00+05:30,107.69427535178289,110.67498734352961,107.69427535178289,109.18463134765625,5610743,0.0,0.0
2018-09-14 00:00:00+05:30,109.83262631920431,112.2949526625409,109.11984425834133,111.80896759033203,4720460,0.0,0.0
2018-09-17 00:00:00+05:30,110.86939659204418,112.45694582415598,110.57779764363488,111.2581787109375,4012086,0.0,0.0
2018-09-18 00:00:00+05:30,111.67935475005386,113.13730972126923,111.29056280277378,112.6837158203125,6426239,0.0,0.0
2018-09-19 00:00:00+05:30,113.14086157588635,116.699980480995,113.14086157588635,115.58979797363281,10038603,1.35,0.0
2018-09-21 00:00:00+05:30,115.78573974865945,118.56120159559553,115.39390585495678,117.81018829345703,9298030,0.0,0.0
2018-09-24 00:00:00+05:30,118.20201947447245,121.07543474651557,117.09183675412622,117.94080352783203,13799885,0.0,0.0
2018-09-25 00:00:00+05:30,118.8224158148685,120.5856483813091,117.15713673804972,119.05098724365234,8363857,0.0,0.0
2018-09-26 00:00:00+05:30,120.68361082655494,120.68361082655494,116.86326532725364,117.94080352783203,6680285,0.0,0.0
2018-09-27 00:00:00+05:30,118.26731814135982,118.69179650886203,114.31636501290187,114.80615234375,7853039,0.0,0.0
2018-09-28 00:00:00+05:30,115.58982049308796,118.20201982626509,112.5531427541694,115.72042846679688,8598293,0.0,0.0
2018-10-01 00:00:00+05:30,117.0918138155957,118.2673052746956,114.0551267158586,116.8958969116211,4582462,0.0,0.0
2018-10-03 00:00:00+05:30,116.17755142402456,119.83463416369347,116.17755142402456,118.49588012695312,8893914,0.0,0.0
2018-10-04 00:00:00+05:30,117.87547646101584,119.21423040269167,106.67567755879085,112.58576965332031,7866152,0.0,0.0
2018-10-05 00:00:00+05:30,104.52062276468033,104.52062276468033,95.08405512219433,96.03097534179688,35255036,0.0,0.0
2018-10-08 00:00:00+05:30,97.30440911766614,98.51255509596591,94.49629330454228,97.82685089111328,11709162,0.0,0.0
2018-10-09 00:00:00+05:30,98.28399047576833,99.19825616871321,94.98608714127288,95.76974487304688,6818577,0.0,0.0
2018-10-10 00:00:00+05:30,95.41055824136538,98.90436790431565,95.41055824136538,97.04318237304688,10873198,0.0,0.0
2018-10-11 00:00:00+05:30,95.41055754125651,104.2267277876448,95.41055754125651,99.88394165039062,15633772,0.0,0.0
2018-10-12 00:00:00+05:30,101.02679152072697,103.41042902074531,100.6023131809385,102.79002380371094,6089606,0.0,0.0
2018-10-15 00:00:00+05:30,103.80224932403215,105.07569426450893,102.30023299934899,104.58590698242188,4679911,0.0,0.0
2018-10-16 00:00:00+05:30,105.76140485675364,109.18991603897621,105.20631854895711,108.1450424194336,8912396,0.0,0.0
2018-10-17 00:00:00+05:30,108.7980833741468,109.25521616854286,104.84713071913907,105.85935974121094,5347724,0.0,0.0
2018-10-19 00:00:00+05:30,106.12058380727193,106.93689599040479,102.52881020148733,104.78182983398438,7258192,0.0,0.0
2018-10-22 00:00:00+05:30,105.1410281987711,105.66347008339203,101.38599147738641,101.84312438964844,5476435,0.0,0.0
2018-10-23 00:00:00+05:30,101.45128035076068,102.79002433614251,98.545201057278,101.48392486572266,8239765,0.0,0.0
2018-10-24 00:00:00+05:30,103.14920078489483,104.2920377893977,100.30844049540787,103.01859283447266,8342857,0.0,0.0
2018-10-25 00:00:00+05:30,102.52881445647184,106.31650513634858,99.9492698436696,101.45128631591797,32100452,0.0,0.0
2018-10-26 00:00:00+05:30,101.87578803150066,102.39822996307394,97.72891703277955,99.13298034667969,9427229,0.0,0.0
2018-10-29 00:00:00+05:30,99.59007160598318,101.71248296807791,98.34928125711886,101.15738677978516,5954637,0.0,0.0
2018-10-30 00:00:00+05:30,101.22269542149525,101.22269542149525,99.3288554285402,99.88394165039062,4156028,0.0,0.0
2018-10-31 00:00:00+05:30,100.56965943378493,101.22270917036795,98.87172613276981,100.07987213134766,7562821,0.0,0.0
2018-11-01 00:00:00+05:30,101.54923761451263,101.745154535336,100.1451846173175,100.73292541503906,5220182,0.0,0.0
2018-11-02 00:00:00+05:30,101.54922411460721,103.47571865630789,101.28800823140101,102.75736999511719,7789972,0.0,0.0
2018-11-05 00:00:00+05:30,107.75320776779225,107.75320776779225,100.70026853913255,101.19005584716797,15261029,0.0,0.0
2018-11-06 00:00:00+05:30,101.84310778633517,103.31246974211196,100.43905479227008,101.90841674804688,7749980,0.0,0.0
2018-11-07 00:00:00+05:30,102.88800325388961,103.08392019687624,102.26760790505666,102.52882385253906,491522,0.0,0.0
2018-11-09 00:00:00+05:30,103.18186174795095,103.18186174795095,101.32066595204103,102.13697814941406,6478458,0.0,0.0
2018-11-12 00:00:00+05:30,102.49615754445819,103.44307770078686,101.45128391031047,101.90841674804688,4686739,0.0,0.0
2018-11-13 00:00:00+05:30,101.9084077649058,103.18185268804288,101.67983638381172,102.20227813720703,5499454,0.0,0.0
2018-11-14 00:00:00+05:30,102.98593289599687,107.03483893292353,102.6920625319392,105.14099884033203,15008061,0.0,0.0
2018-11-15 00:00:00+05:30,105.40219932168058,105.79403305965172,103.24714365707699,103.73693084716797,3468318,0.0,0.0
2018-11-16 00:00:00+05:30,103.18185235738767,103.18185235738767,99.7859959183219,102.10432434082031,7515249,0.0,0.0
2018-11-19 00:00:00+05:30,101.8757453777619,102.20227020269063,99.98190537907404,100.92882537841797,4614296,0.0,0.0
2018-11-20 00:00:00+05:30,100.92880765040147,101.74511956933914,99.68800755476916,99.98188781738281,5480470,0.0,0.0
2018-11-21 00:00:00+05:30,101.22270763214966,101.54923249547917,98.80642563646086,99.10029602050781,4573137,0.0,0.0
2018-11-22 00:00:00+05:30,99.59007363405526,100.7655650207181,99.03497743445843,99.42681121826172,4477092,0.0,0.0
2018-11-26 00:00:00+05:30,99.91661316723112,100.3084470086883,94.75752405495324,95.73709869384766,8093330,0.0,0.0
2018-11-27 00:00:00+05:30,96.25951720564437,96.5533975284339,94.20241473460048,95.41056060791016,9231112,0.0,0.0
2018-11-28 00:00:00+05:30,95.86770748251269,96.78197316749463,92.7657210991651,93.25550842285156,14201939,0.0,0.0
2018-11-29 00:00:00+05:30,93.97386596299083,93.97386596299083,89.89230455103416,91.81880950927734,28991042,0.0,0.0
2018-11-30 00:00:00+05:30,92.47183796940743,93.84323630811113,90.44737999093174,91.62287139892578,23675557,0.0,0.0
2018-12-03 00:00:00+05:30,92.04737914643708,93.38613340143573,91.55759173349249,93.05960845947266,8371191,0.0,0.0
2018-12-04 00:00:00+05:30,93.12490328206374,96.61871365128226,92.9942853533275,95.44322204589844,9753442,0.0,0.0
2018-12-05 00:00:00+05:30,95.3126083877205,96.71667131976196,92.99427979763908,93.84324645996094,9774733,0.0,0.0
2018-12-06 00:00:00+05:30,93.12489744655798,93.12489744655798,90.44738951122879,91.52491760253906,5771659,0.0,0.0
2018-12-07 00:00:00+05:30,91.55757516737856,92.37388737458548,90.1535221568821,91.0351333618164,10571838,0.0,0.0
2018-12-10 00:00:00+05:30,90.44739251680527,92.24327937183209,88.25967181660042,89.53312683105469,33096556,0.0,0.0
2018-12-11 00:00:00+05:30,88.814771567872,90.7412664581959,87.9984593291967,90.1861801147461,14884397,0.0,0.0
2018-12-12 00:00:00+05:30,91.10043255491253,93.05958164211495,90.67595423858435,92.53713989257812,14020937,0.0,0.0
2018-12-13 00:00:00+05:30,93.38610671845639,94.16976436230512,92.4065321724586,93.58202362060547,11251819,0.0,0.0
2018-12-14 00:00:00+05:30,93.38611457526537,98.2186787561979,91.81879915570573,95.90036010742188,23355616,0.0,0.0
2018-12-17 00:00:00+05:30,96.65135854171058,97.89214902357661,95.41056805984454,96.81462097167969,12767531,0.0,0.0
2018-12-18 00:00:00+05:30,96.58605894068232,97.27176320593034,95.54118526650575,96.39015197753906,10474177,0.0,0.0
2018-12-19 00:00:00+05:30,96.32483368177236,97.17380031056129,96.19422573074667,96.81462097167969,7008346,0.0,0.0
2018-12-20 00:00:00+05:30,96.61869411996156,98.44723514039421,96.25951481804225,97.04318237304688,21204077,0.0,0.0
2018-12-21 00:00:00+05:30,97.30440724176992,97.50032414862909,96.39014162942422,96.9778823852539,17767999,0.0,0.0
2018-12-24 00:00:00+05:30,96.97787044761387,97.76152801383718,96.19421288139054,96.5860366821289,8200455,0.0,0.0
2018-12-26 00:00:00+05:30,96.71667333274209,97.59828452889795,95.18200241257475,95.73709869384766,9247671,0.0,0.0
2018-12-27 00:00:00+05:30,96.22688237650775,98.87172582976498,95.34526124892324,97.76154327392578,44356763,0.0,0.0
2018-12-28 00:00:00+05:30,96.781957484979,98.937023352943,96.65134954610933,98.28397369384766,10732729,0.0,0.0
2018-12-31 00:00:00+05:30,98.0554209540883,98.47990929198521,97.3697266535798,97.89215850830078,5778308,0.0,0.0
2019-01-01 00:00:00+05:30,97.95745695480193,98.02276591200426,96.6513575287379,96.9778823852539,4496586,0.0,0.0
2019-01-02 00:00:00+05:30,96.65137066051929,96.87994207703505,95.1820086065587,96.03097534179688,17436694,0.0,0.0
2019-01-03 00:00:00+05:30,94.69221124508509,95.11668958545691,92.47184613972027,92.99427795410156,26599483,0.0,0.0
2019-01-04 00:00:00+05:30,92.76571038774475,95.47586261330933,92.76571038774475,95.14933776855469,7395898,0.0,0.0
2019-01-07 00:00:00+05:30,96.35748885140191,96.91257513842694,95.18199735424889,96.55340576171875,12700566,0.0,0.0
2019-01-08 00:00:00+05:30,97.36972098063083,97.36972098063083,95.54117970139512,96.29218292236328,6163846,0.0,0.0
2019-01-09 00:00:00+05:30,96.58605355055084,96.78197046750954,94.5942597949244,94.88813018798828,4951441,0.0,0.0
2019-01-10 00:00:00+05:30,95.27993976589077,95.9982983654082,93.38609977043112,93.54936218261719,7131028,0.0,0.0
2019-01-11 00:00:00+05:30,94.0391599722441,95.0187345552883,93.8105885836346,94.46363830566406,7665486,0.0,0.0
2019-01-14 00:00:00+05:30,94.69221415617831,94.82282211378886,93.05958977417522,93.67998504638672,6028078,0.0,0.0
2019-01-15 00:00:00+05:30,94.49628315141254,95.01872486872605,94.07180486126546,94.79015350341797,3680774,0.0,0.0
2019-01-16 00:00:00+05:30,94.82283920909424,96.16159343664616,94.82283920909424,95.5738525390625,3667241,0.0,0.0
2019-01-17 00:00:00+05:30,95.67178960339777,96.29218488091378,94.33303560575888,94.69221496582031,5142302,0.0,0.0
2019-01-18 00:00:00+05:30,94.75752436977,96.45544777064563,94.75752436977,95.83505249023438,4904282,0.0,0.0
2019-01-21 00:00:00+05:30,95.99833170920901,96.12893969137352,94.10449105594786,94.4963150024414,4087312,0.0,0.0
2019-01-22 00:00:00+05:30,95.01872621198754,95.34525104433114,94.07180619114052,94.2677230834961,4113351,0.0,0.0
2019-01-23 00:00:00+05:30,94.49628921097104,95.05138543960216,93.38610671845639,93.58202362060547,4946218,0.0,0.0
2019-01-24 00:00:00+05:30,93.64732238237664,94.00650170797994,92.11266157624995,92.53713989257812,3820645,0.0,0.0
2019-01-25 00:00:00+05:30,92.79836406903571,94.33302484736794,92.50448373947981,92.7330551147461,3871762,0.0,0.0
2019-01-28 00:00:00+05:30,93.05958231527278,93.35345268752937,91.19838668306826,92.50448608398438,2910523,0.0,0.0
2019-01-29 00:00:00+05:30,92.92896770670532,93.84323323591026,91.49226046163459,92.11265563964844,7282910,0.0,0.0
2019-01-30 00:00:00+05:30,92.37387792780525,92.40653240570379,90.44738330876308,91.23104095458984,8511453,0.0,0.0
2019-01-31 00:00:00+05:30,91.55755154514536,93.25548448396137,90.93715642068238,92.24325561523438,28107358,0.0,0.0
2019-02-01 00:00:00+05:30,92.07999818142785,93.58201432910968,91.2963406153863,92.6024398803711,5260578,0.0,0.0
2019-02-04 00:00:00+05:30,93.05958557128908,96.29217970871056,93.02693109217411,95.5085220336914,9532350,0.0,0.0
2019-02-05 00:00:00+05:30,95.34528158630779,96.78198931589115,92.92899904590621,93.35347747802734,5413425,0.0,0.0
2019-02-06 00:00:00+05:30,93.64732500306513,96.48809524490565,93.05958424635571,95.8023910522461,5075180,0.0,0.0
2019-02-07 00:00:00+05:30,95.93298704948505,96.84726251403441,95.01872154968227,96.5860366821289,6080631,0.0,0.0
2019-02-08 00:00:00+05:30,95.54119387643823,96.84729356042303,93.48408089531229,94.13713073730469,4510762,0.0,0.0
2019-02-11 00:00:00+05:30,93.54937566764104,93.81059157889396,89.53312373482487,90.25147247314453,6424512,0.0,0.0
2019-02-12 00:00:00+05:30,90.44736941579097,92.04733893958318,89.17392469133374,89.76166534423828,6816203,0.0,0.0
2019-02-14 00:00:00+05:30,87.18212759835309,87.63926035685579,83.32913369678266,86.30050659179688,25346334,0.0,0.0
2019-02-15 00:00:00+05:30,90.12087741427952,92.01471795375218,87.11684418123698,88.16172790527344,37975666,0.0,0.0
2019-02-18 00:00:00+05:30,89.33720990846568,90.70860843709154,88.68416014300138,89.53312683105469,10614715,0.0,0.0
2019-02-19 00:00:00+05:30,89.59841183858697,91.65552425744497,89.59841183858697,90.87185668945312,9077045,0.0,0.0
2019-02-20 00:00:00+05:30,92.47186064628966,94.92079752818557,91.4269769241142,94.07183074951172,14236359,0.0,0.0
2019-02-21 00:00:00+05:30,94.69219247361121,97.04317503126829,94.16975079804897,95.96563720703125,13876243,0.0,0.0
2019-02-22 00:00:00+05:30,97.04318237304688,98.28397272722606,96.06360789403799,97.04318237304688,18273813,0.0,0.0
2019-02-25 00:00:00+05:30,97.30440261763364,97.53297399223172,95.14933667409228,96.48809051513672,20216077,0.0,0.0
2019-02-26 00:00:00+05:30,96.32481384277342,97.4349961449613,95.34523946471133,96.32481384277344,12458860,0.0,0.0
2019-02-27 00:00:00+05:30,97.14115452122044,97.79420429951436,95.67179252005913,96.6513671875,11868751,0.0,0.0
2019-02-28 00:00:00+05:30,97.76850607791347,102.06788721757896,96.88832692410277,100.64604187011719,48854712,5.25,0.0
2019-03-01 00:00:00+05:30,101.49240557713283,101.69552787628653,100.10442558391259,100.95075988769531,9764801,0.0,0.0
2019-03-05 00:00:00+05:30,100.71377114326722,105.3855318570855,100.10441464363116,104.94544219970703,11194669,0.0,0.0
2019-03-06 00:00:00+05:30,105.0131121269614,106.29953549408165,103.45585571908353,104.80998992919922,15648948,0.0,0.0
2019-03-07 00:00:00+05:30,104.81001698985257,105.283962019515,102.57569290004194,102.94808197021484,30210637,0.0,0.0
2019-03-08 00:00:00+05:30,102.98194774416143,103.32048141809854,99.52890013751173,101.83092498779297,17986042,0.0,0.0
2019-03-11 00:00:00+05:30,102.6095478499926,104.4714828609151,102.30486964172336,103.59129333496094,15880368,0.0,0.0
2019-03-12 00:00:00+05:30,104.26837380203187,105.35168571428447,102.3048825837056,102.81268310546875,10818012,0.0,0.0
2019-03-13 00:00:00+05:30,102.40645508933345,102.40645508933345,98.64872855534668,101.39085388183594,21001041,0.0,0.0
2019-03-14 00:00:00+05:30,101.56009624199417,103.25276451269409,101.2215625878542,102.2710189819336,6328309,0.0,0.0
2019-03-15 00:00:00+05:30,102.84651752872966,106.60424306580964,102.37257249054548,105.62249755859375,15483879,0.0,0.0
2019-03-18 00:00:00+05:30,104.9454585836094,106.50271584174116,103.99756825147516,104.70848083496094,7575127,0.0,0.0
2019-03-19 00:00:00+05:30,105.58866058787773,110.49739931338202,104.81003719839269,106.2995834350586,18289779,0.0,0.0
2019-03-20 00:00:00+05:30,106.06259817977042,106.3334313234476,101.96634890253019,102.81268310546875,28675956,0.0,0.0
2019-03-22 00:00:00+05:30,103.55744115022907,103.8959747991878,100.51063830960054,103.15120697021484,26751005,0.0,0.0
2019-03-25 00:00:00+05:30,102.91424627542226,108.70317469466052,102.03405657655776,107.41674041748047,22638399,0.0,0.0
2019-03-26 00:00:00+05:30,108.3365621171896,111.09608040141329,108.13215143006943,109.05199432373047,16694599,1.0,0.0
2019-03-27 00:00:00+05:30,109.12014224798905,109.97184492053583,107.31453674089433,109.0860824584961,10063152,0.0,0.0
2019-03-28 00:00:00+05:30,109.01793881646212,109.18827934586284,105.74739857261609,106.22434997558594,25492224,0.0,0.0
2019-04-01 00:00:00+05:30,109.35861470475673,109.66522556382922,106.15621498278571,107.1441879272461,20605152,0.0,0.0
2019-04-02 00:00:00+05:30,108.47285831871311,108.81353941292814,106.56504211175655,107.31454467773438,10435568,0.0,0.0
2019-04-03 00:00:00+05:30,108.02996660671597,108.40471785346045,105.33858830206887,105.91773986816406,8283863,0.0,0.0
2019-04-04 00:00:00+05:30,105.7814712524414,106.53097375818407,104.45281717113494,105.7814712524414,10752094,0.0,0.0
2019-04-05 00:00:00+05:30,106.29247749998757,107.07603968182852,104.89568324836017,106.66722869873047,6797106,0.0,0.0
2019-04-08 00:00:00+05:30,107.51894743358679,109.18828259199041,106.66724476126237,107.72335815429688,13120469,0.0,0.0
2019-04-09 00:00:00+05:30,108.06402690810043,108.26842720875564,107.00791363542206,107.34859466552734,8487177,0.0,0.0
2019-04-10 00:00:00+05:30,106.9397801139887,108.98386642542562,106.83757995712111,107.65521240234375,9363447,0.0,0.0
2019-04-11 00:00:00+05:30,107.65521208850099,108.60911487235309,106.22434751596224,108.06403350830078,5279154,0.0,0.0
2019-04-12 00:00:00+05:30,108.33657029102267,108.7794514825649,107.14418665574412,107.3826675415039,5631030,0.0,0.0
2019-04-15 00:00:00+05:30,107.85961452658381,107.85961452658381,106.36062009687758,106.59909057617188,3902646,0.0,0.0
2019-04-16 00:00:00+05:30,106.6331685995893,109.69929804813978,106.19028739350289,109.32454681396484,8394765,0.0,0.0
2019-04-18 00:00:00+05:30,109.59708305557116,110.51691552756088,108.37062936282572,109.42674255371094,9606055,0.0,0.0
2019-04-22 00:00:00+05:30,109.49489805433362,110.03998986677212,106.90571974282196,107.58708190917969,5543020,0.0,0.0
2019-04-23 00:00:00+05:30,107.65521911155176,112.42475413548127,107.38267841174601,111.57305145263672,10137024,0.0,0.0
2019-04-24 00:00:00+05:30,112.90168156273717,116.13815106967695,112.90168156273717,114.91169738769531,33596281,0.0,0.0
2019-04-25 00:00:00+05:30,114.70733828614009,115.83158183346566,113.48088416384495,115.04801940917969,134264338,0.0,0.0
2019-04-26 00:00:00+05:30,115.49086592906185,115.79747676810567,114.40068250495092,114.74136352539062,8708111,0.0,0.0
2019-04-30 00:00:00+05:30,114.46882089148305,116.61510712449457,113.20829697891472,115.28645324707031,9844317,0.0,0.0
2019-05-02 00:00:00+05:30,115.35461286277229,117.19428856909775,114.74138069615633,115.08206176757812,22056708,0.0,0.0
2019-05-03 00:00:00+05:30,115.04800448655568,117.12615075013525,114.94579392484364,116.00190734863281,12720120,0.0,0.0
2019-05-06 00:00:00+05:30,115.83155381380062,116.98986727258658,114.57102980476986,115.93375396728516,18962836,0.0,0.0
2019-05-07 00:00:00+05:30,116.10411051558503,117.53497524245878,114.87766691742092,116.98988342285156,9042790,0.0,0.0
2019-05-08 00:00:00+05:30,116.7854671246871,116.7854671246871,114.29849946201249,115.08206176757812,8603091,0.0,0.0
2019-05-09 00:00:00+05:30,114.0600053640778,115.89969125443389,114.0600053640778,115.4227294921875,6869953,0.0,0.0
2019-05-10 00:00:00+05:30,114.7413782178258,115.42274034595246,112.901702551236,113.3105239868164,6195094,0.0,0.0
2019-05-13 00:00:00+05:30,113.92374745781645,114.40069887533035,111.06202855597185,111.81153106689453,7792358,0.0,0.0
2019-05-14 00:00:00+05:30,110.38065674425488,112.6972836530228,109.59709451249049,111.8455810546875,7268915,0.0,0.0
2019-05-15 00:00:00+05:30,112.1522172878449,112.56102835159525,110.24440113339178,110.89169311523438,5412275,0.0,0.0
2019-05-16 00:00:00+05:30,111.33456133451149,113.71932864923765,110.38065856732518,113.07203674316406,5197438,0.0,0.0
2019-05-17 00:00:00+05:30,113.4467704662433,114.46881344341665,110.44878189190494,114.02593231201172,5532072,0.0,0.0
2019-05-20 00:00:00+05:30,115.83155111833052,120.32854490868736,115.21832941817279,119.91972351074219,7103649,0.0,0.0
2019-05-21 00:00:00+05:30,119.3065045687486,120.26040732365992,118.42073178389649,119.06802368164062,7135887,0.0,0.0
2019-05-22 00:00:00+05:30,119.13615761151785,121.28244389248434,118.65919586307223,120.60108184814453,10347293,0.0,0.0
2019-05-23 00:00:00+05:30,121.6231317949366,121.8956724693864,117.8756403390702,118.6592025756836,9247879,0.0,0.0
2019-05-24 00:00:00+05:30,118.55698816691365,119.85157181003267,115.01390784127724,118.82952880859375,9263195,0.0,0.0
2019-05-27 00:00:00+05:30,118.55700812085699,119.37464058026936,117.56903513253535,118.31852722167969,7461458,0.0,0.0
2019-05-28 00:00:00+05:30,117.9778296999828,120.19225626677883,116.92172688553373,119.44276428222656,16628505,0.0,0.0
2019-05-29 00:00:00+05:30,118.48885941598323,118.99988096676537,116.07003239302244,116.88766479492188,7205487,0.0,0.0
2019-05-30 00:00:00+05:30,117.19429323980253,117.19429323980253,114.16223366265996,115.45681762695312,21945960,0.0,0.0
2019-05-31 00:00:00+05:30,114.46883892548662,118.52294155807871,113.48086590697007,117.16021728515625,17113729,0.0,0.0
2019-06-03 00:00:00+05:30,117.8756325328917,118.01190286109227,114.12814132519861,117.29647064208984,17756361,0.0,0.0
2019-06-04 00:00:00+05:30,117.80750385842065,118.21632528034222,115.86562809619474,116.2403793334961,8578302,0.0,0.0
2019-06-06 00:00:00+05:30,116.17223192135184,117.2624153825436,115.04798867436533,115.4227294921875,14152285,0.0,0.0
2019-06-07 00:00:00+05:30,115.55903094858348,115.89971204171403,113.48087420113482,114.12816619873047,5052519,0.0,0.0
2019-06-10 00:00:00+05:30,114.53698714615054,115.15020895228044,111.19830621066046,112.186279296875,10866149,0.0,0.0
2019-06-11 00:00:00+05:30,112.32252985252097,116.0700208523147,112.32252985252097,115.32051849365234,11282418,0.0,0.0
2019-06-12 00:00:00+05:30,114.50288982629016,116.81951654137153,113.1060956024502,116.41070556640625,9478876,0.0,0.0
2019-06-13 00:00:00+05:30,115.01392685582375,115.96782965616602,113.78747297198316,115.11612701416016,6678516,0.0,0.0
2019-06-14 00:00:00+05:30,115.11612573260696,116.51292012929864,114.77544467959731,115.35460662841797,7153585,0.0,0.0
2019-06-17 00:00:00+05:30,115.49087333645315,115.79748419516247,111.02794960309656,112.01592254638672,4603627,0.0,0.0
2019-06-18 00:00:00+05:30,111.74338857722326,113.75340476801014,111.2323669831201,113.20831298828125,5808715,0.0,0.0
2019-06-19 00:00:00+05:30,113.65118114102972,115.21831578538064,112.15218685386054,114.02593231201172,4625698,0.0,0.0
2019-06-20 00:00:00+05:30,113.31052059695723,117.70530411254529,113.31052059695723,117.19428253173828,5793816,0.0,0.0
2019-06-21 00:00:00+05:30,117.0239354238574,118.18224886252901,115.69528146782937,116.47884368896484,11402911,0.0,0.0
2019-06-24 00:00:00+05:30,116.61512242320586,117.09208422356713,112.32254939404115,112.56101989746094,6585159,0.0,0.0
2019-06-25 00:00:00+05:30,112.76543444444924,114.77545068298899,112.76543444444924,113.24238586425781,6697367,0.0,0.0
2019-06-26 00:00:00+05:30,113.17422058051129,115.25236614682868,113.17422058051129,114.16219329833984,5978575,0.0,0.0
2019-06-27 00:00:00+05:30,114.16222283278924,117.0580117805786,113.95781212182845,116.2403793334961,36738164,0.0,0.0
2019-06-28 00:00:00+05:30,116.0359601230033,116.71732217845633,113.54898238254381,114.2984848022461,5325984,0.0,0.0
2019-07-01 00:00:00+05:30,114.60509197734028,116.10408637197602,108.50690385569698,109.69928741455078,15160240,0.0,0.0
2019-07-02 00:00:00+05:30,111.06203206915819,113.27645908894202,110.03998882925796,112.86763763427734,10975678,0.0,0.0
2019-07-03 00:00:00+05:30,112.96984292275306,114.434767339521,111.40270794870955,113.3105239868164,8253849,0.0,0.0
2019-07-04 00:00:00+05:30,113.37866710489631,115.08207262267878,113.17426676017217,113.85562896728516,8827834,0.0,0.0
2019-07-05 00:00:00+05:30,113.8556178010634,114.50290975498609,109.01794244630418,110.03998565673828,14509056,0.0,0.0
2019-07-08 00:00:00+05:30,110.00590561788633,110.03997580120159,102.9197441522406,103.8395767211914,10273814,0.0,0.0
2019-07-09 00:00:00+05:30,103.83959574269988,105.91775254448856,102.64721188556433,104.52095794677734,15033604,0.0,0.0
2019-07-10 00:00:00+05:30,104.28247306803117,105.2023056789438,101.96583565479337,103.32855987548828,5310646,0.0,0.0
2019-07-11 00:00:00+05:30,104.24838033591661,104.99788265389782,103.56701837293676,104.31652069091797,6576542,0.0,0.0
2019-07-12 00:00:00+05:30,104.24839775066894,104.48687863625364,100.84158736666015,101.9999008178711,13015538,0.0,0.0
2019-07-15 00:00:00+05:30,102.2043229861461,103.36263656730347,101.3866904816092,102.6812744140625,8465078,0.0,0.0
2019-07-16 00:00:00+05:30,102.88567077937384,105.20229761835114,102.68126008257939,103.73737335205078,12865346,0.0,0.0
2019-07-17 00:00:00+05:30,103.83959011017946,104.69129281907779,101.52296290068064,102.13618469238281,8046201,0.0,0.0
2019-07-18 00:00:00+05:30,102.17023703194805,102.74939893152961,97.46884305882155,97.70731353759766,15971004,0.0,0.0
2019-07-19 00:00:00+05:30,98.45681791672455,99.34259067629621,95.66322930502007,98.0479965209961,25660025,0.0,0.0
2019-07-22 00:00:00+05:30,98.11613993928115,100.43276686247673,95.83357280282293,99.92174530029297,12077069,0.0,0.0
2019-07-23 00:00:00+05:30,99.81953947478111,100.67124203002668,98.21833451221555,98.52495574951172,5519598,0.0,0.0
2019-07-24 00:00:00+05:30,99.0700408207189,99.3766620696314,97.36663564569444,97.84359741210938,9202665,0.0,0.0
2019-07-25 00:00:00+05:30,98.32055741226958,98.66123847717921,96.34460099773716,98.01394653320312,28004780,0.0,0.0
2019-07-26 00:00:00+05:30,98.38870065930895,98.38870065930895,96.34461399411477,96.68529510498047,10055490,0.0,0.0
2019-07-29 00:00:00+05:30,96.7534165661192,97.02595724281257,94.266449101821,95.6291732788086,19155260,0.0,0.0
2019-07-30 00:00:00+05:30,96.34459928873724,96.61715037388693,94.09611261762711,94.53899383544922,11943745,0.0,0.0
2019-07-31 00:00:00+05:30,93.82355173697158,95.18627583016436,92.83557884875876,94.60712432861328,9857785,0.0,0.0
2019-08-01 00:00:00+05:30,94.36865648418313,95.22035916003317,92.05202936457553,93.27847290039062,9105690,0.0,0.0
2019-08-02 00:00:00+05:30,92.66524364883458,92.90372453751733,90.4508168704617,91.54100036621094,9912972,0.0,0.0
2019-08-05 00:00:00+05:30,90.48488798765734,90.55301795886938,88.64521241676528,89.46284484863281,9551686,0.0,0.0
2019-08-06 00:00:00+05:30,89.15623718555015,90.28048052011519,88.13419400985075,89.56504821777344,11765339,0.0,0.0
2019-08-07 00:00:00+05:30,89.56505473537489,89.83760584011794,87.48689804754088,88.91776275634766,13083927,0.0,0.0
2019-08-08 00:00:00+05:30,88.9177614570353,90.41675612255257,87.14622088913832,89.15624237060547,10164125,0.0,0.0
2019-08-09 00:00:00+05:30,89.70132429690433,90.21234591742622,88.33859997551264,89.22437286376953,8847432,0.0,0.0
2019-08-13 00:00:00+05:30,89.2243629400263,90.96183833590692,85.51094165660163,87.04400634765625,12944927,0.0,0.0
2019-08-14 00:00:00+05:30,87.8956924925133,88.44078413771003,85.68126613126782,86.4307632446289,14449993,0.0,0.0
2019-08-16 00:00:00+05:30,87.0099418013515,87.96385502008927,86.12417415260444,87.1462173461914,12017531,0.0,0.0
2019-08-19 00:00:00+05:30,87.21435142838814,87.55503248865529,85.88569737269846,86.05603790283203,5695238,0.0,0.0
2019-08-20 00:00:00+05:30,86.26043855254275,86.43077907306451,84.72737386784692,85.20433044433594,6214250,0.0,0.0
2019-08-21 00:00:00+05:30,85.17025541979737,85.54500662299642,81.52496952750602,82.5810775756836,9765538,0.0,0.0
2019-08-22 00:00:00+05:30,83.0952929424942,83.30097645814728,79.66726921993668,80.18147277832031,8867462,0.75,0.0
2019-08-23 00:00:00+05:30,79.77009445764381,84.6378860894223,79.35873274227836,83.8151626586914,10008179,0.0,0.0
2019-08-26 00:00:00+05:30,85.01499861900253,85.73488578025365,81.99833633153314,84.84359741210938,11056410,0.0,0.0
2019-08-27 00:00:00+05:30,85.08353909379015,86.6604319380788,84.43221674505055,86.11194610595703,18829260,0.0,0.0
2019-08-28 00:00:00+05:30,85.73487353133311,86.3519136033923,82.54681049244836,83.09529113769531,11763326,0.0,0.0
2019-08-29 00:00:00+05:30,82.27254809520791,85.18636750691319,81.92974581147787,84.50076293945312,30777971,0.0,0.0
2019-08-30 00:00:00+05:30,84.67218410812187,86.2147947497678,81.92976518964018,83.09529113769531,9910931,0.0,0.0
2019-09-03 00:00:00+05:30,82.61537855374947,82.61537855374947,79.87295934864575,80.318603515625,8243808,0.0,0.0
2019-09-04 00:00:00+05:30,80.55855278207474,81.86120276682826,79.22162570054408,81.58695983886719,8873226,0.0,0.0
2019-09-05 00:00:00+05:30,81.89547874883714,89.06004572133361,81.89547874883714,85.80342864990234,32226347,0.0,0.0
2019-09-06 00:00:00+05:30,86.66042239385787,88.13447332843764,85.35777260909558,87.72310638427734,15759526,0.0,0.0
2019-09-09 00:00:00+05:30,87.27746835610553,89.09431637574188,86.38618027682321,88.71723175048828,9454697,0.0,0.0
2019-09-11 00:00:00+05:30,88.58010877084234,89.74563445305826,85.8034133876523,86.21477508544922,11398745,0.0,0.0
2019-09-12 00:00:00+05:30,86.55759518639144,87.99736927112059,85.87199047204378,86.31763458251953,8659474,0.0,0.0
2019-09-13 00:00:00+05:30,86.55758789287087,88.64868418773068,85.94054265580172,88.34016418457031,13251256,0.0,0.0
2019-09-16 00:00:00+05:30,89.77992166045235,91.35681435703816,88.10019245688108,89.6085205078125,18224041,0.0,0.0
2019-09-17 00:00:00+05:30,89.6428071954898,90.499813000418,88.47728139308677,88.92292022705078,11879210,0.0,0.0
2019-09-18 00:00:00+05:30,88.92291531728225,89.09431646880418,86.35189804445318,87.07178497314453,12238136,0.0,0.0
2019-09-19 00:00:00+05:30,87.0717877518452,87.24318890883703,84.77501329430444,85.22065734863281,8680319,0.0,0.0
2019-09-20 00:00:00+05:30,85.28921340257023,92.52233880399473,83.36951842765063,91.5967788696289,30270009,0.0,0.0
2019-09-23 00:00:00+05:30,94.23637065908609,96.56743308261808,92.5223587865618,93.44792938232422,17685955,0.0,0.0
2019-09-24 00:00:00+05:30,93.41363392519148,95.84753253444077,91.04829996580709,91.5282211303711,16012272,0.0,0.0
2019-09-25 00:00:00+05:30,90.49982640152474,91.63107004694452,89.60853814011918,90.12274169921875,5824582,0.0,0.0
2019-09-26 00:00:00+05:30,90.36270295468552,94.64773239618712,89.9513359437023,93.96212768554688,19764328,0.0,0.0
2019-09-27 00:00:00+05:30,93.17367714852936,93.31080646155854,89.43713352143563,90.15702056884766,11359611,0.0,0.0
2019-09-30 00:00:00+05:30,89.88278021903893,91.11686030797972,88.1344861443762,90.36270141601562,11625597,0.0,0.0
2019-10-01 00:00:00+05:30,90.15702913036208,91.42540216584501,86.90040640512086,87.89453125,10259184,0.0,0.0
2019-10-03 00:00:00+05:30,87.89452007415781,89.02577410124859,85.97483006076554,87.82596588134766,7082143,0.0,0.0
2019-10-04 00:00:00+05:30,89.09432894379404,91.01402420193473,87.2774806678648,88.8200912475586,20137433,0.0,0.0
2019-10-07 00:00:00+05:30,88.8200813951963,88.95720022810413,85.9748211509994,86.76326751708984,9194007,0.0,0.0
2019-10-09 00:00:00+05:30,86.69471751183755,87.17464396956652,84.98070565726782,86.28335571289062,15309757,0.0,0.0
2019-10-10 00:00:00+05:30,86.2833260093979,87.14033164165403,85.76912263004421,86.04336547851562,6169256,0.0,0.0
2019-10-11 00:00:00+05:30,86.59187778071934,89.06004848306306,86.45475369897878,88.44300842285156,11840486,0.0,0.0
2019-10-14 00:00:00+05:30,88.75151834872426,93.55075081753202,88.44299835374306,92.72802734375,19460416,0.0,0.0
2019-10-15 00:00:00+05:30,93.92784606417871,95.401892018543,92.79660246771287,95.05908966064453,17145941,0.0,0.0
2019-10-16 00:00:00+05:30,95.98465460197126,98.1785874720026,94.81912874553247,97.11589813232422,15149481,0.0,0.0
2019-10-17 00:00:00+05:30,96.73880789656315,97.28728317704487,95.4018706312766,96.9444808959961,9372042,0.0,0.0
2019-10-18 00:00:00+05:30,96.05320313390027,99.06985901623237,95.91607385257078,98.3842544555664,17597233,0.0,0.0
2019-10-22 00:00:00+05:30,98.38428731353072,100.2011358214807,97.49299899469722,98.89849090576172,11582273,0.0,0.0
2019-10-23 00:00:00+05:30,98.89846754007019,99.37838868713347,96.84165365708779,97.28729248046875,7500868,0.0,0.0
2019-10-24 00:00:00+05:30,97.28729255330653,97.49297603405803,95.33332563990817,96.46456909179688,6919238,0.0,0.0
2019-10-25 00:00:00+05:30,97.08163158608149,97.08163158608149,94.68201508957591,95.67613983154297,6636201,0.0,0.0
2019-10-27 00:00:00+05:30,96.22462302584756,96.56742537298418,95.29905250397972,95.88182067871094,698557,0.0,0.0
2019-10-29 00:00:00+05:30,96.36173332141172,98.62423070404236,94.75055824824383,97.45869445800781,8236221,0.0,0.0
2019-10-30 00:00:00+05:30,98.72707417204379,98.72707417204379,95.84753660099196,96.36174011230469,7064774,0.0,0.0
2019-10-31 00:00:00+05:30,96.39603330271994,97.49299464025187,95.74470041245284,97.15019226074219,22281969,0.0,0.0
2019-11-01 00:00:00+05:30,96.36174715005012,99.24128493140796,96.05322711302928,98.82991790771484,8049866,0.0,0.0
2019-11-04 00:00:00+05:30,98.82991308719153,102.6007389282935,98.82991308719153,101.0581283569336,11733406,0.0,0.0
2019-11-05 00:00:00+05:30,101.60659613728522,101.98368074663071,99.41266358495095,100.3382339477539,7883507,0.0,0.0
2019-11-06 00:00:00+05:30,100.33825057570793,101.46949412971733,98.62423885054379,99.17271423339844,6207456,0.0,0.0
2019-11-07 00:00:00+05:30,99.37839368372845,99.44695833454041,96.25889037872864,97.39014434814453,7332352,0.0,0.0
2019-11-08 00:00:00+05:30,97.32159068803152,98.38428012664683,94.33921634785084,94.81913757324219,8252930,0.0,0.0
2019-11-11 00:00:00+05:30,94.88767551204228,95.8132459364563,93.68786742339256,95.36760711669922,7032172,0.0,0.0
2019-11-13 00:00:00+05:30,95.36762274246695,96.25890052801496,94.27065098279522,94.75057220458984,7969923,0.0,0.0
2019-11-14 00:00:00+05:30,94.7505580184244,95.47044497408302,93.00226411510958,93.37934875488281,8178628,0.0,0.0
2019-11-15 00:00:00+05:30,94.13350854618697,95.16191539018429,92.65945245956024,92.93370056152344,8390855,0.0,0.0
2019-11-18 00:00:00+05:30,92.86515674896687,93.31080609154897,91.32254613698571,91.8024673461914,6851414,0.0,0.0
2019-11-19 00:00:00+05:30,92.55663501388807,92.62519966886775,91.04830675781311,91.35682678222656,5821375,0.0,0.0
2019-11-20 00:00:00+05:30,91.0825713714903,92.72801815601925,90.67120444461031,91.66532897949219,7657346,0.0,0.0
2019-11-21 00:00:00+05:30,91.66533954170704,92.2138253535816,89.53997140525115,89.91704559326172,7946555,0.0,0.0
2019-11-22 00:00:00+05:30,89.81422593312307,92.31667918864497,89.67710706979972,91.76820373535156,6323556,0.0,0.0
2019-11-25 00:00:00+05:30,91.76818215113961,92.24810329064148,89.47140250006437,89.77992248535156,11930938,0.0,0.0
2019-11-26 00:00:00+05:30,90.39699781363053,91.45967689323669,88.61442113426047,89.3000259399414,16115025,0.0,0.0
2019-11-27 00:00:00+05:30,89.40285441421477,91.2197132623319,88.82009665883612,90.94546508789062,5343104,0.0,0.0
2019-11-28 00:00:00+05:30,90.77405788973923,91.56250956985137,89.88278015095655,91.28826141357422,6663638,0.0,0.0
2019-11-29 00:00:00+05:30,91.21969537210848,91.49393303126745,89.47140152585575,90.32840728759766,9434148,0.0,0.0
2019-12-02 00:00:00+05:30,89.8484976454526,90.12273533968812,87.44888120565072,87.82596588134766,15010167,0.0,0.0
2019-12-03 00:00:00+05:30,87.82595839233367,88.03163141472363,86.38618446662464,87.5174331665039,7809967,0.0,0.0
2019-12-04 00:00:00+05:30,87.00322441686471,89.57423642520408,86.96894209471104,89.16287994384766,5821599,0.0,0.0
2019-12-05 00:00:00+05:30,88.64869121546957,89.4028501205933,88.06592302658053,88.37444305419922,4185400,0.0,0.0
2019-12-06 00:00:00+05:30,88.78579907159525,88.78579907159525,86.59186636058098,86.76326751708984,5097809,0.0,0.0
2019-12-09 00:00:00+05:30,87.00322726512206,87.62027246885305,86.11193916742751,86.59186553955078,3841176,0.0,0.0
2019-12-10 00:00:00+05:30,86.66043630921214,87.96308630314529,85.63202924517265,85.83770751953125,6125011,0.0,0.0
2019-12-11 00:00:00+05:30,86.45473552039402,88.10018754005432,85.70057153701782,87.75738525390625,6878932,0.0,0.0
2019-12-12 00:00:00+05:30,87.82596809253369,87.96308694310366,85.94054989732876,86.31763458251953,9804404,0.0,0.0
2019-12-13 00:00:00+05:30,86.6947063224946,87.38031097583422,86.38618632079114,86.72898864746094,6663052,0.0,0.0
2019-12-16 00:00:00+05:30,86.72899135940688,87.03751137075751,85.70058434724,86.11194610595703,6241723,0.0,0.0
2019-12-17 00:00:00+05:30,85.80343113477618,86.38619409641971,85.22066817313264,85.9062728881836,8062616,0.0,0.0
2019-12-18 00:00:00+05:30,86.11195980157771,86.14624213306844,85.11783495733921,85.76915740966797,6687482,0.0,0.0
2019-12-19 00:00:00+05:30,85.76914209452676,86.96895025197027,85.1520968531204,86.18050384521484,6223102,0.0,0.0
2019-12-20 00:00:00+05:30,86.38619159466901,86.93467744312512,85.59774514904412,85.80342864990234,8515990,0.0,0.0
2019-12-23 00:00:00+05:30,85.632018220703,86.59186573638326,85.04925533892333,85.46061706542969,10466423,0.0,0.0
2019-12-24 00:00:00+05:30,85.63202063407516,86.7975464304826,85.49489656754304,86.38618469238281,9979742,0.0,0.0
2019-12-26 00:00:00+05:30,86.38617610931396,88.82007443326438,85.35776925086975,87.75738525390625,23164167,0.0,0.0
2019-12-27 00:00:00+05:30,88.7858161467943,89.06005386535108,87.20892311134693,88.03164672851562,8435235,0.0,0.0
2019-12-30 00:00:00+05:30,88.03162636164959,88.61439445562733,87.14034352104757,87.72310638427734,4023932,0.0,0.0
2019-12-31 00:00:00+05:30,87.20891363689353,88.61440533017448,87.20891363689353,88.3058853149414,5102473,0.0,0.0
2020-01-01 00:00:00+05:30,88.27159819087866,88.3744347032014,86.96894831705777,87.38031005859375,2574894,0.0,0.0
2020-01-02 00:00:00+05:30,87.51743647037203,88.20303590412979,87.1403518125942,87.79167938232422,4759843,0.0,0.0
2020-01-03 00:00:00+05:30,89.81421975436497,91.45966692404423,87.79168789036397,88.06592559814453,31381588,0.0,0.0
2020-01-06 00:00:00+05:30,88.92292060939467,88.99148525868239,85.76914027984816,86.55758666992188,14611204,0.0,0.0
2020-01-07 00:00:00+05:30,86.11193335331303,87.55170191097615,85.97481453096333,86.21477508544922,7193304,0.0,0.0
2020-01-08 00:00:00+05:30,85.70058299823532,86.00910300472958,84.46649251076134,84.63789367675781,6236192,0.0,0.0
2020-01-09 00:00:00+05:30,85.66630149247993,85.76914323921162,84.19225563540388,84.80929565429688,10135017,0.0,0.0
2020-01-10 00:00:00+05:30,85.32349900208699,85.837702504062,84.80929550011197,85.1178207397461,6550218,0.0,0.0
2020-01-13 00:00:00+05:30,85.18637837406865,86.1805030314063,85.18637837406865,86.00910186767578,5737187,0.0,0.0
2020-01-14 00:00:00+05:30,86.00910095571234,86.14622502369185,84.87785747168432,85.73486328125,12432511,0.0,0.0
2020-01-15 00:00:00+05:30,85.73485996001664,86.04337994720936,85.18637417084273,85.46061706542969,5714614,0.0,0.0
2020-01-16 00:00:00+05:30,85.70059044772842,85.8377093001452,85.04926805262525,85.3577880859375,7322878,0.0,0.0
2020-01-17 00:00:00+05:30,85.39207525490697,86.07768001735263,85.01499054326216,85.97483825683594,8561603,0.0,0.0
2020-01-20 00:00:00+05:30,86.38618417854795,86.90038765580121,82.27255636052185,84.26081085205078,16106541,0.0,0.0
2020-01-21 00:00:00+05:30,84.36365773890911,85.35778242993015,83.91801365196056,84.15797424316406,6497799,0.0,0.0
2020-01-22 00:00:00+05:30,83.64376731893839,83.64376731893839,79.53013941800698,79.80438232421875,23639592,0.0,0.0
2020-01-23 00:00:00+05:30,80.38714417586415,81.55266997353472,79.80438127702887,80.76422882080078,21105999,0.0,0.0
2020-01-24 00:00:00+05:30,80.90133584350194,82.13542610968489,80.42141475706832,81.14129638671875,11172364,0.0,0.0
2020-01-27 00:00:00+05:30,81.14131777326631,81.24415952767899,80.07863359299918,80.38715362548828,12078165,0.0,0.0
2020-01-28 00:00:00+05:30,80.59282533146148,80.69566184006479,79.25589318138888,79.94149780273438,11611352,0.0,0.0
2020-01-29 00:00:00+05:30,80.45570871417705,81.00419455431,79.83866345171464,80.66139221191406,15562740,0.0,0.0
2020-01-30 00:00:00+05:30,80.59283750335598,80.59283750335598,78.84454336258177,79.25590515136719,21142714,0.0,0.0
2020-01-31 00:00:00+05:30,79.39302080746026,79.53013964558433,73.1882966135011,74.69662475585938,83360147,0.0,0.0
2020-02-03 00:00:00+05:30,71.54284941446805,71.9542111884081,69.62315939249822,70.9258041381836,18445537,0.0,0.0
2020-02-04 00:00:00+05:30,71.37144019353389,73.29113522984001,71.1657619451249,72.77693176269531,16896688,0.0,0.0
2020-02-05 00:00:00+05:30,72.94834464606664,73.63394937914858,72.05705640076054,73.22258758544922,11348275,0.0,0.0
2020-02-06 00:00:00+05:30,73.22258501474818,73.90818972375986,72.87978266024233,73.5311050415039,10750236,0.0,0.0
2020-02-07 00:00:00+05:30,73.56538616405115,75.24511558131168,73.05118264071643,74.90231323242188,21415595,0.0,0.0
2020-02-10 00:00:00+05:30,74.83375529889078,74.83375529889078,72.50269823387414,72.81121826171875,32081049,0.0,0.0
2020-02-11 00:00:00+05:30,73.4625481958781,73.80535056241905,72.87978521890825,73.22258758544922,20946852,0.0,0.0
2020-02-12 00:00:00+05:30,73.3597133778684,73.9081993085074,73.0169109789064,73.1540298461914,13053367,0.0,0.0
2020-02-13 00:00:00+05:30,73.35969564979666,74.18241911618668,71.47428291113367,72.22844696044922,17702073,0.0,0.0
2020-02-14 00:00:00+05:30,72.36557030713475,72.8797737762122,70.61727641997209,70.82295989990234,26644685,0.0,0.0
2020-02-17 00:00:00+05:30,69.58888115135696,70.54872883407722,67.73775044455645,68.52619171142578,36666416,0.0,0.0
2020-02-18 00:00:00+05:30,68.52618235387808,68.73186584021298,66.19513073940719,68.0805435180664,35575369,0.0,0.0
2020-02-19 00:00:00+05:30,68.76614797712983,70.06879261786695,67.73774100975949,69.72599029541016,21806183,0.0,0.0
2020-02-20 00:00:00+05:30,69.9316701649567,71.37143879867385,69.72598668981938,70.48015594482422,28378025,0.0,0.0
2020-02-24 00:00:00+05:30,70.27448000678514,70.27448000678514,66.64077309462266,67.22354125976562,20167769,0.0,0.0
2020-02-25 00:00:00+05:30,67.66917848650846,68.73186781180839,66.67505381245252,66.8807373046875,18255196,0.0,0.0
2020-02-26 00:00:00+05:30,66.77790530091492,67.5320694978887,65.47525519846062,65.68093872070312,16192058,0.0,0.0
2020-02-27 00:00:00+05:30,65.61236781671414,65.95517016733595,63.109914841773964,64.0011978149414,29616674,0.0,0.0
2020-02-28 00:00:00+05:30,61.910111471850236,63.55555869933198,61.36162557552354,63.04135513305664,30416954,0.0,0.0
2020-03-02 00:00:00+05:30,64.44683960246658,65.13244427908856,60.50461271189017,61.08737564086914,24442896,0.0,0.0
2020-03-03 00:00:00+05:30,62.32146838919406,64.4468419168995,61.46446251263954,64.0011978149414,24098468,0.0,0.0
2020-03-04 00:00:00+05:30,64.58394571968444,65.0638720372029,62.18432982433473,63.62410354614258,22998427,0.0,0.0
2020-03-05 00:00:00+05:30,64.00119923435818,64.72108627892912,63.0756339133019,63.486995697021484,16357817,0.0,0.0
2020-03-06 00:00:00+05:30,61.361607050491585,62.73281614659196,60.09323968274826,60.676002502441406,17823038,0.0,0.0
2020-03-09 00:00:00+05:30,56.32242625608344,56.56238685112028,50.73474699373213,51.11183166503906,86655504,0.0,0.0
2020-03-11 00:00:00+05:30,52.62015372485784,53.06579776672286,48.712209547037325,49.1578483581543,63562895,0.0,0.0
2020-03-12 00:00:00+05:30,45.66126626342069,46.89535666138399,42.507486083984375,42.85028839111328,76137223,0.0,0.0
2020-03-13 00:00:00+05:30,40.72492016472894,45.93551483072064,34.28023494829899,45.18135070800781,73051747,0.0,0.0
2020-03-16 00:00:00+05:30,43.535890973101026,44.70141667063294,41.13627493521357,41.23911666870117,49829392,0.0,0.0
2020-03-17 00:00:00+05:30,41.8904402634614,43.19309005737305,40.89631567983694,41.13627624511719,46722476,0.0,0.0
2020-03-18 00:00:00+05:30,42.23325149284881,59.510494306343176,39.422273068058786,46.72396469116211,178094829,0.0,0.0
2020-03-19 00:00:00+05:30,42.6103297030994,43.87869724931268,39.833628800492,41.856163024902344,61258526,0.0,0.0
2020-03-20 00:00:00+05:30,43.2273703548244,51.00898428668413,43.0216894938648,49.603492736816406,128780492,0.0,0.0
2020-03-23 00:00:00+05:30,44.66892041758037,48.240959830859865,44.19019221147469,44.48479461669922,36058875,5.0,0.0
2020-03-24 00:00:00+05:30,46.76795153808594,47.651753099050374,44.263839623255656,46.03144836425781,38808651,0.0,0.0
2020-03-25 00:00:00+05:30,45.07400443783825,46.399709872281704,44.19019987836353,45.33177947998047,28639475,0.0,0.0
2020-03-26 00:00:00+05:30,45.55272656147284,48.314613850394885,43.93242159960153,47.6885871887207,46474588,0.0,0.0
2020-03-27 00:00:00+05:30,48.60922239360575,48.60922239360575,46.25241104897799,47.4676399230957,33298637,0.0,0.0
2020-03-30 00:00:00+05:30,44.963521471387146,48.351438003188775,44.26384284344161,46.65747833251953,32929981,0.0,0.0
2020-03-31 00:00:00+05:30,47.8727101484794,51.297451305993064,46.80477989864441,50.30317306518555,45891607,0.0,0.0
2020-04-01 00:00:00+05:30,49.34572377948253,49.5298496144806,47.9463663096823,48.42509460449219,21883386,0.0,0.0
2020-04-03 00:00:00+05:30,50.81873262701631,52.29173936982838,48.97747419850123,51.444759368896484,39757833,0.0,0.0
2020-04-07 00:00:00+05:30,52.43903814828644,54.795852324042194,51.702534771939305,53.691097259521484,30982061,0.0,0.0
2020-04-08 00:00:00+05:30,53.322832495230436,56.23201787076531,52.291726897382844,54.83266067504883,30555738,0.0,0.0
2020-04-09 00:00:00+05:30,55.974263970723655,57.18949582548211,55.974263970723655,56.93172073364258,19209747,0.0,0.0
2020-04-13 00:00:00+05:30,58.036461623164016,58.036461623164016,53.506965256207856,55.274574279785156,22311833,0.0,0.0
2020-04-15 00:00:00+05:30,55.31139925953268,56.305677636616835,54.1329950489487,54.7590217590332,22311032,0.0,0.0
2020-04-16 00:00:00+05:30,54.50124810630229,56.342506488271965,54.0593472184445,55.569175720214844,24473640,0.0,0.0
2020-04-17 00:00:00+05:30,57.29995289154834,57.29995289154834,55.34821823037647,56.19519805908203,14561017,0.0,0.0
2020-04-20 00:00:00+05:30,55.49552967996853,55.71648294606082,54.35395278935824,54.501251220703125,15698459,0.0,0.0
2020-04-21 00:00:00+05:30,51.334274956058096,52.10760562641181,49.49301680671493,51.076499938964844,27607022,0.0,0.0
2020-04-22 00:00:00+05:30,48.535564563661914,48.86698877351239,44.77939635983324,48.13048553466797,73840707,0.0,0.0
2020-04-23 00:00:00+05:30,49.713973171264676,50.85555554356788,49.01429727796548,49.60349655151367,38207377,0.0,0.0
2020-04-24 00:00:00+05:30,49.45619631646099,51.186977898569005,49.051117265317494,49.787620544433594,31588097,0.0,0.0
2020-04-27 00:00:00+05:30,50.0822186837583,51.18697350766473,49.82444368199485,50.41364288330078,16723889,0.0,0.0
2020-04-28 00:00:00+05:30,49.93492991501295,51.33428179981261,49.419374193019934,50.96603012084961,20422626,0.0,0.0
2020-04-29 00:00:00+05:30,51.11333601765709,52.25491289240027,50.597780276965906,51.92348861694336,18023637,0.0,0.0
2020-04-30 00:00:00+05:30,53.4701350298418,59.69359088748996,52.65998257557087,58.84661102294922,54290691,0.0,0.0
2020-05-04 00:00:00+05:30,55.974254407358025,57.33678447635379,54.53807512743066,56.37933349609375,28640967,0.0,0.0
2020-05-05 00:00:00+05:30,58.110112571330376,60.31962251230054,57.55773508608783,57.778682708740234,61865481,0.0,0.0
2020-05-06 00:00:00+05:30,59.914541370998144,59.914541370998144,57.042177423215634,58.36788558959961,38948167,0.0,0.0
2020-05-07 00:00:00+05:30,57.66820376820009,57.66820376820009,55.3113901174989,55.67964172363281,20794229,0.0,0.0
2020-05-08 00:00:00+05:30,56.268845567688054,56.85804475586567,55.05361416465358,55.9742431640625,18523649,0.0,0.0
2020-05-11 00:00:00+05:30,55.97424700700993,57.55773011852301,54.869492131871574,56.74757766723633,15701754,0.0,0.0
2020-05-12 00:00:00+05:30,56.67392065789184,56.96852307036425,54.86949001249301,56.19519805908203,14186736,0.0,0.0
2020-05-13 00:00:00+05:30,58.18375592570804,58.22058333531585,56.15837201690175,57.59455108642578,20493531,0.0,0.0
2020-05-14 00:00:00+05:30,56.71076264588399,56.9685377159139,55.38505425848004,56.08473587036133,13344652,0.0,0.0
2020-05-15 00:00:00+05:30,56.894888498630365,57.81551776236225,55.90061001761495,56.08473587036133,16835999,0.0,0.0
2020-05-18 00:00:00+05:30,56.6739325622825,56.6739325622825,53.32284557134791,53.691097259521484,13014456,0.0,0.0
2020-05-19 00:00:00+05:30,54.79585140572676,57.96281249949994,54.574898148895606,56.82123565673828,42315983,0.0,0.0
2020-05-20 00:00:00+05:30,56.858037999578904,57.81549429282163,56.19518969402773,57.447242736816406,12969847,0.0,0.0
2020-05-21 00:00:00+05:30,57.999639077620074,58.183764915961724,56.26885732102348,56.710758209228516,17999828,0.0,0.0
2020-05-22 00:00:00+05:30,56.673935227704675,56.673935227704675,55.5323583121222,56.08473587036133,12443419,0.0,0.0
2020-05-26 00:00:00+05:30,56.710758209228516,57.594559985638575,56.41615574406694,56.710758209228516,11837966,0.0,0.0
2020-05-27 00:00:00+05:30,56.858060980331196,57.59456439001981,55.90060991918104,57.410438537597656,11655865,0.0,0.0
2020-05-28 00:00:00+05:30,57.079005816820796,59.6199399571657,57.00535661054943,58.07328414916992,18645811,0.0,0.0
2020-05-29 00:00:00+05:30,57.484078212835,61.682144293221846,57.005349998983334,61.27706527709961,40559441,0.0,0.0
2020-06-01 00:00:00+05:30,62.602767811751434,63.707522537841164,61.60848968208529,61.829437255859375,25047349,0.0,0.0
2020-06-02 00:00:00+05:30,62.19770550403383,62.529135382148205,60.83517543376257,62.08723449707031,15367928,0.0,0.0
2020-06-03 00:00:00+05:30,63.37612346800788,64.40722379213784,62.82374588619169,63.56024932861328,23936651,0.0,0.0
2020-06-04 00:00:00+05:30,62.60278205102743,63.37611278281694,61.86627873278005,62.52913284301758,15120972,0.0,0.0
2020-06-05 00:00:00+05:30,62.6764332594413,65.40149899537545,62.602784049080825,64.0389633178711,18202925,0.0,0.0
2020-06-08 00:00:00+05:30,66.28530178429692,68.56846105527444,65.69609685413997,66.98497772216797,32511374,0.0,0.0
2020-06-09 00:00:00+05:30,67.72148048705033,68.05291036453757,65.80657290928647,66.2853012084961,16702413,0.0,0.0
2020-06-10 00:00:00+05:30,66.72719576142111,67.39004983442702,64.59133513465724,64.99641418457031,17382514,0.0,0.0
2020-06-11 00:00:00+05:30,65.03324969979408,65.95387891061182,63.707541388586655,64.00214385986328,14275999,0.0,0.0
2020-06-12 00:00:00+05:30,60.061840160099855,62.01356920828723,60.061840160099855,61.79262161254883,20601082,0.0,0.0
2020-06-15 00:00:00+05:30,61.86628456190628,63.26564212224057,61.12978117426454,61.93993377685547,17274210,0.0,0.0
2020-06-16 00:00:00+05:30,62.9710256470413,63.155151453026804,60.651039367809254,61.79262161254883,13467530,0.0,0.0
2020-06-17 00:00:00+05:30,61.571671857489925,62.41865173643032,61.27706942754448,62.013572692871094,15440371,0.0,0.0
2020-06-18 00:00:00+05:30,61.12976213171858,61.82943788439212,60.24596058949167,61.57166290283203,18460298,0.0,0.0
2020-06-19 00:00:00+05:30,62.97102175787656,63.56022654826965,62.08722019136025,63.155147552490234,21920473,0.0,0.0
2020-06-22 00:00:00+05:30,63.41293103733418,63.486580241232666,61.93992448306824,62.49230194091797,19227535,0.0,0.0
2020-06-23 00:00:00+05:30,62.97102820987506,63.70753146379173,62.16087575438151,63.081504821777344,23440997,0.0,0.0
2020-06-24 00:00:00+05:30,63.52341696257732,63.818019440421644,60.79835668543585,61.20343017578125,33080229,0.0,0.0
2020-06-25 00:00:00+05:30,60.57740309570168,61.86628401263151,58.92027048822048,60.09867477416992,121277435,0.0,0.0
2020-06-26 00:00:00+05:30,61.20341876242158,62.455477655004294,60.76151793759926,61.976749420166016,23684852,0.0,0.0
2020-06-29 00:00:00+05:30,61.82944671241636,61.9399233257369,60.09866516730789,60.687870025634766,14299071,0.0,0.0
2020-06-30 00:00:00+05:30,61.49803030787585,61.534857723354754,59.39899686429622,59.914546966552734,25762293,0.0,0.0
2020-07-01 00:00:00+05:30,58.18376608929834,59.61994540969542,57.668215979174974,59.25169372558594,35344784,0.0,0.0
2020-07-02 00:00:00+05:30,59.91454708785402,61.97675873920453,59.730421248236105,60.282798767089844,35154027,0.0,0.0
2020-07-03 00:00:00+05:30,60.72469181735896,61.38754587820819,60.09866516730789,60.687870025634766,16786174,0.0,0.0
2020-07-06 00:00:00+05:30,61.16659416293086,62.52912398485134,60.98246835945314,61.68214416503906,17510294,0.0,0.0
2020-07-07 00:00:00+05:30,61.68214574983591,61.7189731591071,60.24596669343938,60.35643768310547,20123433,0.0,0.0
2020-07-08 00:00:00+05:30,60.39327763093514,61.05613180191892,59.65677424519203,59.87772750854492,18626174,0.0,0.0
2020-07-09 00:00:00+05:30,60.09866784169059,60.57739610800027,58.84661448587225,59.067562103271484,17348038,0.0,0.0
2020-07-10 00:00:00+05:30,58.92027219891477,59.03074883310274,57.22631212556596,57.85234451293945,17773167,0.0,0.0
2020-07-13 00:00:00+05:30,58.331066512552816,58.58884719551561,57.74186716924847,58.1101188659668,9360631,0.0,0.0
2020-07-14 00:00:00+05:30,57.81552027490677,58.14694457662323,56.821241750682034,56.96854019165039,9303879,0.0,0.0
2020-07-15 00:00:00+05:30,57.44725551917905,57.5945539267268,55.86377235220738,56.15837478637695,14377090,0.0,0.0
2020-07-16 00:00:00+05:30,56.268861723107705,56.4898093749583,55.23775582391298,56.08473587036133,10604062,0.0,0.0
2020-07-17 00:00:00+05:30,56.19521177587515,59.39900044823139,56.19521177587515,59.17804718017578,24934060,0.0,0.0
2020-07-20 00:00:00+05:30,59.65677402798382,59.8408998737492,58.33106569084311,59.1412239074707,15570346,0.0,0.0
2020-07-21 00:00:00+05:30,59.3621521643759,61.0561116398319,59.17802637874255,60.72468185424805,20976092,0.0,0.0
2020-07-22 00:00:00+05:30,60.9456626498735,61.49804025697205,60.17233175230529,60.83518600463867,17882873,0.0,0.0
2020-07-23 00:00:00+05:30,60.76152502409052,61.755803400669826,60.43010077158892,60.87200164794922,14673501,0.0,0.0
2020-07-24 00:00:00+05:30,60.46692519186943,60.68787844917905,59.10439508932608,59.65677261352539,10000280,0.0,0.0
2020-07-27 00:00:00+05:30,59.951376614839205,60.3932775216706,58.99391996747544,59.50947570800781,8510736,0.0,0.0
2020-07-28 00:00:00+05:30,59.656763477220146,59.840889290421444,58.40471019508089,58.84661102294922,10616766,0.0,0.0
2020-07-29 00:00:00+05:30,58.7729628097058,59.43581125311665,58.404711177111345,58.55200958251953,9905015,0.0,0.0
2020-07-30 00:00:00+05:30,58.9202589791693,59.21486139787989,57.079000886070254,57.22629928588867,9668266,0.0,0.0
2020-07-31 00:00:00+05:30,57.41043982558521,58.07329403299094,56.82124045606084,57.66822052001953,10963756,0.0,0.0
2020-08-03 00:00:00+05:30,57.70503123326094,57.81550784978235,55.64282540751573,55.90060043334961,11874183,0.0,0.0
2020-08-04 00:00:00+05:30,56.195209012747505,57.22630922877427,55.90060654285068,56.04790496826172,13360346,0.0,0.0
2020-08-05 00:00:00+05:30,56.34249927374507,57.079002532225395,56.19520086967858,56.67392349243164,9077292,0.0,0.0
2020-08-06 00:00:00+05:30,57.336781050870414,58.8834368643303,56.747581779543644,57.48408508300781,26386380,0.0,0.0
2020-08-07 00:00:00+05:30,57.55773179319449,58.47836088259596,57.52090438198882,57.92598342895508,11786462,0.0,0.0
2020-08-10 00:00:00+05:30,58.552024433943345,58.736150296943165,58.110123486558855,58.22060012817383,7067852,0.0,0.0
2020-08-11 00:00:00+05:30,58.58884084902211,58.920265092537896,57.59455688032605,57.778682708740234,10835360,0.0,0.0
2020-08-12 00:00:00+05:30,57.7786833947384,58.25741167811402,57.22630590293756,57.52090835571289,10481019,0.0,0.0
2020-08-13 00:00:00+05:30,57.85233836148597,58.51518685798289,57.74186173904501,57.88916015625,7316635,0.0,0.0
2020-08-14 00:00:00+05:30,57.96280894088249,58.14693477057916,56.67392813300579,56.78440475463867,11635634,0.0,0.0
2020-08-17 00:00:00+05:30,57.079000789878016,58.7729604803039,57.00535159009293,58.40470886230469,13610411,0.0,0.0
2020-08-18 00:00:00+05:30,58.736129011309,60.319611983077465,58.294228224066806,59.398983001708984,28329507,0.0,0.0
2020-08-19 00:00:00+05:30,59.54628753793671,60.172314186076015,58.25740683097239,58.588836669921875,12081197,0.0,0.0
2020-08-20 00:00:00+05:30,58.18375955938042,61.313898523017976,57.373607069077295,60.503746032714844,37457277,0.0,0.0
2020-08-21 00:00:00+05:30,61.09295159260524,61.4612032733782,59.39899723249442,59.693599700927734,17027574,0.0,0.0
2020-08-24 00:00:00+05:30,59.87771638712774,60.282789802605,59.3621607414196,59.84088897705078,9797861,0.0,0.0
2020-08-25 00:00:00+05:30,59.95136724983383,60.76151972231658,59.06755995515572,59.28851318359375,22479622,0.0,0.0
2020-08-26 00:00:00+05:30,59.804066206595934,60.466920305888664,59.47264196648672,59.95137023925781,15967425,0.0,0.0
2020-08-27 00:00:00+05:30,60.24596257611118,60.356433558227465,58.920254599982236,59.030731201171875,16308382,0.0,0.0
2020-08-28 00:00:00+05:30,59.17804718017578,60.245980483677876,58.92027211349425,59.17804718017578,14666431,0.0,0.0
2020-08-31 00:00:00+05:30,59.6567618595428,62.97102640729517,59.58311266007416,60.35643768310547,93192019,0.0,0.0
2020-09-01 00:00:00+05:30,60.94564034658509,60.982467754544764,57.44725011521011,58.4415283203125,38005204,0.0,0.0
2020-09-02 00:00:00+05:30,59.767250659258025,60.20915156527997,58.552018953391524,59.1412239074707,31151170,0.0,0.0
2020-09-03 00:00:00+05:30,59.288527885942635,59.87773289517222,58.03647426517401,58.22060012817383,19975929,0.0,0.0
2020-09-04 00:00:00+05:30,57.85234359270886,58.25741708618806,56.96853615233844,57.37361526489258,12855650,0.0,0.0
2020-09-07 00:00:00+05:30,57.594548488295324,57.705025093061295,55.93741627402639,56.305667877197266,16573385,0.0,0.0
2020-09-08 00:00:00+05:30,56.379321881356944,56.45297107711603,54.501236484596205,54.83266067504883,17905003,0.0,0.0
2020-09-09 00:00:00+05:30,54.46442193664926,54.46442193664926,52.21809003071682,53.543792724609375,28166106,0.0,0.0
2020-09-10 00:00:00+05:30,54.132988812396974,54.79584286044518,53.50696217443573,54.243465423583984,18646363,0.0,0.0
2020-09-11 00:00:00+05:30,54.09615059651122,54.28027637201885,53.47012408359985,53.985679626464844,11510019,0.0,0.0
2020-09-14 00:00:00+05:30,54.39076382578409,55.053617873832295,53.94886300010991,54.243465423583984,11989916,0.0,0.0
2020-09-15 00:00:00+05:30,54.317107836214895,54.759008606661,53.94885625766429,54.35393524169922,8883202,0.0,0.0
2020-09-16 00:00:00+05:30,54.68536876971971,54.83266717870884,53.433315436089785,53.80156707763672,10284798,0.0,0.0
2020-09-17 00:00:00+05:30,53.80156061270492,54.72218960594714,53.654256602342095,53.87520980834961,16070680,0.0,0.0
2020-09-18 00:00:00+05:30,54.35394304024457,55.09044630301714,53.72791077162873,54.72219467163086,25690567,0.0,0.0
2020-09-21 00:00:00+05:30,54.50125142441276,54.574900640360475,52.21809201558344,52.402217864990234,13686080,0.0,0.0
2020-09-22 00:00:00+05:30,52.29173229409636,52.51268552325033,50.63459993266373,51.18697738647461,18042069,0.0,0.0
2020-09-23 00:00:00+05:30,51.33427597275578,51.665705817646035,49.64032181325493,49.82444763183594,17014238,0.0,0.0
2020-09-24 00:00:00+05:30,48.64603941256709,49.603490216965774,48.240960398234925,49.08794021606445,32950752,0.0,0.0
2020-09-25 00:00:00+05:30,50.08222117470306,51.00285024041451,48.719691281264886,50.74507522583008,20235576,0.0,0.0
2020-09-28 00:00:00+05:30,51.15014627868687,54.280284957403126,51.00284788261202,52.917755126953125,28336496,0.0,0.0
2020-09-29 00:00:00+05:30,53.396499900867525,53.54379834261908,50.74508861581193,50.92921447753906,20797874,0.0,0.0
2020-09-30 00:00:00+05:30,51.113330012084816,51.88665510364724,49.78762182787175,51.00285339355469,20069170,0.0,0.0
2020-10-01 00:00:00+05:30,49.71398266632493,51.113340339266195,49.08795586026777,50.92921447753906,20869186,0.0,0.0
2020-10-05 00:00:00+05:30,50.81873169689428,51.33428179981261,50.37683080595362,50.96603012084961,12608039,0.0,0.0
2020-10-06 00:00:00+05:30,51.555228181608854,51.702526585926734,50.818724921871585,51.076499938964844,10028285,0.0,0.0
2020-10-07 00:00:00+05:30,51.03968680300832,54.022522139345234,50.89238275463589,51.92348861694336,50074263,0.0,0.0
2020-10-08 00:00:00+05:30,52.21807913379212,52.291728331571164,50.2663444877427,50.41364288330078,21348017,0.0,0.0
2020-10-09 00:00:00+05:30,50.81873503558901,51.99713936187461,50.26635748085434,51.77619171142578,25747313,0.0,0.0
2020-10-12 00:00:00+05:30,51.77619456529893,51.99714222792626,50.67143939493616,50.92921447753906,10564850,0.0,0.0
2020-10-13 00:00:00+05:30,50.89238357543945,51.37111190698984,50.67143592792965,50.89238357543945,9070661,0.0,0.0
2020-10-14 00:00:00+05:30,50.45048107318024,50.67143433280949,49.08795095633267,49.345726013183594,24825690,0.0,0.0
2020-10-15 00:00:00+05:30,49.34572157897619,50.45047653969954,48.3882650320529,48.64604568481445,17333956,0.0,0.0
2020-10-16 00:00:00+05:30,49.08795290309191,49.750807089192726,48.60922456762604,49.52985382080078,18590744,0.0,0.0
2020-10-19 00:00:00+05:30,49.60349939471966,51.88665865111939,49.60349939471966,51.0396842956543,25987617,0.0,0.0
2020-10-20 00:00:00+05:30,51.18697944806426,51.37110527341701,49.529847019889516,49.640323638916016,18530340,0.0,0.0
2020-10-21 00:00:00+05:30,50.082231140936514,50.524132056600365,49.3457277418051,49.934932708740234,19589424,0.0,0.0
2020-10-22 00:00:00+05:30,49.640324397391446,50.89237778129109,49.56667518993988,50.708251953125,26354156,0.0,0.0
2020-10-23 00:00:00+05:30,50.96602781793436,51.260630271608,50.524126946961125,50.818729400634766,13177360,0.0,0.0
2020-10-26 00:00:00+05:30,51.18697924066266,51.18697924066266,49.82444926238792,50.229522705078125,14224945,0.0,0.0
2020-10-27 00:00:00+05:30,50.155866108967906,50.41364110162127,48.97746212892867,49.23523712158203,17088331,0.0,0.0
2020-10-28 00:00:00+05:30,49.529847045871925,49.64032366495638,48.68286712499012,48.86699295043945,15025477,0.0,0.0
2020-10-29 00:00:00+05:30,48.646044383803215,48.86699199859418,47.209859601828235,47.43081283569336,29901005,0.0,0.0
2020-10-30 00:00:00+05:30,47.87271002082742,48.53556405262285,47.28350518832621,47.7990608215332,25849220,0.0,0.0
2020-11-02 00:00:00+05:30,48.16731608776391,48.64604434807059,47.28350877202677,48.38826370239258,12847852,0.0,0.0
2020-11-03 00:00:00+05:30,48.609220243694125,49.16159774646338,48.388266994956616,48.83017349243164,10809489,0.0,0.0
2020-11-04 00:00:00+05:30,48.83016850184584,49.272069335082776,48.314612847174445,48.94063949584961,12479581,0.0,0.0
2020-11-05 00:00:00+05:30,49.27207049668196,50.15587218399165,48.756514829856236,49.787620544433594,17947631,0.0,0.0
2020-11-06 00:00:00+05:30,49.8612687578887,50.22952039013035,49.493017125647064,50.08222198486328,10496588,0.0,0.0
2020-11-09 00:00:00+05:30,50.560946897932475,50.560946897932475,49.93492028820022,50.41364288330078,8473527,0.0,0.0
2020-11-10 00:00:00+05:30,50.8555554251027,52.29173462129735,50.45047635998406,52.107608795166016,33795453,0.0,0.0
2020-11-11 00:00:00+05:30,52.62315290462679,53.54378193108334,51.960304500837,53.286006927490234,23531793,0.0,0.0
2020-11-12 00:00:00+05:30,53.396487541001996,53.691089975387854,52.10760680725367,52.69681167602539,16446681,0.0,0.0
2020-11-13 00:00:00+05:30,52.4390323352571,53.39648886600129,51.59205804160748,53.13871383666992,16264536,0.0,0.0
2020-11-14 00:00:00+05:30,54.501247849671216,54.501247849671216,53.39649282569139,53.5069694519043,5387569,0.0,0.0
2020-11-17 00:00:00+05:30,53.54379170030235,53.98569820888753,52.291738243510146,52.512691497802734,18852045,0.0,0.0
2020-11-18 00:00:00+05:30,52.77046548568681,53.10188974137649,52.21808798015431,52.99141311645508,14032869,0.0,0.0
2020-11-19 00:00:00+05:30,52.659985571297824,54.6485422193675,52.623158158932966,53.13871383666992,27903903,0.0,0.0
2020-11-20 00:00:00+05:30,53.35966515603029,53.54379099248184,52.07078430086941,52.77046585083008,14790440,0.0,0.0
2020-11-23 00:00:00+05:30,53.02824491613052,57.29996689311548,52.88094648343794,56.34251022338867,44111534,0.0,0.0
2020-11-24 00:00:00+05:30,56.526633279459716,57.484089901855704,55.53235486024834,56.04790496826172,31379070,0.0,0.0
2020-11-25 00:00:00+05:30,56.858059028869675,60.24597909241843,56.82123723109408,59.50947570800781,87040163,0.0,0.0
2020-11-26 00:00:00+05:30,59.76724360605462,60.025018635890845,58.515184631162064,59.067562103271484,30469713,0.0,0.0
2020-11-27 00:00:00+05:30,59.50945787623697,59.767232859724466,57.44724677019059,57.81549835205078,44245938,0.0,0.0
2020-12-01 00:00:00+05:30,57.81551399664063,60.39327576719149,56.74758636789945,60.061851501464844,42923229,0.0,0.0
2020-12-02 00:00:00+05:30,60.02501708633732,62.639605967789,59.61993803628455,62.49230194091797,52652362,0.0,0.0
2020-12-03 00:00:00+05:30,62.8973777645862,65.54878830244331,62.60277534503013,65.32783508300781,53618786,0.0,0.0
2020-12-04 00:00:00+05:30,66.10116311968453,67.0217921324935,64.25990509406657,66.17481231689453,44126894,0.0,0.0
2020-12-07 00:00:00+05:30,67.13227743672486,69.23131073410357,66.83767499063723,67.4268798828125,46638129,0.0,0.0
2020-12-08 00:00:00+05:30,68.49480167105177,68.82622588312088,66.32211934954579,66.8376693725586,34326971,0.0,0.0
2020-12-09 00:00:00+05:30,67.3900587898408,68.38433722194151,66.94815788880435,67.16910552978516,25763702,0.0,0.0
2020-12-10 00:00:00+05:30,67.0218133251598,67.90561520929,65.32785315832233,67.50054168701172,25329334,0.0,0.0
2020-12-11 00:00:00+05:30,68.2002082904478,76.89094996667698,68.2002082904478,71.29352569580078,146821189,0.0,0.0
2020-12-14 00:00:00+05:30,72.36146034278306,75.52842726699292,71.77225536462653,74.75509643554688,75021883,0.0,0.0
2020-12-15 00:00:00+05:30,75.49158442439881,75.49158442439881,73.06112140993493,73.98175048828125,33553433,0.0,0.0
2020-12-16 00:00:00+05:30,75.04968296175592,76.30173625018622,74.12905389112368,75.78618621826172,34618175,0.0,0.0
2020-12-17 00:00:00+05:30,77.406507599101,77.77475930568005,74.16589145739036,74.75509643554688,41881430,0.0,0.0
2020-12-18 00:00:00+05:30,74.75507639875316,75.34428121898361,72.28779174980114,72.913818359375,36480527,0.0,0.0
2020-12-21 00:00:00+05:30,72.84016861726094,72.87699040632917,65.51195830385736,66.17481231689453,58724337,0.0,0.0
2020-12-22 00:00:00+05:30,65.58562132810866,67.97925706097286,63.7811848657357,66.69037628173828,58602960,0.0,0.0
2020-12-23 00:00:00+05:30,66.6535584486383,67.24276342288613,65.03325319806939,66.87451171875,29216106,0.0,0.0
2020-12-24 00:00:00+05:30,68.12654978472659,70.33605950747447,67.86877477422075,68.60527801513672,46351620,0.0,0.0
2020-12-28 00:00:00+05:30,69.23129802024539,70.0782777900524,68.715748048575,69.08399963378906,17759262,0.0,0.0
2020-12-29 00:00:00+05:30,69.3786030466542,69.71003287651067,67.75829816426861,68.60527801513672,17678810,0.0,0.0
2020-12-30 00:00:00+05:30,68.8630656633556,69.59956903943427,68.3106881312966,68.67893981933594,15960705,0.0,0.0
2020-12-31 00:00:00+05:30,68.71576493698109,70.37289747772107,68.16338742340109,68.5316390991211,43701316,0.0,0.0
2021-01-01 00:00:00+05:30,69.04717648951244,69.56272649300469,68.49479907759634,68.64209747314453,15130377,0.0,0.0
2021-01-04 00:00:00+05:30,69.26814405521807,71.6617800028487,69.01036338098264,71.40399932861328,39545073,0.0,0.0
2021-01-05 00:00:00+05:30,71.07255132585945,71.07255132585945,69.48906848856717,69.93096923828125,26998014,0.0,0.0
2021-01-06 00:00:00+05:30,72.84018426863653,73.13478673985217,70.88844921829198,71.40399932861328,50306161,0.0,0.0
2021-01-07 00:00:00+05:30,72.17732505015411,72.95065578046409,71.51447094118475,72.10367584228516,25285200,0.0,0.0
2021-01-08 00:00:00+05:30,72.87699984683424,74.60778711038058,72.58240301983207,74.12905883789062,36022114,0.0,0.0
2021-01-11 00:00:00+05:30,74.75508119148597,75.7861868834592,72.214147181868,75.52841186523438,36301647,0.0,0.0
2021-01-12 00:00:00+05:30,75.12334131648028,76.96459968208028,74.20271213368027,76.19126892089844,28353142,0.0,0.0
2021-01-13 00:00:00+05:30,77.2960145487815,79.46870252765237,76.66998790435476,77.5169677734375,42401579,0.0,0.0
2021-01-14 00:00:00+05:30,78.80585388428042,79.13727812494908,76.74364237612747,77.36967468261719,24455634,0.0,0.0
2021-01-15 00:00:00+05:30,77.51698700843544,78.14301380820395,74.12907231050416,74.68144989013672,28185982,0.0,0.0
2021-01-18 00:00:00+05:30,74.68143507737493,75.01285931178766,70.74114358135202,71.18304443359375,33623461,0.0,0.0
2021-01-19 00:00:00+05:30,71.99319391502503,72.91382299322228,71.80906809938558,72.25096893310547,26085121,0.0,0.0
2021-01-20 00:00:00+05:30,72.91382897822378,73.50303388426343,72.06684903294467,72.80335235595703,18486566,0.0,0.0
2021-01-21 00:00:00+05:30,72.95065037559202,73.79762463194473,69.15765745108054,69.74685668945312,26939349,0.0,0.0
2021-01-22 00:00:00+05:30,69.67321424770002,70.29924095756151,68.12655837066733,68.31068420410156,27311961,0.0,0.0
2021-01-25 00:00:00+05:30,68.53162267259204,69.04717264739661,66.28528574150074,67.2795639038086,28522112,0.0,0.0
2021-01-27 00:00:00+05:30,67.31639756928227,67.57417258065257,65.47513946081763,66.06433868408203,34022621,0.0,0.0
2021-01-28 00:00:00+05:30,65.54879130277654,67.31640028194712,65.40149289579317,66.76402282714844,26810222,0.0,0.0
2021-01-29 00:00:00+05:30,66.83767988478664,68.4579850283031,64.62816980595072,65.03324890136719,33858273,0.0,0.0
2021-02-01 00:00:00+05:30,65.54880104293866,67.16910623681956,65.14372193493101,66.91133117675781,24228098,0.0,0.0
2021-02-02 00:00:00+05:30,68.12654811592571,69.19447554146481,67.16909167855891,68.38432312011719,22141489,0.0,0.0
2021-02-03 00:00:00+05:30,69.67320781755787,70.18876347503777,68.4948037161486,68.75257873535156,25912911,0.0,0.0
2021-02-04 00:00:00+05:30,69.41544306623994,72.61923162240528,69.23131722256291,71.9195556640625,49670027,0.0,0.0
2021-02-05 00:00:00+05:30,72.87700667973816,73.61351005444628,71.29352891937556,71.9195556640625,30514219,0.0,0.0
2021-02-08 00:00:00+05:30,73.28206338177787,74.2395197238424,72.98746099813701,73.39253997802734,29096831,0.0,0.0
2021-02-09 00:00:00+05:30,73.5030239410952,76.11760701265504,73.5030239410952,74.38682556152344,39638657,0.0,0.0
2021-02-10 00:00:00+05:30,75.1233283996582,75.49158000946045,72.6192163291882,73.65032196044922,21467230,0.0,0.0
2021-02-11 00:00:00+05:30,73.65034894220301,73.90812403968559,72.84019622765392,73.24526977539062,11287104,0.0,0.0
2021-02-12 00:00:00+05:30,72.84018393354634,73.20843561610313,71.10940214934442,71.44082641601562,18187705,0.0,0.0
2021-02-15 00:00:00+05:30,71.4408233298755,73.0979558297953,70.40971753944385,72.50875091552734,26118576,0.0,0.0
2021-02-16 00:00:00+05:30,73.09795868655286,77.22237639039228,73.09795868655286,76.41222381591797,76236798,0.0,0.0
2021-02-17 00:00:00+05:30,76.4122177161331,77.53592680019388,75.51325273507646,76.59950256347656,21014091,1.75,0.0
2021-02-18 00:00:00+05:30,77.68574293061887,86.5255889348276,77.42354531936677,82.92971801757812,110000964,0.0,0.0
2021-02-19 00:00:00+05:30,82.92972197325784,84.05343097406339,77.79811867934173,78.73454284667969,48225988,0.0,0.0
2021-02-22 00:00:00+05:30,79.33385752416198,81.31907792514106,78.88437506169946,79.63351440429688,36592043,0.0,0.0
2021-02-23 00:00:00+05:30,82.2180396188621,85.70153856813299,81.99329553872357,84.05342864990234,90860972,0.0,0.0
2021-02-24 00:00:00+05:30,85.40189078696199,86.41322782423791,83.15447260835772,85.10223388671875,26071364,0.0,0.0
2021-02-25 00:00:00+05:30,86.90017342853382,90.27130084602004,86.41323165846754,89.18505096435547,62038881,0.0,0.0
2021-02-26 00:00:00+05:30,86.5255996085502,88.69810498424182,82.4427922162435,83.15447235107422,55154985,0.0,0.0
2021-03-01 00:00:00+05:30,85.62661936255552,88.13623473044677,85.0273056707551,87.68675231933594,41672980,0.0,0.0
2021-03-02 00:00:00+05:30,86.82526433368066,87.38711892723491,84.46547389765668,85.02732849121094,36303917,0.0,0.0
2021-03-03 00:00:00+05:30,85.43935287279882,86.75034685374193,84.80257979538517,85.40189361572266,19434630,0.0,0.0
2021-03-04 00:00:00+05:30,85.36443329362233,87.64931077523723,84.12835784225307,84.42800903320312,38272786,0.0,0.0
2021-03-05 00:00:00+05:30,87.08745466666083,88.58573345662488,85.02732133046025,86.11357116699219,57756103,0.0,0.0
2021-03-08 00:00:00+05:30,89.11014213421369,91.65721760290364,87.79914799604042,88.58574676513672,63866178,0.0,0.0
2021-03-09 00:00:00+05:30,89.44724133460258,89.55961338246173,85.55171320685714,87.46202087402344,26817643,0.0,0.0
2021-03-10 00:00:00+05:30,87.57439415441061,87.64930694887778,85.10223192863494,85.70154571533203,23841269,0.0,0.0
2021-03-12 00:00:00+05:30,87.46201879609549,87.94896051492985,85.40188559104828,86.18848419189453,20691698,0.0,0.0
2021-03-15 00:00:00+05:30,86.9001742250827,87.53694160001525,84.50293032575529,85.66409301757812,19679802,0.0,0.0
2021-03-16 00:00:00+05:30,85.25205917695038,87.1249075269231,84.98985583557052,86.22593688964844,20680669,0.0,0.0
2021-03-17 00:00:00+05:30,86.00120934224142,86.03866288466754,81.46891347861813,81.91839599609375,31017863,0.0,0.0
2021-03-18 00:00:00+05:30,82.40533492696758,84.05343933931489,80.53248640590013,82.55516052246094,26710696,0.0,0.0
2021-03-19 00:00:00+05:30,79.59607931283804,84.8400563028603,78.24762580063978,82.77992248535156,50386785,0.0,0.0
2021-03-22 00:00:00+05:30,82.7798936353794,83.3417481170675,81.31907426918208,82.10566711425781,15825065,0.0,0.0
2021-03-23 00:00:00+05:30,82.10568357814263,82.6300846288257,79.85826520073647,80.27029418945312,15815643,0.0,0.0
2021-03-24 00:00:00+05:30,78.65963699516595,79.40877639511992,77.04898614216893,78.50981140136719,31083656,0.0,0.0
2021-03-25 00:00:00+05:30,79.40877368403416,80.68230833428427,75.887820910651,76.41221618652344,37295495,0.0,0.0
2021-03-26 00:00:00+05:30,77.16135841367604,77.91049781575056,75.10122505797109,76.71187591552734,26637085,0.0,0.0
2021-03-30 00:00:00+05:30,77.9479557692944,79.63351939579108,76.86170022515299,77.53592681884766,31843017,0.0,0.0
2021-03-31 00:00:00+05:30,77.01153128330566,78.06032185290574,76.33730469179136,76.52458953857422,19587582,0.0,0.0
2021-04-01 00:00:00+05:30,77.16136187947926,78.84692560985623,75.77545506648758,78.17269897460938,22299747,0.0,0.0
2021-04-05 00:00:00+05:30,76.52459626155193,78.28507283287945,74.46446276594985,77.49847412109375,24878516,0.0,0.0
2021-04-06 00:00:00+05:30,76.89915390963408,78.21014774637487,75.8878169501014,77.87303161621094,15156974,0.0,0.0
2021-04-07 00:00:00+05:30,77.83558350866026,78.92183333440349,77.49846735497862,78.3974380493164,10330347,0.0,0.0
2021-04-08 00:00:00+05:30,77.76067115139097,79.18403142336034,77.38610145550851,77.61083984375,26105970,0.0,0.0
2021-04-09 00:00:00+05:30,77.16135970506731,78.58472573592672,77.16135970506731,77.76067352294922,17645822,0.0,0.0
2021-04-12 00:00:00+05:30,75.55070417320293,76.59950043224156,73.00362917710333,73.45311737060547,27005598,0.0,0.0
2021-04-13 00:00:00+05:30,73.45311164378403,76.7867792876411,73.45311164378403,76.44966888427734,25505623,0.0,0.0
2021-04-15 00:00:00+05:30,78.09777555598579,79.9706238906617,77.76066514193593,78.73454284667969,28659714,0.0,0.0
2021-04-16 00:00:00+05:30,78.35998010267245,80.79468315285168,78.06032319955439,80.38265991210938,21627285,0.0,0.0
2021-04-19 00:00:00+05:30,77.87303525294529,79.37131399347702,76.33730297318813,77.19881439208984,19166492,0.0,0.0
2021-04-20 00:00:00+05:30,77.38610451117874,78.65963924127395,76.56204657531457,77.04898834228516,23082015,0.0,0.0
2021-04-22 00:00:00+05:30,76.71186424496794,78.24759635629407,76.15000977888977,77.23625946044922,14844968,0.0,0.0
2021-04-23 00:00:00+05:30,76.41221901160152,77.6483001681205,76.1125621076757,76.71187591552734,12790334,0.0,0.0
2021-04-26 00:00:00+05:30,78.84690933830441,79.18401972861857,76.78677631521332,77.01152038574219,11797791,0.0,0.0
2021-04-27 00:00:00+05:30,77.01151374174246,77.91047851534343,77.01151374174246,77.31116485595703,8886250,0.0,0.0
2021-04-28 00:00:00+05:30,77.72319925547684,78.21014092402865,77.38608887019893,77.8355712890625,6887787,0.0,0.0
2021-04-29 00:00:00+05:30,78.58471957995073,79.33385893587881,77.57338259254378,77.94795227050781,14990087,0.0,0.0
2021-04-30 00:00:00+05:30,78.02285959536087,84.42799721040228,77.38609233054098,81.01941680908203,81358264,0.0,0.0
2021-05-03 00:00:00+05:30,81.01942817484209,82.92973023728729,79.40877730342194,80.68231201171875,33975507,0.0,0.0
2021-05-04 00:00:00+05:30,80.90705393700061,82.63007681629539,80.68230983431697,82.14313507080078,30811922,0.0,0.0
2021-05-05 00:00:00+05:30,84.20326115389516,85.40188292910246,82.77989529531422,83.22937774658203,47588366,0.0,0.0
2021-05-06 00:00:00+05:30,84.1283511717259,84.540374384353,81.99329945487403,82.59261322021484,26083818,0.0,0.0
2021-05-07 00:00:00+05:30,83.04210986422083,84.16581907947547,82.14314477820939,83.49159240722656,28016564,0.0,0.0
2021-05-10 00:00:00+05:30,85.28952895988864,86.11358124773922,84.27819180136835,85.32698822021484,33477142,0.0,0.0
2021-05-11 00:00:00+05:30,84.31563809416451,88.92284063167878,82.967184946539,88.47335815429688,48355326,0.0,0.0
2021-05-12 00:00:00+05:30,88.92283737051325,90.75823218277428,85.1771406705678,86.22593688964844,49718697,0.0,0.0
2021-05-14 00:00:00+05:30,86.90018076835942,86.90018076835942,83.5665123268,84.61530303955078,23626454,0.0,0.0
2021-05-17 00:00:00+05:30,85.36443587718124,86.45069148143115,84.09090113065957,85.58917999267578,19960145,0.0,0.0
2021-05-18 00:00:00+05:30,86.15103020813133,88.0238786909168,85.6266349191434,86.97508239746094,29395737,0.0,0.0
2021-05-19 00:00:00+05:30,85.77646916805006,86.75035276357386,84.95241689555792,86.07612609863281,25295575,0.0,0.0
2021-05-20 00:00:00+05:30,84.98986731462949,85.92629161609293,83.3043035719953,83.75379180908203,21131045,0.0,0.0
2021-05-21 00:00:00+05:30,83.19193463623235,85.43935288972284,83.19193463623235,84.46546936035156,20562816,0.0,0.0
2021-05-24 00:00:00+05:30,84.8400416664136,85.36443698875559,83.04210586548625,84.69021606445312,24785960,0.0,0.0
2021-05-25 00:00:00+05:30,85.70152332715834,87.72419682677966,85.17712247191989,85.85134887695312,25820379,0.0,0.0
2021-05-26 00:00:00+05:30,86.45069329106582,86.45069329106582,84.65275747591491,84.91495513916016,12045621,0.0,0.0
2021-05-27 00:00:00+05:30,84.65275599859022,85.13969777353658,83.37922124763541,83.79124450683594,22821449,0.0,0.0
2021-05-28 00:00:00+05:30,84.80258465919715,86.56306696410509,83.79124753041802,84.16581726074219,19331994,0.0,0.0
2021-05-31 00:00:00+05:30,84.27817520593827,85.66408183289558,83.4541230803539,85.13968658447266,16430926,0.0,0.0
2021-06-01 00:00:00+05:30,85.66409737807938,88.73556806652519,85.5517253143171,88.09880065917969,51620011,0.0,0.0
2021-06-02 00:00:00+05:30,88.39845123614981,89.44724756340356,86.9001724016388,88.21116638183594,27162991,0.0,0.0
2021-06-03 00:00:00+05:30,88.99777091561664,92.74346824850487,88.73556752993002,91.76958465576172,64241347,0.0,0.0
2021-06-04 00:00:00+05:30,93.34277817758912,94.91596994439219,92.40635382645866,93.97954559326172,72354379,0.0,0.0
2021-06-07 00:00:00+05:30,95.10325414540556,95.5152831431959,93.56752164964647,93.75480651855469,28709907,0.0,0.0
2021-06-08 00:00:00+05:30,94.20428731920079,94.31665938156432,91.88195613076986,93.49260711669922,15261479,0.0,0.0
2021-06-09 00:00:00+05:30,95.14070700407308,95.889846429302,92.18160856061093,92.93074798583984,29718157,0.0,0.0
2021-06-10 00:00:00+05:30,92.70600173614125,93.49260040070055,91.73211821958975,92.85582733154297,12245640,0.0,0.0
2021-06-11 00:00:00+05:30,92.85581876570004,94.84103915677912,91.76956901054258,92.55616760253906,18360366,0.0,0.0
2021-06-14 00:00:00+05:30,93.19295018888995,94.24174657848214,90.8331597411777,93.49260711669922,19547491,0.0,0.0
2021-06-15 00:00:00+05:30,94.09190214892546,96.26440742854099,93.53004763086004,93.90461730957031,32779493,0.0,0.0
2021-06-16 00:00:00+05:30,95.14069868395049,96.07712288359566,94.46647211711,94.91595458984375,31654780,0.0,0.0
2021-06-17 00:00:00+05:30,94.09190060518199,95.14069683145935,92.51870912350576,93.71733093261719,18124616,0.0,0.0
2021-06-18 00:00:00+05:30,93.3053166718104,93.3053166718104,89.07267782274293,90.08401489257812,87912730,0.0,0.0
2021-06-21 00:00:00+05:30,89.44725851604358,91.39502009631141,89.11014230771127,90.6084213256836,15669821,0.0,0.0
2021-06-22 00:00:00+05:30,91.91940829949402,93.04311747535814,91.02044324499488,91.4324722290039,23629008,0.0,0.0
2021-06-23 00:00:00+05:30,92.51870596436815,93.19293249505863,91.20771215515646,92.40633392333984,21978870,0.0,0.0
2021-06-24 00:00:00+05:30,93.23038568290343,93.23038568290343,90.90805494408534,91.3949966430664,24358397,0.0,0.0
2021-06-25 00:00:00+05:30,92.10667793017001,93.60495658354719,90.15891682387559,90.5709457397461,34557609,0.0,0.0
2021-06-28 00:00:00+05:30,91.80702734047524,93.26784675037364,91.24517284197901,91.65719604492188,23728169,0.0,0.0
2021-06-29 00:00:00+05:30,91.24517838430877,91.73211440686556,89.22249863757492,89.4472427368164,20857415,0.0,0.0
2021-06-30 00:00:00+05:30,90.15893443058704,90.60841697128161,87.68677759902658,88.17371368408203,19094044,0.0,0.0
2021-07-01 00:00:00+05:30,88.21116508141947,89.70944389384273,87.87405463481628,89.03521728515625,16012542,0.0,0.0
2021-07-02 00:00:00+05:30,89.89672588502589,90.53349321694884,88.39844712027545,88.73555755615234,20014124,0.0,0.0
2021-07-05 00:00:00+05:30,89.25997363879704,90.98299108017667,89.0726887615505,90.6084213256836,12050022,0.0,0.0
2021-07-06 00:00:00+05:30,92.14414054964796,93.6424192577723,90.68332109541858,91.02043151855469,30193164,0.0,0.0
2021-07-07 00:00:00+05:30,89.82181549072266,90.1963851919221,88.248623888781,89.82181549072266,18479814,0.0,0.0
2021-07-08 00:00:00+05:30,89.44722843021613,89.44722843021613,87.53692103864635,87.68675231933594,17151883,0.0,0.0
2021-07-09 00:00:00+05:30,87.72421832746808,88.88538662714738,87.34964864569795,88.32353210449219,11240925,0.0,0.0
2021-07-12 00:00:00+05:30,89.14758865446315,89.40978630152733,88.39844925400548,88.81047821044922,8420962,0.0,0.0
2021-07-13 00:00:00+05:30,89.14759190267782,90.49604515882639,88.84793498848033,90.1963882446289,8580799,0.0,0.0
2021-07-14 00:00:00+05:30,90.1214630524735,91.20771278715543,89.97163175823772,90.49603271484375,12709481,0.0,0.0
2021-07-15 00:00:00+05:30,89.29741914165066,89.44725045924062,87.05000081712441,87.57440185546875,28589465,0.0,0.0
2021-07-16 00:00:00+05:30,87.79914003401903,87.9489713512257,86.71289013280241,87.4994888305664,19691248,0.0,0.0
2021-07-19 00:00:00+05:30,86.00118014222626,87.31217370710485,85.5516920618852,85.85134887695312,14395883,0.0,0.0
2021-07-20 00:00:00+05:30,83.94107276411398,84.84003776550344,83.60395660198287,84.35309600830078,18634406,0.0,0.0
2021-07-22 00:00:00+05:30,85.70154446061827,86.75034071424335,85.36442831723176,86.52559661865234,11710140,0.0,0.0
2021-07-23 00:00:00+05:30,86.52558851215694,87.46201263025387,85.96373404129878,86.37576293945312,7841690,0.0,0.0
2021-07-26 00:00:00+05:30,86.03864980482057,86.6005042951204,85.47679531452071,85.81391143798828,8149770,0.0,0.0
2021-07-27 00:00:00+05:30,86.41321970241935,86.82524861596296,85.40188276019713,85.88882446289062,9704729,0.0,0.0
2021-07-28 00:00:00+05:30,86.0761219919064,86.30086039251069,84.9898663848047,85.66409301757812,11020097,0.0,0.0
2021-07-29 00:00:00+05:30,85.62662707795418,86.75033606472273,84.87748775344183,85.96373748779297,14142749,0.0,0.0
2021-07-30 00:00:00+05:30,85.62662364497557,87.46201263025387,85.2520539977368,86.37576293945312,12236156,0.0,0.0
2021-08-02 00:00:00+05:30,86.1135769547137,88.02388482650228,86.00121061029822,87.72422790527344,10895726,0.0,0.0
2021-08-03 00:00:00+05:30,87.01253821829674,88.54827048426641,86.26339885475649,88.32353210449219,15163353,0.0,0.0
2021-08-04 00:00:00+05:30,88.17371194951703,88.77302580230707,87.34965968854108,87.91151428222656,14304543,0.0,0.0
2021-08-05 00:00:00+05:30,87.04998458028042,87.83658313333785,85.92627562761513,87.53692626953125,11033147,0.0,0.0
2021-08-06 00:00:00+05:30,87.0125457642618,88.54827816341437,87.0125457642618,87.38711547851562,6606584,0.0,0.0
2021-08-09 00:00:00+05:30,86.90016320270041,87.64930254065472,85.6266286143699,86.1510238647461,8294214,0.0,0.0
2021-08-10 00:00:00+05:30,86.22594299033797,86.67542548303746,85.326978004939,86.03865814208984,14300982,0.0,0.0
2021-08-11 00:00:00+05:30,86.52559818365634,87.87405135063256,86.03865644472161,87.64930725097656,11308648,0.0,0.0
2021-08-12 00:00:00+05:30,86.97507607622111,88.32352917201476,86.37576803457472,87.08744812011719,13519139,0.0,0.0
2021-08-13 00:00:00+05:30,87.49948340192887,87.611849738512,86.4132278526253,86.97508239746094,10342014,0.0,0.0
2021-08-16 00:00:00+05:30,87.57439287227741,88.6606426648478,85.9262828407295,86.52559661865234,14771886,0.0,0.0
2021-08-17 00:00:00+05:30,86.90016335683178,86.90016335683178,84.42800125100594,85.28951263427734,16025745,0.0,0.0
2021-08-18 00:00:00+05:30,85.32697514451804,86.33831214805879,84.577835776639,84.80257415771484,10074307,0.0,0.0
2021-08-20 00:00:00+05:30,82.89227668554113,83.7163288917148,81.28162581432711,82.55516052246094,23878081,0.0,0.0
2021-08-23 00:00:00+05:30,82.66752760077595,83.90360869337249,81.2816209217046,83.71632385253906,16886027,0.0,0.0
2021-08-24 00:00:00+05:30,84.76512061860878,86.30085289347292,83.97852199614387,84.80257415771484,17368602,0.0,0.0
2021-08-25 00:00:00+05:30,85.02731916933344,87.79913257412417,84.87749358033713,86.63796997070312,18637317,0.0,0.0
2021-08-26 00:00:00+05:30,86.60051048521025,87.08745222137195,85.70154552266544,86.56305694580078,8779246,0.0,0.0
2021-08-27 00:00:00+05:30,86.52560399263575,87.64931313539726,86.11357502076444,87.38711547851562,9706825,0.0,0.0
2021-08-30 00:00:00+05:30,87.46201929973272,90.19637907618218,87.46201929973272,90.00909423828125,15933414,0.0,0.0
2021-08-31 00:00:00+05:30,89.89671743014405,90.64585674206192,89.18503737001383,90.30874633789062,13376290,0.0,0.0
2021-09-01 00:00:00+05:30,91.24517908737606,91.58228952335595,89.44724342603014,89.67198181152344,10964080,0.0,0.0
2021-09-02 00:00:00+05:30,89.07266844047633,90.00909261307284,88.39844189311093,88.88538360595703,13031666,0.0,0.0
2021-09-03 00:00:00+05:30,89.85927245463004,92.5187197206464,88.9977666814374,92.21906280517578,21326802,0.0,0.0
2021-09-06 00:00:00+05:30,92.74346341224808,93.15548666809184,90.75824278624371,91.1328125,12505630,0.0,0.0
2021-09-07 00:00:00+05:30,91.76957593286286,91.95686078170543,89.55961700271244,89.85926818847656,8530847,0.0,0.0
2021-09-08 00:00:00+05:30,90.54405800674671,90.92449522526245,89.40274635119948,90.50601196289062,7801721,1.85,0.0
2021-09-09 00:00:00+05:30,90.62014186437902,94.19625510573407,89.93535372837391,92.94081115722656,27242637,0.0,0.0
2021-09-13 00:00:00+05:30,92.97884722361113,93.89189996565806,92.14188656382625,93.62559509277344,9921031,0.0,0.0
2021-09-14 00:00:00+05:30,93.81583049387868,95.41366582242159,93.43539323446313,94.31039428710938,16593684,0.0,0.0
2021-09-15 00:00:00+05:30,94.53864381970324,99.44628135795709,94.53864381970324,97.73431396484375,42437332,0.0,0.0
2021-09-16 00:00:00+05:30,98.64736605138512,99.86476979383325,96.93540437421639,97.9245376586914,22431820,0.0,0.0
2021-09-17 00:00:00+05:30,97.9245419866522,98.68541645680493,94.91909015155352,97.20171356201172,25968166,0.0,0.0
2021-09-20 00:00:00+05:30,95.14734736098617,98.4571440808551,95.14734736098617,97.7723617553711,29857432,0.0,0.0
2021-09-21 00:00:00+05:30,98.60931939005964,103.47891053597965,98.22888221897148,102.87020874023438,51537119,0.0,0.0
2021-09-22 00:00:00+05:30,102.33761248291165,102.90826831460075,100.77781755429025,101.69086456298828,16424387,0.0,0.0
2021-09-23 00:00:00+05:30,102.5659004183285,105.26700762343405,102.26154360633019,104.81047821044922,18688982,0.0,0.0
2021-09-24 00:00:00+05:30,105.68545470045729,106.44632913778246,102.33761182023555,103.55501556396484,33667173,0.0,0.0
2021-09-27 00:00:00+05:30,105.0387349842058,107.09309396743775,104.62025165557861,106.5224380493164,34196564,0.0,0.0
2021-09-28 00:00:00+05:30,107.89198972996202,109.26156594007867,107.28328790213,108.19633483886719,46109879,0.0,0.0
2021-09-29 00:00:00+05:30,107.1691533095205,113.21810187066026,106.02784182213485,110.13655853271484,68003697,0.0,0.0
2021-09-30 00:00:00+05:30,110.1365763390353,111.12571544335933,107.54960786005495,109.94635772705078,26714630,0.0,0.0
2021-10-01 00:00:00+05:30,110.47897253777099,113.86486166291512,109.64201757302905,111.27789306640625,42893182,0.0,0.0
2021-10-04 00:00:00+05:30,112.45724153163229,112.98985130331349,111.84853967398709,112.30506896972656,16099471,0.0,0.0
2021-10-05 00:00:00+05:30,114.1311590171941,125.23992980554306,113.37028462374613,124.51708984375,131238378,0.0,0.0
2021-10-06 00:00:00+05:30,126.30516642064404,131.4410692720859,126.15299384334676,127.90300750732422,101221817,0.0,0.0
2021-10-07 00:00:00+05:30,129.46279215799942,129.46279215799942,121.3594833377632,122.04426574707031,59769140,0.0,0.0
2021-10-08 00:00:00+05:30,124.70730752996444,126.76167766526513,122.120339255172,122.46273040771484,30561341,0.0,0.0
2021-10-11 00:00:00+05:30,124.59318796793619,126.45732800026113,123.79426749407624,125.54428100585938,18143592,0.0,0.0
2021-10-12 00:00:00+05:30,125.62037485646493,126.19103068723018,123.83231527605813,124.4410171508789,11619888,0.0,0.0
2021-10-13 00:00:00+05:30,124.51708547630696,124.63122359733389,121.51163404960825,121.73989868164062,16690451,0.0,0.0
2021-10-14 00:00:00+05:30,122.50079277586292,123.07144864283123,120.71273308201957,121.01708984375,14821875,0.0,0.0
2021-10-18 00:00:00+05:30,124.59319920456622,125.92472957774478,122.65296691021561,123.33776092529297,22899876,0.0,0.0
2021-10-19 00:00:00+05:30,124.40294674528889,124.40294674528889,120.21813813917825,120.67466735839844,10331930,0.0,0.0
2021-10-20 00:00:00+05:30,121.16925205382915,121.24534414025807,116.90835063430094,117.85944366455078,17118996,0.0,0.0
2021-10-21 00:00:00+05:30,119.91381745115373,121.96817613536297,117.59314806657437,117.93553924560547,31555789,0.0,0.0
2021-10-22 00:00:00+05:30,119.45729239424435,120.48447757794932,117.55510620962262,119.4953384399414,27317028,0.0,0.0
2021-10-25 00:00:00+05:30,120.97905854024246,123.98451081719323,120.90296643803114,122.8051528930664,34568006,0.0,0.0
2021-10-26 00:00:00+05:30,124.44102400782104,124.74536915699015,121.96818193824659,124.0986328125,33022684,0.0,0.0
2021-10-27 00:00:00+05:30,124.09863113067823,124.47906836699542,119.45729220359921,120.14207458496094,21652522,0.0,0.0
2021-10-28 00:00:00+05:30,114.13116026635629,119.3431545625287,113.14202122204348,114.28333282470703,24815027,0.0,0.0
2021-10-29 00:00:00+05:30,114.05507677834133,115.53879126164703,111.08767103177564,113.40834045410156,18736450,0.0,0.0
2021-11-01 00:00:00+05:30,114.13115116533713,116.87030343731365,112.9137475755651,116.52790069580078,11444653,0.0,0.0
2021-11-02 00:00:00+05:30,117.13663750801447,117.78338553530143,115.1583705957697,116.37576293945312,20609479,0.0,0.0
2021-11-03 00:00:00+05:30,115.04422166416924,117.32684515595841,113.97900201201035,115.65292358398438,11591857,0.0,0.0
2021-11-04 00:00:00+05:30,115.65292532707046,116.29967330350102,115.08226944552241,115.69097137451172,1114216,0.0,0.0
2021-11-08 00:00:00+05:30,116.37574085936551,118.3540190062941,115.42464782911567,117.85944366455078,16568525,0.0,0.0
2021-11-09 00:00:00+05:30,119.07683723522615,120.33227528411297,117.93552569623037,119.19096374511719,13601954,0.0,0.0
2021-11-10 00:00:00+05:30,119.2290090680966,120.75075777760651,119.03879047940787,119.98988342285156,13900618,0.0,0.0
2021-11-11 00:00:00+05:30,119.15293524604205,119.34315384534287,116.45182881396603,116.79421997070312,14158749,0.0,0.0
2021-11-12 00:00:00+05:30,117.17467145502253,118.39207528298016,116.64206163404982,117.66923522949219,10552485,0.0,0.0
2021-11-15 00:00:00+05:30,119.03881664339328,123.45189119294236,118.69642543050236,120.06600189208984,45750584,0.0,0.0
2021-11-16 00:00:00+05:30,121.28340180334585,121.51166649633073,119.30513488753421,119.5714340209961,12956283,0.0,0.0
2021-11-17 00:00:00+05:30,119.45728207801835,121.1692494963339,119.1529369587711,119.76162719726562,11420415,0.0,0.0
2021-11-18 00:00:00+05:30,119.4573054541517,119.4573054541517,116.94641709393854,117.40294647216797,18351511,0.0,0.0
2021-11-22 00:00:00+05:30,119.33595883240228,121.26900170813742,115.19371893904616,115.62767028808594,21558590,5.5,0.0
2021-11-23 00:00:00+05:30,115.03593915552082,116.53503090927235,113.14233626539799,115.74603271484375,21216047,0.0,0.0
2021-11-24 00:00:00+05:30,117.56070795611872,122.96534934560215,117.56070795611872,121.07174682617188,36294271,0.0,0.0
2021-11-25 00:00:00+05:30,121.50571629042423,123.08371260588429,120.36167136954698,122.37361907958984,11554142,0.0,0.0
2021-11-26 00:00:00+05:30,120.12496582072883,120.12496582072883,115.39097701991194,116.06163024902344,23135841,0.0,0.0
2021-11-29 00:00:00+05:30,114.40472697357762,115.2331774043209,111.9588279950319,113.69463348388672,18736522,0.0,0.0
2021-11-30 00:00:00+05:30,113.10289353463963,116.57448069918969,111.3276476356672,112.11664581298828,22980651,0.0,0.0
2021-12-01 00:00:00+05:30,112.35332261939388,113.33957022679431,110.18357788311296,112.23497772216797,14278744,0.0,0.0
2021-12-02 00:00:00+05:30,110.85424428515964,114.12858191635394,110.77533965150036,113.61573791503906,8561767,0.0,0.0
2021-12-03 00:00:00+05:30,113.6157232258441,115.86437256368437,112.94507004391835,115.11481475830078,10690334,0.0,0.0
2021-12-06 00:00:00+05:30,115.0359330810935,115.07538539656308,112.62948630732636,113.10289001464844,7749262,0.0,0.0
2021-12-07 00:00:00+05:30,114.40472130380135,115.39096890124792,114.01022226482273,115.11481475830078,10253663,0.0,0.0
2021-12-08 00:00:00+05:30,115.9827409618919,118.62588987430557,115.82494372215623,117.08733367919922,12266948,0.0,0.0
2021-12-09 00:00:00+05:30,117.95523728011449,118.27083176152193,115.46989763134708,116.25889587402344,7989291,0.0,0.0
2021-12-10 00:00:00+05:30,115.39097938000403,116.77172614181603,114.83868308311048,116.41667938232422,10324085,0.0,0.0
2021-12-13 00:00:00+05:30,117.52126057664599,118.74420999774281,114.68087473707016,115.15426635742188,13595587,0.0,0.0
2021-12-14 00:00:00+05:30,113.81298356288688,116.33777524449228,113.57628170917093,115.90382385253906,12331999,0.0,0.0
2021-12-15 00:00:00+05:30,115.43042911227084,116.5350216813399,113.3001365638342,113.57627868652344,10361033,0.0,0.0
2021-12-16 00:00:00+05:30,114.64142537304778,115.39097115390874,114.04967680302774,114.68087768554688,12156709,0.0,0.0
2021-12-17 00:00:00+05:30,113.7735134450008,114.48361889503684,109.27622708472393,109.98632049560547,17667617,0.0,0.0
2021-12-20 00:00:00+05:30,108.48724735316945,108.60559226189211,103.87160328648108,105.72575378417969,17238729,0.0,0.0
2021-12-21 00:00:00+05:30,106.55421010714369,107.9744092854954,105.56796234983796,107.34320831298828,8615570,0.0,0.0
2021-12-22 00:00:00+05:30,108.40835112235376,108.84230255322682,106.75146207605323,107.9349594116211,4968143,0.0,0.0
2021-12-23 00:00:00+05:30,109.2762441126053,111.24873949369926,108.21109179115201,110.85424041748047,6324169,0.0,0.0
2021-12-24 00:00:00+05:30,111.68268411466936,111.72213642773075,108.25053754397534,109.27623748779297,5657495,0.0,0.0
2021-12-27 00:00:00+05:30,107.7376804112903,108.92117742341179,107.30372909901492,108.36888122558594,4404298,0.0,0.0
2021-12-28 00:00:00+05:30,109.78906957142716,110.8542217131584,109.27622567453692,110.06522369384766,8738089,0.0,0.0
2021-12-29 00:00:00+05:30,110.61753499487892,111.13039100091004,108.44779014568168,109.59183502197266,6571286,0.0,0.0
2021-12-30 00:00:00+05:30,109.4734936507147,111.4065367163555,109.2762441126053,110.85424041748047,11556524,0.0,0.0
2021-12-31 00:00:00+05:30,110.8147960491663,112.78729157171878,110.02579784014532,112.35334014892578,6393760,0.0,0.0
2022-01-03 00:00:00+05:30,112.31389175075802,113.18178249444794,111.40653665248121,112.8661880493164,3765911,0.0,0.0
2022-01-04 00:00:00+05:30,112.90564082685826,117.24513068053804,112.90564082685826,116.61392974853516,16351836,0.0,0.0
2022-01-05 00:00:00+05:30,117.16624104947988,119.21764133132925,116.2983381519687,118.62589263916016,12977680,0.0,0.0
2022-01-06 00:00:00+05:30,118.82312928741058,119.45431819245576,117.04788340386852,118.98092651367188,9012777,0.0,0.0
2022-01-07 00:00:00+05:30,119.5332279678587,124.26721719430856,119.41488305286032,123.91217041015625,30889365,0.0,0.0
2022-01-10 00:00:00+05:30,124.8589539529561,125.76629698592497,123.39930259819121,124.93785858154297,16418985,0.0,0.0
2022-01-11 00:00:00+05:30,125.29290144413358,127.54153881921363,124.34610612624958,126.98924255371094,14457548,0.0,0.0
2022-01-12 00:00:00+05:30,128.37000249403735,130.7369970527688,127.34430244408902,130.14524841308594,21220614,0.0,0.0
2022-01-13 00:00:00+05:30,130.1452297626296,130.5791811107077,128.64613823925637,129.35623168945312,7445346,0.0,0.0
2022-01-14 00:00:00+05:30,128.56723731849416,128.84339146772012,126.39749255477894,127.06814575195312,11646259,0.0,0.0
2022-01-17 00:00:00+05:30,128.21221303863248,132.70950056507914,128.05441579964722,130.85536193847656,32577835,0.0,0.0
2022-01-18 00:00:00+05:30,132.78839856714265,132.86729116311326,128.9223001898717,129.27735900878906,11175409,0.0,0.0
2022-01-19 00:00:00+05:30,130.42139638626944,134.91868342597053,130.1057899032997,134.32693481445312,36648534,0.0,0.0
2022-01-20 00:00:00+05:30,134.83978106928586,134.83978106928586,131.3681939721704,131.64434814453125,14474454,0.0,0.0
2022-01-21 00:00:00+05:30,130.42139147330698,131.2892821806787,128.05439711640182,129.11953735351562,8625926,0.0,0.0
2022-01-24 00:00:00+05:30,130.3425156239226,132.78841514841434,129.1984705066572,130.7370147705078,28783449,0.0,0.0
2022-01-25 00:00:00+05:30,128.60669834532447,131.52598909011715,128.60669834532447,130.30303955078125,14249846,0.0,0.0
2022-01-27 00:00:00+05:30,130.26362301810067,133.14346197250933,129.79021922653502,130.7370147705078,25936832,0.0,0.0
2022-01-28 00:00:00+05:30,132.19662899968745,137.83796038296165,131.17092910114073,133.18287658691406,32790065,0.0,0.0
2022-01-31 00:00:00+05:30,135.3920779545895,137.95632176403888,133.77462945156725,136.1810760498047,24031034,0.0,0.0
2022-02-01 00:00:00+05:30,137.28565783590827,137.99575125043216,132.9461686514399,134.87921142578125,14220953,0.0,0.0
2022-02-02 00:00:00+05:30,134.56361646754436,137.32510957343118,134.5241641582008,135.15536499023438,12478192,0.0,0.0
2022-02-03 00:00:00+05:30,134.1297069948111,135.11595484036118,130.97371388905083,132.15721130371094,12529302,0.0,0.0
2022-02-04 00:00:00+05:30,134.1296966434084,136.2599894175605,133.3801507464679,133.81410217285156,17434362,0.0,0.0
2022-02-07 00:00:00+05:30,134.68197077429397,136.7333706120623,133.4984736461558,135.7865753173828,11723574,0.0,0.0
2022-02-08 00:00:00+05:30,135.7076947894822,136.49669301500242,131.36820454912083,131.72325134277344,13231599,0.0,0.0
2022-02-09 00:00:00+05:30,132.4727716706692,133.81407802639336,128.6855905507462,129.35623168945312,17938632,0.0,0.0
2022-02-10 00:00:00+05:30,130.85532734006998,134.44525872464064,130.30301909091654,133.41957092285156,26763203,0.0,0.0
2022-02-11 00:00:00+05:30,132.51224671144192,134.52419455097416,131.84160545770268,132.6700439453125,12884995,0.0,0.0
2022-02-14 00:00:00+05:30,133.2617774990703,139.13982311763453,130.342486866259,131.13148498535156,44604164,0.0,0.0
2022-02-15 00:00:00+05:30,134.12966615460095,134.12966615460095,123.39928804657104,129.51402282714844,31146458,0.0,0.0
2022-02-16 00:00:00+05:30,129.7901965427957,133.2617836103447,129.7901965427957,132.9856414794922,15960268,0.0,0.0
2022-02-17 00:00:00+05:30,132.98561530208062,136.02325037845682,132.9461629942515,135.51040649414062,24640791,0.0,0.0
2022-02-18 00:00:00+05:30,135.07649005901592,135.51044147886117,131.5259981425392,132.47279357910156,11829998,0.0,0.0
2022-02-21 00:00:00+05:30,133.46943097488736,133.58903454313926,130.00114648289002,130.2801971435547,14222260,1.75,0.0
2022-02-22 00:00:00+05:30,132.7518676175373,132.7518676175373,130.1606149463241,131.5160369873047,29399172,0.0,0.0
2022-02-23 00:00:00+05:30,132.55253995002522,132.6721313602869,127.29029891118813,128.16734313964844,21301826,0.0,0.0
2022-02-24 00:00:00+05:30,128.16732281978537,129.4828767879433,124.38010799307321,124.89835357666016,28766189,0.0,0.0
2022-02-25 00:00:00+05:30,127.09094911119477,127.88825747993744,125.01795465204002,127.17068481445312,20225258,0.0,0.0
2022-02-28 00:00:00+05:30,127.96799405947253,129.0443652310298,124.22064713391367,128.08758544921875,20210070,0.0,0.0
2022-03-02 00:00:00+05:30,132.07413223479782,134.22687465801732,129.0842257202827,129.92140197753906,41103406,0.0,0.0
2022-03-03 00:00:00+05:30,134.18698441052828,136.97756335836354,129.8815124485786,135.78160095214844,42345653,0.0,0.0
2022-03-04 00:00:00+05:30,135.62215356427595,136.3397262042301,130.63897643692837,131.7552032470703,32658756,0.0,0.0
2022-03-07 00:00:00+05:30,133.23025708327606,151.32915785369477,133.23025708327606,149.05682373046875,132538155,0.0,0.0
2022-03-08 00:00:00+05:30,151.4886162280922,155.4352909018948,141.76145488242824,142.79795837402344,73127816,0.0,0.0
2022-03-09 00:00:00+05:30,145.90744961250155,146.5452988199562,138.61208199826117,139.847900390625,51977091,0.0,0.0
2022-03-10 00:00:00+05:30,134.14714073407768,141.04385365283312,131.55588838705984,139.01072692871094,62112814,0.0,0.0
2022-03-11 00:00:00+05:30,137.5356974903764,140.64519534986155,136.89784834418546,140.0870819091797,26187452,0.0,0.0
2022-03-14 00:00:00+05:30,138.73167633071427,139.92763905770317,136.02083234925752,136.97760009765625,20214021,0.0,0.0
2022-03-15 00:00:00+05:30,134.1870055138368,135.14377315608598,128.88489737952312,130.5592498779297,42333127,0.0,0.0
2022-03-16 00:00:00+05:30,132.35319088817735,133.8282162554237,129.04436598235705,133.3896942138672,25545119,0.0,0.0
2022-03-17 00:00:00+05:30,132.8315627833429,136.73836844392878,131.2369462417227,135.78160095214844,66314748,0.0,0.0
2022-03-21 00:00:00+05:30,136.89784454330837,139.52896459456943,135.7816176929359,137.5755615234375,20614652,0.0,0.0
2022-03-22 00:00:00+05:30,140.48572232364373,144.5121317376643,138.57218723874254,139.8877410888672,39742745,0.0,0.0
2022-03-23 00:00:00+05:30,140.7248967294577,141.68166413238714,139.40934307117442,140.00732421875,10994784,0.0,0.0
2022-03-24 00:00:00+05:30,142.63845548608774,143.83441798205592,140.7249203589225,141.48236083984375,20332589,0.0,0.0
2022-03-25 00:00:00+05:30,142.31953917416274,142.91752043119706,139.60869567532453,140.16680908203125,13608989,0.0,0.0
2022-03-28 00:00:00+05:30,139.92762964692193,141.8411650150253,139.24991261415636,140.6053466796875,15253027,0.0,0.0
2022-03-29 00:00:00+05:30,139.4890714752071,139.68839853137803,135.9809201529824,136.33970642089844,14210783,0.0,0.0
2022-03-30 00:00:00+05:30,129.96127940990306,131.436304932167,128.48625388763915,129.16397094726562,95239532,0.0,0.0
2022-03-31 00:00:00+05:30,129.04434556378175,131.75518875653432,128.48622005413407,130.67881774902344,33523683,0.0,0.0
2022-04-01 00:00:00+05:30,130.67882737242635,134.14712339340937,130.3997767630112,133.90792846679688,28335224,0.0,0.0
2022-04-04 00:00:00+05:30,133.11062684543185,134.78497924991174,131.83494078264906,133.9876708984375,17745513,0.0,0.0
2022-04-05 00:00:00+05:30,135.74174260692382,137.7350134234719,134.98430212982748,137.01744079589844,20054934,0.0,0.0
2022-04-06 00:00:00+05:30,136.02082619011804,138.33301582454723,135.7816312223588,137.77490234375,12969222,0.0,0.0
2022-04-07 00:00:00+05:30,136.02080840132606,138.5721926698446,134.10726107546728,134.62551879882812,24550313,0.0,0.0
2022-04-08 00:00:00+05:30,134.74509839285392,136.5789098574277,134.50590347730798,136.25997924804688,9529874,0.0,0.0
2022-04-11 00:00:00+05:30,136.33973204246828,137.73502169787366,135.18363733261018,136.4991912841797,9724979,0.0,0.0
2022-04-12 00:00:00+05:30,136.33972714863,137.29649473051614,134.10726134692246,134.66537475585938,13184429,0.0,0.0
2022-04-13 00:00:00+05:30,136.6586507594285,139.40937438898237,136.10053732950465,138.9309844970703,23458303,0.0,0.0
2022-04-18 00:00:00+05:30,140.32626831738176,142.71819334551896,139.60869567532453,140.16680908203125,23916912,0.0,0.0
2022-04-19 00:00:00+05:30,141.3627676101103,143.35603841068726,140.32626436061838,141.2431640625,17880666,0.0,0.0
2022-04-20 00:00:00+05:30,141.04383910341227,141.40263758567917,139.36949890532512,139.9276123046875,10076403,0.0,0.0
2022-04-21 00:00:00+05:30,140.08707242135668,140.88438075860512,138.65191498111759,138.8512420654297,12246720,0.0,0.0
2022-04-22 00:00:00+05:30,138.85125032686574,140.56547065351918,138.49246398694868,138.73165893554688,10267952,0.0,0.0
2022-04-25 00:00:00+05:30,136.33973791758402,137.93435473533353,134.18700764681432,135.26336669921875,12583497,0.0,0.0
2022-04-26 00:00:00+05:30,136.4194944395457,136.89787225828425,132.11402107512257,133.11065673828125,20086229,0.0,0.0
2022-04-27 00:00:00+05:30,133.90794329513386,134.66538384164943,130.24033195612557,131.43629455566406,13981957,0.0,0.0
2022-04-28 00:00:00+05:30,132.3531909617972,132.3531909617972,129.52274378213295,131.39642333984375,13030499,0.0,0.0
2022-04-29 00:00:00+05:30,132.75184146816846,133.50928197428433,127.17068296800522,127.9281234741211,15964743,0.0,0.0
2022-05-02 00:00:00+05:30,126.09430199766061,126.97134598861237,124.30035833377127,124.6591567993164,23405519,0.0,0.0
2022-05-04 00:00:00+05:30,126.77204403634799,129.8018185911637,125.93486772744396,129.36329650878906,23661920,0.0,0.0
2022-05-05 00:00:00+05:30,130.91803679628762,134.26672964180327,130.28018764334163,131.43629455566406,26878516,0.0,0.0
2022-05-06 00:00:00+05:30,130.67886328698154,133.46944314382586,128.44640913427622,133.11065673828125,16768573,0.0,0.0
2022-05-09 00:00:00+05:30,131.75519099836103,133.38967537737207,129.76192033272773,131.35653686523438,9952775,0.0,0.0
2022-05-10 00:00:00+05:30,127.92812193606777,128.88488951997215,121.90844147864449,123.14427185058594,22602956,0.0,0.0
2022-05-11 00:00:00+05:30,122.78549385655776,127.56934426655351,122.58616675614128,126.45311737060547,15084514,0.0,0.0
2022-05-12 00:00:00+05:30,126.7720182863668,128.36663486858527,122.78547683082068,124.77874755859375,21459069,0.0,0.0
2022-05-13 00:00:00+05:30,127.56934898385211,127.80854394638907,121.94832211105889,122.42671203613281,12934346,0.0,0.0
2022-05-16 00:00:00+05:30,122.94495427359733,124.57943894575784,121.03141895777482,122.3868408203125,13205775,0.0,0.0
2022-05-17 00:00:00+05:30,124.38010631677416,130.51937836203825,124.02131998174475,130.0808563232422,17843200,0.0,0.0
2022-05-18 00:00:00+05:30,129.16394475233687,131.15721550468774,127.72878737745239,130.12071228027344,12616832,0.0,0.0
2022-05-19 00:00:00+05:30,126.4132412637584,129.2038204873912,125.81526000155137,127.5693359375,8932407,0.0,0.0
2022-05-20 00:00:00+05:30,128.88493188079488,130.59915269108424,127.64911326863478,129.08425903320312,7235654,0.0,0.0
2022-05-23 00:00:00+05:30,128.9646484811947,130.91805185189054,123.30375332599081,123.66255187988281,18029557,0.0,0.0
2022-05-24 00:00:00+05:30,125.49633349000975,125.77539628793605,119.71584776520761,120.114501953125,19141394,0.0,0.0
2022-05-25 00:00:00+05:30,121.90843324363043,122.18749601281658,117.68270901967385,121.66925048828125,19366472,0.0,0.0
2022-05-26 00:00:00+05:30,121.82872990236875,122.22738411529146,118.08138273408761,121.11114501953125,12824105,0.0,0.0
2022-05-27 00:00:00+05:30,123.58279781669864,123.98145200320413,112.50021629823043,114.65294647216797,52469252,0.0,0.0
2022-05-30 00:00:00+05:30,116.1279735421909,117.44353981447065,112.54008543481987,114.85228729248047,40261336,0.0,0.0
2022-05-31 00:00:00+05:30,115.92862916681916,121.98817749023438,115.92862916681916,120.59288787841797,57675204,0.0,0.0
2022-06-01 00:00:00+05:30,120.55302927166748,121.90845113674425,118.59962609853092,119.39693450927734,22780094,0.0,0.0
2022-06-02 00:00:00+05:30,117.84218803632177,121.90845371763794,116.40703043340267,121.54966735839844,25429955,0.0,0.0
2022-06-03 00:00:00+05:30,122.74561552660337,122.94494261000675,120.5131497592937,120.8719482421875,16747177,0.0,0.0
2022-06-06 00:00:00+05:30,122.06791591482794,124.38010531389446,121.82872097141687,122.74562072753906,30327268,0.0,0.0
2022-06-07 00:00:00+05:30,123.42334576809493,129.9214045204409,122.94495585002487,129.04437255859375,61411715,0.0,0.0
2022-06-08 00:00:00+05:30,130.35993285572263,132.6721225170542,129.24370588114084,130.2801971435547,45994327,0.0,0.0
2022-06-09 00:00:00+05:30,132.35320164966356,133.42957291500622,131.15723898415456,131.99441528320312,31122996,0.0,0.0
2022-06-10 00:00:00+05:30,130.7585793506178,132.87144177252088,130.2403337500637,131.27682495117188,17812698,0.0,0.0
2022-06-13 00:00:00+05:30,129.1639514056113,130.71870023933874,126.33350435828405,127.2105484008789,12237777,0.0,0.0
2022-06-14 00:00:00+05:30,127.21058675921162,128.00789534163732,123.82202528390245,124.34027099609375,12844437,0.0,0.0
2022-06-15 00:00:00+05:30,125.1375423882429,125.37673732507572,120.23410092998955,120.71247863769531,16223385,0.0,0.0
2022-06-16 00:00:00+05:30,118.91854848670641,120.8320960346735,113.69618795824347,114.45362854003906,25130676,0.0,0.0
2022-06-17 00:00:00+05:30,113.57659777638523,115.72932837629806,112.14143998778911,112.77928924560547,22922034,0.0,0.0
2022-06-20 00:00:00+05:30,110.50694619656461,110.746128977498,103.65008927073202,107.15824127197266,28656582,0.0,0.0
2022-06-21 00:00:00+05:30,108.51368380524166,111.78264111734241,107.6366396527973,110.90560913085938,20581784,0.0,0.0
2022-06-22 00:00:00+05:30,109.19138443055823,109.19138443055823,104.44740181928661,107.51704406738281,31824106,0.0,0.0
2022-06-23 00:00:00+05:30,106.83932370965604,108.75285896941494,105.40416618185662,107.4771728515625,26829020,0.0,0.0
2022-06-24 00:00:00+05:30,109.23124452166725,112.42047793835827,107.7960870509643,109.51030731201172,25461812,0.0,0.0
2022-06-27 00:00:00+05:30,111.62319008116165,113.69619704905384,109.4305917045674,112.81915283203125,24188349,0.0,0.0
2022-06-28 00:00:00+05:30,113.85565286420844,120.99156129486477,113.33739505496634,119.0780258178711,54387675,0.0,0.0
2022-06-29 00:00:00+05:30,119.07804175405161,125.49636611532644,116.56651241767305,122.90511322021484,165860322,0.0,0.0
2022-06-30 00:00:00+05:30,121.98814853753747,123.14424293689135,118.99824293612724,120.8320541381836,38725546,0.0,0.0
2022-07-01 00:00:00+05:30,118.75908180021183,120.5131578182684,103.65009030105747,104.48726654052734,125788305,0.0,0.0
2022-07-04 00:00:00+05:30,103.61021917226026,103.61021917226026,98.94596647279704,100.46085357666016,85993413,0.0,0.0
2022-07-05 00:00:00+05:30,101.25817044366605,102.53386879595496,100.46086201497576,101.57709503173828,44595740,0.0,0.0
2022-07-06 00:00:00+05:30,98.06892513151007,98.46757929871133,95.55740266154616,96.43444061279297,59092334,0.0,0.0
2022-07-07 00:00:00+05:30,96.67364637861368,98.9858420240591,96.67364637861368,98.46759033203125,36229792,0.0,0.0
2022-07-08 00:00:00+05:30,100.73991510370237,100.73991510370237,96.47431638113265,96.87297058105469,42778692,0.0,0.0
2022-07-11 00:00:00+05:30,96.87296890927502,100.38112702464316,96.51418256872905,100.06220245361328,31521678,0.0,0.0
2022-07-12 00:00:00+05:30,99.58381008581331,101.05882925679184,98.46757722456641,98.94596099853516,25216226,0.0,0.0
2022-07-13 00:00:00+05:30,97.63041217490706,99.5838214252657,96.79324199587944,99.22502899169922,27166975,0.0,0.0
2022-07-14 00:00:00+05:30,99.18517125788726,105.72310412261608,98.70678740997556,101.37776947021484,38464081,0.0,0.0
2022-07-15 00:00:00+05:30,101.73654604808976,102.37438908961637,99.34462095565985,100.89937591552734,18088858,0.0,0.0
2022-07-18 00:00:00+05:30,101.29802913043576,104.20819976538932,101.21829342839867,103.57035064697266,21010247,0.0,0.0
2022-07-19 00:00:00+05:30,104.04874678994273,106.20147704895628,99.22502850940073,101.97574615478516,33778758,0.0,0.0
2022-07-20 00:00:00+05:30,107.63663839502638,108.91233675350007,105.40417235067805,105.68323516845703,60317150,0.0,0.0
2022-07-21 00:00:00+05:30,106.04201417382087,106.44066836244426,105.08524655431681,106.12174987792969,20853780,0.0,0.0
2022-07-22 00:00:00+05:30,106.67986391863667,106.67986391863667,104.8859200595765,105.6034927368164,11630255,0.0,0.0
2022-07-25 00:00:00+05:30,105.2447071223629,105.60349346345158,102.37439206173244,103.49063110351562,21705935,0.0,0.0
2022-07-26 00:00:00+05:30,104.32781766710453,104.92579901674564,101.85615655553657,102.2149429321289,22172845,0.0,0.0
2022-07-27 00:00:00+05:30,102.93252874828693,103.80956076915982,101.89602530001731,102.53387451171875,20187969,0.0,0.0
2022-07-28 00:00:00+05:30,103.9690176714033,104.04875338329234,102.25480935944248,103.84942626953125,25736737,0.0,0.0
2022-07-29 00:00:00+05:30,104.00888451800029,107.23798616278576,103.57036243878919,106.95892333984375,19738642,0.0,0.0
2022-08-01 00:00:00+05:30,106.91907168334608,110.82587835613441,106.20148675412491,110.34748840332031,20592826,0.0,0.0
2022-08-02 00:00:00+05:30,108.99205017089844,109.27111296275014,107.3177099176684,108.99205017089844,15037928,0.0,0.0
2022-08-03 00:00:00+05:30,108.43393950792569,110.38734260263375,106.67986350790132,108.15487670898438,15853543,0.0,0.0
2022-08-04 00:00:00+05:30,107.1183816364035,109.35083528254181,106.83931884765626,108.63326263427734,14311959,0.0,0.0
2022-08-05 00:00:00+05:30,107.7163613883816,110.42720487266233,106.52039888073544,108.83258819580078,66480753,0.0,0.0
2022-08-08 00:00:00+05:30,108.67312896130657,109.62989653423156,107.6764935382681,108.83258819580078,12451233,0.0,0.0
2022-08-10 00:00:00+05:30,108.75286522852223,109.03192804602999,106.40080778796099,106.67987060546875,15829467,0.0,0.0
2022-08-11 00:00:00+05:30,107.2379826123345,108.43394524369883,105.2845794142983,105.88256072998047,19479706,0.0,0.0
2022-08-12 00:00:00+05:30,106.75957697372766,111.38396756728281,106.44065851870698,110.98531341552734,40876891,0.0,0.0
2022-08-16 00:00:00+05:30,111.22453423076894,113.1380697382468,108.51369023418161,111.58332061767578,31230003,0.0,0.0
2022-08-17 00:00:00+05:30,111.58329587904285,112.26101281091712,110.5866604886156,111.34410095214844,15694770,0.0,0.0
2022-08-18 00:00:00+05:30,112.85428423841985,112.89510202225974,109.95639596753135,110.65026092529297,42597708,3.25,0.0
2022-08-19 00:00:00+05:30,112.24204527960426,113.05835106345592,109.42579281648355,109.87476348876953,35382493,0.0,0.0
2022-08-22 00:00:00+05:30,109.79313844384407,109.79313844384407,105.9565033834426,107.67073822021484,31231393,0.0,0.0
2022-08-23 00:00:00+05:30,107.6707373876995,109.54824334703316,106.20139681206685,109.180908203125,24268146,0.0,0.0
2022-08-24 00:00:00+05:30,109.95639330880572,112.1604165686397,109.79313463323255,111.01759338378906,22730039,0.0,0.0
2022-08-25 00:00:00+05:30,111.83391079458453,112.77265761818855,111.14004578177125,111.4665756225586,14620592,0.0,0.0
2022-08-26 00:00:00+05:30,111.4257387420504,112.85427385412797,111.09922141305346,111.54817962646484,12105053,0.0,0.0
2022-08-29 00:00:00+05:30,109.54824895706977,111.50739058464032,109.18091379435015,110.93596649169922,9198908,0.0,0.0
2022-08-30 00:00:00+05:30,112.56857531180884,114.16038173459172,112.28287572872823,113.13999938964844,21720398,0.0,0.0
2022-09-01 00:00:00+05:30,110.20129226200396,111.22167459776325,109.50742729135202,109.9563980102539,20349294,0.0,0.0
2022-09-02 00:00:00+05:30,109.95639504494301,110.81351867503366,107.9972659954547,108.3646011352539,17495310,0.0,0.0
2022-09-05 00:00:00+05:30,108.48704208382475,109.30334793082369,108.28296562207501,108.89519500732422,14865879,0.0,0.0
2022-09-06 00:00:00+05:30,109.46661895555071,109.50742428318891,107.50747745120694,107.8340072631836,10870488,0.0,0.0
2022-09-07 00:00:00+05:30,106.93605617307267,108.52784993791654,106.16056818054234,108.16051483154297,12042788,0.0,0.0
2022-09-08 00:00:00+05:30,107.46666507613719,109.50742979430036,107.34422417538313,107.62993621826172,14629497,0.0,0.0
2022-09-09 00:00:00+05:30,108.16052052512097,109.54823791993601,107.71154983554716,109.38497924804688,12327341,0.0,0.0
2022-09-12 00:00:00+05:30,110.2012850633308,110.52780240710908,109.0584619042686,109.38497924804688,13500202,0.0,0.0
2022-09-13 00:00:00+05:30,109.54824661113898,110.32373470601577,108.97683498627393,109.30335235595703,10846178,0.0,0.0
2022-09-14 00:00:00+05:30,108.11971181033873,109.46662399201509,107.75237665382309,108.73194122314453,8597956,0.0,0.0
2022-09-15 00:00:00+05:30,109.05847049137508,109.71150523035064,107.7523761017455,108.2421646118164,10810473,0.0,0.0
2022-09-16 00:00:00+05:30,107.01768820987392,107.7523583984375,106.11974690755207,107.14012908935547,20909579,0.0,0.0
2022-09-19 00:00:00+05:30,107.83400979782465,109.67069799490905,105.87486824743121,106.56873321533203,19411428,0.0,0.0
2022-09-20 00:00:00+05:30,107.26258814124273,109.05847105014455,107.18096502637219,108.73194122314453,13080582,0.0,0.0
2022-09-21 00:00:00+05:30,107.91563125218289,108.73193710500702,106.16057865094652,106.85443115234375,11156865,0.0,0.0
2022-09-22 00:00:00+05:30,106.44626578841837,106.81361334393824,104.56877251096607,105.01773071289062,11366882,0.0,0.0
2022-09-23 00:00:00+05:30,104.69122431308755,105.38508926163061,104.07899493113968,104.97693634033203,10407849,0.0,0.0
2022-09-26 00:00:00+05:30,103.91573155291337,105.14019026141783,100.11990831096571,100.77294921875,12848954,0.0,0.0
2022-09-27 00:00:00+05:30,101.50762695062373,104.40551508792356,101.09947404271779,101.5892562866211,14465123,0.0,0.0
2022-09-28 00:00:00+05:30,101.18111522475265,101.18111522475265,99.18116823303228,100.03829193115234,15267018,0.0,0.0
2022-09-29 00:00:00+05:30,100.81378217425271,104.65041754720608,100.81378217425271,103.38514709472656,20597761,0.0,0.0
2022-09-30 00:00:00+05:30,102.44638352869116,108.07888887582156,102.44638352869116,103.50758361816406,33530494,0.0,0.0
2022-10-03 00:00:00+05:30,107.50749152229238,110.20130365844466,106.60956244746853,108.07890319824219,50966493,0.0,0.0
2022-10-04 00:00:00+05:30,110.11965823600403,110.20129380634441,107.58911748136188,109.30335235595703,14137567,0.0,0.0
2022-10-06 00:00:00+05:30,111.42574913583371,111.46656691972524,108.0788901501508,108.28296661376953,14570735,0.0,0.0
2022-10-07 00:00:00+05:30,107.79319991712813,109.58907046145514,107.09933489835092,109.42581176757812,13532236,0.0,0.0
2022-10-10 00:00:00+05:30,108.56868201393571,109.38498789373973,107.91563481892464,108.77275848388672,10183057,0.0,0.0
2022-10-11 00:00:00+05:30,108.77275276223641,108.97682922145262,106.32383525164197,107.0177001953125,13176461,0.0,0.0
2022-10-12 00:00:00+05:30,107.01770240619668,107.75237269221716,105.38509069873884,107.2217788696289,9401804,0.0,0.0
2022-10-13 00:00:00+05:30,107.09931982356177,107.62992607377636,104.20143793365705,105.997314453125,13320136,0.0,0.0
2022-10-14 00:00:00+05:30,107.75237639797744,108.40542359458759,103.71166477422115,104.16062927246094,13205955,0.0,0.0
2022-10-17 00:00:00+05:30,103.67083592969543,104.65040039219426,102.85453013497342,104.32388305664062,9320940,0.0,0.0
2022-10-18 00:00:00+05:30,104.85449437900176,105.38510070782387,104.16063558301593,105.0585708618164,6490293,0.0,0.0
2022-10-19 00:00:00+05:30,105.05855328955526,105.05855328955526,103.99735949316803,104.32388305664062,7381712,0.0,0.0
2022-10-20 00:00:00+05:30,103.67085816320451,106.93608204236057,102.69129349062582,105.79325866699219,18748363,0.0,0.0
2022-10-21 00:00:00+05:30,105.5891623486417,108.89519094085968,105.09937387639697,107.3850326538086,11945173,0.0,0.0
2022-10-24 00:00:00+05:30,108.56866943247532,109.3849752176819,108.07888097901626,108.40541076660156,2154912,0.0,0.0
2022-10-25 00:00:00+05:30,108.11970441579466,108.48703954718742,105.99731673672616,106.73198699951172,10232002,0.0,0.0
2022-10-27 00:00:00+05:30,106.73199528054232,107.91563633168256,106.36466012064906,107.58911895751953,13865026,0.0,0.0
2022-10-28 00:00:00+05:30,107.83400150237257,110.69107181138189,107.58910727043273,109.14008331298828,22918037,0.0,0.0
2022-10-31 00:00:00+05:30,109.71151136790292,110.36455859925088,108.40542936104688,109.42581176757812,8753855,0.0,0.0
2022-11-01 00:00:00+05:30,109.46661172217026,110.7726935162569,109.46661172217026,110.32372283935547,11630848,0.0,0.0
2022-11-02 00:00:00+05:30,110.89515742317721,113.62977461420684,110.48700448817227,111.38493347167969,21117499,0.0,0.0
2022-11-03 00:00:00+05:30,111.34410095214844,111.58899517191082,110.40535430820294,111.34410095214844,7561534,0.0,0.0
2022-11-04 00:00:00+05:30,111.34410995148565,112.97672160740679,111.05841038520252,112.52776336669922,7498344,0.0,0.0
2022-11-07 00:00:00+05:30,113.09917449951172,113.46650962944656,111.62982152393394,113.09917449951172,9987481,0.0,0.0
2022-11-09 00:00:00+05:30,113.42569563835664,113.46651342212229,111.83390171820686,113.18080139160156,12033732,0.0,0.0
2022-11-10 00:00:00+05:30,112.24204628153637,114.97667566418532,112.16041072008738,114.16036987304688,15908521,0.0,0.0
2022-11-11 00:00:00+05:30,114.77258455211378,115.34399604173491,113.62974911703527,114.65013122558594,18492513,0.0,0.0
2022-11-14 00:00:00+05:30,114.77261117693284,115.09912854507967,113.13999942452035,113.67059326171875,12743505,0.0,0.0
2022-11-15 00:00:00+05:30,114.28283265713016,117.01746256376187,114.28283265713016,116.20115661621094,24636519,0.0,0.0
2022-11-16 00:00:00+05:30,116.56845472453513,116.9766075684895,115.26236064154662,116.65007781982422,11460200,0.0,0.0
2022-11-17 00:00:00+05:30,115.87461431822148,117.38478514132754,115.6705378532525,116.8949966430664,13368536,0.0,0.0
2022-11-18 00:00:00+05:30,116.85419576229262,116.93583134242466,114.44609561848587,115.71137237548828,19958908,0.0,0.0
2022-11-21 00:00:00+05:30,116.56847276134295,116.86847038593093,115.19707373269851,116.09705352783203,16348881,6.75,0.0
2022-11-22 00:00:00+05:30,115.668486454884,116.48274886040356,113.91138563541779,115.88276672363281,11198874,0.0,0.0
2022-11-23 00:00:00+05:30,116.18277729852228,117.12560273906824,115.32565612786351,116.99703979492188,9010911,0.0,0.0
2022-11-24 00:00:00+05:30,116.99703840520758,119.99696246687957,116.13991724472986,119.52554321289062,11803087,0.0,0.0
2022-11-25 00:00:00+05:30,119.13985089704416,121.11123234056338,118.06844936020023,120.46839141845703,9789098,0.0,0.0
2022-11-28 00:00:00+05:30,119.56840404987481,121.02550743332267,119.18270213640791,119.65412139892578,8925344,0.0,0.0
2022-11-29 00:00:00+05:30,120.03982105952772,120.93980089314748,119.56840180585729,120.21124267578125,13558920,0.0,0.0
2022-11-30 00:00:00+05:30,119.65409965858731,121.53976328741525,119.65409965858731,120.93978118896484,17720938,0.0,0.0
2022-12-01 00:00:00+05:30,121.23976675865951,121.71118593964448,119.82552229433354,120.03980255126953,27727625,0.0,0.0
2022-12-02 00:00:00+05:30,121.58264718313954,124.11115210183323,120.46838700987222,120.76837158203125,24518337,0.0,0.0
2022-12-05 00:00:00+05:30,121.28264377759851,123.38258799759753,120.51123996735592,123.21116638183594,18440387,0.0,0.0
2022-12-06 00:00:00+05:30,122.43974958433401,122.69687544138742,120.98263330834041,122.09689331054688,10977472,0.0,0.0
2022-12-07 00:00:00+05:30,120.68264552272653,121.49690789820559,120.08266340809085,120.55406951904297,9731670,0.0,0.0
2022-12-08 00:00:00+05:30,121.0683614370325,122.56832343713732,120.29695763985944,122.26832580566406,10150945,0.0,0.0
2022-12-09 00:00:00+05:30,122.13977517415572,122.52547711161085,120.25411108543902,120.59695434570312,9438307,0.0,0.0
2022-12-12 00:00:00+05:30,119.99697504033101,122.1397781660512,119.31127542437407,122.01121520996094,8946335,0.0,0.0
2022-12-13 00:00:00+05:30,122.61118088858561,123.98256685641302,122.1826203213963,123.7254409790039,12593054,0.0,0.0
2022-12-14 00:00:00+05:30,123.72542688212172,127.3681912881858,123.5111466229415,126.51107025146484,17692988,0.0,0.0
2022-12-15 00:00:00+05:30,126.55392893357228,127.58248474695432,125.69680780817421,126.38250732421875,11426194,0.0,0.0
2022-12-16 00:00:00+05:30,127.15393298844471,128.99673830419493,125.99681415758576,126.1682357788086,20540447,0.0,0.0
2022-12-19 00:00:00+05:30,126.03967081189984,126.46823139740196,124.28256979561492,124.96826934814453,10635055,0.0,0.0
2022-12-20 00:00:00+05:30,124.71113363748383,125.31111585712686,122.65404800481298,125.0111312866211,6714207,0.0,0.0
2022-12-21 00:00:00+05:30,125.5682351248605,125.82537405824822,122.3111724854181,122.99687194824219,10011408,0.0,0.0
2022-12-22 00:00:00+05:30,124.28255131458356,124.4111142396642,121.32548633006586,121.92546844482422,9123323,0.0,0.0
2022-12-23 00:00:00+05:30,120.5112228205783,122.99686859203184,119.39696285872257,119.82552337646484,8007752,0.0,0.0
2022-12-26 00:00:00+05:30,120.42550660420463,122.4397462877551,119.56838556075833,121.1112060546875,7150680,0.0,0.0
2022-12-27 00:00:00+05:30,121.79694299382568,124.62543284489396,121.79694299382568,124.11116790771484,8765357,0.0,0.0
2022-12-28 00:00:00+05:30,122.95401979847112,123.98256250792485,122.31117897023377,123.3397216796875,9534858,0.0,0.0
2022-12-29 00:00:00+05:30,122.35405696829315,125.13970099734361,122.13977665836619,123.98258209228516,36752195,0.0,0.0
2022-12-30 00:00:00+05:30,124.66826403938515,127.49676634546438,123.89686026437734,125.78252410888672,9644998,0.0,0.0
2023-01-02 00:00:00+05:30,126.25394632565153,129.2538703106124,126.21108765299738,128.95387268066406,9631496,0.0,0.0
2023-01-03 00:00:00+05:30,128.31102753464063,129.08244438071875,126.85392426355556,128.18246459960938,14991139,0.0,0.0
2023-01-04 00:00:00+05:30,127.53962726516522,127.58248593756117,124.28256434253139,125.35396575927734,13535874,0.0,0.0
2023-01-05 00:00:00+05:30,125.01111383820047,125.99679784156356,123.55399754991812,125.5682373046875,16320559,0.0,0.0
2023-01-06 00:00:00+05:30,125.73966974230808,126.93964719617537,125.39682651470646,126.29680633544922,16804116,0.0,0.0
2023-01-09 00:00:00+05:30,127.96818768903525,128.73959147677914,126.68250599037508,126.98249053955078,18660445,0.0,0.0
2023-01-10 00:00:00+05:30,127.3681913267568,128.82529447389786,127.3681913267568,128.0110321044922,18490715,0.0,0.0
2023-01-11 00:00:00+05:30,128.1396260505359,128.5681866727785,125.35398200595904,125.82540130615234,12538238,0.0,0.0
2023-01-12 00:00:00+05:30,126.59678989584664,127.06820913907016,124.92540628680929,125.26824951171875,13270422,0.0,0.0
2023-01-13 00:00:00+05:30,125.4825069291133,126.42534524373826,125.05394643676163,125.95392608642578,8854484,0.0,0.0
2023-01-16 00:00:00+05:30,126.59677450795948,126.68249184308321,125.13967136125967,126.51107025146484,9696320,0.0,0.0
2023-01-17 00:00:00+05:30,127.1110665789985,127.71104875608623,125.69680886304472,126.7253646850586,18484595,0.0,0.0
2023-01-18 00:00:00+05:30,127.06821754749497,128.3538993439283,127.02535887188753,127.92533874511719,12139643,0.0,0.0
2023-01-19 00:00:00+05:30,126.89679983863684,130.36814341182887,126.89679983863684,130.06814575195312,18437610,0.0,0.0
2023-01-20 00:00:00+05:30,130.28240313437254,130.71096367099878,129.03958019388244,129.93955993652344,17512691,0.0,0.0
2023-01-23 00:00:00+05:30,130.75384961319554,131.22526891753958,129.72530672648372,130.58242797851562,16742252,0.0,0.0
2023-01-24 00:00:00+05:30,130.582399641931,131.31094470088328,129.93955884240452,130.4109649658203,8276792,0.0,0.0
2023-01-25 00:00:00+05:30,129.63957853712398,131.48238384355457,129.5538611876304,130.66812133789062,9827342,0.0,0.0
2023-01-27 00:00:00+05:30,130.66812419086168,132.12522761364767,125.65397302316008,126.55393981933594,13052535,0.0,0.0
2023-01-30 00:00:00+05:30,126.42536616883066,127.58248492115011,122.78260138091521,124.19684600830078,12688399,0.0,0.0
2023-01-31 00:00:00+05:30,124.41112628994287,126.76820938800581,123.63972250748355,124.19684600830078,19050398,0.0,0.0
2023-02-01 00:00:00+05:30,124.9682728286237,125.13969445187257,122.01120732202835,123.63973236083984,11526089,0.0,0.0
2023-02-02 00:00:00+05:30,122.56832337017887,124.28256565507648,120.5540834539719,122.95402526855469,11886667,0.0,0.0
2023-02-03 00:00:00+05:30,122.99688712250227,124.58256650849566,120.08268039425778,123.68258666992188,9250428,0.0,0.0
2023-02-06 00:00:00+05:30,121.45405142654532,123.59685407372724,121.36834716783571,122.99687194824219,6436143,0.0,0.0
2023-02-07 00:00:00+05:30,123.33974116250428,124.23972107992394,121.8826376707274,123.98258209228516,8681511,0.0,0.0
2023-02-08 00:00:00+05:30,124.62540333616221,125.05396388832044,122.69688085145016,123.3397216796875,10325869,0.0,0.0
2023-02-09 00:00:00+05:30,123.98256348293646,125.48252542728613,122.73974048762992,125.31110382080078,8078404,0.0,0.0
2023-02-10 00:00:00+05:30,125.2682505526638,125.99680875993889,124.1111448500061,125.73966979980469,6396208,0.0,0.0
2023-02-13 00:00:00+05:30,126.38250836256881,127.53962712281519,125.65396324717305,126.98249053955078,6563018,0.0,0.0
2023-02-14 00:00:00+05:30,127.41106090617416,127.8824801810037,125.9968161603171,127.23963928222656,6991500,0.0,0.0
2023-02-15 00:00:00+05:30,127.71104327702926,128.05388648390485,124.7111194416628,126.42536163330078,12631259,0.0,0.0
2023-02-16 00:00:00+05:30,128.56815883078718,134.09658704478514,127.19675990514034,133.6251678466797,30949761,0.0,0.0
2023-02-17 00:00:00+05:30,133.28233547742371,136.110837817108,132.33949700465212,134.2251739501953,19874561,0.0,0.0
2023-02-20 00:00:00+05:30,134.7394311585701,135.2537090380155,132.3394895188745,132.72520446777344,8348393,0.0,0.0
2023-02-21 00:00:00+05:30,132.76806869950633,133.62518989983533,131.52524557475564,132.08238220214844,7599927,0.0,0.0
2023-02-22 00:00:00+05:30,132.2109167641037,132.42519701817844,130.02525555681578,131.65379333496094,9599697,0.0,0.0
2023-02-23 00:00:00+05:30,131.73952471403385,133.8823276959753,131.3538227930107,132.5537872314453,18675946,0.0,0.0
2023-02-24 00:00:00+05:30,133.52163418185327,136.68920385569876,131.7618762354697,136.38124084472656,14648507,4.0,0.0
2023-02-27 00:00:00+05:30,135.5013779595662,137.30513275394608,134.6214988819067,136.60122680664062,11904749,0.0,0.0
2023-02-28 00:00:00+05:30,135.63335198766717,136.7771974530294,133.037711440888,133.78561401367188,17607584,0.0,0.0
2023-03-01 00:00:00+05:30,133.7416125208022,136.46924288335816,133.60963603669626,136.2052764892578,7707977,0.0,0.0
2023-03-02 00:00:00+05:30,135.94132255316333,136.42525874904834,134.313540828611,135.54537963867188,8219892,0.0,0.0
2023-03-03 00:00:00+05:30,135.50137423077896,136.99716593646045,135.01743806620556,135.72134399414062,8260104,0.0,0.0
2023-03-06 00:00:00+05:30,136.11729209158034,140.51668752715753,135.10543651175334,139.19686889648438,14491522,0.0,0.0
2023-03-08 00:00:00+05:30,137.74508337693297,139.76880810357406,137.61309344912945,139.24087524414062,7339476,0.0,0.0
2023-03-09 00:00:00+05:30,139.94475261237366,140.0327324536831,137.30511570711374,137.52508544921875,5314022,0.0,0.0
2023-03-10 00:00:00+05:30,136.90918617613127,137.8770450800218,135.67734744496755,137.0851593017578,4689681,0.0,0.0
2023-03-13 00:00:00+05:30,137.43710555301095,139.02089053542778,136.55722649898925,137.0851593017578,8785721,0.0,0.0
2023-03-14 00:00:00+05:30,137.0851807675854,138.0090566041534,134.665512990136,134.88548278808594,7177342,0.0,0.0
2023-03-15 00:00:00+05:30,135.50137739200642,135.8973202901169,133.5656461144413,134.22555541992188,9832270,0.0,0.0
2023-03-16 00:00:00+05:30,133.03770823976456,134.97343944370635,130.2220979953139,133.91758728027344,18551936,0.0,0.0
2023-03-17 00:00:00+05:30,135.06144205974033,136.2932674312974,133.6976267674445,134.75347900390625,16593429,0.0,0.0
2023-03-20 00:00:00+05:30,134.62149737910516,135.6333529367624,133.38967205448859,134.00558471679688,8749355,0.0,0.0
2023-03-21 00:00:00+05:30,134.75350187054514,135.281434791307,132.81777020423814,133.345703125,6148489,0.0,0.0
2023-03-22 00:00:00+05:30,134.09359243253874,134.44555218834395,132.72979033470574,133.345703125,4329409,0.0,0.0
2023-03-23 00:00:00+05:30,132.94973437207042,134.75347574554507,132.24582842281995,134.44552612304688,4484564,0.0,0.0
2023-03-24 00:00:00+05:30,134.35753746515076,134.79747702032537,130.92601430514463,131.4539337158203,8301726,0.0,0.0
2023-03-27 00:00:00+05:30,131.58593053735805,134.13757472080545,131.32196410523477,132.20184326171875,7437261,0.0,0.0
2023-03-28 00:00:00+05:30,132.20182216067568,132.20182216067568,129.03425233256038,129.5181884765625,8964539,0.0,0.0
2023-03-29 00:00:00+05:30,129.56219123558077,132.72976121339366,128.9022819423605,131.40994262695312,24012834,0.0,0.0
2023-03-31 00:00:00+05:30,132.06984880134334,134.6214926378491,132.0258521643232,132.90573120117188,7998472,0.0,0.0
2023-04-03 00:00:00+05:30,135.9412923405345,138.88889207555448,134.70946723013353,135.19338989257812,20016785,0.0,0.0
2023-04-05 00:00:00+05:30,137.92103254503238,138.44896531268915,134.22554344909906,134.5334930419922,15880397,0.0,0.0
2023-04-06 00:00:00+05:30,134.79745819568615,135.01742794255438,132.33379434558415,132.50978088378906,10670936,0.0,0.0
2023-04-10 00:00:00+05:30,132.59777749348441,138.58095805002864,131.98186480955107,138.2729949951172,17431401,0.0,0.0
2023-04-11 00:00:00+05:30,138.22898667903416,140.16471765954162,137.61306068106109,139.9447479248047,13305621,0.0,0.0
2023-04-12 00:00:00+05:30,139.9007631814552,139.94475981731887,137.7890589188829,138.71292114257812,7333339,0.0,0.0
2023-04-13 00:00:00+05:30,139.1528685829155,141.22058975339874,139.02089209368847,139.68080139160156,11610851,0.0,0.0
2023-04-17 00:00:00+05:30,139.98878104661648,141.1766098682848,139.0209085911321,140.9126434326172,9358885,0.0,0.0
2023-04-18 00:00:00+05:30,140.9126355589948,141.26459526218244,140.2527262196441,140.86865234375,8008560,0.0,0.0
2023-04-19 00:00:00+05:30,139.28486724413037,141.17660197991304,139.0648974643468,140.86865234375,11374283,0.0,0.0
2023-04-20 00:00:00+05:30,140.42868637239002,140.86862584921343,139.46081415302356,140.03273010253906,5733670,0.0,0.0
2023-04-21 00:00:00+05:30,139.81276962963037,140.6486654317002,139.63679651241657,140.42869567871094,3512214,0.0,0.0
2023-04-24 00:00:00+05:30,140.42870956637523,141.44056515983783,140.16474315150555,141.00062561035156,7028440,0.0,0.0
2023-04-25 00:00:00+05:30,140.95662667715956,142.36443858296934,140.78065354540567,141.35256958007812,10169778,0.0,0.0
2023-04-26 00:00:00+05:30,140.78067054592475,142.18848262174038,140.56070074819672,141.7925262451172,9177783,0.0,0.0
2023-04-27 00:00:00+05:30,140.95662248451129,141.5725351402747,140.42870310495218,140.82464599609375,6456825,0.0,0.0
2023-04-28 00:00:00+05:30,140.6046682748173,140.6046682748173,136.24926986694916,139.8567657470703,12656744,0.0,0.0
2023-05-02 00:00:00+05:30,140.3406862581157,145.00404717005176,140.208709791864,144.52011108398438,16612560,0.0,0.0
2023-05-03 00:00:00+05:30,143.33231482921323,143.72827120583642,141.52857322855635,141.7925262451172,8029435,0.0,0.0
2023-05-04 00:00:00+05:30,141.4845645816502,141.83651085780292,140.07675262525973,141.66053771972656,9929482,0.0,0.0
2023-05-05 00:00:00+05:30,141.7044953371138,142.49638095332713,140.51665348690764,141.04458618164062,5488707,0.0,0.0
2023-05-08 00:00:00+05:30,141.0446097389922,145.48800147982652,140.78064334753788,145.18003845214844,9699470,0.0,0.0
2023-05-09 00:00:00+05:30,145.18005463431354,146.4998733128073,144.65212179256008,145.4000244140625,7600834,0.0,0.0
2023-05-10 00:00:00+05:30,145.40003630760148,147.5117409955703,145.18006650985927,146.8958282470703,10901429,0.0,0.0
2023-05-11 00:00:00+05:30,146.14791276973992,148.3915935634567,146.14791276973992,146.98379516601562,7877677,0.0,0.0
2023-05-12 00:00:00+05:30,147.95165392384214,148.69955647171804,145.1800403422099,145.61997985839844,16373574,0.0,0.0
2023-05-15 00:00:00+05:30,145.61998401881476,146.58785635243737,144.65211168519212,145.70797729492188,8559162,0.0,0.0
2023-05-16 00:00:00+05:30,148.08362272934062,148.25959582555862,146.71980773834954,147.8196563720703,12249266,0.0,0.0
2023-05-17 00:00:00+05:30,147.81968408422085,147.81968408422085,146.14791921790973,147.15977478027344,7360259,0.0,0.0
2023-05-18 00:00:00+05:30,147.37974496955306,148.21562740509805,146.05992635788542,146.36788940429688,7433090,0.0,0.0
2023-05-19 00:00:00+05:30,146.2359017742566,146.71983795794645,144.3001704653866,145.09205627441406,5969632,0.0,0.0
2023-05-22 00:00:00+05:30,144.38815870864863,146.41186980022312,144.38815870864863,145.70797729492188,7331865,0.0,0.0
2023-05-23 00:00:00+05:30,145.70797123505707,146.98379313021644,144.6961023054636,145.18003845214844,10119254,0.0,0.0
2023-05-24 00:00:00+05:30,145.18002801192432,146.45584981533648,144.87206500639255,146.27987670898438,6107980,0.0,0.0
2023-05-25 00:00:00+05:30,146.27987574382,147.291731168084,145.3999967919775,146.05990600585938,8077606,0.0,0.0
2023-05-26 00:00:00+05:30,146.10392477636344,147.29175348579884,142.80437820700516,144.0802001953125,14873707,0.0,0.0
2023-05-29 00:00:00+05:30,140.78065116450472,141.00062093194924,137.70107442028117,139.90077209472656,43253971,0.0,0.0
2023-05-30 00:00:00+05:30,140.5166726587143,142.2764306467405,138.3609718085598,139.76878356933594,16117505,0.0,0.0
2023-05-31 00:00:00+05:30,139.90076812097018,140.25271436852907,132.02585335531344,136.2932586669922,83741017,0.0,0.0
2023-06-01 00:00:00+05:30,136.11726543832222,137.26111071277268,134.79744706608403,135.19338989257812,13982606,0.0,0.0
2023-06-02 00:00:00+05:30,136.38126072714098,136.38126072714098,134.97344879444046,136.11729431152344,9851058,0.0,0.0
2023-06-05 00:00:00+05:30,136.82119334928862,137.2611328777429,135.89731765435678,136.7332000732422,11850547,0.0,0.0
2023-06-06 00:00:00+05:30,136.82117125535996,137.17311745093542,134.79744706608403,135.19338989257812,8118800,0.0,0.0
2023-06-07 00:00:00+05:30,135.14941502335125,135.94130072518172,134.22553942062393,135.369384765625,12180164,0.0,0.0
2023-06-08 00:00:00+05:30,135.9412941818171,137.83302850396012,135.6773278186168,137.34910583496094,13850599,0.0,0.0
2023-06-09 00:00:00+05:30,137.87704498990706,138.0530181154186,135.32540110526742,135.72134399414062,11764248,0.0,0.0
2023-06-12 00:00:00+05:30,136.2492893094992,136.60123559284455,134.26956125742902,136.42526245117188,11017643,0.0,0.0
2023-06-13 00:00:00+05:30,136.55719745387236,137.4370763207477,135.72131521551802,136.95314025878906,10073644,0.0,0.0
2023-06-14 00:00:00+05:30,137.34911255964656,139.37282344952823,137.12914281719094,138.88890075683594,9695952,0.0,0.0
2023-06-15 00:00:00+05:30,138.58094466087545,138.93289089600808,137.437099257862,138.71292114257812,7426254,0.0,0.0
2023-06-16 00:00:00+05:30,139.24083986707555,139.59278606668494,137.5690752801005,138.1409912109375,11466647,0.0,0.0
2023-06-19 00:00:00+05:30,138.93288951293192,139.41682565083792,137.70106427634227,138.84490966796875,4718221,0.0,0.0
2023-06-20 00:00:00+05:30,138.62494356646712,138.8449133234987,137.7450645383409,138.36097717285156,6059738,0.0,0.0
2023-06-21 00:00:00+05:30,138.14100902506908,141.26458229648247,137.78906278007406,140.9566192626953,8284206,0.0,0.0
2023-06-22 00:00:00+05:30,140.95661450794046,141.61652376446256,138.5809438696386,139.8567657470703,10629027,0.0,0.0
2023-06-23 00:00:00+05:30,139.90077575725513,139.90077575725513,136.7332056527728,138.0530242919922,8722650,0.0,0.0
2023-06-26 00:00:00+05:30,138.14101757162928,139.24086643764542,137.1291619852502,138.0530242919922,4273205,0.0,0.0
2023-06-27 00:00:00+05:30,139.76877972665844,139.76877972665844,138.44896127192467,138.88890075683594,9730174,0.0,0.0
2023-06-28 00:00:00+05:30,138.88892433786287,140.912635571337,137.74507879771016,139.5048370361328,40243993,0.0,0.0
2023-06-30 00:00:00+05:30,141.66049870823835,141.66049870823835,139.8567443314345,141.04458618164062,7840112,0.0,0.0
2023-07-03 00:00:00+05:30,141.04459817925405,143.64023839306304,140.7806318094339,143.332275390625,9548822,0.0,0.0
2023-07-04 00:00:00+05:30,142.9803475406987,143.33229379505866,140.7806498862264,141.8365020751953,5394282,0.0,0.0
2023-07-05 00:00:00+05:30,142.5404025639639,144.6521068612228,141.9684865660071,143.2443084716797,8795342,0.0,0.0
2023-07-06 00:00:00+05:30,143.24432007759654,145.88395737598262,143.02435030273102,145.53199768066406,9845699,0.0,0.0
2023-07-07 00:00:00+05:30,145.61998765111335,146.0599271908448,143.2443168217413,143.8602294921875,7597171,0.0,0.0
2023-07-10 00:00:00+05:30,144.21218830066377,145.53200703468775,142.98036285259755,143.20033264160156,5437687,0.0,0.0
2023-07-11 00:00:00+05:30,143.6402372815773,145.26801869463304,143.33227428152227,144.8280792236328,6343183,0.0,0.0
2023-07-12 00:00:00+05:30,146.0159270361047,148.6995608490313,145.40001438048768,147.51171875,15614026,0.0,0.0
2023-07-13 00:00:00+05:30,148.3915964123584,148.96352585039253,147.11577447503433,147.64370727539062,11350009,0.0,0.0
2023-07-14 00:00:00+05:30,148.69957062624056,149.35947996333925,147.9956646481573,148.91954040527344,9448062,0.0,0.0
2023-07-17 00:00:00+05:30,147.64368854484607,148.17160785234003,146.19188024099168,146.41184997558594,4968847,0.0,0.0
2023-07-18 00:00:00+05:30,146.41186711992103,147.9516554423849,146.10391751096148,146.851806640625,4322257,0.0,0.0
2023-07-19 00:00:00+05:30,147.11576096619993,147.77567019310501,146.14790215560498,146.71981811523438,5968174,0.0,0.0
2023-07-20 00:00:00+05:30,146.93981055555957,147.90768294155086,146.05993145043647,147.11578369140625,5217131,0.0,0.0
2023-07-21 00:00:00+05:30,147.24777454080296,150.4593279243887,146.49987192637846,150.06338500976562,7842863,0.0,0.0
2023-07-24 00:00:00+05:30,151.03123609007648,151.55916889926846,149.79941076981396,150.45932006835938,8451631,0.0,0.0
2023-07-25 00:00:00+05:30,151.3391914147173,152.5270334618742,150.72327878599788,152.2190704345703,10480578,0.0,0.0
2023-07-26 00:00:00+05:30,152.96697854797128,153.36292143616095,151.33919693154965,152.17507934570312,9103949,0.0,0.0
2023-07-27 00:00:00+05:30,152.61502109176334,152.79099421953097,150.1953536637634,150.45932006835938,7731146,0.0,0.0
2023-07-28 00:00:00+05:30,150.19533578149188,153.93482136135916,148.61155096837058,151.1632080078125,9004252,0.0,0.0
2023-07-31 00:00:00+05:30,152.04310670805992,156.17853567165258,150.8112679486373,155.7825927734375,9277749,0.0,0.0
2023-08-01 00:00:00+05:30,154.2428144785037,155.73860631727695,153.36293534676767,155.47463989257812,5584773,0.0,0.0
2023-08-02 00:00:00+05:30,155.73860354022992,157.1903987113507,153.09896619209042,154.81472778320312,8975495,0.0,0.0
2023-08-03 00:00:00+05:30,154.1988141456506,154.68275034169935,150.8992674806224,151.4272003173828,6152393,0.0,0.0
2023-08-04 00:00:00+05:30,152.52703857421875,153.49489747296437,151.42718976253818,152.52703857421875,4605271,0.0,0.0
2023-08-07 00:00:00+05:30,153.36292143616095,153.5388945613687,151.42719020709796,152.17507934570312,2240015,0.0,0.0
2023-08-08 00:00:00+05:30,152.13108226130268,152.922981461246,151.8671292872104,152.52703857421875,3631238,0.0,0.0
2023-08-09 00:00:00+05:30,152.52704424740543,155.95856729712756,152.483047608124,155.65060424804688,4852294,0.0,0.0
2023-08-10 00:00:00+05:30,156.70646118358272,158.15825621801014,155.65059560302979,157.1903839111328,10430692,0.0,0.0
2023-08-11 00:00:00+05:30,157.41037315525736,158.11427915413296,155.47464172776716,155.91458129882812,4112277,0.0,0.0
2023-08-14 00:00:00+05:30,158.37822731961026,158.77417020273154,156.0465532322048,156.61846923828125,12876956,0.0,0.0
2023-08-16 00:00:00+05:30,155.12267580510616,157.89428938159008,154.68273628973483,157.54234313964844,8371665,0.0,0.0
2023-08-17 00:00:00+05:30,157.2343655932294,157.58632522856794,155.82656732953708,156.3984832763672,5199363,0.0,0.0
2023-08-18 00:00:00+05:30,156.75142724763964,156.75142724763964,153.66316372827006,154.67788696289062,6734650,0.5,0.0
2023-08-21 00:00:00+05:30,154.67790507169335,155.56026618052928,153.7955439628574,155.3396759033203,3599820,0.0,0.0
2023-08-22 00:00:00+05:30,155.33965893989892,156.97201873473105,154.94259917703494,155.42788696289062,5348036,0.0,0.0
2023-08-23 00:00:00+05:30,156.17789635291467,156.35436585943143,154.41317436022638,154.85435485839844,6379611,0.0,0.0
2023-08-24 00:00:00+05:30,154.85435534835963,155.9131858545707,152.47198334344463,152.7366943359375,7976333,0.0,0.0
2023-08-25 00:00:00+05:30,152.7367135781471,154.63378457978368,152.5161233005725,154.1484832763672,4757915,0.0,0.0
2023-08-28 00:00:00+05:30,154.50143261357755,155.11908268530064,154.0161313201659,154.58966064453125,4354221,0.0,0.0
2023-08-29 00:00:00+05:30,154.94260998355014,155.38379052056052,154.36906720717974,155.0308380126953,4596468,0.0,0.0
2023-08-30 00:00:00+05:30,155.0308151731326,156.08964561321542,154.41316520506425,155.07493591308594,5937955,0.0,0.0
2023-08-31 00:00:00+05:30,155.11908135801173,155.29555088217094,152.6925883754778,153.66317749023438,15823452,0.0,0.0
2023-09-01 00:00:00+05:30,153.8837660800645,163.0162085909627,153.8837660800645,160.36912536621094,22460960,0.0,0.0
2023-09-04 00:00:00+05:30,162.222065670691,162.7514741612202,160.41322303459052,161.4279327392578,10998180,0.0,0.0
2023-09-05 00:00:00+05:30,161.91325703716828,164.11915972159835,160.94265447051444,161.56031799316406,13506519,0.0,0.0
2023-09-06 00:00:00+05:30,163.14856481888623,164.78093826755023,160.898554746082,161.51620483398438,11954407,0.0,0.0
2023-09-07 00:00:00+05:30,163.23679885969202,163.41326838192316,159.707354560023,160.36912536621094,11137801,0.0,0.0
2023-09-08 00:00:00+05:30,161.03087888392855,163.19266059263202,160.58969839383562,162.75148010253906,9737214,0.0,0.0
2023-09-11 00:00:00+05:30,163.63385506371313,164.07503559150086,160.854423124155,161.82501220703125,10845871,0.0,0.0
2023-09-12 00:00:00+05:30,163.1044470597303,163.14855434164912,159.00146005918438,159.61911010742188,15524470,0.0,0.0
2023-09-13 00:00:00+05:30,160.50146749840684,162.97208109866287,159.6191064600126,162.2661895751953,10578786,0.0,0.0
2023-09-14 00:00:00+05:30,163.01622206662967,166.67801544473227,162.53092074255565,165.795654296875,17746404,0.0,0.0
2023-09-15 00:00:00+05:30,169.14861407528812,169.14861407528812,163.7662196377127,164.69268798828125,19924829,0.0,0.0
2023-09-18 00:00:00+05:30,163.94268924298967,165.44270036689727,163.32503918770556,164.7809295654297,5022956,0.0,0.0
2023-09-20 00:00:00+05:30,164.5162317753283,167.20743594369165,164.29564149044214,166.06036376953125,12687099,0.0,0.0
2023-09-21 00:00:00+05:30,166.2368122015131,166.28093294564184,164.1632718650695,164.73680114746094,7814108,0.0,0.0
2023-09-22 00:00:00+05:30,164.64858435620664,165.6191734744543,163.23680123033154,163.32504272460938,7814821,0.0,0.0
2023-09-25 00:00:00+05:30,164.11917435062543,164.73682446456877,163.45740348630838,163.67799377441406,5540062,0.0,0.0
2023-09-26 00:00:00+05:30,164.11916760725282,166.01623862150922,163.4573967701268,165.66329956054688,12446655,0.0,0.0
2023-09-27 00:00:00+05:30,167.03098063404425,167.03098063404425,164.38389698996673,165.22213745117188,5630907,0.0,0.0
2023-09-28 00:00:00+05:30,166.67799564878834,167.20741766012958,164.56033453094545,165.39857482910156,14890642,0.0,0.0
2023-09-29 00:00:00+05:30,166.32504540255124,169.63389909093092,166.01621367279844,169.2809600830078,10085766,0.0,0.0
2023-10-03 00:00:00+05:30,167.03095985688586,167.03095985688586,162.04561153574778,162.8838653564453,22118500,0.0,0.0
2023-10-04 00:00:00+05:30,162.7515065789136,162.8838688257302,160.6779660164097,161.25149536132812,9360058,0.0,0.0
2023-10-05 00:00:00+05:30,159.92794922374048,162.35444224644553,159.70735894894912,160.7661895751953,11128340,0.0,0.0
2023-10-06 00:00:00+05:30,161.91325880731517,161.91325880731517,159.35441705090585,160.1044158935547,5759904,0.0,0.0
2023-10-09 00:00:00+05:30,161.38382749472606,162.97208004633234,159.92793717628084,160.3249969482422,14622727,0.0,0.0
2023-10-10 00:00:00+05:30,160.85445352768707,162.7956455241107,160.63386322209885,161.9132843017578,11819690,0.0,0.0
2023-10-11 00:00:00+05:30,162.7073672616862,162.9720782613481,161.25147695918687,161.69265747070312,8499601,0.0,0.0
2023-10-12 00:00:00+05:30,161.6485288773067,163.10443257286948,161.4720593740215,162.75148010253906,8677885,0.0,0.0
2023-10-13 00:00:00+05:30,162.79562052108312,164.33975242304462,162.39856072475965,163.1485595703125,7435899,0.0,0.0
2023-10-16 00:00:00+05:30,165.8397617926887,166.06035206202287,164.33975065396854,164.60446166992188,12376549,0.0,0.0
2023-10-17 00:00:00+05:30,165.00153833171666,165.0456590828467,163.72211733152278,164.3397674560547,4381065,0.0,0.0
2023-10-18 00:00:00+05:30,165.88386392212507,165.92798466379253,164.1632627071742,164.95738220214844,10181113,0.0,0.0
2023-10-19 00:00:00+05:30,164.119154350225,164.69268364390146,163.2809140503282,164.3838653564453,9148124,0.0,0.0
2023-10-20 00:00:00+05:30,165.00151530758959,165.26622631366948,163.36914198989777,164.29562377929688,7912216,0.0,0.0
2023-10-23 00:00:00+05:30,164.07505084301877,164.07505084301877,162.5309188522277,163.10446166992188,4723090,0.0,0.0
2023-10-25 00:00:00+05:30,163.10443427888725,163.98679526830236,161.4720610629652,162.6632537841797,6812004,0.0,0.0
2023-10-26 00:00:00+05:30,161.9132542451741,162.4867835477315,158.73674904886508,159.61911010742188,8474867,0.0,0.0
2023-10-27 00:00:00+05:30,159.70736582837344,163.94270197955794,159.08971572510458,163.01622009277344,6422123,0.0,0.0
2023-10-30 00:00:00+05:30,163.2368077546975,166.94272177853819,162.88386869100307,166.58978271484375,7352638,0.0,0.0
2023-10-31 00:00:00+05:30,166.94271462265812,167.47213665926873,162.53090919677516,164.2515106201172,9404675,0.0,0.0
2023-11-01 00:00:00+05:30,164.25149988956622,166.58976469078232,163.28091083753756,164.73680114746094,9167869,0.0,0.0
2023-11-02 00:00:00+05:30,165.00151530758959,165.5750446009618,163.89856400205755,164.29562377929688,11471209,0.0,0.0
2023-11-03 00:00:00+05:30,164.69269034058885,168.22213466367685,163.94269150018962,167.6486053466797,7464912,0.0,0.0
2023-11-06 00:00:00+05:30,167.82508465059135,171.35452917936828,167.25155530017005,170.56040954589844,8962124,0.0,0.0
2023-11-07 00:00:00+05:30,170.64863750235517,174.7075040940864,169.72216908498737,170.47216796875,13921916,0.0,0.0
2023-11-08 00:00:00+05:30,170.91334353341762,173.42807807093368,169.67804337056597,172.36924743652344,10186886,0.0,0.0
2023-11-09 00:00:00+05:30,173.3839656571926,173.5604351941166,169.58981002639462,170.03099060058594,5303833,0.0,0.0
2023-11-10 00:00:00+05:30,170.03095505449923,173.3839294101446,170.03095505449923,172.85450744628906,6025889,0.0,0.0
2023-11-13 00:00:00+05:30,172.85452441351515,174.08983796251522,171.2662852935683,172.76629638671875,11181086,0.0,0.0
2023-11-15 00:00:00+05:30,175.14867529235687,179.11930017304002,174.3986629849454,176.03103637695312,19769385,0.0,0.0
2023-11-16 00:00:00+05:30,178.67810533932845,179.47222486644347,177.3545638182964,178.06045532226562,18629240,0.0,0.0
2023-11-17 00:00:00+05:30,177.22221139523649,177.57515040805893,172.54569542465728,173.2515869140625,13199928,0.0,0.0
2023-11-20 00:00:00+05:30,174.70748304566192,175.14866355840348,173.82512202017878,174.57513427734375,6423265,0.0,0.0
2023-11-21 00:00:00+05:30,175.39300991031232,176.2563406054305,173.575465766164,173.75721740722656,10720353,5.75,0.0
2023-11-22 00:00:00+05:30,173.75723689093488,174.34794712407728,172.4395200120217,173.5754852294922,7538825,0.0,0.0
2023-11-23 00:00:00+05:30,173.5754763039362,174.2570553993705,172.30320087249706,173.2574005126953,6541617,0.0,0.0
2023-11-24 00:00:00+05:30,173.43918754636073,174.34795978633795,170.98549140501106,171.62164306640625,5751331,0.0,0.0
2023-11-28 00:00:00+05:30,171.62164793843107,176.71076430671593,171.21268932542057,176.25637817382812,9277764,0.0,0.0
2023-11-29 00:00:00+05:30,177.66497099399567,177.66497099399567,174.21163374607931,174.48426818847656,8791333,0.0,0.0
2023-11-30 00:00:00+05:30,175.07495186448375,177.8012683567421,174.52969688608977,177.16513061523438,14965403,0.0,0.0
2023-12-01 00:00:00+05:30,177.43775820039312,180.16407458759505,176.52898607132582,176.80162048339844,9935740,0.0,0.0
2023-12-04 00:00:00+05:30,178.57374299638207,187.11619640217526,178.16479826668967,183.617431640625,28615290,0.0,0.0
2023-12-05 00:00:00+05:30,183.75374192826789,185.344093328999,180.981983856498,183.617431640625,14557746,0.0,0.0
2023-12-06 00:00:00+05:30,185.1623276963837,185.1623276963837,180.93654269688912,183.5265350341797,12662213,0.0,0.0
2023-12-07 00:00:00+05:30,182.57232031015386,182.57232031015386,178.16478368045648,180.75477600097656,16425880,0.0,0.0
2023-12-08 00:00:00+05:30,181.618133549064,182.02707827434054,176.39269328880098,178.07391357421875,10414387,0.0,0.0
2023-12-11 00:00:00+05:30,179.0735326665769,182.52686918057486,176.52896818959098,179.75511169433594,10108266,0.0,0.0
2023-12-12 00:00:00+05:30,178.98268109701357,179.75514300974987,176.80163337492536,177.57408142089844,10719911,0.0,0.0
2023-12-13 00:00:00+05:30,177.57406463882916,177.57406463882916,174.52968639224588,175.52932739257812,10892122,0.0,0.0
2023-12-14 00:00:00+05:30,178.02847218990723,178.39198939763585,175.6202313557958,178.07391357421875,15257294,0.0,0.0
2023-12-15 00:00:00+05:30,179.25531164093417,183.52653809299295,178.89180831739156,182.70864868164062,22863981,0.0,0.0
2023-12-18 00:00:00+05:30,182.70864302432048,183.25389799275132,179.34618885199487,180.8456573486328,8061011,0.0,0.0
2023-12-19 00:00:00+05:30,183.5719790131091,184.9805786551266,181.11829691846467,182.02706909179688,16739742,0.0,0.0
2023-12-20 00:00:00+05:30,183.34477405239878,192.65968822358633,182.6177535876366,184.66249084472656,57762576,0.0,0.0
2023-12-21 00:00:00+05:30,185.34409589638796,187.8886609461579,182.8449722320497,184.16268920898438,22823936,0.0,0.0
2023-12-22 00:00:00+05:30,185.38951181375944,185.8438978721265,183.3902159302968,185.3440704345703,9910694,0.0,0.0
2023-12-26 00:00:00+05:30,185.84392301357948,189.4790119722803,185.07146106315,188.43392944335938,17052969,0.0,0.0
2023-12-27 00:00:00+05:30,190.3877580418568,190.75126134105534,185.8438974680655,186.79811096191406,20361303,0.0,0.0
2023-12-28 00:00:00+05:30,187.6614485711056,189.84249617970644,186.61636614755992,189.2972412109375,22010872,0.0,0.0
2023-12-29 00:00:00+05:30,189.02460984791293,189.02460984791293,185.6167142376741,186.34373474121094,12171663,0.0,0.0
2024-01-01 00:00:00+05:30,187.20709048078967,188.2067455397716,186.07112512593054,186.61639404296875,4820168,0.0,0.0
2024-01-02 00:00:00+05:30,186.61634517808653,191.52370867939513,185.0714216065996,188.1612548828125,21141219,0.0,0.0
2024-01-03 00:00:00+05:30,186.75267712065295,191.251096496922,185.84390496921426,189.25180053710938,11650902,0.0,0.0
2024-01-04 00:00:00+05:30,191.29653333666968,195.74951122630532,190.20600955418362,195.06793212890625,31054419,0.0,0.0
2024-01-05 00:00:00+05:30,195.79494798435982,197.65793357996012,193.61390047087193,196.70372009277344,20743811,0.0,0.0
2024-01-08 00:00:00+05:30,198.11232065146734,200.65688534144408,197.2944312964,198.06687927246094,19310595,0.0,0.0
2024-01-09 00:00:00+05:30,200.8386316630341,201.24757632971964,196.2493298403681,196.88546752929688,11951525,0.0,0.0
2024-01-10 00:00:00+05:30,195.38601353967493,195.38601353967493,190.56951833953042,192.75057983398438,16500666,0.0,0.0
2024-01-11 00:00:00+05:30,194.4772463623437,194.4772463623437,191.61461954436953,192.5233917236328,12586419,0.0,0.0
2024-01-12 00:00:00+05:30,194.2955091076629,204.24656243515525,192.97779212336954,203.01971435546875,39228118,0.0,0.0
2024-01-15 00:00:00+05:30,207.65444233994413,213.9704061935614,204.1556639135506,212.19830322265625,57884916,0.0,0.0
2024-01-16 00:00:00+05:30,213.5160043547281,217.15109279274608,210.01724005319295,213.65232849121094,34505065,0.0,0.0
2024-01-17 00:00:00+05:30,211.01689499552384,215.60619722509014,209.65373674120295,210.88058471679688,26010955,0.0,0.0
2024-01-18 00:00:00+05:30,209.06304128920132,213.10707468796576,204.15566323219255,212.24374389648438,19232183,0.0,0.0
2024-01-19 00:00:00+05:30,214.47023306893803,220.42269358212766,213.5614608949171,219.9683074951172,26391844,0.0,0.0
2024-01-23 00:00:00+05:30,222.64917706740005,223.2398734190371,207.20005049537636,208.9267120361328,20282617,0.0,0.0
2024-01-24 00:00:00+05:30,209.92637183574655,213.56146052554303,207.29093808234924,212.97076416015625,14458601,0.0,0.0
2024-01-25 00:00:00+05:30,213.56146618934682,215.83339668072284,211.56217013028856,212.69813537597656,18291957,0.0,0.0
2024-01-29 00:00:00+05:30,219.01407162505802,231.691439387679,217.28741021704224,229.46495056152344,54127939,0.0,0.0
2024-01-30 00:00:00+05:30,233.10005819403412,239.27969776619682,225.96619121721923,226.4660186767578,51491099,0.0,0.0
2024-01-31 00:00:00+05:30,227.60198504611114,231.14620479557948,223.8305861230587,229.23777770996094,33293192,0.0,0.0
2024-02-01 00:00:00+05:30,231.41882391344865,231.41882391344865,223.0581228539584,225.0574188232422,29758133,0.0,0.0
2024-02-02 00:00:00+05:30,227.19303349827655,236.2807548382076,226.28426136428345,233.78163146972656,30482663,0.0,0.0
2024-02-05 00:00:00+05:30,236.326208257576,243.59638612647777,231.82780234130965,238.961669921875,34001868,0.0,0.0
2024-02-06 00:00:00+05:30,241.14271366359708,248.45831892722777,236.46254228623243,247.4586639404297,36708949,0.0,0.0
2024-02-07 00:00:00+05:30,249.9123377217365,250.503034064192,243.14197420641048,247.0951385498047,23756939,0.0,0.0
2024-02-08 00:00:00+05:30,248.14022685655937,250.50304001604567,244.5505934695646,248.23110961914062,25252940,0.0,0.0
2024-02-09 00:00:00+05:30,249.91231542596063,250.50301171571755,235.5082727901599,243.14195251464844,26743792,0.0,0.0
2024-02-12 00:00:00+05:30,238.0528735245664,242.27865843521923,233.3726748097051,234.37232971191406,30906374,0.0,0.0
2024-02-13 00:00:00+05:30,234.46321202978234,238.46180389753877,231.4642611955838,235.8263702392578,20711842,0.0,0.0
2024-02-14 00:00:00+05:30,234.4632261773048,245.05041669635764,232.64568178833343,244.3234100341797,36168962,0.0,0.0
2024-02-15 00:00:00+05:30,246.86796036307845,254.31990342946978,244.45971960144237,252.0025177001953,32831246,0.0,0.0
2024-02-16 00:00:00+05:30,253.70834241802245,256.3362557032985,249.2824039350327,253.29342651367188,27044984,4.0,0.0
2024-02-19 00:00:00+05:30,253.29343498143731,257.30442955473603,251.17265044372294,253.247314453125,15322964,0.0,0.0
2024-02-20 00:00:00+05:30,253.38563147077713,259.2408002402707,252.69407676901253,255.04537963867188,18968785,0.0,0.0
2024-02-21 00:00:00+05:30,254.49210523314667,259.19468237077564,250.4349903428231,251.67979431152344,16340579,0.0,0.0
2024-02-22 00:00:00+05:30,252.50965895288,254.49210997881434,247.57656351199873,253.29342651367188,16791453,0.0,0.0
2024-02-23 00:00:00+05:30,253.47783064004506,254.4921164421573,249.97396493030962,250.98825073242188,9464646,0.0,0.0
2024-02-26 00:00:00+05:30,250.71160345195554,250.71160345195554,246.93109912150473,248.8213653564453,8661999,0.0,0.0
2024-02-27 00:00:00+05:30,247.1616398590333,249.14411918795267,244.30323626180927,248.3603515625,19582774,0.0,0.0
2024-02-28 00:00:00+05:30,248.95967269997942,249.2362833027627,243.98048487386595,245.04086303710938,9118196,0.0,0.0
2024-02-29 00:00:00+05:30,244.34929224248026,245.5940961516013,241.1220374392777,243.98046875,17179832,0.0,0.0
2024-03-01 00:00:00+05:30,245.73239807940593,251.67977881965072,245.73239807940593,249.46678161621094,12930057,0.0,0.0
2024-03-04 00:00:00+05:30,251.49539774283608,258.68755551508883,251.2648795047583,257.4427795410156,22280353,0.0,0.0
2024-03-05 00:00:00+05:30,258.18041024229075,262.74468232198956,255.09146042043417,261.63818359375,18544484,0.0,0.0
2024-03-06 00:00:00+05:30,262.145303019202,262.145303019202,252.2330197675102,258.4109191894531,16807149,0.0,0.0
2024-03-07 00:00:00+05:30,258.4109178087348,262.19142214497344,255.64469924164752,256.428466796875,11386963,0.0,0.0
2024-03-11 00:00:00+05:30,256.4284998181864,258.64146932894295,251.91034787134302,252.6479949951172,10684598,0.0,0.0
2024-03-12 00:00:00+05:30,252.64794361290436,254.1232656998435,248.08367206193643,249.32847595214844,13780189,0.0,0.0
2024-03-13 00:00:00+05:30,249.69733411536137,249.88175995412624,233.05392925610852,235.45132446289062,20079496,0.0,0.0
2024-03-14 00:00:00+05:30,232.82341836637693,243.74998838096283,231.6247207252008,242.73570251464844,21404057,0.0,0.0
2024-03-15 00:00:00+05:30,243.38113955402935,245.64020114860853,229.5039263040565,238.5863494873047,34961065,0.0,0.0
2024-03-18 00:00:00+05:30,238.77079158824412,242.55126801225794,237.47986700114154,241.2142791748047,9246173,0.0,0.0
2024-03-19 00:00:00+05:30,241.58307879456214,243.38113204899568,236.64998358060413,239.04737854003906,8758348,0.0,0.0
2024-03-20 00:00:00+05:30,239.23181029096085,243.9804798029138,237.1571463949147,243.28892517089844,10484778,0.0,0.0
2024-03-21 00:00:00+05:30,244.07271883390436,246.14738295196554,241.9058417938205,242.45909118652344,12163200,0.0,0.0
2024-03-22 00:00:00+05:30,242.4590918872141,244.57984840269893,238.30976363910045,242.73570251464844,13025089,0.0,0.0
2024-03-26 00:00:00+05:30,241.26037734875317,247.02333318136925,239.09350032780299,244.81036376953125,10830926,0.0,0.0
2024-03-27 00:00:00+05:30,244.34932180439276,247.2999663800677,239.41622609479498,241.3525848388672,28563001,0.0,0.0
2024-03-28 00:00:00+05:30,241.99806542279805,249.88177816446407,241.5370289317197,247.16165161132812,18888942,0.0,0.0
2024-04-01 00:00:00+05:30,247.16162171963055,250.34278437911541,246.93110350197023,248.86746215820312,6440401,0.0,0.0
2024-04-02 00:00:00+05:30,249.05187763212368,252.694048436051,248.4525359190146,251.2648468017578,14439120,0.0,0.0
2024-04-03 00:00:00+05:30,253.61609201145558,257.25829053465225,252.50962162399466,253.89273071289062,22600929,0.0,0.0
2024-04-04 00:00:00+05:30,256.9356108731382,256.9356108731382,244.67205241972886,248.03761291503906,24624383,0.0,0.0
2024-04-05 00:00:00+05:30,246.97722983190658,250.71161378997112,245.7324257994079,247.06944274902344,13029904,0.0,0.0
2024-04-08 00:00:00+05:30,246.7005628815738,250.80379803908755,245.8246106176678,249.32847595214844,13011300,0.0,0.0
2024-04-09 00:00:00+05:30,248.95969671463166,251.40318440635158,247.1155508130418,247.9915313720703,13173933,0.0,0.0
2024-04-10 00:00:00+05:30,248.9135947868721,251.91033176214927,248.17591957083684,250.8038330078125,11137195,0.0,0.0
2024-04-12 00:00:00+05:30,250.711616607011,251.264865976497,244.34931920650166,244.99478149414062,21894584,0.0,0.0
2024-04-15 00:00:00+05:30,248.1298302922177,260.90054595949846,246.28568443815354,258.0421142578125,75063828,0.0,0.0
2024-04-16 00:00:00+05:30,255.41421768890046,269.7524413972509,253.80058995981898,261.0849609375,79082544,0.0,0.0
2024-04-18 00:00:00+05:30,263.7128392123782,265.28037433759465,252.0486231058707,252.78627014160156,34136482,0.0,0.0
2024-04-19 00:00:00+05:30,255.18363096148832,258.918014305154,252.7401438267795,253.80052185058594,32658724,0.0,0.0
2024-04-22 00:00:00+05:30,255.69080329458586,256.3362655787944,252.4174557632912,255.22976684570312,14184019,0.0,0.0
2024-04-23 00:00:00+05:30,255.27588737425043,257.02782025211843,254.07717572349634,255.22976684570312,8799147,0.0,0.0
2024-04-24 00:00:00+05:30,255.9674272099474,258.54921991825955,254.76871562867885,257.5810546875,9253985,0.0,0.0
2024-04-25 00:00:00+05:30,257.58105952174276,260.57779632201135,256.3362555306681,259.97845458984375,17050557,0.0,0.0
2024-04-26 00:00:00+05:30,260.9466135465903,263.8511373627742,260.2089665308525,260.8544006347656,11070290,0.0,0.0
2024-04-29 00:00:00+05:30,261.822597118246,263.02128056795453,260.16284910392244,261.13104248046875,8952420,0.0,0.0
2024-04-30 00:00:00+05:30,262.32973371215337,264.0355741638269,259.51742269087106,260.8083190917969,10658906,0.0,0.0
2024-05-02 00:00:00+05:30,259.1024870532299,262.4219551487021,257.30443362751475,260.76220703125,15677336,0.0,0.0
2024-05-03 00:00:00+05:30,261.8686950562271,270.12125849775026,261.8686950562271,263.8050537109375,28913016,0.0,0.0
2024-05-06 00:00:00+05:30,266.20246690685747,266.24855929771604,253.80057470717347,260.1628723144531,15491865,0.0,0.0
2024-05-07 00:00:00+05:30,261.7764994792903,262.7907853312624,250.80383722843288,252.27915954589844,13179001,0.0,0.0
2024-05-08 00:00:00+05:30,252.18692917331592,258.4109210267707,251.12655100394682,255.27587890625,12797721,0.0,0.0
2024-05-09 00:00:00+05:30,255.64467676218447,256.8433601134136,242.689565534606,244.57980346679688,14869187,0.0,0.0
2024-05-10 00:00:00+05:30,246.19344881041857,250.06616600253423,243.84217431912478,249.190185546875,9530738,0.0,0.0
2024-05-13 00:00:00+05:30,250.7116063908946,250.7116063908946,241.62918304184262,246.1012420654297,7163239,0.0,0.0
2024-05-14 00:00:00+05:30,247.0694383981003,253.24730978409497,245.68632908399883,251.63368225097656,9123849,0.0,0.0
2024-05-15 00:00:00+05:30,253.10903451962577,254.49214399787508,251.26488854862666,252.140869140625,6368662,0.0,0.0
2024-05-16 00:00:00+05:30,254.49210472371232,257.5810543763245,252.46353321289624,256.0135192871094,23757779,0.0,0.0
2024-05-17 00:00:00+05:30,257.07389262480564,261.31543325215586,255.04534929132822,255.82911682128906,11529157,0.0,0.0
2024-05-21 00:00:00+05:30,259.19468638471767,261.86869204888,256.6589860215683,258.2726135253906,17559555,0.0,0.0
2024-05-22 00:00:00+05:30,261.8686795680643,261.8686795680643,255.32195695097687,256.33624267578125,17935064,0.0,0.0
2024-05-23 00:00:00+05:30,258.13431714643474,262.37582993439673,257.3505495610308,261.361572265625,17719819,0.0,0.0
2024-05-24 00:00:00+05:30,261.86870923088594,263.66676268032165,259.8862580811442,261.1771545410156,11041667,0.0,0.0
2024-05-27 00:00:00+05:30,261.86868746932714,262.05311329373956,254.21549412652377,256.0135192871094,13719808,0.0,0.0
2024-05-28 00:00:00+05:30,257.5349556710923,257.5349556710923,251.77199991279332,252.92459106445312,6927361,0.0,0.0
2024-05-29 00:00:00+05:30,252.46353727447277,252.46353727447277,249.19018988421732,250.66551208496094,8327205,0.0,0.0
2024-05-30 00:00:00+05:30,251.72588728109332,253.6622458880647,244.34930450362538,245.91683959960938,15390964,0.0,0.0
2024-05-31 00:00:00+05:30,247.53047388770014,247.53047388770014,242.5051654766139,243.74996948242188,24167379,0.0,0.0
2024-06-03 00:00:00+05:30,256.2901943386806,264.2199994022836,251.91034771287084,261.9609375,30195397,0.0,0.0
2024-06-04 00:00:00+05:30,262.79076371239165,262.79076371239165,205.6222466942573,217.8858184814453,72779900,0.0,0.0
2024-06-05 00:00:00+05:30,227.75202198991872,230.28772263960406,212.49171162968727,228.2130584716797,37078551,0.0,0.0
2024-06-06 00:00:00+05:30,234.2065134042382,239.27791428503863,229.82666718900145,232.6389923095703,30881233,0.0,0.0
2024-06-07 00:00:00+05:30,233.74547556970543,240.4765963520349,232.17795448436453,240.10777282714844,22010688,0.0,0.0
2024-06-10 00:00:00+05:30,243.4272285575295,243.4272285575295,237.94088393085872,238.95516967773438,14138524,0.0,0.0
2024-06-11 00:00:00+05:30,246.05517552395403,253.57006453595093,244.57985315694904,252.23304748535156,47270206,0.0,0.0
2024-06-12 00:00:00+05:30,256.3362489897629,257.3505347395508,253.20120696813382,254.03106689453125,20560662,0.0,0.0
2024-06-13 00:00:00+05:30,256.3362692962583,256.3362692962583,251.26486828500143,254.99925231933594,16013386,0.0,0.0
2024-06-14 00:00:00+05:30,255.41418022458677,256.5206789037145,253.2012110057616,253.93885803222656,10642648,0.0,0.0
2024-06-18 00:00:00+05:30,257.212214749492,257.25830713299183,252.64794320587725,254.3076629638672,17044769,0.0,0.0
2024-06-19 00:00:00+05:30,254.3999082530889,255.04537054081771,249.9739695754485,250.38888549804688,13361607,0.0,0.0
2024-06-20 00:00:00+05:30,250.61939155840085,252.64796310185216,248.12981172536206,250.66551208496094,12826509,0.0,0.0
2024-06-21 00:00:00+05:30,250.29669570728962,253.3395249698078,247.94539296858804,248.63694763183594,17406416,0.0,0.0
2024-06-24 00:00:00+05:30,248.6369439405428,250.11226616145507,245.82463294085917,248.86746215820312,7282347,0.0,0.0
2024-06-25 00:00:00+05:30,249.05189782631328,249.69733197760004,244.34932037239216,246.19346618652344,14425434,0.0,0.0
2024-06-26 00:00:00+05:30,246.10122699162687,248.17589081101204,243.51943438327467,246.88499450683594,10650910,0.0,0.0
2024-06-27 00:00:00+05:30,246.56228232343167,247.2077445947835,242.96620372166143,246.6544952392578,22830930,0.0,0.0
2024-06-28 00:00:00+05:30,248.0376221509972,253.98500390072562,247.43828036476432,252.83241271972656,19532912,0.0,0.0
2024-07-01 00:00:00+05:30,253.57003238809904,254.30767940836512,250.4349903428231,251.67979431152344,11750972,0.0,0.0
2024-07-02 00:00:00+05:30,251.91031758074422,257.99597596870484,250.34278245691758,253.43173217773438,24470518,0.0,0.0
2024-07-03 00:00:00+05:30,254.49210997881434,256.05964510039814,252.6479642543302,253.29342651367188,9125400,0.0,0.0
2024-07-04 00:00:00+05:30,253.57002806890307,257.1661064754489,251.77197479591538,255.46026611328125,13444669,0.0,0.0
2024-07-05 00:00:00+05:30,255.64471491585218,266.7556822524545,254.95316023167945,265.7414245605469,39781962,0.0,0.0
2024-07-08 00:00:00+05:30,267.40111320047737,279.38805965429185,264.95762589739326,275.83807373046875,53136198,0.0,0.0
2024-07-09 00:00:00+05:30,277.35952111378845,278.32771455658354,270.4900947921511,274.2705993652344,18686252,0.0,0.0
2024-07-10 00:00:00+05:30,276.3452454314889,276.43743020528854,266.34074934378793,274.916015625,19278800,0.0,0.0
2024-07-11 00:00:00+05:30,276.6218327810962,283.2607680236137,272.14977418991623,281.0016784667969,36020507,0.0,0.0
2024-07-12 00:00:00+05:30,282.8919708494585,287.45624322459594,280.49460368214733,283.1686096191406,31788101,0.0,0.0
2024-07-15 00:00:00+05:30,287.502279313209,298.4288472991523,284.59775570667415,297.36846923828125,51435537,0.0,0.0
2024-07-16 00:00:00+05:30,298.38278590084656,302.0710773751724,294.83279972892177,297.5068054199219,37468292,0.0,0.0
2024-07-18 00:00:00+05:30,299.7659062331409,307.32688715004497,296.5847434637166,305.8515930175781,48189915,0.0,0.0
2024-07-19 00:00:00+05:30,307.05024779242814,307.23467361143855,293.26524793456394,294.7405700683594,26579496,0.0,0.0
2024-07-22 00:00:00+05:30,295.06331731794614,298.1522670490046,289.99191655154397,295.80096435546875,22234557,0.0,0.0
2024-07-23 00:00:00+05:30,295.10944490475066,296.3542490510462,274.2244976126691,289.6692199707031,37871058,0.0,0.0
2024-07-24 00:00:00+05:30,288.654902766881,300.3652395555961,287.7789504177604,294.64837646484375,28259305,0.0,0.0
2024-07-25 00:00:00+05:30,293.2652565900595,311.2456770365104,291.46723142907246,309.6320495605469,42054664,0.0,0.0
2024-07-26 00:00:00+05:30,310.2775512938726,312.12169721538146,304.3762899729308,305.7593994140625,25703985,0.0,0.0
2024-07-29 00:00:00+05:30,307.7879288461681,313.0898481259349,304.97561770136906,306.95806884765625,26721790,0.0,0.0
2024-07-30 00:00:00+05:30,306.1281931395858,311.8911485827256,305.2061202686834,306.0359802246094,19792253,0.0,0.0
2024-07-31 00:00:00+05:30,306.17428958854714,311.1535056690104,304.05353321311367,308.1567687988281,21393361,0.0,0.0
2024-08-01 00:00:00+05:30,311.4761788895914,317.83850368651906,310.8768372007379,315.1183776855469,36044960,0.0,0.0
2024-08-02 00:00:00+05:30,311.66065230328206,311.66065230328206,303.0392647255858,304.37628173828125,22939377,0.0,0.0
2024-08-05 00:00:00+05:30,295.3860621292273,298.10616032806837,282.1543102525685,286.0731201171875,37986023,0.0,0.0
2024-08-06 00:00:00+05:30,290.26853836171074,297.32241857520586,281.3705404832162,282.24652099609375,28386636,0.0,0.0
2024-08-07 00:00:00+05:30,288.05553565852057,305.1600028970524,287.6867121682419,303.45416259765625,66110716,0.0,0.0
2024-08-08 00:00:00+05:30,303.36193401810476,303.36193401810476,296.6308142151152,297.5528869628906,23478224,0.0,0.0
2024-08-09 00:00:00+05:30,307.9262700887105,309.67820304978204,302.62435067475815,306.6353454589844,29814474,0.0,0.0
2024-08-12 00:00:00+05:30,306.81974887510574,317.83853097703144,304.19183555587756,314.7034606933594,34754596,0.0,0.0
2024-08-13 00:00:00+05:30,317.28528252698766,318.1151424882011,307.0041755788059,309.7242736816406,28943385,0.0,0.0
2024-08-14 00:00:00+05:30,309.678157905907,310.2774996026623,301.33338211763123,302.57818603515625,17812763,0.0,0.0
2024-08-16 00:00:00+05:30,306.6353510288895,309.58599575124214,303.03927211938276,303.9152526855469,16584396,0.0,0.0
2024-08-19 00:00:00+05:30,308.8944099039693,312.35218314916295,307.55739299338876,309.1710205078125,19636518,0.0,0.0
2024-08-20 00:00:00+05:30,309.6782011191803,309.816506431665,302.48601533621405,304.37628173828125,14972714,0.0,0.0
2024-08-21 00:00:00+05:30,304.88339772265863,305.6671653128857,301.0568008285285,302.1632995605469,11835143,0.0,0.0
2024-08-22 00:00:00+05:30,302.94702998816683,304.7450833392844,298.38278616825664,299.0743408203125,13387819,0.0,0.0
2024-08-23 00:00:00+05:30,301.4438929610406,301.815581369134,295.0786261746622,296.3330993652344,13229612,2.5,0.0
2024-08-26 00:00:00+05:30,300.6075711796782,305.81129369395705,299.957095231141,304.6497497558594,21346682,0.0,0.0
2024-08-27 00:00:00+05:30,306.090047472693,309.01713247323676,302.93065368864575,305.5789794921875,20165503,0.0,0.0
2024-08-28 00:00:00+05:30,305.3931270351814,306.92635936439007,301.6761864271573,304.603271484375,12446738,0.0,0.0
2024-08-29 00:00:00+05:30,303.0236166102645,306.78700797881066,301.95500175877686,306.27593994140625,13799961,0.0,0.0
2024-08-30 00:00:00+05:30,307.06575374937677,310.7362154227395,306.22941946313745,307.3445129394531,19666466,0.0,0.0
2024-09-02 00:00:00+05:30,306.64759832656654,308.45961820533506,302.74479936829863,303.11651611328125,8975511,0.0,0.0
2024-09-03 00:00:00+05:30,303.85988387787285,304.78911899676547,298.8884703201965,299.3995666503906,10321111,0.0,0.0
2024-09-04 00:00:00+05:30,292.70909710190745,293.82419071978484,286.5761389195991,292.15155029296875,25397204,0.0,0.0
2024-09-05 00:00:00+05:30,294.52110285134853,294.52110285134853,288.20228658664547,289.36383056640625,15571640,0.0,0.0
2024-09-06 00:00:00+05:30,289.4567612942221,290.98999368405066,282.2087381652102,286.94781494140625,27946491,0.0,0.0
2024-09-09 00:00:00+05:30,286.85490411562097,286.85490411562097,273.7991331537731,277.7483825683594,30369085,0.0,0.0
2024-09-10 00:00:00+05:30,278.86347344711453,280.1643969820635,274.12436852308036,274.6819152832031,15618589,0.0,0.0
2024-09-11 00:00:00+05:30,271.7083540914034,271.7083540914034,263.2058580809545,265.11077880859375,44826300,0.0,0.0
2024-09-12 00:00:00+05:30,267.61971598569033,273.8920530791049,266.2258632982648,273.2415771484375,21964895,0.0,0.0
2024-09-13 00:00:00+05:30,274.7748413735451,276.2151444927946,270.4538752997846,270.8255920410156,13672371,0.0,0.0
2024-09-16 00:00:00+05:30,273.9385296974618,274.49607649736873,270.73268522451133,271.8013000488281,10971110,0.0,0.0
2024-09-17 00:00:00+05:30,272.9163464973702,275.6111224803392,271.47601514995347,273.7991027832031,11873436,0.0,0.0
2024-09-18 00:00:00+05:30,276.54041978379627,276.7262498214852,267.5268263945968,269.84991455078125,13421760,0.0,0.0
2024-09-19 00:00:00+05:30,267.06221173722935,268.73485224311366,262.5089645720072,265.0643615722656,17067311,0.0,0.0
2024-09-20 00:00:00+05:30,266.69048715116674,268.59540785904403,265.0178752300065,265.9935607910156,16585530,0.0,0.0
2024-09-23 00:00:00+05:30,267.9914165600686,275.425297897979,267.20156099631424,274.54254150390625,14621229,0.0,0.0
2024-09-24 00:00:00+05:30,275.3323774110826,280.62902937493845,273.8456237829195,278.2594909667969,16986759,0.0,0.0
2024-09-25 00:00:00+05:30,278.25945682953255,279.8856182240928,275.70406035236635,277.5625305175781,10609614,0.0,0.0
2024-09-26 00:00:00+05:30,276.0292734196987,277.5625340117034,270.8720299895153,274.3102111816406,27812412,0.0,0.0
2024-09-27 00:00:00+05:30,271.9871128921841,277.330214477106,269.19940771744217,276.1686706542969,35706130,0.0,0.0
2024-09-30 00:00:00+05:30,275.98282801755624,280.44314520797127,272.962813906253,276.5403747558594,16294341,0.0,0.0
2024-10-01 00:00:00+05:30,275.98284848417694,277.98069844975055,270.128678192867,271.29022216796875,10919818,0.0,0.0
2024-10-03 00:00:00+05:30,274.12440357228616,276.9121093713264,269.9892952938393,271.3831481933594,28124665,0.0,0.0
2024-10-04 00:00:00+05:30,275.9828510332875,278.49179738588396,272.45176865956626,274.356689453125,23104209,0.0,0.0
2024-10-07 00:00:00+05:30,275.05361161736516,275.33237082647724,261.5797015888118,268.9671325683594,20917962,0.0,0.0
2024-10-08 00:00:00+05:30,267.75908846750593,273.10219029398473,260.6968960339504,272.6840515136719,10572360,0.0,0.0
2024-10-09 00:00:00+05:30,270.63974734195597,271.24374453995887,266.5511182039279,268.0843505859375,13147475,0.0,0.0
2024-10-10 00:00:00+05:30,268.27019997618413,271.4760442387748,267.2015568639809,268.316650390625,7237212,0.0,0.0
2024-10-11 00:00:00+05:30,270.6862037968126,272.8699121995472,269.0135917714884,271.8477478027344,7011704,0.0,0.0
2024-10-14 00:00:00+05:30,271.9871296551124,272.1729596634127,264.97138751815373,266.2258605957031,12690951,0.0,0.0
2024-10-15 00:00:00+05:30,266.1329413280702,266.1329413280702,260.975697588004,263.6240234375,15087155,0.0,0.0
2024-10-16 00:00:00+05:30,262.9735461565548,266.9227955246302,260.78983789319415,265.2037048339844,18188885,0.0,0.0
2024-10-17 00:00:00+05:30,264.83203194722194,267.248049138342,261.0686407311751,261.6726379394531,13343303,0.0,0.0
2024-10-18 00:00:00+05:30,262.04429454839476,264.3673822660224,259.4424476478536,263.2522888183594,14028398,0.0,0.0
2024-10-21 00:00:00+05:30,261.25446750354723,263.90279346164766,255.12150958952716,257.0264587402344,10299773,0.0,0.0
2024-10-22 00:00:00+05:30,258.32739153355794,258.4667711451578,250.89350976280807,251.6368865966797,10028511,0.0,0.0
2024-10-23 00:00:00+05:30,250.89349404910055,254.98212309533642,246.29376864833105,251.683349609375,18823321,0.0,0.0
2024-10-24 00:00:00+05:30,252.6590370744408,253.17013343279154,249.3602635638427,250.05718994140625,7488521,0.0,0.0
2024-10-25 00:00:00+05:30,250.89347740913203,251.17223659638472,243.08790822800447,245.36451721191406,12961181,0.0,0.0
2024-10-28 00:00:00+05:30,242.20513457888742,246.29376354032726,237.2337350665689,244.71408081054688,13835091,0.0,0.0
2024-10-29 00:00:00+05:30,244.71406696529286,246.75836715134878,241.0435770114585,246.24729919433594,9122757,0.0,0.0
2024-10-30 00:00:00+05:30,246.24732774363414,247.36242132567637,242.57683736425233,243.13438415527344,11166643,0.0,0.0
2024-10-31 00:00:00+05:30,244.76053652653349,249.31378315854207,242.6697574075289,247.31593322753906,16173656,0.0,0.0
2024-11-01 00:00:00+05:30,250.70763342522542,254.61043241864076,249.6390186687923,252.5196533203125,2955757,0.0,0.0
2024-11-04 00:00:00+05:30,254.6104030091967,254.9356409474149,241.7404919300144,246.5260467529297,14355959,0.0,0.0
2024-11-05 00:00:00+05:30,246.43316254114254,249.5925562438741,244.946380693385,248.4774627685547,11676017,0.0,0.0
2024-11-06 00:00:00+05:30,248.75628205642218,251.45105854794457,245.68978878702742,250.01072692871094,19244545,0.0,0.0
2024-11-07 00:00:00+05:30,251.35808575968397,251.35808575968397,246.0614345317128,246.4331512451172,6766663,0.0,0.0
2024-11-08 00:00:00+05:30,247.13009474319657,247.6411627226865,241.27589639573674,243.97067260742188,7836093,0.0,0.0
2024-11-11 00:00:00+05:30,243.78484767987416,243.78484767987416,237.88419879595145,238.7205047607422,8450657,0.0,0.0
2024-11-12 00:00:00+05:30,242.39100685787338,244.57471524286476,237.32666369000023,238.02359008789062,22445400,0.0,0.0
2024-11-13 00:00:00+05:30,238.02356735069108,238.76697245223167,231.37954199707488,234.67832946777344,17483332,0.0,0.0
2024-11-14 00:00:00+05:30,234.67834661716586,236.304508175738,231.37955890540456,233.05218505859375,12454540,0.0,0.0
2024-11-18 00:00:00+05:30,233.33096320157821,234.26019839683897,229.61402242053518,232.9127960205078,14636541,0.0,0.0
2024-11-19 00:00:00+05:30,238.00613034156063,243.1470569462418,235.24526504029507,236.10208129882812,17397559,6.0,0.0
2024-11-21 00:00:00+05:30,236.10207931646673,236.10207931646673,229.24750572553043,230.53273010253906,16189440,0.0,0.0
2024-11-22 00:00:00+05:30,233.055592486677,235.10243928055536,231.8179577739117,233.8172149658203,9637581,0.0,0.0
2024-11-25 00:00:00+05:30,236.57807559863386,248.00236898770268,236.0544592462868,245.527099609375,31973671,0.0,0.0
2024-11-26 00:00:00+05:30,244.6227086245127,245.86032886186297,240.4337920788758,242.05223083496094,9242451,0.0,0.0
2024-11-27 00:00:00+05:30,242.76625251525502,243.24226477508887,238.52974630808217,242.09983825683594,11689970,0.0,0.0
2024-11-28 00:00:00+05:30,242.76624212503992,245.05109506375578,239.14854619978922,240.10057067871094,14202863,0.0,0.0
2024-11-29 00:00:00+05:30,241.62382478066104,246.24113496176076,240.14818387725632,244.38470458984375,11476347,0.0,0.0
2024-12-02 00:00:00+05:30,243.242254868179,245.90791179328698,240.57658341633027,245.1938934326172,13677959,0.0,0.0
2024-12-03 00:00:00+05:30,247.90716675640374,252.0008894190552,246.4315404458492,249.7636260986328,15345326,0.0,0.0
2024-12-04 00:00:00+05:30,251.19166611612027,251.62005970217587,247.5263660390761,248.1927947998047,10713838,0.0,0.0
2024-12-05 00:00:00+05:30,248.19278562382476,250.62043634883148,244.57507528337723,248.76397705078125,12896743,0.0,0.0
2024-12-06 00:00:00+05:30,248.2879777248562,250.3824432441085,247.09794710107244,247.57395935058594,8783386,0.0,0.0
2024-12-09 00:00:00+05:30,247.57396361740498,248.81161291955962,245.3367292489194,246.47914123535156,6800856,0.0,0.0
2024-12-10 00:00:00+05:30,245.2891068767405,246.33633963855735,242.2902355092284,244.57508850097656,11318782,0.0,0.0
2024-12-11 00:00:00+05:30,245.14630597570084,246.28874698416476,243.38505485993636,244.28948974609375,5353032,0.0,0.0
2024-12-12 00:00:00+05:30,245.62232560519672,246.19354612660302,241.43342353735503,241.86183166503906,7123877,0.0,0.0
2024-12-13 00:00:00+05:30,240.86220020155406,244.4798817057181,237.53011442801477,242.05223083496094,11143128,0.0,0.0
2024-12-16 00:00:00+05:30,241.81422333643295,244.00386806808655,239.14855182737602,239.7197723388672,7283872,0.0,0.0
2024-12-17 00:00:00+05:30,239.67218114526776,240.33859542681785,234.6740522435293,235.53086853027344,10066884,0.0,0.0
2024-12-18 00:00:00+05:30,235.53086255472988,235.62607081828236,231.722764440495,232.43678283691406,8430930,0.0,0.0
2024-12-19 00:00:00+05:30,228.48588021033848,232.24637408345208,227.1054475894159,230.24713134765625,9518542,0.0,0.0
2024-12-20 00:00:00+05:30,229.9139079321632,232.43676694970816,224.01135916389055,225.72500610351562,15556528,0.0,0.0
2024-12-23 00:00:00+05:30,226.81985058170926,230.67555294080756,225.48702201333194,229.2951202392578,7722901,0.0,0.0
2024-12-24 00:00:00+05:30,229.43790496536135,231.57996009470602,227.15305197142348,227.4862518310547,3577400,0.0,0.0
2024-12-26 00:00:00+05:30,228.4858708376691,230.38991976131632,227.53384637584546,228.723876953125,6330006,0.0,0.0
2024-12-27 00:00:00+05:30,228.48588880806116,229.43791334476143,224.96340092761855,225.53460693359375,6487888,0.0,0.0
2024-12-30 00:00:00+05:30,224.72538690017998,225.62980727293,220.0604581181549,221.48849487304688,19401112,0.0,0.0
2024-12-31 00:00:00+05:30,221.48848337976725,228.39066067025018,221.20288766500158,227.7718505859375,12004845,0.0,0.0
2025-01-01 00:00:00+05:30,226.40095605004043,227.76235871128094,225.0110083411636,225.58221435546875,9418453,0.0,0.0
2025-01-02 00:00:00+05:30,225.67741377782576,234.9406082245302,225.62980964681364,234.26467895507812,19745810,0.0,0.0
2025-01-03 00:00:00+05:30,236.53048244894993,250.14443560813777,236.0925593170181,246.46963500976562,49760410,0.0,0.0
2025-01-06 00:00:00+05:30,246.67905374327898,247.05035724318864,239.38655712856234,242.15695190429688,19265884,0.0,0.0
2025-01-07 00:00:00+05:30,246.71712493574486,254.57132647407454,245.66989225327157,250.84890747070312,52956766,0.0,0.0
2025-01-08 00:00:00+05:30,253.66694983412017,260.3787112072839,253.00052103596235,258.31280517578125,42237794,0.0,0.0
2025-01-09 00:00:00+05:30,258.97920940625676,259.51234077281504,249.1543101308598,250.5537872314453,14706472,0.0,0.0
2025-01-10 00:00:00+05:30,251.3344684700218,253.71452972447275,246.06977413731553,250.40147399902344,13053552,0.0,0.0
2025-01-13 00:00:00+05:30,253.26706704464303,255.7137768904305,242.39494940687436,243.46121215820312,20416370,0.0,0.0
2025-01-14 00:00:00+05:30,245.1653406763327,249.43042092856328,244.49894095326943,247.8786163330078,8470150,0.0,0.0
2025-01-15 00:00:00+05:30,248.38319379398624,251.78192833519591,245.32720319101193,245.79368591308594,9344731,0.0,0.0
2025-01-16 00:00:00+05:30,247.5263564598866,252.88625875024798,247.5263564598866,250.5537872314453,14195450,0.0,0.0
2025-01-17 00:00:00+05:30,249.43041484076755,254.1905372613929,248.76398608048737,253.7811737060547,12148143,0.0,0.0
2025-01-20 00:00:00+05:30,255.23778572701124,257.49407924481596,252.29603337627367,256.43731689453125,9676264,0.0,0.0
2025-01-21 00:00:00+05:30,255.19016617565538,256.4278155090181,252.10561596498252,253.04811096191406,8989218,0.0,0.0
2025-01-22 00:00:00+05:30,253.238524269017,253.60982778034636,249.15433091180842,251.38206481933594,7919682,0.0,0.0
2025-01-23 00:00:00+05:30,250.38246410341426,251.1726317199033,248.64027190858528,250.4300537109375,5026675,0.0,0.0
2025-01-24 00:00:00+05:30,250.3729117570515,252.8957999026604,243.4802637347537,244.2038116455078,6306281,0.0,0.0
2025-01-27 00:00:00+05:30,242.76624755599565,244.1371651605904,237.5396278201633,238.7487030029297,6944911,0.0,0.0
2025-01-28 00:00:00+05:30,238.0061146831672,240.29096757342944,234.8739606057025,236.7494354248047,8029472,0.0,0.0
2025-01-29 00:00:00+05:30,236.9588974380175,239.91017926346296,235.1500566590292,239.33895874023438,5651586,0.0,0.0
2025-01-30 00:00:00+05:30,239.91016049188553,246.9551355845226,238.90101690298383,244.40371704101562,12588155,0.0,0.0
2025-01-31 00:00:00+05:30,244.67982498190216,250.84892512094257,242.9661779839793,250.01113891601562,8850307,0.0,0.0
2025-02-01 00:00:00+05:30,247.09794239440333,249.90642623443048,241.57621202661613,245.1938934326172,10921673,0.0,0.0
2025-02-03 00:00:00+05:30,243.3374753666548,244.05149376323916,233.1032116822786,237.05410766601562,25719512,0.0,0.0
2025-02-04 00:00:00+05:30,240.29098576316127,245.14631668093662,239.91018176153798,241.90943908691406,8402532,0.0,0.0
2025-02-05 00:00:00+05:30,246.57433943408873,250.3824373404067,245.38430883836438,249.09719848632812,11590755,0.0,0.0
2025-02-06 00:00:00+05:30,250.0492279466901,250.33485272744562,242.09983212485471,243.86106872558594,12327998,0.0,0.0
2025-02-07 00:00:00+05:30,245.60883952368084,246.48272846163022,240.3170133050023,241.67637634277344,10098454,5.0,0.0
2025-02-10 00:00:00+05:30,241.72491450749848,242.35605895181928,234.78242933158523,235.41355895996094,7582536,0.0,0.0
2025-02-11 00:00:00+05:30,235.41355893631345,235.41355893631345,229.92754042576763,232.01513671875,6711630,0.0,0.0
2025-02-12 00:00:00+05:30,232.0636869348897,234.2483869164943,227.35443882594177,230.51011657714844,5985956,0.0,0.0
2025-02-13 00:00:00+05:30,231.5782151444474,232.50064113047085,227.4030074637692,228.13124084472656,10079210,0.0,0.0
2025-02-14 00:00:00+05:30,228.17977905273438,231.04416054999456,220.1692123413086,223.8103790283203,8065352,0.0,0.0
2025-02-17 00:00:00+05:30,223.5190720322103,227.50008667918382,218.51854261442514,226.8689422607422,6692422,0.0,0.0
2025-02-18 00:00:00+05:30,225.46104146542473,230.2673785966441,222.88795623014988,229.7333526611328,6170974,0.0,0.0
2025-02-19 00:00:00+05:30,229.15075087904518,231.8694915645279,227.6942842421021,231.38400268554688,6168581,0.0,0.0
2025-02-20 00:00:00+05:30,229.92753886486867,235.6077499289538,229.63624257072314,234.8795166015625,8929816,0.0,0.0
2025-02-21 00:00:00+05:30,234.87951657464382,235.99614989941617,231.1898129023734,232.93756103515625,5697387,0.0,0.0
2025-02-24 00:00:00+05:30,229.4420486969723,231.0441560818967,227.2087968756043,227.54864501953125,6883143,0.0,0.0
2025-02-25 00:00:00+05:30,228.17977905273438,229.83043832099065,225.80088644707575,226.23782348632812,5519036,0.0,0.0
2025-02-27 00:00:00+05:30,226.7233123779297,227.06316052842885,221.86842346191406,224.29586791992188,9664032,0.0,0.0
2025-02-28 00:00:00+05:30,223.3248979269995,223.81038683553646,216.67369395366495,218.71275329589844,17237276,0.0,0.0
2025-03-03 00:00:00+05:30,218.22726087696182,219.4409831287803,212.0227133183036,218.5962371826172,11928529,0.0,0.0
2025-03-04 00:00:00+05:30,213.71222355617473,221.14019793360353,209.22629596452265,220.17892456054688,12428265,0.0,0.0
2025-03-05 00:00:00+05:30,220.52846763378471,224.53861058776263,220.17891504196163,222.295654296875,7466729,0.0,0.0
2025-03-06 00:00:00+05:30,224.7716555809183,226.79129117676825,220.1303828961282,225.8494415283203,10439208,0.0,0.0
2025-03-07 00:00:00+05:30,225.84945016876858,229.6071296461442,224.46094416152476,226.1310272216797,9079049,0.0,0.0
2025-03-10 00:00:00+05:30,226.13102146181225,228.17978523249502,216.02313890909053,216.71253967285156,16489167,0.0,0.0
2025-03-11 00:00:00+05:30,214.4889780921405,220.66439714723995,213.71220774836016,220.14007568359375,10941588,0.0,0.0
2025-03-12 00:00:00+05:30,220.50905722406188,222.19854905959363,215.9066172661428,217.8874053955078,6994310,0.0,0.0
2025-03-13 00:00:00+05:30,221.52858837717827,223.713288518239,218.34378224570767,218.8875274658203,16105085,0.0,0.0
2025-03-17 00:00:00+05:30,219.94588393346527,223.76181937679618,219.6740113489201,223.0724334716797,8788971,0.0,0.0
2025-03-18 00:00:00+05:30,223.0724334716797,223.0724334716797,223.0724334716797,223.0724334716797,0,0.0,0.0
2025-03-19 00:00:00+05:30,225.75233694281508,228.31571772449567,224.87846285522102,225.8203125,8626593,0.0,0.0
2025-03-20 00:00:00+05:30,226.7038912904533,230.16056986800274,225.27655274739453,228.75265502929688,18955995,0.0,0.0
2025-03-21 00:00:00+05:30,228.95656181605938,240.8024876824082,228.95656181605938,235.38442993164062,29285333,0.0,0.0
2025-03-24 00:00:00+05:30,237.10307738981177,239.24893008552132,235.70486695165843,236.75352478027344,10566066,0.0,0.0
2025-03-25 00:00:00+05:30,236.92829123047787,238.24882165110364,233.56871628855578,235.21937561035156,8915800,0.0,0.0
2025-03-26 00:00:00+05:30,236.28744083050756,237.404059313991,232.4229387271596,232.76278686523438,7543985,0.0,0.0
2025-03-27 00:00:00+05:30,231.93746339750348,236.33599166618978,231.7238470952584,235.14169311523438,9935664,0.0,0.0
2025-03-28 00:00:00+05:30,236.37484551183792,247.50224315640978,236.20006179799364,239.22952270507812,32905564,0.0,0.0
2025-04-01 00:00:00+05:30,239.8315147898363,244.88059634853852,239.5402184888458,240.87046813964844,11258957,0.0,0.0
2025-04-02 00:00:00+05:30,242.79300189786213,244.2009167449321,240.8024944443068,243.36587524414062,15337906,0.0,0.0
2025-04-03 00:00:00+05:30,240.80249980496143,242.3754791351654,235.4718262295708,236.2486114501953,11141370,0.0,0.0
2025-04-04 00:00:00+05:30,233.5784133119277,234.209557760996,217.69321617553632,219.45068359375,38336194,0.0,0.0
2025-04-07 00:00:00+05:30,201.96337418585432,214.3918924835574,199.0504409043276,213.45974731445312,27024128,0.0,0.0
2025-04-08 00:00:00+05:30,216.52803555043323,220.64498649284516,212.81889348002358,220.08181762695312,11309092,0.0,0.0
2025-04-09 00:00:00+05:30,215.55706611041825,217.55727795692766,213.86755944770448,215.49880981445312,16889575,0.0,0.0
2025-04-11 00:00:00+05:30,221.6742267963887,224.6842489794583,218.71274164883152,223.68414306640625,13886447,0.0,0.0
2025-04-15 00:00:00+05:30,227.20880717176848,227.20880717176848,223.4219996452839,225.93682861328125,12102239,0.0,0.0
2025-04-16 00:00:00+05:30,225.9368292547132,234.97663030627518,224.99497959259006,234.21926879882812,18748952,0.0,0.0
2025-04-17 00:00:00+05:30,234.00564560769163,237.5108759955318,232.3161389322195,236.4233856201172,12891813,0.0,0.0
2025-04-21 00:00:00+05:30,236.9282918585764,243.27849508045884,234.73388732528417,242.5308380126953,11698653,0.0,0.0
2025-04-22 00:00:00+05:30,241.7443330876484,243.32703157097214,240.08395460593417,240.5888671875,9896443,0.0,0.0
2025-04-23 00:00:00+05:30,241.52102419268888,245.41463985124722,237.81188187141382,244.85147094726562,16555874,0.0,0.0
2025-04-24 00:00:00+05:30,242.7444569787438,244.07469186188465,240.80250132291386,242.1327362060547,6538518,0.0,0.0
2025-04-25 00:00:00+05:30,241.77346282707393,243.40469835618137,237.30695919385045,239.1809539794922,15616265,0.0,0.0
2025-04-28 00:00:00+05:30,238.86053783759462,244.63785276112785,237.28755854903494,243.32704162597656,7669983,0.0,0.0
2025-04-29 00:00:00+05:30,243.94846898579823,244.7835104904754,237.98666585759688,238.54981994628906,8030552,0.0,0.0
2025-04-30 00:00:00+05:30,238.37504415498486,240.2587434121376,235.19023823301666,237.3555145263672,9822483,0.0,0.0
2025-05-02 00:00:00+05:30,234.00565318195152,239.1227104103702,232.06369755388553,235.69515991210938,10203190,0.0,0.0
2025-05-05 00:00:00+05:30,233.03467400381382,234.15129255703718,227.69429605789307,232.2578887939453,20086323,0.0,0.0
2025-05-06 00:00:00+05:30,234.131877604872,235.9378968742676,229.1507568359375,230.12173461914062,11350559,0.0,0.0
2025-05-07 00:00:00+05:30,225.55813214753638,233.12204222923566,225.33481141562032,231.74325561523438,16689539,0.0,0.0
2025-05-08 00:00:00+05:30,230.76257484038487,232.39381034321457,224.68424466373725,226.45143127441406,15026122,0.0,0.0
2025-05-09 00:00:00+05:30,222.45101505794736,228.47107432354807,221.8198706121362,228.1409454345703,11184507,0.0,0.0
2025-05-12 00:00:00+05:30,232.06369090478765,237.50117243395576,231.19952126769633,236.93800354003906,11374237,0.0,0.0
2025-05-13 00:00:00+05:30,237.06422489361657,238.17113899741452,233.3162499779594,234.1610107421875,9336026,0.0,0.0
2025-05-14 00:00:00+05:30,234.161005895971,239.73440889275275,234.161005895971,238.8702392578125,8234859,0.0,0.0
2025-05-15 00:00:00+05:30,237.8410083708109,241.6957914095096,235.26792313558425,240.42381286621094,16812750,0.0,0.0
2025-05-16 00:00:00+05:30,239.8897771042519,242.15215719583935,239.05473558897046,240.09368896484375,8030229,0.0,0.0
2025-05-19 00:00:00+05:30,240.80249274328804,242.21040758041258,237.80217491775704,239.4237060546875,8043270,0.0,0.0
2025-05-20 00:00:00+05:30,239.62759318819872,245.3660752653174,239.62759318819872,242.02590942382812,13183059,0.0,0.0
2025-05-21 00:00:00+05:30,244.20090238424416,244.63783940544056,240.5694402913905,241.46273803710938,7158307,0.0,0.0
2025-05-22 00:00:00+05:30,241.46275329909025,243.21051631029022,232.6559923170161,234.6562042236328,18502235,0.0,0.0
2025-05-23 00:00:00+05:30,235.4621047070027,237.57882909333387,233.1803010649075,237.151611328125,8725218,0.0,0.0
2025-05-26 00:00:00+05:30,238.18085142729643,239.9577425353742,237.70506698329362,238.80227661132812,7159571,0.0,0.0
2025-05-27 00:00:00+05:30,239.68587274561187,239.68587274561187,235.8699223368456,237.44290161132812,9712093,0.0,0.0
2025-05-28 00:00:00+05:30,237.54000946670652,238.21969096657148,234.2969471559613,235.62718200683594,7385958,0.0,0.0
2025-05-29 00:00:00+05:30,236.5301949428749,237.50117273029895,234.3454949211708,235.98643493652344,12938112,0.0,0.0
2025-05-30 00:00:00+05:30,235.98643063268193,238.07404172713763,231.95687881473987,232.4520721435547,10108840,0.0,0.0
2025-06-02 00:00:00+05:30,232.0636996023277,233.12206187313893,230.76259287586547,231.3937225341797,6278145,0.0,0.0
2025-06-03 00:00:00+05:30,233.52016533795094,234.05420610128925,229.73335777236244,230.3839111328125,9515918,0.0,0.0
2025-06-04 00:00:00+05:30,231.0927140164523,231.57820291144486,228.66526954148958,231.14126586914062,6733580,0.0,0.0
2025-06-05 00:00:00+05:30,231.14125735152663,232.66568472133613,229.36436628341937,230.869384765625,8941808,0.0,0.0
2025-06-06 00:00:00+05:30,230.8888174069126,233.49104576018692,230.61694479304091,233.0929412841797,5985346,0.0,0.0
2025-06-09 00:00:00+05:30,234.76300124789793,237.03508564679706,233.52015090238328,235.75340270996094,7719525,0.0,0.0
2025-06-10 00:00:00+05:30,237.16132881868234,237.88956217227093,235.54950210691268,237.57884216308594,7659657,0.0,0.0
2025-06-11 00:00:00+05:30,237.40406277277583,243.1328256413238,236.48163686220556,240.14222717285156,20842417,0.0,0.0
2025-06-12 00:00:00+05:30,244.20090890377534,247.7935236858904,239.58876450102014,240.68597412109375,35613271,0.0,0.0
2025-06-13 00:00:00+05:30,248.13337560884082,248.52176079597578,241.88998075482698,244.2106170654297,39320377,0.0,0.0
2025-06-16 00:00:00+05:30,246.6186614883879,250.02678829804998,244.87089845165897,249.33740234375,41444122,0.0,0.0
2025-06-17 00:00:00+05:30,249.48302800986488,249.62866874747814,244.24945847641914,244.98739624023438,18781097,0.0,0.0
2025-06-18 00:00:00+05:30,246.65749624716307,248.46351559831106,242.521136037219,243.09400939941406,12691905,0.0,0.0
2025-06-19 00:00:00+05:30,243.22993644516555,245.65738092066618,240.99668456451587,244.25917053222656,10790997,0.0,0.0
2025-06-20 00:00:00+05:30,244.9388621586781,245.9001355444978,242.1133279323824,244.57960510253906,15907673,0.0,0.0
2025-06-23 00:00:00+05:30,245.6670800512562,248.07511558634968,243.0648667414569,244.0843963623047,16776881,0.0,0.0
2025-06-24 00:00:00+05:30,240.3169988116136,240.8024876981017,236.42338327571915,236.8408966064453,22215004,0.0,0.0
2025-06-25 00:00:00+05:30,236.91859182907027,238.18086597823404,234.49114724065768,234.88925170898438,13056178,0.0,0.0
2025-06-26 00:00:00+05:30,234.97663035328776,238.24882083652642,234.52997404103817,237.6273956298828,15769123,0.0,0.0
2025-06-27 00:00:00+05:30,237.89925614791255,239.0741457590176,234.97661841786032,235.78253173828125,21691960,0.0,0.0
2025-06-30 00:00:00+05:30,236.91858569942656,238.56924501365148,235.947607889183,237.12249755859375,8783448,0.0,0.0
2025-07-01 00:00:00+05:30,238.18084904133465,238.18084904133465,234.2969379760571,236.30685424804688,8470489,0.0,0.0
2025-07-02 00:00:00+05:30,235.85049998028646,236.67583703066896,233.22886290252043,234.07362365722656,10419419,0.0,0.0
2025-07-03 00:00:00+05:30,234.97662513604268,239.05472889009076,234.7824325412681,236.96713256835938,13891239,0.0,0.0
2025-07-04 00:00:00+05:30,238.08375696063888,238.32650141406856,235.47182427118423,238.1226043701172,7717259,0.0,0.0
2025-07-07 00:00:00+05:30,238.37504652281632,238.37504652281632,233.8405820389719,234.51055908203125,9222263,0.0,0.0
2025-07-08 00:00:00+05:30,235.37473544020267,236.6272903012074,233.66580500541093,236.18064880371094,7537067,0.0,0.0
2025-07-09 00:00:00+05:30,236.28744506835938,237.4914480149036,235.23878730411627,236.28744506835938,9590680,0.0,0.0
2025-07-10 00:00:00+05:30,236.44279729891397,237.5885588002017,235.2970506135716,236.0349884033203,8012201,0.0,0.0
2025-07-11 00:00:00+05:30,235.99616098734253,236.034993580941,233.81146090277414,234.74359130859375,5608382,0.0,0.0
2025-07-14 00:00:00+05:30,235.8505043264758,237.78275550378635,234.14158871313916,237.1322021484375,7568906,0.0,0.0
2025-07-15 00:00:00+05:30,237.38464944095142,238.2488190941193,235.65631013461564,236.59815979003906,7843083,0.0,0.0
2025-07-16 00:00:00+05:30,236.91857468022516,237.06421541860965,235.26791544277324,235.8019561767578,5656962,0.0,0.0
2025-07-17 00:00:00+05:30,235.94759722402284,237.4623201689839,235.77282833773268,236.79234313964844,7006298,0.0,0.0
2025-07-18 00:00:00+05:30,237.63710216308874,240.17135470769435,236.3942518163648,239.16152954101562,10293817,0.0,0.0
2025-07-21 00:00:00+05:30,238.8605356978396,239.15183199724552,237.33609345998423,237.9283905029297,5424455,0.0,0.0
2025-07-22 00:00:00+05:30,237.92840202541012,239.7052932402984,236.98656715670032,239.25865173339844,5869862,0.0,0.0
2025-07-23 00:00:00+05:30,238.86053628537508,240.02570666991954,237.17102959742115,238.42359924316406,7357753,0.0,0.0
2025-07-24 00:00:00+05:30,238.43329692265084,239.05472209784025,236.68553398744785,237.7244873046875,4590999,0.0,0.0
2025-07-25 00:00:00+05:30,236.91858789044332,237.69537310901094,232.30644324913345,233.31625366210938,7427827,0.0,0.0
2025-07-28 00:00:00+05:30,233.31624574203693,234.54939167905516,230.89852053644788,233.05409240722656,6865890,0.0,0.0
2025-07-29 00:00:00+05:30,233.05408992303143,235.4718151028492,232.8598973310379,234.43287658691406,6157824,0.0,0.0
2025-07-30 00:00:00+05:30,235.5009391321568,236.63699614813774,233.1317658457583,234.79212951660156,8767763,0.0,0.0
2025-07-31 00:00:00+05:30,233.2288605622016,235.76311316899955,232.70453907828778,234.00564575195312,10254214,0.0,0.0
2025-08-01 00:00:00+05:30,233.13176497759682,233.724062000977,227.25734659474992,229.91781616210938,12629251,0.0,0.0
2025-08-04 00:00:00+05:30,229.6362559234777,231.47140342257507,227.20881135769042,228.0147247314453,16174972,0.0,0.0
2025-08-05 00:00:00+05:30,228.66526720679363,229.1507560968293,226.28637460880793,227.67486572265625,9562689,0.0,0.0
2025-08-06 00:00:00+05:30,227.74283509542926,228.53902914917865,226.15043217198573,226.9854736328125,7568954,0.0,0.0
2025-08-07 00:00:00+05:30,226.38347709437792,227.40300678787722,224.59688142756636,227.14083862304688,5560413,0.0,0.0
2025-08-08 00:00:00+05:30,227.11171109002112,228.29630524135072,225.92711693869154,226.66506958007812,5249568,0.0,0.0
2025-08-11 00:00:00+05:30,226.6650647237779,228.17978775277692,224.85904538552234,227.00489807128906,4699743,0.0,0.0
2025-08-12 00:00:00+05:30,227.0146094050646,229.5003101674954,226.83012125511235,228.6846923828125,7036778,0.0,0.0
2025-08-13 00:00:00+05:30,230.84025342795772,232.98610593816355,229.44204311067625,231.74325561523438,8501906,0.0,0.0
2025-08-14 00:00:00+05:30,231.5879039661741,231.7432639661248,227.6263128631018,230.0634765625,7258450,0.0,0.0
2025-08-18 00:00:00+05:30,230.36448403497323,231.66559073670948,228.66527287770788,231.24807739257812,8501972,0.0,0.0
2025-08-19 00:00:00+05:30,230.60723698436976,231.61704741888508,229.81102804396963,231.0344696044922,5538059,0.0,0.0
2025-08-20 00:00:00+05:30,230.1217322795258,232.15107226996145,230.1217322795258,231.0247344970703,7438061,0.0,0.0
2025-08-21 00:00:00+05:30,231.09272104705687,233.99595006117843,230.34506397755746,231.37429809570312,8111371,0.0,0.0
2025-08-22 00:00:00+05:30,231.09270575101186,231.70442647792567,229.04394209478315,229.4323272705078,5423818,0.0,0.0
2025-08-25 00:00:00+05:30,229.4420456649846,230.59751155993328,228.8109012368813,229.88868713378906,8854258,0.0,0.0
2025-08-26 00:00:00+05:30,229.79161165977564,230.4130368644273,227.01461453550047,227.39329528808594,14671897,0.0,0.0
2025-08-28 00:00:00+05:30,227.50009417987587,228.45164824478027,225.63581864180105,226.6165008544922,13870643,0.0,0.0
2025-08-29 00:00:00+05:30,226.6164955857444,228.5390273746945,224.61628379918739,226.92721557617188,9928988,0.0,0.0
2025-09-01 00:00:00+05:30,227.20880788537806,232.24818509748965,226.3058056323593,231.7918243408203,4366396,0.0,0.0
2025-09-02 00:00:00+05:30,231.82094559444448,235.46211227917397,230.51011966156378,232.5394744873047,5921193,0.0,0.0
2025-09-03 00:00:00+05:30,232.54918143016855,234.91836961570772,231.53937104443554,232.1316680908203,4364007,0.0,0.0
2025-09-04 00:00:00+05:30,233.3517723569747,233.6250739397956,229.79882199266441,230.08189392089844,8778730,1.25,0.0
2025-09-05 00:00:00+05:30,230.11116944574354,231.48744767102784,227.43670128744137,228.52992248535156,7210683,0.0,0.0
2025-09-08 00:00:00+05:30,228.5299214755937,229.3595816513476,226.50942601840362,226.9681854248047,8418326,0.0,0.0
2025-09-09 00:00:00+05:30,226.96818484698954,228.97890995393382,225.24051676544804,225.79689025878906,11665314,0.0,0.0
2025-09-10 00:00:00+05:30,227.42693957779102,227.46597627594056,225.47477700630785,226.19708251953125,11775053,0.0,0.0
2025-09-11 00:00:00+05:30,226.5484785478761,229.59384747630426,226.5484785478761,228.16876220703125,11047708,0.0,0.0
2025-09-12 00:00:00+05:30,228.90081652861173,229.77929862042427,227.13411178774055,227.67095947265625,6073522,0.0,0.0
2025-09-15 00:00:00+05:30,227.57334737463518,228.5884802593102,226.4508598458577,226.7046356201172,6153784,0.0,0.0
2025-09-16 00:00:00+05:30,226.91937667169088,229.6426518418451,226.86081417664562,229.46694946289062,7319921,0.0,0.0
2025-09-17 00:00:00+05:30,230.35518554037807,232.268311431197,229.5547917297218,231.21414184570312,7628371,0.0,0.0
2025-09-18 00:00:00+05:30,232.0145186812817,232.0145186812817,228.89106154514363,229.95498657226562,6497852,0.0,0.0
2025-09-19 00:00:00+05:30,229.48647627387888,231.72169590962892,229.1350864082349,231.0286865234375,16484017,0.0,0.0
2025-09-22 00:00:00+05:30,230.35518312410193,232.74657929217744,230.0135487170261,231.79002380371094,9962796,0.0,0.0
2025-09-23 00:00:00+05:30,231.57528930189073,231.9071533706309,229.52551260660152,230.99940490722656,7014239,0.0,0.0
2025-09-24 00:00:00+05:30,230.99941425337857,234.38641770574634,230.6089727798118,232.81492614746094,8299331,0.0,0.0
2025-09-25 00:00:00+05:30,233.20534745642033,236.34833050195502,232.81492088549712,233.93740844726562,10150654,0.0,0.0
2025-09-26 00:00:00+05:30,234.2595105712404,234.51328634591792,231.17509010753596,232.32687377929688,6349466,0.0,0.0
2025-09-29 00:00:00+05:30,233.28343471418447,235.39177393297985,232.47328543398572,234.239990234375,10631271,0.0,0.0
2025-09-30 00:00:00+05:30,234.2595097615475,235.12822151449382,232.79538782553783,233.77146911621094,7167687,0.0,0.0
2025-10-01 00:00:00+05:30,232.89300294287432,240.39905559056342,232.76610760850326,237.22679138183594,10375310,0.0,0.0
2025-10-03 00:00:00+05:30,236.69971234621755,238.35904755709745,233.96668176098208,237.83197021484375,10702610,0.0,0.0
2025-10-06 00:00:00+05:30,236.92421554896922,241.58012763363217,236.92421554896922,239.97935485839844,9465503,0.0,0.0
2025-10-07 00:00:00+05:30,239.97934785398502,243.53228317306173,238.80805327840937,239.4522705078125,12498420,0.0,0.0
2025-10-08 00:00:00+05:30,240.6528452808399,240.896865603596,235.37224192188123,236.02621459960938,5073558,0.0,0.0
2025-10-09 00:00:00+05:30,236.05550662004595,238.65188654718222,234.80612370202022,237.5684356689453,9292031,0.0,0.0
2025-10-10 00:00:00+05:30,238.21264112333355,241.17016623208642,237.77340752285096,240.44786071777344,9050771,0.0,0.0
2025-10-13 00:00:00+05:30,239.13991601508363,239.80364414315383,235.60650651182146,238.25167846679688,12607116,0.0,0.0
2025-10-14 00:00:00+05:30,239.43275151137829,242.79047364551937,238.0662287228828,238.83734130859375,13865005,0.0,0.0
2025-10-15 00:00:00+05:30,238.83733569219834,242.25362024237268,238.4468942358872,241.79486083984375,8520238,0.0,0.0
2025-10-16 00:00:00+05:30,242.06817087336552,242.75142482851842,240.11600820503193,242.40980529785156,6083826,0.0,0.0
2025-10-17 00:00:00+05:30,242.6050097361482,242.6050097361482,238.91542361909237,241.7655792236328,14250215,0.0,0.0
2025-10-20 00:00:00+05:30,241.76557797164816,243.23945536306837,239.13016145794418,242.79046630859375,10920554,0.0,0.0
2025-10-21 00:00:00+05:30,242.79046800959657,243.33707115477878,241.4727522966033,242.18528747558594,569979,0.0,0.0
2025-10-23 00:00:00+05:30,244.02032477254238,247.18283354336924,243.12233176463766,246.2750701904297,13879042,0.0,0.0
2025-10-24 00:00:00+05:30,247.92464973640944,251.24332019267646,246.80216220103583,248.8616943359375,17882209,0.0,0.0
2025-10-27 00:00:00+05:30,249.3106812422057,249.96465391908396,245.884641276937,247.2121124267578,7889080,0.0,0.0
2025-10-28 00:00:00+05:30,247.04618976497625,247.71967336964488,243.88368090444146,244.5474090576172,8529692,0.0,0.0
2025-10-29 00:00:00+05:30,244.947597495474,251.18475636188654,244.557170935808,249.52542114257812,8806213,0.0,0.0
2025-10-30 00:00:00+05:30,250.3648521678535,250.3648521678535,247.34876454081572,248.4419708251953,5266883,0.0,0.0
2025-10-31 00:00:00+05:30,248.6079138872743,251.73137119108335,247.2609317682118,249.2618865966797,7199008,0.0,0.0
2025-11-03 00:00:00+05:30,248.90072935297044,252.3170138735014,248.21747542762796,251.3897247314453,5450040,0.0,0.0
2025-11-04 00:00:00+05:30,249.9744222385672,251.34093007562578,245.97248302546677,246.31411743164062,6006851,0.0,0.0
2025-11-05 00:00:00+05:30,246.31411743164062,246.31411743164062,246.31411743164062,246.31411743164062,0,0.0,0.0
2025-11-06 00:00:00+05:30,247.485420973117,249.3887765630339,244.45956293204577,245.4844512939453,6987258,0.0,0.0
2025-11-07 00:00:00+05:30,244.02033339546963,247.53423215389208,244.02033339546963,246.16770935058594,4449104,0.0,0.0
2025-11-10 00:00:00+05:30,245.9724955768326,249.38878023762197,243.53229224769737,245.3868408203125,7418162,0.0,0.0
2025-11-11 00:00:00+05:30,248.1198608574164,248.1198608574164,240.11599726081946,243.4834747314453,16183880,0.0,0.0
2025-11-12 00:00:00+05:30,246.55814239327879,249.48638629394094,243.92271096762795,247.7782440185547,11917811,0.0,0.0
2025-11-13 00:00:00+05:30,247.63182894085813,247.63182894085813,241.38491442426047,244.85000610351562,13057927,0.0,0.0
2025-11-14 00:00:00+05:30,245.5,249.64999389648438,245.10000610351562,247.60000610351562,9185042,6.0,0.0
2025-11-17 00:00:00+05:30,247.60000610351562,249.6999969482422,247.4499969482422,248.0500030517578,6281588,0.0,0.0
2025-11-18 00:00:00+05:30,247.0,249.4499969482422,246.3000030517578,246.9499969482422,7708871,0.0,0.0
2025-11-19 00:00:00+05:30,246.9499969482422,250.3000030517578,245.39999389648438,249.0,7075882,0.0,0.0
2025-11-20 00:00:00+05:30,249.0,251.10000610351562,247.60000610351562,248.0500030517578,6918642,0.0,0.0
2025-11-21 00:00:00+05:30,247.0500030517578,248.3000030517578,246.1999969482422,246.9499969482422,7589240,0.0,0.0
2025-11-24 00:00:00+05:30,246.9499969482422,247.4499969482422,244.3000030517578,245.75,15875282,0.0,0.0
2025-11-25 00:00:00+05:30,245.75,247.5,244.60000610351562,245.35000610351562,8983620,0.0,0.0
2025-11-26 00:00:00+05:30,245.35000610351562,248.0,245.0500030517578,247.6999969482422,7232643,0.0,0.0
2025-11-27 00:00:00+05:30,248.0,248.8000030517578,242.8000030517578,244.0,5600832,0.0,0.0
2025-11-28 00:00:00+05:30,245.0,245.35000610351562,242.5500030517578,243.25,3804191,0.0,0.0
2025-12-01 00:00:00+05:30,244.0500030517578,245.85000610351562,243.00999450683594,244.8300018310547,6307936,0.0,0.0
2025-12-02 00:00:00+05:30,243.5,246.25999450683594,242.5,243.5399932861328,5413988,0.0,0.0
2025-12-03 00:00:00+05:30,244.0500030517578,244.36000061035156,239.55999755859375,240.02000427246094,11829802,0.0,0.0
2025-12-04 00:00:00+05:30,240.5,242.6999969482422,239.69000244140625,242.22999572753906,10825420,0.0,0.0
2025-12-05 00:00:00+05:30,242.6999969482422,243.1999969482422,240.91000366210938,241.22999572753906,7645591,0.0,0.0
2025-12-08 00:00:00+05:30,241.22999572753906,242.0,237.6999969482422,238.52000427246094,5285903,0.0,0.0
2025-12-09 00:00:00+05:30,237.6999969482422,240.1999969482422,236.8300018310547,239.83999633789062,9026401,0.0,0.0
2025-12-10 00:00:00+05:30,239.32000732421875,240.35000610351562,238.4199981689453,239.2899932861328,3492031,0.0,0.0
2025-12-11 00:00:00+05:30,239.2899932861328,241.3000030517578,238.13999938964844,238.41000366210938,8868641,0.0,0.0
2025-12-12 00:00:00+05:30,238.5,239.39999389648438,237.02000427246094,238.02000427246094,4252781,0.0,0.0
2025-12-15 00:00:00+05:30,238.0,238.7899932861328,229.94000244140625,235.35000610351562,12334408,0.0,0.0
2025-12-16 00:00:00+05:30,234.1699981689453,235.3000030517578,230.75,232.2100067138672,7238404,0.0,0.0
2025-12-17 00:00:00+05:30,231.75,233.4199981689453,228.61000061035156,232.91000366210938,5848233,0.0,0.0
2025-12-18 00:00:00+05:30,233.0,234.1300048828125,231.2100067138672,232.0,3964839,0.0,0.0
2025-12-19 00:00:00+05:30,232.0,233.5,231.5,232.88999938964844,5070902,0.0,0.0
2025-12-22 00:00:00+05:30,233.7899932861328,235.27999877929688,232.77000427246094,234.17999267578125,4614185,0.0,0.0
2025-12-23 00:00:00+05:30,234.60000610351562,237.89999389648438,234.60000610351562,235.49000549316406,5810236,0.0,0.0
2025-12-24 00:00:00+05:30,235.5399932861328,236.57000732421875,233.13999938964844,233.77000427246094,4114036,0.0,0.0
2025-12-25 00:00:00+05:30,233.77000427246094,233.77000427246094,233.77000427246094,233.77000427246094,0,0.0,0.0
2025-12-26 00:00:00+05:30,233.83999633789062,235.27999877929688,233.0500030517578,234.52999877929688,3710774,0.0,0.0
2025-12-29 00:00:00+05:30,234.52999877929688,239.02000427246094,234.0,234.82000732421875,12621499,0.0,0.0
2025-12-30 00:00:00+05:30,234.9499969482422,235.60000610351562,233.30999755859375,234.67999267578125,6236729,0.0,0.0
2025-12-31 00:00:00+05:30,234.69000244140625,241.0,234.61000061035156,240.3800048828125,11514802,0.0,0.0
2026-01-01 00:00:00+05:30,240.89999389648438,241.11000061035156,237.41000366210938,237.94000244140625,5840586,0.0,0.0
2026-01-02 00:00:00+05:30,237.94000244140625,242.5500030517578,237.94000244140625,241.4600067138672,5925943,0.0,0.0
2026-01-05 00:00:00+05:30,246.8000030517578,246.8000030517578,235.6999969482422,238.08999633789062,21201434,0.0,0.0
2026-01-06 00:00:00+05:30,238.08999633789062,242.36000061035156,238.08999633789062,241.88999938964844,10840459,0.0,0.0
2026-01-07 00:00:00+05:30,240.2100067138672,241.67999267578125,238.16000366210938,239.05999755859375,8253161,0.0,0.0
2026-01-08 00:00:00+05:30,238.1999969482422,238.88999938964844,231.0,231.4199981689453,9218488,0.0,0.0
2026-01-09 00:00:00+05:30,232.2899932861328,238.25,232.0,234.08999633789062,12704440,0.0,0.0
