Date,Open,High,Low,Close,Volume,Dividends,Stock Splits
2016-01-11 00:00:00+05:30,4924.616544683154,4924.616544683154,4830.077658136008,4895.2666015625,1733,0.0,0.0
2016-01-12 00:00:00+05:30,4897.929983827182,4936.647779488207,4813.747251551783,4848.8984375,2012,0.0,0.0
2016-01-13 00:00:00+05:30,4845.504559936536,4868.795166673047,4726.944041082253,4777.9521484375,2985,0.0,0.0
2016-01-14 00:00:00+05:30,4761.322182941922,4815.424378133606,4761.322182941922,4800.6845703125,1914,0.0,0.0
2016-01-15 00:00:00+05:30,4842.884178134565,4842.884178134565,4771.893971922484,4783.79736328125,1862,0.0,0.0
2016-01-18 00:00:00+05:30,4769.959202917471,4769.959202917471,4450.761638122471,4517.23974609375,26357,0.0,0.0
2016-01-19 00:00:00+05:30,4517.240749429331,4638.422436200552,4517.240749429331,4565.15478515625,1406,0.0,0.0
2016-01-20 00:00:00+05:30,4598.414871399156,4598.414871399156,4451.9223923841055,4542.1640625,11367,0.0,0.0
2016-01-21 00:00:00+05:30,4506.066483945988,4565.368140896641,4486.2992649624375,4528.283203125,2532,0.0,0.0
2016-01-22 00:00:00+05:30,4521.536994402741,4675.3775422069775,4494.89421796737,4657.0283203125,1971,0.0,0.0
2016-01-25 00:00:00+05:30,4658.18883493406,4707.134363338488,4649.594390589163,4683.97216796875,1536,0.0,0.0
2016-01-27 00:00:00+05:30,4718.350705039861,4748.431265090207,4597.985660470105,4721.87451171875,3608,0.0,0.0
2016-01-28 00:00:00+05:30,4701.162124311619,4763.858777906547,4664.206005235677,4735.0673828125,747,0.0,0.0
2016-01-29 00:00:00+05:30,4737.6872981133065,4791.40257360212,4709.755354859124,4774.3857421875,632,0.0,0.0
2016-02-01 00:00:00+05:30,4729.609387188365,4808.592257405791,4729.609387188365,4749.63427734375,1588,0.0,0.0
2016-02-02 00:00:00+05:30,4749.289901499509,4790.500429616155,4634.339209439147,4682.42529296875,5904,0.0,0.0
2016-02-03 00:00:00+05:30,4641.000842100252,4769.874727788846,4641.000842100252,4689.8603515625,2785,0.0,0.0
2016-02-04 00:00:00+05:30,4689.557698638827,4735.451939112151,4622.0913228772315,4641.1279296875,7944,0.0,0.0
2016-02-05 00:00:00+05:30,4662.357045057558,4761.32198395274,4662.357045057558,4721.44384765625,1592,0.0,0.0
2016-02-08 00:00:00+05:30,5126.587040968824,5199.639831996879,4950.4437022709035,5035.61474609375,27109,0.0,0.0
2016-02-09 00:00:00+05:30,5019.156130671988,5135.181143966632,4954.697789952742,5070.98046875,8016,0.0,0.0
2016-02-10 00:00:00+05:30,5070.7220406715705,5105.142621578943,5033.7659308836255,5076.265625,2761,0.0,0.0
2016-02-11 00:00:00+05:30,5070.636536989225,5156.667015630114,5027.750340239361,5070.80859375,6776,0.0,0.0
2016-02-12 00:00:00+05:30,5071.626356897797,5106.820787844985,4959.039092810337,5035.83056640625,4800,0.0,0.0
2016-02-15 00:00:00+05:30,5086.194219811977,5086.194219811977,4995.952517703113,5016.4931640625,3709,0.0,0.0
2016-02-16 00:00:00+05:30,5046.485486362929,5046.485486362929,4985.63699038601,5028.56640625,4418,0.0,0.0
2016-02-17 00:00:00+05:30,5036.216751724296,5070.723370049663,4985.208628470012,5061.9140625,2586,0.0,0.0
2016-02-18 00:00:00+05:30,5104.240675764352,5104.240675764352,5015.975561380953,5079.61767578125,2346,0.0,0.0
2016-02-19 00:00:00+05:30,5010.604360827277,5094.099731746804,4952.162133410573,5081.5517578125,5821,0.0,0.0
2016-02-22 00:00:00+05:30,5096.504905731064,5096.504905731064,5049.364300033778,5072.0107421875,1697,0.0,0.0
2016-02-23 00:00:00+05:30,5092.165365804745,5096.50539224988,4994.575200474764,5071.02294921875,1477,0.0,0.0
2016-02-24 00:00:00+05:30,5070.722373064024,5182.536182542561,4966.772396555964,5088.3837890625,2473,0.0,0.0
2016-02-25 00:00:00+05:30,5090.531907406578,5096.5052137551065,5049.235772480818,5072.18310546875,15990,0.0,0.0
2016-02-26 00:00:00+05:30,5076.265630458304,5076.265630458304,4963.291494299255,5045.97021484375,3145,0.0,0.0
2016-02-29 00:00:00+05:30,5045.971557661503,5057.831725878898,4929.001057776882,4960.19873046875,1103,0.0,0.0
2016-03-01 00:00:00+05:30,4974.851865868715,5070.7227354904835,4908.2877190485,5011.4638671875,4043,0.0,0.0
2016-03-02 00:00:00+05:30,5036.345751404058,5111.074633101304,4969.351871714088,5069.8212890625,2046,0.0,0.0
2016-03-03 00:00:00+05:30,5066.381870200214,5130.883003752311,5032.046898989913,5097.23583984375,4132,0.0,0.0
2016-03-04 00:00:00+05:30,5096.462712970537,5198.779405454039,5063.846628688245,5172.22265625,4506,0.0,0.0
2016-03-08 00:00:00+05:30,5177.293468136796,5448.877919652604,5113.694577591955,5396.70947265625,13350,0.0,0.0
2016-03-09 00:00:00+05:30,5392.111488791388,5523.8641505677815,5285.5831850312115,5481.83740234375,8989,0.0,0.0
2016-03-10 00:00:00+05:30,5414.5005166601895,5437.619490491672,5262.550892243381,5390.00634765625,4369,0.0,0.0
2016-03-11 00:00:00+05:30,5470.364066533416,5470.364066533416,5328.555728595001,5396.27978515625,4983,0.0,0.0
2016-03-14 00:00:00+05:30,5328.555106013647,5393.443156094942,5243.470113191816,5266.84716796875,4539,0.0,0.0
2016-03-15 00:00:00+05:30,5242.61120642893,5280.254705919764,5132.000536557634,5222.02734375,6689,0.0,0.0
2016-03-16 00:00:00+05:30,5181.848481779276,5242.61137491933,5142.915814347094,5180.6025390625,1927,0.0,0.0
2016-03-17 00:00:00+05:30,5276.988905883519,5362.976154966866,5191.044461162289,5306.5537109375,4707,0.0,0.0
2016-03-18 00:00:00+05:30,5255.588653756049,5414.499842995758,5192.161403804885,5379.1337890625,3493,0.0,0.0
2016-03-21 00:00:00+05:30,5410.20378431234,5410.20378431234,5285.584316683223,5333.67041015625,2120,0.0,0.0
2016-03-22 00:00:00+05:30,5268.3945846141405,5310.507363512361,5211.671249771639,5230.4501953125,2765,0.0,0.0
2016-03-23 00:00:00+05:30,5259.799929035932,5577.7943691900655,5231.954013341745,5488.970703125,6792,0.0,0.0
2016-03-28 00:00:00+05:30,5503.280958539019,5503.280958539019,5309.777107684146,5353.90966796875,1658,0.0,0.0
2016-03-29 00:00:00+05:30,5353.952296112568,5371.528103928877,5284.724209769386,5289.666015625,921,0.0,0.0
2016-03-30 00:00:00+05:30,5328.556409366179,5350.042523920075,5259.886871182062,5324.34521484375,1678,0.0,0.0
2016-03-31 00:00:00+05:30,5357.777751670844,5414.501096491228,5279.568291388193,5400.96484375,4514,0.0,0.0
2016-04-01 00:00:00+05:30,5375.825089950168,5517.375760178886,5294.177866361796,5333.79833984375,4581,0.0,0.0
2016-04-04 00:00:00+05:30,5414.4571738893355,5414.499978251143,5337.278811297869,5402.6826171875,6821,0.0,0.0
2016-04-05 00:00:00+05:30,5354.511470744806,5425.587281480267,5354.46824672798,5416.04736328125,1096,0.0,0.0
2016-04-06 00:00:00+05:30,5431.560651722183,5538.217802902802,5371.5283667650865,5457.515625,5619,0.0,0.0
2016-04-07 00:00:00+05:30,5458.374900226094,5512.477100118224,5395.248952608358,5488.75634765625,1040,0.0,0.0
2016-04-08 00:00:00+05:30,5415.359888434671,5543.417121155948,5415.359888434671,5505.6015625,931,0.0,0.0
2016-04-11 00:00:00+05:30,5457.514406603806,5619.562889985262,5393.228137322604,5580.5009765625,5311,0.0,0.0
2016-04-12 00:00:00+05:30,5628.459063398157,5629.361312236816,5536.4985045570365,5603.3203125,2818,0.0,0.0
2016-04-13 00:00:00+05:30,5536.49868588757,5650.8476091912535,5474.747514395405,5609.16455078125,3959,0.0,0.0
2016-04-18 00:00:00+05:30,5612.171820840509,5650.846818074479,5543.459074561259,5590.728515625,2942,0.0,0.0
2016-04-20 00:00:00+05:30,5548.616049707139,5610.453244364565,5548.616049707139,5576.67724609375,1318,0.0,0.0
2016-04-21 00:00:00+05:30,5637.138521961049,5637.525439794283,5540.7091138162,5572.46533203125,1373,0.0,0.0
2016-04-22 00:00:00+05:30,5569.7594003568065,5586.389736811139,5517.634170819618,5574.271484375,1231,0.0,0.0
2016-04-25 00:00:00+05:30,5560.734631741766,5571.907410008689,5474.661350792478,5502.16357421875,1933,0.0,0.0
2016-04-26 00:00:00+05:30,5542.471639872701,5569.157643810597,5474.661551679205,5524.85302734375,2863,0.0,0.0
2016-04-27 00:00:00+05:30,5544.620582772766,5550.164168077345,5500.445216061406,5520.77099609375,6301,0.0,0.0
2016-04-28 00:00:00+05:30,5520.7711483359135,5538.174901257288,5435.9870235898225,5444.45263671875,1134,0.0,0.0
2016-04-29 00:00:00+05:30,5478.099442842505,5500.445000657677,5414.457743156093,5426.87646484375,1447,0.0,0.0
2016-05-02 00:00:00+05:30,5482.3538029031715,5543.417168346952,5430.787131569711,5536.24072265625,5756,0.0,0.0
2016-05-03 00:00:00+05:30,5467.872409041021,5564.903617530845,5467.872409041021,5533.14697265625,2687,0.0,0.0
2016-05-04 00:00:00+05:30,5500.531099957974,5526.185603479742,5479.990459323948,5498.42529296875,830,0.0,0.0
2016-05-05 00:00:00+05:30,5509.039519477089,5546.812274994297,5466.024487969204,5493.3974609375,26550,0.0,0.0
2016-05-06 00:00:00+05:30,5458.332088569131,5470.493144467889,5286.572019140571,5366.02783203125,10665,0.0,0.0
2016-05-09 00:00:00+05:30,5366.07112236814,5470.364807138216,5328.5564500010905,5444.45263671875,3847,0.0,0.0
2016-05-10 00:00:00+05:30,5418.840086453916,5486.693393952722,5418.797282091464,5475.2197265625,6568,0.0,0.0
2016-05-11 00:00:00+05:30,5427.39129999178,5543.416292153124,5427.39129999178,5528.9345703125,2292,0.0,0.0
2016-05-12 00:00:00+05:30,5530.525205830061,5586.3890967980415,5479.817981720664,5583.208984375,42749,0.0,0.0
2016-05-13 00:00:00+05:30,5612.172085046291,5660.773499331437,5545.135420018172,5604.56591796875,5136,0.0,0.0
2016-05-16 00:00:00+05:30,5543.417384016573,5646.507926328432,5509.899046345775,5519.43896484375,11020,0.0,0.0
2016-05-17 00:00:00+05:30,5519.43930630396,5577.709482922429,5519.43930630396,5535.3818359375,812,0.0,0.0
2016-05-18 00:00:00+05:30,5495.589666583606,5564.903789702036,5495.288777043215,5536.0263671875,6192,0.0,0.0
2016-05-19 00:00:00+05:30,5515.7427122376175,5543.330964457678,5483.341906565986,5500.10107421875,605,0.0,0.0
2016-05-20 00:00:00+05:30,5500.443827649087,5521.843907985923,5458.331054593649,5510.71435546875,1922,0.0,0.0
2016-05-23 00:00:00+05:30,5542.343069882436,5542.343069882436,5457.4729201401,5483.34228515625,2923,0.0,0.0
2016-05-24 00:00:00+05:30,5483.25574535423,5490.947941258511,5441.142966118751,5454.46435546875,826,0.0,0.0
2016-05-25 00:00:00+05:30,5454.0778010485365,5500.4450013813785,5415.359992766261,5443.9365234375,3208,0.0,0.0
2016-05-26 00:00:00+05:30,5443.892915351142,5491.849745266472,5382.141750951948,5415.53125,5416,0.0,0.0
2016-05-27 00:00:00+05:30,5415.359850455687,5447.932713412128,5371.528180502784,5405.51904296875,1196,0.0,0.0
2016-05-30 00:00:00+05:30,5405.046788453211,5409.945790260713,5308.87502699808,5333.712890625,3336,0.0,0.0
2016-05-31 00:00:00+05:30,5396.409836743356,5397.3120857127005,5303.632624352401,5324.04443359375,1230,0.0,0.0
2016-06-01 00:00:00+05:30,5359.496834080293,5362.934612678164,5337.667023913957,5342.26513671875,986,0.0,0.0
2016-06-02 00:00:00+05:30,5343.2952094333305,5363.750240018179,5302.7724857937355,5326.6220703125,2314,0.0,0.0
2016-06-03 00:00:00+05:30,5375.82605773271,5456.098100707806,5289.881596378071,5363.1064453125,2712,0.0,0.0
2016-06-06 00:00:00+05:30,5435.986982135658,5491.850879975787,5298.475848990724,5324.34521484375,8727,0.0,0.0
2016-06-07 00:00:00+05:30,5324.301847603358,5395.592941635761,5302.7729292597405,5308.015625,33548,0.0,0.0
2016-06-08 00:00:00+05:30,5363.621441833262,5371.528499645005,5333.841771761363,5349.14013671875,4554,0.0,0.0
2016-06-09 00:00:00+05:30,5387.771553939324,5387.771553939324,5319.961466670692,5365.68408203125,1145,0.0,0.0
2016-06-10 00:00:00+05:30,5365.512177100655,5499.585523188706,5358.206898627909,5412.09423828125,2479,0.0,0.0
2016-06-13 00:00:00+05:30,5412.136939776428,5412.781523158831,5324.860517659425,5330.91943359375,5023,0.0,0.0
2016-06-14 00:00:00+05:30,5385.66576296361,5385.66576296361,5295.209235921245,5305.2216796875,17416,0.0,0.0
2016-06-15 00:00:00+05:30,5328.340628553829,5354.338822676778,5295.03715674344,5308.6162109375,18482,0.0,0.0
2016-06-16 00:00:00+05:30,5328.599249864927,5370.411564790851,5315.6219723069225,5363.19189453125,3989,0.0,0.0
2016-06-17 00:00:00+05:30,5312.784973151951,5381.841422184687,5312.784973151951,5378.36083984375,451,0.0,0.0
2016-06-20 00:00:00+05:30,5328.555770361463,5388.716883897802,5328.555770361463,5376.5986328125,786,0.0,0.0
2016-06-21 00:00:00+05:30,5413.554987382634,5414.500460282018,5371.614262788643,5389.66259765625,823,0.0,0.0
2016-06-22 00:00:00+05:30,5413.512087844144,5413.512087844144,5328.55591485222,5338.568359375,654,0.0,0.0
2016-06-23 00:00:00+05:30,5337.151310066746,5392.155768012683,5337.151310066746,5359.8837890625,398,0.0,0.0
2016-06-24 00:00:00+05:30,5285.497803780188,5370.668840192812,5268.394941651774,5354.89794921875,2605,0.0,0.0
2016-06-27 00:00:00+05:30,5302.772187232786,5367.617437998492,5302.772187232786,5344.498046875,1496,0.0,0.0
2016-06-28 00:00:00+05:30,5344.026606742976,5393.014949712476,5243.901309270226,5270.8017578125,5760,0.0,0.0
2016-06-29 00:00:00+05:30,5324.259533827282,5328.556757018426,5247.038349152286,5314.0322265625,16751,0.0,0.0
2016-06-30 00:00:00+05:30,5354.296285010174,5413.597953897299,5319.961310308756,5382.82958984375,2458,0.0,0.0
2016-07-01 00:00:00+05:30,5382.87397689265,5468.775219100942,5333.283852016595,5367.44677734375,2828,0.0,0.0
2016-07-04 00:00:00+05:30,5371.527622823198,5430.399565569341,5367.2304007249395,5416.43359375,6614,0.0,0.0
2016-07-05 00:00:00+05:30,5416.261500580034,5457.472028085421,5380.122030836966,5421.89111328125,5895,0.0,0.0
2016-07-07 00:00:00+05:30,5435.944202590335,5435.987006959369,5397.312000585745,5410.54736328125,832,0.0,0.0
2016-07-08 00:00:00+05:30,5448.878250489568,5463.488807312647,5386.998245121232,5446.9873046875,1954,0.0,0.0
2016-07-11 00:00:00+05:30,5478.958507685971,5491.85017476288,5405.905727583491,5438.607421875,945,0.0,0.0
2016-07-12 00:00:00+05:30,5490.9491924672,5490.991996840415,5383.561413086298,5400.92236328125,876,0.0,0.0
2016-07-13 00:00:00+05:30,5402.080787948388,5418.797150030372,5320.863289030407,5334.74365234375,6299,0.0,0.0
2016-07-14 00:00:00+05:30,5334.614796665442,5405.905885544119,5307.0697683998305,5399.3740234375,745,0.0,0.0
2016-07-15 00:00:00+05:30,5399.030411886258,5425.7592200777135,5389.877411784773,5408.35546875,1928,0.0,0.0
2016-07-18 00:00:00+05:30,5408.096656894131,5457.471905219699,5394.732464419535,5454.6787109375,1277,0.0,0.0
2016-07-19 00:00:00+05:30,5436.888839999199,5521.931043146515,5423.954367828429,5505.171875,1614,0.0,0.0
2016-07-20 00:00:00+05:30,5564.9030944783335,5569.200316945112,5423.997001932409,5452.96044921875,2173,0.0,0.0
2016-07-21 00:00:00+05:30,5452.35902884699,5508.308952974731,5424.813998883393,5452.48828125,608,0.0,0.0
2016-07-22 00:00:00+05:30,5504.7428525577625,5504.7428525577625,5428.595974445481,5452.27392578125,423,0.0,0.0
2016-07-25 00:00:00+05:30,5607.0158522549555,5607.0158522549555,5449.82353897824,5495.5029296875,1799,0.0,0.0
2016-07-26 00:00:00+05:30,5443.936830150378,5512.821229298201,5443.936830150378,5494.42919921875,2399,0.0,0.0
2016-07-27 00:00:00+05:30,5494.428342696364,5513.336120506362,5339.72834243274,5412.30859375,2217,0.0,0.0
2016-07-28 00:00:00+05:30,5465.5520206845185,5577.795571744052,5389.6200047415,5520.513671875,4236,0.0,0.0
2016-07-29 00:00:00+05:30,5534.865669660469,5729.05733230537,5482.482776475764,5664.12646484375,4411,0.0,0.0
2016-08-01 00:00:00+05:30,5664.083113416426,5729.057203434107,5586.3894122894835,5602.41796875,2160,0.0,0.0
2016-08-02 00:00:00+05:30,5602.417632849625,5663.739079959585,5569.200187881353,5588.45166015625,20567,0.0,0.0
2016-08-03 00:00:00+05:30,5588.108110652316,5650.804754469519,5483.341910563907,5501.08935546875,1085,0.0,0.0
2016-08-04 00:00:00+05:30,5506.590667161944,5563.18518090244,5420.947092313014,5458.2041015625,1182,0.0,0.0
2016-08-05 00:00:00+05:30,5512.347956618651,5603.620706859747,5410.67542478758,5472.3837890625,4319,0.0,0.0
2016-08-08 00:00:00+05:30,5526.184985950166,5860.207986111001,5526.184985950166,5740.6591796875,15137,0.0,0.0
2016-08-09 00:00:00+05:30,5760.427564592152,5971.1635532413875,5760.427564592152,5901.16162109375,11104,0.0,0.0
2016-08-10 00:00:00+05:30,5844.2217490623625,5971.161851089726,5822.73563969081,5843.3623046875,12881,0.0,0.0
2016-08-11 00:00:00+05:30,5857.114537035891,5908.681209408914,5814.099505691655,5897.98095703125,10022,0.0,0.0
2016-08-12 00:00:00+05:30,5914.610503095362,5973.138752354306,5852.816532882421,5874.388671875,2105,0.0,0.0
2016-08-16 00:00:00+05:30,5874.30253668152,5929.264174508221,5783.20142930943,5816.2900390625,1070,0.0,0.0
2016-08-17 00:00:00+05:30,5816.763038505183,5852.774097897452,5762.575231961973,5822.521484375,1314,0.0,0.0
2016-08-18 00:00:00+05:30,5792.656169785431,6120.104537840068,5792.656169785431,6040.04736328125,8584,0.0,0.0
2016-08-19 00:00:00+05:30,6039.316423967275,6098.059538718258,5945.636974669932,5995.78564453125,1251,0.0,0.0
2016-08-22 00:00:00+05:30,5998.922919933426,6036.738479887161,5862.314041740296,5891.53515625,1893,0.0,0.0
2016-08-23 00:00:00+05:30,5896.777692745405,5896.777692745405,5767.3024595557845,5782.7724609375,2536,0.0,0.0
2016-08-24 00:00:00+05:30,5788.358003126979,5887.194108599823,5782.341892359067,5867.8994140625,1876,0.0,0.0
2016-08-25 00:00:00+05:30,5874.346312197342,5891.234733350037,5766.872938923129,5784.23388671875,8351,0.0,0.0
2016-08-26 00:00:00+05:30,5887.194840015681,5973.096485870032,5776.41252761325,5809.5439453125,1763,0.0,0.0
2016-08-29 00:00:00+05:30,5810.747668346681,5844.223202935532,5650.8481704854585,5766.142578125,8007,0.0,0.0
2016-08-30 00:00:00+05:30,5719.602978896258,5766.872425002838,5492.666833221186,5677.919921875,16472,0.0,0.0
2016-08-31 00:00:00+05:30,5638.514385295796,5758.278058395689,5638.514385295796,5733.39697265625,39306,0.0,0.0
2016-09-01 00:00:00+05:30,5784.060794920452,5833.908569973259,5573.496917542219,5592.49072265625,8242,0.0,0.0
2016-09-02 00:00:00+05:30,5592.491118319222,5698.116758310111,5592.491118319222,5667.1767578125,10932,0.0,0.0
2016-09-06 00:00:00+05:30,5669.927508458029,5835.628242687637,5612.602391586393,5672.720703125,20318,0.0,0.0
2016-09-07 00:00:00+05:30,5718.743519005569,5758.277964733591,5612.602126670555,5673.10693359375,4385,0.0,0.0
2016-09-08 00:00:00+05:30,5698.116839498688,5723.857369250789,5650.847393620494,5670.14208984375,28636,0.0,0.0
2016-09-09 00:00:00+05:30,5701.7268452091885,5701.7268452091885,5629.3614507605325,5655.96142578125,21174,0.0,0.0
2016-09-12 00:00:00+05:30,5698.118344079773,5774.608922152639,5590.773785298673,5727.03857421875,7595,0.0,0.0
2016-09-14 00:00:00+05:30,5760.039255437646,5809.844226989307,5698.374118856805,5790.8076171875,3989,0.0,0.0
2016-09-15 00:00:00+05:30,5745.472050989745,5790.119937400571,5735.932133873232,5759.00830078125,1929,0.0,0.0
2016-09-16 00:00:00+05:30,5758.277920890549,5828.2366164769155,5723.98617063507,5741.1318359375,5700,0.0,0.0
2016-09-19 00:00:00+05:30,5715.047990537907,5827.033435757183,5706.754015782746,5771.85693359375,13676,0.0,0.0
2016-09-20 00:00:00+05:30,5717.4545978641945,5801.250437517221,5717.4545978641945,5758.5791015625,4345,0.0,0.0
2016-09-21 00:00:00+05:30,5799.444869842511,5887.194228329186,5784.060898781813,5845.16748046875,19570,0.0,0.0
2016-09-22 00:00:00+05:30,5869.920914167269,5948.21640548649,5847.403716192667,5915.8583984375,2960,0.0,0.0
2016-09-23 00:00:00+05:30,5915.857541336006,6033.300551474101,5872.4983972902955,5929.5654296875,13126,0.0,0.0
2016-09-26 00:00:00+05:30,5994.625859135433,5994.625859135433,5904.384179535545,5918.69384765625,2479,0.0,0.0
2016-09-27 00:00:00+05:30,5950.192144177719,6119.159022634543,5921.572809201056,5932.96044921875,13016,0.0,0.0
2016-09-28 00:00:00+05:30,5939.6212870195095,6030.722409349718,5849.89535989989,5887.92578125,2249,0.0,0.0
2016-09-29 00:00:00+05:30,5930.167371638483,5990.156433131897,5680.971257487412,5768.591796875,5643,0.0,0.0
2016-09-30 00:00:00+05:30,5768.591980655878,5883.327831284239,5766.744258751923,5848.6923828125,2506,0.0,0.0
2016-10-03 00:00:00+05:30,5964.502744055959,5964.502744055959,5816.119297537755,5900.47412109375,4864,0.0,0.0
2016-10-04 00:00:00+05:30,5968.798458212854,5968.798458212854,5861.410714289503,5934.16259765625,2722,0.0,0.0
2016-10-05 00:00:00+05:30,5951.652646574807,6132.135975929422,5951.652646574807,6078.8076171875,16614,0.0,0.0
2016-10-06 00:00:00+05:30,6150.18469993596,6232.691370030127,5930.1669130181845,5955.3056640625,12641,0.0,0.0
2016-10-07 00:00:00+05:30,5973.826774442893,6059.083838297348,5973.139386690294,6008.63427734375,4073,0.0,0.0
2016-10-10 00:00:00+05:30,6016.111422421461,6059.126451231523,6016.068618057267,6039.1015625,2816,0.0,0.0
2016-10-13 00:00:00+05:30,6038.50070218575,6038.50070218575,5901.376480977369,5980.57421875,2725,0.0,0.0
2016-10-14 00:00:00+05:30,6038.456254382259,6038.456254382259,5862.527820756009,5975.501953125,3689,0.0,0.0
2016-10-17 00:00:00+05:30,6036.737117169063,6036.737117169063,5965.403236086341,6008.80517578125,4385,0.0,0.0
2016-10-18 00:00:00+05:30,6008.376523216243,6024.705968780699,5983.065714731083,6003.6923828125,1411,0.0,0.0
2016-10-19 00:00:00+05:30,6003.219494842811,6024.705606134303,5973.138939034722,6010.05224609375,1181,0.0,0.0
2016-10-20 00:00:00+05:30,5990.328459224958,6059.47094050626,5977.436791091763,6042.58251953125,11968,0.0,0.0
2016-10-21 00:00:00+05:30,5973.998174310181,6059.083172045285,5973.998174310181,6032.8701171875,586,0.0,0.0
2016-10-24 00:00:00+05:30,6016.110696133706,6093.4606907982825,6007.086530089506,6064.19677734375,1166,0.0,0.0
2016-10-25 00:00:00+05:30,6063.380768614213,6079.1516586540565,6011.728071757977,6052.4228515625,2081,0.0,0.0
2016-10-26 00:00:00+05:30,6052.207935545997,6056.5051578802395,5948.215155057349,6014.779296875,5827,0.0,0.0
2016-10-27 00:00:00+05:30,6014.393367784349,6020.323451650398,5968.842803552773,5984.48486328125,601,0.0,0.0
2016-10-28 00:00:00+05:30,5964.544362809499,6054.786028241056,5964.544362809499,6045.03125,853,0.0,0.0
2016-11-01 00:00:00+05:30,6033.342910523176,6077.948413695196,5995.6994110543865,6058.73974609375,1400,0.0,0.0
2016-11-02 00:00:00+05:30,6011.857376144954,6213.74123479767,6011.814571778113,6154.138671875,5708,0.0,0.0
2016-11-03 00:00:00+05:30,6113.141887684585,6204.200188218209,6029.045170605894,6080.39697265625,9057,0.0,0.0
2016-11-04 00:00:00+05:30,6080.39837909185,6145.02877971217,5986.332421100508,6017.7021484375,3246,0.0,0.0
2016-11-07 00:00:00+05:30,6102.055442148446,6102.527968723865,5900.515723671852,5940.56591796875,2012,0.0,0.0
2016-11-08 00:00:00+05:30,5981.433492824624,5981.433492824624,5904.38436879803,5927.37451171875,662,0.0,0.0
2016-11-09 00:00:00+05:30,5844.223393870751,6162.21790206666,5157.527145090938,6094.32177734375,4139,0.0,0.0
2016-11-10 00:00:00+05:30,6077.304011178718,6127.796374680664,5935.280810009414,5998.19189453125,1266,0.0,0.0
2016-11-11 00:00:00+05:30,5985.170668284514,6016.15347035416,5912.97734029257,5928.576171875,1134,0.0,0.0
2016-11-15 00:00:00+05:30,5921.571675819891,5921.571675819891,5679.380421583451,5782.642578125,2406,0.0,0.0
2016-11-16 00:00:00+05:30,5782.343431785681,5912.07676567272,5672.334519884884,5687.76171875,1411,0.0,0.0
2016-11-17 00:00:00+05:30,5681.142822338598,5695.882211106648,5552.011290391036,5586.47509765625,10443,0.0,0.0
2016-11-18 00:00:00+05:30,5534.823606775728,5629.362519313822,5502.2075140898005,5610.71240234375,4399,0.0,0.0
2016-11-21 00:00:00+05:30,5587.376954267666,5647.710119840844,5543.4164565308765,5624.6767578125,2542,0.0,0.0
2016-11-22 00:00:00+05:30,5672.332875452788,5689.435734586538,5536.068137645891,5665.84423828125,4443,0.0,0.0
2016-11-23 00:00:00+05:30,5723.041972207837,5723.041972207837,5606.9741391150255,5634.99169921875,1111,0.0,0.0
2016-11-24 00:00:00+05:30,5660.915960964051,5667.354341071726,5625.0090585599055,5647.99658203125,11710,36.0,0.0
2016-11-25 00:00:00+05:30,5673.404875598144,5729.534160404996,5599.948757635335,5638.49169921875,3668,0.0,0.0
2016-11-28 00:00:00+05:30,5712.293585343087,5712.293585343087,5651.843350550789,5700.583984375,920,0.0,0.0
2016-11-29 00:00:00+05:30,5722.273757356324,5738.21822225789,5673.4470510976535,5704.8173828125,4228,0.0,0.0
2016-11-30 00:00:00+05:30,5771.921793577383,5771.921793577383,5682.046083660922,5711.1259765625,1211,0.0,0.0
2016-12-01 00:00:00+05:30,5788.34159226277,5788.34159226277,5652.447785845433,5700.28076171875,1093,0.0,0.0
2016-12-02 00:00:00+05:30,5661.305808222944,5762.415986754783,5661.305808222944,5704.3857421875,1981,0.0,0.0
2016-12-05 00:00:00+05:30,5785.74906666025,5936.982238679002,5704.947343324517,5822.43408203125,14149,0.0,0.0
2016-12-06 00:00:00+05:30,5807.440215614631,5850.390182597743,5768.465182943852,5782.9833984375,730,0.0,0.0
2016-12-07 00:00:00+05:30,5810.767514637035,6014.327195092641,5720.9348418008885,5932.53173828125,2446,0.0,0.0
2016-12-08 00:00:00+05:30,5877.439027868427,5945.580451264884,5833.278862015813,5864.82177734375,1190,0.0,0.0
2016-12-09 00:00:00+05:30,5859.205777905226,5932.618856844632,5760.688158630714,5805.107421875,971,0.0,0.0
2016-12-12 00:00:00+05:30,5790.069605195473,5893.772344393004,5726.983772183642,5827.44580078125,1309,0.0,0.0
2016-12-13 00:00:00+05:30,5885.994738769725,5893.772444341436,5734.026929400054,5877.05029296875,2808,0.0,0.0
2016-12-14 00:00:00+05:30,6006.117387136819,6006.117387136819,5842.785561788782,5871.69287109375,883,0.0,0.0
2016-12-15 00:00:00+05:30,5868.7530912639095,6049.325630109671,5868.7530912639095,6037.27001953125,14941,0.0,0.0
2016-12-16 00:00:00+05:30,6023.401804956897,6092.536976319386,5892.088020063228,5908.24853515625,6091,0.0,0.0
2016-12-19 00:00:00+05:30,5919.6981938090685,5980.148419334323,5877.352907459193,5954.13623046875,1596,0.0,0.0
2016-12-20 00:00:00+05:30,5964.679637372494,5964.679637372494,5842.828904232558,5876.4892578125,1339,0.0,0.0
2016-12-21 00:00:00+05:30,5919.697715508887,5919.697715508887,5834.142960204452,5847.27880859375,745,0.0,0.0
2016-12-22 00:00:00+05:30,5835.0078244853075,5835.05086517566,5673.879514573392,5752.7802734375,3512,0.0,0.0
2016-12-23 00:00:00+05:30,5770.150133624829,5807.35332205725,5677.724899689901,5722.48974609375,1861,0.0,0.0
2016-12-26 00:00:00+05:30,5763.2798249947655,5917.926706134877,5617.231798240512,5858.47021484375,6264,0.0,0.0
2016-12-27 00:00:00+05:30,5871.302816492385,6065.745432581697,5708.014059660612,5986.4560546875,5433,0.0,0.0
2016-12-28 00:00:00+05:30,5987.968988327317,6109.171564545083,5954.265598149114,5996.09228515625,3061,0.0,0.0
2016-12-29 00:00:00+05:30,5988.834029533059,6222.165225488892,5973.75375197036,6185.26416015625,8520,0.0,0.0
2016-12-30 00:00:00+05:30,6096.727831966012,6151.301318556887,6066.610741257284,6121.9619140625,2443,0.0,0.0
2017-01-02 00:00:00+05:30,6135.745073732582,6135.745073732582,6009.314326422812,6044.74609375,786,0.0,0.0
2017-01-03 00:00:00+05:30,6007.845886820019,6042.499972948497,5962.908029208592,5993.759765625,934,0.0,0.0
2017-01-04 00:00:00+05:30,5993.802058340844,6023.4005474008845,5962.907285088394,5969.82080078125,2989,0.0,0.0
2017-01-05 00:00:00+05:30,6004.346537433672,6048.463249470389,5921.427373249194,5999.333984375,2177,0.0,0.0
2017-01-06 00:00:00+05:30,5988.833283637851,6005.987529745675,5919.698123076376,5929.59326171875,944,0.0,0.0
2017-01-09 00:00:00+05:30,5997.474889863166,5997.474889863166,5876.488364707426,5884.78466796875,26038,0.0,0.0
2017-01-10 00:00:00+05:30,6039.777334684199,6039.777334684199,5855.09987097417,5874.80322265625,1302,0.0,0.0
2017-01-11 00:00:00+05:30,5876.4882921807175,5876.5313328664515,5847.105850719814,5860.24169921875,1645,0.0,0.0
2017-01-12 00:00:00+05:30,5876.445353625185,5876.488394311667,5846.241762870357,5866.63671875,1157,0.0,0.0
2017-01-13 00:00:00+05:30,5876.489026849486,5876.489026849486,5807.353861827728,5820.0576171875,1475,0.0,0.0
2017-01-16 00:00:00+05:30,5833.2797561716325,5876.532276539623,5799.576362024863,5864.9091796875,1804,0.0,0.0
2017-01-17 00:00:00+05:30,5872.124565562531,5874.76017472976,5803.896636287889,5832.54443359375,3002,0.0,0.0
2017-01-18 00:00:00+05:30,5833.279052611329,5867.846632182358,5816.038303513267,5849.78515625,1132,0.0,0.0
2017-01-19 00:00:00+05:30,5876.488161123926,6074.301038507083,5790.155720915031,6027.1162109375,4770,0.0,0.0
2017-01-20 00:00:00+05:30,6032.042907387954,6049.3266979535365,5968.222426331036,6048.8515625,10340,0.0,0.0
2017-01-23 00:00:00+05:30,6057.83881566772,6057.83881566772,5859.204775856712,5888.28466796875,15009,0.0,0.0
2017-01-24 00:00:00+05:30,5936.073755875809,6027.720869993891,5900.079930956281,5996.869140625,1593,0.0,0.0
2017-01-25 00:00:00+05:30,5988.918862334148,6125.331239349383,5967.5732160194,6048.46142578125,3676,0.0,0.0
2017-01-27 00:00:00+05:30,6049.327074384607,6066.610866025705,5974.185621437901,6030.7900390625,6406,0.0,0.0
2017-01-30 00:00:00+05:30,6088.215018254546,6088.215018254546,5964.98151134818,6009.05517578125,2507,0.0,0.0
2017-01-31 00:00:00+05:30,5990.086835583118,6049.32686055193,5878.9950155563065,6009.66064453125,4050,0.0,0.0
2017-02-01 00:00:00+05:30,5989.179351760909,6062.28987426747,5985.031410584074,6045.697265625,1648,0.0,0.0
2017-02-02 00:00:00+05:30,6073.523186557777,6073.523186557777,5932.833319093832,6033.33837890625,1519,0.0,0.0
2017-02-03 00:00:00+05:30,6033.3392653907395,6066.610562635965,5996.611209990166,6049.67236328125,4381,0.0,0.0
2017-02-06 00:00:00+05:30,6050.579940546283,6109.819963912905,5997.388821909061,6053.9501953125,17259,0.0,0.0
2017-02-07 00:00:00+05:30,6110.683122854324,6110.683122854324,5937.629199031446,6001.9248046875,3881,0.0,0.0
2017-02-08 00:00:00+05:30,6088.172306704195,6088.2153473944445,5998.166627975983,6053.34521484375,13292,0.0,0.0
2017-02-09 00:00:00+05:30,6099.017912289173,6099.017912289173,6006.074492487222,6061.9873046875,1790,0.0,0.0
2017-02-10 00:00:00+05:30,5987.970586277669,6084.0686521918815,5975.007740442171,6016.40234375,30020,0.0,0.0
2017-02-13 00:00:00+05:30,6016.401140108376,6089.943755162355,6016.401140108376,6053.82080078125,5971,0.0,0.0
2017-02-14 00:00:00+05:30,6053.9067554532985,6072.78938110766,6035.154095802681,6065.5302734375,5240,0.0,0.0
2017-02-15 00:00:00+05:30,6089.942922272273,6089.942922272273,5999.332576008439,6063.8876953125,1238,0.0,0.0
2017-02-16 00:00:00+05:30,6088.2153182545835,6088.2153182545835,5997.518457111167,6061.2958984375,8170,0.0,0.0
2017-02-17 00:00:00+05:30,6059.6972208960215,6064.88235827842,6002.2286149077745,6036.537109375,3092,0.0,0.0
2017-02-20 00:00:00+05:30,6049.326443930169,6066.610233769969,6001.839062558307,6038.39453125,50561,0.0,0.0
2017-02-21 00:00:00+05:30,6051.01206681177,6062.289571425622,6004.388872739162,6050.19091796875,8761,0.0,0.0
2017-02-22 00:00:00+05:30,6062.245905974268,6125.374776040221,6017.2645922558295,6081.47412109375,4761,0.0,0.0
2017-02-23 00:00:00+05:30,6049.932795544885,6118.4628676340235,6049.932795544885,6093.4013671875,2785,0.0,0.0
2017-02-27 00:00:00+05:30,6102.042208046132,6178.955075418475,6046.301983939211,6112.97412109375,2589,0.0,0.0
2017-02-28 00:00:00+05:30,6134.838161882418,6153.029181898633,6105.49875984745,6129.0048828125,3258,0.0,0.0
2017-03-01 00:00:00+05:30,6105.541865665776,6204.794114255841,6062.289349924814,6097.76416015625,1721,0.0,0.0
2017-03-02 00:00:00+05:30,6101.221623979816,6135.74616732808,6075.3824393024715,6112.88818359375,2556,0.0,0.0
2017-03-03 00:00:00+05:30,6102.0418272553125,6119.325616597489,6016.962205431445,6070.1533203125,14727,0.0,0.0
2017-03-06 00:00:00+05:30,6019.468488765717,6111.634207920549,5997.517739469939,6019.25244140625,2513,0.0,0.0
2017-03-07 00:00:00+05:30,6059.65307203932,6060.128207425459,5993.153528484215,6005.0361328125,2755,0.0,0.0
2017-03-08 00:00:00+05:30,5980.709585481908,6018.863465263919,5952.363918372598,5970.85791015625,3841,0.0,0.0
2017-03-09 00:00:00+05:30,5970.900661999049,5975.7402070731105,5886.210100089159,5907.42578125,1938,0.0,0.0
2017-03-10 00:00:00+05:30,5981.0565243807505,5981.0565243807505,5786.613854537422,5826.9716796875,6105,0.0,0.0
2017-03-14 00:00:00+05:30,5935.901233489932,5935.944274175059,5713.2859486965035,5876.53125,7046,0.0,0.0
2017-03-15 00:00:00+05:30,5880.853556798274,5943.896359993797,5816.86048257026,5912.43994140625,2714,0.0,0.0
2017-03-16 00:00:00+05:30,5906.735089759405,6045.178413100832,5883.74756522141,5969.2158203125,12480,0.0,0.0
2017-03-17 00:00:00+05:30,5975.870055372975,6002.314336974634,5755.501745304991,5878.34619140625,5803,0.0,0.0
2017-03-20 00:00:00+05:30,5910.709472336913,5915.332969682257,5794.389503210809,5862.35791015625,1355,0.0,0.0
2017-03-21 00:00:00+05:30,5886.210773230435,6006.117067197874,5854.797400291224,5906.82177734375,1957,0.0,0.0
2017-03-22 00:00:00+05:30,5930.370107652642,5935.727828656542,5881.49994477427,5902.5,1341,0.0,0.0
2017-03-23 00:00:00+05:30,5902.501894952119,6070.932375686176,5885.261142407789,6017.26611328125,4368,0.0,0.0
2017-03-24 00:00:00+05:30,6049.326843226459,6117.597817600014,5911.056515381282,5983.6484375,4879,0.0,0.0
2017-03-27 00:00:00+05:30,5975.871372918063,6106.753062952888,5843.218262904625,5955.60595703125,5718,0.0,0.0
2017-03-28 00:00:00+05:30,6006.117100525561,6127.103632046939,5971.549520090882,6093.52978515625,7230,0.0,0.0
2017-03-29 00:00:00+05:30,6050.320345602689,6346.866893627169,6005.771544839515,6274.23193359375,37964,0.0,0.0
2017-03-30 00:00:00+05:30,6274.231433743844,6479.130836058996,6137.905548454344,6448.92724609375,13728,0.0,0.0
2017-03-31 00:00:00+05:30,6446.81151450012,6598.69283997939,6412.28697044767,6561.05712890625,14846,0.0,0.0
2017-04-03 00:00:00+05:30,6561.790767367306,6598.086725780243,6351.792722263888,6383.5947265625,9479,0.0,0.0
2017-04-05 00:00:00+05:30,6383.593940030148,6481.506849912989,6331.051394540848,6407.5751953125,8908,0.0,0.0
2017-04-06 00:00:00+05:30,6357.885338564108,6417.5144154369345,6357.885338564108,6375.4716796875,2599,0.0,0.0
2017-04-07 00:00:00+05:30,6375.514802717823,6412.285896043572,6274.231627594387,6355.8544921875,2751,0.0,0.0
2017-04-10 00:00:00+05:30,6309.4469245339105,6412.285465010495,6309.4469245339105,6382.2548828125,1111,0.0,0.0
2017-04-11 00:00:00+05:30,6382.255849959684,6395.002645773896,6325.8674820358,6346.0029296875,1252,0.0,0.0
2017-04-12 00:00:00+05:30,6345.744022799411,6464.05149073073,6308.583871229157,6342.1142578125,7064,0.0,0.0
2017-04-13 00:00:00+05:30,6346.607898113551,6424.384955688472,6335.675984970139,6385.66943359375,1108,0.0,0.0
2017-04-17 00:00:00+05:30,6429.570043508095,6429.570043508095,6330.188248480752,6397.29248046875,1976,0.0,0.0
2017-04-18 00:00:00+05:30,6375.817299503017,6464.13763761683,6329.669663328512,6333.64501953125,1705,0.0,0.0
2017-04-19 00:00:00+05:30,6330.446947913038,6373.3973333055055,6295.663321788896,6308.021484375,13587,0.0,0.0
2017-04-20 00:00:00+05:30,6367.348556715459,6453.983558454157,6279.76286208537,6376.72509765625,3068,0.0,0.0
2017-04-21 00:00:00+05:30,6393.274167692733,6464.094668737444,6308.583593424837,6324.31201171875,2076,0.0,0.0
2017-04-24 00:00:00+05:30,6348.855190917587,6350.84265814518,6311.176441203456,6337.015625,956,0.0,0.0
2017-04-25 00:00:00+05:30,6341.465379014927,6366.440792301352,6313.768275255813,6340.03955078125,3895,0.0,0.0
2017-04-26 00:00:00+05:30,6360.434390789674,6455.279183505593,6343.107560998506,6427.02001953125,3671,0.0,0.0
2017-04-27 00:00:00+05:30,6481.420610267741,6481.420610267741,6299.508738472893,6344.1875,6774,0.0,0.0
2017-04-28 00:00:00+05:30,6429.137918484435,6506.828471750952,6338.916617208238,6368.03955078125,4272,0.0,0.0
2017-05-02 00:00:00+05:30,6361.298367188294,6411.421353915222,6325.780097372783,6377.06982421875,12607,0.0,0.0
2017-05-03 00:00:00+05:30,6399.322946489114,6399.322946489114,6322.410084606935,6360.56396484375,23895,0.0,0.0
2017-05-04 00:00:00+05:30,6395.002484827245,6442.53290870096,6347.472060953529,6394.48388671875,1068,0.0,0.0
2017-05-05 00:00:00+05:30,6395.392038936922,6433.0273269052295,6330.18876539237,6397.72509765625,1675,0.0,0.0
2017-05-08 00:00:00+05:30,6640.431530552929,6808.948468145046,6525.49433722087,6760.42431640625,11955,0.0,0.0
2017-05-09 00:00:00+05:30,6783.887101800186,6961.867085697472,6771.788449644109,6888.54052734375,10175,0.0,0.0
2017-05-10 00:00:00+05:30,6913.429639387043,7085.489856782801,6807.263872726702,6838.67724609375,10284,0.0,0.0
2017-05-11 00:00:00+05:30,6903.145226924432,6955.860782613264,6636.974880167706,6698.0732421875,13325,0.0,0.0
2017-05-12 00:00:00+05:30,6721.536157416767,6904.87386918697,6697.468396270216,6861.83740234375,6350,0.0,0.0
2017-05-15 00:00:00+05:30,6861.664460171997,7030.094905159794,6861.664460171997,6992.330078125,8415,0.0,0.0
2017-05-16 00:00:00+05:30,7015.490714944679,7085.490067976278,6904.010263820282,6954.65185546875,10002,0.0,0.0
2017-05-17 00:00:00+05:30,6977.81799405608,6985.780883611191,6882.668047329089,6939.9931640625,9681,362.0,0.0
2017-05-18 00:00:00+05:30,6936.915527843102,6958.768623664163,6895.335483051724,6916.64599609375,10689,0.0,0.0
2017-05-19 00:00:00+05:30,6984.106648763915,6984.106648763915,6868.144585792626,6879.72705078125,17760,0.0,0.0
2017-05-22 00:00:00+05:30,6841.223468823061,6915.198538242232,6742.363819476952,6786.5224609375,13930,0.0,0.0
2017-05-23 00:00:00+05:30,6752.136200978156,6840.996946517875,6662.416071456842,6758.56103515625,20906,0.0,0.0
2017-05-24 00:00:00+05:30,6758.606363066813,6758.606363066813,6651.873968323527,6676.66796875,4297,0.0,0.0
2017-05-25 00:00:00+05:30,6652.824122047424,6804.801208759375,6652.779054095602,6761.501953125,4556,0.0,0.0
2017-05-26 00:00:00+05:30,6742.5453895670935,6868.008836435678,6742.5453895670935,6832.1298828125,2701,0.0,0.0
2017-05-29 00:00:00+05:30,6833.169668790163,6850.950743029017,6724.582416225973,6781.455078125,6460,0.0,0.0
2017-05-30 00:00:00+05:30,6743.766716655536,6804.756917714047,6722.456642493346,6766.25341796875,1011,0.0,0.0
2017-05-31 00:00:00+05:30,6720.646656063895,6767.158111807605,6698.024309705796,6742.59033203125,5324,0.0,0.0
2017-06-01 00:00:00+05:30,6831.586561308217,6850.046307109432,6750.553053560377,6840.544921875,966,0.0,0.0
2017-06-02 00:00:00+05:30,6840.092505262614,7007.497864896638,6794.847813469635,6982.43212890625,2502,0.0,0.0
2017-06-05 00:00:00+05:30,6976.731009880178,7029.576718006718,6904.38457578385,7000.6201171875,2563,0.0,0.0
2017-06-06 00:00:00+05:30,7043.6925282979,7103.4155122223165,6967.636389900901,7059.935546875,3993,0.0,0.0
2017-06-07 00:00:00+05:30,7026.500217534383,7191.190885865518,7026.500217534383,7149.61083984375,5626,0.0,0.0
2017-06-08 00:00:00+05:30,7149.566647290475,7221.053264824452,7099.480681953506,7161.78271484375,2446,0.0,0.0
2017-06-09 00:00:00+05:30,7188.4763309058535,7369.364512747298,7117.12536656905,7275.88916015625,5558,0.0,0.0
2017-06-12 00:00:00+05:30,7308.8271068934455,7365.835415390943,7261.772630038368,7292.04150390625,2008,0.0,0.0
2017-06-13 00:00:00+05:30,7278.059119506809,7329.638053960606,7239.148695269734,7258.46826171875,693,0.0,0.0
2017-06-14 00:00:00+05:30,7258.424532789831,7302.493038021531,7213.406065795833,7252.63330078125,9536,0.0,0.0
2017-06-15 00:00:00+05:30,7216.527660181515,7279.689067228865,7144.271805836121,7170.15185546875,1415,0.0,0.0
2017-06-16 00:00:00+05:30,7118.075993012621,7184.856980654933,7077.219683281975,7140.833984375,1010,0.0,0.0
2017-06-19 00:00:00+05:30,7137.846659216362,7252.72309254716,7094.366693146567,7179.9697265625,1340,0.0,0.0
2017-06-20 00:00:00+05:30,7168.568006856906,7208.383330298172,7166.758219427758,7193.814453125,6366,0.0,0.0
2017-06-21 00:00:00+05:30,7216.52822272555,7248.199506461649,7171.3285996279565,7240.6435546875,12767,0.0,0.0
2017-06-22 00:00:00+05:30,7266.206817358302,7266.252327155042,7204.8096831294715,7239.60302734375,4465,0.0,0.0
2017-06-23 00:00:00+05:30,7239.150799934381,7390.223004927592,7212.5920770685825,7285.6171875,8986,0.0,0.0
2017-06-27 00:00:00+05:30,7284.394846751528,7288.331223018616,7221.052282866733,7254.30712890625,2014,0.0,0.0
2017-06-28 00:00:00+05:30,7239.15011753077,7252.768591952312,7208.5648850212665,7241.5029296875,2093,0.0,0.0
2017-06-29 00:00:00+05:30,7279.418001372605,7285.299810933041,7231.911077999858,7248.56103515625,2099,0.0,0.0
2017-06-30 00:00:00+05:30,7279.916208359121,7287.110291319474,7248.923593497865,7260.09912109375,2526,0.0,0.0
2017-07-03 00:00:00+05:30,7284.394372626572,7284.394372626572,7240.959474504078,7265.21044921875,619,0.0,0.0
2017-07-04 00:00:00+05:30,7293.262587003282,7336.878643192972,7239.150116618621,7249.64697265625,1016,0.0,0.0
2017-07-05 00:00:00+05:30,7293.399293997374,7314.890522731415,7225.57732384487,7283.21923828125,20279,0.0,0.0
2017-07-06 00:00:00+05:30,7246.525833147843,7284.305152619045,7239.060458641557,7274.2607421875,1726,0.0,0.0
2017-07-07 00:00:00+05:30,7229.241810334406,7284.395265510345,7229.196742380391,7256.072265625,3507,0.0,0.0
2017-07-10 00:00:00+05:30,7231.005965976822,7327.829597357065,7231.005965976822,7266.65869140625,181,0.0,0.0
2017-07-11 00:00:00+05:30,7252.904323630594,7374.793242648498,7231.910612582739,7258.7861328125,5500,0.0,0.0
2017-07-12 00:00:00+05:30,7239.149997280949,7348.144626164571,7231.63955589583,7255.57373046875,3655,0.0,0.0
2017-07-13 00:00:00+05:30,7253.899222812431,7302.4471235073,7234.625163653819,7249.46533203125,4990,0.0,0.0
2017-07-14 00:00:00+05:30,7249.420957481812,7265.2565988168535,7221.957342569363,7248.69677734375,2087,0.0,0.0
2017-07-17 00:00:00+05:30,7248.696406823746,7294.3484729617385,7189.199643134721,7279.3271484375,2119,0.0,0.0
2017-07-18 00:00:00+05:30,7284.395066143865,7300.049552095526,7225.576969336492,7244.353515625,842,0.0,0.0
2017-07-19 00:00:00+05:30,7263.5374920195345,7411.0802499284755,7251.230847924622,7372.8935546875,5371,0.0,0.0
2017-07-20 00:00:00+05:30,7433.15878024042,7433.15878024042,7221.096422347092,7254.8037109375,3049,0.0,0.0
2017-07-21 00:00:00+05:30,7257.97276535784,7391.9876393742325,7257.249026980018,7308.873046875,1110,0.0,0.0
2017-07-24 00:00:00+05:30,7309.822084727179,7496.139614245312,7270.051828795762,7446.41552734375,2865,0.0,0.0
2017-07-25 00:00:00+05:30,7446.4162613745,7589.34441599477,7298.421054871327,7345.83740234375,4009,0.0,0.0
2017-07-26 00:00:00+05:30,7309.731230911045,7338.73289695076,7230.100586157371,7274.80224609375,3202,0.0,0.0
2017-07-27 00:00:00+05:30,7328.598598132205,7328.598598132205,7203.044594387264,7258.60498046875,2879,0.0,0.0
2017-07-28 00:00:00+05:30,7283.445174817209,7311.406305047456,7171.9170132541,7210.375,1748,0.0,0.0
2017-07-31 00:00:00+05:30,7265.392288447893,7302.402356337612,7181.282233368411,7277.11083984375,1606,0.0,0.0
2017-08-01 00:00:00+05:30,7257.383869498137,7392.982292821294,7212.274825524078,7347.28515625,2508,0.0,0.0
2017-08-02 00:00:00+05:30,7297.969548444479,7347.7387146149,7221.053564362919,7252.8154296875,786,0.0,0.0
2017-08-03 00:00:00+05:30,7216.573045640208,7309.32465914654,7216.573045640208,7252.859375,838,0.0,0.0
2017-08-04 00:00:00+05:30,7255.890594762638,7545.909044051336,7223.902512065385,7415.83056640625,1514,0.0,0.0
2017-08-07 00:00:00+05:30,7403.7503199447365,7451.076529678696,7250.461402193876,7328.9609375,1126,0.0,0.0
2017-08-08 00:00:00+05:30,7328.735044599542,7339.910571639619,7253.900148985028,7317.92138671875,463,0.0,0.0
2017-08-09 00:00:00+05:30,7294.6198420174505,7358.596007159104,7261.817443436595,7333.5302734375,3895,0.0,0.0
2017-08-10 00:00:00+05:30,7284.48619908261,7343.21372261769,7195.30864348235,7255.0771484375,1989,0.0,0.0
2017-08-11 00:00:00+05:30,7184.901442551429,7274.440855846016,7131.467643353956,7198.74658203125,5110,0.0,0.0
2017-08-14 00:00:00+05:30,7361.3100481979245,7438.271078541301,7104.772691263184,7358.18798828125,4962,0.0,0.0
2017-08-16 00:00:00+05:30,7358.143965107041,7442.751535756676,7330.680349795014,7412.75439453125,1630,0.0,0.0
2017-08-17 00:00:00+05:30,7410.129782945316,7501.387963323047,7383.932932385639,7418.63525390625,1317,0.0,0.0
2017-08-18 00:00:00+05:30,7456.324878609868,7463.564028977451,7347.8732687969905,7446.0546875,1114,0.0,0.0
2017-08-21 00:00:00+05:30,7473.744290455695,7473.744290455695,7345.928038250365,7401.26220703125,861,0.0,0.0
2017-08-22 00:00:00+05:30,7383.933357060745,7464.4238367525395,7309.777133925254,7343.12255859375,20576,0.0,0.0
2017-08-23 00:00:00+05:30,7347.782194868645,7442.750969077396,7284.439633429689,7346.244140625,2418,0.0,0.0
2017-08-24 00:00:00+05:30,7349.547423345092,7420.129139550573,7270.821662962056,7380.72119140625,3122,0.0,0.0
2017-08-28 00:00:00+05:30,7312.447469196132,7529.893292563962,7309.732787546882,7479.400390625,3167,0.0,0.0
2017-08-29 00:00:00+05:30,7462.6576710030895,7510.617032778664,7447.319547434055,7462.16015625,790,0.0,0.0
2017-08-30 00:00:00+05:30,7465.237588484861,7519.667302760563,7465.237588484861,7506.048828125,9065,0.0,0.0
2017-08-31 00:00:00+05:30,7515.188405288715,7551.339090915196,7438.227360973387,7500.84619140625,2015,0.0,0.0
2017-09-01 00:00:00+05:30,7533.195571303681,7546.814045812357,7455.148483599686,7523.92041015625,1620,0.0,0.0
2017-09-04 00:00:00+05:30,7524.192044811883,7626.445045541136,7524.192044811883,7600.203125,2364,0.0,0.0
2017-09-05 00:00:00+05:30,7552.153834602857,7640.923566619628,7511.523747810224,7574.142578125,8034,0.0,0.0
2017-09-06 00:00:00+05:30,7524.192521715542,7617.396590234688,7439.132498018457,7596.900390625,853,0.0,0.0
2017-09-07 00:00:00+05:30,7596.582645747586,7627.303963738137,7546.813492023212,7574.00537109375,462,0.0,0.0
2017-09-08 00:00:00+05:30,7640.923117857805,7640.923117857805,7492.5205371698985,7522.47216796875,1865,0.0,0.0
2017-09-11 00:00:00+05:30,7559.4827206014725,7614.636173831318,7511.523349738188,7534.779296875,2404,0.0,0.0
2017-09-12 00:00:00+05:30,7564.641073472923,7578.304616734387,7384.838493996347,7536.0458984375,1854,0.0,0.0
2017-09-13 00:00:00+05:30,7535.727601130632,7592.012159218005,7516.136301414854,7555.27294921875,448,0.0,0.0
2017-09-14 00:00:00+05:30,7524.1922502572725,7610.157164722027,7524.1922502572725,7595.271484375,447,0.0,0.0
2017-09-15 00:00:00+05:30,7596.22034247412,7654.49585054988,7438.407410534205,7634.1357421875,2476,0.0,0.0
2017-09-18 00:00:00+05:30,7634.136845035226,7691.597603603321,7578.485874138566,7595.6337890625,901,0.0,0.0
2017-09-19 00:00:00+05:30,7628.254870721541,7634.407971934753,7492.520798288773,7601.06298828125,2542,0.0,0.0
2017-09-20 00:00:00+05:30,7654.49690417654,7654.49690417654,7519.667723573359,7616.083984375,1357,0.0,0.0
2017-09-21 00:00:00+05:30,7579.389217809213,7648.161135258294,7510.888591718285,7599.11572265625,2802,0.0,0.0
2017-09-22 00:00:00+05:30,7584.593313197903,7609.794251073739,7524.191654396821,7544.189453125,501,0.0,0.0
2017-09-25 00:00:00+05:30,7632.778941857291,7632.778941857291,7357.736304020343,7537.08642578125,2263,0.0,0.0
2017-09-26 00:00:00+05:30,7476.277320325396,7554.958009570805,7474.422464852659,7538.669921875,1164,0.0,0.0
2017-09-27 00:00:00+05:30,7551.293570182797,7646.352485589059,7510.618417797537,7594.23095703125,4418,0.0,0.0
2017-09-28 00:00:00+05:30,7585.4977837551005,7628.2540117569415,7470.8025054644495,7570.703125,5205,0.0,0.0
2017-09-29 00:00:00+05:30,7583.101603254606,8022.608781147206,7543.196132658486,7662.95849609375,3145,0.0,0.0
2017-10-03 00:00:00+05:30,7655.401496822946,7690.692354787023,7590.249143658495,7624.68017578125,1577,0.0,0.0
2017-10-04 00:00:00+05:30,7629.205841396214,7844.344374652594,7602.466402327944,7686.1240234375,2491,0.0,0.0
2017-10-05 00:00:00+05:30,7771.227449738311,7829.955407018672,7621.015088693067,7742.31591796875,1220,0.0,0.0
2017-10-06 00:00:00+05:30,7736.84062507421,7826.425095469806,7656.395226972168,7814.525390625,1693,0.0,0.0
2017-10-09 00:00:00+05:30,7827.33149251792,7845.384300847564,7728.743134727688,7767.06591796875,1457,0.0,0.0
2017-10-10 00:00:00+05:30,7769.4185590288,7848.1443236031655,7714.220034442175,7817.19677734375,3604,0.0,0.0
2017-10-11 00:00:00+05:30,7864.432479664948,7864.432479664948,7809.233954609194,7823.75732421875,7997,0.0,0.0
2017-10-12 00:00:00+05:30,7818.237548499196,7863.482239566633,7741.366641638546,7778.2861328125,19733,0.0,0.0
2017-10-13 00:00:00+05:30,7759.418587171833,7865.381288393309,7754.939186517245,7845.8359375,2300,0.0,0.0
2017-10-16 00:00:00+05:30,7845.836522157705,7908.771708386113,7831.855736393799,7858.09765625,888,0.0,0.0
2017-10-17 00:00:00+05:30,7858.098359329088,7881.625599925882,7827.377035735807,7840.36279296875,897,0.0,0.0
2017-10-18 00:00:00+05:30,7840.904212421375,7872.575493140907,7782.086119656529,7787.37939453125,960,0.0,0.0
2017-10-19 00:00:00+05:30,7845.429562699681,7909.677025093184,7805.342942478558,7859.681640625,255,0.0,0.0
2017-10-23 00:00:00+05:30,7915.106104109683,7915.106104109683,7782.131782866048,7794.619140625,1522,0.0,0.0
2017-10-24 00:00:00+05:30,7800.274792352224,7827.331470794781,7748.605709181007,7809.32373046875,2304,0.0,0.0
2017-10-25 00:00:00+05:30,7853.528875972137,7886.150123440449,7782.087327778297,7824.2099609375,2604,0.0,0.0
2017-10-26 00:00:00+05:30,7847.82823091938,7872.531657008911,7754.9855889861155,7783.48974609375,42533,0.0,0.0
2017-10-27 00:00:00+05:30,7762.676710145981,7827.33155038304,7759.464513819025,7802.71826171875,380,0.0,0.0
2017-10-30 00:00:00+05:30,7844.524717377174,7899.723241746768,7795.660449902452,7819.64013671875,1205,0.0,0.0
2017-10-31 00:00:00+05:30,7800.230830122732,7870.767489477068,7800.230830122732,7850.18115234375,6705,0.0,0.0
2017-11-01 00:00:00+05:30,7870.721549742785,7907.867265125331,7817.422949110387,7889.63330078125,770,0.0,0.0
2017-11-02 00:00:00+05:30,7881.625792841675,8021.884345986389,7881.625792841675,7952.388671875,996,0.0,0.0
2017-11-03 00:00:00+05:30,8008.266959266605,8008.312027230212,7890.675805361294,7987.18310546875,2017,0.0,0.0
2017-11-06 00:00:00+05:30,7994.8731083919565,8021.883835854096,7935.918921651486,8006.09326171875,3168,0.0,0.0
2017-11-07 00:00:00+05:30,7981.222505250699,8041.899462098818,7946.639990402344,8015.3955078125,1399,27.0,0.0
2017-11-08 00:00:00+05:30,7976.549080173181,8041.900870543285,7976.549080173181,8028.73974609375,1899,0.0,0.0
2017-11-09 00:00:00+05:30,8029.192013025703,8072.75986478076,7960.209581080197,8009.67724609375,3086,0.0,0.0
2017-11-10 00:00:00+05:30,7960.2115432328355,8032.8246473900335,7951.089699301174,7988.34912109375,1807,0.0,0.0
2017-11-13 00:00:00+05:30,8032.824254098484,8113.606328518232,7887.598052894444,7922.1796875,1451,0.0,0.0
2017-11-14 00:00:00+05:30,8040.9925693498235,8040.9925693498235,7919.410841708919,8015.94140625,1460,0.0,0.0
2017-11-15 00:00:00+05:30,7942.058227275688,8232.692352482194,7898.898990987264,8095.408203125,3300,0.0,0.0
2017-11-16 00:00:00+05:30,8078.20704138809,8123.545021106309,7996.5173072616935,8043.7158203125,2666,0.0,0.0
2017-11-17 00:00:00+05:30,8043.715535162749,8363.167944736064,8039.58584269527,8262.3720703125,4823,0.0,0.0
2017-11-20 00:00:00+05:30,8262.373086333253,8262.373086333253,7998.333334697696,8229.197265625,2147,0.0,0.0
2017-11-21 00:00:00+05:30,8228.834238915195,8713.571880687226,8101.4891938119745,8328.0869140625,2369,0.0,0.0
2017-11-22 00:00:00+05:30,8270.630841644357,8516.199054863111,8270.630841644357,8381.275390625,11274,0.0,0.0
2017-11-23 00:00:00+05:30,8442.36200142308,8442.36200142308,8273.945174823144,8341.611328125,585,0.0,0.0
2017-11-24 00:00:00+05:30,8308.526228248928,8382.273900628577,8274.261925081766,8325.544921875,472,0.0,0.0
2017-11-27 00:00:00+05:30,8434.91979542179,8434.91979542179,8256.110024659056,8298.8154296875,782,0.0,0.0
2017-11-28 00:00:00+05:30,8300.630683741607,8468.503281372297,8300.630683741607,8407.462890625,2311,0.0,0.0
2017-11-29 00:00:00+05:30,8407.463246600035,8495.733555172743,8325.092752996197,8478.2158203125,936,0.0,0.0
2017-11-30 00:00:00+05:30,8464.645648735032,8568.301031555357,8451.348019562452,8532.2666015625,6705,0.0,0.0
2017-12-01 00:00:00+05:30,8532.946813107152,8672.727028958498,8385.995699159232,8632.6533203125,3998,0.0,0.0
2017-12-04 00:00:00+05:30,8672.727225068324,8985.871222205798,8601.657329952592,8952.6962890625,3432,0.0,0.0
2017-12-05 00:00:00+05:30,8952.697158015455,8952.697158015455,8663.696634282478,8896.5576171875,2849,0.0,0.0
2017-12-06 00:00:00+05:30,8822.491324687355,8985.870793663045,8682.257280483218,8773.16015625,3405,0.0,0.0
2017-12-07 00:00:00+05:30,8848.811956324924,8895.102797413503,8641.864666752446,8728.2744140625,2557,0.0,0.0
2017-12-08 00:00:00+05:30,8912.349189274442,8912.349189274442,8737.760444476547,8823.443359375,1808,0.0,0.0
2017-12-11 00:00:00+05:30,8783.46286502176,8790.04342777586,8682.712180096947,8706.9921875,1723,0.0,0.0
2017-12-12 00:00:00+05:30,8736.263704142868,8789.815866069563,8621.898070197725,8680.4423828125,26491,0.0,0.0
2017-12-13 00:00:00+05:30,8624.620540432685,8845.00111112526,8518.741214497737,8600.3857421875,8029,0.0,0.0
2017-12-14 00:00:00+05:30,8657.115055323413,8659.112092832538,8397.205897533377,8469.546875,7080,0.0,0.0
2017-12-15 00:00:00+05:30,8577.422388545057,8577.422388545057,8470.318066656346,8531.67578125,3471,0.0,0.0
2017-12-18 00:00:00+05:30,8513.88321962864,8632.333300669316,8405.280932532243,8538.98046875,6053,0.0,0.0
2017-12-19 00:00:00+05:30,8606.874199116977,8609.233769733919,8532.037163948777,8553.185546875,9671,0.0,0.0
2017-12-20 00:00:00+05:30,8554.640135728907,8757.139556786262,8477.715635579898,8574.880859375,12599,0.0,0.0
2017-12-21 00:00:00+05:30,8559.313573627667,8622.804824322713,8523.460858831799,8550.962890625,1415,0.0,0.0
2017-12-22 00:00:00+05:30,8599.749197919456,8622.713796132783,8477.623237705095,8526.41015625,1871,0.0,0.0
2017-12-26 00:00:00+05:30,8595.57611952461,8611.596740026884,8526.366755309853,8571.4326171875,5322,0.0,0.0
2017-12-27 00:00:00+05:30,8571.433326436023,8577.468759324496,8504.81044396234,8529.81640625,10228,0.0,0.0
2017-12-28 00:00:00+05:30,8575.606212118037,8622.804722176264,8495.731810481035,8539.6630859375,17728,0.0,0.0
2017-12-29 00:00:00+05:30,8539.663657151765,8577.422113167879,8500.452407356357,8528.2265625,17547,0.0,0.0
2018-01-01 00:00:00+05:30,8613.501320394955,8668.188056563326,8504.853801716827,8600.11328125,2646,0.0,0.0
2018-01-02 00:00:00+05:30,8618.267399480761,8618.267399480761,8442.180630075889,8521.828125,18668,0.0,0.0
2018-01-03 00:00:00+05:30,8575.604922542925,8577.465455477766,8468.63713144682,8543.7001953125,6981,0.0,0.0
2018-01-04 00:00:00+05:30,8556.500649804062,8600.113714105175,8423.57312124043,8450.2587890625,28471,0.0,0.0
2018-01-05 00:00:00+05:30,8450.259660635287,8522.826673144116,8418.264511327638,8465.099609375,5368,0.0,0.0
2018-01-08 00:00:00+05:30,8486.655375036964,8531.130895184217,8383.453837743747,8440.818359375,3432,0.0,0.0
2018-01-09 00:00:00+05:30,8440.36474576784,8477.533751558563,8409.504179969786,8436.779296875,27572,0.0,0.0
2018-01-10 00:00:00+05:30,8432.19705057171,8475.58320472713,8383.183203345568,8439.2314453125,8988,0.0,0.0
2018-01-11 00:00:00+05:30,8439.229939270255,8512.79590289487,8383.90766096791,8434.828125,4184,0.0,0.0
2018-01-12 00:00:00+05:30,8434.829477116047,8441.273535689264,8376.012152400175,8440.09375,3255,0.0,0.0
2018-01-15 00:00:00+05:30,8377.73650434348,8454.887923939277,8377.73650434348,8440.18359375,20816,0.0,0.0
2018-01-16 00:00:00+05:30,8513.884797437475,8576.059755713006,8387.719553637497,8508.7109375,12409,0.0,0.0
2018-01-17 00:00:00+05:30,8532.040201759912,8532.675743733884,8412.318985223706,8449.533203125,1918,0.0,0.0
2018-01-18 00:00:00+05:30,8449.486901093816,8554.730688271633,8383.18224263945,8526.865234375,3360,0.0,0.0
2018-01-19 00:00:00+05:30,8554.051295068743,8577.333228076122,8450.350697094198,8546.47265625,8893,0.0,0.0
2018-01-22 00:00:00+05:30,8514.840008208128,8549.195617674535,8379.053847209168,8419.853515625,5979,0.0,0.0
2018-01-23 00:00:00+05:30,8441.318566317814,8480.30290390014,8419.48942915313,8428.2939453125,19748,0.0,0.0
2018-01-24 00:00:00+05:30,8418.626009491603,8563.806995344696,8379.551264549256,8499.2724609375,1306,0.0,0.0
2018-01-25 00:00:00+05:30,8452.389842217191,8552.913579769936,8409.911365612892,8442.859375,3354,0.0,0.0
2018-01-29 00:00:00+05:30,8531.131868414881,8531.131868414881,8360.763199626906,8397.841796875,3355,0.0,0.0
2018-01-30 00:00:00+05:30,8397.843259741156,8588.31618260186,8397.843259741156,8450.8955078125,11367,0.0,0.0
2018-01-31 00:00:00+05:30,8453.07129115701,8500.042883481436,8373.24209851793,8415.5849609375,3676,0.0,0.0
2018-02-01 00:00:00+05:30,8424.66238369496,8436.734133687258,8332.352807665307,8404.28515625,2157,0.0,0.0
2018-02-02 00:00:00+05:30,8418.536682558675,8441.136979729577,8305.123911537785,8374.787109375,2337,0.0,0.0
2018-02-05 00:00:00+05:30,8374.786499051694,8510.073603609979,8169.881407642375,8397.88671875,3457,0.0,0.0
2018-02-06 00:00:00+05:30,8057.376473134211,8295.002670279835,8037.407870241463,8182.5888671875,50426,0.0,0.0
2018-02-07 00:00:00+05:30,8305.122149156408,8375.375668121767,8178.049241956201,8249.6181640625,7261,0.0,0.0
2018-02-08 00:00:00+05:30,8268.81595599427,8512.887069119748,8243.21966346275,8417.35546875,6789,0.0,0.0
2018-02-09 00:00:00+05:30,8341.429958126342,8513.886072603384,8341.429958126342,8450.349609375,58488,0.0,0.0
2018-02-12 00:00:00+05:30,8566.52879208742,8566.52879208742,8314.198319084633,8481.298828125,1700,0.0,0.0
2018-02-14 00:00:00+05:30,8577.422027010929,8577.422027010929,8375.920684154164,8437.7783203125,2491,0.0,0.0
2018-02-15 00:00:00+05:30,8437.777818251005,8522.099239739151,8364.257062394086,8441.8623046875,1925,0.0,0.0
2018-02-16 00:00:00+05:30,8441.271645743569,8532.94567114358,8405.14681103231,8491.056640625,1138,0.0,0.0
2018-02-19 00:00:00+05:30,8559.267997097872,8559.267997097872,8373.1969536827,8494.5517578125,1977,0.0,0.0
2018-02-20 00:00:00+05:30,8420.260800052985,8508.440695204335,8405.330439244706,8445.0859375,4900,0.0,0.0
2018-02-21 00:00:00+05:30,8478.214406646439,8532.03868618655,8437.641662424487,8526.7744140625,936,0.0,0.0
2018-02-22 00:00:00+05:30,8530.175955946353,8568.343027003662,8450.528487660382,8538.98046875,2793,0.0,0.0
2018-02-23 00:00:00+05:30,8575.60677738074,8575.60677738074,8464.054552276328,8491.2392578125,3176,0.0,0.0
2018-02-26 00:00:00+05:30,8550.193657571062,8550.193657571062,8441.273993143404,8478.669921875,737,0.0,0.0
2018-02-27 00:00:00+05:30,8446.081929790185,8522.961214079149,8406.780273141756,8505.5791015625,633,0.0,0.0
2018-02-28 00:00:00+05:30,8442.179865392356,8532.038569475128,8442.179865392356,8525.4580078125,704,0.0,0.0
2018-03-01 00:00:00+05:30,8524.823458365338,8595.57602754917,8486.656373556994,8544.6103515625,4290,0.0,0.0
2018-03-05 00:00:00+05:30,8593.761176157055,8593.761176157055,8374.106528435255,8441.41015625,4394,0.0,0.0
2018-03-06 00:00:00+05:30,8441.408472830522,8498.409572932684,8419.488041065297,8458.517578125,777,0.0,0.0
2018-03-07 00:00:00+05:30,8407.916668735346,8475.76453757058,8350.506933567072,8426.7958984375,1890,0.0,0.0
2018-03-08 00:00:00+05:30,8476.670732900644,8476.670732900644,8319.009381374291,8433.375,602,0.0,0.0
2018-03-09 00:00:00+05:30,8441.272022820074,8649.944252434936,8342.291478153129,8534.4892578125,3662,0.0,0.0
2018-03-12 00:00:00+05:30,8534.486681471091,8574.650786229358,8486.562232054488,8534.259765625,1262,0.0,0.0
2018-03-13 00:00:00+05:30,8496.641171432078,8582.86923587883,8457.067382726385,8564.3525390625,1100,0.0,0.0
2018-03-14 00:00:00+05:30,8466.684356567886,8609.187513083878,8464.097870384607,8574.197265625,2201,0.0,0.0
2018-03-15 00:00:00+05:30,8573.290667058905,8694.508954217212,8497.545968199347,8576.5126953125,2022,0.0,0.0
2018-03-16 00:00:00+05:30,8532.08542651255,8758.048520058506,8370.476054718576,8557.0009765625,28155,0.0,0.0
2018-03-19 00:00:00+05:30,8622.7575599219,8622.7575599219,8368.65700008701,8445.1728515625,5078,0.0,0.0
2018-03-20 00:00:00+05:30,8486.654085140655,8486.654085140655,8318.736330514877,8384.224609375,2755,0.0,0.0
2018-03-21 00:00:00+05:30,8333.85071606648,8431.242853218833,8318.737760995284,8351.3232421875,1064,0.0,0.0
2018-03-22 00:00:00+05:30,8388.672654435828,8567.5275992886,8315.151898827622,8459.515625,2856,0.0,0.0
2018-03-23 00:00:00+05:30,8373.334984576186,8432.196626925954,8327.543168995797,8398.4765625,3333,0.0,0.0
2018-03-26 00:00:00+05:30,8350.68816709201,8441.27283159818,8340.43174404782,8392.89453125,3748,0.0,0.0
2018-03-27 00:00:00+05:30,8418.579346698169,8521.916486333104,8373.10575782895,8434.373046875,6710,0.0,0.0
2018-03-28 00:00:00+05:30,8428.566846409558,8713.57330664783,8422.939153037578,8673.4091796875,11574,0.0,0.0
2018-04-02 00:00:00+05:30,8681.803521458327,8738.3960001027,8488.471148215189,8524.55078125,6453,0.0,0.0
2018-04-03 00:00:00+05:30,8569.569273844701,8750.7846639953,8494.778325924328,8596.572265625,8993,0.0,0.0
2018-04-04 00:00:00+05:30,8600.113068756677,8758.954207229755,8568.34484106206,8723.283203125,3561,0.0,0.0
2018-04-05 00:00:00+05:30,8757.137959886657,8828.843380578099,8749.876651462206,8812.9140625,3148,0.0,0.0
2018-04-06 00:00:00+05:30,8804.292581647926,8804.337787554334,8714.479082299913,8771.525390625,2028,0.0,0.0
2018-04-09 00:00:00+05:30,8771.525443158042,8938.762478938692,8686.341559950188,8711.7109375,5969,0.0,0.0
2018-04-10 00:00:00+05:30,8687.293182012747,8795.214734391393,8631.880498676255,8708.2607421875,2299,0.0,0.0
2018-04-11 00:00:00+05:30,8708.125413995087,8894.196469849683,8645.496619585492,8837.5126953125,2376,0.0,0.0
2018-04-12 00:00:00+05:30,8922.333302379791,8922.333302379791,8714.932167121015,8829.4794921875,1824,0.0,0.0
2018-04-13 00:00:00+05:30,8740.891260863938,8876.995600895469,8740.891260863938,8801.931640625,631,0.0,0.0
2018-04-16 00:00:00+05:30,8886.029278080652,8895.105916771234,8795.35330300553,8890.7041015625,2289,0.0,0.0
2018-04-17 00:00:00+05:30,8895.0599461079,8895.105152019367,8860.387012012761,8893.1533203125,1911,0.0,0.0
2018-04-18 00:00:00+05:30,8892.38113910699,8895.104130167247,8847.588290721918,8889.3408203125,3038,0.0,0.0
2018-04-19 00:00:00+05:30,8856.75610256877,8895.10489663846,8840.645070740675,8892.2001953125,587,0.0,0.0
2018-04-20 00:00:00+05:30,8931.410535979798,8950.42626719371,8827.029213658896,8851.5361328125,1123,0.0,0.0
2018-04-23 00:00:00+05:30,8888.158187851748,8889.610981264284,8829.386977098364,8858.341796875,1020,0.0,0.0
2018-04-24 00:00:00+05:30,8913.210346210351,8913.210346210351,8719.015563497156,8759.6787109375,1551,0.0,0.0
2018-04-25 00:00:00+05:30,8784.324768243636,8876.769968747156,8697.234252153808,8832.3857421875,3497,0.0,0.0
2018-04-26 00:00:00+05:30,8863.3347815236,8863.3347815236,8663.648795662342,8694.4189453125,1306,0.0,0.0
2018-04-27 00:00:00+05:30,8748.064830292944,8797.98634571794,8373.653464605473,8615.5458984375,6958,0.0,0.0
2018-04-30 00:00:00+05:30,8616.496337588798,8708.987619177316,8559.40482516058,8656.1162109375,3434,0.0,0.0
2018-05-02 00:00:00+05:30,8655.934041721224,8826.120969086896,8591.036093419116,8790.8125,1897,0.0,0.0
2018-05-03 00:00:00+05:30,8790.678208479696,8870.597824349472,8668.188808199884,8705.947265625,1797,0.0,0.0
2018-05-04 00:00:00+05:30,8783.463013156947,8892.836506293808,8775.520954526675,8858.75390625,2692,0.0,0.0
2018-05-07 00:00:00+05:30,8880.26516805628,8880.26516805628,8784.370134362338,8844.6845703125,686,0.0,0.0
2018-05-08 00:00:00+05:30,8840.597845377162,8895.102864734565,8673.67816257367,8837.556640625,3412,0.0,0.0
2018-05-09 00:00:00+05:30,8804.337627284045,8895.058788670049,8659.111439617503,8690.7431640625,2109,0.0,0.0
2018-05-10 00:00:00+05:30,8689.971217995388,8841.823159452524,8689.926012093894,8805.017578125,1143,0.0,0.0
2018-05-11 00:00:00+05:30,8804.292347339018,8893.016470620423,8296.045900685793,8350.869140625,13176,0.0,0.0
2018-05-14 00:00:00+05:30,8352.32273387778,8382.230434963882,7987.441866781619,8093.41162109375,20837,0.0,0.0
2018-05-15 00:00:00+05:30,8034.639669171707,8348.600920877267,8034.639669171707,8288.0595703125,8424,0.0,0.0
2018-05-16 00:00:00+05:30,8338.704564518206,8666.234583545083,8006.499723915869,8528.9052734375,7029,0.0,0.0
2018-05-17 00:00:00+05:30,8522.962617628405,8686.115176789077,8305.123317497328,8356.224609375,1826,0.0,0.0
2018-05-18 00:00:00+05:30,8310.159743337052,8502.040193268978,8310.159743337052,8432.6943359375,865,0.0,0.0
2018-05-21 00:00:00+05:30,8443.995232801493,8478.57686452611,8264.731655624422,8414.314453125,9308,0.0,0.0
2018-05-22 00:00:00+05:30,8491.195411762908,8491.195411762908,8338.34446315638,8358.22265625,993,0.0,0.0
2018-05-23 00:00:00+05:30,8350.505610294713,8463.50973512968,8314.244270067606,8400.2001953125,1198,0.0,0.0
2018-05-24 00:00:00+05:30,8395.889080535157,8459.380332535753,8323.321191690737,8419.8056640625,10761,0.0,0.0
2018-05-25 00:00:00+05:30,8483.932138255866,8572.883175973751,8395.888764188163,8476.8525390625,1822,0.0,0.0
2018-05-28 00:00:00+05:30,8476.670835550825,8611.912719531665,8443.087280468333,8527.5,53903,0.0,0.0
2018-05-29 00:00:00+05:30,8535.397672532517,8535.397672532517,8353.86492488522,8388.900390625,3659,0.0,0.0
2018-05-30 00:00:00+05:30,8388.628812027395,8418.581717328942,8357.450915156045,8392.8037109375,4134,0.0,0.0
2018-05-31 00:00:00+05:30,8395.933343903016,8480.39126297536,8360.489258284953,8442.6328125,869,0.0,0.0
2018-06-01 00:00:00+05:30,8423.117693915816,8520.010777302186,8364.119563516622,8480.345703125,2387,0.0,0.0
2018-06-04 00:00:00+05:30,8550.191708572986,8550.191708572986,8350.505702640283,8372.19921875,2259,0.0,0.0
2018-06-05 00:00:00+05:30,8387.719978327981,8522.05420154977,8350.505767840865,8449.9853515625,2399,0.0,0.0
2018-06-06 00:00:00+05:30,8441.27195005367,8531.085445552997,8361.39754880585,8456.021484375,385,0.0,0.0
2018-06-07 00:00:00+05:30,8389.038477543714,8531.133085296262,8388.993271626347,8497.5947265625,5607,0.0,0.0
2018-06-08 00:00:00+05:30,8518.333244028408,8542.022911573235,8441.272242868035,8533.4453125,9564,0.0,0.0
2018-06-11 00:00:00+05:30,8513.885452781104,8622.805096100265,8471.270465054416,8599.0693359375,2825,0.0,0.0
2018-06-12 00:00:00+05:30,8554.728037796414,8731.722410992203,8512.975518991254,8702.2685546875,2002,0.0,0.0
2018-06-13 00:00:00+05:30,8691.742867136458,8949.564578136231,8625.619031091557,8757.2763671875,2703,0.0,0.0
2018-06-14 00:00:00+05:30,8854.260369388188,8854.260369388188,8731.770962294733,8825.169921875,1156,0.0,0.0
2018-06-15 00:00:00+05:30,8805.24448853244,8867.873276256258,8751.782748513557,8839.5087890625,1059,0.0,0.0
2018-06-18 00:00:00+05:30,8885.118819300675,9394.272883767064,8745.92896332047,9072.4609375,10883,0.0,0.0
2018-06-19 00:00:00+05:30,9072.463024219334,9076.093679388576,8985.961955699779,9042.283203125,5439,0.0,0.0
2018-06-20 00:00:00+05:30,9139.26375641538,9139.26375641538,9014.233109633551,9032.1142578125,1374,0.0,0.0
2018-06-21 00:00:00+05:30,9031.253869129921,9073.00639958017,8986.551431636992,9026.26171875,1761,0.0,0.0
2018-06-22 00:00:00+05:30,9032.16181705464,9033.069480788643,8924.421954550522,9026.216796875,1198,0.0,0.0
2018-06-25 00:00:00+05:30,9078.453097399957,9099.329364270603,8658.15956274532,8985.3271484375,7098,0.0,0.0
2018-06-26 00:00:00+05:30,8985.8715493823,9058.621156936752,8922.335083881617,8980.2890625,1644,0.0,0.0
2018-06-27 00:00:00+05:30,8932.363340130758,9065.926403095706,8926.872152231288,9018.5009765625,5463,0.0,0.0
2018-06-28 00:00:00+05:30,9017.64075964684,9115.078123817164,8827.031342482689,8913.486328125,13018,0.0,0.0
2018-06-29 00:00:00+05:30,8891.337723819557,9075.729971945137,8886.073451268925,9008.3359375,6706,0.0,0.0
2018-07-02 00:00:00+05:30,8985.871408133313,9013.101321491291,8932.409657017648,8997.3076171875,4207,0.0,0.0
2018-07-03 00:00:00+05:30,8998.62174935262,8998.62174935262,8895.102897502076,8935.357421875,5708,0.0,0.0
2018-07-04 00:00:00+05:30,8998.53379690308,9015.280371457944,8895.105328584967,8965.7666015625,3979,0.0,0.0
2018-07-05 00:00:00+05:30,9030.163657235153,9035.746143061584,8967.716577375206,9025.8974609375,739,0.0,0.0
2018-07-06 00:00:00+05:30,9035.836789587549,9049.769958368932,8914.164655284212,9035.701171875,722,0.0,0.0
2018-07-09 00:00:00+05:30,9072.009137451116,9303.553814912928,9040.331316734902,9119.4345703125,5362,0.0,0.0
2018-07-10 00:00:00+05:30,9122.02067761605,9258.17023996853,9076.637490165225,9229.125,1991,0.0,0.0
2018-07-11 00:00:00+05:30,9181.018233368684,9450.594349563495,9168.628269431885,9366.6806640625,4370,0.0,0.0
2018-07-12 00:00:00+05:30,9458.76284643342,9508.593935109979,9050.813243828667,9232.7998046875,5760,0.0,0.0
2018-07-13 00:00:00+05:30,9077.090398441216,9384.334546221062,9077.090398441216,9217.4609375,2812,0.0,0.0
2018-07-16 00:00:00+05:30,9168.355134228295,9258.168623793039,9096.15067287666,9171.078125,2721,0.0,0.0
2018-07-17 00:00:00+05:30,9122.791025286284,10290.18300673807,9077.544345981076,9487.3544921875,8435,0.0,0.0
2018-07-18 00:00:00+05:30,9494.163849130797,9748.264520631088,9212.788056278929,9433.2138671875,3552,0.0,0.0
2018-07-19 00:00:00+05:30,9432.439982530479,9485.039264599482,9276.912181677926,9382.7001953125,3839,0.0,0.0
2018-07-20 00:00:00+05:30,9483.54243017218,9600.35892527983,9308.590252536964,9465.9794921875,1356,0.0,0.0
2018-07-23 00:00:00+05:30,9570.134571419194,9984.301368167937,9351.659726930387,9555.8388671875,5347,0.0,0.0
2018-07-24 00:00:00+05:30,9620.32590196858,9721.076555343285,9407.070175047415,9561.5546875,2094,0.0,0.0
2018-07-25 00:00:00+05:30,9646.51347042956,9691.125496631239,9553.070199970967,9585.74609375,1788,0.0,0.0
2018-07-26 00:00:00+05:30,9693.847391339912,9711.955457705717,9530.46794092407,9590.4189453125,621,0.0,0.0
2018-07-27 00:00:00+05:30,9590.42037313942,9711.956903627059,9485.13137830706,9581.8427734375,1234,0.0,0.0
2018-07-30 00:00:00+05:30,9584.928014491692,9644.062655046298,9467.522077506655,9530.0595703125,5301,0.0,0.0
2018-07-31 00:00:00+05:30,9521.121048116052,9529.562144096382,9349.844713433358,9384.3359375,1422,0.0,0.0
2018-08-01 00:00:00+05:30,9472.515851261785,9483.226106744933,9140.174398779776,9186.5556640625,7657,0.0,0.0
2018-08-02 00:00:00+05:30,9352.248611076793,9407.661297789717,9190.139356739975,9330.6455078125,5950,0.0,0.0
2018-08-03 00:00:00+05:30,9330.781902651415,9538.636869159895,9330.781902651415,9452.6357421875,2862,0.0,0.0
2018-08-06 00:00:00+05:30,9641.657035753506,9802.767332185253,9530.468239624552,9739.3212890625,2202,0.0,0.0
2018-08-07 00:00:00+05:30,9738.233305539186,9811.844476146376,9576.759580741944,9797.2314453125,2022,0.0,0.0
2018-08-08 00:00:00+05:30,9797.23086285886,9965.783290739932,9605.168705888571,9644.1982421875,5576,0.0,0.0
2018-08-09 00:00:00+05:30,9716.49400326222,9757.1119509138,9439.70180059088,9518.578125,9293,0.0,0.0
2018-08-10 00:00:00+05:30,9518.532494934043,9802.767730490454,9503.238716503245,9689.9453125,2379,0.0,0.0
2018-08-13 00:00:00+05:30,9757.385671885624,9857.228688063058,9541.543401463761,9801.0439453125,2789,0.0,0.0
2018-08-14 00:00:00+05:30,9647.876520661819,9847.24524258212,9647.876520661819,9800.9091796875,3041,0.0,0.0
2018-08-16 00:00:00+05:30,9848.152596804566,9848.152596804566,9381.658592141432,9595.685546875,3271,0.0,0.0
2018-08-17 00:00:00+05:30,9711.819977807141,9801.815189124776,8691.924182863135,9497.1123046875,14309,0.0,0.0
2018-08-20 00:00:00+05:30,9707.462463190812,9707.462463190812,9237.292705740336,9575.080078125,4827,0.0,0.0
2018-08-21 00:00:00+05:30,9546.852217943719,9710.096069906722,9471.47092323571,9695.0283203125,1794,0.0,0.0
2018-08-23 00:00:00+05:30,9507.778144289925,9507.778144289925,9258.170603509043,9418.509765625,16066,0.0,0.0
2018-08-24 00:00:00+05:30,9494.161372690312,9602.17334241786,9062.113493780123,9144.3935546875,14280,0.0,0.0
2018-08-27 00:00:00+05:30,9139.266089997538,9248.140531601282,8985.870919751278,9123.0185546875,8025,0.0,0.0
2018-08-28 00:00:00+05:30,9122.021567755062,9203.711313137943,8905.725452536039,9128.51171875,2632,0.0,0.0
2018-08-29 00:00:00+05:30,9208.24691566761,9330.78149759123,8852.442796304209,8949.0185546875,13102,0.0,0.0
2018-08-30 00:00:00+05:30,8847.135403436434,9120.205698193722,8713.57232311502,9052.4482421875,61911,0.0,0.0
2018-08-31 00:00:00+05:30,9076.635401708569,9427.90119175469,9058.482130905151,9323.29296875,8966,0.0,0.0
2018-09-03 00:00:00+05:30,9435.164532769792,9435.164532769792,9088.618695751424,9158.009765625,5799,0.0,0.0
2018-09-04 00:00:00+05:30,9066.471395169112,9234.525691303688,9066.471395169112,9179.158203125,3493,0.0,0.0
2018-09-05 00:00:00+05:30,9181.017855758497,9258.16926631109,8963.178578904119,9146.98046875,12590,0.0,0.0
2018-09-06 00:00:00+05:30,9146.52836735446,9167.404635335919,9040.331699796609,9114.0341796875,1838,0.0,0.0
2018-09-07 00:00:00+05:30,9040.330989631044,9226.402059196742,9040.330989631044,9182.970703125,5209,0.0,0.0
2018-09-10 00:00:00+05:30,9008.563433179308,9257.263320402595,9008.563433179308,9051.2236328125,5393,0.0,0.0
2018-09-11 00:00:00+05:30,9052.129085063978,9112.942546279188,9040.329458261025,9080.583984375,1296,0.0,0.0
2018-09-12 00:00:00+05:30,9058.483178805756,9271.784135420921,9040.375111806541,9216.14453125,2076,0.0,0.0
2018-09-14 00:00:00+05:30,9216.14423093895,9348.79873652392,9076.726567749498,9131.5498046875,3034,0.0,0.0
2018-09-17 00:00:00+05:30,9178.295219083237,9178.295219083237,8913.25742201319,8979.970703125,7200,0.0,0.0
2018-09-18 00:00:00+05:30,9010.10580712196,9010.10580712196,8867.874722070252,8928.7333984375,3609,0.0,0.0
2018-09-19 00:00:00+05:30,8945.07098277938,9072.098695062346,8804.337903162057,8891.97265625,6905,0.0,0.0
2018-09-21 00:00:00+05:30,8934.770532101724,9072.09989094164,8692.69641376169,8760.81640625,5693,0.0,0.0
2018-09-24 00:00:00+05:30,8778.923473289802,8958.777393420009,8635.51260596352,8826.802734375,5474,0.0,0.0
2018-09-25 00:00:00+05:30,8826.98624093499,8949.702577762133,8758.911448285746,8780.513671875,9039,0.0,0.0
2018-09-26 00:00:00+05:30,8781.739385260174,8839.195224090217,8622.807777517126,8645.2724609375,8096,0.0,0.0
2018-09-27 00:00:00+05:30,8712.664658063977,8713.572321847503,8486.656375966058,8535.1259765625,8383,0.0,0.0
2018-09-28 00:00:00+05:30,8581.960066787451,8974.97843896291,8441.272196840115,8822.037109375,32632,0.0,0.0
2018-10-01 00:00:00+05:30,8668.189547640388,8888.706651682796,8589.404504736784,8724.828125,2682,0.0,0.0
2018-10-03 00:00:00+05:30,8724.464342261597,8753.96341541219,8532.947282730054,8586.0908203125,4027,0.0,0.0
2018-10-04 00:00:00+05:30,8621.897871888237,8621.897871888237,8475.764009652843,8499.8623046875,7953,0.0,0.0
2018-10-05 00:00:00+05:30,8554.730587873333,8554.730587873333,8351.413913954646,8484.568359375,1934,0.0,0.0
2018-10-08 00:00:00+05:30,8352.911704848202,8522.916938610402,8191.664893958363,8246.169921875,6920,0.0,0.0
2018-10-09 00:00:00+05:30,8174.420003276998,8246.125441902235,8098.17624575143,8190.39453125,2833,0.0,0.0
2018-10-10 00:00:00+05:30,8119.958190514307,8254.474107098651,8067.313704146116,8097.2666015625,5434,0.0,0.0
2018-10-11 00:00:00+05:30,8078.161732030956,8178.049945036044,7989.028979325305,8168.2021484375,3527,0.0,0.0
2018-10-12 00:00:00+05:30,8084.786479741001,8395.88817397112,8084.786479741001,8143.46728515625,2653,0.0,0.0
2018-10-15 00:00:00+05:30,8237.04859953752,8282.43178741376,8078.207441970681,8251.7529296875,2888,0.0,0.0
2018-10-16 00:00:00+05:30,8305.123195883334,8373.19797617746,8188.171077894173,8301.265625,1508,0.0,0.0
2018-10-17 00:00:00+05:30,8343.154932070423,8437.32504786989,8291.690219218082,8301.7197265625,1252,0.0,0.0
2018-10-19 00:00:00+05:30,8234.778102139948,8339.476745002627,8169.880154021678,8283.474609375,1163,0.0,0.0
2018-10-22 00:00:00+05:30,8372.743820373096,8439.139774740634,8250.66305243552,8296.318359375,15363,0.0,0.0
2018-10-23 00:00:00+05:30,8296.047067439438,8326.907636399279,8223.43396400452,8283.521484375,910,0.0,0.0
2018-10-24 00:00:00+05:30,8228.880950675399,8349.600249863555,8228.880950675399,8315.3359375,1034,0.0,0.0
2018-10-25 00:00:00+05:30,8305.077827134604,8372.83439195795,8269.769353891541,8312.79296875,7475,0.0,0.0
2018-10-26 00:00:00+05:30,8287.877614674162,8377.736324985492,8089.2357596178435,8343.744140625,2287,0.0,0.0
2018-10-29 00:00:00+05:30,8333.259691727219,8397.703808720207,8287.014053029552,8330.4462890625,1111,0.0,0.0
2018-10-30 00:00:00+05:30,8327.815366390758,8745.340714460484,8310.796670137915,8614.7275390625,3555,0.0,0.0
2018-10-31 00:00:00+05:30,8615.36137531543,8752.600292005618,8471.496691474002,8503.71875,2687,0.0,0.0
2018-11-01 00:00:00+05:30,8369.567507747523,8661.69873353716,8369.567507747523,8566.984375,2362,0.0,0.0
2018-11-02 00:00:00+05:30,8609.37372592062,8896.921469636269,8477.580751520378,8799.0302734375,27624,0.0,0.0
2018-11-05 00:00:00+05:30,8923.24031314201,9053.535237781534,8773.929659951911,8802.9296875,8107,0.0,0.0
2018-11-06 00:00:00+05:30,8805.245771031516,8873.36575611979,8570.478194675838,8603.69921875,2846,0.0,0.0
2018-11-07 00:00:00+05:30,8622.806487630298,8940.488831911414,8622.806487630298,8877.0888671875,1631,0.0,0.0
2018-11-09 00:00:00+05:30,8877.087531721902,8890.565983173949,8703.587260097498,8859.9775390625,8510,0.0,0.0
2018-11-12 00:00:00+05:30,8804.518026890757,8940.440641680092,8705.355785383346,8737.623046875,2416,0.0,0.0
2018-11-13 00:00:00+05:30,8695.41822073454,8738.078414510586,8645.541923286393,8676.720703125,741,0.0,0.0
2018-11-14 00:00:00+05:30,8758.95349803243,8758.95349803243,8550.190875799532,8620.76171875,1982,0.0,0.0
2018-11-15 00:00:00+05:30,8580.18976743916,8640.958026637743,8580.18976743916,8626.798828125,5216,0.0,0.0
2018-11-16 00:00:00+05:30,8622.849972537551,8677.26458621136,8613.728130036172,8635.7841796875,10367,0.0,0.0
2018-11-19 00:00:00+05:30,8605.8333404714,8679.853152369094,8451.25835948294,8644.2734375,2328,0.0,0.0
2018-11-20 00:00:00+05:30,8623.624527133463,8650.012394627614,8569.983586977192,8644.498046875,4277,40.0,0.0
2018-11-21 00:00:00+05:30,8588.30550751069,8681.87051747676,8496.928434398858,8547.6533203125,1171,0.0,0.0
2018-11-22 00:00:00+05:30,8609.041691934282,8611.73077128258,8467.76043600524,8510.509765625,6292,0.0,0.0
2018-11-26 00:00:00+05:30,8586.25486650213,8656.348959202747,8417.765921909018,8581.8798828125,8015,0.0,0.0
2018-11-27 00:00:00+05:30,8581.695926961134,8616.469697735276,8454.087065593683,8484.53125,6382,0.0,0.0
2018-11-28 00:00:00+05:30,8563.468700782394,8563.468700782394,8433.76354659731,8467.443359375,1390,0.0,0.0
2018-11-29 00:00:00+05:30,8467.443017911302,8551.709751200431,8435.859460314598,8451.126953125,2249,0.0,0.0
2018-11-30 00:00:00+05:30,8454.08712956011,8931.708871434988,8436.81418052571,8723.2958984375,10567,0.0,0.0
2018-12-03 00:00:00+05:30,8793.118784285429,8795.898657130538,8640.033509942006,8750.8251953125,9161,0.0,0.0
2018-12-04 00:00:00+05:30,8750.186213503011,8932.621695300953,8613.781968325076,8871.4609375,9278,0.0,0.0
2018-12-05 00:00:00+05:30,8950.851250829495,8950.851250829495,8707.756161541372,8756.4755859375,3888,0.0,0.0
2018-12-06 00:00:00+05:30,8750.507517299084,8795.899650422596,8623.62762618116,8746.5419921875,4051,0.0,0.0
2018-12-07 00:00:00+05:30,8713.866249785427,8750.325941207124,8640.901470353594,8716.783203125,2134,0.0,0.0
2018-12-10 00:00:00+05:30,8716.780771840231,8716.780771840231,8558.91017399172,8650.4697265625,3074,0.0,0.0
2018-12-11 00:00:00+05:30,8658.262935419161,8879.846295506164,8578.097032035952,8757.3876953125,2121,0.0,0.0
2018-12-12 00:00:00+05:30,8804.10058380451,8859.701591736188,8751.23405167275,8817.818359375,10426,0.0,0.0
2018-12-13 00:00:00+05:30,8741.20813508835,8905.322088941892,8741.20813508835,8874.0126953125,12888,0.0,0.0
2018-12-14 00:00:00+05:30,8877.977123433704,8917.490834139306,8796.808942088124,8871.5966796875,2032,0.0,0.0
2018-12-17 00:00:00+05:30,8871.598085340163,9038.355744554578,8796.810335891107,9022.951171875,9754,0.0,0.0
2018-12-18 00:00:00+05:30,9022.85808766956,9089.396994670255,8952.673213161977,9021.6279296875,3226,0.0,0.0
2018-12-19 00:00:00+05:30,8980.019072777332,9085.159317623547,8957.960788624754,9062.96484375,5803,0.0,0.0
2018-12-20 00:00:00+05:30,9062.05623464357,9114.922786807052,8909.837024103894,9080.87890625,5821,0.0,0.0
2018-12-21 00:00:00+05:30,9080.283338005738,9105.577241100464,8796.900118092903,8934.8095703125,5289,0.0,0.0
2018-12-24 00:00:00+05:30,8959.964416996614,8959.964416996614,8817.406743059242,8855.5078125,20507,0.0,0.0
2018-12-26 00:00:00+05:30,8855.511940976894,8920.865221569635,8727.628869386075,8863.0771484375,1894,0.0,0.0
2018-12-27 00:00:00+05:30,8846.075920941656,8932.622270867332,8846.075920941656,8926.37890625,3072,0.0,0.0
2018-12-28 00:00:00+05:30,8923.50630619451,9078.459939703505,8887.958119683622,9009.27734375,37764,0.0,0.0
2018-12-31 00:00:00+05:30,9009.141154033048,9022.85893003263,8951.85335015549,9009.27734375,2708,0.0,0.0
2019-01-01 00:00:00+05:30,8943.605453531462,9059.31954811151,8934.490532967913,9027.189453125,3305,0.0,0.0
2019-01-02 00:00:00+05:30,9023.81770109164,9036.168241725032,8969.082775391611,9019.21484375,2809,0.0,0.0
2019-01-03 00:00:00+05:30,9050.15974559203,9060.231555361675,8949.941010271255,8978.197265625,2314,0.0,0.0
2019-01-04 00:00:00+05:30,8935.355571958651,9004.628960050955,8851.816978819481,8918.9033203125,1743,0.0,0.0
2019-01-07 00:00:00+05:30,8987.311271745479,8987.311271745479,8890.738514689123,8936.4501953125,2124,0.0,0.0
2019-01-08 00:00:00+05:30,8936.266430010844,9342.791810241857,8904.318817504996,9095.2763671875,8842,0.0,0.0
2019-01-09 00:00:00+05:30,9060.00391265276,9137.663220270158,9042.001943058467,9098.9248046875,3008,0.0,0.0
2019-01-10 00:00:00+05:30,9160.311834288956,9216.095320953078,9060.27559044813,9110.955078125,3926,0.0,0.0
2019-01-11 00:00:00+05:30,9133.05804051474,9133.55918303374,9046.784976169278,9113.5517578125,886,0.0,0.0
2019-01-14 00:00:00+05:30,9113.553210952368,9124.03536946874,9023.725847953068,9114.2822265625,2723,0.0,0.0
2019-01-15 00:00:00+05:30,9042.366889572326,9124.036228432557,9001.07558394782,9060.00390625,2742,0.0,0.0
2019-01-16 00:00:00+05:30,9023.816366543224,9106.443473951118,8988.313574448726,9020.8994140625,2395,0.0,0.0
2019-01-17 00:00:00+05:30,9089.126424839169,9150.469668337326,8996.154225798387,9112.1416015625,1549,0.0,0.0
2019-01-18 00:00:00+05:30,9110.771808370484,9160.493513044883,9052.89207323831,9080.2822265625,1619,0.0,0.0
2019-01-21 00:00:00+05:30,9147.459900441347,9169.608976703239,9070.438831004823,9117.791015625,1291,0.0,0.0
2019-01-22 00:00:00+05:30,9105.62340429669,9160.49540554776,9031.884229089623,9103.9375,813,0.0,0.0
2019-01-23 00:00:00+05:30,9079.417751569239,9144.04289428571,9028.328799939642,9037.306640625,838,0.0,0.0
2019-01-24 00:00:00+05:30,9069.345545721106,9073.173990208401,8987.311264403026,9043.185546875,1063,0.0,0.0
2019-01-25 00:00:00+05:30,9085.750691393905,9114.918430371092,9023.76924606738,9050.0654296875,808,0.0,0.0
2019-01-28 00:00:00+05:30,9092.133925307671,9100.337354413212,8982.754870567129,9031.79296875,3557,0.0,0.0
2019-01-29 00:00:00+05:30,9060.230467416557,9081.74132253512,8978.196187530491,9017.025390625,1645,0.0,0.0
2019-01-30 00:00:00+05:30,9051.115615096769,9064.787995179997,8901.676322761306,9041.6357421875,1369,0.0,0.0
2019-01-31 00:00:00+05:30,9041.089864052448,9114.920721899836,8997.383641165143,9031.7470703125,7382,0.0,0.0
2019-02-01 00:00:00+05:30,9104.84896042044,9112.824516094055,8987.311879067489,9022.4951171875,4569,0.0,0.0
2019-02-04 00:00:00+05:30,8979.108849285407,9051.116726566246,8955.500847391093,9002.8984375,2467,0.0,0.0
2019-02-05 00:00:00+05:30,9005.541969833224,9104.894608974097,8950.897840279944,9058.8642578125,2380,0.0,0.0
2019-02-06 00:00:00+05:30,9105.805064316943,9105.805064316943,9033.797196440963,9094.7763671875,2154,0.0,0.0
2019-02-07 00:00:00+05:30,9114.920127614614,9324.700370403232,9014.656006210853,9117.3359375,5845,0.0,0.0
2019-02-08 00:00:00+05:30,9124.035165210169,9151.379925945066,9052.027295274944,9118.9765625,1207,0.0,0.0
2019-02-11 00:00:00+05:30,9119.476500897395,9297.217422204241,9092.131743773265,9223.2041015625,3450,0.0,0.0
2019-02-12 00:00:00+05:30,9261.214902994818,9301.821695485087,9131.32728686601,9276.3916015625,4533,0.0,0.0
2019-02-14 00:00:00+05:30,9206.114409079784,9251.598215005011,9133.970352826436,9165.91796875,1148,0.0,0.0
2019-02-15 00:00:00+05:30,9151.32161330446,9288.591437504028,9124.920407923577,9180.92578125,1994,40.0,0.0
2019-02-18 00:00:00+05:30,9124.783614876253,9174.65832222865,8922.539388731668,8988.0625,6469,0.0,0.0
2019-02-19 00:00:00+05:30,9014.006841968723,9142.1709313943,9000.966207757274,9075.50390625,2469,0.0,0.0
2019-02-20 00:00:00+05:30,9070.059917388058,9197.080108709872,9000.326653647919,9140.890625,1659,0.0,0.0
2019-02-21 00:00:00+05:30,9096.45860768946,9380.103979443616,9074.998581311946,9253.861328125,2569,0.0,0.0
2019-02-22 00:00:00+05:30,9333.206004897185,9334.3499203286,9200.969381025863,9311.333984375,4507,0.0,0.0
2019-02-25 00:00:00+05:30,9375.34509766836,9398.40660517339,9181.20036014074,9230.7998046875,6587,0.0,0.0
2019-02-26 00:00:00+05:30,9229.10753385555,9288.59112232363,9037.844918627407,9193.6005859375,1139,0.0,0.0
2019-02-27 00:00:00+05:30,9236.061255943134,9607.971273929486,9159.236636244226,9491.017578125,3348,0.0,0.0
2019-02-28 00:00:00+05:30,9397.03472247553,10065.264414223104,9206.229664323302,9849.201171875,11289,0.0,0.0
2019-03-01 00:00:00+05:30,9751.651101557296,10066.456655136097,9631.997537224655,10021.4775390625,2458,0.0,0.0
2019-03-05 00:00:00+05:30,10021.473860701959,10248.564245638161,9902.644316639926,10078.4873046875,4867,0.0,0.0
2019-03-06 00:00:00+05:30,10290.659546064348,10290.659546064348,9705.523776073915,9763.0859375,3293,0.0,0.0
2019-03-07 00:00:00+05:30,9747.072799060346,9782.808531768838,9499.987111730867,9559.470703125,3433,0.0,0.0
2019-03-08 00:00:00+05:30,9654.553361702223,9654.553361702223,9309.41090188226,9444.4384765625,2971,0.0,0.0
2019-03-11 00:00:00+05:30,9444.119266371263,9468.87341506055,9288.592361347693,9323.0009765625,5824,0.0,0.0
2019-03-12 00:00:00+05:30,9402.06766056762,9709.552061380422,9378.731790863078,9614.5615234375,2527,0.0,0.0
2019-03-13 00:00:00+05:30,9700.675078997245,9767.662930617413,9353.24569703548,9513.1650390625,3367,0.0,0.0
2019-03-14 00:00:00+05:30,9605.684620049482,9605.684620049482,9380.15012276739,9421.1943359375,8804,0.0,0.0
2019-03-15 00:00:00+05:30,9380.103313748763,9682.051305985136,9339.42551625144,9397.3076171875,7428,0.0,0.0
2019-03-18 00:00:00+05:30,9517.236671154229,9563.13090565342,9340.158601274426,9485.0703125,1930,0.0,0.0
2019-03-19 00:00:00+05:30,9517.374853725012,9608.888073472368,9381.02015630145,9518.015625,1464,0.0,0.0
2019-03-20 00:00:00+05:30,9553.979367291298,9553.979367291298,9378.273999616975,9421.5595703125,1887,0.0,0.0
2019-03-22 00:00:00+05:30,9422.200412440554,9652.81370924854,9422.200412440554,9576.9033203125,1727,0.0,0.0
2019-03-25 00:00:00+05:30,9485.344492071054,9575.89699473355,9428.606300222678,9516.458984375,9743,0.0,0.0
2019-03-26 00:00:00+05:30,9469.78862942204,9654.645345999472,9447.596672110147,9515.5908203125,7754,0.0,0.0
2019-03-27 00:00:00+05:30,9515.58963899075,9956.637755817213,9515.58963899075,9792.8291015625,7291,0.0,0.0
2019-03-28 00:00:00+05:30,9792.828177613796,10042.659230084459,9688.45754486965,9923.646484375,3577,0.0,0.0
2019-04-01 00:00:00+05:30,10000.562931186063,10048.149797256861,9788.481080957077,9875.373046875,3032,0.0,0.0
2019-04-02 00:00:00+05:30,9883.473086400154,9993.197791861858,9705.205517112716,9841.6513671875,3263,0.0,0.0
2019-04-03 00:00:00+05:30,9837.624528765966,9974.02478997284,9760.799009987184,9916.69140625,2004,0.0,0.0
2019-04-04 00:00:00+05:30,9914.542653282984,9914.542653282984,9672.947742772858,9769.7685546875,3889,0.0,0.0
2019-04-05 00:00:00+05:30,9769.034910455373,9883.426419945483,9595.43417691645,9760.25,3288,0.0,0.0
2019-04-08 00:00:00+05:30,9760.252374315907,9828.520886313394,9722.045600851887,9809.623046875,3688,0.0,0.0
2019-04-09 00:00:00+05:30,9819.36684478198,9929.182690203586,9640.916095971868,9862.7900390625,3128,0.0,0.0
2019-04-10 00:00:00+05:30,9862.378010547629,9906.304348536522,9796.579659294981,9844.76171875,4213,0.0,0.0
2019-04-11 00:00:00+05:30,9837.671969104491,9882.101462377022,9732.431757341978,9781.6201171875,5899,0.0,0.0
2019-04-12 00:00:00+05:30,9828.517614725117,9828.517614725117,9761.393040444353,9788.892578125,9461,0.0,0.0
2019-04-15 00:00:00+05:30,9773.611422564501,9882.512149089329,9747.987722205717,9776.6767578125,3208,0.0,0.0
2019-04-16 00:00:00+05:30,9825.545867624585,9835.841105104342,9739.797799834207,9790.6796875,2792,0.0,0.0
2019-04-18 00:00:00+05:30,9755.308508425669,9837.670400147837,9723.416511160074,9788.162109375,14339,0.0,0.0
2019-04-22 00:00:00+05:30,9833.095589671097,9833.095589671097,9636.25100890932,9675.09765625,1762,0.0,0.0
2019-04-23 00:00:00+05:30,9700.399439440022,9746.156040569454,9564.044768074307,9609.6181640625,6589,0.0,0.0
2019-04-24 00:00:00+05:30,9611.723705305229,9700.40036422145,9419.317179213005,9660.6376953125,2655,0.0,0.0
2019-04-25 00:00:00+05:30,9672.947332077887,9745.242775714041,9499.072214471946,9696.283203125,3682,0.0,0.0
2019-04-26 00:00:00+05:30,9744.784472396075,9744.784472396075,9105.564680503447,9360.2001953125,7816,0.0,0.0
2019-04-30 00:00:00+05:30,9558.557261791075,9558.557261791075,9201.746806053041,9337.6904296875,4613,0.0,0.0
2019-05-02 00:00:00+05:30,9339.014548543177,9462.46623043501,9291.1077389796,9389.6220703125,1858,0.0,0.0
2019-05-03 00:00:00+05:30,9275.777425779497,9517.372260073675,9275.777425779497,9470.609375,2281,0.0,0.0
2019-05-06 00:00:00+05:30,9426.912145678974,9501.083413861686,9426.912145678974,9474.6357421875,3040,0.0,0.0
2019-05-07 00:00:00+05:30,9542.95180271977,9594.931126401269,9407.557832032719,9468.6884765625,2502,0.0,0.0
2019-05-08 00:00:00+05:30,9448.73888974295,9645.492290352611,9425.769431610368,9539.611328125,8416,0.0,0.0
2019-05-09 00:00:00+05:30,9540.253288155218,9542.998684784903,9376.170261657806,9509.55078125,2106,0.0,0.0
2019-05-10 00:00:00+05:30,9526.526370289488,9619.412290230352,9407.559182187892,9507.30859375,1310,0.0,0.0
2019-05-13 00:00:00+05:30,9602.48266219188,9791.91503721082,9552.791159945418,9732.7978515625,3262,0.0,0.0
2019-05-14 00:00:00+05:30,9727.853845820213,9766.655802829215,9517.373470981207,9663.7490234375,11949,0.0,0.0
2019-05-15 00:00:00+05:30,9616.530078236223,9974.941998433298,9531.240463435255,9714.3125,12467,0.0,0.0
2019-05-16 00:00:00+05:30,9762.903768982294,9929.1834531042,9521.995239578637,9628.8369140625,7127,0.0,0.0
2019-05-17 00:00:00+05:30,9627.190298522384,9714.173431370667,9480.723575426575,9610.0771484375,7125,0.0,0.0
2019-05-20 00:00:00+05:30,9700.401688490925,10065.448294411532,9563.13185327643,9988.98828125,3592,0.0,0.0
2019-05-21 00:00:00+05:30,10029.847476983174,10029.847476983174,9811.130912475968,9926.7119140625,1152,0.0,0.0
2019-05-22 00:00:00+05:30,9883.516358129677,9945.74533162631,9737.00408829705,9846.63671875,2003,0.0,0.0
2019-05-23 00:00:00+05:30,9883.427864524798,9929.18447500871,9773.611999363411,9804.5888671875,1753,0.0,0.0
2019-05-24 00:00:00+05:30,9850.071682426802,10084.757529813358,9778.233799841471,10000.427734375,44986,0.0,0.0
2019-05-27 00:00:00+05:30,10000.427326710105,10240.329596948606,9974.941251719376,10062.7939453125,1945,0.0,0.0
2019-05-28 00:00:00+05:30,10012.461718575452,10112.211131547276,9828.520140526492,9972.0126953125,2598,0.0,0.0
2019-05-29 00:00:00+05:30,9972.194833905363,10046.366114404007,9911.88726898447,9975.306640625,3004,0.0,0.0
2019-05-30 00:00:00+05:30,9965.744186965609,10116.741001584387,9939.296508628559,10053.23046875,1302,0.0,0.0
2019-05-31 00:00:00+05:30,9995.074393914174,10125.938305132791,9974.941484495926,10050.8974609375,962,0.0,0.0
2019-06-03 00:00:00+05:30,10056.890855126361,10111.29564296569,9802.43852652973,10038.6337890625,4048,0.0,0.0
2019-06-04 00:00:00+05:30,10109.465205895996,10109.465205895996,9831.265022806254,9946.7548828125,1685,0.0,0.0
2019-06-06 00:00:00+05:30,10011.407926006543,10026.187667454968,9787.383758175838,9824.4921875,2152,0.0,0.0
2019-06-07 00:00:00+05:30,9855.975090001322,10016.12324605984,9823.94545878962,9950.279296875,1140,0.0,0.0
2019-06-10 00:00:00+05:30,9987.751891886779,10152.246889373186,9930.144146575522,10015.572265625,3068,0.0,0.0
2019-06-11 00:00:00+05:30,9959.429446884524,10066.454337877169,9929.184505997026,10031.359375,1819,0.0,0.0
2019-06-12 00:00:00+05:30,9986.69890520711,10247.649179040964,9984.09113621512,10157.0966796875,2807,0.0,0.0
2019-06-13 00:00:00+05:30,10112.210637901577,10141.586023548125,10006.970436692647,10104.751953125,3450,0.0,0.0
2019-06-14 00:00:00+05:30,10150.09541598567,10157.874037980851,10029.846713786723,10108.044921875,15221,0.0,0.0
2019-06-17 00:00:00+05:30,10066.455122287076,10093.909090802405,9797.406230836858,9899.85546875,2239,0.0,0.0
2019-06-18 00:00:00+05:30,9867.273448030168,10112.208892385699,9536.590847742205,9627.646484375,114985,0.0,0.0
2019-06-19 00:00:00+05:30,9650.068873178534,9837.670970760479,9650.068873178534,9777.775390625,986,0.0,0.0
2019-06-20 00:00:00+05:30,9673.266644438065,9965.788990035036,9673.266644438065,9872.0791015625,1763,0.0,0.0
2019-06-21 00:00:00+05:30,9796.534844639436,9965.743129756624,9619.41120295736,9851.6259765625,3032,0.0,0.0
2019-06-24 00:00:00+05:30,9851.353012270902,9974.941442879166,9731.79062731919,9808.341796875,2064,0.0,0.0
2019-06-25 00:00:00+05:30,9823.440840966809,9883.33642108351,9800.379331217455,9841.7890625,1034,0.0,0.0
2019-06-26 00:00:00+05:30,9857.528374808404,9965.78832080549,9811.130999757177,9900.21875,1404,0.0,0.0
2019-06-27 00:00:00+05:30,9865.123638538162,10043.757595961595,9839.774301657877,9944.19140625,4332,0.0,0.0
2019-06-28 00:00:00+05:30,9926.712356373066,9960.297883541078,9774.526065242764,9805.5029296875,5238,0.0,0.0
2019-07-01 00:00:00+05:30,9805.733502916706,9909.967426731066,9783.679172516559,9857.4384765625,1751,0.0,0.0
2019-07-02 00:00:00+05:30,9883.426314867327,10148.81461406284,9812.777940620617,10109.6015625,4629,0.0,0.0
2019-07-03 00:00:00+05:30,10058.218199364865,10068.147026448081,9934.034578752586,10002.0751953125,1360,0.0,0.0
2019-07-04 00:00:00+05:30,9974.939760364066,10148.814857104357,9952.107036029065,10054.373046875,3219,0.0,0.0
2019-07-05 00:00:00+05:30,10011.546784668228,10138.475806095441,9883.428270056385,9963.685546875,2262,0.0,0.0
2019-07-08 00:00:00+05:30,10002.396016306475,10048.152631202662,9701.500695485925,9975.033203125,8052,0.0,0.0
2019-07-09 00:00:00+05:30,10034.423625636664,10107.634194724755,9976.54151945139,10032.41015625,3892,0.0,0.0
2019-07-10 00:00:00+05:30,10041.516535324577,10057.164937984498,9865.9487856871,9994.982421875,2751,0.0,0.0
2019-07-11 00:00:00+05:30,9975.854865930985,10011.545017272267,9883.51768101302,9976.1748046875,1500,0.0,0.0
2019-07-12 00:00:00+05:30,9974.93993783799,10023.89950542279,9819.55068524951,9939.7529296875,2058,0.0,0.0
2019-07-15 00:00:00+05:30,9974.939258561186,10057.30114234747,9935.131014731149,10021.7021484375,2804,0.0,0.0
2019-07-16 00:00:00+05:30,10037.077419151856,10066.452801216486,9975.07722121709,10064.02734375,945,0.0,0.0
2019-07-17 00:00:00+05:30,10067.368563648013,10104.38583704884,9939.387692721704,9977.8232421875,4687,0.0,0.0
2019-07-18 00:00:00+05:30,9950.047920997893,10038.038228142972,9778.323922045562,9854.0966796875,2768,0.0,0.0
2019-07-19 00:00:00+05:30,9831.44951126131,9850.346457059748,9567.708203472333,9614.517578125,3796,0.0,0.0
2019-07-22 00:00:00+05:30,9700.400200355782,9727.808585318995,9478.93823351747,9615.0185546875,1853,0.0,0.0
2019-07-23 00:00:00+05:30,9620.693367053826,9643.662827094086,9528.356173439326,9611.81640625,4954,0.0,0.0
2019-07-24 00:00:00+05:30,9612.227729691918,9722.363521485262,9577.315082276356,9659.173828125,17276,0.0,0.0
2019-07-25 00:00:00+05:30,9660.13415560755,9791.913174024327,9603.258339838232,9784.6376953125,1084,0.0,0.0
2019-07-26 00:00:00+05:30,9760.57070625589,9974.940411896885,9608.704347578381,9835.1083984375,1342,0.0,0.0
2019-07-29 00:00:00+05:30,9836.29778504091,9940.165282701248,9718.703305310923,9793.744140625,2606,0.0,0.0
2019-07-30 00:00:00+05:30,9793.745304506218,9837.671652349265,9724.972758690912,9795.8955078125,3006,0.0,0.0
2019-07-31 00:00:00+05:30,9727.855884348324,10215.30143813401,9608.888691030801,9977.091796875,3855,0.0,0.0
2019-08-01 00:00:00+05:30,10203.72364340476,10203.72364340476,9704.97661330112,9837.2587890625,17227,0.0,0.0
2019-08-02 00:00:00+05:30,9801.066314040223,9909.64711205165,9700.492923148107,9805.9619140625,16544,0.0,0.0
2019-08-05 00:00:00+05:30,9749.132583011497,9773.109226552422,9518.290474353138,9586.7421875,9730,0.0,0.0
2019-08-06 00:00:00+05:30,9608.888711948995,9652.769482470332,9500.033551089718,9607.69921875,7312,0.0,0.0
2019-08-07 00:00:00+05:30,9668.37112866167,9668.37112866167,9264.2491302036,9552.01171875,4739,0.0,0.0
2019-08-08 00:00:00+05:30,9553.981741871448,9567.708727132758,9376.903632000554,9421.7451171875,28618,0.0,0.0
2019-08-09 00:00:00+05:30,9374.978742637828,9499.070286010536,9374.978742637828,9446.4501953125,13368,0.0,0.0
2019-08-13 00:00:00+05:30,9517.373622623476,9517.373622623476,9361.801169176746,9419.6376953125,2368,0.0,0.0
2019-08-14 00:00:00+05:30,9419.63789783346,9512.798166751876,9335.262539589792,9421.6513671875,3754,0.0,0.0
2019-08-16 00:00:00+05:30,9343.499330301358,9471.617832381886,9343.499330301358,9433.2734375,3397,0.0,0.0
2019-08-19 00:00:00+05:30,9435.01108994643,9435.148717222348,9362.715660644222,9417.166015625,3718,0.0,0.0
2019-08-20 00:00:00+05:30,9398.317080101993,9425.907781312428,9281.271307500347,9384.498046875,3700,0.0,0.0
2019-08-21 00:00:00+05:30,9407.558262868239,9597.905745229777,9335.353980595111,9414.009765625,8077,0.0,0.0
2019-08-22 00:00:00+05:30,9449.609954446256,9515.545053755564,9289.59854569805,9407.1474609375,4448,0.0,0.0
2019-08-23 00:00:00+05:30,9398.317206186734,9439.543735989922,9059.718268122693,9424.8095703125,5545,0.0,0.0
2019-08-26 00:00:00+05:30,9242.834890002056,9242.834890002056,8899.751482997684,9100.3486328125,10038,0.0,0.0
2019-08-27 00:00:00+05:30,9018.628389213274,9288.592404922856,9018.628389213274,9247.45703125,2317,0.0,0.0
2019-08-28 00:00:00+05:30,9334.346825212908,9334.346825212908,9093.621520383727,9201.5615234375,2191,0.0,0.0
2019-08-29 00:00:00+05:30,9311.468209634359,9334.346509903731,9119.290487371636,9250.2919921875,2071,0.0,0.0
2019-08-30 00:00:00+05:30,9283.099227064211,9391.816732493027,9175.11364851595,9342.94921875,1360,0.0,0.0
2019-09-03 00:00:00+05:30,9334.34709324333,9354.479998738561,9176.944377553344,9295.0419921875,2276,0.0,0.0
2019-09-04 00:00:00+05:30,9298.84195531427,9321.537056274696,9098.93113747057,9244.5283203125,3561,0.0,0.0
2019-09-05 00:00:00+05:30,9315.770229860076,9315.770229860076,9180.193054496696,9241.64453125,5335,0.0,0.0
2019-09-06 00:00:00+05:30,9241.646798939999,9314.90296131121,9201.655338424092,9290.46875,9353,0.0,0.0
2019-09-09 00:00:00+05:30,9323.366176815543,9348.074744421945,9242.834549061346,9288.5,7650,0.0,0.0
2019-09-11 00:00:00+05:30,9334.348646979184,9380.105257993788,9203.118329115776,9308.6337890625,17097,0.0,0.0
2019-09-12 00:00:00+05:30,9369.167167380478,9369.167167380478,9243.74850319444,9264.8876953125,3762,0.0,0.0
2019-09-13 00:00:00+05:30,9232.76720009623,9538.466880928554,9232.76720009623,9450.33984375,8318,0.0,0.0
2019-09-16 00:00:00+05:30,9450.34114505565,9539.246592924696,9334.348142403722,9501.54296875,5199,0.0,0.0
2019-09-17 00:00:00+05:30,9499.072166953014,9518.244365140412,9403.989574590636,9468.048828125,7971,0.0,0.0
2019-09-18 00:00:00+05:30,9426.776430885515,9607.972599540532,9421.285637895968,9578.1396484375,4030,0.0,0.0
2019-09-19 00:00:00+05:30,9608.796950861879,9653.729584439267,9505.569323683854,9578.4599609375,3879,0.0,0.0
2019-09-20 00:00:00+05:30,9631.76666277819,10508.692116897639,9518.381422690107,10334.6337890625,12705,0.0,0.0
2019-09-23 00:00:00+05:30,10340.995083980291,11071.133038697324,10121.454485741524,10663.9912109375,12052,0.0,0.0
2019-09-24 00:00:00+05:30,10720.955061917637,10981.49333264098,10085.670220528613,10790.001953125,6162,0.0,0.0
2019-09-25 00:00:00+05:30,10789.361419526333,10890.986656146724,10396.815343289045,10596.2685546875,5933,0.0,0.0
2019-09-26 00:00:00+05:30,10627.06366318065,10798.559792270387,10361.126607464857,10531.6611328125,7293,0.0,0.0
2019-09-27 00:00:00+05:30,10633.789302773992,11162.781228405152,10543.282381643423,11090.943359375,11917,0.0,0.0
2019-09-30 00:00:00+05:30,11118.855092684871,11346.722987176932,10881.835877128873,11096.9375,19537,0.0,0.0
2019-10-01 00:00:00+05:30,11029.265776308674,11246.976110734531,10922.973694515611,10971.8876953125,2469,0.0,0.0
2019-10-03 00:00:00+05:30,10981.538266475514,11016.816425838733,10676.524953935737,10733.720703125,3678,0.0,0.0
2019-10-04 00:00:00+05:30,10743.651514981422,10825.09827689227,10491.67023321726,10587.8046875,2880,0.0,0.0
2019-10-07 00:00:00+05:30,10441.655897663843,10586.978677432739,10249.478181755918,10386.6103515625,3473,0.0,0.0
2019-10-09 00:00:00+05:30,10432.506373481914,10485.58403748735,10295.236552778206,10398.646484375,3429,0.0,0.0
2019-10-10 00:00:00+05:30,10318.11577630883,10452.640212594188,10272.313587453196,10304.80078125,2599,0.0,0.0
2019-10-11 00:00:00+05:30,10404.136852326183,10606.38104657054,10290.660471845187,10523.69921875,2082,0.0,0.0
2019-10-14 00:00:00+05:30,10523.104940434216,10915.696645751746,10523.104940434216,10769.82421875,4168,0.0,0.0
2019-10-15 00:00:00+05:30,10677.760817273504,10733.629450492082,9910.880155217008,10367.8974609375,10846,0.0,0.0
2019-10-16 00:00:00+05:30,10381.258937690574,10867.194101293686,10296.380432183627,10599.837890625,3990,0.0,0.0
2019-10-17 00:00:00+05:30,10615.53188534489,10844.314900115254,10528.594339732152,10701.37109375,5191,0.0,0.0
2019-10-18 00:00:00+05:30,10707.045478683998,10979.754842158172,10579.522179110068,10820.841796875,5749,0.0,0.0
2019-10-22 00:00:00+05:30,10798.558486278396,10981.584901300064,10762.868335349172,10951.751953125,4193,0.0,0.0
2019-10-23 00:00:00+05:30,10752.803982716909,11045.600726072424,10752.803982716909,10894.787109375,3545,0.0,0.0
2019-10-24 00:00:00+05:30,10894.648734610064,10981.586292761089,10844.316464101576,10970.1015625,3258,0.0,0.0
2019-10-25 00:00:00+05:30,11108.789028515102,11388.773885007362,10904.440200738343,11097.12109375,4880,0.0,0.0
2019-10-27 00:00:00+05:30,11336.656104430078,11336.656104430078,11078.588860205886,11164.3369140625,770,0.0,0.0
2019-10-29 00:00:00+05:30,11162.871004699311,11303.023824369044,11103.708258630699,11202.2216796875,6355,0.0,0.0
2019-10-30 00:00:00+05:30,11278.958197962667,11690.722088580656,10932.168690150696,11306.6865234375,12691,0.0,0.0
2019-10-31 00:00:00+05:30,11397.146084953072,11453.56433518279,11109.703455974997,11203.3212890625,14014,0.0,0.0
2019-11-01 00:00:00+05:30,11246.013102045416,11337.480736641668,10949.555871525905,11087.5576171875,5077,0.0,0.0
2019-11-04 00:00:00+05:30,11087.55969961416,11256.127247372564,10996.092047838774,11108.6533203125,3155,0.0,0.0
2019-11-05 00:00:00+05:30,11155.459185074096,11155.459185074096,10762.867553376247,10873.0498046875,5064,0.0,0.0
2019-11-06 00:00:00+05:30,10866.232871282467,11018.144798397083,10707.045465307252,10757.744140625,2713,0.0,0.0
2019-11-07 00:00:00+05:30,10885.223962622958,10885.223962622958,10592.655997921984,10651.865234375,1820,0.0,0.0
2019-11-08 00:00:00+05:30,10675.930243993445,10719.39901534521,10349.228109833864,10414.111328125,3063,0.0,0.0
2019-11-11 00:00:00+05:30,10459.959457657955,10478.262098878704,10185.419839346723,10256.708984375,2545,0.0,0.0
2019-11-13 00:00:00+05:30,10256.801340401747,10340.078367701582,10011.54591934289,10048.9287109375,3472,0.0,0.0
2019-11-14 00:00:00+05:30,10049.06555563475,10295.144933954249,9883.426646102842,10055.837890625,2769,0.0,0.0
2019-11-15 00:00:00+05:30,10065.537231352342,10386.74857494764,9940.988119129725,10213.3310546875,14488,0.0,0.0
2019-11-18 00:00:00+05:30,10212.872430490243,10386.656343030869,10066.451320375687,10164.416015625,2467,0.0,0.0
2019-11-19 00:00:00+05:30,10208.489151551325,10293.920056429532,10096.358452308572,10146.265625,3860,48.0,0.0
2019-11-20 00:00:00+05:30,10110.14577543757,10225.033795612997,10091.7636922095,10125.44921875,1962,0.0,0.0
2019-11-21 00:00:00+05:30,10128.529221476321,10199.530027498013,9972.281493014345,10041.3525390625,2035,0.0,0.0
2019-11-22 00:00:00+05:30,10041.212235211833,10091.762960423426,9889.560059577056,9927.611328125,3135,0.0,0.0
2019-11-25 00:00:00+05:30,9927.61196144357,10201.09122277201,9927.56528818578,10142.912109375,22966,0.0,0.0
2019-11-26 00:00:00+05:30,10248.008608682674,10424.201007951611,10157.936425395597,10379.119140625,4642,0.0,0.0
2019-11-27 00:00:00+05:30,10376.685128300373,10797.63479958129,10376.685128300373,10477.28125,6640,0.0,0.0
2019-11-28 00:00:00+05:30,10477.282508820237,10730.541490569052,10385.417864898072,10640.3310546875,4281,0.0,0.0
2019-11-29 00:00:00+05:30,10595.431574920307,10652.416026485631,10424.478220224333,10477.83203125,3036,0.0,0.0
2019-12-02 00:00:00+05:30,10516.298205660147,10516.298205660147,10385.876966847854,10417.6318359375,6940,0.0,0.0
2019-12-03 00:00:00+05:30,10392.679376047661,10454.718910657653,10383.80966133389,10386.107421875,5067,0.0,0.0
2019-12-04 00:00:00+05:30,10385.876151563534,10752.59868116299,10384.497495437221,10529.1181640625,21813,0.0,0.0
2019-12-05 00:00:00+05:30,10524.845263734236,10615.652571150691,10277.284030820958,10432.0615234375,2162,0.0,0.0
2019-12-06 00:00:00+05:30,10546.536624342614,10592.675834387583,10479.62601854119,10557.060546875,2781,0.0,0.0
2019-12-09 00:00:00+05:30,10531.278738571904,10597.270233191488,10411.611205688912,10543.0888671875,5120,0.0,0.0
2019-12-10 00:00:00+05:30,10510.32443752749,10510.32443752749,10259.040992378401,10321.21875,6916,0.0,0.0
2019-12-11 00:00:00+05:30,10320.621148637587,10431.832757773322,10270.989521419988,10323.8837890625,4230,0.0,0.0
2019-12-12 00:00:00+05:30,10321.539532680927,10413.449947041398,10293.966408372784,10364.783203125,2062,0.0,0.0
2019-12-13 00:00:00+05:30,10364.783556542412,10569.698011858763,10350.032114047091,10486.380859375,1910,0.0,0.0
2019-12-16 00:00:00+05:30,10522.181587185403,10522.181587185403,10415.014384738775,10439.8759765625,2661,0.0,0.0
2019-12-17 00:00:00+05:30,10441.206916239924,10512.713038035245,10354.535576300908,10404.580078125,1049,0.0,0.0
2019-12-18 00:00:00+05:30,10454.811469264949,10498.882700201793,10355.73220469955,10431.7880859375,6053,0.0,0.0
2019-12-19 00:00:00+05:30,10362.944957846898,10522.823302568773,10357.109005580895,10460.9677734375,1414,0.0,0.0
2019-12-20 00:00:00+05:30,10509.035504872036,10509.035504872036,10387.989324310758,10430.7734375,4052,0.0,0.0
2019-12-23 00:00:00+05:30,10367.585596098614,10660.688246866532,10342.31023384421,10598.4189453125,3489,0.0,0.0
2019-12-24 00:00:00+05:30,10542.124974396438,10588.080183526328,10454.810077049651,10516.849609375,5947,0.0,0.0
2019-12-26 00:00:00+05:30,10477.787204407783,10845.428860702792,10459.405121593032,10547.77734375,2654,0.0,0.0
2019-12-27 00:00:00+05:30,10574.431346751639,10675.256352777584,10477.787187484133,10552.9697265625,2829,0.0,0.0
2019-12-30 00:00:00+05:30,10486.976549621475,10586.745108449151,10486.976549621475,10566.3408203125,2846,0.0,0.0
2019-12-31 00:00:00+05:30,10613.676647355736,10615.653080330818,10437.346872747772,10520.9853515625,8493,0.0,0.0
2020-01-01 00:00:00+05:30,10505.636146121074,10543.962969271912,10453.890761201073,10485.69140625,4548,0.0,0.0
2020-01-02 00:00:00+05:30,10441.020615068577,10524.843072758373,10376.774891519548,10401.544921875,1411,0.0,0.0
2020-01-03 00:00:00+05:30,10454.808465134516,10466.84836904517,10376.730397348321,10406.8310546875,6039,0.0,0.0
2020-01-06 00:00:00+05:30,10413.44958492829,10417.95355410039,10293.966050414549,10309.5908203125,11057,0.0,0.0
2020-01-07 00:00:00+05:30,10441.024730321971,10441.024730321971,10127.196391111489,10201.4140625,12747,0.0,0.0
2020-01-08 00:00:00+05:30,10191.02753094152,10191.02753094152,10064.191149333481,10090.33984375,4975,0.0,0.0
2020-01-09 00:00:00+05:30,10100.953606688794,10247.091152044892,10100.953606688794,10211.24609375,1650,0.0,0.0
2020-01-10 00:00:00+05:30,10214.599875833252,10302.695629578253,10110.14335388383,10228.6162109375,2957,0.0,0.0
2020-01-13 00:00:00+05:30,10137.764157768463,10336.979974569444,10092.176952718173,10222.4599609375,43121,0.0,0.0
2020-01-14 00:00:00+05:30,10202.0545914711,10404.257475266022,10202.0545914711,10300.1689453125,2743,0.0,0.0
2020-01-15 00:00:00+05:30,10364.554671298476,10364.554671298476,10221.956184837603,10291.9912109375,2137,0.0,0.0
2020-01-16 00:00:00+05:30,10291.989936038144,10560.506569589355,10248.01116196008,10289.279296875,5349,0.0,0.0
2020-01-17 00:00:00+05:30,10289.278328047589,10422.594191501672,10289.278328047589,10328.15625,1449,0.0,0.0
2020-01-20 00:00:00+05:30,10328.662833431088,10454.80988011645,10314.738046301956,10393.689453125,3033,0.0,0.0
2020-01-21 00:00:00+05:30,10314.232004772828,10385.876349011494,10293.96593884325,10340.0126953125,7450,0.0,0.0
2020-01-22 00:00:00+05:30,10351.455826873287,10413.449578679003,10231.466964682671,10336.474609375,6723,0.0,0.0
2020-01-23 00:00:00+05:30,10253.524175503302,10429.073038672997,10211.24539170327,10346.7216796875,1960,0.0,0.0
2020-01-24 00:00:00+05:30,10404.260646827972,10436.429297237775,10293.968131137217,10420.4365234375,2216,0.0,0.0
2020-01-27 00:00:00+05:30,10477.602565403267,10477.602565403267,10212.99303795183,10258.9482421875,1666,0.0,0.0
2020-01-28 00:00:00+05:30,10362.851714226865,10362.851714226865,10183.672211817808,10213.5888671875,1621,0.0,0.0
2020-01-29 00:00:00+05:30,10284.775395565113,10340.381196407981,10091.763524870863,10257.248046875,17363,0.0,0.0
2020-01-30 00:00:00+05:30,10257.247567500523,10335.325640580613,9870.626965023388,10042.958984375,3590,0.0,0.0
2020-01-31 00:00:00+05:30,10142.312771954676,10159.04064448481,9972.278529742476,10102.5615234375,2985,0.0,0.0
2020-02-03 00:00:00+05:30,10848.18567720626,10863.810446884521,10608.345283132447,10708.94140625,4827,0.0,0.0
2020-02-04 00:00:00+05:30,10709.127248981702,10753.519805074717,10523.743740863718,10662.896484375,3357,0.0,0.0
2020-02-05 00:00:00+05:30,10715.834684107296,10790.282116083681,10478.889827033241,10595.248046875,1718,0.0,0.0
2020-02-06 00:00:00+05:30,10626.682923262302,10762.894347302388,10532.934293425531,10593.08984375,1523,0.0,0.0
2020-02-07 00:00:00+05:30,10560.507331305236,10748.325916853892,10466.758702254485,10591.435546875,3104,0.0,0.0
2020-02-10 00:00:00+05:30,10661.516106108385,10882.146867818405,10466.757586512393,10763.3984375,2703,0.0,0.0
2020-02-11 00:00:00+05:30,10731.50713430051,10845.430287040062,10408.855762773619,10518.7802734375,2650,0.0,0.0
2020-02-12 00:00:00+05:30,10488.815740527167,10771.899796615702,10350.858577412946,10448.099609375,29570,0.0,0.0
2020-02-13 00:00:00+05:30,10478.70626395866,10733.25233416528,10339.921539297862,10689.3193359375,2743,0.0,0.0
2020-02-14 00:00:00+05:30,10657.931131770609,10661.607548166528,10524.109933984178,10568.3642578125,1568,0.0,0.0
2020-02-17 00:00:00+05:30,10600.02985656911,10600.02985656911,10440.243933571808,10488.7724609375,1878,0.0,0.0
2020-02-18 00:00:00+05:30,10477.787774628929,10477.787774628929,10303.157978385114,10346.171875,2996,0.0,0.0
2020-02-19 00:00:00+05:30,10376.68636525373,10376.68636525373,10257.202819861084,10271.6787109375,1660,0.0,0.0
2020-02-20 00:00:00+05:30,10302.192481007385,10302.238256701643,10202.05590591384,10248.7919921875,4317,0.0,0.0
2020-02-24 00:00:00+05:30,10271.907380090233,10379.85633571152,10110.14505914393,10279.3984375,3253,0.0,0.0
2020-02-25 00:00:00+05:30,10248.930279658784,10293.920606888045,10248.930279658784,10273.1025390625,2692,0.0,0.0
2020-02-26 00:00:00+05:30,10273.10195052032,10352.834230210437,10207.61578420423,10334.4521484375,6386,0.0,0.0
2020-02-27 00:00:00+05:30,10364.736971545946,10364.736971545946,10282.936706363043,10334.8203125,3181,0.0,0.0
2020-02-28 00:00:00+05:30,10156.239879372077,10637.482491062652,10111.15709922564,10236.1552734375,12835,0.0,0.0
2020-03-02 00:00:00+05:30,10183.718951201823,10279.398224177152,10020.118425458062,10080.1357421875,12176,0.0,0.0
2020-03-03 00:00:00+05:30,10045.258167313597,10186.707770292935,9881.381164452005,9974.119140625,4765,0.0,0.0
2020-03-04 00:00:00+05:30,9974.20893431857,10081.377007582467,9448.389854090194,9579.9599609375,4266,0.0,0.0
2020-03-05 00:00:00+05:30,9687.357484888209,9702.063150899425,9293.980919088195,9465.1640625,5875,0.0,0.0
2020-03-06 00:00:00+05:30,9464.935063737963,9832.530968511912,9202.209486856118,9640.0244140625,8612,0.0,0.0
2020-03-09 00:00:00+05:30,9593.60966874875,9716.080303770857,9381.756150005063,9624.4912109375,5189,0.0,0.0
2020-03-11 00:00:00+05:30,9558.684954778317,9820.629686712145,9191.04322574838,9243.9375,5478,0.0,0.0
2020-03-12 00:00:00+05:30,9191.041611460605,9191.041611460605,8179.199481429844,8786.314453125,13463,0.0,0.0
2020-03-13 00:00:00+05:30,8234.850645520217,9549.444938422832,7720.473724594128,9298.62109375,11425,0.0,0.0
2020-03-16 00:00:00+05:30,9191.042375763685,9640.300347578468,9007.267303947745,9273.4404296875,25807,0.0,0.0
2020-03-17 00:00:00+05:30,9270.084188814088,9554.822466737078,8986.081014677307,9194.671875,5105,0.0,0.0
2020-03-18 00:00:00+05:30,9347.241198298125,9419.11530518184,9021.418854908086,9227.068359375,10373,0.0,0.0
2020-03-19 00:00:00+05:30,9103.21994545799,9374.860957715367,7882.2818122928775,8737.921875,12781,0.0,0.0
2020-03-20 00:00:00+05:30,8961.26455047645,9191.04056459123,8712.003350852225,9031.8515625,7086,0.0,0.0
2020-03-23 00:00:00+05:30,7928.192898695245,9007.22123895356,7928.192898695245,8196.25,6146,0.0,0.0
2020-03-24 00:00:00+05:30,7929.111895141025,8455.528823150997,7929.111895141025,8304.427734375,5268,0.0,0.0
2020-03-25 00:00:00+05:30,8547.578496372837,8713.10882289663,8047.21775304551,8389.6298828125,5453,0.0,0.0
2020-03-26 00:00:00+05:30,8385.907842544091,8926.846512300415,8225.983690351777,8666.6484375,12295,0.0,0.0
2020-03-27 00:00:00+05:30,8777.44506084964,9823.38563459277,8732.408955301826,9074.7294921875,13342,0.0,0.0
2020-03-30 00:00:00+05:30,9123.947895904372,9431.618043799403,8918.52809589081,9265.7197265625,3710,0.0,0.0
2020-03-31 00:00:00+05:30,9485.108769641638,9696.548493535545,9200.186491632536,9438.6015625,16267,0.0,0.0
2020-04-01 00:00:00+05:30,9339.292528497772,9649.99549719885,9305.929228406232,9568.4716796875,5079,0.0,0.0
2020-04-03 00:00:00+05:30,9486.073531325566,9650.593167223957,9181.895846223259,9524.7216796875,10634,0.0,0.0
2020-04-07 00:00:00+05:30,9577.064328046645,9834.367689769968,9384.144026367398,9651.1904296875,10368,0.0,0.0
2020-04-08 00:00:00+05:30,9649.445692135756,10293.002663993435,9584.603067163944,10092.0859375,18803,0.0,0.0
2020-04-09 00:00:00+05:30,10413.449555365292,10643.225582624014,9928.162585794871,10019.9814453125,8383,0.0,0.0
2020-04-13 00:00:00+05:30,10109.226402755423,10312.118640996014,9696.548645246816,10242.9560546875,4023,0.0,0.0
2020-04-15 00:00:00+05:30,10156.101070444034,10477.787529688867,10111.110741845687,10231.7431640625,6247,0.0,0.0
2020-04-16 00:00:00+05:30,10231.83539751415,10271.4942030453,9972.280026553723,10143.2333984375,7335,0.0,0.0
2020-04-17 00:00:00+05:30,10166.209362733229,10385.875219138006,10042.63565019302,10141.3935546875,4394,0.0,0.0
2020-04-20 00:00:00+05:30,10270.898106411176,10280.226475705918,9891.537839631732,9968.55859375,2346,0.0,0.0
2020-04-21 00:00:00+05:30,9834.414412551654,10109.226553612678,9650.593582410502,9897.373046875,3126,0.0,0.0
2020-04-22 00:00:00+05:30,9788.459315233627,10064.190563550066,9489.750462890817,9866.3076171875,27163,0.0,0.0
2020-04-23 00:00:00+05:30,9927.244835612766,10115.706979361252,9793.055617392281,9966.99609375,2690,0.0,0.0
2020-04-24 00:00:00+05:30,9907.942431853782,9970.441512128928,9595.44703047806,9625.8232421875,3077,0.0,0.0
2020-04-27 00:00:00+05:30,9816.03264240807,9981.425619111742,9613.875498504369,9645.447265625,3954,0.0,0.0
2020-04-28 00:00:00+05:30,9796.731291773947,9880.139994722487,9558.683313110896,9683.95703125,3045,0.0,0.0
2020-04-29 00:00:00+05:30,9733.31179368549,9834.413238190251,9409.327619249783,9674.443359375,3315,0.0,0.0
2020-04-30 00:00:00+05:30,9721.364256455103,9779.267815891302,9520.08045460546,9702.2470703125,16813,0.0,0.0
2020-05-04 00:00:00+05:30,9520.079236390662,9788.457604514439,9359.604036941651,9486.1181640625,4989,0.0,0.0
2020-05-05 00:00:00+05:30,9649.673535830145,9649.673535830145,9191.132160801153,9256.3427734375,4862,0.0,0.0
2020-05-06 00:00:00+05:30,9238.83414721969,9535.70476297297,9157.952988748208,9322.7939453125,5056,0.0,0.0
2020-05-07 00:00:00+05:30,9324.311945067766,9502.709708126247,9204.230624423855,9337.4091796875,3153,0.0,0.0
2020-05-08 00:00:00+05:30,9464.015256186785,9511.808671096149,9190.949777335456,9216.73046875,6290,0.0,0.0
2020-05-11 00:00:00+05:30,9238.833767803832,9346.323164302476,9190.121253906736,9235.8466796875,3680,0.0,0.0
2020-05-12 00:00:00+05:30,9319.670037022099,9397.83966321682,9121.189322030683,9365.0732421875,2687,0.0,0.0
2020-05-13 00:00:00+05:30,9512.729167260035,9512.729167260035,9238.376543450651,9296.5556640625,2045,0.0,0.0
2020-05-14 00:00:00+05:30,9227.803891857728,9388.692862870103,9227.803891857728,9304.640625,2735,0.0,0.0
2020-05-15 00:00:00+05:30,9282.7673599115,9282.951360243034,9210.342136732223,9260.6630859375,934,0.0,0.0
2020-05-18 00:00:00+05:30,9219.534643072346,9282.95283571236,9093.571586333963,9262.134765625,2141,0.0,0.0
2020-05-19 00:00:00+05:30,9282.95169434234,9282.95169434234,9173.256975672364,9243.2919921875,1529,0.0,0.0
2020-05-20 00:00:00+05:30,9181.897332047074,9282.907249234588,9172.752065148572,9210.0224609375,1255,0.0,0.0
2020-05-21 00:00:00+05:30,9236.99764398682,9273.670262314909,9145.087219668545,9169.4892578125,1311,0.0,0.0
2020-05-22 00:00:00+05:30,9174.497725951325,9227.759991540683,9122.15456452205,9137.4580078125,956,0.0,0.0
2020-05-26 00:00:00+05:30,9054.185816213589,9236.995976200436,9054.185816213589,9210.06640625,2021,0.0,0.0
2020-05-27 00:00:00+05:30,9282.952762764562,9328.862198762265,9099.177691676296,9108.552734375,5675,0.0,0.0
2020-05-28 00:00:00+05:30,9180.011745165619,9180.011745165619,8946.559303908904,8997.6611328125,5821,0.0,0.0
2020-05-29 00:00:00+05:30,9053.175627167968,9143.247831377355,8961.26521470941,9092.97265625,7120,0.0,0.0
2020-06-01 00:00:00+05:30,9184.607202139769,9263.604378452439,9131.942717118853,9209.1474609375,3763,0.0,0.0
2020-06-02 00:00:00+05:30,9278.081419938386,9328.907703084027,9136.034044228105,9219.580078125,6891,0.0,0.0
2020-06-03 00:00:00+05:30,9223.20912924486,9328.906094851554,9191.040487538477,9256.296875,2557,0.0,0.0
2020-06-04 00:00:00+05:30,9319.715723611836,9374.861970497115,9244.349186201958,9325.828125,3083,0.0,0.0
2020-06-05 00:00:00+05:30,9325.828795733603,9356.480561140166,9227.805975819967,9253.4951171875,2264,0.0,0.0
2020-06-08 00:00:00+05:30,9246.186152037195,9365.531446276815,9239.706648411338,9263.2353515625,5816,0.0,0.0
2020-06-09 00:00:00+05:30,9282.951572671862,9316.912649274505,9099.130749450636,9130.1962890625,4470,0.0,0.0
2020-06-10 00:00:00+05:30,9099.129853512684,9186.490511634158,9099.129853512684,9148.0263671875,1988,0.0,0.0
2020-06-11 00:00:00+05:30,9181.851277429467,9181.851277429467,9114.80244419435,9162.3203125,1412,0.0,0.0
2020-06-12 00:00:00+05:30,9009.10290229584,9171.738529528553,9007.218918667184,9154.6435546875,2738,0.0,0.0
2020-06-15 00:00:00+05:30,9068.157581239413,9236.905650753593,9068.157581239413,9191.0419921875,8090,0.0,0.0
2020-06-16 00:00:00+05:30,9192.879724834642,9282.951931696649,9086.217867547824,9108.2763671875,11660,0.0,0.0
2020-06-17 00:00:00+05:30,9135.619491031784,9236.996496953485,9044.582406561898,9179.4609375,5920,0.0,0.0
2020-06-18 00:00:00+05:30,9172.660785161432,9227.80704238685,9099.132442194204,9197.1552734375,2357,0.0,0.0
2020-06-19 00:00:00+05:30,9209.423275278865,9242.005695820195,8983.277886240254,9043.0654296875,10164,0.0,0.0
2020-06-22 00:00:00+05:30,9144.167937196897,9144.167937196897,9054.09572312058,9078.083984375,15029,0.0,0.0
2020-06-23 00:00:00+05:30,9095.317229579518,9135.896040333047,9078.911578109643,9117.2841796875,22063,0.0,0.0
2020-06-24 00:00:00+05:30,9164.387179216743,9236.996404686417,8998.627110223362,9148.3486328125,9382,0.0,0.0
2020-06-25 00:00:00+05:30,9054.369211579762,9281.112351796179,9053.174555871694,9125.9677734375,15190,0.0,0.0
2020-06-26 00:00:00+05:30,9126.749202073135,9411.534137052218,9061.906589366994,9345.4501953125,5492,0.0,0.0
2020-06-29 00:00:00+05:30,9345.451281861298,9374.862615557166,9190.122675780009,9351.9765625,2474,0.0,0.0
2020-06-30 00:00:00+05:30,9353.721779863765,9374.815397014856,9282.996544739533,9330.4228515625,1673,0.0,0.0
2020-07-01 00:00:00+05:30,9205.7459945136,9462.130244031056,9205.7459945136,9405.5595703125,4146,0.0,0.0
2020-07-02 00:00:00+05:30,9485.154624621508,9544.89639309054,9301.333798562951,9409.7880859375,4465,0.0,0.0
2020-07-03 00:00:00+05:30,9507.168025917743,9537.268688331016,9361.62733797122,9511.07421875,2758,0.0,0.0
2020-07-06 00:00:00+05:30,9528.352228029013,9558.591112018088,9385.707091847244,9484.8330078125,3837,0.0,0.0
2020-07-07 00:00:00+05:30,9484.833992198357,9551.285046175175,9398.391524360182,9515.3017578125,2548,0.0,0.0
2020-07-08 00:00:00+05:30,9512.727171733286,10434.358782501937,9228.724012693132,10083.03125,29829,0.0,0.0
2020-07-09 00:00:00+05:30,9823.385078485178,9917.271925699535,9685.519457061828,9763.5517578125,7292,0.0,0.0
2020-07-10 00:00:00+05:30,9784.781402221935,9784.781402221935,9489.794787330593,9542.2294921875,3949,0.0,0.0
2020-07-13 00:00:00+05:30,9569.711788405071,9784.782145539799,9421.000926103918,9503.2607421875,5555,0.0,0.0
2020-07-14 00:00:00+05:30,9494.347221330985,9673.572556099576,9282.953236732135,9329.6435546875,6793,0.0,0.0
2020-07-15 00:00:00+05:30,9462.17776238076,9598.573185022868,9301.33452698332,9420.404296875,15092,0.0,0.0
2020-07-16 00:00:00+05:30,9555.925412899434,9632.072829238316,9348.20788444745,9461.2119140625,6262,0.0,0.0
2020-07-17 00:00:00+05:30,9466.7264500276,9661.622294831968,9375.780919861198,9638.369140625,6769,0.0,0.0
2020-07-20 00:00:00+05:30,9661.576548182551,10017.315611483566,9449.952828617077,9814.28515625,9873,0.0,0.0
2020-07-21 00:00:00+05:30,9814.332529309459,9906.058945751693,9651.512866943844,9835.5634765625,4762,0.0,0.0
2020-07-22 00:00:00+05:30,9880.369282135982,9917.087671213281,9683.819225255467,9847.0517578125,4365,0.0,0.0
2020-07-23 00:00:00+05:30,9760.885822529846,9967.454474941671,9760.885822529846,9855.185546875,6669,0.0,0.0
2020-07-24 00:00:00+05:30,9855.184594180517,10016.350025705244,9793.053520266069,9934.87109375,19769,0.0,0.0
2020-07-27 00:00:00+05:30,9935.516099591976,9981.425532497165,9793.054952928076,9826.83203125,2171,0.0,0.0
2020-07-28 00:00:00+05:30,9756.472610502295,9944.75069912674,9627.61405480991,9664.1484375,3542,0.0,0.0
2020-07-29 00:00:00+05:30,9651.512962359122,9673.111910517911,9448.436714945126,9493.8408203125,8399,0.0,0.0
2020-07-30 00:00:00+05:30,9498.941723989585,9639.564663880286,9328.907450265533,9497.103515625,9498,0.0,0.0
2020-07-31 00:00:00+05:30,9526.008984956978,9580.741456416208,9421.78221753231,9514.427734375,2265,0.0,0.0
2020-08-03 00:00:00+05:30,9549.448251757589,9605.099839652417,9397.887588100271,9541.681640625,3275,0.0,0.0
2020-08-04 00:00:00+05:30,9632.211325540695,9632.211325540695,9458.50064419268,9466.1748046875,2447,0.0,0.0
2020-08-05 00:00:00+05:30,9466.174323507239,9584.601423705893,9420.816895819231,9458.8681640625,3514,0.0,0.0
2020-08-06 00:00:00+05:30,9466.72685199049,9526.514396694554,9421.966300927646,9458.0869140625,1007,0.0,0.0
2020-08-07 00:00:00+05:30,9485.15491329852,9581.660849916383,9421.966502417778,9477.2509765625,12864,0.0,0.0
2020-08-10 00:00:00+05:30,9467.692136469308,9540.301366522806,9351.88501005487,9438.142578125,3070,0.0,0.0
2020-08-11 00:00:00+05:30,9504.961351552083,9505.007127247096,9361.07577625144,9373.25390625,13363,0.0,0.0
2020-08-12 00:00:00+05:30,9373.30179137892,9418.98145746801,9330.287886952234,9351.2890625,2799,0.0,0.0
2020-08-13 00:00:00+05:30,9384.054017606624,9402.43610187226,9306.389711584317,9331.34375,1588,0.0,0.0
2020-08-14 00:00:00+05:30,9446.551387918582,9446.551387918582,9179.092110443946,9232.30859375,18382,0.0,0.0
2020-08-17 00:00:00+05:30,9293.061087552818,9466.771753713187,9204.965323025082,9239.798828125,3837,0.0,0.0
2020-08-18 00:00:00+05:30,9200.27940909649,9281.988136753851,9200.27940909649,9227.208984375,3854,0.0,0.0
2020-08-19 00:00:00+05:30,9227.207812895145,9293.016208027975,9124.406373593689,9143.5693359375,11194,0.0,0.0
2020-08-20 00:00:00+05:30,9190.030356959818,9374.861832695071,9122.108204852802,9265.8564453125,20807,0.0,0.0
2020-08-21 00:00:00+05:30,9332.584527837596,9438.92506877134,9259.377515509146,9345.7275390625,16894,0.0,0.0
2020-08-24 00:00:00+05:30,9419.897353260963,9419.897353260963,9182.81428543997,9339.84375,15208,0.0,0.0
2020-08-25 00:00:00+05:30,9374.862539362155,9604.63858199358,9218.614830372786,9468.2431640625,29767,0.0,0.0
2020-08-26 00:00:00+05:30,9840.939277855792,9840.939277855792,9293.061675757406,9413.6025390625,10518,0.0,0.0
2020-08-27 00:00:00+05:30,9508.130151624551,9551.28226063136,9279.778600805044,9305.7890625,20718,0.0,0.0
2020-08-28 00:00:00+05:30,9373.94183105818,9410.660215899714,9283.088758374186,9313.5107421875,18826,0.0,0.0
2020-08-31 00:00:00+05:30,9439.198777415691,9439.198777415691,9144.90147535902,9178.9541015625,8543,0.0,0.0
2020-09-01 00:00:00+05:30,9278.3572993584,9278.3572993584,9145.178736006706,9190.21484375,2228,0.0,0.0
2020-09-02 00:00:00+05:30,9190.122090697063,9356.479936323241,9168.063591829503,9289.5693359375,71637,0.0,0.0
2020-09-03 00:00:00+05:30,9369.899268300753,9420.817999734147,9282.952370469746,9345.2216796875,3481,0.0,0.0
2020-09-04 00:00:00+05:30,9195.63780874586,9405.193572903187,9195.63780874586,9261.4453125,3955,0.0,0.0
2020-09-07 00:00:00+05:30,9205.794596994901,9347.88866266634,9196.098225981841,9275.96875,4719,0.0,0.0
2020-09-08 00:00:00+05:30,9275.96837088857,9338.09946103333,9229.690931970688,9272.61328125,2038,0.0,0.0
2020-09-09 00:00:00+05:30,9270.959466179236,9347.19934875655,9220.500280170932,9338.8349609375,3370,0.0,0.0
2020-09-10 00:00:00+05:30,9338.098801485572,9360.892406449098,9145.270917164287,9291.1787109375,5260,0.0,0.0
2020-09-11 00:00:00+05:30,9266.406346428972,9350.734136776608,9195.635339815699,9214.9365234375,2770,0.0,0.0
2020-09-14 00:00:00+05:30,9282.952320111279,9315.075191068161,9172.659817298074,9188.744140625,5382,0.0,0.0
2020-09-15 00:00:00+05:30,9191.085537940024,9328.905358687512,9191.085537940024,9266.0849609375,4904,0.0,0.0
2020-09-16 00:00:00+05:30,9310.47831050035,9339.88964028891,9200.277375173822,9226.1962890625,3694,0.0,0.0
2020-09-17 00:00:00+05:30,9282.033751902776,9282.907080446348,9154.324037799985,9169.4892578125,2797,0.0,0.0
2020-09-18 00:00:00+05:30,9226.335446529649,9226.335446529649,9063.515787541304,9101.474609375,4118,0.0,0.0
2020-09-21 00:00:00+05:30,9094.533671989768,9143.751509469195,8949.545022494427,9072.015625,8602,0.0,0.0
2020-09-22 00:00:00+05:30,9069.719414615443,9167.14445088918,8907.40598679198,9139.25,4498,0.0,0.0
2020-09-23 00:00:00+05:30,9191.040811949952,9282.95122006945,9044.07571034184,9153.4033203125,1951,0.0,0.0
2020-09-24 00:00:00+05:30,9153.4032684922,9153.4032684922,9018.98429737842,9057.4951171875,5191,0.0,0.0
2020-09-25 00:00:00+05:30,9058.96630174511,9163.468625969046,8971.37585336849,9095.73046875,7343,0.0,0.0
2020-09-28 00:00:00+05:30,9135.895424172984,9169.028949896008,9066.503059532637,9087.5966796875,2380,0.0,0.0
2020-09-29 00:00:00+05:30,9106.300927569266,9200.325113027193,9069.629206455673,9072.9833984375,8426,0.0,0.0
2020-09-30 00:00:00+05:30,9145.086575213729,9162.549554603585,9080.84083411756,9142.0537109375,2622,0.0,0.0
2020-10-01 00:00:00+05:30,9131.437677317019,9179.920419755725,8989.343641508854,9068.3408203125,7698,0.0,0.0
2020-10-05 00:00:00+05:30,9108.322570756058,9191.041948290673,9036.9079953053,9093.8466796875,5266,0.0,0.0
2020-10-06 00:00:00+05:30,9141.50145925226,9141.593908205172,9030.19830532316,9073.6259765625,15731,0.0,0.0
2020-10-07 00:00:00+05:30,9141.409789136687,9144.947981055546,9063.653937809746,9131.5751953125,13808,0.0,0.0
2020-10-08 00:00:00+05:30,9128.543334782064,9169.397697866003,9062.41360503416,9138.3779296875,7318,0.0,0.0
2020-10-09 00:00:00+05:30,9168.981548395248,9181.84900445755,9064.479243576758,9164.7998046875,2539,0.0,0.0
2020-10-12 00:00:00+05:30,9155.334712099091,9214.984033217715,9134.057091886953,9192.1904296875,2936,0.0,0.0
2020-10-13 00:00:00+05:30,9227.805077251476,9345.450400945518,9155.334078672799,9308.2724609375,4474,0.0,0.0
2020-10-14 00:00:00+05:30,9303.172881753255,9327.390918839037,9207.58604321321,9281.16015625,4296,0.0,0.0
2020-10-15 00:00:00+05:30,9315.119302011908,9315.119302011908,9166.545777207892,9259.1455078125,8392,0.0,0.0
2020-10-16 00:00:00+05:30,9255.33175637244,9337.177790288937,9207.99789908335,9294.439453125,5043,0.0,0.0
2020-10-19 00:00:00+05:30,9356.478105411656,9356.478105411656,9260.982847059346,9328.4912109375,1420,0.0,0.0
2020-10-20 00:00:00+05:30,9279.32185101667,9346.095130690712,9191.042071433096,9268.1552734375,4007,0.0,0.0
2020-10-21 00:00:00+05:30,9229.918814828885,9356.47962741558,9229.918814828885,9331.572265625,4902,0.0,0.0
2020-10-22 00:00:00+05:30,9323.760099178942,9489.749942538643,9228.862599753556,9438.5556640625,4693,0.0,0.0
2020-10-23 00:00:00+05:30,9466.772580360694,9489.750183711083,9366.636005447168,9475.8720703125,6592,0.0,0.0
2020-10-26 00:00:00+05:30,9467.691085290018,9613.828633349538,9383.961063005474,9543.701171875,3905,0.0,0.0
2020-10-27 00:00:00+05:30,9613.783574621984,9613.783574621984,9413.556198229095,9548.1591796875,2939,0.0,0.0
2020-10-28 00:00:00+05:30,9599.996289586466,9599.996289586466,9418.794562139274,9523.296875,2333,0.0,0.0
2020-10-29 00:00:00+05:30,9512.63541063227,9581.70554177544,9466.771759297642,9548.48046875,3158,0.0,0.0
2020-10-30 00:00:00+05:30,9558.637098859994,9558.682874553599,9283.135638124664,9372.1962890625,1751,0.0,0.0
2020-11-02 00:00:00+05:30,9374.861323280567,9554.867492703046,9324.356376149011,9383.271484375,3803,0.0,0.0
2020-11-03 00:00:00+05:30,9384.053916680748,9494.07086933988,9320.681502344003,9375.046875,22504,0.0,0.0
2020-11-04 00:00:00+05:30,9283.042703266705,9440.89882805246,9283.042703266705,9362.3154296875,9500,0.0,0.0
2020-11-05 00:00:00+05:30,9362.317307415116,9512.729078389832,9293.108936241411,9354.18359375,1850,0.0,0.0
2020-11-06 00:00:00+05:30,9356.479978164954,9457.581431760056,9338.925448429398,9431.478515625,1517,0.0,0.0
2020-11-09 00:00:00+05:30,9430.743449026297,9525.595174467522,9396.277044255694,9412.0400390625,1656,0.0,0.0
2020-11-10 00:00:00+05:30,9401.515292945465,10768.223010279506,9173.57748938202,10402.970703125,67479,0.0,0.0
2020-11-11 00:00:00+05:30,10563.264484726487,10563.264484726487,9788.459650425224,10100.3115234375,35295,0.0,0.0
2020-11-12 00:00:00+05:30,10068.831818379618,10082.572605043051,9871.638200953956,9913.9169921875,6803,0.0,0.0
2020-11-13 00:00:00+05:30,10003.4823668897,10043.392344786922,9875.399182010244,9938.234375,3638,105.0,0.0
2020-11-14 00:00:00+05:30,9958.838274480198,10098.708086219835,9940.089686804038,10071.931640625,1443,0.0,0.0
2020-11-17 00:00:00+05:30,10116.622753597005,10142.099444302688,9819.710721862752,9855.6298828125,5047,0.0,0.0
2020-11-18 00:00:00+05:30,9880.084684816622,9981.577216013711,9745.458320438547,9820.2197265625,2835,0.0,0.0
2020-11-19 00:00:00+05:30,9931.273227993779,9931.273227993779,9701.837083169374,9729.44921875,3767,0.0,0.0
2020-11-20 00:00:00+05:30,9729.448320591631,9854.050971331126,9616.447406420062,9745.783203125,37128,0.0,0.0
2020-11-23 00:00:00+05:30,9838.272023124411,10023.853571479245,9797.433912839744,9911.2705078125,7817,0.0,0.0
2020-11-24 00:00:00+05:30,9911.271039702182,9999.76872316179,9810.428383499177,9841.0107421875,18308,0.0,0.0
2020-11-25 00:00:00+05:30,9815.070045550785,10041.257703906018,9815.070045550785,9897.4423828125,12579,0.0,0.0
2020-11-26 00:00:00+05:30,9908.578666427438,9955.867523727746,9783.279917396438,9881.15234375,9320,0.0,0.0
2020-11-27 00:00:00+05:30,9805.974202315027,10023.901055087372,9740.168785612059,9763.9296875,13732,0.0,0.0
2020-12-01 00:00:00+05:30,9856.093376629304,9949.185532580375,9790.287962136039,9893.9150390625,8053,0.0,0.0
2020-12-02 00:00:00+05:30,9893.914471021415,9931.08625277453,9755.668000272251,9801.2392578125,9588,0.0,0.0
2020-12-03 00:00:00+05:30,9886.490179023285,10608.164460895847,9736.50237617958,10162.2861328125,26378,0.0,0.0
2020-12-04 00:00:00+05:30,10206.744606151835,10451.77330270763,9927.97841942381,10154.4443359375,10222,0.0,0.0
2020-12-07 00:00:00+05:30,10209.529531570224,10255.936483986452,10071.376396781428,10172.4501953125,4042,0.0,0.0
2020-12-08 00:00:00+05:30,10200.247781284726,10220.248995793443,10088.871099414466,10148.921875,6289,0.0,0.0
2020-12-09 00:00:00+05:30,10144.559323626654,10203.124532281949,10088.870983332272,10117.8291015625,4105,0.0,0.0
2020-12-10 00:00:00+05:30,10116.715867844145,10562.222621657465,10066.224739857646,10392.791015625,10499,0.0,0.0
2020-12-11 00:00:00+05:30,10393.301087359428,10579.6250017448,10354.133438151695,10519.435546875,12437,0.0,0.0
2020-12-14 00:00:00+05:30,10400.726070174931,10632.853281255346,10400.726070174931,10583.9873046875,6620,0.0,0.0
2020-12-15 00:00:00+05:30,10583.98756649426,10714.437330364599,10441.564446171322,10558.0458984375,7929,0.0,0.0
2020-12-16 00:00:00+05:30,10489.8268035257,10627.09892189679,10358.309328136045,10400.3076171875,5202,0.0,0.0
2020-12-17 00:00:00+05:30,10354.318289909055,10551.501594231302,10260.85451488919,10376.17578125,7041,0.0,0.0
2020-12-18 00:00:00+05:30,10346.892381754828,10422.071632106652,10188.969186517079,10207.7177734375,5851,0.0,0.0
2020-12-21 00:00:00+05:30,10273.616183797532,10273.709541523227,10135.32348131664,10171.6142578125,23534,0.0,0.0
2020-12-22 00:00:00+05:30,10171.47531440928,10238.440905901858,9982.18118383258,10120.2880859375,14999,0.0,0.0
2020-12-23 00:00:00+05:30,10209.529026607075,10320.117151299575,10172.35724083735,10240.3896484375,2273,0.0,0.0
2020-12-24 00:00:00+05:30,10261.364803136625,10393.300119430598,10137.226216694951,10290.23046875,5290,0.0,0.0
2020-12-28 00:00:00+05:30,10442.445066642615,11044.853468893665,9971.321193331334,10181.591796875,86747,0.0,0.0
2020-12-29 00:00:00+05:30,10247.583203799628,10502.543180936196,10135.37083061771,10269.1162109375,35679,0.0,0.0
2020-12-30 00:00:00+05:30,10394.97113315021,10528.80896005857,10219.73866882977,10379.4248046875,19796,0.0,0.0
2020-12-31 00:00:00+05:30,10487.9692380558,10509.316432080162,10172.402022043503,10276.6318359375,13284,0.0,0.0
2021-01-01 00:00:00+05:30,10364.529990516729,10440.591175888369,10163.123792975568,10221.0400390625,10688,0.0,0.0
2021-01-04 00:00:00+05:30,10371.953190228125,10371.953190228125,10172.40330782105,10207.8583984375,15091,0.0,0.0
2021-01-05 00:00:00+05:30,10209.529295116014,10325.546673469604,10177.044429177007,10308.7939453125,7814,0.0,0.0
2021-01-06 00:00:00+05:30,10248.5111388875,10456.460506665566,10248.5111388875,10429.0341796875,9145,0.0,0.0
2021-01-07 00:00:00+05:30,10478.690765464891,10534.37911319987,10397.85020989063,10422.3525390625,5398,0.0,0.0
2021-01-08 00:00:00+05:30,10479.989541800409,10506.533955848328,10292.644132333959,10448.107421875,4725,0.0,0.0
2021-01-11 00:00:00+05:30,10450.845428484448,10534.377940790275,10330.18735515381,10447.4111328125,12010,0.0,0.0
2021-01-12 00:00:00+05:30,10396.131461658337,10534.377950934762,10396.131461658337,10502.681640625,6451,0.0,0.0
2021-01-13 00:00:00+05:30,10541.801733914404,10558.09039049871,10487.969677164358,10525.8837890625,5353,0.0,0.0
2021-01-14 00:00:00+05:30,10532.196738626542,10579.856313055794,10427.037866288445,10541.24609375,4491,0.0,0.0
2021-01-15 00:00:00+05:30,10579.853971801984,10659.581455698224,10516.740534651133,10553.4482421875,14205,0.0,0.0
2021-01-18 00:00:00+05:30,10515.813930107395,10605.286884264691,10428.012351109306,10502.8662109375,9900,0.0,0.0
2021-01-19 00:00:00+05:30,10441.56482900166,10626.264509088,10441.56482900166,10558.2783203125,5458,0.0,0.0
2021-01-20 00:00:00+05:30,10571.502510669052,10612.758467767018,10452.700726528083,10534.376953125,4192,0.0,0.0
2021-01-21 00:00:00+05:30,10497.252438655938,10580.784951430389,10351.39502740713,10421.93359375,9045,0.0,0.0
2021-01-22 00:00:00+05:30,10543.660370255548,10580.785934939546,10441.611293053234,10478.2265625,3854,0.0,0.0
2021-01-25 00:00:00+05:30,10525.467987216207,10571.457093865585,10338.912046283167,10463.79296875,3022,0.0,0.0
2021-01-27 00:00:00+05:30,10533.404092149403,10533.404092149403,10350.374886052852,10422.3056640625,5923,0.0,0.0
2021-01-28 00:00:00+05:30,10413.673216163741,10534.469961579625,10391.536557475994,10454.279296875,6986,0.0,0.0
2021-01-29 00:00:00+05:30,10506.9046911752,10552.94002123775,10397.10512661963,10493.6787109375,3926,0.0,0.0
2021-02-01 00:00:00+05:30,10494.46740627727,10534.887677422817,10348.935396053195,10484.3974609375,3877,0.0,0.0
2021-02-02 00:00:00+05:30,10478.643850623983,10538.137202320399,10302.343653404108,10321.6025390625,20784,0.0,0.0
2021-02-03 00:00:00+05:30,10406.153994437867,10621.575581741832,10302.342018722395,10543.5185546875,9983,0.0,0.0
2021-02-04 00:00:00+05:30,11434.533386887015,11694.551901440418,10952.040669602931,11409.4736328125,131452,0.0,0.0
2021-02-05 00:00:00+05:30,11509.85107628815,11559.46028425891,11230.48125337365,11468.6884765625,23783,0.0,0.0
2021-02-08 00:00:00+05:30,11468.689585326949,11879.251525475513,11467.761446290659,11795.533203125,15820,0.0,0.0
2021-02-09 00:00:00+05:30,11880.181320122078,12052.258683985083,11819.852274355833,11845.7939453125,39465,0.0,0.0
2021-02-10 00:00:00+05:30,11941.1448681052,12039.486456318664,11680.457902674734,11711.01171875,7296,85.0,0.0
2021-02-11 00:00:00+05:30,11772.959029675912,12308.581947434779,11772.959029675912,12167.7734375,34527,0.0,0.0
2021-02-12 00:00:00+05:30,12314.888441955885,12707.320395341429,12146.703319076367,12571.32421875,19946,0.0,0.0
2021-02-15 00:00:00+05:30,12571.837799538434,12894.146079314565,12567.540100318534,12641.7744140625,11080,0.0,0.0
2021-02-16 00:00:00+05:30,12641.914640180323,12894.192315926713,12152.822793356498,12248.875,9423,0.0,0.0
2021-02-17 00:00:00+05:30,12448.501621444151,12593.654354627024,12011.31339271416,12356.2333984375,11865,0.0,0.0
2021-02-18 00:00:00+05:30,12518.58014073287,12612.95068814398,12277.514781999547,12363.802734375,6951,0.0,0.0
2021-02-19 00:00:00+05:30,12363.475318353387,12472.562058333568,12006.549111309025,12078.21484375,11608,0.0,0.0
2021-02-22 00:00:00+05:30,12128.017534539316,12286.859058489368,12006.784077289203,12194.5908203125,8869,0.0,0.0
2021-02-23 00:00:00+05:30,12277.32715047411,12277.32715047411,12025.23651617839,12125.259765625,7409,0.0,0.0
2021-02-24 00:00:00+05:30,12257.985480580719,12258.826771182723,11959.830996275827,12131.70703125,1776,0.0,0.0
2021-02-25 00:00:00+05:30,12169.082183293074,12281.392660012507,12023.46134167849,12173.3798828125,5923,0.0,0.0
2021-02-26 00:00:00+05:30,12172.865647231667,12240.139697477345,12007.99732354677,12071.11328125,4744,0.0,0.0
2021-03-01 00:00:00+05:30,12237.14997505686,12237.14997505686,12096.94916332637,12162.3544921875,4084,0.0,0.0
2021-03-02 00:00:00+05:30,12212.668339479449,12285.922665753968,12166.65102323575,12231.49609375,7291,0.0,0.0
2021-03-03 00:00:00+05:30,12202.764470818302,12244.810749622806,12055.135314126932,12125.025390625,6903,0.0,0.0
2021-03-04 00:00:00+05:30,12192.487458167663,12274.664763194183,12108.068232238087,12175.6689453125,3957,0.0,0.0
2021-03-05 00:00:00+05:30,12175.667505811385,12205.613616278823,12118.71797680062,12153.1962890625,2025,0.0,0.0
2021-03-08 00:00:00+05:30,12198.746447807334,12258.685204458992,12076.017488835238,12152.16796875,1939,0.0,0.0
2021-03-09 00:00:00+05:30,12152.16799270176,12202.623525505467,11913.204983173095,12060.4609375,3308,0.0,0.0
2021-03-10 00:00:00+05:30,12151.516093925033,12240.139948336871,12087.091663383799,12171.791015625,2192,0.0,0.0
2021-03-12 00:00:00+05:30,12171.789420683433,12285.922068017577,11973.985777560556,12097.2275390625,4577,0.0,0.0
2021-03-15 00:00:00+05:30,12140.114892067078,12146.655423891414,12043.454992827748,12140.7216796875,1792,0.0,0.0
2021-03-16 00:00:00+05:30,12140.722239006416,12177.302865808537,12043.455547665622,12080.17578125,6341,0.0,0.0
2021-03-17 00:00:00+05:30,12080.175744513961,12146.702482139435,11992.579332383148,12025.3759765625,1890,0.0,0.0
2021-03-18 00:00:00+05:30,12015.892638023735,12090.64158133959,11609.678849191636,11775.107421875,12610,0.0,0.0
2021-03-19 00:00:00+05:30,11609.445462534293,12165.390738204951,11538.340893942002,12090.408203125,9792,0.0,0.0
2021-03-22 00:00:00+05:30,11979.453049097227,12324.232565134733,11979.453049097227,12164.41015625,6132,0.0,0.0
2021-03-23 00:00:00+05:30,12240.139368572733,12288.819252526793,12042.054670394304,12120.02734375,3207,0.0,0.0
2021-03-24 00:00:00+05:30,12110.685400469814,12214.679698900365,12083.16825963776,12145.7705078125,4077,0.0,0.0
2021-03-25 00:00:00+05:30,12146.7031932949,12174.734046817888,11681.250505560609,11892.8369140625,4518,0.0,0.0
2021-03-26 00:00:00+05:30,12068.122983291321,12146.702439472398,11773.892110753208,11902.3203125,2827,0.0,0.0
2021-03-30 00:00:00+05:30,11782.489028287435,12076.625932332483,11315.121086309198,11570.294921875,17584,0.0,0.0
2021-03-31 00:00:00+05:30,11664.292423577104,11913.11278497787,11566.557633173323,11846.7265625,9322,0.0,0.0
2021-04-01 00:00:00+05:30,11791.645151035758,11956.139352761918,11609.444611855728,11742.6376953125,7404,0.0,0.0
2021-04-05 00:00:00+05:30,11751.701675734963,11751.748211331342,11447.099736019238,11710.9638671875,3634,0.0,0.0
2021-04-06 00:00:00+05:30,11752.40294861133,11857.051472243424,11616.032658760716,11791.599609375,4047,0.0,0.0
2021-04-07 00:00:00+05:30,11791.597831032697,12081.296486564888,11714.700047489305,12050.416015625,3821,0.0,0.0
2021-04-08 00:00:00+05:30,12043.922534796871,12450.36988178187,11830.374346821758,12327.5478515625,5373,0.0,0.0
2021-04-09 00:00:00+05:30,12313.954525948619,12428.881030743494,12147.264010919578,12392.1142578125,2751,0.0,0.0
2021-04-12 00:00:00+05:30,12426.078564091484,12449.344539742497,12054.202538186648,12314.609375,5728,0.0,0.0
2021-04-13 00:00:00+05:30,12290.360654045238,12753.336893070566,12216.77966752002,12651.912109375,9205,0.0,0.0
2021-04-15 00:00:00+05:30,12800.709673872649,12814.77163597519,12529.791297005271,12718.8125,5797,0.0,0.0
2021-04-16 00:00:00+05:30,12718.533179469378,13195.057710877647,12688.774120287106,13041.962890625,5329,0.0,0.0
2021-04-19 00:00:00+05:30,12614.819073742452,13025.003917337219,12614.819073742452,12772.6796875,3089,0.0,0.0
2021-04-20 00:00:00+05:30,12772.724288587744,12884.80115567544,12669.944502798084,12730.0703125,5471,0.0,0.0
2021-04-22 00:00:00+05:30,12707.319571429904,12786.180066696475,12595.289234634965,12717.45703125,9179,0.0,0.0
2021-04-23 00:00:00+05:30,12759.784218432464,12889.519978786635,12568.099545825227,12728.576171875,4803,0.0,0.0
2021-04-26 00:00:00+05:30,12728.577538611902,12772.53907994103,12613.884624709452,12638.0849609375,22700,0.0,0.0
2021-04-27 00:00:00+05:30,12658.734711214769,12754.039622680955,12328.90496859159,12526.0087890625,28339,0.0,0.0
2021-04-28 00:00:00+05:30,12618.742978225213,12618.742978225213,12500.68581905427,12522.7373046875,1376,0.0,0.0
2021-04-29 00:00:00+05:30,12542.124195423812,12706.15120990892,12520.44682141958,12595.3828125,6470,0.0,0.0
2021-04-30 00:00:00+05:30,12605.47244974363,12683.958824792067,12361.650605716728,12659.1982421875,5924,0.0,0.0
2021-05-03 00:00:00+05:30,12679.287231230153,12697.974463700648,12520.445755230954,12653.265625,2539,0.0,0.0
2021-05-04 00:00:00+05:30,12711.33776414177,12986.69436283162,12660.602102048239,12895.640625,6612,0.0,0.0
2021-05-05 00:00:00+05:30,12613.883061990951,12796.0835951086,12240.278897913988,12668.9638671875,30087,0.0,0.0
2021-05-06 00:00:00+05:30,12707.31970911591,12807.856667711801,12520.447360452441,12544.5537109375,5910,0.0,0.0
2021-05-07 00:00:00+05:30,12529.79145763224,12697.976577868914,12333.575484022787,12609.7724609375,13843,0.0,0.0
2021-05-10 00:00:00+05:30,12699.845078458393,12986.647604008076,12492.416767141605,12866.2080078125,9426,0.0,0.0
2021-05-11 00:00:00+05:30,12941.733825553658,13107.520269815313,12873.576807241361,12933.3740234375,4974,150.0,0.0
2021-05-12 00:00:00+05:30,12970.073019847301,13064.349112648712,12837.82172904041,12898.515625,6846,0.0,0.0
2021-05-14 00:00:00+05:30,12910.560619865015,12910.560619865015,12663.061762588024,12788.322265625,6034,0.0,0.0
2021-05-17 00:00:00+05:30,12678.175076642427,12780.244545446923,12639.49139095622,12688.046875,6604,0.0,0.0
2021-05-18 00:00:00+05:30,12686.677438968214,12704.625828494678,12632.785222287168,12656.9208984375,1687,0.0,0.0
2021-05-19 00:00:00+05:30,12656.450053902476,12743.31100735965,12621.592019052885,12674.115234375,4098,0.0,0.0
2021-05-20 00:00:00+05:30,12697.49424381203,12697.49424381203,12540.25671615308,12561.0390625,2495,0.0,0.0
2021-05-21 00:00:00+05:30,12592.212969096478,12602.934401832115,12529.20448714184,12567.1796875,2113,0.0,0.0
2021-05-24 00:00:00+05:30,12566.090579438387,12566.138550045533,12404.366902560625,12428.8798828125,3397,0.0,0.0
2021-05-25 00:00:00+05:30,12449.663789704138,12573.319115297316,12393.882269190846,12520.5126953125,3248,0.0,0.0
2021-05-26 00:00:00+05:30,12521.362747977319,12691.353066504453,12389.158510922765,12533.1708984375,6144,0.0,0.0
2021-05-27 00:00:00+05:30,12604.400316190226,12604.400316190226,12432.567710535775,12565.763671875,3859,0.0,0.0
2021-05-28 00:00:00+05:30,12565.761964157353,12622.015811001074,12281.421688167926,12358.7890625,10669,0.0,0.0
2021-05-31 00:00:00+05:30,12375.888764218049,12441.069767556042,12327.805597098726,12400.875,3531,0.0,0.0
2021-06-01 00:00:00+05:30,12406.068801951507,12436.34471681671,12252.137559978179,12273.486328125,3732,0.0,0.0
2021-06-02 00:00:00+05:30,12314.15566598446,12452.49924093537,12234.284585463467,12406.1171875,6220,0.0,0.0
2021-06-03 00:00:00+05:30,12460.905814984239,12460.905814984239,12067.930542523209,12090.6962890625,18653,0.0,0.0
2021-06-04 00:00:00+05:30,12186.104980505235,12611.293402153944,12093.434987668783,12136.2275390625,21988,0.0,0.0
2021-06-07 00:00:00+05:30,12280.429703329159,12280.429703329159,12144.352758905094,12186.05859375,15561,0.0,0.0
2021-06-08 00:00:00+05:30,12223.08787289897,12334.650900365452,12186.95493543054,12283.923828125,3681,0.0,0.0
2021-06-09 00:00:00+05:30,12349.437304892566,12422.175518957947,12253.791276657243,12348.3505859375,4322,0.0,0.0
2021-06-10 00:00:00+05:30,12422.175370003391,12422.175370003391,12286.14546481096,12398.1337890625,3225,0.0,0.0
2021-06-11 00:00:00+05:30,12421.230386202622,12424.583716634554,12289.923745113401,12365.826171875,2337,0.0,0.0
2021-06-14 00:00:00+05:30,12365.825702483797,12365.967769297253,12261.583716854082,12302.2978515625,7929,0.0,0.0
2021-06-15 00:00:00+05:30,12314.389908735608,12468.462287598724,12314.389908735608,12424.2998046875,1919,0.0,0.0
2021-06-16 00:00:00+05:30,12424.064128067967,12501.43150224975,12340.93474521593,12472.1943359375,3025,0.0,0.0
2021-06-17 00:00:00+05:30,12469.406999628278,12760.217762808084,12375.933495230985,12612.1435546875,6127,0.0,0.0
2021-06-18 00:00:00+05:30,12721.488984298323,12721.488984298323,12286.38255430173,12526.607421875,6504,0.0,0.0
2021-06-21 00:00:00+05:30,12562.928736467094,12562.928736467094,12201.126968960749,12466.57421875,5606,0.0,0.0
2021-06-22 00:00:00+05:30,12475.64224788874,12751.85889520732,12346.603138036868,12655.0791015625,6793,0.0,0.0
2021-06-23 00:00:00+05:30,12507.193182965852,12918.116826061783,12507.193182965852,12815.3388671875,6963,0.0,0.0
2021-06-24 00:00:00+05:30,12815.33824375114,13353.270513718777,12815.055032651344,13142.376953125,12486,0.0,0.0
2021-06-25 00:00:00+05:30,13168.403746819391,13316.619113665476,12942.678934092697,13047.771484375,6751,0.0,0.0
2021-06-28 00:00:00+05:30,13176.006558172485,13176.1006543711,12777.363400189348,12852.369140625,2934,0.0,0.0
2021-06-29 00:00:00+05:30,12877.49560029616,12941.731933983085,12376.027473158141,12439.6494140625,9370,0.0,0.0
2021-06-30 00:00:00+05:30,12516.639837756955,12647.001822482272,12440.123020635572,12570.5791015625,4305,0.0,0.0
2021-07-01 00:00:00+05:30,12647.001712726093,12705.57014013788,12464.305636278805,12555.2763671875,2717,0.0,0.0
2021-07-02 00:00:00+05:30,12555.277995828865,12916.843616792601,12458.734358779147,12788.41796875,5300,0.0,0.0
2021-07-05 00:00:00+05:30,12847.268073451833,12941.733279874272,12809.907268814113,12847.9765625,17023,0.0,0.0
2021-07-06 00:00:00+05:30,12861.438831332089,12934.129997697919,12753.748487830666,12829.2265625,4382,0.0,0.0
2021-07-07 00:00:00+05:30,12828.376450008971,12829.227005965493,12542.146842913779,12612.806640625,2563,0.0,0.0
2021-07-08 00:00:00+05:30,12699.90171805889,12705.569630161564,12431.620545198974,12457.0791015625,5062,0.0,0.0
2021-07-09 00:00:00+05:30,12516.640863564153,12652.670771817227,12374.943042467201,12407.72265625,2863,0.0,0.0
2021-07-12 00:00:00+05:30,12469.40709352374,12488.300134574532,12381.601500737823,12441.8701171875,5074,0.0,0.0
2021-07-13 00:00:00+05:30,12441.06742234301,12486.457768565304,12265.362142118576,12296.9609375,5087,0.0,0.0
2021-07-14 00:00:00+05:30,12298.425931281163,12372.39200766053,12219.075153323745,12246.6591796875,6370,0.0,0.0
2021-07-15 00:00:00+05:30,12313.586083400052,12313.586083400052,12186.200127977403,12210.9501953125,3287,0.0,0.0
2021-07-16 00:00:00+05:30,12252.136317548884,12318.214908790822,12139.533615771923,12193.7099609375,13779,0.0,0.0
2021-07-19 00:00:00+05:30,12237.967969394027,12239.479043751016,12115.163196254603,12128.482421875,15435,0.0,0.0
2021-07-20 00:00:00+05:30,12213.407616110067,12229.088472755213,12110.487580128447,12135.1435546875,6673,0.0,0.0
2021-07-22 00:00:00+05:30,12201.315956375973,12201.315956375973,12110.534333693953,12126.12109375,4898,0.0,0.0
2021-07-23 00:00:00+05:30,12202.214716838322,12202.214716838322,12072.655296664727,12090.556640625,8829,0.0,0.0
2021-07-26 00:00:00+05:30,12176.565636106012,12176.565636106012,12044.314341377165,12064.8134765625,2828,0.0,0.0
2021-07-27 00:00:00+05:30,12058.483365339238,12160.363719479996,12034.867064192862,12121.5859375,2558,0.0,0.0
2021-07-28 00:00:00+05:30,12091.547204497521,12232.253323070976,12020.934458127507,12041.43359375,3460,0.0,0.0
2021-07-29 00:00:00+05:30,12045.2601033603,12117.289833019246,12045.2601033603,12064.2001953125,1962,0.0,0.0
2021-07-30 00:00:00+05:30,12020.697804470936,12083.04484219943,11954.57215839526,11978.7548828125,3785,0.0,0.0
2021-08-02 00:00:00+05:30,11987.635764588744,12063.207936469524,11945.173466010856,12007.5205078125,7720,0.0,0.0
2021-08-03 00:00:00+05:30,11962.131036545405,12089.94229713854,11962.131036545405,12047.9052734375,6768,0.0,0.0
2021-08-04 00:00:00+05:30,12115.162194293478,12115.162194293478,11926.278837802905,11977.0068359375,2404,0.0,0.0
2021-08-05 00:00:00+05:30,12015.974052752441,12072.369964530684,11926.042993264078,11959.01171875,8298,0.0,0.0
2021-08-06 00:00:00+05:30,11958.350493407124,12035.103473704883,11913.951846342576,11950.1318359375,2447,0.0,0.0
2021-08-09 00:00:00+05:30,12020.697174487555,12020.697174487555,11922.453362609622,11927.791015625,8325,0.0,0.0
2021-08-10 00:00:00+05:30,11930.95547260387,12020.697417963915,11864.829828654363,11889.91015625,3297,0.0,0.0
2021-08-11 00:00:00+05:30,11864.829374760571,11889.15416428287,11628.760465887033,11712.9765625,6029,0.0,0.0
2021-08-12 00:00:00+05:30,11713.685678037911,11982.864470117438,11666.453074497436,11889.580078125,2641,0.0,0.0
2021-08-13 00:00:00+05:30,12062.216118508475,12285.154023381268,11949.849562037381,12157.3427734375,10898,0.0,0.0
2021-08-16 00:00:00+05:30,12231.119805056787,12271.031358165525,11965.530485601834,12115.8251953125,5255,0.0,0.0
2021-08-17 00:00:00+05:30,12115.824152659989,12174.486676785678,11919.6667827128,11964.0654296875,5661,0.0,0.0
2021-08-18 00:00:00+05:30,11913.951062529282,12132.118627137172,11913.006410526226,12098.158203125,9095,0.0,0.0
2021-08-20 00:00:00+05:30,12091.546961149026,12250.248515014107,11787.652194037159,12098.0654296875,16595,0.0,0.0
2021-08-23 00:00:00+05:30,12137.835068883025,12171.134056055422,11902.616691409925,12049.982421875,8328,0.0,0.0
2021-08-24 00:00:00+05:30,12091.54602019627,12373.996978011792,11985.887059329178,12316.892578125,5642,0.0,0.0
2021-08-25 00:00:00+05:30,12373.052027089761,12459.015360000523,12285.152342060826,12399.974609375,4497,0.0,0.0
2021-08-26 00:00:00+05:30,12105.71703843366,13308.16510296881,12045.259302151198,12837.775390625,71955,0.0,0.0
2021-08-27 00:00:00+05:30,12743.357775594086,13107.615283406905,12470.40034652107,12976.8759765625,17372,0.0,0.0
2021-08-30 00:00:00+05:30,12823.652044713272,13177.896576335184,12823.652044713272,13041.724609375,8693,0.0,0.0
2021-08-31 00:00:00+05:30,12941.923458050675,13154.28107503249,12941.923458050675,13105.7255859375,5588,0.0,0.0
2021-09-01 00:00:00+05:30,13154.280154972172,13185.878951408737,12788.038360697266,12994.8701171875,7467,0.0,0.0
2021-09-02 00:00:00+05:30,12994.870198559474,13120.981251463258,12828.375269164027,12853.314453125,10035,0.0,0.0
2021-09-03 00:00:00+05:30,12930.39879021401,12943.623920478694,12733.911140567274,12851.5673828125,11566,0.0,0.0
2021-09-06 00:00:00+05:30,12801.972811505831,12908.529388080178,12781.143416382833,12847.4111328125,6306,0.0,0.0
2021-09-07 00:00:00+05:30,12847.410623720227,13304.952499240117,12766.973128419908,13190.3193359375,20602,0.0,0.0
2021-09-08 00:00:00+05:30,13178.840182336417,13602.988934531173,12895.77483873226,13002.2373046875,22907,0.0,0.0
2021-09-09 00:00:00+05:30,13002.23877595248,13484.908959244767,12986.747034753336,13394.6005859375,26481,0.0,0.0
2021-09-13 00:00:00+05:30,13484.954919304984,13782.898541730223,13390.6788302139,13416.798828125,20809,0.0,0.0
2021-09-14 00:00:00+05:30,13536.771367615342,13695.567026835943,13035.444281392603,13115.880859375,22543,0.0,0.0
2021-09-15 00:00:00+05:30,13317.706465233347,13461.293596933974,13087.211332766547,13177.189453125,10688,0.0,0.0
2021-09-16 00:00:00+05:30,13256.20867141686,13348.878672361801,13160.420580568143,13294.6552734375,14896,0.0,0.0
2021-09-17 00:00:00+05:30,13389.498636247938,13401.495902214976,13112.71557568489,13152.580078125,4730,0.0,0.0
2021-09-20 00:00:00+05:30,13150.50058877996,13156.310567627404,12984.288883654395,13095.474609375,3823,0.0,0.0
2021-09-21 00:00:00+05:30,13095.476338901375,13366.827663735872,12989.911463182472,13288.232421875,4136,0.0,0.0
2021-09-22 00:00:00+05:30,13299.756276191785,13376.273092611384,13178.226420367553,13293.6630859375,2859,0.0,0.0
2021-09-23 00:00:00+05:30,13357.380609549922,13697.45536339985,13217.005677382147,13479.94921875,4607,0.0,0.0
2021-09-24 00:00:00+05:30,13650.032692725283,13650.032692725283,12965.396135280147,13286.9560546875,5615,0.0,0.0
2021-09-27 00:00:00+05:30,13357.378595452674,13405.177615198352,12752.754298341184,12903.8515625,6018,0.0,0.0
2021-09-28 00:00:00+05:30,12963.743243282488,13129.718792329943,12870.931179727813,13017.447265625,3900,0.0,0.0
2021-09-29 00:00:00+05:30,13072.568485748627,13200.994127174616,12875.797631801637,12939.23046875,10065,0.0,0.0
2021-09-30 00:00:00+05:30,13030.531249785328,13497.189393717033,12936.066038463121,13294.8447265625,6277,0.0,0.0
2021-10-01 00:00:00+05:30,13318.648925070796,13319.593577097541,13141.054344042828,13270.7548828125,2244,0.0,0.0
2021-10-04 00:00:00+05:30,13413.114546615016,13416.278761998725,13083.4309789857,13199.0087890625,2475,0.0,0.0
2021-10-05 00:00:00+05:30,13198.679291134184,13271.228388735963,13023.16311346272,13078.56640625,2825,0.0,0.0
2021-10-06 00:00:00+05:30,13194.28625260352,13194.334223218384,13012.582788621581,13089.099609375,8184,0.0,0.0
2021-10-07 00:00:00+05:30,13196.789204008925,13276.282043415735,12970.261825796795,13013.7158203125,2580,0.0,0.0
2021-10-08 00:00:00+05:30,13086.26542681834,13119.328250029099,12889.777791737259,12982.0234375,5148,0.0,0.0
2021-10-11 00:00:00+05:30,13014.473612709371,13133.925070226718,12908.672564250095,12929.21875,1734,0.0,0.0
2021-10-12 00:00:00+05:30,13044.70136552407,13045.646017661482,12894.501675675541,13015.9365234375,2529,0.0,0.0
2021-10-13 00:00:00+05:30,13083.431867871937,13092.878389076177,12867.248599117647,12956.0458984375,3960,0.0,0.0
2021-10-14 00:00:00+05:30,12956.045421667766,13130.66399069761,12811.324537642033,13026.0908203125,6981,0.0,0.0
2021-10-18 00:00:00+05:30,13130.664251020642,13317.705367689858,13063.168673659615,13280.1083984375,6859,0.0,0.0
2021-10-19 00:00:00+05:30,13348.076967016154,13519.767495544767,13181.156747350062,13267.9697265625,4311,0.0,0.0
2021-10-20 00:00:00+05:30,13319.594169325761,13602.989789949714,13131.98663747742,13525.5283203125,10312,0.0,0.0
2021-10-21 00:00:00+05:30,13543.47758630696,14003.523173565905,13158.957121335505,13892.1962890625,15283,0.0,0.0
2021-10-22 00:00:00+05:30,13872.215070029484,13882.46417555729,13508.571086330141,13714.4111328125,5662,0.0,0.0
2021-10-25 00:00:00+05:30,13716.347960384352,13785.260512910816,13336.597830902636,13698.9189453125,5109,0.0,0.0
2021-10-26 00:00:00+05:30,13698.918694232825,13754.133790828166,13555.75686115276,13622.5439453125,4864,0.0,0.0
2021-10-27 00:00:00+05:30,13418.78359281893,13681.396886645307,13206.283910308492,13276.849609375,7135,0.0,0.0
2021-10-28 00:00:00+05:30,13193.011529566993,13413.115473888138,13192.066877445443,13225.4599609375,5136,0.0,0.0
2021-10-29 00:00:00+05:30,13310.147272507882,13654.945267856738,12811.65420541487,13440.3671875,4743,0.0,0.0
2021-11-01 00:00:00+05:30,13692.684954547178,13843.593125462887,13348.925691043385,13635.1552734375,5315,0.0,0.0
2021-11-02 00:00:00+05:30,13754.135946890607,13896.872524422599,13415.005809189113,13543.76171875,6691,0.0,0.0
2021-11-03 00:00:00+05:30,13555.757695117312,13840.050930375464,13300.795723191875,13658.9609375,5789,0.0,0.0
2021-11-04 00:00:00+05:30,13754.134350171738,13855.165075110284,13414.248714674663,13613.853515625,1010,0.0,0.0
2021-11-08 00:00:00+05:30,13741.806744506393,13741.806744506393,13458.079939084157,13575.216796875,1682,0.0,0.0
2021-11-09 00:00:00+05:30,13753.569029578333,13753.569029578333,13532.470404527758,13680.994140625,11531,80.0,0.0
2021-11-10 00:00:00+05:30,13522.400466150668,13811.182323664529,13522.400466150668,13730.3427734375,19430,0.0,0.0
2021-11-11 00:00:00+05:30,13816.88140823392,14058.166239976197,13774.134095523674,13911.828125,20864,0.0,0.0
2021-11-12 00:00:00+05:30,14016.226874641374,14192.108699914575,13964.170329470082,14123.0478515625,16118,0.0,0.0
2021-11-15 00:00:00+05:30,14225.355724490248,14485.449188194798,14012.236993270895,14375.4462890625,21601,0.0,0.0
2021-11-16 00:00:00+05:30,14391.59564815294,14480.605240436138,14342.198752198883,14344.0986328125,8023,0.0,0.0
2021-11-17 00:00:00+05:30,14343.148550075413,14413.634305675903,14208.731997996754,14289.001953125,19555,0.0,0.0
2021-11-18 00:00:00+05:30,14289.00121132948,14753.094333984345,14249.103720910929,14350.177734375,23757,0.0,0.0
2021-11-22 00:00:00+05:30,14391.596452121468,14463.45981141654,14097.637222222611,14330.419921875,28035,0.0,0.0
2021-11-23 00:00:00+05:30,14354.83303422968,14752.573233470905,14210.869763645613,14500.6015625,5233,0.0,0.0
2021-11-24 00:00:00+05:30,14535.03448701637,14571.891979939859,14318.685614104928,14349.986328125,8824,0.0,0.0
2021-11-25 00:00:00+05:30,14344.099947010327,14581.394871856763,14215.335712160313,14448.30859375,23326,0.0,0.0
2021-11-26 00:00:00+05:30,14448.307518876605,14556.790889318008,14250.054787895497,14361.2451171875,6970,0.0,0.0
2021-11-29 00:00:00+05:30,14259.553600202427,14556.884909033508,14019.218708399669,14312.9404296875,4867,0.0,0.0
2021-11-30 00:00:00+05:30,14401.093514200515,14428.594468682682,13979.604859519488,14287.1953125,11467,0.0,0.0
2021-12-01 00:00:00+05:30,14392.212477844518,14458.945779749116,14299.165645739133,14367.798828125,5558,0.0,0.0
2021-12-02 00:00:00+05:30,14439.092117380349,14624.330470202005,14344.09809029232,14507.8681640625,6690,0.0,0.0
2021-12-03 00:00:00+05:30,14393.495894909158,14564.675328085787,14300.401742473763,14366.232421875,2547,0.0,0.0
2021-12-06 00:00:00+05:30,14366.233303883204,14474.004226583904,14259.745357313748,14349.9423828125,2993,0.0,0.0
2021-12-07 00:00:00+05:30,14367.84852556972,14439.094055448577,14296.60299569086,14345.9052734375,28971,0.0,0.0
2021-12-08 00:00:00+05:30,14296.60344612526,14420.095701806076,14155.062322306478,14234.7626953125,53558,0.0,0.0
2021-12-09 00:00:00+05:30,14284.29908107483,14629.080085907448,14250.244093633573,14373.736328125,25931,0.0,0.0
2021-12-10 00:00:00+05:30,14471.390732833266,14660.428855180242,14249.104699520743,14358.8701171875,17850,0.0,0.0
2021-12-13 00:00:00+05:30,14361.102298834192,14362.906628731504,14107.562871114364,14240.0322265625,13110,0.0,0.0
2021-12-14 00:00:00+05:30,14367.657407241017,14474.14627550371,14348.658600522545,14403.185546875,8864,0.0,0.0
2021-12-15 00:00:00+05:30,14458.092097401386,14458.092097401386,14250.055161177279,14268.484375,4388,0.0,0.0
2021-12-16 00:00:00+05:30,14187.547721602014,14277.601871222625,14012.806028135246,14086.9013671875,4857,0.0,0.0
2021-12-17 00:00:00+05:30,14106.612917065839,14163.656644370349,13621.905897474402,13794.8896484375,7290,0.0,0.0
2021-12-20 00:00:00+05:30,13726.638036999771,13727.635288830557,13430.066474637466,13542.349609375,3669,0.0,0.0
2021-12-21 00:00:00+05:30,13584.146235683482,13740.458725888247,13560.397728278442,13678.85546875,7462,0.0,0.0
2021-12-22 00:00:00+05:30,13781.876132949848,13965.024429260387,13670.115290462672,13920.234375,6625,0.0,0.0
2021-12-23 00:00:00+05:30,13982.1714875295,14006.632450625082,13836.450272231397,13971.341796875,1993,0.0,0.0
2021-12-24 00:00:00+05:30,13971.34060256511,13999.363839444155,13641.141748579372,13951.58203125,5779,0.0,0.0
2021-12-27 00:00:00+05:30,13950.822412173431,15497.609924700464,13844.286242824033,14844.2412109375,27137,0.0,0.0
2021-12-28 00:00:00+05:30,15066.052361236181,15165.796087461264,14439.566766517692,14692.15625,20184,0.0,0.0
2021-12-29 00:00:00+05:30,14798.168111413492,15053.65470814169,14017.317284119752,14409.642578125,24943,0.0,0.0
2021-12-30 00:00:00+05:30,14529.337666619196,14899.86171494241,14409.83535601446,14682.84765625,41490,0.0,0.0
2021-12-31 00:00:00+05:30,14610.081593776622,14914.062485194601,14536.508533115402,14685.458984375,16445,0.0,0.0
2022-01-03 00:00:00+05:30,14765.871592282332,14866.565261143753,14553.179594248968,14685.26953125,8950,0.0,0.0
2022-01-04 00:00:00+05:30,14865.473190291988,14928.312113465878,14640.623058919826,14709.2080078125,8531,0.0,0.0
2022-01-05 00:00:00+05:30,14714.576245288112,14847.520584827733,14538.267684717153,14716.5234375,7274,0.0,0.0
2022-01-06 00:00:00+05:30,14716.522789426246,14860.438748302357,14676.57798439552,14719.419921875,80928,0.0,0.0
2022-01-07 00:00:00+05:30,14771.570206127384,14888.128054961091,14734.522538086294,14824.95703125,53559,0.0,0.0
2022-01-10 00:00:00+05:30,14933.061229238952,15284.348959897925,14888.414035996317,14988.96484375,12093,0.0,0.0
2022-01-11 00:00:00+05:30,14990.05831902669,15243.5022120413,14914.063093074716,14962.3671875,5764,0.0,0.0
2022-01-12 00:00:00+05:30,14915.013059216566,15460.278806365812,14915.013059216566,15314.890625,19138,0.0,0.0
2022-01-13 00:00:00+05:30,15314.93788626294,15360.392159644658,14966.452649866838,15192.0634765625,6317,0.0,0.0
2022-01-14 00:00:00+05:30,15236.377204290455,15360.53458651444,15085.858978852135,15213.958984375,37212,0.0,0.0
2022-01-17 00:00:00+05:30,15213.958393209932,15345.382256986062,14914.062067876719,15101.294921875,49975,0.0,0.0
2022-01-18 00:00:00+05:30,15161.047755125615,15418.338723934607,15129.177442403665,15242.6953125,16429,0.0,0.0
2022-01-19 00:00:00+05:30,15151.548941348554,15376.209839444413,15151.548941348554,15194.5810546875,2464,0.0,0.0
2022-01-20 00:00:00+05:30,15194.580578230769,15625.282973010288,15105.333497497842,15188.548828125,9526,0.0,0.0
2022-01-21 00:00:00+05:30,15290.951260407592,15384.282893273547,15010.196595118043,15073.3203125,8075,0.0,0.0
2022-01-24 00:00:00+05:30,14915.962663692986,15199.092185960197,14167.694500181018,14531.6171875,9132,0.0,0.0
2022-01-25 00:00:00+05:30,14367.894387462224,14815.221647000759,13985.305930612512,14103.763671875,9573,0.0,0.0
2022-01-27 00:00:00+05:30,13918.524163763303,14101.862627017896,13821.630260903361,13863.3330078125,5022,0.0,0.0
2022-01-28 00:00:00+05:30,13967.30522378377,14201.608384692647,13660.189690872767,13789.19140625,25963,0.0,0.0
2022-01-31 00:00:00+05:30,13934.67509513709,14132.310000851661,13726.685468462027,14015.5146484375,20591,0.0,0.0
2022-02-01 00:00:00+05:30,14128.081427369465,14225.355683043805,13897.7691487855,14059.4482421875,16079,0.0,0.0
2022-02-02 00:00:00+05:30,14150.928132850218,14150.928132850218,13945.123201721693,14045.4365234375,8585,0.0,0.0
2022-02-03 00:00:00+05:30,14061.965924285227,14405.701442541469,13973.764340612022,14099.345703125,8776,0.0,0.0
2022-02-04 00:00:00+05:30,14202.271727564788,14496.08805817597,14031.710143057693,14362.146484375,38682,0.0,0.0
2022-02-07 00:00:00+05:30,14462.841377761679,14627.750646308938,14040.212558154875,14149.1708984375,3924,0.0,0.0
2022-02-08 00:00:00+05:30,14402.52058754112,14627.380904246285,14292.815230759272,14547.1689453125,16684,95.0,0.0
2022-02-09 00:00:00+05:30,14625.947402977981,14977.29136941877,14473.745966027664,14661.798828125,17467,0.0,0.0
2022-02-10 00:00:00+05:30,14801.141348601677,15009.796642695195,14646.454586487844,14953.5341796875,11333,0.0,0.0
2022-02-11 00:00:00+05:30,14947.654036918231,14953.534044033959,14641.721878823326,14708.0712890625,1932,0.0,0.0
2022-02-14 00:00:00+05:30,14675.181828655717,15005.636703676417,14407.443600325516,14699.7998046875,10264,0.0,0.0
2022-02-15 00:00:00+05:30,14847.26905009707,14864.908136628397,14683.547554615478,14820.30859375,12082,0.0,0.0
2022-02-16 00:00:00+05:30,14799.467866342267,15105.400018618077,14770.78672706641,14903.5322265625,5785,0.0,0.0
2022-02-17 00:00:00+05:30,14847.2702042859,15104.444427399418,14818.589064161717,15081.212890625,3609,0.0,0.0
2022-02-18 00:00:00+05:30,15105.40064731604,15153.011153769381,14961.994944968104,15077.6279296875,3086,0.0,0.0
2022-02-21 00:00:00+05:30,15077.244263878034,15077.244263878034,14531.77699250716,14847.078125,9082,0.0,0.0
2022-02-22 00:00:00+05:30,14703.86243418388,14818.58697853382,14346.304270959903,14752.859375,10697,0.0,0.0
2022-02-23 00:00:00+05:30,14855.873336664577,15057.597339112368,14679.962358226692,14969.880859375,2518,0.0,0.0
2022-02-24 00:00:00+05:30,14533.402364079215,14634.981396775805,14168.530105180735,14353.71484375,25395,0.0,0.0
2022-02-25 00:00:00+05:30,14350.128935184252,14990.674330692143,14311.887419034527,14810.7001953125,21809,0.0,0.0
2022-02-28 00:00:00+05:30,14533.688690620213,14904.631409470405,14491.623021472251,14809.6494140625,2112,0.0,0.0
2022-03-02 00:00:00+05:30,14809.649980197424,14960.129796768879,14625.899295305177,14913.8095703125,10892,0.0,0.0
2022-03-03 00:00:00+05:30,14914.191922625907,14956.640380781088,14446.880762443123,14706.2060546875,21267,0.0,0.0
2022-03-04 00:00:00+05:30,14627.380433483522,14627.380433483522,14123.453210433281,14295.5400390625,27153,0.0,0.0
2022-03-07 00:00:00+05:30,14302.327390085986,14302.327390085986,13384.530980026993,13479.5615234375,8822,0.0,0.0
2022-03-08 00:00:00+05:30,13480.134005361233,14095.822395393336,13114.975153149433,13561.349609375,25833,0.0,0.0
2022-03-09 00:00:00+05:30,13815.943744288414,14511.700378483096,13585.394813864528,14103.7587890625,24173,0.0,0.0
2022-03-10 00:00:00+05:30,14385.83683478396,15105.399149360726,14130.527094748295,14852.6708984375,9764,0.0,0.0
2022-03-11 00:00:00+05:30,14837.708765686306,14837.708765686306,14389.565983217528,14741.626953125,9301,0.0,0.0
2022-03-14 00:00:00+05:30,14637.895799317706,15000.234151348366,14412.27086243318,14877.478515625,39658,0.0,0.0
2022-03-15 00:00:00+05:30,14703.862422273476,14859.887989189156,14605.342906618915,14752.66796875,4660,0.0,0.0
2022-03-16 00:00:00+05:30,14817.631496519278,14817.631496519278,14436.172372246021,14645.3056640625,23315,0.0,0.0
2022-03-17 00:00:00+05:30,14598.89098082625,14913.236073998196,14598.89098082625,14857.35546875,8382,0.0,0.0
2022-03-21 00:00:00+05:30,14857.786300429249,15057.59823896536,14752.04887291463,14812.4697265625,4520,0.0,0.0
2022-03-22 00:00:00+05:30,14780.346899666672,14911.276485352044,14743.444207767958,14806.876953125,3670,0.0,0.0
2022-03-23 00:00:00+05:30,14818.587189447422,14904.582983766526,14580.581371701084,14625.419921875,7325,0.0,0.0
2022-03-24 00:00:00+05:30,14721.071201555438,14722.410028032944,14252.99543133443,14312.5087890625,3631,0.0,0.0
2022-03-25 00:00:00+05:30,14264.08644293683,14405.771456127019,14053.662860216882,14180.337890625,4767,0.0,0.0
2022-03-28 00:00:00+05:30,14149.361219888335,14232.966922741465,13766.946051783243,13836.4501953125,7757,0.0,0.0
2022-03-29 00:00:00+05:30,13964.942408841333,14229.23930279653,13786.068071052765,14105.384765625,7473,0.0,0.0
2022-03-30 00:00:00+05:30,14125.747434526842,14196.780867981595,13097.720006440895,13393.708984375,25447,0.0,0.0
2022-03-31 00:00:00+05:30,13669.4316302584,13948.594732512942,13537.498383302485,13781.861328125,22184,0.0,0.0
2022-04-01 00:00:00+05:30,13862.549967682324,13886.450915902466,13642.08799475205,13774.35546875,5190,0.0,0.0
2022-04-04 00:00:00+05:30,13884.779345270766,13884.87457562159,13533.626762918539,13677.8447265625,30041,0.0,0.0
2022-04-05 00:00:00+05:30,13766.898977200333,13805.188110684205,13590.84421381847,13770.818359375,4485,0.0,0.0
2022-04-06 00:00:00+05:30,13637.88099023708,13862.549902449186,13637.88099023708,13813.4091796875,4472,0.0,0.0
2022-04-07 00:00:00+05:30,13848.209632890577,13924.884062803334,13741.755181170489,13816.5166015625,1908,0.0,0.0
2022-04-08 00:00:00+05:30,13776.506890070745,13884.682957805617,13753.848603879303,13848.353515625,1824,0.0,0.0
2022-04-11 00:00:00+05:30,13881.624253178165,13910.353008576234,13757.386927382267,13866.8056640625,2269,0.0,0.0
2022-04-12 00:00:00+05:30,13908.44023750426,13939.033452214195,13805.18813785823,13828.1806640625,5094,0.0,0.0
2022-04-13 00:00:00+05:30,13933.296517601992,13938.841350760707,13815.703854526306,13871.6796875,1422,0.0,0.0
2022-04-18 00:00:00+05:30,13815.704154755806,13862.502398251412,13679.038345655947,13776.458984375,1820,0.0,0.0
2022-04-19 00:00:00+05:30,13862.502901755182,14191.236183147366,13771.48790060064,13959.1103515625,3725,0.0,0.0
2022-04-20 00:00:00+05:30,14074.551007829348,14074.551007829348,13713.024901117702,13810.3017578125,14996,0.0,0.0
2022-04-21 00:00:00+05:30,13843.429958789822,13847.349341057861,13576.695362208167,13634.4404296875,11037,0.0,0.0
2022-04-22 00:00:00+05:30,13719.145715623163,13803.277062171932,13605.424805351802,13718.0458984375,9511,0.0,0.0
2022-04-25 00:00:00+05:30,13717.185153670072,13717.185153670072,13390.650572331135,13429.943359375,4929,0.0,0.0
2022-04-26 00:00:00+05:30,13538.16743424143,13631.572533159951,13028.88580713792,13214.8828125,65837,0.0,0.0
2022-04-27 00:00:00+05:30,13288.880181281853,13575.739187744615,13195.0922961514,13291.9873046875,14689,0.0,0.0
2022-04-28 00:00:00+05:30,13298.489511976599,13809.01383975485,13298.489511976599,13777.0341796875,19223,0.0,0.0
2022-04-29 00:00:00+05:30,13860.637064347597,13860.637064347597,13360.676872600028,13407.3798828125,5529,0.0,0.0
2022-05-02 00:00:00+05:30,13384.530900032078,13602.507546118315,13053.119981115757,13184.5751953125,8356,0.0,0.0
2022-05-04 00:00:00+05:30,13193.322726673074,13275.541984245096,12732.512469118261,12858.99609375,5746,0.0,0.0
2022-05-05 00:00:00+05:30,12963.874212779641,13008.282360950017,12860.287877459486,12890.1640625,1629,0.0,0.0
2022-05-06 00:00:00+05:30,12889.30269331072,13212.395881461312,12611.907929080786,13151.3046875,4635,0.0,0.0
2022-05-09 00:00:00+05:30,13193.275691992469,13193.323307162353,12812.198416579584,13072.71875,5500,0.0,0.0
2022-05-10 00:00:00+05:30,12863.491085083957,13155.082670438887,12854.886743221025,13010.00390625,4919,0.0,0.0
2022-05-11 00:00:00+05:30,12906.55982289901,13042.125816251058,12792.743692711834,12892.1240234375,1681,0.0,0.0
2022-05-12 00:00:00+05:30,12812.009258822804,12925.586388639016,12672.28392903485,12825.44140625,3830,0.0,0.0
2022-05-13 00:00:00+05:30,12836.721407237683,12986.72413332243,12722.809113350986,12764.4453125,3092,0.0,0.0
2022-05-16 00:00:00+05:30,12767.887175007681,12840.354666893689,12653.162617838014,12696.7099609375,1062,0.0,0.0
2022-05-17 00:00:00+05:30,12746.854175994335,12786.960155316536,12595.608783339849,12645.0361328125,2038,0.0,0.0
2022-05-18 00:00:00+05:30,12700.056011707342,12700.2950211999,12381.647752448414,12440.205078125,10458,0.0,0.0
2022-05-19 00:00:00+05:30,12476.295331429927,12495.416090558554,12238.241880278505,12415.013671875,3592,0.0,0.0
2022-05-20 00:00:00+05:30,12488.962610404467,12619.366558775675,12428.493210744498,12597.9033203125,1408,0.0,0.0
2022-05-23 00:00:00+05:30,12619.700859839004,12887.343868967584,12460.759551661107,12797.0458984375,5298,0.0,0.0
2022-05-24 00:00:00+05:30,12797.045605808646,12944.753464767777,12495.463256566907,12640.16015625,2554,0.0,0.0
2022-05-25 00:00:00+05:30,12571.897657885404,12665.063732578155,12552.012257441658,12651.392578125,942,0.0,0.0
2022-05-26 00:00:00+05:30,12617.501574092837,12686.957167319306,12390.251178635082,12471.275390625,2551,0.0,0.0
2022-05-27 00:00:00+05:30,12556.602354428873,12863.87332303221,12481.40959669333,12837.8212890625,3864,0.0,0.0
2022-05-30 00:00:00+05:30,12810.909486543373,12931.753065898642,12654.597270047116,12786.0048828125,3611,0.0,0.0
2022-05-31 00:00:00+05:30,12858.614821279809,13375.92656745065,12769.320505907697,13211.4404296875,3717,0.0,0.0
2022-06-01 00:00:00+05:30,13109.286658686715,13603.463012981672,13069.563471444953,13485.91796875,4566,0.0,0.0
2022-06-02 00:00:00+05:30,13484.915701345093,13848.210133568498,13140.598249563127,13733.341796875,3833,0.0,0.0
2022-06-03 00:00:00+05:30,13685.683959952703,13687.500805603713,13288.92819024398,13384.484375,2340,0.0,0.0
2022-06-06 00:00:00+05:30,13383.621930637242,13520.813366759097,13050.68173809762,13471.4345703125,3232,0.0,0.0
2022-06-07 00:00:00+05:30,13300.784227143165,13405.374230317724,13176.928750052008,13249.3486328125,1147,0.0,0.0
2022-06-08 00:00:00+05:30,13190.551681727726,13384.579782986577,13055.655091688766,13242.177734375,4353,0.0,0.0
2022-06-09 00:00:00+05:30,13239.214448105302,13239.214448105302,13005.176528469823,13061.53515625,1191,0.0,0.0
2022-06-10 00:00:00+05:30,12959.095032108975,13259.290962767936,12653.16287347564,12961.62890625,6658,0.0,0.0
2022-06-13 00:00:00+05:30,12988.73184043911,13135.866457248101,12675.1513867615,12760.525390625,3859,0.0,0.0
2022-06-14 00:00:00+05:30,12888.109695574296,12930.414378476149,12705.745441031277,12877.498046875,2821,0.0,0.0
2022-06-15 00:00:00+05:30,12762.151030303297,12940.165489397617,12743.986308633077,12783.8056640625,4707,0.0,0.0
2022-06-16 00:00:00+05:30,12840.976111991335,12870.469509300501,12715.304736720667,12774.3876953125,2752,0.0,0.0
2022-06-17 00:00:00+05:30,12582.749624581611,12975.3945950262,12542.118011949438,12797.810546875,4816,0.0,0.0
2022-06-20 00:00:00+05:30,12856.79791193682,12919.274616380482,12606.459756742443,12706.65234375,2450,0.0,0.0
2022-06-21 00:00:00+05:30,12789.876778735676,12829.838981705352,12658.038760808236,12751.3486328125,25517,0.0,0.0
2022-06-22 00:00:00+05:30,12643.601152079642,12791.69179535857,12576.391874836705,12704.1181640625,1462,0.0,0.0
2022-06-23 00:00:00+05:30,12634.997594998726,12792.743857345486,12634.949979827206,12720.2763671875,2498,0.0,0.0
2022-06-24 00:00:00+05:30,12715.305871677569,12801.349294869371,12525.866561497925,12643.125,4049,0.0,0.0
2022-06-27 00:00:00+05:30,12757.370952516892,12857.707326403332,12636.00174282744,12777.734375,2080,0.0,0.0
2022-06-28 00:00:00+05:30,12839.541838819921,12906.512109372394,12562.433683463549,12595.4169921875,5624,0.0,0.0
2022-06-29 00:00:00+05:30,12506.887642425494,12855.84147131139,12506.887642425494,12767.3603515625,13456,0.0,0.0
2022-06-30 00:00:00+05:30,12678.018193412569,12999.151687381209,12678.018193412569,12781.4140625,15592,0.0,0.0
2022-07-01 00:00:00+05:30,12743.98568350408,12858.71023579369,12643.218911624055,12805.2197265625,23356,0.0,0.0
2022-07-04 00:00:00+05:30,12840.545569083415,13183.763189461715,12761.433429567247,13113.9248046875,2710,0.0,0.0
2022-07-05 00:00:00+05:30,13098.77171445258,13252.59860029764,13011.677027128184,13195.8095703125,3132,0.0,0.0
2022-07-06 00:00:00+05:30,13054.699156474708,13480.136075158798,13054.699156474708,13457.716796875,22651,0.0,0.0
2022-07-07 00:00:00+05:30,13480.133794819663,13939.462370320354,13480.086179652917,13645.9111328125,11033,0.0,0.0
2022-07-08 00:00:00+05:30,13777.988588571186,13835.7336544423,13489.790760625767,13628.6552734375,6532,0.0,0.0
2022-07-11 00:00:00+05:30,13621.629664755521,13621.629664755521,13299.444853061066,13427.6015625,5597,0.0,0.0
2022-07-12 00:00:00+05:30,13496.19661806753,13573.779472727289,13336.729671517061,13389.359375,8738,0.0,0.0
2022-07-13 00:00:00+05:30,13395.047478185052,13550.737882109255,13307.57000732259,13485.6796875,20004,0.0,0.0
2022-07-14 00:00:00+05:30,13485.680498860871,13537.832184513352,13155.082748491946,13239.0703125,15823,0.0,0.0
2022-07-15 00:00:00+05:30,13279.223356094539,13441.845971687299,13198.199139772614,13388.9287109375,4484,0.0,0.0
2022-07-18 00:00:00+05:30,13386.442789267596,13541.034305734114,13323.344287332753,13394.712890625,7592,0.0,0.0
2022-07-19 00:00:00+05:30,13327.169032008484,13526.024925742899,13327.169032008484,13457.142578125,1753,0.0,0.0
2022-07-20 00:00:00+05:30,13527.936317087122,13613.97972829121,13288.926841520211,13322.4833984375,3047,0.0,0.0
2022-07-21 00:00:00+05:30,13365.410120135159,13601.885726168928,13365.410120135159,13572.1533203125,2315,0.0,0.0
2022-07-22 00:00:00+05:30,13591.037228508942,13591.037228508942,13385.489043074964,13570.291015625,12435,0.0,0.0
2022-07-25 00:00:00+05:30,13452.410115910885,13805.188122646094,13439.264593979695,13771.009765625,3604,0.0,0.0
2022-07-26 00:00:00+05:30,13742.950770146193,13742.950770146193,13490.651973074388,13553.2724609375,2024,0.0,0.0
2022-07-27 00:00:00+05:30,13613.025140196036,13613.025140196036,13432.333957423576,13529.7060546875,6208,0.0,0.0
2022-07-28 00:00:00+05:30,13575.644084665304,13623.49359883465,13522.105957789205,13593.4736328125,6349,0.0,0.0
2022-07-29 00:00:00+05:30,13618.760449641071,13958.153918200043,13554.514513373606,13851.9384765625,3936,0.0,0.0
2022-08-01 00:00:00+05:30,13805.187233693052,14092.907025542467,13736.3048899353,14027.322265625,7550,0.0,0.0
2022-08-02 00:00:00+05:30,14082.440491124129,14520.831552680702,13962.218706211783,14297.4052734375,8607,0.0,0.0
2022-08-03 00:00:00+05:30,14435.216826883101,14818.588040048218,13969.292111218163,14214.9453125,22825,0.0,0.0
2022-08-04 00:00:00+05:30,14196.207713017802,14243.579207359726,14010.736348190174,14096.1103515625,2748,0.0,0.0
2022-08-05 00:00:00+05:30,14149.313572522258,14245.299219319755,13288.927061413438,13459.3408203125,15891,0.0,0.0
2022-08-08 00:00:00+05:30,13661.735972469778,14077.468740591084,13528.89430012405,13937.2177734375,8871,0.0,0.0
2022-08-10 00:00:00+05:30,14010.54581019246,14094.724771255997,13705.904854832179,13864.94140625,4982,0.0,0.0
2022-08-11 00:00:00+05:30,13958.153762627846,14057.103688273872,13877.894191766578,13970.4384765625,2060,0.0,0.0
2022-08-12 00:00:00+05:30,13970.439232314133,14223.933076339901,13809.107823076845,14123.9794921875,5186,0.0,0.0
2022-08-16 00:00:00+05:30,14197.1633582954,14197.1633582954,13923.497498947787,14017.1416015625,2956,0.0,0.0
2022-08-17 00:00:00+05:30,14077.660160155829,14090.900913577367,13958.155404976236,14022.783203125,12207,0.0,0.0
2022-08-18 00:00:00+05:30,13958.154629114199,14315.712836736713,13843.525300865229,13935.7353515625,8849,0.0,0.0
2022-08-19 00:00:00+05:30,13958.153819961171,14178.042544522203,13848.209457680656,13972.7333984375,3984,0.0,0.0
2022-08-22 00:00:00+05:30,13944.770501837866,14015.51731502421,13747.826670535344,13971.4443359375,2768,0.0,0.0
2022-08-23 00:00:00+05:30,13977.274309994642,14121.63603508419,13673.827502479931,13762.1181640625,8644,0.0,0.0
2022-08-24 00:00:00+05:30,13750.551661595877,13834.20499199053,13504.371860720186,13576.552734375,4273,0.0,0.0
2022-08-25 00:00:00+05:30,13648.016065953065,13669.097451324029,13533.674291534024,13573.7802734375,2241,0.0,0.0
2022-08-26 00:00:00+05:30,13628.034676031464,13628.034676031464,13309.6264159532,13362.6865234375,9919,0.0,0.0
2022-08-29 00:00:00+05:30,13315.697124894934,13509.725221694152,13145.522362672698,13447.9169921875,3816,0.0,0.0
2022-08-30 00:00:00+05:30,13480.134370452044,13552.649471609582,13327.215921842642,13373.7275390625,10136,0.0,0.0
2022-09-01 00:00:00+05:30,13387.399306465912,13527.841653646708,13274.586829270811,13382.236328125,16237,0.0,0.0
2022-09-02 00:00:00+05:30,13455.038659986703,13529.848627134334,13275.064521768922,13472.869140625,11668,0.0,0.0
2022-09-05 00:00:00+05:30,13527.936376132016,13543.806231926621,13279.414135626674,13504.6572265625,11501,0.0,0.0
2022-09-06 00:00:00+05:30,13551.503569502205,13651.265755161243,13366.653073490654,13617.3740234375,9758,0.0,0.0
2022-09-07 00:00:00+05:30,13612.784960828072,13862.549867931317,13586.063514184076,13796.0576171875,11388,0.0,0.0
2022-09-08 00:00:00+05:30,13777.462758245862,14053.757723004244,13586.35040051949,14020.7744140625,15414,0.0,0.0
2022-09-09 00:00:00+05:30,14094.580905561737,14130.240934455003,13944.435331884912,14045.201171875,3964,0.0,0.0
2022-09-12 00:00:00+05:30,14292.766608976786,14297.307789003049,13926.36508369984,14016.0888671875,5958,0.0,0.0
2022-09-13 00:00:00+05:30,14089.896874501806,14101.560725014095,13809.013092346006,14012.79296875,3392,0.0,0.0
2022-09-14 00:00:00+05:30,13986.83603854157,14028.901710837938,13801.317050060705,13965.1337890625,4306,0.0,0.0
2022-09-15 00:00:00+05:30,13982.055891203205,14090.900445150071,13893.239586653915,14037.5537109375,3250,0.0,0.0
2022-09-16 00:00:00+05:30,14094.389866683243,14157.393142778577,13537.831985285196,13743.2373046875,13763,0.0,0.0
2022-09-19 00:00:00+05:30,13742.089852911027,14053.758232766948,13675.453819326094,14021.4443359375,3138,0.0,0.0
2022-09-20 00:00:00+05:30,14053.758506428756,14127.373431938622,13790.704279027852,13982.62890625,18588,0.0,0.0
2022-09-21 00:00:00+05:30,14053.710778357405,14142.765156570555,13754.470888753658,13988.7001953125,11126,0.0,0.0
2022-09-22 00:00:00+05:30,14062.218754766882,14101.560090777553,13843.429838268405,14074.982421875,6778,0.0,0.0
2022-09-23 00:00:00+05:30,14026.033050099886,14096.732244668387,13780.331291946,13975.888671875,7222,0.0,0.0
2022-09-26 00:00:00+05:30,13896.108261028754,14127.326623165953,13509.773659201013,13943.3369140625,8379,0.0,0.0
2022-09-27 00:00:00+05:30,13805.189353934598,13996.396962714856,13528.894359247126,13757.9130859375,23319,0.0,0.0
2022-09-28 00:00:00+05:30,13757.912843862227,13757.912843862227,13543.23469160771,13602.939453125,8133,0.0,0.0
2022-09-29 00:00:00+05:30,13657.862467008787,13719.144124103865,12906.51189375625,13000.490234375,24720,0.0,0.0
2022-09-30 00:00:00+05:30,13144.565530818742,13374.970672496485,13021.809886862597,13274.73046875,14496,0.0,0.0
2022-10-03 00:00:00+05:30,13234.24191939817,13451.310148758026,13137.443077166463,13386.251953125,12283,0.0,0.0
2022-10-04 00:00:00+05:30,13456.71380818287,13537.403794466802,13228.890123608571,13326.931640625,58933,0.0,0.0
2022-10-06 00:00:00+05:30,13393.566495414676,13393.566495414676,13242.27348474331,13301.3564453125,6284,0.0,0.0
2022-10-07 00:00:00+05:30,13341.222644340163,13341.222644340163,13212.539379209606,13244.041015625,4098,0.0,0.0
2022-10-10 00:00:00+05:30,13236.345206743626,13413.212224674113,13194.279537614215,13360.2958984375,16289,0.0,0.0
2022-10-11 00:00:00+05:30,13413.212347176328,13413.212347176328,13193.323620173438,13215.8857421875,4958,0.0,0.0
2022-10-12 00:00:00+05:30,13269.758515393374,13312.827836317208,13204.50892833207,13282.4736328125,5312,0.0,0.0
2022-10-13 00:00:00+05:30,13256.660841298875,13308.047879627178,13210.436781203778,13252.98046875,5866,0.0,0.0
2022-10-14 00:00:00+05:30,13319.283101641233,13320.812389068704,13183.764708068447,13214.2626953125,3889,0.0,0.0
2022-10-17 00:00:00+05:30,13253.792944273091,13272.674693549012,13170.378634180737,13237.970703125,2841,0.0,0.0
2022-10-18 00:00:00+05:30,13237.969410839945,13288.87842606986,13202.882635213562,13233.90625,2054,0.0,0.0
2022-10-19 00:00:00+05:30,13233.906718998413,13270.139994417937,13156.610496337227,13219.900390625,38263,0.0,0.0
2022-10-20 00:00:00+05:30,13233.285942198045,13336.729435369149,13145.521844897907,13250.78125,55810,0.0,0.0
2022-10-21 00:00:00+05:30,13298.48926075677,13513.980610440232,13231.566597330964,13382.333984375,4697,0.0,0.0
2022-10-24 00:00:00+05:30,13383.288054265602,13464.359882167044,13288.926925985865,13339.2626953125,694,0.0,0.0
2022-10-25 00:00:00+05:30,13295.667906298815,13526.93386890937,13295.667906298815,13486.7802734375,2472,0.0,0.0
2022-10-27 00:00:00+05:30,13555.66268311259,13650.3104442825,13392.371580870877,13518.6162109375,11432,0.0,0.0
2022-10-28 00:00:00+05:30,13586.255423257584,13586.255423257584,13406.61551746903,13491.08203125,1587,0.0,0.0
2022-10-31 00:00:00+05:30,13545.049419648944,13582.430127211215,13387.685024815824,13467.6103515625,16614,0.0,0.0
2022-11-01 00:00:00+05:30,13442.085059171679,13553.55871141793,13288.9275918545,13461.158203125,5447,0.0,0.0
2022-11-02 00:00:00+05:30,13527.936890063549,13551.837838632566,13367.656755507402,13494.0927734375,3837,0.0,0.0
2022-11-03 00:00:00+05:30,13446.67431393723,13512.306695327841,13344.378249124484,13376.64453125,27550,0.0,0.0
2022-11-04 00:00:00+05:30,13506.311557670784,13615.088188168853,13352.006849676207,13572.8740234375,6248,65.0,0.0
2022-11-07 00:00:00+05:30,13571.865606277104,13571.865606277104,13222.963965691106,13531.9091796875,4228,0.0,0.0
2022-11-09 00:00:00+05:30,13533.445728476763,13564.46969254906,13303.88621612006,13379.9580078125,7124,0.0,0.0
2022-11-10 00:00:00+05:30,13446.904713616386,13454.828838845278,13197.270381210252,13252.7392578125,8475,0.0,0.0
2022-11-11 00:00:00+05:30,13447.000332561127,13715.748051609939,13176.187163265924,13267.626953125,5624,0.0,0.0
2022-11-14 00:00:00+05:30,13333.997828073512,13446.040536909146,13226.230470153516,13410.646484375,4261,0.0,0.0
2022-11-15 00:00:00+05:30,13446.039243536932,13473.798068202786,13293.319746449828,13439.98828125,17114,0.0,0.0
2022-11-16 00:00:00+05:30,13446.999877965865,13489.26187758233,13331.739879011873,13450.986328125,3403,0.0,0.0
2022-11-17 00:00:00+05:30,13447.001509147967,13482.827975571092,13312.531494056488,13448.154296875,5252,0.0,0.0
2022-11-18 00:00:00+05:30,13448.105283370907,13448.105283370907,13331.740330292663,13441.3330078125,3072,0.0,0.0
2022-11-21 00:00:00+05:30,13437.39539576667,13495.025397464025,13274.110390957498,13428.6064453125,2810,0.0,0.0
2022-11-22 00:00:00+05:30,13427.789835617083,13427.789835617083,13307.727337086886,13401.6162109375,3566,0.0,0.0
2022-11-23 00:00:00+05:30,13401.809773253366,13591.028288934578,13373.09044567798,13539.544921875,2184,0.0,0.0
2022-11-24 00:00:00+05:30,13485.420581963745,13535.366584119165,13331.788412736087,13362.5244140625,1746,0.0,0.0
2022-11-25 00:00:00+05:30,13366.655504292346,13465.251217060375,13342.307201382815,13405.748046875,13963,0.0,0.0
2022-11-28 00:00:00+05:30,13402.433957360132,13592.037054236376,13356.95465235493,13553.28125,18746,0.0,0.0
2022-11-29 00:00:00+05:30,13542.09104461912,13552.656545824226,13379.766526104286,13536.18359375,3429,0.0,0.0
2022-11-30 00:00:00+05:30,13535.701880314917,13639.100081125242,13521.678955426822,13627.23828125,5339,0.0,0.0
2022-12-01 00:00:00+05:30,13652.54823890641,13840.710581176596,13575.94835695532,13704.84765625,4373,0.0,0.0
2022-12-02 00:00:00+05:30,13771.650059988899,13771.842347601356,13523.84104091531,13582.2392578125,17535,0.0,0.0
2022-12-05 00:00:00+05:30,13644.816914379557,13763.630967231085,13447.001726385512,13630.9375,11829,0.0,0.0
2022-12-06 00:00:00+05:30,13621.4275218292,13736.111606260789,13582.191468864572,13695.962890625,3446,0.0,0.0
2022-12-07 00:00:00+05:30,13694.809649429126,13896.89923420784,13654.420810111482,13838.64453125,13385,0.0,0.0
2022-12-08 00:00:00+05:30,13831.200412556047,13903.093464505155,13466.210401669152,13718.005859375,2402,0.0,0.0
2022-12-09 00:00:00+05:30,13725.544954731447,13903.237454145396,13600.77562994764,13768.4794921875,2124,0.0,0.0
2022-12-12 00:00:00+05:30,13775.01078289386,13775.01078289386,13560.339032381238,13700.0439453125,2051,0.0,0.0
2022-12-13 00:00:00+05:30,13659.270603025892,13761.756141396552,13591.122939914228,13659.462890625,1100,0.0,0.0
2022-12-14 00:00:00+05:30,13659.46368546418,13705.08743846313,13479.898011063278,13504.7265625,2072,0.0,0.0
2022-12-15 00:00:00+05:30,13555.201587264022,13555.201587264022,13370.160874959423,13393.1650390625,1468,0.0,0.0
2022-12-16 00:00:00+05:30,13350.95016707315,13874.42267362386,13168.455164789417,13734.669921875,8771,0.0,0.0
2022-12-19 00:00:00+05:30,13811.991076855771,13831.201078353484,13432.593547275936,13490.0791015625,3655,0.0,0.0
2022-12-20 00:00:00+05:30,13543.050553330682,13607.78863117101,13389.610672061564,13456.75,2289,0.0,0.0
2022-12-21 00:00:00+05:30,13462.367369883137,13509.384030280142,13350.949375098146,13415.638671875,3288,0.0,0.0
2022-12-22 00:00:00+05:30,13445.847429730193,13591.027382272077,13217.873126240713,13443.2060546875,4011,0.0,0.0
2022-12-23 00:00:00+05:30,13442.48484665403,13639.099375245534,13255.907730200406,13537.8623046875,4204,0.0,0.0
2022-12-26 00:00:00+05:30,13610.286368161358,13720.071341599734,13274.111334367675,13522.880859375,7660,0.0,0.0
2022-12-27 00:00:00+05:30,13499.828468551079,13605.579150942895,13304.511154733265,13543.435546875,5408,0.0,0.0
2022-12-28 00:00:00+05:30,13523.840265891627,13629.495267968907,13380.677925674576,13584.7841796875,21966,0.0,0.0
2022-12-29 00:00:00+05:30,13581.47052154933,14108.737204394836,13447.000516385475,13834.08203125,9764,0.0,0.0
2022-12-30 00:00:00+05:30,13834.035707677782,14021.285397956486,13687.271473579338,13961.7822265625,3457,0.0,0.0
2023-01-02 00:00:00+05:30,13865.20250038003,13960.57996570718,13604.522417190807,13709.5048828125,4429,0.0,0.0
2023-01-03 00:00:00+05:30,13789.225960893002,13789.225960893002,13264.504998548093,13382.6943359375,11362,0.0,0.0
2023-01-04 00:00:00+05:30,13447.000730260364,13523.504934610357,13274.975546113581,13495.7939453125,5210,0.0,0.0
2023-01-05 00:00:00+05:30,13560.339397189291,13638.139899468108,13432.016968625974,13552.943359375,3072,0.0,0.0
2023-01-06 00:00:00+05:30,13501.60402483698,13536.278637565827,13439.50826274478,13466.2578125,983,0.0,0.0
2023-01-09 00:00:00+05:30,13467.171974483346,13532.870556871814,13410.11789304134,13499.541015625,1518,0.0,0.0
2023-01-10 00:00:00+05:30,13499.540116255996,13499.540116255996,13339.376734390586,13373.1865234375,29176,0.0,0.0
2023-01-11 00:00:00+05:30,13398.015540909408,13433.64971848256,13322.13603501423,13374.2431640625,11550,0.0,0.0
2023-01-12 00:00:00+05:30,13383.993064539778,13450.795659375783,13355.753986202077,13409.5419921875,1520,0.0,0.0
2023-01-13 00:00:00+05:30,13408.580718039775,13467.74714601287,13313.49121294766,13367.134765625,1677,0.0,0.0
2023-01-16 00:00:00+05:30,13335.583824065505,13435.475837728916,13307.82499507329,13343.84375,1147,0.0,0.0
2023-01-17 00:00:00+05:30,13339.617029088427,13389.32290685136,13264.505737315663,13352.1513671875,1696,0.0,0.0
2023-01-18 00:00:00+05:30,13350.903526897338,13397.968031706756,13274.207031266922,13317.0458984375,979,0.0,0.0
2023-01-19 00:00:00+05:30,13326.93826828234,13343.651344441141,13211.773936447938,13230.0234375,804,0.0,0.0
2023-01-20 00:00:00+05:30,13230.888564716075,13290.824144734523,13014.776047325067,13069.8603515625,1660,0.0,0.0
2023-01-23 00:00:00+05:30,13070.00441579889,13110.777830473584,12949.413822253542,13064.673828125,1568,0.0,0.0
2023-01-24 00:00:00+05:30,13029.183589736042,13067.507918136727,12954.216746063614,13001.28125,1470,0.0,0.0
2023-01-25 00:00:00+05:30,13023.468185702386,13048.345512518114,12909.120840851883,12998.591796875,1138,0.0,0.0
2023-01-27 00:00:00+05:30,12928.331085283819,13104.967425307075,12868.444280451864,13029.18359375,2302,0.0,0.0
2023-01-30 00:00:00+05:30,13027.886184777028,13249.809521916728,12901.483822133654,13202.552734375,2329,0.0,0.0
2023-01-31 00:00:00+05:30,13173.449826818838,13773.954616204372,13019.385251164831,13612.158203125,4020,0.0,0.0
2023-02-01 00:00:00+05:30,13532.678044541914,13605.48376370661,13254.90123114375,13273.9189453125,15772,0.0,0.0
2023-02-02 00:00:00+05:30,13257.349984624256,13495.025913307181,13234.778233096658,13275.3115234375,4290,0.0,0.0
2023-02-03 00:00:00+05:30,13279.873660821446,13379.765665792185,13182.958830803542,13246.880859375,4475,0.0,0.0
2023-02-06 00:00:00+05:30,13299.659836369327,13312.098499819534,13072.550346193766,13129.5078125,3816,0.0,0.0
2023-02-07 00:00:00+05:30,13158.898237417996,13235.114477527852,13062.800397094386,13106.9833984375,3912,0.0,0.0
2023-02-08 00:00:00+05:30,13164.952500181957,13477.55471727825,13139.784113175503,13183.8408203125,4362,80.0,0.0
2023-02-09 00:00:00+05:30,13188.142704976406,13371.617683093129,13139.930728962005,13272.7783203125,3045,0.0,0.0
2023-02-10 00:00:00+05:30,13272.199191900394,13440.31178266917,13140.848964604385,13364.8056640625,3973,0.0,0.0
2023-02-13 00:00:00+05:30,13362.051938504048,13362.051938504048,13159.157440522426,13216.1611328125,1684,0.0,0.0
2023-02-14 00:00:00+05:30,13281.424884877919,13281.424884877919,13067.516687606165,13117.322265625,2220,0.0,0.0
2023-02-15 00:00:00+05:30,13118.578314593924,13305.241438220517,13034.522024023172,13225.0498046875,2644,0.0,0.0
2023-02-16 00:00:00+05:30,13263.937153501935,13263.937153501935,13046.163364538806,13125.0029296875,2587,0.0,0.0
2023-02-17 00:00:00+05:30,13176.691554426337,13893.102248527752,13148.189712921292,13229.7333984375,27581,0.0,0.0
2023-02-20 00:00:00+05:30,13332.341283579193,13404.562057240628,13161.088679813452,13219.251953125,7060,0.0,0.0
2023-02-21 00:00:00+05:30,13214.275857189848,13243.164544121519,13110.944407496996,13234.9521484375,3507,0.0,0.0
2023-02-22 00:00:00+05:30,13212.295559427832,13212.295559427832,13011.623064494039,13069.931640625,5408,0.0,0.0
2023-02-23 00:00:00+05:30,13109.88270888797,13224.90437415211,12946.600950630023,13194.5673828125,7011,0.0,0.0
2023-02-24 00:00:00+05:30,13263.98529736041,13333.01791855854,13082.44266570959,13255.869140625,4249,0.0,0.0
2023-02-27 00:00:00+05:30,13307.173725034829,13307.173725034829,13111.042380984416,13233.3583984375,10757,0.0,0.0
2023-02-28 00:00:00+05:30,13228.333171906384,13353.451433806833,13216.836384221953,13305.384765625,2080,0.0,0.0
2023-03-01 00:00:00+05:30,13023.893465805502,13525.332687523089,13023.893465805502,13442.5322265625,4572,0.0,0.0
2023-03-02 00:00:00+05:30,13344.660619009117,13587.602808339328,13334.032812260702,13405.7705078125,4963,0.0,0.0
2023-03-03 00:00:00+05:30,13431.566029769008,13680.884502496514,13353.500154362655,13585.62109375,9316,0.0,0.0
2023-03-06 00:00:00+05:30,13573.640985335056,13609.147520050057,13383.402874991545,13503.3525390625,1464,0.0,0.0
2023-03-08 00:00:00+05:30,13386.205625225954,13542.193031410437,13342.824473182705,13419.68359375,1830,0.0,0.0
2023-03-09 00:00:00+05:30,13448.617662690007,13460.646594647995,13334.030975846334,13359.5380859375,2774,0.0,0.0
2023-03-10 00:00:00+05:30,13410.359464676554,13410.359464676554,13241.280725028255,13292.1005859375,2588,0.0,0.0
2023-03-13 00:00:00+05:30,13261.571520441184,13392.149006328478,13055.391676148345,13144.3759765625,1467,0.0,0.0
2023-03-14 00:00:00+05:30,13212.295433366473,13221.957075365279,13029.69039958905,13140.1708984375,2308,0.0,0.0
2023-03-15 00:00:00+05:30,13082.83043990777,13159.157417586872,12898.29306349374,12975.5380859375,11182,0.0,0.0
2023-03-16 00:00:00+05:30,12946.648678951447,13028.096134065496,12871.626593313978,12937.03515625,2100,0.0,0.0
2023-03-17 00:00:00+05:30,12931.62452823606,13379.441627779368,12850.031774146071,13305.384765625,7334,0.0,0.0
2023-03-20 00:00:00+05:30,13168.093276741445,13353.113718988523,12954.329449863295,13110.4130859375,2659,0.0,0.0
2023-03-21 00:00:00+05:30,13117.562763305392,13619.09820450741,13000.753138218963,13412.484375,4838,0.0,0.0
2023-03-22 00:00:00+05:30,13476.299563614075,13516.63691824859,13349.586753623753,13485.9130859375,1479,0.0,0.0
2023-03-23 00:00:00+05:30,13390.070459129545,13486.83218703041,13313.74348270475,13362.2451171875,1140,0.0,0.0
2023-03-24 00:00:00+05:30,13337.896857255131,13427.75012836884,13139.833195122766,13277.8984375,2227,0.0,0.0
2023-03-27 00:00:00+05:30,13333.066423150038,13426.784353805513,13188.1417881158,13274.7587890625,12841,0.0,0.0
2023-03-28 00:00:00+05:30,13274.081910550343,13333.017927133315,13159.1564895096,13200.9912109375,1390,0.0,0.0
2023-03-29 00:00:00+05:30,13165.920143391348,13189.543047843883,12695.494395922733,12860.8056640625,10952,0.0,0.0
2023-03-31 00:00:00+05:30,12869.306489215583,12971.719889204836,12734.139747104915,12888.2919921875,5775,0.0,0.0
2023-04-03 00:00:00+05:30,12951.38319201921,13767.840073796804,12744.237206764152,13556.587890625,14122,0.0,0.0
2023-04-05 00:00:00+05:30,13556.54020240045,13783.29913974439,13201.474841832944,13658.326171875,17685,0.0,0.0
2023-04-06 00:00:00+05:30,13651.899676195706,13771.993693418952,13526.443636550928,13695.71484375,4837,0.0,0.0
2023-04-10 00:00:00+05:30,13718.564671085234,13729.19247666182,13504.124350770104,13666.537109375,4067,0.0,0.0
2023-04-11 00:00:00+05:30,13666.53859303404,13767.840537051381,13574.607687408556,13703.4453125,2582,0.0,0.0
2023-04-12 00:00:00+05:30,13623.010982725127,13757.79088391296,13623.010982725127,13721.173828125,2230,0.0,0.0
2023-04-13 00:00:00+05:30,13697.02036431937,13767.840012310326,13603.640215880614,13667.2626953125,4074,0.0,0.0
2023-04-17 00:00:00+05:30,13782.33311395232,13885.423028787276,13487.942676400044,13592.046875,4865,0.0,0.0
2023-04-18 00:00:00+05:30,13694.411196966512,13708.903659782549,13429.682209526916,13533.73828125,4774,0.0,0.0
2023-04-19 00:00:00+05:30,13591.32161116709,13700.20850640644,13444.320292635086,13599.3896484375,2632,0.0,0.0
2023-04-20 00:00:00+05:30,13578.42197822039,13666.391029761058,13458.761989766032,13576.0546875,2277,0.0,0.0
2023-04-21 00:00:00+05:30,13595.1865113091,13595.1865113091,13381.37455637935,13432.7265625,1132,0.0,0.0
2023-04-24 00:00:00+05:30,13486.831083192017,13509.969960474447,13363.06488569068,13422.9189453125,1443,0.0,0.0
2023-04-25 00:00:00+05:30,13423.692778151613,13477.991398151347,13352.390044620188,13388.958984375,1531,0.0,0.0
2023-04-26 00:00:00+05:30,13397.798946836172,13669.291086741052,13370.842588277585,13603.205078125,9477,0.0,0.0
2023-04-27 00:00:00+05:30,13521.515123772931,13591.030821655659,13477.023454274173,13533.8818359375,1458,0.0,0.0
2023-04-28 00:00:00+05:30,13533.882537433683,13651.51302640108,13473.594458686652,13531.2255859375,3263,0.0,0.0
2023-05-02 00:00:00+05:30,13546.587855905791,13584.268258614607,13391.035424210417,13425.2861328125,2321,0.0,0.0
2023-05-03 00:00:00+05:30,13415.23860089535,13563.97977444695,13365.143362425697,13469.875,1823,0.0,0.0
2023-05-04 00:00:00+05:30,13448.957956396613,13660.499803169472,13433.595567738217,13499.875,2916,0.0,0.0
2023-05-05 00:00:00+05:30,13564.945785845865,13564.945785845865,13430.648957909072,13477.845703125,968,0.0,0.0
2023-05-08 00:00:00+05:30,13478.32849297162,13534.26977806964,13342.727723672959,13364.1767578125,12622,0.0,0.0
2023-05-09 00:00:00+05:30,13430.985783233959,13516.636613521656,13246.110648419006,13319.345703125,16974,0.0,0.0
2023-05-10 00:00:00+05:30,13418.041008984414,13418.041008984414,13141.91145453433,13250.701171875,10654,0.0,0.0
2023-05-11 00:00:00+05:30,13049.014797133806,13402.485622415903,13049.014797133806,13313.9853515625,138627,0.0,0.0
2023-05-12 00:00:00+05:30,13402.58109686775,13618.808446991958,13347.703161329337,13469.0048828125,19319,0.0,0.0
2023-05-15 00:00:00+05:30,13540.887909900273,13584.26906119492,13334.274066914395,13503.3046875,10269,0.0,0.0
2023-05-16 00:00:00+05:30,13540.790565130908,13620.934070094394,13349.200402849081,13378.7646484375,3805,0.0,0.0
2023-05-17 00:00:00+05:30,13417.363487844776,13536.297920809984,13287.076625782218,13372.1953125,6877,0.0,0.0
2023-05-18 00:00:00+05:30,13366.881306577889,13651.610076492418,13271.376355676754,13312.099609375,3088,0.0,0.0
2023-05-19 00:00:00+05:30,13353.934909778633,13353.934909778633,13110.848371181426,13130.7509765625,3684,0.0,0.0
2023-05-22 00:00:00+05:30,13130.702949695793,13262.632485215549,13015.922829078789,13048.2412109375,7564,0.0,0.0
2023-05-23 00:00:00+05:30,13072.153190749244,13139.832802620565,12909.885728574705,13002.4921875,7096,0.0,0.0
2023-05-24 00:00:00+05:30,12913.315965450282,13139.833354893553,12913.315965450282,13070.26953125,6538,0.0,0.0
2023-05-25 00:00:00+05:30,13072.20259277173,13122.636556445583,12936.939594768179,12966.697265625,13818,0.0,0.0
2023-05-26 00:00:00+05:30,13031.57510210092,13047.323390451551,12948.001895645615,12985.19921875,2713,0.0,0.0
2023-05-29 00:00:00+05:30,13048.047012648329,13096.355220766241,12985.24634209504,13057.9501953125,2609,0.0,0.0
2023-05-30 00:00:00+05:30,13123.167842999403,13182.345405008842,13043.217749019303,13075.5361328125,2655,0.0,0.0
2023-05-31 00:00:00+05:30,13128.239073658968,13182.344268545994,13024.859504856973,13072.4912109375,13242,0.0,0.0
2023-06-01 00:00:00+05:30,13137.852380478595,13215.193634267938,13069.350962811202,13160.267578125,2746,0.0,0.0
2023-06-02 00:00:00+05:30,13160.12281599703,13249.541125686776,13102.73228402851,13237.609375,4097,0.0,0.0
2023-06-05 00:00:00+05:30,13265.434155852801,13565.863095522687,13138.190144983835,13521.1298828125,8247,0.0,0.0
2023-06-06 00:00:00+05:30,13521.080989779652,13521.080989779652,13284.757606421666,13301.76171875,5793,0.0,0.0
2023-06-07 00:00:00+05:30,13368.234928252587,13368.283047759413,13275.820943635568,13311.0859375,4406,0.0,0.0
2023-06-08 00:00:00+05:30,13362.05215367622,13362.05215367622,13178.577177281806,13279.2998046875,3789,0.0,0.0
2023-06-09 00:00:00+05:30,13246.111786253614,13410.311588237932,13246.111786253614,13381.9541015625,3453,0.0,0.0
2023-06-12 00:00:00+05:30,13381.95429434897,13468.329756421452,13326.01394992305,13454.126953125,4752,0.0,0.0
2023-06-13 00:00:00+05:30,13454.125817376917,13564.945037117708,13325.86752295545,13504.705078125,4103,0.0,0.0
2023-06-14 00:00:00+05:30,13545.38071690506,13545.38071690506,13381.422461355498,13504.6083984375,2700,0.0,0.0
2023-06-15 00:00:00+05:30,13443.208982401053,13514.70513481572,13400.649637133838,13471.373046875,2080,0.0,0.0
2023-06-16 00:00:00+05:30,13471.373418488793,13537.893449588173,13363.113959631699,13475.0927734375,3792,0.0,0.0
2023-06-19 00:00:00+05:30,13526.154059923612,13526.154059923612,13405.576951458026,13461.03515625,4061,0.0,0.0
2023-06-20 00:00:00+05:30,13453.836165156627,13506.975194893332,13298.331852159547,13359.2001953125,3146,0.0,0.0
2023-06-21 00:00:00+05:30,13425.964529414838,13506.977029253178,13333.019334257784,13462.4853515625,2726,0.0,0.0
2023-06-22 00:00:00+05:30,13502.145530788188,13587.071746633046,13410.408045615657,13558.279296875,5391,0.0,0.0
2023-06-23 00:00:00+05:30,13613.2534503594,13905.035036023597,13511.564669262854,13746.197265625,12249,0.0,0.0
2023-06-26 00:00:00+05:30,13772.671071949148,14086.674446090394,13715.13618086814,13988.8984375,16207,0.0,0.0
2023-06-27 00:00:00+05:30,14033.534564954803,14033.534564954803,13661.561359618652,13899.333984375,5212,0.0,0.0
2023-06-28 00:00:00+05:30,13899.33546537608,14014.212774802198,13772.961367217293,14006.2900390625,6375,0.0,0.0
2023-06-30 00:00:00+05:30,14006.290501417827,14007.498206798507,13743.687232146576,13839.7724609375,8698,0.0,0.0
2023-07-03 00:00:00+05:30,13908.996592799655,13949.43113222395,13719.53216336003,13842.4765625,4264,0.0,0.0
2023-07-04 00:00:00+05:30,13911.702385393768,14197.735114444939,13849.674453673844,14121.6015625,6310,0.0,0.0
2023-07-05 00:00:00+05:30,13994.985046414888,14217.010340266972,13979.43017979109,14161.841796875,4859,0.0,0.0
2023-07-06 00:00:00+05:30,14162.035088066428,14339.761184428298,14135.03060950633,14305.55859375,2857,0.0,0.0
2023-07-07 00:00:00+05:30,14223.869273233033,14491.496755143477,14209.08714975925,14416.28125,3380,0.0,0.0
2023-07-10 00:00:00+05:30,14416.136551194322,14416.136551194322,13951.411554134846,14037.9794921875,4338,0.0,0.0
2023-07-11 00:00:00+05:30,14043.196553275291,14309.471027610276,13964.985373103329,14214.642578125,3943,0.0,0.0
2023-07-12 00:00:00+05:30,14214.642791991862,14476.85919195517,14202.613858897215,14397.8271484375,7098,0.0,0.0
2023-07-13 00:00:00+05:30,14400.6786085164,14619.99790030662,14400.6786085164,14582.6552734375,13671,0.0,0.0
2023-07-14 00:00:00+05:30,14596.80886487381,14970.666294129975,14450.19344620525,14893.7109375,7175,0.0,0.0
2023-07-17 00:00:00+05:30,14894.388405394751,15242.545323127208,14766.613180523615,15144.09375,11906,0.0,0.0
2023-07-18 00:00:00+05:30,15177.425267554403,15410.318958788766,15095.494732264286,15358.5810546875,9774,0.0,0.0
2023-07-19 00:00:00+05:30,15358.145830796668,15555.243323844134,15204.525725921436,15412.7822265625,5591,0.0,0.0
2023-07-20 00:00:00+05:30,15380.367195241332,15487.804838063668,15291.67351444824,15445.53515625,13921,0.0,0.0
2023-07-21 00:00:00+05:30,15457.6121057819,15457.6121057819,15096.362952935926,15193.3662109375,4022,0.0,0.0
2023-07-24 00:00:00+05:30,15193.368018097999,15419.981657576025,14638.644428365693,15067.5732421875,7592,0.0,0.0
2023-07-25 00:00:00+05:30,15146.89430704846,15193.319252788628,14627.726339124232,14690.7685546875,4663,0.0,0.0
2023-07-26 00:00:00+05:30,14839.220190328871,15071.19584486872,14651.976807476938,15029.2158203125,6293,0.0,0.0
2023-07-27 00:00:00+05:30,15023.853567636634,15393.60480202126,14817.142544797904,15246.6025390625,7605,0.0,0.0
2023-07-28 00:00:00+05:30,15149.455002105622,15458.627553169003,15143.754255787491,15430.173828125,3787,0.0,0.0
2023-07-31 00:00:00+05:30,15458.626941506176,15555.24335989059,15038.345521533978,15230.2744140625,7918,0.0,0.0
2023-08-01 00:00:00+05:30,15263.4609842242,15333.362581889674,15003.127869694265,15043.7548828125,4156,0.0,0.0
2023-08-02 00:00:00+05:30,15107.861141804753,15360.657433032682,14932.06738079824,15166.0244140625,4796,0.0,0.0
2023-08-03 00:00:00+05:30,15058.731915182723,15233.51140165124,15023.901883424345,15133.5615234375,3881,0.0,0.0
2023-08-04 00:00:00+05:30,15209.308967193692,15245.540125289948,14991.0039739071,15027.814453125,1351,0.0,0.0
2023-08-07 00:00:00+05:30,15154.285046214789,15208.825202458342,14975.544674295774,15074.3349609375,1699,0.0,0.0
2023-08-08 00:00:00+05:30,15014.192161651816,15264.332458664072,15014.192161651816,15148.537109375,1121,0.0,0.0
2023-08-09 00:00:00+05:30,15134.963251448336,15207.377452006496,14939.218748247034,14962.5029296875,3555,0.0,0.0
2023-08-10 00:00:00+05:30,14965.884859828884,15117.185810313094,14938.832259694913,15091.1484375,1473,0.0,0.0
2023-08-11 00:00:00+05:30,15117.571181086794,15117.571181086794,14647.145456451248,14766.66015625,3019,0.0,0.0
2023-08-14 00:00:00+05:30,14766.853649479131,14983.709393118015,14642.74966914501,14873.5185546875,2320,0.0,0.0
2023-08-16 00:00:00+05:30,14913.131891234782,15345.586627759063,14685.696451673977,15309.35546875,6024,0.0,0.0
2023-08-17 00:00:00+05:30,15294.379413076565,15294.379413076565,14880.426169443203,14976.7529296875,2638,0.0,0.0
2023-08-18 00:00:00+05:30,14928.976515136219,15130.132099958395,14768.931973817807,14828.978515625,2961,0.0,0.0
2023-08-21 00:00:00+05:30,14906.994896472548,15027.37951653538,14805.64484252447,14867.140625,2112,0.0,0.0
2023-08-22 00:00:00+05:30,14931.82591057876,14946.559914372825,14830.62021238674,14928.4443359375,7016,0.0,0.0
2023-08-23 00:00:00+05:30,14946.559510702169,15168.7772668406,14881.053769553126,15072.93359375,6549,0.0,0.0
2023-08-24 00:00:00+05:30,15072.162025673335,15120.470237294083,14878.929179190343,15099.7939453125,11548,0.0,0.0
2023-08-25 00:00:00+05:30,15099.74428808955,15119.889376395739,14948.104638550625,15017.041015625,2844,0.0,0.0
2023-08-28 00:00:00+05:30,14985.207707007687,16038.326752825764,14914.725835374897,15866.5419921875,37788,0.0,0.0
2023-08-29 00:00:00+05:30,15941.709039356194,16038.325457776535,15170.32317728031,15353.025390625,18999,0.0,0.0
2023-08-30 00:00:00+05:30,15399.594937751232,15519.1577574466,15136.024589295886,15263.7998046875,7369,0.0,0.0
2023-08-31 00:00:00+05:30,15409.353047654695,15730.989491873317,15295.974054560224,15416.8408203125,12570,0.0,0.0
2023-09-01 00:00:00+05:30,15400.656869406921,15671.182837000015,15288.388404151847,15573.841796875,3879,0.0,0.0
2023-09-04 00:00:00+05:30,15555.195784925394,15796.784958848979,15506.983813055933,15758.9111328125,5904,0.0,0.0
2023-09-05 00:00:00+05:30,15760.26370949778,15845.092736787123,15520.557807532481,15607.1748046875,4830,0.0,0.0
2023-09-06 00:00:00+05:30,15642.391795930871,15893.401066008013,15642.343676424889,15840.7451171875,3188,0.0,0.0
2023-09-07 00:00:00+05:30,15843.209821784343,16420.44387580621,15604.51819823754,16239.2880859375,15132,0.0,0.0
2023-09-08 00:00:00+05:30,16249.579394526076,16738.79630479093,16156.2483016285,16558.02734375,12010,0.0,0.0
2023-09-11 00:00:00+05:30,16550.442221238132,16801.59585646769,16474.0661845101,16753.19140625,4957,0.0,0.0
2023-09-12 00:00:00+05:30,16801.59560275331,16801.59560275331,16328.175140111038,16520.732421875,4073,0.0,0.0
2023-09-13 00:00:00+05:30,16470.346628049465,16907.82465112684,16328.175186810848,16735.896484375,3072,0.0,0.0
2023-09-14 00:00:00+05:30,16751.35494987359,17088.787797736277,16444.114733351507,16647.830078125,4202,0.0,0.0
2023-09-15 00:00:00+05:30,16730.100885445594,16911.788835428233,16677.49399454578,16861.64453125,22245,0.0,0.0
2023-09-18 00:00:00+05:30,16842.17347104661,17028.450674073563,16811.256218231476,16889.177734375,15632,0.0,0.0
2023-09-20 00:00:00+05:30,16888.54904833276,17016.807337015034,16781.112351536667,16905.119140625,9977,0.0,0.0
2023-09-21 00:00:00+05:30,16853.52608949962,16889.564767533622,16516.093256149124,16582.61328125,1804,0.0,0.0
2023-09-22 00:00:00+05:30,16601.116777991603,17216.997407731647,16517.398270578586,17079.560546875,8695,0.0,0.0
2023-09-25 00:00:00+05:30,17105.793285078285,17197.72419378049,16869.373640443675,16968.55078125,2414,0.0,0.0
2023-09-26 00:00:00+05:30,17004.489000420926,17212.504896247498,16937.96897625613,17116.2734375,13878,0.0,0.0
2023-09-27 00:00:00+05:30,17079.996034438554,17864.37606302113,17035.503418200267,17746.1171875,17658,0.0,0.0
2023-09-28 00:00:00+05:30,17687.61540535936,17968.671035018167,16821.883300729252,17118.205078125,13795,0.0,0.0
2023-09-29 00:00:00+05:30,17197.72269495784,17477.814072886416,16986.374277007162,17345.013671875,10555,0.0,0.0
2023-10-03 00:00:00+05:30,17342.40521661644,17512.450109616315,17043.13586657831,17184.82421875,4677,0.0,0.0
2023-10-04 00:00:00+05:30,17217.04566436403,17390.95521652932,17029.60981369699,17171.78125,11037,0.0,0.0
2023-10-05 00:00:00+05:30,17183.22971191026,17390.955007837205,17121.395205215726,17216.94921875,3218,0.0,0.0
2023-10-06 00:00:00+05:30,17296.125302900626,17441.340529391106,17121.974214947393,17286.318359375,3152,0.0,0.0
2023-10-09 00:00:00+05:30,17101.203795429967,17298.83345141325,16912.801763028827,17003.958984375,1991,0.0,0.0
2023-10-10 00:00:00+05:30,17093.426014889334,17279.846641650656,17015.166715030584,17168.109375,7689,0.0,0.0
2023-10-11 00:00:00+05:30,17168.642619582955,17253.906615321364,17052.848210710436,17160.333984375,1664,0.0,0.0
2023-10-12 00:00:00+05:30,17246.030270957308,17292.115546613528,17009.369114575806,17085.55078125,1491,0.0,0.0
2023-10-13 00:00:00+05:30,17083.76600241173,17142.845438987653,17009.80537135396,17042.171875,1138,0.0,0.0
2023-10-16 00:00:00+05:30,17175.453156040057,17175.502219069367,16933.09122644153,17003.234375,1687,0.0,0.0
2023-10-17 00:00:00+05:30,17002.556801841834,17008.208484741426,16622.950527886416,16759.904296875,3885,0.0,0.0
2023-10-18 00:00:00+05:30,16822.464407335738,16880.821103117505,16650.00409558514,16690.052734375,1342,0.0,0.0
2023-10-19 00:00:00+05:30,16725.84722957532,16896.278966180027,16627.6853275365,16776.474609375,1721,0.0,0.0
2023-10-20 00:00:00+05:30,16733.674407476457,16994.829362213048,16447.063288893194,16560.634765625,2705,0.0,0.0
2023-10-23 00:00:00+05:30,16560.633181478788,16641.211650599394,16255.85744911494,16334.0205078125,1675,0.0,0.0
2023-10-25 00:00:00+05:30,16334.019927820882,16950.625123905087,16173.587618403248,16600.390625,12506,0.0,0.0
2023-10-26 00:00:00+05:30,16600.393527674652,16699.763148917693,16184.218253791267,16289.1923828125,3526,0.0,0.0
2023-10-27 00:00:00+05:30,16312.281296311756,16498.605673024173,16251.026112519517,16425.2734375,15845,0.0,0.0
2023-10-30 00:00:00+05:30,16425.276158717363,16617.301313068416,16062.673942628799,16117.3603515625,3781,0.0,0.0
2023-10-31 00:00:00+05:30,16704.978706886817,17075.019588595183,16178.564529728636,16947.1953125,44193,0.0,0.0
2023-11-01 00:00:00+05:30,16946.521712772297,17294.244619509,16798.747638855628,17213.279296875,27496,0.0,0.0
2023-11-02 00:00:00+05:30,17221.875425287937,17390.954146153315,16749.421170984104,17221.44140625,8281,0.0,0.0
2023-11-03 00:00:00+05:30,17188.058746432293,17265.35187176757,16749.420260154595,16944.681640625,4353,0.0,0.0
2023-11-06 00:00:00+05:30,16945.64966217188,17149.414063580272,16945.64966217188,17058.787109375,2935,0.0,0.0
2023-11-07 00:00:00+05:30,17058.79014540042,17393.95293393222,16811.259595143,16915.9921875,7107,0.0,0.0
2023-11-08 00:00:00+05:30,16993.86470018562,17147.484831365873,16917.586779802263,16975.556640625,6445,0.0,0.0
2023-11-09 00:00:00+05:30,17058.788561658715,17058.788561658715,16613.290601155502,16641.1640625,4731,0.0,0.0
2023-11-10 00:00:00+05:30,16734.10791535194,17357.766856858965,16666.380187725495,17208.05859375,13962,0.0,0.0
2023-11-13 00:00:00+05:30,17248.399506085905,17344.581919216063,17027.246002275784,17180.333984375,3156,0.0,0.0
2023-11-15 00:00:00+05:30,17270.76191831446,17718.531784787592,17086.56236260327,17570.755859375,4231,0.0,0.0
2023-11-16 00:00:00+05:30,17632.495899251764,17872.104610649814,17463.41717145072,17533.609375,4886,0.0,0.0
2023-11-17 00:00:00+05:30,17599.058736780207,18259.87375284926,17520.39335547277,17907.650390625,13397,105.0,0.0
2023-11-20 00:00:00+05:30,18099.52891020217,18706.89565215526,17504.066556391357,17697.888671875,13593,0.0,0.0
2023-11-21 00:00:00+05:30,17871.111659788672,17971.401206217583,17222.25030886831,17372.1484375,6965,0.0,0.0
2023-11-22 00:00:00+05:30,17492.114473200385,17867.224208489086,17298.778232834567,17402.61328125,9979,0.0,0.0
2023-11-23 00:00:00+05:30,17479.481157983886,17724.3714502865,17302.66529542865,17395.27734375,3606,0.0,0.0
2023-11-24 00:00:00+05:30,17579.623880126153,17580.159122094934,17337.212412861572,17399.357421875,9220,0.0,0.0
2023-11-28 00:00:00+05:30,17348.144798179852,17425.54610035829,17006.269434006623,17083.4296875,7174,0.0,0.0
2023-11-29 00:00:00+05:30,17160.25019639099,17160.25019639099,16763.32458308016,16793.20703125,11579,0.0,0.0
2023-11-30 00:00:00+05:30,16883.486266670847,16904.57328370676,16326.020318281911,16753.509765625,17298,0.0,0.0
2023-12-01 00:00:00+05:30,16753.50726987722,16977.065679560073,16622.219255646436,16902.43359375,7836,0.0,0.0
2023-12-04 00:00:00+05:30,16943.104363567956,17152.038544133895,16846.751314181784,17000.5859375,7999,0.0,0.0
2023-12-05 00:00:00+05:30,17000.584564490855,17160.783240163884,16715.70488215975,16943.15234375,6061,0.0,0.0
2023-12-06 00:00:00+05:30,16617.555032986034,17045.966883574307,16617.555032986034,16952.189453125,13247,0.0,0.0
2023-12-07 00:00:00+05:30,16963.511063557176,17006.26968447815,16855.49657678553,16976.337890625,2302,0.0,0.0
2023-12-08 00:00:00+05:30,17038.289109364356,17038.289109364356,16617.554761326253,16677.90234375,3827,0.0,0.0
2023-12-11 00:00:00+05:30,16714.734369093658,16948.642712364275,16652.39386101398,16710.361328125,10265,0.0,0.0
2023-12-12 00:00:00+05:30,16740.33996302494,16765.898716295484,16476.645981840476,16513.427734375,5169,0.0,0.0
2023-12-13 00:00:00+05:30,16551.47555803692,16714.589620213785,16520.37837521299,16692.044921875,1532,0.0,0.0
2023-12-14 00:00:00+05:30,16639.905204611394,16918.7586647841,16639.905204611394,16674.986328125,3447,0.0,0.0
2023-12-15 00:00:00+05:30,16758.366933300178,17060.154191825277,16702.149445295356,16985.8125,5434,0.0,0.0
2023-12-18 00:00:00+05:30,17006.269326949398,17037.46330422489,16812.883750031517,16861.958984375,10411,0.0,0.0
2023-12-19 00:00:00+05:30,16862.010053679387,17011.12999701539,16794.081768517204,16858.65625,3595,0.0,0.0
2023-12-20 00:00:00+05:30,16901.0239569915,16977.115623660313,16457.889170249135,16571.734375,5626,0.0,0.0
2023-12-21 00:00:00+05:30,16520.37623720906,16645.736739244352,16204.545515027123,16404.1015625,8061,0.0,0.0
2023-12-22 00:00:00+05:30,16452.205833605025,16649.332423840995,16452.205833605025,16521.591796875,9787,0.0,0.0
2023-12-26 00:00:00+05:30,16451.429950871647,17008.11770275995,16450.01972103911,16684.07421875,6307,0.0,0.0
2023-12-27 00:00:00+05:30,16704.334491022862,17049.998273617013,16683.63467434921,16991.544921875,4466,0.0,0.0
2023-12-28 00:00:00+05:30,16991.59543462897,17132.504520925064,16597.146792075888,16645.056640625,19865,0.0,0.0
2023-12-29 00:00:00+05:30,16754.770504002867,17093.730512950802,16686.79477376387,16876.099609375,11992,0.0,0.0
2024-01-01 00:00:00+05:30,16887.274808681977,17057.23880503861,16766.287349623624,16867.20703125,4860,0.0,0.0
2024-01-02 00:00:00+05:30,16884.118265567027,16923.572434966645,16671.101433610118,16878.7734375,3836,0.0,0.0
2024-01-03 00:00:00+05:30,16883.290866500534,16888.392747879014,16507.7445669064,16593.6015625,22494,0.0,0.0
2024-01-04 00:00:00+05:30,16909.04214012651,16909.04214012651,16522.1741679122,16612.064453125,4660,0.0,0.0
2024-01-05 00:00:00+05:30,16713.7128407446,16859.433419076187,16530.09447293015,16748.357421875,5049,0.0,0.0
2024-01-08 00:00:00+05:30,16800.249221279977,16834.747650673515,16656.570930860675,16722.1171875,3611,0.0,0.0
2024-01-09 00:00:00+05:30,16771.146447257015,16802.194277242186,16638.64179467572,16691.021484375,2087,0.0,0.0
2024-01-10 00:00:00+05:30,16772.021763255834,16772.021763255834,16534.66279871211,16650.0625,1825,0.0,0.0
2024-01-11 00:00:00+05:30,16668.722144641233,16728.972936759787,16588.452920552092,16693.259765625,1254,0.0,0.0
2024-01-12 00:00:00+05:30,16676.495715347854,16763.32449770707,16627.420475513987,16727.611328125,1947,0.0,0.0
2024-01-15 00:00:00+05:30,16782.611034150465,16845.923320552123,16714.732109229684,16781.591796875,79274,0.0,0.0
2024-01-16 00:00:00+05:30,16841.0646295789,16941.06186725487,16632.130475201553,16739.755859375,2434,0.0,0.0
2024-01-17 00:00:00+05:30,16769.15538152066,16841.018266288902,16635.048784241462,16760.3125,2957,0.0,0.0
2024-01-18 00:00:00+05:30,16753.603411966138,16846.748791470814,16595.105374140425,16822.017578125,2231,0.0,0.0
2024-01-19 00:00:00+05:30,16822.02145671012,16928.57827701506,16693.11353621261,16800.15625,1948,0.0,0.0
2024-01-23 00:00:00+05:30,16860.50343048349,16871.28988592696,16523.39016096367,16567.169921875,2706,0.0,0.0
2024-01-24 00:00:00+05:30,16567.02180452914,16792.865442425988,16521.444622799594,16778.677734375,3377,0.0,0.0
2024-01-25 00:00:00+05:30,16773.03989869611,16773.089247243755,16559.24680612872,16601.51953125,2350,0.0,0.0
2024-01-29 00:00:00+05:30,16684.609154976577,16828.43361504627,16571.44533056944,16779.794921875,2747,0.0,0.0
2024-01-30 00:00:00+05:30,16779.79403493744,16779.79403493744,16573.824573196685,16664.58984375,3528,0.0,0.0
2024-01-31 00:00:00+05:30,16664.19990855672,16811.911500934875,16581.208936918985,16758.609375,26730,0.0,0.0
2024-02-01 00:00:00+05:30,16774.98458675975,16809.968913322336,16522.320006029968,16544.0390625,2993,0.0,0.0
2024-02-02 00:00:00+05:30,16640.87814627256,16696.269997144875,16355.465105460004,16419.990234375,6950,0.0,0.0
2024-02-05 00:00:00+05:30,16423.198138124095,16514.206358298477,16250.609169247227,16266.9833984375,5148,0.0,0.0
2024-02-06 00:00:00+05:30,16348.612861886373,16423.197501426876,16143.419692197745,16281.5595703125,4844,0.0,0.0
2024-02-07 00:00:00+05:30,16413.430327864353,16413.430327864353,16063.636415105651,16242.5419921875,8917,0.0,0.0
2024-02-08 00:00:00+05:30,16290.111026283848,16328.058160961387,16088.951164248918,16113.8759765625,17229,0.0,0.0
2024-02-09 00:00:00+05:30,16269.211104993668,16460.458125471585,15993.478395675018,16242.1767578125,3920,160.0,0.0
2024-02-12 00:00:00+05:30,16243.69854769455,16304.486540605036,15995.68629640001,16080.0244140625,2916,0.0,0.0
2024-02-13 00:00:00+05:30,16080.025713030496,16135.71195001542,15984.991522729992,16088.1708984375,4343,0.0,0.0
2024-02-14 00:00:00+05:30,16080.81028095082,16367.386629845421,16058.04496856973,16294.380859375,2423,0.0,0.0
2024-02-15 00:00:00+05:30,16386.81411337987,16386.81411337987,16122.022783467903,16176.4326171875,1704,0.0,0.0
2024-02-16 00:00:00+05:30,16176.43350857804,16269.162129210468,16037.1450931861,16155.8271484375,2810,0.0,0.0
2024-02-19 00:00:00+05:30,16190.710180847249,16336.819457842663,16142.040308091258,16244.041015625,2788,0.0,0.0
2024-02-20 00:00:00+05:30,16244.679712177745,16309.883353115116,16063.147501561443,16244.6298828125,2146,0.0,0.0
2024-02-21 00:00:00+05:30,16259.39883034373,16500.78761201329,16259.349000977596,16463.59765625,3602,0.0,0.0
2024-02-22 00:00:00+05:30,16463.598651254746,16524.338735729893,16411.49437975549,16480.623046875,7635,0.0,0.0
2024-02-23 00:00:00+05:30,16485.086769720903,16509.61814884251,16339.320548374706,16401.189453125,25075,0.0,0.0
2024-02-26 00:00:00+05:30,16483.222087880928,16483.222087880928,15994.45927100653,16167.1103515625,22011,0.0,0.0
2024-02-27 00:00:00+05:30,16190.710773168712,16224.268934347474,15884.559151276067,15910.66015625,4288,0.0,0.0
2024-02-28 00:00:00+05:30,15950.597582932984,15951.382395447581,15078.703459954273,15457.22265625,44358,0.0,0.0
2024-02-29 00:00:00+05:30,15405.707152577743,15611.819622544097,15309.593010888433,15448.1953125,6890,0.0,0.0
2024-03-01 00:00:00+05:30,15493.431833517992,15698.072421689902,15355.22145833304,15616.2353515625,4027,0.0,0.0
2024-03-04 00:00:00+05:30,15885.541249894215,15972.775224964025,15489.16299981456,15614.763671875,6734,0.0,0.0
2024-03-05 00:00:00+05:30,15614.763011724059,15741.688947960793,15405.706781100722,15583.90234375,6182,0.0,0.0
2024-03-06 00:00:00+05:30,15506.775643421357,15574.825307000236,15335.05598654616,15368.76171875,3529,0.0,0.0
2024-03-07 00:00:00+05:30,15413.802091086423,15469.439452923218,15263.915358355951,15387.798828125,8314,0.0,0.0
2024-03-11 00:00:00+05:30,15439.069643967978,15707.933574465449,15207.984039471063,15690.9091796875,7197,0.0,0.0
2024-03-12 00:00:00+05:30,15729.177336249671,15729.177336249671,15278.143013564413,15327.548828125,2639,0.0,0.0
2024-03-13 00:00:00+05:30,15444.809797362359,15481.950882889327,15057.754437272813,15219.12109375,2893,0.0,0.0
2024-03-14 00:00:00+05:30,15330.787004199688,15407.471517200192,15160.489410792661,15334.564453125,2107,0.0,0.0
2024-03-15 00:00:00+05:30,15337.018606515987,15567.613575967764,15297.964841638963,15458.7919921875,3905,0.0,0.0
2024-03-18 00:00:00+05:30,15458.792529104272,16347.859590724322,15458.792529104272,16112.40625,14875,0.0,0.0
2024-03-19 00:00:00+05:30,16062.118213553285,16190.71152159307,15875.090389143548,16170.498046875,14918,0.0,0.0
2024-03-20 00:00:00+05:30,16249.586896396937,16249.586896396937,15995.441787328893,16138.7548828125,1961,0.0,0.0
2024-03-21 00:00:00+05:30,16102.397967480882,16239.528382834656,16052.451694077836,16133.455078125,3046,0.0,0.0
2024-03-22 00:00:00+05:30,16165.73856171838,16462.518429250373,16134.093081635927,16322.5419921875,16082,0.0,0.0
2024-03-26 00:00:00+05:30,16306.204930911863,16322.543214457435,16166.180570512255,16204.056640625,2541,0.0,0.0
2024-03-27 00:00:00+05:30,16204.055444742653,16505.889160164937,15809.002485565865,16155.5810546875,66181,0.0,0.0
2024-03-28 00:00:00+05:30,16155.581177389815,16731.284755994588,16064.177830010538,16611.12890625,8220,0.0,0.0
2024-04-01 00:00:00+05:30,16611.128278199023,16681.337852058434,16190.710268174362,16285.3515625,9825,0.0,0.0
2024-04-02 00:00:00+05:30,16026.203730091269,16288.689508337078,15674.228240036104,15798.84765625,18059,0.0,0.0
2024-04-03 00:00:00+05:30,15895.35406656757,16140.22708499817,15807.874776231303,16088.3662109375,9002,0.0,0.0
2024-04-04 00:00:00+05:30,16088.36534532193,16111.769815386737,15835.054886786029,16046.8095703125,5607,0.0,0.0
2024-04-05 00:00:00+05:30,16046.024506702062,16090.034377314825,15883.87208512849,16065.404296875,14082,0.0,0.0
2024-04-08 00:00:00+05:30,16041.117787164872,16161.27267456616,15883.577461032326,15956.2880859375,2100,0.0,0.0
2024-04-09 00:00:00+05:30,15898.297275319981,16023.358446340579,15812.976941211522,15875.8759765625,2127,0.0,0.0
2024-04-10 00:00:00+05:30,15994.459048676043,16021.640008158627,15568.594310815588,15610.54296875,4586,0.0,0.0
2024-04-12 00:00:00+05:30,15758.959655093513,15796.247355398218,15523.45839001117,15654.5537109375,4449,0.0,0.0
2024-04-15 00:00:00+05:30,15653.915126056456,15679.133576012075,15459.773212367276,15584.34375,3351,0.0,0.0
2024-04-16 00:00:00+05:30,15584.344596030574,15837.45957689261,15454.818904323645,15515.068359375,6501,0.0,0.0
2024-04-18 00:00:00+05:30,15615.842624466062,15829.85399754344,15499.073257160964,15775.6396484375,7453,0.0,0.0
2024-04-19 00:00:00+05:30,15739.236075821316,15739.236075821316,15600.38846140406,15644.4951171875,1586,0.0,0.0
2024-04-22 00:00:00+05:30,15660.048700652835,15722.80016443259,15602.89058335063,15655.3388671875,6911,0.0,0.0
2024-04-23 00:00:00+05:30,15651.01993656903,15673.588805443078,15528.363040514412,15627.3720703125,2239,0.0,0.0
2024-04-24 00:00:00+05:30,15674.176905680184,15720.885225848702,15547.987876492167,15596.0205078125,4176,0.0,0.0
2024-04-25 00:00:00+05:30,15596.021285389177,15892.40922704406,15592.145135695857,15793.6455078125,5625,0.0,0.0
2024-04-26 00:00:00+05:30,15847.271386982991,15886.472723644303,15736.389550033824,15865.669921875,1784,0.0,0.0
2024-04-29 00:00:00+05:30,15865.91587226456,15894.323402929027,15768.77160413702,15872.1962890625,3223,0.0,0.0
2024-04-30 00:00:00+05:30,15872.734904751778,16190.710453862444,15356.741293908872,15867.1904296875,49047,0.0,0.0
2024-05-02 00:00:00+05:30,15701.064529755957,15833.631724602634,15503.832233619405,15649.7939453125,8547,0.0,0.0
2024-05-03 00:00:00+05:30,15695.619768388686,15788.839018849912,15503.83323460414,15607.1103515625,3207,0.0,0.0
2024-05-06 00:00:00+05:30,15611.771120403495,15685.07107966611,15442.062832254669,15598.818359375,22272,0.0,0.0
2024-05-07 00:00:00+05:30,15583.215216603528,16100.286848691208,15454.768534811417,15591.2607421875,12797,0.0,0.0
2024-05-08 00:00:00+05:30,15683.304256504493,15758.958649783139,15552.895055981491,15646.0654296875,8097,0.0,0.0
2024-05-09 00:00:00+05:30,15739.284809025548,15796.246482719018,15338.000296395885,15392.4599609375,3342,0.0,0.0
2024-05-10 00:00:00+05:30,15454.671531788514,15710.828008008792,15308.562250396859,15408.7978515625,7421,0.0,0.0
2024-05-13 00:00:00+05:30,15431.36672374128,15600.97630040609,15227.215814403446,15420.96484375,6957,0.0,0.0
2024-05-14 00:00:00+05:30,15454.76981871217,15461.000406098161,15210.339525072694,15400.80078125,12413,0.0,0.0
2024-05-15 00:00:00+05:30,15405.707023396308,15543.769825123634,15370.038779291457,15488.57421875,1866,0.0,0.0
2024-05-16 00:00:00+05:30,15543.965230867518,15566.092343050661,15278.142825002538,15371.65625,2937,0.0,0.0
2024-05-17 00:00:00+05:30,15387.014011649526,15503.832252253229,15297.768659027079,15359.7841796875,2705,0.0,0.0
2024-05-21 00:00:00+05:30,15435.143785234712,15503.831646961757,15306.157601811596,15375.1396484375,3374,0.0,0.0
2024-05-22 00:00:00+05:30,15375.287630802157,16003.290954799437,15375.287630802157,15764.5517578125,7942,0.0,0.0
2024-05-23 00:00:00+05:30,15806.7951864579,15820.680331265397,15405.707111190442,15557.8994140625,3215,0.0,0.0
2024-05-24 00:00:00+05:30,15589.054031763379,15700.083442662275,15482.147042676637,15524.095703125,28548,0.0,0.0
2024-05-27 00:00:00+05:30,15570.607413398016,15690.271684595175,15356.644894553752,15491.419921875,15976,0.0,0.0
2024-05-28 00:00:00+05:30,15543.082754108138,15543.082754108138,15308.56275548239,15452.0224609375,8339,0.0,0.0
2024-05-29 00:00:00+05:30,15452.071454758136,15785.355177666834,15327.206726464752,15546.91015625,5583,0.0,0.0
2024-05-30 00:00:00+05:30,15546.910052766034,15694.14720772139,15359.63691799906,15505.5986328125,2734,0.0,0.0
2024-05-31 00:00:00+05:30,15479.300586098303,16072.959974661819,15366.45623951185,15672.068359375,9310,0.0,0.0
2024-06-03 00:00:00+05:30,15705.971240668074,16040.088647106128,15503.88153402131,15715.0478515625,5472,0.0,0.0
2024-06-04 00:00:00+05:30,15687.670507519533,15945.397578451923,15361.84489819095,15886.767578125,7491,0.0,0.0
2024-06-05 00:00:00+05:30,15945.39646987874,16384.948955499738,15790.112839641306,16191.5439453125,33977,0.0,0.0
2024-06-06 00:00:00+05:30,16347.662166522961,16410.119444696033,16073.303589798725,16263.51953125,6375,0.0,0.0
2024-06-07 00:00:00+05:30,16263.51832578709,16629.52649640543,16136.838669339675,16525.80859375,26369,0.0,0.0
2024-06-10 00:00:00+05:30,16397.756506811602,16745.07103645308,16392.40943229692,16568.740234375,7162,0.0,0.0
2024-06-11 00:00:00+05:30,16568.740598768505,16681.339641347604,16479.54411114811,16630.412109375,3790,0.0,0.0
2024-06-12 00:00:00+05:30,16713.915499283718,16713.915499283718,16436.07461940252,16533.021484375,4879,0.0,0.0
2024-06-13 00:00:00+05:30,16532.974389168794,16681.339417856052,16301.15283402359,16583.1640625,5270,0.0,0.0
2024-06-14 00:00:00+05:30,16583.211147899205,16630.409134786605,16338.240429503352,16509.8125,2816,0.0,0.0
2024-06-18 00:00:00+05:30,16681.142721938068,16681.338206370176,16264.30475121092,16321.5126953125,5372,0.0,0.0
2024-06-19 00:00:00+05:30,16431.363395833454,16474.979422225544,16055.83684467201,16150.9697265625,4558,0.0,0.0
2024-06-20 00:00:00+05:30,16190.612913394456,16434.602400001364,15853.158869821069,15927.8818359375,6836,0.0,0.0
2024-06-21 00:00:00+05:30,15994.509133324022,16279.024279148987,15760.970388391082,15917.333984375,6138,0.0,0.0
2024-06-24 00:00:00+05:30,16156.071471542136,16156.071471542136,15734.426885318235,15784.2255859375,3629,0.0,0.0
2024-06-25 00:00:00+05:30,15859.04661477609,15992.49732258512,15749.146031874536,15908.109375,5168,0.0,0.0
2024-06-26 00:00:00+05:30,15915.959734621469,15915.959734621469,15661.814631584048,15738.3525390625,5159,0.0,0.0
2024-06-27 00:00:00+05:30,15762.39436359145,16581.202074384757,15665.347832029556,16502.11328125,24134,0.0,0.0
2024-06-28 00:00:00+05:30,16457.514634234234,16457.514634234234,16222.258697717753,16301.54296875,4088,0.0,0.0
2024-07-01 00:00:00+05:30,16346.436509466255,16563.098441142247,16112.261470920252,16417.13671875,4607,0.0,0.0
2024-07-02 00:00:00+05:30,16483.123805772357,16483.123805772357,16171.084671932875,16226.2802734375,3305,0.0,0.0
2024-07-03 00:00:00+05:30,16254.19746599551,16337.899302300017,16225.05495276461,16301.4951171875,1238,0.0,0.0
2024-07-04 00:00:00+05:30,16301.495548895333,16380.241281852179,16190.711449071285,16277.7978515625,3093,0.0,0.0
2024-07-05 00:00:00+05:30,16246.837935134048,16555.34495529738,16193.654669558253,16302.869140625,3355,0.0,0.0
2024-07-08 00:00:00+05:30,16302.866821144293,16609.70451389332,16190.70860041589,16525.12109375,4445,0.0,0.0
2024-07-09 00:00:00+05:30,16489.993543521676,16681.338306448586,16325.142670846186,16344.5224609375,6093,0.0,0.0
2024-07-10 00:00:00+05:30,16376.854226865018,16681.338483555788,16290.848741365473,16463.6953125,11048,0.0,0.0
2024-07-11 00:00:00+05:30,16485.92322187711,16681.340604080124,16475.27698485325,16597.541015625,4604,0.0,0.0
2024-07-12 00:00:00+05:30,16565.941764099833,16715.485427175245,16547.395659092967,16647.140625,8765,0.0,0.0
2024-07-15 00:00:00+05:30,16661.714003808545,16681.33910864224,16394.91032029161,16510.453125,7304,0.0,0.0
2024-07-16 00:00:00+05:30,16532.72687300948,16715.485640815474,16482.387718278016,16573.7421875,9401,0.0,0.0
2024-07-18 00:00:00+05:30,16581.987101954044,16691.15174816115,16476.306678478755,16672.41015625,12380,0.0,0.0
2024-07-19 00:00:00+05:30,16640.66573945598,16684.28176544427,16436.171777377753,16480.130859375,7363,0.0,0.0
2024-07-22 00:00:00+05:30,16514.03540903447,16524.829216901573,16137.478702761737,16216.419921875,3931,0.0,0.0
2024-07-23 00:00:00+05:30,16318.468483258815,16681.33740109528,16258.564006794428,16567.4140625,10010,0.0,0.0
2024-07-24 00:00:00+05:30,16480.72176147894,16964.921379791944,16480.72176147894,16796.1953125,8310,0.0,0.0
2024-07-25 00:00:00+05:30,16796.144596992235,17113.090014111385,16733.6873226689,16973.947265625,6758,0.0,0.0
2024-07-26 00:00:00+05:30,16973.99664564132,17412.372377373737,16877.588328589925,17059.806640625,14952,0.0,0.0
2024-07-29 00:00:00+05:30,17074.8721006808,17195.173608675206,16785.449720445107,16885.98046875,9100,0.0,0.0
2024-07-30 00:00:00+05:30,16907.56784000645,16973.702908397976,16682.319938416775,16720.5390625,5043,0.0,0.0
2024-07-31 00:00:00+05:30,16775.540243994023,16832.40322078676,16539.598178845594,16587.6796875,3733,0.0,0.0
2024-08-01 00:00:00+05:30,16583.212736864483,16691.100978567636,16404.624292005945,16496.912109375,4132,0.0,0.0
2024-08-02 00:00:00+05:30,16545.483621418978,17070.895927431848,16394.81112579935,16837.65234375,9580,0.0,0.0
2024-08-05 00:00:00+05:30,16583.213645521722,16717.20481587271,16097.590041321337,16384.90234375,11350,0.0,0.0
2024-08-06 00:00:00+05:30,16603.426454256893,16667.257872008653,16377.199216436806,16508.78515625,6277,0.0,0.0
2024-08-07 00:00:00+05:30,16514.523931603588,16942.351170711085,16514.523931603588,16909.919921875,6656,0.0,0.0
2024-08-08 00:00:00+05:30,16941.370566592832,17170.003021965906,16672.016021528845,16728.78125,6705,0.0,0.0
2024-08-09 00:00:00+05:30,16784.02723406808,16966.883758310294,16681.33849350963,16698.853515625,2316,0.0,0.0
2024-08-12 00:00:00+05:30,16632.326456159466,17170.004508294212,16632.326456159466,16750.125,6726,0.0,0.0
2024-08-13 00:00:00+05:30,16877.589148521238,16877.589148521238,16638.4580270167,16681.04296875,3890,0.0,0.0
2024-08-14 00:00:00+05:30,16682.31950795881,16700.963356594257,16380.633365987174,16465.216796875,12837,0.0,0.0
2024-08-16 00:00:00+05:30,16485.0885677536,16732.7577816815,16341.384499790975,16665.787109375,7240,0.0,0.0
2024-08-19 00:00:00+05:30,16632.275078923612,16902.120249820604,16550.9784716489,16649.7421875,2038,0.0,0.0
2024-08-20 00:00:00+05:30,16730.305035445366,16812.87805181221,16529.24544222199,16609.267578125,2355,0.0,0.0
2024-08-21 00:00:00+05:30,16656.907153741562,16902.123246731408,16625.114097394046,16753.267578125,6228,0.0,0.0
2024-08-22 00:00:00+05:30,16753.2644131698,17022.81443778273,16698.950407101158,16760.869140625,5812,0.0,0.0
2024-08-23 00:00:00+05:30,16781.622221272697,16846.189581217342,16682.760758067452,16789.962890625,2388,0.0,0.0
2024-08-26 00:00:00+05:30,16790.012824842102,17107.105833795333,16569.67119767697,16671.673828125,7866,0.0,0.0
2024-08-27 00:00:00+05:30,16751.00941690681,17063.980031797346,16583.214758697504,16686.884765625,5708,0.0,0.0
2024-08-28 00:00:00+05:30,16902.121425377583,16904.426991877346,16583.31121617605,16677.51171875,4646,0.0,0.0
2024-08-29 00:00:00+05:30,16569.426488967278,16569.426488967278,16050.637599674323,16234.720703125,20103,0.0,0.0
2024-08-30 00:00:00+05:30,16303.40762973359,16306.25365312571,16058.241400514644,16206.65625,6930,0.0,0.0
2024-09-02 00:00:00+05:30,16241.39280507174,16288.836110077502,16072.959968859606,16198.462890625,3763,0.0,0.0
2024-09-03 00:00:00+05:30,16191.447128626007,16288.836709555126,15995.44139773844,16041.7568359375,6162,0.0,0.0
2024-09-04 00:00:00+05:30,15995.441145765137,16105.58704286422,15822.74022915544,15881.22265625,8272,0.0,0.0
2024-09-05 00:00:00+05:30,15920.865528762211,15997.35456281528,15811.7008883878,15836.4287109375,11022,0.0,0.0
2024-09-06 00:00:00+05:30,15888.631285203122,15968.407138877667,15804.095768999583,15857.623046875,10981,0.0,0.0
2024-09-09 00:00:00+05:30,15861.84282098251,16093.664363218437,15784.323659769228,16073.7939453125,6380,0.0,0.0
2024-09-10 00:00:00+05:30,16081.987477059216,16188.748812875732,15945.495257630133,16118.34375,5062,0.0,0.0
2024-09-11 00:00:00+05:30,16220.14906577041,16220.14906577041,16041.118856148652,16196.2060546875,4497,0.0,0.0
2024-09-12 00:00:00+05:30,16255.080103927638,16269.210561542026,16096.11676792222,16250.173828125,10249,0.0,0.0
2024-09-13 00:00:00+05:30,16249.585179150668,16425.18002050457,16147.632386420719,16340.6943359375,5366,0.0,0.0
2024-09-16 00:00:00+05:30,16425.23128026066,16425.23128026066,16182.763496447626,16288.984375,3404,0.0,0.0
2024-09-17 00:00:00+05:30,16284.517477631493,16329.017015090432,16229.960074950772,16319.990234375,2997,0.0,0.0
2024-09-18 00:00:00+05:30,16323.179240152349,16384.998313920285,16102.34700447576,16238.4482421875,6084,0.0,0.0
2024-09-19 00:00:00+05:30,16230.156882321775,16386.96223365424,16229.961397882704,16347.564453125,4333,0.0,0.0
2024-09-20 00:00:00+05:30,16321.559651127289,16367.140101873978,16107.498460980967,16205.7236328125,28094,0.0,0.0
2024-09-23 00:00:00+05:30,16367.33774920557,16386.962854420442,16144.935861055164,16211.5634765625,16561,0.0,0.0
2024-09-24 00:00:00+05:30,16211.562774651007,16318.86264946474,16153.76645899277,16217.302734375,15753,0.0,0.0
2024-09-25 00:00:00+05:30,16217.302017251504,16262.782811303816,16006.234412440286,16073.205078125,3407,0.0,0.0
2024-09-26 00:00:00+05:30,16093.075184601868,16153.617861116301,16009.226739877442,16111.3759765625,2476,0.0,0.0
2024-09-27 00:00:00+05:30,16210.286163840767,16210.286163840767,16025.172944296295,16105.4892578125,3840,0.0,0.0
2024-09-30 00:00:00+05:30,16141.59869071876,16411.44387874451,16119.324963621919,16362.087890625,5352,0.0,0.0
2024-10-01 00:00:00+05:30,16367.286800338032,16484.05616837968,16191.691950044047,16416.44921875,3828,0.0,0.0
2024-10-03 00:00:00+05:30,16410.512781016565,16509.61956114588,16190.711605284221,16321.4638671875,6104,0.0,0.0
2024-10-04 00:00:00+05:30,16353.503739715698,16475.277143998912,16097.493838433718,16440.197265625,6580,0.0,0.0
2024-10-07 00:00:00+05:30,16465.463598544004,16465.463598544004,16117.70634400612,16329.3642578125,6651,0.0,0.0
2024-10-08 00:00:00+05:30,16331.030145603554,16505.20294202515,16171.085549453017,16392.11328125,3444,0.0,0.0
2024-10-09 00:00:00+05:30,16330.293374316347,16583.21188697119,16330.293374316347,16567.4140625,4020,0.0,0.0
2024-10-10 00:00:00+05:30,16567.12052184049,16692.13282222944,16325.977047555447,16438.673828125,17226,0.0,0.0
2024-10-11 00:00:00+05:30,16477.923933188376,16508.981044518765,16293.743093134504,16323.0830078125,1054,0.0,0.0
2024-10-14 00:00:00+05:30,16311.454620725328,16385.587299366958,16105.046061233495,16185.263671875,26971,0.0,0.0
2024-10-15 00:00:00+05:30,16239.772970601256,16239.772970601256,15926.703702055052,16047.83984375,22004,0.0,0.0
2024-10-16 00:00:00+05:30,16043.524057557643,16324.801270897122,15958.3024185731,16249.8828125,3370,0.0,0.0
2024-10-17 00:00:00+05:30,16249.882219924708,16336.378337728751,16124.57477353674,16276.1787109375,1834,0.0,0.0
2024-10-18 00:00:00+05:30,16269.21051470561,16410.75657120418,15220.396322698207,15746.986328125,18971,0.0,0.0
2024-10-21 00:00:00+05:30,15728.784264633498,16239.723059554157,15683.058157505868,16100.3369140625,4405,0.0,0.0
2024-10-22 00:00:00+05:30,16011.484543315599,16043.42516745702,15590.428310071497,15828.5302734375,5288,0.0,0.0
2024-10-23 00:00:00+05:30,15836.331065882607,16043.523497286484,15557.65457210711,15995.9326171875,5998,0.0,0.0
2024-10-24 00:00:00+05:30,15877.690367862237,16003.830531985423,15768.77104082233,15942.35546875,3066,0.0,0.0
2024-10-25 00:00:00+05:30,15942.45287831671,15959.08534523662,15405.706295905233,15627.17578125,7792,0.0,0.0
2024-10-28 00:00:00+05:30,15627.176227724267,15798.20881849922,15159.215236623795,15571.7841796875,14516,0.0,0.0
2024-10-29 00:00:00+05:30,15571.538277984195,16261.360661840952,15530.767317360704,16107.451171875,5750,0.0,0.0
2024-10-30 00:00:00+05:30,15986.609996480282,16116.185514499817,15843.494306373657,15943.189453125,13629,0.0,0.0
2024-10-31 00:00:00+05:30,15941.815378299354,16086.99323817215,15651.020776824005,15792.02734375,7177,0.0,0.0
2024-11-01 00:00:00+05:30,15987.590916222407,16082.722840915363,15896.334182949917,15953.3447265625,872,0.0,0.0
2024-11-04 00:00:00+05:30,15993.527254522207,16026.84105996077,15606.863837548279,15788.935546875,3992,0.0,0.0
2024-11-05 00:00:00+05:30,15817.73653891011,16099.40470230179,15655.288969249805,15696.845703125,9690,0.0,0.0
2024-11-06 00:00:00+05:30,15749.146112210507,15792.46891301202,15553.876325523286,15577.8193359375,4817,0.0,0.0
2024-11-07 00:00:00+05:30,15552.943445155774,15664.07059408391,15084.590540265015,15166.57421875,26345,0.0,0.0
2024-11-08 00:00:00+05:30,15267.349291497423,15571.538396219077,15209.455236082658,15261.658203125,15987,0.0,0.0
2024-11-11 00:00:00+05:30,15307.580953409732,15375.238690364828,15086.405650433939,15187.0830078125,12533,0.0,0.0
2024-11-12 00:00:00+05:30,15209.45517462851,15542.787748397413,15112.3109125454,15355.564453125,40582,0.0,0.0
2024-11-13 00:00:00+05:30,15219.26749217003,15496.913830624104,15058.341646346957,15243.75,28976,0.0,0.0
2024-11-14 00:00:00+05:30,15258.518533420029,15543.03367354508,15160.393012304787,15409.6318359375,11048,0.0,0.0
2024-11-18 00:00:00+05:30,15409.632212370332,15597.05196227881,15248.902796508612,15404.2841796875,3014,0.0,0.0
2024-11-19 00:00:00+05:30,15510.806838503786,15646.550892285057,15432.519733395826,15598.62109375,2521,95.0,0.0
2024-11-21 00:00:00+05:30,15604.987241076793,16042.478351733014,15381.0346289231,15673.3037109375,5751,0.0,0.0
2024-11-22 00:00:00+05:30,15764.079803405744,15789.796937671581,15536.276608601393,15667.578125,3992,0.0,0.0
2024-11-25 00:00:00+05:30,15669.306273400665,15795.67164657325,15542.102140808369,15706.72265625,6200,0.0,0.0
2024-11-26 00:00:00+05:30,15794.683652784695,15794.683652784695,15666.294658213441,15714.81640625,1754,0.0,0.0
2024-11-27 00:00:00+05:30,15720.05009717932,15761.21679472397,15437.849975282543,15715.0146484375,5623,0.0,0.0
2024-11-28 00:00:00+05:30,15684.016403736765,15740.337652724815,15585.8854078365,15683.47265625,6327,0.0,0.0
2024-11-29 00:00:00+05:30,15759.440580496912,15759.440580496912,15595.758121218449,15688.26171875,2473,0.0,0.0
2024-12-02 00:00:00+05:30,15696.948957237308,15794.684677159728,15584.89840964948,15715.953125,3438,0.0,0.0
2024-12-03 00:00:00+05:30,15715.953159962986,15743.151139769501,15573.545305112748,15714.521484375,3922,0.0,0.0
2024-12-04 00:00:00+05:30,15651.240045862136,15708.597692449133,15556.761992737685,15618.6123046875,5908,0.0,0.0
2024-12-05 00:00:00+05:30,15717.334828541323,15717.334828541323,15549.801799126517,15599.7060546875,8557,0.0,0.0
2024-12-06 00:00:00+05:30,15599.705612583082,15724.590133672331,15549.850527088955,15672.0693359375,13919,0.0,0.0
2024-12-09 00:00:00+05:30,15671.971636463733,15750.801522881193,15524.380832806026,15643.884765625,6142,0.0,0.0
2024-12-10 00:00:00+05:30,15643.884259216213,15662.739955577103,15525.169920986616,15553.404296875,3176,0.0,0.0
2024-12-11 00:00:00+05:30,15594.671169744886,15693.147304225833,15529.217088034944,15666.7880859375,3681,0.0,0.0
2024-12-12 00:00:00+05:30,15634.209730772509,15983.24450362799,15417.315231749995,15599.1630859375,8441,0.0,0.0
2024-12-13 00:00:00+05:30,15599.163222714536,15680.214374153622,15366.769026754126,15533.1171875,6022,0.0,0.0
2024-12-16 00:00:00+05:30,15592.350584334548,15607.94861630849,15410.700371564795,15565.3994140625,6342,0.0,0.0
2024-12-17 00:00:00+05:30,15499.502700422314,15564.314700853904,15420.524342713155,15484.990234375,1879,0.0,0.0
2024-12-18 00:00:00+05:30,15426.447130294015,15492.591502348903,15150.022888870597,15295.984375,3332,0.0,0.0
2024-12-19 00:00:00+05:30,15279.44906687728,15279.44906687728,15087.679739538773,15170.953125,2104,0.0,0.0
2024-12-20 00:00:00+05:30,15183.58917820341,15274.365120367296,14809.42921080815,14921.7265625,2714,0.0,0.0
2024-12-23 00:00:00+05:30,14921.72593189367,15059.592906550091,14603.788888808818,14700.7841796875,4749,0.0,0.0
2024-12-24 00:00:00+05:30,14671.36646202587,14781.392421471057,14522.146333472654,14566.3740234375,3228,0.0,0.0
2024-12-26 00:00:00+05:30,14566.42199531031,14763.81871571578,14442.969145994115,14587.7958984375,2636,0.0,0.0
2024-12-27 00:00:00+05:30,14610.008079732794,14701.771246468948,14225.975838161332,14381.662109375,4345,0.0,0.0
2024-12-30 00:00:00+05:30,14381.663269868572,15398.558815740405,14314.284857009392,14793.0419921875,5320,0.0,0.0
2024-12-31 00:00:00+05:30,14798.570066003254,14967.682284946593,14241.723464576742,14526.0947265625,7719,0.0,0.0
2025-01-01 00:00:00+05:30,14519.183851763339,14600.481813185554,14279.435560008083,14468.0947265625,3391,0.0,0.0
2025-01-02 00:00:00+05:30,14474.75893818335,14512.224490550381,14324.700054088145,14384.3291015625,6234,0.0,0.0
2025-01-03 00:00:00+05:30,14403.677968872371,14547.665001451076,14374.159422079636,14496.4775390625,3852,0.0,0.0
2025-01-06 00:00:00+05:30,14496.477423150582,14642.5382149034,14286.246716353853,14466.1201171875,4065,0.0,0.0
2025-01-07 00:00:00+05:30,14541.890225918061,14541.890225918061,14221.58342863279,14307.2255859375,5482,0.0,0.0
2025-01-08 00:00:00+05:30,14438.230921420463,14601.074614443047,14235.898049809379,14456.98828125,5296,0.0,0.0
2025-01-09 00:00:00+05:30,14539.915235661796,14772.999721504093,14462.911339112256,14609.76171875,2474,0.0,0.0
2025-01-10 00:00:00+05:30,14610.996052408771,14658.3830666328,14391.781942967744,14575.208984375,2319,0.0,0.0
2025-01-13 00:00:00+05:30,14523.379396538208,14556.698390820351,14413.550119089667,14518.8876953125,2291,0.0,0.0
2025-01-14 00:00:00+05:30,14518.888625413567,14518.888625413567,14308.4110981947,14486.951171875,3391,0.0,0.0
2025-01-15 00:00:00+05:30,14529.05613912991,14529.05613912991,14325.884506614679,14418.0419921875,18578,0.0,0.0
2025-01-16 00:00:00+05:30,14364.189052648238,14550.281811165365,14322.725414145749,14522.392578125,2673,0.0,0.0
2025-01-17 00:00:00+05:30,14522.392431760596,14687.457393334678,14392.423285318433,14565.3369140625,2241,0.0,0.0
2025-01-20 00:00:00+05:30,14759.080554528271,14759.080554528271,14525.403146508888,14640.3662109375,1320,0.0,0.0
2025-01-21 00:00:00+05:30,14713.518850981536,14713.568983725674,14552.353647669781,14650.7314453125,1436,0.0,0.0
2025-01-22 00:00:00+05:30,14650.731729924837,14650.731729924837,14453.681118893965,14505.806640625,1500,0.0,0.0
2025-01-23 00:00:00+05:30,14505.362279090548,14621.114931865568,14195.372232426529,14293.6015625,7858,0.0,0.0
2025-01-24 00:00:00+05:30,14387.882061366867,14499.932604386295,14240.784872733433,14431.912109375,2741,0.0,0.0
2025-01-27 00:00:00+05:30,14225.97628959091,14360.387964042666,13821.212217506783,13864.9462890625,4430,0.0,0.0
2025-01-28 00:00:00+05:30,13864.946789683465,14017.622214363855,13739.272669729105,13975.9609375,3809,0.0,0.0
2025-01-29 00:00:00+05:30,14047.287367233272,14245.72047994772,13874.571388000137,14227.3583984375,2028,0.0,0.0
2025-01-30 00:00:00+05:30,14227.358544819226,14308.804972517615,14151.736192283312,14217.7822265625,6003,0.0,0.0
2025-01-31 00:00:00+05:30,14245.622594625167,14364.188465670937,14118.516803219316,14315.4189453125,1657,0.0,0.0
2025-02-01 00:00:00+05:30,14315.419412552688,14561.683999165569,14259.591778274991,14474.0673828125,1804,0.0,0.0
2025-02-03 00:00:00+05:30,14610.996231543204,14610.996231543204,14325.785250549066,14424.3115234375,5545,0.0,0.0
2025-02-04 00:00:00+05:30,14467.94555363373,14467.94555363373,14168.815038004435,14300.0673828125,52400,0.0,0.0
2025-02-05 00:00:00+05:30,14383.933892867577,14414.389537470925,14303.672326901342,14362.21484375,1414,0.0,0.0
2025-02-06 00:00:00+05:30,14379.983827081785,14460.393856692275,14211.16759514227,14260.1337890625,1211,0.0,0.0
2025-02-07 00:00:00+05:30,14260.134288209114,14438.181699973768,14196.35965065838,14291.578125,2038,0.0,0.0
2025-02-10 00:00:00+05:30,14291.57808969071,14332.103666150602,13821.212421292126,13970.728515625,3512,0.0,0.0
2025-02-11 00:00:00+05:30,13996.939816658516,14003.554447110548,13664.243475974787,13755.4638671875,34237,0.0,0.0
2025-02-12 00:00:00+05:30,13919.886576435041,14003.70178129645,13485.505602829362,13622.58203125,12347,0.0,0.0
2025-02-13 00:00:00+05:30,13622.58174070483,13925.858824990337,13574.4051356598,13741.8388671875,7208,0.0,0.0
2025-02-14 00:00:00+05:30,13666.21781470339,13758.079325826338,13527.314432798317,13681.470703125,1987,0.0,0.0
2025-02-17 00:00:00+05:30,13555.648027994945,13672.733059015642,13486.541964200636,13598.345703125,2429,0.0,0.0
2025-02-18 00:00:00+05:30,13623.766687210511,13862.331074293721,13485.603730053479,13781.328125,4229,0.0,0.0
2025-02-19 00:00:00+05:30,13705.508838247019,13890.318384410088,13561.620145672196,13826.0,5162,0.0,0.0
2025-02-20 00:00:00+05:30,13920.679250070132,14129.589137663763,13771.472061190168,13918.0419921875,7059,110.0,0.0
2025-02-21 00:00:00+05:30,13841.225348173017,13903.26601412524,13587.33923226911,13649.5791015625,3530,0.0,0.0
2025-02-24 00:00:00+05:30,13632.115782796462,13816.846266017,13389.324815570015,13572.4130859375,5189,0.0,0.0
2025-02-25 00:00:00+05:30,13492.809575465626,13680.425107186842,13333.602382834764,13529.875,6307,0.0,0.0
2025-02-27 00:00:00+05:30,13576.393545081966,13681.868311703096,13488.431181210377,13656.9921875,8163,0.0,0.0
2025-02-28 00:00:00+05:30,13656.992149149924,13720.675026931025,13345.095110422615,13474.7998046875,4193,0.0,0.0
2025-03-03 00:00:00+05:30,13364.497864254981,13489.525647009874,13261.06275058591,13405.6435546875,7855,0.0,0.0
2025-03-04 00:00:00+05:30,13532.46129602324,13581.61690386764,13223.699051019994,13379.3740234375,8840,0.0,0.0
2025-03-05 00:00:00+05:30,13333.602640952133,13629.827723820095,13311.115013247134,13489.7255859375,14025,0.0,0.0
2025-03-06 00:00:00+05:30,13489.724736441023,13532.610783396045,13394.996266612543,13420.9169921875,5943,0.0,0.0
2025-03-07 00:00:00+05:30,13420.917797839706,13487.785014186971,13323.65215199523,13435.3955078125,4446,0.0,0.0
2025-03-10 00:00:00+05:30,13531.516634812002,13572.313476180865,13294.247981335457,13330.318359375,4350,0.0,0.0
2025-03-11 00:00:00+05:30,13096.781304800592,13377.782380351868,13084.840765698813,13124.443359375,5443,0.0,0.0
2025-03-12 00:00:00+05:30,13283.203245328277,13452.85841352748,13138.225969882391,13392.4599609375,4783,0.0,0.0
2025-03-13 00:00:00+05:30,13383.354615494989,13482.85911077748,13158.524014059483,13327.880859375,7655,0.0,0.0
2025-03-17 00:00:00+05:30,13413.55412252668,13577.38866613582,13299.970321812994,13435.9931640625,9897,0.0,0.0
2025-03-18 00:00:00+05:30,13435.9931640625,13435.9931640625,13435.9931640625,13435.9931640625,0,0.0,0.0
2025-03-19 00:00:00+05:30,13532.61154643181,13550.423240024274,13383.3548014344,13444.798828125,5060,0.0,0.0
2025-03-20 00:00:00+05:30,13487.833929481238,13626.692254122812,13391.314571963003,13409.7724609375,4857,0.0,0.0
2025-03-21 00:00:00+05:30,13512.661078431911,13890.578962119609,13373.90186359846,13791.1240234375,18430,0.0,0.0
2025-03-24 00:00:00+05:30,13791.123627413423,13930.629121965247,13687.490280229516,13842.81640625,6281,0.0,0.0
2025-03-25 00:00:00+05:30,13934.51000620966,14204.26629653892,13794.15814223699,13847.0947265625,11442,0.0,0.0
2025-03-26 00:00:00+05:30,13885.901922894489,14022.62148857782,13851.025791521331,13906.9970703125,4553,0.0,0.0
2025-03-27 00:00:00+05:30,13970.381367440596,14033.566720984703,12045.615609161669,12726.5751953125,95056,0.0,0.0
2025-03-28 00:00:00+05:30,12935.535079951638,13731.620615569711,12935.535079951638,13533.2587890625,25862,0.0,0.0
2025-04-01 00:00:00+05:30,13533.605957983556,13831.124389086937,13384.647539103138,13520.1728515625,9731,0.0,0.0
2025-04-02 00:00:00+05:30,13522.660962094906,13681.868155173286,13464.500390028743,13631.2705078125,3550,0.0,0.0
2025-04-03 00:00:00+05:30,13614.205144622249,13631.27055437807,13433.106961876943,13537.736328125,3494,0.0,0.0
2025-04-04 00:00:00+05:30,13537.736542553379,14029.039999403934,13505.048732060905,13914.1123046875,22289,0.0,0.0
2025-04-07 00:00:00+05:30,13603.259301271033,13657.887656871424,13134.593137062222,13596.890625,15251,0.0,0.0
2025-04-08 00:00:00+05:30,13532.61140902367,13893.216089965324,13532.61140902367,13789.3330078125,5179,0.0,0.0
2025-04-09 00:00:00+05:30,13789.332464154699,13819.730892033967,13533.805123732853,13728.0380859375,10224,0.0,0.0
2025-04-11 00:00:00+05:30,13953.017270712193,13964.659490520788,13512.261932843721,13619.37890625,5506,0.0,0.0
2025-04-15 00:00:00+05:30,13924.659311105228,14103.767405717128,13760.476891044318,14034.1142578125,7422,0.0,0.0
2025-04-16 00:00:00+05:30,14030.133541737205,14030.133541737205,13881.871846863527,13959.4853515625,2771,0.0,0.0
2025-04-17 00:00:00+05:30,14030.13378368085,14119.6878291086,13805.253625162277,14083.8662109375,3819,0.0,0.0
2025-04-21 00:00:00+05:30,14229.142299817815,14229.142299817815,13952.519813150027,14063.96484375,5295,0.0,0.0
2025-04-22 00:00:00+05:30,14059.985523492518,14162.475156112456,13862.966618067781,14129.638671875,9832,0.0,0.0
2025-04-23 00:00:00+05:30,14138.593781798245,14307.751424342105,13970.431184210525,14179.390625,13654,0.0,0.0
2025-04-24 00:00:00+05:30,14149.539153664826,14364.468862328089,14042.074299333195,14325.662109375,15879,0.0,0.0
2025-04-25 00:00:00+05:30,14355.513438601474,14355.513438601474,13984.361673674715,14150.5341796875,11930,0.0,0.0
2025-04-28 00:00:00+05:30,14150.533705628699,14304.765667120326,13984.361205182879,14211.2314453125,7580,0.0,0.0
2025-04-29 00:00:00+05:30,14211.232195823904,14336.607861464137,14130.63355362661,14288.845703125,15363,0.0,0.0
2025-04-30 00:00:00+05:30,14288.845060402478,14288.845060402478,13992.321674051509,14172.4248046875,9209,0.0,0.0
2025-05-02 00:00:00+05:30,14243.073733126766,14243.073733126766,13861.971508745914,14074.9111328125,6951,0.0,0.0
2025-05-05 00:00:00+05:30,14179.390848249657,14203.271927573025,13881.872401679366,14128.6435546875,11329,0.0,0.0
2025-05-06 00:00:00+05:30,14204.2663207913,14204.2663207913,13931.624011026199,14092.8212890625,7150,0.0,0.0
2025-05-07 00:00:00+05:30,14079.886384605634,14079.886384605634,13797.293611939343,13859.9814453125,5150,0.0,0.0
2025-05-08 00:00:00+05:30,13800.27809099992,14020.183019842012,13800.27809099992,13958.490234375,3313,0.0,0.0
2025-05-09 00:00:00+05:30,13661.966888966512,13900.777672167675,13611.219597536265,13864.9560546875,4964,0.0,0.0
2025-05-12 00:00:00+05:30,13945.554507729905,14078.890526569421,13864.955869476169,13929.6337890625,4017,0.0,0.0
2025-05-13 00:00:00+05:30,13929.633826139197,14018.192823962356,13885.8518496873,13916.6982421875,4499,0.0,0.0
2025-05-14 00:00:00+05:30,14030.133913573694,14030.133913573694,13841.075371475892,13883.8623046875,3477,0.0,0.0
2025-05-15 00:00:00+05:30,13930.628921564337,14237.102757838753,13845.055058189013,14213.2216796875,6676,0.0,0.0
2025-05-16 00:00:00+05:30,14213.222467049098,14328.64768450763,14029.139146102298,14277.900390625,8398,0.0,0.0
2025-05-19 00:00:00+05:30,14277.899489886813,14439.096766168203,14161.479234794699,14225.162109375,18037,0.0,0.0
2025-05-20 00:00:00+05:30,14325.662525376649,14470.939091932527,14140.584159764363,14183.37109375,5472,0.0,0.0
2025-05-21 00:00:00+05:30,14179.390958712202,14228.14816271058,14055.010336267356,14116.703125,2124,0.0,0.0
2025-05-22 00:00:00+05:30,14227.152762326254,14227.152762326254,13933.614500689224,14031.12890625,2745,0.0,0.0
2025-05-23 00:00:00+05:30,14099.78686036055,14203.27153456503,13961.475613106484,14056.0048828125,2159,0.0,0.0
2025-05-26 00:00:00+05:30,14178.395762189233,14209.242156225859,13980.381813373482,14168.4453125,3602,0.0,0.0
2025-05-27 00:00:00+05:30,14123.667784718198,14428.15153433943,14036.103830578759,14161.4794921875,7362,0.0,0.0
2025-05-28 00:00:00+05:30,13930.629377188594,14018.19333327378,13772.417229261953,13923.6640625,5727,0.0,0.0
2025-05-29 00:00:00+05:30,13880.877201417794,13993.317281974081,13791.323154957036,13924.6591796875,3007,0.0,0.0
2025-05-30 00:00:00+05:30,14096.801628193669,14096.801628193669,13452.012508756281,13516.6904296875,15268,0.0,0.0
2025-06-02 00:00:00+05:30,13660.972287945186,13660.972287945186,13368.429069017668,13400.2705078125,13053,0.0,0.0
2025-06-03 00:00:00+05:30,13472.908966448464,13551.517519502335,13296.786005808775,13443.0576171875,15359,0.0,0.0
2025-06-04 00:00:00+05:30,13512.71007034014,13565.447451321585,13405.245218528891,13500.76953125,16133,0.0,0.0
2025-06-05 00:00:00+05:30,13602.26470524384,13602.26470524384,13369.424182857076,13428.1318359375,24808,0.0,0.0
2025-06-06 00:00:00+05:30,13496.7893203125,13496.7893203125,13385.344289062501,13433.1064453125,6097,0.0,0.0
2025-06-09 00:00:00+05:30,13542.561278301122,13542.561278301122,13383.354092075686,13418.1806640625,17005,0.0,0.0
2025-06-10 00:00:00+05:30,13527.636076626713,13536.591481164383,13404.250502996576,13438.08203125,18341,0.0,0.0
2025-06-11 00:00:00+05:30,13438.082367932933,13455.993177457021,13309.721566343645,13348.5283203125,14171,0.0,0.0
2025-06-12 00:00:00+05:30,13348.528285843873,13372.409365147656,13267.929643193604,13334.59765625,6476,0.0,0.0
2025-06-13 00:00:00+05:30,13298.775384742094,13402.260056647307,13200.265937447708,13379.3740234375,14175,0.0,0.0
2025-06-16 00:00:00+05:30,13379.374824840988,13386.340139713358,13268.924831864835,13336.587890625,6191,0.0,0.0
2025-06-17 00:00:00+05:30,13383.35406357573,13402.259916899742,13259.968494513769,13296.78515625,3919,0.0,0.0
2025-06-18 00:00:00+05:30,13353.50271622203,13363.453165339932,13214.196428571428,13296.78515625,13125,0.0,0.0
2025-06-19 00:00:00+05:30,13262.954306030275,13433.106994628906,13262.954306030275,13373.404296875,4762,0.0,0.0
2025-06-20 00:00:00+05:30,13333.602645709094,13423.156693329527,13292.805801793118,13348.5283203125,6126,0.0,0.0
2025-06-23 00:00:00+05:30,13348.528213546526,13383.354787342583,13268.92461629839,13333.6025390625,5862,0.0,0.0
2025-06-24 00:00:00+05:30,13412.210613430118,13453.00745556608,13326.63674943761,13394.2998046875,3877,0.0,0.0
2025-06-25 00:00:00+05:30,13433.10666206121,13454.002605757749,13334.597213206092,13436.091796875,4659,0.0,0.0
2025-06-26 00:00:00+05:30,13481.86379830932,13490.819202707045,13334.597148213388,13354.498046875,7232,0.0,0.0
2025-06-27 00:00:00+05:30,13354.498174079283,13424.151320058387,13084.840994645896,13154.494140625,34736,0.0,0.0
2025-06-30 00:00:00+05:30,13184.345296163072,13331.611945508894,13154.493948322703,13299.7705078125,14487,0.0,0.0
2025-07-01 00:00:00+05:30,13333.602403178267,13382.35960599586,13215.1920534784,13251.013671875,9007,0.0,0.0
2025-07-02 00:00:00+05:30,13382.359457490327,13382.359457490327,13203.251367494917,13275.8896484375,4232,0.0,0.0
2025-07-03 00:00:00+05:30,13333.602220184948,13333.602220184948,13211.211692342953,13261.958984375,3817,0.0,0.0
2025-07-04 00:00:00+05:30,13263.948711083802,13328.626630530196,13214.196465355804,13283.849609375,4309,0.0,0.0
2025-07-07 00:00:00+05:30,13333.602576776912,13358.478700987316,13205.241775851222,13320.6669921875,8525,0.0,0.0
2025-07-08 00:00:00+05:30,13322.656539038584,13408.230402834037,13258.973663655921,13326.63671875,6287,0.0,0.0
2025-07-09 00:00:00+05:30,13358.478842310487,13380.369831847234,13243.053624753094,13349.5234375,4373,0.0,0.0
2025-07-10 00:00:00+05:30,13393.305371441491,13393.305371441491,13114.69277827629,13133.5986328125,10500,0.0,0.0
2025-07-11 00:00:00+05:30,13197.281148302496,13197.281148302496,13037.07891163834,13128.623046875,6469,0.0,0.0
2025-07-14 00:00:00+05:30,13133.598491481587,13189.321009514997,13016.183185625476,13104.7421875,6992,0.0,0.0
2025-07-15 00:00:00+05:30,13174.395259453622,13174.395259453622,13039.069145006062,13130.61328125,8344,0.0,0.0
2025-07-16 00:00:00+05:30,13200.266027783959,13307.730880113271,13098.771445028495,13138.5732421875,10461,0.0,0.0
2025-07-17 00:00:00+05:30,13234.098219942607,13377.384696910405,13154.494621627162,13349.5234375,13650,0.0,0.0
2025-07-18 00:00:00+05:30,13396.290565648951,13396.290565648951,13210.217154390217,13242.05859375,10357,0.0,0.0
2025-07-21 00:00:00+05:30,13263.94953151745,13307.731510466196,13056.98017648702,13079.8662109375,9474,0.0,0.0
2025-07-22 00:00:00+05:30,13184.345715014362,13198.276344449094,13052.004735384406,13076.880859375,8141,0.0,0.0
2025-07-23 00:00:00+05:30,13084.840716765968,13110.711884723072,12995.286673837532,13016.1826171875,6800,0.0,0.0
2025-07-24 00:00:00+05:30,13081.855625457189,13084.840760231386,12895.782224532226,12922.6484375,8815,0.0,0.0
2025-07-25 00:00:00+05:30,13030.113871921892,13030.113871921892,12888.817486292804,12930.609375,7319,0.0,0.0
2025-07-28 00:00:00+05:30,12945.534363075278,12990.311384315739,12855.980320594357,12907.72265625,2829,0.0,0.0
2025-07-29 00:00:00+05:30,13009.218024459791,13083.846397707037,12834.090108572922,13026.1337890625,64145,0.0,0.0
2025-07-30 00:00:00+05:30,13045.039454398315,14467.95375033955,13039.069184625136,13736.595703125,97140,0.0,0.0
2025-07-31 00:00:00+05:30,13751.520767228587,13819.183821654891,13553.50682853984,13660.9716796875,30994,0.0,0.0
2025-08-01 00:00:00+05:30,13620.175165915067,13898.787749671366,13408.230593271883,13625.150390625,15549,0.0,0.0
2025-08-04 00:00:00+05:30,13625.150034650134,13713.709032173238,13413.205467544278,13539.576171875,7146,0.0,0.0
2025-08-05 00:00:00+05:30,13622.165324807203,13622.165324807203,13257.978874195118,13289.8203125,4086,0.0,0.0
2025-08-06 00:00:00+05:30,13294.795988363647,13322.657247825826,13094.791947224428,13161.4599609375,5743,0.0,0.0
2025-08-07 00:00:00+05:30,13035.088532701728,13229.122293303013,13035.088532701728,13151.5087890625,6185,0.0,0.0
2025-08-08 00:00:00+05:30,13151.509222433804,13341.562809593133,13082.851120266298,13157.4794921875,86531,0.0,0.0
2025-08-11 00:00:00+05:30,13331.61220557764,13331.61220557764,13149.518980199171,13236.087890625,6468,0.0,0.0
2025-08-12 00:00:00+05:30,13293.800619452662,13343.552867279956,13094.791628143492,13116.6826171875,4612,0.0,0.0
2025-08-13 00:00:00+05:30,13134.59336235687,13172.405070521232,13003.247428733303,13035.0888671875,16945,0.0,0.0
2025-08-14 00:00:00+05:30,13035.089278774589,13373.404573032862,13005.237929281213,13202.2568359375,10954,0.0,0.0
2025-08-18 00:00:00+05:30,13383.354171727837,13470.91812467297,13227.13211931436,13311.7109375,13617,0.0,0.0
2025-08-19 00:00:00+05:30,13283.850520931272,13320.6671852964,13173.400527835887,13229.123046875,6863,0.0,0.0
2025-08-20 00:00:00+05:30,13361.463612981843,13575.398277622227,13189.320836317718,13371.4140625,25132,0.0,0.0
2025-08-21 00:00:00+05:30,13472.908980177866,13472.908980177866,13271.909894949215,13335.5927734375,28557,0.0,0.0
2025-08-22 00:00:00+05:30,13433.107156653923,13433.107156653923,13167.430148444546,13241.0634765625,9246,0.0,0.0
2025-08-25 00:00:00+05:30,13242.058462338044,13338.577824439546,13085.836402029427,13132.603515625,12586,0.0,0.0
2025-08-26 00:00:00+05:30,13134.593688062205,13210.2171062662,13017.17838085074,13053.0,6673,0.0,0.0
2025-08-28 00:00:00+05:30,13075.0,13149.0,13000.0,13072.0,7599,65.0,0.0
2025-08-29 00:00:00+05:30,13075.0,13199.0,13035.0,13086.0,7668,0.0,0.0
2025-09-01 00:00:00+05:30,13100.0,13305.0,13062.0,13285.0,34982,0.0,0.0
2025-09-02 00:00:00+05:30,13309.0,13685.0,13200.0,13605.0,75662,0.0,0.0
2025-09-03 00:00:00+05:30,13687.0,13687.0,13412.0,13495.0,11354,0.0,0.0
2025-09-04 00:00:00+05:30,13680.0,13700.0,13490.0,13525.0,10683,0.0,0.0
2025-09-05 00:00:00+05:30,13595.0,13600.0,13319.0,13494.0,9222,0.0,0.0
2025-09-08 00:00:00+05:30,13494.0,13518.0,13221.0,13276.0,6826,0.0,0.0
2025-09-09 00:00:00+05:30,13252.0,13509.0,13239.0,13389.0,8221,0.0,0.0
2025-09-10 00:00:00+05:30,13460.0,13460.0,13231.0,13255.0,7368,0.0,0.0
2025-09-11 00:00:00+05:30,13256.0,13410.0,13250.0,13305.0,6647,0.0,0.0
2025-09-12 00:00:00+05:30,13306.0,13328.0,13172.0,13198.0,6972,0.0,0.0
2025-09-15 00:00:00+05:30,13290.0,13307.0,13161.0,13249.0,5361,0.0,0.0
2025-09-16 00:00:00+05:30,13249.0,13421.0,13246.0,13369.0,4728,0.0,0.0
2025-09-17 00:00:00+05:30,13330.0,13440.0,13304.0,13384.0,10602,0.0,0.0
2025-09-18 00:00:00+05:30,13445.0,13449.0,13300.0,13353.0,2358,0.0,0.0
2025-09-19 00:00:00+05:30,13394.0,14017.0,13256.0,13778.0,39426,0.0,0.0
2025-09-22 00:00:00+05:30,13778.0,13778.0,13501.0,13534.0,13682,0.0,0.0
2025-09-23 00:00:00+05:30,13534.0,13598.0,13372.0,13408.0,8699,0.0,0.0
2025-09-24 00:00:00+05:30,13480.0,13699.0,13338.0,13633.0,12379,0.0,0.0
2025-09-25 00:00:00+05:30,13633.0,13800.0,13600.0,13786.0,14750,0.0,0.0
2025-09-26 00:00:00+05:30,13800.0,13801.0,13382.0,13648.0,8290,0.0,0.0
2025-09-29 00:00:00+05:30,13648.0,14434.0,13511.0,14214.0,77338,0.0,0.0
2025-09-30 00:00:00+05:30,13942.0,14364.0,13900.0,14145.0,6888,0.0,0.0
2025-10-01 00:00:00+05:30,14150.0,14195.0,13938.0,14114.0,5048,0.0,0.0
2025-10-03 00:00:00+05:30,14064.0,14378.0,13940.0,14337.0,6107,0.0,0.0
2025-10-06 00:00:00+05:30,14280.0,14444.0,14190.0,14380.0,7959,0.0,0.0
2025-10-07 00:00:00+05:30,14380.0,14509.0,14200.0,14279.0,11609,0.0,0.0
2025-10-08 00:00:00+05:30,14300.0,14370.0,14166.0,14288.0,5673,0.0,0.0
2025-10-09 00:00:00+05:30,14238.0,14276.0,13969.0,14194.0,7348,0.0,0.0
2025-10-10 00:00:00+05:30,14274.0,14352.0,14077.0,14292.0,3119,0.0,0.0
2025-10-13 00:00:00+05:30,14078.0,14269.0,14078.0,14179.0,4375,0.0,0.0
2025-10-14 00:00:00+05:30,14150.0,14263.0,14116.0,14246.0,3992,0.0,0.0
2025-10-15 00:00:00+05:30,14246.0,14325.0,14100.0,14278.0,3081,0.0,0.0
2025-10-16 00:00:00+05:30,14261.0,14261.0,14050.0,14084.0,5575,0.0,0.0
2025-10-17 00:00:00+05:30,14085.0,14182.0,13701.0,13758.0,8812,0.0,0.0
2025-10-20 00:00:00+05:30,13759.0,14009.0,13650.0,13806.0,6508,0.0,0.0
2025-10-21 00:00:00+05:30,13807.0,13919.0,13805.0,13869.0,561,0.0,0.0
2025-10-23 00:00:00+05:30,13869.0,13903.0,13682.0,13705.0,3765,0.0,0.0
2025-10-24 00:00:00+05:30,13775.0,13775.0,13500.0,13552.0,5543,0.0,0.0
2025-10-27 00:00:00+05:30,13552.0,13657.0,13310.0,13407.0,13581,0.0,0.0
2025-10-28 00:00:00+05:30,13490.0,13497.0,13330.0,13398.0,3558,0.0,0.0
2025-10-29 00:00:00+05:30,13398.0,13478.0,13301.0,13453.0,2110,0.0,0.0
2025-10-30 00:00:00+05:30,13450.0,13460.0,13343.0,13413.0,2214,0.0,0.0
2025-10-31 00:00:00+05:30,13416.0,13458.0,13271.0,13351.0,4632,0.0,0.0
2025-11-03 00:00:00+05:30,13420.0,13450.0,13319.0,13391.0,1973,0.0,0.0
2025-11-04 00:00:00+05:30,13449.0,13496.0,13354.0,13401.0,3364,0.0,0.0
2025-11-05 00:00:00+05:30,13401.0,13401.0,13401.0,13401.0,0,0.0,0.0
2025-11-06 00:00:00+05:30,13401.0,13401.0,13091.0,13162.0,9922,0.0,0.0
2025-11-07 00:00:00+05:30,13092.0,13354.0,13001.0,13174.0,6150,0.0,0.0
2025-11-10 00:00:00+05:30,13174.0,13335.0,13101.0,13284.0,3950,0.0,0.0
2025-11-11 00:00:00+05:30,13360.0,13360.0,12831.0,12918.0,10898,0.0,0.0
2025-11-12 00:00:00+05:30,12930.0,13180.0,12840.0,12871.0,6565,0.0,0.0
2025-11-13 00:00:00+05:30,12965.0,13049.0,12886.0,12903.0,11013,0.0,0.0
2025-11-14 00:00:00+05:30,12905.0,13077.0,12905.0,13036.0,15294,0.0,0.0
2025-11-17 00:00:00+05:30,12951.0,13114.0,12881.0,12954.0,6082,0.0,0.0
2025-11-18 00:00:00+05:30,12954.0,12997.0,12875.0,12902.0,4451,0.0,0.0
2025-11-19 00:00:00+05:30,12903.0,13032.0,12862.0,12905.0,3405,0.0,0.0
2025-11-20 00:00:00+05:30,12917.0,13100.0,12897.0,13029.0,2621,0.0,0.0
2025-11-21 00:00:00+05:30,13029.0,13069.0,12811.0,12850.0,4916,0.0,0.0
2025-11-24 00:00:00+05:30,12920.0,12983.0,12737.0,12836.0,4905,0.0,0.0
2025-11-25 00:00:00+05:30,12818.0,12879.0,12731.0,12824.0,2712,0.0,0.0
2025-11-26 00:00:00+05:30,12824.0,12825.0,12752.0,12776.0,6067,0.0,0.0
2025-11-27 00:00:00+05:30,12805.0,12873.0,12751.0,12780.0,6719,0.0,0.0
2025-11-28 00:00:00+05:30,12840.0,12865.0,12720.0,12756.0,4381,0.0,0.0
2025-12-01 00:00:00+05:30,12965.0,12965.0,12760.0,12787.0,3705,0.0,0.0
2025-12-02 00:00:00+05:30,12762.0,12800.0,12681.0,12700.0,14889,0.0,0.0
2025-12-03 00:00:00+05:30,12700.0,12755.0,12600.0,12639.0,4485,0.0,0.0
2025-12-04 00:00:00+05:30,12676.0,12800.0,12612.0,12671.0,5373,0.0,0.0
2025-12-05 00:00:00+05:30,12671.0,12704.0,12550.0,12587.0,4903,0.0,0.0
2025-12-08 00:00:00+05:30,12575.0,12780.0,12492.0,12726.0,4616,0.0,0.0
2025-12-09 00:00:00+05:30,12726.0,12726.0,12471.0,12598.0,5491,0.0,0.0
2025-12-10 00:00:00+05:30,12598.0,12651.0,12564.0,12600.0,6985,0.0,0.0
2025-12-11 00:00:00+05:30,12560.0,12650.0,12480.0,12562.0,4565,0.0,0.0
2025-12-12 00:00:00+05:30,12579.0,12800.0,12510.0,12774.0,4816,0.0,0.0
2025-12-15 00:00:00+05:30,12800.0,12910.0,12671.0,12811.0,4179,0.0,0.0
2025-12-16 00:00:00+05:30,12910.0,12985.0,12744.0,12940.0,3608,0.0,0.0
2025-12-17 00:00:00+05:30,12934.0,13050.0,12800.0,12995.0,4809,0.0,0.0
2025-12-18 00:00:00+05:30,13080.0,13080.0,12810.0,12991.0,2367,0.0,0.0
2025-12-19 00:00:00+05:30,12945.0,13011.0,12721.0,12756.0,9525,0.0,0.0
2025-12-22 00:00:00+05:30,12779.0,13039.0,12776.0,12965.0,5423,0.0,0.0
2025-12-23 00:00:00+05:30,12965.0,13027.0,12839.0,12985.0,5077,0.0,0.0
2025-12-24 00:00:00+05:30,12985.0,13088.0,12934.0,13022.0,4944,0.0,0.0
2025-12-26 00:00:00+05:30,13042.0,13065.0,12902.0,12950.0,1633,0.0,0.0
2025-12-29 00:00:00+05:30,12885.0,13156.0,12885.0,13043.0,9870,0.0,0.0
2025-12-30 00:00:00+05:30,13090.0,13143.0,12710.0,12986.0,34321,0.0,0.0
2025-12-31 00:00:00+05:30,12873.0,13039.0,12873.0,12971.0,9023,0.0,0.0
2026-01-01 00:00:00+05:30,13020.0,13050.0,12920.0,12985.0,1865,0.0,0.0
2026-01-02 00:00:00+05:30,12937.0,12993.0,12803.0,12854.0,2963,0.0,0.0
2026-01-05 00:00:00+05:30,12914.0,13040.0,12755.0,12956.0,2259,0.0,0.0
2026-01-06 00:00:00+05:30,12956.0,12979.0,12813.0,12915.0,3743,0.0,0.0
2026-01-07 00:00:00+05:30,12820.0,12883.0,12676.0,12698.0,5928,0.0,0.0
2026-01-08 00:00:00+05:30,12798.0,12798.0,12557.0,12589.0,3468,0.0,0.0
2026-01-09 00:00:00+05:30,12589.0,12740.0,12492.0,12529.0,4961,0.0,0.0
